#{"t_start": 1776330008.736752, "env_id": "None"}
r,l,t
-4886.739983,100,1.716008
-8032.209965,100,2.026445
-5131.69997,100,2.418107
-6182.289955,100,2.961492
-3950.379959,100,3.394845
-4502.60997,100,4.114555
-7431.029968,100,4.409894
-5634.549976,100,4.886767
-5574.38998,100,5.084306
-5467.199978,100,5.314733
-9683.769989,100,6.066583
-6039.679974,100,6.424942
-4275.929958,100,6.82606
-6749.049965,100,7.170216
-6969.919964,100,7.505455
-4567.859962,100,7.829359
-9462.339966,100,8.074521
-6859.849976,100,8.240782
-6938.91996,100,8.440839
-5783.169964,100,8.618786
-6174.619965,100,13.149707
-6407.899963,100,13.71827
-6126.569969,100,14.346471
-6354.119953,100,14.554447
-6769.009983,100,14.754364
-5545.229969,100,15.055197
-5148.769966,100,15.337966
-7461.569969,100,15.712985
-4294.41996,100,16.142105
-5224.869968,100,16.428873
-7463.939964,100,16.943054
-5935.539959,100,17.47017
-4371.579956,100,17.974818
-4864.289963,100,18.33461
-5573.48996,100,18.677319
-5833.839962,100,19.061417
-5129.319973,100,19.416868
-5994.469967,100,19.778084
-5974.119953,100,20.16655
-7915.039955,100,20.556593
-4999.729973,100,26.173554
-5650.519962,100,26.509206
-8396.279984,100,26.868653
-6516.039967,100,27.247333
-8776.679989,100,27.534438
-5605.649967,100,27.73773
-5508.389961,100,27.987396
-5115.849968,100,28.232208
-6804.44997,100,28.437569
-4918.919952,100,28.782157
-6305.68998,100,29.25284
-7516.249962,100,29.692126
-7067.22998,100,30.051104
-5387.819965,100,30.396509
-6689.939968,100,30.753173
-5528.759972,100,31.091559
-5715.539963,100,31.616323
-5638.519978,100,32.110688
-6804.309963,100,32.435485
-6898.819969,100,32.65178
-4130.239952,100,32.871476
-7136.799976,100,37.806684
-7070.239971,100,38.459084
-7240.379978,100,38.82189
-6530.219967,100,39.431273
-7732.779968,100,39.74469
-7892.879963,100,40.049218
-5226.649967,100,40.35333
-4381.599964,100,40.654641
-5007.589966,100,40.970243
-4301.349972,100,41.272043
-6150.919956,100,41.610806
-6369.319973,100,41.913642
-3659.819954,100,42.206728
-5806.939972,100,42.737573
-6402.129974,100,42.909025
-6326.999962,100,43.1352
-5035.379963,100,43.447855
-6956.659985,100,43.752857
-6431.549984,100,44.051419
-7966.099972,100,44.352725
-5352.859962,100,48.933507
-6828.419964,100,49.218201
-6399.259972,100,49.499561
-5263.279968,100,49.897918
-6698.059967,100,50.219893
-4682.949966,100,50.530549
-5090.979961,100,50.858409
-8203.109959,100,51.174134
-6120.119972,100,51.502392
-5656.309975,100,51.855839
-5497.739964,100,52.188705
-6394.349972,100,52.548406
-4766.339954,100,53.078001
-6138.899967,100,53.473836
-5251.00996,100,54.009465
-6099.199974,100,54.352867
-7405.14996,100,54.79171
-7070.08997,100,55.143661
-3439.829964,100,55.7105
-6008.139965,100,59.659234
-5483.879967,100,59.986523
-5656.769958,100,65.367337
-6026.039959,100,65.689135
-5888.109962,100,66.29704
-5331.889961,100,66.654157
-4131.869965,100,67.007796
-4764.099964,100,67.374038
-7838.91996,100,67.703735
-4223.659962,100,68.100147
-6105.759972,100,68.479841
-5881.109959,100,68.840611
-5799.929962,100,69.189247
-4341.999966,100,69.570221
-5015.279961,100,69.962683
-4167.82996,100,70.346177
-6391.189968,100,70.755864
-3717.099964,100,71.093338
-3892.209953,100,71.424215
-4967.60997,100,71.799185
-7155.309975,100,72.165158
-6150.809956,100,72.519034
-6014.919971,100,77.207262
-5853.739975,100,77.411759
-5095.339962,100,77.630661
-6750.239971,100,77.833084
-5015.119968,100,78.091302
-5172.73996,100,79.150124
-5966.899963,100,79.562773
-5116.709949,100,80.024001
-4621.789955,100,80.686067
-6425.669968,100,81.180809
-6467.409969,100,81.64483
-8189.649963,100,82.204188
-8122.279961,100,82.437674
-5482.989964,100,82.870114
-7297.979965,100,83.100207
-7921.319969,100,83.399799
-5283.519974,100,83.738298
-5796.459972,100,84.080791
-7735.339973,100,84.43679
-5337.809971,100,84.621791
-6267.369972,100,84.832809
-6034.379974,100,88.24259
-5108.409958,100,88.441028
-5427.389961,100,88.678693
-6026.919956,100,89.243391
-5074.83997,100,89.806138
-4535.139957,100,90.090465
-6452.65995,100,90.370566
-5641.329964,100,90.759874
-4546.299961,100,91.097914
-6481.529964,100,91.422068
-7228.069973,100,91.745513
-7809.839966,100,92.069757
-5882.149963,100,92.459068
-4825.889961,100,92.851524
-6493.689968,100,93.285943
-4515.459965,100,93.635206
-6107.879971,100,93.974165
-5893.219978,100,94.323096
-5532.739967,100,94.678691
-6148.129978,100,95.002493
-6096.299965,100,99.617188
-4345.659966,100,99.794985
-5928.809967,100,99.973883
-4612.069958,100,100.150672
-7374.07996,100,100.55919
-6412.879978,100,100.855697
-5188.959961,100,101.147169
-7481.529972,100,101.35789
-4980.48996,100,101.601367
-5060.599968,100,101.823671
-6302.139969,100,102.038274
-4568.449963,100,102.421158
-5858.119968,100,102.816637
-5994.049969,100,103.222509
-4144.73996,100,103.620768
-7269.819958,100,103.99979
-5954.379967,100,104.334222
-6570.749977,100,104.651835
-5211.799961,100,104.927609
-3883.459965,100,105.126428
-6810.599972,100,105.33449
-5548.529949,100,110.561253
-5526.359962,100,110.771104
-4531.53997,100,110.92907
-4794.669968,100,111.116455
-6358.899963,100,111.305622
-7055.679955,100,111.489235
-5287.869953,100,111.67662
-5036.799965,100,111.970362
-6766.049973,100,112.329989
-6788.169979,100,112.68139
-4084.309959,100,113.074869
-6747.649956,100,113.505178
-6472.529976,100,113.863624
-7690.789974,100,114.178378
-6288.579964,100,114.494275
-6232.949986,100,114.81
-4458.039974,100,118.61103
-6143.16996,100,118.915916
-7090.699966,100,119.221627
-7295.069973,100,119.55047
-6039.529964,100,126.424229
-3920.859951,100,126.65906
-3777.149971,100,126.915057
-4526.309963,100,127.198785
-6692.959972,100,127.425376
-7877.899956,100,127.634048
-5952.349972,100,127.887237
-5412.809963,100,128.325767
-4645.179962,100,128.654112
-6510.619965,100,129.034772
-6373.449966,100,129.371762
-4754.119972,100,129.589992
-5981.139973,100,129.814193
-6261.029961,100,130.155363
-5342.98996,100,130.692472
-6775.739971,100,130.938261
-6139.999966,100,131.164006
-7073.759975,100,131.403917
-3829.459965,100,131.613599
-4532.759968,100,131.813799
-6586.83997,100,132.01348
-4706.059963,100,137.090449
-4995.689964,100,137.292452
-4385.749966,100,137.468776
-5024.809956,100,137.661687
-4810.239964,100,137.894776
-5793.19997,100,138.090724
-4276.039959,100,138.34552
-6131.829964,100,138.66721
-4593.729965,100,138.953594
-7270.539959,100,139.229616
-7485.109974,100,139.418767
-6476.23996,100,139.626136
-5685.239967,100,139.834759
-4920.239979,100,140.052078
-5063.349976,100,140.300444
-6798.189972,100,140.501605
-6745.909966,100,140.751658
-7729.839966,100,141.191972
-6847.929974,100,141.382261
-4590.079964,100,141.57672
-6115.469971,100,145.049441
-4351.389969,100,145.234684
-4378.629971,100,145.436927
-4872.029961,100,145.701775
-5702.219952,100,145.914374
-6372.36998,100,146.110548
-4137.969967,100,146.31074
-5364.159958,100,146.521942
-5096.109974,100,146.722461
-5375.789963,100,146.939054
-7901.579975,100,147.131517
-6596.08997,100,147.372965
-4972.449966,100,147.595356
-5231.409958,100,147.823821
-5424.749969,100,148.028923
-6217.069958,100,148.23818
-5988.769981,100,148.465894
-5082.409973,100,148.678767
-5109.67997,100,148.901559
-7381.559971,100,149.114485
-5374.499966,100,149.332571
-5875.029957,100,154.03542
-5498.759964,100,154.325911
-4389.60997,100,154.524469
-5305.259964,100,154.727299
-9658.439968,100,154.956638
-7030.599976,100,155.315519
-6625.149952,100,155.660881
-4622.299965,100,156.007603
-4998.209957,100,156.361865
-5553.529976,100,156.805915
-5703.509964,100,157.142072
-3379.639965,100,157.498727
-3190.59996,100,157.719049
-4551.879955,100,157.920291
-5832.379963,100,158.119706
-5301.769966,100,158.326638
-4712.479969,100,158.526562
-7703.229958,100,158.731828
-5759.439972,100,158.969752
-7029.919975,100,159.214624
-5400.329971,100,162.676465
-4449.049961,100,162.95701
-6406.92997,100,163.500286
-5461.969967,100,163.901413
-6554.919971,100,164.233313
-6918.729977,100,164.556926
-5194.789963,100,164.889801
-4968.069962,100,165.147095
-6479.679974,100,165.506253
-4599.619968,100,165.871352
-6825.969975,100,166.243057
-4682.469971,100,166.568333
-4444.979958,100,167.2916
-4559.619976,100,168.285053
-3170.919968,100,173.313164
-6063.719971,100,173.518773
-7443.18998,100,173.886516
-6522.699966,100,174.268401
-5224.59996,100,174.491702
-6755.489971,100,174.715543
-7441.69997,100,175.103873
-5159.269958,100,179.277413
-7447.059971,100,179.799757
-4518.549969,100,180.202807
-5327.359962,100,180.522205
-4083.329956,100,180.773865
-6347.729969,100,181.007137
-6565.03997,100,181.271365
-5866.999962,100,181.483166
-6904.52998,100,181.689033
-6015.899956,100,181.914685
-4304.759956,100,182.14869
-5550.209965,100,182.552008
-5939.519966,100,182.976331
-7028.239971,100,183.522695
-7283.599964,100,183.880823
-5523.199963,100,184.141771
-4581.319962,100,184.589468
-6363.019981,100,185.320629
-3384.369961,100,185.741294
-5339.009968,100,186.167148
-4969.249966,100,191.917186
-4257.129967,100,192.16609
-5776.559971,100,192.384048
-6789.599972,100,192.616881
-5096.719948,100,192.899762
-5760.079971,100,193.168211
-6308.389954,100,193.750906
-6609.209972,100,194.305741
-6804.629967,100,194.815541
-5236.619968,100,195.240119
-5302.969963,100,195.578577
-5683.83997,100,196.187932
-5767.669964,100,196.51019
-4319.719959,100,196.832876
-8083.939949,100,197.157193
-6071.839962,100,197.491765
-7795.729977,100,197.883362
-5926.75996,100,198.236151
-4625.759968,100,198.563567
-4971.259964,100,199.100243
-5227.299961,100,199.434067
-4466.44997,100,204.099489
-6075.759953,100,204.460189
-4833.329971,100,204.808055
-5567.439964,100,205.136556
-5049.059959,100,205.454083
-5864.44997,100,205.769563
-4120.69997,100,206.093813
-5577.269962,100,206.433083
-7377.449966,100,206.786038
-4272.619961,100,207.422585
-4912.909969,100,207.747239
-6595.509968,100,208.145695
-4064.939972,100,208.344447
-6666.25996,100,208.544185
-6974.619976,100,208.743822
-7184.059975,100,208.939764
-5946.129963,100,209.142673
-6766.879971,100,209.357711
-5960.859966,100,209.571461
-6685.659966,100,209.770225
-7214.789974,100,216.601871
-5356.859966,100,216.928896
-5873.709969,100,217.265187
-6335.209961,100,217.59986
-5309.069962,100,217.962094
-7565.949963,100,218.405677
-5433.379971,100,218.830125
-6258.879971,100,219.164361
-4675.369949,100,219.588305
-8152.859974,100,219.920939
-5126.469967,100,220.253
-6302.18996,100,220.595127
-3804.609962,100,220.965082
-6872.319969,100,221.330936
-5488.83997,100,221.667024
-7792.22998,100,222.012728
-5931.849964,100,222.395252
-3809.539963,100,222.873089
-5245.449963,100,223.607779
-5896.14996,100,224.05377
-5241.119961,100,224.461811
-2752.939957,100,229.669692
-5825.569969,100,230.011244
-5448.559971,100,230.370534
-4719.479965,100,230.69474
-8525.189968,100,231.016382
-5626.569973,100,231.352737
-6485.369968,100,231.789485
-6184.379963,100,232.112402
-6820.339973,100,232.448035
-5550.459969,100,232.900482
-5327.349964,100,233.188107
-4679.709957,100,236.478762
-3718.419968,100,236.818493
-8222.449978,100,237.331105
-4145.799969,100,237.655844
-6313.139961,100,238.004451
-4673.479958,100,238.398584
-4496.06995,100,238.726052
-4607.259956,100,239.064131
-7140.659962,100,239.402854
-4918.889965,100,243.765073
-6913.26997,100,244.077554
-4328.41996,100,244.394699
-6458.799973,100,244.615859
-6122.259964,100,244.836138
-6690.069965,100,245.079204
-4837.56995,100,245.336254
-6995.359962,100,245.695193
-6495.979973,100,245.954772
-5248.44997,100,246.226554
-5686.049961,100,246.543427
-4963.479958,100,247.003486
-6056.289951,100,247.366645
-4528.44997,100,247.564144
-5513.369957,100,247.770931
-5228.069954,100,247.963873
-7635.479961,100,248.164443
-5325.189964,100,248.432393
-5983.509975,100,248.648394
-4715.279961,100,248.851453
-8136.709984,100,249.061177
-6277.979961,100,252.762225
-5320.719967,100,253.051244
-5589.729973,100,253.290943
-3745.639965,100,253.553281
-7291.719963,100,253.770257
-5460.829964,100,253.967522
-5206.28997,100,254.149661
-6165.049969,100,254.409258
-6430.189964,100,254.655263
-5268.209965,100,254.864772
-4955.16996,100,255.059234
-3639.469963,100,255.286066
-3029.379959,100,255.547476
-6905.189976,100,255.831867
-4979.979961,100,256.511093
-5309.579967,100,257.255369
-5623.699966,100,257.56479
-4393.929966,100,257.791516
-6605.509972,100,258.513906
-5633.559967,100,258.887925
-7227.179974,100,263.73168
-4722.959972,100,263.939411
-4926.929962,100,264.132302
-4812.029964,100,264.344407
-5771.709965,100,264.556024
-7665.79998,100,264.927268
-4415.149967,100,265.169548
-5445.759968,100,265.395401
-5572.729969,100,265.606661
-4076.209961,100,265.821905
-4227.57996,100,266.023541
-4030.019958,100,266.223572
-5829.299976,100,266.432995
-6577.029972,100,266.659347
-4980.959961,100,266.915171
-5453.049976,100,267.125452
-5004.349964,100,267.327169
-4736.889969,100,267.513339
-6099.869972,100,267.709882
-5271.209972,100,267.931028
-5918.329975,100,268.149048
-7635.379971,100,272.569124
-5284.369968,100,272.802482
-6185.869957,100,273.065743
-4705.789967,100,273.419746
-4685.529972,100,273.630616
-5067.25996,100,273.90986
-4592.029976,100,274.265692
-7525.089954,100,274.643108
-5469.379974,100,274.958544
-6517.889973,100,275.286379
-6306.859951,100,275.579988
-6211.679962,100,275.867063
-5311.379963,100,276.231253
-5767.579956,100,276.580712
-5341.929974,100,276.965326
-6182.359966,100,277.338856
-6927.999966,100,277.524871
-6204.569962,100,277.716653
-5332.089973,100,277.906245
-5295.349976,100,278.149812
-4480.289959,100,282.2024
-6128.16996,100,282.438118
-5596.329971,100,282.638107
-5040.949966,100,282.871886
-4524.999966,100,283.147729
-4922.029961,100,283.505215
-4888.409966,100,283.723521
-5238.169971,100,284.090114
-4383.75996,100,284.291254
-6490.989975,100,288.910943
-6904.049965,100,289.236859
-7029.909966,100,289.502744
-3457.599968,100,289.721923
-5495.39996,100,289.943624
-5233.999966,100,290.195642
-5696.98996,100,290.481919
-6175.029964,100,290.799338
-8735.229973,100,291.064092
-4200.669971,100,291.295796
-6872.299965,100,291.565396
-3683.619957,100,291.911486
-7562.689972,100,296.860833
-3335.779957,100,297.167327
-4202.60997,100,297.549457
-6011.219967,100,297.868565
-7177.139965,100,298.225482
-5482.489967,100,298.56648
-7042.559967,100,298.997824
-6706.92997,100,299.364312
-5764.579952,100,299.652758
-6956.449963,100,299.94875
-7422.559986,100,300.278193
-5194.929962,100,300.60962
-5649.989964,100,300.945774
-4933.019955,100,301.160399
-5657.659966,100,301.377896
-7540.53997,100,301.587596
-4497.879967,100,301.846517
-5924.719963,100,302.069691
-5139.209961,100,302.287259
-5316.879971,100,302.504595
-4356.539959,100,309.313257
-5089.529968,100,309.660818
-5667.349972,100,310.25487
-3193.32996,100,310.628053
-4447.749966,100,310.838988
-5433.579956,100,311.014646
-5670.79998,100,311.208518
-4945.279968,100,311.55413
-5660.569962,100,311.900816
-6675.379963,100,312.293072
-5949.589973,100,312.623753
-6121.889965,100,313.065786
-5971.749962,100,313.510404
-6696.299961,100,313.843107
-6529.459961,100,314.196198
-7071.329975,100,314.559157
-4975.369968,100,314.96274
-4591.539959,100,315.464057
-6374.329979,100,315.801903
-3422.569962,100,316.135163
-6231.249962,100,321.681096
-4089.789951,100,322.013775
-7330.329964,100,322.367055
-4680.419971,100,322.868069
-4633.879963,100,323.333675
-4081.129963,100,323.716064
-3932.059959,100,324.070209
-6132.499958,100,324.415156
-5191.589966,100,324.749375
-4675.469955,100,325.143064
-6324.88998,100,325.50572
-6413.149963,100,325.847925
-4451.43996,100,326.318552
-5027.129967,100,326.658722
-6471.699978,100,327.034099
-6130.759975,100,327.389657
-4929.659973,100,327.709991
-3963.089966,100,328.040304
-4824.109955,100,328.49375
-4956.279957,100,328.836413
-5222.599968,100,329.198124
-6822.219963,100,334.993726
-5431.519962,100,335.309508
-5383.749958,100,335.620337
-6850.849964,100,335.934624
-7188.989975,100,336.284511
-6312.629971,100,336.613711
-5007.409962,100,336.941355
-4371.649967,100,337.298061
-6249.599976,100,337.621333
-5702.499969,100,337.947423
-5227.599968,100,338.350089
-6472.279972,100,338.712595
-6021.399967,100,339.098202
-5839.199966,100,339.447824
-5873.789967,100,339.905108
-6060.19997,100,340.234372
-6634.219955,100,340.433679
-4767.919968,100,340.663068
-3787.749962,100,340.894491
-7792.549973,100,341.118771
-3272.75996,100,346.497687
-4581.809956,100,346.680983
-7024.109966,100,346.972935
-4788.619965,100,347.166817
-4330.93996,100,347.455658
-4431.129967,100,347.653463
-6880.19997,100,347.908755
-5186.399975,100,354.41576
-6292.779968,100,354.736926
-5643.119972,100,355.05961
-5010.329967,100,355.384768
-4195.91996,100,355.707415
-6330.479961,100,356.028487
-6090.549969,100,356.366741
-5678.25996,100,356.702609
-6771.389984,100,357.143797
-7896.609959,100,357.503073
-5450.049961,100,357.833842
-6173.529961,100,358.157222
-4701.43996,100,358.478127
-5777.44997,100,358.828869
-4213.81995,100,364.144435
-6592.349968,100,364.474611
-6168.959953,100,365.212791
-6579.189957,100,365.542394
-6449.449966,100,365.951104
-5860.579964,100,366.356915
-5399.029968,100,366.738482
-4454.409962,100,367.068639
-3658.729961,100,367.401893
-4096.449959,100,367.723989
-7382.449966,100,368.047292
-4326.409969,100,368.399313
-4624.959961,100,368.698634
-5396.029957,100,369.028761
-4796.839962,100,369.352932
-5440.699963,100,369.615986
-4665.439968,100,369.834129
-5759.549961,100,370.074136
-4000.039967,100,370.369808
-5982.009964,100,370.603368
-4798.229961,100,374.798999
-5026.53997,100,375.138341
-5167.769951,100,375.47789
-5401.389969,100,375.823846
-3991.069969,100,376.154375
-6096.649963,100,376.485132
-6186.169975,100,376.870342
-5712.509964,100,377.21116
-5257.199963,100,377.548748
-4527.839962,100,377.883712
-4658.98996,100,378.231335
-4792.779968,100,378.577212
-5789.569969,100,378.915179
-5272.149963,100,379.253222
-8427.839973,100,379.596737
-5360.909962,100,379.911456
-6990.219982,100,380.234424
-5871.739967,100,380.574822
-4631.74995,100,380.957258
-4429.269974,100,381.283323
-7198.979977,100,381.606934
-5827.049973,100,387.56302
-6582.029964,100,387.918209
-4378.029957,100,388.24113
-3816.299969,100,388.566763
-3989.91996,100,389.09815
-4629.919964,100,389.445719
-3730.079964,100,389.820568
-6279.489964,100,390.146796
-5605.769958,100,390.474936
-4790.729958,100,390.809848
-7945.579975,100,391.424567
-4466.769962,100,392.036725
-5586.19997,100,392.294136
-3833.319962,100,393.22102
-5006.019958,100,393.631358
-3322.659969,100,393.85717
-2979.159969,100,394.412193
-4640.669952,100,394.79335
-4879.809971,100,395.110822
-5212.98996,100,395.340604
-6502.999966,100,401.404186
-5594.919964,100,401.720017
-6856.689976,100,401.971652
-5018.439964,100,402.217049
-3650.889965,100,402.443204
-5900.089966,100,402.678515
-5373.719971,100,402.902273
-6602.629967,100,403.376598
-7605.699966,100,403.80232
-5312.039963,100,404.220344
-4062.73996,100,405.042447
-6746.879967,100,405.768597
-4471.749966,100,406.125519
-4605.749969,100,406.490458
-4883.089958,100,407.030073
-5330.229969,100,407.37256
-4515.099964,100,407.73543
-4936.94997,100,408.066613
-7134.259975,100,408.390615
-6106.149971,100,408.840915
-4773.699966,100,409.742066
-7882.199974,100,414.699516
-7279.659969,100,414.893997
-5367.339966,100,415.089657
-4502.109959,100,415.289833
-5307.199963,100,418.840694
-4975.609962,100,419.026163
-6820.909966,100,419.205294
-6274.879971,100,419.417091
-4944.269958,100,419.603816
-5865.379963,100,419.797927
-5901.959969,100,420.170038
-6116.269958,100,420.515088
-4130.799957,100,420.776734
-4661.64996,100,421.095596
-3639.229973,100,421.279887
-3871.99995,100,421.471918
-4586.799957,100,421.683604
-5145.509968,100,421.892876
-4529.759968,100,422.108932
-6293.239964,100,422.585196
-4736.91996,100,426.687558
-4933.889965,100,427.021113
-5784.709976,100,427.33945
-5576.039982,100,427.665996
-5602.249958,100,427.989242
-7027.629963,100,428.472041
-5680.449966,100,428.849797
-2536.729965,100,429.196332
-3958.709965,100,429.533728
-5009.929955,100,429.863086
-6207.259964,100,430.282645
-4985.299957,100,430.609738
-3538.179966,100,430.939028
-4922.469971,100,431.291695
-6428.479973,100,431.898157
-5391.029964,100,432.237145
-6451.379974,100,432.584934
-4602.329975,100,433.071809
-5600.249966,100,433.415985
-6402.579967,100,433.625127
-5263.869965,100,433.825861
-7395.569958,100,440.334238
-7798.379971,100,440.670732
-5274.829964,100,441.062682
-6961.199966,100,441.524454
-3862.249966,100,441.858425
-5259.58997,100,442.169203
-5834.739967,100,442.479876
-5888.429962,100,442.795819
-4840.599964,100,443.148696
-3613.82996,100,443.504582
-7470.619965,100,443.830136
-7997.469967,100,444.152198
-5378.129971,100,444.480985
-5708.429977,100,444.742292
-5778.899963,100,445.261693
-6916.509964,100,445.591201
-6535.749966,100,445.952803
-5215.959961,100,446.328044
-5847.44997,100,446.653331
-5919.399982,100,447.047456
-3859.469975,100,451.458037
-4821.619965,100,451.636633
-5701.699959,100,451.857128
-4064.719959,100,452.078377
-4731.539959,100,452.316147
-6593.319958,100,452.541298
-5968.459961,100,453.00293
-3413.449959,100,453.465896
-5747.08997,100,453.701258
-5440.14996,100,453.929252
-8416.099987,100,454.141536
-4543.879963,100,454.43705
-6217.619965,100,454.738608
-6208.709965,100,455.184232
-6228.949959,100,455.59523
-5565.169964,100,455.912942
-3845.639961,100,456.512689
-6413.229965,100,456.919927
-5484.309967,100,457.260024
-5654.59996,100,457.602273
-5524.669964,100,457.937046
-3999.129967,100,461.444105
-3456.78997,100,461.642657
-5444.149963,100,462.034993
-5942.609955,100,462.464011
-5004.899967,100,462.735687
-4331.369957,100,463.062899
-4917.119968,100,463.473557
-5964.699963,100,463.845549
-5075.219967,100,464.272392
-4667.299969,100,464.619305
-6250.679966,100,464.96269
-6179.289959,100,465.291347
-5846.83997,100,465.620801
-5151.689964,100,465.954666
-3985.249958,100,466.281453
-5277.499966,100,466.651577
-3009.029964,100,466.991302
-5953.689968,100,467.202432
-4562.979965,100,467.382674
-7037.779964,100,467.661795
-5396.129963,100,472.596803
-4242.029957,100,472.930564
-4326.319962,100,477.742122
-4533.329971,100,478.065249
-5006.439968,100,478.38873
-8443.589981,100,478.755672
-4343.219971,100,479.631688
-3104.719959,100,480.344468
-6017.549965,100,480.598473
-3690.129967,100,481.164139
-5323.689953,100,481.463097
-4440.319965,100,481.763904
-4285.33997,100,482.192255
-5713.959965,100,482.427722
-4609.379963,100,482.770854
-5699.979958,100,483.274999
-3860.58997,100,483.83262
-5187.119965,100,484.160452
-5174.029968,100,484.486446
-4467.659962,100,484.823835
-3775.249966,100,485.17223
-6455.83997,100,490.727292
-4261.449959,100,491.109894
-3781.939953,100,491.443016
-4518.279964,100,491.77436
-7162.369968,100,492.310898
-7475.609959,100,492.695589
-5753.299965,100,493.170505
-7518.809967,100,493.518888
-4875.949959,100,493.85061
-5376.429958,100,494.269562
-3684.279964,100,494.710779
-4510.819962,100,495.200748
-4887.119961,100,495.555863
-3581.399952,100,495.8765
-5305.359966,100,496.575439
-3983.999969,100,496.922216
-6170.219971,100,497.31828
-4503.32996,100,497.646997
-3845.309971,100,498.067902
-5429.669968,100,498.373012
-5971.459961,100,503.8819
-4590.689972,100,504.207108
-4805.78997,100,504.539048
-3455.329964,100,504.893189
-4106.909969,100,505.291839
-6917.449974,100,505.615421
-5112.609974,100,505.996148
-7785.93996,100,506.367326
-4669.859966,100,506.688213
-6727.779964,100,507.042559
-6522.069973,100,507.425886
-4345.419968,100,507.76504
-6017.289974,100,508.087654
-5585.699963,100,508.463856
-6466.369961,100,508.772732
-6050.039974,100,508.96084
-5836.219955,100,509.139288
-6947.719971,100,509.405294
-6173.749947,100,509.787218
-7026.58997,100,510.244537
-4973.109959,100,510.605118
-5232.069954,100,515.837931
-4490.479965,100,516.160298
-5331.719952,100,516.488637
-3499.98996,100,516.808996
-5325.379974,100,517.126887
-7024.679966,100,517.718466
-3739.189957,100,518.112845
-4747.259956,100,518.497645
-6097.319962,100,518.839158
-4492.669971,100,519.17416
-7167.519966,100,519.501737
-6930.299965,100,519.879013
-5294.919964,100,520.276722
-3610.599968,100,520.603836
-4716.499958,100,520.966289
-7124.249966,100,522.071365
-4815.839962,100,522.816926
-4442.949966,100,524.052557
-4439.92997,100,524.423723
-5931.699966,100,524.788229
-4804.599968,100,529.038849
-5523.069973,100,529.232646
-5728.509964,100,529.439601
-5244.909973,100,529.636056
-5372.129974,100,529.911877
-4269.869961,100,530.240286
-5910.219959,100,530.57931
-4904.899952,100,530.92521
-6393.659966,100,531.291406
-5552.48996,100,531.623105
-4276.059963,100,532.202164
-5293.319962,100,532.896944
-4430.669968,100,533.575182
-6572.669964,100,533.933358
-4388.349976,100,534.303894
-5729.489952,100,534.623555
-4680.489944,100,534.950063
-7552.259964,100,535.305153
-4594.569969,100,535.65773
-5165.209957,100,536.055176
-2583.999954,100,540.009448
-5844.099972,100,544.684878
-4298.57996,100,545.011879
-7275.409977,100,545.345355
-5633.669952,100,545.683536
-3591.319973,100,546.066577
-5698.679958,100,546.528866
-5331.239967,100,546.943257
-4693.979965,100,547.258645
-5260.299969,100,547.593093
-4105.869965,100,547.807944
-4545.469959,100,548.028157
-4232.649963,100,548.259423
-4930.579967,100,548.495742
-4513.199963,100,548.834536
-4957.889973,100,549.066923
-6012.429962,100,549.413206
-4914.989956,100,549.744543
-7766.299969,100,550.108881
-5276.179977,100,550.433738
-4853.599976,100,550.76094
-5429.289974,100,556.322146
-3143.039963,100,556.693679
-6719.399971,100,557.089759
-7322.709965,100,557.508621
-5037.809963,100,557.987868
-6872.479961,100,558.319363
-3600.68996,100,558.682725
-6074.319973,100,559.089174
-4455.879955,100,559.454793
-5518.829975,100,559.804592
-4828.379978,100,560.137407
-5542.799957,100,560.462059
-5774.999969,100,560.786532
-6245.119976,100,561.133575
-5098.66996,100,561.548777
-3998.569965,100,561.971178
-5244.659962,100,562.294579
-4517.689957,100,562.820535
-5804.989952,100,563.181827
-6923.859974,100,563.564466
-4903.84996,100,564.352681
-6915.209976,100,570.100924
-5375.529968,100,570.288553
-6215.319965,100,570.585367
-4900.769955,100,570.942632
-5333.98996,100,571.189214
-5505.049973,100,571.395397
-6352.599957,100,571.645073
-5342.379955,100,571.85545
-5649.579975,100,572.066269
-4887.259964,100,572.299354
-4679.989944,100,572.551126
-4367.089962,100,572.795768
-4441.939964,100,573.443372
-4104.679974,100,573.665436
-6313.85997,100,573.882154
-4443.169979,100,574.096681
-4562.169968,100,574.30442
-5998.559975,100,574.503442
-5335.519962,100,574.729602
-4541.059959,100,575.200624
-3277.209984,100,579.022887
-4921.119953,100,579.195087
-5508.569973,100,579.378923
-5702.279964,100,579.578301
-7241.639957,100,579.817466
-5109.039967,100,580.180467
-4153.859959,100,580.547188
-4228.859959,100,580.870663
-5565.629967,100,581.346894
-3596.059956,100,581.667158
-5381.159954,100,582.070601
-6546.129951,100,582.41039
-3422.499966,100,582.651926
-9153.78997,100,582.917802
-4578.659966,100,583.603676
-2674.519966,100,583.849621
-3434.539963,100,584.09875
-5372.979977,100,584.313791
-3718.33997,100,584.548982
-5046.639973,100,584.776008
-5802.83997,100,585.019874
-4966.159962,100,590.082029
-6257.849968,100,590.4269
-4467.709961,100,590.767446
-4755.179966,100,591.238276
-4280.029961,100,591.829429
-5502.709965,100,592.328983
-6923.97998,100,592.723993
-4245.939964,100,593.154689
-4737.119957,100,593.580493
-5465.649952,100,593.873087
-6827.799965,100,594.082847
-4823.19997,100,594.301205
-5513.459984,100,594.509673
-4693.92997,100,594.853582
-4906.75996,100,595.187207
-5487.229973,100,595.521591
-5174.509972,100,595.850123
-8851.02998,100,600.488328
-3551.759964,100,600.829566
-5336.629967,100,601.173535
-3680.659962,100,608.341701
-4333.179958,100,608.603461
-3939.349964,100,609.406363
-4895.459961,100,609.819154
-6981.749966,100,610.570476
-4396.789963,100,611.483888
-4481.649956,100,612.03452
-4030.779961,100,612.426831
-2340.799953,100,612.823781
-4472.339954,100,613.241385
-5958.869965,100,613.752421
-4265.409969,100,614.526328
-4683.029968,100,614.893496
-4092.91996,100,615.171462
-5327.599964,100,615.401344
-3134.169964,100,615.607922
-4934.789951,100,615.862279
-4614.379963,100,616.132586
-4107.629967,100,616.458601
-4971.529961,100,616.681757
-5365.949982,100,617.325771
-5148.979977,100,625.608182
-5167.479977,100,625.846603
-4635.41996,100,626.122442
-4351.989964,100,626.328094
-4289.109959,100,626.624539
-5067.259972,100,626.958459
-5528.279968,100,627.328301
-4041.359955,100,627.685452
-5588.399971,100,628.039627
-4138.299961,100,628.406692
-5815.959969,100,628.961294
-5590.789974,100,629.1319
-4719.559967,100,629.347232
-5245.199959,100,629.556286
-3035.149952,100,629.773141
-4381.479969,100,629.969353
-4630.699955,100,630.182037
-5641.909954,100,630.439747
-6387.849953,100,630.627764
-4467.529957,100,630.807777
-3494.089962,100,634.253924
-4547.499966,100,634.43029
-5126.009964,100,634.607974
-5090.319965,100,634.789989
-6953.369965,100,634.974796
-3634.059956,100,635.185325
-4975.53997,100,635.534594
-5546.579964,100,635.873623
-3511.359951,100,636.211605
-4615.629959,100,636.549154
-3165.199966,100,636.871266
-5984.339958,100,637.36573
-3479.109962,100,637.570163
-6168.909966,100,637.829765
-6870.739964,100,638.038823
-5878.779976,100,638.255792
-3196.079952,100,638.502586
-4583.089966,100,638.674938
-3328.68996,100,638.85778
-5812.729969,100,639.055287
-5171.969955,100,641.339134
-4772.059963,100,641.474657
-5944.319977,100,641.614094
-4385.369961,100,641.765116
-4599.709972,100,641.902132
-5495.759972,100,642.056344
-5305.079964,100,642.219573
-4636.689957,100,642.539808
-4336.139965,100,642.856427
-6659.049965,100,643.156582
-4985.889961,100,643.468749
-5832.459961,100,643.766913
-6053.249977,100,644.062559
-5065.099968,100,644.354753
-5569.939972,100,644.649902
-5052.939968,100,644.941854
-2707.769955,100,645.256633
-5351.559963,100,645.550924
-4907.169956,100,645.842545
-5926.259983,100,646.133725
-4902.949959,100,646.428789
-6376.979954,100,651.769449
-6654.029976,100,652.222913
-3115.589962,100,652.541735
-3835.669964,100,653.319412
-4975.099964,100,653.643995
-4661.539967,100,653.950425
-3688.64996,100,654.265846
-3582.789974,100,654.57163
-4971.029961,100,654.869453
-4915.609962,100,655.163069
-5056.73996,100,655.461166
-3875.159966,100,655.756337
-3563.039967,100,656.056286
-5112.43996,100,656.353258
-4923.449963,100,656.647211
-4709.039963,100,660.648162
-5195.299973,100,660.814994
-4531.909962,100,660.965804
-4602.949966,100,661.116608
-3986.959953,100,661.294394
-6372.08997,100,663.795279
-3760.029961,100,663.937876
-5760.099976,100,664.08383
-4806.41996,100,664.229455
-4785.349957,100,664.393688
-4771.309975,100,664.5454
-5593.449963,100,664.701024
-4579.999969,100,664.864794
-5198.369961,100,665.025181
-4311.589973,100,665.188446
-2173.579956,100,665.358849
-5161.879959,100,665.527826
-5367.729973,100,665.690303
-3458.979954,100,665.852565
-4885.44997,100,666.018749
-3737.869957,100,666.169353
-5622.529957,100,666.33043
-4487.01997,100,666.49508
-3987.679958,100,666.67351
-5404.379955,100,667.094766
-5511.039967,100,667.262326
-3637.449966,100,670.271822
-4043.069958,100,670.407522
-5003.929974,100,670.562096
-5420.449963,100,670.705581
-3030.109962,100,670.860694
-4614.229965,100,671.020847
-4780.429958,100,671.169787
-3935.519958,100,671.330443
-5164.249969,100,671.488546
-4481.869972,100,671.651475
-3507.339966,100,671.820109
-6030.649967,100,671.977869
-4904.789974,100,672.129628
-5670.809967,100,672.285413
-6317.689957,100,672.445893
-3914.039951,100,672.626807
-5139.379955,100,672.835359
-3921.819962,100,673.040627
-6223.039967,100,673.214538
-4681.739964,100,673.378076
-4055.899963,100,675.940934
-3168.399963,100,676.288807
-5317.869961,100,676.489853
-4764.409958,100,676.672448
-5662.949959,100,676.834147
-3621.409966,100,676.983402
-5198.25996,100,677.13089
-2244.959957,100,677.280888
-5120.369965,100,677.426992
-6302.93996,100,677.574846
-6851.929962,100,677.740763
-5031.119957,100,678.052709
-4165.539963,100,678.352443
-4446.199966,100,678.656431
-3517.159962,100,678.953938
-6796.589962,100,679.248211
-5769.609966,100,679.408221
-5148.339977,100,679.550594
-5141.519966,100,679.696715
-4078.179958,100,679.846153
-6105.369968,100,680.004462
-5128.769958,100,684.249337
-2904.09996,100,684.535815
-4662.89996,100,684.820157
-5284.209957,100,685.108294
-3613.959965,100,685.393817
-4906.279976,100,685.847255
-5859.279964,100,686.152351
-4399.649967,100,686.450593
-6530.519947,100,686.741796
-5748.549953,100,687.031604
-4004.419956,100,687.321313
-3544.479969,100,687.618882
-6884.359962,100,687.913568
-6902.929962,100,688.08427
-4438.309952,100,688.232183
-4940.969963,100,688.379012
-4966.869961,100,688.528518
-5324.009964,100,688.725763
-3430.509964,100,688.878882
-5639.739952,100,689.051492
-5045.829971,100,693.26314
-5399.599968,100,693.604835
-3969.909958,100,694.044228
-3799.109966,100,694.380842
-5578.229973,100,694.695746
-4956.35997,100,694.997722
-4396.44997,100,695.301336
-6778.989952,100,695.613312
-3393.169964,100,695.908816
-4217.279964,100,696.203324
-5758.739967,100,696.491155
-5133.929966,100,696.78515
-5014.279953,100,697.085928
-4542.39996,100,699.852704
-4586.089973,100,699.993062
-3885.879959,100,700.551064
-4398.869957,100,700.855858
-2294.499958,100,701.169821
-4587.959969,100,701.504628
-5314.219955,100,701.818059
-4324.829964,100,702.130863
-4331.459965,100,706.685486
-3801.899963,100,706.983199
-4600.18996,100,707.267981
-5621.919983,100,707.572408
-6772.279964,100,707.862384
-4704.199955,100,708.152503
-3573.299961,100,708.44169
-3988.549957,100,708.733926
-3337.139957,100,709.027539
-4612.209969,100,709.320067
-3475.859959,100,709.658719
-5163.82996,100,709.955121
-6990.009968,100,710.253104
-4077.679955,100,710.552503
-4631.28997,100,710.852866
-5296.849957,100,711.150379
-4245.609974,100,711.446257
-5701.289963,100,711.740787
-4489.399956,100,712.040812
-4923.92997,100,712.327826
-3330.809963,100,716.475459
-4567.859955,100,716.765294
-4640.639965,100,717.051373
-4249.219967,100,717.334757
-5786.879974,100,717.671095
-4410.499966,100,718.029748
-4991.809959,100,718.33537
-4599.539959,100,718.632623
-3548.879959,100,718.959786
-4472.519955,100,719.259219
-4683.909966,100,719.570846
-3569.849968,100,719.872126
-3990.489952,100,720.167322
-4859.92997,100,720.463644
-4971.439964,100,720.756999
-2201.209961,100,721.043208
-5801.689968,100,721.330078
-3492.98996,100,721.512878
-6194.049973,100,721.668154
-7141.659973,100,721.826853
-3590.869953,100,721.968206
-3779.359974,100,724.482805
-5340.489967,100,724.623841
-5444.269978,100,724.76231
-5534.999958,100,724.918013
-5071.229961,100,725.070315
-4743.199963,100,725.229818
-4864.349953,100,725.392533
-3297.119965,100,725.553388
-4272.609959,100,725.85727
-4201.769955,100,726.139516
-4546.78997,100,726.312634
-6801.169968,100,726.468583
-3601.059967,100,726.630431
-5047.309963,100,726.783765
-3142.089966,100,726.938414
-4571.929955,100,727.081187
-2990.469955,100,727.234844
-4306.549969,100,727.391926
-4517.159966,100,727.541728
-4162.219963,100,727.699002
-4578.679958,100,730.117268
-4370.479969,100,730.257496
-5816.269966,100,730.396713
-3874.209961,100,730.54617
-4620.659966,100,730.705391
-3839.099972,100,730.860776
-4364.559963,100,731.013301
-6198.219963,100,731.172207
-5847.729961,100,731.328452
-7763.349972,100,731.490135
-5915.029953,100,731.646689
-4186.929962,100,731.81361
-4030.219959,100,731.977642
-3693.019966,100,732.126508
-5503.499962,100,732.280227
-5356.729961,100,732.450466
-3160.559963,100,733.520837
-4541.289959,100,733.887419
-4382.309971,100,734.242137
-4550.559956,100,734.429521
-4778.069962,100,734.882879
-4885.899967,100,737.72749
-4116.669964,100,737.867536
-6515.749973,100,738.009012
-5629.89996,100,738.17235
-3831.479958,100,738.685077
-6920.669975,100,738.990175
-5473.379971,100,739.289694
-5791.45998,100,739.586357
-5847.019966,100,739.880491
-5052.729969,100,740.175251
-4767.519958,100,744.280875
-5329.449959,100,744.576713
-2844.16996,100,744.869272
-3239.759953,100,745.153687
-4971.629959,100,745.443083
-5204.639961,100,745.73185
-3361.329964,100,746.022142
-5206.149971,100,746.311149
-4729.849968,100,746.599737
-4726.269955,100,746.89149
-4631.789967,100,749.157731
-3677.689957,100,749.300775
-4344.359951,100,749.674196
-3274.829956,100,749.883443
-4568.799976,100,750.036788
-5039.659969,100,750.187712
-3715.409962,100,750.355923
-3993.999962,100,750.523181
-3588.08997,100,750.681148
-4627.209965,100,750.922662
-5061.139965,100,751.107247
-4530.289963,100,751.260401
-4277.469952,100,751.421543
-3504.719971,100,751.588379
-5196.219963,100,751.763921
-3220.299961,100,751.908777
-4603.639961,100,752.058873
-5022.349968,100,752.201064
-5877.549969,100,752.345944
-6505.649975,100,752.496198
-5063.369965,100,752.660354
-5667.219959,100,756.365673
-6131.669975,100,756.537324
-6480.059978,100,756.696939
-4270.919971,100,756.889314
-4910.209946,100,757.113136
-3374.889965,100,757.549683
-6007.119953,100,757.899374
-3972.749962,100,758.34131
-6351.379967,100,758.916759
-6019.959961,100,759.450091
-2911.899967,100,759.817269
-5326.819958,100,760.136717
-3978.039963,100,760.460829
-3974.97995,100,760.783368
-6616.399967,100,761.105037
-4357.139957,100,761.36225
-4129.109974,100,761.580818
-6304.849964,100,761.819099
-3839.14996,100,762.436248
-5274.079979,100,762.918763
-4480.849968,100,766.633852
-4426.029972,100,766.809912
-3899.349957,100,767.171024
-4323.689968,100,767.495222
-4635.48996,100,767.947166
-4894.289978,100,768.321739
-4761.629963,100,768.696342
-3760.949963,100,768.973087
-4756.609962,100,769.213201
-4602.849957,100,769.463224
-4476.239956,100,769.870027
-5484.59996,100,770.280678
-6129.769951,100,770.640736
-6261.969971,100,771.066526
-4930.569969,100,771.516856
-4890.749962,100,771.905013
-5954.809963,100,772.314452
-3467.32996,100,772.69883
-4862.419956,100,773.255908
-4599.689964,100,773.444897
-4831.599968,100,773.818924
-5285.329952,100,779.338591
-5984.659962,100,779.537038
-2811.959961,100,779.817414
-3164.959961,100,780.447321
-4779.91996,100,780.863933
-4047.969971,100,781.206053
-3697.209957,100,781.561797
-5180.48996,100,781.930508
-5032.929966,100,782.258535
-5973.589951,100,782.68417
-3711.949959,100,783.2936
-4801.349964,100,783.670238
-6482.139957,100,783.910808
-5455.359966,100,784.099301
-5259.109962,100,784.34863
-4419.459969,100,784.626838
-4417.689964,100,784.861093
-3353.989964,100,785.221979
-5487.999966,100,785.646665
-2969.759964,100,786.002873
-5241.479965,100,789.244063
-3198.789959,100,789.398785
-4023.119965,100,789.543296
-5626.489964,100,789.676983
-4200.159958,100,789.823053
-4522.149971,100,789.980026
-4676.789963,100,790.234048
-3801.209965,100,790.58988
-4538.499969,100,794.85769
-4729.529968,100,795.026302
-3428.749962,100,795.188997
-5076.899967,100,795.365702
-5816.329967,100,795.522036
-3221.529964,100,795.669461
-4868.349964,100,795.810913
-5645.549965,100,795.958462
-4004.23996,100,796.114932
-3559.249966,100,796.254004
-4867.439964,100,796.39604
-4136.289959,100,796.567682
-5017.969955,100,796.76671
-3716.589958,100,801.171246
-6396.529972,100,801.454906
-5008.189953,100,801.738522
-4764.119968,100,802.013433
-6374.609955,100,802.287032
-4017.189972,100,802.567733
-4123.789967,100,802.917671
-4038.089966,100,803.267297
-3897.73996,100,803.577754
-5229.059967,100,803.870688
-3559.399971,100,804.156593
-4936.069969,100,804.448165
-6497.60997,100,804.751661
-3519.399956,100,805.107328
-5198.349953,100,805.461402
-5817.019958,100,805.798844
-4328.049984,100,806.202163
-5226.159966,100,806.575937
-5442.659966,100,806.784225
-5232.039963,100,806.964717
-5701.19997,100,811.87122
-4451.799969,100,812.183206
-5194.279957,100,812.482874
-6398.379963,100,812.784361
-4830.009968,100,813.28086
-4506.749962,100,813.6151
-3569.949951,100,813.938114
-5014.699963,100,814.257226
-3748.159966,100,814.837093
-3474.959969,100,815.296603
-4363.229965,100,815.643368
-4517.709949,100,815.956216
-5061.339966,100,816.259418
-4780.599964,100,816.562855
-4834.909966,100,816.85755
-5825.229969,100,817.173371
-4045.959961,100,817.472661
-4022.539963,100,817.760916
-2917.969955,100,818.041509
-4365.149971,100,818.328569
-3883.759968,100,819.135108
-4480.959961,100,823.128641
-3324.349968,100,823.339241
-5428.529964,100,823.552887
-4898.249969,100,823.786671
-3513.719963,100,823.959855
-3925.429962,100,824.15756
-3459.289963,100,824.329041
-3800.349964,100,824.637418
-4262.549953,100,824.934893
-3740.969971,100,825.161371
-4412.819965,100,825.305305
-4506.949959,100,825.470584
-4499.01997,100,825.605501
-4541.619961,100,825.754732
-4370.379971,100,825.918675
-2914.079975,100,826.063566
-4383.34996,100,826.202335
-4327.389965,100,826.340863
-4876.119965,100,826.509747
-3746.499973,100,826.656883
-5719.639973,100,830.248896
-5633.649963,100,830.52324
-4623.999969,100,830.823893
-3056.60997,100,831.138573
-3222.68996,100,831.435341
-3975.469959,100,831.721838
-5998.529964,100,831.990099
-4990.599964,100,832.158149
-3861.299973,100,832.343517
-4080.679958,100,832.550699
-5221.929958,100,832.720989
-3518.449966,100,832.914224
-3773.039967,100,833.086461
-3484.679955,100,833.238992
-3423.359962,100,833.405016
-4473.069965,100,833.602743
-3448.459969,100,833.792657
-2594.809967,100,833.947864
-3716.489964,100,834.126637
-4678.799965,100,834.284337
-2841.559956,100,834.437304
-3284.039963,100,836.82503
-3844.499966,100,837.005755
-5379.329964,100,837.167439
-4065.519958,100,837.325976
-4837.929958,100,837.629133
-4241.049961,100,842.286937
-6921.969955,100,842.515132
-3898.519958,100,843.162567
-4021.159958,100,843.479528
-3415.059963,100,843.686843
-4037.579971,100,843.846649
-4616.039967,100,843.991743
-6147.529961,100,844.133374
-5849.819962,100,844.284667
-6113.649971,100,844.428045
-6511.969967,100,844.556138
-4525.199966,100,844.687665
-4336.679958,100,844.831918
-5889.88995,100,845.114846
-5097.199978,100,845.3981
-4431.94997,100,847.968273
-4218.45998,100,848.102811
-3656.479965,100,848.233479
-5594.859959,100,848.382697
-4172.309967,100,848.530731
-7190.129959,100,848.780659
-5625.239975,100,849.002037
-3944.499969,100,849.160091
-4985.589966,100,849.30197
-4188.18996,100,849.46692
-4760.109951,100,849.627965
-4991.99995,100,849.764715
-5372.059963,100,849.913088
-5219.989964,100,850.075014
-5248.60997,100,850.241299
-3624.219959,100,850.424697
-5389.449963,100,850.619841
-4649.529964,100,850.782011
-7316.159985,100,850.952
-5055.249962,100,851.164225
-6027.779976,100,851.392718
-6162.979973,100,856.759361
-4543.10997,100,857.077034
-3707.839958,100,857.442544
-3866.979958,100,857.758488
-4175.369968,100,858.071807
-4320.399967,100,858.385365
-4191.769958,100,858.690844
-4884.58997,100,858.991122
-4580.759968,100,859.289872
-4247.43996,100,859.594827
-4525.089966,100,859.909423
-3425.609962,100,860.428696
-4322.129974,100,860.641421
-4918.499966,100,861.153444
-4252.179962,100,861.516884
-2634.589962,100,862.066191
-7524.229965,100,862.609793
-5861.469948,100,863.217283
-5789.229973,100,863.679574
-4480.089962,100,864.139404
-5327.479954,100,870.100316
-5912.819965,100,870.342197
-5792.099953,100,870.52906
-3541.959965,100,870.706778
-4050.639954,100,870.925079
-5992.319969,100,871.17298
-5679.289967,100,871.476357
-5086.309975,100,871.721341
-3534.789967,100,871.993653
-4845.699959,100,872.253656
-4780.319962,100,872.653234
-4723.209965,100,872.888105
-5054.979969,100,873.163769
-4509.579952,100,873.391186
-4762.369957,100,873.691121
-3832.309963,100,873.931714
-4854.129963,100,874.180117
-4496.399971,100,874.704114
-4101.399956,100,875.202178
-5344.389969,100,875.656085
-5281.709969,100,880.891891
-5367.679962,100,881.227658
-5432.579975,100,881.566814
-4177.259972,100,881.879304
-5064.759968,100,882.185732
-4275.729965,100,882.745913
-4229.769966,100,883.170766
-3919.809959,100,883.331594
-6691.469967,100,883.505331
-2666.559963,100,884.011653
-4009.42997,100,884.333603
-4680.149967,100,884.655067
-5018.779968,100,884.961332
-6647.809978,100,885.263666
-4247.049957,100,885.556609
-3592.119961,100,885.846669
-4942.639961,100,886.143182
-6391.029964,100,886.431563
-4574.039963,100,886.717869
-5468.129959,100,887.003908
-4332.849964,100,887.291464
-2661.629955,100,889.782095
-5830.269966,100,889.933272
-5031.549953,100,890.083342
-5529.229965,100,892.550281
-5253.869968,100,892.804761
-3571.099953,100,893.205467
-4617.739975,100,893.526195
-4098.539963,100,893.834087
-4083.469971,100,894.141057
-7653.249973,100,894.450717
-3021.949955,100,894.808785
-3692.069962,100,895.106263
-4015.679962,100,895.402046
-5502.179962,100,895.688049
-4468.769962,100,895.969517
-3670.079956,100,896.250694
-4912.369976,100,896.532797
-2727.299961,100,896.835088
-6545.379959,100,897.137711
-6324.89996,100,897.432098
-3301.889969,100,900.086349
-4245.129967,100,900.277561
-4802.469963,100,900.473083
-4943.469975,100,900.653392
-5591.509968,100,900.828367
-3696.679958,100,900.982425
-3725.679962,100,901.141112
-3959.119961,100,901.299226
-5147.259964,100,901.46111
-5623.309967,100,902.025581
-4115.48996,100,902.361558
-4430.019958,100,902.691453
-6501.619972,100,903.081196
-4365.219952,100,903.405052
-2173.329967,100,903.716392
-3136.309959,100,904.021673
-5215.639954,100,904.332733
-6119.769966,100,904.65192
-4193.519974,100,904.963554
-4384.859962,100,905.261777
-5373.549965,100,905.558312
-5505.799953,100,911.59462
-2737.919952,100,911.888748
-4461.399963,100,912.233269
-5498.239967,100,912.884796
-4191.76997,100,913.218908
-3711.199959,100,913.560785
-4178.189953,100,913.878094
-5481.379963,100,914.187772
-4587.309959,100,914.473074
-6977.039974,100,914.769257
-4358.529961,100,915.072287
-5102.529968,100,915.36183
-4124.539967,100,915.657767
-3847.399963,100,915.943544
-5648.839958,100,916.246358
-2923.379959,100,916.569056
-5172.679966,100,916.896103
-3771.049969,100,917.243301
-4476.899956,100,917.807415
-4919.199955,100,918.138822
-5068.379967,100,923.245628
-5280.889969,100,923.614634
-5745.199982,100,923.916
-6110.98996,100,924.230178
-4530.59996,100,924.528256
-3584.319958,100,924.829609
-5133.779961,100,925.172825
-5923.779964,100,925.46657
-4742.479961,100,925.757343
-4703.369957,100,926.19753
-3912.739967,100,926.552583
-6108.119968,100,926.843128
-4333.229965,100,927.14423
-4524.26997,100,927.434671
-4178.419952,100,927.722683
-5671.789963,100,928.023777
-5324.539963,100,928.323807
-5184.849968,100,928.613326
-4974.319965,100,928.902313
-4124.839958,100,929.186631
-4778.319973,100,929.466408
-4547.51997,100,934.220155
-5588.519974,100,934.518212
-4530.799965,100,934.802819
-3758.269962,100,935.105855
-6134.819965,100,935.391106
-4640.839966,100,935.67675
-4644.159966,100,935.961235
-4135.699966,100,936.247351
-5470.019958,100,936.537857
-4735.099968,100,936.818113
-3802.559959,100,937.09568
-4354.619957,100,937.373339
-3281.649952,100,937.657932
-5202.569962,100,937.940518
-5664.739964,100,938.237534
-2978.029961,100,938.528085
-4936.269966,100,938.821942
-4116.839951,100,939.116197
-4602.919964,100,939.404523
-4124.379982,100,939.701621
-3672.699963,100,944.726629
-4753.779968,100,949.420855
-2595.289967,100,949.708576
-2779.759956,100,950.170159
-4911.349964,100,950.62899
-4985.049961,100,950.934778
-5191.409958,100,951.226998
-4580.869972,100,951.55911
-6149.059975,100,951.895564
-5547.239956,100,952.228663
-5391.279964,100,952.403273
-3575.91996,100,952.559724
-4631.869976,100,952.724487
-3854.109955,100,952.898587
-3172.449966,100,953.096117
-5500.629955,100,953.319724
-4929.25996,100,953.480056
-2238.959965,100,953.68916
-4568.719967,100,953.947391
-5480.679962,100,954.179177
-3610.149956,100,954.412879
-3928.919964,100,959.218531
-4700.789948,100,959.812001
-4279.249962,100,960.278325
-4208.729965,100,960.595628
-4193.769966,100,961.202379
-3808.679966,100,961.608493
-2260.599964,100,961.998763
-3932.019966,100,962.295342
-4895.29995,100,962.975368
-3333.369968,100,963.285589
-4868.319954,100,963.589674
-4353.969971,100,963.883156
-4086.769958,100,964.184159
-4418.299969,100,964.491258
-3771.549973,100,964.790775
-3466.569962,100,965.084146
-5378.509964,100,965.370206
-4279.289967,100,965.656461
-3287.059959,100,965.961091
-3628.389973,100,966.246537
-5056.209969,100,970.923488
-3125.509956,100,971.231901
-4624.879971,100,971.534616
-2918.26997,100,971.831706
-5195.699966,100,972.12737
-5115.749969,100,972.428742
-3984.439964,100,972.726194
-4194.059948,100,973.025987
-5206.009968,100,973.328504
-6108.089958,100,973.633782
-4890.289967,100,973.930998
-4866.839962,100,974.233779
-6393.00996,100,974.534081
-6078.169975,100,974.834856
-4684.769951,100,975.126096
-5965.609966,100,975.426042
-4793.059971,100,975.720176
-6631.339973,100,976.008116
-5073.269974,100,976.303763
-4995.659962,100,976.635864
-5941.019978,100,977.105211
-5850.119976,100,980.965127
-4807.16996,100,981.13213
-4205.16996,100,981.282373
-5985.449963,100,981.425014
-4495.00996,100,981.566742
-3497.43996,100,981.769687
-4516.759964,100,981.985393
-4557.549969,100,982.132605
-4010.639965,100,982.282077
-3907.399967,100,982.42411
-4321.779964,100,982.58917
-4832.59996,100,982.785049
-4410.189964,100,983.034117
-3995.859955,100,983.247891
-5542.849964,100,983.465231
-3486.979958,100,983.644344
-4126.34996,100,983.801646
-5168.299969,100,983.962249
-6492.709976,100,984.117015
-6596.129967,100,984.279763
-5941.049961,100,988.827645
-5420.229954,100,989.109616
-5720.89996,100,989.386927
-5743.609966,100,989.665503
-4801.799965,100,989.942476
-4655.34996,100,990.226113
-4866.709961,100,990.653778
-4135.389965,100,991.06337
-3987.629967,100,991.393328
-4626.319954,100,992.061761
-6079.369961,100,992.392709
-5373.819965,100,992.578605
-3678.049961,100,992.75338
-4884.589958,100,992.926282
-4151.419968,100,993.12641
-5541.489956,100,993.363796
-3886.139961,100,993.545478
-4477.569962,100,993.696388
-5099.369968,100,993.849755
-3310.829983,100,998.061271
-4579.059952,100,998.342736
-4388.13995,100,1001.481249
-6061.119949,100,1001.675508
-3784.139973,100,1001.884221
-4405.789955,100,1002.096759
-5458.019966,100,1002.282601
-4902.959953,100,1002.47754
-3737.299957,100,1002.687864
-7091.729973,100,1002.894456
-4868.559975,100,1003.302677
-5100.029957,100,1003.756375
-6996.60997,100,1003.958555
-5434.129955,100,1004.154764
-5198.779968,100,1004.338423
-6571.919971,100,1004.533838
-3588.409962,100,1004.706615
-5033.249966,100,1004.964428
-4003.619953,100,1005.170295
-4401.85997,100,1005.37958
-5387.42997,100,1005.59639
-3417.75996,100,1005.811285
-3587.57996,100,1009.612791
-6100.679977,100,1009.777715
-5445.969955,100,1009.960318
-4727.869965,100,1010.129694
-5020.719955,100,1010.311982
-3268.469967,100,1010.481432
-3902.919945,100,1010.679963
-2728.449963,100,1010.869791
-4230.64996,100,1011.104774
-2917.629959,100,1011.415817
-3753.629971,100,1011.739634
-5080.929966,100,1012.093119
-4957.839966,100,1012.290368
-3138.539963,100,1012.511017
-5671.449959,100,1012.91693
-5278.719963,100,1013.336833
-5798.79995,100,1013.680652
-4801.679958,100,1014.072075
-5841.209965,100,1014.398703
-5506.429966,100,1014.721042
-3032.569958,100,1015.04299
-3798.209965,100,1021.779715
-5085.369957,100,1022.110044
-3549.159969,100,1022.448824
-6438.759953,100,1022.812416
-6331.589966,100,1023.466031
-4763.39996,100,1023.971242
-4453.489948,100,1024.474039
-3970.949963,100,1024.873585
-3870.649971,100,1025.464401
-4912.339966,100,1026.127384
-2999.319958,100,1026.899128
-2644.339962,100,1027.336992
-3914.679962,100,1027.657469
-5836.98996,100,1027.918583
-4840.559963,100,1028.149788
-4897.639961,100,1028.420124
-4492.499958,100,1028.824817
-4106.659977,100,1029.312378
-3362.219944,100,1029.841083
-5224.459972,100,1030.406145
-4362.499958,100,1039.652158
-5738.779972,100,1039.951915
-4673.349957,100,1040.240191
-3311.759975,100,1040.530311
-4613.739952,100,1040.907218
-5862.299969,100,1041.202749
-2171.189957,100,1041.507036
-4042.949959,100,1041.798372
-4250.689957,100,1042.094581
-4433.379955,100,1042.381845
-3231.57996,100,1042.67048
-4690.419964,100,1042.979608
-4628.399963,100,1043.294515
-2718.289959,100,1043.602812
-4719.67997,100,1043.907247
-5598.489967,100,1044.207903
-5295.519966,100,1044.518661
-4321.82996,100,1044.840175
-4622.739967,100,1045.159861
-4748.529961,100,1045.476592
-3841.749958,100,1045.897676
-3453.549957,100,1051.04964
-2759.779961,100,1051.374896
-3321.17997,100,1051.681234
-4720.989975,100,1051.97889
-3734.009956,100,1052.2777
-5837.269958,100,1052.561775
-4692.219963,100,1052.852318
-6250.709957,100,1053.195832
-4633.019966,100,1053.501203
-2455.419956,100,1053.78273
-4146.579956,100,1054.067036
-4484.779968,100,1054.348205
-4365.41996,100,1054.629748
-3508.689957,100,1054.912222
-5295.109959,100,1055.187527
-3718.25996,100,1055.469677
-4425.039959,100,1059.330718
-6384.629951,100,1059.456511
-4428.459953,100,1059.583302
-4821.279957,100,1059.711212
-4358.289963,100,1062.271511
-4166.869965,100,1062.407555
-3082.159966,100,1062.541279
-5727.919956,100,1062.687379
-6139.049973,100,1062.851065
-6398.119957,100,1063.029088
-4728.649956,100,1063.185168
-2755.639961,100,1063.34534
-3060.639961,100,1063.502736
-5310.439953,100,1063.649537
-3813.399956,100,1063.794354
-4067.25996,100,1063.936031
-2910.139969,100,1064.070895
-5787.76997,100,1064.213501
-3936.719963,100,1064.37619
-4505.249962,100,1064.521381
-3086.679962,100,1064.66445
-5212.369965,100,1064.812511
-4442.839958,100,1064.951542
-4258.689964,100,1065.092033
-2723.379959,100,1065.228311
-2401.049965,100,1067.941365
-3436.019943,100,1068.089941
-5112.279972,100,1068.23565
-4205.469963,100,1068.375102
-4079.149963,100,1068.505926
-2707.519966,100,1068.638258
-3504.249966,100,1068.768876
-3826.029964,100,1068.901109
-4717.469959,100,1069.035346
-5547.529961,100,1069.167578
-4662.449966,100,1069.302879
-4413.16996,100,1069.442373
-4538.299969,100,1069.583126
-3384.779968,100,1069.718224
-5410.999962,100,1069.851472
-5222.789967,100,1069.983764
-4656.679966,100,1070.11693
-3382.089954,100,1070.253129
-3880.069965,100,1070.389603
-3800.109962,100,1070.521797
-3923.53997,100,1075.414514
-2592.429958,100,1075.692717
-3472.39996,100,1075.96799
-5544.559967,100,1076.241244
-3262.699959,100,1076.529523
-3635.939972,100,1076.806572
-5239.769962,100,1077.085997
-3594.449955,100,1077.360258
-5507.02998,100,1077.639011
-4486.619968,100,1078.028039
-3763.789963,100,1078.186201
-6522.349968,100,1078.342983
-4712.619961,100,1078.521715
-3445.619961,100,1078.907901
-3147.959961,100,1079.08061
-4220.75996,100,1079.237138
-7564.039955,100,1079.383678
-3390.819962,100,1079.522573
-2840.919952,100,1079.660532
-3955.309975,100,1079.827157
-6547.979965,100,1080.122664
-4779.209957,100,1085.254557
-7743.279961,100,1085.541554
-3826.819962,100,1085.825563
-5317.999962,100,1086.108661
-3682.319942,100,1086.397362
-3629.609955,100,1086.67765
-4280.18996,100,1086.958415
-2509.25996,100,1087.234586
-4613.729965,100,1087.511751
-3887.499962,100,1087.791075
-3053.18996,100,1088.08104
-5121.229973,100,1088.360694
-4370.779957,100,1088.641458
-5315.469975,100,1088.925108
-3477.959961,100,1089.218925
-2820.32996,100,1089.511734
-4419.619961,100,1089.807171
-2708.549957,100,1090.10867
-4326.659962,100,1090.398232
-3271.249966,100,1090.68732
-4462.83997,100,1095.571753
-4399.049965,100,1095.854614
-4941.169968,100,1096.134296
-5274.409954,100,1096.433158
-3877.769966,100,1096.713675
-3724.299965,100,1096.993726
-4653.459961,100,1097.277521
-4354.209965,100,1097.559937
-3804.019962,100,1097.839911
-2446.799957,100,1098.120667
-3279.839962,100,1098.4024
-3994.629959,100,1098.683402
-1991.349964,100,1098.965258
-3767.229961,100,1099.245367
-4715.729958,100,1103.264901
-5365.069958,100,1103.566178
-4861.119968,100,1103.86366
-3940.609962,100,1104.151775
-4289.499969,100,1104.433042
-3317.249966,100,1104.714504
-3342.329964,100,1105.000979
-3392.029961,100,1109.850597
-5559.43996,100,1110.136463
-5418.299961,100,1110.418061
-3829.769962,100,1110.701431
-3468.309967,100,1110.981271
-3925.589962,100,1111.261265
-3665.159962,100,1111.541804
-4571.939968,100,1111.823839
-3991.869957,100,1112.098934
-5387.109962,100,1112.378675
-4282.279972,100,1112.656471
-3812.979965,100,1112.946865
-3643.25996,100,1113.243215
-4497.299965,100,1113.542216
-4999.619968,100,1113.83299
-4637.849979,100,1114.113239
-5255.539967,100,1114.393637
-3784.519955,100,1114.672782
-3010.969967,100,1114.952046
-4474.889961,100,1115.233157
-5974.359978,100,1118.221991
-5634.629971,100,1118.352301
-2408.689968,100,1118.480357
-6037.269981,100,1118.608833
-4035.909969,100,1118.736168
-3522.719963,100,1118.863008
-3580.749962,100,1118.998526
-3500.829964,100,1119.123555
-5684.149971,100,1119.281275
-4932.849957,100,1119.414121
-5691.169971,100,1119.550461
-4448.53997,100,1119.677071
-4357.329964,100,1119.819803
-4239.229965,100,1120.159509
-4314.149963,100,1120.468979
-4562.569962,100,1120.785318
-4636.919952,100,1121.66469
-4650.349968,100,1122.105409
-4960.779964,100,1122.278929
-2962.949959,100,1122.436852
-3148.569958,100,1122.581735
-3661.139965,100,1127.864617
-4694.829971,100,1128.143267
-3725.629967,100,1128.417608
-4058.139957,100,1128.693181
-3694.889969,100,1128.968277
-5344.439964,100,1129.236662
-4272.519958,100,1129.512258
-4003.759968,100,1129.788292
-3498.949955,100,1130.060395
-2200.439964,100,1130.327936
-5125.349957,100,1130.602726
-5048.279964,100,1130.875417
-5382.339962,100,1131.082895
-2700.009956,100,1131.266593
-2867.679958,100,1131.42073
-2382.509956,100,1131.593036
-5674.269958,100,1131.747176
-4182.82996,100,1131.899201
-2802.909966,100,1132.057765
-2479.819962,100,1132.208007
-2831.039959,100,1135.311304
-5258.709976,100,1135.443425
-3039.749969,100,1135.577034
-4503.179958,100,1135.712916
-3269.099979,100,1135.838654
-3322.499958,100,1135.966988
-4226.169964,100,1136.097396
-3956.069958,100,1136.228573
-3725.289963,100,1136.36099
-4392.229969,100,1136.496881
-2882.519958,100,1136.631672
-5598.049973,100,1136.811838
-4406.949959,100,1136.978407
-3438.109962,100,1137.111621
-3743.899963,100,1137.253179
-4409.199959,100,1137.399827
-5092.719975,100,1137.53149
-4627.179966,100,1137.674655
-4292.859962,100,1137.963138
-5685.92997,100,1138.245388
-3838.699955,100,1141.922917
-5472.279964,100,1142.073765
-4342.529972,100,1142.207902
-4040.169964,100,1142.343385
-3522.199963,100,1142.468748
-4928.509956,100,1142.621439
-2911.48996,100,1142.769083
-2254.949966,100,1142.900098
-3807.73996,100,1143.042635
-4704.909962,100,1143.191636
-4190.189968,100,1143.333266
-3629.879963,100,1143.469797
-5764.169964,100,1145.546398
-3818.67997,100,1145.690801
-3899.629967,100,1145.844755
-3599.75996,100,1145.981581
-3355.249969,100,1146.162852
-3551.019958,100,1146.31283
-4391.74995,100,1146.445896
-4341.219963,100,1146.592418
-4098.89996,100,1146.724644
-4371.209976,100,1149.814176
-3698.039967,100,1149.989295
-3821.909966,100,1150.138012
-6130.289967,100,1150.29211
-4329.369961,100,1150.436613
-3742.899963,100,1150.586336
-5971.529957,100,1150.725919
-3366.749958,100,1150.864026
-4106.759968,100,1151.011802
-6473.799969,100,1151.153377
-3737.299961,100,1151.292227
-3507.139957,100,1151.423098
-3064.129963,100,1151.558169
-4101.359962,100,1151.69333
-4430.179958,100,1151.852209
-4833.709969,100,1151.990899
-4445.709961,100,1152.125337
-3388.819969,100,1152.271799
-6210.569984,100,1152.409626
-5459.999966,100,1152.56827
-3550.949963,100,1157.44331
-4287.629971,100,1157.738913
-3857.719963,100,1158.036219
-4025.529961,100,1158.35313
-3573.589958,100,1158.668923
-3389.35997,100,1158.982393
-4070.259968,100,1159.293929
-4692.229969,100,1159.592905
-4266.969959,100,1159.899444
-3736.019955,100,1160.232789
-4619.479977,100,1160.542793
-4396.879967,100,1160.846621
-3347.729954,100,1161.150871
-3436.779968,100,1161.454054
-4263.359962,100,1161.879137
-4846.219967,100,1162.198001
-3730.249966,100,1162.855095
-4998.799976,100,1163.103421
-4985.509964,100,1163.385315
-3308.52998,100,1163.896205
-3795.089958,100,1164.408161
-3894.559959,100,1171.294887
-5119.869972,100,1171.511209
-5052.499969,100,1171.700669
-3371.279968,100,1171.903629
-2728.209965,100,1172.093192
-5019.689968,100,1172.328882
-3943.719952,100,1172.541116
-3634.429962,100,1172.779537
-4422.399967,100,1173.032927
-6330.339966,100,1173.537108
-3241.669968,100,1174.047818
-4047.819954,100,1174.632106
-3403.84996,100,1175.290523
-3938.279964,100,1175.713754
-4147.429951,100,1176.111337
-4115.17997,100,1176.439531
-4607.329964,100,1176.891613
-4595.749962,100,1177.248084
-4068.159958,100,1178.097639
-4968.85997,100,1179.253559
-3567.34996,100,1187.622889
-4005.569958,100,1187.927287
-4564.619961,100,1188.222388
-4072.429955,100,1188.5232
-3383.829975,100,1188.808183
-3521.819954,100,1189.096627
-5144.43996,100,1189.325845
-3148.929951,100,1189.478542
-6543.149975,100,1189.623358
-4163.959972,100,1189.773562
-4160.819958,100,1189.945623
-3134.159962,100,1190.133194
-4399.379955,100,1190.473518
-5503.50996,100,1190.78192
-3241.649963,100,1191.114216
-4190.949963,100,1191.42673
-2766.59996,100,1191.725187
-4844.769974,100,1192.013359
-3968.68996,100,1192.312805
-5061.239975,100,1192.615296
-4175.389954,100,1192.947337
-3018.559967,100,1198.471557
-3781.639965,100,1198.760339
-3213.889984,100,1199.048344
-3747.999958,100,1199.340505
-4442.549969,100,1199.697094
-2651.969959,100,1200.028245
-4127.459965,100,1200.43704
-3597.439964,100,1200.756989
-2551.339958,100,1201.065187
-3566.259953,100,1205.97408
-4222.569973,100,1206.154868
-4893.719963,100,1206.810654
-3507.409958,100,1207.142484
-4465.729965,100,1207.453663
-3821.099968,100,1207.743516
-4644.879959,100,1208.163541
-4028.199963,100,1208.636483
-2530.079956,100,1208.94302
-3800.469967,100,1209.232572
-3198.019966,100,1209.519641
-5524.519966,100,1215.59579
-3456.249962,100,1215.887169
-3852.099968,100,1216.171618
-2709.639969,100,1216.456573
-4364.239964,100,1216.737384
-3793.869968,100,1217.017565
-1866.539967,100,1217.302592
-4271.949966,100,1217.583338
-3998.309963,100,1217.872888
-5151.76997,100,1218.178777
-3823.769966,100,1218.528505
-4949.959961,100,1218.842079
-3288.349957,100,1219.171346
-2430.279961,100,1219.591898
-4821.59996,100,1219.920447
-2624.949963,100,1220.263284
-3729.82996,100,1220.794186
-2710.449959,100,1221.021974
-3846.639957,100,1221.196889
-2927.979965,100,1221.379364
-4290.09996,100,1221.559554
-5069.399975,100,1228.756475
-3742.459965,100,1229.107606
-2318.709965,100,1229.426402
-5729.319965,100,1229.742314
-4167.769951,100,1230.051306
-4203.109966,100,1230.43034
-3748.029957,100,1230.745251
-3395.819958,100,1231.061628
-2924.699955,100,1231.378624
-2878.629948,100,1231.680766
-4005.379963,100,1231.985199
-5714.819965,100,1232.287238
-3369.09996,100,1232.58483
-5533.069965,100,1232.931581
-3837.699951,100,1233.331905
-4583.859962,100,1233.674438
-5276.279957,100,1234.025759
-3701.549961,100,1234.350389
-3980.739964,100,1234.722506
-2819.029961,100,1235.064278
-4157.529961,100,1240.564399
-3774.449963,100,1240.7832
-3108.119965,100,1241.234825
-3362.979969,100,1241.500057
-2856.159962,100,1241.696598
-3092.129959,100,1241.883766
-4517.609966,100,1242.079384
-4125.499958,100,1242.251631
-4400.039974,100,1242.445481
-4217.469959,100,1242.632482
-3424.459949,100,1242.969903
-3888.899963,100,1243.286724
-4314.709961,100,1243.632787
-2967.239964,100,1243.955175
-3808.799957,100,1244.352487
-5198.229965,100,1244.93111
-4200.539967,100,1245.29904
-2795.119957,100,1245.615219
-3607.18996,100,1245.979666
-5653.369957,100,1246.327821
-4321.289955,100,1246.635209
-4177.319954,100,1254.559403
-3665.549957,100,1254.736977
-4379.79995,100,1254.907759
-3719.339958,100,1255.192597
-2035.459961,100,1255.344027
-3445.739952,100,1255.487283
-4778.349968,100,1255.652899
-3902.549953,100,1255.911087
-3205.619965,100,1256.099407
-4617.499958,100,1256.285815
-3731.669956,100,1256.462604
-2147.559963,100,1256.63318
-3452.299957,100,1256.801353
-3295.469952,100,1256.981088
-4500.499954,100,1257.151527
-4391.039963,100,1257.328814
-5183.839966,100,1257.506018
-2517.119961,100,1257.691967
-2777.639961,100,1257.860162
-3526.339962,100,1258.047126
-4420.09996,100,1264.724343
-5115.809956,100,1265.083014
-4537.259953,100,1265.409552
-4293.529957,100,1265.732801
-4193.489952,100,1266.051435
-3430.569965,100,1266.373301
-2410.049957,100,1266.689117
-4946.919971,100,1270.832318
-2634.769966,100,1271.188771
-3522.029984,100,1271.567639
-4069.599968,100,1271.916013
-2746.449963,100,1272.248937
-4522.569965,100,1272.619163
-2797.529964,100,1273.058917
-3269.689957,100,1273.455218
-4049.91996,100,1273.783602
-3757.969955,100,1274.148015
-3242.589962,100,1274.326771
-3197.989964,100,1274.777
-5204.619965,100,1275.015857
-6190.969955,100,1275.221689
-3447.32996,100,1279.118087
-5362.139969,100,1279.27126
-3422.51997,100,1279.410035
-2366.14996,100,1279.545323
-4904.57996,100,1279.676631
-3298.229965,100,1279.827891
-3372.339962,100,1279.976478
-3753.93996,100,1280.121862
-3505.039959,100,1280.320152
-4350.309963,100,1280.484768
-3601.029968,100,1280.705696
-4179.799957,100,1280.918166
-5002.72995,100,1281.24018
-4650.809963,100,1281.554799
-5321.58997,100,1281.856574
-3544.079956,100,1282.146357
-3532.689953,100,1282.441844
-3113.719955,100,1282.737576
-3253.449959,100,1283.045942
-2431.319965,100,1283.357721
-3796.009945,100,1289.330042
-4115.189972,100,1289.625778
-3655.919964,100,1289.9227
-3130.929958,100,1290.22629
-4013.93996,100,1290.625152
-3720.599964,100,1290.953671
-3531.889954,100,1291.273534
-4185.369965,100,1291.581694
-3156.91996,100,1291.892556
-4970.019955,100,1292.201854
-4249.799965,100,1292.509789
-4710.429962,100,1292.823571
-4500.099979,100,1293.148073
-4296.649956,100,1293.338522
-4465.119965,100,1293.490348
-3389.019962,100,1293.639701
-4389.43996,100,1293.788506
-3587.209965,100,1293.98582
-3537.279964,100,1294.415334
-3847.069954,100,1294.628333
-2910.159962,100,1294.828561
-5244.009968,100,1302.360034
-3362.409966,100,1302.680274
-3546.709961,100,1303.076822
-4504.159954,100,1303.402729
-2957.129959,100,1303.755813
-5292.799965,100,1304.083143
-2870.069969,100,1304.405383
-5005.98996,100,1304.939865
-3322.519955,100,1305.325882
-2638.82996,100,1305.653202
-4657.979969,100,1306.036291
-3735.64996,100,1306.408197
-3363.779964,100,1306.906304
-3790.399967,100,1307.292656
-3637.179962,100,1307.637184
-4904.109947,100,1307.967022
-3418.68996,100,1308.290232
-5337.939968,100,1308.616489
-4492.399971,100,1308.935014
-5257.209957,100,1309.248751
-3324.089962,100,1315.717909
-3432.389965,100,1316.024392
-3888.659962,100,1316.387477
-4479.069962,100,1316.710933
-6749.969955,100,1317.052374
-4729.08997,100,1317.409765
-4948.859959,100,1317.742125
-5444.519958,100,1318.067078
-3544.929962,100,1318.395372
-2632.819962,100,1318.728062
-4751.219967,100,1319.113244
-3319.049965,100,1319.471624
-4234.969963,100,1319.814929
-4918.53997,100,1320.146698
-4897.409966,100,1320.485574
-3438.999962,100,1320.821007
-5216.769966,100,1321.160188
-2999.999962,100,1321.450432
-4296.209965,100,1321.61734
-4628.599972,100,1321.825628
-3329.729969,100,1322.048634
-5477.909977,100,1327.374098
-3539.739967,100,1327.556301
-4495.249958,100,1327.762206
-4623.319958,100,1327.929595
-3058.599964,100,1330.144159
-3098.449963,100,1330.283331
-2534.779957,100,1330.418722
-2683.569962,100,1330.563802
-3790.86998,100,1330.702556
-4412.009964,100,1330.834121
-4069.299965,100,1330.963341
-4283.479973,100,1331.090381
-4190.079964,100,1331.224248
-4640.999962,100,1331.365484
-3006.539963,100,1331.534286
-3910.409954,100,1331.682224
-4718.279976,100,1331.844783
-5590.839962,100,1331.990585
-2578.749962,100,1332.120636
-2562.069965,100,1332.252911
-2895.019962,100,1339.735873
-4438.279964,100,1340.191907
-4366.189964,100,1340.513238
-3618.389965,100,1341.172986
-2841.959969,100,1341.542678
-5016.459965,100,1341.938388
-4556.879963,100,1342.248715
-3278.48996,100,1342.555108
-4239.849957,100,1342.920857
-4159.959965,100,1343.340089
-4073.139965,100,1343.672172
-2524.839962,100,1344.045494
-4098.48996,100,1344.451361
-3425.379963,100,1344.811619
-2672.379971,100,1345.125879
-4692.129959,100,1345.435243
-4003.289963,100,1345.749229
-2946.259972,100,1346.055898
-2466.07996,100,1346.375662
-3894.72995,100,1346.683142
-4322.129963,100,1347.011801
-5373.429951,100,1354.260738
-6055.269958,100,1354.574996
-2903.749962,100,1354.885807
-3132.639965,100,1355.181122
-4356.81995,100,1355.475769
-3247.739967,100,1355.759615
-3089.719955,100,1356.03992
-4642.489964,100,1356.330595
-3368.289959,100,1356.615109
-3943.779968,100,1356.900943
-4235.719959,100,1357.189592
-4858.889973,100,1357.473612
-4172.659962,100,1357.758093
-4713.369965,100,1358.037239
-4142.679962,100,1358.318414
-2973.349953,100,1358.598401
-4187.329964,100,1358.880305
-4394.329964,100,1359.162648
-5179.709957,100,1359.471318
-4109.279972,100,1359.762389
-4140.429958,100,1363.355649
-3024.939964,100,1363.52726
-3440.44997,100,1363.789707
-3569.249954,100,1364.092873
-2840.399963,100,1364.390357
-4612.249981,100,1364.697827
-3804.659958,100,1365.00029
-5061.349964,100,1365.305423
-4568.229961,100,1365.642907
-3185.749962,100,1365.944669
-3502.699959,100,1366.245207
-3579.409954,100,1366.550848
-5160.829967,100,1366.856891
-3450.759968,100,1367.173815
-4467.53997,100,1367.4919
-3116.339966,100,1367.809358
-2993.129955,100,1368.1152
-3556.969967,100,1368.756922
-3109.529964,100,1369.110169
-4236.50996,100,1369.431802
-3700.979961,100,1369.749326
-3123.259964,100,1374.171818
-3888.959961,100,1374.434482
-6242.319969,100,1374.772281
-3541.759972,100,1375.104941
-4476.829956,100,1375.478696
-4025.149963,100,1375.803904
-3454.849976,100,1376.116221
-4307.749962,100,1376.433106
-3865.34996,100,1376.744029
-3739.479961,100,1377.044809
-3414.659966,100,1377.339173
-2857.069958,100,1377.629934
-3051.129963,100,1377.914474
-2848.64996,100,1378.204433
-3978.519958,100,1378.496875
-4189.009964,100,1378.804523
-3453.549969,100,1379.088803
-3048.35997,100,1379.372548
-3419.439953,100,1379.890169
-3279.469955,100,1380.388563
-3504.799965,100,1385.762331
-3077.719948,100,1386.110275
-2395.259968,100,1390.459694
-3210.159962,100,1390.923002
-3894.239956,100,1391.601845
-3990.679966,100,1391.994231
-5165.289959,100,1392.545493
-4767.629963,100,1392.871102
-3066.709961,100,1393.23436
-4268.739967,100,1393.58433
-4606.849968,100,1393.827626
-4105.869965,100,1394.031361
-3601.439964,100,1394.223439
-2703.089958,100,1394.515925
-4138.119965,100,1394.835919
-4327.919979,100,1395.137223
-3629.00996,100,1395.344808
-3325.409958,100,1395.486386
-4832.689964,100,1395.631811
-4398.469959,100,1395.765857
-5506.049961,100,1395.919429
-3991.689957,100,1401.800232
-2911.809963,100,1402.080024
-4465.129963,100,1402.359771
-3210.539959,100,1402.662532
-3588.049965,100,1403.264257
-5089.689957,100,1403.580898
-3071.919964,100,1403.878139
-2957.209965,100,1404.164046
-4280.779957,100,1404.441776
-3049.679962,100,1404.718572
-3826.279961,100,1404.999879
-3822.669968,100,1405.277538
-3894.569965,100,1405.555516
-4619.01997,100,1405.831392
-3070.149967,100,1406.108637
-4839.359978,100,1406.383608
-3477.859966,100,1406.659811
-4554.279964,100,1406.934101
-1429.509953,100,1407.20305
-2401.719955,100,1407.475729
-3040.589958,100,1411.465068
-4841.499969,100,1411.601259
-3300.48996,100,1411.735221
-3500.079952,100,1411.869667
-3237.999966,100,1412.001092
-2945.079956,100,1412.135247
-3385.609966,100,1412.266004
-3863.719967,100,1412.399921
-5577.879963,100,1412.530575
-2641.979958,100,1412.688119
-4454.439953,100,1412.830765
-4430.749958,100,1412.979353
-4650.279961,100,1413.123876
-2632.369965,100,1413.270011
-4306.01997,100,1413.405886
-3083.369961,100,1413.540478
-4933.299953,100,1413.673608
-3425.879963,100,1413.807326
-3093.039963,100,1413.940942
-4719.569969,100,1414.069395
-3228.879959,100,1414.197794
-3975.559971,100,1416.506075
-5429.369961,100,1416.641691
-4063.109962,100,1416.782502
-4217.599968,100,1416.930282
-4110.98996,100,1417.072773
-3087.199974,100,1417.209219
-4888.559967,100,1417.345095
-2641.259953,100,1417.487355
-3715.709969,100,1417.630361
-3089.159962,100,1417.774597
-4769.979973,100,1417.903575
-3326.299976,100,1418.035852
-2726.669964,100,1418.163809
-4599.919968,100,1418.296755
-3420.17997,100,1418.423233
-5533.769955,100,1418.549374
-2942.169964,100,1418.677696
-3358.609955,100,1418.811199
-5555.789955,100,1418.960686
-3218.82996,100,1419.090819
-3206.93996,100,1424.590405
-4461.329967,100,1424.731081
-3879.359966,100,1424.891136
-3382.33997,100,1425.35091
-3341.629955,100,1425.784858
-3416.729965,100,1426.086674
-4288.879971,100,1426.373903
-3799.909966,100,1426.66036
-4207.159966,100,1426.936062
-4743.03997,100,1427.209235
-3713.509964,100,1427.478581
-2427.709961,100,1427.750731
-4216.529964,100,1428.01923
-3731.959965,100,1428.299558
-3378.419968,100,1428.57169
-3269.34996,100,1428.840219
-4046.679958,100,1429.12053
-4002.589973,100,1429.392481
-3864.209969,100,1429.673656
-4090.479969,100,1429.948195
-3709.839973,100,1439.273777
-3715.549965,100,1439.551858
-4832.69997,100,1439.826206
-2963.729961,100,1440.097531
-4033.269951,100,1440.365872
-5054.659958,100,1440.638782
-4329.589962,100,1440.906398
-4436.849968,100,1441.176803
-3288.349957,100,1441.447739
-3950.399963,100,1441.721099
-3282.519947,100,1441.990453
-4561.859962,100,1442.269291
-3276.979961,100,1442.542815
-4087.959953,100,1442.817665
-4445.679989,100,1443.09513
-3805.959961,100,1443.37608
-2991.93996,100,1443.653206
-3560.629955,100,1443.927757
-6190.939964,100,1444.193382
-3783.289959,100,1444.538146
-3277.969959,100,1444.854592
-5147.619953,100,1449.770428
-4094.079975,100,1449.892939
-3435.909954,100,1450.017933
-3687.259956,100,1450.156481
-3611.34996,100,1450.315794
-2783.74995,100,1450.469164
-3127.789955,100,1450.608861
-3739.809956,100,1450.743476
-2783.41996,100,1450.872394
-2997.429966,100,1450.997911
-2176.89996,100,1451.123714
-4527.00996,100,1451.255254
-3817.449955,100,1451.382018
-3868.779949,100,1451.518455
-4502.739967,100,1451.642884
-2846.639961,100,1451.784317
-3666.269962,100,1451.916621
-3272.969952,100,1452.047602
-4232.469959,100,1452.173167
-3090.129959,100,1452.30304
-3674.50996,100,1456.04808
-3634.809967,100,1456.187781
-3611.909962,100,1456.322529
-3326.779964,100,1456.454637
-3563.879963,100,1456.586536
-3768.499962,100,1456.721313
-4707.539959,100,1456.858232
-4093.969948,100,1456.99298
-2850.289959,100,1457.121093
-3107.589958,100,1457.256198
-2793.669956,100,1457.455687
-4048.889969,100,1457.628381
-3807.689964,100,1457.766343
-2971.829956,100,1457.904531
-4190.119972,100,1458.036113
-4738.969952,100,1458.169476
-3569.069954,100,1458.296864
-4541.449955,100,1458.426311
-3922.149971,100,1458.552354
-2675.149956,100,1458.678944
-2714.119953,100,1458.807043
-3080.239971,100,1462.640907
-2801.229965,100,1462.831224
-3993.069962,100,1463.00044
-2726.039967,100,1463.157459
-5396.58997,100,1463.567194
-3028.719959,100,1464.035331
-3795.509964,100,1464.191322
-3067.389969,100,1464.345133
-5048.009968,100,1464.545667
-4415.039963,100,1464.829383
-4845.349972,100,1465.270104
-3517.719955,100,1465.785406
-2969.24995,100,1466.093829
-3245.50996,100,1466.383318
-2729.399963,100,1466.666112
-3078.93996,100,1467.054403
-2799.979965,100,1467.203457
-4914.899967,100,1467.354521
-3352.619957,100,1467.490998
-4945.079967,100,1467.654718
-4711.699951,100,1474.114413
-3216.319965,100,1474.626343
-5637.319958,100,1475.270994
-3931.749973,100,1475.70332
-3604.529953,100,1476.010446
-3881.319958,100,1476.318847
-5603.249954,100,1476.629184
-5875.129951,100,1476.926561
-2929.379963,100,1477.227225
-2916.519962,100,1477.528822
-5167.669964,100,1477.826902
-3663.509956,100,1478.144943
-3831.889961,100,1478.447271
-4084.539963,100,1478.74539
-4191.329964,100,1479.043275
-3314.709965,100,1479.424057
-4235.439957,100,1479.78639
-3928.499966,100,1480.237701
-3455.299969,100,1484.554731
-2737.379963,100,1484.846538
-2425.359951,100,1485.141601
-1158.049957,100,1490.177549
-2835.669964,100,1490.332686
-2769.649963,100,1490.507787
-4081.889965,100,1490.683915
-4017.009968,100,1490.870376
-4240.109966,100,1491.035794
-3919.439957,100,1491.202151
-4928.379974,100,1491.369085
-2143.749966,100,1491.515725
-3404.609966,100,1491.656994
-4295.269958,100,1491.803768
-3017.229961,100,1491.949721
-3483.68996,100,1492.086647
-3418.989964,100,1492.228257
-2676.129955,100,1492.394533
-3847.109959,100,1492.595591
-3080.629951,100,1492.961185
-3911.789963,100,1493.19857
-3163.82996,100,1493.385179
-2717.649963,100,1493.580643
-4277.439964,100,1500.160582
-3680.799969,100,1500.380513
-2912.919964,100,1500.753458
-4912.469978,100,1501.080308
-4068.899963,100,1501.433797
-2682.269962,100,1501.794015
-5082.839954,100,1502.136692
-3033.219959,100,1502.503731
-2456.419968,100,1502.973849
-772.89996,100,1503.475346
-3364.779964,100,1503.873522
-4475.839973,100,1504.356284
-3326.949955,100,1504.828226
-4197.729961,100,1505.18565
-2350.609951,100,1505.564458
-3028.729961,100,1506.330866
-3604.909958,100,1507.09037
-2597.029953,100,1507.461143
-5132.249973,100,1508.365529
-4048.189968,100,1508.956533
-4050.64996,100,1509.325983
-2890.64996,100,1513.968916
-3067.859966,100,1514.117175
-3470.539963,100,1514.279506
-2481.369961,100,1514.465314
-4382.169968,100,1514.679281
-4884.229965,100,1514.889423
-5001.119965,100,1515.0858
-4084.749958,100,1515.44043
-3335.479969,100,1516.034282
-4158.879967,100,1516.417876
-3992.309963,100,1516.836601
-3478.639954,100,1517.18473
-3548.51997,100,1517.437168
-3316.18996,100,1517.786624
-4467.849953,100,1518.102313
-4923.209972,100,1518.478009
-4133.729973,100,1518.833837
-3872.139957,100,1519.189155
-3658.149956,100,1519.541027
-3852.91996,100,1519.946135
-1366.479958,100,1525.588622
-2677.479961,100,1525.76158
-5484.609974,100,1525.933915
-3399.98996,100,1526.118716
-2255.689957,100,1526.299807
-4789.48996,100,1526.47037
-2794.699951,100,1526.628532
-3884.749962,100,1526.794433
-3224.999958,100,1526.963501
-4447.229973,100,1527.125506
-2422.899956,100,1527.29884
-4025.709976,100,1527.456217
-2666.179955,100,1527.82285
-1887.48996,100,1528.190356
-2445.029964,100,1528.549718
-2422.359962,100,1528.874902
-2922.639961,100,1529.180775
-2890.119965,100,1529.480502
-4787.039967,100,1529.791529
-4286.609959,100,1530.088227
-4032.57996,100,1530.378615
-2944.789967,100,1534.257409
-2675.979961,100,1534.386643
-2949.109955,100,1534.518536
-3978.139961,100,1534.654169
-3021.209961,100,1534.879334
-4379.489956,100,1535.18213
-2939.279961,100,1535.498003
-2511.50996,100,1535.806621
-5001.569969,100,1536.108534
-2856.179962,100,1536.424131
-3166.439968,100,1536.997399
-3571.599968,100,1537.301736
-4362.669968,100,1537.599002
-4717.029968,100,1537.891656
-2990.719963,100,1538.184877
-1645.759956,100,1542.23163
-4092.889961,100,1542.502607
-2532.249958,100,1542.786536
-2980.289963,100,1543.098227
-3798.689949,100,1543.402133
-4727.289967,100,1549.858089
-3218.089966,100,1550.172908
-2538.029964,100,1550.542736
-2284.229969,100,1551.221636
-2518.909954,100,1551.437669
-3913.199959,100,1551.605567
-3582.519951,100,1551.823491
-3687.849957,100,1552.210776
-2755.179958,100,1552.533215
-3725.66996,100,1552.927581
-4127.359962,100,1553.381411
-3601.889961,100,1553.905376
-3941.079964,100,1554.199202
-4055.019958,100,1554.49217
-4191.639965,100,1554.806013
-3784.479958,100,1555.106839
-4501.479954,100,1555.399886
-3422.25996,100,1555.699261
-3499.759964,100,1556.116212
-4155.419968,100,1556.446391
-2959.14996,100,1556.771802
-2245.209953,100,1562.476545
-3827.739975,100,1562.792884
-2775.369961,100,1563.010837
-5949.929962,100,1563.174149
-4287.249969,100,1563.344609
-4056.319969,100,1563.51408
-3701.929962,100,1563.678416
-3880.029961,100,1563.903845
-3963.849964,100,1564.34257
-3514.459957,100,1564.661146
-2469.219963,100,1564.967346
-3381.799961,100,1565.262851
-3817.42997,100,1565.558058
-2951.25996,100,1565.912854
-3838.389965,100,1566.217628
-4546.359955,100,1566.521171
-4083.049965,100,1566.915309
-3532.699966,100,1567.246259
-3451.759956,100,1567.549887
-4132.619957,100,1567.84474
-3055.489956,100,1573.781666
-4340.819965,100,1574.06474
-3528.279964,100,1574.348234
-3414.379967,100,1574.63157
-3113.569958,100,1574.917197
-2624.019962,100,1575.241884
-4724.98996,100,1575.551287
-3515.719967,100,1575.879664
-4769.739971,100,1576.178104
-4004.419968,100,1576.425982
-3708.479958,100,1576.587525
-3221.969955,100,1576.758698
-1095.029964,100,1576.930109
-3983.409958,100,1577.101652
-4578.139954,100,1577.267332
-3625.099964,100,1577.425548
-3207.289948,100,1577.588751
-2743.939964,100,1577.735494
-3555.31995,100,1577.95678
-5243.699963,100,1578.136737
-4697.739967,100,1578.298477
-4121.459961,100,1582.740536
-3043.169964,100,1582.884483
-4389.759953,100,1583.03974
-4527.569954,100,1583.207036
-5082.679981,100,1583.367752
-4262.369972,100,1583.538562
-3705.909962,100,1583.721517
-5689.729958,100,1583.891294
-5101.539967,100,1584.080033
-3601.659958,100,1584.366576
-3433.679962,100,1584.902441
-3299.849968,100,1585.238739
-4842.479969,100,1585.67306
-3331.999962,100,1586.17293
-3459.069962,100,1586.582438
-2666.819962,100,1587.015805
-3640.309963,100,1587.357753
-3553.879959,100,1587.683282
-4282.879967,100,1587.980462
-6701.899963,100,1588.666631
-3547.519958,100,1598.910557
-5720.169968,100,1599.312191
-2954.629959,100,1599.639138
-4908.099972,100,1600.16694
-3149.279961,100,1600.527254
-4777.479961,100,1600.870571
-3418.529957,100,1601.572733
-4127.16996,100,1602.198791
-5421.689968,100,1603.06371
-3625.329967,100,1603.823562
-3594.469959,100,1604.407659
-3363.069954,100,1604.80175
-3759.059956,100,1605.022868
-3419.559971,100,1608.777302
-3990.34996,100,1609.062093
-4403.039974,100,1609.2864
-3779.689972,100,1609.493506
-2979.219975,100,1609.693727
-4259.579964,100,1609.869217
-3392.669956,100,1610.034713
-4687.799957,100,1610.329307
-3945.309971,100,1615.75847
-3887.899956,100,1616.09287
-3711.489964,100,1616.424645
-3302.309944,100,1616.78804
-4656.049957,100,1617.112772
-3830.099972,100,1617.443872
-3190.279961,100,1617.74452
-3655.299965,100,1618.116029
-4269.03997,100,1618.488697
-3057.799957,100,1618.785194
-3319.179951,100,1619.072999
-3534.699963,100,1619.355759
-2198.049965,100,1619.638154
-4775.729961,100,1619.923579
-3399.389969,100,1620.216228
-4923.769955,100,1620.510904
-4077.969959,100,1620.811802
-3443.959949,100,1621.107105
-3530.869961,100,1621.408132
-4042.129963,100,1621.706213
-3527.919956,100,1626.392759
-3334.809971,100,1626.542786
-4200.519978,100,1626.677852
-2952.83997,100,1626.823931
-2334.749958,100,1626.971354
-5792.059971,100,1627.122452
-3919.299965,100,1627.263973
-3332.259953,100,1627.412035
-4397.199963,100,1627.555939
-5268.919968,100,1627.69206
-4079.239967,100,1627.821683
-3026.439968,100,1627.968753
-2436.959961,100,1628.111256
-3338.75996,100,1628.25078
-3588.729958,100,1628.399731
-3805.939957,100,1628.538204
-3720.779961,100,1628.67756
-3357.39996,100,1628.817865
-2604.999973,100,1628.95973
-5576.389965,100,1629.095725
-5539.199963,100,1629.232631
-3816.109962,100,1633.699202
-5627.849964,100,1633.872619
-3439.469959,100,1634.364701
-3679.069954,100,1634.922295
-3729.869972,100,1635.252433
-3510.569962,100,1635.55829
-3317.679951,100,1635.857599
-3637.349953,100,1636.421133
-2396.429958,100,1636.596349
-3242.339954,100,1636.747427
-4250.839958,100,1636.89801
-6719.389965,100,1637.201543
-3261.68996,100,1637.355345
-4274.639969,100,1637.499913
-3414.789963,100,1637.648857
-2949.639969,100,1637.813726
-4971.319962,100,1637.966915
-3883.529957,100,1638.478292
-3871.989967,100,1638.781838
-5139.049965,100,1639.073998
-3308.869961,100,1645.311522
-4143.999966,100,1645.591617
-4131.429966,100,1645.871778
-3160.849964,100,1646.182006
-5051.389957,100,1646.465557
-3595.639969,100,1646.751816
-3829.409958,100,1647.053097
-4483.959957,100,1647.357005
-3396.459965,100,1647.663249
-3954.499969,100,1647.962743
-4109.579956,100,1648.261085
-3748.28997,100,1648.555458
-3744.699959,100,1648.842366
-4775.199963,100,1649.138049
-3906.47995,100,1649.431339
-5242.269974,100,1649.713994
-4160.269966,100,1649.993436
-2898.499958,100,1650.281504
-4251.489967,100,1650.561666
-2570.689953,100,1650.847412
-3209.159966,100,1651.12794
-4007.909962,100,1657.515755
-3132.26997,100,1657.797454
-1910.09996,100,1658.076301
-5271.569965,100,1658.364183
-3021.949955,100,1658.645989
-1959.709957,100,1658.926383
-2737.689957,100,1659.208359
-4212.649963,100,1659.496591
-4668.50996,100,1659.775427
-3047.619961,100,1660.057258
-4326.679955,100,1662.453278
-4222.049953,100,1662.734263
-2589.53997,100,1663.156348
-4032.75996,100,1663.479977
-3219.339958,100,1663.773877
-3278.73996,100,1664.076309
-4364.029964,100,1664.411122
-1884.609959,100,1664.702587
-3869.679962,100,1665.005569
-5566.219959,100,1665.298891
-4907.419956,100,1669.41001
-2196.909962,100,1669.535641
-2573.999958,100,1669.664941
-5235.559963,100,1669.800905
-3133.079964,100,1669.942938
-3227.92997,100,1670.098774
-4519.73996,100,1670.242216
-847.879971,100,1670.377112
-4830.299965,100,1670.514127
-2633.429955,100,1670.651147
-2398.059963,100,1670.790471
-2131.90995,100,1670.969366
-3911.50996,100,1671.263711
-4819.179966,100,1671.550731
-4548.879967,100,1671.835609
-3326.759968,100,1672.116765
-3387.309959,100,1672.398206
-5373.969971,100,1672.678735
-3222.069962,100,1672.967516
-2215.379955,100,1673.264687
-4540.409962,100,1673.55948
-3753.56995,100,1679.265517
-5103.439968,100,1679.405753
-4977.809967,100,1679.54118
-3367.509964,100,1679.67907
-2887.68996,100,1679.818499
-3591.799961,100,1680.411911
-5057.519958,100,1680.736112
-3116.25996,100,1681.257067
-3407.009956,100,1681.664918
-3827.729958,100,1681.967123
-4449.529961,100,1682.264622
-1890.309967,100,1682.573186
-4534.009972,100,1682.893752
-4196.139965,100,1683.203519
-3725.709946,100,1683.505723
-4391.549969,100,1683.795141
-3039.959972,100,1684.081095
-3998.129951,100,1684.361173
-2968.209965,100,1684.64176
-1446.939964,100,1684.922825
-1267.239964,100,1687.699703
-3058.899963,100,1687.848941
-3707.929962,100,1688.025685
-4119.939968,100,1688.234492
-2978.829964,100,1688.4853
-3327.119965,100,1688.741571
-3957.32996,100,1688.995351
-2656.199959,100,1689.249571
-3683.169964,100,1689.502446
-3398.539967,100,1689.748878
-4008.209961,100,1689.983747
-4197.709976,100,1690.158503
-2428.269958,100,1690.331177
-2627.729958,100,1690.50411
-4899.139961,100,1690.676092
-4133.819965,100,1690.9635
-2841.009956,100,1691.276932
-4169.749962,100,1691.571863
-1967.129951,100,1691.872804
-4538.199966,100,1692.161711
-3253.279961,100,1692.443858
-2334.749969,100,1696.481077
-5429.919968,100,1696.613102
-2915.699966,100,1696.772504
-3220.089962,100,1696.915848
-3685.90995,100,1697.067865
-2757.619961,100,1697.207599
-4032.869957,100,1697.39536
-6331.939953,100,1697.545655
-3010.399956,100,1697.692467
-4102.289963,100,1697.833447
-5074.32996,100,1698.093588
-5122.919956,100,1698.255346
-4914.179977,100,1698.46973
-3684.399979,100,1698.643428
-3512.649956,100,1698.819397
-3651.649967,100,1699.073132
-2871.929966,100,1699.365779
-3350.079964,100,1699.605332
-2687.929962,100,1699.739197
-3686.709961,100,1699.884563
-2842.459946,100,1702.558728
-2463.009964,100,1702.756129
-3149.159962,100,1702.956098
-3301.599964,100,1703.124651
-2750.449951,100,1703.267216
-3863.359962,100,1703.424384
-4775.129944,100,1703.576719
-4360.869965,100,1703.730679
-3937.229969,100,1705.879215
-4076.309967,100,1706.034094
-2035.269958,100,1706.197706
-2726.679958,100,1706.382052
-3408.91996,100,1706.52673
-3593.159966,100,1706.745312
-3421.79995,100,1706.959487
-4140.329967,100,1707.175417
-4003.329956,100,1707.402207
-4138.999962,100,1707.649847
-3130.809967,100,1707.796178
-4077.329967,100,1707.956235
-4621.999954,100,1712.188557
-5008.289959,100,1712.446813
-3191.819958,100,1712.658627
-3746.379963,100,1712.848051
-2324.079967,100,1713.051343
-2623.259956,100,1713.22498
-4146.32996,100,1713.399527
-4024.879967,100,1713.56273
-3558.969963,100,1713.708266
-2052.079952,100,1713.869634
-2279.959972,100,1714.023237
-4653.299961,100,1714.178943
-4409.029953,100,1714.344718
-5291.169964,100,1714.496532
-2418.449955,100,1714.64173
-2562.999958,100,1714.789836
-3865.299973,100,1714.946889
-4555.94997,100,1715.087523
-4098.359974,100,1715.222711
-4349.33997,100,1715.365999
-2327.259953,100,1715.506121
-2216.339954,100,1719.630227
-4682.669956,100,1719.858302
-3581.019958,100,1720.710753
-3309.239956,100,1721.537008
-5168.849976,100,1721.712797
-2745.879955,100,1721.875929
-4841.339966,100,1722.241178
-3403.059959,100,1722.738719
-2547.199955,100,1723.10268
-4348.209961,100,1723.432157
-4230.929955,100,1723.743516
-4206.629967,100,1724.149664
-3846.299969,100,1724.331727
-3101.219959,100,1724.505536
-3613.029968,100,1724.758796
-4159.729969,100,1724.954389
-3342.559959,100,1725.177082
-2568.309956,100,1725.353434
-3085.42997,100,1725.509437
-3874.699966,100,1725.678455
-3476.759949,100,1728.337376
-2382.219959,100,1728.478598
-2603.029953,100,1728.611117
-3385.439949,100,1728.755593
-3599.729965,100,1728.891222
-4198.919964,100,1729.022363
-3887.859959,100,1729.157146
-4405.579964,100,1729.291275
-3733.189968,100,1729.413858
-2571.879967,100,1729.54807
-2191.179962,100,1729.669699
-2509.89996,100,1729.800846
-4366.10997,100,1729.935413
-3995.479961,100,1730.073927
-4267.319977,100,1730.201985
-3497.529957,100,1730.338803
-4521.569962,100,1730.471614
-3005.199963,100,1730.60918
-2963.429962,100,1730.748555
-3409.489967,100,1730.883779
-2623.789951,100,1731.02833
-4138.299961,100,1734.013808
-3136.149956,100,1734.155977
-2859.039951,100,1734.286609
-4883.319962,100,1734.423449
-4509.599968,100,1734.553397
-3234.509968,100,1734.696536
-4104.219963,100,1734.842813
-2573.979958,100,1734.978898
-3171.289963,100,1735.130765
-3455.479965,100,1735.260639
-3650.619968,100,1735.393924
-3483.329952,100,1735.521522
-3335.489967,100,1735.664066
-4456.619968,100,1735.797766
-3577.219952,100,1735.946608
-3105.539963,100,1736.096521
-4212.439968,100,1736.23812
-3852.729958,100,1736.405107
-3209.94997,100,1736.590943
-4690.35997,100,1736.791603
-1804.529953,100,1739.850343
-3531.699959,100,1739.982621
-3788.299961,100,1740.107995
-4826.629971,100,1740.243399
-3383.509949,100,1740.374123
-3262.489964,100,1740.505752
-4006.479965,100,1742.547046
-2757.299961,100,1742.694568
-5064.149963,100,1742.841656
-5652.529957,100,1743.022254
-4053.149948,100,1743.21122
-4075.469967,100,1743.375699
-3343.899956,100,1743.524405
-5988.59996,100,1743.686837
-3866.159966,100,1743.842114
-3555.869961,100,1744.028861
-4547.929962,100,1744.185943
-4672.909973,100,1744.334549
-2891.72995,100,1744.473809
-3018.949947,100,1744.615533
-3675.339954,100,1744.777241
-3753.029953,100,1748.065907
-2726.889961,100,1748.24676
-4296.619957,100,1748.427448
-4325.619961,100,1748.617822
-4459.019966,100,1748.764977
-3099.819965,100,1748.920627
-5462.559986,100,1749.069496
-4626.589962,100,1749.220914
-5260.159981,100,1749.357213
-2512.119961,100,1749.494454
-4666.819965,100,1749.627114
-4153.659958,100,1749.766184
-3227.639954,100,1749.908036
-4554.23996,100,1750.053492
-1930.439964,100,1750.204555
-3967.689968,100,1750.348802
-3013.649967,100,1750.49661
-3681.75996,100,1750.635926
-2897.469959,100,1750.780565
-3714.229958,100,1750.918744
-4302.669971,100,1753.857348
-4671.08997,100,1754.027809
-3144.869957,100,1754.186611
-3876.329964,100,1754.353274
-3788.359966,100,1754.507809
-4025.539963,100,1754.661986
-3700.469955,100,1754.872003
-3515.259964,100,1755.044081
-4655.039967,100,1755.203944
-4188.009975,100,1755.380066
-2473.979965,100,1755.580323
-3085.569962,100,1755.731296
-2472.439964,100,1755.907631
-3334.349949,100,1756.073686
-3767.89996,100,1756.231523
-5746.729954,100,1756.438494
-4030.079964,100,1756.695755
-4088.109959,100,1757.028284
-1523.089962,100,1757.434527
-2721.719971,100,1757.739789
-4625.069962,100,1758.030772
-3395.619961,100,1762.183936
-4044.539963,100,1762.331172
-3622.509964,100,1762.481228
-2993.719959,100,1762.689684
-3835.659946,100,1763.776214
-2871.309959,100,1764.122174
-4087.529968,100,1764.43307
-4062.999973,100,1764.763821
-4567.409977,100,1765.499264
-3570.469963,100,1765.813909
-2852.549973,100,1766.312618
-3532.109955,100,1766.61791
-3085.94997,100,1766.92216
-3985.75996,100,1767.21743
-2922.409958,100,1767.522739
-3834.699959,100,1767.824359
-4016.429962,100,1768.113821
-5086.259956,100,1768.405832
-2993.479958,100,1768.693628
-3854.219967,100,1768.973935
-4525.829964,100,1775.661928
-2490.679966,100,1775.94074
-4905.699966,100,1776.215536
-2154.769955,100,1776.490104
-3173.269966,100,1776.787668
-4593.899963,100,1777.090459
-4003.98996,100,1777.384523
-4422.169968,100,1777.67732
-5325.719967,100,1777.960702
-2883.049965,100,1778.243689
-3632.319965,100,1778.529575
-2894.109966,100,1778.812409
-4089.03997,100,1779.098643
-5779.899971,100,1779.391324
-5334.909966,100,1779.672846
-5205.519962,100,1779.953762
-4816.259968,100,1780.235031
-4618.949959,100,1780.51419
-4469.289978,100,1780.793115
-3483.039955,100,1781.075627
-4426.679958,100,1781.361483
-5169.839973,100,1787.610927
-3717.739971,100,1787.894738
-3904.599968,100,1788.177685
-6076.739964,100,1792.367586
-3893.819965,100,1792.65138
-6252.389969,100,1792.939985
-3325.69997,100,1793.270024
-2085.429962,100,1793.57585
-3585.529957,100,1793.916351
-2624.179966,100,1794.222354
-4928.069973,100,1794.518178
-4140.449963,100,1794.81079
-3097.979961,100,1795.097202
-4917.849964,100,1795.393532
-2937.809967,100,1795.68131
-3230.859962,100,1795.964059
-4529.289967,100,1796.24773
-4125.159954,100,1796.530142
-3582.059956,100,1796.810205
-4361.229969,100,1797.090486
-3314.31995,100,1802.489497
-4762.629963,100,1802.635803
-3841.50996,100,1802.794924
-3397.219963,100,1802.945273
-2343.179974,100,1803.122399
-2282.219955,100,1803.308645
-3843.349953,100,1803.457382
-4397.59996,100,1803.606264
-3733.889954,100,1803.758981
-3364.469955,100,1803.903223
-2176.679955,100,1804.047798
-2738.34996,100,1804.186699
-4127.569965,100,1804.326792
-3991.759964,100,1804.499141
-3638.529957,100,1804.882137
-4327.91996,100,1805.376484
-4379.919949,100,1805.534483
-2927.039978,100,1805.688874
-3892.519962,100,1805.832307
-3685.419956,100,1806.45749
-2801.759964,100,1806.807551
-2569.10997,100,1811.679148
-6790.929966,100,1811.807988
-2767.759968,100,1811.947531
-4960.559963,100,1812.103612
-5524.859962,100,1812.233626
-4743.709969,100,1812.374979
-3863.109966,100,1812.514711
-3621.019962,100,1812.659135
-3613.199955,100,1812.809346
-6180.129982,100,1812.99613
-3928.439957,100,1813.172248
-4653.509979,100,1813.334811
-4651.949963,100,1813.49733
-4280.049961,100,1813.657594
-2927.049957,100,1813.811578
-4036.339954,100,1813.976053
-3863.839962,100,1814.198623
-4030.129959,100,1814.354751
-3249.839954,100,1814.503564
-2624.789955,100,1814.645646
-5343.989964,100,1821.073142
-3481.379971,100,1821.364263
-3287.629963,100,1821.653471
-2181.13995,100,1821.940609
-4734.479961,100,1822.225175
-2634.129967,100,1822.505302
-4583.049965,100,1822.791043
-4506.939964,100,1823.083669
-3925.819962,100,1823.387809
-4634.649975,100,1823.682218
-3864.799961,100,1823.975563
-5169.809967,100,1824.265847
-3590.319965,100,1824.556815
-3423.549953,100,1824.983215
-4168.709957,100,1825.292856
-2498.699955,100,1825.58588
-1684.389961,100,1825.873012
-5473.639957,100,1826.184512
-3408.949966,100,1826.477748
-4288.909969,100,1826.768088
-2407.789959,100,1827.077371
-4412.889973,100,1833.804178
-2128.009968,100,1834.017646
-3766.629951,100,1834.259852
-3936.66996,100,1834.555756
-2896.84996,100,1834.851585
-4197.029968,100,1835.151736
-3052.879959,100,1835.437018
-4637.259975,100,1835.723324
-3778.719959,100,1836.01454
-4167.719959,100,1836.300603
-5729.889973,100,1836.58625
-4096.51997,100,1836.867873
-3969.389965,100,1837.155375
-2581.459953,100,1837.439603
-3249.209949,100,1837.724532
-5377.359962,100,1838.013108
-2848.179955,100,1838.309932
-2931.949966,100,1838.60346
-4045.23996,100,1838.895653
-3665.539959,100,1839.214671
-5125.20998,100,1843.545789
-3765.779953,100,1845.636695
-4348.769974,100,1845.79746
-4134.389965,100,1845.948383
-4471.13995,100,1846.100876
-4027.209965,100,1846.27249
-3120.879967,100,1846.875036
-3424.799957,100,1847.418288
-2730.689957,100,1847.583894
-4567.759975,100,1847.740196
-3736.299965,100,1847.890528
-4332.339966,100,1848.384864
-3577.749977,100,1848.847593
-3736.879971,100,1849.222432
-3562.459961,100,1849.549839
-2596.309959,100,1850.084716
-3858.029972,100,1850.403939
-3647.969963,100,1850.708931
-4498.699974,100,1851.250736
-5728.229969,100,1851.570087
-4965.029957,100,1851.865796
-3154.279964,100,1857.067124
-2725.169964,100,1857.222422
-3354.58997,100,1857.400573
-4869.239952,100,1857.664927
-5093.749981,100,1858.000854
-3464.069965,100,1858.320088
-3284.899967,100,1858.620884
-4029.43996,100,1858.918248
-4565.059963,100,1859.250452
-4904.399963,100,1859.555027
-5053.539955,100,1859.853883
-4616.219978,100,1860.151794
-3440.719959,100,1860.455843
-4724.57996,100,1860.742807
-3111.029961,100,1861.032598
-4402.429966,100,1861.324438
-3349.829956,100,1861.613268
-6103.919968,100,1861.903034
-4305.549961,100,1862.191844
-2887.129971,100,1862.479918
-3797.069965,100,1868.904851
-6093.169971,100,1869.21632
-4548.709972,100,1869.525031
-3690.99995,100,1869.860379
-3828.569965,100,1870.193851
-3989.619968,100,1870.536453
-4305.339954,100,1870.750072
-3095.659962,100,1870.951995
-5286.789974,100,1871.183531
-3205.719959,100,1871.513678
-4773.619968,100,1871.858021
-3087.579956,100,1872.208739
-1744.41996,100,1872.603764
-4654.049965,100,1873.07287
-4675.349968,100,1873.487531
-4433.169968,100,1873.734619
-4860.229977,100,1874.598344
-4836.33997,100,1875.17909
-3926.989964,100,1875.421436
-4537.049961,100,1875.647336
-3630.819958,100,1875.967844
-3715.909969,100,1882.93656
-2843.43996,100,1883.353618
-4153.959965,100,1883.741419
-2972.149967,100,1884.051232
-3568.879959,100,1884.387809
-2807.649963,100,1884.692636
-4432.08997,100,1885.047693
-5074.67997,100,1885.372367
-4044.729961,100,1885.69046
-4229.239964,100,1886.001001
-4302.489967,100,1886.358865
-5494.029961,100,1886.677481
-2379.039967,100,1886.980255
-2692.099964,100,1887.287049
-5553.26997,100,1887.58958
-3117.309963,100,1888.0298
-3890.129967,100,1888.421782
-4253.319958,100,1889.428521
-3954.909966,100,1889.889437
-4267.569962,100,1890.532541
-4165.579971,100,1897.553459
-2817.899975,100,1897.75512
-3834.599957,100,1897.935538
-3883.759953,100,1898.365189
-3218.579971,100,1898.577303
-5454.199966,100,1899.085444
-4010.199959,100,1900.171211
-4903.359974,100,1900.8269
-3329.609959,100,1901.119268
-1633.869957,100,1901.493919
-3699.139965,100,1901.963614
-2053.979958,100,1902.340985
-2943.509956,100,1902.832482
-2818.069969,100,1903.392413
-2046.719967,100,1903.823189
-3827.369968,100,1904.157691
-4068.279961,100,1904.489137
-4025.719967,100,1904.80434
-3341.869965,100,1905.147858
-4226.25996,100,1909.632555
-3425.41996,100,1909.919553
-2050.899963,100,1917.143547
-3959.949974,100,1917.436991
-2312.499954,100,1917.739625
-2378.969967,100,1918.069765
-2940.449959,100,1918.442055
-3318.929962,100,1918.773446
-4136.25996,100,1919.099832
-4349.989956,100,1919.480285
-3246.85997,100,1920.044377
-3304.509964,100,1920.49439
-3837.439964,100,1920.841703
-1704.479958,100,1921.166719
-2521.949959,100,1921.596931
-3913.329967,100,1921.879449
-3180.09996,100,1922.084337
-2742.049965,100,1922.275904
-3054.139965,100,1922.486175
-2359.989964,100,1922.750674
-4886.789967,100,1923.32024
-4395.319969,100,1923.760038
-3448.139965,100,1928.747624
-2971.429958,100,1928.908865
-5141.939964,100,1929.061083
-2800.959953,100,1929.220363
-3364.00996,100,1929.427936
-3828.169968,100,1929.639438
-4085.689953,100,1929.836085
-2573.969963,100,1930.064729
-2945.139961,100,1930.256829
-3426.699959,100,1930.443386
-2231.789963,100,1930.706681
-4424.079964,100,1930.917884
-3967.739964,100,1931.226931
-4330.909966,100,1931.617174
-3413.619976,100,1932.770215
-3857.029953,100,1933.084866
-4717.699959,100,1933.828505
-3701.929958,100,1934.112346
-1774.359966,100,1934.307342
-3065.929958,100,1934.508657
-2695.339951,100,1934.852741
-3916.599964,100,1939.64944
-2226.369961,100,1939.81335
-4035.619961,100,1940.023818
-3216.489956,100,1940.243711
-4137.129955,100,1940.541764
-2947.859966,100,1940.74369
-2472.819962,100,1940.984725
-3281.579956,100,1941.19584
-2498.559959,100,1941.622807
-4814.049969,100,1941.995476
-4226.269958,100,1942.393196
-3518.869968,100,1942.950426
-3094.869965,100,1943.491754
-2398.64996,100,1943.860977
-4689.159962,100,1944.07932
-3478.28997,100,1944.220102
-2799.64996,100,1944.376861
-2718.959957,100,1944.53719
-3197.409969,100,1944.770478
-2128.719963,100,1945.185159
-3060.199963,100,1951.381808
-1947.619968,100,1951.66062
-4538.849953,100,1951.948154
-2845.149967,100,1952.237107
-4312.649956,100,1952.539277
-3548.789963,100,1952.830861
-3083.659958,100,1953.151938
-3944.629963,100,1953.468894
-4822.869961,100,1953.774333
-1924.439964,100,1954.071693
-1636.259956,100,1954.368734
-3935.649963,100,1954.668709
-1902.499962,100,1954.96278
-2898.349964,100,1955.252457
-3929.309978,100,1955.546583
-3411.629971,100,1955.840451
-3664.599976,100,1956.405467
-4002.039963,100,1956.713261
-3607.299961,100,1957.017682
-4515.879971,100,1957.337102
-1840.779957,100,1957.6568
-2465.169968,100,1963.618653
-2972.529964,100,1963.748861
-3119.309959,100,1963.905865
-2558.019958,100,1964.042027
-2500.869957,100,1964.192984
-2931.749966,100,1964.352382
-3235.659958,100,1964.513803
-4240.249966,100,1964.675616
-3127.569958,100,1964.849179
-2987.969955,100,1964.993704
-2566.689964,100,1965.145136
-4345.859959,100,1965.309069
-3124.629959,100,1965.478415
-3765.859966,100,1965.635849
-4987.109974,100,1965.77678
-4104.899956,100,1965.947841
-2908.91996,100,1968.140225
-3298.999962,100,1968.281183
-2735.519962,100,1968.428406
-3073.959953,100,1968.617013
-4813.249977,100,1973.897172
-2492.719971,100,1974.483331
-4164.179958,100,1975.110241
-4140.579964,100,1975.592326
-5047.519981,100,1976.130765
-2923.669964,100,1976.64316
-2371.07996,100,1976.967016
-1884.559963,100,1977.2703
-3658.639961,100,1977.579301
-2325.64996,100,1978.047434
-4204.719959,100,1978.406751
-2227.049957,100,1978.738982
-2237.619965,100,1979.05834
-4103.139961,100,1979.371833
-3352.779968,100,1979.668913
-4755.709976,100,1979.96277
-2571.269974,100,1980.258441
-2210.369965,100,1980.560715
-3277.809956,100,1980.855467
-2568.659962,100,1981.147722
-4107.939968,100,1987.660138
-2614.229965,100,1987.958398
-3293.569965,100,1988.245636
-3418.339962,100,1988.544693
-4000.239964,100,1988.844713
-2963.359962,100,1989.138134
-4756.119961,100,1989.431807
-2170.549953,100,1989.726995
-3854.059956,100,1990.02983
-2660.609962,100,1990.411051
-2378.899971,100,1990.77551
-3448.159958,100,1991.332572
-3361.439964,100,1991.630691
-2279.18996,100,1991.922652
-2020.009968,100,1992.210945
-2619.23996,100,1992.505656
-3940.28997,100,1992.801375
-4789.629955,100,1993.13318
-2295.049969,100,1993.451303
-2988.849964,100,1993.769373
-3462.149956,100,1994.065706
-4043.569973,100,2000.331758
-3127.779957,100,2000.8641
-3969.619968,100,2001.260918
-2678.929966,100,2001.669918
-4099.109962,100,2002.444866
-1372.239964,100,2002.828934
-4225.129963,100,2003.291406
-3546.499966,100,2003.644604
-2754.34996,100,2003.959505
-3657.389969,100,2004.257508
-2511.50996,100,2004.555423
-2948.979958,100,2004.856943
-2822.949951,100,2005.158216
-3181.249958,100,2005.460878
-1703.94997,100,2005.755244
-4899.13998,100,2006.053046
-3066.169964,100,2006.357088
-3337.069969,100,2006.672037
-4060.419968,100,2006.989824
-4197.719963,100,2007.331169
-1557.409973,100,2013.98923
-4633.059967,100,2014.270827
-1509.349953,100,2014.550356
-3289.17997,100,2015.092474
-2482.429962,100,2015.429866
-3662.569965,100,2015.835134
-3062.299957,100,2016.505094
-4159.459965,100,2016.666764
-3395.979965,100,2016.839429
-2809.729965,100,2017.029501
-4131.509964,100,2017.206503
-2503.359966,100,2017.39335
-1763.969963,100,2017.554694
-1479.409954,100,2017.9153
-2187.959953,100,2018.07865
-4177.559956,100,2018.240926
-2930.499966,100,2018.540016
-3462.049965,100,2019.278811
-3010.309967,100,2019.608218
-3648.239952,100,2019.945376
-737.829952,100,2020.248211
-1650.989967,100,2026.618118
-4369.739952,100,2026.921822
-3266.149967,100,2027.218831
-4774.749969,100,2027.673335
-5132.059978,100,2028.014912
-2678.28997,100,2028.317111
-2976.22995,100,2028.616214
-3159.34996,100,2028.840682
-2985.929958,100,2029.013816
-1634.75996,100,2029.150418
-3178.26997,100,2029.301628
-3304.009968,100,2029.4581
-3429.369953,100,2029.614134
-2751.779968,100,2029.780133
-3733.989975,100,2031.897425
-1908.639961,100,2032.027668
-3161.969967,100,2032.165149
-4280.559959,100,2032.30965
-3257.199963,100,2032.454218
-3038.789963,100,2032.616198
-2389.479961,100,2036.924435
-2271.249958,100,2037.067836
-2939.939957,100,2037.222569
-2794.159962,100,2037.371436
-2540.339958,100,2037.529486
-981.66996,100,2037.700658
-3122.199963,100,2037.851837
-3384.91996,100,2038.008613
-1171.409958,100,2038.156056
-2760.849957,100,2038.328477
-3682.08997,100,2038.489748
-6089.809959,100,2038.651702
-3371.609962,100,2038.822976
-3892.349949,100,2039.072442
-2483.429962,100,2039.428759
-2170.249958,100,2039.580449
-4020.73996,100,2039.741144
-3121.499962,100,2039.985428
-2323.039959,100,2040.299744
-2749.699963,100,2040.600843
-3528.259968,100,2040.898134
-1547.049965,100,2046.705828
-3065.749969,100,2046.861171
-1490.609959,100,2047.013361
-1660.519955,100,2047.176212
-3070.429966,100,2047.348351
-2313.509956,100,2047.523468
-2347.149956,100,2047.676115
-4605.839958,100,2047.878648
-3629.82996,100,2048.02601
-3015.619957,100,2048.242099
-2743.219955,100,2048.428811
-2911.449955,100,2048.593071
-3342.349964,100,2048.765513
-3464.449966,100,2048.938727
-3063.209957,100,2049.103466
-2884.999954,100,2049.262057
-3309.769966,100,2049.420766
-4012.439957,100,2049.575918
-4509.739971,100,2049.73577
-1960.719963,100,2049.891414
-2327.019962,100,2052.518306
-3635.689968,100,2052.707834
-3219.919952,100,2052.89584
-3916.009968,100,2053.052073
-2763.469952,100,2053.503817
-4825.089962,100,2053.67811
-3541.339962,100,2053.837385
-2492.409973,100,2054.029495
-3681.529961,100,2054.199724
-3281.909954,100,2054.36357
-2502.979958,100,2054.523726
-2962.189957,100,2054.680343
-3605.079967,100,2054.835444
-2545.989964,100,2054.999992
-1881.229965,100,2055.157487
-2827.049965,100,2055.335785
-3102.489967,100,2055.483354
-4030.509972,100,2055.638739
-3456.719963,100,2055.79185
-3305.019966,100,2055.939903
-1988.319958,100,2056.12443
-2896.349968,100,2062.288497
-1738.919979,100,2062.421103
-3347.539959,100,2062.593688
-4818.189976,100,2062.790292
-4535.039963,100,2062.98762
-2854.339947,100,2063.150084
-3035.439964,100,2063.314931
-2176.519966,100,2063.604014
-2830.269962,100,2063.914456
-2871.909954,100,2064.222178
-1987.439964,100,2064.523776
-2918.279961,100,2064.821697
-3297.689964,100,2065.114708
-2294.969959,100,2065.40866
-2203.099957,100,2065.698453
-1991.959961,100,2065.986036
-3396.949966,100,2066.277588
-3782.249969,100,2066.565738
-4061.019978,100,2066.860452
-3108.119961,100,2067.153507
-3962.369968,100,2073.522703
-3578.339958,100,2073.806189
-2788.59996,100,2074.087711
-2931.119957,100,2074.37385
-3323.859962,100,2074.658833
-4221.859959,100,2074.957682
-2510.209961,100,2075.250032
-2906.089958,100,2075.543602
-2777.66996,100,2075.82887
-2411.899963,100,2076.113247
-1474.339958,100,2076.400576
-2505.059967,100,2076.68565
-2877.94997,100,2080.564713
-2287.059959,100,2080.684592
-3163.679958,100,2080.818512
-3494.769966,100,2080.954618
-2092.879951,100,2081.105604
-3422.139961,100,2081.25061
-1460.16996,100,2081.404074
-3182.869953,100,2081.565684
-2856.059963,100,2081.728465
-3066.399963,100,2088.02289
-4641.769958,100,2088.311503
-3597.419956,100,2088.60203
-1660.129959,100,2088.892458
-2797.479965,100,2089.204052
-3122.489964,100,2089.505803
-3023.89996,100,2089.803434
-1974.279953,100,2090.097004
-3783.609962,100,2090.395634
-2172.729961,100,2090.690394
-3141.029964,100,2090.983159
-2373.639957,100,2091.283723
-2476.899963,100,2091.865815
-1214.519966,100,2092.204485
-3436.829964,100,2092.523717
-3191.799965,100,2092.846191
-4254.209965,100,2093.195348
-2552.409958,100,2093.529221
-3670.639957,100,2093.857888
-4311.489967,100,2094.181804
-2582.389961,100,2099.839713
-3348.419964,100,2100.015326
-1796.619953,100,2100.180107
-2129.449955,100,2100.382664
-1915.339958,100,2100.612249
-4237.139977,100,2100.814742
-2569.649971,100,2101.624154
-2344.48996,100,2101.88177
-2967.769955,100,2102.108411
-2842.539963,100,2102.378039
-3851.569965,100,2102.714652
-2764.549957,100,2103.574015
-2135.279968,100,2104.06994
-3354.919964,100,2104.554518
-3998.589958,100,2104.897035
-2463.029957,100,2105.274572
-2042.579956,100,2105.709432
-2271.219959,100,2106.098832
-3905.529964,100,2106.5538
-3303.959969,100,2106.89109
-3850.589966,100,2107.222669
-2244.539959,100,2114.087538
-2916.239964,100,2114.343393
-5869.159973,100,2114.580555
-4357.789963,100,2114.900507
-1879.779957,100,2115.447556
-5370.219963,100,2115.787223
-2497.069962,100,2116.108245
-2102.029961,100,2116.422228
-4170.409962,100,2116.734492
-3288.049965,100,2117.059996
-2566.59996,100,2117.374453
-1774.919952,100,2117.702029
-2999.019966,100,2118.030827
-4898.799957,100,2118.377405
-2280.049965,100,2118.694385
-2595.209957,100,2119.024197
-1145.119957,100,2119.345095
-2763.599964,100,2119.660291
-2970.319954,100,2120.09741
-2573.659962,100,2120.368499
-3676.839958,100,2127.108719
-2912.359962,100,2127.398041
-3856.069965,100,2127.687598
-1048.75996,100,2127.984463
-2885.269958,100,2128.341268
-4752.709969,100,2128.83219
-2783.07996,100,2129.323143
-3882.39996,100,2129.603742
-2078.819954,100,2129.943054
-2863.619961,100,2130.282754
-2620.009964,100,2130.615781
-3435.939949,100,2130.980084
-3376.909962,100,2131.39648
-2265.729965,100,2131.761869
-2804.969963,100,2132.101759
-3558.159954,100,2132.468174
-3806.059963,100,2132.80116
-2279.919952,100,2133.209806
-3606.479961,100,2133.739077
-3330.41996,100,2134.074126
-2720.499954,100,2134.394994
-3444.079964,100,2137.913546
-2991.929962,100,2138.063884
-3171.589966,100,2138.307901
-2209.549969,100,2138.646093
-4232.509964,100,2138.968325
-2383.879959,100,2139.321261
-5646.719967,100,2139.660167
-1822.029953,100,2139.985615
-2444.359962,100,2140.302038
-4429.39996,100,2145.943378
-2222.48996,100,2146.087336
-3293.529957,100,2146.253855
-3161.879967,100,2146.417867
-3530.239971,100,2146.581131
-4885.789951,100,2146.740738
-2244.82996,100,2146.899393
-1560.129955,100,2147.049826
-4074.529972,100,2147.196772
-3729.809959,100,2147.364254
-2230.949959,100,2147.513337
-2504.209969,100,2153.849346
-5537.639965,100,2154.002553
-3553.929955,100,2154.144872
-2121.709953,100,2154.290182
-3510.889961,100,2154.429098
-3157.439957,100,2154.568459
-3622.969955,100,2154.712126
-3473.499962,100,2154.856005
-2849.569958,100,2154.984173
-4262.239967,100,2155.118516
-3686.82996,100,2155.253627
-3306.319962,100,2155.388583
-4440.589966,100,2155.518183
-2634.339966,100,2155.663714
-3631.979965,100,2155.805482
-3920.319962,100,2155.941551
-2029.149963,100,2156.077262
-3722.629963,100,2156.206626
-2681.159962,100,2156.357378
-3016.89996,100,2156.496936
-1050.619957,100,2156.634485
-2323.169968,100,2160.892496
-3434.82996,100,2161.0393
-3256.799965,100,2161.196498
-2093.829964,100,2161.354712
-2615.939957,100,2161.527307
-3254.079956,100,2162.071788
-3289.959949,100,2162.257209
-3035.129951,100,2162.420686
-2773.149967,100,2162.572359
-2138.959961,100,2162.725886
-3132.879955,100,2162.886542
-3649.299957,100,2163.111252
-3034.14996,100,2163.421583
-2844.09996,100,2163.717108
-3035.97995,100,2164.010324
-3276.769958,100,2164.296444
-2887.059975,100,2164.508799
-3242.239956,100,2164.682142
-3409.869957,100,2164.842554
-2166.979958,100,2164.982265
-2795.289955,100,2167.632984
-4527.279953,100,2167.789034
-2979.219963,100,2167.927533
-3866.599957,100,2168.067176
-5232.849957,100,2168.208232
-2285.219963,100,2168.354296
-2133.429962,100,2168.506909
-2842.039959,100,2168.648121
-4380.039963,100,2168.794699
-4295.959957,100,2168.927125
-2566.769958,100,2169.062904
-3483.33997,100,2169.191682
-4287.529968,100,2169.326906
-3564.279964,100,2169.45881
-2806.539967,100,2169.584511
-2655.769958,100,2169.72271
-3228.689957,100,2169.857091
-2446.159954,100,2169.986425
-3450.519962,100,2170.122603
-4269.199966,100,2170.251341
-2069.75996,100,2170.397002
-3417.079971,100,2174.869156
-2762.579967,100,2175.145791
-3232.00996,100,2175.372519
-4619.16996,100,2175.50338
-2073.109951,100,2175.659549
-2792.459965,100,2175.798126
-3025.88995,100,2175.938862
-2639.939968,100,2176.094359
-2334.159962,100,2176.243928
-2912.929951,100,2176.383665
-5407.78997,100,2176.528189
-3333.969971,100,2176.669911
-1826.439968,100,2176.817836
-2251.879959,100,2176.969242
-2318.139961,100,2177.111134
-5174.089951,100,2177.25115
-1768.319954,100,2177.390477
-2486.639957,100,2177.51777
-2820.749954,100,2177.65112
-2757.219959,100,2177.787708
-3873.869965,100,2183.02673
-2291.729969,100,2183.505783
-5271.559967,100,2184.014477
-3855.449966,100,2184.349017
-3342.769958,100,2184.797147
-3618.299953,100,2185.462371
-2010.429958,100,2185.675623
-3964.649948,100,2189.601908
-3342.259956,100,2189.882806
-2381.179958,100,2190.160787
-2602.959961,100,2190.448676
-4056.049965,100,2190.740527
-2329.469963,100,2191.022523
-1810.189968,100,2191.308646
-3033.249962,100,2191.59167
-3020.719963,100,2191.875359
-3040.409958,100,2192.161297
-3894.629967,100,2192.4451
-4840.819962,100,2192.726213
-3566.219959,100,2193.473672
-3229.749962,100,2193.790734
-2372.139965,100,2199.986616
-3070.709965,100,2200.27933
-2152.179951,100,2200.563648
-3459.139961,100,2200.857692
-4554.459969,100,2201.145185
-3903.079956,100,2201.429273
-3351.379951,100,2201.710007
-2286.529961,100,2201.990318
-3254.539951,100,2202.271531
-3242.079956,100,2202.552748
-2706.299957,100,2202.835859
-2470.009964,100,2203.129843
-2104.07996,100,2203.426052
-2608.57996,100,2203.710921
-2369.999958,100,2203.991581
-2917.859962,100,2204.274141
-3217.529964,100,2204.553032
-3973.669952,100,2204.831496
-3733.119968,100,2205.122718
-3371.159958,100,2205.417161
-2671.829956,100,2211.67523
-2620.799953,100,2211.95984
-3716.189968,100,2212.239075
-2650.409966,100,2212.525798
-3632.459965,100,2212.8159
-2708.569962,100,2213.111052
-3823.459961,100,2213.414848
-4129.979965,100,2213.707103
-1893.289963,100,2213.996777
-3356.839958,100,2214.289454
-2216.029949,100,2214.576247
-3389.249958,100,2214.860515
-3753.68996,100,2215.140309
-2417.68996,100,2215.423164
-3039.779961,100,2215.703295
-3267.279957,100,2215.984089
-3612.159958,100,2216.263542
-3010.849964,100,2216.546329
-2258.18996,100,2216.8265
-1879.68996,100,2217.110233
-4225.549961,100,2217.391152
-2969.099968,100,2223.322382
-3224.729954,100,2223.611665
-4589.749958,100,2223.894997
-2482.969959,100,2224.431427
-3680.419964,100,2224.739505
-3618.849964,100,2225.031377
-4261.589958,100,2225.341316
-4445.199959,100,2225.794627
-1470.369957,100,2226.347488
-1168.539959,100,2226.672053
-4550.769958,100,2227.260786
-3797.869965,100,2227.582462
-3637.339966,100,2228.074503
-4809.389961,100,2228.390574
-4594.779964,100,2228.691884
-2837.889965,100,2229.401909
-3732.799965,100,2229.567643
-4423.679966,100,2229.800535
-1681.519958,100,2230.012597
-2653.16996,100,2230.199375
-2377.339966,100,2237.107551
-3475.199959,100,2237.275611
-2877.839958,100,2237.443651
-2512.269947,100,2237.611556
-1912.89996,100,2237.762124
-2971.019958,100,2237.910694
-2447.119965,100,2238.061423
-2482.639965,100,2238.206122
-2704.149971,100,2238.355489
-3203.809956,100,2238.49043
-4873.839951,100,2238.639312
-4388.849957,100,2238.795345
-3257.749962,100,2238.937999
-2464.119965,100,2239.096515
-2803.139961,100,2239.229885
-3012.789959,100,2239.370717
-3163.069958,100,2239.506174
-4913.689976,100,2239.71916
-4527.679966,100,2240.113596
-3408.869957,100,2240.259252
-2377.819965,100,2240.431363
-3248.979958,100,2244.409542
-3045.139957,100,2244.535163
-4023.559956,100,2244.661074
-2969.639973,100,2244.805485
-2362.229958,100,2247.056053
-2318.209957,100,2247.192729
-3735.959946,100,2247.331143
-3624.999954,100,2247.460931
-3768.859959,100,2247.588259
-2640.559956,100,2247.732287
-4250.59996,100,2247.871644
-2458.079952,100,2248.008628
-3786.619965,100,2248.149556
-3305.669964,100,2248.295482
-5187.819958,100,2248.431324
-3344.209965,100,2248.577744
-4000.819965,100,2248.742929
-2653.439964,100,2248.88549
-3771.699966,100,2249.025586
-3261.499962,100,2249.169819
-4625.82996,100,2251.884895
-3492.879971,100,2252.03
-3080.239964,100,2252.176293
-3120.829967,100,2252.31638
-3860.899963,100,2252.45267
-2678.049961,100,2252.6155
-2522.839962,100,2253.027696
-1848.699959,100,2253.349024
-2855.149956,100,2253.654775
-3310.049969,100,2253.953622
-1974.309967,100,2254.251932
-3542.489979,100,2254.546813
-3400.829964,100,2254.833849
-3256.049957,100,2255.11586
-2945.429962,100,2255.400931
-2757.169968,100,2255.690917
-2924.229961,100,2255.976889
-3773.869961,100,2256.259291
-3355.989956,100,2256.645547
-2742.079964,100,2256.949983
-2900.279964,100,2263.277703
-3297.049961,100,2263.59222
-3170.909958,100,2263.896755
-3938.349968,100,2264.191664
-5193.709953,100,2264.499742
-4311.149952,100,2264.797807
-4047.339977,100,2265.089371
-2321.519962,100,2265.373879
-2068.819958,100,2265.66254
-4048.789967,100,2265.950699
-4491.309967,100,2266.252801
-3866.499962,100,2266.544619
-1175.109966,100,2266.83487
-2983.479961,100,2267.125627
-3336.089962,100,2267.956677
-2607.499954,100,2268.189409
-3905.919956,100,2268.356671
-3089.539955,100,2268.821862
-2899.319962,100,2269.325573
-3580.519962,100,2269.846099
-2998.929955,100,2270.281572
-3145.099957,100,2275.033229
-4039.149971,100,2275.161398
-3829.299961,100,2275.291564
-2497.649963,100,2275.422585
-5487.389977,100,2275.566773
-4083.429962,100,2275.703374
-2919.899967,100,2276.139695
-2713.819962,100,2276.44172
-3040.149963,100,2276.732922
-3558.759956,100,2277.014585
-3333.459957,100,2277.299912
-3528.049961,100,2277.583091
-3277.499966,100,2277.873807
-2832.66996,100,2278.172689
-1996.569965,100,2278.475897
-3726.459953,100,2278.783142
-3492.969959,100,2279.104874
-2738.289959,100,2279.400827
-4055.869961,100,2279.692002
-2730.119961,100,2279.980678
-3815.019962,100,2286.367788
-1435.459961,100,2286.654232
-3777.059963,100,2286.9396
-4449.329964,100,2287.224657
-3474.629963,100,2287.512705
-3208.039967,100,2287.803285
-3874.759964,100,2288.160538
-2545.019958,100,2288.471606
-3295.799965,100,2288.768876
-3549.649967,100,2289.062145
-2552.389965,100,2289.353537
-3545.929958,100,2289.638194
-2480.48996,100,2289.936434
-3391.419956,100,2290.236406
-3714.289955,100,2290.555806
-3673.969967,100,2290.854669
-2865.569958,100,2291.145631
-3389.649963,100,2291.432829
-3379.459957,100,2291.809737
-3470.459969,100,2291.967302
-2805.069954,100,2292.107089
-3255.829956,100,2294.919109
-4917.319962,100,2295.078647
-2477.999954,100,2297.294867
-2634.829956,100,2297.452034
-3703.019962,100,2297.593143
-3586.219978,100,2297.732777
-3295.389973,100,2297.875025
-3626.949963,100,2298.022681
-3509.34996,100,2298.166277
-3494.069958,100,2298.309539
-3348.049961,100,2298.458734
-2654.149963,100,2298.613129
-2291.299969,100,2298.779764
-3800.849957,100,2298.940177
-2697.759956,100,2299.14149
-3133.999958,100,2299.303396
-5158.449966,100,2299.453913
-3680.709965,100,2299.599814
-3695.589966,100,2299.744593
-2582.04995,100,2299.896767
-3438.299957,100,2305.615458
-3390.279972,100,2305.909629
-3729.769962,100,2306.199059
-1470.759972,100,2306.504811
-6072.279968,100,2306.780626
-4051.019958,100,2306.934844
-1766.239964,100,2307.085448
-3728.869965,100,2307.229553
-3464.599953,100,2307.37298
-4125.719959,100,2307.511779
-2554.679962,100,2307.646178
-3671.339958,100,2307.785703
-3915.75996,100,2307.921264
-2756.579964,100,2308.171557
-2922.679962,100,2308.457594
-3065.859959,100,2308.736219
-3777.129971,100,2309.258132
-2616.709957,100,2309.837835
-2413.379959,100,2309.996124
-3369.019962,100,2310.15533
-2943.849964,100,2310.323813
-2957.089966,100,2315.916596
-2651.499962,100,2316.051696
-3105.109959,100,2316.183475
-3329.149967,100,2316.320499
-1622.419956,100,2316.460598
-2408.119968,100,2316.594546
-3325.469959,100,2316.726322
-2864.559963,100,2316.873694
-3127.809963,100,2316.9986
-2292.299965,100,2317.150339
-3417.509956,100,2317.292602
-1960.07996,100,2317.432806
-2828.119949,100,2317.56252
-2649.91996,100,2317.698082
-3341.619953,100,2317.843538
-3415.539963,100,2318.010605
-3344.729961,100,2318.166113
-2592.719967,100,2318.317129
-1718.629959,100,2318.464292
-2733.499962,100,2318.631455
-3023.319969,100,2325.540407
-4846.779957,100,2325.822218
-4616.709965,100,2326.099292
-3510.539967,100,2326.378048
-3483.549961,100,2326.656
-2811.409958,100,2326.946376
-4141.869957,100,2327.27238
-2135.869965,100,2327.568856
-4088.229965,100,2327.852691
-3090.579964,100,2328.133306
-2967.439957,100,2328.413682
-2975.069969,100,2328.699631
-3026.31995,100,2328.987496
-3691.709965,100,2329.280855
-3791.189968,100,2329.585682
-3824.84996,100,2329.908112
-2521.659958,100,2330.238051
-3578.459957,100,2330.556069
-3321.439968,100,2330.898124
-2383.029957,100,2331.137226
-2766.169964,100,2331.353592
-3257.33997,100,2340.037831
-1608.069958,100,2340.386637
-2501.68996,100,2340.992535
-4552.66996,100,2341.373013
-4228.709961,100,2341.718731
-2704.979969,100,2342.107293
-4042.57996,100,2342.502241
-2638.64996,100,2343.118192
-4839.709972,100,2343.786252
-3880.219967,100,2344.23676
-2501.549953,100,2344.703197
-3080.389965,100,2345.111708
-3788.799961,100,2345.464625
-3585.729965,100,2345.998424
-2623.979958,100,2346.520331
-3081.339966,100,2347.375676
-4567.729954,100,2347.863522
-2724.909962,100,2348.254581
-2972.98996,100,2348.57382
-2084.159958,100,2348.949237
-2990.25996,100,2362.331896
-3567.389957,100,2362.617033
-1757.229969,100,2362.908195
-1664.839954,100,2363.204643
-3142.729965,100,2363.507196
-3009.409958,100,2363.805525
-3924.999966,100,2364.103514
-3458.899967,100,2364.40204
-3200.589954,100,2364.698819
-1956.469955,100,2364.990431
-3382.299965,100,2365.280655
-2302.619961,100,2365.56779
-3701.159969,100,2365.853175
-3737.679966,100,2366.139465
-4098.209961,100,2366.463645
-3784.849979,100,2366.790535
-2129.659966,100,2367.107714
-2540.609955,100,2367.433915
-1889.66996,100,2367.745311
-3055.899956,100,2368.057344
-3471.879967,100,2368.356197
-3641.539955,100,2374.53809
-3325.819958,100,2374.825787
-2157.569969,100,2375.119521
-1805.609966,100,2375.457863
-3751.339962,100,2375.859746
-2552.909966,100,2376.154213
-1826.159962,100,2376.452305
-3800.409958,100,2376.747416
-2645.609962,100,2377.043168
-2855.979965,100,2377.209578
-2918.719963,100,2377.368297
-2286.819962,100,2377.514445
-3043.429966,100,2377.810156
-2416.09996,100,2378.127626
-3351.509953,100,2378.294294
-4190.979973,100,2378.452343
-4867.33997,100,2378.60543
-2606.41996,100,2378.780317
-3842.509964,100,2378.956939
-2869.25996,100,2379.110199
-3181.419949,100,2381.873893
-4797.809959,100,2382.011364
-3385.199959,100,2382.16641
-2430.139957,100,2382.315848
-3436.859959,100,2382.452887
-2620.189953,100,2382.611228
-2293.84996,100,2382.804746
-2210.229965,100,2382.991554
-3149.019966,100,2383.17801
-2756.719963,100,2383.376574
-3968.019966,100,2383.561196
-1890.609959,100,2383.723485
-3289.689964,100,2383.885915
-2537.069958,100,2384.058605
-3086.779961,100,2384.216896
-5312.109962,100,2384.375932
-2760.469963,100,2384.535617
-3039.479969,100,2384.764909
-4861.609962,100,2384.966864
-3488.289963,100,2385.168368
-2976.009956,100,2385.34607
-1642.889957,100,2389.517926
-2964.719971,100,2389.656024
-2711.649967,100,2389.803792
-2186.039963,100,2389.943597
-2417.229958,100,2390.132661
-3087.579956,100,2390.325987
-3053.809967,100,2390.487579
-4286.09996,100,2390.647818
-2062.98996,100,2390.812607
-4123.859962,100,2390.987227
-1676.089962,100,2391.162372
-2516.849964,100,2391.319077
-2518.109966,100,2391.489719
-816.859955,100,2391.64585
-2995.779953,100,2391.82703
-4076.09996,100,2391.986379
-2094.159958,100,2392.149893
-2853.469959,100,2392.340188
-3775.779968,100,2392.753868
-508.279968,100,2393.199621
-1376.159958,100,2397.616642
-4637.489967,100,2397.797939
-4211.329964,100,2398.158488
-2785.439957,100,2398.789327
-2619.319954,100,2399.051527
-2926.539959,100,2399.370405
-3093.689968,100,2399.671363
-4032.339954,100,2400.342048
-3047.67997,100,2400.768692
-2445.749954,100,2401.072897
-2526.819969,100,2401.376502
-2115.519974,100,2401.540213
-3427.609959,100,2401.709099
-3053.129959,100,2401.878284
-3089.119949,100,2402.345986
-5024.069954,100,2402.671407
-3232.839958,100,2402.982789
-4840.219955,100,2403.300027
-3510.269966,100,2407.385715
-3948.189968,100,2407.514304
-1584.839958,100,2407.641781
-2374.119957,100,2412.153072
-986.779957,100,2412.305775
-3103.15995,100,2412.456196
-5221.479965,100,2412.628357
-2832.979958,100,2412.815217
-2785.359962,100,2413.19077
-3309.159966,100,2413.38105
-2124.729961,100,2413.52877
-3879.92997,100,2413.695154
-3870.129959,100,2413.853411
-1914.929947,100,2414.02557
-2554.929955,100,2414.196316
-2914.059959,100,2414.364551
-3821.889957,100,2414.528477
-2461.749962,100,2414.699317
-4982.959965,100,2414.869622
-3261.709969,100,2415.029836
-3782.279964,100,2415.191032
-2945.729958,100,2415.357299
-2487.079964,100,2415.523691
-2780.229965,100,2421.918655
-2003.369961,100,2422.201099
-3472.709949,100,2422.480762
-3231.069962,100,2422.770925
-4090.719963,100,2423.075508
-1420.189957,100,2423.384092
-2216.649967,100,2423.718398
-2197.40995,100,2424.016771
-2704.75996,100,2424.310992
-3321.259968,100,2424.604988
-3500.379967,100,2424.899677
-3830.449955,100,2425.200069
-3433.979954,100,2425.495302
-3516.529968,100,2425.790337
-4697.999966,100,2426.087765
-4367.069973,100,2426.379474
-2840.619957,100,2426.671908
-2869.069958,100,2426.96783
-2764.259956,100,2427.26175
-2496.209957,100,2427.583886
-3747.199959,100,2427.915619
-3323.08997,100,2432.239524
-3891.179966,100,2432.371742
-2241.319958,100,2432.514819
-2879.729958,100,2432.698773
-2150.209957,100,2433.178629
-2528.009968,100,2433.487839
-2881.279957,100,2433.785567
-3174.849964,100,2434.079533
-2531.119953,100,2434.370094
-2222.749962,100,2434.666825
-2738.399952,100,2434.958895
-2921.439964,100,2435.247472
-2188.029968,100,2435.540086
-3635.049965,100,2435.828991
-3132.119968,100,2436.125233
-2344.969967,100,2436.418447
-3404.479961,100,2436.715513
-2985.319958,100,2437.038296
-2954.619957,100,2437.351811
-3619.599972,100,2437.662228
-2947.409962,100,2441.963599
-2523.19997,100,2442.11711
-2675.41996,100,2442.564058
-2804.629959,100,2443.456801
-3409.06995,100,2443.612676
-1721.459961,100,2443.771054
-1930.619953,100,2444.107509
-2698.48996,100,2444.594829
-2336.489967,100,2444.921992
-3025.369961,100,2445.526904
-2932.499958,100,2445.840172
-2518.969959,100,2446.344591
-2991.309963,100,2446.662207
-3779.149956,100,2446.978748
-2186.459953,100,2447.278226
-3588.93996,100,2447.57573
-1226.939957,100,2447.867451
-1701.099957,100,2448.155579
-1721.179955,100,2448.442926
-3178.679958,100,2448.734896
-2834.789959,100,2449.030054
-4419.419964,100,2454.792453
-2465.919964,100,2454.935192
-2220.709961,100,2455.086361
-2001.769958,100,2455.22891
-1977.479961,100,2455.394102
-1627.459961,100,2455.565544
-4472.929966,100,2455.710441
-2956.789955,100,2455.871121
-2438.549961,100,2456.032048
-3651.91996,100,2456.18709
-2625.979958,100,2456.353431
-3547.319962,100,2456.526283
-2799.619965,100,2456.696744
-4038.859955,100,2456.869021
-3708.009964,100,2457.1312
-3813.829956,100,2459.940422
-2470.659958,100,2460.223274
-3094.169952,100,2460.502196
-2677.599957,100,2460.783775
-3294.269962,100,2461.075327
-2061.389957,100,2467.740321
-4643.719967,100,2468.062476
-3663.789963,100,2468.471108
-3169.429962,100,2468.787328
-3365.32996,100,2469.10446
-2993.469952,100,2469.440758
-2273.619961,100,2469.746927
-2712.189964,100,2470.064394
-1345.889965,100,2470.364121
-3307.099953,100,2470.82126
-3933.299961,100,2471.103439
-2372.029949,100,2471.428061
-2124.999954,100,2471.739306
-2981.909962,100,2472.041283
-2996.019958,100,2472.337674
-1249.089962,100,2472.597487
-2832.14996,100,2472.778886
-2844.379963,100,2472.949893
-1907.41996,100,2473.233007
-3485.93996,100,2473.702308
-3078.539959,100,2474.012007
-2955.429962,100,2479.06229
-2935.939953,100,2479.225591
-3103.659966,100,2479.397779
-3284.909958,100,2479.574109
-3472.459969,100,2479.811424
-3865.399963,100,2480.08628
-3066.749962,100,2480.346991
-1727.899967,100,2480.782759
-2667.759968,100,2481.147264
-4913.649967,100,2481.492289
-2825.019955,100,2481.863786
-2008.049961,100,2482.281805
-2659.009956,100,2482.723432
-3548.419964,100,2483.226084
-2833.57996,100,2483.689547
-4010.929962,100,2484.064792
-3011.00996,100,2485.101404
-1724.699959,100,2485.686285
-2779.049957,100,2486.196212
-3320.379951,100,2486.552157
-1595.999954,100,2492.426323
-2729.779961,100,2492.718727
-3499.479969,100,2493.041638
-2451.289955,100,2493.358127
-3406.939953,100,2493.665243
-3647.289963,100,2493.977275
-3222.729965,100,2494.27468
-3293.599957,100,2494.838169
-3904.259949,100,2495.305289
-2983.969963,100,2495.632784
-3914.319954,100,2495.968914
-2710.839958,100,2496.286447
-2944.589958,100,2496.604587
-4277.15995,100,2497.00063
-2687.999954,100,2497.332072
-2751.839958,100,2497.643811
-4150.389954,100,2497.939302
-1827.459961,100,2498.234934
-3096.659962,100,2498.53024
-1943.859955,100,2498.824342
-1896.379967,100,2499.114912
-3840.269958,100,2505.717731
-2430.789959,100,2505.999688
-2874.269966,100,2506.385087
-4119.849957,100,2506.716408
-2737.059952,100,2507.009137
-3361.889965,100,2507.315244
-2195.679958,100,2507.620788
-2928.699966,100,2507.920757
-2245.009964,100,2508.22378
-2689.439964,100,2508.54971
-2369.619961,100,2508.865041
-3011.629951,100,2509.172835
-2381.459965,100,2509.47664
-3004.869961,100,2509.772541
-2364.539963,100,2510.070181
-2808.499954,100,2510.369821
-2703.929962,100,2510.715458
-3067.109955,100,2511.027534
-3008.949963,100,2511.326812
-3301.119968,100,2511.6241
-3310.929966,100,2515.717129
-3846.499962,100,2515.870102
-3496.329971,100,2516.025446
-2849.399956,100,2516.183223
-2003.119957,100,2516.35104
-2854.109959,100,2516.534645
-2426.359951,100,2516.704202
-3096.129967,100,2516.866105
-3871.999966,100,2517.033267
-3991.749962,100,2517.194274
-2943.179962,100,2517.375123
-2621.099972,100,2517.56684
-3584.799957,100,2517.733802
-3285.179974,100,2519.981385
-2084.68996,100,2520.122209
-3345.83997,100,2520.286138
-2086.509945,100,2520.431484
-3678.489964,100,2520.602368
-2126.799957,100,2520.768751
-4145.39996,100,2520.937691
-3091.719963,100,2521.091867
-2908.869965,100,2525.649508
-2151.10997,100,2525.78253
-2158.769966,100,2525.972178
-1715.839951,100,2526.490278
-2889.879963,100,2527.1265
-4313.959957,100,2527.487797
-1803.659954,100,2527.856787
-2221.239952,100,2528.379601
-3415.50996,100,2528.562361
-3686.609955,100,2528.731347
-3390.409966,100,2529.097055
-3028.329964,100,2529.668293
-1753.969952,100,2530.030096
-2762.129959,100,2530.353912
-2203.50996,100,2530.664987
-2625.189957,100,2530.969252
-2876.379959,100,2531.287019
-3868.419952,100,2531.593819
-3859.759956,100,2531.890547
-1679.91996,100,2532.187281
-4248.309967,100,2539.028297
-2472.899963,100,2539.310738
-2618.639957,100,2539.61197
-3614.799957,100,2539.920469
-2268.889957,100,2540.22474
-3178.419956,100,2540.530062
-2285.349949,100,2540.84004
-3165.00996,100,2541.142137
-2851.589958,100,2541.446481
-2772.699966,100,2541.752009
-3067.329956,100,2542.057543
-3074.50996,100,2542.36904
-3758.849964,100,2542.701086
-2758.289967,100,2543.020603
-3047.529949,100,2543.333346
-3428.569962,100,2543.640301
-2643.869957,100,2543.940032
-2790.029957,100,2544.249784
-1581.459961,100,2544.555877
-1969.219959,100,2544.857743
-2239.879959,100,2551.836581
-4432.589951,100,2552.695989
-2930.059956,100,2553.216169
-2316.969952,100,2553.590457
-2923.149956,100,2553.933796
-3751.459961,100,2554.181271
-2957.149971,100,2554.38094
-3509.379971,100,2554.571884
-3369.549965,100,2554.846651
-4207.509972,100,2555.060892
-2789.209972,100,2555.262883
-2771.819962,100,2555.475046
-3686.589962,100,2555.700592
-2053.429966,100,2555.907081
-2584.489967,100,2556.144232
-1309.279961,100,2556.432079
-4281.959957,100,2556.820349
-1753.119961,100,2557.045844
-1962.89996,100,2557.27956
-3345.519955,100,2557.626015
-2601.639961,100,2558.04478
-3298.009964,100,2564.994462
-2628.459953,100,2565.295667
-3888.23996,100,2565.595006
-2154.099953,100,2565.896254
-3163.139954,100,2566.326024
-2292.539955,100,2566.631518
-2009.149956,100,2566.928998
-2892.569973,100,2567.226068
-3383.309967,100,2567.531402
-4167.899967,100,2567.839663
-2623.839954,100,2568.150243
-2869.299961,100,2569.035561
-1333.049957,100,2569.366309
-3303.579967,100,2569.87991
-2229.479958,100,2570.590545
-3643.539959,100,2570.80851
-1044.469955,100,2570.99675
-5005.609955,100,2571.164747
-2094.119961,100,2571.332032
-2750.759956,100,2571.551881
-1808.149963,100,2577.190147
-3342.119961,100,2577.377248
-2648.669956,100,2577.512941
-3212.179958,100,2577.638516
-3500.099972,100,2577.783737
-3501.379959,100,2577.982214
-4317.599968,100,2578.148358
-1751.84996,100,2578.360806
-4106.699963,100,2578.66303
-1753.909958,100,2578.933528
-1777.619957,100,2579.209297
-4269.879959,100,2581.726504
-2195.709961,100,2581.859224
-1697.219963,100,2581.997944
-2967.219967,100,2582.136085
-2038.789959,100,2582.27599
-2221.179966,100,2582.537167
-1615.64996,100,2582.726378
-2056.34996,100,2582.913327
-3127.689957,100,2583.083232
-2540.789967,100,2583.257417
-2273.359962,100,2589.862456
-1644.499962,100,2590.090219
-2171.399963,100,2590.392148
-3399.219959,100,2590.754864
-1584.559959,100,2591.196692
-1833.199955,100,2591.690252
-1615.379951,100,2592.171221
-2011.199955,100,2592.579467
-1549.159958,100,2592.998143
-4490.239967,100,2593.483824
-2883.57996,100,2594.075739
-2967.789955,100,2594.514049
-2572.209957,100,2595.08533
-3786.549953,100,2595.52081
-2564.98996,100,2595.912006
-1518.709965,100,2596.456628
-2090.089958,100,2596.988741
-2404.629959,100,2597.417333
-3274.39996,100,2598.248733
-2005.909962,100,2598.570654
-2164.399956,100,2606.604399
-833.259956,100,2606.929347
-3677.849964,100,2607.264293
-1347.619961,100,2607.637988
-3581.449966,100,2608.109311
-2270.799965,100,2608.58871
-1653.569962,100,2609.084201
-2766.049957,100,2609.480731
-1701.369953,100,2609.935351
-2464.389961,100,2610.404165
-2747.909966,100,2612.103176
-2828.769958,100,2612.833878
-2100.409958,100,2613.457144
-1735.379959,100,2614.509754
-1979.399963,100,2614.934988
-2731.169964,100,2615.264416
-2697.589966,100,2615.794245
-2548.89996,100,2616.583082
-3219.719963,100,2616.934616
-2923.069962,100,2617.205332
-2530.249958,100,2617.641614
-3311.609959,100,2625.155353
-3435.939964,100,2625.376163
-2336.729961,100,2625.617706
-2955.57996,100,2625.855633
-3338.25996,100,2626.114757
-2929.889961,100,2626.348338
-1783.889965,100,2626.652935
-3448.679962,100,2626.918761
-1632.389954,100,2627.161719
-2356.459961,100,2627.416716
-2483.879955,100,2627.677542
-2021.90995,100,2627.938499
-3369.139957,100,2628.310105
-3116.769958,100,2628.660525
-1870.68996,100,2629.056291
-2633.789959,100,2629.415237
-2668.119957,100,2629.76466
-1605.75996,100,2630.170374
-2702.93996,100,2630.527734
-3439.229958,100,2630.939448
-2277.109959,100,2638.302096
-1762.349957,100,2638.615783
-3185.82996,100,2638.999691
-1864.969955,100,2639.449887
-3164.029964,100,2639.78741
-2611.34996,100,2640.135873
-2741.679962,100,2640.442601
-1542.949951,100,2640.738304
-3823.449951,100,2641.025629
-3726.449966,100,2641.314552
-2210.519955,100,2641.607002
-1703.489956,100,2641.920357
-1601.43996,100,2642.301022
-3076.199963,100,2642.64848
-984.32996,100,2642.952753
-4501.859959,100,2643.284997
-3341.549965,100,2643.58584
-2851.199955,100,2643.898242
-2791.829956,100,2644.230746
-3560.969959,100,2644.541878
-2900.369961,100,2644.83974
-2603.749962,100,2648.762679
-2005.969955,100,2648.9056
-2510.68996,100,2649.04541
-2605.229958,100,2649.183113
-2814.529972,100,2649.330401
-2121.759968,100,2649.463553
-1757.469955,100,2649.602607
-1723.819954,100,2649.733802
-2627.129963,100,2651.770566
-1585.79995,100,2651.898629
-2254.319965,100,2652.031723
-3235.879967,100,2652.164787
-2827.869965,100,2652.293833
-1989.989967,100,2652.431626
-2854.319958,100,2652.575316
-1830.769958,100,2653.168219
-2016.909958,100,2653.871109
-1766.709961,100,2654.177663
-1422.529957,100,2654.47433
-3370.069965,100,2654.757635
-2833.629967,100,2661.905214
-2538.669952,100,2662.190394
-3823.109959,100,2662.478497
-3473.909962,100,2662.788299
-2594.099953,100,2663.092279
-1376.359959,100,2663.408072
-2893.91996,100,2663.720301
-2812.299961,100,2664.034528
-1771.159966,100,2664.356701
-2920.299961,100,2664.677499
-2544.719963,100,2665.099144
-1726.949955,100,2665.518874
-2072.639965,100,2665.86886
-4005.749966,100,2666.180532
-2334.699959,100,2666.486978
-3513.549961,100,2666.867171
-314.379951,100,2667.060425
-3049.159962,100,2667.26205
-4174.57996,100,2667.46922
-3344.539955,100,2667.716922
-3251.809959,100,2667.94048
-2585.529968,100,2676.984293
-3193.819958,100,2677.325187
-3985.929958,100,2677.646781
-4115.269962,100,2678.035271
-3022.499954,100,2678.392636
-2443.199955,100,2678.777943
-1438.899963,100,2679.195807
-2900.469959,100,2679.7162
-2336.989964,100,2680.092633
-1621.009956,100,2680.550049
-1913.119953,100,2680.910121
-3162.049961,100,2681.255219
-2929.719963,100,2681.595085
-2304.219959,100,2681.92154
-1600.219959,100,2682.262321
-3733.089958,100,2682.62122
-1783.229969,100,2683.187044
-3116.479965,100,2683.57815
-2925.629963,100,2683.984443
-1902.139957,100,2684.334484
-2552.209969,100,2690.53166
-2749.519958,100,2690.819427
-2038.879959,100,2691.120064
-3035.139961,100,2691.41764
-1920.509956,100,2691.709782
-3379.959949,100,2691.992486
-2368.789955,100,2692.274924
-3321.179962,100,2692.557772
-1370.419952,100,2692.871748
-2228.049953,100,2693.169755
-3029.529945,100,2693.464621
-1219.319954,100,2693.768272
-1564.769958,100,2694.053788
-2189.199959,100,2694.334893
-3188.82996,100,2694.631786
-2425.099968,100,2695.074409
-3426.369961,100,2695.580792
-2818.869953,100,2695.901944
-1307.899963,100,2696.38479
-2995.919964,100,2696.543145
-1148.629959,100,2696.689768
-4243.499966,100,2703.578141
-3593.089958,100,2703.859389
-2273.289967,100,2704.142136
-2313.979965,100,2704.42408
-2648.249958,100,2704.704237
-3262.229961,100,2704.98656
-1744.799957,100,2705.26854
-1055.329956,100,2705.56127
-3010.809956,100,2705.867614
-2732.619961,100,2706.36266
-3336.749962,100,2706.794688
-3663.349976,100,2707.104099
-2492.429958,100,2707.438981
-2292.669964,100,2707.734167
-2449.059956,100,2708.030527
-3373.59996,100,2708.347272
-1694.009964,100,2708.656641
-3141.709961,100,2708.953023
-1801.909958,100,2709.284916
-3080.359962,100,2709.608458
-1313.529949,100,2716.465069
-3217.899963,100,2716.693483
-3114.919964,100,2716.920794
-2905.029961,100,2717.371022
-2723.769966,100,2717.613489
-2510.069958,100,2717.899822
-3557.569973,100,2722.160208
-3177.199959,100,2722.376154
-1406.939957,100,2722.556366
-1436.34996,100,2722.779023
-2588.629963,100,2722.975489
-2258.129978,100,2723.170305
-2605.139957,100,2723.347076
-3416.429958,100,2723.517844
-2782.109959,100,2723.724268
-4023.289955,100,2724.086408
-1934.90995,100,2724.419086
-2214.379971,100,2724.734256
-2720.039959,100,2725.032058
-1890.119953,100,2725.34318
-1003.179958,100,2725.676666
-2542.129959,100,2730.90559
-2213.019958,100,2731.06552
-3076.119961,100,2731.216117
-3591.039974,100,2731.37709
-1827.219967,100,2731.536224
-2239.609966,100,2731.706758
-3441.039959,100,2732.030426
-2844.279953,100,2732.343218
-1777.979958,100,2732.668671
-3853.969959,100,2733.409403
-3166.429966,100,2733.621112
-1725.229961,100,2733.813068
-1412.449963,100,2733.997005
-3948.049969,100,2734.192729
-2053.629955,100,2734.37452
-3284.349964,100,2734.567886
-3124.529964,100,2734.770164
-3806.989956,100,2734.964578
-2252.60997,100,2735.142648
-1508.829956,100,2735.337236
-2274.959957,100,2741.92222
-2925.039963,100,2742.071482
-1879.519966,100,2742.217072
-4110.17997,100,2742.370178
-3501.609951,100,2742.534802
-3341.869965,100,2742.726028
-3286.559959,100,2742.934113
-4870.079952,100,2743.107044
-2964.969963,100,2743.274941
-2809.599964,100,2743.43611
-3518.089954,100,2743.572398
-3716.219955,100,2743.711697
-1259.00996,100,2743.867204
-4748.319958,100,2744.02407
-3054.019955,100,2744.195828
-2434.359955,100,2744.358665
-3250.609966,100,2744.516104
-2094.399956,100,2744.666486
-2879.999962,100,2744.939205
-2213.269947,100,2745.242412
-2281.009956,100,2745.538003
-3388.899967,100,2751.830504
-2977.939957,100,2752.136333
-1955.51997,100,2752.479748
-2837.93996,100,2752.828846
-1674.809963,100,2753.490474
-4216.98996,100,2754.026169
-2960.439972,100,2754.436915
-3786.099964,100,2754.854204
-2902.959961,100,2755.149763
-2538.899963,100,2755.443038
-2337.25996,100,2755.872846
-2642.389957,100,2756.165658
-2129.14996,100,2756.31765
-3590.369957,100,2756.463808
-3557.23996,100,2756.60174
-1857.769962,100,2756.765243
-1884.269962,100,2756.925102
-4341.509953,100,2757.089134
-1118.359955,100,2757.259579
-1548.219955,100,2757.421925
-4227.399967,100,2764.901446
-3595.729961,100,2765.214225
-2617.82996,100,2765.516012
-2887.139961,100,2765.822412
-1913.049961,100,2766.12249
-2530.999962,100,2766.421728
-3054.989967,100,2766.71448
-4188.819958,100,2767.005825
-4351.75996,100,2767.294209
-2097.229961,100,2767.579561
-4424.079971,100,2767.870092
-4629.019962,100,2768.159919
-2456.32996,100,2768.44426
-1870.739956,100,2768.727078
-4081.709953,100,2769.025997
-5364.319954,100,2769.338408
-3319.629963,100,2769.648291
-2967.209961,100,2769.952658
-2396.849957,100,2770.252009
-4164.459957,100,2770.566438
-3178.019962,100,2770.877899
-2589.759956,100,2777.862778
-2535.539963,100,2778.13685
-3869.079964,100,2778.419316
-2286.289955,100,2783.269328
-2215.969955,100,2783.421506
-3293.959949,100,2783.568619
-5532.759964,100,2783.708962
-2594.479958,100,2783.856574
-3362.819969,100,2783.9914
-2235.949947,100,2784.131109
-2675.809959,100,2784.275533
-2840.539963,100,2784.426458
-3096.499962,100,2784.563464
-2795.14996,100,2784.698687
-2455.869965,100,2784.838812
-2227.099964,100,2784.970973
-1730.979954,100,2785.097046
-2467.569962,100,2785.225385
-3793.299957,100,2785.356649
-1844.289963,100,2785.487876
