#{"t_start": 1776422118.4844239, "env_id": "None"}
r,l,t
-14548.12009,100,1.291325
-16496.690029,100,1.684565
-15606.470062,100,2.012081
-14703.630005,100,2.345852
-15238.670013,100,2.672025
-12916.869968,100,3.13729
-18325.230045,100,3.76161
-17676.700058,100,4.463842
-15006.180046,100,4.720058
-15762.820015,100,4.985138
-16274.740074,100,5.306083
-20134.690014,100,5.638675
-22899.940075,100,5.895483
-19337.280121,100,6.203054
-16086.559952,100,6.566716
-16873.660061,100,6.830829
-15443.409946,100,7.086196
-14731.91,100,7.357136
-16862.319992,100,7.683191
-19081.849926,100,7.908543
-15569.870049,100,22.748065
-17840.510033,100,23.532408
-16072.920033,100,24.201152
-15655.180023,100,24.852496
-21421.690105,100,25.416924
-16466.300156,100,25.959749
-14296.930054,100,27.539212
-17581.37999,100,28.362941
-19992.590149,100,29.166129
-17214.380005,100,29.771567
-12803.429955,100,30.138109
-19920.520073,100,30.476272
-17716.870056,100,30.848322
-15426.200058,100,31.448742
-15088.91003,100,32.058634
-21975.920082,100,32.640229
-15150.45998,100,33.48868
-18946.420033,100,34.467805
-19803.150005,100,35.241443
-16413.37001,100,36.982427
-13432.339981,100,55.595279
-10585.109978,100,56.163495
-18798.860077,100,57.643877
-16488.930035,100,58.301088
-14791.809948,100,58.980545
-15678.01001,100,59.627821
-17284.340023,100,60.244817
-16951.840031,100,60.81132
-18611.740097,100,61.745034
-15739.879963,100,62.415928
-13219.080013,100,62.972947
-11108.469971,100,63.584154
-16446.039986,100,64.133492
-13984.580048,100,64.657248
-13261.219982,100,64.94324
-16728.899952,100,65.436754
-14798.399998,100,66.155289
-14171.249996,100,66.723773
-16738.240173,100,67.460554
-12678.410034,100,67.765036
-16204.290096,100,68.084218
-13663.029987,100,88.364275
-14196.84993,100,88.657064
-14713.690014,100,88.908132
-14549.209953,100,89.173102
-14693.830051,100,89.456868
-14267.539993,100,89.726526
-13344.19009,100,89.981869
-22693.950073,100,90.237906
-15033.35006,100,90.489086
-14460.969986,100,90.740904
-12366.929993,100,90.986698
-11235.140049,100,91.252187
-18907.040146,100,91.56707
-15676.650028,100,91.918109
-13121.559998,100,92.211939
-12810.719948,100,92.468094
-14815.090034,100,92.75287
-7464.160007,100,93.066823
-16392.060032,100,93.388313
-11096.649979,100,93.648184
-15541.599979,100,114.668804
-13727.400009,100,115.042058
-13390.640106,100,115.390603
-14471.240047,100,115.708276
-12207.239941,100,115.955306
-14624.129963,100,116.219854
-11896.160038,100,116.47346
-15080.439976,100,116.759677
-10339.590012,100,117.082819
-8271.33997,100,117.371596
-14424.240025,100,117.677644
-12766.520027,100,118.01722
-16116.840038,100,119.559916
-16061.750088,100,120.445135
-17991.130039,100,121.610935
-12937.039963,100,121.950682
-16719.060005,100,122.492876
-15383.260117,100,123.096584
-14789.760052,100,123.670511
-12613.610023,100,124.225125
-10871.099991,100,124.762726
-17601.240112,100,139.345392
-9024.959965,100,139.663128
-12105.150078,100,139.954187
-10362.24004,100,140.239938
-11626.329967,100,140.484434
-11574.919979,100,140.814912
-13699.330029,100,141.143333
-8395.719959,100,141.471535
-13454.999966,100,141.777545
-12167.970016,100,142.086645
-13649.640018,100,142.412752
-9878.819992,100,146.230641
-11938.00005,100,147.736961
-13173.639954,100,148.006147
-9984.360012,100,148.278886
-12777.47002,100,148.553171
-15711.000011,100,148.850583
-11885.130009,100,151.009333
-13611.07,100,152.303502
-16110.660007,100,152.840948
-10776.469955,100,177.92631
-10786.490005,100,178.546249
-11461.590023,100,179.254408
-14535.690006,100,180.194803
-11529.260052,100,180.689503
-13518.250015,100,181.13848
-12686.739944,100,181.774911
-10489.210026,100,182.344976
-10985.189964,100,182.871168
-12153.970039,100,183.393182
-8945.5,100,183.982873
-8642.509975,100,184.53903
-10400.439983,100,184.784336
-12454.670006,100,185.078282
-17100.739994,100,185.374332
-13871.099968,100,185.696894
-6778.379971,100,186.069449
-9833.499958,100,186.424262
-11711.39003,100,186.735826
-9699.289955,100,187.056639
-9022.899975,100,187.412273
-12491.370068,100,212.48
-9776.719986,100,212.977126
-9923.699955,100,214.052406
-11552.289955,100,214.418199
-8516.119934,100,214.749758
-8282.119995,100,215.399557
-11836.510002,100,216.591201
-14200.96003,100,217.520519
-6488.759949,100,218.221431
-8723.099983,100,219.093094
-7377.019962,100,219.990074
-16926.329971,100,220.683319
-8549.449959,100,222.077035
-10322.800014,100,222.810115
-11636.189987,100,223.379568
-11631.549995,100,224.230353
-11265.429985,100,225.39994
-10783.069992,100,225.967074
-10909.489983,100,226.34824
-8161.229942,100,227.001874
-8931.160049,100,258.156914
-9758.369984,100,258.720986
-9156.999996,100,259.430866
-9376.989948,100,260.553306
-9166.679985,100,260.867417
-10853.920055,100,261.188571
-8811.39996,100,261.493052
-9499.590023,100,261.816791
-9454.729935,100,262.138563
-9969.050034,100,262.431939
-7001.509975,100,262.965427
-8608.749962,100,263.493862
-8260.559959,100,264.014446
-9858.26004,100,264.570951
-12103.980003,100,265.595612
-12237.110004,100,266.684634
-5997.979977,100,267.428293
-10021.769985,100,268.057838
-8264.41996,100,269.201492
-10057.709957,100,269.999777
-9587.799999,100,270.574356
-13350.680035,100,296.212178
-8067.259975,100,296.656081
-9223.219982,100,297.401904
-7308.760002,100,297.874894
-8015.669956,100,298.405687
-8419.849991,100,299.748644
-6864.129971,100,300.617714
-7162.329952,100,301.309329
-8398.239937,100,301.73223
-11809.819988,100,302.100729
-7700.279999,100,302.720641
-6366.309956,100,303.300942
-10156.089935,100,303.769971
-5389.109993,100,304.121775
-8446.129978,100,304.4477
-10018.890041,100,305.60493
-9432.349976,100,332.386983
-11518.899982,100,332.916273
-8172.209984,100,334.112211
-10161.04995,100,335.237078
-8990.019974,100,363.092324
-7504.559956,100,363.666994
-7448.309948,100,364.214612
-10933.590046,100,364.757027
-14209.369965,100,365.340693
-6629.039959,100,365.891134
-5610.449974,100,366.532507
-4049.369965,100,367.161768
-5278.609985,100,367.801727
-11723.230099,100,368.741602
-7887.67997,100,369.799769
-7656.549934,100,370.154485
-5736.559933,100,371.598085
-8783.630009,100,372.238249
-8750.809944,100,372.687916
-8965.529957,100,373.109986
-8669.229946,100,373.452066
-8069.46999,100,374.168511
-7990.73996,100,374.746672
-8820.92001,100,375.263231
-7882.619942,100,375.785542
-7135.069958,100,401.15408
-8995.27998,100,401.682052
-7602.519958,100,402.211717
-7234.669952,100,402.807934
-8364.769974,100,403.370757
-8181.030022,100,403.909241
-11413.279949,100,404.462259
-10571.909969,100,405.016261
-8001.359978,100,405.544931
-8211.599972,100,406.051438
-9405.869972,100,406.582929
-8118.019943,100,407.088442
-11201.349945,100,407.602855
-7546.299999,100,408.11379
-14161.840084,100,408.611735
-8264.139988,100,408.898705
-8431.559975,100,409.204749
-5663.220009,100,409.501545
-7840.169964,100,409.808792
-7898.509956,100,410.167718
-7399.969963,100,434.505297
-11148.049976,100,435.060047
-8983.149956,100,435.58869
-7145.199978,100,436.114972
-7235.149948,100,436.65453
-9870.719997,100,437.243462
-7994.66996,100,437.782457
-7184.409981,100,438.315468
-9719.610023,100,438.867103
-13613.410023,100,439.451833
-7264.919971,100,439.99535
-9137.239952,100,440.528091
-8013.339962,100,441.09286
-10404.129971,100,441.627256
-8891.859982,100,442.171576
-7491.869972,100,442.776478
-6726.859978,100,443.531277
-10059.099976,100,444.126572
-10221.819962,100,445.587174
-7216.969975,100,446.154658
-7005.709961,100,446.697609
-7052.45998,100,469.092405
-6799.729958,100,469.893158
-9367.379993,100,470.301496
-9118.73996,100,470.81661
-10512.799973,100,471.217211
-9465.239967,100,472.04924
-8954.819988,100,472.721013
-12526.409969,100,473.301441
-8654.050011,100,473.836738
-10524.299976,100,474.365531
-11660.010025,100,474.775543
-10374.149979,100,475.056252
-7895.229958,100,475.319909
-8911.119953,100,475.754748
-8969.809998,100,476.488958
-5781.469978,100,477.37091
-8766.800022,100,478.015869
-9890.749962,100,478.590407
-12047.299999,100,479.131441
-8437.349968,100,479.659129
-8986.239971,100,497.707494
-8434.569988,100,498.252861
-8591.529957,100,498.788194
-7282.779964,100,499.405328
-7339.359955,100,499.965644
-8752.809963,100,501.096833
-8087.429962,100,501.696441
-8607.219948,100,502.229535
-7493.289967,100,502.606839
-6907.579994,100,503.161856
-6565.709972,100,503.714079
-8265.779968,100,504.275725
-6282.569962,100,504.885869
-7233.119957,100,505.453882
-11492.589943,100,506.008162
-8440.090038,100,506.733469
-9951.08004,100,507.693444
-7875.999981,100,509.143013
-6998.039951,100,510.077439
-7691.589954,100,511.204342
-6962.519962,100,512.13117
-6279.829967,100,533.07733
-7927.539959,100,533.609847
-7704.999973,100,534.130508
-7276.240002,100,534.643457
-10020.979988,100,535.181602
-6437.129967,100,535.725199
-7175.739975,100,536.266583
-7139.639957,100,536.861108
-7851.11998,100,537.464793
-7947.52,100,537.986652
-4958.359978,100,538.499031
-8780.399982,100,540.004315
-7256.729958,100,540.659423
-9289.04998,100,541.181931
-7735.360035,100,541.777042
-8144.94997,100,542.347401
-6640.719959,100,542.901549
-8043.789967,100,543.430067
-6882.009983,100,544.162204
-7266.809975,100,544.688563
-6986.769962,100,560.457334
-6984.409981,100,560.717196
-8492.729988,100,560.981071
-6094.529961,100,561.812705
-8456.139973,100,562.092467
-8373.09,100,562.38498
-11526.230015,100,562.707842
-7910.469967,100,563.03243
-7328.019981,100,563.300735
-8769.019997,100,563.574219
-9592.909946,100,563.874599
-5806.129967,100,564.154431
-6953.609962,100,564.420858
-10692.930019,100,564.705009
-8420.379986,100,565.00125
-7790.579967,100,565.341237
-5296.909962,100,565.752589
-9651.409985,100,566.270892
-8925.09,100,566.786341
-8276.599976,100,567.305192
-6288.889957,100,567.82258
-6489.419956,100,582.953426
-9132.229958,100,583.568858
-6323.639973,100,584.834805
-7622.949966,100,585.971078
-6811.869968,100,587.393642
-7734.669971,100,588.358575
-7899.509968,100,589.938454
-7694.959988,100,590.532881
-7891.719955,100,591.097678
-6952.839951,100,591.658479
-8907.389961,100,592.217058
-10424.619984,100,593.11402
-8882.799957,100,593.699448
-7272.779976,100,594.370409
-7766.099968,100,595.050763
-7879.489952,100,596.945798
-9916.439983,100,598.313752
-6725.34996,100,599.582883
-10175.209972,100,600.539602
-8252.669968,100,600.987925
-5788.179974,100,615.997334
-6580.91996,100,616.430527
-7186.329971,100,616.963084
-9055.179966,100,617.201919
-6193.369953,100,617.516607
-8306.119968,100,617.79168
-9867.359962,100,618.208611
-10367.099972,100,618.706249
-7308.059956,100,619.212807
-8073.239975,100,619.772976
-9380.479996,100,620.127749
-5995.949993,100,620.442842
-8261.949966,100,620.781815
-6055.81995,100,621.112025
-6668.879971,100,621.351268
-8049.779945,100,621.68275
-6571.149948,100,622.009788
-5347.169971,100,622.329102
-10196.929966,100,622.586715
-8530.829967,100,622.928879
-7684.739986,100,623.265933
-8332.739975,100,636.701289
-9001.019951,100,637.228468
-6247.389961,100,637.794709
-6954.54995,100,638.783529
-12279.890049,100,640.0911
-9665.439972,100,640.946795
-7781.099957,100,641.42859
-7154.019981,100,641.804526
-9147.449951,100,642.090773
-6603.989971,100,642.743107
-7757.78994,100,643.458139
-6013.159966,100,670.646252
-7084.959965,100,670.964056
-6480.569969,100,671.283073
-8878.739948,100,671.575703
-7799.919983,100,671.827237
-6489.799969,100,672.171536
-6636.999969,100,672.493962
-6884.099964,100,672.767956
-9436.830009,100,673.036741
-5616.909969,100,688.532101
-9773.529976,100,689.47444
-6619.709953,100,690.230398
-8394.67997,100,691.034566
-7439.599968,100,691.994941
-6395.469955,100,692.981355
-8892.069969,100,693.528418
-7408.349968,100,694.172076
-8971.509964,100,695.251303
-7400.729977,100,695.952186
-9834.530022,100,696.533058
-7523.999981,100,697.317298
-9795.069969,100,697.917318
-6730.229954,100,698.473265
-7530.639973,100,699.012335
-7379.809944,100,699.30187
-6139.939968,100,699.595722
-8661.209976,100,699.880772
-8553.539959,100,700.668813
-7235.789978,100,701.229261
-6515.999969,100,701.767764
-5167.43996,100,725.975531
-5786.339977,100,726.714619
-9540.829956,100,728.293607
-5858.469975,100,728.829706
-6322.85997,100,729.117908
-6426.469978,100,729.473213
-7060.199966,100,729.75717
-6396.039978,100,730.555223
-7610.589962,100,731.391236
-8235.909966,100,731.687911
-7467.389977,100,732.070887
-8391.919937,100,732.441036
-7409.500008,100,732.854469
-5935.289982,100,733.627057
-5969.57999,100,733.952605
-7496.669956,100,734.2896
-4344.809959,100,734.663614
-6896.499962,100,734.96776
-10956.939983,100,735.24393
-5621.659962,100,735.478868
-7589.909973,100,758.978742
-6356.459957,100,760.312544
-8837.409969,100,761.835448
-9902.869972,100,763.632911
-9882.299957,100,764.487752
-5824.629955,100,765.1577
-7349.589966,100,765.839409
-6722.099964,100,767.219735
-6978.149971,100,767.555917
-7788.17997,100,767.86149
-6597.629955,100,768.196998
-5312.019966,100,769.90643
-8702.959991,100,770.174603
-7211.04998,100,770.439591
-7430.759972,100,770.704392
-9354.790028,100,770.954904
-7032.159946,100,771.235425
-6854.45998,100,771.485823
-10320.069981,100,771.739786
-8161.999977,100,771.995914
-6740.169968,100,772.255252
-6865.049973,100,789.480355
-5253.049965,100,790.885205
-10904.049965,100,791.620197
-7507.079975,100,792.116971
-7441.559986,100,793.339495
-9136.750027,100,794.061209
-8046.449982,100,795.202056
-8531.069962,100,795.704911
-7211.969975,100,796.209753
-8133.779968,100,796.729049
-6854.649979,100,797.243693
-7485.469978,100,797.778401
-10862.60997,100,798.302292
-5544.529972,100,798.813803
-7425.519955,100,800.139769
-6887.629959,100,800.908055
-12294.190014,100,801.453264
-6090.209969,100,801.972332
-8111.569988,100,802.752002
-8989.419971,100,803.307285
-5847.679955,100,826.871351
-5963.159969,100,827.521597
-6036.639969,100,828.823494
-4923.919952,100,830.056283
-6900.459961,100,830.693876
-7160.699959,100,831.884848
-5753.499966,100,832.694926
-7052.709969,100,833.318651
-8447.490063,100,834.254145
-7293.359974,100,835.254164
-8572.539989,100,836.575982
-4733.319969,100,837.218558
-10532.179985,100,837.744756
-7303.429958,100,838.438203
-8024.949974,100,839.826167
-6852.949963,100,841.185193
-7427.849972,100,841.880709
-6495.719959,100,842.439648
-8021.499958,100,842.978504
-6259.359966,100,844.336184
-4713.049988,100,845.712575
-7499.609982,100,873.136033
-7465.589943,100,874.310034
-6867.149971,100,874.900241
-6970.809963,100,876.334418
-8512.379967,100,877.521251
-8510.479942,100,878.053113
-5601.469963,100,879.26914
-5638.819973,100,879.857432
-7708.769962,100,880.399935
-7564.899979,100,880.919122
-5720.069973,100,881.488536
-4513.859978,100,882.005824
-7982.159981,100,882.526334
-10697.039978,100,883.041322
-5784.379974,100,883.604105
-5797.379974,100,884.123873
-6727.439968,100,884.646061
-7925.919975,100,885.171353
-7720.999973,100,885.721123
-9419.470036,100,886.246287
-6542.049976,100,906.420792
-6991.399967,100,906.959575
-7000.689964,100,907.432176
-8782.699986,100,907.682055
-7045.17997,100,907.999172
-5887.88998,100,908.329098
-8222.95998,100,908.637959
-10547.509968,100,908.931891
-6679.43996,100,910.057422
-8621.609966,100,910.590632
-7451.119946,100,911.117532
-9269.509968,100,911.635312
-9404.269958,100,912.152165
-4654.759964,100,912.692046
-5767.47995,100,913.230857
-4432.509953,100,913.583196
-7335.059982,100,913.891661
-8469.789948,100,914.246422
-6072.719967,100,914.5817
-5543.659946,100,914.84677
-8800.69997,100,930.827461
-8709.129963,100,931.756596
-6117.619968,100,932.067977
-5797.479965,100,932.922219
-5701.92997,100,934.031607
-6386.309959,100,934.69659
-7275.339973,100,935.685819
-8617.489983,100,937.332245
-5773.339973,100,937.87984
-7151.269978,100,938.424862
-7248.309971,100,939.59719
-8891.880005,100,940.135326
-9435.259975,100,940.939661
-5752.839958,100,941.715015
-4495.779964,100,942.439028
-6438.249947,100,943.767763
-5323.129967,100,944.39188
-8895.590046,100,944.939196
-5774.969959,100,945.507215
-8676.509979,100,946.628453
-8599.649963,100,947.146809
-5717.94997,100,966.231873
-4332.899971,100,966.501911
-6208.319962,100,966.776027
-8410.399994,100,967.041197
-7748.28997,100,967.551884
-7206.069973,100,968.066153
-7972.669979,100,968.582216
-8534.329983,100,969.116045
-7013.399971,100,969.864754
-8383.209965,100,970.296589
-7147.569958,100,970.707839
-5259.969975,100,971.323178
-5553.479954,100,971.687299
-6068.239952,100,971.948452
-8256.329956,100,972.206176
-6642.499969,100,972.530845
-6299.609962,100,973.906946
-7061.419968,100,975.247172
-6276.809959,100,976.760904
-8870.360004,100,977.756433
-8009.559975,100,995.544222
-6474.649956,100,995.744828
-10223.629974,100,996.478007
-6478.799961,100,997.278154
-5147.619957,100,997.758117
-9820.249985,100,998.846271
-6164.699974,100,999.327206
-5005.249962,100,1034.540163
-6440.629986,100,1035.036663
-5205.169971,100,1036.105079
-5278.919956,100,1036.643263
-5912.449955,100,1037.551185
-6584.709984,100,1038.605789
-6036.559978,100,1040.07323
-6239.589966,100,1040.737173
-6186.679962,100,1041.30166
-8046.509968,100,1041.881683
-4867.34996,100,1042.95366
-6788.289955,100,1043.48388
-6597.999969,100,1043.998347
-7054.649967,100,1044.896707
-7071.649975,100,1065.907493
-5195.859962,100,1066.46928
-6815.959969,100,1067.048474
-7732.239967,100,1068.141765
-5842.539967,100,1070.003831
-6639.169971,100,1070.886251
-6902.91996,100,1071.940685
-8624.51997,100,1072.456955
-7338.94997,100,1072.973288
-7046.459969,100,1073.513348
-10318.860008,100,1074.875842
-8566.170033,100,1075.750222
-8158.039982,100,1076.262405
-9252.619961,100,1077.662644
-9880.909981,100,1078.888089
-6127.789982,100,1079.491696
-6653.97998,100,1080.030226
-4931.399952,100,1080.662886
-5210.559967,100,1082.140311
-8887.149986,100,1083.080481
-7205.33997,100,1111.059328
-5708.179966,100,1111.618109
-7117.369972,100,1112.137098
-8002.399967,100,1112.683698
-6676.319969,100,1113.205276
-7779.999966,100,1113.741648
-4955.639965,100,1114.278019
-8814.149998,100,1114.828913
-6436.879971,100,1115.356262
-6184.549984,100,1115.883127
-6185.969971,100,1116.414209
-9075.579956,100,1116.938636
-5666.569977,100,1117.692759
-4715.809971,100,1118.212121
-6206.739975,100,1118.748401
-6519.499958,100,1119.337425
-7595.519962,100,1119.904792
-6674.009956,100,1120.42327
-8228.389965,100,1120.939578
-5465.429966,100,1121.466331
-8692.469978,100,1121.983235
-4831.279972,100,1135.153932
-7992.519962,100,1135.713217
-5677.909973,100,1136.270342
-6417.809959,100,1136.818278
-4858.489971,100,1137.402546
-5281.919971,100,1138.389526
-6089.43998,100,1138.899834
-9171.069977,100,1139.430485
-8728.670006,100,1139.961323
-5170.029972,100,1140.91585
-6792.089977,100,1142.13958
-6902.529964,100,1143.367579
-9634.609959,100,1143.84218
-5266.059963,100,1144.115391
-5474.47998,100,1144.842115
-5824.939953,100,1145.648227
-8111.709969,100,1146.324845
-8317.369968,100,1146.873971
-6594.979977,100,1147.435319
-5762.259972,100,1147.979562
-7198.58997,100,1178.89501
-6169.129955,100,1179.460495
-5806.729965,100,1180.162649
-4118.839958,100,1180.839156
-6741.459969,100,1181.491816
-6723.589973,100,1182.060566
-7818.069984,100,1183.213713
-7161.729988,100,1184.480251
-7580.569988,100,1186.194231
-6918.929966,100,1187.021312
-5898.60997,100,1188.105852
-7067.129971,100,1189.878101
-6401.639961,100,1190.506569
-5659.33997,100,1190.948162
-7603.849968,100,1191.267697
-7387.719963,100,1192.285099
-5760.339985,100,1192.904501
-7308.539986,100,1193.708179
-6014.329975,100,1195.155388
-5606.919952,100,1195.683581
-9417.159966,100,1196.962249
-8872.059986,100,1225.205421
-6767.189964,100,1226.149419
-5864.429966,100,1227.550129
-5611.539959,100,1228.213962
-4999.199963,100,1229.82735
-5677.119965,100,1230.598141
-6194.34996,100,1231.177956
-5870.129959,100,1231.70943
-6548.009968,100,1232.27058
-7252.499966,100,1233.003768
-4655.599976,100,1233.638033
-7793.159962,100,1233.988061
-7115.189964,100,1234.288689
-7505.82996,100,1235.465342
-5963.18996,100,1236.016702
-7207.909962,100,1236.791752
-6890.409988,100,1237.421714
-5648.389977,100,1238.062477
-6142.319973,100,1238.794421
-6631.309971,100,1239.698164
-5948.629978,100,1261.672651
-5818.099968,100,1262.219749
-7242.839962,100,1262.88798
-5939.849957,100,1263.447866
-7049.88998,100,1263.98442
-7623.159969,100,1264.624434
-4307.68996,100,1265.19732
-7016.659962,100,1265.939929
-4423.289974,100,1266.488541
-5547.599964,100,1267.013352
-6900.159969,100,1267.659134
-5725.139973,100,1268.209213
-9710.649971,100,1269.291737
-4377.559959,100,1270.230991
-6307.26997,100,1271.330285
-6575.009968,100,1271.844074
-5778.88998,100,1272.159678
-4330.66996,100,1272.672709
-6774.809963,100,1273.263788
-7585.699982,100,1273.761109
-5032.789967,100,1274.420754
-6357.32996,100,1299.726049
-4539.169971,100,1300.574118
-5954.569965,100,1301.266722
-6363.539974,100,1301.585116
-7420.729973,100,1302.676226
-5171.079983,100,1302.950433
-8506.159958,100,1304.246649
-6219.399975,100,1304.464908
-7919.589962,100,1305.251935
-5179.949959,100,1305.606088
-4691.76997,100,1305.913898
-7920.599983,100,1306.168812
-6878.889969,100,1306.947155
-4345.08997,100,1307.702653
-4627.669968,100,1307.953977
-5806.889969,100,1309.160152
-7639.539963,100,1310.343886
-8388.119972,100,1311.649015
-7486.799969,100,1312.940549
-5725.789974,100,1313.589919
-5816.819977,100,1331.657049
-5318.909969,100,1331.913756
-5909.99995,100,1332.156223
-6188.869968,100,1332.4066
-7906.199982,100,1332.660095
-7969.639973,100,1332.914896
-7283.19997,100,1333.149145
-7136.35997,100,1333.407001
-5026.999962,100,1333.667951
-9247.039951,100,1333.919177
-4473.879955,100,1334.164113
-6068.969963,100,1334.445316
-6231.989971,100,1334.692521
-5708.569973,100,1334.932988
-6031.539967,100,1335.174986
-5394.239975,100,1335.421977
-6344.139957,100,1335.695456
-7125.949959,100,1335.955133
-5471.879971,100,1336.20346
-7958.139969,100,1336.435579
-5520.839966,100,1336.687223
-6214.309971,100,1349.778205
-7579.609978,100,1350.228188
-6729.409969,100,1350.988816
-5952.249962,100,1351.842596
-6770.379967,100,1353.674548
-3830.84996,100,1354.574461
-6956.229958,100,1355.413298
-8219.80999,100,1356.585171
-7301.729969,100,1357.618723
-7109.119972,100,1358.149805
-5601.939957,100,1358.493674
-3990.649967,100,1359.500676
-4906.569984,100,1359.838206
-9698.039974,100,1360.130631
-7191.659962,100,1361.45103
-5707.099964,100,1361.674353
-7262.85997,100,1362.010698
-6656.029961,100,1363.198135
-5051.689949,100,1364.011209
-6122.529964,100,1365.024957
-7193.619972,100,1382.587413
-6935.349945,100,1383.203042
-6801.939968,100,1411.113663
-8349.069965,100,1411.737673
-10773.089966,100,1411.983242
-6366.069969,100,1412.398385
-5289.899963,100,1412.717993
-5156.529953,100,1412.990684
-4617.689968,100,1413.28159
-7376.499977,100,1413.600494
-6908.449974,100,1413.874963
-7706.329975,100,1414.134341
-7085.640022,100,1414.398886
-6397.169968,100,1414.679858
-5598.069965,100,1414.930721
-7950.579971,100,1415.181475
-6986.639992,100,1415.416202
-5422.559963,100,1415.667287
-8338.46999,100,1415.978914
-4721.75996,100,1416.221522
-4897.739971,100,1416.547271
-6407.999966,100,1435.450869
-6519.719959,100,1435.963316
-7594.549973,100,1436.489092
-7899.779987,100,1437.596473
-6311.639973,100,1438.082577
-7190.189949,100,1438.337824
-5231.319962,100,1438.610549
-9062.139988,100,1438.902958
-5348.669971,100,1440.135803
-7140.259972,100,1440.561892
-5530.809952,100,1440.888906
-6429.729965,100,1441.20734
-4576.229965,100,1442.674926
-7893.589966,100,1443.253574
-7182.489971,100,1443.793903
-6817.709965,100,1444.215306
-7898.209965,100,1444.744279
-4111.559959,100,1445.070019
-4365.209957,100,1445.470516
-10821.600002,100,1445.958211
-5809.16996,100,1460.078213
-6725.319973,100,1460.335529
-5539.83997,100,1460.588769
-6182.259964,100,1460.838226
-7002.049976,100,1461.075468
-7483.06995,100,1461.321687
-6527.219967,100,1461.588244
-5915.829964,100,1461.962259
-5153.57996,100,1462.456436
-7620.969975,100,1462.95958
-7482.939957,100,1463.456606
-7155.929966,100,1464.024679
-5896.169968,100,1464.922601
-5110.399963,100,1465.509768
-6309.639969,100,1466.416917
-6502.259964,100,1466.983462
-7000.139984,100,1467.935328
-5496.739956,100,1468.452267
-7316.909962,100,1468.995931
-5469.029961,100,1469.611601
-5416.129971,100,1470.119137
-7310.429958,100,1487.640192
-4546.109985,100,1488.166605
-7124.379948,100,1488.737729
-6947.149963,100,1489.920801
-8016.519981,100,1490.464886
-9535.519989,100,1491.907316
-6872.879971,100,1492.458471
-8815.689972,100,1492.75096
-7158.169998,100,1493.095201
-7747.889977,100,1493.635174
-6128.759953,100,1494.740537
-7517.559967,100,1495.571074
-9973.239986,100,1496.57908
-7699.699966,100,1497.996248
-9276.549973,100,1499.498823
-5999.36998,100,1500.180206
-8899.259995,100,1500.775002
-7351.039948,100,1501.301045
-5781.729965,100,1501.809881
-5017.129967,100,1502.311303
-6176.809956,100,1519.191275
-5199.159969,100,1519.717361
-6495.439968,100,1520.234745
-5616.169968,100,1520.739265
-6151.269974,100,1521.369206
-7422.499989,100,1521.886284
-3717.619961,100,1522.386253
-4540.209961,100,1522.88984
-6763.459969,100,1524.057668
-5401.539967,100,1524.877796
-6137.789963,100,1526.016165
-5393.359966,100,1527.006949
-5448.219975,100,1527.862026
-5748.109982,100,1528.559757
-6852.889969,100,1529.095788
-5309.989971,100,1529.637991
-6188.58997,100,1530.154299
-4900.439968,100,1530.656712
-6100.029964,100,1531.178064
-8653.619976,100,1531.714441
-7528.929981,100,1532.240707
-7408.93996,100,1548.151527
-7391.679966,100,1549.557642
-8116.289955,100,1550.140723
-7580.149944,100,1550.653196
-6306.669956,100,1552.018157
-5649.639954,100,1552.828208
-5936.229969,100,1553.107234
-8330.259956,100,1553.383766
-5896.309967,100,1553.63876
-6790.469978,100,1553.909075
-7345.33997,100,1554.668109
-6863.269962,100,1555.272025
-4687.939964,100,1555.534412
-5844.889969,100,1556.285972
-4587.549957,100,1556.877777
-5936.059967,100,1557.408699
-3305.309956,100,1557.927914
-9502.659992,100,1558.459064
-5892.189964,100,1559.068858
-7022.359974,100,1559.766408
-6358.339951,100,1584.113204
-6384.739964,100,1585.502255
-7344.269958,100,1586.640871
-7148.219963,100,1588.130281
-4147.459976,100,1588.863667
-4069.509968,100,1589.778244
-6243.679962,100,1590.728241
-3256.959969,100,1591.694171
-4995.979965,100,1593.138255
-4580.949978,100,1593.874244
-5934.519966,100,1595.108493
-4895.029968,100,1596.51932
-8891.82996,100,1597.509437
-4345.649967,100,1598.136656
-5234.529957,100,1599.281499
-6893.579971,100,1599.955688
-6637.29998,100,1600.596288
-5095.709969,100,1601.147598
-3777.359955,100,1601.852039
-6856.509979,100,1602.92549
-7022.779968,100,1603.83449
-7322.889977,100,1626.817316
-6382.529957,100,1627.43348
-4914.539959,100,1628.077951
-9862.309986,100,1628.979789
-6943.279957,100,1629.532024
-5968.599957,100,1629.778583
-4655.28997,100,1630.010997
-6196.229969,100,1630.53002
-3676.239967,100,1630.795238
-5644.949966,100,1631.058487
-6878.219948,100,1631.363586
-4097.769966,100,1631.640233
-6581.169968,100,1632.251325
-5392.349983,100,1633.13698
-6459.899967,100,1633.529232
-5608.419949,100,1633.912855
-7897.289978,100,1634.333257
-5901.889969,100,1635.067857
-5778.099976,100,1635.595201
-5851.229969,100,1636.105103
-5389.08997,100,1660.365853
-5062.809971,100,1661.649707
-5168.199959,100,1662.240546
-4820.549969,100,1663.022882
-5430.229961,100,1663.667168
-7035.949959,100,1664.199299
-7198.229969,100,1664.551495
-6399.379955,100,1664.864698
-3910.989967,100,1665.163505
-7982.719982,100,1665.470779
-5345.739956,100,1665.7423
-6487.759968,100,1666.098533
-6577.459976,100,1666.521829
-5004.109974,100,1666.982704
-8227.68996,100,1667.568563
-8009.019966,100,1668.122751
-7796.059959,100,1668.690172
-8254.789959,100,1669.312445
-6690.019978,100,1669.91463
-5334.299973,100,1670.647887
-5748.439983,100,1671.282479
-4467.949963,100,1686.752619
-8916.67997,100,1687.017973
-4324.209965,100,1687.61326
-5136.769974,100,1688.136287
-4800.919979,100,1688.653518
-6630.519966,100,1689.232581
-5721.139961,100,1689.785471
-6731.469967,100,1690.338823
-5267.129967,100,1690.842096
-5899.139961,100,1691.362014
-5938.909969,100,1691.879096
-5620.159958,100,1692.71712
-7456.679962,100,1693.212926
-5429.579967,100,1693.492221
-7827.529964,100,1693.771274
-5018.98996,100,1694.848616
-6792.309952,100,1696.434482
-6903.909969,100,1729.023839
-6162.299973,100,1729.972896
-4672.649956,100,1730.542096
-6248.159966,100,1751.303172
-8154.179974,100,1751.845047
-6471.519958,100,1752.431941
-7211.619972,100,1752.713156
-4958.439968,100,1752.99379
-4149.149967,100,1753.260182
-6942.899975,100,1753.568057
-5264.689964,100,1753.839176
-5930.589966,100,1754.106392
-4265.329979,100,1754.407338
-5646.919968,100,1754.679409
-9422.429977,100,1754.937071
-5745.429951,100,1755.196603
-9190.19997,100,1755.452338
-6103.089958,100,1755.807244
-4384.479961,100,1756.066804
-6609.689964,100,1756.297212
-8187.409969,100,1756.53918
-7621.47998,100,1756.779025
-6277.179962,100,1757.04159
-7881.599976,100,1757.344419
-9090.159943,100,1773.433046
-7041.369972,100,1773.708461
-6987.27998,100,1774.002828
-4378.739967,100,1774.25243
-5312.039959,100,1774.555963
-3560.299965,100,1774.813503
-7880.579971,100,1775.072826
-5427.75996,100,1775.321025
-6512.339958,100,1775.592021
-6834.689995,100,1775.84918
-4892.389969,100,1776.102755
-6782.08997,100,1776.363802
-4221.399967,100,1776.624893
-6164.569965,100,1776.877807
-9600.399982,100,1777.132987
-5416.669964,100,1777.41144
-5942.479992,100,1777.672592
-4600.829975,100,1777.970759
-5199.589954,100,1778.227777
-5832.869968,100,1778.482342
-5632.32996,100,1798.988665
-6389.16996,100,1800.078943
-9188.889965,100,1800.654653
-6963.619972,100,1801.21585
-6832.58997,100,1801.827181
-5008.919968,100,1803.169028
-5628.059971,100,1803.827554
-5205.229961,100,1804.413104
-6891.409966,100,1804.774912
-6122.589966,100,1805.632428
-5950.939972,100,1806.327154
-5789.43998,100,1807.071184
-5388.639977,100,1808.171887
-4914.659966,100,1809.283213
-5213.059967,100,1810.246455
-6290.269974,100,1810.723012
-6028.929958,100,1811.41154
-6941.129948,100,1812.562443
-6724.099972,100,1812.896882
-7429.359959,100,1813.201347
-5067.549973,100,1838.540635
-6180.259956,100,1839.15042
-5952.029953,100,1839.771284
-6230.169968,100,1840.501908
-4932.949955,100,1841.063508
-5482.449966,100,1841.588132
-5178.599957,100,1842.497422
-6023.779968,100,1844.328487
-7409.149963,100,1844.890464
-8325.159969,100,1845.471026
-4641.279964,100,1846.055128
-8649.30999,100,1846.617726
-6742.759964,100,1847.166622
-4859.119953,100,1848.562834
-4997.449963,100,1848.969327
-5802.819958,100,1849.288559
-6956.679951,100,1849.83356
-6291.789955,100,1850.370234
-6235.569962,100,1851.311497
-5734.859966,100,1851.841468
-4440.709953,100,1852.676339
-5121.189964,100,1876.117162
-7639.169968,100,1876.607208
-7239.589966,100,1877.102104
-8791.809971,100,1877.502321
-6741.269966,100,1877.956338
-5895.829967,100,1879.17249
-4075.659962,100,1879.845226
-5837.189972,100,1880.369252
-4965.589951,100,1881.311715
-6983.379971,100,1882.079235
-5201.309967,100,1883.031199
-4873.659969,100,1884.221273
-7650.659988,100,1885.374245
-5179.449974,100,1886.873333
-5969.059967,100,1887.638238
-3563.539963,100,1888.496531
-5842.629955,100,1889.601234
-4310.099957,100,1890.621251
-8748.869968,100,1891.896172
-5689.18996,100,1893.38917
-5087.489967,100,1915.054044
-8014.549961,100,1915.294568
-5177.91996,100,1915.555946
-5157.399963,100,1915.79439
-8929.119968,100,1916.02742
-6697.119976,100,1916.263038
-6913.749969,100,1917.588563
-4000.049965,100,1918.166451
-7276.739975,100,1918.980176
-7124.979965,100,1919.620588
-6454.659977,100,1920.204566
-6569.91996,100,1921.563024
-4537.429966,100,1922.84136
-5915.429974,100,1923.939487
-4996.349964,100,1924.83429
-5593.989964,100,1925.433091
-8835.189976,100,1926.020049
-5037.419952,100,1926.56711
-8932.279964,100,1926.964539
-7175.049961,100,1927.20425
-6954.159966,100,1927.448492
-5266.709949,100,1952.601458
-6596.399982,100,1953.223168
-5475.329967,100,1953.765136
-5546.279995,100,1954.571685
-10806.699963,100,1955.213691
-5734.229977,100,1955.778613
-7084.68996,100,1956.705431
-6916.459961,100,1957.2356
-6388.099964,100,1957.764118
-5367.069962,100,1958.063188
-4038.969959,100,1958.401099
-9564.469971,100,1958.757837
-6128.559967,100,1959.084329
-5395.229958,100,1959.370571
-5143.049973,100,1959.877307
-7355.219967,100,1960.478819
-6057.129974,100,1961.113322
-5925.899963,100,1961.677775
-7161.329967,100,1962.254582
-7111.60997,100,1963.292206
-5968.659958,100,1983.300731
-4325.789974,100,1984.706468
-6468.589973,100,1986.142081
-3822.869965,100,1986.952573
-4480.849976,100,1987.559346
-6692.23996,100,1988.083526
-4622.579964,100,1988.663083
-5330.389965,100,1989.264217
-4910.759968,100,1989.90067
-6045.629963,100,1990.432071
-6353.849972,100,1991.00624
-6799.959969,100,1991.574839
-6875.18998,100,1992.706089
-5568.689968,100,1993.469661
-4841.00996,100,1993.871516
-4936.929966,100,1994.215352
-9082.629955,100,1994.71517
-5995.729977,100,1995.003546
-5662.69997,100,1995.271163
-4725.669956,100,1995.553968
-4741.089966,100,1995.860045
-6422.659962,100,2021.60105
-4587.559959,100,2021.870624
-6720.359978,100,2022.118464
-5136.849972,100,2022.417401
-5469.499958,100,2023.215424
-8634.939972,100,2024.346036
-5817.51997,100,2025.431939
-5158.019939,100,2026.012932
-4770.209965,100,2026.908354
-4881.91996,100,2028.016252
-4228.659969,100,2029.478422
-6307.069981,100,2030.048886
-4712.659966,100,2030.623398
-4662.959969,100,2031.670278
-7123.349972,100,2032.533712
-6105.029968,100,2033.046244
-4598.59996,100,2033.708428
-4229.639969,100,2035.279746
-5946.659962,100,2036.036862
-5444.69997,100,2036.643643
-4019.919956,100,2058.21497
-4731.859959,100,2059.042897
-5770.889957,100,2059.637744
-4759.149967,100,2060.707396
-5421.169952,100,2061.47919
-6884.689976,100,2062.832532
-5446.68996,100,2063.514167
-6489.799973,100,2064.069838
-5701.139965,100,2064.607358
-4763.219967,100,2065.230083
-5984.429958,100,2065.864392
-4218.35997,100,2066.485357
-4918.149956,100,2067.01525
-4461.039963,100,2097.686014
-4642.249962,100,2097.984108
-6509.719982,100,2098.493951
-4078.939968,100,2099.092669
-6120.069965,100,2099.782593
-5173.029945,100,2100.380892
-9338.510002,100,2100.944349
-4947.449963,100,2101.493203
-5064.549965,100,2118.349087
-6359.33997,100,2119.97429
-6356.269962,100,2120.261406
-6049.089962,100,2120.505187
-4575.289967,100,2120.739996
-3535.539959,100,2120.976451
-5297.789974,100,2121.213281
-6474.099972,100,2121.761242
-8258.789967,100,2122.290288
-5305.509964,100,2122.877879
-5056.509964,100,2123.416324
-7544.26997,100,2124.353213
-7188.219967,100,2124.640213
-8119.119976,100,2125.047442
-5009.469971,100,2125.62281
-8401.609974,100,2126.16886
-5214.529968,100,2126.897345
-5710.559967,100,2130.234621
-5483.629967,100,2130.578295
-7000.819969,100,2135.167492
-5026.129974,100,2160.061191
-3876.129974,100,2160.738829
-4915.779961,100,2161.346081
-7816.749962,100,2161.923544
-4669.119957,100,2162.631073
-5027.849964,100,2163.563698
-6680.18998,100,2164.168361
-6590.949978,100,2164.764519
-3977.869965,100,2165.603441
-9394.599976,100,2166.137268
-4109.959965,100,2166.724945
-4399.409973,100,2167.249166
-7406.459976,100,2167.766013
-5981.259964,100,2168.294683
-5138.769958,100,2168.813639
-5239.379959,100,2169.599782
-6709.27998,100,2170.445305
-4387.109959,100,2171.090535
-7518.26997,100,2171.749876
-5504.799961,100,2172.317571
-3407.869957,100,2173.574644
-5227.619957,100,2198.686955
-4431.819962,100,2199.059867
-6320.839958,100,2199.830066
-5958.409966,100,2200.38431
-5206.969959,100,2200.930969
-5491.799969,100,2201.515283
-6819.639957,100,2202.171055
-4836.829979,100,2202.971192
-5410.859962,100,2203.527242
-8112.079964,100,2204.098787
-4674.28997,100,2204.716682
-5888.189968,100,2205.234396
-6098.819954,100,2205.798944
-4577.53997,100,2206.303206
-7464.03997,100,2206.801124
-6178.719963,100,2207.92687
-4393.789963,100,2208.559022
-6759.329967,100,2209.099538
-5589.59996,100,2209.694679
-5431.239956,100,2210.538534
-5475.69997,100,2234.214723
-6129.219975,100,2234.675405
-4989.179966,100,2235.211688
-5736.809971,100,2235.7307
-5730.929958,100,2236.275222
-5128.949966,100,2236.816017
-4380.969963,100,2237.346826
-4192.249958,100,2237.879153
-3795.489967,100,2238.383864
-5614.759968,100,2238.896607
-4996.049965,100,2239.424553
-6551.779968,100,2239.94387
-4920.499966,100,2240.477839
-5882.869968,100,2241.011208
-6539.899967,100,2241.53279
-6415.42997,100,2242.038994
-5687.849972,100,2242.559016
-4233.819965,100,2243.073725
-5261.139961,100,2243.641725
-7084.029968,100,2244.167546
-6445.789963,100,2244.680196
-4896.819965,100,2271.127194
-5569.609962,100,2271.655215
-3973.439972,100,2272.169111
-6175.319965,100,2272.899168
-4958.629959,100,2273.435833
-5929.699966,100,2273.94647
-4380.669964,100,2274.514582
-2256.249962,100,2274.815616
-5400.669971,100,2275.098648
-3416.319958,100,2275.31976
-4932.679962,100,2275.543512
-6462.349957,100,2275.772851
-4689.109962,100,2276.357034
-4976.499954,100,2277.427851
-5090.729946,100,2277.908259
-5999.109966,100,2279.088623
-5279.639957,100,2279.355618
-7299.339962,100,2279.92117
-6086.509975,100,2281.629321
-4679.599972,100,2282.25696
-7591.199963,100,2303.912217
-5017.799969,100,2304.156008
-4777.349976,100,2304.688614
-5131.079964,100,2304.937043
-5618.09996,100,2305.181303
-4607.53997,100,2305.501893
-7492.389969,100,2305.745887
-5759.889961,100,2306.107289
-6266.719963,100,2306.343196
-7889.219959,100,2306.588792
-5673.019978,100,2306.835476
-3571.739967,100,2307.111839
-4489.549965,100,2307.939188
-3918.689957,100,2308.486927
-6426.969975,100,2309.094617
-5626.969955,100,2310.661999
-5388.44997,100,2311.447222
-4495.499958,100,2312.088047
-4370.309967,100,2313.552968
-4923.419971,100,2314.764153
-6148.329964,100,2315.651914
-7117.439964,100,2336.526319
-6254.899963,100,2337.0804
-4255.649971,100,2337.661357
-5400.39996,100,2338.19646
-5491.269966,100,2338.745342
-4518.749969,100,2339.384258
-9939.719975,100,2339.939305
-3654.329952,100,2340.484682
-5351.099964,100,2341.711757
-4421.769958,100,2342.673648
-5004.499973,100,2343.852779
-5578.519981,100,2344.762435
-4388.83997,100,2345.60685
-5075.749962,100,2346.12503
-4843.549969,100,2346.652967
-5612.839989,100,2347.173628
-6882.729969,100,2347.689804
-5157.879978,100,2348.222031
-4834.91996,100,2348.742086
-6273.759975,100,2349.614089
-3766.089966,100,2367.162892
-4862.019962,100,2367.775557
-4875.219971,100,2368.310513
-4757.819969,100,2368.824306
-7253.28997,100,2369.363427
-4229.429966,100,2369.889879
-7410.63995,100,2370.436667
-5767.279972,100,2371.095647
-5989.43996,100,2371.627147
-5466.34996,100,2372.146246
-6936.049973,100,2372.679934
-5150.159985,100,2373.187919
-4135.269966,100,2373.713559
-4670.809967,100,2374.226474
-5788.539963,100,2375.037685
-4543.449966,100,2375.58523
-5322.129971,100,2375.852122
-4059.109966,100,2376.092721
-5890.869968,100,2376.359646
-5372.83997,100,2376.654245
-4341.909962,100,2377.885624
-5233.329964,100,2401.134901
-5735.419945,100,2401.734805
-4862.039963,100,2402.512076
-6230.259983,100,2403.058605
-5616.83997,100,2403.589287
-5503.999966,100,2404.324885
-4718.789963,100,2404.867789
-6318.10997,100,2405.724031
-5858.299976,100,2406.514332
-6200.899967,100,2407.288888
-3867.939957,100,2407.831317
-5249.589977,100,2408.449708
-6574.679966,100,2409.647445
-5536.019962,100,2410.475953
-6624.079964,100,2411.035065
-6515.359978,100,2411.823799
-6608.879963,100,2412.367673
-6798.389965,100,2412.902307
-4878.939964,100,2413.655967
-5081.079967,100,2414.200142
-4903.099968,100,2437.195309
-5462.319965,100,2437.688291
-4856.449959,100,2438.293193
-5758.639965,100,2438.682198
-6993.590027,100,2439.820893
-3978.489956,100,2440.340957
-5107.989952,100,2440.850936
-4112.699959,100,2441.38524
-4876.359962,100,2464.221097
-4552.43996,100,2465.017686
-7149.589962,100,2465.397717
-4688.669979,100,2465.906519
-5541.119968,100,2466.736268
-5890.149963,100,2467.827857
-7737.039967,100,2468.477854
-5379.39996,100,2469.986355
-3158.519958,100,2470.683792
-4475.349957,100,2471.421638
-5840.319969,100,2472.747576
-5018.849968,100,2473.288598
-4629.419968,100,2473.833334
-6262.199959,100,2496.377398
-5127.889965,100,2496.929665
-5919.839954,100,2497.605392
-5225.459969,100,2498.802424
-5389.729969,100,2499.376354
-7001.719971,100,2499.957256
-5426.93996,100,2500.496419
-4500.139961,100,2501.913405
-8076.359966,100,2502.556081
-7456.559986,100,2503.102771
-5560.929966,100,2504.556308
-4898.139965,100,2505.083894
-4204.539955,100,2505.584792
-5122.339947,100,2506.084184
-3985.829964,100,2506.617325
-4334.409966,100,2507.119359
-6561.359959,100,2507.624711
-4541.839966,100,2508.11675
-6400.899971,100,2508.676454
-4044.769958,100,2509.426526
-4888.909958,100,2528.499635
-5606.449966,100,2529.846919
-6730.509941,100,2530.363635
-6188.049973,100,2530.869828
-6505.379974,100,2531.39011
-5557.83997,100,2531.884945
-7804.189968,100,2532.421978
-5266.779984,100,2532.950047
-5867.679985,100,2533.478162
-5980.679962,100,2534.122791
-5713.859966,100,2534.632694
-4838.079967,100,2535.166904
-7901.629978,100,2535.716191
-6585.349968,100,2536.228207
-4182.679966,100,2536.817105
-6145.769966,100,2537.420517
-7016.769966,100,2537.974996
-5361.679966,100,2538.540354
-3998.789963,100,2539.116843
-6426.109966,100,2539.769545
-3713.849957,100,2540.050571
-4147.549961,100,2561.083424
-6025.92997,100,2561.57992
-6230.559963,100,2562.296401
-4557.059963,100,2562.720048
-4430.649963,100,2563.04063
-5723.089962,100,2563.340639
-7367.349957,100,2563.593534
-4320.499958,100,2564.170589
-7506.809967,100,2565.13518
-4242.199963,100,2565.36401
-5406.089973,100,2565.970904
-6318.479954,100,2566.629936
-4243.779961,100,2567.079244
-5851.349968,100,2567.634012
-4579.109962,100,2568.629432
-6969.209961,100,2569.856802
-7137.78997,100,2570.455248
-6569.539974,100,2570.98745
-4960.139969,100,2571.264771
-6159.879974,100,2571.54307
-5234.969959,100,2592.771595
-4739.549976,100,2593.281348
-4349.719963,100,2594.209198
-4738.049965,100,2594.508178
-3839.699966,100,2595.157283
-3412.51997,100,2596.57587
-6367.139973,100,2597.236461
-4270.349972,100,2598.182243
-7288.939972,100,2598.58258
-6292.149971,100,2599.064105
-5973.789974,100,2599.729329
-7614.559967,100,2600.318822
-5095.619965,100,2600.953208
-5347.849964,100,2601.446542
-5160.209969,100,2602.589873
-5751.28997,100,2603.100219
-6928.179962,100,2604.564139
-5618.829967,100,2605.391855
-6796.089977,100,2605.889284
-5228.539974,100,2606.411413
-4688.029961,100,2607.584418
-4164.299965,100,2632.843863
-4892.929966,100,2633.353323
-6913.609974,100,2633.858901
-5055.529968,100,2634.366987
-5081.099968,100,2634.886885
-5742.43996,100,2635.418616
-5152.759968,100,2636.016169
-4169.199966,100,2636.9024
-6273.099972,100,2637.912658
-5310.859959,100,2638.323185
-6419.779976,100,2639.632666
-5846.879971,100,2640.112583
-4777.009956,100,2640.66277
-5156.199982,100,2641.587127
-6073.159969,100,2642.372136
-4725.419956,100,2642.941739
-4655.779968,100,2643.460118
-6376.319962,100,2644.709431
-5512.51997,100,2645.22224
-4777.739952,100,2645.71422
-6312.739967,100,2663.323774
-7882.269985,100,2663.960453
-5787.409958,100,2664.57528
-3879.469971,100,2665.145159
-6771.94997,100,2665.677458
-6799.819962,100,2666.196234
-4642.949955,100,2666.708712
-3528.51997,100,2667.243873
-3954.039967,100,2668.076077
-6009.419964,100,2668.588843
-3929.619968,100,2669.131684
-4422.299965,100,2669.711267
-6271.109951,100,2670.080581
-6780.039963,100,2670.32034
-6032.689983,100,2670.579179
-4974.93996,100,2670.828888
-5314.369961,100,2671.067775
-9334.129982,100,2671.298795
-6485.839962,100,2671.558052
-5573.03997,100,2671.794712
-5293.169956,100,2672.059717
-6416.669971,100,2693.90349
-5736.549961,100,2694.942416
-4936.069965,100,2695.853835
-4537.149963,100,2696.460855
-5420.519958,100,2697.073093
-5722.739979,100,2697.612867
-7082.529968,100,2698.163845
-4232.109959,100,2699.073609
-6545.319969,100,2699.400831
-5219.33997,100,2699.725739
-6980.109978,100,2700.357414
-6596.719963,100,2700.885185
-4796.48996,100,2701.395419
-6297.499962,100,2702.024873
-6209.029953,100,2702.555184
-4599.379963,100,2703.089888
-5910.569969,100,2703.758083
-6899.74995,100,2704.310358
-7183.43998,100,2705.653974
-6378.839973,100,2706.282187
-7028.45998,100,2725.244731
-6324.489964,100,2725.983161
-5015.469971,100,2726.303263
-4292.969959,100,2726.59321
-5769.789959,100,2726.848322
-6895.469963,100,2727.121399
-8743.67997,100,2727.394331
-6490.13998,100,2727.87049
-6312.499966,100,2728.390545
-3372.979973,100,2729.011163
-4481.599964,100,2729.531175
-4399.649956,100,2730.078101
-5426.619961,100,2730.597204
-6379.959957,100,2731.10614
-4706.669952,100,2731.601352
-4834.749962,100,2732.124171
-6509.97995,100,2733.570236
-5234.259968,100,2734.995531
-4126.859974,100,2735.612555
-4363.08997,100,2736.14754
-5469.709961,100,2758.177842
-4364.449959,100,2758.863711
-5345.669968,100,2759.435083
-6776.539982,100,2760.010673
-4660.859959,100,2760.569693
-5246.23996,100,2761.093823
-3800.799957,100,2761.73158
-6259.279972,100,2762.249946
-4633.359974,100,2762.76689
-4040.909966,100,2763.286539
-6787.009983,100,2763.79617
-5044.049961,100,2764.318824
-4960.229973,100,2764.922143
-6037.34996,100,2766.292623
-6878.289978,100,2768.280805
-3922.319969,100,2768.972023
-5437.139969,100,2770.096475
-5286.589958,100,2770.795516
-3345.07996,100,2771.696198
-4432.989967,100,2772.230504
-4647.369965,100,2772.768051
-4675.839962,100,2796.972262
-4895.360027,100,2797.909992
-6512.839973,100,2798.426512
-6361.309967,100,2825.509658
-3374.449963,100,2825.772656
-6107.229965,100,2826.012157
-6348.039959,100,2826.333986
-5537.959961,100,2826.624294
-4658.779957,100,2827.201797
-4866.169964,100,2827.453331
-5159.969963,100,2827.694514
-5145.719971,100,2827.916243
-5492.569965,100,2828.134964
-7113.089958,100,2828.423469
-4536.869957,100,2829.228198
-4568.16996,100,2829.589613
-9382.979973,100,2830.027776
-6210.299969,100,2830.933515
-4830.129967,100,2831.53439
-6122.539963,100,2831.810741
-4622.82996,100,2846.026245
-4110.559956,100,2846.60441
-5621.999966,100,2847.227216
-4674.019966,100,2847.764489
-6631.319965,100,2848.364593
-4910.039955,100,2849.930227
-4984.829967,100,2850.229435
-5967.999973,100,2850.605649
-4741.909966,100,2851.66546
-6648.059963,100,2852.112558
-7261.42997,100,2852.849145
-5638.759964,100,2853.387816
-4739.629967,100,2853.950649
-4311.819962,100,2854.498347
-7132.569969,100,2855.228181
-5777.039967,100,2856.272146
-6026.559978,100,2857.682466
-5809.989975,100,2858.514163
-6087.659969,100,2859.600815
-5245.179966,100,2860.402181
-3251.859962,100,2860.928569
-5188.289974,100,2888.56485
-4124.689957,100,2889.091783
-5519.33997,100,2889.614459
-6260.709965,100,2890.459212
-5264.899956,100,2891.807315
-5662.369965,100,2892.99653
-4904.169968,100,2893.690083
-9174.079979,100,2894.064246
-3680.369965,100,2894.524995
-7048.599976,100,2895.110903
-4259.619957,100,2895.599995
-4628.729958,100,2895.901242
-4450.669964,100,2896.189548
-4616.069969,100,2896.429646
-6926.019962,100,2896.673789
-5053.839958,100,2896.900606
-4795.259968,100,2897.592486
-4666.859966,100,2898.082058
-5172.569965,100,2898.395046
-5288.899979,100,2899.91508
-5446.01997,100,2926.502978
-5850.809967,100,2927.238067
-5062.769974,100,2928.320181
-2931.979961,100,2928.862923
-4784.969963,100,2929.126995
-4981.639965,100,2929.390326
-4080.089954,100,2929.642421
-3898.999973,100,2929.899952
-5581.479973,100,2930.386241
-5215.889969,100,2930.612113
-6217.509972,100,2930.839575
-5402.139965,100,2931.067765
-4797.799957,100,2931.291084
-4503.899956,100,2931.808358
-3816.389957,100,2933.437479
-3749.509956,100,2933.978274
-4104.559971,100,2935.053748
-6096.369984,100,2935.849542
-4672.579967,100,2936.375249
-6429.779976,100,2936.963839
-5335.459969,100,2937.305793
-3830.759975,100,2951.28201
-6811.869972,100,2951.563913
-7442.309978,100,2951.810065
-6354.009953,100,2952.055197
-4860.619953,100,2952.32174
-5460.659962,100,2952.583644
-3938.869965,100,2952.829531
-10114.829975,100,2953.064842
-5385.769962,100,2953.33515
-5480.009964,100,2953.591758
-5257.729965,100,2953.841485
-5552.809959,100,2954.07646
-4061.919964,100,2954.317435
-5406.819969,100,2954.593474
-5416.809956,100,2954.841069
-6675.759972,100,2955.081568
-5390.829964,100,2955.331017
-5231.979969,100,2955.596138
-4884.259968,100,2955.837344
-5288.959965,100,2956.074277
-5408.929974,100,2975.140224
-4928.159966,100,2975.674748
-4605.379967,100,2976.024053
-4096.90995,100,2977.485422
-5243.069965,100,2978.032147
-4553.899967,100,2978.741267
-5818.979961,100,2979.39264
-5190.599968,100,2979.741307
-6202.289978,100,2979.984856
-6230.389973,100,2980.217458
-5639.329979,100,2980.452616
-4715.889965,100,2980.740406
-8763.96003,100,2980.980046
-5445.419968,100,2981.222644
-4670.319965,100,2981.460319
-4557.299973,100,2981.706635
-7986.739964,100,2981.952924
-4295.859966,100,2982.209034
-8330.409966,100,2982.47649
-5515.949966,100,2982.754838
-5547.359959,100,2982.982603
-6320.289959,100,3006.054749
-5056.669968,100,3006.31345
-3739.679966,100,3007.049181
-5085.209961,100,3007.697808
-5525.099964,100,3007.939202
-4041.239952,100,3008.483038
-6876.94997,100,3009.068174
-3276.059963,100,3009.344401
-4292.639957,100,3009.614225
-5301.859966,100,3010.244989
-6110.819969,100,3011.112031
-5605.029961,100,3011.374715
-5410.029957,100,3012.040432
-5101.16996,100,3012.77373
-5301.019978,100,3014.030827
-5640.759975,100,3014.251106
-4822.399979,100,3014.939807
-5065.169956,100,3015.701356
-6346.639965,100,3016.274024
-5337.099957,100,3016.550469
-7063.769966,100,3037.168166
-4312.639969,100,3037.957813
-7618.869953,100,3038.241905
-7131.979969,100,3038.775281
-4907.869965,100,3039.717849
-3760.839962,100,3040.170896
-6424.169968,100,3041.106891
-6354.139977,100,3041.342493
-5692.34996,100,3042.200184
-4649.769962,100,3042.932228
-3922.049961,100,3043.424474
-4041.729973,100,3043.761191
-5488.639961,100,3044.59293
-6625.899975,100,3044.824193
-4294.50996,100,3045.463073
-4397.339958,100,3046.220434
-5804.519958,100,3046.776521
-4415.339962,100,3047.830249
-5083.529964,100,3048.718306
-4118.519974,100,3049.275531
-5462.599957,100,3049.948735
-4735.709969,100,3068.346942
-4810.109966,100,3069.103755
-5678.839954,100,3070.012596
-5363.559959,100,3070.28046
-4594.28997,100,3070.534536
-5366.569969,100,3070.775574
-5126.409969,100,3071.0076
-5233.849972,100,3071.25963
-4983.26997,100,3071.546128
-4427.909966,100,3071.791722
-4777.759964,100,3072.033938
-3807.579967,100,3072.28904
-5737.829952,100,3072.544144
-6068.049969,100,3072.785052
-3899.099968,100,3073.019525
-5772.649975,100,3073.261979
-4116.509968,100,3073.528004
-4078.499958,100,3073.770153
-6624.679943,100,3074.021211
-5870.789967,100,3074.272738
-5238.999969,100,3092.089689
-4282.569962,100,3092.644812
-5756.889961,100,3093.167477
-5452.589973,100,3093.694776
-5001.17997,100,3094.219658
-5380.269962,100,3094.768745
-6241.219971,100,3095.281544
-4162.499958,100,3096.359485
-6927.949959,100,3096.657631
-5482.749962,100,3097.574512
-4078.199963,100,3097.968569
-7369.94997,100,3098.288028
-6455.339966,100,3098.949086
-4156.719982,100,3099.763482
-6112.339966,100,3101.270614
-5869.849964,100,3104.044251
-5347.399952,100,3105.267974
-7932.42997,100,3106.580896
-4474.689964,100,3107.435004
-4863.469967,100,3140.091918
-4523.329971,100,3140.66039
-6713.829971,100,3163.874316
-5321.139961,100,3164.730842
-6014.739971,100,3165.280061
-7250.279964,100,3165.865144
-6473.239971,100,3166.449609
-2795.139965,100,3167.075785
-4925.489964,100,3167.806136
-6938.969963,100,3168.505301
-5982.599968,100,3169.306301
-5620.959961,100,3170.073174
-4188.609966,100,3170.701298
-6385.399967,100,3171.63566
-5527.469967,100,3172.233989
-3337.07996,100,3172.87602
-4612.569962,100,3173.464463
-4647.18996,100,3174.058875
-3912.649963,100,3174.683643
-5983.719967,100,3175.290708
-5626.129967,100,3175.968997
-6292.559967,100,3176.58255
-6173.249943,100,3198.949823
-4610.649963,100,3199.674799
-8504.509972,100,3200.375554
-7002.059952,100,3201.004337
-5205.989956,100,3201.643317
-6499.769978,100,3202.299298
-3931.789959,100,3202.97783
-4872.529972,100,3203.632125
-6157.369961,100,3204.380796
-5020.689964,100,3205.019413
-5439.559967,100,3206.15521
-7223.529961,100,3206.786106
-9868.349979,100,3207.583219
-5430.069958,100,3208.223695
-6524.079967,100,3208.863537
-7640.789978,100,3209.757436
-4775.369965,100,3210.387168
-7274.289978,100,3211.035148
-2628.939964,100,3211.705504
-4961.329964,100,3212.32264
-7233.569965,100,3212.92907
-5727.359962,100,3242.311038
-7237.059975,100,3242.848952
-5884.069965,100,3243.960695
-4434.849964,100,3244.415693
-5328.279964,100,3244.820652
-5573.899963,100,3245.421319
-4983.179962,100,3246.405735
-4770.98996,100,3247.015492
-5296.649979,100,3247.635297
-6250.159966,100,3248.249469
-7514.739975,100,3249.530921
-3359.019962,100,3250.466142
-4239.019974,100,3251.227961
-4816.989979,100,3251.836828
-2871.159962,100,3252.448852
-6947.259949,100,3253.195439
-5517.509972,100,3253.965805
-6260.289974,100,3254.559832
-4263.91996,100,3255.155041
-5013.569969,100,3255.768106
-4707.379959,100,3280.316521
-3960.579967,100,3281.108033
-6413.209957,100,3281.775872
-3452.18996,100,3282.499552
-7263.369972,100,3283.379309
-5418.729939,100,3284.101206
-5863.539967,100,3284.706079
-3910.409973,100,3285.087587
-4539.749962,100,3286.159809
-6438.679958,100,3286.866908
-5540.799961,100,3287.181599
-5328.91996,100,3287.886844
-5454.999954,100,3289.011
-5665.509972,100,3289.796182
-6479.689957,100,3290.191802
-4845.829956,100,3290.592717
-6127.059967,100,3290.958324
-3834.819962,100,3291.332424
-4464.819965,100,3291.716737
-5088.529953,100,3292.055728
-4644.009972,100,3292.465503
-6508.639965,100,3309.520221
-6264.17997,100,3309.958829
-5957.929974,100,3310.345435
-6051.289959,100,3310.679448
-4902.57996,100,3311.011557
-6838.219967,100,3311.352272
-5176.719963,100,3311.790613
-5128.619965,100,3312.392823
-6789.379993,100,3312.816711
-4873.049969,100,3313.148544
-4961.269958,100,3313.511748
-3993.819969,100,3313.867431
-2400.579967,100,3315.066637
-4981.53997,100,3316.55448
-5339.939964,100,3317.073219
-4841.779968,100,3318.09164
-5770.809971,100,3319.031222
-2869.059967,100,3320.770017
-4409.399967,100,3321.471628
-5430.599964,100,3322.10576
-4987.039959,100,3345.578475
-6114.099968,100,3345.905154
-4834.009964,100,3346.218909
-5615.629971,100,3346.534743
-5014.049969,100,3346.835499
-5703.819965,100,3347.40103
-4384.999943,100,3348.205877
-6790.499981,100,3348.864882
-5057.269966,100,3349.787632
-5539.44997,100,3350.425289
-6426.039967,100,3351.052778
-4533.349964,100,3351.675567
-4829.389961,100,3352.328701
-4165.999962,100,3353.014689
-5139.039967,100,3353.460542
-5970.919968,100,3353.761855
-4476.769962,100,3354.061151
-3540.18996,100,3354.357589
-4066.749962,100,3354.696443
-5266.099964,100,3354.995541
-5371.289967,100,3355.29932
-3996.459953,100,3374.207618
-3693.819969,100,3375.534805
-4907.349972,100,3376.120609
-8081.549973,100,3377.597254
-4805.049957,100,3378.370861
-6803.699978,100,3379.2526
-5239.519966,100,3380.061577
-4393.129955,100,3380.705998
-4120.359959,100,3381.358766
-5174.039959,100,3382.316255
-4985.179962,100,3383.284667
-4589.469963,100,3384.210188
-5491.249973,100,3384.840314
-3582.519966,100,3385.511935
-5112.849964,100,3386.166106
-4451.769958,100,3386.81706
-4738.519947,100,3387.671097
-4978.229958,100,3388.303731
-3927.269962,100,3389.176683
-4649.469952,100,3390.304971
-4423.66996,100,3416.005684
-7079.929966,100,3416.572207
-5975.049961,100,3417.154094
-5702.969955,100,3417.743361
-5553.38998,100,3418.318864
-4229.499962,100,3418.926618
-6178.559952,100,3419.695503
-5655.58997,100,3420.440988
-4318.099957,100,3421.13941
-3555.259972,100,3421.796027
-6020.909958,100,3422.413555
-4867.709965,100,3423.027269
-4900.869957,100,3423.634082
-3761.669956,100,3424.238172
-3943.599968,100,3424.838739
-5347.779964,100,3425.465446
-9363.899952,100,3426.058421
-6596.029976,100,3426.645616
-5198.029968,100,3427.262665
-4988.649971,100,3427.961274
-5978.229958,100,3428.561405
-3810.089958,100,3451.11936
-4459.929962,100,3451.515855
-4540.419956,100,3451.88711
-5214.759956,100,3452.213639
-4336.449966,100,3452.684254
-6292.179955,100,3453.042276
-6141.81995,100,3453.401088
-4822.199966,100,3453.993477
-7512.059998,100,3455.332561
-4777.619968,100,3455.844564
-6947.639965,100,3456.321584
-5877.529968,100,3456.63271
-3568.279968,100,3456.92139
-4757.399967,100,3457.208347
-5143.369961,100,3457.767629
-4243.309959,100,3459.363046
-5165.169968,100,3460.151451
-5119.339954,100,3460.482305
-5119.559963,100,3460.800256
-3996.649971,100,3461.595422
-6129.349957,100,3482.168342
-3918.439968,100,3482.564052
-2540.729965,100,3483.024334
-5459.769962,100,3483.419395
-5261.389969,100,3483.959785
-4338.909969,100,3484.776628
-4078.069965,100,3485.098322
-5907.369965,100,3485.46913
-5351.969971,100,3486.681136
-4022.749962,100,3488.764539
-6002.759975,100,3490.314973
-5473.709972,100,3491.311579
-4264.549957,100,3492.408142
-4919.539959,100,3492.803563
-5572.669971,100,3512.438646
-5755.029968,100,3512.873343
-4469.129963,100,3513.6688
-5474.499962,100,3514.292637
-5189.239975,100,3514.906755
-6659.339985,100,3515.509935
-5345.079964,100,3516.09979
-5777.789959,100,3541.538884
-5429.549965,100,3542.352427
-5885.419956,100,3543.86065
-4571.579967,100,3544.683062
-4742.069962,100,3545.292957
-4451.399979,100,3546.323839
-6492.119972,100,3546.950936
-3932.369965,100,3548.10344
-5589.049969,100,3548.684706
-4320.899971,100,3549.310906
-6695.879963,100,3549.949444
-4945.779968,100,3550.554342
-5420.729965,100,3551.819454
-5258.159977,100,3552.623129
-4296.759964,100,3553.852271
-5985.699963,100,3554.913651
-4662.349964,100,3555.863889
-5729.579971,100,3556.466049
-5701.209972,100,3558.204159
-6341.619968,100,3559.7737
-5987.449966,100,3584.934722
-6791.709972,100,3585.671881
-6072.679974,100,3586.328823
-6759.029949,100,3586.922305
-3765.199959,100,3587.524701
-6880.009968,100,3588.097439
-5391.809956,100,3588.709345
-4592.449955,100,3589.259145
-5915.179955,100,3589.846968
-4838.099968,100,3590.158461
-5950.08997,100,3590.950159
-6090.699966,100,3592.327673
-6404.799965,100,3593.882864
-7620.979977,100,3595.440243
-5322.029972,100,3596.367412
-3747.159973,100,3596.953094
-4489.44997,100,3597.614259
-4830.709965,100,3598.803462
-4425.909969,100,3600.098409
-4041.429966,100,3601.198734
-3045.479973,100,3602.864851
-5241.309963,100,3628.694289
-4095.269966,100,3629.040533
-8186.999973,100,3629.42994
-3554.469955,100,3629.920099
-5756.609978,100,3630.572068
-4839.109966,100,3631.175232
-4889.429962,100,3631.782336
-5216.309967,100,3632.396808
-6220.779972,100,3633.052311
-3802.18996,100,3633.660318
-5090.059956,100,3634.333011
-6413.479958,100,3634.999667
-4600.939957,100,3635.619632
-4518.809963,100,3636.143173
-4024.219967,100,3636.572458
-5934.029968,100,3636.888619
-8839.429977,100,3637.209689
-3398.76997,100,3637.615733
-3880.369972,100,3637.939842
-4681.89996,100,3638.249904
-7275.999977,100,3659.22761
-3673.649967,100,3659.883763
-4156.849972,100,3660.828746
-6166.409969,100,3661.641453
-5485.009968,100,3662.708679
-6221.949963,100,3663.208462
-5262.909966,100,3663.661125
-4598.469967,100,3664.005312
-6914.189964,100,3664.489794
-3765.639961,100,3664.871013
-5482.089958,100,3665.214326
-6241.629967,100,3665.56264
-4454.719971,100,3666.040359
-6817.959969,100,3666.669061
-4449.859962,100,3667.407314
-4209.389965,100,3668.548144
-6170.199959,100,3669.199433
-7162.929958,100,3669.841968
-5468.079975,100,3670.450298
-5525.42997,100,3671.102665
-4111.309967,100,3693.769719
-5031.719975,100,3694.429662
-4745.13998,100,3695.161323
-5702.589973,100,3695.85716
-5389.609966,100,3696.583705
-4640.23996,100,3697.247352
-4811.839958,100,3697.869815
-4544.619957,100,3698.504072
-6155.929966,100,3700.821893
-6409.509964,100,3702.569495
-2907.509968,100,3702.961622
-7830.269974,100,3703.976237
-5201.649963,100,3704.834679
-4142.629974,100,3705.513111
-5102.369961,100,3706.140267
-6183.129959,100,3706.754291
-4321.269966,100,3707.362078
-4721.089947,100,3707.982862
-5914.079967,100,3708.618334
-4240.389957,100,3710.251418
-7728.079987,100,3710.913826
-7008.099976,100,3730.202224
-5545.119965,100,3730.808453
-4072.19997,100,3731.45829
-5818.119965,100,3732.053256
-5767.43996,100,3732.678463
-5006.379951,100,3733.282956
-6488.819962,100,3733.969024
-6300.469971,100,3734.640343
-3740.579971,100,3735.260626
-4390.489967,100,3735.873143
-5546.479973,100,3736.485635
-4395.219959,100,3737.334124
-7277.58997,100,3737.946589
-3207.859962,100,3738.544924
-3570.129967,100,3739.229413
-4593.169964,100,3739.934852
-5263.779968,100,3740.552753
-5458.029964,100,3741.216027
-3862.909962,100,3744.047802
-4566.969975,100,3745.1807
-5846.659966,100,3766.112713
-5116.669968,100,3766.728833
-4583.589962,100,3767.102706
-6179.929962,100,3767.446751
-6837.649967,100,3767.785435
-4341.779953,100,3768.226144
-5374.169956,100,3769.250824
-4207.029964,100,3770.28058
-2755.089966,100,3770.764498
-6483.479973,100,3771.093203
-3690.409958,100,3771.417829
-5784.729961,100,3771.721605
-6427.389961,100,3772.246064
-3552.379963,100,3772.809522
-5278.429974,100,3773.152241
-6849.38998,100,3773.502488
-5591.609955,100,3773.908827
-6091.179966,100,3774.594724
-5182.809967,100,3774.927137
-5251.759972,100,3775.25168
-4346.50996,100,3776.537184
-3977.229961,100,3805.84212
-4449.259972,100,3806.469719
-4851.379978,100,3807.086512
-6688.68996,100,3807.728189
-5159.629971,100,3808.480357
-5556.629974,100,3809.175524
-4758.769966,100,3810.252734
-5384.889969,100,3810.906118
-4708.299965,100,3812.141025
-5762.44997,100,3812.712493
-3727.179958,100,3813.458296
-5576.629967,100,3814.049213
-4111.569962,100,3814.708338
-5585.679958,100,3815.313985
-4114.579964,100,3815.930423
-4907.669952,100,3816.473031
-4521.649967,100,3816.824904
-5097.459972,100,3817.352813
-4676.269958,100,3817.722732
-5401.14996,100,3818.064874
-4537.66996,100,3843.177974
-5110.569954,100,3843.801753
-4557.599964,100,3844.432425
-3048.789967,100,3845.049421
-3567.10997,100,3845.658953
-5801.529968,100,3846.679207
-4575.129955,100,3847.277975
-3316.339966,100,3847.974467
-4107.899963,100,3848.583255
-4751.719963,100,3849.223939
-5699.509964,100,3849.886555
-5098.929966,100,3850.550035
-4922.959961,100,3851.120238
-6243.199955,100,3851.740029
-3795.969967,100,3852.327969
-4378.539959,100,3852.721648
-7441.83997,100,3853.521544
-4414.239971,100,3853.861682
-3819.009972,100,3854.194637
-5719.629963,100,3854.70355
-7725.559956,100,3855.116666
-7133.239998,100,3876.931071
-4631.499947,100,3877.516233
-6574.870029,100,3877.885577
-5401.209965,100,3878.247176
-3605.799961,100,3878.839315
-5610.679962,100,3879.232638
-5414.909966,100,3879.677923
-5756.58997,100,3880.39964
-4760.519962,100,3881.12117
-6573.669968,100,3909.508153
-3965.559963,100,3910.132173
-4844.089962,100,3910.781186
-5794.369972,100,3911.391913
-4639.599964,100,3912.684852
-4605.49995,100,3914.476016
-5114.069965,100,3915.127507
-5101.379974,100,3915.987973
-4854.75996,100,3917.173901
-6175.669975,100,3918.435326
-3033.83997,100,3919.138421
-3967.099957,100,3942.079728
-5409.219955,100,3942.539648
-3739.509975,100,3942.864172
-5446.639957,100,3943.2673
-5676.13995,100,3943.607406
-3806.719959,100,3944.055694
-3867.609959,100,3944.355475
-3998.879959,100,3944.91755
-4656.109955,100,3945.515417
-2784.259956,100,3946.258614
-3935.239971,100,3946.905202
-3933.999958,100,3947.593361
-5905.039963,100,3949.172751
-6131.549969,100,3949.972177
-4888.259964,100,3950.624973
-5506.649967,100,3951.393771
-4326.769955,100,3952.02745
-4045.039974,100,3952.961613
-4338.029968,100,3954.395106
-5752.429974,100,3955.073997
-3856.379963,100,3957.605013
-5707.329971,100,3984.821871
-5826.799961,100,3985.517533
-7113.649963,100,3986.225197
-4503.649967,100,3986.595103
-5437.639965,100,3986.96986
-5440.969967,100,3987.383607
-5090.51997,100,3987.878314
-4887.619976,100,3988.550124
-5526.349964,100,3989.46389
-5617.709961,100,3990.137848
-4636.639961,100,3990.773263
-3914.609959,100,3991.378334
-4793.659966,100,3991.963039
-4054.819965,100,3992.591496
-3800.659958,100,3993.268647
-3012.589962,100,3993.856582
-5799.579956,100,3994.452564
-4790.959957,100,3994.79969
-3959.059959,100,3995.10289
-6354.209965,100,3995.44971
-7865.079967,100,4018.821043
-6987.76997,100,4019.74468
-3745.399952,100,4020.359524
-3473.25996,100,4020.975665
-5081.569962,100,4021.71297
-5859.449959,100,4022.322736
-5107.119961,100,4022.913678
-4947.499954,100,4023.493243
-4294.079967,100,4024.080445
-5618.389957,100,4024.715301
-6460.009964,100,4025.294462
-3513.789963,100,4025.878261
-3737.039974,100,4026.466439
-5602.409969,100,4027.113848
-5126.369968,100,4027.791141
-4534.759968,100,4028.437227
-3663.029968,100,4029.002723
-3826.419971,100,4029.391623
-4060.929962,100,4029.830022
-4812.819958,100,4030.22982
-5637.029964,100,4030.595898
-4170.349964,100,4055.439535
-3922.309963,100,4055.764891
-5023.699955,100,4056.077075
-6048.569962,100,4056.689574
-5836.649979,100,4057.654816
-5353.319958,100,4058.343329
-5630.479969,100,4060.015241
-5672.329971,100,4060.871955
-3757.729969,100,4061.246757
-4973.43996,100,4061.58481
-4447.909962,100,4061.982149
-3430.18996,100,4062.569433
-2973.479958,100,4063.170316
-5437.479958,100,4063.502572
-5157.969963,100,4064.152909
-6498.609966,100,4064.759059
-5469.959957,100,4065.352138
-3664.529961,100,4066.027126
-4181.359947,100,4066.644029
-4335.899963,100,4067.28169
-4314.369957,100,4091.828319
-3954.469967,100,4092.159689
-4717.239967,100,4092.539439
-5889.819969,100,4092.892023
-2991.619968,100,4093.2037
-7063.239964,100,4093.593065
-5067.429974,100,4094.315326
-5642.089973,100,4095.026619
-4975.899967,100,4095.596906
-3965.789959,100,4095.909765
-7316.219959,100,4096.574827
-4171.709965,100,4096.901813
-4716.089962,100,4097.346025
-3393.159966,100,4097.712475
-4186.889973,100,4098.372348
-5181.439949,100,4098.71233
-3797.239964,100,4099.098696
-4743.279964,100,4099.533775
-3736.41996,100,4099.925113
-4484.979965,100,4100.294425
-4692.399979,100,4100.674018
-5900.409977,100,4124.610919
-5523.159969,100,4125.274986
-7616.729977,100,4126.580612
-4280.139957,100,4127.613461
-5624.779976,100,4130.702695
-6352.919964,100,4131.498332
-7286.369976,100,4132.030663
-4918.269966,100,4132.397441
-6128.00996,100,4132.698232
-5608.499969,100,4133.032619
-5315.339958,100,4133.348002
-6405.649963,100,4133.696748
-5411.629978,100,4133.977466
-7493.089962,100,4134.276432
-4096.109966,100,4134.570943
-4429.019974,100,4134.919446
-3740.549961,100,4135.368135
-5771.23996,100,4136.409919
-7403.319958,100,4137.095283
-4558.839966,100,4137.709343
-6048.279976,100,4156.993829
-7643.869965,100,4157.622656
-5831.819973,100,4158.233058
-5513.39996,100,4158.86357
-5779.059971,100,4159.788667
-4490.759964,100,4160.44554
-5213.719963,100,4161.139596
-5101.149967,100,4161.777009
-7100.239971,100,4162.405064
-3994.289955,100,4163.005766
-5183.949963,100,4163.496083
-7582.519978,100,4163.800476
-3991.259972,100,4164.141106
-5833.209972,100,4164.462634
-4780.819965,100,4164.766426
-6527.079948,100,4165.333709
-5364.079967,100,4165.727997
-4515.329979,100,4166.136172
-6338.349968,100,4166.52946
-5209.829967,100,4167.221245
-6348.680027,100,4167.877832
-4954.089966,100,4194.369578
-5268.019955,100,4195.003007
-5829.149952,100,4196.197348
-4607.229961,100,4196.842446
-6078.559971,100,4197.455773
-5120.549965,100,4198.03582
-4895.279961,100,4199.089254
-8756.829975,100,4199.752304
-5246.649975,100,4200.144318
-4950.479973,100,4200.671726
-6840.119961,100,4201.22171
-4984.989971,100,4201.819262
-5964.369961,100,4202.253353
-6902.809971,100,4202.611623
-5174.82996,100,4203.361038
-4537.149971,100,4204.041976
-6127.489967,100,4204.666764
-5006.849972,100,4205.275102
-9047.35997,100,4205.864769
-6922.729961,100,4206.431536
-5613.989979,100,4229.104344
-4214.429962,100,4230.135148
-4164.399967,100,4230.800101
-5928.07996,100,4231.831261
-4842.969963,100,4232.479125
-5401.569958,100,4233.263464
-4867.43996,100,4233.889433
-6795.119965,100,4234.507057
-3454.729961,100,4234.83786
-4126.679962,100,4235.731993
-4680.39996,100,4236.601053
-4947.379967,100,4237.463965
-5424.539959,100,4238.268764
-4609.279972,100,4239.656906
-5122.219967,100,4240.469143
-6985.199978,100,4241.143322
-4875.069973,100,4241.827927
-5900.449955,100,4242.511733
-5201.619965,100,4243.136839
-6591.179974,100,4243.98092
-5648.959969,100,4244.407809
-4285.879951,100,4268.624826
-6793.329971,100,4269.011768
-5210.169968,100,4269.446234
-6341.799965,100,4270.248784
-6930.399967,100,4290.687554
-4383.279964,100,4291.338804
-7056.929989,100,4291.957807
-5214.049973,100,4292.559115
-5398.429962,100,4293.162103
-5184.629959,100,4293.880849
-5671.489948,100,4294.53424
-6749.749966,100,4295.119736
-5095.229965,100,4295.697993
-5680.659973,100,4296.280484
-5023.439968,100,4297.703744
-5818.649963,100,4298.213477
-6451.509964,100,4300.996281
-6935.479961,100,4301.499408
-4928.68996,100,4301.955684
-4992.669964,100,4302.318033
-6982.349964,100,4322.618543
-4256.57996,100,4323.239798
-5713.01997,100,4324.058341
-6335.169971,100,4324.640907
-6349.259968,100,4325.690692
-6337.409973,100,4326.704154
-6451.049961,100,4327.449409
-5080.169968,100,4328.433449
-8450.229984,100,4329.618459
-6285.359974,100,4329.970348
-6833.209957,100,4330.295316
-7458.949963,100,4330.645138
-5060.689968,100,4330.98027
-7102.159962,100,4331.326454
-4727.579967,100,4331.666641
-6927.499966,100,4332.116661
-5778.839962,100,4332.701407
-4377.689968,100,4333.004988
-5023.799965,100,4333.419049
-5832.699963,100,4333.790903
-5688.009968,100,4334.144255
-2939.759972,100,4359.573983
-4680.75996,100,4360.029296
-2912.939957,100,4360.390476
-5501.919975,100,4360.846396
-8127.879982,100,4361.262223
-5905.749962,100,4361.959204
-5194.729969,100,4362.577897
-5686.209969,100,4363.195625
-7085.899963,100,4363.874598
-4841.389946,100,4364.465479
-4668.609962,100,4365.190579
-6597.709988,100,4365.571444
-6291.579945,100,4365.939138
-4273.399963,100,4366.635615
-5811.079967,100,4366.957668
-4959.929958,100,4367.271322
-4797.33997,100,4367.65886
-4839.559971,100,4369.083084
-5380.18996,100,4369.562742
-5838.25996,100,4369.983843
-5388.819962,100,4394.268702
-6401.179966,100,4394.632913
-5253.209957,100,4394.945078
-4499.559967,100,4395.388761
-5804.519962,100,4396.095656
-5838.35997,100,4396.492398
-7267.979969,100,4396.977091
-6933.499973,100,4397.398486
-3945.299961,100,4397.929
-5044.989971,100,4398.542759
-7569.829971,100,4399.397599
-4288.729965,100,4400.24891
-5753.219963,100,4401.006208
-4384.749969,100,4401.724711
-6310.159973,100,4402.463017
-8164.809978,100,4403.207613
-7250.149975,100,4403.850869
-7314.009964,100,4404.462111
-5322.739967,100,4405.067034
-4723.10997,100,4405.708936
-5734.899967,100,4406.326523
-4953.929962,100,4432.043573
-4599.209972,100,4432.730103
-8538.709965,100,4433.673847
-5387.68996,100,4434.30228
-5054.549969,100,4434.955798
-6018.76997,100,4435.554054
-6166.879963,100,4436.160736
-3812.57996,100,4436.814811
-3438.779972,100,4437.460295
-5665.239971,100,4438.131413
-6230.049969,100,4439.304573
-4466.709949,100,4440.140724
-4772.139977,100,4441.000117
-6821.639961,100,4441.634536
-5426.729969,100,4442.217914
-6544.179962,100,4442.819186
-4260.239964,100,4443.409957
-3893.549969,100,4443.986841
-5108.229969,100,4444.591327
-4461.139961,100,4445.146459
-5097.999962,100,4465.738257
-5728.489964,100,4466.599229
-4668.339973,100,4467.312643
-6229.789959,100,4468.04004
-5020.299961,100,4469.077341
-7301.629978,100,4469.960323
-3888.059971,100,4471.268154
-4239.449959,100,4473.538488
-4098.839943,100,4473.961746
-8130.409962,100,4474.429991
-5478.549965,100,4474.851562
-6065.399971,100,4475.408788
-4489.629963,100,4476.879078
-3953.589962,100,4477.614043
-5421.039959,100,4478.242514
-4666.69997,100,4479.147326
-7000.139977,100,4480.096699
-7450.129997,100,4481.823323
-6007.029976,100,4482.733263
-6362.959969,100,4483.39951
-4357.659966,100,4484.020661
-5021.989971,100,4509.493227
-4448.939968,100,4510.910446
-4688.539967,100,4511.655094
-6066.449986,100,4512.346591
-4855.569973,100,4513.446707
-3629.849972,100,4515.495036
-5510.879963,100,4516.959921
-9071.290001,100,4518.046199
-4050.819969,100,4519.046687
-6166.669964,100,4519.918734
-4174.589973,100,4520.413287
-6781.239967,100,4521.036794
-4061.899975,100,4521.429157
-8152.07996,100,4521.80243
-6238.129971,100,4522.275573
-4202.079971,100,4522.692383
-4976.689964,100,4523.050256
-4854.169968,100,4523.340935
-4941.579964,100,4523.74175
-3732.909966,100,4524.126131
-4543.219967,100,4544.539751
-5428.859966,100,4544.830501
-7191.889988,100,4545.138202
-5092.609959,100,4545.485968
-3935.769958,100,4545.821308
-3996.299973,100,4546.211605
-5116.559971,100,4547.018503
-4492.279964,100,4547.651713
-3216.53997,100,4548.52452
-3598.839958,100,4549.749644
-5997.09996,100,4550.478919
-4331.379963,100,4551.152173
-5398.009968,100,4551.809189
-3653.149979,100,4553.47406
-6881.19997,100,4555.061585
-5085.559963,100,4557.776327
-4401.619965,100,4560.686213
-5123.229961,100,4561.449667
-4221.379951,100,4562.9007
-5985.69997,100,4563.889803
-5800.389969,100,4564.552428
-4952.059967,100,4586.207189
-5989.069958,100,4586.799278
-7723.319984,100,4587.399514
-5728.629963,100,4587.776225
-4079.699966,100,4588.238769
-4813.809967,100,4588.852161
-3833.569958,100,4590.058838
-4829.189964,100,4590.672493
-4382.879951,100,4591.511434
-7174.559975,100,4592.166729
-5133.999969,100,4592.803674
-4014.92997,100,4593.411315
-4297.659969,100,4594.086115
-4562.569962,100,4594.714215
-6045.129967,100,4595.308404
-7274.769974,100,4595.936272
-5862.779957,100,4596.522749
-5897.51997,100,4597.116137
-4848.469959,100,4597.712418
-3765.849957,100,4599.209438
-3363.269955,100,4621.631125
-6900.809956,100,4622.26132
-4717.499958,100,4622.932747
-6601.439972,100,4623.61732
-5240.109959,100,4624.183656
-5186.76997,100,4624.755199
-4879.679962,100,4625.861413
-5123.789967,100,4626.252118
-3740.719963,100,4626.927211
-5291.969955,100,4628.183612
-5016.209957,100,4628.805001
-4987.659973,100,4629.533329
-5936.509964,100,4630.992216
-5444.959972,100,4631.731286
-4538.009956,100,4632.385632
-5370.08997,100,4633.0727
-5135.139961,100,4633.744554
-6193.409958,100,4634.332502
-4926.989964,100,4634.929917
-6181.239971,100,4635.499488
-3525.779964,100,4681.63939
-5449.409962,100,4682.59236
-5986.649967,100,4683.395236
-6994.759968,100,4684.880561
-3485.469963,100,4686.755107
-4772.169975,100,4687.407299
-6176.429962,100,4688.677548
-5421.509964,100,4690.009806
-4879.279961,100,4690.66262
-4280.89996,100,4691.415306
-5703.139954,100,4691.772814
-7207.399979,100,4692.510428
-5496.029964,100,4693.16608
-4920.759972,100,4694.003229
-5268.659966,100,4695.046046
-5544.079967,100,4695.755929
-5796.259968,100,4696.316076
-4610.839962,100,4696.61891
-5011.92997,100,4696.934286
-4414.769974,100,4697.300904
-4471.859966,100,4697.641146
-4736.279961,100,4718.414626
-5994.309971,100,4719.311566
-8026.67997,100,4720.009931
-5002.779972,100,4721.020071
-5374.449963,100,4722.324823
-5901.39996,100,4722.685506
-4951.369968,100,4723.002258
-3776.119965,100,4723.314396
-6335.909977,100,4723.616127
-3883.459953,100,4723.961079
-5849.049961,100,4725.393312
-5903.829971,100,4725.691925
-4380.319973,100,4727.164191
-4135.219959,100,4730.366606
-3661.579964,100,4730.882874
-3913.429962,100,4731.333213
-5251.419979,100,4731.681211
-5268.299965,100,4732.010437
-6502.599972,100,4732.411167
-5630.849964,100,4733.340725
-3462.789955,100,4753.766463
-6369.749973,100,4754.603317
-6199.809952,100,4755.994443
-5699.98996,100,4756.557693
-4213.019962,100,4757.277469
-4809.189968,100,4757.846792
-5131.969963,100,4758.473488
-5833.869976,100,4758.967954
-6195.899967,100,4759.447835
-4943.379963,100,4760.311527
-4178.669956,100,4760.976223
-6716.729977,100,4761.628316
-4600.209969,100,4763.265969
-5936.66996,100,4763.920825
-4611.499973,100,4764.57866
-4147.749962,100,4765.192317
-4251.789963,100,4766.829201
-4214.609966,100,4767.764559
-3671.009968,100,4768.602678
-5456.489967,100,4770.758528
-4674.869957,100,4772.833192
-5202.039963,100,4795.431137
-4221.939972,100,4796.022763
-3907.399963,100,4796.751196
-4092.629959,100,4797.439589
-4433.349972,100,4797.753349
-4050.169964,100,4798.041538
-3186.109959,100,4798.404051
-4958.18998,100,4799.347719
-4645.799961,100,4799.91045
-3710.269966,100,4800.326056
-4253.169968,100,4800.711423
-2821.599964,100,4801.051954
-4861.039959,100,4801.488297
-7283.459961,100,4801.863794
-4107.879959,100,4802.628032
-5926.859959,100,4803.294414
-5171.949955,100,4803.748281
-4785.83997,100,4804.762165
-5704.609962,100,4805.469179
-4428.319969,100,4805.800787
-4577.569962,100,4828.924057
-4298.34996,100,4829.240196
-3826.979973,100,4829.770241
-7789.289967,100,4830.389454
-5523.57996,100,4831.042994
-6369.199959,100,4831.66596
-6418.869968,100,4832.482197
-8071.669968,100,4833.233038
-5944.35997,100,4833.806947
-6142.609966,100,4834.131173
-6353.169964,100,4835.456345
-4572.419971,100,4835.740328
-4237.24995,100,4836.633032
-5104.059963,100,4836.91358
-5232.129959,100,4837.203553
-4859.189968,100,4837.841922
-5727.699963,100,4840.159504
-7459.789955,100,4840.972775
-5497.489964,100,4841.725623
-5619.039967,100,4842.531964
-6111.129959,100,4842.940698
-6120.68996,100,4866.857455
-6963.849976,100,4868.293264
-4364.559959,100,4868.917315
-4916.419975,100,4869.433202
-5017.019958,100,4869.847138
-5162.829952,100,4870.196125
-6283.809971,100,4870.587554
-6793.219978,100,4871.535558
-3972.719963,100,4872.13915
-4664.379967,100,4873.573128
-4646.869968,100,4873.984973
-6292.519962,100,4874.669995
-6407.879967,100,4875.274077
-4151.079967,100,4876.247326
-3707.559959,100,4877.317223
-5366.729973,100,4877.918539
-5414.859974,100,4878.491767
-3949.389973,100,4879.271614
-5759.279945,100,4880.02483
-4915.369965,100,4880.612134
-4754.619965,100,4902.838637
-7112.590019,100,4903.869784
-6271.439964,100,4904.892004
-4699.639957,100,4905.725623
-6421.559967,100,4906.104464
-5623.579956,100,4906.451512
-4487.759975,100,4906.835468
-3920.609966,100,4907.482703
-5188.609974,100,4908.077744
-4532.309959,100,4908.669062
-3616.239964,100,4909.497341
-3775.259968,100,4910.202986
-5228.459972,100,4910.887997
-4086.239967,100,4911.430023
-5022.839962,100,4912.122548
-8008.009987,100,4912.763397
-4512.239948,100,4913.428229
-5431.959988,100,4914.03934
-5679.039959,100,4914.675472
-6250.249969,100,4916.358311
-3157.909973,100,4917.913345
-4554.569965,100,4935.114264
-5158.719959,100,4935.463933
-4748.269958,100,4935.846003
-3937.18996,100,4936.203865
-4712.279968,100,4936.55012
-6088.879974,100,4936.955443
-3905.189968,100,4937.557517
-4605.619965,100,4938.00299
-3892.339966,100,4938.36786
-5633.719967,100,4938.715446
-4919.729961,100,4939.067469
-6244.939964,100,4939.443309
-4541.319962,100,4940.683937
-5557.859966,100,4941.311919
-4207.669964,100,4943.160945
-3637.529968,100,4944.77714
-5723.989971,100,4945.559036
-4284.719967,100,4946.415514
-4190.58997,100,4947.004231
-5782.529972,100,4947.662808
-4918.039951,100,4973.737222
-6792.599964,100,4974.083379
-5052.299961,100,4974.397245
-6902.20002,100,4974.684018
-4811.689957,100,4974.997033
-5484.08997,100,4975.438208
-6706.399975,100,4975.751871
-5803.309963,100,4976.073776
-5466.499973,100,4976.490193
-6120.859962,100,4976.806797
-4979.369976,100,4977.462883
-6098.899975,100,4978.478069
-5618.619968,100,4978.924134
-4519.939964,100,4980.08697
-4436.649967,100,4980.603563
-8623.499985,100,4981.1547
-3853.189976,100,4981.75123
-6133.229961,100,4982.074181
-4665.499958,100,4982.41935
-4027.119961,100,4982.796446
-4862.089966,100,4983.17304
-3307.589973,100,5009.05126
-4988.119957,100,5009.444346
-5466.069958,100,5009.857337
-5819.339962,100,5010.397311
-3166.399963,100,5010.787753
-3395.469967,100,5011.262416
-5421.529968,100,5011.853271
-5293.809967,100,5012.29928
-5327.659962,100,5012.69059
-8273.799969,100,5013.049534
-6686.989967,100,5013.410341
-6107.059967,100,5013.767262
-4858.699963,100,5014.117546
-7123.339966,100,5014.498908
-5946.139961,100,5014.887751
-8510.729988,100,5051.019993
-5770.399963,100,5051.715461
-6686.169964,100,5052.332283
-7330.469975,100,5052.993289
-6326.209969,100,5053.308145
-5423.089966,100,5079.968414
-8136.419975,100,5080.557732
-5047.529964,100,5080.849345
-5864.729961,100,5081.200684
-3969.989956,100,5082.291509
-6511.609974,100,5083.801933
-6294.479965,100,5084.434173
-6380.609962,100,5084.975385
-4961.909977,100,5085.39733
-6955.689976,100,5085.769643
-5157.219971,100,5086.127608
-6278.729973,100,5086.572435
-6213.689964,100,5086.966944
-4359.289963,100,5087.39623
-6356.839981,100,5088.27056
-4395.209961,100,5089.203767
-5981.499973,100,5089.84588
-6245.409969,100,5090.150745
-6050.709965,100,5090.632594
-4106.249969,100,5091.211575
-5646.349972,100,5091.577879
-4825.179962,100,5121.064956
-4499.229958,100,5121.743481
-3480.799961,100,5122.729214
-5755.98996,100,5123.346661
-5200.369972,100,5124.450799
-7373.480007,100,5125.316053
-6418.809978,100,5125.80909
-5343.539951,100,5126.226713
-7323.029984,100,5126.917889
-5499.939964,100,5127.562758
-4698.589966,100,5128.247505
-5789.369965,100,5128.952083
-4510.269962,100,5129.76667
-4950.189964,100,5130.408486
-5728.119957,100,5131.042982
-5214.969967,100,5132.244431
-6365.049965,100,5132.790345
-5525.169968,100,5133.701254
-5110.289963,100,5133.988299
-7556.229954,100,5134.323767
-7129.699963,100,5159.060729
-5571.299957,100,5160.87895
-5300.429977,100,5162.292512
-6830.899967,100,5162.885435
-6790.999969,100,5163.21816
-5366.549969,100,5163.543225
-6150.909969,100,5163.850968
-3776.039963,100,5164.231091
-6545.919971,100,5164.75711
-2890.529953,100,5165.07544
-5715.819958,100,5165.395401
-7436.779976,100,5165.747088
-6531.469955,100,5166.209888
-4480.809952,100,5167.047949
-6877.719967,100,5168.195059
-6261.919964,100,5168.6116
-4667.079956,100,5169.049145
-5870.459961,100,5169.771883
-5101.269962,100,5170.110682
-5369.51997,100,5170.426201
-6013.299969,100,5170.726521
-5644.169971,100,5194.394787
-7167.049965,100,5194.814059
-5851.509953,100,5195.381764
-4366.49995,100,5195.80062
-6674.79995,100,5196.165908
-5347.059967,100,5196.552235
-5845.749966,100,5196.920728
-5988.109966,100,5197.276945
-5062.059967,100,5197.711768
-6305.67997,100,5198.080471
-5687.049961,100,5201.131481
-5371.209972,100,5202.168417
-3410.059971,100,5202.79098
-4862.859959,100,5203.812955
-5231.139961,100,5204.861531
-4895.979965,100,5205.483566
-4253.599968,100,5206.108633
-4316.319962,100,5206.716267
-6078.279961,100,5207.321939
-6019.769962,100,5207.940951
-5554.249958,100,5228.401422
-4291.299969,100,5228.809633
-5703.499973,100,5229.283235
-6433.099968,100,5230.033057
-6492.469967,100,5230.675787
-7097.619968,100,5231.376924
-5771.719982,100,5231.953943
-5510.389969,100,5232.535206
-5399.089966,100,5233.132282
-5083.049957,100,5233.742217
-4436.109959,100,5234.320914
-4605.799965,100,5234.909261
-6090.399971,100,5235.516912
-6016.019962,100,5236.112215
-8027.949951,100,5236.738145
-6172.219959,100,5237.336515
-5533.039967,100,5237.941693
-7044.309967,100,5238.569425
-5896.93996,100,5239.273512
-5026.669956,100,5239.908538
-6738.529964,100,5240.241435
-5528.039955,100,5269.700252
-4699.819977,100,5270.116876
-3479.569965,100,5270.515618
-7021.049976,100,5271.124215
-7615.769962,100,5271.833402
-6024.989971,100,5273.013336
-5226.689964,100,5274.246954
-4974.699963,100,5274.644456
-4732.719959,100,5275.192126
-4295.259972,100,5275.724978
-4328.369961,100,5276.072645
-5240.739964,100,5276.484149
-3774.109966,100,5276.863194
-6289.809963,100,5277.248854
-4530.979965,100,5277.728878
-3732.939968,100,5278.126193
-5238.159969,100,5278.618295
-6100.459965,100,5278.959983
-5714.199966,100,5279.377159
-5401.449966,100,5279.757035
-6391.699963,100,5304.189635
-6321.999973,100,5304.584189
-8782.949989,100,5305.048876
-8100.369965,100,5305.510173
-6607.969959,100,5305.892
-5697.019966,100,5306.293783
-7626.539978,100,5306.798683
-6277.92997,100,5307.431098
-8373.459972,100,5307.956082
-6613.379967,100,5308.304271
-5423.479969,100,5308.89592
-9988.849976,100,5309.580648
-7083.829971,100,5310.340953
-5773.939964,100,5311.006454
-6085.269966,100,5311.767074
-5985.509968,100,5313.329006
-7768.399975,100,5314.754527
-9212.609982,100,5315.7086
-11132.369987,100,5316.230952
-7283.999962,100,5316.893241
-7255.779976,100,5317.23448
-8876.709961,100,5342.111241
-8106.659966,100,5342.709973
-6463.809967,100,5343.307189
-6153.519966,100,5343.884119
-5168.019966,100,5344.524994
-5323.69997,100,5345.273427
-7878.619965,100,5345.881892
-6712.069965,100,5346.508693
-7219.839973,100,5347.176544
-5435.129967,100,5347.827072
-7964.679966,100,5348.434504
-6033.349968,100,5349.124179
-7474.149975,100,5349.767469
-6148.219963,100,5350.366623
-8136.639973,100,5351.178629
-6744.759972,100,5352.62691
-8003.85997,100,5353.732474
-8959.029968,100,5354.485877
-7770.94997,100,5355.121831
-8074.929981,100,5355.720454
-7998.779968,100,5389.77756
-6276.329971,100,5391.535424
-7996.849964,100,5393.22369
-8387.759964,100,5393.672478
-11612.319977,100,5394.458462
-5590.949959,100,5395.041317
-7719.219971,100,5396.757035
-7500.119965,100,5397.729387
-5461.699966,100,5398.406722
-7612.819962,100,5400.904004
-4251.769966,100,5402.460983
-9134.149979,100,5403.983548
-8166.939972,100,5405.067761
-6791.719967,100,5405.916055
-10351.279984,100,5406.511916
-6672.929977,100,5407.244109
-7222.50996,100,5408.572805
-6397.309959,100,5410.799563
-7952.409958,100,5411.664181
-4149.609962,100,5411.977577
-5400.83997,100,5412.783553
-7710.219971,100,5441.831962
-5635.48996,100,5442.454352
-6355.88998,100,5443.054771
-6234.69997,100,5444.325957
-6183.839973,100,5444.953081
-8054.309975,100,5445.827243
-8780.329971,100,5446.697614
-4107.869965,100,5447.811392
-6421.58997,100,5448.153439
-9301.789978,100,5448.520171
-6253.999966,100,5479.880125
-5988.329964,100,5480.620617
-7627.749973,100,5481.20066
-5471.149971,100,5481.785758
-5653.959969,100,5482.464996
-5973.999969,100,5482.920677
-6597.649963,100,5483.220873
-6352.699974,100,5483.67131
-8235.369957,100,5484.727329
-7169.029968,100,5485.392531
-5738.159954,100,5513.706015
-6511.329971,100,5514.365805
-4293.359962,100,5515.09129
-5725.819958,100,5515.721396
-6665.079967,100,5516.33517
-4682.09996,100,5517.18732
-6491.149963,100,5517.87586
-4541.109962,100,5518.536857
-5668.509975,100,5519.550024
-5026.629967,100,5520.221127
-6397.379971,100,5520.859718
-5355.17997,100,5521.484099
-5982.269962,100,5522.195511
-7637.109962,100,5522.833277
-6081.659969,100,5523.44817
-6156.689964,100,5524.055982
-5176.959972,100,5524.623441
-8447.179955,100,5524.914536
-6074.819962,100,5525.404969
-6087.869968,100,5525.989301
-6443.429974,100,5527.417574
-5086.599957,100,5549.988849
-6553.92997,100,5550.252112
-7966.939957,100,5550.494504
-6596.169975,100,5550.750597
-6861.529968,100,5551.000236
-5957.859962,100,5551.245061
-6139.84996,100,5551.481518
-6298.299976,100,5551.729051
-7044.529961,100,5552.129299
-7997.159969,100,5552.374916
-8490.969978,100,5553.628054
-5227.939968,100,5554.176642
-6064.199978,100,5554.711952
-7118.449959,100,5554.935999
-6191.759968,100,5555.162941
-5776.35997,100,5555.671948
-3877.379951,100,5556.607185
-5053.169968,100,5556.848893
-6254.529957,100,5557.845515
-5952.039963,100,5559.468354
-3035.459969,100,5586.312743
-5971.969967,100,5587.46177
-4153.479961,100,5587.757056
-4776.879971,100,5588.001171
-6519.149971,100,5588.300585
-7793.229958,100,5589.104918
-10462.219986,100,5589.781526
-7333.289978,100,5590.318473
-7158.01997,100,5590.827137
-5527.669956,100,5591.551073
-5020.629971,100,5592.599294
-8868.449982,100,5593.404171
-6640.159977,100,5594.47279
-5795.809971,100,5595.641417
-8666.279976,100,5596.141088
-6108.36998,100,5597.115211
-5361.259964,100,5597.61405
-6293.279949,100,5598.27621
-7552.399971,100,5598.776937
-2995.419956,100,5599.526526
-5539.819946,100,5599.993977
-6400.619961,100,5621.385037
-5816.93996,100,5621.90722
-3989.929958,100,5622.426331
-5873.909966,100,5622.94828
-6704.669968,100,5623.452676
-4801.479961,100,5623.991301
-6191.909969,100,5625.365211
-5413.729969,100,5626.435751
-5955.729969,100,5628.212844
-5777.869965,100,5628.971791
-4157.179962,100,5630.006119
-6483.339966,100,5630.642521
-6533.019958,100,5631.555859
-6688.519966,100,5632.624745
-5501.459969,100,5633.122623
-5935.509956,100,5633.754134
-8838.069973,100,5635.107274
-6467.909962,100,5635.901677
-6021.339973,100,5636.62741
-5080.979969,100,5637.428166
-4665.469959,100,5661.147533
-5485.059956,100,5661.414226
-6848.139961,100,5661.688292
-4873.989967,100,5661.93623
-5558.739967,100,5662.175307
-6396.889965,100,5662.408431
-6762.749962,100,5662.642493
-3753.099968,100,5662.930997
-5722.809971,100,5663.202296
-7948.499981,100,5663.439732
-6608.309963,100,5663.678522
-4025.469963,100,5663.915058
-4707.759968,100,5664.167135
-6375.789986,100,5664.393337
-8014.079975,100,5664.621988
-4941.409973,100,5665.151207
-4419.899963,100,5665.377168
-5171.759968,100,5665.611811
-6524.139973,100,5665.861173
-7949.289978,100,5666.152866
-4764.009964,100,5696.063256
-3712.499962,100,5696.321349
-4195.939968,100,5696.585439
-4832.169971,100,5696.824411
-5799.719959,100,5697.477072
-5145.739964,100,5698.0352
-6434.229961,100,5698.284847
-5746.489967,100,5698.528014
-6054.149975,100,5699.389284
-5812.419979,100,5699.699291
-5622.969967,100,5699.948182
-4089.129959,100,5700.726223
-3684.609955,100,5701.343144
-5336.929966,100,5701.6593
-4235.489967,100,5702.253115
-4278.579964,100,5702.607553
-5283.429962,100,5702.875732
-6415.85997,100,5703.478951
-7515.00996,100,5704.853134
-6644.349957,100,5705.187953
-6230.919964,100,5705.603021
-8073.18998,100,5731.582098
-5508.48996,100,5732.073097
-6210.559959,100,5732.623149
-4511.429962,100,5733.661808
-5994.909966,100,5734.391165
-7147.899979,100,5735.44695
-4639.069962,100,5736.606126
-5251.399963,100,5737.116179
-4135.14996,100,5738.188262
-4849.979954,100,5738.883508
-3020.51997,100,5739.464124
-3985.559963,100,5739.975611
-7196.729977,100,5740.788589
-5246.719967,100,5741.635347
-5672.109955,100,5742.309252
-5051.579967,100,5742.815978
-3859.649967,100,5743.306214
-6229.639977,100,5743.810247
-4354.939964,100,5744.310122
-5851.639973,100,5744.816276
-4885.19997,100,5763.281955
-6596.039967,100,5763.535564
-5885.409966,100,5764.028219
-4665.879963,100,5764.330972
-6599.199982,100,5765.462548
-5239.939964,100,5765.870703
-4710.409966,100,5766.197047
-4536.429966,100,5767.328601
-5666.189964,100,5767.566327
-3940.819965,100,5768.098058
-4703.139969,100,5768.750119
-4170.729973,100,5769.247283
-5492.469971,100,5769.98425
-5046.659966,100,5770.731432
-4305.359959,100,5771.360586
-4592.709957,100,5772.191091
-4824.689968,100,5772.399576
-6650.10997,100,5772.983961
-4023.099968,100,5773.865463
-5341.929977,100,5774.103137
-6598.889973,100,5774.499038
-6657.689976,100,5791.062409
-4624.229961,100,5791.55948
-4680.919971,100,5792.051101
-6537.129974,100,5792.551285
-6841.989967,100,5793.054258
-4885.229954,100,5793.540103
-5273.85997,100,5794.038111
-4492.919971,100,5794.521092
-8437.249969,100,5795.022637
-5300.569973,100,5795.512101
-5917.109959,100,5796.241179
-4701.479958,100,5797.095057
-4681.139965,100,5798.573669
-5071.709965,100,5799.071455
-7431.610001,100,5799.781564
-5895.259956,100,5800.161422
-5139.609959,100,5800.946424
-7484.239983,100,5801.38003
-6445.93998,100,5801.742676
-5588.859974,100,5802.310397
-5871.439972,100,5816.766508
-5286.019958,100,5817.323315
-4818.609962,100,5817.843682
-6061.509968,100,5818.36774
-7255.89996,100,5818.875698
-5113.639969,100,5819.753187
-4876.419964,100,5839.363221
-6838.26997,100,5840.064357
-5225.939957,100,5840.808713
-5500.109955,100,5841.650227
-3802.389973,100,5842.955726
-4679.309956,100,5845.145258
-3955.449966,100,5846.287676
-4867.849968,100,5847.422957
-5986.659973,100,5848.842913
-3415.76997,100,5850.073298
-6273.429977,100,5850.495205
-4332.119961,100,5851.679221
-4393.459957,100,5852.971632
-5916.959969,100,5854.338479
-5632.319969,100,5854.954591
-6356.579964,100,5881.349767
-3831.779961,100,5881.999875
-5007.919968,100,5882.560399
-7005.719975,100,5883.153704
-5309.719971,100,5884.376753
-4802.749966,100,5885.170048
-4647.139977,100,5886.578484
-3937.819954,100,5888.033841
-7167.589973,100,5890.170704
-6509.909966,100,5891.205322
-7067.629971,100,5892.14693
-4799.419968,100,5892.975132
-6779.599964,100,5894.000341
-8009.319973,100,5894.96926
-4390.009964,100,5895.82392
-6431.209965,100,5896.561283
-5364.28997,100,5897.166727
-4782.41996,100,5897.768108
-5224.539974,100,5898.383228
-7165.169971,100,5899.165986
-6668.799969,100,5920.04743
-6439.269974,100,5920.694826
-6830.119965,100,5921.646354
-7505.659973,100,5922.291435
-6174.299953,100,5922.642149
-6352.119968,100,5923.164097
-6162.09996,100,5923.526804
-4927.159958,100,5923.905418
-4467.559967,100,5924.490175
-7997.489967,100,5925.108007
-5155.349957,100,5925.677402
-5398.78997,100,5926.525637
-3707.019974,100,5927.332808
-4922.579967,100,5927.852186
-6662.539963,100,5928.650204
-5199.399971,100,5930.916865
-6308.209972,100,5931.624902
-5864.34996,100,5932.296858
-4814.499977,100,5933.060031
-3836.329956,100,5933.722292
-4959.819977,100,5934.706058
-10138.330009,100,5960.322658
-5283.109966,100,5961.419168
-4274.01997,100,5962.078743
-4681.969967,100,5962.743599
-3659.10997,100,5963.931342
-6511.609962,100,5964.57901
-10706.169987,100,5965.155259
-8940.089985,100,5965.744103
-5418.429962,100,5966.334437
-5008.749958,100,5966.971582
-9938.399967,100,5967.598112
-6168.00996,100,5968.183689
-5018.879963,100,5968.777618
-3764.959961,100,5969.313233
-9378.129993,100,5970.766826
-5254.199963,100,5972.442835
-5463.73996,100,5973.173119
-3640.599964,100,5976.405313
-4493.629967,100,5977.914444
-5149.879955,100,5979.339266
-4407.459969,100,6000.93858
-4201.319958,100,6001.294423
-5248.829956,100,6001.746189
-5573.719959,100,6002.086538
-7564.879959,100,6002.475178
-8540.239967,100,6003.074612
-4878.369965,100,6003.927278
-5047.099968,100,6004.385818
-6174.979958,100,6004.721252
-4084.909962,100,6005.160227
-6429.279976,100,6005.524675
-5241.25996,100,6005.896811
-5011.269958,100,6006.225186
-6623.409973,100,6006.836949
-6402.969967,100,6007.331756
-3024.339962,100,6007.633396
-5558.809959,100,6007.929245
-7284.489964,100,6008.240119
-4760.799976,100,6008.559665
-6615.679962,100,6008.943881
-3210.659973,100,6009.9525
-7715.129974,100,6035.414321
-8670.069958,100,6036.086144
-14929.509968,100,6036.670174
-11543.310001,100,6038.183435
-11910.540054,100,6038.809875
-12281.989994,100,6039.769934
-11433.430004,100,6040.80742
-11271.490009,100,6042.024782
-12944.040012,100,6042.822563
-6615.659973,100,6043.506943
-9755.619995,100,6044.283932
-12760.959965,100,6045.098516
-8802.400002,100,6045.831263
-9407.089981,100,6046.410954
-14258.310085,100,6046.716776
-7274.119957,100,6047.032279
-10869.470047,100,6047.564844
-11858.709965,100,6047.864943
-10382.229954,100,6048.181894
-8681.82999,100,6048.510428
-9729.069958,100,6072.604601
-8236.60997,100,6073.203336
-10465.779957,100,6073.896694
-8912.109985,100,6074.757304
-7870.729969,100,6075.420957
-9919.189983,100,6076.517507
-7083.059975,100,6077.176426
-12069.989975,100,6077.926317
-8956.369965,100,6078.469572
-9172.169964,100,6079.166512
-9876.059948,100,6079.905049
-10697.509968,100,6080.464702
-12119.559978,100,6081.040495
-9004.139961,100,6082.786265
-14832.48996,100,6083.568106
-10406.359993,100,6084.195308
-9374.340004,100,6084.855992
-10756.86005,100,6085.442125
-8859.219982,100,6086.026612
-13809.34008,100,6086.640995
-9233.54998,100,6087.285203
-9506.349972,100,6112.138629
-8036.10997,100,6112.540595
-13991.26009,100,6112.892612
-9566.450001,100,6113.20594
-8535.469971,100,6113.504359
-9580.529968,100,6114.63431
-14046.440029,100,6114.97976
-9155.849976,100,6115.333979
-11862.319996,100,6115.67293
-8134.759968,100,6116.054971
-7318.799976,100,6116.423722
-14026.620026,100,6116.784426
-7592.729969,100,6117.115512
-8860.589981,100,6117.486258
-10304.870037,100,6117.812071
-8223.129986,100,6118.179869
-9096.179974,100,6118.568572
-12670.759941,100,6118.976186
-11412.179966,100,6119.323649
-9755.419975,100,6119.726466
-13345.970032,100,6141.16954
-9966.089981,100,6141.459854
-5001.53997,100,6141.805922
-8913.399963,100,6142.113262
-10026.990036,100,6142.405092
-9230.010033,100,6142.83013
-6377.159969,100,6143.225482
-8907.529964,100,6143.651314
-7590.17997,100,6143.98128
-8759.299988,100,6144.344643
-7708.63002,100,6144.722447
-9334.029964,100,6145.508953
-8175.199963,100,6145.898041
-10228.820019,100,6147.113072
-12180.140034,100,6150.025851
-10759.69997,100,6150.772294
-10809.68998,100,6151.750635
-9346.889977,100,6152.891937
-7303.909962,100,6153.492773
-7509.939983,100,6154.314664
-8937.699974,100,6155.473819
-8465.469959,100,6177.552089
-7875.519966,100,6177.974771
-8204.249969,100,6178.437973
-9455.509953,100,6178.89108
-9517.099953,100,6179.541681
-9483.090004,100,6179.921501
-8271.949963,100,6180.281531
-10923.189957,100,6180.839801
-10246.589966,100,6181.632552
-9639.309975,100,6182.487481
-10454.10004,100,6183.116184
-10055.20998,100,6183.845404
-12375.019989,100,6184.505995
-9528.390015,100,6185.201782
-7845.229984,100,6185.795611
-8633.439941,100,6186.400654
-8939.290001,100,6186.986194
-10834.379963,100,6187.594139
-9732.18998,100,6188.194991
-9810.720005,100,6188.915872
-6335.899952,100,6215.938504
-8290.549976,100,6243.980912
-7398.769974,100,6244.319647
-8472.639969,100,6244.657337
-10317.539959,100,6244.994607
-7905.409958,100,6245.360643
-8606.169971,100,6245.782124
-10030.759926,100,6246.112402
-7277.64996,100,6246.542988
-10077.309978,100,6246.938212
-8351.369991,100,6247.279109
-10369.319969,100,6247.661595
-8393.279995,100,6248.048759
-11224.519962,100,6248.373146
-10177.489967,100,6248.772624
-11709.589962,100,6249.383921
-7854.159973,100,6250.007138
-8847.379963,100,6250.7388
-10157.469971,100,6251.703971
-8895.109978,100,6252.001884
-7027.519966,100,6252.319418
-7737.269974,100,6271.297674
-6668.739967,100,6271.64856
-11678.440022,100,6271.927241
-7535.689991,100,6272.291807
-8948.499985,100,6272.596602
-6211.339966,100,6272.915021
-9714.309978,100,6273.230891
-8427.549973,100,6273.618412
-8920.469952,100,6274.877429
-7463.099964,100,6275.219875
-10705.019958,100,6276.862888
-5025.199966,100,6277.54668
-8222.259979,100,6278.589331
-10324.059986,100,6280.693426
-6146.439972,100,6282.169185
-5898.409977,100,6282.784616
-8882.109959,100,6283.864433
-7518.279972,100,6284.655589
-6891.259995,100,6285.492948
-8146.949963,100,6286.371587
-6156.839966,100,6301.991974
-5702.689991,100,6302.575958
-8086.169964,100,6303.238634
-11375.499981,100,6303.628871
-5980.619965,100,6303.915015
-6969.779984,100,6304.210861
-8963.339981,100,6304.601315
-7808.889992,100,6305.553053
-6360.899948,100,6306.209673
-7783.00996,100,6306.854425
-7062.409973,100,6307.471797
-6930.499981,100,6308.077937
-7997.41996,100,6308.995162
-10167.329971,100,6309.740318
-7946.299969,100,6310.536835
-6088.369968,100,6311.144128
-9291.769958,100,6311.74868
-6967.129974,100,6312.621137
-7240.539967,100,6313.509058
-6745.009956,100,6315.101203
-8762.719975,100,6316.106826
-6163.329979,100,6344.948097
-12308.96006,100,6345.260649
-5415.959969,100,6345.573535
-5935.599945,100,6345.865847
-6757.399971,100,6346.170483
-7748.840027,100,6346.512431
-6828.649963,100,6347.110123
-6534.089966,100,6347.758412
-9545.599949,100,6348.403611
-10016.049984,100,6349.252039
-9209.359955,100,6349.662765
-9467.989975,100,6350.010699
-7312.529961,100,6350.451134
-7926.889977,100,6350.786814
-9982.199982,100,6351.116797
-7710.699974,100,6351.495261
-10066.679977,100,6351.791028
-10163.409962,100,6352.403111
-10917.889942,100,6352.714717
-5880.809971,100,6353.015914
-10378.76997,100,6380.38042
-8186.359959,100,6381.825915
-7262.609959,100,6382.604906
-6634.529957,100,6383.187984
-5466.729969,100,6383.501984
-8545.949982,100,6384.096873
-7334.449974,100,6384.847484
-8236.529991,100,6385.422907
-8674.359978,100,6386.017907
-8220.409981,100,6386.634929
-6254.319969,100,6387.225097
-5742.999962,100,6388.015902
-5682.079964,100,6388.627083
-11098.209984,100,6389.003452
-8344.700027,100,6389.475227
-9012.530037,100,6389.830129
-6777.789955,100,6390.957068
-7565.979954,100,6391.563566
-8764.549965,100,6392.583941
-7062.459946,100,6393.158247
-9900.85001,100,6393.721252
-9333.11998,100,6416.196414
-7077.869968,100,6416.785184
-7723.649963,100,6417.391037
-10425.319973,100,6417.993101
-6620.799988,100,6418.601964
-6553.579979,100,6419.237398
-8020.489967,100,6420.043026
-6550.189972,100,6420.672745
-8679.599964,100,6421.376983
-7858.049976,100,6421.850202
-7437.799973,100,6422.140452
-5355.729977,100,6422.474263
-8369.129986,100,6422.822657
-7403.229965,100,6423.15695
-7002.409981,100,6423.592271
-10809.979984,100,6424.584025
-6319.469971,100,6424.913693
-6631.879971,100,6425.201788
-7993.349972,100,6425.464078
-7772.149963,100,6425.743013
-5956.339958,100,6448.033031
-6219.419952,100,6448.581648
-6411.469967,100,6449.089934
-5455.66996,100,6450.464099
-7115.539974,100,6451.70442
-7106.549953,100,6452.436735
-7768.429981,100,6453.11769
-7939.689976,100,6454.004859
-6805.399952,100,6454.633759
-5622.439957,100,6455.221821
-8281.729969,100,6455.796597
-7452.619965,100,6456.410244
-5155.909969,100,6457.021661
-7496.049973,100,6457.5626
-7569.579975,100,6458.09023
-8000.559982,100,6458.646393
-7251.039986,100,6459.05541
-10408.919964,100,6459.772272
-5475.479958,100,6460.30512
-8114.309959,100,6460.674805
-9064.649952,100,6461.055322
-7793.049961,100,6481.587286
-4774.199951,100,6482.576333
-5951.369968,100,6483.971952
-7047.609947,100,6484.556504
-4359.659962,100,6485.17373
-6483.330021,100,6485.82919
-8346.559956,100,6486.443585
-5392.629955,100,6487.019359
-6764.619972,100,6487.625268
-8690.549961,100,6488.560746
-5744.059963,100,6490.106905
-7055.689972,100,6491.452453
-9310.129955,100,6491.843023
-12436.580032,100,6492.212603
-6071.16996,100,6493.245424
-6519.039978,100,6493.63492
-8552.310005,100,6494.409169
-6271.749969,100,6495.617902
-5874.159966,100,6496.297897
-3479.699955,100,6496.897567
-11111.179981,100,6519.745537
-6712.979965,100,6520.39369
-5705.599976,100,6520.916069
-4638.129955,100,6521.411361
-6465.179977,100,6522.07127
-5557.829952,100,6522.694241
-7963.629978,100,6523.265615
-6244.569962,100,6523.848834
-8902.069965,100,6524.754529
-6457.219975,100,6525.508493
-6982.429974,100,6527.054969
-8990.899956,100,6528.016032
-7668.729965,100,6528.602761
-9170.53997,100,6529.470693
-7951.309994,100,6530.219329
-6509.319946,100,6530.88062
-5509.179962,100,6531.512563
-5738.359962,100,6533.100928
-5783.07999,100,6534.488889
-6965.28997,100,6536.182331
-4746.539955,100,6537.278202
-6661.729969,100,6561.33062
-10245.439972,100,6561.957944
-5536.50996,100,6562.705657
-7017.929977,100,6563.028661
-7497.679966,100,6563.380966
-7147.999977,100,6563.760669
-5270.939972,100,6564.262557
-9616.720009,100,6564.839077
-6222.609966,100,6565.487738
-6709.709961,100,6566.094654
-5479.94997,100,6566.649521
-6382.039974,100,6566.921854
-5756.809963,100,6567.212954
-7084.079987,100,6567.590907
-7617.619961,100,6567.903717
-10750.410015,100,6568.32414
-9516.889992,100,6601.055954
-6899.329964,100,6602.045008
-5141.58997,100,6602.934546
-6528.979965,100,6603.745014
-6265.689941,100,6631.60327
-5717.279976,100,6632.358317
-7119.489944,100,6633.65129
-4091.299965,100,6634.283187
-4694.479961,100,6634.954706
-4911.619965,100,6635.764964
-3564.949963,100,6636.389086
-5698.390007,100,6637.599206
-10816.489971,100,6638.162119
-5976.539963,100,6638.97321
-8137.17004,100,6639.670461
-7934.839954,100,6640.012591
-5677.599968,100,6640.384088
-7482.01997,100,6640.828941
-6115.639977,100,6641.33701
-8907.609974,100,6642.18497
-4592.779968,100,6642.800333
-5358.619957,100,6643.402335
-7139.15995,100,6644.010955
-6525.609962,100,6644.339732
-6930.729973,100,6667.774748
-3887.369968,100,6668.165801
-4806.109966,100,6668.591332
-4947.519974,100,6669.537421
-10221.299988,100,6670.174574
-7071.449974,100,6671.008657
-8261.969955,100,6671.846043
-6974.299961,100,6672.330752
-8306.239952,100,6672.705888
-8473.739975,100,6673.115273
-6891.459961,100,6673.704713
-9653.38995,100,6674.611279
-7507.879959,100,6675.181721
-5875.839962,100,6676.057442
-9342.479954,100,6676.634123
-5650.909966,100,6677.185462
-3941.89996,100,6678.64102
-5794.879971,100,6679.29921
-4959.119976,100,6679.958638
-7865.59996,100,6680.565988
-8076.169971,100,6681.329259
-6054.099957,100,6707.499404
-5766.789967,100,6708.352229
-6214.269962,100,6709.787096
-4521.249962,100,6710.546922
-8526.009987,100,6711.15215
-7254.879963,100,6711.895596
-6674.309975,100,6712.245904
-7487.679989,100,6712.620931
-5212.709961,100,6713.022344
-5489.489967,100,6713.643856
-6069.369949,100,6714.365207
-5568.269966,100,6715.106877
-7889.349968,100,6715.710282
-5592.089962,100,6716.36263
-5789.209961,100,6716.992354
-7364.26997,100,6717.578816
-7638.099964,100,6718.165496
-7681.839962,100,6718.764766
-4894.059963,100,6719.734357
-6287.279953,100,6720.542331
-4359.689968,100,6742.185158
-6614.879971,100,6742.607034
-5880.399967,100,6744.14841
-6135.369965,100,6744.494093
-7348.429958,100,6745.575206
-6555.259979,100,6746.859078
-7356.789974,100,6747.660492
-3320.139961,100,6748.014299
-7387.239979,100,6748.364166
-3650.249969,100,6749.429935
-8651.769981,100,6750.24225
-8321.609966,100,6750.634572
-6607.269974,100,6751.019899
-7608.449978,100,6751.771615
-6605.179974,100,6752.905554
-8414.389977,100,6753.283219
-6504.499966,100,6753.640091
-5767.479961,100,6753.978389
-8601.989983,100,6754.587219
-5261.369965,100,6754.961476
-5396.149971,100,6755.549287
-7252.289955,100,6776.008625
-5022.459961,100,6776.327468
-7507.449959,100,6776.636145
-5582.499973,100,6776.987221
-5703.959969,100,6777.300465
-5232.239967,100,6777.626311
-6710.709969,100,6777.962708
-6457.219971,100,6778.367569
-8192.859982,100,6779.094483
-5710.02998,100,6779.925254
-8766.929974,100,6781.096347
-7627.679981,100,6781.687656
-5717.129959,100,6782.010892
-6088.849968,100,6782.377989
-7018.64996,100,6782.774309
-7305.869976,100,6783.175984
-9444.909996,100,6783.636731
-8279.479988,100,6783.946036
-6042.499989,100,6784.529596
-7974.089966,100,6784.949263
-12960.119987,100,6809.205168
-6584.739983,100,6809.748
-8870.169979,100,6810.117478
-5770.969975,100,6810.585105
-6986.239967,100,6810.933018
-8000.099972,100,6811.225424
-7077.109962,100,6811.597253
-6146.489971,100,6811.998504
-7427.60997,100,6812.496471
-5866.689953,100,6812.991514
-7120.129967,100,6813.421627
-4085.489967,100,6814.611282
-7447.859962,100,6815.478668
-7822.839966,100,6816.775831
-7081.359985,100,6817.648841
-5885.989964,100,6818.903987
-5308.349976,100,6819.599751
-5250.460011,100,6819.899362
-5861.609966,100,6820.182698
-5561.739979,100,6820.462117
-4464.459965,100,6820.759185
-5859.299969,100,6845.152724
-7985.119968,100,6845.769927
-6961.789963,100,6846.353614
-12119.019985,100,6846.909786
-9219.959972,100,6847.468787
-7359.779968,100,6848.028967
-6274.17997,100,6848.601515
-9706.589985,100,6849.177217
-9430.339962,100,6849.636119
-8842.409962,100,6849.95206
-8752.129967,100,6850.299948
-11544.119987,100,6850.632405
-7667.679955,100,6850.925085
-10508.689972,100,6851.309221
-10506.949978,100,6851.916271
-8402.459969,100,6852.499757
-8519.999973,100,6853.11853
-8191.479969,100,6853.552238
-9140.489975,100,6853.884112
-6638.219971,100,6854.238117
-7468.569958,100,6876.382067
-6969.289963,100,6876.830041
-6640.51997,100,6877.213852
-7832.859966,100,6878.682355
-8781.299976,100,6880.292792
-7026.359962,100,6881.151818
-8381.179974,100,6882.262428
-6289.469975,100,6883.366042
-7152.439968,100,6884.070316
-6945.919956,100,6884.647756
-7881.699982,100,6885.236402
-6135.929974,100,6885.912971
-7599.009972,100,6886.660868
-7397.669975,100,6887.250181
-10019.19997,100,6887.682898
-7823.939972,100,6888.222484
-10703.589958,100,6888.541108
-8504.509975,100,6888.881985
-10041.529976,100,6889.448751
-7477.319973,100,6889.821765
-9420.949974,100,6890.159074
-12321.240047,100,6909.344732
-6320.829979,100,6909.894299
-6363.209965,100,6910.277592
-9465.879963,100,6910.910639
-6375.269958,100,6911.482879
-7582.909954,100,6912.05948
-8002.679966,100,6912.861639
-9991.32996,100,6913.461769
-6752.929943,100,6914.08663
-9260.89994,100,6914.820442
-7891.959965,100,6915.497692
-9394.319954,100,6916.13507
-6632.649967,100,6916.73856
-8728.139992,100,6917.309768
-6782.309975,100,6918.576685
-5539.78997,100,6919.188568
-8101.799957,100,6921.182858
-8711.35997,100,6922.178811
-8274.419975,100,6923.372444
-9045.39999,100,6924.659487
-8945.839954,100,6947.227926
-9659.869976,100,6947.957261
-9685.019985,100,6948.833795
-12558.779972,100,6949.375317
-7012.009964,100,6950.267405
-9551.899971,100,6950.816695
-7694.979973,100,6951.197538
-6562.649967,100,6951.81145
-7745.569965,100,6952.861193
-8044.919968,100,6953.595443
-7444.349968,100,6954.470121
-8938.249973,100,6954.897718
-8862.229973,100,6984.946126
-4505.229965,100,6985.323492
-5512.529984,100,6985.733757
-9767.809952,100,6986.107973
-5891.60997,100,6986.49748
-5125.69997,100,6986.830213
-9574.839981,100,6987.16517
-5216.759953,100,6987.554202
-6574.53997,100,6987.85284
-7286.329967,100,7010.821169
-6531.629967,100,7011.739618
-7774.769966,100,7012.432221
-8949.34996,100,7013.301915
-8512.44997,100,7013.963517
-5922.989964,100,7014.629157
-6938.740002,100,7015.511564
-9238.049969,100,7016.184495
-6348.909962,100,7016.823606
-9775.179977,100,7017.435054
-8270.579964,100,7018.017225
-9667.569977,100,7018.63221
-6564.779976,100,7019.284338
-6201.049957,100,7019.896417
-7607.419964,100,7020.469306
-7176.659962,100,7021.915189
-7514.219971,100,7023.21259
-8188.689976,100,7023.670564
-8921.529953,100,7024.046493
-10576.879974,100,7024.410877
-7150.529968,100,7047.245089
-7092.029964,100,7047.834658
-7357.299957,100,7048.145764
-6175.499962,100,7049.653179
-6449.519958,100,7050.227249
-9508.699974,100,7051.809834
-6576.879978,100,7052.536599
-9013.209957,100,7053.128668
-5722.99995,100,7053.754669
-7333.749966,100,7054.382333
-8801.809971,100,7055.513397
-6354.019962,100,7056.156615
-7976.669964,100,7056.777752
-8256.529987,100,7057.771269
-5972.849964,100,7058.466297
-8036.469963,100,7059.108592
-7202.259968,100,7060.10281
-8018.399994,100,7060.415126
-5052.619965,100,7061.025167
-7381.859966,100,7062.022669
-7685.759975,100,7062.643424
-9355.949974,100,7083.638771
-7891.889973,100,7084.283963
-8043.699974,100,7085.362244
-7924.57996,100,7085.960945
-6178.439968,100,7086.564401
-7676.169964,100,7087.183823
-9834.399982,100,7087.849745
-6575.869965,100,7088.523115
-7130.789967,100,7089.990053
-8697.489975,100,7091.378261
-6882.059975,100,7092.801229
-9943.35997,100,7093.980787
-4618.789963,100,7095.576241
-9129.900028,100,7096.211593
-8885.739986,100,7096.749795
-8489.629967,100,7097.93172
-10100.649986,100,7098.535803
-9925.759991,100,7099.277794
-8825.119972,100,7100.089361
-6956.999966,100,7100.757599
-6300.409962,100,7121.503891
-6962.679955,100,7122.138758
-7406.599964,100,7123.029283
-5426.709988,100,7123.64282
-7585.179966,100,7124.2467
-6956.769974,100,7124.867458
-5883.779964,100,7125.463103
-7378.379963,100,7126.113111
-7561.529964,100,7126.730719
-7652.389969,100,7127.333467
-6254.729958,100,7128.004709
-6678.89996,100,7128.367871
-8359.679958,100,7128.712616
-8688.129967,100,7129.080599
-6663.269978,100,7129.479954
-8736.899971,100,7129.982656
-8879.449966,100,7130.543448
-7298.989948,100,7130.855204
-8708.16996,100,7132.779153
-6555.789959,100,7133.535308
-7257.189964,100,7134.723553
-7314.759972,100,7160.364034
-9338.929966,100,7160.965699
-5878.029976,100,7161.552832
-7278.879963,100,7162.163592
-9758.139961,100,7162.760062
-10799.639977,100,7163.390228
-8116.909969,100,7164.011723
-6789.469967,100,7164.646767
-6523.739971,100,7165.258973
-8429.979977,100,7165.594631
-8152.939976,100,7166.14654
-6903.529972,100,7166.798311
-6496.390026,100,7167.196949
-6915.919964,100,7167.635296
-7427.379963,100,7168.042471
-6665.059971,100,7168.41809
-9206.080025,100,7168.79206
-9268.07,100,7169.574968
-8528.109959,100,7169.945858
-6376.609974,100,7170.26965
-6859.969975,100,7196.239233
-6773.889957,100,7197.026355
-6247.269978,100,7198.065979
-7704.179974,100,7198.419431
-9155.009968,100,7199.403738
-5657.499954,100,7200.017467
-8198.469967,100,7200.375297
-9588.249966,100,7200.700079
-6008.519951,100,7201.010355
-6147.84996,100,7201.375464
-6516.059982,100,7201.779334
-8172.319969,100,7202.122305
-7820.41996,100,7202.573651
-6465.609982,100,7203.392348
-6335.479973,100,7203.969748
-8044.949955,100,7204.557503
-5389.389977,100,7205.130566
-8409.929981,100,7205.740213
-6194.629967,100,7206.325228
-8621.779976,100,7206.849274
-6630.449974,100,7207.170474
-5167.939964,100,7230.372151
-6089.159966,100,7230.963289
-8443.33997,100,7231.546137
-5622.399971,100,7232.115591
-7221.959969,100,7232.738867
-9284.559975,100,7233.417767
-7383.38998,100,7234.015834
-7694.429958,100,7234.707659
-6758.389977,100,7235.346682
-7213.899975,100,7235.986782
-4930.299957,100,7236.989486
-6580.099968,100,7238.076336
-6040.069977,100,7238.883139
-7436.369968,100,7239.624639
-6322.379963,100,7240.167809
-6729.119961,100,7240.487423
-5662.39996,100,7240.792581
-6666.539955,100,7241.095674
-5313.089966,100,7241.389346
-6948.499966,100,7241.933611
-6536.599957,100,7264.168869
-5479.769966,100,7265.368992
-7622.379963,100,7266.157791
-7220.979977,100,7266.857033
-8651.519974,100,7267.657737
-7879.939976,100,7268.110168
-6117.909969,100,7269.008405
-8330.209957,100,7269.721642
-4019.549957,100,7270.096491
-6965.859966,100,7270.627005
-6047.659977,100,7271.545429
-9208.789963,100,7272.067851
-5317.109989,100,7272.487648
-5101.51997,100,7273.096711
-9361.869938,100,7273.677263
-5918.539959,100,7274.246131
-5905.309956,100,7274.701841
-6014.749966,100,7275.067229
-6209.179966,100,7275.698834
-9492.429977,100,7276.346976
-6274.989964,100,7277.015587
-7859.099976,100,7298.777229
-4587.999969,100,7299.314626
-7731.059967,100,7300.005642
-7111.499966,100,7300.59412
-8112.369965,100,7301.285676
-9709.259972,100,7301.91287
-7367.059975,100,7302.821293
-8192.169968,100,7303.960108
-7210.29998,100,7304.923738
-6019.02998,100,7305.513729
-9251.929962,100,7305.899953
-7468.479977,100,7306.288569
-6608.139965,100,7306.884919
-7544.69997,100,7307.859689
-7113.869972,100,7308.309523
-6033.999969,100,7309.107514
-5930.139973,100,7310.861832
-4723.829956,100,7311.507717
-8259.949978,100,7311.902955
-8545.529961,100,7312.309487
-7051.029972,100,7330.672219
-7199.969967,100,7331.042644
-6423.48996,100,7331.604525
-6686.909962,100,7332.864333
-5580.739967,100,7333.407189
-4814.179962,100,7334.337621
-6720.359962,100,7334.639079
-6908.249977,100,7362.511466
-5703.469967,100,7363.162299
-5941.019966,100,7363.905008
-7494.129978,100,7364.567789
-4604.34996,100,7365.141683
-5509.559963,100,7366.665074
-5191.469971,100,7367.095017
-6947.449974,100,7368.58586
-5276.999973,100,7369.438838
-7522.449963,100,7370.021811
-4875.429962,100,7370.42321
-6616.589958,100,7370.810256
-5256.059967,100,7371.534299
-5501.209972,100,7371.931168
-5802.369965,100,7396.88184
-7864.549969,100,7397.504538
-10831.51997,100,7398.110506
-7598.839962,100,7399.335016
-7556.019974,100,7400.49622
-6875.709976,100,7401.191047
-6685.289959,100,7401.841688
-8505.669964,100,7402.469485
-6274.119968,100,7403.205295
-6450.859978,100,7404.355027
-4816.809967,100,7405.119883
-4680.859974,100,7405.771785
-8856.829967,100,7406.409997
-6614.219963,100,7407.02419
-7814.119972,100,7407.552479
-7258.249969,100,7407.880018
-8154.889977,100,7408.231555
-7911.93996,100,7408.617006
-6661.269974,100,7409.098988
-8042.979965,100,7410.043662
-7319.999958,100,7437.026396
-6448.059971,100,7437.922035
-6645.089966,100,7438.943144
-6029.409958,100,7439.546641
-7331.03997,100,7440.017071
-7861.999969,100,7440.485124
-7465.139977,100,7440.790562
-6642.429966,100,7441.108472
-8773.649982,100,7441.582955
-7497.549973,100,7442.088704
-5104.189976,100,7442.923592
-5950.459949,100,7443.735359
-6008.889973,100,7444.352414
-5927.489975,100,7444.944554
-6841.109959,100,7445.532539
-6776.959965,100,7446.124322
-5511.049969,100,7446.696598
-6798.699974,100,7447.276134
-7008.82996,100,7447.853685
-7882.729977,100,7448.469495
-7272.169968,100,7449.612001
-5887.759968,100,7471.506311
-7230.009968,100,7471.855062
-5498.15995,100,7472.218906
-8445.88998,100,7472.555175
-3712.689968,100,7473.009532
-7571.29998,100,7473.320041
-7183.649975,100,7473.617808
-8745.579964,100,7474.913454
-5844.869965,100,7476.190745
-8139.049984,100,7476.634246
-7577.419968,100,7476.993037
-6234.669956,100,7477.871325
-7595.449982,100,7478.950053
-6301.469978,100,7480.81548
-7349.139965,100,7482.254122
-6053.48996,100,7483.009615
-7030.609959,100,7483.557421
-10039.809967,100,7484.1971
-6504.189964,100,7484.713794
-6942.469967,100,7485.230874
-10172.839966,100,7506.135642
-8374.619972,100,7506.453866
-8739.449963,100,7506.739292
-5423.469971,100,7507.041328
-6885.679955,100,7507.398587
-5600.949978,100,7507.734056
-7992.749966,100,7508.042803
-6807.769958,100,7508.397321
-7388.289963,100,7508.80021
-7682.549961,100,7509.451228
-5992.989971,100,7509.973141
-6490.779968,100,7510.58563
-4095.379967,100,7511.167558
-6669.469967,100,7511.724055
-4839.629959,100,7512.032232
-6523.32996,100,7512.476619
-6105.849976,100,7513.42228
-5273.469967,100,7514.08828
-6361.479954,100,7514.48129
-7052.709976,100,7514.794764
-9229.579998,100,7515.112969
-6470.569969,100,7543.614906
-3527.039974,100,7543.930779
-5267.68996,100,7544.474743
-8158.549965,100,7544.804126
-7920.919964,100,7545.122157
-5265.279964,100,7545.564413
-6312.17997,100,7545.879075
-7681.769962,100,7546.189434
-7612.379963,100,7546.500488
-9301.189983,100,7546.815281
-5080.539963,100,7547.655636
-5691.449974,100,7549.098218
-7433.339958,100,7550.032635
-6659.019974,100,7550.65826
-7834.909973,100,7551.122706
-6715.179962,100,7551.513942
-4636.199963,100,7551.884476
-6267.499973,100,7552.309462
-7945.749969,100,7552.733396
-6071.869968,100,7553.460164
-6317.919968,100,7582.927992
-6050.33997,100,7583.413172
-7938.299957,100,7583.796939
-7161.539967,100,7584.184824
-7376.759972,100,7584.593833
-8636.229977,100,7584.957178
-9446.169971,100,7585.326744
-5694.679962,100,7585.727856
-6209.409981,100,7586.049144
-6174.799957,100,7586.363053
-5494.749962,100,7586.745631
-6878.939972,100,7587.50672
-6565.18996,100,7588.082981
-6051.069965,100,7588.675346
-6111.259972,100,7589.356895
-4391.789959,100,7590.092574
-10727.419979,100,7590.737563
-7392.229969,100,7591.200647
-6499.199966,100,7591.632482
-8384.509964,100,7592.000502
-7689.419991,100,7621.714591
-6787.779976,100,7622.1712
-7059.279968,100,7622.537106
-7073.05999,100,7622.876533
-5460.039963,100,7623.229154
-4656.179962,100,7623.776156
-6164.469963,100,7624.113601
-11578.670033,100,7624.48314
-6176.729961,100,7624.923206
-5596.459969,100,7625.739922
-7320.659958,100,7626.462161
-7082.169956,100,7627.160509
-7704.539959,100,7627.792648
-4638.969967,100,7628.372416
-6377.819981,100,7629.550093
-7290.389973,100,7630.552533
-7568.969975,100,7631.786079
-8483.669968,100,7632.486109
-6147.969967,100,7634.147096
-7166.269974,100,7634.930313
-4374.099964,100,7635.51009
-7020.189968,100,7659.14909
-5700.53997,100,7659.983696
-7480.739967,100,7660.715088
-7936.499977,100,7661.308092
-8857.419971,100,7661.908998
-6455.809963,100,7662.249588
-7683.88995,100,7662.931732
-4120.009968,100,7663.566347
-6156.58997,100,7664.955962
-8736.339962,100,7666.026144
-8110.369968,100,7666.587955
-4786.639965,100,7667.642143
-7728.50996,100,7668.422329
-7106.399963,100,7670.198024
-5779.25996,100,7671.283475
-5696.319954,100,7671.932682
-8253.07999,100,7672.565821
-7928.68998,100,7673.174068
-5781.579971,100,7673.809681
-5660.039951,100,7674.419969
-6228.519974,100,7701.797097
-6594.279953,100,7702.633325
-5671.829975,100,7703.426047
-9325.639969,100,7704.060322
-12636.359993,100,7704.701348
-6883.259945,100,7705.353132
-4992.159966,100,7705.969254
-6615.879959,100,7706.618653
-6326.979958,100,7707.278896
-6180.749969,100,7708.00229
-7581.759983,100,7708.720816
-6578.369961,100,7709.64179
-8242.429958,100,7710.792831
-6419.189968,100,7711.785288
-8580.599976,100,7712.38453
-6112.69997,100,7712.97751
-5217.88995,100,7713.673414
-7177.729973,100,7714.26813
-6891.939964,100,7714.862632
-5502.579975,100,7715.499486
-5804.92997,100,7716.090293
-5347.239967,100,7745.755009
-7714.939983,100,7746.391958
-7162.039978,100,7773.822668
-5679.889973,100,7774.539462
-4197.089962,100,7774.916052
-4230.249958,100,7776.495042
-8077.449982,100,7780.383086
-8586.699959,100,7781.456734
-6880.069965,100,7782.337764
-5732.409958,100,7783.369627
-8448.059975,100,7784.199449
-5322.819965,100,7784.912256
-5304.409973,100,7785.617259
-7601.769981,100,7786.319697
-8697.709965,100,7787.480778
-6570.789967,100,7788.168857
-6239.14996,100,7788.804399
-9501.019974,100,7789.83041
-4663.779964,100,7790.540166
-8522.109974,100,7791.225003
-6296.659962,100,7814.548517
-6542.33997,100,7815.141831
-6440.139969,100,7815.749785
-5553.68996,100,7816.66169
-7610.659966,100,7819.053971
-5589.179966,100,7820.524252
-8143.09996,100,7820.930257
-7175.209969,100,7821.368771
-9180.239956,100,7822.59096
-5055.14996,100,7823.045223
-7091.209957,100,7823.877443
-6743.659962,100,7824.655005
-5431.279961,100,7825.615098
-4535.929962,100,7825.965085
-6628.789978,100,7826.294054
-8872.189976,100,7826.638082
-7773.939972,100,7826.930881
-6531.10997,100,7827.447768
-5961.499969,100,7827.784534
-3858.979969,100,7828.101444
-6039.639961,100,7828.486777
-8472.699986,100,7857.702794
-7796.749962,100,7858.774036
-5414.009968,100,7859.530706
-5329.539974,100,7860.141606
-5363.509968,100,7861.600167
-7760.659962,100,7862.090965
-5692.289955,100,7863.679242
-4273.029972,100,7864.478652
-6553.809971,100,7865.109545
-6254.679966,100,7865.769536
-7715.269978,100,7866.423759
-9231.419983,100,7867.493306
-5374.449966,100,7868.60971
-6660.869968,100,7869.495615
-7668.509964,100,7870.704034
-7199.989979,100,7871.662917
-4276.539967,100,7872.890851
-8212.219959,100,7873.552808
-5659.179977,100,7874.165687
-8270.479973,100,7874.634164
-9607.249989,100,7896.345328
-7663.799995,100,7896.679514
-7669.269966,100,7897.002352
-8154.449982,100,7897.313346
-6639.099972,100,7897.707475
-8970.009956,100,7898.006519
-5676.859974,100,7898.318532
-8091.08997,100,7898.720318
-5907.819962,100,7899.193153
-4702.779953,100,7899.929086
-9233.609974,100,7900.518863
-8741.429974,100,7901.41483
-8823.94997,100,7902.047312
-6745.419975,100,7902.696267
-6873.499966,100,7904.872637
-7059.569981,100,7905.997475
-5842.159966,100,7906.900282
-8069.159981,100,7908.129271
-6661.43998,100,7908.657382
-6658.329956,100,7909.430185
-5970.719975,100,7910.336962
-5917.94997,100,7932.420293
-6014.739967,100,7933.081526
-6992.519966,100,7933.696438
-6217.67997,100,7934.319898
-4923.139969,100,7934.97535
-7788.529972,100,7935.584347
-4284.269958,100,7936.220706
-5882.179966,100,7936.80204
-7895.769958,100,7937.373256
-6107.119968,100,7937.982105
-7714.099949,100,7939.083987
-5284.469975,100,7939.82933
-9202.829979,100,7940.449628
-7737.489975,100,7941.0696
-4678.309975,100,7941.755471
-9084.019978,100,7942.400694
-6543.729961,100,7943.378143
-5264.589962,100,7944.013319
-7117.969971,100,7944.8793
-6888.699963,100,7945.552295
-6700.459969,100,7971.178415
-6480.539978,100,7971.859423
-7700.089947,100,7972.473494
-7037.959961,100,7973.091397
-8056.999969,100,7973.688822
-6466.849964,100,7974.405345
-6317.409962,100,7975.57081
-8227.859974,100,7976.827218
-7161.469978,100,7977.568622
-5030.16996,100,7977.945709
-8139.099964,100,7978.864115
-7989.299973,100,7980.012915
-4701.119965,100,7981.004746
-8776.409954,100,7981.729835
-8003.76997,100,7982.668854
-5183.149967,100,7983.614147
-7233.039963,100,7984.691467
-6246.349979,100,7985.379855
-8253.949978,100,7986.850554
-6287.91996,100,7987.594656
-5146.919964,100,7989.653606
-5774.27998,100,8019.664143
-9043.869976,100,8020.16126
-7173.039963,100,8020.529236
-5759.28997,100,8020.851147
-7848.189964,100,8021.193897
-9173.699986,100,8021.597051
-4769.459976,100,8022.240347
-4540.119972,100,8022.776654
-6841.52998,100,8023.144334
-6211.119968,100,8023.456931
-9595.019989,100,8024.411922
-5550.559978,100,8024.762007
-6798.209961,100,8025.295524
-7980.249947,100,8025.992418
-6861.399975,100,8026.667606
-6570.969959,100,8027.365691
-7476.67997,100,8028.79734
-8197.94997,100,8029.993306
-6436.22998,100,8030.626968
-7331.439983,100,8032.687753
-7665.539963,100,8056.335056
-8565.509964,100,8057.119414
-4917.079956,100,8057.734987
-6235.569958,100,8059.426512
-8386.889969,100,8061.054776
-6899.79995,100,8061.897279
-7403.309994,100,8062.603174
-6070.839958,100,8063.202527
-7455.759968,100,8063.821359
-7167.569962,100,8064.442077
-5750.339966,100,8065.068102
-6771.749969,100,8065.717172
-5476.199963,100,8066.39146
-8387.549969,100,8067.080093
-9545.509987,100,8067.77103
-8902.119968,100,8068.363167
-6873.529961,100,8069.00107
-9533.269978,100,8069.650973
-7246.049969,100,8070.265572
-8768.17997,100,8070.895516
-6142.489975,100,8071.530874
-5394.619965,100,8100.57681
-8100.189972,100,8101.165781
-5248.489964,100,8101.895325
-6070.309967,100,8102.482439
-7411.549969,100,8103.107289
-5257.599972,100,8103.720294
-7622.729961,100,8104.334311
-5214.00996,100,8104.940112
-6399.589954,100,8105.624552
-9450.479965,100,8106.26567
-6758.229958,100,8106.934361
-6690.559959,100,8107.543058
-6474.779949,100,8108.127324
-8037.509975,100,8108.771854
-4842.729965,100,8109.537145
-5774.389969,100,8110.200715
-6936.049957,100,8110.785039
-6313.09996,100,8111.36753
-9660.889977,100,8111.942989
-8472.149971,100,8112.530401
-7088.839973,100,8138.11877
-2825.349964,100,8138.457651
-7253.779964,100,8138.954579
-6871.829975,100,8139.750657
-7505.499966,100,8140.38654
-7032.029968,100,8141.066929
-4598.309963,100,8141.741037
-6710.879971,100,8142.916347
-7071.979973,100,8143.553136
-7602.939976,100,8144.171168
-3747.129971,100,8144.741849
-5741.809971,100,8145.090166
-5204.309959,100,8145.57553
-5031.50996,100,8145.868941
-6715.959969,100,8146.201732
-6922.699982,100,8146.567683
-4335.099972,100,8146.93639
-6591.589973,100,8147.392892
-7574.839958,100,8176.871555
-4394.859959,100,8177.432509
-7362.64996,100,8177.977847
-6825.059975,100,8201.405531
-6743.28997,100,8202.219112
-6422.279961,100,8202.588716
-5796.149967,100,8202.946079
-5942.249969,100,8204.319729
-6306.149979,100,8205.566523
-6431.969963,100,8206.706708
-8691.539967,100,8207.815101
-4772.239967,100,8209.737146
-8009.170025,100,8210.522782
-5975.789963,100,8211.559641
-6426.369965,100,8212.334644
-5821.999962,100,8212.965645
-6092.26997,100,8213.535487
-9346.419971,100,8214.103255
-6260.419971,100,8215.090298
-7973.049976,100,8215.592491
-6702.439964,100,8216.260249
-6377.419964,100,8216.912133
-7577.519962,100,8217.590065
-7647.339973,100,8240.190188
-9881.019993,100,8240.474422
-7016.919975,100,8240.723336
-6283.029961,100,8240.981004
-6817.149963,100,8241.256313
-7257.189968,100,8241.53428
-5385.719959,100,8241.802523
-7589.669971,100,8242.089924
-5323.379951,100,8242.36132
-9512.659954,100,8242.839759
-8040.739967,100,8243.07211
-8930.859974,100,8243.766094
-6924.829964,100,8244.578131
-10695.159996,100,8245.198174
-6636.249969,100,8245.620641
-6030.259968,100,8246.675885
-7399.769978,100,8248.579599
-5382.44997,100,8252.477298
-6525.679977,100,8253.916738
-5871.749966,100,8254.861203
-5110.739964,100,8255.359713
-7484.039974,100,8281.969475
-7721.689987,100,8282.58655
-6217.879974,100,8283.182798
-8188.589966,100,8283.790403
-5829.459969,100,8284.37327
-7309.479984,100,8284.932007
-8268.419968,100,8285.56001
-5472.749969,100,8286.138203
-3919.639973,100,8286.702406
-5220.059971,100,8287.311182
-7054.449959,100,8287.993357
-6368.849972,100,8289.009628
-8463.859959,100,8291.128124
-7501.209961,100,8292.062919
-7557.109982,100,8293.580428
-6057.349964,100,8294.488446
-6131.219963,100,8295.814027
-10090.599979,100,8296.525742
-9144.189968,100,8297.15269
-6833.239971,100,8297.724784
-7263.91,100,8319.889419
-4482.079956,100,8320.245158
-6748.449963,100,8320.676451
-6843.389965,100,8321.23819
-7102.50996,100,8322.037076
-8418.299984,100,8322.472292
-8580.43998,100,8323.524791
-5901.89996,100,8323.825196
-7129.689945,100,8324.146584
-7157.359966,100,8324.493134
-7142.399956,100,8324.815465
-9695.359997,100,8325.115252
-7882.119968,100,8325.803833
-8720.519985,100,8326.388713
-7301.300034,100,8327.162535
-5878.269962,100,8327.729279
-7233.209988,100,8328.278865
-6594.979969,100,8329.027445
-4739.98996,100,8329.761856
-8627.499969,100,8330.203746
-5916.69997,100,8331.006669
-6527.269966,100,8357.921034
-5130.819962,100,8358.469482
-5912.789959,100,8359.098244
-6396.789963,100,8359.802476
-8760.719982,100,8360.402445
-8179.259975,100,8361.188933
-10168.33997,100,8361.894206
-6657.619968,100,8362.497115
-5510.109962,100,8363.092895
-7373.089973,100,8363.650463
-5739.279957,100,8364.198669
-8526.17997,100,8364.803488
-5411.549961,100,8365.42536
-6113.999966,100,8365.995299
-8282.329967,100,8366.61318
-7784.969959,100,8367.167284
-6451.879974,100,8367.791288
-6620.279968,100,8368.337675
-4043.75996,100,8368.987409
-5429.679966,100,8369.740417
-7348.789967,100,8392.436697
-8167.989967,100,8392.751229
-6128.139954,100,8393.081654
-6579.669979,100,8394.256877
-8076.869965,100,8394.828086
-7406.249958,100,8395.385881
-5799.619965,100,8395.937332
-5675.199959,100,8396.494662
-7548.379959,100,8397.410406
-7951.519978,100,8398.154503
-6600.159962,100,8398.732589
-7376.779976,100,8399.272293
-4982.249962,100,8400.069316
-9586.569973,100,8401.472872
-3927.239971,100,8402.653591
-5235.119965,100,8403.085883
-6145.139973,100,8404.507355
-8667.779957,100,8404.818966
-6002.159966,100,8405.219901
-8412.309971,100,8405.49952
-7777.929962,100,8405.798275
-6365.919968,100,8431.733956
-6434.599968,100,8432.357328
-10906.140003,100,8433.161194
-8336.729954,100,8433.767121
-10613.059967,100,8434.471617
-4490.749966,100,8435.089654
-5912.34996,100,8435.671329
-5905.129963,100,8436.311124
-8829.269962,100,8436.881897
-5676.749958,100,8437.605714
-8428.48996,100,8439.561046
-6049.929962,100,8440.177251
-8073.07996,100,8440.7285
-10154.239975,100,8441.555627
-8422.959972,100,8441.8414
-6631.929966,100,8442.163211
-8672.66996,100,8442.465901
-5304.179962,100,8443.233892
-8150.829979,100,8443.611804
-5380.319973,100,8443.977827
-3636.469971,100,8471.844764
-6632.859966,100,8472.236242
-5844.249954,100,8472.640862
-7758.889969,100,8473.00185
-6242.169964,100,8473.360621
-5590.549969,100,8473.667915
-5914.359959,100,8473.978769
-5877.409962,100,8474.382895
-9760.379997,100,8474.747721
-6378.339958,100,8475.032116
-7849.159977,100,8475.43224
-8636.049961,100,8475.854971
-7501.739975,100,8476.210018
-7926.779968,100,8476.743148
-6852.319962,100,8477.378724
-7740.399963,100,8477.947568
-6239.389977,100,8478.514707
-9679.799965,100,8479.11507
-7216.009964,100,8479.724874
-11450.099987,100,8480.293316
-4198.799973,100,8480.871298
-4784.009949,100,8499.851874
-8021.079971,100,8500.191905
-4539.569965,100,8500.547582
-5516.129971,100,8500.827162
-8739.359966,100,8501.130746
-6418.429974,100,8501.43679
-6393.889969,100,8501.731435
-4728.499966,100,8502.865603
-8850.999966,100,8503.259431
-6795.399971,100,8503.89764
-6588.399967,100,8505.748792
-6063.629959,100,8506.390309
-7090.469963,100,8507.168759
-6489.339958,100,8507.846263
-5796.109974,100,8508.513422
-5859.599968,100,8509.345604
-7407.719959,100,8509.952945
-6329.079967,100,8510.325446
-5739.739964,100,8510.665842
-4881.32996,100,8511.017323
-5908.449989,100,8536.139414
-4258.389965,100,8536.516485
-5999.329967,100,8536.891046
-6042.709969,100,8537.250141
-8980.679981,100,8537.604895
-4802.139973,100,8537.969299
-7033.199997,100,8538.374465
-4545.519974,100,8538.730401
-3890.119968,100,8539.257774
-6421.259975,100,8539.751255
-6487.259964,100,8540.053152
-7608.739971,100,8540.370146
-6474.119976,100,8540.688746
-6832.059967,100,8566.01346
-6321.449978,100,8566.361665
-6909.039974,100,8566.808423
-8753.18996,100,8568.247133
-5003.369961,100,8569.377433
-5904.299973,100,8570.190475
-7937.309975,100,8571.847718
-5906.579971,100,8572.805561
-5533.149963,100,8595.453472
-6187.499969,100,8595.802272
-6924.159981,100,8596.157092
-5302.029968,100,8596.695328
-6710.049965,100,8597.042126
-6480.229961,100,8597.491074
-7750.149963,100,8598.132505
-4729.359959,100,8598.679584
-8986.079952,100,8599.199955
-4773.69997,100,8599.869095
-5257.769978,100,8600.458881
-5640.049969,100,8601.042314
-7141.489979,100,8602.202056
-5228.289978,100,8602.796959
-6454.869961,100,8603.442266
-6983.829983,100,8604.097126
-5330.18996,100,8604.703118
-4891.35997,100,8605.430825
-5535.419979,100,8606.00955
-6288.569958,100,8606.463231
-4883.279972,100,8632.205805
-5681.719967,100,8633.263136
-6002.67997,100,8634.147162
-9060.979988,100,8634.889905
-7313.309959,100,8635.530284
-5374.969963,100,8636.108815
-4548.08997,100,8636.735126
-6513.249977,100,8637.078752
-6955.559971,100,8637.424818
-5499.029968,100,8637.911453
-4997.039963,100,8638.511083
-6271.019966,100,8639.344813
-5092.509972,100,8639.926432
-4283.879963,100,8640.526019
-6282.209957,100,8641.228212
-8758.429966,100,8641.88069
-4977.399967,100,8642.412415
-4744.64996,100,8642.797122
-6724.939968,100,8644.253252
-6576.099972,100,8645.720093
-6558.249962,100,8666.860259
-6317.219971,100,8667.456162
-4767.859955,100,8668.027617
-4272.079967,100,8668.595256
-6511.439976,100,8669.684607
-5724.279972,100,8670.262765
-5016.389961,100,8670.866333
-3963.519958,100,8671.459267
-3520.429966,100,8673.675787
-6708.789963,100,8675.144233
-6368.889973,100,8675.877022
-11735.069988,100,8676.409401
-4911.839954,100,8677.26129
-4128.679962,100,8678.02039
-8932.939968,100,8678.677619
-6571.039963,100,8679.436723
-5326.969975,100,8680.047898
-5923.069973,100,8680.620681
-7039.619972,100,8681.25974
-4856.229958,100,8681.841815
-4919.079967,100,8682.461314
-4472.549965,100,8703.367251
-5592.879967,100,8703.758002
-6984.309971,100,8704.052835
-8530.119965,100,8704.771602
-5458.939957,100,8705.424889
-7656.879982,100,8705.973484
-7170.94997,100,8706.5656
-8048.659973,100,8707.332487
-5211.529972,100,8707.891139
-7273.559967,100,8708.48052
-4839.349968,100,8709.201037
-4122.259972,100,8709.960613
-6363.239964,100,8711.014615
-6368.969975,100,8711.564464
-5800.959969,100,8713.148991
-3161.159966,100,8714.079565
-6386.259968,100,8715.074051
-7911.549976,100,8717.612586
-7127.689964,100,8719.636923
-8059.979969,100,8720.450959
-6117.619957,100,8745.409996
-5533.619961,100,8745.718199
-5837.659973,100,8746.053887
-7093.75996,100,8746.386992
-5328.639969,100,8746.712296
-5827.859962,100,8747.051573
-7005.349964,100,8747.407513
-7542.939964,100,8747.699622
-5793.569965,100,8748.549749
-5845.949963,100,8748.829875
-8538.439983,100,8749.381531
-5402.159969,100,8749.98598
-5591.939964,100,8750.567032
-6777.159969,100,8751.136274
-6086.32996,100,8751.708642
-9089.26001,100,8752.451998
-4991.629967,100,8753.058957
-7973.469975,100,8753.668991
-8749.579983,100,8754.327489
-6125.569973,100,8754.90119
-4920.149971,100,8755.46001
-6975.339973,100,8778.815321
-6485.279972,100,8779.70946
-7069.409977,100,8780.634446
-8695.009964,100,8781.5136
-7580.289974,100,8782.181691
-9740.219963,100,8783.864077
-7910.33997,100,8784.524559
-7691.919968,100,8785.318248
-7142.639969,100,8786.32646
-5502.729965,100,8786.9103
-7142.709976,100,8787.538418
-8296.089977,100,8788.11141
-7971.78997,100,8788.963325
-6901.169968,100,8789.834505
-7439.83997,100,8791.430832
-7757.989975,100,8792.258987
-5768.299965,100,8792.829679
-8442.17997,100,8793.233949
-8830.579983,100,8793.941723
-7742.099972,100,8794.268976
-6082.76997,100,8818.130413
-7126.579967,100,8818.535424
-6168.309963,100,8818.866502
-7270.579975,100,8819.234275
-6062.349964,100,8819.597225
-7787.169971,100,8819.938464
-5804.569969,100,8820.278151
-7623.399971,100,8820.605757
-7212.159973,100,8820.910026
-6479.149967,100,8821.334562
-5376.879959,100,8821.715022
-7588.789967,100,8822.025437
-3866.549957,100,8822.358339
-9340.399963,100,8822.72986
-7406.469967,100,8823.046253
-6172.089966,100,8823.398948
-8523.239964,100,8823.76883
-4187.359962,100,8824.104969
-7553.809967,100,8824.436804
-8524.119972,100,8824.73376
-9235.32996,100,8825.028532
-6226.169968,100,8847.224339
-8315.529953,100,8847.799166
-8986.359955,100,8848.592693
-5951.489964,100,8849.211636
-8039.439968,100,8849.871468
-4904.219963,100,8850.375966
-6064.629967,100,8850.721276
-7319.379959,100,8851.001982
-8789.849976,100,8851.382543
-7906.299976,100,8852.173306
-5549.839981,100,8852.535038
-8784.579967,100,8853.024255
-7793.029961,100,8853.830869
-7640.569962,100,8855.0008
-7766.039963,100,8855.986298
-6474.709961,100,8856.56953
-9621.219975,100,8857.159102
-7243.559971,100,8857.729339
-6762.899971,100,8858.335541
-4662.379951,100,8859.01559
-7288.499969,100,8878.301806
-6791.539955,100,8878.945437
-5951.479965,100,8879.674669
-7688.53997,100,8880.301934
-6637.51997,100,8881.613103
-6845.749966,100,8882.255935
-6159.749962,100,8883.664125
-6657.269958,100,8884.512829
-7418.729977,100,8885.546585
-8292.28997,100,8887.536121
-6552.619972,100,8888.164209
-6870.409977,100,8888.852048
-5766.19997,100,8890.135408
-5453.059971,100,8890.703017
-6196.839973,100,8891.258146
-5227.869965,100,8891.647419
-6260.429958,100,8892.367213
-5858.439968,100,8892.6307
-6127.449986,100,8892.937443
-4959.039963,100,8893.50109
-8327.389988,100,8894.404961
-4087.089958,100,8919.826642
-6051.859962,100,8920.452043
-4738.909966,100,8921.032359
-5206.459961,100,8921.619715
-10032.609985,100,8922.182796
-8459.929966,100,8922.746409
-6857.589966,100,8923.312519
-6843.359962,100,8923.870776
-6116.66996,100,8951.040493
-5401.819962,100,8951.623682
-6167.719967,100,8953.159724
-6170.029961,100,8954.596183
-6980.11998,100,8955.17386
-7565.189964,100,8955.980256
-5075.309963,100,8956.296807
-4303.309959,100,8956.629811
-6043.289967,100,8956.979105
-6382.759945,100,8957.283285
-6197.42997,100,8957.645208
-6265.969959,100,8957.964579
-7466.319954,100,8986.139689
-6225.329975,100,8986.45546
-5145.409954,100,8986.767361
-7749.119968,100,8987.264051
-5164.19997,100,8988.329707
-5918.869957,100,8988.607513
-5975.049973,100,8988.958192
-4778.449966,100,8989.38503
-5751.679974,100,8989.76546
-8749.369976,100,8990.115926
-7276.94997,100,8990.491695
-5536.179966,100,8990.816132
-7808.319969,100,8991.196846
-3335.759972,100,8991.580574
-8253.639973,100,8992.182419
-4713.159966,100,8993.349451
-5410.419971,100,8993.896506
-4856.829967,100,8994.735102
-5891.85997,100,8995.11381
-4387.499966,100,8995.929705
-8565.729977,100,8996.489732
-5437.999966,100,9025.340554
-6274.379967,100,9025.938663
-5753.249969,100,9026.415903
-4326.459953,100,9026.727141
-5788.09996,100,9027.038847
-4107.409958,100,9027.551526
-7157.509968,100,9028.39042
-4798.699974,100,9028.959255
-6540.409969,100,9029.861592
-4952.579967,100,9030.52453
-6400.549957,100,9031.21945
-6023.809952,100,9031.778603
-6924.849972,100,9032.349156
-7382.829971,100,9032.926874
-6141.149956,100,9033.53015
-6230.319969,100,9034.079795
-5530.399971,100,9034.613731
-6358.629971,100,9035.141075
-6654.269962,100,9035.824249
-6158.209965,100,9036.638701
-4612.769958,100,9062.13445
-7758.449974,100,9062.798986
-7676.13998,100,9063.411954
-7305.429977,100,9064.007396
-5996.129963,100,9064.933682
-5001.689968,100,9065.867512
-7940.339977,100,9066.429199
-6851.309963,100,9066.991314
-5915.699963,100,9067.534782
-5206.069965,100,9067.947845
-6167.359966,100,9068.30781
-9049.949974,100,9068.809518
-5809.739964,100,9069.471549
-8175.239986,100,9070.097424
-4776.329975,100,9070.509552
-5559.819965,100,9071.077906
-5771.539959,100,9071.663446
-7171.349957,100,9071.989063
-7626.579967,100,9072.319145
-7067.349972,100,9072.629248
-7384.519966,100,9072.933456
-6305.799969,100,9091.143413
-4917.119953,100,9091.476448
-6911.389969,100,9091.835638
-6213.369961,100,9092.121718
-6942.529961,100,9092.654764
-6936.969963,100,9093.862681
-5907.689968,100,9094.499587
-7333.189953,100,9094.801137
-5942.829967,100,9095.106836
-6805.069958,100,9095.410956
-5983.219971,100,9095.763106
-6317.739964,100,9096.896859
-6159.749969,100,9097.555161
-5215.959957,100,9098.780067
-5907.039974,100,9100.470058
-7018.369965,100,9101.662753
-4388.119968,100,9102.482248
-7383.699963,100,9103.046845
-6153.41996,100,9103.62262
-8128.219975,100,9104.174402
-4880.569969,100,9125.82245
-8796.159969,100,9126.180901
-7096.59996,100,9126.565231
-6862.379955,100,9126.874798
-6812.029961,100,9127.238473
-8167.979965,100,9127.593981
-7142.049969,100,9127.922339
-5803.949959,100,9128.298504
-6122.979965,100,9129.472186
-4974.179955,100,9130.277472
-5979.659973,100,9130.829333
-5796.229958,100,9131.410734
-5746.609962,100,9131.97131
-4691.799965,100,9132.520755
-7018.459965,100,9133.070411
-7651.159969,100,9133.620618
-7384.189972,100,9134.34687
-6832.609966,100,9135.154493
-7564.319969,100,9136.267054
-7060.529968,100,9137.728025
-5420.399967,100,9139.386631
-9275.009979,100,9162.050236
-5539.769974,100,9162.972266
-3921.139969,100,9163.303811
-6899.479969,100,9163.59691
-6280.919975,100,9163.895286
-6394.699963,100,9164.178727
-6125.159966,100,9164.478399
-6975.449974,100,9164.805241
-4774.73996,100,9165.111138
-6058.85997,100,9165.416847
-6013.009964,100,9165.723941
-7821.249989,100,9166.070909
-5279.279964,100,9166.421401
-7261.089947,100,9167.811954
-5873.109959,100,9168.075143
-6789.589966,100,9169.263026
-5190.019966,100,9169.617969
-5826.979973,100,9170.740217
-7313.799957,100,9171.36426
-4698.259964,100,9172.526534
-8376.459965,100,9197.617265
-5886.089962,100,9198.004329
-5320.649963,100,9198.292948
-3654.819962,100,9198.602855
-5150.209972,100,9198.966819
-4565.199974,100,9199.369446
-5270.309959,100,9199.849809
-8237.979992,100,9200.155613
-5863.619968,100,9200.469432
-6150.78997,100,9200.949546
-7250.059986,100,9201.277964
-6181.799973,100,9201.632141
-5502.269978,100,9201.988068
-6473.429958,100,9202.378499
-4487.449963,100,9203.642739
-6356.379974,100,9203.940351
-4206.529968,100,9204.41798
-5781.409969,100,9204.808504
-8331.009975,100,9205.941026
-5812.529957,100,9206.475628
-5133.759972,100,9206.788043
-5161.589962,100,9233.70004
-6084.64996,100,9234.085776
-6686.729954,100,9234.632151
-7019.659973,100,9235.102515
-6394.709965,100,9235.438048
-6319.509964,100,9235.787447
-6204.919968,100,9236.640175
-5995.139957,100,9237.045141
-6270.819962,100,9237.744561
-4366.409958,100,9238.426492
-2718.78997,100,9239.068611
-7555.099968,100,9239.819538
-4101.119972,100,9240.902843
-4110.589962,100,9241.620321
-3573.629959,100,9242.23877
-7253.229969,100,9243.003967
-3370.089962,100,9245.210091
-4846.209969,100,9246.185138
-5902.779972,100,9247.58814
-4280.729965,100,9249.212322
-5706.459972,100,9276.107121
-8134.269974,100,9276.803591
-5097.339981,100,9277.410598
-4282.259964,100,9278.018429
-4458.729961,100,9279.44912
-3985.569965,100,9280.152127
-5472.919968,100,9280.762235
-4731.639961,100,9281.339078
-7454.729973,100,9282.935177
-4991.749973,100,9284.424298
-5256.75996,100,9284.743766
-6949.659969,100,9285.031212
-5358.859966,100,9285.304087
-4547.079971,100,9285.577252
-5195.159962,100,9285.860264
-4971.619968,100,9286.14135
-5843.699974,100,9286.829462
-3098.709965,100,9287.665401
-4781.149963,100,9288.524285
-6717.469967,100,9290.057683
-6910.069973,100,9291.463742
-5954.189976,100,9320.07632
-7126.58997,100,9320.677459
-5493.499969,100,9321.983093
-5425.709969,100,9356.008941
-4888.749973,100,9357.71428
-7283.079967,100,9358.34019
-5542.11998,100,9359.103717
-5341.659973,100,9359.736634
-6073.899967,100,9360.537722
-5955.019974,100,9361.584173
-5431.769974,100,9362.43901
-5265.429955,100,9363.007009
-6822.699963,100,9363.597895
-5277.469959,100,9364.162871
-5818.639977,100,9364.741577
-6562.059956,100,9365.285868
-4763.069969,100,9365.599258
-6196.639969,100,9365.897714
-4233.489967,100,9366.202481
-4923.119965,100,9366.593078
-3759.049965,100,9389.331645
-6384.309971,100,9389.967128
-6747.159973,100,9390.593346
-5886.969971,100,9390.920815
-4726.319965,100,9391.529427
-5280.259972,100,9392.10914
-5689.719963,100,9393.558655
-5214.779961,100,9393.953542
-4299.439964,100,9394.929085
-4089.659966,100,9395.96322
-4892.539963,100,9396.653332
-5540.509972,100,9397.986814
-4979.259968,100,9399.612178
-5207.159962,100,9400.224551
-6023.279957,100,9400.800144
-5477.869965,100,9401.399261
-3749.369953,100,9401.989178
-3230.049969,100,9402.554856
-7369.799953,100,9403.179003
-5151.329967,100,9403.908715
-4900.209972,100,9404.703754
-5018.499966,100,9429.690048
-4507.569962,100,9430.345484
-4332.42997,100,9430.946559
-7459.259956,100,9431.585505
-5311.889961,100,9432.610612
-4408.169971,100,9433.453525
-6165.219963,100,9434.025351
-4622.39996,100,9434.596817
-3901.699963,100,9436.04283
-5054.799961,100,9436.929305
-5343.409966,100,9438.507022
-3899.149971,100,9439.790677
-5144.93996,100,9440.600855
-3067.849964,100,9441.319348
-4520.989964,100,9441.904336
-4791.92997,100,9442.578456
-4933.469971,100,9443.150475
-5587.17997,100,9443.718969
-6194.469967,100,9444.285409
-5986.319965,100,9445.158843
-4728.599979,100,9469.104842
-5550.48996,100,9469.845834
-4232.709972,100,9470.438315
-7386.299957,100,9471.015886
-3407.689957,100,9471.976652
-3924.379967,100,9472.722241
-6090.329967,100,9473.260865
-4301.079956,100,9473.603442
-3689.789963,100,9474.906408
-4073.319965,100,9475.650498
-5238.829967,100,9476.903794
-5111.689968,100,9477.501675
-3901.409962,100,9478.425599
-4262.529961,100,9480.284526
-3912.239956,100,9481.542854
-4571.309959,100,9482.729769
-5700.59996,100,9483.683699
-3925.739956,100,9484.750384
-4648.519955,100,9485.082035
-5754.489956,100,9485.50436
-6537.049965,100,9486.112719
-3525.179966,100,9511.523612
-5406.849964,100,9512.085118
-5992.679966,100,9512.679963
-8436.039982,100,9513.257679
-4837.949947,100,9513.829492
-5121.039967,100,9514.424719
-6310.649956,100,9514.994927
-3934.029961,100,9515.528549
-4444.489964,100,9516.084425
-4929.309971,100,9516.686802
-3969.479954,100,9517.248286
-3684.109959,100,9517.86636
-5064.069962,100,9518.506844
-7390.379959,100,9519.169812
-4780.619968,100,9520.001976
-5734.149963,100,9520.848758
-4957.979965,100,9521.887325
-4960.329967,100,9523.918841
-4133.859951,100,9524.862661
-5536.689968,100,9525.424721
-4116.299965,100,9548.92753
-5757.289959,100,9549.563119
-3805.129963,100,9550.182065
-4337.099972,100,9550.75719
-4230.769962,100,9551.336733
-4297.93996,100,9551.93819
-4772.689964,100,9552.515601
-4429.689972,100,9553.086529
-3947.499958,100,9554.002752
-6398.679966,100,9554.785869
-6134.659981,100,9555.603556
-5381.809959,100,9556.821403
-3859.78997,100,9558.432406
-4340.029961,100,9559.151629
-4241.039963,100,9559.750052
-4273.099972,100,9560.448497
-5734.749958,100,9561.246859
-4990.349968,100,9561.819878
-4354.249973,100,9562.540694
-4442.689964,100,9563.185475
-5245.729965,100,9564.376754
-6986.389954,100,9591.532927
-6509.129971,100,9591.877229
-4916.559963,100,9593.309466
-4213.969963,100,9593.605723
-4770.689976,100,9593.997239
-5212.209965,100,9594.592631
-5550.549969,100,9595.184328
-5154.079964,100,9595.761536
-6588.359962,100,9596.340349
-4250.239964,100,9596.884748
-7141.559959,100,9597.437918
-6958.749973,100,9598.744018
-6206.55994,100,9599.933837
-4532.64996,100,9600.52226
-6719.239967,100,9601.089821
-4430.379963,100,9601.672596
-4774.849968,100,9602.24585
-4281.559967,100,9602.895985
-6007.619965,100,9603.492693
-3229.469967,100,9604.058738
-5353.929974,100,9628.290573
-7879.869972,100,9628.615891
-5476.889973,100,9628.921225
-7566.039974,100,9629.597394
-5382.919968,100,9629.981128
-6849.629959,100,9630.344668
-7118.429958,100,9631.13757
-7594.749969,100,9631.495757
-6278.059959,100,9631.790639
-5821.369957,100,9632.083534
-5347.489967,100,9632.557256
-6519.389973,100,9633.253482
-5852.629963,100,9633.588094
-6429.059963,100,9633.894801
-7534.759964,100,9634.22559
-6519.469967,100,9634.61102
-7365.699966,100,9634.934157
-7446.989975,100,9635.247845
-5814.729965,100,9635.806494
-7596.409973,100,9636.444772
-7076.54998,100,9663.550106
-5775.529961,100,9663.957398
-5841.689964,100,9664.262388
-5183.159966,100,9664.612155
-7049.059975,100,9664.935733
-5223.499977,100,9665.656105
-5504.449963,100,9667.045568
-6135.659977,100,9668.488505
-6608.859966,100,9669.141262
-4969.139973,100,9669.91515
-6211.829971,100,9670.965482
-5416.799969,100,9671.883649
-7383.689968,100,9672.710863
-5199.419964,100,9673.267782
-7595.399967,100,9673.82315
-5470.299965,100,9675.099643
-5707.959969,100,9675.801826
-6932.259975,100,9676.370823
-5514.489967,100,9676.973575
-5409.329967,100,9677.571625
-7982.759968,100,9679.138646
-6190.769962,100,9706.38663
-5878.949963,100,9706.964489
-5716.569969,100,9707.529941
-4235.089958,100,9708.099503
-7955.169971,100,9709.600626
-5903.549961,100,9710.215062
-6669.419971,100,9710.892421
-4583.909962,100,9711.616198
-4933.889969,100,9712.27542
-5656.049961,100,9712.842261
-5742.649967,100,9713.433092
-5008.309948,100,9714.016398
-7132.559967,100,9714.629789
-4544.469967,100,9715.177448
-6772.429962,100,9715.497973
-5623.629971,100,9715.815587
-7064.679977,100,9716.28616
-7998.239964,100,9716.614391
-4683.509968,100,9716.939781
-4642.339962,100,9745.834287
-5197.229965,100,9766.129718
-6052.049984,100,9766.694739
-5346.34996,100,9767.21455
-5494.219967,100,9767.50516
-4445.989967,100,9767.865248
-4912.189957,100,9768.231247
-5548.01997,100,9768.596799
-3913.559967,100,9769.075933
-4925.909962,100,9769.489226
-4982.18996,100,9769.923199
-5851.659966,100,9770.26602
-5518.759972,100,9770.661139
-4375.719963,100,9771.031259
-6557.839973,100,9771.46373
-5526.009968,100,9771.814901
-4678.709972,100,9772.147138
-5014.889969,100,9772.457462
-6794.549961,100,9772.825239
-4552.249962,100,9773.199587
-5893.449974,100,9773.605649
-5995.499962,100,9773.980028
-5095.319969,100,9800.770887
-5310.669971,100,9801.406809
-4446.329964,100,9802.014141
-5567.899971,100,9802.607344
-6756.489975,100,9803.149065
-5723.259972,100,9803.708165
-6660.129967,100,9804.768089
-6412.409973,100,9805.322774
-6533.889969,100,9806.222707
-6827.459969,100,9806.852953
-4889.699963,100,9807.378026
-5187.879967,100,9808.01065
-5325.869961,100,9808.588607
-4226.60997,100,9809.436631
-4557.779968,100,9810.056536
-6826.33997,100,9810.713818
-5475.219975,100,9811.360859
-6457.389965,100,9812.004866
-7404.959965,100,9812.557184
-7999.989971,100,9812.880981
-6142.869972,100,9838.077029
-7347.019966,100,9838.652963
-5431.099972,100,9839.607702
-4805.92997,100,9840.195446
-6136.26997,100,9840.784233
-4918.959961,100,9841.772912
-6486.959965,100,9842.341068
-5899.419975,100,9842.910469
-5451.51997,100,9843.967346
-5136.14996,100,9844.517969
-5459.839962,100,9845.085701
-5533.159977,100,9845.644
-5952.609962,100,9846.191899
-4176.829971,100,9846.771322
-4279.979969,100,9847.317489
-4116.909962,100,9847.851195
-6162.749966,100,9848.408751
-2841.149971,100,9848.999059
-4378.569969,100,9849.427947
-6401.059967,100,9849.8127
-4626.259956,100,9850.186175
-5829.239967,100,9877.758818
-5756.139961,100,9878.081289
-3538.519966,100,9878.421422
-4195.339966,100,9878.751626
-6513.099964,100,9879.235437
-5143.489971,100,9879.61402
-6833.299969,100,9880.034155
-5221.239967,100,9880.419079
-6616.729973,100,9881.251196
-6979.349957,100,9881.885531
-3962.679962,100,9882.432118
-4616.059963,100,9882.999247
-4272.399963,100,9883.55597
-4258.719975,100,9884.114317
-4402.999966,100,9884.735248
-7849.839973,100,9885.351277
-7512.28997,100,9885.925733
-5655.409966,100,9886.487756
-5315.349968,100,9887.13113
-6029.159966,100,9887.71722
-5783.289978,100,9914.738785
-3890.699966,100,9915.601903
-4655.369968,100,9916.197479
-5851.409973,100,9916.793721
-5829.699963,100,9917.359053
-3555.639965,100,9917.912246
-5022.739952,100,9918.462215
-3392.59996,100,9919.105456
-4734.309959,100,9919.659463
-5406.149967,100,9919.957987
-6123.709965,100,9920.280446
-4681.689972,100,9920.604944
-5194.579967,100,9920.946253
-5996.769966,100,9921.288738
-4911.919964,100,9921.65003
-4117.169968,100,9921.967812
-3855.92997,100,9922.285728
-5332.319965,100,9922.59479
-6066.829971,100,9922.961441
-6157.979977,100,9923.564639
-5850.34996,100,9924.118046
-6479.569962,100,9944.496346
-5149.139957,100,9944.803487
-7079.159958,100,9945.128431
-5979.91996,100,9945.438309
-5549.309963,100,9945.754726
-5051.289974,100,9946.097749
-3849.879967,100,9947.786781
-4899.899967,100,9949.443693
-4028.789978,100,9950.815066
-4250.689972,100,9951.944569
-3665.399967,100,9952.946494
-3271.94997,100,9953.392611
-3630.159958,100,9954.219234
-4363.819969,100,9954.945277
-5127.98996,100,9955.87713
-6350.079948,100,9956.608536
-4232.919971,100,9957.534479
-6287.329971,100,9958.24996
-3683.829967,100,9958.816076
-5736.109962,100,9959.262794
-4626.199959,100,9980.732096
-7495.949963,100,9981.054076
-3811.399967,100,9981.611442
-5535.559959,100,9982.219045
-5147.359966,100,9982.781842
-4796.999969,100,9983.350246
-5473.209965,100,9983.929418
-5824.619976,100,9984.513269
-2406.08997,100,9985.081713
-6674.069973,100,9985.682249
-5636.069954,100,9986.215922
-5114.029972,100,9986.841675
-5750.859962,100,9987.171448
-3180.749966,100,9987.533586
-5742.449963,100,9987.848081
-5230.829964,100,9988.266829
-6250.299965,100,9989.906841
-7993.009979,100,9992.102007
-8581.029961,100,9993.24212
-2876.549969,100,9994.62698
-7565.039963,100,9995.378664
-5041.659966,100,10019.247828
-4435.709961,100,10019.952932
-6050.189968,100,10021.385853
-7417.639965,100,10021.768959
-4868.969959,100,10022.100362
-7427.670021,100,10022.569889
-5430.929966,100,10023.10315
-6672.939976,100,10023.745674
-6224.369961,100,10024.332613
-5081.409966,100,10025.128356
-7197.269966,100,10025.70044
-4912.789967,100,10026.335145
-8248.10997,100,10026.909866
-6607.959972,100,10027.476007
-4655.889973,100,10028.04947
-6703.559967,100,10028.630009
-5628.549984,100,10029.309918
-5699.069965,100,10030.333972
-5298.549961,100,10031.19821
-6258.059956,100,10031.932839
-4929.789967,100,10057.171324
-6130.629974,100,10057.686472
-5591.349964,100,10058.020044
-7547.229969,100,10058.417855
-6069.329964,100,10058.803418
-7419.189964,100,10059.18919
-4348.079975,100,10059.611116
-3927.599976,100,10059.958854
-4779.719963,100,10060.334128
-4037.009968,100,10060.874931
-4470.579964,100,10061.436503
-4169.069969,100,10062.016615
-5032.809967,100,10062.582933
-6450.879959,100,10063.155279
-4227.609962,100,10063.751165
-6606.349972,100,10064.344476
-5264.029961,100,10065.88282
-6052.429966,100,10066.536451
-6236.019958,100,10067.121892
-6831.409966,100,10067.687506
-5745.319962,100,10068.251565
-5443.259956,100,10094.884274
-4060.259964,100,10095.264024
-4131.349964,100,10096.487352
-5159.479961,100,10097.031833
-5286.509972,100,10097.584138
-4763.749969,100,10098.129728
-6709.889969,100,10098.679901
-6810.809967,100,10099.548233
-4399.189957,100,10100.112457
-5757.979969,100,10100.68661
-5262.149967,100,10101.245412
-7128.069965,100,10101.803149
-4310.179966,100,10102.347655
-3324.539967,100,10102.883171
-4857.579964,100,10130.0864
-4719.85997,100,10130.54616
-5806.279968,100,10131.117274
-5775.719959,100,10131.746099
-5643.799961,100,10132.309244
-4608.409958,100,10132.858179
-5390.889961,100,10157.078666
-6981.779972,100,10157.793751
-5543.35997,100,10158.412086
-4925.84996,100,10159.04034
-4319.879967,100,10160.400819
-4419.089962,100,10161.011799
-5986.999977,100,10162.792812
-4653.469959,100,10163.576839
-7681.94997,100,10164.728339
-4824.979969,100,10165.44346
-4157.51997,100,10166.018285
-6730.029961,100,10166.596294
-6823.989956,100,10167.15824
-5474.369968,100,10167.86598
-6728.649963,100,10168.183142
-7475.859978,100,10169.63778
-5889.539955,100,10170.358426
-6130.369965,100,10170.974904
-4266.669964,100,10171.610874
-7241.109978,100,10172.164252
-6561.84996,100,10172.735215
-3622.799965,100,10191.04895
-4431.559963,100,10191.415197
-4252.049965,100,10191.877929
-6845.289967,100,10192.413473
-5441.289967,100,10192.722137
-5847.729977,100,10193.090215
-5628.319954,100,10193.434452
-6068.189964,100,10193.769585
-5876.34996,100,10194.108894
-5355.159969,100,10194.446212
-5558.649967,100,10194.761326
-5314.739967,100,10195.622812
-6482.519966,100,10196.00095
-5738.299965,100,10196.397469
-5746.209961,100,10196.960037
-5858.809967,100,10197.34324
-5728.569969,100,10197.673256
-7321.67997,100,10198.043893
-5924.269974,100,10198.412793
-3343.149971,100,10198.758392
-7192.009964,100,10223.209796
-6494.169975,100,10223.816477
-7304.60997,100,10224.412137
-5615.629971,100,10224.938247
-5601.269962,100,10225.219213
-7781.789963,100,10225.52805
-7302.51997,100,10225.840195
-6292.259979,100,10226.182479
-8383.439968,100,10226.507244
-8703.169975,100,10226.866678
-7981.059963,100,10227.302398
-8349.33997,100,10227.765603
-7981.249962,100,10228.098654
-7625.319962,100,10228.419494
-7182.629974,100,10228.857915
-5623.379963,100,10229.568205
-5192.039967,100,10229.911258
-5842.749962,100,10230.222889
-6344.479965,100,10230.521338
-7393.409973,100,10231.292796
-7122.999969,100,10231.895814
-8102.049969,100,10259.372263
-7917.489971,100,10259.688041
-6609.839966,100,10260.20352
-8788.129974,100,10260.58651
-5563.879982,100,10260.947345
-6943.869972,100,10261.524808
-9009.439968,100,10262.091479
-5776.249962,100,10262.510827
-7112.769962,100,10262.948117
-7633.869968,100,10263.339029
-5757.629974,100,10264.001283
-6711.619965,100,10264.563224
-9515.349968,100,10265.12196
-8598.379963,100,10265.386792
-8103.989971,100,10265.918323
-8723.809959,100,10266.327488
-6586.279972,100,10266.638832
-7313.669968,100,10266.932513
-8109.849976,100,10267.229006
-5047.009979,100,10267.529132
-6747.939964,100,10287.17922
-9128.829971,100,10288.628878
-6804.529972,100,10291.001142
-7670.759979,100,10291.716847
-9357.479958,100,10292.143035
-5768.399963,100,10293.53644
-6773.209969,100,10294.342264
-6490.299961,100,10295.00076
-8792.059971,100,10295.623226
-8064.419968,100,10296.330126
-8523.019974,100,10296.905876
-6086.399963,100,10297.451591
-10878.669968,100,10298.241091
-7990.079975,100,10299.666548
-6976.509964,100,10300.162705
-9041.999981,100,10300.651562
-4584.159969,100,10301.252899
-6989.209972,100,10302.098475
-6463.85997,100,10303.346206
-8312.119961,100,10304.449061
-6860.599976,100,10305.429491
-6398.369972,100,10334.322824
-7780.159966,100,10335.246112
-8616.189964,100,10336.145817
-7282.959961,100,10336.841667
-8385.979977,100,10337.620495
-6140.499969,100,10338.11045
-6991.709972,100,10338.454358
-7624.349945,100,10338.887501
-8031.389954,100,10339.238663
-7900.42997,100,10339.612488
-6916.22998,100,10339.961586
-7187.92997,100,10340.281827
-7547.329971,100,10340.61606
-9695.619965,100,10341.391062
-6627.389961,100,10342.480494
-8189.359982,100,10342.844445
-8261.039963,100,10343.494118
-9029.549973,100,10344.073629
-7214.939972,100,10344.648529
-7486.019966,100,10345.222882
-6718.409969,100,10363.384079
-6908.839973,100,10363.728126
-8692.179962,100,10364.064119
-4957.229969,100,10364.64056
-7406.459969,100,10364.962683
-6818.849976,100,10365.331491
-5919.309967,100,10365.667499
-7658.019974,100,10366.013123
-6812.069977,100,10366.352349
-6751.709957,100,10366.67527
-6468.799973,100,10366.990163
-5003.819965,100,10367.302874
-7228.309975,100,10367.670631
-8985.43998,100,10368.065731
-7303.879978,100,10368.405353
-6867.769966,100,10368.726602
-5978.739964,100,10369.207171
-5743.669975,100,10369.935678
-5526.789963,100,10370.544923
-8053.319962,100,10371.151484
-6299.419968,100,10371.830121
-9724.19997,100,10398.029958
-7150.819973,100,10398.498394
-6877.369965,100,10398.861134
-6025.409962,100,10399.276937
-6354.789963,100,10399.801999
-5826.799973,100,10400.144417
-6928.91996,100,10400.858956
-5108.429962,100,10401.474619
-6025.919968,100,10402.070548
-7135.279972,100,10402.72368
-5423.829971,100,10403.019995
-8512.010021,100,10403.303027
-6287.989964,100,10403.631553
-6809.059967,100,10404.207641
-6254.129963,100,10404.666727
-7308.369961,100,10405.000486
-5482.42997,100,10405.451089
-6601.729973,100,10405.855953
-8003.469971,100,10406.205125
-5279.589973,100,10406.585243
-6035.829948,100,10433.214051
-6529.279953,100,10434.550208
-7832.44997,100,10435.325879
-5705.409977,100,10435.887884
-7972.299965,100,10437.136571
-5248.049961,100,10437.775248
-5347.149963,100,10438.34867
-7067.389961,100,10438.934146
-6914.489967,100,10439.622575
-7284.979969,100,10440.223574
-6406.149963,100,10440.783203
-6918.759975,100,10441.346792
-5477.799965,100,10441.906599
-6925.459961,100,10442.490163
-5023.329964,100,10443.21053
-4431.489967,100,10443.869337
-4542.439964,100,10444.681022
-6214.829975,100,10445.239895
-5916.639969,100,10445.812205
-4368.709969,100,10447.073689
-6149.689964,100,10447.635914
-9951.119976,100,10472.942746
-7783.879974,100,10473.686632
-7162.539963,100,10474.285313
-4814.389961,100,10474.844499
-6713.189972,100,10475.193601
-7589.869968,100,10475.558127
-6107.749966,100,10475.88803
-4703.689964,100,10476.185921
-6171.509964,100,10477.21661
-6854.409973,100,10504.930108
-5125.999966,100,10505.452569
-6978.719978,100,10506.027685
-5792.53997,100,10506.698169
-6539.139961,100,10507.276533
-9211.309959,100,10507.837805
-6452.539963,100,10508.400552
-7158.069969,100,10509.134291
-6418.91996,100,10509.735271
-6031.359966,100,10510.317793
-6376.969971,100,10511.488291
-6324.459972,100,10532.604337
-6323.259972,100,10532.908613
-5862.579971,100,10533.223214
-5785.749966,100,10533.50142
-6951.899986,100,10533.823259
-5332.01997,100,10534.136007
-4456.209972,100,10534.432302
-7154.289974,100,10534.720989
-5784.649963,100,10535.07233
-5349.809971,100,10535.434904
-5674.009975,100,10535.701227
-4532.189964,100,10535.963701
-7450.149967,100,10536.56821
-6587.759968,100,10538.148063
-6108.019966,100,10539.478841
-6322.139977,100,10540.132836
-5876.489964,100,10541.382231
-7628.17997,100,10542.087719
-7968.659977,100,10544.066168
-6577.29998,100,10545.699738
-6266.699974,100,10546.538897
-7623.279972,100,10578.4872
-11254.92997,100,10578.809462
-8391.189976,100,10579.633868
-9749.539963,100,10579.985157
-7373.319984,100,10580.340774
-9006.999969,100,10580.716233
-7928.169968,100,10581.00081
-8969.379967,100,10581.338747
-8098.969963,100,10581.689041
-7647.619972,100,10582.058638
-9181.079979,100,10582.703742
-9914.349976,100,10583.307321
-9231.61998,100,10583.878567
-9188.639977,100,10585.543335
-8475.399963,100,10586.771667
-7500.719971,100,10588.828395
-9265.479965,100,10591.021482
-8895.359978,100,10591.509415
-9203.499962,100,10591.806415
-7482.169968,100,10592.111318
-11890.459965,100,10615.512704
-11349.299973,100,10616.085191
-9139.029968,100,10616.68354
-9200.789963,100,10617.256107
-9786.679955,100,10617.849895
-8939.599968,100,10618.421239
-10135.989975,100,10619.005316
-9752.629967,100,10619.690164
-10829.489967,100,10620.313499
-9457.159969,100,10620.898113
-9851.699966,100,10621.511014
-8845.939972,100,10622.108763
-8588.779976,100,10623.071829
-9267.049973,100,10623.805593
-9501.459965,100,10624.370156
-7531.60997,100,10624.863734
-9371.639977,100,10625.158489
-8906.829964,100,10625.733399
-10276.509972,100,10626.668464
-8530.719978,100,10627.214769
-10080.699966,100,10650.805439
-7561.659973,100,10651.746325
-9314.799973,100,10652.035522
-9266.709969,100,10652.316854
-8452.099968,100,10652.631574
-10253.379974,100,10653.493308
-9999.03997,100,10654.018844
-7469.469971,100,10654.731795
-8540.079971,100,10656.232464
-10279.539974,100,10656.783223
-8785.439968,100,10657.381943
-8626.239967,100,10657.959922
-8833.089966,100,10658.537422
-10164.549973,100,10659.253424
-11550.769966,100,10659.703681
-9582.729961,100,10660.031447
-6528.499973,100,10660.365053
-9130.229958,100,10660.672725
-7366.779976,100,10661.023518
-8668.829975,100,10661.387552
-8132.439972,100,10661.84993
-11912.709961,100,10688.757475
-8000.049973,100,10689.362993
-8720.609974,100,10690.038814
-9054.209976,100,10690.628155
-10168.819977,100,10691.24459
-8131.779976,100,10691.82865
-10846.529961,100,10692.429333
-8043.519974,100,10692.998772
-9737.689964,100,10693.575732
-8937.319969,100,10694.125481
-9233.369965,100,10694.853561
-7428.85997,100,10695.574557
-8854.389969,100,10695.935012
-9654.989975,100,10696.38725
-9038.249969,100,10696.814882
-8643.089981,100,10697.504822
-11243.779984,100,10697.801467
-9176.08997,100,10698.084222
-9230.049969,100,10698.664153
-10120.239975,100,10699.026633
-9636.699974,100,10721.760513
-9300.279976,100,10722.095616
-9496.409973,100,10722.409918
-7670.089966,100,10722.700226
-8466.739964,100,10723.252626
-10666.669968,100,10723.851204
-9292.009972,100,10724.260887
-8538.489964,100,10724.617182
-8545.749985,100,10724.966045
-9705.849979,100,10725.326277
-8576.729965,100,10725.724829
-10529.09996,100,10726.36409
-7708.779968,100,10726.891589
-10872.639973,100,10727.419964
-8701.849976,100,10728.092499
-9545.769958,100,10729.024224
-10189.810028,100,10730.151262
-9883.149971,100,10730.784941
-10705.969975,100,10731.359505
-12750.909981,100,10732.290189
-9343.819981,100,10732.934084
-7708.149963,100,10756.087049
-8740.579967,100,10756.725842
-10198.969971,100,10757.376311
-7796.349976,100,10758.812454
-8378.129978,100,10760.661455
-11388.51997,100,10761.62334
-8307.67997,100,10762.334675
-8827.279968,100,10763.54073
-9834.649971,100,10764.515534
-9336.729973,100,10765.18102
-9654.059959,100,10765.789945
-9107.519974,100,10766.526516
-9012.249973,100,10767.919645
-7460.239971,100,10769.822324
-8564.699974,100,10770.420714
-10465.909973,100,10771.020771
-8920.099968,100,10771.607661
-8265.809967,100,10772.512239
-9956.309971,100,10773.096518
-9029.279968,100,10773.733602
-10307.309975,100,10805.274935
-7259.379974,100,10805.697091
-9434.719975,100,10806.509726
-8431.209969,100,10806.855404
-9010.919964,100,10807.186596
-7788.03997,100,10807.707043
-10127.819969,100,10808.486251
-7391.889965,100,10808.768137
-8792.699974,100,10809.437781
-10758.669968,100,10810.221638
-6592.829967,100,10810.949453
-7729.219963,100,10811.741969
-8110.399971,100,10812.336811
-9866.819969,100,10813.083421
-9751.819973,100,10814.355647
-9134.519974,100,10815.101823
-9002.969975,100,10815.770213
-6654.679962,100,10816.527758
-8132.919968,100,10817.206437
-8627.019974,100,10817.917116
-8900.439972,100,10818.459291
-8323.92997,100,10835.48348
-8221.44997,100,10836.043501
-7823.529964,100,10836.595649
-8960.079987,100,10837.138505
-7715.369965,100,10837.506747
-8875.889961,100,10838.065608
-7885.619972,100,10839.08431
-8119.579979,100,10839.887406
-8888.979958,100,10840.453101
-9113.449989,100,10841.192451
-9300.159973,100,10841.602117
-8110.119972,100,10842.737816
-10150.719978,100,10844.461848
-7613.469975,100,10845.149409
-8894.139984,100,10846.181197
-7297.709976,100,10847.955451
-9426.129974,100,10848.782792
-7099.16996,100,10849.496632
-9913.819962,100,10850.166218
-10711.67997,100,10850.802254
-9350.459965,100,10875.119094
-8444.259972,100,10876.266501
-7670.089973,100,10876.88275
-7515.189968,100,10877.881251
-7014.19997,100,10878.541439
-6252.529961,100,10906.44575
-6776.999962,100,10906.769682
-8373.979973,100,10907.101648
-11165.819977,100,10907.449686
-9308.279968,100,10907.823358
-8980.069984,100,10908.38663
-8294.649979,100,10908.974004
-8910.229973,100,10909.811234
-8536.859966,100,10910.399549
-6840.329971,100,10911.006088
-8896.219975,100,10911.601525
-9137.779961,100,10912.17716
-9292.269974,100,10912.750195
-6811.169979,100,10913.318505
-9278.979965,100,10913.892846
-9384.829975,100,10914.447476
-9365.709961,100,10943.30421
-7989.409973,100,10943.881983
-8178.33997,100,10944.431085
-8247.939968,100,10945.034012
-8667.369965,100,10945.608829
-7350.839966,100,10946.178313
-7080.169979,100,10946.774176
-7108.919971,100,10947.34326
-7605.69997,100,10947.975757
-8139.799976,100,10948.58611
-6500.419971,100,10949.401002
-7530.499969,100,10950.147866
-7352.169968,100,10950.730639
-9135.229969,100,10951.960791
-9685.029976,100,10952.578315
-8101.949974,100,10953.809789
-7036.589966,100,10954.586124
-8196.449966,100,10955.862053
-7077.029972,100,10956.220814
-4840.789963,100,10957.605344
-8280.549957,100,10985.581651
-6025.159973,100,10985.979388
-6015.599976,100,10986.272116
-6605.479965,100,10986.578959
-4547.559967,100,10986.884804
-4686.969959,100,10987.17726
-5204.629967,100,10987.701188
-6192.199974,100,10988.144204
-6124.549976,100,10988.466141
-6112.799965,100,10989.975804
-6528.229973,100,10990.253283
-5087.769978,100,10990.563509
-8151.319969,100,10990.83956
-5743.799965,100,10991.425354
-6558.919964,100,10991.870918
-7691.409973,100,10992.42048
-5219.53997,100,10992.975182
-6816.649971,100,10993.540066
-6800.899963,100,10994.212794
-6918.119957,100,10994.609341
-7303.989967,100,10994.92963
-5975.179966,100,11012.703273
-7071.759956,100,11013.03395
-4428.58997,100,11013.377206
-5780.689964,100,11013.776717
-7293.309975,100,11014.970473
-5758.039974,100,11016.252624
-6341.299965,100,11017.078845
-5792.799969,100,11017.773106
-6544.109974,100,11019.032668
-6738.009975,100,11020.343873
-4561.569965,100,11020.737103
-6772.07996,100,11021.097049
-5356.159962,100,11021.467098
-5230.849968,100,11021.818683
-6221.22998,100,11022.124215
-6617.83997,100,11022.432557
-5714.779984,100,11022.716635
-6485.349968,100,11023.014927
-4757.989971,100,11023.336123
-7083.489979,100,11023.650869
-7400.289986,100,11046.195647
-4972.28997,100,11046.785629
-5997.439968,100,11047.350328
-6929.839966,100,11047.926336
-5615.809967,100,11048.586774
-7246.509987,100,11049.343708
-6180.529976,100,11049.955941
-5561.029968,100,11050.549477
-5633.219982,100,11051.216358
-6076.739971,100,11051.802718
-6422.08997,100,11052.383694
-5782.789967,100,11052.969333
-5043.569965,100,11053.578939
-6072.319965,100,11054.171543
-6045.889969,100,11054.800678
-4230.359962,100,11055.401264
-5712.379963,100,11055.979468
-7031.159969,100,11057.221972
-5097.089973,100,11057.96657
-3848.339966,100,11059.821878
-6151.909969,100,11060.292722
-7996.749962,100,11083.870672
-7033.599968,100,11084.189638
-6672.039967,100,11084.549447
-9603.909981,100,11084.926973
-6156.249973,100,11085.822341
-7648.68996,100,11086.194283
-7000.629967,100,11086.465405
-5199.249969,100,11086.736874
-8007.739975,100,11086.999205
-7161.799969,100,11087.296607
-6088.589966,100,11087.573834
-7759.819969,100,11088.171727
-7258.79998,100,11089.701681
-5387.819965,100,11090.322242
-7436.399971,100,11090.895421
-7616.94997,100,11091.494215
-6113.139965,100,11092.09355
-6033.569962,100,11092.677522
-4967.179977,100,11093.271768
-6359.819965,100,11093.838549
-8771.18998,100,11119.380179
-6734.989975,100,11119.754166
-6520.139969,100,11120.083934
-7263.979965,100,11120.417521
-9752.049969,100,11120.74016
-6931.33997,100,11121.042511
-5393.389969,100,11121.552019
-5145.029972,100,11121.961216
-6878.789963,100,11122.522038
-7062.049973,100,11123.285935
-8041.999973,100,11124.066915
-6914.439964,100,11125.251281
-8205.679977,100,11126.014189
-5863.879967,100,11126.759422
-5208.949966,100,11127.456239
-6760.499969,100,11128.323931
-7577.779976,100,11129.26296
-5179.609962,100,11129.977017
-6425.189968,100,11130.590809
-8331.239971,100,11131.17306
-7731.839966,100,11131.764151
-6767.749969,100,11155.041115
-6713.79998,100,11155.384162
-6514.559963,100,11155.703019
-4454.979969,100,11156.976082
-6275.409973,100,11157.389932
-9509.43998,100,11157.751853
-7046.219971,100,11158.046961
-6399.43996,100,11158.443191
-5988.399971,100,11158.788397
-6054.449966,100,11159.263888
-6361.859966,100,11159.659282
-6354.60997,100,11159.952359
-5807.83997,100,11160.258818
-6525.929962,100,11160.677646
-6079.099972,100,11160.993143
-7564.649971,100,11161.656039
-5268.359962,100,11162.013674
-6697.909973,100,11163.050843
-7324.609962,100,11163.425325
-5416.419971,100,11163.761211
-5419.699966,100,11184.511193
-6490.669964,100,11185.386675
-7180.999962,100,11186.729712
-7505.979961,100,11188.184193
-3960.119972,100,11189.430145
-7693.029976,100,11190.595784
-5813.839966,100,11191.285142
-7029.399963,100,11191.596058
-8268.369957,100,11191.886503
-6972.059963,100,11192.187193
-6514.069969,100,11192.596639
-6252.809967,100,11193.620609
-5453.479965,100,11194.203093
-5376.829971,100,11195.309605
-5519.759972,100,11195.898664
-7939.079987,100,11196.554977
-6605.099976,100,11197.176
-6039.519966,100,11197.750823
-6386.629982,100,11198.742697
-6503.029968,100,11200.106298
-7572.479965,100,11200.591675
-6319.92997,100,11222.21521
-7516.349976,100,11222.860597
-4528.049961,100,11223.524913
-8718.629967,100,11224.379159
-6209.449974,100,11225.295695
-7537.739975,100,11226.099526
-6193.349957,100,11226.655338
-6235.829971,100,11227.217606
-5368.149963,100,11227.772209
-6960.899982,100,11228.333006
-3833.529953,100,11228.970994
-7694.289974,100,11229.811497
-5636.459961,100,11230.363258
-4980.989967,100,11230.985203
-5465.129971,100,11231.633467
-7045.839962,100,11232.253467
-6392.33997,100,11232.582645
-6072.559967,100,11234.658226
-6856.819969,100,11236.455806
-7043.59996,100,11237.561162
-5538.35997,100,11278.888071
-6715.939964,100,11279.463394
-7986.379967,100,11281.609669
-10746.859966,100,11282.178443
-8007.869972,100,11282.91302
-7315.779961,100,11283.719108
-5974.879967,100,11284.347216
-5419.449974,100,11284.967206
-7368.379959,100,11285.391638
-6896.239967,100,11286.847269
-7514.919979,100,11287.310305
-4896.919975,100,11288.049018
-5740.749969,100,11288.777522
-7301.489975,100,11289.882477
-7760.749973,100,11290.899408
-4828.309959,100,11291.573598
-6377.769958,100,11292.260074
-6516.219971,100,11293.125947
-7622.409981,100,11293.832065
-7270.309975,100,11294.657876
-6742.799961,100,11294.992469
-5503.999969,100,11324.948241
-4563.249969,100,11325.318309
-6394.68998,100,11325.662726
-5762.009964,100,11325.958107
-11496.729969,100,11326.291272
-8280.339973,100,11326.61805
-6219.979973,100,11326.919724
-6016.179955,100,11327.301132
-6813.459969,100,11327.620668
-7931.969986,100,11327.952001
-6412.049969,100,11328.30611
-6022.189972,100,11328.703927
-4851.859962,100,11329.329562
-6775.100021,100,11330.123652
-6958.629963,100,11330.868984
-7140.349968,100,11331.509457
-5947.329971,100,11332.084914
-9397.079964,100,11332.662892
-7782.399963,100,11333.234722
-6632.399963,100,11333.801805
-5949.819962,100,11355.098509
-6192.469971,100,11355.653475
-7899.119965,100,11356.232156
-5685.699966,100,11356.911395
-5369.129963,100,11357.537868
-6641.049961,100,11358.102134
-5676.929966,100,11358.685215
-7409.629963,100,11359.429551
-5538.779964,100,11360.331117
-6281.679974,100,11362.066953
-6827.269966,100,11363.783104
-4932.969975,100,11364.499419
-5851.769966,100,11364.942778
-5792.549961,100,11365.825935
-8540.359974,100,11366.664232
-6169.17997,100,11367.478585
-5738.099964,100,11368.037089
-5257.359962,100,11368.637858
-4896.839977,100,11369.561318
-6251.259968,100,11370.150957
-7020.469963,100,11370.8743
-5518.35997,100,11391.582242
-6479.339962,100,11392.195699
-6035.649956,100,11392.745931
-7016.10997,100,11393.059792
-9708.239967,100,11393.37173
-6114.35997,100,11393.734891
-8354.089966,100,11394.118779
-7074.019966,100,11394.470268
-6390.729961,100,11395.150136
-6910.85997,100,11396.834208
-6861.549965,100,11397.612201
-6782.349979,100,11398.191645
-6419.109966,100,11399.631467
-5511.219971,100,11400.915239
-8305.129974,100,11401.507177
-7595.229965,100,11402.344191
-5810.689972,100,11404.845133
-6152.389965,100,11406.025615
-5744.84996,100,11406.781886
-5265.869972,100,11407.610716
-6636.889969,100,11429.389037
-5638.119972,100,11430.002123
-6830.269962,100,11430.560529
-7341.749969,100,11431.164355
-6208.699966,100,11431.848519
-7578.159973,100,11432.707785
-5331.579964,100,11433.369906
-7740.989967,100,11434.330298
-5660.19997,100,11434.736912
-6427.839977,100,11435.088471
-5168.779968,100,11435.393454
-6958.099976,100,11435.669611
-5752.179977,100,11435.953532
-5443.69997,100,11436.229527
-6154.239967,100,11437.475304
-4167.84996,100,11438.47431
-6831.549965,100,11439.115227
-5157.169975,100,11439.952572
-7321.239979,100,11440.583928
-6864.239967,100,11441.256414
-6190.249973,100,11442.853809
-5725.029957,100,11466.642089
-9075.61998,100,11467.445909
-5036.119987,100,11468.046257
-6209.409958,100,11468.666247
-8563.369991,100,11469.482496
-5204.789955,100,11469.77647
-5598.489986,100,11470.320309
-6467.479977,100,11471.510312
-8596.10997,100,11471.848284
-3538.039967,100,11472.982767
-6288.779945,100,11473.564084
-5994.339973,100,11474.254652
-3486.569962,100,11475.025146
-6956.259972,100,11475.693163
-6048.989967,100,11476.267725
-6490.51997,100,11476.837092
-6787.939968,100,11477.400936
-5589.039967,100,11477.961329
-4746.659966,100,11478.52304
-6555.149979,100,11479.105508
-8227.249992,100,11497.325258
-6866.269955,100,11497.781506
-6718.339962,100,11498.384076
-9956.940014,100,11499.035674
-7312.18,100,11499.8644
-8623.189976,100,11500.573437
-6502.109955,100,11501.388829
-9385.999985,100,11502.04796
-6176.239975,100,11502.779339
-10523.899971,100,11503.434254
-6364.329983,100,11504.068115
-8678.880009,100,11504.580655
-7504.740017,100,11505.123968
-4871.839962,100,11505.745731
-8476.640026,100,11506.374031
-8399.699997,100,11507.306019
-5998.599995,100,11507.904163
-7814.369987,100,11508.483732
-4805.019962,100,11508.877777
-6687.279976,100,11509.20915
-5770.249966,100,11509.549555
-9957.000019,100,11524.329115
-4993.589981,100,11524.923092
-6110.049969,100,11525.547031
-7210.220032,100,11526.133128
-7990.329979,100,11526.697963
-12376.469936,100,11527.255434
-9128.809971,100,11527.836253
-5093.159962,100,11528.27196
-9312.499969,100,11528.626259
-4402.939964,100,11529.02725
-7651.979969,100,11529.621141
-7536.939968,100,11530.096457
-7680.109966,100,11530.38896
-9777.050037,100,11530.978216
-7606.829975,100,11531.366429
-10254.449986,100,11531.735114
-7432.559971,100,11532.096479
-15977.639984,100,11532.464293
-4935.159962,100,11533.546762
-13666.850029,100,11534.203846
-5403.029968,100,11551.65026
-13118.7001,100,11551.953012
-5724.909969,100,11552.254986
-8727.910015,100,11552.549458
-8489.870003,100,11552.888056
-8527.960033,100,11554.165715
-7796.109962,100,11554.728217
-7469.079971,100,11555.464888
-7822.769974,100,11556.023208
-7986.729954,100,11556.671304
-9835.179993,100,11557.467162
-10053.890041,100,11558.0564
-10141.449982,100,11558.716491
-5558.059959,100,11559.505938
-11572.790009,100,11559.948634
-7539.889973,100,11560.751117
-7824.119995,100,11561.361135
-10372.479996,100,11562.095864
-10279.700012,100,11562.653766
-4688.819969,100,11563.226598
-13231.750061,100,11582.55133
-8405.969994,100,11583.0701
-8550.649956,100,11583.556712
-7491.059986,100,11583.893259
-5254.409966,100,11584.353171
-7140.869965,100,11584.753834
-4840.629978,100,11585.359796
-9529.540012,100,11586.646282
-7776.699982,100,11587.671724
-4336.849968,100,11588.476111
-6661.450035,100,11589.756058
-8082.509995,100,11590.68505
-7151.209984,100,11591.414609
-9819.139992,100,11592.273001
-6871.439972,100,11592.863554
-7774.509975,100,11593.461172
-8382.960014,100,11624.142073
-9188.46999,100,11624.503129
-8736.029964,100,11624.818237
-8855.459957,100,11625.149824
-6266.539974,100,11626.028548
-6777.269958,100,11641.149422
-7893.399979,100,11641.511333
-7702.599957,100,11641.810269
-8440.059998,100,11642.286559
-9408.079971,100,11642.865608
-5840.709969,100,11643.427524
-9201.239986,100,11643.986359
-8593.619999,100,11644.584696
-12108.82003,100,11645.141191
-9175.27998,100,11645.70715
-6899.479973,100,11646.290735
-6390.549984,100,11646.852924
-10604.329952,100,11647.40614
-7019.799976,100,11647.967134
-6582.439968,100,11648.558835
-9293.569981,100,11649.159641
-8324.669956,100,11649.866086
-11486.890064,100,11650.507451
-9002.369987,100,11651.069106
-10836.990032,100,11651.712396
-7306.450012,100,11670.52499
-7036.399963,100,11670.872332
-5153.759956,100,11671.660834
-4634.269962,100,11672.030939
-11792.059982,100,11672.42176
-9446.269974,100,11672.853411
-5985.859974,100,11673.176958
-4676.89996,100,11673.472703
-13667.070019,100,11673.755935
-4266.709957,100,11674.043963
-6604.879963,100,11674.39993
-7898.370029,100,11674.725291
-4975.929974,100,11675.073102
-6032.959988,100,11675.490174
-7737.189983,100,11676.192464
-6192.759998,100,11676.801733
-5574.259968,100,11677.374096
-8450.300049,100,11677.948176
-7682.80999,100,11678.515941
-6147.009968,100,11681.131168
-6975.210011,100,11681.836481
-6411.529976,100,11700.148901
-8253.239983,100,11700.721561
-8879.520035,100,11701.28216
-10589.28997,100,11701.880944
-8812.420006,100,11702.464967
-5675.39999,100,11703.9595
-9180.900024,100,11705.065164
-7795.729946,100,11706.953154
-7749.039989,100,11707.752977
-7700.559986,100,11708.260776
-8442.68,100,11709.544728
-10307.000011,100,11710.187913
-7538.469978,100,11710.795958
-5749.749966,100,11711.466954
-15462.40012,100,11712.072516
-11468.500004,100,11713.162309
-7325.02998,100,11713.754984
-7156.709957,100,11714.821341
-7022.069977,100,11715.58571
-10654.35004,100,11716.974641
-7384.569965,100,11730.674488
-11892.05006,100,11731.268523
-11911.200016,100,11731.863191
-8401.170052,100,11732.442628
-10024.590004,100,11733.033696
-8762.320023,100,11733.607604
-7680.359978,100,11733.895435
-11729.600002,100,11734.198574
-9256.360023,100,11734.504655
-7087.819973,100,11734.794824
-6468.249989,100,11735.097632
-12786.270012,100,11735.649652
-6545.299965,100,11735.954049
-16790.17012,100,11736.263089
-6642.709995,100,11736.614017
-8513.550018,100,11736.990114
-10324.21994,100,11737.396266
-8283.869984,100,11737.7216
-5728.629963,100,11738.580534
-6321.26997,100,11739.960001
-8543.500023,100,11740.665411
-8897.029995,100,11761.992021
-7877.169975,100,11762.429947
-10646.519943,100,11762.739969
-12852.940067,100,11763.076579
-9009.049992,100,11763.415245
-7987.179951,100,11763.731448
-5906.909985,100,11764.03898
-8657.759987,100,11764.660195
-9509.909931,100,11764.965204
-9911.579971,100,11765.280839
-6021.679996,100,11765.584358
-10234.760002,100,11765.860344
-11547.810001,100,11766.169355
-11414.209953,100,11766.495601
-7571.030014,100,11766.791126
-12901.23,100,11767.080122
-8283.85997,100,11767.456696
-9154.189945,100,11768.514354
-10328.739944,100,11768.808746
-9379.709999,100,11769.530918
-9258.88998,100,11785.396284
-9967.029995,100,11786.012994
-7411.389946,100,11786.642286
-10824.770061,100,11787.517606
-9234.760014,100,11788.736473
-5816.79998,100,11790.25423
-8466.59,100,11791.345672
-12711.770061,100,11791.992101
-6786.029995,100,11792.75735
-9548.360062,100,11793.631096
-12170.300053,100,11793.925659
-8865.749996,100,11794.272708
-6497.439934,100,11794.865822
-8156.659977,100,11795.439651
-6652.399963,100,11795.994484
-8751.059986,100,11796.635485
-6239.429985,100,11797.351475
-10392.769974,100,11798.08658
-11594.369968,100,11798.821828
-5852.769966,100,11799.434026
-7474.459972,100,11799.837246
-7244.749966,100,11813.599194
-11300.650024,100,11814.202918
-7124.009979,100,11814.792618
-6284.439964,100,11815.370519
-6262.929966,100,11815.974598
-6857.319984,100,11816.794272
-8378.31004,100,11817.458907
-9319.779972,100,11818.095274
-5142.849976,100,11818.699247
-12984.109974,100,11819.287802
-7795.97998,100,11819.987162
-6582.579975,100,11820.550935
-6907.519981,100,11821.126444
-6574.199989,100,11821.464243
-7547.949989,100,11821.875246
-9238.199963,100,11822.24628
-6337.439964,100,11822.74107
-12705.330002,100,11823.107238
-9248.469978,100,11823.595912
-6177.049984,100,11823.963773
-7794.279972,100,11844.070472
-5531.060005,100,11844.416107
-9996.389961,100,11844.733243
-7106.419983,100,11845.071157
-8244.449951,100,11845.36809
-7623.619991,100,11845.668188
-6311.289982,100,11845.964343
-8022.419991,100,11846.272525
-8647.259979,100,11846.696511
-9936.499977,100,11847.009732
-8210.519955,100,11847.43063
-7335.589962,100,11847.750899
-7765.189972,100,11848.121948
-12282.630054,100,11848.420278
-6992.52993,100,11849.498019
-6246.059963,100,11849.911525
-8784.809986,100,11850.706502
-6305.199974,100,11851.021127
-9456.459972,100,11851.628323
-5785.379971,100,11852.469178
-10199.959965,100,11853.375191
-10594.160015,100,11873.821639
-7151.139992,100,11875.089322
-10550.730003,100,11877.537713
-7811.069992,100,11879.024686
-9181.360031,100,11879.590839
-8814.839958,100,11879.978079
-8210.759979,100,11880.358171
-11432.489964,100,11880.791399
-10848.090031,100,11881.126002
-9380.999969,100,11881.477043
-7756.859962,100,11881.807616
-8455.109989,100,11882.11017
-6551.899967,100,11883.258611
-9519.939938,100,11884.533022
-9555.529968,100,11884.825588
-11178.889996,100,11885.158974
-7504.099964,100,11885.443726
-5551.18996,100,11885.75156
-11597.330017,100,11886.074318
-7772.72998,100,11887.205905
-10005.870022,100,11906.327007
-7035.519978,100,11906.703007
-9774.660034,100,11907.091024
-7615.659962,100,11907.532073
-10370.140041,100,11907.875893
-10300.709995,100,11908.876144
-6520.329967,100,11909.337092
-11004.209969,100,11910.198567
-11092.080021,100,11910.806893
-11192.860001,100,11911.514755
-9559.27998,100,11912.055544
-4945.069977,100,11942.309383
-9056.909969,100,11942.668487
-9853.079975,100,11943.035675
-10213.600056,100,11943.457986
-8241.249939,100,11943.848549
-8769.470043,100,11944.307453
-7583.16996,100,11944.702711
-5321.659962,100,11945.012292
-7890.46999,100,11945.326833
-6985.87999,100,11945.679157
-6079.769981,100,11964.632616
-7406.44997,100,11966.065054
-4756.089962,100,11966.890541
-8543.539967,100,11968.03389
-5478.189968,100,11969.506829
-7261.969959,100,11969.924857
-6363.079948,100,11970.230304
-9741.140011,100,11970.546756
-8906.250008,100,11970.8482
-12571.500019,100,11971.143081
-6490.54995,100,11971.469265
-9635.699974,100,11972.313511
-8744.080002,100,11972.598927
-7195.889973,100,11972.936755
-7318.079956,100,11973.280995
-5807.589973,100,11973.573209
-9614.819988,100,11973.888842
-8744.639965,100,11974.193795
-7820.049984,100,11974.493291
-7398.489979,100,11974.847648
-9279.470005,100,11993.386863
-10002.779949,100,11993.710858
-9416.989975,100,11994.1938
-9559.079975,100,11994.744919
-7581.559967,100,11995.307525
-10639.539993,100,11995.866359
-7218.790009,100,11996.56278
-8535.619968,100,11998.1268
-11825.750034,100,11998.430193
-11519.63002,100,11999.223493
-5570.88998,100,11999.544664
-9487.409954,100,12000.850573
-6389.510029,100,12002.738248
-10836.379978,100,12004.096251
-7944.919975,100,12005.580438
-8264.129978,100,12006.367858
-5645.089966,100,12006.929595
-9526.080006,100,12007.548831
-9214.949966,100,12008.12415
-8038.299965,100,12008.720577
-10623.519962,100,12009.289939
-12434.900105,100,12023.422036
-9340.159969,100,12024.007085
-5398.859982,100,12024.569459
-11165.290051,100,12025.549544
-8123.259979,100,12026.099896
-9875.819981,100,12026.932698
-9227.53997,100,12028.359456
-7159.079952,100,12029.982574
-15142.180073,100,12030.594661
-8335.589993,100,12031.177662
-5519.859974,100,12031.764547
-8291.549992,100,12032.343445
-10513.700058,100,12032.906411
-7699.089981,100,12033.46167
-10729.98996,100,12034.013021
-9583.820057,100,12034.575246
-5845.139969,100,12035.125639
-9397.149975,100,12037.110725
-10033.740017,100,12037.69198
-9856.069981,100,12038.312849
-14961.540047,100,12057.771627
-8184.969986,100,12058.182064
-9483.369968,100,12058.4942
-13718.320015,100,12058.946092
-10786.310036,100,12059.359923
-10976.770004,100,12059.71405
-11430.269993,100,12060.188091
-3931.189972,100,12060.897828
-8545.889988,100,12061.554006
-7699.349968,100,12062.182685
-8146.659977,100,12062.87672
-6374.799988,100,12063.503613
-7119.169956,100,12064.15009
-8863.969978,100,12064.710402
-7343.109959,100,12065.301924
-10928.66003,100,12065.861932
-8938.149967,100,12066.196984
-12148.330006,100,12066.510461
-12847.539967,100,12066.849088
-10882.929989,100,12067.214116
-8234.360027,100,12067.563431
-6986.729969,100,12085.567977
-7847.29998,100,12086.151435
-8627.730034,100,12087.793395
-11232.990044,100,12088.916148
-5916.639954,100,12089.287785
-10662.510044,100,12090.219519
-15475.670002,100,12090.950613
-9469.310032,100,12091.464569
-7527.980022,100,12091.84454
-9391.910015,100,12092.226147
-5012.359951,100,12092.55691
-5502.029961,100,12092.85318
-7712.719982,100,12093.192531
-8086.249958,100,12093.506565
-7875.760025,100,12094.316273
-7388.909954,100,12094.663604
-7231.569965,100,12095.206953
-13282.380005,100,12095.902921
-12038.460087,100,12096.628414
-12570.730026,100,12097.232882
-7950.589962,100,12112.336407
-8007.010014,100,12112.93417
-7840.940006,100,12113.520698
-9299.189987,100,12114.10135
-6665.049973,100,12114.717271
-4929.709953,100,12115.694447
-6808.599979,100,12116.307236
-7813.739971,100,12116.891339
-7224.179962,100,12117.463348
-8008.590023,100,12118.021305
-9680.809978,100,12118.692619
-7637.169983,100,12119.733343
-6559.730007,100,12120.436876
-7890.680035,100,12121.66352
-13103.350113,100,12122.574171
-9923.710026,100,12123.677274
-8710.739944,100,12124.859321
-8549.059959,100,12125.407694
-9901.609955,100,12125.962281
-8655.399986,100,12126.546716
-12273.369946,100,12127.790837
-5856.889965,100,12146.000934
-9305.809971,100,12146.583116
-7543.23996,100,12147.146285
-6445.369968,100,12147.729666
-7826.199966,100,12148.495748
-7027.07996,100,12149.236331
-5848.319965,100,12150.311835
-5232.559978,100,12150.875441
-8094.359974,100,12151.474307
-6801.589966,100,12152.040706
-9205.73003,100,12152.640608
-9521.709965,100,12154.154058
-10443.009998,100,12155.630245
-5974.779972,100,12156.355615
-6741.539963,100,12157.026752
-5499.739983,100,12157.653994
-10458.240025,100,12158.212248
-7614.23996,100,12159.458251
-4931.589962,100,12160.396425
-6419.959965,100,12160.968313
-6819.430004,100,12179.822613
-12535.380009,100,12180.576057
-7822.93996,100,12181.552354
-8380.200035,100,12182.001024
-7106.639957,100,12182.480555
-7294.44997,100,12182.812814
-5940.449966,100,12183.182402
-6655.259987,100,12183.600439
-7692.019955,100,12184.258493
-5726.709991,100,12184.694481
-8973.649994,100,12184.999466
-9184.120041,100,12185.336121
-5830.799965,100,12185.612783
-8997.450047,100,12185.895818
-8521.149998,100,12186.186449
-8709.720032,100,12186.483102
-8053.739956,100,12187.148163
-13035.840061,100,12188.204397
-8595.509945,100,12188.583756
-7264.94997,100,12189.62577
-8367.12999,100,12189.952138
-6681.139961,100,12210.028421
-7179.709999,100,12210.372713
-9663.030006,100,12210.767875
-6687.909962,100,12211.086073
-8484.359974,100,12211.58534
-7213.009983,100,12213.568115
-8098.170025,100,12214.804476
-7862.159977,100,12215.745246
-7019.279972,100,12216.8926
-7204.979954,100,12217.619662
-8205.509945,100,12218.252326
-10802.62001,100,12218.868198
-7975.769981,100,12219.628869
-5808.919949,100,12220.19828
-9391.159988,100,12220.821679
-6466.259968,100,12221.43077
-8870.909935,100,12222.022963
-6719.709999,100,12222.862289
-12243.639946,100,12223.557434
-6213.960011,100,12224.17583
-6384.779984,100,12240.902329
-7104.92997,100,12241.583861
-7452.879971,100,12242.096608
-7028.839947,100,12242.658157
-9484.849979,100,12243.036082
-8979.540024,100,12243.485403
-5127.189957,100,12275.199615
-7139.090012,100,12276.407282
-7655.209957,100,12277.665506
-7444.899971,100,12278.304323
-9841.570015,100,12279.796814
-8585.989933,100,12280.487042
-13594.940037,100,12281.674326
-6891.849972,100,12282.026475
-11910.069977,100,12282.566646
-7354.739941,100,12283.278469
-9548.819965,100,12283.747686
-6407.109982,100,12284.755402
-6254.979969,100,12285.906001
-6245.189964,100,12286.341045
-8539.699978,100,12286.809305
-8136.739964,100,12310.312247
-9691.209965,100,12310.634946
-8332.219963,100,12310.985324
-5546.529964,100,12311.423915
-7225.939968,100,12311.720087
-8947.529999,100,12312.008308
-6290.739964,100,12312.414753
-9273.030037,100,12312.797553
-5743.749954,100,12313.108671
-7645.949986,100,12313.748206
-11107.630066,100,12314.376758
-7467.559994,100,12314.961194
-13586.770126,100,12315.589489
-6886.009941,100,12316.210524
-8738.650055,100,12317.217201
-6808.479969,100,12317.778165
-8002.259964,100,12318.168288
-5881.139973,100,12318.554106
-6229.59996,100,12318.977303
-7950.300007,100,12319.398141
-6189.519985,100,12334.490001
-5958.769974,100,12334.86966
-10034.160023,100,12335.270231
-7892.819988,100,12335.617137
-9053.519989,100,12335.950248
-9524.480022,100,12336.3158
-9139.339985,100,12336.777279
-5235.829952,100,12337.35796
-8755.240002,100,12337.691076
-7362.589947,100,12337.993546
-7925.009956,100,12338.402042
-7336.889984,100,12338.78259
-8568.97998,100,12339.194078
-7337.879993,100,12340.783358
-9424.669968,100,12342.664353
-7026.899963,100,12343.155931
-9282.87999,100,12343.925027
-10720.07003,100,12345.332162
-10035.879944,100,12346.290227
-10100.649967,100,12346.630587
-8048.859985,100,12346.935223
-5213.769966,100,12361.874537
-5515.009987,100,12362.202732
-6335.119965,100,12362.546773
-5958.699959,100,12362.868806
-7893.479965,100,12363.186072
-6491.139969,100,12363.581307
-8264.480026,100,12363.939536
-7539.590042,100,12364.319026
-7178.980019,100,12364.634162
-10178.879967,100,12364.933954
-9166.43,100,12365.245814
-12361.430096,100,12365.541681
-8095.860001,100,12365.836744
-10915.410015,100,12366.134906
-7342.569973,100,12366.450146
-7903.089981,100,12366.913675
-9996.520012,100,12367.449644
-8957.870022,100,12367.835725
-6491.519955,100,12368.134465
-6382.349949,100,12368.485336
-6999.069984,100,12394.010057
-6646.279968,100,12394.756574
-8963.929947,100,12395.357083
-8501.96003,100,12395.906773
-8362.289993,100,12396.471301
-6282.529972,100,12397.028834
-8275.639988,100,12397.729667
-6305.529984,100,12398.525006
-9509.070004,100,12398.88679
-6141.69997,100,12399.340444
-10689.490005,100,12399.721442
-8362.29995,100,12400.027574
-6943.959969,100,12400.346342
-5945.919964,100,12400.681757
-6018.779999,100,12400.987458
-9931.690033,100,12401.328739
-12849.539997,100,12401.681577
-8562.979954,100,12402.029407
-6606.069942,100,12402.351065
-7751.319981,100,12402.972362
-9051.77998,100,12422.285064
-3906.129974,100,12422.892693
-8912.140011,100,12423.469099
-11160.199989,100,12424.044324
-6248.789978,100,12425.878477
-8630.91996,100,12426.795743
-8224.390045,100,12427.843348
-8285.710045,100,12428.185793
-6479.619965,100,12429.302535
-10473.500004,100,12429.892247
-5641.149979,100,12430.432767
-7827.91,100,12430.814883
-6750.909962,100,12431.373533
-8438.139969,100,12431.676784
-6932.57999,100,12432.054112
-8223.919987,100,12432.440626
-9416.730049,100,12433.664475
-5309.499981,100,12433.998588
-8478.609989,100,12435.162355
-9015.349964,100,12436.141676
-8547.30999,100,12436.816895
-7475.019978,100,12454.498689
-6288.129971,100,12455.075537
-6151.749981,100,12455.639432
-10279.300018,100,12455.946232
-7459.650002,100,12456.31121
-9297.609966,100,12456.66424
-7407.830002,100,12457.165876
-6101.689995,100,12457.747564
-8923.619957,100,12458.328568
-11422.039986,100,12459.356705
-5878.749989,100,12459.976852
-8401.009983,100,12460.553438
-7198.179955,100,12461.152858
-12071.230034,100,12461.751455
-8821.219971,100,12462.289185
-3404.239948,100,12462.879631
-8218.309982,100,12463.625827
-9011.14006,100,12463.973801
-8933.379982,100,12464.364568
-8460.209961,100,12464.811795
-9395.079948,100,12486.527156
-9599.709984,100,12486.821227
-10583.909988,100,12487.093419
-3886.449963,100,12487.3679
-9509.929951,100,12487.636343
-10020.03006,100,12487.947746
-7318.889954,100,12488.243078
-8448.629944,100,12488.783336
-6603.379971,100,12489.450423
-6564.279976,100,12490.024237
-6259.869972,100,12490.471805
-8565.869999,100,12490.80727
-5559.589973,100,12491.10797
-10188.939983,100,12491.411713
-10228.220024,100,12491.708324
-10873.259953,100,12492.007873
-6543.049969,100,12492.29519
-8470.42997,100,12492.636685
-10734.850063,100,12493.213292
-9304.870056,100,12493.662869
-9900.370049,100,12493.991194
-7862.959961,100,12508.40511
-7376.529949,100,12508.726489
-5104.769989,100,12509.844467
-7408.669998,100,12510.996799
-10208.389954,100,12512.780357
-8596.169945,100,12513.193909
-7039.399963,100,12513.9931
-7758.770008,100,12514.785817
-7427.779957,100,12516.190958
-6588.029961,100,12516.969489
-8992.959995,100,12518.531722
-10315.059998,100,12519.840919
-5724.249977,100,12520.408526
-6025.779991,100,12521.057675
-8486.489998,100,12521.726672
-13082.95002,100,12522.369921
-7069.36998,100,12523.626505
-9174.559956,100,12524.201662
-9404.869984,100,12524.819317
-13715.669998,100,12525.359569
-8895.84,100,12544.462296
-6870.889999,100,12544.861056
-12224.360016,100,12545.229296
-10173.279964,100,12545.629124
-9733.329971,100,12545.91096
-6583.279972,100,12546.21641
-5897.219982,100,12546.582175
-12957.240105,100,12546.982641
-8956.889935,100,12547.47847
-6738.969952,100,12547.873349
-8935.739937,100,12548.247821
-9858.459953,100,12548.905712
-7781.170036,100,12549.983072
-7518.859989,100,12550.553258
-13316.760067,100,12551.608737
-5555.559967,100,12552.131409
-9902.93,100,12553.534664
-13187.250011,100,12554.691337
-5859.899963,100,12556.089823
-10517.849941,100,12557.305417
-6859.619984,100,12558.548586
-6840.009991,100,12574.18988
-9853.730022,100,12610.556219
-8973.859978,100,12611.185109
-8090.530006,100,12612.091829
-4896.289951,100,12612.505865
-10000.779968,100,12613.866454
-9332.809971,100,12614.449588
-7882.709972,100,12615.935262
-8484.419964,100,12617.198133
-6508.849968,100,12618.384562
-6692.910004,100,12619.245238
-9591.329994,100,12620.195126
-10749.33004,100,12620.846467
-7231.999977,100,12621.579619
-8876.430023,100,12622.229037
-6929.079948,100,12622.633162
-9977.649979,100,12622.945248
-5278.269974,100,12623.326046
-8420.960018,100,12623.628571
-8482.899971,100,12623.920259
-11828.54995,100,12650.754683
-5536.289978,100,12651.534467
-6868.689972,100,12652.207167
-4853.489967,100,12653.551241
-9296.79002,100,12654.33631
-8062.539974,100,12655.21075
-5718.099968,100,12656.471818
-9343.27002,100,12657.201402
-7731.13995,100,12658.11593
-5020.079956,100,12659.173761
-6372.039997,100,12660.033281
-7180.900002,100,12660.487923
-7425.959999,100,12660.972754
-5784.779957,100,12661.366867
-6818.03997,100,12661.769122
-6541.039959,100,12662.11052
-7620.549992,100,12662.420205
-6330.669968,100,12662.850243
-7497.069977,100,12663.254296
-11784.42009,100,12663.583909
-7733.889992,100,12663.943401
-8305.760002,100,12691.140587
-8693.209961,100,12691.771152
-8592.62001,100,12693.155015
-11084.259956,100,12694.033204
-7710.999977,100,12695.105328
-8972.09,100,12695.852578
-6260.149971,100,12696.817508
-9211.519997,100,12697.103006
-8040.779949,100,12697.42182
-6673.939953,100,12697.686258
-7684.179955,100,12697.958597
-9233.710026,100,12698.259958
-6720.759979,100,12699.004975
-9729.419979,100,12699.630492
-11439.449993,100,12699.967013
-9050.310001,100,12700.328786
-6604.869961,100,12700.633247
-7797.139984,100,12700.921496
-7835.139984,100,12701.275351
-9277.58997,100,12701.651687
-7660.399952,100,12720.033235
-9195.799973,100,12720.407283
-9475.759972,100,12720.78305
-9270.680027,100,12721.170995
-6072.309978,100,12721.669792
-7379.109978,100,12724.016513
-6922.759953,100,12725.004487
-5801.109966,100,12725.428657
-9174.749981,100,12726.165602
-5445.249958,100,12727.226052
-11014.240063,100,12727.663285
-7741.93998,100,12727.974736
-9262.639992,100,12728.259336
-9582.659988,100,12728.575357
-7445.539974,100,12730.061088
-6631.259964,100,12730.641064
-11991.950085,100,12731.20956
-13366.539936,100,12731.79789
-7408.859943,100,12732.368778
-9030.82996,100,12732.992821
-7678.809967,100,12733.539072
-11173.609989,100,12749.283766
-7014.439945,100,12749.943031
-8039.499977,100,12750.507734
-6564.799969,100,12751.069793
-13111.54002,100,12751.633098
-8590.87001,100,12752.196791
-8678.339954,100,12752.747152
-8459.619991,100,12753.330754
-7559.859966,100,12754.204016
-9653.759964,100,12754.763721
-10004.22998,100,12755.326642
-6910.569958,100,12755.952833
-7772.889973,100,12756.547192
-8957.38998,100,12757.103806
-10076.909992,100,12757.658137
-14743.530025,100,12758.207397
-6116.749954,100,12758.776311
-11125.839989,100,12759.425576
-6208.279972,100,12759.998401
-8644.259983,100,12760.56694
-7598.139946,100,12781.517442
-6630.009968,100,12782.059412
-11129.370026,100,12782.454908
-8606.919964,100,12782.820038
-9120.419987,100,12783.470338
-8648.580002,100,12784.037668
-7782.949989,100,12784.366615
-9102.389969,100,12784.778839
-9704.610012,100,12785.321896
-9056.309948,100,12785.918184
-8510.409988,100,12786.484627
-8709.910038,100,12787.054715
-10824.080032,100,12787.620632
-6082.019966,100,12788.200708
-10671.749989,100,12788.796176
-7737.709961,100,12789.480438
-7223.77,100,12790.262567
-10937.560005,100,12791.441211
-7523.849991,100,12791.982776
-5750.969982,100,12792.340078
-10973.980038,100,12792.685153
-7252.249966,100,12811.378591
-4832.779972,100,12812.062252
-8664.190014,100,12813.371764
-6787.490025,100,12813.734629
-5608.839981,100,12814.328453
-7225.859974,100,12814.893732
-7234.299969,100,12815.45191
-10903.999962,100,12816.043613
-9052.29002,100,12816.647658
-10132.590027,100,12818.300803
-9287.490013,100,12819.888059
-7208.299953,100,12820.483258
-9220.180042,100,12821.088294
-6299.979954,100,12821.863489
-11279.330048,100,12822.475113
-10420.069965,100,12823.05355
-5601.739967,100,12823.675889
-8802.459972,100,12824.260649
-10319.20998,100,12824.837498
-8994.900013,100,12825.576706
-8285.719994,100,12840.046852
-4546.879974,100,12840.633918
-6637.019981,100,12841.19902
-7479.999992,100,12841.790765
-4408.50996,100,12842.412081
-8597.789928,100,12843.012541
-9887.069962,100,12843.604848
-11709.920029,100,12844.202476
-6827.209965,100,12844.777852
-8486.41996,100,12845.330945
-7266.139957,100,12845.867898
-6987.449978,100,12846.355602
-7714.959976,100,12846.789024
-7551.780029,100,12847.227962
-7683.569965,100,12847.549573
-7411.149986,100,12848.033792
-6152.579983,100,12848.934114
-6751.349937,100,12850.185524
-10984.079967,100,12852.119216
-9314.879982,100,12853.203072
-6503.339977,100,12853.853301
-9455.620033,100,12869.909292
-7847.829964,100,12870.51468
-7956.00996,100,12871.82468
-6313.079945,100,12872.576515
-4704.349968,100,12873.781703
-9435.859985,100,12875.23995
-7775.489983,100,12876.030627
-8282.649998,100,12876.682854
-9341.84,100,12877.681298
-7305.759953,100,12878.778665
-6199.409977,100,12879.563312
-11870.84,100,12880.15798
-10126.840015,100,12880.761225
-3744.459965,100,12881.3333
-7099.049957,100,12881.898778
-5217.049969,100,12882.465439
-7885.909977,100,12883.241715
-7685.979973,100,12883.831723
-9490.139957,100,12884.421881
-11815.399952,100,12884.996204
-10505.580029,100,12907.381848
-5641.209976,100,12907.701621
-12922.560066,100,12908.020068
-10501.419971,100,12908.370333
-6985.429966,100,12909.018691
-6185.259972,100,12909.363959
-8135.269981,100,12909.867543
-7108.379955,100,12910.161975
-9943.969955,100,12910.46359
-6764.479969,100,12910.786392
-12449.450069,100,12911.078814
-6605.139977,100,12912.014968
-9943.330017,100,12912.332058
-4563.709972,100,12912.800951
-10183.740021,100,12914.250129
-12790.280064,100,12915.201704
-10604.990025,100,12916.347847
-7048.869984,100,12950.797813
-8043.730003,100,12951.149837
-6885.329971,100,12951.570945
-7697.639988,100,12951.881171
-10313.839989,100,12967.261561
-7478.669971,100,12967.841774
-6807.59993,100,12968.448932
-4771.799965,100,12969.102699
-8162.610039,100,12969.864449
-6481.049984,100,12970.433094
-7501.839996,100,12971.002281
-6455.989975,100,12971.602932
-10877.739964,100,12972.188745
-8261.050026,100,12972.760573
-9316.069946,100,12973.440104
-4546.979961,100,12974.539919
-9143.499962,100,12975.087428
-8113.059967,100,12975.422712
-5898.589939,100,12975.724677
-10985.500088,100,12976.060764
-7473.489971,100,12976.43458
-10365.640003,100,12976.72091
-8795.189991,100,12977.708812
-7063.559971,100,12978.48711
-6410.089966,100,12999.230629
-5953.619972,100,12999.726466
-8796.409969,100,13000.352196
-7916.890026,100,13000.944879
-8272.470005,100,13001.521023
-7981.279934,100,13002.12427
-9627.090031,100,13002.748849
-12412.460026,100,13003.32372
-7023.139946,100,13003.95503
-6995.619965,100,13004.545004
-10958.759972,100,13005.255361
-5526.879978,100,13005.792973
-13142.350025,100,13006.375595
-7232.820045,100,13007.534864
-7294.189964,100,13008.101447
-6767.379959,100,13009.662985
-5816.469971,100,13010.779621
-5912.639969,100,13011.435586
-5886.369965,100,13012.751606
-9998.149963,100,13013.602148
-7050.059948,100,13014.904336
-9555.849945,100,13036.555666
-6542.029961,100,13037.431511
-9524.419956,100,13037.713295
-9132.449909,100,13037.980438
-6454.939972,100,13039.493799
-6015.909981,100,13039.889194
-10218.779984,100,13040.231076
-11815.369968,100,13040.524647
-8641.969959,100,13041.444132
-5681.969959,100,13042.011458
-9326.139954,100,13042.406101
-6504.739971,100,13042.725588
-7614.089985,100,13043.029173
-7023.059967,100,13043.346987
-6451.379974,100,13043.665922
-6325.479939,100,13044.020163
-7829.259995,100,13044.34467
-10852.360031,100,13044.89999
-6764.839966,100,13045.470992
-10430.540062,100,13046.03561
-9312.020061,100,13064.151404
-7840.519955,100,13064.756743
-9699.010014,100,13065.627608
-6052.139927,100,13066.945652
-6460.409954,100,13068.666476
-7737.910023,100,13069.750677
-8587.569904,100,13070.981092
-6498.939964,100,13071.750007
-8169.739983,100,13072.075507
-10971.050022,100,13072.570991
-10071.249969,100,13073.093277
-7260.939983,100,13073.809295
-7577.32999,100,13074.490204
-8366.750015,100,13075.49556
-7718.119991,100,13076.135633
-8022.679993,100,13076.859404
-7956.499966,100,13077.455741
-8867.079971,100,13078.044246
-5729.139988,100,13078.672893
-5737.789982,100,13079.373847
-6892.039967,100,13079.869094
-7657.239983,100,13100.631142
-6469.859959,100,13101.262526
-10028.639996,100,13102.11443
-8212.059971,100,13102.771489
-8577.500046,100,13103.377005
-7054.229977,100,13103.741867
-5563.659966,100,13104.072231
-8411.580017,100,13104.399455
-7231.839958,100,13105.012826
-7727.360004,100,13106.306636
-5354.609959,100,13107.986301
-8755.129997,100,13109.175669
-7007.699966,100,13110.772979
-5890.519974,100,13111.102679
-6351.300053,100,13112.203232
-8408.149971,100,13113.857075
-8306.240013,100,13114.505823
-8332.419975,100,13115.096899
-7053.839958,100,13115.65416
-8763.929962,100,13116.226091
-6693.229973,100,13133.283658
-8218.589958,100,13133.626579
-5899.709965,100,13133.942963
-6621.979946,100,13134.566791
-9537.539959,100,13135.135343
-7072.689964,100,13135.855913
-5293.309959,100,13136.468477
-6682.299969,100,13137.09971
-7373.169964,100,13137.787315
-6445.289986,100,13138.141617
-9076.039986,100,13138.542234
-7109.719971,100,13139.725746
-7654.050026,100,13140.473575
-7926.030022,100,13142.160337
-7223.60997,100,13143.156779
-5515.189968,100,13143.853292
-6065.359959,100,13144.485952
-6276.349976,100,13145.546524
-7139.709942,100,13146.155689
-6987.039982,100,13147.660602
-9461.520039,100,13148.022582
-11617.900013,100,13174.41326
-11805.420013,100,13174.989848
-10730.090034,100,13175.603346
-9568.529972,100,13176.198779
-3995.289959,100,13176.888313
-9016.649963,100,13177.447609
-10831.750034,100,13178.060572
-9156.680027,100,13178.759171
-6627.969959,100,13179.63066
-6417.359974,100,13180.216991
-9325.019943,100,13180.820437
-6592.03997,100,13181.434674
-6465.899975,100,13182.727957
-5352.879967,100,13183.099514
-7586.769966,100,13183.804715
-8392.599934,100,13184.083699
-8821.449963,100,13184.38811
-6360.959972,100,13184.794675
-6264.419968,100,13185.141287
-10046.210007,100,13185.65812
-6648.729965,100,13207.237746
-11275.63998,100,13207.835082
-10390.049992,100,13208.395622
-7583.00993,100,13208.983199
-11390.869991,100,13209.662325
-6959.179962,100,13210.234135
-9424.600014,100,13210.964584
-9532.780006,100,13211.537114
-10491.190063,100,13212.135504
-8722.839993,100,13212.972901
-9214.500042,100,13213.537502
-7009.969963,100,13214.116215
-8395.079975,100,13214.734449
-7136.819969,100,13215.526291
-5520.649956,100,13216.154074
-7831.149963,100,13216.782869
-7764.989979,100,13217.358783
-8706.119984,100,13217.883331
-9098.840023,100,13218.453017
-6424.989956,100,13219.056915
-7569.339966,100,13219.697555
-5697.499985,100,13237.081855
-9767.310051,100,13238.935944
-7982.119999,100,13239.961252
-6591.499996,100,13240.984801
-7603.539993,100,13241.656085
-8677.149956,100,13242.615481
-9618.910015,100,13243.016661
-6116.559959,100,13243.873846
-9125.529968,100,13244.548031
-8054.799992,100,13245.19055
-8004.519978,100,13245.818506
-5793.609985,100,13246.381521
-11315.059986,100,13246.948422
-6751.779938,100,13247.587734
-10021.679958,100,13248.233094
-6353.819984,100,13249.058004
-8994.819984,100,13249.905851
-6633.429974,100,13251.036685
-4861.269978,100,13251.629323
-10774.799969,100,13252.230439
-9486.099979,100,13269.668963
-7211.719971,100,13270.379863
-6396.049965,100,13271.417679
-9371.349972,100,13272.091861
-8558.009979,100,13272.668175
-5926.109962,100,13273.246121
-7265.32,100,13274.448349
-5994.419956,100,13275.00447
-8881.129986,100,13275.679978
-9390.650002,100,13276.220417
-4973.229958,100,13276.808542
-8135.719959,100,13278.338895
-8710.07996,100,13306.989635
-10153.549973,100,13307.322167
-9469.929966,100,13307.686821
-10327.93998,100,13308.094876
-9021.809963,100,13308.457284
-6407.03997,100,13309.766151
-10350.909988,100,13310.504282
-12328.85997,100,13311.411478
-5243.279949,100,13334.942944
-7280.409992,100,13335.704016
-8713.209976,100,13336.296272
-10504.259987,100,13336.885667
-6678.979954,100,13337.498175
-7586.829967,100,13338.108206
-7530.459984,100,13338.694887
-7065.219971,100,13339.342746
-9369.209972,100,13339.767468
-10343.61998,100,13340.096244
-7790.309998,100,13340.423291
-6167.019962,100,13341.14571
-7622.789993,100,13341.700143
-7280.470047,100,13341.986045
-5818.079964,100,13342.280775
-10191.219994,100,13343.37086
-9189.940025,100,13343.671148
-12092.770035,100,13343.961764
-10395.720081,100,13345.481284
-5160.209957,100,13345.815267
-6081.219982,100,13346.126719
-6139.689983,100,13371.421878
-4875.729946,100,13371.801008
-8788.239964,100,13372.143523
-8943.299934,100,13372.469077
-6566.749969,100,13372.842666
-10635.160004,100,13373.239886
-7383.519974,100,13373.832227
-10059.420048,100,13374.459494
-9060.349983,100,13375.183153
-6804.999973,100,13375.851456
-7789.199982,100,13376.41697
-8986.360023,100,13376.996215
-6018.229958,100,13378.341661
-6997.529987,100,13379.230587
-11554.19001,100,13379.948705
-5271.719986,100,13380.654843
-8604.209961,100,13381.254306
-8277.039944,100,13381.864208
-13578.129993,100,13382.664519
-5913.669975,100,13383.982715
-7338.189987,100,13402.827684
-6336.369957,100,13403.404793
-7099.449978,100,13403.982111
-8987.459976,100,13404.567113
-6725.410027,100,13405.137743
-6983.609962,100,13405.777223
-11176.750095,100,13407.881639
-10729.099979,100,13409.137716
-6842.729954,100,13410.438479
-8543.229954,100,13411.443626
-4127.92997,100,13412.249456
-10061.209923,100,13412.919278
-4802.269951,100,13413.477691
-8346.640007,100,13414.052741
-11226.409988,100,13414.635179
-7938.209957,100,13415.213719
-6129.869953,100,13416.150321
-7877.379982,100,13417.2021
-6484.959965,100,13417.951834
-9258.509949,100,13418.572706
-9339.43,100,13419.228485
-7737.199978,100,13438.763069
-9934.259983,100,13439.38119
-7694.889965,100,13440.019868
-8053.299988,100,13440.587634
-8072.299946,100,13441.152064
-11269.720123,100,13441.741313
-7540.619991,100,13442.332575
-5389.929951,100,13442.624169
-6480.549946,100,13442.973913
-10247.799976,100,13443.283674
-11465.000042,100,13443.960479
-9590.37001,100,13444.529047
-9016.59996,100,13445.103586
-9833.260033,100,13445.67442
-7436.05999,100,13446.25319
-8437.349941,100,13446.822693
-8632.710026,100,13447.312655
-6793.309929,100,13447.904526
-8604.359974,100,13449.927328
-10134.460022,100,13451.512398
-7206.659973,100,13470.415345
-12253.060047,100,13470.964689
-8905.489979,100,13471.662615
-5279.189991,100,13472.299959
-7163.389973,100,13473.03258
-8382.199955,100,13473.616263
-10376.849979,100,13474.205115
-6755.059944,100,13475.092059
-10495.600056,100,13475.688852
-3179.689964,100,13476.381361
-12548.619968,100,13477.068305
-7903.279984,100,13477.669269
-11257.639961,100,13478.251656
-9801.869961,100,13478.844446
-10293.609932,100,13479.568951
-8729.959965,100,13480.214067
-6532.85994,100,13480.831074
-10363.879971,100,13481.406086
-4984.609955,100,13482.015194
-10764.360012,100,13483.749955
-10224.370064,100,13485.194112
-9015.66,100,13507.349982
-8121.81995,100,13507.709301
-7899.089981,100,13507.986601
-11911.950012,100,13508.289144
-9248.760029,100,13508.590786
-6244.379971,100,13509.627549
-8282.33997,100,13509.995323
-8470.359951,100,13510.357592
-9787.580048,100,13510.89443
-8209.799931,100,13511.202275
-8510.229954,100,13511.517641
-11417.490089,100,13511.826079
-8288.429977,100,13512.123651
-5018.929939,100,13512.447684
-9877.880009,100,13512.755587
-6460.019989,100,13513.111316
-6238.770042,100,13513.498776
-7379.969944,100,13514.232314
-6982.929981,100,13515.001837
-10174.360008,100,13515.399109
-9445.640011,100,13533.863177
-6028.039989,100,13535.276267
-5683.819969,100,13536.109262
-4171.629963,100,13536.700916
-6771.319965,100,13537.176743
-8587.179958,100,13537.979178
-6241.659969,100,13538.574489
-7099.739971,100,13539.167434
-6629.409977,100,13539.986852
-10425.04998,100,13540.552019
-7660.819942,100,13540.955889
-9795.869946,100,13541.575748
-9026.710022,100,13542.1735
-5889.669964,100,13542.74847
-12367.83004,100,13543.590615
-5539.239956,100,13544.423142
-6317.849979,100,13544.786616
-7653.699955,100,13545.161451
-6094.629955,100,13545.510985
-5158.320004,100,13545.797083
-11132.289989,100,13546.130778
-6690.999992,100,13561.750716
-7199.679955,100,13562.349121
-9142.040024,100,13563.16959
-6737.059948,100,13563.972183
-10476.980011,100,13564.558736
-6421.66996,100,13565.167217
-8434.229988,100,13565.735475
-6834.489948,100,13566.534808
-11743.790039,100,13567.077932
-9832.050007,100,13568.065551
-8671.710033,100,13568.714897
-8478.730026,100,13569.356112
-8625.869972,100,13569.953622
-7012.819969,100,13570.530848
-6874.999939,100,13571.138088
-7130.909988,100,13571.70966
-8721.199947,100,13572.275606
-8184.819984,100,13572.87595
-8634.639984,100,13573.456699
-7928.880005,100,13574.018644
-4578.449974,100,13595.423092
-12003.70998,100,13595.859009
-7349.899982,100,13596.193038
-11738.670021,100,13596.573009
-9189.429958,100,13596.941782
-8129.459965,100,13597.324571
-8161.589981,100,13597.86781
-12059.129982,100,13598.226584
-8798.069962,100,13598.567749
-6472.619987,100,13599.143881
-7374.569965,100,13599.481333
-9856.190041,100,13599.887575
-8277.829945,100,13600.207819
-10283.779984,100,13600.504678
-7769.249962,100,13600.785966
-5993.219986,100,13601.301358
-7164.930038,100,13601.632546
-10416.749958,100,13602.03604
-8440.410011,100,13602.345494
-9799.039967,100,13602.652217
-9076.169994,100,13603.749245
-6401.499966,100,13622.511153
-6351.329941,100,13623.032994
-10800.330067,100,13623.396868
-9205.730019,100,13623.751325
-5625.95998,100,13624.373229
-6270.329964,100,13625.093966
-6375.849953,100,13625.985134
-4544.169937,100,13657.48643
-8510.51997,100,13659.230016
-9691.059975,100,13660.961357
-6352.179993,100,13662.533806
-7652.409977,100,13664.017281
-5109.739975,100,13665.680791
-7888.619972,100,13666.96412
-10009.709995,100,13667.587775
-8973.680046,100,13668.445234
-7018.589985,100,13669.163007
-10832.530025,100,13669.856026
-10732.669983,100,13670.658679
-8567.019978,100,13671.547192
-5150.129982,100,13688.33253
-7492.749969,100,13688.966954
-12649.650047,100,13689.411297
-6284.979973,100,13689.8145
-10080.139988,100,13690.09845
-5107.689964,100,13690.370589
-6798.449947,100,13690.697199
-7384.229965,100,13690.990778
-6117.319977,100,13691.529158
-9008.099976,100,13692.116803
-9042.199944,100,13692.672907
-5878.159973,100,13693.246953
-7927.140011,100,13694.102515
-9663.220013,100,13694.905442
-7080.089951,100,13695.589736
-7660.859974,100,13696.146708
-8810.849991,100,13696.642604
-8767.61998,100,13696.997675
-7449.199955,100,13698.620706
-11136.08004,100,13699.640828
-7789.029964,100,13700.286297
-5021.42997,100,13721.431985
-8837.769947,100,13721.830944
-7997.139969,100,13722.14904
-5485.929981,100,13722.462252
-6969.479988,100,13722.777069
-3920.449959,100,13723.787977
-7129.93996,100,13724.092608
-6789.769962,100,13724.440235
-6680.609974,100,13724.747311
-3862.119949,100,13725.129198
-6338.769966,100,13725.47083
-5657.229958,100,13725.808771
-7631.549965,100,13726.13848
-7315.939991,100,13726.523656
-13112.839996,100,13726.838274
-13365.98,100,13727.167688
-11321.739967,100,13727.494876
-12987.199955,100,13727.803177
-6563.409966,100,13728.123245
-9325.319996,100,13728.449074
-9327.590034,100,13748.178814
-9368.430065,100,13749.327305
-7385.5,100,13750.65056
-6630.359974,100,13751.15599
-8253.960003,100,13751.483823
-9575.91,100,13751.799821
-11091.140057,100,13752.107709
-9466.389996,100,13752.409431
-10350.560062,100,13752.7514
-6363.450001,100,13753.107973
-6728.279976,100,13753.465736
-8435.299946,100,13753.798114
-9810.509968,100,13754.123534
-6745.379959,100,13754.590256
-6538.26997,100,13755.276731
-5398.249954,100,13756.000881
-8438.889999,100,13756.801304
-7644.830013,100,13757.399123
-5431.019936,100,13757.974713
-7459.009983,100,13758.571546
-4892.479969,100,13759.232793
-9444.789963,100,13777.538143
-8751.259987,100,13778.114435
-8395.989964,100,13779.631154
-5669.689972,100,13780.335332
-10896.300011,100,13780.91052
-6991.819939,100,13781.503529
-6989.69997,100,13782.121445
-10011.509991,100,13782.722643
-8136.429977,100,13783.203565
-5902.559971,100,13783.530702
-7889.859985,100,13783.851531
-4980.279972,100,13784.154605
-4429.149963,100,13784.546821
-5511.719971,100,13784.862715
-7190.849945,100,13785.227579
-7879.679962,100,13785.568341
-11923.620075,100,13785.848856
-8745.710011,100,13786.13178
-4612.189976,100,13786.507482
-13685.520023,100,13787.78771
-5782.45002,100,13806.037017
-9527.909962,100,13806.620245
-5393.23999,100,13807.191646
-10559.079956,100,13807.753192
-6285.439972,100,13808.147321
-10885.090027,100,13808.993147
-8935.929996,100,13809.396953
-8386.439968,100,13809.728742
-11528.530083,100,13810.080159
-7582.959988,100,13810.435425
-11153.279984,100,13810.714738
-8902.509979,100,13810.992639
-8239.589985,100,13811.402891
-6505.109959,100,13812.765546
-14764.440022,100,13813.702265
-8766.319984,100,13815.29663
-8166.18996,100,13815.913336
-11889.060017,100,13816.501096
-6699.069958,100,13817.073617
-5840.969963,100,13817.641819
-6782.819984,100,13818.199907
-6040.449959,100,13843.117309
-6768.759979,100,13843.687624
-6584.399967,100,13844.241597
-9262.580017,100,13844.615037
-6694.489998,100,13844.980052
-7892.649944,100,13845.387612
-8152.389984,100,13845.715203
-11334.329983,100,13846.006652
-6782.559963,100,13846.356033
-9613.029964,100,13846.731149
-10706.819984,100,13847.050358
-9475.479973,100,13847.392177
-9815.569965,100,13847.742659
-4486.759975,100,13848.078822
-6214.839958,100,13848.638009
-10270.290035,100,13849.309657
-13875.110035,100,13849.671178
-5982.109974,100,13850.069564
-7830.879967,100,13850.945794
-8214.110016,100,13851.243353
-12367.220005,100,13866.786046
-9410.099968,100,13867.371523
-11641.950043,100,13868.422316
-10455.510044,100,13869.299873
-12060.650028,100,13870.335248
-8155.459961,100,13870.885167
-10637.959988,100,13871.429666
-9147.920017,100,13871.731549
-9859.189983,100,13872.054911
-8508.020031,100,13872.400532
-12548.81004,100,13873.124902
-8668.629951,100,13875.235951
-8339.139965,100,13876.252852
-8597.639965,100,13878.083669
-12165.070023,100,13878.97462
-5126.459965,100,13879.568522
-9221.669987,100,13880.233925
-7791.819973,100,13880.83452
-5533.069954,100,13881.47727
-7035.919979,100,13882.06943
-8170.659981,100,13882.776514
-7145.210033,100,13900.442631
-8988.329952,100,13900.726205
-6291.360027,100,13901.019391
-10882.040005,100,13901.795002
-8489.419968,100,13902.384476
-8228.849987,100,13902.935556
-9395.500057,100,13903.689717
-8709.499985,100,13904.046389
-8353.599945,100,13904.356498
-7240.059963,100,13905.393501
-6283.369965,100,13905.688275
-6210.559959,100,13906.174186
-7964.94997,100,13907.290163
-8758.189983,100,13908.500557
-7961.860043,100,13909.102485
-9062.010033,100,13909.694713
-8371.169945,100,13910.259432
-8510.440006,100,13910.832132
-8569.52998,100,13911.454727
-7859.069969,100,13912.158639
-9894.629997,100,13932.311098
-10060.689972,100,13932.865479
-8666.349964,100,13933.406983
-9906.789978,100,13933.995614
-9579.029987,100,13934.616751
-9519.33997,100,13934.924956
-8672.249943,100,13935.223657
-10425.770069,100,13935.851421
-11472.920025,100,13936.442901
-8567.110001,100,13937.027602
-8709.759953,100,13938.213878
-7836.979984,100,13938.893232
-11671.119976,100,13939.686261
-7747.32996,100,13940.271333
-7695.349964,100,13940.841782
-10940.029949,100,13941.393642
-8342.109959,100,13942.243127
-12211.27,100,13942.932072
-9776.800037,100,13943.550601
-8845.95998,100,13944.147933
-8819.049938,100,13944.922287
-9080.83997,100,13957.854839
-9169.019955,100,13958.315251
-4833.409958,100,13986.774008
-9494.14996,100,13987.107232
-7270.529957,100,13987.409356
-8434.449955,100,13987.7916
-4834.689957,100,13988.322472
-8057.090004,100,13989.137662
-7259.469963,100,13989.806928
-6103.529976,100,13990.38242
-8128.019974,100,13990.954071
-11486.280052,100,13991.619768
-7900.359993,100,13992.174324
-5867.809986,100,13992.777788
-8338.049976,100,13993.399118
-6584.949986,100,13993.972332
-10392.039963,100,13994.569701
-6819.61998,100,13995.130001
-6626.789982,100,13995.733097
-9833.990005,100,13996.292959
-7236.010033,100,14017.833343
-10826.429981,100,14019.490311
-7620.749977,100,14020.877138
-6322.729973,100,14021.811336
-5569.119968,100,14022.915732
-9459.699947,100,14023.488564
-8006.080009,100,14024.031656
-6757.789978,100,14024.812352
-9726.15995,100,14025.369899
-6872.509964,100,14025.919581
-9740.889999,100,14026.310878
-8193.800022,100,14026.651421
-9543.499981,100,14026.957807
-10817.149986,100,14027.743249
-6502.589966,100,14028.024869
-8580.889965,100,14028.615906
-5166.369968,100,14029.152277
-11733.580036,100,14029.632453
-6580.089981,100,14029.931715
-6304.369995,100,14030.244023
-5633.849968,100,14030.887829
-9101.87994,100,14052.328584
-5967.399956,100,14052.653841
-9644.709972,100,14053.65873
-7010.009968,100,14054.50328
-10235.129951,100,14055.042232
-7841.580009,100,14055.572247
-9476.289951,100,14055.911356
-6864.139973,100,14056.327859
-7868.679989,100,14056.782704
-8680.779987,100,14057.165076
-7393.719952,100,14057.741155
-8390.859951,100,14058.994153
-7322.889957,100,14059.687172
-6935.979973,100,14060.314613
-6165.829975,100,14060.88948
-9399.059994,100,14061.499419
-6741.369984,100,14061.773457
-9214.170021,100,14062.073769
-6047.61993,100,14062.435311
-8782.699978,100,14062.765536
-6655.029968,100,14080.197227
-7753.439957,100,14080.833658
-7611.689968,100,14081.533719
-5922.860004,100,14081.846301
-8270.949966,100,14082.150129
-6267.17997,100,14083.085045
-6391.179985,100,14083.375069
-11120.609989,100,14083.673507
-7664.720001,100,14084.030904
-12332.950062,100,14084.61318
-5989.119942,100,14085.194033
-6210.520004,100,14085.75958
-4916.749962,100,14086.319244
-7825.720005,100,14086.866868
-8285.339981,100,14088.067651
-6037.859943,100,14088.744662
-6398.879978,100,14090.613571
-8368.529976,100,14092.592126
-5999.839951,100,14092.952448
-5597.989975,100,14093.313089
-8078.139977,100,14094.132963
-7850.129967,100,14108.328504
-5124.91996,100,14109.041513
-8466.309948,100,14109.720142
-7267.759975,100,14110.391111
-4676.449974,100,14110.806108
-11094.460041,100,14111.14364
-7991.059967,100,14111.540538
-6301.919956,100,14111.86084
-8753.780006,100,14112.205738
-8674.469975,100,14112.613078
-4922.289963,100,14113.041432
-7236.770023,100,14114.113824
-8938.389992,100,14114.581989
-7651.199966,100,14114.888972
-6796.89996,100,14115.218279
-8280.269943,100,14115.923664
-9364.069996,100,14116.609761
-9849.360027,100,14117.189446
-4761.899979,100,14117.819119
-9536.26997,100,14119.696501
-8533.809963,100,14141.192004
-6221.439953,100,14141.598991
-9448.849972,100,14141.927103
-5471.85997,100,14142.249616
-9030.37999,100,14142.594621
-6135.669945,100,14143.024153
-6225.369987,100,14143.515566
-5289.879974,100,14143.876754
-8073.859993,100,14144.25036
-6674.909973,100,14144.672554
-7351.449974,100,14145.634846
-5788.73996,100,14146.216005
-6892.380009,100,14147.824946
-8390.229961,100,14148.456492
-6946.549988,100,14149.600677
-7595.879967,100,14150.295391
-12553.819946,100,14150.582163
-5013.379974,100,14150.868186
-8091.739994,100,14151.154059
-8426.549965,100,14151.451266
-8720.449974,100,14165.773308
-8765.92997,100,14166.161285
-7280.289974,100,14166.483185
-8785.099991,100,14166.787899
-5106.069969,100,14167.166085
-7680.559975,100,14167.505764
-6784.769978,100,14167.847083
-10581.069984,100,14168.215993
-6320.589973,100,14168.949559
-7113.029999,100,14169.594722
-8658.849949,100,14169.970157
-7753.659981,100,14170.607754
-8154.099987,100,14171.21444
-5744.139942,100,14172.222336
-10231.619987,100,14172.527069
-6921.969975,100,14173.244289
-5774.209965,100,14173.544123
-8324.919987,100,14173.891511
-7192.909985,100,14174.183633
-9856.360039,100,14175.394778
-5802.509975,100,14176.093338
-5905.799961,100,14194.235128
-6812.359989,100,14194.586998
-5956.889965,100,14195.128603
-6897.699989,100,14195.693753
-5147.129951,100,14196.248272
-6099.609966,100,14196.790664
-7070.159981,100,14197.262918
-9565.450008,100,14197.566963
-7634.229958,100,14197.842298
-5785.659962,100,14198.127661
-8885.419952,100,14199.221166
-8772.409939,100,14199.776479
-4896.169971,100,14200.353509
-4179.869957,100,14201.099544
-5963.859978,100,14201.833297
-8363.299984,100,14202.467769
-5062.379971,100,14203.211443
-6037.769966,100,14203.603156
-11548.899967,100,14203.986093
-8537.819969,100,14204.407827
-6299.939995,100,14217.670505
-9080.799969,100,14218.024527
-8341.789944,100,14219.803874
-6085.179962,100,14221.23304
-9319.410019,100,14222.113738
-4853.839966,100,14222.738143
-8563.599983,100,14223.478589
-4737.479977,100,14224.203717
-6774.35997,100,14224.998894
-5668.199947,100,14225.516983
-10513.929993,100,14225.86512
-6942.959988,100,14226.172666
-9140.689953,100,14226.664949
-9917.23,100,14226.983473
-7307.58997,100,14227.315498
-7218.049984,100,14227.647807
-6078.339966,100,14227.965201
-6650.309978,100,14228.287088
-7809.679985,100,14228.691307
-6617.289967,100,14229.127758
-7885.029953,100,14229.738188
-10056.369972,100,14245.328794
-4833.939968,100,14245.956616
-8199.600052,100,14246.546712
-10284.200024,100,14247.176642
-6791.999981,100,14247.83764
-10802.360043,100,14248.152983
-8359.849976,100,14248.446283
-7038.709965,100,14249.146797
-8776.349968,100,14249.785173
-7267.809982,100,14250.363247
-5326.119968,100,14250.937713
-7258.759972,100,14251.600717
-6139.179966,100,14252.18664
-5888.499985,100,14253.127679
-8031.319954,100,14253.7116
-6110.589962,100,14254.919584
-5720.099964,100,14255.670176
-4482.239964,100,14256.276738
-5884.279953,100,14285.775434
-6547.599964,100,14286.372536
-5303.359955,100,14311.175517
-5352.229954,100,14312.244299
-6040.549953,100,14312.821658
-6236.019951,100,14313.368193
-7287.799961,100,14313.660671
-7188.859978,100,14313.997685
-9140.199978,100,14314.52706
-6723.669956,100,14314.910603
-7165.059956,100,14315.612942
-7629.339951,100,14316.196403
-6690.169994,100,14316.797942
-5502.849968,100,14317.393048
-10782.760052,100,14317.950216
-9613.189953,100,14319.01915
-7764.330044,100,14320.026502
-8361.229961,100,14320.590423
-8015.169979,100,14321.152447
-7150.180012,100,14321.477327
-5912.429981,100,14321.973013
-6377.50996,100,14322.624955
-6358.459957,100,14323.165089
-6319.129982,100,14339.809515
-7018.459949,100,14340.148274
-7556.06002,100,14340.525575
-6749.479958,100,14341.048144
-8622.699989,100,14341.512971
-5943.269966,100,14341.814961
-9496.749966,100,14342.072996
-8828.919964,100,14342.455765
-6002.499962,100,14343.375851
-15217.750015,100,14343.973346
-11137.849957,100,14345.532438
-9040.940022,100,14347.772001
-6779.039986,100,14349.971745
-9693.220032,100,14350.70725
-8578.789989,100,14351.40607
-7322.849968,100,14352.063259
-8926.799953,100,14353.178533
-7163.539974,100,14353.483449
-6405.109959,100,14353.795392
-7162.569973,100,14354.066999
-6835.509953,100,14375.457561
-7266.399982,100,14376.716334
-10518.690002,100,14377.325329
-8282.449924,100,14377.928267
-9965.020039,100,14378.513188
-7128.539997,100,14379.188066
-6413.069988,100,14379.872283
-8172.229961,100,14380.426902
-5879.699986,100,14380.998526
-9919.89999,100,14381.56098
-6365.579967,100,14382.095048
-6313.899982,100,14382.64534
-5811.229954,100,14383.299961
-6454.729977,100,14383.881834
-14294.480072,100,14384.50255
-6778.509964,100,14385.131649
-8114.159996,100,14386.115906
-6447.779949,100,14386.715618
-6872.619991,100,14387.687966
-11764.530014,100,14390.239718
-10114.329983,100,14392.263865
-7283.769966,100,14413.948085
-7946.44997,100,14414.548788
-4803.409966,100,14415.109212
-6110.359982,100,14415.711135
-6422.669956,100,14416.284499
-6902.349957,100,14416.858753
-9307.090015,100,14417.485628
-6239.129955,100,14418.059642
-5988.249977,100,14419.045577
-6464.479942,100,14419.575516
-7586.029999,100,14420.138847
-13106.930103,100,14421.497226
-6357.099987,100,14422.222957
-7359.149986,100,14422.731921
-8214.289974,100,14423.340132
-10754.430054,100,14423.939249
-7004.119919,100,14424.495243
-7427.479984,100,14425.083448
-8604.130005,100,14425.680128
-8373.119961,100,14426.24543
-8863.019985,100,14448.159273
-11983.630039,100,14448.743485
-6939.449982,100,14449.309524
-6883.699963,100,14449.715137
-5733.22995,100,14450.040222
-6838.529984,100,14450.387638
-9962.400017,100,14450.697613
-7362.469971,100,14451.037822
-8499.279949,100,14451.390074
-7490.089996,100,14451.804242
-9559.409958,100,14452.951468
-6452.759968,100,14453.299944
-5790.379936,100,14453.614758
-4489.319962,100,14454.569741
-9395.169979,100,14454.90898
-10379.39003,100,14455.276301
-5690.509995,100,14456.249129
-8814.099968,100,14456.53372
-6252.759972,100,14456.851052
-5676.19997,100,14458.299003
-8947.399971,100,14458.700728
-6977.109974,100,14476.6626
-7715.169971,100,14477.736722
-8968.350021,100,14478.350834
-10093.989979,100,14480.001226
-9646.110012,100,14480.910163
-5597.049965,100,14481.546834
-9903.949993,100,14482.13031
-10318.690037,100,14482.705043
-6541.569981,100,14483.292523
-9016.57996,100,14483.969224
-9339.190014,100,14484.813068
-7287.599953,100,14485.423515
-6656.199966,100,14485.989357
-8909.74004,100,14486.643658
-5984.429966,100,14487.483206
-5635.219982,100,14488.228419
-10225.63995,100,14488.847713
-8513.630054,100,14489.506472
-5324.259956,100,14490.188756
-7294.149982,100,14490.741202
-6189.299969,100,14510.165245
-9555.52,100,14510.715068
-4900.07996,100,14511.037173
-9912.210011,100,14511.738431
-9787.990025,100,14512.350415
-5558.119961,100,14512.957612
-4776.35997,100,14513.562266
-8651.119957,100,14514.119622
-8196.389946,100,14514.7319
-8330.729977,100,14515.907067
-6442.10997,100,14517.11205
-9784.479988,100,14519.216562
-7047.449966,100,14520.481201
-12766.679943,100,14520.910789
-8214.259949,100,14522.371835
-10951.410007,100,14522.753113
-7099.689991,100,14523.502298
-9039.72002,100,14523.795864
-5290.319969,100,14524.105551
-5844.07999,100,14525.181897
-5047.989952,100,14525.83602
-6966.929993,100,14541.938326
-7861.78994,100,14542.67131
-9601.260006,100,14543.736935
-6807.069965,100,14544.228098
-6760.429993,100,14545.44833
-8495.649971,100,14546.365351
-9822.029987,100,14547.151116
-7016.939983,100,14547.847995
-6664.309978,100,14548.194744
-7340.249992,100,14548.888551
-8797.96999,100,14549.632396
-7868.119984,100,14550.431035
-9528.569931,100,14550.991809
-5542.939968,100,14551.570538
-6756.659977,100,14552.155262
-7499.429981,100,14552.729415
-5459.75996,100,14553.297797
-8652.749996,100,14553.899962
-6360.68996,100,14554.513518
-7557.769974,100,14555.09271
-9721.059978,100,14575.373412
-10568.479992,100,14575.68126
-8907.879955,100,14576.001308
-6762.789978,100,14576.367248
-5127.199963,100,14576.93774
-6551.539974,100,14577.504945
-6139.409958,100,14577.803469
-8456.259949,100,14578.117092
-12622.499969,100,14578.737867
-9780.159962,100,14579.090737
-6883.849979,100,14579.51409
-11000.629982,100,14580.005544
-10033.869984,100,14580.448884
-6884.279976,100,14580.97088
-8471.239975,100,14581.385331
-8143.369987,100,14581.769781
-8031.189983,100,14582.404249
-9478.690002,100,14582.718336
-7661.549946,100,14583.063808
-9476.189957,100,14583.500096
-9327.599941,100,14584.109864
-6202.42997,100,14608.758865
-6763.950001,100,14609.604639
-5535.469994,100,14610.242044
-7211.48996,100,14610.962764
-5868.91996,100,14611.703462
-8320.929996,100,14612.428776
-9184.300053,100,14613.040941
-10420.289986,100,14613.433564
-6646.939938,100,14613.780191
-11481.380028,100,14614.168836
-9482.690044,100,14614.492677
-10279.539963,100,14614.850996
-8938.509987,100,14615.205997
-8336.679958,100,14649.972753
-5869.209976,100,14650.610875
-8403.969997,100,14651.179124
-7430.819931,100,14651.763054
-9745.789982,100,14652.306746
-8326.550007,100,14652.855686
-7956.609966,100,14653.455099
-7325.969986,100,14669.758662
-5933.429977,100,14670.417418
-8065.089989,100,14670.997541
-5333.489967,100,14671.562652
-7452.569962,100,14672.115813
-8718.770008,100,14672.673705
-9943.949955,100,14673.262221
-7426.929947,100,14673.813772
-5384.499962,100,14674.368695
-6005.739967,100,14674.950282
-5591.299984,100,14675.542497
-5982.429958,100,14676.121994
-9456.359978,100,14676.721277
-6173.619965,100,14677.355993
-7656.859982,100,14677.92482
-6899.919979,100,14678.492211
-8848.230003,100,14679.200535
-9622.409958,100,14679.846699
-6608.740002,100,14680.566538
-6005.889957,100,14681.140497
-5713.699963,100,14681.721847
-8341.950058,100,14703.213195
-7667.150009,100,14703.779894
-5671.33997,100,14705.196663
-8295.479984,100,14706.41036
-6654.819984,100,14707.457529
-8040.979996,100,14708.058319
-9442.159962,100,14708.697149
-10632.470058,100,14709.71065
-7209.379986,100,14710.779124
-6270.509949,100,14712.358858
-6969.819939,100,14713.043159
-7707.849964,100,14714.424641
-9433.69997,100,14716.048486
-7416.429993,100,14717.493192
-7542.339954,100,14718.024797
-10208.609997,100,14718.323333
-8574.34,100,14718.844888
-6882.070004,100,14719.453547
-8660.109962,100,14720.085433
-6520.119965,100,14721.077935
-10809.909969,100,14740.07042
-6071.649979,100,14740.407443
-6549.730034,100,14740.730349
-13375.750072,100,14741.324285
-6426.939968,100,14742.119123
-7264.879951,100,14742.669629
-8045.309971,100,14743.443974
-9228.310001,100,14744.210577
-6475.589962,100,14744.785942
-6317.089947,100,14745.408689
-9729.800022,100,14746.287208
-9966.649963,100,14746.898015
-6342.919975,100,14747.480407
-7786.319969,100,14748.020258
-6492.959991,100,14748.565988
-7799.590012,100,14749.158838
-6888.559967,100,14749.74947
-5710.479969,100,14750.312083
-8305.070026,100,14751.657526
-7291.419998,100,14752.230015
-8424.43998,100,14752.835488
-8925.090004,100,14767.572024
-13198.910015,100,14768.131113
-11683.119957,100,14768.74186
-5609.939987,100,14769.181666
-7519.379971,100,14769.659501
-8545.809978,100,14770.356915
-7221.739971,100,14771.920587
-6058.459969,100,14773.559546
-8767.669971,100,14774.152884
-6171.099991,100,14775.643093
-8548.289955,100,14776.187517
-5990.609993,100,14776.505123
-10469.300003,100,14776.826651
-10985.929996,100,14777.257418
-7135.789993,100,14778.129077
-10238.619957,100,14779.025734
-5778.029987,100,14780.488576
-4596.68996,100,14781.177502
-9970.150002,100,14782.539228
-5049.799961,100,14783.342955
-7058.879982,100,14799.83675
-9638.769951,100,14800.146392
-8121.160046,100,14800.423299
-8207.110027,100,14800.692798
-6925.769951,100,14800.998032
-9776.489979,100,14801.324847
-8728.079975,100,14801.847326
-7123.649967,100,14802.201334
-10616.150021,100,14802.486315
-7421.769951,100,14802.817536
-8393.559967,100,14803.136184
-4942.989983,100,14804.564898
-9763.060101,100,14804.875325
-9419.879971,100,14805.177131
-6391.269974,100,14805.483897
-9376.599979,100,14805.815991
-7765.009968,100,14806.186918
-7369.679962,100,14806.996717
-4704.589973,100,14807.959018
-6899.459976,100,14809.097476
-6699.149971,100,14809.493361
-6800.309986,100,14829.018888
-7684.699993,100,14829.7144
-9777.849987,100,14830.325664
-10931.740021,100,14830.950523
-8676.340034,100,14831.577166
-7245.769962,100,14832.229349
-8623.299965,100,14832.836585
-6250.579945,100,14833.409311
-6411.339966,100,14834.798414
-4762.409973,100,14835.492535
-5291.019974,100,14836.123178
-9285.459965,100,14836.695001
-5730.069965,100,14837.327178
-7952.409966,100,14837.915883
-8333.029968,100,14839.482156
-5382.299984,100,14840.065894
-10716.449966,100,14840.634889
-5988.049934,100,14841.2014
-6970.639946,100,14841.798064
-12087.360119,100,14842.420281
-8633.800018,100,14860.851416
-8712.069954,100,14861.359411
-6388.479961,100,14862.060286
-6871.45998,100,14862.9908
-7714.339985,100,14864.067616
-8017.69997,100,14864.407177
-5383.279968,100,14864.72102
-13409.930027,100,14865.016933
-6524.399948,100,14865.369681
-8451.239964,100,14865.708809
-8289.919968,100,14866.006765
-5708.599976,100,14866.381453
-8595.689972,100,14866.744528
-9885.850018,100,14867.112868
-8752.270035,100,14867.418288
-8143.969963,100,14867.790894
-7947.989983,100,14868.187139
-8166.059956,100,14868.693406
-6279.749966,100,14869.550818
-6747.929981,100,14869.998823
-8066.549965,100,14870.357888
-6454.64999,100,14888.100206
-7150.399982,100,14888.571868
-9813.999996,100,14888.978155
-11656.190071,100,14889.338491
-8169.689999,100,14889.715991
-6621.219978,100,14890.04025
-7564.419987,100,14890.38802
-7777.939999,100,14890.767749
-8750.979973,100,14891.155711
-7940.799973,100,14891.505437
-6228.969978,100,14891.842257
-9546.02998,100,14892.21919
-8792.750027,100,14892.545743
-8349.519985,100,14892.882806
-7883.699978,100,14893.216625
-10861.379967,100,14893.547637
-9465.539967,100,14893.928315
-9900.669968,100,14894.315576
-6362.689983,100,14894.700169
-6665.709991,100,14895.021162
-8546.169964,100,14914.181436
-8010.050037,100,14914.534169
-5640.809963,100,14914.858385
-9263.239979,100,14915.236027
-4848.759945,100,14915.570553
-6853.119961,100,14915.953556
-8067.989971,100,14916.314743
-6192.549973,100,14916.63967
-6309.479984,100,14916.994025
-7382.809986,100,14917.354345
-10168.110031,100,14917.797479
-7984.579971,100,14918.143448
-8533.97998,100,14918.751862
-6072.469963,100,14919.735786
-7706.739979,100,14920.299968
-9464.700027,100,14920.904148
-8109.010025,100,14921.483882
-5611.32996,100,14922.07589
-5327.049976,100,14922.630495
-8098.089958,100,14923.205848
-7385.859947,100,14923.770234
-4578.649975,100,14941.95887
-9400.330021,100,14943.214563
-7500.939964,100,14944.253942
-10231.559959,100,14945.956504
-9194.150009,100,14947.40814
-7282.079975,100,14948.130584
-4437.839954,100,14948.622798
-9848.930008,100,14949.093851
-6634.529953,100,14976.431735
-11583.740025,100,14977.039603
-8054.20998,100,14977.663659
-10160.759937,100,14978.87919
-7991.479996,100,14980.681739
-9694.809986,100,14981.471718
-10330.47995,100,14982.11678
-7103.159969,100,14982.412835
-6459.56995,100,14982.726402
-8127.000034,100,14983.097662
-7322.530041,100,14983.839055
-6540.829937,100,14984.153489
-6940.609993,100,15004.715159
-8584.039955,100,15005.366886
-8106.679958,100,15005.727523
-10158.74995,100,15006.109132
-6714.159969,100,15006.447893
-5560.500023,100,15006.829924
-8472.199986,100,15007.554291
-5855.129971,100,15007.954678
-6463.79995,100,15008.41086
-8687.179962,100,15008.837998
-6490.25996,100,15009.919032
-8644.699978,100,15010.681237
-8335.539978,100,15011.282961
-5399.099976,100,15012.072704
-9693.629963,100,15013.141886
-8630.540024,100,15013.826203
-5996.479961,100,15015.480134
-5945.209965,100,15016.099252
-8415.480019,100,15016.718115
-7718.609959,100,15017.338081
-11050.80999,100,15041.571589
-8634.559978,100,15042.127904
-7552.999977,100,15042.73168
-8805.309948,100,15043.42497
-7892.169994,100,15043.973986
-10788.999996,100,15044.550715
-7143.799984,100,15045.620241
-9210.080006,100,15046.219723
-6170.51997,100,15046.984559
-8504.929981,100,15047.589572
-7059.219959,100,15048.174632
-9710.969975,100,15048.899735
-6261.319996,100,15049.723531
-4698.97998,100,15050.880696
-9024.019974,100,15051.650537
-7567.739975,100,15052.247315
-8953.619972,100,15052.786711
-5331.019997,100,15053.361601
-8928.549957,100,15053.696646
-7893.689972,100,15054.096861
-7932.429962,100,15054.683285
-9515.200012,100,15074.076005
-8145.79998,100,15074.932536
-4992.969978,100,15075.417361
-5975.879967,100,15075.949995
-7443.409954,100,15076.542319
-9125.390011,100,15076.938954
-7931.329948,100,15077.522233
-9769.669983,100,15078.122744
-8531.070042,100,15078.7384
-7980.710003,100,15079.137786
-10072.639988,100,15079.621592
-8989.169998,100,15080.0497
-10406.139973,100,15080.372485
-7420.209999,100,15080.717044
-9922.630047,100,15081.400807
-8783.599976,100,15082.136754
-9857.470016,100,15083.167179
-9844.279968,100,15083.889092
-5561.959953,100,15084.325758
-8654.979961,100,15084.631931
-6545.949963,100,15104.265607
-6770.809963,100,15104.828099
-9862.019962,100,15105.466658
-11004.889973,100,15106.081053
-7355.700035,100,15106.799134
-8912.539978,100,15107.465571
-6500.159996,100,15108.273999
-7278.219975,100,15109.17205
-8893.900013,100,15109.743344
-8623.720024,100,15110.302466
-8550.99995,100,15110.859144
-9113.090004,100,15111.48811
-9873.009964,100,15112.050748
-11367.540012,100,15112.619648
-6075.279961,100,15114.047534
-10220.360008,100,15114.414989
-9689.279999,100,15116.243588
-9344.749973,100,15118.066134
-9293.229996,100,15118.94157
-7562.460003,100,15119.831843
-7038.959991,100,15120.92616
-9987.639999,100,15138.437279
-7400.639969,100,15139.10778
-7873.359959,100,15139.757541
-7546.049957,100,15140.338899
-9325.789997,100,15141.022487
-15281.410065,100,15141.587478
-5475.219975,100,15142.170859
-9558.110012,100,15142.867102
-10506.190044,100,15143.234653
-4892.939964,100,15144.009959
-9187.510006,100,15144.836944
-5780.369953,100,15145.514289
-8482.359993,100,15146.329881
-7298.379986,100,15146.936057
-10699.050026,100,15148.448454
-8279.970013,100,15150.121133
-8016.199928,100,15150.761655
-9486.029949,100,15151.318362
-7429.359959,100,15151.865208
-8292.279964,100,15152.554949
-10410.33004,100,15171.405274
-9988.23996,100,15171.831842
-7613.04002,100,15172.444783
-5383.48996,100,15173.006345
-10732.460045,100,15173.591783
-9349.430004,100,15174.212703
-9065.720013,100,15174.969298
-10787.369995,100,15175.597676
-7380.459969,100,15176.033884
-8776.320023,100,15176.386125
-11030.51992,100,15176.810071
-10342.050014,100,15177.179086
-10241.839928,100,15177.554651
-9032.400066,100,15177.890906
-7416.199978,100,15178.298283
-7323.499966,100,15178.695559
-8136.059929,100,15179.05263
-12627.480125,100,15179.445641
-7575.189968,100,15179.806472
-7751.329945,100,15180.43562
-6776.219955,100,15181.15061
-6933.449974,100,15196.648291
-16562.370018,100,15196.969467
-9490.939957,100,15197.281339
-8911.829994,100,15197.584623
-7072.759941,100,15197.821681
-11571.259983,100,15198.072944
-5850.479984,100,15198.324817
-7007.939957,100,15198.646072
-11122.320057,100,15200.153345
-6782.229992,100,15200.825967
-9675.229958,100,15202.466611
-9689.159966,100,15203.177477
-8729.150017,100,15203.776311
-5311.139977,100,15204.3877
-8854.189972,100,15204.795691
-7655.739983,100,15205.200969
-8261.66,100,15206.345464
-8802.149963,100,15206.964224
-8521.849979,100,15207.632242
-7171.480003,100,15209.271261
-7393.759956,100,15230.497284
-12125.000099,100,15231.476956
-9845.050022,100,15232.068737
-8858.22998,100,15232.631344
-7762.739956,100,15233.23874
-9185.330059,100,15234.27603
-7889.559967,100,15235.484615
-8575.049934,100,15237.058529
-9156.72998,100,15237.351005
-5474.279961,100,15237.668141
-6878.079979,100,15238.006602
-9960.599979,100,15238.303748
-7976.409962,100,15239.54266
-11614.760025,100,15240.174993
-6133.869972,100,15241.207843
-7032.669975,100,15243.036601
-9159.379978,100,15245.046755
-5615.189964,100,15245.840144
-7847.549961,100,15246.7724
-10572.430008,100,15247.356848
-7933.610008,100,15247.93633
-7884.939972,100,15267.690832
-8569.420025,100,15268.345265
-7387.72995,100,15269.157039
-11605.509998,100,15269.744275
-6391.539955,100,15270.314456
-6465.059967,100,15270.853111
-11087.540062,100,15271.282092
-8866.82,100,15271.734632
-5991.039978,100,15272.329431
-9265.96999,100,15272.937252
-10074.659939,100,15273.52554
-5536.109978,100,15274.124171
-6807.969982,100,15274.923169
-8366.170017,100,15275.627569
-8479.309986,100,15276.274275
-8630.439976,100,15277.359259
-4444.989971,100,15277.904945
-7751.429966,100,15278.571718
-7439.819962,100,15279.25783
-7384.669983,100,15280.141196
-13170.400043,100,15300.886129
-11448.420055,100,15302.07748
-8768.709953,100,15302.803219
-5814.269947,100,15303.464699
-9005.809952,100,15328.817776
-8080.279953,100,15330.163745
-9946.249981,100,15330.793472
-5888.389965,100,15331.449329
-8819.690014,100,15332.7495
-7466.75,100,15333.523403
-11083.230022,100,15333.877293
-9690.030029,100,15334.195391
-7217.579994,100,15334.502864
-7665.489971,100,15334.818676
-8092.720001,100,15335.156895
-6602.689972,100,15336.525719
-8001.570004,100,15337.128516
-9873.749928,100,15337.732387
-7086.839958,100,15338.04385
-7634.609978,100,15338.442242
-8263.239979,100,15339.471169
-10508.430069,100,15357.945659
-7417.509972,100,15358.843762
-6430.089951,100,15359.46253
-5394.37999,100,15360.222792
-13484.019997,100,15360.809569
-8996.550007,100,15362.279095
-7922.829987,100,15363.523805
-9498.489994,100,15365.26104
-8219.530022,100,15366.09041
-10178.080044,100,15366.392673
-6670.779964,100,15367.090676
-8410.809982,100,15368.598267
-8851.809998,100,15369.952627
-7825.569981,100,15371.129905
-5973.44997,100,15371.784043
-7958.569988,100,15372.175276
-12053.510071,100,15372.598002
-7187.799957,100,15372.993775
-8697.219986,100,15374.126339
-9019.290028,100,15374.626872
-8709.97998,100,15388.039612
-7113.410011,100,15388.372697
-7167.819958,100,15388.732735
-8316.619984,100,15389.073783
-7632.32999,100,15389.465037
-6627.23996,100,15389.837795
-7387.579971,100,15390.247015
-7456.439953,100,15390.573073
-6417.099945,100,15390.864184
-6435.980015,100,15391.165467
-9496.68998,100,15391.711117
-10387.549965,100,15392.29567
-9953.700058,100,15392.941952
-8669.499947,100,15393.578916
-8642.650009,100,15394.144666
-7766.669922,100,15394.755879
-6796.820007,100,15395.371689
-10163.80999,100,15396.021487
-9355.529991,100,15396.644611
-11888.730007,100,15397.250455
-8250.680019,100,15397.874641
-7708.499989,100,15415.124962
-11647.17997,100,15415.597501
-9919.700062,100,15416.560624
-7657.61998,100,15417.325866
-6446.599983,100,15417.737211
-6102.829964,100,15418.088459
-7371.569977,100,15418.449174
-8473.659962,100,15418.854807
-14756.060032,100,15419.432918
-12466.800018,100,15419.926859
-8847.009964,100,15420.246163
-6639.169964,100,15420.568267
-6783.959957,100,15421.409401
-9906.850014,100,15422.05685
-6926.389977,100,15422.914999
-8295.729965,100,15423.658183
-5554.459949,100,15424.079889
-7101.869984,100,15424.412109
-8696.139935,100,15425.083822
-7323.859966,100,15425.644007
-6753.26004,100,15440.623482
-10745.080021,100,15441.300687
-8072.599987,100,15441.899479
-9521.649979,100,15442.660645
-9008.179962,100,15443.436136
-10825.11002,100,15444.012246
-9501.490005,100,15444.598902
-7722.369953,100,15445.800868
-9521.95998,100,15446.248961
-9393.129986,100,15446.668954
-14502.220013,100,15447.626138
-5390.759953,100,15448.287107
-9670.140045,100,15448.945546
-10356.200024,100,15449.74479
-9034.35997,100,15450.339779
-13845.610008,100,15451.384991
-4877.989971,100,15451.976844
-7490.529968,100,15452.848263
-8041.539982,100,15454.131793
-7815.419952,100,15456.184274
-5630.559963,100,15457.654763
-7033.869957,100,15474.640707
-5688.379963,100,15475.253639
-8544.839947,100,15475.809314
-6547.68996,100,15476.370735
-8849.679985,100,15476.979226
-5207.579964,100,15477.585124
-5495.929974,100,15478.186677
-9588.879982,100,15478.693026
-12052.040024,100,15479.335064
-8541.289978,100,15480.030157
-10293.139988,100,15481.067521
-6689.699978,100,15481.810013
-11587.220032,100,15483.141614
-7321.019958,100,15483.688502
-6749.629982,100,15484.51088
-9081.199966,100,15484.961832
-7472.259979,100,15485.37671
-7255.009972,100,15486.199735
-7031.819965,100,15487.345129
-8147.53001,100,15487.819324
-5872.079983,100,15508.842653
-8918.669979,100,15509.436972
-6216.72995,100,15509.835214
-9713.530033,100,15510.318145
-6333.260014,100,15511.221793
-7848.009968,100,15511.838146
-6522.61998,100,15512.402754
-7632.359966,100,15512.972135
-7287.819958,100,15513.538095
-10965.559998,100,15514.095684
-9279.979927,100,15514.657844
-3851.609955,100,15515.226909
-5695.629948,100,15515.798999
-7260.470016,100,15516.390741
-8378.769993,100,15516.954478
-7425.64996,100,15517.528814
-8866.639961,100,15518.093718
-8170.60997,100,15518.658043
-9065.709969,100,15519.252341
-6310.689972,100,15520.051009
-6936.579971,100,15520.672969
-6973.979977,100,15548.355701
-9986.069939,100,15549.838454
-10596.419994,100,15550.481163
-12497.950001,100,15551.062277
-8143.299988,100,15551.749485
-7347.659992,100,15552.328835
-7110.379951,100,15552.902874
-9124.210026,100,15553.466676
-7099.149986,100,15554.024644
-10508.799961,100,15554.648611
-9092.390018,100,15555.20797
-7709.679993,100,15555.79687
-7999.489944,100,15556.341898
-8861.440029,100,15556.901187
-8305.00996,100,15557.463432
-8901.740002,100,15558.053132
-11755.980022,100,15559.149394
-6101.569988,100,15559.837271
-8252.649956,100,15560.458131
-7731.120007,100,15561.029172
-8173.129955,100,15577.227565
-8795.389984,100,15577.916775
-8866.469917,100,15578.518057
-8699.329979,100,15579.171678
-8282.269947,100,15580.041101
-6199.889992,100,15581.817298
-8588.249977,100,15582.644851
-5817.409977,100,15584.143186
-7416.05994,100,15585.213508
-7954.28997,100,15585.883261
-7151.189972,100,15586.536636
-9206.479954,100,15587.151592
-6567.349953,100,15587.742728
-4607.259979,100,15588.333624
-6406.659962,100,15589.004442
-4696.869965,100,15589.958668
-6239.339989,100,15590.583991
-9002.749981,100,15591.254568
-6982.409966,100,15592.063208
-7408.759964,100,15592.757069
-10536.870018,100,15593.109678
-7967.749958,100,15606.353791
-9233.840004,100,15607.937347
-8173.859978,100,15608.434587
-5989.079979,100,15608.932442
-10500.159969,100,15609.367967
-11177.62999,100,15609.820256
-10368.619987,100,15610.146128
-8893.740002,100,15610.480197
-7733.479977,100,15610.785478
-10105.790009,100,15611.14156
-10081.980034,100,15611.467041
-8407.769978,100,15612.941145
-10521.129986,100,15613.299764
-11113.609962,100,15614.531799
-9001.799965,100,15615.332764
-6469.879967,100,15616.58326
-8567.769962,100,15617.518763
-7792.850044,100,15618.527886
-4997.699966,100,15619.886808
-9123.379963,100,15647.465887
-10009.769955,100,15662.950985
-7478.480019,100,15663.735724
-9461.279999,100,15664.463485
-10049.489983,100,15665.152107
-7817.009941,100,15666.513175
-8948.349964,100,15667.219938
-6700.22998,100,15670.135063
-11168.329979,100,15670.736217
-7595.63998,100,15671.287053
-11035.329948,100,15671.769184
-6644.219971,100,15672.367313
-8466.64996,100,15672.829023
-5227.779968,100,15673.148417
-8863.07996,100,15673.479398
-10003.199951,100,15673.825802
-10255.539944,100,15674.168864
-8636.64999,100,15674.513233
-7931.110039,100,15675.057934
-9042.05999,100,15675.402148
-7124.95998,100,15675.764848
-7136.129971,100,15676.390322
-7583.189968,100,15695.788696
-5709.779961,100,15696.514313
-11956.560005,100,15697.081619
-6709.199982,100,15698.302921
-10627.929977,100,15699.161542
-8994.290001,100,15699.93344
-6582.190002,100,15700.57316
-8127.619961,100,15701.227255
-8204.569969,100,15701.926466
-8703.900021,100,15702.607109
-9067.699978,100,15703.598172
-8282.74995,100,15704.152791
-7250.479973,100,15704.766266
-10637.489971,100,15705.404514
-5588.569954,100,15706.888986
-11605.429989,100,15707.726134
-8856.709988,100,15709.135794
-7211.729958,100,15711.541149
-8633.720043,100,15712.662589
-8465.849949,100,15713.128783
-7621.789978,100,15732.874445
-7746.340038,100,15733.492323
-10997.309959,100,15734.097807
-11130.639984,100,15735.009296
-6921.51997,100,15735.724648
-5995.729969,100,15736.343132
-11948.12006,100,15736.944778
-6868.149994,100,15737.525244
-7369.719971,100,15738.094859
-5736.249981,100,15738.683156
-7588.049995,100,15739.648344
-7618.31995,100,15740.359313
-11619.599991,100,15740.829497
-8814.91996,100,15741.191209
-6733.200005,100,15741.589978
-7715.21994,100,15741.949869
-5951.319969,100,15742.243661
-6369.289948,100,15742.598221
-8199.340027,100,15743.323854
-9606.360016,100,15743.95417
-6539.899971,100,15744.538333
-10152.709965,100,15763.714084
-5137.719975,100,15764.095899
-12156.479977,100,15764.440944
-7226.749973,100,15764.818289
-7414.499992,100,15765.161999
-7717.539959,100,15765.488329
-6186.529984,100,15765.835709
-8555.730011,100,15766.17506
-7568.869961,100,15766.987329
-6966.14999,100,15767.353065
-11460.910011,100,15767.661846
-8082.16996,100,15768.265105
-5697.21999,100,15768.986868
-4860.969967,100,15769.724933
-7703.51997,100,15770.290526
-10036.640003,100,15770.846044
-7210.729984,100,15771.707821
-10284.180004,100,15772.476696
-7031.239979,100,15772.766882
-7041.839977,100,15773.068413
-6799.769974,100,15790.081973
-8434.479984,100,15790.67116
-8018.319988,100,15791.233468
-7264.469982,100,15791.848796
-8210.989971,100,15792.460303
-7525.849998,100,15793.044132
-6292.299973,100,15794.445781
-8469.909981,100,15795.676054
-7636.429989,100,15796.68935
-4164.099953,100,15798.164061
-9202.340008,100,15799.144469
-7896.569988,100,15799.761065
-9618.029995,100,15800.314011
-6548.879986,100,15800.640563
-11269.079956,100,15801.048777
-6442.609951,100,15801.686499
-9351.540009,100,15802.29396
-7406.199982,100,15802.980916
-7755.199913,100,15803.601407
-11750.070034,100,15804.317617
-4706.639957,100,15805.458217
-8941.519993,100,15822.665953
-10879.14003,100,15823.231587
-10084.879929,100,15823.786241
-9966.089985,100,15824.362411
-3695.989964,100,15824.970971
-7546.319931,100,15825.544284
-8178.869968,100,15826.099939
-6084.119968,100,15826.666779
-10470.800034,100,15827.234547
-8099.159981,100,15827.831709
-8154.209969,100,15828.390948
-7908.649944,100,15829.073393
-9983.67001,100,15829.855684
-8495.419987,100,15830.454416
-9000.239948,100,15831.029624
-10954.109993,100,15831.608891
-10140.349976,100,15832.167934
-6617.669971,100,15832.780737
-6877.349983,100,15833.608348
-8753.479958,100,15834.902008
-6621.349987,100,15856.828756
-6341.449974,100,15857.118757
-8449.45005,100,15857.40045
-6856.419952,100,15857.817418
-7918.320007,100,15858.865857
-6603.839985,100,15859.530977
-11797.260006,100,15859.900767
-12124.310009,100,15860.25959
-9339.919949,100,15860.59332
-7420.299984,100,15860.920562
-8440.870045,100,15861.226081
-10395.169968,100,15861.644453
-6487.719975,100,15862.031321
-5775.479977,100,15862.36181
-6100.719971,100,15862.696274
-6876.519981,100,15863.096003
-10718.800003,100,15863.433174
-7136.199978,100,15863.757521
-11659.500008,100,15864.075343
-9104.48,100,15864.386054
-7939.889999,100,15885.376395
-8787.359913,100,15886.021298
-6561.169968,100,15886.807739
-5982.33997,100,15887.429106
-5099.329956,100,15888.010878
-8049.699978,100,15889.170022
-7964.360023,100,15889.817838
-9451.159973,100,15890.183191
-11095.480015,100,15890.713688
-5909.369991,100,15891.028764
-5591.709972,100,15891.513565
-7984.470032,100,15891.887437
-6235.539974,100,15892.20523
-8541.700012,100,15892.568557
-6172.23996,100,15892.961479
-8256.609993,100,15893.554915
-5214.549988,100,15894.183267
-5515.619957,100,15894.602964
-8199.139973,100,15894.934068
-8638.389977,100,15895.309295
-8380.999958,100,15895.680753
-7950.909966,100,15914.501598
-6219.259956,100,15914.820933
-7385.289989,100,15915.118765
-7484.27,100,15915.428509
-8794.46999,100,15915.819198
-12768.18,100,15916.727687
-13892.369987,100,15917.28874
-5892.23996,100,15917.730279
-10183.230061,100,15918.036773
-9991.290024,100,15918.355639
-8222.769955,100,15918.737079
-8078.859982,100,15919.154183
-7938.359978,100,15919.488851
-11728.1399,100,15920.248121
-9309.049969,100,15920.540781
-7031.19997,100,15921.759108
-6745.229954,100,15923.200308
-6481.899986,100,15925.329888
-5886.289959,100,15925.950933
-10245.040001,100,15926.317922
-8641.519943,100,15943.768973
-9395.220047,100,15944.551707
-8584.929947,100,15945.101425
-7812.239956,100,15945.662036
-8329.480026,100,15946.216197
-12754.360031,100,15946.790585
-10949.780003,100,15947.357149
-11061.960011,100,15947.938765
-6943.539974,100,15948.501172
-10991.430016,100,15949.612301
-6191.639969,100,15950.285556
-9595.329983,100,15950.88176
-6637.309986,100,15951.544844
-6581.479973,100,15952.212144
-8407.359943,100,15952.840266
-8257.589958,100,15980.758955
-7868.819977,100,15981.070471
-5409.669952,100,15981.389734
-7507.729977,100,15981.906341
-7600.219971,100,15982.324823
-6976.33997,100,15982.612178
-9223.919987,100,15999.585135
-7963.299984,100,16000.346552
-9812.119953,100,16000.630723
-8605.339977,100,16000.8993
-8310.060001,100,16001.170096
-10012.409985,100,16001.456662
-12336.050026,100,16001.80933
-12302.870029,100,16002.089393
-9766.459995,100,16002.368621
-10937.609936,100,16002.6774
-8699.749973,100,16002.969434
-7301.199986,100,16003.310565
-8580.969967,100,16003.671565
-8227.089962,100,16003.9876
-9132.25996,100,16004.62597
-5142.919987,100,16005.320675
-12958.470024,100,16006.048309
-6468.789978,100,16007.17649
-11042.740013,100,16009.018033
-10355.630035,100,16009.759503
-7337.989983,100,16030.517117
-9284.690041,100,16031.449805
-7336.179981,100,16032.993986
-5019.979965,100,16034.163556
-7306.819988,100,16035.349285
-9450.739956,100,16036.643443
-10088.279987,100,16037.021442
-10068.850006,100,16037.382291
-8040.889973,100,16037.948253
-7535.049965,100,16038.528264
-7119.89999,100,16039.103842
-9455.019958,100,16039.729508
-9611.260033,100,16040.290258
-8609.809998,100,16040.859725
-6775.979977,100,16041.433947
-6312.279961,100,16042.058044
-6507.179962,100,16042.610078
-7268.079948,100,16043.174248
-7845.119965,100,16043.741166
-8678.569954,100,16044.300686
-8037.099987,100,16044.839322
-7376.659992,100,16064.594897
-5937.159973,100,16064.907516
-5014.769974,100,16065.268935
-5536.109966,100,16066.561113
-7807.799965,100,16067.0702
-5362.939976,100,16067.363555
-6035.749992,100,16067.66714
-5732.249958,100,16068.196705
-7358.489975,100,16068.511419
-9341.669949,100,16069.435979
-8168.37999,100,16069.747178
-8322.879974,100,16070.021736
-11867.789993,100,16070.397336
-10719.269981,100,16071.224235
-5010.959972,100,16071.955606
-7045.999947,100,16072.376236
-5808.519978,100,16072.739782
-9705.269962,100,16073.102275
-10443.739952,100,16074.620507
-8896.269974,100,16074.987051
-7011.529945,100,16093.898974
-5718.929966,100,16095.507949
-8475.29995,100,16096.823279
-14408.530003,100,16097.225918
-10106.209961,100,16097.806111
-8544.549984,100,16098.748488
-9319.329994,100,16099.94826
-4576.519958,100,16100.439519
-12186.210045,100,16101.288069
-6964.499973,100,16101.734113
-10394.95005,100,16102.190293
-5804.289955,100,16102.493577
-10022.94001,100,16102.828869
-8408.449982,100,16104.000408
-10456.029999,100,16104.401902
-9062.110023,100,16104.718532
-10698.77998,100,16105.065927
-11856.660027,100,16105.403414
-8367.279964,100,16105.752321
-11433.399975,100,16106.183332
-6231.219933,100,16107.000556
-8329.06002,100,16122.786273
-5537.219967,100,16123.093974
-10330.790035,100,16123.381456
-8384.949974,100,16123.806324
-6201.28997,100,16124.164088
-5525.630005,100,16124.654816
-7062.01997,100,16125.051693
-8432.379971,100,16125.368891
-6103.389957,100,16125.665386
-10790.470009,100,16126.032028
-6499.999981,100,16126.335263
-9770.369968,100,16126.634217
-8542.700008,100,16128.153124
-7774.919983,100,16128.520929
-5634.620003,100,16129.575307
-8237.230038,100,16129.942013
-7453.429958,100,16130.538454
-6463.609947,100,16131.828964
-6615.96999,100,16132.243391
-6590.259972,100,16133.062185
-7161.539963,100,16153.809824
-9897.480022,100,16154.352853
-9132.320034,100,16154.667599
-6904.809967,100,16154.977078
-7970.789989,100,16155.312276
-6325.769962,100,16155.72699
-13826.630016,100,16156.124039
-8645.409996,100,16156.535622
-7116.669994,100,16157.239598
-7435.779972,100,16157.581573
-9335.369995,100,16157.888774
-7944.530045,100,16158.373933
-10035.699989,100,16158.951982
-9890.769943,100,16159.692868
-8581.559978,100,16160.304534
-9104.350037,100,16160.951943
-9736.239922,100,16161.262071
-11745.850006,100,16161.574273
-7246.439987,100,16161.845682
-7596.249981,100,16162.259887
-8673.979977,100,16162.537301
-9083.940014,100,16187.246078
-9773.549965,100,16187.58124
-10348.529953,100,16187.883556
-8366.259956,100,16188.188239
-8815.779957,100,16188.490884
-8765.66996,100,16189.591211
-11378.480003,100,16190.216901
-9251.539986,100,16190.641777
-8878.629967,100,16191.030926
-8023.489979,100,16191.794474
-8486.659969,100,16192.658239
-8858.559959,100,16193.319808
-8987.439968,100,16193.918653
-7536.759987,100,16194.384163
-9533.839989,100,16194.676513
-7509.899994,100,16194.963749
-8170.440002,100,16195.434044
-8497.279964,100,16196.405103
-10191.659969,100,16196.731827
-7439.470013,100,16197.563974
-7964.589962,100,16215.241416
-7686.769962,100,16215.827531
-5493.749989,100,16216.403837
-12057.13995,100,16216.980544
-6306.699955,100,16217.553524
-10938.380028,100,16218.119817
-10386.620056,100,16218.817505
-5926.359997,100,16219.58181
-8045.149979,100,16220.167141
-11433.620014,100,16220.728839
-11593.399986,100,16221.231955
-8893.93996,100,16221.593788
-7096.169971,100,16222.008071
-10847.710026,100,16222.34721
-7052.129971,100,16222.967444
-8716.659977,100,16223.615477
-5411.899967,100,16224.966105
-6817.579964,100,16226.86626
-9191.559959,100,16227.667042
-7627.00996,100,16228.012239
-9924.129978,100,16228.407663
-7480.47998,100,16248.022826
-7181.159981,100,16248.586955
-6033.159966,100,16249.38347
-7158.399956,100,16251.668824
-9394.930073,100,16252.271329
-8365.589973,100,16252.941076
-7886.399982,100,16253.541036
-9795.79002,100,16254.14856
-8061.399971,100,16254.788155
-10013.529968,100,16255.58482
-11074.780079,100,16257.672591
-7787.919956,100,16257.982632
-11510.800041,100,16258.348407
-6859.959953,100,16258.677045
-6807.189957,100,16259.731964
-6973.869999,100,16260.066354
-10710.499985,100,16260.430651
-6986.569984,100,16261.16589
-10707.879948,100,16261.532109
-6332.529999,100,16261.828806
-7458.899956,100,16285.728466
-13514.149979,100,16287.269533
-6431.93996,100,16287.680759
-6550.959976,100,16287.968014
-10244.76997,100,16288.308156
-9309.43,100,16288.631548
-6096.129974,100,16288.959287
-10549.319946,100,16290.525807
-9982.820042,100,16290.792044
-8160.65995,100,16291.349868
-8273.399967,100,16321.450795
-11677.209988,100,16322.068022
-6016.659954,100,16322.735574
-13656.810043,100,16323.772436
-7722.499969,100,16324.863792
-8204.379967,100,16325.689569
-7895.399975,100,16326.247725
-8644.759979,100,16327.765944
-9857.999939,100,16328.428952
-8759.999939,100,16329.129323
-5912.649967,100,16330.306238
-9418.639992,100,16347.409109
-6338.609962,100,16348.029413
-7589.339996,100,16348.751331
-8693.589943,100,16349.185332
-7541.840008,100,16349.810258
-7445.069973,100,16350.857047
-8796.539951,100,16351.941531
-9454.900078,100,16353.457472
-7443.189968,100,16353.93925
-10358.019997,100,16355.602152
-6060.889961,100,16356.556052
-8185.449978,100,16357.114939
-10498.659977,100,16357.682493
-6815.499977,100,16358.241203
-9248.490025,100,16358.909977
-11961.250008,100,16359.333434
-5796.079964,100,16360.04216
-7651.949955,100,16360.340847
-7840.040024,100,16360.683163
-7832.799965,100,16361.06884
-11338.900032,100,16377.078224
-12340.970028,100,16377.803129
-5525.499954,100,16378.505797
-7960.759995,100,16378.945581
-11467.889954,100,16379.921434
-5850.359943,100,16380.537865
-9082.329956,100,16381.635293
-5193.999985,100,16382.802204
-9099.869942,100,16384.053524
-8404.629982,100,16385.513606
-7293.789982,100,16386.148721
-8891.629971,100,16387.45422
-11436.830032,100,16388.250783
-12377.010052,100,16388.896662
-9941.730019,100,16389.450033
-8164.770008,100,16389.868471
-6750.829926,100,16390.203478
-11030.589996,100,16390.528849
-6640.709972,100,16390.827361
-8724.749973,100,16391.202755
-10239.799976,100,16391.565149
-8545.510014,100,16416.792042
-7000.42997,100,16417.629204
-8013.83997,100,16418.222964
-11399.850002,100,16420.052819
-6926.599976,100,16421.428324
-7659.419983,100,16422.074658
-10313.609974,100,16422.862422
-9371.509987,100,16424.012106
-9563.010002,100,16424.687412
-11013.179989,100,16425.250038
-6904.369984,100,16425.820992
-7130.73996,100,16426.382558
-9132.900005,100,16426.94012
-9335.099968,100,16427.49903
-6119.179989,100,16428.066659
-7507.449947,100,16428.958816
-8870.119987,100,16430.063072
-6766.379967,100,16430.733615
-8634.989994,100,16431.376515
-10714.48003,100,16432.033984
-10459.789978,100,16454.199292
-4743.399967,100,16454.821528
-7051.979969,100,16455.487831
-6204.110012,100,16455.809801
-9800.18998,100,16456.123712
-7816.840038,100,16456.444109
-9254.449974,100,16456.756265
-7326.699951,100,16457.061109
-12007.019989,100,16457.3696
-9816.489979,100,16457.747249
-7927.220016,100,16458.042678
-6140.099968,100,16458.345741
-10468.419987,100,16458.987241
-8633.209984,100,16459.375144
-7389.529976,100,16459.972605
-7959.110035,100,16460.608979
-9539.719955,100,16461.209219
-5672.119949,100,16463.495181
-12072.460026,100,16464.397888
-7146.439949,100,16464.977434
-9957.249962,100,16465.548493
-6541.889965,100,16487.223551
-8310.890011,100,16487.783813
-8962.149925,100,16488.661436
-7360.960022,100,16490.198621
-7753.529942,100,16490.877414
-7222.509964,100,16491.474418
-10831.199966,100,16492.99055
-6706.51997,100,16494.146541
-8512.649975,100,16494.752109
-8201.669956,100,16495.498484
-7171.999954,100,16496.111496
-10194.220009,100,16496.837116
-5713.179958,100,16497.894696
-6668.939983,100,16498.560704
-7948.60994,100,16499.340991
-7439.67997,100,16500.378351
-7801.669945,100,16500.860777
-6457.359962,100,16501.259256
-6717.109985,100,16501.653763
-10349.049976,100,16501.974199
-6057.569939,100,16518.322126
-10368.959965,100,16518.865053
-6775.38995,100,16519.369649
-7241.339962,100,16520.048253
-8569.039974,100,16521.002128
-10209.219971,100,16522.913075
-7707.339973,100,16523.958286
-9965.780025,100,16525.307222
-10286.369957,100,16526.189657
-6668.839939,100,16526.899356
-5738.559944,100,16527.766172
-8180.459969,100,16528.468282
-7101.179962,100,16529.312891
-7537.779972,100,16529.967989
-8456.960007,100,16530.411355
-6743.789982,100,16530.695492
-10412.479988,100,16531.034935
-6278.749962,100,16531.948024
-7841.539967,100,16533.166823
-8168.509987,100,16533.817253
-5180.619984,100,16534.382067
-8963.38002,100,16550.086866
-7778.979973,100,16550.466939
-8361.800011,100,16551.598908
-9610.139969,100,16552.512787
-9508.460026,100,16553.108746
-9061.159996,100,16553.696438
-5970.519985,100,16554.290337
-9316.160034,100,16554.905034
-6086.869968,100,16555.299907
-11805.459953,100,16555.57153
-6245.94997,100,16555.866126
-7095.419987,100,16556.201405
-9328.589954,100,16556.513446
-6230.369961,100,16556.807594
-8607.699966,100,16557.102284
-6414.989979,100,16557.465877
-6174.33997,100,16557.850306
-5856.979965,100,16558.245843
-10728.279949,100,16558.596042
-6960.809959,100,16559.301703
-7247.169968,100,16579.783812
-9049.100048,100,16580.405911
-4058.639965,100,16581.012182
-8571.990032,100,16581.591319
-7139.179977,100,16582.176466
-5706.489967,100,16582.744788
-6254.599972,100,16583.153022
-7992.439968,100,16583.466242
-9302.639965,100,16583.771199
-8778.449974,100,16584.136656
-9115.889965,100,16584.476092
-8788.179916,100,16584.924199
-8829.879963,100,16585.530446
-9069.329956,100,16586.067908
-8733.829956,100,16586.684888
-5507.52998,100,16587.259447
-7623.059986,100,16587.86504
-8018.379944,100,16588.437358
-10829.349979,100,16589.051161
-9019.839935,100,16589.700984
-5426.239983,100,16590.349774
-9158.689964,100,16610.454211
-6936.369965,100,16611.459523
-10692.709972,100,16611.911644
-9667.149979,100,16613.448245
-11187.170021,100,16613.822589
-6991.069954,100,16614.58597
-9040.339958,100,16614.958359
-9990.469978,100,16615.260568
-5315.509972,100,16616.818687
-9386.219982,100,16617.277051
-7471.349972,100,16617.637593
-6574.949963,100,16617.943192
-10094.030018,100,16618.233582
-9514.31002,100,16618.541039
-8310.229942,100,16619.190349
-5777.309944,100,16619.585323
-9477.17997,100,16619.900823
-8005.909931,100,16620.193581
-5014.059956,100,16620.622205
-8555.639946,100,16620.975586
-5943.479935,100,16636.007149
-8222.130024,100,16636.336435
-7729.719982,100,16636.687262
-7525.179981,100,16637.014938
-9355.509983,100,16637.344434
-9394.250004,100,16661.923926
-6214.09996,100,16662.207183
-9413.63995,100,16663.693089
-6371.429958,100,16664.234574
-8126.679993,100,16665.402818
-7339.709984,100,16666.146599
-5939.839966,100,16666.997563
-9265.549999,100,16667.786017
-8174.409954,100,16668.33166
-7475.079964,100,16668.906835
-7521.319992,100,16669.512621
-8369.579948,100,16670.131213
-4856.749962,100,16670.738132
-8452.869968,100,16671.335445
-12749.730026,100,16672.021069
-7075.150005,100,16672.584859
-11488.579987,100,16688.385414
-8569.200043,100,16688.958694
-7778.409966,100,16690.065429
-6582.569992,100,16691.763485
-5762.029953,100,16692.764854
-7985.020023,100,16693.342
-6648.149952,100,16694.681264
-4831.389957,100,16695.161329
-12014.460011,100,16695.793884
-8732.669971,100,16696.102695
-10683.619965,100,16696.410237
-9395.930019,100,16696.713734
-10636.139946,100,16697.047809
-8097.739964,100,16698.435086
-7637.559971,100,16699.040516
-8246.930016,100,16699.672878
-7512.739975,100,16699.964853
-6233.179935,100,16700.296957
-9106.260017,100,16701.452284
-9556.659966,100,16702.24473
-7777.979977,100,16722.352227
-9492.370026,100,16722.735968
-8733.829964,100,16723.385275
-9482.249973,100,16723.946104
-10209.960022,100,16724.520755
-6444.989964,100,16725.094349
-9388.279957,100,16725.755515
-8202.399998,100,16726.339535
-9175.759964,100,16726.919933
-9736.649986,100,16727.522646
-7883.92997,100,16728.125088
-9106.579971,100,16728.69646
-12337.610031,100,16729.395978
-8554.959999,100,16730.085665
-8615.549965,100,16730.671022
-9426.349937,100,16731.385989
-5404.13998,100,16732.025875
-6630.219959,100,16733.484507
-8486.729958,100,16734.45049
-7657.73,100,16735.78978
-8202.809978,100,16754.078675
-6435.819962,100,16754.66032
-9003.999981,100,16755.148538
-7689.349964,100,16755.475459
-5354.429955,100,16755.755276
-8014.300018,100,16756.03633
-7240.159966,100,16756.339143
-9957.129959,100,16756.644172
-9818.249954,100,16756.980896
-5671.959976,100,16757.293955
-9483.209991,100,16757.613117
-8970.559948,100,16758.136132
-5626.799965,100,16758.767617
-12627.93998,100,16759.46317
-8067.669945,100,16760.098169
-6912.779964,100,16760.394349
-6840.540016,100,16760.697714
-11117.640041,100,16761.039897
-8855.269997,100,16761.370525
-8040.019958,100,16761.676216
-7960.069962,100,16761.996399
-11323.69001,100,16781.314425
-5129.589939,100,16781.959253
-7830.209957,100,16782.565142
-6271.619968,100,16783.124038
-9489.729969,100,16783.698301
-10934.709988,100,16784.308392
-6902.649952,100,16784.92575
-9905.54998,100,16785.636538
-5731.50996,100,16786.711696
-8869.82996,100,16787.339217
-9402.869987,100,16787.902431
-8335.669983,100,16788.84393
-8673.02005,100,16789.444199
-8152.499989,100,16789.829558
-6233.01997,100,16790.152735
-8257.549961,100,16790.504105
-8698.220039,100,16790.849187
-5966.959957,100,16791.163256
-6865.299961,100,16791.6796
-8041.669983,100,16791.983822
-8233.699982,100,16808.837954
-10286.599991,100,16809.492957
-7683.559944,100,16810.182706
-10881.279987,100,16810.780589
-8355.54998,100,16811.524442
-6044.649971,100,16812.089315
-8484.419968,100,16812.646421
-5833.219963,100,16813.244138
-9799.019974,100,16814.047002
-7526.330002,100,16814.668168
-11414.070007,100,16815.245116
-8015.67997,100,16816.039598
-9222.410046,100,16817.073509
-10096.87001,100,16818.796558
-10254.38998,100,16821.066865
-9288.049957,100,16821.75769
-5823.439987,100,16822.818041
-9653.360023,100,16823.722002
-9985.540062,100,16824.702346
-10161.19997,100,16825.300244
-4585.879971,100,16826.554536
-7870.83997,100,16850.876077
-8025.019966,100,16851.212879
-5228.92997,100,16851.670687
-7542.099968,100,16852.136476
-6406.689987,100,16852.516221
-7023.549965,100,16852.86744
-7831.139977,100,16853.583404
-12338.26001,100,16854.26303
-8029.339947,100,16854.852578
-9878.23,100,16855.432624
-8153.319954,100,16856.808958
-9949.220001,100,16857.664521
-9138.429981,100,16858.367451
-10192.569988,100,16859.866815
-7406.210014,100,16861.041963
-9227.420013,100,16862.63027
-9882.279984,100,16863.012523
-8429.730003,100,16864.058151
-8537.229954,100,16864.981582
-8163.620041,100,16866.576998
-7507.789948,100,16888.805636
-6054.599979,100,16889.399681
-5346.71994,100,16889.99281
-8465.479965,100,16890.590767
-6662.629963,100,16891.571792
-6246.63998,100,16892.126137
-8374.219975,100,16892.788085
-9179.569965,100,16893.393185
-9438.070007,100,16894.201832
-10020.749958,100,16895.142
-6951.249981,100,16895.828119
-10850.240013,100,16896.862969
-7160.459969,100,16897.661095
-7906.199966,100,16898.25533
-8347.789967,100,16899.069927
-7610.369972,100,16899.502504
-7711.050007,100,16899.86758
-8039.07999,100,16900.183624
-7482.009972,100,16900.488593
-9561.349976,100,16902.284711
-11095.149998,100,16904.201139
-7464.349976,100,16922.842604
-7272.629997,100,16923.186083
-8077.769978,100,16923.521567
-7195.939983,100,16924.21073
-6776.039951,100,16925.734649
-6712.099934,100,16926.682149
-6143.739986,100,16927.253826
-7529.539967,100,16927.808759
-8988.979942,100,16929.503941
-9074.530014,100,16931.101583
-5646.859966,100,16931.948514
-5618.029976,100,16932.543806
-7961.98996,100,16933.275563
-5655.929993,100,16933.909918
-7080.429977,100,16934.496555
-7264.649948,100,16936.53955
-8795.950024,100,16937.39782
-9754.849972,100,16937.671926
-11084.799965,100,16939.133356
-7942.269947,100,16939.570429
-7909.479958,100,16960.338728
-9310.069973,100,16960.705772
-9511.699978,100,16962.181703
-6925.459969,100,16962.459566
-6339.529957,100,16963.900681
-6352.279991,100,16964.952391
-6548.179966,100,16965.737654
-10582.590096,100,16966.051111
-7177.029953,100,16966.32356
-7371.98999,100,16966.596545
-8392.209961,100,16966.881984
-10591.019966,100,16967.166487
-6822.589981,100,16967.463405
-6166.139969,100,16968.92645
-7104.599987,100,16969.3026
-7680.309944,100,16969.691878
-10282.100056,100,16970.054798
-6047.10997,100,16970.391946
-4039.149963,100,16970.674752
-6490.079956,100,16971.133828
-8581.829952,100,16971.452425
-6676.149967,100,17013.972185
-11982.610065,100,17014.319684
-10943.029949,100,17014.662308
-5553.299961,100,17014.979038
-7388.289982,100,17015.301936
-6052.619965,100,17015.639771
-7922.689987,100,17015.998238
-8158.600006,100,17016.311417
-7024.399971,100,17016.711627
-9457.889969,100,17017.76813
-7475.879967,100,17018.408216
-7495.979973,100,17019.1465
-8360.469967,100,17019.51636
-8475.019955,100,17019.865153
-6208.919968,100,17021.321434
-8125.79998,100,17021.645678
-9873.610001,100,17022.026178
-12540.789959,100,17022.405455
-7210.849976,100,17022.738786
-10273.269989,100,17023.404494
-10773.020008,100,17047.992003
-8234.19997,100,17048.601695
-6690.949993,100,17049.239615
-11178.209991,100,17049.89773
-6620.159977,100,17050.49676
-4717.459976,100,17052.276532
-12899.750019,100,17052.874459
-12352.470016,100,17053.462729
-8149.969944,100,17054.025911
-10099.000034,100,17054.625182
-8609.73996,100,17055.196506
-6603.519936,100,17055.771195
-7282.859962,100,17056.424037
-8390.529953,100,17057.020899
-10040.390038,100,17057.574472
-6503.139957,100,17058.144302
-3651.069969,100,17058.722229
-10574.460003,100,17059.132776
-8471.749958,100,17059.687595
-8336.899967,100,17060.02175
-10839.240017,100,17060.364163
-6653.529976,100,17078.804036
-9842.84996,100,17079.237334
-13048.969997,100,17080.013181
-6900.470024,100,17080.317524
-9044.679977,100,17080.625415
-8008.790047,100,17080.938951
-9940.800041,100,17081.357198
-6654.359982,100,17081.918479
-10088.689995,100,17082.531008
-11363.239983,100,17083.139824
-5476.259979,100,17083.492254
-10981.320007,100,17083.86169
-7897.22998,100,17084.318988
-9657.259991,100,17084.887984
-7938.589996,100,17085.535928
-8896.519989,100,17086.283872
-7739.039997,100,17086.870427
-5009.609974,100,17087.417432
-6767.889984,100,17087.961937
-5224.119976,100,17088.514493
-7931.949966,100,17103.935484
-12024.30999,100,17104.210967
-8789.859928,100,17105.566196
-11229.450008,100,17105.97114
-9604.509949,100,17107.053776
-7917.73999,100,17107.7377
-10533.770039,100,17109.632311
-12378.87001,100,17109.946773
-7669.129971,100,17110.345048
-10291.029953,100,17110.611803
-8157.479973,100,17110.909427
-10620.32,100,17111.233821
-11436.829967,100,17111.641218
-9994.399979,100,17112.012872
-10383.249962,100,17112.317439
-9080.349972,100,17112.801219
-6265.639965,100,17113.12798
-8474.599968,100,17113.418304
-7132.009983,100,17114.204069
-7436.560055,100,17115.389483
-10366.130009,100,17117.145978
-6240.039989,100,17139.401463
-11039.710072,100,17140.009053
-8578.659981,100,17140.593927
-6417.509998,100,17141.186741
-12693.280006,100,17141.782102
-11193.159977,100,17142.385342
-12175.299976,100,17142.958793
-10814.449951,100,17143.530989
-11287.480057,100,17144.101498
-6327.039948,100,17144.727434
-8256.249989,100,17145.310413
-12797.770027,100,17145.876929
-9846.80999,100,17146.469955
-9092.709988,100,17147.042394
-8194.179928,100,17147.655179
-10134.499992,100,17148.199257
-9202.960056,100,17148.776608
-8238.509975,100,17149.663532
-11702.340034,100,17150.243678
-8072.82,100,17150.820523
-8533.450001,100,17169.677764
-10305.959984,100,17170.122783
-8549.000023,100,17170.500621
-6959.329956,100,17170.867446
-9940.139969,100,17171.238726
-10282.300056,100,17171.575838
-7191.929958,100,17171.857025
-9949.809994,100,17172.292444
-6907.059956,100,17172.739605
-9098.389961,100,17173.356984
-10055.100014,100,17173.963637
-14565.830032,100,17174.49018
-9748.020016,100,17174.85605
-6863.759953,100,17175.163883
-7606.659946,100,17175.477754
-8825.719967,100,17175.784312
-10645.569969,100,17176.066606
-12647.580051,100,17176.550259
-6479.909966,100,17176.863836
-5627.949959,100,17177.19671
-6832.779995,100,17177.566152
-10555.349983,100,17194.107835
-6935.749996,100,17194.397786
-10316.529976,100,17194.760651
-9055.709995,100,17195.035772
-7345.67997,100,17195.352314
-8791.589996,100,17195.681768
-10851.169945,100,17195.994721
-5754.669987,100,17196.292032
-6589.149967,100,17196.586726
-10490.839973,100,17196.882492
-5973.519966,100,17197.205679
-5681.819977,100,17197.739729
-5974.799969,100,17198.17612
-8191.029987,100,17198.550183
-5723.839966,100,17199.386669
-8668.949947,100,17200.173578
-9004.790028,100,17200.888844
-6831.61998,100,17201.749933
-12086.790073,100,17203.544215
-9868.790016,100,17204.170709
-14741.950031,100,17224.640957
-8691.029964,100,17225.254546
-7068.339981,100,17225.805995
-9187.759964,100,17226.357199
-10770.58997,100,17226.921022
-10545.979958,100,17227.501189
-9991.349979,100,17228.067418
-8489.910027,100,17228.649536
-9399.15995,100,17229.421312
-5937.699966,100,17229.859337
-5156.659969,100,17230.291099
-9505.70998,100,17230.667882
-8385.549999,100,17231.08172
-12908.99007,100,17231.457514
-9876.159954,100,17231.815539
-7782.059982,100,17232.118988
-9404.339981,100,17232.425894
-8178.749931,100,17232.73533
-11896.849964,100,17233.053387
-9158.540016,100,17233.356177
-9889.059967,100,17233.673319
-6876.799969,100,17254.634845
-8142.009956,100,17254.969263
-13690.270042,100,17255.291259
-11690.489975,100,17255.836652
-9419.500011,100,17256.130016
-8614.019989,100,17256.412828
-11121.770035,100,17256.69404
-5635.37999,100,17257.016896
-10690.860035,100,17258.534419
-7182.989952,100,17259.193066
-5254.509975,100,17260.039966
-5590.359959,100,17260.69415
-7430.349983,100,17262.132814
-7551.119946,100,17263.488663
-9617.690002,100,17264.230454
-12337.380039,100,17264.842665
-8499.379974,100,17265.549041
-8174.590004,100,17266.243216
-7981.590008,100,17266.845573
-11617.929996,100,17267.436925
-8294.649979,100,17283.649788
-9580.919994,100,17284.256615
-9766.44997,100,17285.628391
-7286.259983,100,17286.938779
-7039.58997,100,17287.544884
-6286.929966,100,17289.359028
-8294.990002,100,17290.714267
-6548.229958,100,17291.56647
-4244.309998,100,17292.217793
-11125.160023,100,17292.846677
-10395.300022,100,17293.503165
-8568.569973,100,17294.088162
-7146.879982,100,17294.73493
-7030.779991,100,17295.31358
-8458.490009,100,17295.96756
-7417.609993,100,17296.630815
-5856.449986,100,17323.133724
-10158.200047,100,17323.408829
-10364.05999,100,17323.710032
-7390.969971,100,17323.980576
-6756.649986,100,17324.292086
-9159.289997,100,17346.1845
-7743.889957,100,17346.577776
-6171.979958,100,17346.93218
-7355.379971,100,17347.325209
-6552.729954,100,17347.633926
-8517.439934,100,17347.969275
-5126.769962,100,17348.270299
-9329.319992,100,17348.552639
-7618.539986,100,17348.872571
-8922.359932,100,17349.242408
-7773.279953,100,17349.634976
-6600.169987,100,17349.999628
-7167.589985,100,17350.386961
-5709.799961,100,17350.800522
-5800.459972,100,17351.108259
-8345.329979,100,17351.751318
-10697.39999,100,17352.090806
-7671.63995,100,17352.401957
-6534.899944,100,17352.732075
-8254.76997,100,17353.031093
-8569.269985,100,17373.640759
-9911.419994,100,17374.278954
-7634.229977,100,17375.290336
-12627.119972,100,17375.745602
-8510.669968,100,17376.274611
-9224.029991,100,17376.699167
-9426.769978,100,17377.038668
-7608.129971,100,17377.578269
-8945.020008,100,17377.848136
-10120.769981,100,17378.145661
-8124.099968,100,17378.554597
-8462.799961,100,17379.13617
-6250.559963,100,17379.946912
-9249.860008,100,17380.668699
-7887.619995,100,17381.712679
-9024.750008,100,17382.3743
-8255.829964,100,17382.940888
-6476.129948,100,17383.50471
-7052.240002,100,17384.08018
-6390.949963,100,17384.56815
-10857.099968,100,17384.85483
-7887.140011,100,17400.729356
-6538.500011,100,17401.188239
-7878.90995,100,17402.558619
-7955.799957,100,17403.121361
-5650.719944,100,17403.703691
-6961.689983,100,17404.369792
-8097.769955,100,17404.99191
-8248.160007,100,17405.594632
-6024.939987,100,17406.288007
-10173.200008,100,17406.886215
-7276.409981,100,17407.645772
-10088.160049,100,17408.309757
-8397.380024,100,17408.653456
-9449.719994,100,17409.230327
-8068.379993,100,17409.953499
-8740.389938,100,17410.314947
-7249.109974,100,17410.685859
-6584.94994,100,17410.983821
-3922.329948,100,17411.336039
-9009.339966,100,17411.722358
-9744.789989,100,17430.710752
-8912.32999,100,17431.0912
-7991.909973,100,17431.590769
-6326.519955,100,17431.948967
-8595.599953,100,17432.253862
-7016.719952,100,17432.739039
-10905.709988,100,17433.082963
-11857.050037,100,17433.374808
-7922.759979,100,17433.66921
-10522.429977,100,17433.983147
-7701.540016,100,17434.311356
-7487.409985,100,17434.681312
-10257.400009,100,17434.954944
-5345.58997,100,17435.232565
-6469.949947,100,17435.503147
-5983.679966,100,17435.799295
-6487.659977,100,17436.173651
-8060.279961,100,17436.509114
-10399.109982,100,17436.900423
-7732.619976,100,17437.240679
-8075.639973,100,17437.524993
-9029.560009,100,17455.260934
-7089.819946,100,17456.043847
-6683.299965,100,17457.786896
-7443.989967,100,17458.198888
-5554.249966,100,17458.480405
-12961.669994,100,17458.846385
-8544.399975,100,17460.436451
-6883.92997,100,17461.491557
-9310.169964,100,17462.11956
-7812.560024,100,17462.726967
-9656.499969,100,17463.323477
-7220.889969,100,17463.912789
-7042.239971,100,17464.52213
-6556.389961,100,17465.682337
-8153.420029,100,17466.313122
-8282.039951,100,17466.911342
-8631.149933,100,17467.490954
-7075.899967,100,17468.051453
-6675.259975,100,17468.619721
-5534.929981,100,17469.211331
-6761.099983,100,17483.862177
-5057.469963,100,17484.419897
-7503.359997,100,17484.989765
-7608.419998,100,17485.554358
-10652.409988,100,17486.194963
-4657.309952,100,17486.817161
-5497.179962,100,17487.4414
-8314.719944,100,17488.03182
-7003.759972,100,17488.664278
-9805.699944,100,17489.326332
-12611.230042,100,17489.93261
-7588.039982,100,17490.487796
-10921.430004,100,17491.397275
-6380.000004,100,17492.038189
-7973.489956,100,17492.68282
-8978.179989,100,17493.41282
-8228.869946,100,17494.010719
-10510.110008,100,17494.648566
-7205.779995,100,17495.264714
-11571.179985,100,17495.856961
-5888.939968,100,17497.257639
-9469.859978,100,17519.079765
-5608.679977,100,17519.832321
-10609.719971,100,17520.596842
-8086.779991,100,17521.189903
-7845.279972,100,17521.782618
-4563.169991,100,17522.375122
-6133.539974,100,17522.958538
-6861.73996,100,17523.577274
-8099.109951,100,17524.140568
-6927.899986,100,17524.720359
-9154.909969,100,17525.348451
-9713.119953,100,17526.223318
-8147.399979,100,17527.016135
-4036.769951,100,17527.742566
-8150.749969,100,17528.336711
-9348.490082,100,17529.001051
-8736.209984,100,17529.808434
-8305.200035,100,17530.435925
-6708.769978,100,17531.017863
-8168.539928,100,17531.658128
-9781.129967,100,17550.791471
-8062.259983,100,17551.418283
-10922.690033,100,17552.028935
-7059.989986,100,17552.618181
-6802.54995,100,17553.191275
-10300.420044,100,17553.739896
-5450.839966,100,17554.307498
-7962.729988,100,17554.857647
-10036.940002,100,17555.429944
-4745.559967,100,17555.982214
-6018.929966,100,17556.563948
-8781.290016,100,17557.139308
-7075.539986,100,17557.739738
-8264.640034,100,17558.3167
-4244.819969,100,17558.907865
-7721.389973,100,17559.666225
-6904.650024,100,17560.237853
-9536.099979,100,17560.820739
-8751.779984,100,17561.383955
-8380.310009,100,17561.960515
-7006.62001,100,17578.344511
-8553.049976,100,17578.68629
-6855.899982,100,17579.373759
-8085.36998,100,17579.736362
-7116.399967,100,17580.204974
-9083.850025,100,17580.715085
-10135.959976,100,17582.405113
-7252.969959,100,17583.919502
-6972.709984,100,17585.088766
-5629.199966,100,17585.937105
-8664.119972,100,17586.977793
-6424.859959,100,17587.659639
-7327.679962,100,17588.227912
-7407.769989,100,17588.808313
-6651.449974,100,17589.430242
-8605.900021,100,17590.061039
-6944.949959,100,17590.383569
-8893.739983,100,17590.826767
-6481.87994,100,17591.133112
-9660.789986,100,17591.449337
-10030.749935,100,17591.827804
-9425.329998,100,17608.354077
-14053.920063,100,17609.465602
-9022.619957,100,17610.060535
-6557.929989,100,17610.704146
-7371.689953,100,17611.296006
-9356.050072,100,17611.874997
-8695.979988,100,17612.582218
-7849.069973,100,17613.252621
-7059.629951,100,17613.87474
-7577.449986,100,17614.448306
-6059.889961,100,17615.024498
-5895.999969,100,17641.284582
-7991.979977,100,17641.940529
-8196.060036,100,17642.616231
-9391.219975,100,17643.213251
-7222.699955,100,17643.789244
-10791.339985,100,17644.119059
-8643.239983,100,17644.457177
-10649.249977,100,17644.801097
-8724.299953,100,17645.122209
-8817.039963,100,17662.485703
-10504.529972,100,17663.197314
-8185.979996,100,17663.474343
-8364.489994,100,17663.757761
-8166.72998,100,17664.059642
-6703.799995,100,17664.376499
-9216.000008,100,17664.690636
-12375.240013,100,17664.993232
-6783.559944,100,17665.315865
-6800.789978,100,17665.641099
-6004.399975,100,17666.72074
-8729.579971,100,17667.537575
-5387.399944,100,17667.943216
-10085.440014,100,17669.236568
-9155.839966,100,17670.032783
-6288.389969,100,17671.063603
-6364.639954,100,17671.777042
-11038.210022,100,17672.205595
-6304.079967,100,17672.902475
-9669.039978,100,17673.390568
-5811.33997,100,17673.838185
-8249.539986,100,17689.778921
-8967.859966,100,17690.092454
-6641.309998,100,17690.375935
-8042.309978,100,17690.680514
-6401.049995,100,17690.985909
-6707.099964,100,17691.291744
-6045.979961,100,17691.625394
-5634.949974,100,17691.950533
-6857.869972,100,17692.365997
-6947.889954,100,17693.231347
-8315.599953,100,17694.022899
-10780.199997,100,17694.575514
-10623.859962,100,17695.156993
-8884.780018,100,17695.715018
-7149.51997,100,17696.265541
-10538.400024,100,17696.588832
-5946.729946,100,17696.919769
-10251.929977,100,17697.297988
-7238.009998,100,17697.813969
-5956.799969,100,17698.369596
-8096.069981,100,17721.96366
-11379.509975,100,17722.620603
-9274.209984,100,17723.937642
-7018.439968,100,17724.57578
-10242.729984,100,17725.230082
-8678.53006,100,17725.812663
-10980.590004,100,17726.461821
-6430.419964,100,17727.041302
-9965.620003,100,17727.717351
-7323.189987,100,17728.757712
-9719.379971,100,17729.186899
-9654.730003,100,17730.676505
-8535.799957,100,17731.763074
-9822.089973,100,17732.589764
-9421.189972,100,17733.068233
-7086.699978,100,17733.894622
-6961.959965,100,17734.449029
-8560.220001,100,17735.177618
-8194.609966,100,17735.72969
-6872.189941,100,17736.287693
-6897.629982,100,17736.846178
-7842.839981,100,17759.891248
-7578.099964,100,17760.190551
-11174.950035,100,17760.483598
-14846.090012,100,17760.820891
-8096.159958,100,17761.2249
-7332.86998,100,17762.606067
-8248.889965,100,17763.279808
-7835.369968,100,17764.087862
-7389.969971,100,17764.972458
-6423.719982,100,17765.875527
-6832.09996,100,17767.077106
-9832.609966,100,17767.781732
-10017.78997,100,17768.364056
-13046.110004,100,17769.791477
-8591.149975,100,17770.649568
-11578.959976,100,17771.250698
-6627.179985,100,17771.862331
-6570.459961,100,17772.730276
-10298.849957,100,17773.324687
-5092.269955,100,17773.896687
-8447.200031,100,17800.36643
-7975.660027,100,17800.931525
-9416.809967,100,17801.367941
-9548.570072,100,17801.695859
-7099.959988,100,17802.045038
-7548.639965,100,17802.357626
-9170.989994,100,17802.796078
-7580.219971,100,17803.359169
-6275.399971,100,17804.134897
-7965.22995,100,17805.090986
-7690.18998,100,17805.771118
-8236.379978,100,17806.349357
-8611.150002,100,17806.956996
-8014.14999,100,17807.544613
-9361.199951,100,17808.109066
-10558.14006,100,17808.730249
-6834.759953,100,17809.54362
-8694.709976,100,17810.178011
-8018.729977,100,17810.782948
-4535.87999,100,17811.1844
-8808.509964,100,17811.707994
-11354.339981,100,17826.768972
-6067.08997,100,17827.335788
-12737.290009,100,17827.936229
-8841.840019,100,17828.507344
-7851.599979,100,17829.112523
-7153.459961,100,17830.05215
-7724.000038,100,17830.657724
-5091.389957,100,17832.04022
-7622.959949,100,17832.598063
-11059.050011,100,17833.343569
-5545.489967,100,17833.943924
-5185.979965,100,17834.54224
-8023.609928,100,17835.323905
-8511.469952,100,17836.489714
-5064.919971,100,17837.88677
-5373.659966,100,17838.76849
-7281.129955,100,17840.553085
-9292.5,100,17840.994687
-7943.649979,100,17841.370107
-8615.299988,100,17842.067253
-4690.999969,100,17858.035409
-8918.019981,100,17858.470038
-7778.54998,100,17859.281895
-7200.849953,100,17859.933573
-6574.499992,100,17860.585054
-9397.679962,100,17861.16282
-10204.079987,100,17861.730226
-7922.710011,100,17862.298663
-7139.729996,100,17862.906154
-8922.280029,100,17863.472528
-8067.849964,100,17864.023067
-6678.880024,100,17864.555433
-6468.079971,100,17865.104674
-13440.040047,100,17865.651598
-8569.799984,100,17866.210499
-6689.909981,100,17867.251049
-7666.179974,100,17867.797682
-5966.509945,100,17868.429127
-11177.519974,100,17869.417926
-12378.020008,100,17870.100666
-6105.389969,100,17870.752122
-8349.869987,100,17896.388038
-7995.97998,100,17896.961629
-8161.140049,100,17897.522197
-8278.519958,100,17898.078054
-5681.629963,100,17898.79934
-9530.009945,100,17899.652511
-4744.699978,100,17900.292332
-6956.629963,100,17900.858983
-8855.319977,100,17901.4829
-5758.749973,100,17902.590155
-9516.489994,100,17903.967498
-7038.099991,100,17904.595446
-9495.26997,100,17905.196719
-10495.710052,100,17905.826651
-9163.860016,100,17906.66516
-9071.669983,100,17907.267141
-9223.08004,100,17907.973196
-8315.379982,100,17908.578602
-15088.130089,100,17909.180181
-8231.599995,100,17909.650892
-7409.369968,100,17930.321405
-8801.010025,100,17930.88449
-8472.899967,100,17931.213466
-8039.329952,100,17931.602408
-10689.769962,100,17932.142536
-9845.509956,100,17932.585064
-5430.819977,100,17933.122107
-9628.439987,100,17933.533669
-9590.749981,100,17933.837501
-6268.689941,100,17934.723717
-7598.17997,100,17935.078316
-8876.17997,100,17935.392081
-7463.879955,100,17935.74177
-6495.97998,100,17936.099182
-6542.199989,100,17936.520256
-9389.279968,100,17936.844984
-7235.719963,100,17937.21434
-9050.559986,100,17937.593919
-7997.549973,100,17937.899733
-7823.499989,100,17938.200455
-12605.110046,100,17939.058995
-8882.619999,100,17956.10353
-9601.940033,100,17956.724
-9393.890003,100,17957.491597
-7462.309967,100,17958.08883
-7459.009983,100,17958.819772
-9419.76004,100,17959.715656
-6475.289936,100,17990.677263
-8871.059952,100,17991.082597
-7256.949989,100,17991.658654
-10233.440018,100,17992.204584
-8782.159966,100,17992.572391
-10462.830002,100,17992.935528
-6346.10997,100,17993.66648
-8545.149944,100,17994.807265
-9258.049934,100,17995.460133
-5754.229954,100,17996.286814
-9917.939938,100,17997.233163
-6135.989952,100,17997.867673
-8041.329967,100,17999.020129
-7170.059956,100,17999.812808
