#{"t_start": 1776613624.0221756, "env_id": "None"}
r,l,t
10306.733,100,3.130077
10290.232,100,3.130294
10519.3955,100,3.130336
9824.53,100,3.130354
10245.357,100,3.130368
10495.355,100,3.13038
10207.266,100,3.130394
10119.374,100,3.130406
10288.51,100,3.130418
10428.688,100,3.130434
10036.722,100,4.034224
10368.486,100,4.034368
10168.596,100,4.034401
10190.36,100,4.034416
10168.641,100,4.034429
9777.01,100,4.034442
9727.944,100,4.034456
10527.115,100,4.034469
10486.005,100,4.034482
9614.0,100,4.034495
10747.22,100,5.011061
10075.777,100,5.011214
10056.518,100,5.011263
10237.725,100,5.011295
10424.46,100,5.011322
10494.816,100,5.011351
10361.278,100,5.011381
10298.726,100,5.01141
10221.393,100,5.011437
9633.909,100,5.011462
10215.861,100,8.165603
10260.536,100,8.165864
10842.519,100,8.165907
10029.041,100,8.165925
10047.681,100,8.165942
10189.515,100,8.165958
9968.801,100,8.165976
10366.726,100,8.165993
10438.321,100,8.166009
10548.108,100,8.166025
10060.474,100,10.164379
10342.257,100,10.164987
10067.374,100,10.165133
10402.983,100,10.165224
10160.218,100,10.165307
10206.454,100,10.165393
10339.354,100,10.165476
10089.156,100,10.165563
10355.123,100,10.165644
10482.777,100,10.165725
9849.727,100,90.889563
9770.966,100,90.889756
10109.891,100,90.890011
10353.617,100,90.890028
10126.045,100,90.890042
9909.703,100,90.890054
10003.639,100,90.890075
10294.536,100,90.890092
10157.093,100,90.890106
10337.062,100,90.890119
10142.14,100,91.786159
10295.626,100,91.786294
10065.982,100,91.786315
10703.212,100,91.78633
10172.407,100,91.786343
10283.505,100,91.786356
9913.933,100,91.786368
9865.825,100,91.786381
9983.188,100,91.786394
9840.0,100,91.786406
10630.886,100,92.675143
10274.781,100,92.675285
9851.041,100,92.675308
10205.508,100,92.675323
10449.359,100,92.675337
10213.167,100,92.67535
9972.468,100,92.675364
10455.348,100,92.675378
10100.731,100,92.675391
10346.24,100,92.675405
10241.456,100,95.15836
10165.132,100,95.15851
10199.662,100,95.158532
9548.887,100,95.158546
10416.428,100,95.158558
10509.998,100,95.15857
10191.019,100,95.158581
10004.922,100,95.158593
10774.74,100,95.158604
9905.937,100,95.158615
10571.209,100,96.637752
10187.669,100,96.637908
9996.417,100,96.637931
10003.375,100,96.637946
10401.822,100,96.63796
10166.002,100,96.637974
10507.931,100,96.637989
10264.015,100,96.638002
9870.934,100,96.638015
10551.439,100,96.638028
10329.987,100,170.786407
10162.704,100,170.786544
10306.704,100,170.786568
10247.752,100,170.786581
10394.3955,100,170.786593
10701.918,100,170.786606
10146.056,100,170.786618
10381.73,100,170.78663
9718.279,100,170.786642
10606.322,100,170.786654
10100.119,100,171.65368
10047.327,100,171.65384
10034.558,100,171.653867
10646.399,100,171.653883
9580.519,100,171.653896
10262.525,100,171.65391
10322.203,100,171.653924
10093.2,100,171.653937
10262.112,100,171.653952
9841.823,100,171.653965
10229.816,100,172.595573
9733.051,100,172.595946
10438.299,100,172.595989
10037.137,100,172.596004
9884.374,100,172.596017
10265.874,100,172.596032
9964.57,100,172.596045
9719.021,100,172.596058
10532.609,100,172.59607
10257.861,100,172.596083
9850.593,100,174.524352
10430.201,100,174.524532
10093.629,100,174.524557
10453.931,100,174.524572
9666.823,100,174.524585
10140.55,100,174.524598
10538.17,100,174.524611
10182.7705,100,174.524622
10263.074,100,174.524636
10476.624,100,174.524648
10292.4375,100,175.439434
10264.353,100,175.439581
10496.328,100,175.439605
9653.049,100,175.43962
10037.853,100,175.439635
9692.981,100,175.43965
10218.836,100,175.439663
9854.443,100,175.439677
10243.539,100,175.43969
10391.187,100,175.439703
10217.167,100,239.115639
10121.705,100,239.115818
9831.186,100,239.115859
10192.417,100,239.115887
10078.822,100,239.115912
10215.551,100,239.115936
10099.315,100,239.115959
10171.188,100,239.115982
10103.465,100,239.116004
10857.26,100,239.116026
10471.837,100,240.130289
10109.237,100,240.130613
10105.865,100,240.130718
9941.862,100,240.130815
10506.424,100,240.130914
10608.735,100,240.131011
10509.611,100,240.131084
10403.824,100,240.131157
10167.578,100,240.131227
10071.416,100,240.131299
10143.774,100,242.254719
10113.897,100,242.254879
10745.04,100,242.254913
10574.055,100,242.254931
10321.018,100,242.254946
10118.304,100,242.254962
10073.048,100,242.254979
10206.374,100,242.254996
10555.323,100,242.255013
10082.659,100,242.255029
9978.374,100,244.730986
10660.017,100,244.731133
9758.22,100,244.731157
10177.188,100,244.731172
9905.444,100,244.731186
10058.253,100,244.731199
9628.593,100,244.731212
9990.055,100,244.731226
10160.017,100,244.731265
10269.399,100,244.73128
10237.1875,100,246.879829
10627.819,100,246.879953
9889.638,100,246.879978
9603.957,100,246.879993
10166.38,100,246.88001
10152.41,100,246.880024
10009.637,100,246.880038
9524.631,100,246.880052
10000.852,100,246.880065
10381.67,100,246.880079
10113.148,100,307.623914
10113.441,100,307.624051
10524.345,100,307.624075
9938.45,100,307.624089
9802.073,100,307.624102
10101.823,100,307.624114
10296.539,100,307.624125
10781.48,100,307.624137
10006.652,100,307.624148
9849.326,100,307.62416
10413.233,100,308.904751
10149.216,100,308.904922
10667.843,100,308.904949
9986.762,100,308.904964
9757.948,100,308.904979
10740.241,100,308.904994
10061.756,100,308.905008
9917.287,100,308.905022
10069.091,100,308.905036
10042.509,100,308.90505
10491.974,100,309.824261
10185.42,100,309.824424
9893.963,100,309.82445
9942.782,100,309.824467
9975.369,100,309.824482
10010.339,100,309.824496
10101.841,100,309.82451
10048.518,100,309.824523
10291.222,100,309.824537
10359.869,100,309.824551
10088.829,100,310.752491
9908.553,100,310.752633
10320.803,100,310.752656
10634.187,100,310.752671
10212.519,100,310.752685
10521.303,100,310.752698
10172.467,100,310.752712
9974.73,100,310.752725
10039.75,100,310.752738
10320.568,100,310.752752
10315.097,100,311.839679
10344.323,100,311.839832
9801.704,100,311.839855
10609.972,100,311.839869
9852.18,100,311.839882
10161.615,100,311.839894
10374.776,100,311.839907
10269.529,100,311.839922
9659.155,100,311.839937
10044.297,100,311.83995
9860.881,100,375.639517
10070.973,100,375.639658
9983.585,100,375.639698
10052.352,100,375.639715
10200.808,100,375.639731
10523.67,100,375.639746
10115.795,100,375.639786
10370.515,100,375.639803
10197.934,100,375.63982
10229.363,100,375.639835
10391.07,100,377.478596
10146.131,100,377.478793
10315.827,100,377.478841
10158.928,100,377.478873
9770.531,100,377.478902
9928.364,100,377.478934
10019.009,100,377.478962
10072.185,100,377.47899
10024.719,100,377.479018
9711.983,100,377.479045
10380.775,100,378.756284
9927.117,100,378.75645
9769.848,100,378.756475
10089.147,100,378.75649
9860.604,100,378.756504
9972.942,100,378.756518
10003.255,100,378.756531
10202.458,100,378.756544
10103.583,100,378.756557
10344.061,100,378.75657
9960.78,100,379.674386
10116.296,100,379.674524
9894.941,100,379.674547
9958.234,100,379.674562
10433.891,100,379.674575
10077.062,100,379.674588
10430.376,100,379.674601
10500.402,100,379.674614
10520.455,100,379.674627
10252.832,100,379.67464
10231.424,100,380.860415
9874.649,100,380.860546
10315.365,100,380.860567
10248.185,100,380.860581
10299.643,100,380.860595
10185.55,100,380.860607
9973.253,100,380.86062
9866.064,100,380.860633
9792.944,100,380.860646
10154.187,100,380.860658
9911.78,100,446.037899
9994.525,100,446.038036
9968.1875,100,446.038061
9853.034,100,446.038077
9677.809,100,446.03809
10315.155,100,446.038103
10306.203,100,446.038116
9897.718,100,446.03813
10346.19,100,446.038143
10105.446,100,446.038156
9888.604,100,447.182082
9993.548,100,447.183506
10129.874,100,447.183612
10648.927,100,447.183634
11094.428,100,447.18365
10246.582,100,447.183665
10413.562,100,447.183679
10358.424,100,447.183693
10048.655,100,447.183707
10724.821,100,447.183721
10057.1875,100,448.168615
10562.822,100,448.168805
10388.276,100,448.168832
9649.609,100,448.168848
10041.071,100,448.168887
10539.07,100,448.168924
10432.743,100,448.168937
10519.259,100,448.168953
9965.849,100,448.168967
10416.372,100,448.16898
9811.243,100,449.242677
10267.474,100,449.24285
10316.819,100,449.242879
10346.098,100,449.242895
9997.176,100,449.242909
10371.715,100,449.242923
9852.489,100,449.242937
10243.674,100,449.24295
9859.103,100,449.242964
10213.115,100,449.242979
10207.199,100,450.17978
10102.939,100,450.179947
10267.068,100,450.179975
10058.64,100,450.179991
10435.339,100,450.180008
10233.746,100,450.180022
9960.328,100,450.180035
10211.877,100,450.180049
10152.073,100,450.180062
10660.177,100,450.180075
11036.057,100,518.32184
10112.184,100,518.322947
9905.938,100,518.323038
9682.358,100,518.323057
10297.023,100,518.32307
10014.399,100,518.323083
10114.812,100,518.323252
9994.659,100,518.323265
10289.079,100,518.323277
10094.297,100,518.323289
10073.478,100,519.329879
9972.834,100,519.330012
10085.177,100,519.330036
10116.342,100,519.330053
9804.094,100,519.330066
9939.209,100,519.33008
10406.508,100,519.330094
9936.83,100,519.330107
10094.91,100,519.330121
9845.074,100,519.330134
10182.454,100,520.503986
10109.398,100,520.504341
10210.304,100,520.504461
9995.775,100,520.504548
10111.112,100,520.504635
10086.383,100,520.504711
10313.274,100,520.504725
10445.69,100,520.504739
10126.853,100,520.504751
10269.179,100,520.504781
9995.607,100,521.526503
10553.179,100,521.527017
10396.072,100,521.527173
10318.69,100,521.527259
9754.809,100,521.52738
10083.318,100,521.527396
9924.596,100,521.527412
10073.269,100,521.527427
10180.242,100,521.527441
10611.4,100,521.527455
10217.735,100,524.683742
10025.133,100,524.684423
9936.8955,100,524.684613
11041.002,100,524.684722
10615.867,100,524.684844
10578.96,100,524.684932
10353.36,100,524.685019
9854.038,100,524.685095
10514.479,100,524.68511
10574.6,100,524.685126
10325.716,100,580.14825
10289.556,100,580.148377
10425.583,100,580.148411
10415.379,100,580.148432
9882.058,100,580.148453
10521.514,100,580.148472
10308.304,100,580.14849
9982.311,100,580.148506
10023.135,100,580.148524
10326.752,100,580.148543
10090.729,100,581.091058
10159.828,100,581.091224
10855.551,100,581.091247
10546.959,100,581.091262
9868.18,100,581.091275
10846.435,100,581.091289
9826.663,100,581.091302
10395.074,100,581.091316
10262.229,100,581.091328
10670.523,100,581.091342
10340.774,100,582.010354
10372.817,100,582.010481
10413.477,100,582.010505
9896.367,100,582.01052
10394.332,100,582.010534
10489.847,100,582.010546
10159.266,100,582.01056
10061.373,100,582.010573
9926.068,100,582.010586
10052.813,100,582.010599
10235.29,100,583.571138
10123.085,100,583.571281
10274.242,100,583.571304
10110.984,100,583.57132
10412.463,100,583.571334
10111.405,100,583.571347
9975.775,100,583.571362
10533.313,100,583.571374
10773.533,100,583.571387
10617.181,100,583.5714
10660.703,100,585.03872
10124.151,100,585.038871
10143.354,100,585.038894
10595.079,100,585.038909
10381.621,100,585.038922
10376.173,100,585.038935
10540.952,100,585.038948
9746.45,100,585.038961
10288.694,100,585.038974
10179.398,100,585.038987
9956.94,100,586.003557
10294.166,100,586.0037
10529.87,100,586.003727
10015.004,100,586.003744
9865.923,100,586.003768
10315.513,100,586.003781
10426.739,100,586.003796
10442.476,100,586.003811
10127.072,100,586.003824
10585.373,100,586.003839
10093.208,100,645.145257
10372.26,100,645.145432
10143.558,100,645.145459
10402.524,100,645.145473
10145.217,100,645.145486
10331.828,100,645.145499
10719.883,100,645.145512
9866.863,100,645.145525
9917.076,100,645.145538
10002.8,100,645.145551
10922.489,100,646.713853
10259.629,100,646.713986
10413.117,100,646.714043
10182.637,100,646.71406
11076.543,100,646.714074
10443.529,100,646.714088
10342.766,100,646.714101
9977.583,100,646.714114
9983.761,100,646.714128
10469.005,100,646.714141
10379.1875,100,647.691927
10380.004,100,647.692105
10540.025,100,647.69213
9991.872,100,647.692145
10439.352,100,647.692159
9898.679,100,647.692197
10397.492,100,647.692233
10378.822,100,647.692248
9850.358,100,647.692262
10406.738,100,647.692276
10005.05,100,648.69355
10319.174,100,648.693695
10013.834,100,648.693717
9917.707,100,648.693732
10173.735,100,648.693745
10499.923,100,648.693778
10067.489,100,648.693791
9836.311,100,648.693804
10354.725,100,648.693816
10139.834,100,648.693832
10062.542,100,668.641497
10461.115,100,668.641679
9872.089,100,668.641711
9945.713,100,668.641727
9812.563,100,668.641742
10704.786,100,668.641755
9993.375,100,668.641783
10290.482,100,668.641821
10294.755,100,668.641835
10291.481,100,668.64185
10053.664,100,735.283808
10053.314,100,735.284645
10559.612,100,735.284811
10356.607,100,735.284892
9747.282,100,735.284961
10126.763,100,735.284977
10445.618,100,735.284991
10432.825,100,735.285004
10659.997,100,735.285017
10035.234,100,735.285031
10399.069,100,736.475054
10319.24,100,736.475206
9719.774,100,736.475232
10148.736,100,736.475249
10214.268,100,736.475264
9950.911,100,736.475278
10359.592,100,736.475293
10260.219,100,736.475308
10049.194,100,736.475322
10125.454,100,736.475337
9826.505,100,737.567458
10635.358,100,737.567615
9866.137,100,737.567637
10434.404,100,737.567652
10353.033,100,737.567665
10783.052,100,737.567677
10089.374,100,737.567691
10217.874,100,737.567705
10158.542,100,737.567718
10114.994,100,737.567731
10212.42,100,738.548072
9872.111,100,738.548218
10009.814,100,738.548242
10231.417,100,738.548257
9765.012,100,738.548271
10524.927,100,738.548285
10292.677,100,738.548299
10509.791,100,738.548312
9729.055,100,738.548325
10430.685,100,738.548339
10389.97,100,740.15633
9678.465,100,740.156503
9791.631,100,740.15654
10055.563,100,740.156554
10631.023,100,740.156567
10132.706,100,740.156579
10034.723,100,740.156592
10260.75,100,740.156605
10296.186,100,740.156618
10315.834,100,740.156631
10494.291,100,799.96984
10514.203,100,799.970029
10096.856,100,799.970059
10526.972,100,799.970076
9891.578,100,799.97009
10451.517,100,799.970104
10192.85,100,799.970119
10375.626,100,799.970132
9818.299,100,799.970146
10337.545,100,799.970159
10437.36,100,801.058226
9945.027,100,801.058403
10606.3955,100,801.058459
10276.278,100,801.05849
10532.291,100,801.058518
10068.783,100,801.058545
10407.933,100,801.058572
10122.864,100,801.058599
10441.253,100,801.058624
10503.261,100,801.058651
10508.153,100,803.757349
10143.071,100,803.757517
9814.229,100,803.757544
10487.455,100,803.757563
10125.055,100,803.757577
9954.383,100,803.757591
10062.626,100,803.757606
10231.897,100,803.75762
10234.661,100,803.757635
10488.832,100,803.757649
10643.246,100,805.315116
9588.622,100,805.315299
10244.51,100,805.315325
10026.987,100,805.315341
10044.187,100,805.315355
10351.0205,100,805.315369
10140.066,100,805.315385
10265.185,100,805.315399
9524.571,100,805.315413
10420.43,100,805.315428
10263.829,100,807.893299
10571.77,100,807.893436
9914.399,100,807.893458
10031.125,100,807.893472
10160.689,100,807.893484
9932.907,100,807.893496
9803.87,100,807.893507
9898.958,100,807.893517
10377.796,100,807.893528
10473.635,100,807.893538
10038.478,100,877.511814
10368.516,100,877.511977
10457.4795,100,877.512003
10048.792,100,877.512019
10102.171,100,877.512032
10337.9,100,877.512045
10271.129,100,877.512059
9863.186,100,877.512071
9606.414,100,877.512085
10279.357,100,877.512098
9925.703,100,878.639378
10152.732,100,878.639513
10494.034,100,878.639538
10617.313,100,878.639553
10009.903,100,878.639566
9957.642,100,878.639579
10499.052,100,878.639593
9846.085,100,878.639605
10120.938,100,878.639618
10023.079,100,878.63963
9863.826,100,879.868923
10362.117,100,879.869104
10439.038,100,879.869128
10382.185,100,879.869154
9664.181,100,879.869169
9836.114,100,879.869184
10471.243,100,879.869199
9968.873,100,879.869213
10306.368,100,879.869227
9768.428,100,879.869241
10692.939,100,881.141061
10284.267,100,881.141217
10738.065,100,881.141258
10049.748,100,881.141288
10601.045,100,881.141341
10097.069,100,881.141398
10162.471,100,881.141427
10050.233,100,881.141455
10378.878,100,881.14148
10667.209,100,881.141506
10116.003,100,882.122547
10426.86,100,882.122721
10649.09,100,882.122745
10055.425,100,882.122775
10470.29,100,882.122789
9742.913,100,882.122803
9927.14,100,882.122817
10154.133,100,882.122831
10411.828,100,882.122845
10464.277,100,882.122859
9974.223,100,950.198585
10069.851,100,950.198723
9890.318,100,950.198747
10541.615,100,950.19878
10161.712,100,950.198794
9829.814,100,950.198806
10163.275,100,950.198818
9904.349,100,950.19883
9589.588,100,950.198842
10176.622,100,950.198854
9992.765,100,951.116644
10297.604,100,951.116785
10108.554,100,951.11681
10258.515,100,951.116826
10174.789,100,951.11684
10160.854,100,951.116853
10268.882,100,951.116867
10020.469,100,951.11688
9855.991,100,951.116893
9826.488,100,951.116907
10341.478,100,952.199894
10275.884,100,952.200056
10356.283,100,952.20008
10050.78,100,952.200094
10523.855,100,952.200108
10229.899,100,952.200121
10021.028,100,952.200134
9912.37,100,952.200147
10183.954,100,952.20016
9774.063,100,952.200173
10461.381,100,953.255489
10315.949,100,953.25563
10202.973,100,953.255656
9798.867,100,953.255672
10188.11,100,953.255686
10518.381,100,953.2557
10132.969,100,953.255714
10558.885,100,953.255728
10314.053,100,953.255742
10461.886,100,953.255755
9991.316,100,954.200533
10124.32,100,954.200698
10290.379,100,954.200723
10198.445,100,954.200739
10232.792,100,954.200752
9878.989,100,954.200799
10198.458,100,954.200812
10418.867,100,954.200826
10373.562,100,954.20084
10562.895,100,954.200853
10093.856,100,1017.74745
10336.699,100,1017.747579
9807.3125,100,1017.747611
9610.647,100,1017.747629
9878.953,100,1017.747648
9722.538,100,1017.747667
10583.273,100,1017.747682
10071.02,100,1017.747695
10447.183,100,1017.747709
9619.186,100,1017.747724
10212.145,100,1018.736205
10340.961,100,1018.736348
10662.184,100,1018.736372
10523.105,100,1018.736388
10160.662,100,1018.736402
10164.295,100,1018.736415
10398.956,100,1018.736428
10025.516,100,1018.736442
9778.59,100,1018.736455
10349.5205,100,1018.736469
10078.486,100,1019.818273
10446.118,100,1019.818437
10516.956,100,1019.818479
10468.027,100,1019.81851
10333.493,100,1019.818539
10172.784,100,1019.818571
10169.968,100,1019.818598
10322.102,100,1019.818626
10379.534,100,1019.818651
9814.477,100,1019.818678
10413.38,100,1021.645195
10321.826,100,1021.645375
10226.064,100,1021.645397
10475.532,100,1021.645412
10307.654,100,1021.645426
10137.878,100,1021.64544
10118.759,100,1021.645454
10641.779,100,1021.645468
10453.653,100,1021.645481
10482.343,100,1021.645495
10402.871,100,1022.601578
10096.571,100,1022.601784
9438.358,100,1022.601816
9981.021,100,1022.601833
10220.461,100,1022.601847
10124.911,100,1022.601861
9834.258,100,1022.601874
10152.653,100,1022.601888
9478.9375,100,1022.601902
10328.677,100,1022.601917
10474.578,100,1092.601518
10189.995,100,1092.60169
10152.974,100,1092.601716
10038.548,100,1092.601731
10066.135,100,1092.601744
9784.882,100,1092.601757
9785.132,100,1092.601782
10336.685,100,1092.601795
10000.809,100,1092.601808
10694.673,100,1092.601822
9500.498,100,1093.702085
9949.114,100,1093.70224
9997.849,100,1093.702277
9791.959,100,1093.702306
10016.016,100,1093.702332
9935.254,100,1093.702357
10537.808,100,1093.702385
10486.153,100,1093.70241
10589.441,100,1093.702435
10732.014,100,1093.702459
10576.995,100,1094.688827
10444.346,100,1094.688977
10369.222,100,1094.689002
10023.498,100,1094.689017
9901.404,100,1094.689033
10353.565,100,1094.689047
10707.515,100,1094.689061
9834.143,100,1094.689074
10245.237,100,1094.689087
10247.289,100,1094.689101
10152.118,100,1095.610604
10116.848,100,1095.610754
9888.815,100,1095.610792
10054.454,100,1095.610809
10440.69,100,1095.610824
10485.44,100,1095.610838
10078.841,100,1095.610851
10028.949,100,1095.610866
9777.978,100,1095.610879
10062.6,100,1095.610893
10453.528,100,1096.639056
9437.41,100,1096.639224
9806.749,100,1096.639277
10405.745,100,1096.639294
9940.633,100,1096.63931
10477.716,100,1096.639325
10560.47,100,1096.63934
10301.267,100,1096.639355
10302.559,100,1096.639374
10611.783,100,1096.63939
10353.472,100,1167.021609
10125.538,100,1167.021739
10365.372,100,1167.021787
9825.503,100,1167.021802
10443.468,100,1167.021815
9866.34,100,1167.021827
9798.819,100,1167.021839
10407.55,100,1167.021852
10731.328,100,1167.021864
10096.54,100,1167.021875
9725.873,100,1167.953374
10514.503,100,1167.953516
10656.934,100,1167.953539
10199.446,100,1167.953554
10462.984,100,1167.953568
10463.707,100,1167.953581
10743.865,100,1167.953594
9726.982,100,1167.953607
9906.704,100,1167.95362
10651.394,100,1167.953635
10402.215,100,1168.892469
9604.764,100,1168.8926
10813.556,100,1168.892623
10627.092,100,1168.892638
9980.038,100,1168.892652
10261.204,100,1168.892665
9928.922,100,1168.892678
10836.73,100,1168.892692
10114.148,100,1168.892705
10084.966,100,1168.892718
10377.0205,100,1170.722693
9834.204,100,1170.722843
10924.328,100,1170.722869
10459.939,100,1170.722883
9801.2295,100,1170.722896
10308.083,100,1170.722908
10285.09,100,1170.722921
10222.004,100,1170.722933
9990.764,100,1170.722946
10430.387,100,1170.722958
10406.256,100,1171.771693
10252.879,100,1171.771853
10148.533,100,1171.771877
9963.695,100,1171.77189
10484.14,100,1171.771904
9715.604,100,1171.771917
9918.171,100,1171.77193
10389.148,100,1171.771944
10226.054,100,1171.771957
10038.998,100,1171.77197
10270.813,100,1173.242788
10082.606,100,1173.242918
10160.774,100,1173.242942
10203.872,100,1173.242958
10597.067,100,1173.242971
10226.533,100,1173.242984
10154.423,100,1173.242997
10349.373,100,1173.243011
9789.445,100,1173.243025
10486.8125,100,1173.243039
10393.289,100,1245.167813
10891.55,100,1245.168011
10130.328,100,1245.168041
10404.763,100,1245.168056
10345.524,100,1245.16807
9890.7705,100,1245.168084
10377.448,100,1245.168098
10474.967,100,1245.168112
9914.204,100,1245.168125
10442.544,100,1245.168139
10341.481,100,1246.141406
10104.7295,100,1246.141576
9823.539,100,1246.14162
10318.608,100,1246.141651
9768.143,100,1246.141679
10548.968,100,1246.141706
10572.148,100,1246.141735
10731.696,100,1246.14178
10563.386,100,1246.14181
10007.077,100,1246.141836
10040.13,100,1247.235975
10151.54,100,1247.236132
10162.923,100,1247.236156
10175.403,100,1247.236171
10233.338,100,1247.236186
10147.486,100,1247.236199
10416.037,100,1247.236213
10236.326,100,1247.236226
10337.511,100,1247.23624
9904.672,100,1247.236254
9836.369,100,1248.39202
10306.863,100,1248.392169
9901.807,100,1248.392192
10367.449,100,1248.392208
10168.906,100,1248.392223
10033.581,100,1248.392237
10047.008,100,1248.392251
10183.229,100,1248.392265
10431.056,100,1248.392278
9968.996,100,1248.392292
10166.832,100,1249.30332
9904.571,100,1249.303491
10441.509,100,1249.303517
10368.381,100,1249.303533
10594.847,100,1249.303546
10188.849,100,1249.303559
10645.693,100,1249.303573
10522.408,100,1249.303587
10610.998,100,1249.3036
10425.215,100,1249.303614
9947.666,100,1314.420332
9810.078,100,1314.421168
10090.417,100,1314.421326
10369.8125,100,1314.421407
9946.715,100,1314.421479
10120.806,100,1314.421555
10150.119,100,1314.421628
10113.905,100,1314.421698
10282.502,100,1314.421714
10183.24,100,1314.421728
10575.432,100,1315.289887
10304.252,100,1315.290019
9681.978,100,1315.290042
9973.022,100,1315.290057
10783.751,100,1315.290071
10311.446,100,1315.290085
11304.792,100,1315.290098
9431.566,100,1315.290111
10571.256,100,1315.290125
10124.049,100,1315.290138
10043.964,100,1316.279446
10245.874,100,1316.279587
10571.018,100,1316.279614
10104.272,100,1316.27963
10060.579,100,1316.279646
9859.981,100,1316.279661
10207.455,100,1316.279677
10034.563,100,1316.279691
10512.773,100,1316.279708
10314.582,100,1316.279723
10364.82,100,1317.254166
10307.523,100,1317.254347
10186.886,100,1317.254371
10064.081,100,1317.254387
10346.696,100,1317.254401
9903.029,100,1317.254442
10119.383,100,1317.25448
10203.921,100,1317.254497
10418.749,100,1317.254511
10018.232,100,1317.254524
10121.916,100,1320.12399
10647.979,100,1320.124674
10487.515,100,1320.124856
10549.858,100,1320.124974
10094.508,100,1320.125086
10402.655,100,1320.125193
9925.317,100,1320.12532
10084.116,100,1320.125426
9895.064,100,1320.125532
10401.086,100,1320.125636
9959.562,100,1385.484545
9687.032,100,1385.48472
10649.672,100,1385.484747
10278.618,100,1385.484775
10030.587,100,1385.48479
9720.536,100,1385.484803
10586.71,100,1385.484818
10712.406,100,1385.484831
9931.926,100,1385.484845
9661.776,100,1385.484859
10245.435,100,1386.937158
9964.069,100,1386.937316
10585.549,100,1386.93734
10247.184,100,1386.937358
10108.262,100,1386.937371
10310.695,100,1386.937385
10241.316,100,1386.937398
10524.002,100,1386.937412
10217.519,100,1386.937425
10545.833,100,1386.937439
10233.635,100,1388.03488
9970.522,100,1388.035045
10580.38,100,1388.035087
10054.058,100,1388.035116
10450.621,100,1388.035143
10105.9375,100,1388.035169
10212.251,100,1388.035194
10072.913,100,1388.035543
10210.885,100,1388.035576
9849.985,100,1388.035601
10575.602,100,1406.450596
10056.454,100,1406.450756
10411.731,100,1406.450818
9723.969,100,1406.45085
10663.249,100,1406.450878
9985.356,100,1406.450907
10449.117,100,1406.450934
10179.896,100,1406.450961
9978.659,100,1406.450987
10256.025,100,1406.451013
10295.193,100,1407.586325
10387.366,100,1407.586514
9906.273,100,1407.586538
10492.888,100,1407.586555
10614.16,100,1407.586571
10386.083,100,1407.586584
10324.45,100,1407.586597
10268.279,100,1407.58661
10190.426,100,1407.586624
10706.574,100,1407.586638
10340.506,100,1470.741667
10451.527,100,1470.741838
9704.5,100,1470.741869
10085.254,100,1470.741884
9953.724,100,1470.741897
10499.719,100,1470.74191
9850.094,100,1470.741924
10544.772,100,1470.741936
10281.969,100,1470.741949
10749.584,100,1470.741962
10249.161,100,1471.72856
10251.928,100,1471.728696
9758.151,100,1471.728721
9466.75,100,1471.728736
9841.259,100,1471.72875
9772.191,100,1471.728788
10586.736,100,1471.728802
10207.289,100,1471.728816
10491.234,100,1471.72883
10254.664,100,1471.728846
10142.458,100,1472.77807
10553.361,100,1472.778217
10695.232,100,1472.778243
10041.393,100,1472.778258
9612.121,100,1472.778272
10061.844,100,1472.778288
10362.642,100,1472.778301
10421.588,100,1472.778316
10374.983,100,1472.77833
10517.282,100,1472.778345
10459.419,100,1475.731474
10680.994,100,1475.731633
10478.304,100,1475.731676
9651.195,100,1475.731707
10362.72,100,1475.731735
9795.739,100,1475.731777
10267.8,100,1475.731806
9882.826,100,1475.731834
9983.499,100,1475.73186
9310.641,100,1475.731886
10195.292,100,1479.453708
10325.658,100,1479.453941
10426.0625,100,1479.454224
10007.695,100,1479.454254
9685.728,100,1479.45427
10202.5,100,1479.454286
10613.843,100,1479.4543
10521.392,100,1479.454315
10067.868,100,1479.454329
10273.258,100,1479.454345
9930.156,100,1539.660808
10577.823,100,1539.660939
10510.101,100,1539.660966
10127.8,100,1539.660981
10332.262,100,1539.660995
9786.023,100,1539.661009
10296.844,100,1539.661023
10314.842,100,1539.661036
10671.754,100,1539.66105
10053.706,100,1539.661064
10151.741,100,1540.657664
10567.269,100,1540.657848
10495.279,100,1540.657876
9933.215,100,1540.657891
10539.108,100,1540.657904
10116.097,100,1540.657918
10317.738,100,1540.657932
9885.335,100,1540.657945
10496.289,100,1540.657958
10105.391,100,1540.657974
10414.624,100,1541.607841
10421.383,100,1541.608016
10316.708,100,1541.608044
10655.228,100,1541.608058
9717.886,100,1541.608072
10247.757,100,1541.608085
9829.461,100,1541.608098
9962.807,100,1541.60811
9717.82,100,1541.608124
9812.135,100,1541.608137
10378.707,100,1542.519742
10340.608,100,1542.519933
10151.055,100,1542.519958
9812.713,100,1542.519974
10299.908,100,1542.519987
10276.876,100,1542.520002
10408.375,100,1542.520016
10080.923,100,1542.52003
10358.8125,100,1542.520044
10546.874,100,1542.520082
10673.66,100,1543.434908
9884.23,100,1543.43505
9971.56,100,1543.435076
10513.9375,100,1543.435091
9715.593,100,1543.435107
10177.949,100,1543.435121
10266.05,100,1543.435136
10562.928,100,1543.43515
10525.72,100,1543.435164
9833.342,100,1543.435179
10134.584,100,1607.905452
10109.906,100,1607.905591
9871.6875,100,1607.905614
9975.703,100,1607.905629
9833.705,100,1607.905641
9933.943,100,1607.905653
10540.641,100,1607.905664
10933.683,100,1607.905677
9738.513,100,1607.905689
10516.227,100,1607.9057
9820.825,100,1609.047833
10133.611,100,1609.047968
10154.238,100,1609.047992
10293.547,100,1609.048008
9957.066,100,1609.048023
10280.534,100,1609.048037
10225.976,100,1609.048051
10081.085,100,1609.048065
10303.841,100,1609.048079
10538.123,100,1609.048092
10363.1,100,1610.359527
9938.472,100,1610.359653
10402.283,100,1610.359677
10858.002,100,1610.359794
10074.872,100,1610.359812
9907.023,100,1610.359826
10403.993,100,1610.359842
10154.189,100,1610.359854
9940.922,100,1610.359868
10165.89,100,1610.359882
10171.79,100,1611.232683
10220.057,100,1611.232865
10296.865,100,1611.232898
9761.429,100,1611.232913
10234.257,100,1611.232927
10834.979,100,1611.23294
10264.009,100,1611.232955
10134.701,100,1611.232969
10384.772,100,1611.232982
9840.876,100,1611.232996
10561.45,100,1612.119606
10099.78,100,1612.119734
9996.78,100,1612.119787
10233.49,100,1612.119803
10518.997,100,1612.119817
10089.728,100,1612.119831
9880.34,100,1612.119845
10243.684,100,1612.119859
10293.167,100,1612.119872
10273.919,100,1612.119885
9865.997,100,1675.216352
10082.483,100,1675.216606
9853.911,100,1675.216642
10014.088,100,1675.21666
10177.387,100,1675.216775
10346.465,100,1675.216791
10358.483,100,1675.216806
10292.366,100,1675.217626
9958.462,100,1675.217669
9851.777,100,1675.217687
9991.408,100,1676.802848
10434.536,100,1676.803005
10366.807,100,1676.803046
10326.691,100,1676.803077
10346.127,100,1676.803104
10390.056,100,1676.803131
10759.883,100,1676.80316
10186.619,100,1676.803186
9843.844,100,1676.803212
10055.775,100,1676.803237
10168.271,100,1678.00133
10232.763,100,1678.001446
10247.935,100,1678.001474
9981.789,100,1678.001486
10374.137,100,1678.001497
10324.143,100,1678.001505
10314.012,100,1678.001514
10226.011,100,1678.001524
10057.194,100,1678.001533
9946.392,100,1678.001542
10601.741,100,1679.032076
10536.085,100,1679.032403
10178.631,100,1679.032446
10435.495,100,1679.032463
10022.174,100,1679.032477
10048.381,100,1679.032492
10216.858,100,1679.032506
10359.668,100,1679.032519
10112.66,100,1679.032532
10354.305,100,1679.032546
10346.445,100,1679.914998
10436.401,100,1679.915142
10355.607,100,1679.915166
9956.181,100,1679.91518
10396.476,100,1679.915195
9950.755,100,1679.915209
9834.137,100,1679.915223
10639.475,100,1679.915236
9986.847,100,1679.915249
9785.597,100,1679.915263
9797.857,100,1750.087543
10117.351,100,1750.087684
10306.738,100,1750.087708
10228.163,100,1750.087722
9690.739,100,1750.087733
10379.343,100,1750.087745
10234.564,100,1750.087779
10369.525,100,1750.087792
10480.201,100,1750.087804
10245.8125,100,1750.087815
10364.689,100,1751.22289
9986.924,100,1751.22306
9847.636,100,1751.223083
10429.135,100,1751.223098
9809.714,100,1751.223111
10379.717,100,1751.223124
10672.013,100,1751.223137
10625.19,100,1751.22315
9923.704,100,1751.223163
10600.8,100,1751.223176
10324.766,100,1753.819877
10475.214,100,1753.820012
10437.292,100,1753.820034
10336.502,100,1753.820048
10472.436,100,1753.82006
10412.295,100,1753.820072
10298.61,100,1753.820084
10470.474,100,1753.820096
9740.5,100,1753.820108
9583.371,100,1753.820121
10149.107,100,1756.595213
10729.706,100,1756.595385
10392.283,100,1756.595429
10294.4375,100,1756.595461
10049.297,100,1756.595503
10044.69,100,1756.595531
10465.34,100,1756.595559
10020.194,100,1756.595585
10069.17,100,1756.595611
10366.106,100,1756.595637
10134.685,100,1758.654921
10114.394,100,1758.65509
9972.07,100,1758.655113
9535.806,100,1758.655128
10266.396,100,1758.655161
9840.316,100,1758.655199
10900.435,100,1758.655212
10362.123,100,1758.655225
10229.717,100,1758.655238
9866.235,100,1758.655252
10039.407,100,1759.625503
10588.27,100,1759.625658
10487.918,100,1759.625684
10556.785,100,1759.625699
9742.984,100,1759.625713
10171.632,100,1759.625727
10119.069,100,1759.62574
9570.808,100,1759.625754
10038.624,100,1759.625966
10245.827,100,1759.625982
10259.54,100,1821.503855
9969.262,100,1821.504024
10372.889,100,1821.504049
10521.053,100,1821.504064
9852.493,100,1821.504077
10204.674,100,1821.50409
10905.317,100,1821.504103
10481.803,100,1821.504116
10198.799,100,1821.504129
10097.779,100,1821.504142
9960.825,100,1822.383747
10856.649,100,1822.383894
10243.19,100,1822.383918
10596.4375,100,1822.383932
10238.5205,100,1822.383947
10005.174,100,1822.38396
10077.336,100,1822.383974
9777.813,100,1822.383987
9991.857,100,1822.384001
10115.016,100,1822.384015
10375.727,100,1823.284734
10358.59,100,1823.284884
9662.164,100,1823.284907
9902.6455,100,1823.284922
9926.798,100,1823.284936
10267.099,100,1823.28495
10487.989,100,1823.284965
10130.97,100,1823.284978
10203.928,100,1823.284992
10129.309,100,1823.285005
10029.174,100,1824.422999
10052.7705,100,1824.423139
10005.579,100,1824.423164
10079.876,100,1824.423178
10309.765,100,1824.423192
10202.202,100,1824.423205
10261.995,100,1824.423217
10319.529,100,1824.423229
10314.426,100,1824.423242
9631.438,100,1824.423254
10029.948,100,1825.40337
10353.971,100,1825.403522
10564.717,100,1825.403545
10419.507,100,1825.40356
9903.517,100,1825.403573
10353.03,100,1825.403587
10630.781,100,1825.403601
9812.348,100,1825.403614
10181.379,100,1825.403627
10333.664,100,1825.403641
10219.874,100,1886.823327
10328.546,100,1886.823514
10289.566,100,1886.823558
10470.385,100,1886.823587
10161.325,100,1886.823615
10347.072,100,1886.823642
9908.659,100,1886.823667
10761.011,100,1886.823694
10293.26,100,1886.823719
10495.504,100,1886.824921
10430.386,100,1889.110382
10121.662,100,1889.110519
10436.066,100,1889.110543
9960.001,100,1889.110559
10017.725,100,1889.110573
9933.626,100,1889.110588
10313.693,100,1889.110601
9878.16,100,1889.110687
10252.6,100,1889.110703
10391.151,100,1889.110722
10263.247,100,1890.076535
10374.737,100,1890.076697
10110.561,100,1890.076719
10192.805,100,1890.076734
10119.074,100,1890.076747
10147.825,100,1890.076775
10093.488,100,1890.076789
10055.051,100,1890.076802
10343.0205,100,1890.076816
9881.909,100,1890.07683
10007.312,100,1891.019214
10557.948,100,1891.019353
10315.956,100,1891.019376
9780.462,100,1891.01939
10368.308,100,1891.019404
9949.575,100,1891.019418
9924.238,100,1891.019431
10652.931,100,1891.019445
10411.854,100,1891.019458
10215.048,100,1891.019471
10153.488,100,1891.959675
10275.636,100,1891.959877
9866.808,100,1891.959901
10100.573,100,1891.959918
10571.854,100,1891.959932
9867.867,100,1891.959945
10152.562,100,1891.959959
10099.304,100,1891.959971
10270.22,100,1891.959984
9739.055,100,1891.959997
10213.337,100,1956.677205
10298.093,100,1956.67737
10374.882,100,1956.677398
10425.54,100,1956.677414
10197.965,100,1956.677429
10285.448,100,1956.677444
10881.888,100,1956.677458
10126.922,100,1956.677471
10035.595,100,1956.677486
9902.641,100,1956.6775
9644.646,100,1957.636186
10045.354,100,1957.636513
9933.248,100,1957.636549
10413.531,100,1957.636565
10589.01,100,1957.63658
9852.964,100,1957.636595
10180.212,100,1957.636609
10253.036,100,1957.636622
10419.586,100,1957.636636
10487.617,100,1957.636649
10285.488,100,1959.269354
10571.755,100,1959.269509
10104.182,100,1959.26955
10712.442,100,1959.26958
10081.58,100,1959.269608
10610.509,100,1959.269634
10149.682,100,1959.26966
10468.812,100,1959.269684
10280.109,100,1959.269711
10061.737,100,1959.269735
10191.661,100,1961.289268
10069.167,100,1961.28962
10379.705,100,1961.289742
10232.97,100,1961.289845
10251.287,100,1961.289939
10031.685,100,1961.290029
9919.634,100,1961.290114
9822.502,100,1961.290199
10438.411,100,1961.290307
10363.122,100,1961.290405
10407.975,100,1962.540002
10479.701,100,1962.540142
10195.096,100,1962.540166
10424.684,100,1962.54018
10326.225,100,1962.540193
10231.701,100,1962.540206
9765.054,100,1962.54022
10478.893,100,1962.540234
10531.891,100,1962.540248
10352.927,100,1962.540261
10468.294,100,2023.280888
10386.95,100,2023.28103
10080.2705,100,2023.281059
10341.574,100,2023.281077
9919.713,100,2023.281092
10155.682,100,2023.281107
10502.002,100,2023.281121
9637.006,100,2023.281137
10162.343,100,2023.281152
10271.468,100,2023.281166
10005.224,100,2025.574658
10164.144,100,2025.574833
10223.787,100,2025.574862
10677.796,100,2025.57488
10017.069,100,2025.574895
10319.214,100,2025.574911
10242.219,100,2025.574925
10032.432,100,2025.574941
10082.708,100,2025.574955
10262.082,100,2025.57497
10191.837,100,2028.290487
10429.082,100,2028.290661
10052.245,100,2028.290703
10071.96,100,2028.290735
10275.018,100,2028.290775
10347.377,100,2028.290804
10407.685,100,2028.290832
10376.372,100,2028.290859
10132.557,100,2028.290885
10360.605,100,2028.290911
9836.997,100,2029.546295
10472.462,100,2029.547007
10168.51,100,2029.547179
10773.347,100,2029.547262
10138.627,100,2029.547277
9569.111,100,2029.547292
10493.676,100,2029.547306
10294.533,100,2029.547319
10362.271,100,2029.547334
10129.698,100,2029.547348
10266.051,100,2030.974799
9974.108,100,2030.975588
10106.798,100,2030.975815
9702.306,100,2030.975967
10227.382,100,2030.976099
10178.624,100,2030.976229
9869.016,100,2030.976357
10084.576,100,2030.976472
9796.041,100,2030.976505
10345.309,100,2030.976533
10352.785,100,2091.216034
10516.135,100,2091.21689
10465.769,100,2091.217042
10357.27,100,2091.217062
10122.181,100,2091.217077
9845.967,100,2091.217091
9949.771,100,2091.217105
10297.111,100,2091.217119
10040.151,100,2091.217133
10533.271,100,2091.217147
10144.563,100,2092.092623
9773.689,100,2092.092776
10092.027,100,2092.092805
10680.114,100,2092.092822
10196.094,100,2092.092836
10645.881,100,2092.09285
9903.734,100,2092.092865
9624.648,100,2092.092878
10359.941,100,2092.092891
10762.093,100,2092.092905
10108.275,100,2110.166876
9963.361,100,2110.167022
10388.392,100,2110.167048
10407.535,100,2110.167065
10242.641,100,2110.16708
10330.525,100,2110.167095
10094.383,100,2110.167109
10162.382,100,2110.167124
9865.717,100,2110.167138
10192.162,100,2110.167152
10670.142,100,2111.121355
10383.517,100,2111.12149
10728.983,100,2111.121512
10439.115,100,2111.121527
10171.621,100,2111.121542
10740.427,100,2111.121555
10483.392,100,2111.121568
9816.244,100,2111.121582
9948.401,100,2111.121597
10738.944,100,2111.12161
10535.649,100,2112.094243
10374.133,100,2112.094391
10282.687,100,2112.094414
10050.061,100,2112.094431
10112.906,100,2112.094446
10315.756,100,2112.09446
10284.704,100,2112.094474
10398.466,100,2112.094488
10287.637,100,2112.094502
10178.319,100,2112.094515
10280.012,100,2179.126608
10204.626,100,2179.126745
10368.916,100,2179.126782
10180.494,100,2179.126799
10263.267,100,2179.126812
10172.016,100,2179.126826
10453.854,100,2179.126839
10053.895,100,2179.126853
10114.32,100,2179.126867
10440.424,100,2179.126881
10163.572,100,2181.334962
10176.838,100,2181.335116
10294.554,100,2181.335157
9961.324,100,2181.33519
10343.622,100,2181.335218
9955.882,100,2181.335246
10458.141,100,2181.335274
10559.809,100,2181.335299
10050.8,100,2181.335326
10416.903,100,2181.335351
10158.133,100,2182.346152
10638.803,100,2182.346291
9891.103,100,2182.346314
10375.165,100,2182.346329
9665.24,100,2182.346343
10170.719,100,2182.346357
10196.608,100,2182.346371
10235.914,100,2182.346385
10204.07,100,2182.346398
10237.885,100,2182.346412
10419.364,100,2183.249864
10261.855,100,2183.249994
10578.792,100,2183.250017
10015.905,100,2183.250032
9825.876,100,2183.250045
10224.274,100,2183.250059
10073.865,100,2183.250072
10229.681,100,2183.250085
10024.302,100,2183.250098
10280.989,100,2183.250111
9890.964,100,2184.809167
10397.071,100,2184.809322
10263.921,100,2184.809366
10265.464,100,2184.809381
10272.925,100,2184.809393
10172.511,100,2184.809405
10317.518,100,2184.809417
9775.412,100,2184.809429
10256.651,100,2184.80944
9974.225,100,2184.809455
9699.564,100,2247.66963
10010.339,100,2247.669795
9994.871,100,2247.669829
10207.54,100,2247.669845
10200.883,100,2247.669859
10397.025,100,2247.669873
9820.992,100,2247.669887
10610.178,100,2247.669908
10544.911,100,2247.669921
10383.761,100,2247.669935
10715.314,100,2248.611747
10438.963,100,2248.611904
10067.246,100,2248.611929
10195.34,100,2248.611944
10561.438,100,2248.611959
10615.676,100,2248.611973
10007.93,100,2248.611986
9875.917,100,2248.612
10153.723,100,2248.612015
9971.703,100,2248.612029
9777.009,100,2249.529933
10420.857,100,2249.530109
10205.019,100,2249.530134
10371.373,100,2249.530149
10409.373,100,2249.530163
10240.318,100,2249.530177
10194.871,100,2249.53019
10355.789,100,2249.530205
10263.104,100,2249.530218
10002.812,100,2249.530232
10005.084,100,2250.849429
10017.386,100,2250.849586
10098.057,100,2250.849609
10145.25,100,2250.849623
10347.957,100,2250.849636
10280.433,100,2250.849648
10608.124,100,2250.849661
9750.527,100,2250.849673
10001.213,100,2250.849685
10010.321,100,2250.849699
10440.5205,100,2252.166089
9842.617,100,2252.166246
10197.971,100,2252.166288
9547.663,100,2252.166319
9679.212,100,2252.166345
10360.929,100,2252.16637
10665.332,100,2252.166397
10952.476,100,2252.166422
10172.881,100,2252.166448
10089.201,100,2252.166472
10414.486,100,2317.338667
10133.54,100,2317.338874
9883.856,100,2317.338905
10328.09,100,2317.33892
10353.188,100,2317.338934
10018.836,100,2317.338948
9852.655,100,2317.338961
10239.183,100,2317.338973
9974.401,100,2317.338987
10247.626,100,2317.339
10017.986,100,2318.467541
9987.401,100,2318.467705
10381.416,100,2318.467733
10278.709,100,2318.467747
9880.088,100,2318.467772
10007.129,100,2318.467785
9920.134,100,2318.467798
10439.892,100,2318.467811
10415.64,100,2318.467824
10515.457,100,2318.467838
9780.883,100,2319.500688
11003.616,100,2319.500846
10656.106,100,2319.500872
9884.873,100,2319.500888
10003.708,100,2319.500902
10436.332,100,2319.500916
10231.097,100,2319.50093
10151.96,100,2319.500945
10272.793,100,2319.500959
10628.457,100,2319.500973
9796.941,100,2321.793052
10130.36,100,2321.793189
10762.026,100,2321.79321
10484.425,100,2321.793224
10480.503,100,2321.793236
10395.279,100,2321.793247
10455.587,100,2321.793259
9724.025,100,2321.79327
10218.424,100,2321.793282
10205.389,100,2321.793293
10460.959,100,2322.738939
10267.987,100,2322.739282
10097.789,100,2322.739398
10826.055,100,2322.739415
10501.867,100,2322.739429
10225.935,100,2322.739444
10367.389,100,2322.739459
9936.871,100,2322.739472
10226.801,100,2322.739487
10170.898,100,2322.739501
10323.488,100,2397.523986
10281.623,100,2397.524173
10424.723,100,2397.524218
10402.952,100,2397.524251
10269.694,100,2397.52428
10521.95,100,2397.524307
10286.829,100,2397.524334
10304.787,100,2397.52436
10480.16,100,2397.524386
10397.572,100,2397.524412
10175.474,100,2398.686743
10112.732,100,2398.686905
10527.725,100,2398.686929
9962.506,100,2398.686943
10667.812,100,2398.686957
10527.281,100,2398.68697
9920.632,100,2398.686984
10725.496,100,2398.686997
10541.33,100,2398.68701
9384.367,100,2398.687023
10240.87,100,2401.659448
10364.119,100,2401.659614
9851.639,100,2401.659661
9805.89,100,2401.659696
10207.985,100,2401.659727
10274.982,100,2401.659757
10277.27,100,2401.659802
10385.486,100,2401.659832
9670.864,100,2401.65986
11046.624,100,2401.659889
10143.176,100,2403.200078
10144.887,100,2403.200274
10317.353,100,2403.200299
9834.248,100,2403.200316
10205.129,100,2403.200332
9979.277,100,2403.200347
10276.419,100,2403.200362
10243.578,100,2403.200378
10959.483,100,2403.200394
10662.909,100,2403.200408
9849.774,100,2404.919521
10208.52,100,2404.919649
10441.126,100,2404.919673
10431.273,100,2404.919688
10577.999,100,2404.919702
10174.537,100,2404.919736
10821.812,100,2404.919788
10248.815,100,2404.919803
10258.489,100,2404.919816
10316.623,100,2404.919828
10003.76,100,2406.132852
10544.463,100,2406.132991
10272.031,100,2406.133018
10051.502,100,2406.133034
10430.586,100,2406.133047
10585.289,100,2406.13306
10702.663,100,2406.133073
9973.894,100,2406.133086
9917.282,100,2406.1331
10253.111,100,2406.133113
10406.415,100,2504.593612
10547.881,100,2504.595744
10153.668,100,2504.595857
9958.419,100,2504.595891
9745.003,100,2504.595917
10720.969,100,2504.595942
10624.022,100,2504.595967
10185.75,100,2504.595991
10042.326,100,2504.596016
9787.836,100,2504.59604
10380.174,100,2505.754437
10128.999,100,2505.754588
10050.294,100,2505.754614
10717.865,100,2505.75463
10034.789,100,2505.754645
9858.204,100,2505.754661
10591.364,100,2505.754676
9911.743,100,2505.754692
9546.562,100,2505.754706
10089.807,100,2505.754721
10462.79,100,2507.375901
10356.764,100,2507.37606
9980.335,100,2507.376087
9758.58,100,2507.376104
9967.223,100,2507.37612
10091.608,100,2507.376136
10034.294,100,2507.376151
9791.0625,100,2507.376166
10294.611,100,2507.376182
10119.854,100,2507.376197
9906.463,100,2508.573206
9631.233,100,2508.573396
10194.235,100,2508.573421
10452.752,100,2508.573437
9944.7295,100,2508.573452
9945.076,100,2508.573467
10049.866,100,2508.573481
10550.057,100,2508.573495
10179.899,100,2508.573509
10110.846,100,2508.573523
9960.165,100,2509.875351
9999.033,100,2509.875736
9782.768,100,2509.876195
10272.525,100,2509.876318
10297.124,100,2509.876408
10758.583,100,2509.876493
10290.1875,100,2509.876575
10446.569,100,2509.876657
10451.038,100,2509.876676
10806.021,100,2509.876692
10427.743,100,2582.10326
10698.013,100,2582.103399
10289.558,100,2582.103426
10733.577,100,2582.103442
10450.593,100,2582.103456
10592.036,100,2582.10347
10316.834,100,2582.103485
10183.822,100,2582.103499
10310.64,100,2582.103513
10142.251,100,2582.103528
10420.416,100,2583.644134
9843.82,100,2583.644277
10190.331,100,2583.644302
10460.345,100,2583.644321
10361.98,100,2583.644336
10298.154,100,2583.644351
9964.352,100,2583.644367
10494.961,100,2583.644381
10279.711,100,2583.644396
10590.45,100,2583.644412
9988.83,100,2584.771642
9829.254,100,2584.77181
10393.524,100,2584.771838
9913.422,100,2584.771855
10641.336,100,2584.771869
10181.42,100,2584.771884
10123.644,100,2584.771899
10116.623,100,2584.771913
10455.217,100,2584.771927
10303.855,100,2584.771942
9698.096,100,2586.92419
10253.227,100,2586.924335
10212.963,100,2586.924361
10891.911,100,2586.924377
9895.013,100,2586.924392
10757.995,100,2586.924407
9903.415,100,2586.924421
10458.009,100,2586.924436
10154.275,100,2586.92445
10438.829,100,2586.924464
9731.004,100,2587.919774
10643.26,100,2587.919913
10515.062,100,2587.919936
10065.613,100,2587.919951
10321.399,100,2587.919966
9833.941,100,2587.91998
10706.9,100,2587.919994
10334.658,100,2587.920008
10210.712,100,2587.920022
10893.324,100,2587.920035
10000.099,100,2673.931776
10339.55,100,2673.931988
10734.453,100,2673.932017
10298.428,100,2673.932035
10894.056,100,2673.93205
10272.14,100,2673.932065
10245.782,100,2673.93208
9717.223,100,2673.932096
10360.61,100,2673.932111
10580.829,100,2673.932125
10657.876,100,2675.539224
10333.274,100,2675.539376
10237.592,100,2675.539403
10527.244,100,2675.539806
10494.51,100,2675.539841
9930.664,100,2675.539859
10408.123,100,2675.539876
10409.625,100,2675.539891
10417.152,100,2675.539908
9929.779,100,2675.539924
10050.49,100,2678.586956
10128.42,100,2678.587111
9943.89,100,2678.587139
10099.447,100,2678.587157
10274.672,100,2678.587173
10413.876,100,2678.587189
10189.635,100,2678.587489
10570.306,100,2678.587641
9863.085,100,2678.587733
10425.372,100,2678.587854
10091.166,100,2681.063264
10111.541,100,2681.063412
10077.117,100,2681.063437
10196.008,100,2681.063455
10295.018,100,2681.06347
10303.383,100,2681.063486
10735.9795,100,2681.063502
10589.681,100,2681.063519
9842.306,100,2681.063534
9966.658,100,2681.063573
9957.262,100,2682.80833
9929.176,100,2682.808493
10399.201,100,2682.80852
10190.705,100,2682.808539
10629.175,100,2682.808553
10566.887,100,2682.808565
10203.193,100,2682.808578
10101.257,100,2682.808595
10483.958,100,2682.80861
10109.334,100,2682.808626
10318.86,100,2771.03283
10361.334,100,2771.033003
10093.683,100,2771.033035
10089.133,100,2771.033051
10584.868,100,2771.033066
10677.264,100,2771.03308
9824.823,100,2771.033095
10690.193,100,2771.03311
10325.504,100,2771.033124
10033.147,100,2771.033138
10109.286,100,2773.096586
10723.9795,100,2773.09671
10288.005,100,2773.096735
10727.895,100,2773.096748
10246.425,100,2773.096776
10036.634,100,2773.096788
10583.713,100,2773.096799
9929.603,100,2773.096811
10252.049,100,2773.096823
10861.155,100,2773.096833
9832.382,100,2774.562312
9594.132,100,2774.562479
9972.253,100,2774.562502
10358.21,100,2774.562517
10196.978,100,2774.56253
10130.141,100,2774.562542
10187.218,100,2774.562556
9810.289,100,2774.562568
10111.128,100,2774.562582
10306.303,100,2774.562595
10229.883,100,2776.857226
10437.732,100,2776.857365
10552.132,100,2776.857389
10240.049,100,2776.857406
10510.267,100,2776.85742
10326.387,100,2776.857436
10557.266,100,2776.857451
10079.013,100,2776.857465
10566.4,100,2776.85748
10217.114,100,2776.857499
9997.725,100,2778.775976
9883.447,100,2778.77615
10249.441,100,2778.776191
10331.778,100,2778.77622
10317.9795,100,2778.776246
9706.597,100,2778.776271
9895.617,100,2778.776295
10478.337,100,2778.77632
10409.506,100,2778.776346
10440.723,100,2778.776373
9937.676,100,2860.400844
10263.232,100,2860.401815
10157.12,100,2860.402044
10346.156,100,2860.40218
10126.421,100,2860.402221
9864.921,100,2860.402252
9928.509,100,2860.402281
9988.565,100,2860.402308
10702.047,100,2860.402335
10047.794,100,2860.402361
10051.4,100,2861.565429
9858.624,100,2861.566086
10286.761,100,2861.566245
9854.228,100,2861.56627
10016.605,100,2861.566287
10478.978,100,2861.566302
10363.641,100,2861.566317
9989.81,100,2861.566332
10437.361,100,2861.566346
10525.469,100,2861.566361
10064.598,100,2862.610982
10314.857,100,2862.611116
9910.628,100,2862.611143
10057.358,100,2862.61116
9914.967,100,2862.611175
10370.463,100,2862.61119
9709.739,100,2862.611205
10056.253,100,2862.611219
10362.466,100,2862.611234
9495.285,100,2862.611248
10221.274,100,2863.953795
9848.605,100,2863.953936
10155.269,100,2863.95396
10400.8125,100,2863.953977
10180.783,100,2863.953991
10211.955,100,2863.954005
10208.068,100,2863.954019
10105.107,100,2863.954033
10304.89,100,2863.954046
10566.555,100,2863.954059
10401.338,100,2864.918913
10486.2705,100,2864.919275
10586.361,100,2864.91967
9925.086,100,2864.919707
10249.5625,100,2864.919723
10544.306,100,2864.919738
9990.922,100,2864.919752
9279.443,100,2864.919921
10657.859,100,2864.919936
10219.856,100,2864.919951
10448.181,100,2940.953462
10057.578,100,2940.953634
10033.717,100,2940.953666
10725.251,100,2940.953682
10292.415,100,2940.953698
9981.995,100,2940.953713
9976.377,100,2940.953729
10210.956,100,2940.953744
9975.389,100,2940.953775
10628.376,100,2940.953791
10378.039,100,2981.9445
10357.268,100,2981.944972
9794.035,100,2981.945159
10481.745,100,2981.94531
10222.36,100,2981.945438
10211.168,100,2981.945476
10689.27,100,2981.945505
10593.439,100,2981.945533
10437.831,100,2981.94556
10294.894,100,2981.945586
10004.09,100,2984.381977
10362.937,100,2984.382725
10185.889,100,2984.382912
10180.442,100,2984.383012
10119.299,100,2984.38311
10102.035,100,2984.383205
10221.902,100,2984.38329
10287.415,100,2984.383307
9988.437,100,2984.383323
10322.806,100,2984.383339
10388.518,100,2987.999927
10426.336,100,2988.000066
10058.992,100,2988.000092
9901.772,100,2988.000108
10222.354,100,2988.000123
10246.719,100,2988.000137
10394.075,100,2988.00015
10492.313,100,2988.000165
9774.573,100,2988.00018
10328.564,100,2988.000195
10392.058,100,2990.192196
10786.103,100,2990.192364
10579.791,100,2990.192409
10348.866,100,2990.192442
10462.804,100,2990.192495
10240.824,100,2990.192551
10391.274,100,2990.192585
10149.665,100,2990.192615
10007.354,100,2990.192642
10292.789,100,2990.192669
9753.965,100,3065.374875
10196.574,100,3065.375511
10565.208,100,3065.375669
10241.991,100,3065.375771
10308.165,100,3065.375856
10198.599,100,3065.375942
10514.227,100,3065.376025
10425.185,100,3065.376112
9959.399,100,3065.376195
10137.999,100,3065.376213
10505.586,100,3067.802073
10423.138,100,3067.802714
9925.225,100,3067.802882
10509.702,100,3067.802986
10769.526,100,3067.803111
9982.735,100,3067.803207
10101.167,100,3067.803301
10422.415,100,3067.803393
10108.609,100,3067.803485
10059.25,100,3067.803577
10262.679,100,3069.812717
10312.628,100,3069.813136
10177.191,100,3069.813282
10352.946,100,3069.813377
9782.21,100,3069.813467
10291.345,100,3069.813558
9870.157,100,3069.813647
10570.672,100,3069.813736
10450.785,100,3069.813837
10417.327,100,3069.813942
10079.358,100,3072.134425
10449.003,100,3072.134579
9943.461,100,3072.134604
9725.481,100,3072.134621
9521.8545,100,3072.134638
10351.191,100,3072.134653
9942.239,100,3072.134669
10173.752,100,3072.134683
10525.506,100,3072.134698
10156.689,100,3072.134713
10417.536,100,3073.280477
10048.8125,100,3073.28061
10657.851,100,3073.280636
9991.402,100,3073.280653
10144.988,100,3073.280668
10464.237,100,3073.280683
10155.457,100,3073.280697
9720.84,100,3073.280712
10038.035,100,3073.280727
10400.057,100,3073.280741
9916.143,100,3151.264564
9950.315,100,3151.264735
10217.007,100,3151.264802
10435.598,100,3151.265017
10301.496,100,3151.265056
10277.142,100,3151.265088
10548.258,100,3151.265118
10824.516,100,3151.265147
10145.245,100,3151.265175
9857.64,100,3151.265203
10071.198,100,3155.189089
10628.511,100,3155.189283
10230.793,100,3155.189349
9803.554,100,3155.189407
9826.152,100,3155.18944
10798.057,100,3155.189493
10319.874,100,3155.189524
10437.78,100,3155.189573
10228.883,100,3155.189601
10566.552,100,3155.189683
10398.43,100,3159.628214
10022.031,100,3159.628496
10386.389,100,3159.628527
10269.166,100,3159.628544
9861.634,100,3159.628559
10089.342,100,3159.628574
10324.163,100,3159.628589
10370.374,100,3159.628604
9962.452,100,3159.628618
9960.635,100,3159.628632
9870.27,100,3162.537914
9882.94,100,3162.538125
10014.9795,100,3162.53816
10224.852,100,3162.538182
9549.162,100,3162.5382
9981.111,100,3162.538218
10485.07,100,3162.538236
9609.07,100,3162.538254
10043.211,100,3162.538271
9921.794,100,3162.538289
10259.248,100,3168.16804
9998.391,100,3168.168581
10048.476,100,3168.168685
10259.586,100,3168.168725
10121.169,100,3168.168784
10700.924,100,3168.168818
10080.831,100,3168.168851
9964.807,100,3168.168884
10402.356,100,3168.168915
10231.149,100,3168.168947
10718.64,100,3171.258945
10139.442,100,3171.259432
10404.888,100,3171.259814
10473.77,100,3171.260087
10096.32,100,3171.26024
10027.392,100,3171.260369
10176.238,100,3171.260496
10406.189,100,3171.26062
10269.234,100,3171.26074
9922.455,100,3171.260879
10651.344,100,3262.638402
10181.126,100,3262.638578
10544.749,100,3262.638624
10518.26,100,3262.638657
10202.216,100,3262.638687
10361.424,100,3262.638716
10285.894,100,3262.638745
9992.643,100,3262.638791
10029.035,100,3262.638822
10229.714,100,3262.638849
10306.813,100,3264.793058
9949.207,100,3264.793296
9877.6455,100,3264.79333
10405.307,100,3264.793348
10202.371,100,3264.793364
11034.069,100,3264.79338
10575.471,100,3264.793397
9547.842,100,3264.793412
10152.745,100,3264.793427
10598.718,100,3264.793442
10253.133,100,3266.803305
9763.72,100,3266.80418
9911.345,100,3266.80464
10440.088,100,3266.804797
10217.812,100,3266.804914
10163.307,100,3266.805021
10029.753,100,3266.805701
10185.69,100,3266.805902
10281.039,100,3266.805956
9734.877,100,3266.805994
9905.917,100,3269.796455
10587.479,100,3269.796601
10014.326,100,3269.796628
10175.592,100,3269.796643
10101.829,100,3269.796659
10052.477,100,3269.796674
10338.371,100,3269.79669
10015.48,100,3269.796706
10084.257,100,3269.796744
9810.779,100,3269.796795
10253.395,100,3273.774074
9821.489,100,3273.774247
10539.043,100,3273.774292
10345.541,100,3273.774326
10157.873,100,3273.774357
10146.878,100,3273.774386
9840.713,100,3273.774414
10073.353,100,3273.774442
10306.839,100,3273.77447
10216.073,100,3273.774498
10120.906,100,3351.73449
10045.512,100,3351.734718
10612.33,100,3351.734828
10179.964,100,3351.734869
10377.939,100,3351.734901
10279.621,100,3351.734933
10329.96,100,3351.734963
10429.261,100,3351.734994
10049.546,100,3351.735023
10052.497,100,3351.735052
10126.449,100,3356.128234
9963.752,100,3356.12962
10602.838,100,3356.129831
9829.426,100,3356.129939
10351.202,100,3356.130033
9908.149,100,3356.130366
10365.971,100,3356.130483
10550.865,100,3356.130504
9953.179,100,3356.130522
10191.456,100,3356.130539
10004.497,100,3358.436875
10357.581,100,3358.437014
10584.344,100,3358.437038
10121.024,100,3358.437056
10127.772,100,3358.43707
9924.994,100,3358.437085
10738.568,100,3358.4371
10243.945,100,3358.437114
10113.808,100,3358.437129
9273.177,100,3358.437144
10410.567,100,3360.196381
9720.735,100,3360.196542
9987.098,100,3360.19657
9843.333,100,3360.196588
10408.175,100,3360.196603
10256.13,100,3360.19662
10151.101,100,3360.196636
10006.602,100,3360.196651
10630.093,100,3360.196666
10332.597,100,3360.196682
10051.124,100,3361.472007
10154.684,100,3361.472141
10193.06,100,3361.47217
10210.546,100,3361.47219
10167.228,100,3361.472206
10284.977,100,3361.472222
9952.757,100,3361.472239
10551.262,100,3361.472255
9982.702,100,3361.472271
9940.714,100,3361.472287
10793.996,100,3470.407956
10157.319,100,3470.408179
10563.864,100,3470.408237
10229.639,100,3470.408272
10095.925,100,3470.408302
10749.71,100,3470.408331
10078.848,100,3470.40836
10022.071,100,3470.40839
9742.625,100,3470.408418
10383.133,100,3470.408448
9728.118,100,3473.312701
10106.998,100,3473.313097
10337.75,100,3473.313214
9741.129,100,3473.313294
10436.411,100,3473.313503
10454.361,100,3473.313596
10347.137,100,3473.313678
10834.936,100,3473.3138
10011.823,100,3473.313882
10311.314,100,3473.313954
10350.457,100,3474.555705
9694.873,100,3474.55589
10155.776,100,3474.555917
9949.25,100,3474.555934
10139.197,100,3474.555948
9954.349,100,3474.555963
9963.703,100,3474.555977
9901.789,100,3474.555991
10500.372,100,3474.556005
9753.42,100,3474.556019
10140.04,100,3477.076566
10427.714,100,3477.076723
10436.087,100,3477.076751
10372.46,100,3477.076783
9796.657,100,3477.076799
10521.989,100,3477.076815
10294.571,100,3477.076831
10346.159,100,3477.076846
10113.497,100,3477.076861
10439.325,100,3477.076876
10010.202,100,3478.758815
10336.137,100,3478.758963
9636.782,100,3478.758987
9490.055,100,3478.759003
10348.353,100,3478.759017
10028.895,100,3478.759031
10740.693,100,3478.759045
10109.7,100,3478.759058
10020.18,100,3478.759072
10225.104,100,3478.759085
10124.224,100,3559.502627
10158.691,100,3559.502799
10451.135,100,3559.502829
9916.291,100,3559.502846
10415.028,100,3559.502861
10280.49,100,3559.502875
10245.313,100,3559.502889
9478.078,100,3559.502903
9867.644,100,3559.502919
10303.247,100,3559.502933
9962.821,100,3561.850491
10029.814,100,3561.850902
10061.082,100,3561.851027
10523.068,100,3561.851115
10619.545,100,3561.851212
10132.091,100,3561.851302
10259.028,100,3561.851393
10266.664,100,3561.851481
10273.556,100,3561.851569
10229.437,100,3561.851657
9805.026,100,3563.256042
10044.373,100,3563.256186
9558.631,100,3563.256211
10403.219,100,3563.256227
9858.963,100,3563.256242
10203.385,100,3563.256256
9889.003,100,3563.256271
10219.616,100,3563.256286
10568.269,100,3563.2563
9868.367,100,3563.256316
10368.752,100,3564.503988
10103.715,100,3564.504124
10081.896,100,3564.504147
9792.749,100,3564.504162
9934.589,100,3564.504178
10032.557,100,3564.504192
10291.001,100,3564.504205
10321.677,100,3564.504219
10211.045,100,3564.504233
9964.385,100,3564.504246
9784.338,100,3565.565373
10151.516,100,3565.565529
9832.79,100,3565.565593
10110.65,100,3565.565656
10560.069,100,3565.565688
10263.344,100,3565.565716
10362.28,100,3565.565744
10106.56,100,3565.565788
10587.3955,100,3565.565814
10090.501,100,3565.565843
10148.539,100,3647.89107
9954.589,100,3647.891473
10275.387,100,3647.891518
9981.753,100,3647.891535
10310.437,100,3647.89155
9928.175,100,3647.891566
9996.116,100,3647.891581
10371.957,100,3647.891595
10234.572,100,3647.891609
10380.575,100,3647.891624
10525.571,100,3650.025443
10430.3545,100,3650.025602
9359.286,100,3650.025638
9941.92,100,3650.025665
10199.037,100,3650.025688
9936.035,100,3650.025711
9943.989,100,3650.025736
9588.767,100,3650.025784
10438.666,100,3650.025811
10104.361,100,3650.025834
10417.625,100,3651.072675
10588.48,100,3651.073152
9994.839,100,3651.073249
9589.858,100,3651.073272
10106.94,100,3651.073288
10483.653,100,3651.073303
10146.478,100,3651.073317
10300.192,100,3651.073331
10185.368,100,3651.073345
10286.239,100,3651.073359
10173.82,100,3653.043667
10402.144,100,3653.043817
10125.213,100,3653.043844
10563.576,100,3653.043861
10561.15,100,3653.043875
10450.489,100,3653.043889
10669.943,100,3653.043904
10170.614,100,3653.043919
10016.238,100,3653.043933
10374.214,100,3653.043948
10023.366,100,3655.682969
10417.051,100,3655.683112
9379.374,100,3655.68314
10391.296,100,3655.683158
10486.774,100,3655.683176
9812.309,100,3655.683191
10713.216,100,3655.683207
10026.61,100,3655.683222
9677.45,100,3655.683237
10277.849,100,3655.683251
9590.204,100,3731.290713
10586.525,100,3731.290881
10507.01,100,3731.290909
10556.538,100,3731.290927
10711.104,100,3731.290943
10062.556,100,3731.29096
10028.783,100,3731.290975
9779.259,100,3731.290991
9426.799,100,3731.291005
10349.15,100,3731.29102
10741.335,100,3733.670914
10275.93,100,3733.671194
10199.539,100,3733.671264
10309.062,100,3733.671299
9926.847,100,3733.671329
9851.445,100,3733.671356
10125.649,100,3733.671382
10499.604,100,3733.671409
10114.559,100,3733.671435
10098.991,100,3733.671461
10498.298,100,3735.470468
10792.904,100,3735.470618
9854.452,100,3735.470649
9917.91,100,3735.470667
9674.609,100,3735.470684
10228.21,100,3735.4707
10437.049,100,3735.470716
10293.37,100,3735.470732
10594.827,100,3735.470748
9956.611,100,3735.470786
10103.474,100,3737.658603
9958.38,100,3737.658937
9729.464,100,3737.659076
9992.014,100,3737.659096
10687.483,100,3737.659112
9478.935,100,3737.659127
10248.825,100,3737.659142
10452.373,100,3737.659157
10509.838,100,3737.659172
10428.734,100,3737.659187
10336.661,100,3739.461808
10323.27,100,3739.461995
10091.953,100,3739.462019
10485.068,100,3739.462035
10188.767,100,3739.462051
10263.326,100,3739.462065
10444.585,100,3739.46208
10139.079,100,3739.462093
10464.95,100,3739.462107
10049.018,100,3739.462121
10098.067,100,3809.005345
10646.163,100,3809.005539
10175.095,100,3809.005578
10103.263,100,3809.005595
10577.622,100,3809.00561
10197.452,100,3809.005626
10428.597,100,3809.005641
10604.291,100,3809.005656
9948.369,100,3809.005672
10138.749,100,3809.005687
9654.994,100,3810.753482
10485.021,100,3810.753646
9928.666,100,3810.75369
10253.379,100,3810.753727
9938.099,100,3810.753777
10368.781,100,3810.753811
9883.897,100,3810.753843
10638.976,100,3810.753871
9956.15,100,3810.753902
10657.897,100,3810.75393
9875.928,100,3812.318022
10483.785,100,3812.318201
10335.662,100,3812.318226
9951.126,100,3812.318243
10418.678,100,3812.318258
10403.135,100,3812.318272
9892.268,100,3812.318286
10279.265,100,3812.318301
9947.2,100,3812.318315
10837.547,100,3812.318329
9889.723,100,3813.57172
9711.47,100,3813.571886
10075.492,100,3813.57191
9676.577,100,3813.571926
9767.572,100,3813.571941
10264.545,100,3813.571955
10096.753,100,3813.57197
10403.8,100,3813.571984
9806.613,100,3813.57201
10371.433,100,3813.572024
10284.794,100,3814.749073
10065.233,100,3814.749207
10650.249,100,3814.749231
10492.773,100,3814.749248
9874.133,100,3814.749262
10404.318,100,3814.749278
10428.933,100,3814.749292
10364.374,100,3814.749327
10401.236,100,3814.749362
10521.441,100,3814.749378
10299.657,100,3908.641987
9714.95,100,3908.642167
10783.482,100,3908.642211
10053.791,100,3908.642244
10322.308,100,3908.642273
10731.82,100,3908.642302
10647.965,100,3908.642329
10255.214,100,3908.642358
10173.972,100,3908.642386
9716.302,100,3908.642414
10220.481,100,3910.024749
10141.938,100,3910.025129
10273.121,100,3910.025177
10426.749,100,3910.025195
9639.317,100,3910.025212
10785.26,100,3910.025229
10723.548,100,3910.025245
9479.705,100,3910.025262
9851.287,100,3910.025278
10529.165,100,3910.025295
10081.854,100,3911.494723
10238.373,100,3911.494885
10393.944,100,3911.494913
10632.701,100,3911.494931
10350.123,100,3911.494947
9886.499,100,3911.494964
9964.852,100,3911.494981
10234.773,100,3911.494996
9566.758,100,3911.495012
10010.298,100,3911.495028
10951.178,100,3912.661942
10291.251,100,3912.662101
10138.923,100,3912.662126
10595.879,100,3912.662142
10006.192,100,3912.662156
10360.221,100,3912.66217
9840.997,100,3912.662185
10418.726,100,3912.6622
10486.485,100,3912.662216
9900.735,100,3912.662308
10059.519,100,3913.838955
10290.674,100,3913.839119
10329.792,100,3913.839162
10407.1455,100,3913.839194
9951.927,100,3913.839223
10308.554,100,3913.839251
10242.151,100,3913.83928
10547.959,100,3913.839307
10119.2,100,3913.839335
10319.623,100,3913.839361
10522.207,100,3914.995187
9675.416,100,3914.995523
10600.311,100,3914.99565
10348.037,100,3914.99567
9918.373,100,3914.995687
9883.205,100,3914.995702
10363.743,100,3914.995717
10368.091,100,3914.995734
10758.29,100,3914.995749
10424.947,100,3914.995776
10012.469,100,3987.596935
10044.582,100,3987.597092
9916.518,100,3987.597121
10010.154,100,3987.597137
9994.102,100,3987.597152
9931.706,100,3987.597167
9930.066,100,3987.597182
9914.196,100,3987.597196
10447.603,100,3987.59721
10117.969,100,3987.597224
10284.241,100,3989.267034
9870.975,100,3989.267208
10536.671,100,3989.267233
10949.785,100,3989.267251
10189.903,100,3989.267266
10152.29,100,3989.26728
10367.289,100,3989.267295
10215.962,100,3989.267309
10222.158,100,3989.267323
9841.4,100,3989.267338
10056.064,100,3990.417393
10527.12,100,3990.417553
9704.134,100,3990.41758
9840.948,100,3990.417597
10682.653,100,3990.417611
10138.373,100,3990.417625
10841.6045,100,3990.417639
10647.624,100,3990.417653
10431.622,100,3990.417668
9980.065,100,3990.417682
10418.111,100,3991.471372
10430.845,100,3991.471529
9875.079,100,3991.471553
10099.594,100,3991.471569
10739.726,100,3991.471582
10277.635,100,3991.471596
10083.255,100,3991.47161
10496.645,100,3991.471624
10038.441,100,3991.471637
10390.361,100,3991.47165
10161.399,100,3992.56162
9883.598,100,3992.561976
10273.973,100,3992.562012
10308.244,100,3992.562028
10462.7705,100,3992.562042
9815.7705,100,3992.562056
10314.808,100,3992.56207
10052.978,100,3992.562084
10577.032,100,3992.562098
10340.193,100,3992.562114
10256.605,100,4069.180662
10185.6045,100,4069.180882
10087.243,100,4069.180933
10288.868,100,4069.180968
10408.279,100,4069.180999
9605.534,100,4069.181028
10535.163,100,4069.181057
9631.286,100,4069.181085
10006.037,100,4069.181113
10055.154,100,4069.18114
10305.753,100,4071.076905
10258.569,100,4071.077396
10417.446,100,4071.077479
9228.728,100,4071.077516
10621.876,100,4071.077547
10303.511,100,4071.077576
9422.207,100,4071.077603
10443.444,100,4071.07763
10570.241,100,4071.077657
9908.417,100,4071.077682
9765.248,100,4073.699873
10071.3,100,4073.700203
10295.542,100,4073.700316
10424.65,100,4073.70041
10320.94,100,4073.700428
10621.244,100,4073.700446
10397.331,100,4073.700461
10620.256,100,4073.700811
10528.001,100,4073.700915
10269.809,100,4073.700933
10525.182,100,4075.461004
10276.438,100,4075.461194
10150.414,100,4075.46122
10594.373,100,4075.461237
10348.394,100,4075.461252
10238.698,100,4075.461267
10452.792,100,4075.461281
9945.39,100,4075.461295
10746.34,100,4075.46131
10258.748,100,4075.461325
10599.785,100,4078.059402
9952.345,100,4078.059716
9668.249,100,4078.060266
9818.725,100,4078.060478
9898.533,100,4078.060607
9917.706,100,4078.060829
9742.938,100,4078.060878
10139.364,100,4078.060912
10022.657,100,4078.060942
10377.085,100,4078.060971
9732.843,100,4149.919914
10095.415,100,4149.920058
10663.383,100,4149.920082
10210.102,100,4149.920096
9472.968,100,4149.92011
9891.412,100,4149.920123
9879.733,100,4149.920137
10169.329,100,4149.920151
9916.566,100,4149.920164
10001.32,100,4149.920176
10779.932,100,4150.966384
9981.03,100,4150.966565
9860.275,100,4150.966591
10421.37,100,4150.966608
10527.65,100,4150.966623
9610.909,100,4150.966636
10262.461,100,4150.966649
10048.648,100,4150.966663
9991.973,100,4150.966677
9751.978,100,4150.966691
10169.483,100,4153.151973
10011.801,100,4153.152136
10094.157,100,4153.152178
9966.005,100,4153.152209
9654.272,100,4153.152237
10379.522,100,4153.152263
9901.897,100,4153.152289
10340.025,100,4153.152315
10258.857,100,4153.15234
10357.884,100,4153.152366
10240.908,100,4154.520848
10070.543,100,4154.521179
10735.003,100,4154.521297
9921.782,100,4154.521382
10606.475,100,4154.521465
10563.503,100,4154.521546
10522.676,100,4154.521563
10304.394,100,4154.521578
10139.26,100,4154.521593
9470.588,100,4154.521607
10190.618,100,4155.543784
9923.815,100,4155.54395
9828.473,100,4155.543975
9934.437,100,4155.543991
10679.779,100,4155.544005
10050.315,100,4155.544019
9647.246,100,4155.544033
10091.843,100,4155.544047
9791.888,100,4155.54406
10238.971,100,4155.544074
10050.28,100,4231.472558
10345.539,100,4231.472722
9933.119,100,4231.47275
10187.965,100,4231.472793
9720.291,100,4231.472808
10366.645,100,4231.472823
10239.499,100,4231.472838
9879.668,100,4231.472852
10185.286,100,4231.472866
9931.858,100,4231.472881
10441.742,100,4232.818333
9882.31,100,4232.818526
10393.36,100,4232.818553
10426.984,100,4232.81857
10230.769,100,4232.818586
10125.291,100,4232.818601
9674.548,100,4232.818617
9681.598,100,4232.818632
10021.837,100,4232.818647
9770.723,100,4232.818662
10499.781,100,4233.893295
10413.903,100,4233.893439
10316.078,100,4233.893466
10105.353,100,4233.893482
10473.271,100,4233.893496
10585.444,100,4233.893511
10226.434,100,4233.893525
10158.828,100,4233.893539
9872.854,100,4233.893554
11019.818,100,4233.893569
10085.096,100,4235.022881
10171.649,100,4235.023016
10284.039,100,4235.02304
9558.002,100,4235.023057
9897.983,100,4235.023072
9812.49,100,4235.023086
9794.968,100,4235.023101
9958.364,100,4235.023115
9738.682,100,4235.023131
10432.241,100,4235.023145
10559.886,100,4236.435901
10345.095,100,4236.436148
10003.087,100,4236.436179
10376.077,100,4236.436194
10529.563,100,4236.436208
10023.216,100,4236.436315
10135.312,100,4236.436329
10152.866,100,4236.436419
9972.126,100,4236.436444
10400.28,100,4236.436458
10488.491,100,4302.844872
9557.7,100,4302.845027
10023.943,100,4302.845057
10111.336,100,4302.845072
10060.381,100,4302.845086
10310.668,100,4302.845099
10131.265,100,4302.845112
10176.116,100,4302.845126
9919.186,100,4302.84514
9731.589,100,4302.845153
10427.4,100,4303.905107
10299.661,100,4303.905264
9898.646,100,4303.905289
9957.515,100,4303.905307
10532.863,100,4303.905322
10037.88,100,4303.905336
9744.428,100,4303.905351
10213.652,100,4303.905365
10697.301,100,4303.90538
10064.265,100,4303.905394
10371.174,100,4305.290458
10370.709,100,4305.290592
10225.122,100,4305.290616
10619.4375,100,4305.290632
9895.017,100,4305.290647
10190.437,100,4305.290661
9779.923,100,4305.290675
10308.757,100,4305.290689
10693.673,100,4305.290703
9903.883,100,4305.290716
10219.059,100,4308.962552
10263.722,100,4308.962726
9813.272,100,4308.962809
10115.518,100,4308.962853
10190.138,100,4308.962891
9810.223,100,4308.962926
10051.574,100,4308.962961
9881.348,100,4308.962996
9912.69,100,4308.96303
10779.16,100,4308.963064
10098.321,100,4311.39406
9474.698,100,4311.394225
10290.137,100,4311.394253
10113.343,100,4311.394271
9982.65,100,4311.394287
10411.793,100,4311.394304
10304.216,100,4311.394342
10085.736,100,4311.394382
9823.057,100,4311.3944
10285.471,100,4311.394417
9850.677,100,4383.024358
9859.454,100,4383.024509
9981.866,100,4383.024537
9630.8,100,4383.024553
9415.137,100,4383.024568
9792.236,100,4383.024582
10242.769,100,4383.024596
9728.25,100,4383.02461
10013.822,100,4383.024625
10077.366,100,4383.02464
10437.398,100,4384.437227
10492.48,100,4384.437539
9554.448,100,4384.437648
10040.456,100,4384.437733
9954.521,100,4384.437824
10189.499,100,4384.437842
10212.347,100,4384.437857
10336.876,100,4384.437871
9668.719,100,4384.437885
10422.736,100,4384.437901
10128.667,100,4386.359988
9899.971,100,4386.360129
10498.014,100,4386.360153
9991.278,100,4386.360168
10117.679,100,4386.360183
10034.893,100,4386.360196
10444.357,100,4386.36021
10445.635,100,4386.360224
10310.871,100,4386.360237
11055.348,100,4386.36025
9902.572,100,4388.059621
9705.561,100,4388.059881
10256.799,100,4388.059913
9887.993,100,4388.05993
10132.086,100,4388.059946
10447.57,100,4388.059962
10593.849,100,4388.059977
10025.084,100,4388.059992
10416.863,100,4388.060007
10844.104,100,4388.060022
9481.45,100,4389.429428
9803.915,100,4389.429609
10417.555,100,4389.429633
10486.425,100,4389.42965
10220.519,100,4389.429666
10459.066,100,4389.429681
10400.86,100,4389.429696
10354.118,100,4389.42971
10643.413,100,4389.429725
10516.588,100,4389.429739
10559.018,100,4463.810487
9967.644,100,4463.810653
9925.508,100,4463.810696
9863.673,100,4463.810725
10161.976,100,4463.810751
10024.698,100,4463.810793
9873.345,100,4463.81082
10629.211,100,4463.810846
10426.964,100,4463.810871
10068.445,100,4463.810896
9511.554,100,4465.87475
10440.859,100,4465.875079
10406.079,100,4465.875257
10209.806,100,4465.875609
10078.438,100,4465.87572
10114.47,100,4465.875816
9925.666,100,4465.875899
9853.574,100,4465.875918
9695.364,100,4465.875933
9732.87,100,4465.875947
10254.631,100,4467.256907
10500.42,100,4467.257051
10573.757,100,4467.257077
9939.966,100,4467.257094
10460.273,100,4467.257109
10282.594,100,4467.257123
10357.021,100,4467.257138
9979.8545,100,4467.257153
9903.972,100,4467.257167
9911.135,100,4467.257181
10778.16,100,4468.405444
10543.937,100,4468.405626
10474.0625,100,4468.40565
10053.692,100,4468.405668
10537.165,100,4468.405682
10259.162,100,4468.405697
10026.226,100,4468.405712
9564.396,100,4468.405726
10185.333,100,4468.40574
10391.747,100,4468.405756
10072.137,100,4469.422721
10127.501,100,4469.422871
9859.536,100,4469.422895
10299.166,100,4469.42291
10334.882,100,4469.422926
9815.536,100,4469.422939
9837.381,100,4469.422953
10176.805,100,4469.422966
9871.118,100,4469.42298
9835.661,100,4469.422995
10397.525,100,4536.695358
10266.091,100,4536.695486
10120.599,100,4536.69551
10422.799,100,4536.695525
10304.543,100,4536.695537
10358.151,100,4536.695549
9745.601,100,4536.695562
9756.537,100,4536.695575
10219.713,100,4536.695586
9889.551,100,4536.695597
10204.671,100,4537.857589
10093.977,100,4537.857724
10332.588,100,4537.85775
10088.568,100,4537.857784
10133.488,100,4537.857798
10386.116,100,4537.857812
10161.386,100,4537.857826
10599.405,100,4537.85784
10403.766,100,4537.857853
10230.073,100,4537.857869
10056.818,100,4539.135596
10407.142,100,4539.135741
10156.009,100,4539.135779
9957.71,100,4539.135796
10362.063,100,4539.135812
9870.094,100,4539.135826
10469.47,100,4539.135841
10422.408,100,4539.135856
10233.7705,100,4539.135871
9946.868,100,4539.135886
9889.653,100,4540.191146
10133.503,100,4540.191305
10544.639,100,4540.19133
10386.927,100,4540.191346
10222.262,100,4540.191361
9880.496,100,4540.191375
10377.097,100,4540.19139
10182.689,100,4540.191405
9767.527,100,4540.191419
9545.561,100,4540.191434
10287.333,100,4541.689306
10672.007,100,4541.68947
10218.001,100,4541.68951
10038.523,100,4541.689537
11087.827,100,4541.689561
9879.277,100,4541.689584
10156.193,100,4541.689607
10185.344,100,4541.689629
10182.586,100,4541.689651
9975.288,100,4541.689672
10262.047,100,4614.852293
10036.266,100,4614.852473
10191.615,100,4614.852545
10358.292,100,4614.852565
10256.914,100,4614.852583
10486.035,100,4614.8526
9616.318,100,4614.852618
9900.025,100,4614.852636
10036.185,100,4614.852653
10092.951,100,4614.852669
9932.82,100,4616.322997
10219.98,100,4616.323141
9894.227,100,4616.323166
10175.32,100,4616.323183
9906.74,100,4616.323198
10280.954,100,4616.323212
10516.98,100,4616.323227
9983.655,100,4616.323241
10550.931,100,4616.323256
10621.55,100,4616.323271
9961.249,100,4617.587496
10125.381,100,4617.587641
10147.702,100,4617.587667
9955.95,100,4617.587683
10200.7,100,4617.587699
9950.481,100,4617.587714
10592.35,100,4617.587728
10168.749,100,4617.587742
10510.553,100,4617.587757
10534.846,100,4617.587791
10323.849,100,4618.60485
10191.323,100,4618.604988
10199.243,100,4618.605012
10110.674,100,4618.605029
9974.927,100,4618.605043
9901.396,100,4618.605059
10354.956,100,4618.605074
10099.602,100,4618.605088
10146.673,100,4618.605102
10274.695,100,4618.605116
10495.742,100,4659.160837
9942.2705,100,4659.161015
10476.321,100,4659.161053
10449.572,100,4659.161074
9977.36,100,4659.161092
10616.993,100,4659.161111
10276.506,100,4659.161129
10310.891,100,4659.161147
10356.136,100,4659.161165
10054.58,100,4659.161184
10331.305,100,4661.64757
9526.277,100,4661.648266
10705.509,100,4661.648436
10440.743,100,4661.648536
10210.179,100,4661.648555
10312.131,100,4661.648574
10188.04,100,4661.648591
10095.919,100,4661.648608
9972.728,100,4661.648626
9991.936,100,4661.648642
10354.921,100,4740.954575
10385.045,100,4740.954748
10541.207,100,4740.95482
10479.606,100,4740.954838
9838.577,100,4740.954851
10003.523,100,4740.954866
9956.571,100,4740.95488
9565.3545,100,4740.954895
10803.551,100,4740.954909
10481.652,100,4740.954923
10441.368,100,4742.322422
9894.021,100,4742.322578
10059.772,100,4742.322603
9822.167,100,4742.322619
9649.883,100,4742.322634
10075.833,100,4742.322648
10421.069,100,4742.322663
10178.365,100,4742.322677
10090.985,100,4742.322691
10246.705,100,4742.322706
9911.346,100,4743.433138
9798.885,100,4743.43327
10390.141,100,4743.433295
10273.306,100,4743.433313
10098.393,100,4743.433327
9985.151,100,4743.433342
9900.382,100,4743.433356
10154.474,100,4743.433371
10070.429,100,4743.433385
9898.384,100,4743.433398
9836.913,100,4745.975558
10262.566,100,4745.975749
10402.007,100,4745.975787
10608.018,100,4745.975804
10152.415,100,4745.97582
10333.528,100,4745.975835
10158.847,100,4745.97585
10252.331,100,4745.975865
10378.677,100,4745.97588
9820.523,100,4745.975894
9892.078,100,4749.084896
9921.542,100,4749.085239
10202.211,100,4749.085365
9949.768,100,4749.085458
10350.528,100,4749.085546
10108.148,100,4749.085643
9853.389,100,4749.085729
10386.979,100,4749.085822
10510.0205,100,4749.085925
10246.121,100,4749.086014
9781.992,100,4824.289297
9821.148,100,4824.289505
10050.3955,100,4824.289551
10255.0,100,4824.289583
10053.078,100,4824.28961
10043.849,100,4824.289636
10324.242,100,4824.289663
10547.612,100,4824.289691
9952.405,100,4824.289717
10565.459,100,4824.289743
10425.452,100,4825.528711
10262.091,100,4825.528903
10106.786,100,4825.528933
10178.939,100,4825.528951
10508.438,100,4825.528968
10132.414,100,4825.528984
10213.315,100,4825.529
9941.588,100,4825.529016
10110.961,100,4825.529032
10520.368,100,4825.529051
10103.635,100,4828.768458
10278.496,100,4828.768664
10418.937,100,4828.768696
10086.183,100,4828.768712
10082.89,100,4828.768728
10097.316,100,4828.768744
10422.67,100,4828.768771
9464.697,100,4828.768787
9722.577,100,4828.768802
10106.504,100,4828.768818
9932.783,100,4830.9648
10200.348,100,4830.964952
10010.835,100,4830.964979
10044.293,100,4830.964995
9587.577,100,4830.96501
10331.86,100,4830.965027
9885.328,100,4830.965042
10002.882,100,4830.965058
10380.78,100,4830.965073
9713.597,100,4830.965087
9763.736,100,4832.549989
10235.939,100,4832.551274
10189.064,100,4832.551384
10290.975,100,4832.551413
10502.133,100,4832.551432
9924.219,100,4832.551468
9993.183,100,4832.55151
10161.956,100,4832.551528
9731.53,100,4832.551547
9508.077,100,4832.551564
10696.818,100,4909.453674
10036.814,100,4909.453858
10016.438,100,4909.453887
10320.841,100,4909.453905
10269.265,100,4909.45392
10094.723,100,4909.453936
10216.82,100,4909.453951
9621.493,100,4909.453967
10132.01,100,4909.453982
9699.677,100,4909.453998
10313.797,100,4911.068899
9876.718,100,4911.069052
10285.4375,100,4911.069081
10216.035,100,4911.069099
10180.021,100,4911.069117
10233.503,100,4911.069133
10030.0625,100,4911.069148
10189.051,100,4911.069164
10611.326,100,4911.069181
10232.837,100,4911.069196
10196.618,100,4912.472183
10893.075,100,4912.472372
9936.314,100,4912.472396
10342.467,100,4912.472412
10049.914,100,4912.472426
10523.619,100,4912.47244
9979.126,100,4912.472455
10213.473,100,4912.472469
9809.618,100,4912.472484
10093.756,100,4912.472498
9933.0205,100,4913.583203
9958.325,100,4913.583375
10163.197,100,4913.583399
9582.313,100,4913.583415
10391.982,100,4913.58343
10261.755,100,4913.583445
10226.576,100,4913.583459
10079.035,100,4913.583474
10331.925,100,4913.583488
10334.192,100,4913.583503
10462.548,100,4914.708485
9823.621,100,4914.708646
9796.381,100,4914.70867
10164.166,100,4914.708686
10247.656,100,4914.7087
10090.371,100,4914.708714
10517.764,100,4914.708727
10355.208,100,4914.70874
10441.81,100,4914.708755
10519.377,100,4914.708781
9649.949,100,4989.51643
10464.973,100,4989.517522
10449.928,100,4989.517746
9701.817,100,4989.517798
10155.532,100,4989.51783
10217.894,100,4989.517858
9706.938,100,4989.517884
10015.163,100,4989.51791
10358.08,100,4989.517935
10292.54,100,4989.51796
9878.837,100,4990.981872
9622.033,100,4990.982522
9858.248,100,4990.982612
10016.871,100,4990.982649
10885.9,100,4990.982679
10238.039,100,4990.982708
10027.832,100,4990.982737
10250.116,100,4990.982783
10178.1455,100,4990.982813
10084.329,100,4990.982842
10671.526,100,4992.439083
9718.422,100,4992.439238
10318.46,100,4992.439265
10135.835,100,4992.439282
10411.193,100,4992.439299
9973.662,100,4992.439315
10274.532,100,4992.43933
10321.36,100,4992.439345
10334.553,100,4992.43936
10510.41,100,4992.439376
10089.3125,100,4994.269998
9911.779,100,4994.270157
10135.942,100,4994.270201
10215.461,100,4994.270236
10380.3955,100,4994.270267
10197.876,100,4994.270296
10354.495,100,4994.270327
10112.035,100,4994.270355
10287.964,100,4994.270385
10445.927,100,4994.270412
10366.211,100,4995.89328
10619.9375,100,4995.89344
10323.2,100,4995.89347
10311.019,100,4995.893488
10121.103,100,4995.893506
10075.473,100,4995.893522
10350.158,100,4995.893539
9948.244,100,4995.893555
10172.778,100,4995.893571
9810.562,100,4995.893588
9894.214,100,5081.416733
10028.491,100,5081.416958
10477.178,100,5081.416992
9996.171,100,5081.417011
9867.69,100,5081.417027
10073.26,100,5081.417044
10689.973,100,5081.41706
10217.532,100,5081.417076
10591.622,100,5081.417092
9842.52,100,5081.417107
10133.568,100,5082.44046
10119.799,100,5082.440619
10275.555,100,5082.440643
10161.315,100,5082.440658
10045.903,100,5082.440672
10259.411,100,5082.440685
10235.737,100,5082.440699
10026.966,100,5082.440712
9807.25,100,5082.440726
10182.362,100,5082.44074
9990.391,100,5083.6273
9750.801,100,5083.627473
10421.01,100,5083.627496
10200.539,100,5083.627511
9778.782,100,5083.627525
10549.201,100,5083.627539
9984.718,100,5083.627553
10443.004,100,5083.627566
10427.189,100,5083.627579
10103.756,100,5083.627593
9862.092,100,5084.694492
10673.665,100,5084.694641
9828.156,100,5084.694667
10546.616,100,5084.694684
9620.403,100,5084.694699
10371.226,100,5084.694713
10222.936,100,5084.694727
9986.898,100,5084.694742
10330.967,100,5084.694756
10214.495,100,5084.694785
10374.127,100,5085.676275
10211.143,100,5085.676414
10204.658,100,5085.676439
10027.852,100,5085.676455
10158.098,100,5085.676469
9859.477,100,5085.676483
10380.577,100,5085.676497
10535.727,100,5085.676511
10171.908,100,5085.676524
10062.726,100,5085.676561
10216.13,100,5155.139739
10259.573,100,5155.140741
10118.704,100,5155.141079
10536.717,100,5155.141213
9637.418,100,5155.141329
10833.077,100,5155.141443
9986.864,100,5155.141554
9989.442,100,5155.141664
9734.935,100,5155.141786
10341.31,100,5155.141894
10351.713,100,5156.650317
10295.343,100,5156.650713
10297.799,100,5156.650913
9664.521,100,5156.651042
9983.472,100,5156.651081
9952.923,100,5156.651111
10027.537,100,5156.651139
10378.06,100,5156.651166
9936.122,100,5156.651193
10452.557,100,5156.651219
10017.825,100,5157.679692
10456.067,100,5157.680091
10099.785,100,5157.680214
10053.404,100,5157.680294
10132.983,100,5157.68031
9703.0205,100,5157.680324
9847.705,100,5157.680347
10438.949,100,5157.680361
9922.9,100,5157.680375
10260.38,100,5157.680388
10048.058,100,5158.928995
9976.48,100,5158.929687
10267.643,100,5158.929855
10100.665,100,5158.929961
10301.008,100,5158.930044
10260.226,100,5158.93006
10522.195,100,5158.930076
10157.31,100,5158.93009
10055.364,100,5158.930103
9697.127,100,5158.930117
9743.468,100,5161.124046
10580.337,100,5161.124228
10527.195,100,5161.124273
9876.699,100,5161.124304
10258.848,100,5161.124333
10608.107,100,5161.124361
10531.439,100,5161.124388
10096.688,100,5161.124416
10088.916,100,5161.124444
10214.149,100,5161.124471
10130.654,100,5234.806278
10010.015,100,5234.806442
10489.973,100,5234.806486
9915.244,100,5234.806518
10754.586,100,5234.806545
10292.763,100,5234.806571
10375.162,100,5234.806598
10085.569,100,5234.806626
10208.406,100,5234.806652
10104.369,100,5234.806679
9432.533,100,5236.800045
10087.57,100,5236.800187
10069.268,100,5236.800212
10000.268,100,5236.80023
10434.241,100,5236.800246
10383.502,100,5236.800261
9726.394,100,5236.800277
10194.66,100,5236.800292
10652.135,100,5236.800306
10721.144,100,5236.800323
10303.171,100,5238.681803
10344.252,100,5238.681961
10285.161,100,5238.681986
10355.828,100,5238.681999
10560.4795,100,5238.682011
9789.484,100,5238.682023
10152.845,100,5238.682034
10252.217,100,5238.682044
10015.879,100,5238.682056
10278.944,100,5238.682066
10641.984,100,5240.94031
10583.194,100,5240.940493
10022.101,100,5240.94052
9997.662,100,5240.940535
10182.914,100,5240.940551
10191.158,100,5240.940565
10240.759,100,5240.940579
10197.744,100,5240.940593
10248.039,100,5240.940607
10196.666,100,5240.940622
10111.383,100,5242.943637
10140.187,100,5242.943837
10597.796,100,5242.943863
10651.682,100,5242.943879
10349.7295,100,5242.943895
10336.546,100,5242.943911
9779.221,100,5242.943925
10018.389,100,5242.94394
10451.193,100,5242.943956
9782.641,100,5242.94397
10376.201,100,5316.979666
9667.42,100,5316.979836
10732.233,100,5316.979869
10420.848,100,5316.979886
10103.595,100,5316.979901
9735.912,100,5316.979916
9872.088,100,5316.979931
10246.0,100,5316.979945
10093.782,100,5316.97996
10250.752,100,5316.979976
9719.955,100,5319.042872
10630.217,100,5319.043022
10041.747,100,5319.043048
9954.839,100,5319.043066
10367.982,100,5319.043081
10623.14,100,5319.043097
10351.92,100,5319.043111
9965.791,100,5319.043167
9586.558,100,5319.043183
9985.705,100,5319.043197
10173.963,100,5320.255412
10502.356,100,5320.255645
9680.007,100,5320.255697
10413.024,100,5320.255717
10210.467,100,5320.255734
10276.114,100,5320.25575
10252.384,100,5320.255794
10037.375,100,5320.25581
10197.889,100,5320.255828
10466.4,100,5320.255844
10197.694,100,5322.383296
10090.794,100,5322.383437
9864.442,100,5322.383464
10284.501,100,5322.38348
9983.005,100,5322.383494
10518.428,100,5322.383508
10054.002,100,5322.383523
10439.916,100,5322.383538
10133.826,100,5322.383552
10280.716,100,5322.383566
10180.322,100,5323.511819
10382.839,100,5323.51196
10119.97,100,5323.511985
9664.502,100,5323.512002
10347.168,100,5323.512019
10497.201,100,5323.512034
10401.099,100,5323.512049
10074.248,100,5323.512064
10408.328,100,5323.512078
10333.071,100,5323.512093
10182.277,100,5325.197499
10106.627,100,5325.197664
10373.199,100,5325.19769
10339.488,100,5325.197729
9918.536,100,5325.197789
10325.308,100,5325.197805
10098.752,100,5325.19782
10062.26,100,5325.197835
10409.5625,100,5325.19785
9700.104,100,5325.197865
10372.831,100,5406.655792
10082.979,100,5406.667041
10172.757,100,5406.667174
9946.144,100,5406.66721
9502.932,100,5406.667238
10267.041,100,5406.667265
10061.621,100,5406.667291
9737.825,100,5406.667317
9738.583,100,5406.667343
10167.611,100,5406.667369
9729.103,100,5408.093049
9820.75,100,5408.093208
9752.606,100,5408.093248
10027.352,100,5408.09328
10189.161,100,5408.093308
10222.112,100,5408.093336
10333.006,100,5408.093363
10138.647,100,5408.093392
10019.313,100,5408.093419
9852.185,100,5408.093446
10027.534,100,5409.614416
10759.849,100,5409.614745
10203.756,100,5409.614862
10038.1875,100,5409.614879
9971.346,100,5409.614895
10254.418,100,5409.61491
10104.528,100,5409.614924
10451.783,100,5409.614938
9969.664,100,5409.614951
9702.88,100,5409.614964
9961.938,100,5410.644585
10022.376,100,5410.64472
9536.818,100,5410.644745
10441.465,100,5410.644775
9869.741,100,5410.644791
9908.234,100,5410.644806
10209.23,100,5410.64482
10173.646,100,5410.644835
9888.721,100,5410.644849
10771.665,100,5410.644865
9507.532,100,5412.663645
9839.174,100,5412.663827
9983.736,100,5412.663854
10284.223,100,5412.66387
10131.041,100,5412.663885
10075.349,100,5412.6639
10283.945,100,5412.663913
10110.635,100,5412.663927
10501.201,100,5412.663939
10200.565,100,5412.663954
10333.241,100,5497.046384
10816.674,100,5497.047275
10374.663,100,5497.047343
10350.115,100,5497.047362
10379.047,100,5497.047378
10221.273,100,5497.047394
10281.965,100,5497.047409
10108.335,100,5497.047425
9630.571,100,5497.04744
10086.389,100,5497.047456
9902.242,100,5499.37419
10126.682,100,5499.374367
10324.017,100,5499.374418
10090.217,100,5499.374452
10337.0205,100,5499.374483
9945.266,100,5499.374513
9654.356,100,5499.374542
10322.867,100,5499.374569
10555.539,100,5499.374597
9745.69,100,5499.374625
9589.325,100,5523.850292
10158.528,100,5523.850464
9811.457,100,5523.850489
10168.259,100,5523.850505
10145.223,100,5523.85052
10482.269,100,5523.850534
10005.412,100,5523.850549
10716.101,100,5523.850563
10108.122,100,5523.850577
9472.096,100,5523.850591
10112.328,100,5525.386911
9952.434,100,5525.387101
9705.409,100,5525.387126
10069.629,100,5525.387143
9896.719,100,5525.387158
10001.495,100,5525.387173
9891.15,100,5525.387188
10586.276,100,5525.387203
9797.698,100,5525.387217
10121.545,100,5525.387233
9957.235,100,5528.352096
10354.957,100,5528.352324
10595.424,100,5528.352358
10038.966,100,5528.352378
10600.263,100,5528.352396
9677.357,100,5528.352412
9780.308,100,5528.352429
10244.059,100,5528.352447
10018.333,100,5528.352463
10119.532,100,5528.352481
10204.601,100,5604.592835
10207.399,100,5604.593048
10427.521,100,5604.593078
10566.807,100,5604.593095
9880.636,100,5604.593109
10074.068,100,5604.593125
10373.393,100,5604.59314
9815.305,100,5604.593154
10009.638,100,5604.593168
10332.882,100,5604.593183
9685.421,100,5606.25565
10362.9795,100,5606.255847
9853.156,100,5606.255873
10122.877,100,5606.25589
10055.507,100,5606.255906
9693.7295,100,5606.255921
9995.361,100,5606.255936
9778.523,100,5606.255951
10070.754,100,5606.255965
9709.361,100,5606.255979
10308.095,100,5608.174611
10450.639,100,5608.174757
10008.396,100,5608.174799
10100.102,100,5608.174818
10571.297,100,5608.174834
10306.179,100,5608.174849
10250.025,100,5608.174864
10071.594,100,5608.174879
9946.351,100,5608.174894
10529.787,100,5608.174909
10277.671,100,5609.586061
9818.419,100,5609.586212
10139.348,100,5609.586237
10328.461,100,5609.586253
10082.136,100,5609.586267
10363.743,100,5609.58628
10286.572,100,5609.586295
10359.68,100,5609.586308
9989.678,100,5609.586322
10055.948,100,5609.586336
10522.343,100,5610.643741
10333.484,100,5610.643913
9791.424,100,5610.643936
10175.29,100,5610.643953
10499.691,100,5610.643967
10120.635,100,5610.643981
10422.087,100,5610.643996
10361.182,100,5610.64401
10463.263,100,5610.644039
9804.132,100,5610.644073
10532.304,100,5689.218782
10378.752,100,5689.218982
10394.957,100,5689.219012
10316.63,100,5689.21903
10034.172,100,5689.219046
10893.542,100,5689.219061
9885.538,100,5689.219077
10089.493,100,5689.219092
10294.821,100,5689.219107
10337.543,100,5689.219122
10155.488,100,5691.371251
10503.723,100,5691.371403
9893.638,100,5691.371426
9906.2,100,5691.371443
10023.044,100,5691.371457
10003.0205,100,5691.37147
9799.455,100,5691.371486
9917.595,100,5691.3715
10353.554,100,5691.371513
9988.078,100,5691.371527
10083.976,100,5692.536402
10313.955,100,5692.536587
10117.194,100,5692.536612
9521.371,100,5692.536627
10145.588,100,5692.536643
10327.29,100,5692.536657
10030.871,100,5692.536672
10084.025,100,5692.536688
10641.808,100,5692.536701
10472.5205,100,5692.536716
10450.33,100,5693.767032
10340.1455,100,5693.767172
10507.087,100,5693.767196
10246.863,100,5693.767213
10223.887,100,5693.767226
10134.197,100,5693.767241
10438.467,100,5693.767254
9895.456,100,5693.767268
9829.038,100,5693.767282
10194.723,100,5693.767295
9931.309,100,5694.782846
10385.751,100,5694.782989
10329.513,100,5694.783012
10373.854,100,5694.783029
9990.653,100,5694.783044
9892.525,100,5694.783058
10007.591,100,5694.783072
9525.442,100,5694.783086
9863.484,100,5694.7831
10049.098,100,5694.783115
10257.305,100,5774.007929
10093.445,100,5774.008084
10443.184,100,5774.008113
10498.826,100,5774.008129
10238.773,100,5774.008144
10349.175,100,5774.008159
10471.855,100,5774.008174
9897.505,100,5774.008188
10213.723,100,5774.008203
10672.928,100,5774.008218
9840.211,100,5777.898931
10268.333,100,5777.899094
10133.275,100,5777.899135
10052.193,100,5777.899168
10220.138,100,5777.899196
10319.285,100,5777.899224
10552.6875,100,5777.899252
10500.326,100,5777.89928
9992.389,100,5777.899307
10338.311,100,5777.899411
9946.261,100,5780.645709
9844.868,100,5780.645916
10142.285,100,5780.645942
10310.895,100,5780.645959
10236.197,100,5780.645974
10272.004,100,5780.645989
10500.292,100,5780.646004
10159.905,100,5780.64602
10054.794,100,5780.646035
9976.271,100,5780.64605
9997.529,100,5782.13148
10625.946,100,5782.131629
9637.0205,100,5782.131673
10295.023,100,5782.131706
10482.349,100,5782.131736
10225.631,100,5782.131777
9857.702,100,5782.131806
10013.955,100,5782.131834
10429.1455,100,5782.131861
10812.239,100,5782.131888
10072.294,100,5783.800338
10687.132,100,5783.800492
10018.36,100,5783.800515
10323.739,100,5783.800531
10002.7,100,5783.800545
9711.857,100,5783.800559
9719.424,100,5783.800574
9881.14,100,5783.800588
10433.085,100,5783.800602
10183.726,100,5783.800616
10126.215,100,5862.061757
10488.0625,100,5862.061911
10337.668,100,5862.061935
10050.825,100,5862.06195
9768.525,100,5862.061963
9767.561,100,5862.061976
10391.72,100,5862.061988
9842.51,100,5862.062001
10106.381,100,5862.062013
10440.5,100,5862.062026
10116.808,100,5863.837197
9703.047,100,5863.837338
10309.756,100,5863.837364
10471.736,100,5863.837376
10082.838,100,5863.837388
10351.504,100,5863.837399
9949.788,100,5863.83741
10365.377,100,5863.837421
10138.643,100,5863.837432
9972.938,100,5863.837442
10478.681,100,5865.056741
10662.129,100,5865.057118
9821.804,100,5865.057223
10014.396,100,5865.057305
10800.043,100,5865.057323
10682.609,100,5865.057339
10444.429,100,5865.057355
10538.612,100,5865.05737
10340.092,100,5865.057386
9503.662,100,5865.057401
10414.291,100,5867.396291
10603.117,100,5867.396433
10098.638,100,5867.396461
10387.233,100,5867.396481
9907.165,100,5867.396498
10114.925,100,5867.396514
9975.45,100,5867.396531
10308.409,100,5867.396549
10339.11,100,5867.396566
9655.842,100,5867.396582
10118.685,100,5869.047493
9991.524,100,5869.047661
9558.95,100,5869.047707
10204.467,100,5869.047739
9892.849,100,5869.047786
9959.7,100,5869.047814
10296.526,100,5869.047842
10395.339,100,5869.047867
10109.92,100,5869.047893
10095.868,100,5869.047919
10545.742,100,5943.163707
10034.477,100,5943.16387
10235.811,100,5943.163919
10524.912,100,5943.163959
10285.549,100,5943.163975
10436.745,100,5943.16399
10342.96,100,5943.164005
10249.659,100,5943.164021
10066.698,100,5943.164035
9736.17,100,5943.164049
10499.708,100,5944.166393
10209.272,100,5944.166565
10656.503,100,5944.16659
10364.662,100,5944.166605
9782.738,100,5944.166619
10242.402,100,5944.166634
10015.255,100,5944.166647
10107.64,100,5944.166663
10320.473,100,5944.166677
10214.4,100,5944.166691
10132.057,100,5945.965875
10158.101,100,5945.966079
10749.578,100,5945.966108
9797.6045,100,5945.966124
9680.232,100,5945.966139
10506.108,100,5945.966153
10464.478,100,5945.96617
10503.164,100,5945.966184
10799.758,100,5945.966199
10079.951,100,5945.966213
10382.535,100,5947.692205
10168.027,100,5947.69234
10032.971,100,5947.692365
9901.928,100,5947.69238
10055.318,100,5947.692394
9757.516,100,5947.692409
10217.079,100,5947.692423
9886.669,100,5947.692437
9805.241,100,5947.692451
10378.215,100,5947.692464
9951.316,100,5948.987009
10008.867,100,5948.987153
10230.716,100,5948.987194
10434.694,100,5948.987226
10091.997,100,5948.987254
9944.681,100,5948.987281
10255.01,100,5948.987311
10204.928,100,5948.987337
9996.655,100,5948.987363
10263.467,100,5948.98739
10082.894,100,6031.525059
10586.171,100,6031.525246
10560.797,100,6031.525288
10084.968,100,6031.52531
10114.815,100,6031.52533
9846.86,100,6031.52535
9624.957,100,6031.52537
10050.037,100,6031.525389
10413.646,100,6031.525409
10465.82,100,6031.525427
10243.409,100,6036.525451
10173.52,100,6036.525632
10168.134,100,6036.525678
9868.591,100,6036.525702
10317.955,100,6036.525724
10111.577,100,6036.525744
10309.846,100,6036.525779
10355.451,100,6036.525801
10510.561,100,6036.52582
10563.678,100,6036.525843
10546.531,100,6040.012987
10427.527,100,6040.013139
10193.128,100,6040.013174
9710.646,100,6040.013194
10362.127,100,6040.013213
10290.139,100,6040.013231
10375.493,100,6040.013249
10320.253,100,6040.013262
10171.102,100,6040.013275
10269.446,100,6040.013288
10254.095,100,6043.861034
10370.324,100,6043.861192
10190.011,100,6043.861233
10660.801,100,6043.861252
10391.5,100,6043.861271
9828.423,100,6043.86129
10296.609,100,6043.861308
10562.223,100,6043.861327
10088.541,100,6043.861345
10156.453,100,6043.861362
10543.041,100,6046.928829
10156.044,100,6046.929024
10142.145,100,6046.929075
10433.878,100,6046.929112
10269.045,100,6046.929146
9929.018,100,6046.929178
10513.755,100,6046.929208
10737.845,100,6046.929238
10284.225,100,6046.929268
9984.058,100,6046.929298
10682.836,100,6051.053615
10065.316,100,6051.053799
10042.196,100,6051.053835
10087.347,100,6051.053856
10559.491,100,6051.053875
10436.665,100,6051.053893
10115.991,100,6051.05391
10514.717,100,6051.053929
10287.379,100,6051.053948
9971.478,100,6051.053965
10212.914,100,6173.078162
10389.183,100,6173.078305
10174.668,100,6173.078331
10622.295,100,6173.078346
10748.166,100,6173.07836
9905.677,100,6173.078374
10709.936,100,6173.078388
10493.944,100,6173.078402
10208.96,100,6173.078416
10876.098,100,6173.078429
10720.402,100,6174.059382
10213.07,100,6174.059555
9954.131,100,6174.059581
10095.5625,100,6174.059597
10519.192,100,6174.059612
9817.388,100,6174.059626
10345.792,100,6174.059641
10175.357,100,6174.059656
9724.806,100,6174.05967
10048.778,100,6174.059685
10548.021,100,6175.535052
10530.933,100,6175.535204
10301.857,100,6175.535233
9502.203,100,6175.535251
10160.206,100,6175.535269
10250.82,100,6175.535285
9981.894,100,6175.5353
10077.705,100,6175.535316
10348.162,100,6175.535332
9643.385,100,6175.535348
10255.152,100,6178.076954
9784.937,100,6178.077138
9858.491,100,6178.077162
10116.254,100,6178.077177
10467.3545,100,6178.077191
10101.882,100,6178.077206
10314.0625,100,6178.077219
10573.662,100,6178.077234
10005.897,100,6178.077247
10137.934,100,6178.07726
10260.378,100,6179.323474
10411.594,100,6179.323604
10266.165,100,6179.323625
10583.823,100,6179.32364
10434.467,100,6179.323654
10349.941,100,6179.323667
10277.875,100,6179.323701
10528.831,100,6179.323732
10101.148,100,6179.323746
10124.333,100,6179.323773
10315.108,100,6262.91893
9553.092,100,6262.9191
10038.333,100,6262.919133
10115.362,100,6262.919154
9807.487,100,6262.919242
10183.6875,100,6262.91926
10433.419,100,6262.919302
9845.269,100,6262.91932
9870.515,100,6262.919337
10192.087,100,6262.919353
10090.624,100,6266.945998
10116.259,100,6266.946171
10589.678,100,6266.946204
9844.703,100,6266.946222
9967.118,100,6266.94624
9952.595,100,6266.946259
10154.931,100,6266.946276
10433.278,100,6266.946293
10609.114,100,6266.946327
10555.283,100,6266.946344
10549.542,100,6274.278419
9673.904,100,6274.278629
10487.787,100,6274.278679
9979.284,100,6274.278718
10667.808,100,6274.278752
10166.21,100,6274.278842
10571.639,100,6274.278876
10066.524,100,6274.278908
9735.319,100,6274.278938
9978.485,100,6274.278967
10171.93,100,6280.283731
9934.897,100,6280.284214
10091.016,100,6280.284368
10321.537,100,6280.284472
10408.673,100,6280.284491
10196.244,100,6280.284509
10042.482,100,6280.284525
10263.508,100,6280.284542
10479.098,100,6280.284558
10046.389,100,6280.284575
10062.732,100,6284.367211
10167.348,100,6284.367408
10182.631,100,6284.367459
10394.521,100,6284.367495
10189.417,100,6284.367527
10151.836,100,6284.367558
10154.583,100,6284.367587
10442.548,100,6284.367617
10237.063,100,6284.367646
10519.975,100,6284.367675
10121.643,100,6381.766923
10076.694,100,6381.767731
9733.05,100,6381.767821
10221.137,100,6381.767843
9814.912,100,6381.767859
9947.92,100,6381.767875
10398.888,100,6381.767891
10170.175,100,6381.767906
9748.8,100,6381.767922
9604.018,100,6381.767936
10490.322,100,6385.690424
9955.91,100,6385.690606
10494.509,100,6385.690653
9953.826,100,6385.690688
10107.259,100,6385.69072
10390.433,100,6385.690751
10031.223,100,6385.69081
10080.233,100,6385.690841
9851.244,100,6385.69087
10427.299,100,6385.690899
10335.642,100,6390.055712
10146.149,100,6390.056262
10210.722,100,6390.056388
9766.313,100,6390.056479
9958.414,100,6390.056498
9782.627,100,6390.056515
10009.732,100,6390.056532
10179.68,100,6390.056549
10197.88,100,6390.056565
10183.691,100,6390.05658
10290.895,100,6393.409973
10270.293,100,6393.410132
9790.28,100,6393.410161
10364.455,100,6393.410179
9964.425,100,6393.410195
9839.858,100,6393.410211
9860.836,100,6393.410228
9735.381,100,6393.410244
10176.684,100,6393.41026
9939.872,100,6393.410276
10167.548,100,6394.965185
9975.175,100,6394.96533
9830.399,100,6394.965357
10458.54,100,6394.965374
10496.613,100,6394.96539
10488.227,100,6394.965406
10373.73,100,6394.965421
10213.094,100,6394.965436
10059.491,100,6394.965451
10247.458,100,6394.965466
10315.313,100,6475.850317
10104.564,100,6475.850496
10652.6455,100,6475.850531
10396.427,100,6475.85055
10415.031,100,6475.850567
10170.446,100,6475.850585
9779.984,100,6475.850603
10510.988,100,6475.85062
10066.737,100,6475.850637
10751.123,100,6475.850654
10628.109,100,6519.558645
9903.778,100,6519.558872
10685.194,100,6519.558911
9911.509,100,6519.558931
10570.451,100,6519.558949
10583.534,100,6519.558968
10090.396,100,6519.558987
9962.069,100,6519.559005
9863.794,100,6519.559022
10623.511,100,6519.55904
10052.439,100,6521.396656
10365.697,100,6521.396865
9881.783,100,6521.396913
10293.0205,100,6521.396946
10315.932,100,6521.396976
10491.8,100,6521.397004
10209.453,100,6521.397032
10340.493,100,6521.39706
9874.385,100,6521.397089
10335.486,100,6521.397117
10128.283,100,6524.716958
10552.607,100,6524.717099
10246.1875,100,6524.717126
10059.73,100,6524.717146
9842.674,100,6524.71716
10691.17,100,6524.717175
10746.0625,100,6524.717189
10050.463,100,6524.717203
10562.619,100,6524.717216
10457.7705,100,6524.71723
9578.112,100,6527.307732
9972.254,100,6527.307899
10653.349,100,6527.307924
10464.807,100,6527.307941
10350.949,100,6527.307955
11123.954,100,6527.30797
9666.76,100,6527.307984
10451.673,100,6527.307998
10207.816,100,6527.308012
10313.824,100,6527.308026
10476.938,100,6606.636382
10327.97,100,6606.636548
9781.569,100,6606.636579
10388.38,100,6606.636605
9884.263,100,6606.636621
10523.428,100,6606.636636
10300.54,100,6606.636653
10097.195,100,6606.636668
10034.533,100,6606.636683
10860.077,100,6606.636697
10402.102,100,6609.055543
10208.174,100,6609.055693
10629.2295,100,6609.055722
9628.641,100,6609.055738
10527.181,100,6609.055753
9928.156,100,6609.05578
9477.627,100,6609.055794
10283.947,100,6609.055808
10557.172,100,6609.055821
9958.475,100,6609.055836
9905.807,100,6612.186611
9934.912,100,6612.186813
10082.119,100,6612.186867
10031.598,100,6612.186904
10124.611,100,6612.186938
10272.552,100,6612.188293
10156.697,100,6612.188354
10064.56,100,6612.188391
10441.148,100,6612.188425
9965.4,100,6612.188459
10489.307,100,6616.481956
10149.194,100,6616.482147
10402.117,100,6616.482198
10669.236,100,6616.482236
9678.393,100,6616.482269
10350.954,100,6616.482302
9976.555,100,6616.482333
9941.864,100,6616.482365
10095.55,100,6616.482394
10119.392,100,6616.482424
10205.807,100,6618.612347
10506.919,100,6618.612722
10320.38,100,6618.612956
9949.961,100,6618.613112
10236.462,100,6618.613281
9846.545,100,6618.613436
9912.961,100,6618.613566
9889.604,100,6618.613692
10114.815,100,6618.613842
10480.25,100,6618.613968
10234.22,100,6691.821369
10112.387,100,6691.82153
10283.111,100,6691.821563
9717.411,100,6691.821584
10098.176,100,6691.821602
9602.567,100,6691.821618
10036.428,100,6691.821634
10343.148,100,6691.821649
10635.523,100,6691.821664
9690.167,100,6691.821681
10006.441,100,6693.567422
9379.424,100,6693.567594
10378.404,100,6693.567641
9741.606,100,6693.567678
9987.438,100,6693.567709
9874.652,100,6693.567739
9889.641,100,6693.567793
10375.766,100,6693.567823
10588.12,100,6693.567852
10046.554,100,6693.56788
10216.407,100,6695.276395
10214.025,100,6695.276552
10046.978,100,6695.276577
10029.925,100,6695.276593
9959.912,100,6695.276607
10124.303,100,6695.276622
10085.246,100,6695.276637
9795.965,100,6695.276651
10281.532,100,6695.276664
9722.822,100,6695.276678
9978.329,100,6697.954826
10104.864,100,6697.955216
10156.788,100,6697.955262
10580.563,100,6697.955282
10457.5625,100,6697.955297
9628.677,100,6697.955312
9935.769,100,6697.955328
9744.077,100,6697.955343
9986.067,100,6697.955358
10348.789,100,6697.955372
9795.081,100,6700.180609
9662.993,100,6700.180784
10195.363,100,6700.180809
10333.086,100,6700.180825
10333.348,100,6700.180838
10287.708,100,6700.180851
10019.846,100,6700.180865
10484.669,100,6700.180877
10313.073,100,6700.180891
9804.984,100,6700.180904
10086.002,100,6773.851463
10365.603,100,6773.851622
10150.4,100,6773.851663
9954.845,100,6773.851679
10192.249,100,6773.851694
10609.328,100,6773.851708
10031.234,100,6773.851722
10577.246,100,6773.851735
10305.663,100,6773.851748
9905.345,100,6773.851784
9688.997,100,6776.624989
10472.421,100,6776.625154
10077.487,100,6776.625183
10246.517,100,6776.625201
10693.383,100,6776.625218
10473.062,100,6776.625234
10435.464,100,6776.62525
9863.894,100,6776.625266
10117.976,100,6776.625282
10158.146,100,6776.625297
10054.389,100,6778.692145
10160.514,100,6778.692527
10679.956,100,6778.692669
9874.576,100,6778.692787
10079.816,100,6778.692882
9499.455,100,6778.692984
10073.514,100,6778.693068
10253.279,100,6778.693085
10714.646,100,6778.693101
10089.202,100,6778.693117
10158.651,100,6780.494813
10150.213,100,6780.494978
10174.487,100,6780.495021
10001.047,100,6780.495054
9985.872,100,6780.495084
9821.831,100,6780.495112
10405.462,100,6780.495141
9900.844,100,6780.495169
10145.448,100,6780.495197
10519.993,100,6780.495225
10086.799,100,6781.693521
10075.126,100,6781.693873
9980.656,100,6781.694
10099.949,100,6781.694021
9971.345,100,6781.694039
9708.588,100,6781.694056
10090.979,100,6781.694072
10411.04,100,6781.694089
10579.713,100,6781.694106
10088.256,100,6781.694122
10061.716,100,6861.69578
10174.973,100,6861.695922
10049.746,100,6861.695952
10315.812,100,6861.695971
9635.357,100,6861.696005
10323.736,100,6861.696044
10042.629,100,6861.69606
10271.125,100,6861.696077
10678.348,100,6861.696093
10106.48,100,6861.696109
10467.955,100,6864.941078
10234.586,100,6864.941259
10205.286,100,6864.941292
10621.782,100,6864.941312
10274.918,100,6864.941329
10282.134,100,6864.941346
10187.439,100,6864.941363
10109.736,100,6864.941381
9879.739,100,6864.941397
9844.91,100,6864.941416
10227.798,100,6868.054831
9825.496,100,6868.055006
10188.037,100,6868.055035
10399.16,100,6868.055052
11061.366,100,6868.055067
10555.249,100,6868.055082
10186.429,100,6868.055097
10551.219,100,6868.055111
10350.002,100,6868.055126
9876.393,100,6868.05514
10259.396,100,6869.546418
9984.08,100,6869.546742
10895.708,100,6869.547004
9624.608,100,6869.547099
10116.288,100,6869.547183
10032.841,100,6869.547268
9879.448,100,6869.547349
10227.766,100,6869.547432
10257.657,100,6869.547514
10786.263,100,6869.547596
9963.565,100,6870.799816
9637.974,100,6870.799965
9891.148,100,6870.799993
10204.9375,100,6870.80001
10281.041,100,6870.800027
9941.697,100,6870.800043
10141.641,100,6870.800059
9958.795,100,6870.800074
10137.922,100,6870.80009
10275.421,100,6870.800106
9898.489,100,6949.881293
9761.504,100,6949.881439
10119.735,100,6949.881475
9967.817,100,6949.881495
9763.451,100,6949.881516
10389.436,100,6949.881535
10050.889,100,6949.881552
9739.935,100,6949.881568
10392.135,100,6949.881586
10257.825,100,6949.881603
9720.413,100,6955.871088
10078.139,100,6955.874535
10297.7295,100,6955.875086
10465.004,100,6955.875206
10323.236,100,6955.87525
10132.603,100,6955.875288
9799.082,100,6955.875319
10015.084,100,6955.87535
10309.997,100,6955.875381
9992.669,100,6955.876209
9739.917,100,6958.543885
9918.184,100,6958.544081
10584.48,100,6958.544111
10445.497,100,6958.54413
10031.449,100,6958.544147
9617.604,100,6958.544163
9349.295,100,6958.54418
10379.648,100,6958.544197
10339.287,100,6958.544214
10284.07,100,6958.544231
10011.007,100,6960.368274
10509.198,100,6960.36862
10513.894,100,6960.368741
10262.831,100,6960.368775
9596.925,100,6960.368792
9879.264,100,6960.368807
10451.854,100,6960.368823
10530.214,100,6960.368838
10016.285,100,6960.368853
10160.207,100,6960.368868
9983.226,100,6962.723837
9845.188,100,6962.723984
10469.653,100,6962.724007
9995.462,100,6962.724024
10237.564,100,6962.724038
10804.45,100,6962.724051
9935.39,100,6962.724065
10217.536,100,6962.724078
10068.364,100,6962.724091
10179.5,100,6962.724104
9819.21,100,6964.324357
9862.377,100,6964.324533
10398.479,100,6964.324558
10201.436,100,6964.324575
9914.37,100,6964.324589
10687.155,100,6964.324604
10149.004,100,6964.324617
10596.268,100,6964.324631
10607.954,100,6964.324645
10618.59,100,6964.324658
10137.748,100,7052.350289
9899.646,100,7052.350482
10564.115,100,7052.350516
9788.112,100,7052.350535
10487.165,100,7052.350552
10148.868,100,7052.350569
9809.265,100,7052.350585
10896.715,100,7052.350602
10241.64,100,7052.350619
9966.29,100,7052.350634
10139.098,100,7054.746849
10571.07,100,7054.747118
10192.647,100,7054.747169
10089.335,100,7054.747204
10259.036,100,7054.747235
10575.234,100,7054.747264
9886.149,100,7054.747294
9828.888,100,7054.747996
10337.875,100,7054.748383
10514.498,100,7054.748422
10012.971,100,7057.507146
10102.561,100,7057.507317
9639.152,100,7057.507357
10235.73,100,7057.507378
10303.115,100,7057.507395
9799.3545,100,7057.507413
10536.737,100,7057.50743
10176.663,100,7057.507448
9856.919,100,7057.507466
9925.059,100,7057.507485
10209.738,100,7059.562832
10554.985,100,7059.563638
10400.073,100,7059.563719
9920.402,100,7059.56374
10136.88,100,7059.563757
9667.651,100,7059.563783
10341.233,100,7059.563798
10210.544,100,7059.563814
10276.423,100,7059.563829
10700.839,100,7059.563844
10127.944,100,7061.151237
10200.621,100,7061.15142
9860.702,100,7061.151444
10360.773,100,7061.151462
10013.925,100,7061.151476
10338.07,100,7061.15149
10179.254,100,7061.151506
10090.723,100,7061.15152
10013.037,100,7061.151534
10095.459,100,7061.15157
10319.5,100,7148.543818
10366.195,100,7148.543997
10426.327,100,7148.544031
10454.974,100,7148.544049
10341.087,100,7148.544065
10524.082,100,7148.544082
10526.2,100,7148.5441
10410.054,100,7148.544117
10403.311,100,7148.544133
10221.895,100,7148.544149
10067.361,100,7150.147597
10411.437,100,7150.147806
10203.878,100,7150.14785
10088.595,100,7150.147881
10264.11,100,7150.147907
10447.453,100,7150.147935
10502.033,100,7150.147961
10120.093,100,7150.147987
10463.199,100,7150.148014
9971.319,100,7150.14804
10036.551,100,7151.437854
9951.701,100,7151.437992
9900.087,100,7151.438039
10131.427,100,7151.438057
10128.135,100,7151.438072
10407.923,100,7151.438086
10007.729,100,7151.4381
10493.944,100,7151.438116
10571.403,100,7151.43813
10087.768,100,7151.438145
10502.864,100,7152.834924
10282.271,100,7152.835095
10026.1045,100,7152.835121
9679.871,100,7152.835139
10572.269,100,7152.835154
10380.268,100,7152.835168
10276.649,100,7152.835183
10485.404,100,7152.835197
10300.7,100,7152.835211
10189.076,100,7152.835226
11047.598,100,7154.304402
10407.796,100,7154.304545
9792.1455,100,7154.30457
9668.258,100,7154.304587
10349.141,100,7154.304602
9988.463,100,7154.304616
9621.998,100,7154.30463
10112.896,100,7154.304644
10139.597,100,7154.304658
10038.696,100,7154.304673
10607.982,100,7234.384032
10308.909,100,7234.384183
10476.512,100,7234.38421
9762.776,100,7234.384225
10385.298,100,7234.384239
10268.939,100,7234.384253
10455.049,100,7234.384267
10336.034,100,7234.38428
10029.187,100,7234.384295
10155.589,100,7234.384308
10540.045,100,7236.853863
10036.573,100,7236.854008
10389.935,100,7236.854032
9747.405,100,7236.854048
10483.984,100,7236.854064
10348.897,100,7236.854079
10526.862,100,7236.854095
10006.896,100,7236.85411
10849.663,100,7236.854125
9693.775,100,7236.85414
10350.85,100,7237.943924
10182.049,100,7237.944113
9833.488,100,7237.94414
10227.867,100,7237.944157
10171.223,100,7237.944173
10289.511,100,7237.944188
9729.988,100,7237.944203
10669.123,100,7237.944218
9589.905,100,7237.944233
9913.98,100,7237.944247
10093.88,100,7239.183597
9889.931,100,7239.184002
10228.35,100,7239.184124
9685.143,100,7239.184144
10241.264,100,7239.184161
10593.8955,100,7239.184177
10078.67,100,7239.184237
10721.759,100,7239.184252
9992.949,100,7239.184268
10444.228,100,7239.184285
10268.385,100,7241.462976
10157.416,100,7241.464711
10690.376,100,7241.464923
10967.119,100,7241.464955
10599.416,100,7241.464973
10120.28,100,7241.46499
10595.562,100,7241.465008
10010.408,100,7241.465026
10112.548,100,7241.465043
10114.37,100,7241.46506
10489.191,100,7322.291975
10353.295,100,7322.292136
9941.812,100,7322.292182
10262.507,100,7322.292216
10231.732,100,7322.292245
10370.478,100,7322.292274
10279.275,100,7322.292301
9960.239,100,7322.29234
10387.961,100,7322.29237
10308.038,100,7322.292397
10439.372,100,7324.276162
10339.819,100,7324.276307
9359.142,100,7324.276334
10673.495,100,7324.27635
10021.744,100,7324.276365
10348.089,100,7324.27638
10276.16,100,7324.276395
10211.318,100,7324.276409
10299.954,100,7324.276424
10539.06,100,7324.276438
10642.267,100,7326.833121
10638.891,100,7326.833719
10415.195,100,7326.833817
9777.4795,100,7326.834387
10525.58,100,7326.834641
10029.418,100,7326.834679
10004.182,100,7326.834704
10053.595,100,7326.834727
10038.582,100,7326.834749
10514.084,100,7326.834783
10027.826,100,7329.184471
10657.201,100,7329.184626
10702.348,100,7329.184652
10492.641,100,7329.18467
10329.603,100,7329.184687
9976.843,100,7329.184704
10219.477,100,7329.18472
10509.895,100,7329.184736
10371.95,100,7329.184752
10504.929,100,7329.184784
10298.513,100,7330.940611
9905.539,100,7330.940814
10199.114,100,7330.940862
10079.157,100,7330.940881
10025.913,100,7330.940898
10233.754,100,7330.940914
9847.414,100,7330.94093
10153.397,100,7330.940947
10256.054,100,7330.940965
10108.77,100,7330.940983
10204.103,100,7469.887972
10114.756,100,7469.888128
10243.262,100,7469.888162
10011.394,100,7469.888202
10036.158,100,7469.888246
9516.1045,100,7469.888265
10489.38,100,7469.888284
10399.823,100,7469.888317
10014.969,100,7469.888335
10319.888,100,7469.888354
10330.522,100,7476.210034
10133.397,100,7476.210218
10397.384,100,7476.210266
10208.005,100,7476.210302
10143.67,100,7476.210335
10024.719,100,7476.210367
10527.022,100,7476.210399
10252.194,100,7476.210442
10715.912,100,7476.210473
10204.964,100,7476.210503
9771.357,100,7480.251379
9891.184,100,7480.251556
10411.683,100,7480.251603
9812.11,100,7480.251639
10079.23,100,7480.251671
10231.228,100,7480.2517
10116.614,100,7480.25173
9896.61,100,7480.251776
9605.988,100,7480.251807
10074.422,100,7480.251836
10557.484,100,7482.725072
9616.427,100,7482.725216
10124.909,100,7482.725243
10189.429,100,7482.72526
10398.764,100,7482.725278
10386.593,100,7482.725295
9998.323,100,7482.725312
10544.783,100,7482.725327
10126.259,100,7482.725343
10272.772,100,7482.725359
9897.819,100,7485.04269
10990.634,100,7485.042861
10557.76,100,7485.042889
10228.895,100,7485.042904
10214.94,100,7485.042919
10380.06,100,7485.042933
10923.019,100,7485.042948
10059.422,100,7485.042962
10364.168,100,7485.042976
10281.543,100,7485.04299
10187.103,100,7566.831714
10336.718,100,7566.83192
9808.512,100,7566.831962
10423.368,100,7566.831985
10002.28,100,7566.832005
9861.746,100,7566.832024
10304.351,100,7566.832045
9850.268,100,7566.832064
10240.234,100,7566.832085
9969.859,100,7566.832106
10156.408,100,7569.750895
10210.731,100,7569.751082
10885.627,100,7569.751108
10454.077,100,7569.751126
10161.684,100,7569.751141
10296.844,100,7569.751156
10117.127,100,7569.751171
10643.689,100,7569.751186
10705.201,100,7569.7512
9862.185,100,7569.751215
10305.527,100,7572.392334
9993.0,100,7572.392529
10198.611,100,7572.392557
10731.708,100,7572.392577
9646.435,100,7572.392594
10302.536,100,7572.392611
10355.047,100,7572.392629
10527.126,100,7572.392645
10398.8125,100,7572.392662
10249.002,100,7572.392679
10429.938,100,7575.684177
10372.313,100,7575.684345
10496.872,100,7575.684375
10089.168,100,7575.684397
9872.612,100,7575.684417
10364.449,100,7575.684437
10184.494,100,7575.684456
10157.416,100,7575.684475
10161.5205,100,7575.684494
9843.272,100,7575.684513
10206.286,100,7580.499983
9577.665,100,7580.500147
9969.476,100,7580.500178
10415.926,100,7580.500196
10179.683,100,7580.500213
10064.995,100,7580.500231
10360.247,100,7580.500248
9880.201,100,7580.500266
9880.811,100,7580.500283
10039.227,100,7580.5003
9911.946,100,7690.595981
10294.728,100,7690.596175
10739.04,100,7690.59622
10129.541,100,7690.59625
10173.29,100,7690.596277
10119.824,100,7690.596303
10063.059,100,7690.596328
10181.204,100,7690.596352
10086.774,100,7690.596376
10071.152,100,7690.5964
10184.303,100,7691.632252
9824.203,100,7691.6326
10110.641,100,7691.632712
9860.323,100,7691.63273
9717.229,100,7691.632747
10413.04,100,7691.632935
9878.818,100,7691.633025
10374.04,100,7691.633042
9719.782,100,7691.633056
10044.645,100,7691.633071
9763.78,100,7693.254517
10197.184,100,7693.25469
9766.631,100,7693.254714
10305.442,100,7693.254732
10193.34,100,7693.254747
10677.387,100,7693.254771
9894.3,100,7693.254786
9674.566,100,7693.254801
10175.75,100,7693.254815
10167.39,100,7693.254829
9967.627,100,7694.515481
10653.608,100,7694.515611
10204.877,100,7694.515635
10019.338,100,7694.515651
10299.206,100,7694.515665
10623.331,100,7694.515678
10370.997,100,7694.515692
10063.433,100,7694.515705
10353.284,100,7694.515718
10302.56,100,7694.515731
10128.8125,100,7699.595293
9850.877,100,7699.595783
9874.218,100,7699.595945
10105.337,100,7699.595974
9934.931,100,7699.595996
10176.027,100,7699.596014
9719.176,100,7699.596033
10030.616,100,7699.596051
9959.757,100,7699.59607
10193.211,100,7699.596088
10175.251,100,7784.698638
10117.003,100,7784.699679
9941.797,100,7784.69995
10540.351,100,7784.700101
10046.096,100,7784.700232
10707.276,100,7784.70036
10378.685,100,7784.700486
9973.719,100,7784.700609
10565.751,100,7784.700754
10511.205,100,7784.700921
9960.693,100,7786.091434
9949.683,100,7786.091806
10263.001,100,7786.091849
10138.181,100,7786.091868
9563.028,100,7786.091884
10319.485,100,7786.0919
10121.292,100,7786.091915
10430.924,100,7786.091931
10484.442,100,7786.091946
10143.391,100,7786.091961
10582.999,100,7787.998409
9928.165,100,7787.99858
10131.913,100,7787.998608
10714.438,100,7787.998624
10549.921,100,7787.99864
9849.873,100,7787.998655
9937.868,100,7787.99867
10617.588,100,7787.998685
10166.787,100,7787.9987
10266.058,100,7787.998716
10083.704,100,7789.337976
10668.211,100,7789.338122
10097.707,100,7789.338148
10295.262,100,7789.338164
10157.702,100,7789.338178
10374.415,100,7789.338193
10241.705,100,7789.338208
10184.487,100,7789.338222
10398.834,100,7789.338236
10278.124,100,7789.33825
10341.18,100,7790.619652
10253.02,100,7790.619921
10443.022,100,7790.619947
10105.404,100,7790.619965
10199.24,100,7790.619982
10351.269,100,7790.619997
10639.127,100,7790.620013
9555.722,100,7790.620028
10053.956,100,7790.620044
10296.832,100,7790.620059
10345.839,100,7792.236279
10519.889,100,7792.236425
10379.688,100,7792.236452
9778.478,100,7792.236468
10598.899,100,7792.236483
10160.71,100,7792.236497
10424.417,100,7792.236512
10015.422,100,7792.236527
10252.22,100,7792.236542
10259.409,100,7792.236556
10593.397,100,7869.907174
10768.928,100,7869.907337
10509.082,100,7869.907367
10395.83,100,7869.907383
9918.378,100,7869.907397
10518.403,100,7869.907412
10471.937,100,7869.907426
10286.312,100,7869.90744
10239.928,100,7869.907455
10117.985,100,7869.907469
9924.52,100,7871.092395
10046.292,100,7871.092565
9640.514,100,7871.09261
10579.024,100,7871.092643
10314.178,100,7871.092675
10120.078,100,7871.092704
10031.06,100,7871.092732
10702.8545,100,7871.092773
10226.653,100,7871.092804
10406.668,100,7871.092832
9637.284,100,7872.239198
10120.354,100,7872.239337
9915.126,100,7872.239363
10084.643,100,7872.23938
9817.503,100,7872.239395
10392.1455,100,7872.23941
10521.967,100,7872.239426
9706.676,100,7872.239442
10471.174,100,7872.239457
10089.51,100,7872.239472
10235.747,100,7873.476504
9789.279,100,7873.47668
10137.019,100,7873.476706
10444.945,100,7873.476722
10449.777,100,7873.476736
10315.352,100,7873.47675
10053.682,100,7873.476777
10047.9,100,7873.476791
10339.052,100,7873.476806
9951.146,100,7873.47682
10264.947,100,7875.368708
10284.55,100,7875.368885
10438.056,100,7875.368913
10501.182,100,7875.36893
10128.76,100,7875.368946
10249.078,100,7875.368961
9631.515,100,7875.368976
10074.678,100,7875.368992
10032.6045,100,7875.369007
10356.471,100,7875.369023
10069.774,100,7954.564385
10553.347,100,7954.56454
10522.703,100,7954.564573
10258.264,100,7954.56459
10483.476,100,7954.564605
10683.851,100,7954.56462
10071.758,100,7954.564635
10231.013,100,7954.564651
9790.034,100,7954.564666
9968.906,100,7954.564681
9926.083,100,7955.909149
10370.345,100,7955.909317
10269.235,100,7955.909361
9855.597,100,7955.909395
10306.257,100,7955.909424
10594.419,100,7955.909452
9737.543,100,7955.90948
10185.856,100,7955.90951
10413.542,100,7955.909538
10616.818,100,7955.909566
10446.536,100,7957.992286
10491.442,100,7957.992424
10113.697,100,7957.992449
10543.785,100,7957.992466
10161.915,100,7957.992481
10323.227,100,7957.992496
9834.9795,100,7957.99251
10168.74,100,7957.992527
10035.995,100,7957.992541
9579.686,100,7957.992555
10380.64,100,7959.269627
9986.939,100,7959.2698
10221.405,100,7959.269832
10210.27,100,7959.269848
10151.205,100,7959.269862
10021.599,100,7959.269876
10286.262,100,7959.269891
10352.96,100,7959.269906
10143.653,100,7959.26992
10479.052,100,7959.269934
10062.516,100,7960.573875
9961.688,100,7960.574035
10227.245,100,7960.574059
10271.734,100,7960.574076
10467.876,100,7960.574091
10529.581,100,7960.574105
10161.896,100,7960.574119
9512.596,100,7960.574133
10141.22,100,7960.574147
10097.269,100,7960.574162
10306.046,100,8049.296229
10130.896,100,8049.296408
10537.459,100,8049.296451
9701.319,100,8049.296486
10711.389,100,8049.296499
10522.82,100,8049.296512
10075.736,100,8049.296524
10420.824,100,8049.296536
10092.56,100,8049.296548
10201.7,100,8049.296559
10420.9,100,8052.589301
10338.456,100,8052.589458
10075.542,100,8052.589488
10332.77,100,8052.589508
10585.061,100,8052.589527
10374.628,100,8052.589545
10466.8125,100,8052.589563
10154.606,100,8052.589581
10418.755,100,8052.589599
10222.835,100,8052.589617
10013.633,100,8055.280031
10429.591,100,8055.280204
10080.84,100,8055.280248
9690.322,100,8055.280284
10318.214,100,8055.280314
10309.469,100,8055.280344
9669.876,100,8055.280374
10165.464,100,8055.280478
10005.17,100,8055.28052
10237.397,100,8055.280549
10285.642,100,8058.217195
10925.968,100,8058.218273
9923.922,100,8058.218377
10354.726,100,8058.218405
10168.306,100,8058.218424
9953.5,100,8058.218442
10553.076,100,8058.218789
10644.48,100,8058.218829
10406.238,100,8058.218849
10475.418,100,8058.22133
9913.931,100,8060.197308
10140.431,100,8060.197456
10102.832,100,8060.197485
10187.9375,100,8060.197501
10129.792,100,8060.197518
10286.234,100,8060.197532
10051.325,100,8060.197546
10508.362,100,8060.197558
9889.728,100,8060.197572
10179.569,100,8060.197585
10289.467,100,8159.179327
10293.396,100,8159.179749
10390.333,100,8159.179948
10016.396,100,8159.179997
10080.762,100,8159.180033
10031.963,100,8159.180064
10364.876,100,8159.180095
10361.345,100,8159.180126
10168.8955,100,8159.180156
10711.567,100,8159.180186
9935.618,100,8162.906035
10541.036,100,8162.906205
10210.578,100,8162.906237
9882.381,100,8162.906257
9791.736,100,8162.906275
10309.362,100,8162.906293
10026.454,100,8162.906312
10449.37,100,8162.906329
10585.853,100,8162.906348
9928.16,100,8162.906367
10245.513,100,8166.704616
10490.751,100,8166.704837
9942.502,100,8166.704889
10063.092,100,8166.704927
10202.759,100,8166.70496
10789.983,100,8166.704996
9919.231,100,8166.705028
10110.101,100,8166.70506
10272.762,100,8166.705092
9998.43,100,8166.705122
10044.592,100,8169.040499
9869.952,100,8169.040674
9808.855,100,8169.040719
9333.614,100,8169.040753
10077.748,100,8169.040803
10219.611,100,8169.040833
10042.36,100,8169.040864
10539.975,100,8169.040894
9956.537,100,8169.040922
10018.083,100,8169.040953
10050.794,100,8171.647727
9857.746,100,8171.647922
10221.787,100,8171.647968
10181.484,100,8171.648002
9869.311,100,8171.648032
9757.998,100,8171.648061
10418.977,100,8171.64809
10355.215,100,8171.648118
9968.509,100,8171.648148
10684.829,100,8171.648175
10189.699,100,8272.787964
10135.161,100,8272.788388
10101.022,100,8272.788541
9981.061,100,8272.788567
10265.119,100,8272.788587
10288.622,100,8272.788605
10741.587,100,8272.788624
10174.456,100,8272.788642
10004.415,100,8272.78866
9989.357,100,8272.788679
10419.665,100,8276.523142
10817.95,100,8276.523325
10480.484,100,8276.523354
10806.144,100,8276.523375
10408.109,100,8276.523393
10266.912,100,8276.523412
9603.066,100,8276.52343
9840.872,100,8276.523449
10526.604,100,8276.523466
10170.086,100,8276.523485
10676.73,100,8280.259778
10322.548,100,8280.25994
9933.879,100,8280.25997
10259.37,100,8280.259991
10172.195,100,8280.260009
10060.767,100,8280.260027
10439.757,100,8280.260045
9925.3125,100,8280.260063
10536.9,100,8280.260081
10303.878,100,8280.260099
10419.656,100,8285.727838
9948.916,100,8285.728035
10436.127,100,8285.728092
10462.04,100,8285.72813
10813.273,100,8285.728163
9759.703,100,8285.728196
9826.838,100,8285.728227
10055.767,100,8285.728258
10077.644,100,8285.728289
10400.154,100,8285.72832
9932.529,100,8288.928849
10497.105,100,8288.929017
9571.067,100,8288.929048
10477.92,100,8288.929067
10362.482,100,8288.929085
10576.845,100,8288.929104
10525.754,100,8288.929122
9935.983,100,8288.92914
10642.761,100,8288.929158
9916.43,100,8288.929176
9464.984,100,8399.327962
10011.903,100,8399.328164
9719.868,100,8399.328218
10121.613,100,8399.328257
10170.921,100,8399.328291
9990.113,100,8399.328324
9878.771,100,8399.328379
10747.02,100,8399.328425
10111.768,100,8399.328461
10619.099,100,8399.328494
10459.484,100,8402.529002
10171.089,100,8402.529184
10099.767,100,8402.529216
10022.155,100,8402.529237
10073.095,100,8402.529256
10438.357,100,8402.529274
10565.323,100,8402.529293
10272.48,100,8402.529311
10430.519,100,8402.52933
10087.6875,100,8402.529348
10334.097,100,8405.202627
10448.223,100,8405.20281
10043.082,100,8405.202843
10040.054,100,8405.202865
9927.144,100,8405.202884
10041.936,100,8405.202903
9989.278,100,8405.202922
10290.124,100,8405.20294
10191.647,100,8405.202958
10452.907,100,8405.202976
9671.084,100,8409.659074
10056.989,100,8409.659526
10209.578,100,8409.659714
10719.833,100,8409.65975
10434.72,100,8409.659811
10276.82,100,8409.659835
9930.65,100,8409.659856
10254.375,100,8409.659876
10288.921,100,8409.659896
9840.896,100,8409.659915
9703.112,100,8458.270611
10310.246,100,8458.273098
10115.331,100,8458.273263
10156.659,100,8458.273311
10219.899,100,8458.273347
10101.567,100,8458.273381
9891.703,100,8458.273425
10302.188,100,8458.273459
10211.816,100,8458.273491
10380.572,100,8458.273523
10121.517,100,8553.091552
9966.737,100,8553.094001
10261.812,100,8553.094131
9820.638,100,8553.094157
10289.321,100,8553.094175
10172.789,100,8553.094193
9873.254,100,8553.094209
10043.257,100,8553.094226
10157.08,100,8553.094242
9519.446,100,8553.094258
9587.861,100,8558.342378
10008.982,100,8558.343127
10061.621,100,8558.343307
10412.512,100,8558.343433
10614.76,100,8558.343534
10129.725,100,8558.343554
10530.097,100,8558.343574
9823.185,100,8558.343593
9621.571,100,8558.343611
10330.784,100,8558.34363
9999.344,100,8562.209214
10031.025,100,8562.209381
10400.582,100,8562.209415
10288.677,100,8562.209436
9927.236,100,8562.209455
10531.928,100,8562.209473
10175.199,100,8562.209492
10247.791,100,8562.20951
9858.921,100,8562.209528
10340.095,100,8562.209547
10374.364,100,8566.250283
10501.05,100,8566.25051
9968.836,100,8566.250573
9922.252,100,8566.250612
10157.257,100,8566.250646
10078.268,100,8566.25068
10371.198,100,8566.250713
10506.277,100,8566.250749
10348.876,100,8566.250817
10231.817,100,8566.250853
9931.852,100,8570.14905
10113.137,100,8570.149219
10440.111,100,8570.149253
10359.585,100,8570.149275
10151.631,100,8570.149294
10027.451,100,8570.149312
10321.299,100,8570.149331
9748.548,100,8570.149349
9914.718,100,8570.149368
10361.359,100,8570.149387
10660.942,100,8659.934042
9969.533,100,8659.934975
10279.743,100,8659.935064
10434.552,100,8659.935088
10025.485,100,8659.935109
9943.638,100,8659.93513
10176.122,100,8659.935151
10506.448,100,8659.935171
9981.432,100,8659.93519
10163.232,100,8659.93521
10455.971,100,8662.257341
10251.533,100,8662.260621
9964.344,100,8662.260811
10406.874,100,8662.260861
10442.771,100,8662.260897
10356.273,100,8662.260928
10443.635,100,8662.260959
10914.88,100,8662.260989
10473.388,100,8662.261019
9904.2,100,8662.261048
9718.932,100,8664.865612
10185.458,100,8664.865828
9980.661,100,8664.865857
10153.067,100,8664.865877
10620.492,100,8664.865894
10215.031,100,8664.865911
10501.247,100,8664.865928
10132.716,100,8664.865945
10502.212,100,8664.865962
10314.859,100,8664.865978
10014.994,100,8667.581142
10169.636,100,8667.581308
10698.229,100,8667.581337
9541.848,100,8667.581357
10003.688,100,8667.581374
10364.247,100,8667.581391
10579.887,100,8667.581409
10200.235,100,8667.581426
10709.828,100,8667.581443
10074.639,100,8667.58146
10521.234,100,8670.451082
10028.333,100,8670.451272
10077.703,100,8670.451302
10065.733,100,8670.451322
10182.595,100,8670.45134
10182.192,100,8670.451359
10215.829,100,8670.451377
9982.249,100,8670.451395
10789.756,100,8670.451413
10246.062,100,8670.451432
10612.916,100,8674.749825
10236.274,100,8674.750007
9723.161,100,8674.750048
10268.687,100,8674.750073
10427.455,100,8674.750094
10471.443,100,8674.750116
10068.795,100,8674.750137
10251.778,100,8674.75016
10589.558,100,8674.750182
10235.334,100,8674.750204
10562.324,100,8765.230016
10341.775,100,8765.230245
10020.365,100,8765.230305
10088.349,100,8765.230342
10158.653,100,8765.230375
9948.89,100,8765.230406
10418.466,100,8765.230436
10103.223,100,8765.230465
9955.376,100,8765.230496
10233.913,100,8765.230525
9941.526,100,8767.725832
10308.781,100,8767.726241
10000.621,100,8767.726729
9808.4375,100,8767.726885
9995.032,100,8767.727011
9877.193,100,8767.727109
10547.438,100,8767.727201
10298.008,100,8767.727294
10225.592,100,8767.727387
10199.412,100,8767.727483
10326.846,100,8770.11384
10384.345,100,8770.114062
10031.412,100,8770.114094
10082.778,100,8770.114115
10175.692,100,8770.114135
10637.559,100,8770.114154
10023.511,100,8770.114173
10201.426,100,8770.114191
10121.084,100,8770.114209
10557.144,100,8770.114227
10318.16,100,8774.407667
10356.515,100,8774.407903
10436.423,100,8774.407939
10221.485,100,8774.40796
10579.82,100,8774.40812
10124.54,100,8774.408144
10635.93,100,8774.408165
10468.954,100,8774.408184
10432.6455,100,8774.408206
10138.239,100,8774.408229
9856.243,100,8778.243905
9780.593,100,8778.244075
10104.792,100,8778.245269
10108.322,100,8778.245309
10313.187,100,8778.245341
10525.052,100,8778.245373
10584.001,100,8778.245401
9976.242,100,8778.24543
9564.573,100,8778.245458
9948.552,100,8778.245487
9757.395,100,8869.5192
10385.8545,100,8869.520079
10459.11,100,8869.520325
9955.122,100,8869.520358
10032.285,100,8869.520377
10253.022,100,8869.520394
10311.4,100,8869.520411
10067.718,100,8869.520428
10252.499,100,8869.520444
10258.326,100,8869.520461
10587.1,100,8871.879669
10352.218,100,8871.879883
10658.384,100,8871.879937
10145.861,100,8871.879976
10384.396,100,8871.880011
10370.418,100,8871.880043
10576.689,100,8871.880074
10543.427,100,8871.880106
10170.133,100,8871.880139
10298.959,100,8871.880172
10490.144,100,8874.278108
10774.649,100,8874.278528
10347.814,100,8874.278671
10137.714,100,8874.278787
10048.928,100,8874.278905
10775.684,100,8874.279002
10229.268,100,8874.279021
10433.91,100,8874.279039
10306.73,100,8874.279056
10182.739,100,8874.279073
10285.952,100,8877.03622
9889.079,100,8877.036406
10014.152,100,8877.036459
10452.296,100,8877.036497
10297.321,100,8877.036529
10015.815,100,8877.036562
10552.292,100,8877.036592
10651.053,100,8877.036621
10232.925,100,8877.036651
9722.035,100,8877.036682
10349.851,100,8879.22339
10270.931,100,8879.223578
10351.058,100,8879.223608
9867.858,100,8879.223628
10563.299,100,8879.223646
10596.993,100,8879.223663
10183.86,100,8879.223682
10546.172,100,8879.223699
10428.538,100,8879.223716
9986.254,100,8879.223736
10314.036,100,8971.162443
9939.146,100,8971.162602
10235.199,100,8971.162646
10344.983,100,8971.162677
10604.989,100,8971.162703
10295.538,100,8971.162728
10128.155,100,8971.162753
10410.193,100,8971.162797
10535.866,100,8971.162823
9816.018,100,8971.162849
9932.1875,100,8972.398757
10188.327,100,8972.399166
10433.962,100,8972.399297
10324.733,100,8972.399387
10214.652,100,8972.399476
10666.18,100,8972.399568
10340.035,100,8972.399654
10433.931,100,8972.399673
10444.318,100,8972.399689
10391.194,100,8972.399706
9799.845,100,8973.708359
10147.982,100,8973.708503
10710.401,100,8973.708529
10653.012,100,8973.708547
10410.297,100,8973.708563
10534.774,100,8973.708579
10536.393,100,8973.708595
9850.257,100,8973.708611
10193.711,100,8973.708627
10143.13,100,8973.708645
10182.15,100,8975.698479
10743.706,100,8975.698893
10513.786,100,8975.699354
10262.571,100,8975.6994
10965.534,100,8975.699421
10350.82,100,8975.699439
9984.892,100,8975.699456
9742.85,100,8975.699472
10306.432,100,8975.699488
10036.583,100,8975.699505
9953.552,100,8979.421622
10472.054,100,8979.42178
10324.52,100,8979.421811
10593.969,100,8979.421825
10193.743,100,8979.421839
10385.282,100,8979.42185
10629.163,100,8979.421866
10111.036,100,8979.421883
10147.934,100,8979.421901
10301.602,100,8979.421919
9868.623,100,9065.375869
10195.39,100,9065.376081
9791.734,100,9065.379433
10051.682,100,9065.380893
10427.838,100,9065.381038
10236.426,100,9065.381105
10447.484,100,9065.38115
10143.647,100,9065.381191
10298.471,100,9065.381228
9965.449,100,9065.381265
10220.624,100,9068.32877
10401.089,100,9068.32912
9984.221,100,9068.329272
9959.101,100,9068.329379
10176.995,100,9068.329459
10608.344,100,9068.329664
9901.777,100,9068.329684
10350.564,100,9068.329699
9587.745,100,9068.329714
10101.579,100,9068.329728
10710.222,100,9070.263747
10146.775,100,9070.263938
10738.502,100,9070.263963
10523.705,100,9070.263979
10369.105,100,9070.263992
10180.507,100,9070.264005
10304.41,100,9070.264018
10490.082,100,9070.264032
10389.633,100,9070.264045
10671.541,100,9070.264058
10187.408,100,9071.504885
10256.526,100,9071.505047
10077.495,100,9071.505091
9943.951,100,9071.505126
10392.511,100,9071.505157
9969.804,100,9071.50519
10390.576,100,9071.505221
10203.885,100,9071.50525
10519.412,100,9071.50528
10107.603,100,9071.505307
10232.932,100,9073.894389
10377.708,100,9073.894914
10370.723,100,9073.894993
10539.133,100,9073.89503
10154.791,100,9073.895063
9835.48,100,9073.895093
10625.099,100,9073.895122
10586.615,100,9073.89515
10029.102,100,9073.895179
10229.393,100,9073.895206
9555.198,100,9152.609889
9700.672,100,9152.610055
9808.753,100,9152.610085
10126.745,100,9152.610102
10121.34,100,9152.610118
10454.476,100,9152.610133
10157.272,100,9152.610148
10572.804,100,9152.610164
9934.534,100,9152.610178
9881.587,100,9152.610193
10240.92,100,9154.051128
10347.094,100,9154.051302
10171.3955,100,9154.051326
10278.007,100,9154.051342
10361.069,100,9154.051356
10321.803,100,9154.05137
10377.41,100,9154.051383
9936.249,100,9154.051397
10136.263,100,9154.05141
10344.184,100,9154.051425
10209.474,100,9155.040015
10475.865,100,9155.040152
9815.122,100,9155.040175
10283.037,100,9155.04019
10123.909,100,9155.040205
10238.201,100,9155.040219
10522.149,100,9155.040232
10203.051,100,9155.040246
10141.657,100,9155.040259
10211.413,100,9155.040272
10417.51,100,9157.468022
10689.979,100,9157.468174
10465.594,100,9157.46822
10457.121,100,9157.468253
9771.142,100,9157.468284
10334.752,100,9157.468313
10297.193,100,9157.468342
10819.892,100,9157.468369
10331.075,100,9157.468396
10460.016,100,9157.468423
10213.468,100,9160.037243
10576.522,100,9160.037684
10069.511,100,9160.037827
10378.193,100,9160.037851
9818.954,100,9160.037868
10025.155,100,9160.037886
10468.32,100,9160.037902
10264.8545,100,9160.03792
10187.64,100,9160.037939
10188.049,100,9160.037955
9800.139,100,9242.724804
10327.309,100,9242.724953
10208.427,100,9242.724982
10190.78,100,9242.724997
10616.374,100,9242.725012
10241.427,100,9242.725027
10525.272,100,9242.725042
10165.963,100,9242.725056
9972.501,100,9242.725071
10606.79,100,9242.725085
10015.516,100,9245.168737
10221.726,100,9245.168925
10670.013,100,9245.168969
10480.208,100,9245.169002
10245.79,100,9245.169033
10266.184,100,9245.169062
10041.599,100,9245.169091
10217.662,100,9245.169121
10248.817,100,9245.169148
9740.381,100,9245.169177
10478.294,100,9247.576072
10652.415,100,9247.57622
10564.871,100,9247.576259
9693.627,100,9247.577382
9910.542,100,9247.577418
10669.342,100,9247.577446
10394.196,100,9247.577473
10140.658,100,9247.577499
9916.339,100,9247.577527
10607.904,100,9247.577552
10002.479,100,9249.433928
10107.487,100,9249.434134
10569.87,100,9249.43416
10260.902,100,9249.43418
9792.419,100,9249.434196
10178.279,100,9249.434213
10762.866,100,9249.434229
10833.9795,100,9249.434245
10188.988,100,9249.434261
10614.496,100,9249.434276
10235.739,100,9251.221099
10087.557,100,9251.221222
10150.536,100,9251.221245
9956.965,100,9251.221261
10295.97,100,9251.221276
10213.093,100,9251.22129
10771.656,100,9251.221306
10330.91,100,9251.221322
10051.038,100,9251.221336
9923.92,100,9251.221352
9982.285,100,9326.70585
10281.389,100,9326.706202
10737.346,100,9326.706322
10498.283,100,9326.706406
10255.531,100,9326.706484
9885.996,100,9326.70657
10249.654,100,9326.706647
10079.482,100,9326.706725
10471.964,100,9326.706829
10228.158,100,9326.706927
10244.578,100,9329.255674
10219.106,100,9329.256055
9869.884,100,9329.256215
10335.345,100,9329.256237
10417.427,100,9329.256253
10195.249,100,9329.256268
9801.1,100,9329.256283
10822.349,100,9329.256299
10313.96,100,9329.256313
10110.882,100,9329.256328
10512.911,100,9330.393493
9718.178,100,9330.393635
10448.798,100,9330.393661
10707.249,100,9330.393677
10202.63,100,9330.393692
9905.377,100,9330.393708
10438.782,100,9330.393723
10339.117,100,9330.393738
9747.448,100,9330.393753
9781.49,100,9330.393784
9812.789,100,9331.906792
10256.777,100,9331.906966
10440.055,100,9331.906993
10190.343,100,9331.907009
9754.778,100,9331.907025
10122.091,100,9331.907041
10801.462,100,9331.907058
9949.593,100,9331.907074
10150.759,100,9331.90709
10377.997,100,9331.907106
10683.553,100,9334.12982
10099.87,100,9334.130011
10380.128,100,9334.130063
10324.637,100,9334.130098
10763.302,100,9334.13013
10274.037,100,9334.13016
10565.799,100,9334.130189
10355.439,100,9334.130219
10093.587,100,9334.130248
9954.696,100,9334.130276
10019.504,100,9408.911246
10305.988,100,9408.911404
10092.781,100,9408.911435
10723.19,100,9408.911453
9785.417,100,9408.91147
10334.027,100,9408.911486
10547.199,100,9408.911502
10686.409,100,9408.911518
9972.543,100,9408.911533
10466.458,100,9408.911549
10305.858,100,9410.405875
10062.163,100,9410.40603
9946.952,100,9410.406053
10586.466,100,9410.406067
10609.734,100,9410.406081
10396.861,100,9410.406094
10227.849,100,9410.406106
9742.088,100,9410.406118
10157.521,100,9410.406131
10285.178,100,9410.406143
10155.196,100,9412.108936
10599.537,100,9412.109071
10200.386,100,9412.109094
10196.221,100,9412.109111
10735.263,100,9412.109125
9997.719,100,9412.109138
10630.559,100,9412.109153
10416.504,100,9412.109167
10330.778,100,9412.109181
10674.771,100,9412.109194
10005.456,100,9442.880681
10741.553,100,9442.880872
10450.527,100,9442.880901
10860.405,100,9442.880917
10332.64,100,9442.880932
10242.514,100,9442.880946
10391.368,100,9442.88096
10490.165,100,9442.880975
10164.271,100,9442.880989
9710.159,100,9442.881003
10488.033,100,9444.320493
10365.87,100,9444.320652
10037.218,100,9444.320685
10704.085,100,9444.320704
10315.803,100,9444.320721
10111.908,100,9444.320737
10603.61,100,9444.320754
9725.344,100,9444.320784
10451.542,100,9444.320801
10360.43,100,9444.320817
10594.181,100,9511.307121
10448.281,100,9511.30729
9853.145,100,9511.307333
10487.709,100,9511.307366
10126.25,100,9511.307395
10197.001,100,9511.307423
10259.079,100,9511.30745
10417.7705,100,9511.307477
10386.888,100,9511.307503
10634.198,100,9511.307528
10248.744,100,9512.753362
10280.754,100,9512.753555
10045.584,100,9512.753582
10587.525,100,9512.7536
9976.736,100,9512.753617
10190.426,100,9512.753633
10459.11,100,9512.753649
10333.656,100,9512.753665
10329.874,100,9512.75368
10237.936,100,9512.753696
10087.445,100,9514.330369
10213.74,100,9514.331119
10066.363,100,9514.331295
10217.803,100,9514.331403
10632.746,100,9514.3315
10166.439,100,9514.331596
10281.072,100,9514.33168
10351.212,100,9514.331696
10024.367,100,9514.331713
9916.19,100,9514.331728
9993.521,100,9515.354662
10381.086,100,9515.354977
9940.104,100,9515.355093
10131.809,100,9515.355176
10319.775,100,9515.355256
9853.222,100,9515.355273
10131.079,100,9515.355288
10149.656,100,9515.355303
10421.028,100,9515.355318
10214.589,100,9515.355333
9852.916,100,9516.881946
10255.826,100,9516.882112
9871.564,100,9516.882138
9814.491,100,9516.882155
10586.88,100,9516.882169
10214.9375,100,9516.882182
9617.541,100,9516.882197
10285.994,100,9516.88221
10269.23,100,9516.882224
10479.9795,100,9516.882241
10196.683,100,9518.322392
10578.198,100,9518.322572
10267.29,100,9518.322598
10273.677,100,9518.322614
10419.807,100,9518.322629
10605.855,100,9518.322645
10725.872,100,9518.32266
10432.379,100,9518.322676
10024.783,100,9518.32269
10481.717,100,9518.322705
10228.16,100,9588.52629
10632.14,100,9588.527205
10274.978,100,9588.527291
10287.753,100,9588.527333
10113.926,100,9588.527347
10074.065,100,9588.527361
10234.148,100,9588.527375
10015.109,100,9588.527388
10220.179,100,9588.527402
10216.577,100,9588.527416
10355.123,100,9589.798859
10501.243,100,9589.798981
10053.134,100,9589.799002
10473.365,100,9589.799013
10995.556,100,9589.799023
9973.714,100,9589.799032
10031.353,100,9589.799042
10542.616,100,9589.799052
9950.816,100,9589.799061
10115.782,100,9589.79907
9979.974,100,9590.958081
10419.439,100,9590.958213
10078.93,100,9590.958237
9808.675,100,9590.958255
10197.234,100,9590.958269
10157.962,100,9590.958284
10577.008,100,9590.958298
10980.51,100,9590.958313
10279.259,100,9590.958327
10474.307,100,9590.958342
10680.359,100,9591.960279
10395.109,100,9591.960433
10488.887,100,9591.960457
10184.47,100,9591.960474
10356.918,100,9591.96049
10220.999,100,9591.960505
10322.865,100,9591.960521
10255.72,100,9591.960535
10669.034,100,9591.960549
9903.481,100,9591.960563
9891.584,100,9593.266797
10226.506,100,9593.266934
9751.487,100,9593.266957
10333.208,100,9593.266972
10223.551,100,9593.266986
9848.179,100,9593.267
10595.884,100,9593.267014
9856.322,100,9593.267028
10285.696,100,9593.267042
10297.973,100,9593.267055
10114.032,100,9665.392569
9625.538,100,9665.392742
10371.405,100,9665.392799
10173.293,100,9665.392815
10150.411,100,9665.392829
9950.321,100,9665.392843
10275.359,100,9665.392856
9669.629,100,9665.392869
10741.049,100,9665.392882
10365.662,100,9665.392895
10322.654,100,9668.375075
9615.476,100,9668.375396
10186.648,100,9668.375438
10046.142,100,9668.375455
10247.918,100,9668.375469
9795.1455,100,9668.375483
10128.774,100,9668.375497
10450.059,100,9668.37551
10086.339,100,9668.375524
9758.981,100,9668.375537
9751.327,100,9669.678888
10442.834,100,9669.679069
10425.891,100,9669.679096
10373.9,100,9669.679115
9949.546,100,9669.679131
10259.443,100,9669.679147
10363.47,100,9669.679163
10334.146,100,9669.679178
10247.798,100,9669.679193
10354.639,100,9669.67921
10515.921,100,9671.578726
10174.33,100,9671.578882
10000.412,100,9671.578909
10507.295,100,9671.578924
10372.495,100,9671.578939
10522.703,100,9671.578953
9976.404,100,9671.578968
10620.934,100,9671.578982
9598.65,100,9671.578996
10094.743,100,9671.579011
10229.186,100,9673.12517
10299.282,100,9673.125305
10047.115,100,9673.12533
9607.792,100,9673.125346
10518.332,100,9673.125369
9890.711,100,9673.125383
10271.3545,100,9673.125398
10655.723,100,9673.125413
10708.736,100,9673.125428
9903.561,100,9673.125443
10510.1045,100,9747.487434
9715.996,100,9747.48758
9767.562,100,9747.487608
10129.405,100,9747.487627
9889.1045,100,9747.487642
10114.694,100,9747.487658
10252.478,100,9747.487673
10066.803,100,9747.487688
10078.151,100,9747.487703
10120.516,100,9747.487718
10466.579,100,9749.394679
10582.643,100,9749.3951
10215.215,100,9749.395222
9779.527,100,9749.39533
9783.541,100,9749.395413
10504.215,100,9749.395497
10450.669,100,9749.395514
10940.983,100,9749.39553
11051.068,100,9749.395545
9964.58,100,9749.395561
10244.382,100,9750.423495
10137.892,100,9750.423629
10138.867,100,9750.423653
9748.812,100,9750.423669
10337.862,100,9750.423683
10164.824,100,9750.424149
10412.345,100,9750.424188
10423.052,100,9750.424206
9907.365,100,9750.424222
10718.576,100,9750.424237
10067.945,100,9751.704243
10272.013,100,9751.704393
10388.375,100,9751.704421
10235.389,100,9751.704438
10594.874,100,9751.704453
10395.567,100,9751.704468
10616.905,100,9751.704484
10301.1875,100,9751.704499
10029.59,100,9751.704515
10907.154,100,9751.704529
10170.276,100,9753.527892
10202.139,100,9753.528057
10443.083,100,9753.528082
10622.575,100,9753.528098
10299.84,100,9753.528112
10028.107,100,9753.528127
10032.083,100,9753.528141
10245.188,100,9753.528156
10593.481,100,9753.52817
10351.901,100,9753.528184
10380.973,100,9829.325538
10725.538,100,9829.326897
10246.972,100,9829.327008
9846.673,100,9829.327033
10303.495,100,9829.327052
10173.906,100,9829.32709
9745.529,100,9829.327127
9708.142,100,9829.327145
10521.195,100,9829.327162
10462.082,100,9829.327179
10498.035,100,9830.759197
10381.454,100,9830.759369
10241.596,100,9830.759393
10433.179,100,9830.75941
10155.96,100,9830.759425
10262.126,100,9830.759439
10546.989,100,9830.759454
10058.0,100,9830.759468
9920.213,100,9830.759482
10377.849,100,9830.759497
9844.574,100,9831.924364
10140.096,100,9831.924531
10246.931,100,9831.924572
9898.847,100,9831.924605
10696.378,100,9831.924633
10330.953,100,9831.92466
10431.84,100,9831.924686
10519.76,100,9831.924711
10239.902,100,9831.924737
10350.042,100,9831.924782
10388.431,100,9833.217978
9995.522,100,9833.21814
10210.958,100,9833.218165
10394.786,100,9833.218182
10388.348,100,9833.218197
10779.522,100,9833.218212
10604.034,100,9833.218227
10159.831,100,9833.218241
10072.174,100,9833.218256
9867.676,100,9833.21827
9935.093,100,9835.237517
9740.721,100,9835.237656
10325.842,100,9835.237682
10323.869,100,9835.237775
10231.093,100,9835.237795
9917.756,100,9835.237813
10179.173,100,9835.23783
10091.813,100,9835.237846
9981.907,100,9835.237862
9949.065,100,9835.23788
10163.206,100,9914.208745
9903.198,100,9914.208945
10298.494,100,9914.208987
10075.224,100,9914.209017
10424.206,100,9914.209044
10344.753,100,9914.209069
10488.03,100,9914.209094
10451.163,100,9914.209118
10616.446,100,9914.209143
10566.102,100,9914.209167
9974.991,100,9917.130756
10423.366,100,9917.130897
9959.077,100,9917.130919
10302.643,100,9917.130934
10121.821,100,9917.130947
10617.774,100,9917.13096
10094.824,100,9917.130972
10271.43,100,9917.130984
10334.787,100,9917.130997
10030.774,100,9917.13101
10661.183,100,9918.510662
10063.728,100,9918.510824
10055.014,100,9918.510851
10636.376,100,9918.510866
10947.3955,100,9918.51088
10190.763,100,9918.510896
10158.707,100,9918.51091
10534.393,100,9918.510924
10152.409,100,9918.510937
10367.044,100,9918.510951
10121.857,100,9919.587863
10139.832,100,9919.588003
9929.673,100,9919.588029
9895.537,100,9919.588044
10472.403,100,9919.588058
10322.365,100,9919.588073
10233.862,100,9919.588086
10177.24,100,9919.5881
10048.189,100,9919.588115
9776.558,100,9919.588129
9744.706,100,9920.811547
10067.053,100,9920.811688
10087.158,100,9920.811712
10680.551,100,9920.811728
10560.801,100,9920.811743
9965.011,100,9920.811794
10052.951,100,9920.81181
10223.369,100,9920.811825
10206.227,100,9920.811839
10596.859,100,9920.811853
9852.164,100,9994.148737
10276.371,100,9994.148913
10366.854,100,9994.148942
10225.149,100,9994.148958
10150.556,100,9994.148973
10223.689,100,9994.148988
10266.309,100,9994.149003
10598.611,100,9994.149017
10492.066,100,9994.149032
10707.21,100,9994.149046
10330.666,100,9995.117295
10436.142,100,9995.117462
10210.788,100,9995.117488
10677.076,100,9995.117503
10115.923,100,9995.117517
10418.483,100,9995.117531
10448.452,100,9995.117546
10521.621,100,9995.11756
10076.226,100,9995.117575
10331.034,100,9995.11759
10065.788,100,9999.301919
10059.789,100,9999.302894
10627.362,100,9999.302973
10640.229,100,9999.302995
10218.707,100,9999.303013
10029.563,100,9999.303031
10336.24,100,9999.303048
10202.658,100,9999.303065
10396.289,100,9999.303082
9836.657,100,9999.303099
10442.863,100,10001.722049
10409.57,100,10001.722209
10705.688,100,10001.722251
10134.127,100,10001.722282
10436.145,100,10001.72231
10243.26,100,10001.722337
9994.503,100,10001.722363
10076.023,100,10001.722393
9850.996,100,10001.722419
10039.604,100,10001.722446
10150.986,100,10003.019177
10080.737,100,10003.019361
10347.549,100,10003.019409
10019.792,100,10003.019434
10126.138,100,10003.019449
10532.561,100,10003.019463
10287.652,100,10003.019478
10248.206,100,10003.019495
10287.549,100,10003.01951
10286.898,100,10003.019525
10221.931,100,10068.533989
10284.719,100,10068.534131
10429.027,100,10068.534156
10181.829,100,10068.534171
10156.434,100,10068.534184
10456.345,100,10068.534197
10078.914,100,10068.53421
10135.861,100,10068.534223
10613.357,100,10068.534255
10125.1875,100,10068.53429
10030.706,100,10069.456676
10362.548,100,10069.456818
10522.639,100,10069.456844
10104.405,100,10069.45686
10974.791,100,10069.456875
10438.5205,100,10069.45689
9823.552,100,10069.456904
10654.168,100,10069.456919
10047.32,100,10069.456932
10144.213,100,10069.456946
10410.827,100,10070.595366
10152.827,100,10070.59551
9993.726,100,10070.595536
10441.242,100,10070.595552
10062.137,100,10070.595568
10107.342,100,10070.595862
10491.821,100,10070.595887
10357.143,100,10070.595904
10284.507,100,10070.595919
10541.873,100,10070.595934
10225.452,100,10072.425077
9948.583,100,10072.425254
10574.993,100,10072.425281
10161.345,100,10072.425297
9951.595,100,10072.425313
10720.455,100,10072.425328
9867.398,100,10072.425344
9920.659,100,10072.425359
10766.093,100,10072.425376
9656.14,100,10072.425392
10013.067,100,10073.764589
10186.91,100,10073.764719
10457.531,100,10073.764741
9761.717,100,10073.764756
10420.643,100,10073.764781
10069.577,100,10073.764795
9867.717,100,10073.764812
10332.847,100,10073.764826
10518.458,100,10073.76484
11003.422,100,10073.764854
10376.225,100,10142.519144
10542.22,100,10142.519287
9973.972,100,10142.519322
10350.259,100,10142.519348
10336.505,100,10142.519371
10462.529,100,10142.519393
10267.282,100,10142.519415
9981.129,100,10142.519437
10486.699,100,10142.519458
9767.058,100,10142.519479
10134.569,100,10144.383939
10261.6045,100,10144.384097
10415.147,100,10144.384123
9943.997,100,10144.384138
10493.174,100,10144.384482
10359.965,100,10144.384562
10206.958,100,10144.384636
10584.8125,100,10144.384653
9743.613,100,10144.384668
10434.182,100,10144.384682
10106.81,100,10145.447961
10508.521,100,10145.448118
10518.37,100,10145.448159
10402.59,100,10145.448192
10006.215,100,10145.44822
9896.909,100,10145.448248
10559.203,100,10145.448277
10020.467,100,10145.448303
10521.545,100,10145.448331
9673.443,100,10145.448357
9876.159,100,10146.937946
10695.96,100,10146.938425
10210.075,100,10146.938486
10072.586,100,10146.938507
10168.4,100,10146.938525
10627.062,100,10146.938541
10468.166,100,10146.93856
10012.674,100,10146.938576
10419.668,100,10146.938591
10346.844,100,10146.938607
10001.029,100,10148.546271
10365.3955,100,10148.546412
9749.205,100,10148.546437
10133.709,100,10148.546454
10158.307,100,10148.546468
9668.471,100,10148.546482
10095.174,100,10148.546496
10158.815,100,10148.546509
10347.156,100,10148.546523
10307.508,100,10148.546537
10137.083,100,10149.951976
10212.901,100,10149.952151
10410.861,100,10149.952174
10223.012,100,10149.95219
9872.511,100,10149.952204
10154.773,100,10149.952219
10280.925,100,10149.952233
10072.02,100,10149.952246
10673.516,100,10149.95226
10578.0,100,10149.952274
10569.498,100,10221.091771
10025.493,100,10221.091912
9843.039,100,10221.091941
10143.16,100,10221.091958
9733.967,100,10221.091973
10133.834,100,10221.091987
9927.627,100,10221.092001
10646.09,100,10221.092016
10147.829,100,10221.09203
9670.966,100,10221.092045
10562.761,100,10254.245893
10353.226,100,10254.246364
10056.973,100,10254.246537
10402.289,100,10254.246677
9844.967,100,10254.246844
10378.436,100,10254.246996
10156.792,100,10254.24715
10112.469,100,10254.24728
10346.899,100,10254.247317
10352.0625,100,10254.247348
10335.062,100,10255.549904
9980.232,100,10255.550061
10315.527,100,10255.550088
10512.4,100,10255.550105
10306.599,100,10255.550119
10335.289,100,10255.550134
10082.494,100,10255.550149
10072.959,100,10255.550163
10249.509,100,10255.550177
10318.704,100,10255.550191
9850.538,100,10257.84137
10080.676,100,10257.841538
9941.194,100,10257.841561
10631.788,100,10257.841576
10107.66,100,10257.841589
9854.917,100,10257.841601
9934.793,100,10257.841614
10198.815,100,10257.841627
10151.526,100,10257.841639
10234.103,100,10257.841651
10286.744,100,10259.518724
10085.948,100,10259.518883
10256.937,100,10259.51891
10572.951,100,10259.518927
10437.54,100,10259.518941
10488.701,100,10259.518955
10155.031,100,10259.518992
10247.139,100,10259.519024
10104.525,100,10259.51904
10148.484,100,10259.519054
10057.455,100,10326.679694
10346.814,100,10326.679874
10410.9375,100,10326.679905
10311.914,100,10326.679922
10184.264,100,10326.679937
9969.057,100,10326.679952
10970.585,100,10326.679967
10593.676,100,10326.679984
10276.017,100,10326.679998
9885.676,100,10326.680013
10001.037,100,10328.076699
10720.301,100,10328.076871
10376.236,100,10328.076896
10113.7,100,10328.076914
10082.406,100,10328.07693
9897.355,100,10328.076944
10237.534,100,10328.076959
9908.702,100,10328.076973
10220.547,100,10328.076988
10281.996,100,10328.077002
10328.095,100,10329.875565
10175.51,100,10329.875737
10874.267,100,10329.875776
10389.422,100,10329.875794
10109.677,100,10329.875809
9591.818,100,10329.875824
9900.107,100,10329.875839
10347.869,100,10329.875853
10010.367,100,10329.875868
10041.492,100,10329.875882
9981.32,100,10331.107537
10554.43,100,10331.10798
11000.79,100,10331.108111
10507.975,100,10331.108134
10386.456,100,10331.108152
9663.37,100,10331.108169
10496.551,100,10331.108185
10708.899,100,10331.108201
9980.522,100,10331.108217
10358.802,100,10331.108234
9666.51,100,10332.162698
10345.794,100,10332.162849
10304.767,100,10332.162875
10218.089,100,10332.162891
10110.614,100,10332.162906
9984.661,100,10332.162921
10067.696,100,10332.162936
10441.484,100,10332.16295
9813.241,100,10332.162965
10046.778,100,10332.162979
10708.408,100,10417.478999
10119.871,100,10417.479165
10358.686,100,10417.47919
10548.259,100,10417.479207
10182.785,100,10417.479219
10165.674,100,10417.479232
10126.49,100,10417.479245
10331.081,100,10417.479257
10814.499,100,10417.47927
10359.435,100,10417.479283
10260.068,100,10423.688362
10289.815,100,10423.688542
10447.394,100,10423.688579
10111.837,100,10423.6886
10123.47,100,10423.68862
10233.907,100,10423.68864
10650.942,100,10423.68866
10355.135,100,10423.68868
10476.212,100,10423.688699
9904.463,100,10423.688719
9866.894,100,10428.551478
10385.309,100,10428.551918
9777.23,100,10428.551975
10444.633,100,10428.551997
10617.944,100,10428.552014
10752.713,100,10428.552031
10173.878,100,10428.552048
10169.499,100,10428.552064
10190.328,100,10428.552081
9999.02,100,10428.552135
10549.495,100,10431.354702
10059.98,100,10431.354882
10534.023,100,10431.354928
9891.616,100,10431.354961
9868.6875,100,10431.35499
10242.047,100,10431.35502
10434.389,100,10431.355048
10486.141,100,10431.355075
10314.441,100,10431.355102
10493.31,100,10431.355129
10729.048,100,10434.449656
10368.6045,100,10434.449876
10188.038,100,10434.449912
10299.316,100,10434.449928
10090.321,100,10434.449944
10247.551,100,10434.449959
10144.034,100,10434.449975
10602.707,100,10434.44999
10299.054,100,10434.450006
10495.334,100,10434.450021
10327.2705,100,10514.459077
10025.93,100,10514.459313
10111.642,100,10514.459363
10165.76,100,10514.459398
10513.487,100,10514.459428
10517.58,100,10514.459456
10439.927,100,10514.459483
10339.735,100,10514.459511
10371.108,100,10514.459537
10139.774,100,10514.459564
10086.845,100,10515.558316
9994.599,100,10515.55853
9965.951,100,10515.558581
10947.768,100,10515.558614
10527.708,100,10515.558647
10278.666,100,10515.558677
10062.469,100,10515.558706
10391.683,100,10515.558736
10546.613,100,10515.558795
9975.128,100,10515.558825
10106.936,100,10517.263538
10941.666,100,10517.263941
9994.425,100,10517.26399
10404.08,100,10517.264008
10598.082,100,10517.264022
10421.824,100,10517.264038
10792.961,100,10517.264051
10336.419,100,10517.264066
10387.727,100,10517.26408
10126.591,100,10517.264094
10396.063,100,10518.762029
10921.319,100,10518.762175
10667.725,100,10518.762203
10048.55,100,10518.762219
10344.755,100,10518.762236
10385.771,100,10518.762252
10145.492,100,10518.762269
10112.593,100,10518.762285
9739.391,100,10518.7623
10457.136,100,10518.762316
10034.175,100,10521.042789
10694.78,100,10521.042927
10382.343,100,10521.042951
9872.248,100,10521.042966
10580.119,100,10521.042982
10284.636,100,10521.043018
10369.571,100,10521.043052
10243.679,100,10521.043066
9960.408,100,10521.04308
10210.834,100,10521.043096
10127.152,100,10599.02574
10285.636,100,10599.028094
10454.066,100,10599.028141
10400.101,100,10599.028159
10135.075,100,10599.028174
9876.248,100,10599.028189
10361.756,100,10599.028203
10179.899,100,10599.028218
10235.427,100,10599.028232
10345.852,100,10599.028246
10281.77,100,10600.215061
10790.288,100,10600.215225
10066.698,100,10600.215267
10588.027,100,10600.215297
10495.5,100,10600.215322
10125.062,100,10600.215351
10001.279,100,10600.215378
9976.552,100,10600.215404
10140.516,100,10600.21543
10320.733,100,10600.215458
10613.712,100,10601.906452
10149.685,100,10601.906608
10384.74,100,10601.906631
10561.05,100,10601.906646
10115.167,100,10601.906659
9790.231,100,10601.906671
10101.685,100,10601.906684
10341.664,100,10601.906696
9437.917,100,10601.906709
10080.957,100,10601.906722
10759.104,100,10603.642014
10094.405,100,10603.642243
9873.299,100,10603.642278
10366.309,100,10603.6423
10319.744,100,10603.642318
10500.478,100,10603.642334
10250.58,100,10603.642352
10574.585,100,10603.642368
10437.173,100,10603.642387
10441.118,100,10603.642404
10332.163,100,10606.249513
10363.126,100,10606.249888
9859.866,100,10606.250004
10346.855,100,10606.250089
10130.238,100,10606.250166
10309.839,100,10606.25025
10160.602,100,10606.250341
10643.225,100,10606.250429
10264.353,100,10606.250507
10582.397,100,10606.250585
10004.286,100,10684.733032
10501.564,100,10684.733201
10647.694,100,10684.733234
9978.743,100,10684.733252
9871.183,100,10684.733269
10041.685,100,10684.733285
10004.943,100,10684.733301
10294.87,100,10684.733317
10345.103,100,10684.733333
10433.197,100,10684.733349
10570.738,100,10687.704455
10412.467,100,10687.704599
10471.194,100,10687.704623
10466.828,100,10687.704637
10367.023,100,10687.70465
10318.691,100,10687.704664
10003.55,100,10687.704677
10819.541,100,10687.70469
10321.755,100,10687.704703
10814.1455,100,10687.704716
10353.345,100,10691.018586
10437.273,100,10691.01875
10773.035,100,10691.018805
10006.838,100,10691.018826
9871.251,100,10691.018845
9860.526,100,10691.018862
10570.075,100,10691.018878
10467.164,100,10691.018894
10085.138,100,10691.01891
10341.994,100,10691.018927
10207.714,100,10692.323945
10172.357,100,10692.324081
10333.86,100,10692.324108
10614.879,100,10692.324126
9832.874,100,10692.324142
10330.2,100,10692.324157
9988.781,100,10692.324172
9622.044,100,10692.324187
10366.961,100,10692.324202
9975.038,100,10692.324217
10529.722,100,10693.424248
10293.994,100,10693.424424
9998.112,100,10693.424449
10081.097,100,10693.424465
9834.434,100,10693.42448
10451.265,100,10693.424495
10271.796,100,10693.424509
10213.274,100,10693.424524
10320.469,100,10693.424538
10484.591,100,10693.424553
10629.896,100,10778.348074
10209.756,100,10778.348246
10177.762,100,10778.348277
10160.261,100,10778.348294
10299.822,100,10778.348309
10109.712,100,10778.348325
10303.802,100,10778.348342
10265.754,100,10778.348356
10200.584,100,10778.348371
10183.052,100,10778.348386
9921.458,100,10780.445389
10465.429,100,10780.44555
9818.215,100,10780.445595
10505.002,100,10780.445627
10373.522,100,10780.445656
10062.282,100,10780.445683
9975.604,100,10780.44571
10246.109,100,10780.445737
10154.954,100,10780.445781
10462.473,100,10780.445947
10072.735,100,10782.56943
10229.056,100,10782.569588
10485.439,100,10782.569614
10315.649,100,10782.569631
10662.128,100,10782.569648
10089.219,100,10782.569662
10164.313,100,10782.569678
10048.905,100,10782.569693
10019.647,100,10782.569708
10508.285,100,10782.569723
10565.606,100,10783.89457
9855.23,100,10783.894731
10167.201,100,10783.894756
10353.218,100,10783.894781
10661.688,100,10783.894796
10525.589,100,10783.89481
10161.303,100,10783.894825
10611.024,100,10783.89484
10671.581,100,10783.894854
10308.23,100,10783.894868
10470.584,100,10788.355754
10409.933,100,10788.356026
10252.851,100,10788.356057
10144.748,100,10788.356098
10310.94,100,10788.356121
10023.483,100,10788.356138
10548.497,100,10788.356157
10676.414,100,10788.356174
10306.51,100,10788.356192
10037.334,100,10788.356213
9668.474,100,10870.512918
10357.824,100,10870.513813
10142.384,100,10870.513928
10548.904,100,10870.513957
10418.788,100,10870.513974
10301.015,100,10870.51399
10551.731,100,10870.514009
10270.274,100,10870.514026
10826.29,100,10870.514043
9997.489,100,10870.51406
9804.872,100,10872.856053
10465.368,100,10872.856213
10268.018,100,10872.856242
10016.736,100,10872.85626
10789.581,100,10872.856277
10286.572,100,10872.856294
10192.777,100,10872.85631
10561.413,100,10872.856327
10416.938,100,10872.856343
10559.819,100,10872.856359
10020.255,100,10874.340965
10790.651,100,10874.341246
10079.215,100,10874.34128
10209.5,100,10874.341429
10204.881,100,10874.341458
10333.276,100,10874.341516
10021.416,100,10874.341534
10042.149,100,10874.341565
10098.137,100,10874.341582
10384.02,100,10874.341597
10065.818,100,10878.096227
10157.352,100,10878.096399
10149.597,100,10878.096444
10076.957,100,10878.096478
10372.015,100,10878.096508
10669.985,100,10878.096537
10443.131,100,10878.096565
10028.295,100,10878.096594
10329.024,100,10878.096621
10591.768,100,10878.096649
10520.028,100,10880.053698
10339.07,100,10880.054088
10632.374,100,10880.054259
10208.372,100,10880.054359
10259.109,100,10880.054443
10302.74,100,10880.054522
10535.292,100,10880.054601
10314.906,100,10880.054679
9824.144,100,10880.054756
10714.024,100,10880.054861
10387.818,100,10881.766481
10408.264,100,10881.766642
10193.618,100,10881.766666
9992.15,100,10881.766683
10049.748,100,10881.766697
10124.642,100,10881.766734
9573.783,100,10881.766749
10390.118,100,10881.766778
10624.822,100,10881.766792
10590.801,100,10881.766806
10561.412,100,10964.989846
10128.989,100,10964.990045
10445.373,100,10964.990093
10714.382,100,10964.990129
10322.035,100,10964.99016
10795.292,100,10964.99019
10143.3,100,10964.990218
10227.138,100,10964.990246
10447.714,100,10964.990274
10167.059,100,10964.990301
10777.517,100,10967.126228
10284.538,100,10967.12721
10367.223,100,10967.127382
10344.034,100,10967.127413
10014.567,100,10967.127431
10503.942,100,10967.127449
10218.539,100,10967.127468
9715.265,100,10967.127486
10067.113,100,10967.127506
10456.592,100,10967.127524
10322.76,100,10969.224077
10322.946,100,10969.224247
10319.344,100,10969.224276
10866.528,100,10969.224293
10349.924,100,10969.224308
9941.935,100,10969.224324
10478.081,100,10969.224339
10349.91,100,10969.224355
10193.574,100,10969.22437
10584.426,100,10969.224385
10379.766,100,10971.245109
10105.667,100,10971.245261
10305.43,100,10971.245285
10788.051,100,10971.245301
10415.305,100,10971.245314
10026.419,100,10971.245329
10445.577,100,10971.245343
10241.718,100,10971.245357
10072.023,100,10971.245371
10264.58,100,10971.245385
10380.901,100,10973.121064
10214.331,100,10973.121333
10542.987,100,10973.121387
10698.672,100,10973.121427
10355.808,100,10973.121461
10387.281,100,10973.121493
10612.089,100,10973.121523
10400.2,100,10973.121596
10053.383,100,10973.121628
10294.696,100,10973.121657
10112.794,100,11059.752162
10480.157,100,11059.752321
10481.133,100,11059.752349
10313.99,100,11059.752366
10224.066,100,11059.75238
10594.954,100,11059.752394
10410.888,100,11059.752408
10447.452,100,11059.752422
10316.314,100,11059.752436
9711.472,100,11059.75245
10181.3545,100,11062.205867
9817.008,100,11062.206008
10320.029,100,11062.206033
10038.398,100,11062.206048
10185.004,100,11062.206063
10009.615,100,11062.206077
9999.103,100,11062.206091
10102.66,100,11062.206105
10493.635,100,11062.206118
10288.441,100,11062.206132
10103.147,100,11063.497066
10100.353,100,11063.497217
10385.2295,100,11063.497242
10109.075,100,11063.497257
10264.935,100,11063.497272
10282.721,100,11063.497285
10054.585,100,11063.497298
10360.924,100,11063.497311
10797.123,100,11063.497324
10523.204,100,11063.497338
9898.669,100,11068.284205
10207.049,100,11068.284405
10440.797,100,11068.28448
10513.068,100,11068.284518
9839.795,100,11068.284551
10238.717,100,11068.284581
10378.923,100,11068.284611
9899.987,100,11068.284641
10349.519,100,11068.284669
10504.497,100,11068.284698
10744.93,100,11070.475123
10214.125,100,11070.47526
10783.757,100,11070.475289
10308.069,100,11070.475305
10387.839,100,11070.475321
10390.945,100,11070.475335
10514.86,100,11070.47535
10141.323,100,11070.475366
9742.602,100,11070.475381
10331.309,100,11070.475397
10190.711,100,11187.372065
10443.427,100,11187.372247
9954.331,100,11187.372299
10516.021,100,11187.372316
10404.401,100,11187.372331
10284.992,100,11187.372347
10421.616,100,11187.372362
10352.967,100,11187.372375
10261.179,100,11187.37239
10354.375,100,11187.372405
10384.265,100,11189.892503
9948.493,100,11189.893229
10467.629,100,11189.893406
10522.576,100,11189.893504
10362.6455,100,11189.893603
10457.658,100,11189.893698
10738.988,100,11189.893808
10200.541,100,11189.894035
9975.654,100,11189.894461
10414.95,100,11189.894608
10791.853,100,11191.956884
10151.421,100,11191.957036
10597.509,100,11191.957073
10547.495,100,11191.9571
10238.366,100,11191.957126
10432.552,100,11191.95715
10355.404,100,11191.957178
10520.11,100,11191.957203
9867.892,100,11191.957227
10399.007,100,11191.957252
9919.392,100,11193.473613
10431.611,100,11193.473781
10147.504,100,11193.47381
10142.605,100,11193.473828
10501.598,100,11193.473844
10142.591,100,11193.473859
10308.862,100,11193.473875
10545.211,100,11193.473891
10148.585,100,11193.473907
10406.705,100,11193.473923
10305.614,100,11198.55234
10029.191,100,11198.552503
10345.852,100,11198.552535
10564.521,100,11198.552552
10212.453,100,11198.552569
10327.138,100,11198.552585
10159.747,100,11198.552602
10513.748,100,11198.552618
9838.477,100,11198.552634
9901.548,100,11198.55265
9959.712,100,11279.524288
10265.611,100,11279.525188
10305.871,100,11279.525351
10405.076,100,11279.525374
10316.476,100,11279.525391
10334.509,100,11279.525406
10791.192,100,11279.525422
10083.716,100,11279.525436
10189.866,100,11279.525451
10243.431,100,11279.525465
10478.044,100,11284.505051
10749.834,100,11284.505664
10588.966,100,11284.505987
10449.103,100,11284.506059
10309.886,100,11284.506097
9911.297,100,11284.506131
10449.454,100,11284.506165
10532.897,100,11284.506197
10335.603,100,11284.506228
10294.573,100,11284.50626
10445.818,100,11287.334375
10209.249,100,11287.334532
10223.384,100,11287.334556
10083.323,100,11287.334574
10134.26,100,11287.334589
10062.85,100,11287.334603
10694.81,100,11287.334618
10535.949,100,11287.334631
10510.392,100,11287.334646
10233.536,100,11287.33466
10189.885,100,11289.754297
10330.443,100,11289.754457
10535.896,100,11289.754481
10198.293,100,11289.754497
10361.034,100,11289.754511
10554.332,100,11289.754526
10271.299,100,11289.754541
10357.627,100,11289.754555
10181.36,100,11289.754568
10358.732,100,11289.754583
10849.61,100,11292.297712
10276.779,100,11292.297912
9805.352,100,11292.297956
10314.624,100,11292.297987
10839.987,100,11292.298015
10663.816,100,11292.298041
10371.609,100,11292.298067
10456.698,100,11292.298092
10355.427,100,11292.298117
9898.745,100,11292.298142
10288.244,100,11375.509724
9975.727,100,11375.510117
10348.281,100,11375.510254
10096.692,100,11375.510274
10419.171,100,11375.510291
10283.461,100,11375.510308
10236.748,100,11375.510325
10417.501,100,11375.510341
10141.224,100,11375.510357
10520.616,100,11375.510373
10267.985,100,11381.023349
10723.498,100,11381.023495
9895.762,100,11381.023521
10541.911,100,11381.023535
10730.35,100,11381.023549
10600.5205,100,11381.023562
10391.788,100,11381.023576
10616.392,100,11381.023589
10210.317,100,11381.023601
10229.15,100,11381.023614
10165.216,100,11382.518403
10885.524,100,11382.518585
10120.83,100,11382.51861
10744.694,100,11382.518626
10220.049,100,11382.518641
10316.795,100,11382.518656
10577.643,100,11382.518671
10707.934,100,11382.518686
10406.343,100,11382.518722
9660.915,100,11382.518756
10424.874,100,11383.945696
10325.811,100,11383.945879
10046.244,100,11383.945903
10474.43,100,11383.945918
10698.129,100,11383.945932
10428.588,100,11383.945945
10601.108,100,11383.945958
10242.118,100,11383.945971
10596.033,100,11383.945983
10065.783,100,11383.945996
10350.861,100,11385.867734
10390.536,100,11385.867905
10181.798,100,11385.867932
10422.408,100,11385.867948
10251.7295,100,11385.867963
10258.004,100,11385.867978
10377.276,100,11385.867992
10299.085,100,11385.868007
10351.8955,100,11385.868022
10667.869,100,11385.868036
10372.833,100,11464.894881
10558.29,100,11464.895069
9942.019,100,11464.895098
10438.567,100,11464.895114
10404.895,100,11464.895128
10457.195,100,11464.895143
10579.061,100,11464.895157
10451.87,100,11464.89517
10184.992,100,11464.895184
10539.353,100,11464.895198
10367.73,100,11468.372895
10306.567,100,11468.373262
10109.563,100,11468.373371
9938.749,100,11468.373449
10275.537,100,11468.373466
10226.165,100,11468.373481
10553.469,100,11468.373495
9768.574,100,11468.37351
10072.543,100,11468.373524
10119.316,100,11468.373538
10401.768,100,11470.241638
10130.038,100,11470.242013
10099.5625,100,11470.242057
10088.015,100,11470.242078
10368.837,100,11470.242093
10287.124,100,11470.242109
10141.095,100,11470.242123
10156.795,100,11470.242139
10034.315,100,11470.242154
10728.3125,100,11470.242168
10331.049,100,11473.192538
9650.067,100,11473.192979
10464.382,100,11473.193153
10317.962,100,11473.193293
9952.137,100,11473.19343
10123.526,100,11473.193561
10535.09,100,11473.19369
9933.072,100,11473.19383
10800.0205,100,11473.193959
10026.597,100,11473.194088
10149.037,100,11477.690629
10454.668,100,11477.690809
10250.636,100,11477.690837
10323.877,100,11477.690854
10355.789,100,11477.690868
9957.866,100,11477.690883
10375.52,100,11477.690898
9767.211,100,11477.690912
10126.076,100,11477.690926
9750.579,100,11477.69094
10338.076,100,11558.347044
9932.575,100,11558.347181
10050.584,100,11558.347208
10339.602,100,11558.347224
10276.417,100,11558.347238
10378.791,100,11558.347252
9652.95,100,11558.347266
10209.16,100,11558.34728
10584.323,100,11558.347294
10050.147,100,11558.347308
10280.006,100,11559.692894
10574.662,100,11559.693084
9925.767,100,11559.69311
10625.7295,100,11559.693129
9852.53,100,11559.693144
10366.39,100,11559.69316
10665.189,100,11559.693174
10338.258,100,11559.693189
10231.551,100,11559.693203
9932.013,100,11559.693218
9790.114,100,11561.129008
10077.68,100,11561.129162
10333.039,100,11561.129189
10378.67,100,11561.129206
10263.742,100,11561.129222
10187.789,100,11561.129237
10477.927,100,11561.129252
10810.07,100,11561.129268
9936.251,100,11561.129283
10036.475,100,11561.129298
10295.938,100,11563.193886
10394.549,100,11563.194149
10618.884,100,11563.194222
10087.59,100,11563.194262
10293.076,100,11563.194299
10572.342,100,11563.194331
10009.573,100,11563.194365
10771.116,100,11563.194397
10522.5625,100,11563.19443
10077.48,100,11563.194461
10057.582,100,11565.335936
10957.415,100,11565.336131
10259.825,100,11565.336159
10487.674,100,11565.336177
10155.883,100,11565.336194
10557.994,100,11565.33621
10222.304,100,11565.336227
10125.442,100,11565.336243
10732.972,100,11565.336259
10197.712,100,11565.336275
10223.13,100,11647.361646
10377.575,100,11647.361826
10186.25,100,11647.361858
10170.301,100,11647.361874
10289.788,100,11647.361887
10076.841,100,11647.361899
10018.765,100,11647.361912
10267.5625,100,11647.361925
10195.585,100,11647.361937
10245.157,100,11647.36195
10271.331,100,11649.047936
10110.515,100,11649.048131
9990.529,100,11649.04819
9854.667,100,11649.048222
9886.689,100,11649.048252
10344.318,100,11649.048282
10016.754,100,11649.048313
10277.326,100,11649.04834
10573.108,100,11649.048369
10571.527,100,11649.048399
10128.996,100,11651.049956
10050.118,100,11651.050124
10195.298,100,11651.050215
9828.087,100,11651.050233
10542.04,100,11651.050247
10249.381,100,11651.050262
9960.251,100,11651.050294
10402.024,100,11651.050327
10241.122,100,11651.050341
10168.499,100,11651.050354
10315.722,100,11652.928605
10362.068,100,11652.928794
10720.679,100,11652.928821
10356.377,100,11652.928837
10097.45,100,11652.928852
10134.181,100,11652.928865
9928.503,100,11652.928879
10515.789,100,11652.928894
10576.569,100,11652.928908
9943.097,100,11652.928921
9891.913,100,11655.658505
10489.816,100,11655.658634
10525.095,100,11655.658659
10496.356,100,11655.658676
10248.768,100,11655.658691
10055.399,100,11655.658706
10355.064,100,11655.658722
9927.982,100,11655.658736
10232.816,100,11655.658773
10468.269,100,11655.65879
10715.6875,100,11742.525002
10847.024,100,11742.525184
10233.012,100,11742.525228
10259.108,100,11742.525257
10472.442,100,11742.525281
10405.559,100,11742.525306
10019.969,100,11742.52533
10237.139,100,11742.525355
10452.631,100,11742.525378
10354.88,100,11742.5254
10656.496,100,11743.967903
9964.611,100,11743.968074
10623.471,100,11743.968118
10146.035,100,11743.968151
10275.244,100,11743.96818
9840.963,100,11743.968209
10068.091,100,11743.968237
9851.755,100,11743.968265
10382.221,100,11743.968295
10318.671,100,11743.968323
9855.854,100,11745.282453
10132.56,100,11745.282596
10165.344,100,11745.282623
10497.896,100,11745.28264
9841.134,100,11745.282656
10618.986,100,11745.282671
10479.48,100,11745.282687
10212.783,100,11745.282702
10188.766,100,11745.282717
9972.714,100,11745.282732
10292.077,100,11747.08785
9843.246,100,11747.087994
10568.792,100,11747.088019
10197.626,100,11747.088035
10303.735,100,11747.088049
9997.42,100,11747.088063
10648.326,100,11747.088077
10169.839,100,11747.088091
10253.878,100,11747.088104
10545.373,100,11747.088117
9907.875,100,11749.699019
10466.689,100,11749.699172
10035.424,100,11749.699204
10673.153,100,11749.699224
10139.235,100,11749.699242
10344.578,100,11749.699259
10667.469,100,11749.699276
10045.171,100,11749.699293
10429.108,100,11749.69931
9945.021,100,11749.699328
10039.829,100,11752.594023
9974.746,100,11752.594241
10466.617,100,11752.594267
10228.837,100,11752.594285
10577.515,100,11752.5943
10208.967,100,11752.594318
9891.2705,100,11752.594334
10341.795,100,11752.59435
10591.951,100,11752.594367
10100.513,100,11752.594383
9980.05,100,11839.715267
10377.516,100,11839.715417
9826.866,100,11839.715445
10321.45,100,11839.715462
10149.698,100,11839.715477
10368.663,100,11839.715491
9964.281,100,11839.715505
10132.846,100,11839.71552
9917.588,100,11839.715535
10249.228,100,11839.715549
10147.659,100,11840.815838
10012.793,100,11840.815986
10442.961,100,11840.816012
10319.603,100,11840.816028
10245.679,100,11840.816043
10263.432,100,11840.816057
10278.851,100,11840.816072
10513.009,100,11840.816086
10240.234,100,11840.8161
9939.835,100,11840.816115
10603.454,100,11841.920022
10112.047,100,11841.920166
10563.531,100,11841.920192
10045.658,100,11841.920208
10163.873,100,11841.920223
10398.545,100,11841.920237
9970.852,100,11841.920252
10307.966,100,11841.920267
10337.824,100,11841.920281
10563.991,100,11841.920296
10321.369,100,11843.386976
10700.148,100,11843.387196
10450.699,100,11843.387224
10220.332,100,11843.38724
10458.403,100,11843.387255
9955.47,100,11843.387269
10417.318,100,11843.387284
10725.561,100,11843.387299
10098.186,100,11843.387314
10418.208,100,11843.387328
9917.565,100,11845.592917
10271.334,100,11845.593087
10395.456,100,11845.593115
10461.028,100,11845.593132
10436.945,100,11845.593147
9963.22,100,11845.593164
10364.029,100,11845.593179
10309.231,100,11845.593194
10296.147,100,11845.59321
10269.031,100,11845.593225
10622.686,100,11926.152258
10481.205,100,11926.152414
10227.31,100,11926.152438
10044.694,100,11926.152454
10805.2,100,11926.152467
10331.205,100,11926.15248
10392.057,100,11926.152493
9972.365,100,11926.152507
10840.81,100,11926.15252
9999.639,100,11926.152532
10212.625,100,11927.492751
10091.197,100,11927.492917
10245.183,100,11927.49294
10174.908,100,11927.492957
10174.602,100,11927.492972
10467.224,100,11927.493005
9846.586,100,11927.493036
10353.023,100,11927.493053
10457.394,100,11927.493066
10188.934,100,11927.493079
10504.142,100,11929.608462
9762.986,100,11929.608902
10233.397,100,11929.608958
10745.361,100,11929.608981
10159.97,100,11929.608998
10701.342,100,11929.609014
10257.41,100,11929.60903
10770.72,100,11929.609047
10266.157,100,11929.609063
10232.875,100,11929.609078
10497.176,100,11932.81762
10313.36,100,11932.822309
10377.534,100,11932.822431
10083.438,100,11932.822458
10248.801,100,11932.822475
10108.234,100,11932.822492
9839.165,100,11932.82251
10754.892,100,11932.822529
9807.452,100,11932.822546
10462.578,100,11932.822561
10411.26,100,11934.843316
10371.245,100,11934.843498
10338.749,100,11934.843522
9997.48,100,11934.843537
10278.383,100,11934.843552
10794.065,100,11934.843566
10326.955,100,11934.843581
10320.887,100,11934.843596
9643.64,100,11934.84361
9951.093,100,11934.843624
10342.134,100,12017.412531
10181.221,100,12017.41268
10797.892,100,12017.412708
9940.122,100,12017.412724
10320.908,100,12017.412739
9781.672,100,12017.412753
9985.609,100,12017.412781
10149.371,100,12017.412795
10575.845,100,12017.412808
10384.695,100,12017.412822
10158.54,100,12019.511171
10055.082,100,12019.511324
9913.247,100,12019.511348
10428.607,100,12019.511363
9883.688,100,12019.511375
10330.814,100,12019.511388
10378.432,100,12019.5114
10748.499,100,12019.511413
9932.729,100,12019.511425
10553.528,100,12019.511437
10336.839,100,12020.895307
10450.6,100,12020.89544
9946.997,100,12020.895467
10278.269,100,12020.895485
10195.396,100,12020.895501
10338.18,100,12020.895517
10149.944,100,12020.895532
10040.23,100,12020.895548
10434.86,100,12020.895563
10505.931,100,12020.895579
10302.203,100,12022.561384
9650.899,100,12022.561756
10380.053,100,12022.561843
10202.759,100,12022.561867
10417.716,100,12022.561888
10566.879,100,12022.561905
10548.541,100,12022.561922
10395.383,100,12022.561941
10628.353,100,12022.561958
10304.748,100,12022.561976
10377.892,100,12059.543434
10261.318,100,12059.543606
10470.488,100,12059.543633
10288.773,100,12059.54365
10057.184,100,12059.543665
9741.089,100,12059.543679
10492.881,100,12059.543694
10763.597,100,12059.543709
10453.816,100,12059.543723
10113.354,100,12059.543737
10670.5205,100,12137.842214
10301.916,100,12137.843089
10325.478,100,12137.843256
10107.478,100,12137.84328
10652.262,100,12137.843297
10407.421,100,12137.843313
10054.969,100,12137.843328
10634.238,100,12137.843342
10376.025,100,12137.843358
9907.294,100,12137.843373
10259.282,100,12139.183304
10525.289,100,12139.183463
10741.896,100,12139.183507
10597.786,100,12139.183541
10164.103,100,12139.183571
10575.028,100,12139.183602
10279.857,100,12139.18363
10372.685,100,12139.183661
10564.458,100,12139.18369
10120.402,100,12139.183719
10124.63,100,12140.579393
10469.207,100,12140.579564
10546.549,100,12140.579607
10433.491,100,12140.579642
10055.764,100,12140.579671
10341.26,100,12140.5797
10124.446,100,12140.579728
10219.743,100,12140.579778
10041.652,100,12140.579809
10754.945,100,12140.579838
10541.035,100,12143.27042
10098.323,100,12143.270582
9882.801,100,12143.270609
10249.205,100,12143.270626
9990.666,100,12143.270642
10086.286,100,12143.270658
10421.755,100,12143.270674
10671.378,100,12143.270689
10178.854,100,12143.270704
10555.969,100,12143.27072
10119.211,100,12145.632097
10167.925,100,12145.632264
10086.851,100,12145.63231
9979.67,100,12145.632346
10110.482,100,12145.632377
10484.972,100,12145.632406
10120.389,100,12145.632434
10605.212,100,12145.632466
10087.217,100,12145.632495
10620.128,100,12145.632524
10256.599,100,12230.382741
10293.489,100,12230.382912
10431.298,100,12230.382942
10352.229,100,12230.382958
10689.337,100,12230.382973
10353.841,100,12230.382987
10236.001,100,12230.383002
10342.615,100,12230.383016
10051.425,100,12230.38303
10406.435,100,12230.383046
10606.922,100,12231.643967
10278.288,100,12231.644089
10370.388,100,12231.64411
10122.653,100,12231.644145
10596.497,100,12231.644183
10443.857,100,12231.6442
10371.81,100,12231.644216
10976.001,100,12231.644226
10042.053,100,12231.644239
9949.576,100,12231.64425
10483.742,100,12233.161131
10083.642,100,12233.161463
9956.752,100,12233.161575
9910.45,100,12233.161592
10369.752,100,12233.161607
10123.296,100,12233.161621
10257.88,100,12233.161635
10263.463,100,12233.16167
9580.737,100,12233.161685
10294.586,100,12233.161699
10342.741,100,12234.581703
10235.71,100,12234.581881
10469.163,100,12234.581908
10254.371,100,12234.581923
10593.295,100,12234.581937
10684.216,100,12234.581952
10372.141,100,12234.581965
10371.308,100,12234.58198
10404.181,100,12234.581995
10374.23,100,12234.582008
9928.431,100,12235.54579
10370.93,100,12235.545939
10215.303,100,12235.545963
10010.585,100,12235.545978
10345.267,100,12235.545993
10373.463,100,12235.546007
10684.492,100,12235.546021
10435.513,100,12235.546035
10268.1,100,12235.546048
9752.467,100,12235.546062
10035.383,100,12314.443855
10357.837,100,12314.444026
10255.77,100,12314.444072
10767.419,100,12314.444102
10170.957,100,12314.444116
10552.694,100,12314.44413
10411.035,100,12314.444145
10197.978,100,12314.444158
10358.757,100,12314.444172
9953.079,100,12314.444185
10628.752,100,12315.362231
10140.804,100,12315.362402
9858.8955,100,12315.362425
10124.649,100,12315.362441
10031.682,100,12315.362455
10556.78,100,12315.362468
10353.819,100,12315.362482
10191.448,100,12315.362496
10206.682,100,12315.36251
10301.603,100,12315.362524
10134.778,100,12316.478899
10365.9795,100,12316.479032
10210.089,100,12316.479056
10073.865,100,12316.479071
10364.787,100,12316.479086
10371.095,100,12316.4791
10303.904,100,12316.479115
10742.5205,100,12316.479129
10426.24,100,12316.479143
10498.107,100,12316.479157
10540.972,100,12318.231895
10460.313,100,12318.232116
10119.393,100,12318.232148
10519.301,100,12318.232164
9639.12,100,12318.232272
10637.318,100,12318.232287
10040.378,100,12318.232302
10386.968,100,12318.232316
9937.425,100,12318.232329
10161.53,100,12318.232432
10448.716,100,12319.289712
10606.665,100,12319.289913
10549.172,100,12319.289942
10161.274,100,12319.289956
10102.961,100,12319.28997
9831.436,100,12319.289984
10730.498,100,12319.289997
9968.553,100,12319.290011
10580.197,100,12319.290024
10349.762,100,12319.290037
10287.751,100,12381.783956
10488.798,100,12381.784114
10010.589,100,12381.784156
10442.215,100,12381.784186
10491.589,100,12381.784214
9904.874,100,12381.784239
10213.129,100,12381.784264
10536.055,100,12381.784289
10389.016,100,12381.784314
10557.319,100,12381.784338
10272.409,100,12383.058919
10533.697,100,12383.059077
9906.231,100,12383.0591
10495.004,100,12383.059116
10634.099,100,12383.059131
10567.822,100,12383.059145
9883.145,100,12383.059159
10506.233,100,12383.059172
10262.165,100,12383.059186
10327.888,100,12383.059199
9572.293,100,12384.547512
10781.54,100,12384.547651
10048.222,100,12384.547672
10558.16,100,12384.547685
10280.873,100,12384.547697
10292.943,100,12384.547709
10971.597,100,12384.547721
9995.22,100,12384.547733
10457.792,100,12384.547745
10362.138,100,12384.547757
10332.011,100,12387.32022
10140.235,100,12387.320434
10545.038,100,12387.320466
10136.8545,100,12387.320483
10435.769,100,12387.3205
10425.157,100,12387.320517
10472.554,100,12387.320532
10380.147,100,12387.320547
10425.426,100,12387.320563
10232.0625,100,12387.32058
10270.267,100,12389.054797
10368.989,100,12389.054973
10610.16,100,12389.055012
10558.797,100,12389.055033
9998.738,100,12389.055046
10640.948,100,12389.055059
10445.242,100,12389.055072
9969.868,100,12389.055085
10921.063,100,12389.055098
10356.2705,100,12389.055111
10250.089,100,12452.61894
10606.589,100,12452.619101
9847.612,100,12452.619146
10426.673,100,12452.61918
10697.115,100,12452.61921
10193.766,100,12452.619238
10061.644,100,12452.619266
10482.483,100,12452.619293
9974.092,100,12452.619319
9939.541,100,12452.619345
10205.1,100,12453.853518
10255.1045,100,12453.85387
10351.648,100,12453.854458
10592.053,100,12453.854569
10345.442,100,12453.854646
10389.633,100,12453.854717
10341.708,100,12453.854733
10378.889,100,12453.854748
10399.441,100,12453.854772
10051.385,100,12453.854785
10762.753,100,12455.323836
10510.576,100,12455.323978
10008.44,100,12455.324002
10643.092,100,12455.324018
10418.054,100,12455.324031
10039.977,100,12455.324044
10395.201,100,12455.324058
10603.124,100,12455.32407
10014.206,100,12455.324084
9993.81,100,12455.324097
10410.286,100,12457.012075
10311.635,100,12457.012199
10639.996,100,12457.012221
10403.435,100,12457.012237
10526.117,100,12457.012249
10466.426,100,12457.012261
10383.294,100,12457.012274
10072.003,100,12457.012286
9975.243,100,12457.012299
10791.213,100,12457.012312
10132.4,100,12457.917402
10660.838,100,12457.917564
10328.102,100,12457.917587
10059.346,100,12457.917602
10362.277,100,12457.917614
10460.423,100,12457.917629
9951.868,100,12457.917642
10150.291,100,12457.917656
10321.522,100,12457.917669
10228.454,100,12457.917683
10338.422,100,12459.619301
10208.471,100,12459.619744
10186.348,100,12459.61995
9993.336,100,12459.620081
9982.759,100,12459.62012
10199.018,100,12459.620152
10557.771,100,12459.62018
10459.197,100,12459.620207
10032.494,100,12459.620233
10608.487,100,12459.620261
10177.62,100,12523.486324
10050.517,100,12523.486487
9910.112,100,12523.486525
10551.877,100,12523.486554
10317.42,100,12523.486579
9909.601,100,12523.486604
9944.724,100,12523.486629
10817.915,100,12523.486653
10185.088,100,12523.486676
10340.028,100,12523.486701
10183.603,100,12524.806374
9947.14,100,12524.806519
9996.371,100,12524.806541
10004.797,100,12524.806557
10463.513,100,12524.806571
10233.047,100,12524.806584
10191.592,100,12524.806598
10774.186,100,12524.806611
10141.476,100,12524.806624
10509.58,100,12524.806637
10774.477,100,12526.153842
10201.251,100,12526.154026
9806.238,100,12526.154059
10370.982,100,12526.154075
10151.718,100,12526.154088
10122.89,100,12526.154101
10399.119,100,12526.154113
10147.237,100,12526.154126
10511.633,100,12526.154139
10549.508,100,12526.154152
10089.574,100,12527.22799
10027.311,100,12527.228132
10675.624,100,12527.228158
10651.567,100,12527.228173
9892.072,100,12527.228187
9823.15,100,12527.228201
10029.847,100,12527.228216
10240.51,100,12527.22823
10482.14,100,12527.228244
10323.375,100,12527.228258
10558.027,100,12528.148598
10068.303,100,12528.148742
10159.869,100,12528.14883
10732.48,100,12528.148849
9955.268,100,12528.148863
10285.831,100,12528.148877
10595.26,100,12528.148893
10596.709,100,12528.148908
9775.9795,100,12528.148922
10728.955,100,12528.148936
10026.975,100,12590.471687
10109.186,100,12590.471853
10358.826,100,12590.471882
10092.437,100,12590.471897
9903.155,100,12590.471911
9972.274,100,12590.471925
10799.594,100,12590.471938
10223.155,100,12590.471952
10825.818,100,12590.471965
10479.724,100,12590.471978
10055.8125,100,12591.442889
10165.385,100,12591.443066
9896.999,100,12591.443091
10565.752,100,12591.443108
10251.791,100,12591.443121
10346.474,100,12591.443135
10278.466,100,12591.443149
10244.655,100,12591.443163
10491.4,100,12591.443178
10193.864,100,12591.443192
10402.316,100,12592.374774
9976.12,100,12592.374909
10343.513,100,12592.374933
10588.359,100,12592.374949
10622.132,100,12592.374962
10452.205,100,12592.374976
10144.535,100,12592.37499
10032.91,100,12592.375005
10220.368,100,12592.375018
10703.382,100,12592.375032
10275.346,100,12593.589351
10762.956,100,12593.589502
10375.643,100,12593.589526
10092.872,100,12593.58954
10733.415,100,12593.589554
10505.02,100,12593.589566
10343.265,100,12593.58958
9977.862,100,12593.589594
10409.866,100,12593.589607
10735.306,100,12593.589619
10368.342,100,12594.491314
10591.246,100,12594.491479
10104.952,100,12594.491503
9950.482,100,12594.491518
10339.616,100,12594.491534
10710.269,100,12594.491549
10606.861,100,12594.491563
10197.339,100,12594.491576
10132.786,100,12594.49159
10284.756,100,12594.491627
10023.829,100,12660.097355
10680.724,100,12660.097503
10025.75,100,12660.097528
10425.39,100,12660.097543
10215.057,100,12660.097556
9842.283,100,12660.097569
10589.393,100,12660.097583
10187.483,100,12660.097596
10596.439,100,12660.09761
10485.264,100,12660.097623
10672.991,100,12661.085494
10307.091,100,12661.085644
9955.485,100,12661.085681
10431.886,100,12661.085711
10078.845,100,12661.085738
9937.928,100,12661.085776
10301.42,100,12661.085803
10109.485,100,12661.085831
10217.393,100,12661.085856
10358.245,100,12661.085882
9987.606,100,12662.072909
10182.856,100,12662.073052
9794.594,100,12662.073076
10386.319,100,12662.073092
10143.023,100,12662.073105
10218.891,100,12662.073119
10249.744,100,12662.073132
10608.908,100,12662.073145
10192.994,100,12662.073158
10540.139,100,12662.073171
10250.305,100,12663.656346
10241.149,100,12663.65651
10230.967,100,12663.656534
10004.557,100,12663.656549
10664.056,100,12663.656562
10319.57,100,12663.656575
10511.6875,100,12663.656588
10208.146,100,12663.656601
10119.883,100,12663.656613
10180.896,100,12663.656626
10116.361,100,12664.601995
10513.003,100,12664.602138
10148.513,100,12664.602164
10491.554,100,12664.602179
10731.391,100,12664.602194
10098.613,100,12664.602208
9955.072,100,12664.602222
10189.76,100,12664.602236
10382.431,100,12664.60225
10637.1,100,12664.602265
10166.171,100,12727.318738
10230.805,100,12727.319565
10026.898,100,12727.319646
10510.7295,100,12727.319664
9989.556,100,12727.31968
10432.35,100,12727.319696
10261.962,100,12727.31971
10704.588,100,12727.319725
10326.736,100,12727.319738
10255.02,100,12727.319752
10015.095,100,12728.930235
10558.097,100,12728.930373
10557.683,100,12728.930396
10036.28,100,12728.930411
10514.075,100,12728.930426
10139.275,100,12728.930439
10832.151,100,12728.930454
10582.998,100,12728.930467
10386.682,100,12728.930481
10212.435,100,12728.930494
10250.172,100,12729.859469
10383.498,100,12729.859618
10222.764,100,12729.859642
10342.239,100,12729.859658
10464.753,100,12729.859671
9599.834,100,12729.859684
9955.078,100,12729.859698
10194.028,100,12729.859711
11036.583,100,12729.859725
10069.584,100,12729.859739
10291.866,100,12731.791446
10012.1875,100,12731.79159
10057.701,100,12731.791628
10404.778,100,12731.791656
10095.048,100,12731.791682
10583.199,100,12731.791705
10410.703,100,12731.791732
10031.589,100,12731.791755
10354.71,100,12731.791805
10279.106,100,12731.791831
9830.501,100,12733.574029
10555.151,100,12733.574478
10261.181,100,12733.574609
10459.7295,100,12733.574703
10260.399,100,12733.574801
10408.295,100,12733.574816
9900.387,100,12733.574831
10178.851,100,12733.574845
10145.354,100,12733.574859
10004.699,100,12733.574873
10348.283,100,12799.623972
10798.097,100,12799.624115
10491.55,100,12799.624138
10212.181,100,12799.624154
10497.064,100,12799.624167
9698.555,100,12799.62418
10810.424,100,12799.624194
10493.287,100,12799.624208
10418.891,100,12799.624223
10733.237,100,12799.624237
10639.393,100,12801.745623
10518.698,100,12801.745785
10578.272,100,12801.745812
10471.231,100,12801.745826
10361.283,100,12801.74584
10741.043,100,12801.745854
10379.74,100,12801.745868
9931.207,100,12801.745881
10643.224,100,12801.745894
10187.191,100,12801.745906
10234.5205,100,12802.772669
10263.456,100,12802.772835
10579.508,100,12802.772858
10784.734,100,12802.772874
10319.9795,100,12802.772887
10679.14,100,12802.772901
10608.957,100,12802.772914
10167.039,100,12802.772927
10114.912,100,12802.772939
10243.403,100,12802.772952
10158.946,100,12832.084741
10605.818,100,12832.084916
10349.99,100,12832.084958
10195.979,100,12832.084989
10340.257,100,12832.085016
10300.627,100,12832.085042
10594.156,100,12832.085071
10191.732,100,12832.085096
10693.761,100,12832.085123
10448.299,100,12832.085148
10201.937,100,12833.334001
10598.639,100,12833.33416
10634.9375,100,12833.334201
10138.969,100,12833.334232
10472.505,100,12833.334259
10462.229,100,12833.334285
9956.261,100,12833.334337
10315.819,100,12833.334388
10196.048,100,12833.334415
9810.939,100,12833.334441
10231.757,100,12898.51462
10144.768,100,12898.514788
10175.489,100,12898.514818
10198.208,100,12898.514835
10677.767,100,12898.51485
10277.823,100,12898.514864
10263.945,100,12898.514879
10273.472,100,12898.514893
10518.42,100,12898.514908
10392.863,100,12898.514923
9992.439,100,12900.330303
10285.178,100,12900.330433
10307.98,100,12900.330457
10518.717,100,12900.330473
10317.566,100,12900.330487
10278.487,100,12900.330501
10635.154,100,12900.330515
10067.544,100,12900.330529
10212.617,100,12900.330543
10554.024,100,12900.330556
10751.986,100,12901.372035
10025.839,100,12901.372175
10043.775,100,12901.372198
10672.513,100,12901.372215
10296.074,100,12901.372229
10330.244,100,12901.372243
10211.97,100,12901.372257
10467.904,100,12901.372271
10084.162,100,12901.372285
10565.743,100,12901.372299
10169.433,100,12905.924088
10576.351,100,12905.924257
10494.355,100,12905.924295
10533.348,100,12905.924323
10426.888,100,12905.924348
10043.998,100,12905.924372
10328.017,100,12905.924396
9905.09,100,12905.924419
10653.492,100,12905.924442
10330.991,100,12905.924465
10463.253,100,12907.651061
10084.023,100,12907.651204
10394.368,100,12907.651245
10753.612,100,12907.651277
10088.633,100,12907.651303
10016.867,100,12907.65133
10572.072,100,12907.651358
10311.82,100,12907.651384
10478.162,100,12907.651409
10533.283,100,12907.651434
9836.484,100,12979.010364
10556.788,100,12979.010509
10371.836,100,12979.010547
9954.969,100,12979.010576
10350.347,100,12979.010602
9969.383,100,12979.010627
10568.233,100,12979.010651
10933.979,100,12979.010675
9931.852,100,12979.010698
10299.308,100,12979.010721
10144.568,100,12980.303297
10550.031,100,12980.30348
10326.026,100,12980.303505
10479.079,100,12980.303521
10239.041,100,12980.303536
10262.456,100,12980.30355
10417.088,100,12980.303564
10380.335,100,12980.303578
10138.147,100,12980.303591
10334.847,100,12980.303605
10291.582,100,12981.307316
10102.465,100,12981.307454
10483.556,100,12981.307478
10045.49,100,12981.307495
10514.142,100,12981.30751
10486.458,100,12981.307524
10709.895,100,12981.307539
9726.123,100,12981.307553
10438.321,100,12981.307568
10678.261,100,12981.307582
9999.652,100,12982.297449
10438.666,100,12982.297606
10265.091,100,12982.297632
10677.818,100,12982.297649
10417.285,100,12982.297664
9991.948,100,12982.297678
10194.634,100,12982.297693
10613.71,100,12982.297707
10080.273,100,12982.297721
10315.797,100,12982.297735
10291.951,100,12984.054855
10111.018,100,12984.054992
9929.346,100,12984.055017
9949.894,100,12984.055033
10245.565,100,12984.055049
10643.56,100,12984.055064
9451.768,100,12984.055079
10574.751,100,12984.055093
10528.452,100,12984.055108
10491.58,100,12984.055125
9957.364,100,13050.060094
10445.337,100,13050.060251
10452.331,100,13050.060296
10007.072,100,13050.060329
10391.277,100,13050.060358
10214.452,100,13050.060386
10470.493,100,13050.060413
10070.465,100,13050.060438
9867.378,100,13050.060464
10278.663,100,13050.06049
10308.794,100,13051.221928
10420.813,100,13051.222066
10429.613,100,13051.222088
10280.098,100,13051.222104
9984.684,100,13051.222118
10265.871,100,13051.222133
10050.64,100,13051.222147
10270.639,100,13051.222161
10510.416,100,13051.222176
10672.44,100,13051.222191
10563.241,100,13052.250417
10353.269,100,13052.250562
10326.608,100,13052.250586
10645.594,100,13052.250601
9852.98,100,13052.250616
10424.181,100,13052.25063
10570.608,100,13052.250644
10240.527,100,13052.250658
10403.86,100,13052.250672
10172.235,100,13052.250685
10199.166,100,13053.192728
10493.101,100,13053.192875
10011.9795,100,13053.192899
9956.045,100,13053.192915
10419.629,100,13053.192929
10302.941,100,13053.192943
10233.073,100,13053.192957
10590.521,100,13053.192971
10265.525,100,13053.192985
10445.057,100,13053.192998
10225.197,100,13054.143261
10259.412,100,13054.143433
10273.312,100,13054.143463
10407.358,100,13054.143481
10358.824,100,13054.143517
10246.754,100,13054.14355
10239.718,100,13054.143565
10330.343,100,13054.14358
9980.974,100,13054.143594
10525.8545,100,13054.143608
10461.229,100,13055.150209
10263.336,100,13055.150371
10024.448,100,13055.150395
10288.245,100,13055.15041
10262.049,100,13055.150424
10215.918,100,13055.150439
10614.184,100,13055.150452
10247.485,100,13055.150466
10568.419,100,13055.15048
10330.658,100,13055.150494
10014.189,100,13120.94498
10420.633,100,13120.945154
10259.773,100,13120.945189
10044.817,100,13120.945204
9724.211,100,13120.945217
10253.204,100,13120.945231
10442.49,100,13120.945245
9532.012,100,13120.945258
10012.886,100,13120.945271
10483.6045,100,13120.945283
10219.854,100,13121.975447
10058.147,100,13121.97559
10239.236,100,13121.975615
10458.529,100,13121.975632
10721.43,100,13121.975646
10476.341,100,13121.975663
10577.897,100,13121.975678
10645.822,100,13121.975704
10527.482,100,13121.975718
10128.197,100,13121.975734
10547.749,100,13123.245101
10541.891,100,13123.245409
10253.855,100,13123.245518
10345.762,100,13123.2456
10053.621,100,13123.245618
10490.554,100,13123.245633
10097.333,100,13123.245647
10208.922,100,13123.245661
10621.228,100,13123.245676
10512.728,100,13123.245689
10001.004,100,13124.264823
10527.481,100,13124.264985
10639.842,100,13124.265009
10089.499,100,13124.265024
10361.957,100,13124.265038
10287.954,100,13124.265052
10106.042,100,13124.265065
10277.202,100,13124.265078
10399.894,100,13124.265091
10555.008,100,13124.265104
10347.831,100,13125.468004
10701.316,100,13125.468134
9776.492,100,13125.468156
9775.339,100,13125.468169
10491.87,100,13125.468182
10607.236,100,13125.468194
10367.672,100,13125.468205
9988.233,100,13125.468218
10580.282,100,13125.468229
9791.973,100,13125.468241
10329.15,100,13192.462019
10434.149,100,13192.462144
10069.275,100,13192.462168
10760.993,100,13192.462184
10353.304,100,13192.462198
10173.779,100,13192.46221
10430.975,100,13192.462224
10108.721,100,13192.462237
10539.85,100,13192.462251
10172.598,100,13192.462264
10377.08,100,13194.486383
10439.768,100,13194.486544
10433.936,100,13194.486566
9946.04,100,13194.48658
10425.269,100,13194.486594
10527.846,100,13194.486608
10174.386,100,13194.48662
10643.44,100,13194.486633
10475.025,100,13194.486646
10178.829,100,13194.486659
10243.718,100,13196.732787
10565.073,100,13196.732934
10042.665,100,13196.732958
10424.203,100,13196.732973
10460.787,100,13196.732988
10431.518,100,13196.733001
10297.75,100,13196.733016
10285.803,100,13196.733031
10643.245,100,13196.733044
9954.254,100,13196.733058
10329.586,100,13197.677345
10316.75,100,13197.677482
10101.235,100,13197.677505
10652.742,100,13197.677521
10069.9795,100,13197.677534
10127.584,100,13197.677548
10197.625,100,13197.677561
10439.541,100,13197.677574
10455.748,100,13197.677586
10424.534,100,13197.677598
9469.193,100,13198.754353
10185.03,100,13198.754469
9982.296,100,13198.754489
10643.487,100,13198.754501
9982.062,100,13198.754512
10392.791,100,13198.754523
10761.174,100,13198.754533
10483.857,100,13198.754544
10437.895,100,13198.754553
10154.283,100,13198.754563
10324.983,100,13262.631189
10056.882,100,13262.631359
10394.94,100,13262.6314
10452.961,100,13262.631428
10212.308,100,13262.631455
10550.474,100,13262.631481
10411.052,100,13262.631506
10324.564,100,13262.631531
10610.9375,100,13262.631556
9960.173,100,13262.631582
10237.738,100,13263.67978
9965.832,100,13263.680111
10102.083,100,13263.680152
10481.047,100,13263.680169
9925.586,100,13263.680181
10403.146,100,13263.680194
10800.603,100,13263.680207
10151.697,100,13263.680219
9750.553,100,13263.680232
10629.221,100,13263.680245
10429.164,100,13265.002241
10075.278,100,13265.00239
10108.732,100,13265.002428
10073.345,100,13265.002457
10692.468,100,13265.002483
10461.349,100,13265.002507
10101.729,100,13265.002531
10353.628,100,13265.002557
10237.22,100,13265.002581
10694.702,100,13265.002606
10270.479,100,13267.084461
10900.882,100,13267.084666
9907.576,100,13267.084718
10790.3545,100,13267.084756
10004.08,100,13267.084788
10615.048,100,13267.084804
10357.087,100,13267.084821
10767.963,100,13267.084837
10065.778,100,13267.084853
10453.25,100,13267.08487
10461.357,100,13269.274502
10394.509,100,13269.274659
10307.131,100,13269.274683
10089.727,100,13269.274699
9576.296,100,13269.274715
10657.429,100,13269.274729
9662.723,100,13269.274743
10612.19,100,13269.274756
10411.731,100,13269.274787
10387.018,100,13269.274801
10175.263,100,13334.847693
10554.772,100,13334.84784
10493.262,100,13334.847866
9897.793,100,13334.847881
10314.503,100,13334.847894
10388.15,100,13334.847908
10250.573,100,13334.84792
10368.237,100,13334.847933
10559.638,100,13334.847946
10304.072,100,13334.847959
10040.398,100,13335.884312
10157.064,100,13335.884469
10237.725,100,13335.884492
10534.564,100,13335.884506
10397.884,100,13335.884521
10458.571,100,13335.884535
10508.661,100,13335.884549
10293.298,100,13335.884562
10836.567,100,13335.884576
10278.709,100,13335.88459
10227.227,100,13337.581975
10469.957,100,13337.582115
10515.61,100,13337.582138
10416.583,100,13337.582153
10130.736,100,13337.582166
10224.698,100,13337.58218
10614.34,100,13337.582193
10639.941,100,13337.582206
10352.235,100,13337.58222
10367.982,100,13337.582233
10577.147,100,13338.535282
10448.164,100,13338.535632
10107.026,100,13338.535748
10154.903,100,13338.535844
10522.146,100,13338.535919
10148.819,100,13338.53602
10321.7705,100,13338.536096
10589.44,100,13338.53617
10551.706,100,13338.536245
10169.613,100,13338.536318
10417.841,100,13339.505777
10244.047,100,13339.505926
10553.231,100,13339.505951
10589.042,100,13339.505968
10324.483,100,13339.505981
9987.46,100,13339.505993
10147.75,100,13339.506007
10482.76,100,13339.506021
10587.217,100,13339.506034
10695.53,100,13339.506047
10089.13,100,13406.752042
10788.933,100,13406.752189
10354.053,100,13406.752216
10039.391,100,13406.752231
10030.44,100,13406.752246
10011.07,100,13406.75226
10447.134,100,13406.752274
10277.506,100,13406.752288
10180.481,100,13406.752301
10520.723,100,13406.752315
10165.897,100,13407.631861
10434.6045,100,13407.632119
10630.429,100,13407.632153
10904.777,100,13407.632169
10232.21,100,13407.632274
9662.456,100,13407.63229
10479.731,100,13407.632306
10214.563,100,13407.63232
10585.234,100,13407.632334
9947.589,100,13407.632357
10056.738,100,13409.204842
10361.322,100,13409.205011
10491.672,100,13409.205048
10179.218,100,13409.205064
10235.865,100,13409.205076
10585.096,100,13409.205089
9504.314,100,13409.205101
10469.023,100,13409.205114
10547.642,100,13409.205126
10464.209,100,13409.205138
10645.796,100,13410.185521
10237.255,100,13410.185907
9916.36,100,13410.186026
10540.589,100,13410.186108
10343.638,100,13410.186195
10371.383,100,13410.18621
11034.752,100,13410.186226
10570.302,100,13410.18624
10331.979,100,13410.186255
10304.376,100,13410.186269
10795.966,100,13411.115855
10064.368,100,13411.11599
10421.425,100,13411.116013
10413.595,100,13411.116029
10389.233,100,13411.116042
9958.221,100,13411.116056
10559.044,100,13411.116071
10206.834,100,13411.116086
10013.628,100,13411.116099
10472.905,100,13411.116113
10670.777,100,13475.403998
10234.3125,100,13475.404832
10574.178,100,13475.40499
10338.067,100,13475.405069
10434.381,100,13475.405142
10407.5625,100,13475.405216
10263.315,100,13475.405291
10381.729,100,13475.405307
10115.08,100,13475.405321
10288.181,100,13475.405335
10497.146,100,13477.856223
10437.486,100,13477.856382
10526.088,100,13477.856411
10084.188,100,13477.856426
10886.344,100,13477.856442
10340.947,100,13477.856456
10099.082,100,13477.856472
10478.892,100,13477.856486
10245.181,100,13477.856501
10244.672,100,13477.856516
10456.564,100,13479.339635
10502.492,100,13479.339805
10548.273,100,13479.339832
10754.536,100,13479.339848
10025.4,100,13479.339863
9995.586,100,13479.339878
9929.437,100,13479.339893
10273.439,100,13479.339907
10186.722,100,13479.339922
10990.428,100,13479.339936
10397.914,100,13480.75397
9733.076,100,13480.754141
10541.565,100,13480.754169
10502.386,100,13480.754184
10365.269,100,13480.754199
10192.595,100,13480.754213
10688.59,100,13480.754226
9959.202,100,13480.75424
10348.353,100,13480.754254
10037.394,100,13480.754268
10090.73,100,13481.705684
10713.731,100,13481.706008
10297.591,100,13481.706119
10105.012,100,13481.706201
10577.124,100,13481.706216
10572.053,100,13481.706231
10065.108,100,13481.706245
10288.539,100,13481.706259
10486.774,100,13481.706272
9879.072,100,13481.706286
10427.084,100,13551.354554
10533.531,100,13551.354719
10607.961,100,13551.354774
10133.118,100,13551.354807
10516.2705,100,13551.354835
10528.458,100,13551.354862
10372.198,100,13551.354889
9513.045,100,13551.354915
10388.923,100,13551.354942
9697.273,100,13551.354968
10168.829,100,13552.451946
10022.894,100,13552.452092
10150.277,100,13552.452114
10334.828,100,13552.452129
10496.406,100,13552.452142
10289.269,100,13552.452155
10533.663,100,13552.452168
10482.6,100,13552.45218
10006.831,100,13552.452194
10670.439,100,13552.452207
10428.456,100,13582.490478
9749.861,100,13582.490618
10594.55,100,13582.490645
10434.266,100,13582.49066
10275.622,100,13582.490675
10335.482,100,13582.490688
10041.384,100,13582.4907
10538.582,100,13582.490714
10368.072,100,13582.490727
10409.0205,100,13582.49074
10047.635,100,13583.448733
10814.82,100,13583.448874
10314.58,100,13583.448899
10271.286,100,13583.448914
10701.484,100,13583.448928
10402.164,100,13583.448941
10588.36,100,13583.448955
10291.627,100,13583.448969
10645.228,100,13583.448982
10621.419,100,13583.448996
10175.983,100,13584.404785
10321.233,100,13584.404927
10404.133,100,13584.40495
10147.891,100,13584.404967
10174.74,100,13584.404982
10420.126,100,13584.404995
10358.2,100,13584.405009
9768.503,100,13584.405023
10366.513,100,13584.405038
10624.741,100,13584.405052
10673.512,100,13648.843248
10445.386,100,13648.843407
10629.726,100,13648.843449
10438.676,100,13648.843481
10207.113,100,13648.843508
10696.357,100,13648.843534
10619.617,100,13648.843559
10641.183,100,13648.843585
10634.3955,100,13648.843609
10174.236,100,13648.843634
10710.782,100,13650.082614
9829.618,100,13650.082777
10088.425,100,13650.082804
10256.404,100,13650.08282
10244.103,100,13650.082834
10561.888,100,13650.082848
10508.974,100,13650.082861
9991.424,100,13650.082874
10589.585,100,13650.082888
10412.314,100,13650.082906
10285.261,100,13651.099347
10069.094,100,13651.099483
10151.045,100,13651.099508
10087.681,100,13651.099524
10519.498,100,13651.099538
10797.643,100,13651.099552
10752.564,100,13651.099566
9825.71,100,13651.099579
10360.999,100,13651.099594
10242.465,100,13651.099609
10253.507,100,13651.996743
10477.448,100,13651.99691
10878.179,100,13651.996946
10451.213,100,13651.996974
10385.696,100,13651.997
10425.698,100,13651.997025
9746.768,100,13651.997053
10069.82,100,13651.997078
10501.3545,100,13651.997104
10681.261,100,13651.997128
10073.682,100,13653.63774
10509.269,100,13653.637908
10421.451,100,13653.637933
10605.055,100,13653.637949
10467.572,100,13653.637962
10958.732,100,13653.637975
10316.028,100,13653.637988
10409.413,100,13653.638001
10089.0,100,13653.638014
10355.462,100,13653.638027
10590.3545,100,13721.718678
10382.094,100,13721.718856
10267.735,100,13721.718902
10384.759,100,13721.718935
10440.282,100,13721.718964
10219.891,100,13721.718991
10405.485,100,13721.719018
9792.124,100,13721.719044
10559.091,100,13721.719073
10559.312,100,13721.719099
9807.227,100,13722.788047
10399.388,100,13722.788224
10462.387,100,13722.78825
9805.005,100,13722.788266
10845.254,100,13722.78828
10381.443,100,13722.788293
10526.934,100,13722.788307
10005.866,100,13722.788321
10086.625,100,13722.788335
10509.443,100,13722.788348
10369.153,100,13723.786648
10061.912,100,13723.786815
10060.034,100,13723.786843
10462.117,100,13723.78686
10568.193,100,13723.786874
10116.28,100,13723.786888
9876.431,100,13723.786902
9833.144,100,13723.786941
9980.543,100,13723.786973
10439.884,100,13723.786988
10287.785,100,13724.739569
10411.674,100,13724.73973
10374.151,100,13724.739752
10381.159,100,13724.739782
10291.704,100,13724.739796
10105.869,100,13724.739809
10403.839,100,13724.739821
10744.08,100,13724.739835
10242.041,100,13724.739848
10582.391,100,13724.739861
9936.255,100,13725.67529
10797.202,100,13725.675431
10066.834,100,13725.675455
10404.712,100,13725.675468
10407.037,100,13725.675482
10367.242,100,13725.675495
9901.427,100,13725.675509
10218.012,100,13725.675522
10359.658,100,13725.675536
10297.76,100,13725.675549
10148.457,100,13726.775679
10124.359,100,13726.776046
10341.93,100,13726.776166
10471.888,100,13726.776262
10320.415,100,13726.776356
10138.353,100,13726.776435
10084.363,100,13726.776452
10036.608,100,13726.776467
10069.8125,100,13726.776482
10362.028,100,13726.776497
10315.744,100,13797.694656
10215.808,100,13797.694822
10463.622,100,13797.694851
10326.701,100,13797.694868
10078.181,100,13797.694882
10277.936,100,13797.694896
10401.989,100,13797.69491
10506.981,100,13797.694925
10179.857,100,13797.694937
10513.721,100,13797.694951
10125.3955,100,13798.756203
9991.443,100,13798.756357
10080.878,100,13798.756381
10322.443,100,13798.756398
10753.043,100,13798.756412
10198.518,100,13798.756426
10490.415,100,13798.75644
10222.396,100,13798.756454
10109.931,100,13798.756467
10028.081,100,13798.756481
10233.015,100,13800.036504
10313.875,100,13800.036646
10606.375,100,13800.036669
10726.47,100,13800.036684
10632.925,100,13800.036697
10521.536,100,13800.03671
10513.295,100,13800.036724
9877.815,100,13800.036736
10480.738,100,13800.03675
10064.757,100,13800.036773
10439.795,100,13801.281573
10772.29,100,13801.281743
10312.48,100,13801.28179
10425.539,100,13801.281809
10567.369,100,13801.281823
10322.791,100,13801.281836
10387.532,100,13801.28185
10689.323,100,13801.281864
10603.882,100,13801.28188
10593.135,100,13801.281895
10381.739,100,13802.916787
9995.051,100,13802.916953
10976.435,100,13802.916977
10363.803,100,13802.916991
10000.552,100,13802.917004
10619.8955,100,13802.917016
10001.941,100,13802.91703
10032.931,100,13802.917043
9790.984,100,13802.917055
10066.895,100,13802.917068
10571.037,100,13867.914467
10537.849,100,13867.914617
10286.143,100,13867.914645
10232.393,100,13867.91466
9960.877,100,13867.914674
9930.67,100,13867.914688
10335.714,100,13867.914702
9925.255,100,13867.914717
10058.709,100,13867.914731
10788.939,100,13867.914745
9851.35,100,13869.675352
10065.368,100,13869.675746
10460.575,100,13869.675829
10235.487,100,13869.675848
10685.771,100,13869.675864
10491.83,100,13869.67588
10617.114,100,13869.675896
10837.966,100,13869.675913
10162.667,100,13869.675929
10224.752,100,13869.675944
10486.791,100,13871.606647
10355.29,100,13871.606834
10346.015,100,13871.606864
10495.868,100,13871.606878
10247.941,100,13871.606891
10248.521,100,13871.606905
10735.701,100,13871.606917
10477.647,100,13871.60693
10307.529,100,13871.606942
10815.716,100,13871.606958
9403.571,100,13872.907565
10049.381,100,13872.907713
10056.637,100,13872.907737
10243.598,100,13872.90775
10163.448,100,13872.907789
10395.593,100,13872.907801
9697.722,100,13872.907813
10418.598,100,13872.907825
10307.232,100,13872.907837
9979.424,100,13872.907848
10857.384,100,13874.705644
10038.448,100,13874.705808
10018.877,100,13874.705834
10488.928,100,13874.705849
10622.5205,100,13874.705862
10194.744,100,13874.705875
10688.18,100,13874.705889
10408.189,100,13874.705902
10025.45,100,13874.705915
10384.357,100,13874.705928
10128.41,100,13941.133922
10159.006,100,13941.134106
10688.466,100,13941.134135
10445.219,100,13941.134152
10703.087,100,13941.134166
9994.222,100,13941.134181
10483.435,100,13941.134195
10151.585,100,13941.13421
10651.238,100,13941.134225
10959.952,100,13941.13424
10879.014,100,13942.681673
10316.482,100,13942.681836
10610.377,100,13942.68186
10451.923,100,13942.681876
10694.381,100,13942.68189
10767.463,100,13942.681926
10344.381,100,13942.68196
10511.009,100,13942.681975
9840.367,100,13942.68199
10726.299,100,13942.682004
9979.247,100,13943.637939
9995.754,100,13943.638082
10477.569,100,13943.638106
10279.644,100,13943.638123
9971.429,100,13943.638137
10308.145,100,13943.63815
10576.275,100,13943.638165
10774.833,100,13943.63818
10474.618,100,13943.638193
10351.33,100,13943.638206
10477.938,100,13944.577677
10309.473,100,13944.577831
9824.033,100,13944.577857
10441.604,100,13944.577873
10073.413,100,13944.577888
10077.994,100,13944.577901
10699.677,100,13944.577916
10887.957,100,13944.57793
10156.45,100,13944.577944
10793.866,100,13944.577957
9885.037,100,13945.502407
10732.721,100,13945.502592
10212.39,100,13945.502619
10257.173,100,13945.502635
10314.972,100,13945.502648
10331.814,100,13945.502662
10207.795,100,13945.502677
9934.625,100,13945.50269
10123.222,100,13945.502704
10311.094,100,13945.502718
9943.918,100,14005.575872
10563.9375,100,14005.576048
10204.78,100,14005.576094
10295.903,100,14005.576125
10117.315,100,14005.576153
9932.212,100,14005.576179
10501.34,100,14005.576205
10048.783,100,14005.57623
10512.436,100,14005.576255
10639.555,100,14005.576279
10579.154,100,14006.711449
10634.274,100,14006.711592
10091.433,100,14006.711619
10288.034,100,14006.711637
10127.311,100,14006.711653
9814.167,100,14006.711668
10339.492,100,14006.711684
10417.702,100,14006.7117
10274.7295,100,14006.711718
10116.409,100,14006.711735
10564.785,100,14007.759898
10354.832,100,14007.760051
10203.414,100,14007.760076
10708.571,100,14007.760092
10007.317,100,14007.760107
10561.74,100,14007.760121
10353.4375,100,14007.760136
10358.326,100,14007.76015
10104.954,100,14007.760164
10259.919,100,14007.760179
10285.916,100,14008.686641
10307.222,100,14008.686802
10556.14,100,14008.686831
10000.271,100,14008.686848
10703.825,100,14008.686862
10468.014,100,14008.686876
10386.334,100,14008.68689
10362.454,100,14008.686905
10406.113,100,14008.686918
10165.246,100,14008.686948
10377.381,100,14009.665799
10333.853,100,14009.665943
10533.2705,100,14009.665968
10397.864,100,14009.665984
10243.318,100,14009.665999
10575.352,100,14009.666013
10245.62,100,14009.666027
10141.848,100,14009.666041
10445.895,100,14009.666055
10227.568,100,14009.666068
10154.708,100,14073.559265
10247.488,100,14073.559879
10319.684,100,14073.560014
10374.319,100,14073.560098
10779.426,100,14073.560173
10525.619,100,14073.560279
10201.217,100,14073.560354
10229.025,100,14073.560428
10673.173,100,14073.560505
10453.952,100,14073.560579
10607.453,100,14074.58338
10417.891,100,14074.58352
10532.516,100,14074.583543
9736.047,100,14074.583559
10729.377,100,14074.583573
10359.322,100,14074.583587
10325.411,100,14074.583601
10455.568,100,14074.583616
10433.802,100,14074.58363
10568.148,100,14074.583643
10239.533,100,14076.357104
10646.204,100,14076.357843
10876.611,100,14076.357947
10669.478,100,14076.357984
9655.886,100,14076.358014
10195.671,100,14076.358044
10228.293,100,14076.358071
9810.279,100,14076.358098
10146.077,100,14076.358124
10238.975,100,14076.35815
9665.35,100,14077.481872
10212.934,100,14077.48204
10527.388,100,14077.482069
10114.542,100,14077.482085
10068.507,100,14077.482098
10373.081,100,14077.482111
10644.5625,100,14077.482124
10227.916,100,14077.482137
10407.78,100,14077.48215
10138.835,100,14077.482164
10234.167,100,14078.833409
10052.325,100,14078.833544
9825.017,100,14078.83357
10221.493,100,14078.833586
10344.599,100,14078.833598
10415.697,100,14078.833611
10031.621,100,14078.833624
10470.463,100,14078.833636
10157.584,100,14078.833649
10469.332,100,14078.833661
10476.513,100,14151.894605
10589.775,100,14151.894778
10139.549,100,14151.894822
10277.651,100,14151.894851
10845.096,100,14151.894879
10286.944,100,14151.894906
10303.679,100,14151.894931
10316.313,100,14151.894958
10231.265,100,14151.894983
10604.605,100,14151.895008
10084.847,100,14153.724926
10118.09,100,14153.725085
10266.532,100,14153.725109
10682.369,100,14153.725144
10466.078,100,14153.725177
10100.496,100,14153.725191
9993.178,100,14153.725205
10724.074,100,14153.725219
10296.55,100,14153.725233
10579.96,100,14153.725248
9975.746,100,14154.6984
10544.577,100,14154.698564
9918.729,100,14154.698607
9774.04,100,14154.698639
10289.791,100,14154.698667
10432.424,100,14154.698694
10350.927,100,14154.698719
10421.974,100,14154.698745
10262.053,100,14154.698784
10499.655,100,14154.698811
10454.468,100,14155.616013
10067.922,100,14155.616158
10346.818,100,14155.616182
10377.426,100,14155.616198
10135.68,100,14155.616211
9871.784,100,14155.616225
10375.635,100,14155.616239
9975.248,100,14155.616252
10300.313,100,14155.616265
10497.756,100,14155.616278
9645.204,100,14156.906278
10262.795,100,14156.90642
10206.723,100,14156.906446
10414.064,100,14156.906461
10249.426,100,14156.906474
10714.452,100,14156.906487
10270.857,100,14156.906501
9688.065,100,14156.906514
10335.971,100,14156.906527
10333.239,100,14156.90654
10448.684,100,14221.88691
10409.563,100,14221.887055
10563.2,100,14221.887082
10274.549,100,14221.887098
10131.67,100,14221.887112
10508.456,100,14221.887126
10242.097,100,14221.88714
10257.178,100,14221.887154
10641.029,100,14221.887168
10602.913,100,14221.887182
10636.184,100,14222.997305
10365.501,100,14222.997481
9976.492,100,14222.997504
10400.348,100,14222.997519
10676.381,100,14222.997534
10219.374,100,14222.997549
10293.756,100,14222.997562
10613.797,100,14222.997575
10339.522,100,14222.997589
10136.795,100,14222.997602
10320.974,100,14224.02195
10738.738,100,14224.022131
10595.365,100,14224.022154
10195.748,100,14224.022171
10591.252,100,14224.022185
9677.663,100,14224.022198
9907.19,100,14224.022213
10680.441,100,14224.022227
10282.071,100,14224.022241
10486.615,100,14224.022254
10454.871,100,14224.945975
10075.937,100,14224.946112
10359.339,100,14224.946134
10011.2295,100,14224.946149
10402.377,100,14224.946163
10412.01,100,14224.946176
10380.191,100,14224.946189
10065.401,100,14224.946203
10227.402,100,14224.946216
10690.148,100,14224.946229
10382.41,100,14226.254637
10098.699,100,14226.254807
10371.384,100,14226.254848
10180.465,100,14226.254877
10293.285,100,14226.254903
9583.674,100,14226.254927
10157.462,100,14226.254953
10322.097,100,14226.254977
10209.18,100,14226.255002
10313.115,100,14226.255025
10103.377,100,14291.480461
10509.482,100,14291.480614
10417.494,100,14291.480644
10395.178,100,14291.480661
10583.57,100,14291.480677
10471.247,100,14291.480692
10483.225,100,14291.480708
10432.664,100,14291.480723
10356.168,100,14291.480738
10340.181,100,14291.480753
10250.607,100,14309.399135
10057.034,100,14309.399303
11018.627,100,14309.399344
10306.041,100,14309.399376
10218.628,100,14309.399404
9895.589,100,14309.399432
9887.5,100,14309.399458
10488.486,100,14309.399488
10633.462,100,14309.399517
10407.717,100,14309.399545
10165.026,100,14310.583731
10837.83,100,14310.583896
9900.2,100,14310.583921
10455.049,100,14310.583934
10617.255,100,14310.583947
10296.521,100,14310.583961
10421.199,100,14310.583974
10056.649,100,14310.583987
10262.407,100,14310.584
10562.562,100,14310.584013
10329.255,100,14311.526858
10176.109,100,14311.527039
10706.77,100,14311.527062
10266.728,100,14311.527077
10650.304,100,14311.527091
10341.207,100,14311.527104
10421.663,100,14311.527117
10376.725,100,14311.527131
10527.1455,100,14311.527144
10683.716,100,14311.527158
10225.952,100,14312.864567
10087.818,100,14312.865328
10573.388,100,14312.865492
10732.726,100,14312.865578
9833.876,100,14312.865652
10661.684,100,14312.865667
10173.783,100,14312.865682
10411.731,100,14312.865695
10431.688,100,14312.865708
10213.443,100,14312.865721
10025.349,100,14313.84951
10395.97,100,14313.849679
10333.459,100,14313.849705
9886.531,100,14313.849721
10748.508,100,14313.849736
10477.597,100,14313.84975
10413.838,100,14313.849775
10549.878,100,14313.849788
10056.254,100,14313.849802
10184.105,100,14313.849816
10430.12,100,14380.545661
10196.903,100,14380.546434
10731.176,100,14380.546567
10417.747,100,14380.546593
10744.15,100,14380.546608
10293.479,100,14380.546623
10591.814,100,14380.546637
10340.337,100,14380.54665
10571.308,100,14380.546666
10795.618,100,14380.54668
10375.006,100,14381.528615
10412.409,100,14381.528983
10551.082,100,14381.529027
10746.142,100,14381.529043
10406.742,100,14381.529057
10071.479,100,14381.529071
10284.415,100,14381.529085
10223.231,100,14381.529098
10364.664,100,14381.529111
10498.445,100,14381.529124
10294.452,100,14382.521684
10334.844,100,14382.52184
10855.268,100,14382.521866
10153.056,100,14382.52188
10289.887,100,14382.521895
10282.9,100,14382.521908
10705.014,100,14382.521921
10440.966,100,14382.521934
9955.008,100,14382.521948
10455.013,100,14382.52196
9925.486,100,14383.419212
10736.136,100,14383.419544
10362.301,100,14383.419652
10115.369,100,14383.419671
10442.187,100,14383.419686
9640.851,100,14383.4197
10092.924,100,14383.419715
10227.482,100,14383.419729
10419.598,100,14383.419742
10393.832,100,14383.419756
10099.789,100,14384.387965
10171.357,100,14384.388152
10915.304,100,14384.38818
10444.595,100,14384.388197
10267.045,100,14384.388211
10727.171,100,14384.388225
9837.487,100,14384.388239
9532.622,100,14384.388253
10451.887,100,14384.388266
10713.261,100,14384.38828
10332.922,100,14449.911978
10245.621,100,14449.912101
10308.256,100,14449.912126
9878.609,100,14449.912142
10186.214,100,14449.912156
10059.445,100,14449.912169
10261.414,100,14449.912183
10335.346,100,14449.912195
10232.641,100,14449.912209
9936.251,100,14449.912222
9971.814,100,14450.95467
10619.361,100,14450.954839
10426.461,100,14450.954865
10444.097,100,14450.95488
10451.546,100,14450.954894
10223.09,100,14450.954907
10579.996,100,14450.954921
10462.722,100,14450.954936
10545.218,100,14450.954949
10071.158,100,14450.954962
10017.261,100,14452.152535
10700.527,100,14452.152871
10392.345,100,14452.152984
10601.34,100,14452.153068
10034.152,100,14452.153143
10502.313,100,14452.15324
10501.637,100,14452.153316
9951.943,100,14452.153389
10723.488,100,14452.153462
10249.982,100,14452.153536
10292.316,100,14453.043655
10023.4795,100,14453.044057
10333.531,100,14453.04417
10767.486,100,14453.044247
10508.686,100,14453.044266
10054.033,100,14453.044281
10138.736,100,14453.044295
10110.6,100,14453.044308
10311.957,100,14453.044321
10185.001,100,14453.044334
10241.067,100,14454.043903
10640.338,100,14454.044045
10099.083,100,14454.044069
10327.288,100,14454.044086
10448.328,100,14454.0441
10568.895,100,14454.044115
9640.725,100,14454.044129
10395.575,100,14454.044145
10140.238,100,14454.044159
10107.111,100,14454.044173
10341.541,100,14516.917403
10373.789,100,14516.917581
10262.61,100,14516.917608
10810.568,100,14516.917624
10629.725,100,14516.917638
10690.665,100,14516.917651
10840.36,100,14516.917666
10344.593,100,14516.917679
10736.19,100,14516.917692
10248.811,100,14516.917705
9991.898,100,14517.968917
10287.779,100,14517.969075
10477.2705,100,14517.969097
10023.352,100,14517.969113
10615.3125,100,14517.969126
10084.039,100,14517.969139
10594.093,100,14517.969156
9965.803,100,14517.969169
10251.807,100,14517.969182
9890.2295,100,14517.969195
10556.231,100,14518.971514
10114.262,100,14518.971663
9945.365,100,14518.971687
10077.42,100,14518.971703
10314.408,100,14518.971716
10307.431,100,14518.971731
10056.093,100,14518.971744
10395.88,100,14518.971757
10456.772,100,14518.97178
10412.434,100,14518.971794
10160.206,100,14519.975644
10502.513,100,14519.975831
10586.526,100,14519.975857
9659.081,100,14519.975873
10048.206,100,14519.975886
10487.638,100,14519.9759
10597.696,100,14519.975914
10484.715,100,14519.975928
10689.253,100,14519.975941
9980.344,100,14519.975954
10739.943,100,14521.165399
10571.568,100,14521.16558
10334.815,100,14521.165611
10272.087,100,14521.165626
10510.69,100,14521.165639
10355.04,100,14521.165652
10140.475,100,14521.165665
9897.156,100,14521.165678
10675.966,100,14521.165691
10410.9795,100,14521.165725
9985.296,100,14589.355663
10678.192,100,14589.35582
10295.19,100,14589.355851
10550.025,100,14589.355867
10596.645,100,14589.355882
10211.204,100,14589.355896
10486.348,100,14589.355911
10366.102,100,14589.355925
10260.183,100,14589.355938
10885.103,100,14589.355952
10468.099,100,14590.28358
10598.723,100,14590.283718
10469.35,100,14590.283742
10312.636,100,14590.283776
10772.478,100,14590.28379
10359.523,100,14590.283804
10398.458,100,14590.283819
10376.911,100,14590.283833
9992.978,100,14590.283847
10816.226,100,14590.28386
10277.885,100,14591.165978
10717.004,100,14591.166119
10291.722,100,14591.166143
11258.392,100,14591.16616
10041.5,100,14591.166175
10024.07,100,14591.166189
10188.915,100,14591.166202
10075.662,100,14591.166217
10119.815,100,14591.166231
10412.529,100,14591.166244
10272.195,100,14592.379864
9819.182,100,14592.38001
9761.397,100,14592.380035
10279.519,100,14592.380049
10395.003,100,14592.380062
10288.1,100,14592.380075
10384.329,100,14592.380087
9933.964,100,14592.3801
10115.827,100,14592.380112
9821.1,100,14592.380125
10166.776,100,14593.814425
10168.2705,100,14593.814562
10228.516,100,14593.814586
10093.146,100,14593.814603
10245.322,100,14593.814616
10178.733,100,14593.81463
10055.321,100,14593.814644
10261.277,100,14593.814658
10076.2295,100,14593.814672
10195.425,100,14593.814686
10316.299,100,14660.253194
10233.326,100,14660.253366
10524.312,100,14660.25339
10435.325,100,14660.253405
10493.758,100,14660.253418
10542.02,100,14660.253431
10500.476,100,14660.253443
10125.316,100,14660.253456
9994.971,100,14660.253467
10206.236,100,14660.253481
10243.635,100,14661.187666
10793.114,100,14661.187855
9907.686,100,14661.187883
10622.954,100,14661.187899
10228.893,100,14661.187913
10482.748,100,14661.187926
10527.431,100,14661.187939
10371.156,100,14661.187953
10085.04,100,14661.187966
10245.494,100,14661.187979
10405.181,100,14662.121411
10231.616,100,14662.12155
10275.68,100,14662.121573
10630.45,100,14662.121588
10390.596,100,14662.121602
10427.644,100,14662.121616
10363.017,100,14662.121629
10552.571,100,14662.121642
10672.328,100,14662.121655
10233.004,100,14662.121669
10277.3545,100,14663.044446
10439.98,100,14663.044618
10682.147,100,14663.044646
10084.447,100,14663.04466
10607.45,100,14663.044673
10607.048,100,14663.044687
10633.794,100,14663.0447
10773.082,100,14663.044713
9956.148,100,14663.044726
10667.004,100,14663.044739
10164.749,100,14664.016219
10182.342,100,14664.016402
10580.722,100,14664.016428
10223.007,100,14664.016442
10655.294,100,14664.016456
10171.381,100,14664.016469
10441.911,100,14664.016483
10241.054,100,14664.016497
10587.81,100,14664.016511
10179.619,100,14664.016525
9895.345,100,14730.47116
9667.606,100,14730.471317
10641.18,100,14730.471345
10331.959,100,14730.471363
10460.003,100,14730.47138
9999.086,100,14730.471396
10202.904,100,14730.471412
10693.848,100,14730.471428
10301.798,100,14730.471443
10347.61,100,14730.471459
9771.613,100,14731.433798
10441.861,100,14731.433948
10485.601,100,14731.433976
10819.64,100,14731.433994
10196.052,100,14731.43401
10058.995,100,14731.434026
10233.67,100,14731.434041
10925.088,100,14731.434056
10413.833,100,14731.434072
10349.314,100,14731.434087
10560.439,100,14732.385496
9784.547,100,14732.385684
10851.215,100,14732.385712
10294.006,100,14732.385731
10208.818,100,14732.385748
10021.219,100,14732.385777
9906.238,100,14732.385795
10291.292,100,14732.385813
10699.373,100,14732.38583
10476.768,100,14732.38585
10135.259,100,14733.303559
10405.941,100,14733.3037
10243.391,100,14733.303725
10041.131,100,14733.303742
10190.537,100,14733.303757
10260.513,100,14733.303788
10571.8545,100,14733.303804
10484.233,100,14733.30382
10509.824,100,14733.303835
10519.323,100,14733.30385
10003.831,100,14734.243452
10164.804,100,14734.243788
10343.327,100,14734.243952
9829.49,100,14734.244042
10393.716,100,14734.244063
10258.909,100,14734.24408
10325.668,100,14734.244097
10100.189,100,14734.244135
10258.648,100,14734.244171
10043.692,100,14734.244186
10395.865,100,14810.30658
10340.291,100,14810.306745
10563.016,100,14810.306803
10210.3545,100,14810.306833
10550.04,100,14810.30686
10239.547,100,14810.306885
10432.226,100,14810.306911
10286.489,100,14810.306936
9684.47,100,14810.306959
10398.5205,100,14810.306984
10477.49,100,14811.289871
10156.687,100,14811.290066
10152.977,100,14811.29009
10193.109,100,14811.290105
10359.603,100,14811.290119
10085.192,100,14811.290132
10198.231,100,14811.290146
10273.692,100,14811.290159
10086.155,100,14811.290173
10306.296,100,14811.290187
10356.713,100,14812.241945
10167.724,100,14812.2421
10234.831,100,14812.242124
10606.145,100,14812.242141
10016.114,100,14812.242155
10342.25,100,14812.242169
10105.171,100,14812.242184
10034.486,100,14812.242198
10518.141,100,14812.242212
10302.777,100,14812.242226
10079.6455,100,14813.24656
10370.14,100,14813.24671
10235.097,100,14813.246733
10238.626,100,14813.246749
10310.395,100,14813.246776
10790.481,100,14813.24679
10323.352,100,14813.246804
10011.19,100,14813.246818
10494.898,100,14813.246831
10588.924,100,14813.246845
10611.428,100,14814.942682
10700.046,100,14814.942838
10118.03,100,14814.942863
10680.62,100,14814.942877
9888.884,100,14814.94289
10078.829,100,14814.942904
10215.022,100,14814.942917
10142.995,100,14814.94293
10332.095,100,14814.942944
10366.781,100,14814.942957
10462.418,100,14878.051949
10458.37,100,14878.052098
10406.572,100,14878.052128
10483.647,100,14878.052144
10504.331,100,14878.05216
10377.601,100,14878.052175
10496.808,100,14878.052191
10297.062,100,14878.052206
10387.02,100,14878.052221
10729.862,100,14878.052237
10793.579,100,14879.120664
11062.721,100,14879.1209
10667.539,100,14879.120948
10397.748,100,14879.120978
10379.372,100,14879.121005
10895.905,100,14879.121032
10603.289,100,14879.121059
10612.807,100,14879.121085
10983.962,100,14879.12111
10602.734,100,14879.121136
10236.6875,100,14880.402092
10341.476,100,14880.402408
10227.657,100,14880.402444
10327.173,100,14880.40246
10657.206,100,14880.402474
10361.596,100,14880.402488
10340.967,100,14880.402501
11087.422,100,14880.402515
10692.577,100,14880.402528
10437.187,100,14880.40254
10601.415,100,14881.44928
10364.564,100,14881.44942
10659.3955,100,14881.449444
10337.047,100,14881.449461
10376.597,100,14881.449474
10683.792,100,14881.449487
10523.779,100,14881.4495
10575.221,100,14881.449514
10298.887,100,14881.449527
10536.915,100,14881.449539
10135.567,100,14882.457736
9921.404,100,14882.458117
10002.852,100,14882.458238
10262.632,100,14882.458325
10061.718,100,14882.458406
10375.429,100,14882.45849
10177.792,100,14882.458565
10369.488,100,14882.45858
9997.084,100,14882.458593
10304.621,100,14882.458607
10380.388,100,14883.374621
10179.683,100,14883.374771
10408.734,100,14883.374796
10412.129,100,14883.374811
10561.504,100,14883.374825
10308.489,100,14883.374838
10549.668,100,14883.374852
10010.048,100,14883.374865
10324.941,100,14883.374878
10221.645,100,14883.374891
9852.608,100,14953.016541
10057.348,100,14953.016706
10518.246,100,14953.016747
10293.096,100,14953.016794
10533.475,100,14953.016823
10485.774,100,14953.016848
10527.166,100,14953.016873
10114.483,100,14953.016896
10119.699,100,14953.01692
10405.692,100,14953.016943
10045.298,100,14953.919131
10343.561,100,14953.919864
10241.838,100,14953.92003
10331.267,100,14953.920117
10617.906,100,14953.920194
10472.959,100,14953.920268
10008.666,100,14953.920282
10499.397,100,14953.920296
10659.139,100,14953.92031
10456.253,100,14953.920322
10325.149,100,14954.825929
9948.656,100,14954.826505
9883.284,100,14954.826662
10055.121,100,14954.826754
10759.003,100,14954.826852
10556.583,100,14954.826935
10694.528,100,14954.827017
10050.145,100,14954.827097
10597.844,100,14954.827168
10703.145,100,14954.827183
10277.945,100,14956.265922
10545.408,100,14956.266068
10615.749,100,14956.266092
10375.254,100,14956.266109
10546.752,100,14956.266125
10441.744,100,14956.266164
10604.494,100,14956.266197
10879.861,100,14956.266214
10179.237,100,14956.26623
10267.932,100,14956.266245
10507.233,100,14993.023918
10388.055,100,14993.024049
10263.476,100,14993.024074
9797.309,100,14993.024087
9929.548,100,14993.024099
10492.383,100,14993.02411
9822.897,100,14993.024122
10408.512,100,14993.024134
10083.075,100,14993.024146
10498.313,100,14993.024157
10157.08,100,15057.194221
10315.862,100,15057.19524
10453.252,100,15057.195453
9851.312,100,15057.195573
10270.6045,100,15057.19572
10206.128,100,15057.195771
10248.329,100,15057.195801
10358.573,100,15057.195827
10788.499,100,15057.195852
10417.799,100,15057.195877
9822.14,100,15058.257275
9921.215,100,15058.257425
10230.167,100,15058.257452
10431.351,100,15058.257468
10164.91,100,15058.257483
10190.491,100,15058.257498
10277.564,100,15058.257512
10227.156,100,15058.257526
10394.225,100,15058.257539
10384.442,100,15058.257553
10542.476,100,15059.926611
10335.134,100,15059.92678
10751.86,100,15059.926804
10681.639,100,15059.926819
10472.769,100,15059.926833
10360.836,100,15059.926845
9741.75,100,15059.926857
10332.315,100,15059.926871
10487.956,100,15059.926883
10438.072,100,15059.926896
10598.859,100,15061.15201
10923.712,100,15061.152181
10546.005,100,15061.152204
10497.131,100,15061.152218
10533.126,100,15061.152231
10620.089,100,15061.152243
10824.157,100,15061.152256
10433.447,100,15061.152269
10176.591,100,15061.152282
10574.141,100,15061.152294
10357.909,100,15062.047955
10161.535,100,15062.048094
10680.49,100,15062.048118
10486.863,100,15062.048132
10294.264,100,15062.048146
10292.206,100,15062.048159
10123.897,100,15062.048173
9928.181,100,15062.048186
10255.942,100,15062.048199
10106.222,100,15062.048212
10030.734,100,15126.895712
9825.952,100,15126.896515
10472.376,100,15126.896582
10775.068,100,15126.8966
10707.253,100,15126.896615
10595.523,100,15126.896629
10573.617,100,15126.896642
9977.829,100,15126.896656
10781.892,100,15126.89667
10753.617,100,15126.896683
10083.463,100,15128.66483
10701.577,100,15128.665123
10241.412,100,15128.665246
10792.906,100,15128.665333
10147.075,100,15128.665409
10422.532,100,15128.665426
10622.058,100,15128.66544
10368.218,100,15128.665454
10322.117,100,15128.665468
10186.218,100,15128.665482
10819.647,100,15130.851382
10664.418,100,15130.851554
10446.558,100,15130.851577
10016.8125,100,15130.851591
10025.285,100,15130.851605
10750.122,100,15130.851618
10301.462,100,15130.85163
10636.025,100,15130.851644
10348.84,100,15130.851656
10564.845,100,15130.851669
10363.22,100,15131.760957
10040.468,100,15131.761141
10710.614,100,15131.761178
10217.771,100,15131.761195
10346.672,100,15131.761209
10393.759,100,15131.761223
10311.844,100,15131.761236
9707.965,100,15131.76125
10225.916,100,15131.761264
10321.073,100,15131.761278
10485.56,100,15132.804935
10158.407,100,15132.805292
10540.417,100,15132.80533
10509.535,100,15132.805346
10217.143,100,15132.80536
10395.514,100,15132.805374
10306.567,100,15132.805387
10229.926,100,15132.8054
10479.9375,100,15132.805413
10469.838,100,15132.805427
10520.06,100,15199.417712
10271.969,100,15199.41787
10257.614,100,15199.417898
10100.593,100,15199.417914
10133.046,100,15199.417927
10221.734,100,15199.41794
10458.192,100,15199.417954
10749.599,100,15199.417967
10330.754,100,15199.417981
10266.167,100,15199.417994
10501.403,100,15200.36939
10247.173,100,15200.36958
10317.038,100,15200.369605
10444.448,100,15200.369623
10301.626,100,15200.369638
10770.871,100,15200.369652
10063.104,100,15200.369667
10907.008,100,15200.369681
10669.933,100,15200.369696
10418.605,100,15200.36971
10488.074,100,15203.466461
10159.282,100,15203.466637
10138.045,100,15203.466664
10642.28,100,15203.46668
9864.721,100,15203.466695
10007.781,100,15203.466709
10058.375,100,15203.466724
10206.814,100,15203.466738
10127.456,100,15203.466753
10351.439,100,15203.466779
10238.87,100,15204.786896
10415.157,100,15204.787058
10358.7295,100,15204.787111
10443.869,100,15204.787149
10748.078,100,15204.787166
10279.278,100,15204.787181
10584.4795,100,15204.787196
10362.423,100,15204.787214
10683.404,100,15204.787229
10584.27,100,15204.787244
10673.05,100,15205.765676
9987.422,100,15205.766362
10521.878,100,15205.766567
10179.803,100,15205.766695
10547.805,100,15205.766797
10477.165,100,15205.766885
10380.142,100,15205.766962
10116.405,100,15205.766977
10146.844,100,15205.766992
10772.42,100,15205.767006
10557.3545,100,15272.105795
10536.372,100,15272.105953
10406.237,100,15272.105994
10478.228,100,15272.10601
10727.641,100,15272.106024
10595.388,100,15272.106039
10011.254,100,15272.106051
10650.05,100,15272.106065
10500.778,100,15272.106077
10413.27,100,15272.106091
10171.137,100,15273.320938
10686.416,100,15273.321101
10544.268,100,15273.321135
10575.643,100,15273.321151
10119.897,100,15273.321164
10284.549,100,15273.321178
10415.211,100,15273.321191
10715.878,100,15273.321204
10228.4,100,15273.321218
10483.055,100,15273.321231
10369.961,100,15274.394575
10515.984,100,15274.394711
10267.475,100,15274.394737
10988.353,100,15274.394753
10202.683,100,15274.394788
10639.387,100,15274.394803
10674.384,100,15274.394818
10479.259,100,15274.394832
10630.094,100,15274.394846
10570.168,100,15274.39486
10300.217,100,15275.497051
10584.73,100,15275.497186
10603.527,100,15275.49721
10502.519,100,15275.497225
10446.237,100,15275.497238
10107.481,100,15275.497252
10414.04,100,15275.497264
10473.366,100,15275.497277
10369.08,100,15275.49729
10501.699,100,15275.497303
10950.475,100,15277.349012
9877.785,100,15277.349157
10653.798,100,15277.349181
10818.903,100,15277.349197
10670.376,100,15277.349212
10842.427,100,15277.349226
10572.784,100,15277.349239
10769.87,100,15277.349253
9943.263,100,15277.349267
10992.392,100,15277.349281
10685.314,100,15341.809012
10717.007,100,15341.809166
10715.006,100,15341.809192
10872.566,100,15341.809207
10120.575,100,15341.809221
10648.112,100,15341.809234
9844.532,100,15341.809247
10455.605,100,15341.80926
10022.218,100,15341.809273
10345.229,100,15341.809286
10467.466,100,15342.764624
10137.354,100,15342.764757
10271.646,100,15342.764798
10686.206,100,15342.764812
10334.325,100,15342.764827
10230.197,100,15342.76484
10143.849,100,15342.764854
10054.811,100,15342.764867
10108.781,100,15342.76488
10615.549,100,15342.764893
10622.921,100,15343.697459
10205.209,100,15343.697594
10380.382,100,15343.697618
10477.324,100,15343.697633
10462.195,100,15343.697649
10291.844,100,15343.697662
10067.337,100,15343.697675
10340.219,100,15343.697689
10406.047,100,15343.697702
10760.09,100,15343.697716
10461.764,100,15344.601377
10172.465,100,15344.60151
10321.742,100,15344.601533
10383.742,100,15344.601549
10575.957,100,15344.601564
10279.73,100,15344.601578
10507.149,100,15344.601592
10536.825,100,15344.601606
10710.0205,100,15344.601635
10510.52,100,15344.60165
10384.795,100,15345.515009
10751.241,100,15345.515147
10792.916,100,15345.515171
10057.34,100,15345.515186
9804.787,100,15345.5152
10440.301,100,15345.515214
10271.221,100,15345.515228
10051.481,100,15345.515242
10400.915,100,15345.515255
10357.78,100,15345.515269
10837.678,100,15419.666567
10084.935,100,15419.666726
10292.04,100,15419.666755
10285.898,100,15419.666785
10752.449,100,15419.666799
10533.181,100,15419.666813
10138.719,100,15419.666827
10466.749,100,15419.666842
10326.558,100,15419.666855
11099.809,100,15419.66687
10479.402,100,15420.721719
10211.682,100,15420.721869
10551.071,100,15420.721893
10537.909,100,15420.721908
10326.604,100,15420.721922
9954.378,100,15420.721936
10306.64,100,15420.721949
10500.807,100,15420.721962
10187.626,100,15420.721976
10404.721,100,15420.721989
10279.765,100,15422.075057
10564.585,100,15422.075219
10624.539,100,15422.075244
10443.728,100,15422.075264
10582.706,100,15422.075278
10218.382,100,15422.075292
9992.037,100,15422.075306
10276.754,100,15422.075321
10162.658,100,15422.075335
10698.263,100,15422.075349
10343.434,100,15423.751366
10895.978,100,15423.751556
10323.983,100,15423.751596
10305.774,100,15423.751625
10495.719,100,15423.75165
10502.466,100,15423.751676
10115.7295,100,15423.751703
10504.27,100,15423.751728
10376.46,100,15423.751753
10372.507,100,15423.751798
10314.616,100,15424.754554
10239.42,100,15424.754752
10667.1875,100,15424.754789
10540.905,100,15424.754804
10038.16,100,15424.754818
10293.864,100,15424.754832
10435.778,100,15424.754847
10346.602,100,15424.754861
10603.758,100,15424.754875
9993.872,100,15424.754889
9928.129,100,15489.765106
10224.289,100,15489.76526
10409.094,100,15489.765291
10641.326,100,15489.76531
10302.712,100,15489.765326
10133.291,100,15489.765342
10465.036,100,15489.765357
9953.629,100,15489.765373
10410.27,100,15489.765389
10490.539,100,15489.765405
10107.318,100,15490.800044
10463.721,100,15490.800201
10093.121,100,15490.800224
10121.287,100,15490.800238
10349.069,100,15490.800251
10171.514,100,15490.800265
10537.547,100,15490.800279
10253.21,100,15490.800292
10744.204,100,15490.800307
10100.502,100,15490.80032
10317.425,100,15491.8515
10345.676,100,15491.851667
10503.431,100,15491.851694
10497.75,100,15491.851709
10597.929,100,15491.851723
10487.704,100,15491.851737
10245.8,100,15491.851752
10713.14,100,15491.851779
10400.865,100,15491.851793
11122.598,100,15491.851806
10728.402,100,15492.761198
10454.303,100,15492.76133
10499.031,100,15492.761353
10371.739,100,15492.761369
10504.141,100,15492.761383
10541.474,100,15492.761396
10183.792,100,15492.761409
10357.751,100,15492.761422
10011.759,100,15492.761435
10398.714,100,15492.761448
10447.81,100,15494.189128
10282.59,100,15494.189267
10500.845,100,15494.189292
10355.071,100,15494.18931
10577.974,100,15494.189325
9818.532,100,15494.18934
10440.082,100,15494.189355
10473.072,100,15494.189369
10064.129,100,15494.189384
10238.845,100,15494.189399
10606.216,100,15560.03722
10472.652,100,15560.037389
10313.828,100,15560.037435
10202.382,100,15560.037469
9976.779,100,15560.037499
10087.931,100,15560.037528
9808.401,100,15560.037555
10232.116,100,15560.037582
10787.824,100,15560.037609
10049.85,100,15560.037635
10253.671,100,15561.07531
10144.411,100,15561.075471
9817.92,100,15561.075495
10186.689,100,15561.075511
10188.184,100,15561.075524
10318.442,100,15561.075538
10576.831,100,15561.07555
10050.015,100,15561.075564
10751.694,100,15561.075577
10878.984,100,15561.07559
10610.561,100,15562.128147
10305.048,100,15562.128288
10191.625,100,15562.128311
10038.365,100,15562.128326
10352.193,100,15562.128341
10611.891,100,15562.128354
10356.235,100,15562.128368
9675.475,100,15562.128381
10607.569,100,15562.128396
10278.524,100,15562.128409
9875.258,100,15563.05741
10414.88,100,15563.057593
10300.179,100,15563.057618
10418.068,100,15563.057634
10325.375,100,15563.057649
10694.266,100,15563.057662
10247.164,100,15563.057677
10066.853,100,15563.05769
10376.531,100,15563.057703
10485.441,100,15563.057716
10571.767,100,15564.457712
10296.603,100,15564.457907
10067.45,100,15564.457932
10065.896,100,15564.457947
10419.927,100,15564.457961
10223.76,100,15564.457974
10292.339,100,15564.457988
10070.127,100,15564.458
10253.413,100,15564.458013
10660.336,100,15564.458027
10173.304,100,15565.401148
10413.87,100,15565.401317
10368.928,100,15565.401356
10614.511,100,15565.401386
10323.354,100,15565.401412
10743.725,100,15565.401437
10473.419,100,15565.401461
10506.678,100,15565.401486
10202.416,100,15565.401513
10187.638,100,15565.401538
10411.595,100,15631.241683
10072.211,100,15631.243382
10613.321,100,15631.243462
10431.603,100,15631.243497
9903.687,100,15631.243526
10284.066,100,15631.243553
10187.453,100,15631.243581
10179.601,100,15631.243606
10074.661,100,15631.243631
9835.052,100,15631.243656
10138.944,100,15632.846589
10150.352,100,15632.846785
10808.248,100,15632.846811
10108.065,100,15632.846828
10715.307,100,15632.846843
10671.729,100,15632.846856
10395.15,100,15632.84687
10562.067,100,15632.846885
10436.685,100,15632.84692
10810.333,100,15632.846953
10512.584,100,15634.53596
10438.511,100,15634.536141
10419.912,100,15634.536169
10408.608,100,15634.536184
10259.589,100,15634.536196
10311.062,100,15634.536209
10561.858,100,15634.536221
10270.432,100,15634.536234
10014.737,100,15634.536246
10232.949,100,15634.536259
10140.719,100,15635.436066
10518.665,100,15635.436238
10568.284,100,15635.436265
10188.6,100,15635.436281
10255.395,100,15635.436295
10384.593,100,15635.436309
10398.057,100,15635.436322
10011.347,100,15635.436336
10388.244,100,15635.43635
10661.674,100,15635.436365
10590.126,100,15637.398659
10185.387,100,15637.398848
10770.836,100,15637.39889
10309.949,100,15637.398906
10773.127,100,15637.398919
10685.555,100,15637.398932
10187.993,100,15637.398944
10487.596,100,15637.398957
10446.522,100,15637.398969
10435.473,100,15637.398982
9870.098,100,15703.037401
9661.846,100,15703.037553
10292.496,100,15703.037584
10597.199,100,15703.037602
10261.784,100,15703.037619
10544.391,100,15703.037636
10167.901,100,15703.037653
10787.325,100,15703.03767
10601.283,100,15703.037687
10155.954,100,15703.037703
10825.12,100,15703.997731
10400.256,100,15703.997941
10369.172,100,15703.997966
10091.048,100,15703.997984
10283.638,100,15703.998
10331.113,100,15703.998015
10151.739,100,15703.99803
10356.963,100,15703.998045
10646.31,100,15703.99806
10737.508,100,15703.998074
10453.505,100,15707.181296
10417.112,100,15707.181441
10647.024,100,15707.18147
10285.589,100,15707.181488
10180.776,100,15707.181505
10566.09,100,15707.181522
10501.34,100,15707.181539
10252.367,100,15707.181555
10399.514,100,15707.181571
10229.187,100,15707.181588
10669.48,100,15727.033697
10441.895,100,15727.033849
10372.686,100,15727.033874
10239.8955,100,15727.033889
10266.968,100,15727.033903
10494.495,100,15727.033916
9946.319,100,15727.033929
10396.745,100,15727.033942
10670.727,100,15727.033955
10207.274,100,15727.033968
10290.642,100,15728.204883
10603.961,100,15728.205037
9856.854,100,15728.205064
10243.196,100,15728.205081
10664.841,100,15728.205095
10212.244,100,15728.20511
10087.135,100,15728.205126
10347.472,100,15728.205142
10595.953,100,15728.205157
10582.011,100,15728.20517
10391.501,100,15793.63987
10607.649,100,15793.640825
10014.205,100,15793.640944
10929.691,100,15793.640969
10361.74,100,15793.640986
9884.032,100,15793.641001
10035.597,100,15793.641016
10272.491,100,15793.641032
9972.597,100,15793.641045
10832.789,100,15793.64106
10283.081,100,15794.61988
9894.317,100,15794.620527
10785.534,100,15794.620682
10177.484,100,15794.620795
10671.01,100,15794.620878
10191.196,100,15794.620896
10290.291,100,15794.620912
10713.922,100,15794.620959
9879.938,100,15794.620973
10414.375,100,15794.620987
10190.586,100,15795.511149
9927.302,100,15795.511309
10134.958,100,15795.511333
10415.053,100,15795.511348
10249.126,100,15795.511363
10079.162,100,15795.511376
10112.42,100,15795.511389
10542.638,100,15795.511403
10303.583,100,15795.511416
10705.359,100,15795.511429
10522.444,100,15796.748594
10625.339,100,15796.748756
10364.769,100,15796.748825
10710.04,100,15796.748843
10334.357,100,15796.748858
10029.722,100,15796.748872
9778.087,100,15796.748887
10641.793,100,15796.748902
10463.7705,100,15796.748918
10494.65,100,15796.748935
10419.544,100,15797.821136
10463.383,100,15797.821316
10073.373,100,15797.82134
10468.727,100,15797.821356
10293.728,100,15797.82137
10226.183,100,15797.821384
10309.619,100,15797.821398
10522.522,100,15797.821412
10283.753,100,15797.821426
10703.1455,100,15797.821439
10498.586,100,15862.199548
10284.897,100,15862.19974
9948.729,100,15862.199787
10232.194,100,15862.199804
10355.217,100,15862.19982
10373.549,100,15862.199834
10580.464,100,15862.199848
9996.81,100,15862.199863
10531.65,100,15862.199878
10460.101,100,15862.199893
10583.635,100,15863.095165
10087.429,100,15863.095312
10284.097,100,15863.095337
10167.496,100,15863.095351
10301.416,100,15863.095365
10655.513,100,15863.095379
10219.31,100,15863.095416
10167.456,100,15863.095452
10339.265,100,15863.095466
10408.31,100,15863.095479
10502.825,100,15863.949628
10111.982,100,15863.950047
10141.185,100,15863.950178
10196.02,100,15863.950269
10528.88,100,15863.950347
10585.263,100,15863.950362
10257.424,100,15863.950377
10399.818,100,15863.950391
10260.282,100,15863.950404
10403.687,100,15863.950418
10181.414,100,15864.907285
10032.271,100,15864.907495
10293.572,100,15864.907522
10036.343,100,15864.907538
10127.922,100,15864.907553
10638.764,100,15864.907568
10197.783,100,15864.907583
10921.426,100,15864.907597
10406.643,100,15864.907612
10496.775,100,15864.907626
11006.11,100,15865.968914
10434.672,100,15865.969056
11113.327,100,15865.969082
10192.902,100,15865.969098
10468.068,100,15865.969112
9852.746,100,15865.969127
10645.518,100,15865.969142
10554.61,100,15865.969156
10192.182,100,15865.96917
10462.011,100,15865.969186
10313.078,100,15931.004074
10387.913,100,15931.00425
10805.854,100,15931.004286
9992.248,100,15931.004301
9776.132,100,15931.004314
10119.421,100,15931.004327
10097.141,100,15931.004341
10270.374,100,15931.004354
10378.141,100,15931.004368
10270.73,100,15931.00438
10111.35,100,15931.893106
10013.925,100,15931.893435
10213.364,100,15931.893547
10156.489,100,15931.893634
10391.402,100,15931.893725
10303.396,100,15931.893824
10117.984,100,15931.89391
10494.835,100,15931.893994
10140.878,100,15931.894078
10367.888,100,15931.894162
10221.214,100,15932.782948
10489.714,100,15932.783094
9613.389,100,15932.783119
10835.411,100,15932.783135
10015.401,100,15932.783149
10152.353,100,15932.783162
10504.783,100,15932.783177
10270.049,100,15932.78319
9758.741,100,15932.783205
10182.217,100,15932.783219
10387.161,100,15933.659847
10096.672,100,15933.65998
10703.503,100,15933.660005
9962.717,100,15933.660021
9976.798,100,15933.660036
10085.016,100,15933.660049
10506.027,100,15933.660063
10258.005,100,15933.660077
10478.358,100,15933.66009
10537.131,100,15933.660105
10550.407,100,15934.535176
10308.463,100,15934.535313
10560.396,100,15934.535337
10272.285,100,15934.535352
10195.759,100,15934.535366
10362.455,100,15934.53538
10270.389,100,15934.535394
10070.087,100,15934.535408
10275.821,100,15934.535422
10331.975,100,15934.535435
10061.491,100,16006.866855
10594.939,100,16006.866996
10329.033,100,16006.867023
10961.291,100,16006.867037
10311.593,100,16006.867051
10033.015,100,16006.867064
10520.041,100,16006.867076
10091.222,100,16006.867089
10778.25,100,16006.867102
10571.696,100,16006.867116
10437.819,100,16007.798242
10298.657,100,16007.798379
10373.019,100,16007.798402
10347.384,100,16007.798418
10535.311,100,16007.798432
10361.206,100,16007.798445
10461.579,100,16007.79846
10011.452,100,16007.798474
10594.398,100,16007.798487
9880.42,100,16007.798501
10369.027,100,16008.680291
10433.877,100,16008.680429
10533.78,100,16008.680452
10311.1045,100,16008.680468
9718.435,100,16008.680484
10460.351,100,16008.680498
10333.345,100,16008.680512
9991.496,100,16008.680527
10285.144,100,16008.680541
10315.329,100,16008.680555
10367.807,100,16009.594921
10650.329,100,16009.595062
10891.816,100,16009.595088
10648.177,100,16009.595104
10372.605,100,16009.59512
10239.7,100,16009.595135
10071.19,100,16009.595151
10398.868,100,16009.595165
10232.945,100,16009.59518
10119.7705,100,16009.595194
10805.953,100,16011.827384
10111.605,100,16011.827536
10359.071,100,16011.827572
10645.379,100,16011.827599
10467.198,100,16011.827623
10682.624,100,16011.827645
10161.93,100,16011.82767
10485.514,100,16011.827694
10696.8,100,16011.827718
10227.675,100,16011.827741
10069.041,100,16075.958734
10498.17,100,16075.958915
10307.767,100,16075.958948
10231.398,100,16075.958965
10590.498,100,16075.958981
10206.369,100,16075.958997
10697.004,100,16075.959013
10313.874,100,16075.959029
10881.069,100,16075.959044
10800.078,100,16075.95906
10336.566,100,16077.24414
10462.01,100,16077.244464
10525.972,100,16077.244509
10065.062,100,16077.244545
10506.547,100,16077.244579
10306.77,100,16077.244594
10727.254,100,16077.244609
9920.177,100,16077.244622
10866.215,100,16077.244636
10461.105,100,16077.24465
9984.03,100,16078.413127
9999.095,100,16078.413298
10620.346,100,16078.413321
10747.783,100,16078.413337
10269.959,100,16078.413351
10202.917,100,16078.413364
10566.846,100,16078.413378
9811.017,100,16078.413392
10028.255,100,16078.413405
10257.405,100,16078.413419
10455.544,100,16079.948591
10175.54,100,16079.948791
10293.874,100,16079.948815
10235.242,100,16079.948832
10247.166,100,16079.948846
10003.894,100,16079.948858
10826.105,100,16079.948871
10371.777,100,16079.948884
10399.887,100,16079.948896
10283.618,100,16079.948909
10491.896,100,16081.507184
10077.672,100,16081.507344
10189.158,100,16081.507365
10148.857,100,16081.50738
9840.001,100,16081.507394
10663.7295,100,16081.507408
10382.328,100,16081.507422
10475.738,100,16081.507436
10255.591,100,16081.507448
10687.669,100,16081.507462
10780.527,100,16148.741832
10258.389,100,16148.74197
10194.398,100,16148.741994
10297.056,100,16148.742009
10644.706,100,16148.742021
9987.803,100,16148.742034
10046.004,100,16148.742046
10542.544,100,16148.742058
10618.449,100,16148.742069
10736.056,100,16148.742081
10781.317,100,16149.634547
10056.32,100,16149.634725
10746.45,100,16149.634752
10343.99,100,16149.634778
9863.676,100,16149.634791
10347.921,100,16149.634804
10239.1455,100,16149.634818
10565.72,100,16149.634832
10718.891,100,16149.634845
10363.612,100,16149.634858
10368.204,100,16150.829959
9842.439,100,16150.83036
10410.784,100,16150.830601
9851.97,100,16150.830828
10232.171,100,16150.83088
10272.609,100,16150.830913
10213.845,100,16150.830942
10643.202,100,16150.83097
10080.487,100,16150.830998
10797.065,100,16150.831026
10462.857,100,16152.201866
10378.203,100,16152.202053
10722.721,100,16152.202096
10583.9795,100,16152.202127
10513.747,100,16152.202154
10556.052,100,16152.202186
9962.264,100,16152.202212
9995.946,100,16152.202238
10565.729,100,16152.202263
10341.552,100,16152.202289
10798.257,100,16153.189897
10508.221,100,16153.190056
11058.744,100,16153.190082
10221.845,100,16153.190098
9883.802,100,16153.190112
10251.347,100,16153.190126
10357.379,100,16153.19014
10649.678,100,16153.190155
10392.8125,100,16153.190168
10319.02,100,16153.190182
10645.384,100,16154.23566
10612.11,100,16154.235814
10463.339,100,16154.235842
10719.383,100,16154.235858
10346.116,100,16154.235873
10427.558,100,16154.235886
10106.481,100,16154.2359
9881.765,100,16154.235913
10250.558,100,16154.235926
10628.021,100,16154.235939
10749.19,100,16222.087435
10390.729,100,16222.087591
10168.974,100,16222.087615
10425.363,100,16222.087629
10300.405,100,16222.087641
10398.351,100,16222.087653
9974.772,100,16222.087666
10370.471,100,16222.087679
10704.441,100,16222.087691
10024.139,100,16222.087703
10538.514,100,16223.015994
10297.39,100,16223.016142
10143.881,100,16223.016166
10835.614,100,16223.016182
10225.11,100,16223.016195
10389.692,100,16223.016208
10336.58,100,16223.016222
10181.343,100,16223.016235
9672.963,100,16223.016249
10369.259,100,16223.016263
9962.481,100,16223.972281
10611.492,100,16223.972425
10628.107,100,16223.972449
10479.953,100,16223.972464
10492.148,100,16223.972477
10135.174,100,16223.97249
10505.899,100,16223.972504
9922.002,100,16223.972517
9803.082,100,16223.97253
10811.79,100,16223.972544
10357.838,100,16224.99187
10322.025,100,16224.992003
10340.295,100,16224.992026
10573.316,100,16224.992041
10073.981,100,16224.992055
10649.6,100,16224.992068
10146.258,100,16224.992081
10607.862,100,16224.992095
10478.722,100,16224.992108
10469.437,100,16224.992121
10252.687,100,16226.260088
10384.105,100,16226.260456
10157.339,100,16226.260565
10403.808,100,16226.260583
10677.342,100,16226.260598
10551.068,100,16226.260612
10258.71,100,16226.260626
10521.515,100,16226.260641
10550.95,100,16226.260654
10499.02,100,16226.260669
9843.781,100,16289.063585
9922.718,100,16289.063796
10430.88,100,16289.063843
10079.066,100,16289.06386
9972.574,100,16289.063875
10145.598,100,16289.063889
10181.937,100,16289.063902
10162.421,100,16289.063915
9966.424,100,16289.063928
10263.391,100,16289.063941
10363.819,100,16289.9142
10211.157,100,16289.914336
9927.391,100,16289.914361
10461.969,100,16289.914378
10460.612,100,16289.914392
10683.675,100,16289.914405
10219.822,100,16289.914418
9941.091,100,16289.914432
10894.526,100,16289.914445
10468.281,100,16289.914458
10734.7295,100,16290.793312
10767.659,100,16290.793445
10491.934,100,16290.793469
10116.377,100,16290.793484
10251.12,100,16290.793498
10526.896,100,16290.793512
10707.632,100,16290.793526
10224.702,100,16290.793539
9843.166,100,16290.793553
10336.907,100,16290.793568
10297.449,100,16291.736214
10370.594,100,16291.736384
10181.414,100,16291.736408
10506.372,100,16291.736423
9739.813,100,16291.736436
10909.422,100,16291.73645
10689.306,100,16291.736463
10464.909,100,16291.736477
10057.753,100,16291.73649
10253.902,100,16291.736503
10848.535,100,16293.423016
10215.087,100,16293.423177
10734.953,100,16293.42322
10209.883,100,16293.423252
10802.433,100,16293.42328
10428.844,100,16293.423307
10274.912,100,16293.423335
10036.928,100,16293.423364
10549.838,100,16293.42339
10280.392,100,16293.423417
9866.423,100,16357.492299
10753.826,100,16357.492471
10322.867,100,16357.492498
10291.287,100,16357.492513
10872.652,100,16357.492527
10225.849,100,16357.49254
10070.291,100,16357.492555
10567.596,100,16357.492568
10483.202,100,16357.492582
10749.746,100,16357.492596
10340.7,100,16358.40393
10053.457,100,16358.404088
10894.173,100,16358.404112
9835.133,100,16358.404127
10117.303,100,16358.404142
10719.967,100,16358.404156
10713.508,100,16358.404169
10116.186,100,16358.404183
10069.078,100,16358.404197
10255.595,100,16358.40421
10870.85,100,16359.3109
10340.575,100,16359.311048
9845.142,100,16359.311072
10459.004,100,16359.311088
9667.078,100,16359.311101
10367.876,100,16359.311115
10262.328,100,16359.311128
10671.656,100,16359.311206
10184.813,100,16359.311221
10439.111,100,16359.311236
9995.071,100,16360.3193
10055.169,100,16360.319443
10020.1,100,16360.319466
10260.477,100,16360.319481
9830.912,100,16360.319494
9784.224,100,16360.319508
10593.979,100,16360.319522
10414.332,100,16360.319536
10300.289,100,16360.319549
10036.709,100,16360.319563
10307.307,100,16361.407499
10517.073,100,16361.40766
10014.301,100,16361.4077
10313.251,100,16361.40773
10599.658,100,16361.407757
10066.799,100,16361.407798
10433.232,100,16361.407824
10688.073,100,16361.407852
9896.091,100,16361.407877
10494.93,100,16361.407902
10245.984,100,16428.0618
10309.031,100,16428.06195
10616.728,100,16428.061976
10206.497,100,16428.06199
10742.434,100,16428.062003
10354.926,100,16428.062016
10148.3545,100,16428.062029
10538.962,100,16428.062043
10154.327,100,16428.062055
10183.552,100,16428.062068
10012.915,100,16428.947084
10352.67,100,16428.947275
10490.41,100,16428.9473
10423.196,100,16428.947315
10344.249,100,16428.94733
10296.51,100,16428.947343
10546.791,100,16428.947358
10078.795,100,16428.947371
10357.092,100,16428.947386
10548.727,100,16428.947399
10597.45,100,16447.484791
9913.484,100,16447.484942
10292.89,100,16447.484969
10441.561,100,16447.484987
10233.924,100,16447.485003
10404.922,100,16447.485019
9932.627,100,16447.485034
10167.994,100,16447.485048
10161.86,100,16447.485063
10478.91,100,16447.485079
10821.111,100,16448.470845
10407.653,100,16448.47102
10529.65,100,16448.471044
10433.606,100,16448.471064
10471.445,100,16448.471078
10336.792,100,16448.471092
10255.961,100,16448.471106
10633.581,100,16448.471119
10262.731,100,16448.471133
10170.726,100,16448.471147
10043.518,100,16449.359371
10095.465,100,16449.35954
10196.432,100,16449.359563
10050.21,100,16449.35958
10084.278,100,16449.359595
10607.073,100,16449.359608
10690.652,100,16449.359622
10200.765,100,16449.359636
10452.128,100,16449.35965
10174.001,100,16449.359664
9629.41,100,16519.455781
10020.065,100,16519.456649
10162.208,100,16519.456717
9941.61,100,16519.456733
10919.409,100,16519.456748
10253.024,100,16519.456802
9985.043,100,16519.456816
10216.596,100,16519.456829
10335.62,100,16519.456842
10179.191,100,16519.456854
10424.685,100,16520.290023
9919.711,100,16520.290165
10469.746,100,16520.290191
10439.085,100,16520.290208
10190.504,100,16520.290222
10460.221,100,16520.290236
10115.216,100,16520.290251
10348.781,100,16520.290264
10418.464,100,16520.290278
10100.31,100,16520.290293
10580.9795,100,16521.377192
10519.661,100,16521.377357
10608.969,100,16521.377381
10204.349,100,16521.377397
10474.228,100,16521.37741
10387.215,100,16521.377424
10431.332,100,16521.377437
10277.119,100,16521.37745
10552.727,100,16521.377463
10671.282,100,16521.377476
10158.467,100,16522.391859
10243.327,100,16522.392481
10513.833,100,16522.392652
10367.899,100,16522.392677
10077.547,100,16522.392693
10148.887,100,16522.392708
10180.107,100,16522.392722
10408.61,100,16522.392736
10058.336,100,16522.39275
10242.762,100,16522.392775
10149.43,100,16523.468596
10597.32,100,16523.468796
10402.039,100,16523.46882
10522.76,100,16523.468837
10599.348,100,16523.468851
9956.027,100,16523.468865
10522.472,100,16523.468879
10041.248,100,16523.468893
10193.935,100,16523.468907
10309.403,100,16523.46892
9812.921,100,16587.614253
9739.492,100,16587.61527
9515.858,100,16587.615386
9849.974,100,16587.615424
10500.52,100,16587.615455
10165.108,100,16587.615484
9810.873,100,16587.615513
10201.914,100,16587.615541
9693.039,100,16587.615569
10098.778,100,16587.615596
10258.735,100,16590.311809
10170.829,100,16590.311994
10416.81,100,16590.31202
10203.858,100,16590.312034
9937.16,100,16590.312049
10155.791,100,16590.312062
10267.058,100,16590.312075
10874.545,100,16590.31209
10261.799,100,16590.312103
10474.791,100,16590.312116
10003.228,100,16591.975838
9863.082,100,16591.976208
10229.1045,100,16591.976334
10251.672,100,16591.976416
10109.186,100,16591.976432
10261.571,100,16591.976446
10304.257,100,16591.97646
10055.312,100,16591.976475
10302.605,100,16591.976489
10332.201,100,16591.976502
10188.665,100,16593.15191
10277.79,100,16593.152101
10337.755,100,16593.152129
10177.253,100,16593.152146
10044.165,100,16593.15216
9991.192,100,16593.152174
10923.318,100,16593.152189
10424.12,100,16593.152203
10046.703,100,16593.152216
10639.709,100,16593.15223
10514.385,100,16594.399892
10649.083,100,16594.40004
10065.166,100,16594.400066
9906.977,100,16594.400083
9973.736,100,16594.400099
10711.507,100,16594.400114
10436.688,100,16594.400128
10448.845,100,16594.400144
10310.915,100,16594.400158
10649.973,100,16594.400172
10139.08,100,16668.573106
10593.602,100,16668.573264
10563.288,100,16668.573306
10190.211,100,16668.573334
10369.7,100,16668.573359
10638.1045,100,16668.573382
10396.669,100,16668.573406
10101.082,100,16668.573429
10235.441,100,16668.573456
10039.436,100,16668.573479
10633.643,100,16669.585806
10358.145,100,16669.58596
10356.593,100,16669.585984
10413.525,100,16669.586
10690.995,100,16669.586015
10254.913,100,16669.586028
10818.303,100,16669.586042
10144.105,100,16669.586055
9839.655,100,16669.586068
10214.715,100,16669.586082
9997.852,100,16671.016836
10084.159,100,16671.016985
10296.793,100,16671.017008
10564.77,100,16671.017024
10633.28,100,16671.017038
10017.344,100,16671.017051
10005.883,100,16671.017065
10406.633,100,16671.017078
10201.539,100,16671.017092
9699.649,100,16671.017105
10023.911,100,16672.694981
10064.132,100,16672.69574
10093.654,100,16672.695887
10263.802,100,16672.695911
10621.177,100,16672.695926
10496.618,100,16672.695942
9942.6045,100,16672.695956
10686.348,100,16672.695972
10260.04,100,16672.695987
10193.129,100,16672.696002
9823.71,100,16674.673882
10639.3545,100,16674.674041
10327.933,100,16674.674066
9935.665,100,16674.674083
10223.589,100,16674.674098
10281.716,100,16674.674111
10529.4795,100,16674.674125
10730.337,100,16674.674139
10379.09,100,16674.674173
9896.758,100,16674.674208
10408.738,100,16741.43399
10610.414,100,16741.434136
10172.694,100,16741.434163
10261.782,100,16741.434177
10083.079,100,16741.434189
10449.582,100,16741.434201
10395.528,100,16741.434213
10102.115,100,16741.434225
10068.883,100,16741.434237
10342.339,100,16741.434249
10292.041,100,16742.312193
10046.077,100,16742.31233
10507.771,100,16742.312357
10438.971,100,16742.312372
10473.717,100,16742.312386
9845.366,100,16742.3124
9956.112,100,16742.312415
10250.73,100,16742.312429
9993.833,100,16742.312443
10746.557,100,16742.312456
10517.833,100,16743.458249
10295.397,100,16743.458403
10234.882,100,16743.458426
10245.043,100,16743.458444
10662.657,100,16743.458458
10416.878,100,16743.458472
10432.569,100,16743.458485
10648.849,100,16743.458498
9966.24,100,16743.458512
10313.763,100,16743.458526
10379.24,100,16744.691354
10479.074,100,16744.691514
10416.1875,100,16744.691554
10092.649,100,16744.691586
10432.241,100,16744.691614
10061.744,100,16744.691639
10158.03,100,16744.691667
10791.179,100,16744.691693
10203.641,100,16744.69172
10321.541,100,16744.691745
10289.763,100,16746.250968
10264.449,100,16746.251401
10189.394,100,16746.251467
10205.066,100,16746.251498
10015.327,100,16746.251524
10365.13,100,16746.251549
10138.408,100,16746.251574
10397.227,100,16746.251599
9947.435,100,16746.251623
10443.546,100,16746.251648
10337.486,100,16747.951636
10612.072,100,16747.951794
9960.092,100,16747.951818
10715.899,100,16747.951833
10572.909,100,16747.951845
9918.651,100,16747.951858
10113.855,100,16747.95187
10354.19,100,16747.951883
10339.347,100,16747.951895
10511.897,100,16747.951907
10587.521,100,16812.938843
10608.987,100,16812.938968
10490.219,100,16812.938996
9757.886,100,16812.939012
10347.343,100,16812.939026
10115.348,100,16812.93904
9844.155,100,16812.939054
10885.303,100,16812.939068
10492.507,100,16812.939082
9736.792,100,16812.939095
10324.765,100,16813.84639
10475.062,100,16813.846525
10410.575,100,16813.846547
10359.725,100,16813.846562
9936.52,100,16813.846576
10428.33,100,16813.846589
10094.27,100,16813.846602
10505.7705,100,16813.846616
9994.21,100,16813.84663
10274.822,100,16813.846644
10429.539,100,16814.749892
10528.421,100,16814.750047
11219.85,100,16814.750072
10410.357,100,16814.750089
10880.482,100,16814.750103
10337.108,100,16814.750118
10689.382,100,16814.750131
10096.571,100,16814.750145
10383.602,100,16814.750159
10800.1455,100,16814.750172
9409.559,100,16815.640604
10113.96,100,16815.640748
10276.127,100,16815.640812
9754.007,100,16815.640829
10300.12,100,16815.640843
10028.173,100,16815.640857
10793.573,100,16815.640871
10386.744,100,16815.640885
10201.25,100,16815.640898
10136.221,100,16815.640913
9818.912,100,16817.327864
10413.98,100,16817.328005
10622.196,100,16817.32803
9893.964,100,16817.328047
10107.295,100,16817.328062
9916.917,100,16817.328077
9830.4,100,16817.328092
9963.78,100,16817.328106
10268.815,100,16817.32812
10201.941,100,16817.328135
10399.511,100,16880.672159
10014.889,100,16880.672307
10494.016,100,16880.672332
10537.672,100,16880.672348
10584.0625,100,16880.672363
9688.032,100,16880.672377
9971.504,100,16880.672392
10418.206,100,16880.672406
10496.767,100,16880.672419
10329.704,100,16880.672433
10402.63,100,16881.550159
10028.187,100,16881.550301
10329.152,100,16881.550324
10497.015,100,16881.55034
10357.91,100,16881.550354
9979.123,100,16881.550369
9908.915,100,16881.550383
10435.605,100,16881.550396
10473.721,100,16881.55041
10248.171,100,16881.550423
10259.691,100,16883.203094
10154.057,100,16883.203904
9996.49,100,16883.204213
10856.105,100,16883.204349
9670.925,100,16883.204454
10021.172,100,16883.206277
9680.226,100,16883.206576
10168.055,100,16883.206699
10466.441,100,16883.20681
9967.602,100,16883.20691
10682.993,100,16885.404812
10502.642,100,16885.404969
10257.12,100,16885.404994
9918.035,100,16885.405011
10275.444,100,16885.405026
10490.334,100,16885.405041
9962.651,100,16885.405056
10246.418,100,16885.405091
9875.395,100,16885.405126
10043.383,100,16885.405141
10244.13,100,16888.054163
9885.134,100,16888.054331
10228.918,100,16888.054355
10462.452,100,16888.05437
10371.978,100,16888.054384
10371.514,100,16888.054397
10274.439,100,16888.054412
10047.289,100,16888.054425
10221.574,100,16888.054438
10161.845,100,16888.054452
10055.447,100,16955.36291
10397.397,100,16955.363092
10809.471,100,16955.36312
10446.75,100,16955.363134
10031.872,100,16955.363147
10310.277,100,16955.36316
10302.124,100,16955.363173
9948.475,100,16955.363186
10119.6455,100,16955.363199
10444.413,100,16955.363212
10200.252,100,16957.414469
9947.75,100,16957.414647
10510.733,100,16957.414676
10414.168,100,16957.414693
10268.222,100,16957.414707
10746.501,100,16957.414721
10143.82,100,16957.414736
9763.516,100,16957.414749
10692.053,100,16957.414799
10000.197,100,16957.414813
9953.233,100,16958.602731
10218.427,100,16958.602879
10585.74,100,16958.602904
10407.586,100,16958.602919
10380.0625,100,16958.602932
10154.825,100,16958.602945
10243.393,100,16958.602958
9402.554,100,16958.602971
10401.35,100,16958.602984
10251.391,100,16958.602997
9865.789,100,16959.679164
9926.774,100,16959.679329
10174.508,100,16959.679352
10505.666,100,16959.679367
9783.017,100,16959.679381
10175.065,100,16959.679394
10512.11,100,16959.679407
10233.248,100,16959.67942
10406.537,100,16959.679434
10130.3955,100,16959.679446
10525.907,100,16960.746395
10044.427,100,16960.746541
10420.36,100,16960.746564
10419.601,100,16960.74658
10525.254,100,16960.746593
9574.446,100,16960.746607
10779.315,100,16960.74662
10188.206,100,16960.746633
10463.82,100,16960.746646
10012.064,100,16960.746659
10359.558,100,17025.518943
10187.539,100,17025.519113
10675.403,100,17025.51914
10239.375,100,17025.519155
10096.785,100,17025.519168
9995.687,100,17025.519181
10403.886,100,17025.519194
10010.565,100,17025.519207
10008.394,100,17025.51922
10249.936,100,17025.519233
10354.795,100,17028.482738
10691.164,100,17028.4829
10393.098,100,17028.482922
10446.961,100,17028.482934
10451.107,100,17028.482946
10431.251,100,17028.482957
10523.495,100,17028.482968
10169.722,100,17028.482983
10085.965,100,17028.482994
10442.609,100,17028.483005
10272.951,100,17029.377254
10746.14,100,17029.377657
9795.999,100,17029.377801
10381.034,100,17029.377886
10449.515,100,17029.377982
10226.104,100,17029.37807
10434.511,100,17029.378153
10633.684,100,17029.378169
10296.095,100,17029.378183
10244.921,100,17029.378197
9856.585,100,17030.31775
10150.229,100,17030.317925
10349.006,100,17030.317951
10297.1045,100,17030.317966
10784.763,100,17030.31798
10808.581,100,17030.317995
10577.971,100,17030.31801
10094.865,100,17030.318025
10415.188,100,17030.318039
10410.091,100,17030.318053
10591.777,100,17031.718939
10460.236,100,17031.719074
10117.215,100,17031.719096
10227.99,100,17031.719112
10373.9375,100,17031.719127
10067.301,100,17031.71914
10106.738,100,17031.719154
10173.498,100,17031.719167
10573.203,100,17031.719181
10284.677,100,17031.719194
10747.735,100,17099.26408
10009.759,100,17099.264799
9810.332,100,17099.264957
9829.941,100,17099.264983
10466.732,100,17099.265
10554.536,100,17099.265016
10016.4795,100,17099.265046
10178.35,100,17099.265063
9928.781,100,17099.265077
10431.053,100,17099.265092
9786.756,100,17100.17485
10308.417,100,17100.174991
10146.067,100,17100.175015
10408.362,100,17100.175031
10370.125,100,17100.175045
10517.138,100,17100.175058
10417.71,100,17100.175071
9978.9375,100,17100.175084
10191.316,100,17100.175097
9975.404,100,17100.175111
10375.806,100,17101.128884
10805.518,100,17101.129065
10231.435,100,17101.129088
10658.08,100,17101.129104
10004.64,100,17101.129119
9885.426,100,17101.129133
10378.8,100,17101.129147
10344.35,100,17101.129162
10397.667,100,17101.129176
10146.412,100,17101.12919
10574.772,100,17102.055264
10796.711,100,17102.055442
10570.642,100,17102.055466
10116.616,100,17102.055483
10736.816,100,17102.055497
10442.906,100,17102.055533
10553.786,100,17102.055563
10210.685,100,17102.055578
10038.618,100,17102.055592
10489.294,100,17102.055607
9842.098,100,17103.920681
10624.012,100,17103.920844
10306.094,100,17103.920873
10254.875,100,17103.920888
10223.4795,100,17103.920902
10524.3,100,17103.920917
10472.009,100,17103.920931
10343.006,100,17103.920946
10637.549,100,17103.920959
9880.926,100,17103.920973
10324.064,100,17163.608181
10191.288,100,17163.609054
9672.364,100,17163.609214
10010.397,100,17163.609237
10313.4375,100,17163.609252
10482.584,100,17163.609267
9880.531,100,17163.609281
10455.197,100,17163.609295
10502.765,100,17163.609309
10473.7295,100,17163.609323
10439.745,100,17188.61745
10169.177,100,17188.617679
10130.831,100,17188.617734
10241.904,100,17188.617787
10242.943,100,17188.617816
10191.576,100,17188.617844
10238.769,100,17188.61787
10075.259,100,17188.617898
9814.992,100,17188.617923
10216.3545,100,17188.617949
10090.479,100,17189.6581
10830.091,100,17189.658279
10381.686,100,17189.658305
10018.426,100,17189.65832
10153.663,100,17189.658333
10119.151,100,17189.658347
10248.176,100,17189.65836
10156.528,100,17189.658373
9972.325,100,17189.658387
10803.436,100,17189.658401
10400.406,100,17190.659086
10243.758,100,17190.659264
10497.472,100,17190.659287
10308.385,100,17190.659304
10026.425,100,17190.659318
10476.665,100,17190.659332
10417.433,100,17190.659345
10308.227,100,17190.65936
10316.14,100,17190.659374
10424.955,100,17190.659388
10200.687,100,17191.538055
10485.936,100,17191.538221
9887.988,100,17191.538246
9818.962,100,17191.538262
10131.195,100,17191.538277
10103.575,100,17191.538291
9822.706,100,17191.538305
10092.783,100,17191.538319
10349.239,100,17191.538332
10298.275,100,17191.538347
9958.867,100,17264.196666
10449.233,100,17264.197571
10213.437,100,17264.197726
10341.209,100,17264.197821
10122.696,100,17264.197898
10130.148,100,17264.197973
10575.936,100,17264.198048
10014.799,100,17264.198124
10026.205,100,17264.198199
10458.833,100,17264.198274
10037.285,100,17265.071083
9990.921,100,17265.071226
10254.123,100,17265.07125
10678.115,100,17265.071266
9890.317,100,17265.07128
10225.783,100,17265.071294
10390.803,100,17265.071308
10047.279,100,17265.071322
10703.056,100,17265.071336
10168.326,100,17265.071349
10217.184,100,17266.011518
10458.081,100,17266.011666
10241.197,100,17266.011704
10314.853,100,17266.011734
10240.213,100,17266.011778
10590.589,100,17266.011806
10285.22,100,17266.011836
10342.012,100,17266.011863
10471.967,100,17266.011889
10357.492,100,17266.011915
10265.12,100,17267.093477
10681.104,100,17267.093666
10224.595,100,17267.093692
10198.375,100,17267.093706
10483.799,100,17267.093721
10814.851,100,17267.093735
10015.462,100,17267.093749
10227.966,100,17267.093967
9916.954,100,17267.093988
10285.27,100,17267.094003
10383.334,100,17268.188746
10682.472,100,17268.188898
10353.713,100,17268.188921
10361.372,100,17268.188937
10971.077,100,17268.188951
10548.97,100,17268.188965
10017.934,100,17268.18898
10384.646,100,17268.188994
9977.328,100,17268.189008
10353.206,100,17268.189022
10347.459,100,17332.170023
10242.992,100,17332.170198
10357.527,100,17332.170243
10137.284,100,17332.170274
10295.535,100,17332.170302
11040.894,100,17332.170327
9812.199,100,17332.170354
10458.412,100,17332.170379
10502.466,100,17332.170403
10688.332,100,17332.170428
10602.837,100,17333.169829
10379.484,100,17333.169974
10392.176,100,17333.169999
10160.586,100,17333.170015
10105.696,100,17333.170031
9944.285,100,17333.170045
10350.553,100,17333.170233
10616.151,100,17333.170257
10306.003,100,17333.170271
10628.409,100,17333.170286
10154.677,100,17334.703944
10099.438,100,17334.704669
10352.371,100,17334.705004
10360.403,100,17334.705495
10867.965,100,17334.705563
10528.241,100,17334.705595
10046.771,100,17334.705623
10594.458,100,17334.70565
10670.7,100,17334.705677
9988.619,100,17334.705703
10787.511,100,17336.329744
10491.929,100,17336.329926
10057.43,100,17336.329978
10668.849,100,17336.330012
10168.213,100,17336.330026
10325.856,100,17336.330041
9831.673,100,17336.330055
10785.474,100,17336.33007
10530.6455,100,17336.330085
10414.437,100,17336.330099
10053.351,100,17337.501713
10511.633,100,17337.501893
10408.316,100,17337.501934
9991.975,100,17337.501963
10077.464,100,17337.501991
10596.425,100,17337.502016
10591.402,100,17337.502041
10542.45,100,17337.502066
10448.39,100,17337.502093
10149.339,100,17337.502118
10384.018,100,17401.591651
10135.894,100,17401.59181
10205.131,100,17401.591842
10608.628,100,17401.591856
10519.021,100,17401.591868
10530.166,100,17401.591879
10616.307,100,17401.591891
10471.311,100,17401.591903
9990.512,100,17401.591915
10180.121,100,17401.591927
10389.43,100,17402.711644
10370.875,100,17402.711807
10659.523,100,17402.711839
10212.856,100,17402.711856
9670.258,100,17402.711871
10212.792,100,17402.711886
10864.846,100,17402.7119
10523.047,100,17402.711915
10031.432,100,17402.71193
10217.619,100,17402.711944
10420.195,100,17403.732825
9902.323,100,17403.733201
10076.403,100,17403.733325
10189.368,100,17403.733416
10300.478,100,17403.733504
10127.386,100,17403.733592
10354.994,100,17403.733676
10780.52,100,17403.733771
10265.672,100,17403.733856
10390.267,100,17403.733939
9602.038,100,17404.701841
10406.204,100,17404.702218
9986.939,100,17404.702338
10498.298,100,17404.702428
10174.838,100,17404.702516
10571.678,100,17404.702602
10749.569,100,17404.702687
10317.789,100,17404.702783
10274.163,100,17404.702867
9992.123,100,17404.702941
10485.727,100,17406.142806
10099.608,100,17406.142953
10263.459,100,17406.142978
9930.115,100,17406.142992
10179.271,100,17406.143008
10819.688,100,17406.143022
10779.876,100,17406.143035
10350.101,100,17406.14305
10767.967,100,17406.143065
10429.193,100,17406.143078
10173.853,100,17407.536791
10386.605,100,17407.536935
10209.473,100,17407.536958
10513.724,100,17407.536972
9784.962,100,17407.536986
10746.843,100,17407.537
10349.096,100,17407.537014
10265.405,100,17407.537027
10113.398,100,17407.53704
10136.505,100,17407.537055
10649.804,100,17473.145135
10425.477,100,17473.145288
10320.606,100,17473.145315
10398.39,100,17473.145332
10320.401,100,17473.145347
10043.643,100,17473.145362
10404.515,100,17473.145377
10855.838,100,17473.145391
10565.298,100,17473.145406
10102.147,100,17473.14542
10106.608,100,17474.593328
10718.693,100,17474.593495
10130.307,100,17474.593538
10335.37,100,17474.593571
10084.286,100,17474.593601
10532.692,100,17474.593629
10860.133,100,17474.593658
10280.746,100,17474.593689
10212.884,100,17474.593717
11013.053,100,17474.593745
10584.372,100,17475.654104
10319.213,100,17475.654259
10433.845,100,17475.654282
10323.608,100,17475.654298
10666.736,100,17475.654312
10135.556,100,17475.654327
10329.555,100,17475.65434
10457.884,100,17475.654355
9880.435,100,17475.65437
10301.235,100,17475.654384
10419.432,100,17476.893561
10514.643,100,17476.8937
10175.359,100,17476.893725
10824.889,100,17476.893741
10521.955,100,17476.893755
10198.344,100,17476.893783
10556.581,100,17476.893797
10597.755,100,17476.89381
10353.471,100,17476.893824
9850.67,100,17476.893841
10309.552,100,17478.076019
10735.94,100,17478.076138
10397.9795,100,17478.076161
10220.23,100,17478.076179
10078.311,100,17478.076192
10252.934,100,17478.076206
10282.203,100,17478.076219
10963.996,100,17478.076232
10488.332,100,17478.076246
10801.192,100,17478.076259
10307.1045,100,17544.578605
10580.963,100,17544.578753
10086.954,100,17544.578804
9999.399,100,17544.57882
10428.054,100,17544.578833
10535.449,100,17544.578847
10265.7705,100,17544.57886
10206.134,100,17544.578874
10314.807,100,17544.578888
10498.56,100,17544.578901
10554.043,100,17545.399741
10898.566,100,17545.39991
10278.438,100,17545.399932
9939.826,100,17545.399947
10541.034,100,17545.399961
10625.345,100,17545.399975
10089.769,100,17545.399989
10091.125,100,17545.400002
10302.677,100,17545.400015
10380.049,100,17545.400028
10548.913,100,17547.162792
10519.909,100,17547.162943
10822.78,100,17547.162967
10673.391,100,17547.162983
10596.95,100,17547.162997
10006.658,100,17547.163011
10339.981,100,17547.163025
10358.642,100,17547.163039
10262.263,100,17547.163053
10741.405,100,17547.163067
10572.157,100,17548.127739
10671.829,100,17548.128072
10822.776,100,17548.128175
10389.16,100,17548.128192
10579.15,100,17548.128207
10286.279,100,17548.128221
10378.501,100,17548.128236
10715.897,100,17548.12825
10557.971,100,17548.128264
10102.708,100,17548.128278
10494.334,100,17549.220937
10519.136,100,17549.221075
10613.518,100,17549.221096
10642.39,100,17549.221111
10762.941,100,17549.221124
10019.107,100,17549.221138
10626.781,100,17549.221151
10645.56,100,17549.221164
10127.72,100,17549.221178
10728.745,100,17549.22119
9984.957,100,17613.541264
10825.906,100,17613.541409
10639.7,100,17613.541438
10556.441,100,17613.541454
10194.513,100,17613.541467
10428.761,100,17613.541481
10047.581,100,17613.541493
10459.481,100,17613.541507
10342.316,100,17613.54152
10821.246,100,17613.541533
10237.0625,100,17614.489632
10842.788,100,17614.489805
10658.96,100,17614.489833
10158.72,100,17614.489849
10605.733,100,17614.489863
10305.856,100,17614.489877
10075.161,100,17614.489891
10210.329,100,17614.489905
9959.883,100,17614.489919
10213.441,100,17614.489934
10081.01,100,17615.382846
10612.01,100,17615.383006
10796.357,100,17615.383031
10585.807,100,17615.383047
10273.701,100,17615.383061
9989.995,100,17615.383075
10092.828,100,17615.383089
10131.855,100,17615.383102
10510.903,100,17615.383117
10304.767,100,17615.38313
10384.637,100,17616.564835
10463.887,100,17616.56498
10285.758,100,17616.565007
10644.985,100,17616.565083
10503.568,100,17616.565101
9980.075,100,17616.565116
10423.686,100,17616.565131
10555.708,100,17616.565146
10272.135,100,17616.565161
10201.781,100,17616.565175
10475.313,100,17617.869261
10020.702,100,17617.869422
10267.358,100,17617.869462
10482.927,100,17617.869491
10301.761,100,17617.869518
10740.103,100,17617.869543
10443.499,100,17617.869567
10909.424,100,17617.869595
10260.19,100,17617.86962
10179.249,100,17617.869647
10405.733,100,17684.516106
9708.078,100,17684.516986
10679.776,100,17684.517049
10656.203,100,17684.517067
10479.262,100,17684.517089
10211.282,100,17684.517104
10059.576,100,17684.517118
10446.432,100,17684.517133
10374.622,100,17684.517146
10662.738,100,17684.51716
10235.512,100,17686.580833
10215.78,100,17686.58115
10503.395,100,17686.581194
10530.287,100,17686.581214
10759.941,100,17686.581229
10489.265,100,17686.581245
10633.908,100,17686.581261
10102.204,100,17686.581277
10362.804,100,17686.581293
10978.856,100,17686.581308
10514.199,100,17687.600953
10207.578,100,17687.60159
10621.496,100,17687.601745
10987.839,100,17687.601854
10465.039,100,17687.601941
10654.237,100,17687.602023
10476.885,100,17687.602104
10710.125,100,17687.602185
10008.514,100,17687.602267
10397.184,100,17687.602337
10724.543,100,17688.680028
10468.271,100,17688.680167
9842.443,100,17688.680192
10078.826,100,17688.680207
9878.486,100,17688.680222
10727.3545,100,17688.680235
10582.079,100,17688.680248
10296.321,100,17688.680262
10120.908,100,17688.680275
10746.904,100,17688.680288
10566.519,100,17689.600658
10106.018,100,17689.600796
10078.806,100,17689.600821
10355.96,100,17689.600836
10283.372,100,17689.600849
10635.779,100,17689.600862
10190.463,100,17689.600875
9989.975,100,17689.600888
10430.22,100,17689.600902
10573.646,100,17689.600915
10642.488,100,17754.572389
10827.111,100,17754.573035
10076.909,100,17754.573098
10571.826,100,17754.573116
10076.243,100,17754.57313
10805.962,100,17754.573145
10523.647,100,17754.57316
10522.676,100,17754.573174
10137.93,100,17754.573188
10794.444,100,17754.573201
10071.559,100,17755.526625
10315.621,100,17755.526809
10646.715,100,17755.52684
10776.199,100,17755.526858
10567.496,100,17755.526872
10093.946,100,17755.526887
10223.514,100,17755.526901
10619.279,100,17755.526916
10381.214,100,17755.526952
10212.304,100,17755.526985
10672.127,100,17756.563447
10262.013,100,17756.563586
10019.74,100,17756.563611
10368.371,100,17756.563628
10175.688,100,17756.563644
10809.47,100,17756.563659
10205.179,100,17756.563674
10704.319,100,17756.563689
9814.027,100,17756.563704
10372.06,100,17756.56372
10088.018,100,17757.645937
10353.774,100,17757.64608
10671.276,100,17757.646104
9711.696,100,17757.646118
10678.383,100,17757.646132
10423.338,100,17757.646146
10128.786,100,17757.646159
10639.552,100,17757.646173
10354.703,100,17757.646186
10623.651,100,17757.646199
9905.04,100,17758.84987
10271.029,100,17758.850045
10726.503,100,17758.85007
10402.546,100,17758.850087
10380.325,100,17758.850101
10381.738,100,17758.850114
9814.158,100,17758.850128
10268.401,100,17758.850141
10545.763,100,17758.850154
10554.842,100,17758.850169
10753.972,100,17824.507411
11044.636,100,17824.507561
10304.987,100,17824.507588
10156.549,100,17824.507603
10058.323,100,17824.507616
10324.288,100,17824.507629
10213.199,100,17824.507643
10665.561,100,17824.507656
10454.745,100,17824.50767
10268.046,100,17824.507683
10607.734,100,17825.400476
10417.697,100,17825.400872
10223.127,100,17825.401054
10334.223,100,17825.40141
10502.999,100,17825.401443
10034.656,100,17825.401461
10303.229,100,17825.401475
10036.464,100,17825.40149
9926.145,100,17825.401506
10581.94,100,17825.401522
10397.511,100,17826.989269
10628.182,100,17826.98942
9820.968,100,17826.989444
10218.682,100,17826.98946
10438.785,100,17826.989475
10202.904,100,17826.989489
10626.75,100,17826.989504
10669.848,100,17826.989518
10411.825,100,17826.989532
10246.727,100,17826.989547
10335.921,100,17828.236873
10432.119,100,17828.23704
10711.107,100,17828.237064
10701.685,100,17828.237078
10650.441,100,17828.237093
10562.618,100,17828.237106
10451.483,100,17828.237153
10608.244,100,17828.237168
10633.256,100,17828.237183
10559.875,100,17828.237197
10417.623,100,17829.31029
10722.186,100,17829.310455
10662.117,100,17829.310497
10304.919,100,17829.310529
10559.748,100,17829.310558
10189.492,100,17829.310585
10143.797,100,17829.310612
10097.427,100,17829.31064
10539.521,100,17829.310668
10724.231,100,17829.310694
10295.863,100,17956.868659
9917.22,100,17956.868859
10141.92,100,17956.868904
10809.718,100,17956.86892
10609.677,100,17956.868935
10260.716,100,17956.868949
10875.376,100,17956.868963
10583.332,100,17956.868976
10680.069,100,17956.86899
10480.18,100,17956.869004
10335.273,100,17957.749037
10569.969,100,17957.749156
10628.463,100,17957.74918
10288.24,100,17957.749196
10287.729,100,17957.74921
10425.932,100,17957.749223
10068.019,100,17957.749236
10228.574,100,17957.74925
10032.863,100,17957.749263
10638.841,100,17957.749276
10029.673,100,17958.646311
10527.579,100,17958.646451
10733.004,100,17958.646474
10590.07,100,17958.64649
10611.391,100,17958.646505
10333.155,100,17958.646519
10478.833,100,17958.646533
10523.789,100,17958.646547
10477.7705,100,17958.646561
10136.257,100,17958.646575
10733.65,100,17959.676639
10660.731,100,17959.676792
10673.615,100,17959.67682
10763.738,100,17959.676835
10338.409,100,17959.67685
10560.693,100,17959.676864
10222.675,100,17959.676879
10160.926,100,17959.676892
10617.398,100,17959.676906
10401.725,100,17959.67692
10690.765,100,17961.195527
10724.487,100,17961.196321
10587.245,100,17961.196559
10937.196,100,17961.196664
10162.255,100,17961.196748
10490.153,100,17961.196876
10502.475,100,17961.196954
10751.39,100,17961.196969
10664.68,100,17961.196985
10562.343,100,17961.196999
10017.874,100,18029.79898
10842.733,100,18029.799151
10417.088,100,18029.799197
10536.538,100,18029.799231
10314.228,100,18029.79926
10509.596,100,18029.799289
10499.089,100,18029.799316
10584.098,100,18029.799343
10234.816,100,18029.799369
10403.47,100,18029.799395
10567.719,100,18030.80421
10201.073,100,18030.804363
10407.327,100,18030.804388
10129.681,100,18030.804404
10510.607,100,18030.804417
10340.355,100,18030.804431
10461.529,100,18030.804467
10282.068,100,18030.804502
10624.381,100,18030.804517
11207.204,100,18030.804531
10156.808,100,18031.892938
10600.296,100,18031.893082
10385.984,100,18031.893107
10641.504,100,18031.893123
10531.295,100,18031.893138
10618.965,100,18031.893152
10107.1875,100,18031.893165
10276.203,100,18031.89318
10580.837,100,18031.893195
10365.64,100,18031.893208
10325.452,100,18032.866449
10775.547,100,18032.86659
10666.743,100,18032.866612
10821.224,100,18032.866627
10477.069,100,18032.866641
10638.234,100,18032.866654
10394.778,100,18032.866667
10475.747,100,18032.86668
10344.966,100,18032.866693
10485.945,100,18032.866706
10889.677,100,18033.85815
10662.048,100,18033.858287
10873.183,100,18033.858309
10508.772,100,18033.858324
10444.761,100,18033.858337
10091.83,100,18033.858351
10507.688,100,18033.858364
10432.376,100,18033.858377
10277.551,100,18033.85839
10545.954,100,18033.858403
10273.559,100,18034.981352
10682.323,100,18034.981518
10663.715,100,18034.981541
10232.252,100,18034.981556
10352.709,100,18034.98157
10522.299,100,18034.981584
10754.4,100,18034.981597
10411.209,100,18034.981609
10689.954,100,18034.981622
10358.353,100,18034.981636
10230.304,100,18101.273852
10186.359,100,18101.274775
10361.894,100,18101.274849
10208.3955,100,18101.274869
10687.544,100,18101.274887
10349.734,100,18101.274904
9944.021,100,18101.274919
10758.266,100,18101.274936
9968.877,100,18101.274951
10559.8,100,18101.274966
10586.73,100,18103.6896
10595.602,100,18103.689938
10106.657,100,18103.689979
10585.178,100,18103.689996
10305.941,100,18103.690011
10424.799,100,18103.690025
10233.525,100,18103.69004
10392.845,100,18103.690055
10819.503,100,18103.690069
10499.98,100,18103.690084
10346.686,100,18104.716421
10294.168,100,18104.716596
10373.834,100,18104.716619
10531.585,100,18104.716633
9895.918,100,18104.716646
10387.982,100,18104.716659
10365.849,100,18104.716672
10583.433,100,18104.716686
10356.414,100,18104.7167
10330.314,100,18104.716714
10601.067,100,18105.64396
10738.102,100,18105.644307
10745.062,100,18105.644347
10175.109,100,18105.644365
10186.532,100,18105.644381
10389.903,100,18105.644395
10424.59,100,18105.644409
10765.189,100,18105.644424
10105.262,100,18105.644439
10087.86,100,18105.644453
10411.738,100,18107.413966
10447.992,100,18107.414128
10711.603,100,18107.41415
10724.61,100,18107.414164
10268.884,100,18107.414176
10118.02,100,18107.414188
10212.431,100,18107.414199
9886.624,100,18107.414211
10599.634,100,18107.414223
10496.413,100,18107.414234
10513.61,100,18169.906315
10514.454,100,18169.906479
10485.972,100,18169.906504
10097.865,100,18169.90652
10713.62,100,18169.906534
10694.69,100,18169.906547
10689.112,100,18169.90656
10456.182,100,18169.906573
10483.369,100,18169.906586
10228.805,100,18169.906599
10638.207,100,18171.035577
10254.995,100,18171.035721
10158.666,100,18171.035747
10464.259,100,18171.035774
10593.366,100,18171.035789
10783.983,100,18171.035802
10003.798,100,18171.035816
10492.309,100,18171.03583
10325.109,100,18171.035844
10743.052,100,18171.035858
10309.653,100,18172.750922
10458.802,100,18172.751078
10127.892,100,18172.75113
10612.435,100,18172.75115
10296.83,100,18172.751161
10332.8545,100,18172.751173
10754.625,100,18172.751184
10212.697,100,18172.751196
10421.221,100,18172.75121
10224.386,100,18172.751222
10795.068,100,18173.717814
10464.642,100,18173.717989
10554.651,100,18173.718015
10504.113,100,18173.718031
9944.588,100,18173.718044
9961.489,100,18173.718058
10511.923,100,18173.718071
10563.223,100,18173.718084
10446.672,100,18173.718097
10316.149,100,18173.71811
10303.278,100,18175.659928
10544.013,100,18175.660057
10526.007,100,18175.660079
10171.105,100,18175.660092
10056.842,100,18175.660104
10209.859,100,18175.660117
10461.012,100,18175.660129
9832.636,100,18175.66014
10440.921,100,18175.660153
10411.511,100,18175.660165
10360.142,100,18240.933642
10553.604,100,18240.93381
10757.649,100,18240.93384
10635.982,100,18240.933875
10534.317,100,18240.933913
10435.844,100,18240.933927
10563.186,100,18240.93394
10653.013,100,18240.933955
10464.247,100,18240.933968
10812.208,100,18240.933982
10571.622,100,18242.218814
10411.264,100,18242.218974
10299.077,100,18242.219
10777.834,100,18242.219016
10638.774,100,18242.21903
10566.803,100,18242.219043
9778.874,100,18242.219057
10213.459,100,18242.21907
10449.459,100,18242.219084
10380.002,100,18242.219097
10189.952,100,18243.264442
10190.932,100,18243.264591
10669.056,100,18243.264616
10474.372,100,18243.264632
10110.681,100,18243.264646
10850.081,100,18243.264659
9996.673,100,18243.264673
10388.432,100,18243.264688
10729.947,100,18243.264702
10324.028,100,18243.264716
10325.64,100,18244.226443
10566.603,100,18244.226921
10261.519,100,18244.227049
10070.566,100,18244.227134
10105.878,100,18244.227152
10506.271,100,18244.227166
10290.761,100,18244.22718
10141.547,100,18244.227195
10327.036,100,18244.227209
10241.832,100,18244.227223
10752.346,100,18245.76247
10464.842,100,18245.762622
10355.794,100,18245.762657
10364.434,100,18245.762683
10406.465,100,18245.762706
10375.461,100,18245.762728
9785.239,100,18245.76275
10787.006,100,18245.762784
10561.715,100,18245.762807
10456.797,100,18245.762829
10669.905,100,18317.208198
10410.407,100,18317.208343
10128.271,100,18317.20837
10428.725,100,18317.208386
10293.423,100,18317.2084
10802.976,100,18317.208413
10466.0,100,18317.208427
10328.97,100,18317.208441
10333.4375,100,18317.208454
10558.263,100,18317.208467
10332.163,100,18318.13384
10561.086,100,18318.134009
10824.799,100,18318.134034
10563.341,100,18318.134049
10367.947,100,18318.134064
10257.955,100,18318.134078
10500.865,100,18318.134092
10359.714,100,18318.134107
10185.248,100,18318.13412
10077.051,100,18318.134135
10521.621,100,18319.360454
9982.993,100,18319.360606
10317.204,100,18319.36063
10201.6455,100,18319.360643
10701.406,100,18319.360658
10446.043,100,18319.36067
10206.718,100,18319.360683
10430.411,100,18319.360696
10494.127,100,18319.360708
10420.19,100,18319.360721
10843.4375,100,18320.635137
10216.763,100,18320.63531
10689.656,100,18320.635333
10477.142,100,18320.635348
10466.061,100,18320.635361
10549.093,100,18320.635375
10278.903,100,18320.635388
10788.182,100,18320.635401
10207.518,100,18320.635414
10098.891,100,18320.635427
10417.88,100,18321.854269
9974.134,100,18321.854428
10281.992,100,18321.854453
10129.12,100,18321.854469
10484.985,100,18321.854484
10344.777,100,18321.854499
10271.738,100,18321.854514
10552.002,100,18321.854529
10863.0,100,18321.854543
10690.528,100,18321.854557
10423.523,100,18387.268176
11214.3,100,18387.268333
10632.26,100,18387.26836
10216.548,100,18387.268376
10330.302,100,18387.268389
11095.315,100,18387.268402
10863.078,100,18387.268416
10694.637,100,18387.268429
10793.445,100,18387.268442
10524.328,100,18387.268455
10655.046,100,18388.181529
10373.923,100,18388.181699
10173.868,100,18388.181723
10367.959,100,18388.181738
10423.74,100,18388.181752
10589.266,100,18388.18178
10180.999,100,18388.181793
10135.363,100,18388.181808
10772.261,100,18388.181821
10279.493,100,18388.181835
10608.647,100,18389.480435
10825.011,100,18389.480576
10024.734,100,18389.4806
10790.28,100,18389.480615
10444.582,100,18389.480628
10462.595,100,18389.480641
10211.581,100,18389.480655
10216.362,100,18389.480669
10432.902,100,18389.480682
10722.393,100,18389.480695
10343.143,100,18390.516587
10044.436,100,18390.516992
10671.458,100,18390.517112
9829.905,100,18390.517189
10415.264,100,18390.517205
10728.059,100,18390.51722
10540.643,100,18390.517234
10536.012,100,18390.517247
10737.138,100,18390.517262
10435.919,100,18390.517275
10606.029,100,18391.45128
10533.09,100,18391.451463
10668.409,100,18391.451498
10406.271,100,18391.451514
10298.726,100,18391.451529
10729.526,100,18391.451543
10244.299,100,18391.451557
10661.939,100,18391.451571
10646.664,100,18391.451585
10436.235,100,18391.451599
10902.81,100,18455.465159
10189.077,100,18455.46533
10228.187,100,18455.465378
10425.818,100,18455.465396
10758.182,100,18455.465412
10216.678,100,18455.465427
10837.724,100,18455.465441
10123.604,100,18455.465457
10226.785,100,18455.465472
10960.522,100,18455.465487
10334.677,100,18457.128771
10638.112,100,18457.128914
10993.891,100,18457.128939
10493.298,100,18457.128956
10865.807,100,18457.12897
10659.962,100,18457.128984
10377.303,100,18457.128998
10919.138,100,18457.129012
10747.436,100,18457.129026
10593.031,100,18457.129039
10462.588,100,18458.082339
10300.732,100,18458.082524
10735.942,100,18458.082551
10198.361,100,18458.082568
10677.565,100,18458.082582
10434.928,100,18458.082595
10340.008,100,18458.082609
10605.768,100,18458.082623
10009.347,100,18458.082638
10433.833,100,18458.082652
10694.6455,100,18459.008558
10566.593,100,18459.008706
10435.079,100,18459.00873
10491.843,100,18459.008747
10840.252,100,18459.008773
10329.265,100,18459.008788
9930.097,100,18459.008802
10441.215,100,18459.008816
10711.736,100,18459.00883
10331.296,100,18459.008844
10332.994,100,18459.942051
10832.151,100,18459.942219
9858.782,100,18459.942244
10853.87,100,18459.942259
10488.361,100,18459.942273
10465.888,100,18459.942288
10470.031,100,18459.942302
10551.968,100,18459.942317
11003.008,100,18459.942331
10585.695,100,18459.942345
10366.832,100,18533.609978
10091.881,100,18533.610136
10641.806,100,18533.610186
10701.169,100,18533.610216
10730.781,100,18533.610243
10210.925,100,18533.610268
10648.466,100,18533.610292
10792.546,100,18533.610316
10731.159,100,18533.610339
10410.747,100,18533.610362
10087.779,100,18534.686798
10436.278,100,18534.686982
10528.219,100,18534.687006
10696.209,100,18534.687022
10105.452,100,18534.687035
10873.672,100,18534.687048
10014.812,100,18534.687062
10760.811,100,18534.687075
10619.181,100,18534.687088
10865.138,100,18534.687101
10780.529,100,18536.622896
10355.551,100,18536.62306
10696.486,100,18536.623097
10840.423,100,18536.623124
10604.663,100,18536.623149
9888.21,100,18536.623173
10115.279,100,18536.623197
10318.261,100,18536.623221
10289.278,100,18536.623243
10411.831,100,18536.623266
10543.748,100,18538.136798
10134.3955,100,18538.137535
10170.227,100,18538.137693
10276.093,100,18538.137784
10469.265,100,18538.1378
10564.325,100,18538.137815
10705.06,100,18538.137828
10002.599,100,18538.137841
10835.507,100,18538.137854
10764.288,100,18538.137867
10516.504,100,18539.106945
10223.479,100,18539.107646
10250.811,100,18539.107842
10336.778,100,18539.107931
10516.643,100,18539.107949
10449.399,100,18539.107965
10483.288,100,18539.107979
10268.107,100,18539.107993
10278.03,100,18539.108008
10663.681,100,18539.108137
10329.95,100,18602.635159
10406.467,100,18602.635322
10114.264,100,18602.635363
10812.945,100,18602.635392
10369.143,100,18602.635418
10535.763,100,18602.635443
10530.948,100,18602.635467
10385.57,100,18602.635492
10380.05,100,18602.635516
10608.04,100,18602.635539
10812.166,100,18603.514879
10560.893,100,18603.515035
10440.503,100,18603.51506
10514.68,100,18603.515077
10957.928,100,18603.515091
10306.627,100,18603.515106
9883.454,100,18603.515119
10743.657,100,18603.515134
10700.391,100,18603.515148
10335.646,100,18603.515166
10636.042,100,18605.198614
10757.34,100,18605.198788
10823.602,100,18605.198821
10533.705,100,18605.19884
10806.295,100,18605.198858
10314.471,100,18605.198874
10424.676,100,18605.19889
10989.538,100,18605.198907
10248.884,100,18605.198923
10384.982,100,18605.198943
10850.85,100,18608.691017
10567.543,100,18608.691426
10233.216,100,18608.691551
10665.58,100,18608.691646
10218.255,100,18608.691738
10297.015,100,18608.691846
10225.089,100,18608.691874
10901.748,100,18608.691896
10653.334,100,18608.691917
10393.79,100,18608.691938
10794.617,100,18633.91941
10432.649,100,18633.919564
10329.226,100,18633.919588
10119.869,100,18633.919603
10397.46,100,18633.919616
10806.355,100,18633.919629
10221.306,100,18633.919642
10931.061,100,18633.919656
10512.785,100,18633.919691
10172.734,100,18633.919724
10699.156,100,18634.953913
10236.848,100,18634.954059
10105.171,100,18634.954084
10031.201,100,18634.954099
10436.8,100,18634.954114
10282.8545,100,18634.954128
10269.105,100,18634.954143
10583.605,100,18634.954157
10698.874,100,18634.95417
10426.076,100,18634.954184
10425.012,100,18700.504197
10453.027,100,18700.504854
10586.392,100,18700.505002
10414.921,100,18700.505055
10610.337,100,18700.505072
10175.804,100,18700.505086
10385.411,100,18700.5051
10748.511,100,18700.505115
10591.2,100,18700.505129
9968.366,100,18700.505143
10214.042,100,18701.387491
10424.131,100,18701.387822
10744.027,100,18701.387941
10386.133,100,18701.388019
10722.305,100,18701.388036
10600.093,100,18701.388051
10623.397,100,18701.388066
10321.963,100,18701.388079
10810.809,100,18701.388093
10167.291,100,18701.388107
10550.724,100,18702.363069
10376.898,100,18702.363425
10556.822,100,18702.363529
10605.313,100,18702.363547
10410.465,100,18702.363562
10640.435,100,18702.363576
10411.546,100,18702.36359
10597.291,100,18702.363605
10447.899,100,18702.363619
9889.131,100,18702.363633
10438.109,100,18703.288998
9926.421,100,18703.289149
10420.973,100,18703.289173
9949.842,100,18703.289189
10730.44,100,18703.289203
10736.117,100,18703.289217
10599.382,100,18703.289231
10662.678,100,18703.289246
10904.972,100,18703.28926
10481.322,100,18703.289274
10169.019,100,18704.184333
10040.155,100,18704.184506
10555.439,100,18704.18453
10260.171,100,18704.184546
10602.816,100,18704.184561
10493.841,100,18704.184576
10250.1875,100,18704.18459
10420.864,100,18704.184604
10898.082,100,18704.184618
10133.685,100,18704.184631
10188.13,100,18768.795931
10429.816,100,18768.796079
10653.23,100,18768.796104
10537.481,100,18768.796119
10713.396,100,18768.796133
10633.882,100,18768.796146
10577.831,100,18768.79616
10259.904,100,18768.796173
10664.559,100,18768.796186
10303.211,100,18768.796199
10864.62,100,18769.681432
10653.049,100,18769.681604
10674.452,100,18769.681644
10246.677,100,18769.681669
9940.948,100,18769.681682
10248.838,100,18769.681696
10843.745,100,18769.68171
10664.34,100,18769.681724
10481.185,100,18769.681738
10597.397,100,18769.681751
10655.365,100,18770.619137
10477.851,100,18770.619279
10576.749,100,18770.619303
10045.817,100,18770.619318
9766.01,100,18770.619333
10425.939,100,18770.619347
10488.698,100,18770.619361
10591.518,100,18770.619375
9803.703,100,18770.619388
10748.761,100,18770.619401
10263.342,100,18771.574969
10424.45,100,18771.575145
10654.736,100,18771.575171
10068.29,100,18771.575187
10557.097,100,18771.575202
10410.102,100,18771.575216
10679.587,100,18771.57523
10336.202,100,18771.575244
10819.546,100,18771.575258
10747.012,100,18771.575271
10104.577,100,18775.046801
10526.207,100,18775.046991
10519.551,100,18775.047017
10326.019,100,18775.047034
10841.407,100,18775.047048
10644.724,100,18775.047062
10377.724,100,18775.047076
10744.621,100,18775.04709
10525.59,100,18775.047104
10606.502,100,18775.047118
10488.381,100,18840.060711
10770.201,100,18840.060869
10402.564,100,18840.060897
10284.232,100,18840.060912
10706.541,100,18840.060926
10237.853,100,18840.06094
10358.547,100,18840.060954
10833.217,100,18840.060969
10546.263,100,18840.060983
10764.98,100,18840.060997
10747.539,100,18841.365687
10663.318,100,18841.365874
10236.755,100,18841.365897
10298.576,100,18841.365913
10707.459,100,18841.365927
10296.427,100,18841.365942
10358.847,100,18841.365955
10963.56,100,18841.365969
10656.995,100,18841.365983
10344.729,100,18841.365997
10144.181,100,18842.370692
10561.013,100,18842.370844
10451.534,100,18842.370868
10529.377,100,18842.370883
10005.507,100,18842.370897
10813.779,100,18842.37091
10368.506,100,18842.370924
10440.633,100,18842.370939
10948.631,100,18842.370952
10691.462,100,18842.370966
10462.341,100,18843.30981
9950.7705,100,18843.309951
10570.237,100,18843.309976
10442.083,100,18843.309992
10653.412,100,18843.310006
10257.497,100,18843.31002
10770.224,100,18843.310056
10445.308,100,18843.310089
10239.014,100,18843.310103
10395.069,100,18843.310118
10347.672,100,18844.279042
10442.473,100,18844.279199
10225.552,100,18844.279222
10468.016,100,18844.279246
10638.7705,100,18844.27926
10323.511,100,18844.279275
10484.855,100,18844.279289
10499.433,100,18844.279303
10342.847,100,18844.279317
10588.839,100,18844.279331
10202.701,100,18907.689271
10431.165,100,18907.68942
10564.383,100,18907.689448
10336.875,100,18907.689464
10389.014,100,18907.689479
10390.934,100,18907.689492
10599.31,100,18907.689505
10616.438,100,18907.689519
10122.031,100,18907.689533
10750.215,100,18907.689545
10248.5625,100,18908.653297
10123.253,100,18908.653683
10665.624,100,18908.65373
10622.308,100,18908.653749
10679.746,100,18908.653775
10745.378,100,18908.65379
10419.38,100,18908.653805
10744.918,100,18908.65382
10269.858,100,18908.653834
10623.165,100,18908.653849
10113.84,100,18910.860028
10551.827,100,18910.860152
10568.685,100,18910.860173
10660.285,100,18910.860185
10456.207,100,18910.860196
10376.9795,100,18910.860205
10555.572,100,18910.860216
10526.117,100,18910.860226
10090.088,100,18910.860235
10776.15,100,18910.860245
10351.83,100,18911.786399
10706.812,100,18911.786542
10254.134,100,18911.786566
10309.518,100,18911.786581
9914.779,100,18911.786596
10272.583,100,18911.786609
10677.302,100,18911.786623
10774.052,100,18911.786636
10417.592,100,18911.786649
10214.734,100,18911.786662
10361.035,100,18912.705313
10370.152,100,18912.705445
10249.135,100,18912.705467
10433.449,100,18912.705482
10099.514,100,18912.705497
10740.804,100,18912.70551
10632.431,100,18912.705524
10542.09,100,18912.705537
10572.39,100,18912.70555
10565.797,100,18912.705563
10469.872,100,18976.268524
10093.71,100,18976.268664
10215.645,100,18976.268692
10600.206,100,18976.268708
10298.518,100,18976.268723
10400.113,100,18976.268737
10511.313,100,18976.268752
10134.397,100,18976.268778
10340.893,100,18976.268792
10329.375,100,18976.268806
10609.189,100,18977.3032
10274.551,100,18977.30334
10563.586,100,18977.303366
10691.664,100,18977.303381
10349.899,100,18977.303395
10560.684,100,18977.303415
10448.6045,100,18977.303429
10432.678,100,18977.303445
10240.833,100,18977.303459
10641.251,100,18977.303472
10400.251,100,18978.503278
10922.573,100,18978.503437
10115.354,100,18978.503462
10731.296,100,18978.503477
10471.237,100,18978.50349
10492.608,100,18978.503503
10856.275,100,18978.503517
10727.806,100,18978.503529
10717.669,100,18978.503543
10288.523,100,18978.503556
10394.011,100,18979.940425
10099.764,100,18979.940568
10568.251,100,18979.94059
10766.026,100,18979.940605
10535.229,100,18979.940617
10449.745,100,18979.94063
10507.173,100,18979.940643
11006.334,100,18979.940656
10850.53,100,18979.940669
10719.601,100,18979.940682
10719.904,100,18981.246301
10472.369,100,18981.246445
10065.257,100,18981.246468
10405.819,100,18981.246483
10599.406,100,18981.246495
10431.206,100,18981.246507
10649.815,100,18981.246521
10611.664,100,18981.246534
10291.699,100,18981.246547
10470.011,100,18981.246559
10578.381,100,19044.751379
10522.529,100,19044.752043
10509.76,100,19044.752187
10518.83,100,19044.752281
10570.483,100,19044.752364
10457.196,100,19044.752457
10694.026,100,19044.752538
10680.883,100,19044.75262
10598.711,100,19044.752701
10264.235,100,19044.752783
10251.826,100,19045.635457
10841.73,100,19045.635624
10603.167,100,19045.635649
10597.933,100,19045.635665
10403.417,100,19045.635679
10614.108,100,19045.635692
10373.921,100,19045.635706
10356.441,100,19045.63572
10102.63,100,19045.635734
10570.441,100,19045.635748
10398.072,100,19046.832922
10080.944,100,19046.833067
10423.454,100,19046.833092
10306.01,100,19046.833109
10590.979,100,19046.833124
10612.225,100,19046.833139
10674.562,100,19046.833153
10695.112,100,19046.833168
10479.567,100,19046.833182
10598.177,100,19046.833198
10472.078,100,19047.844874
10467.63,100,19047.845028
10286.57,100,19047.845052
10817.46,100,19047.845089
10091.084,100,19047.845122
10747.776,100,19047.845136
10482.678,100,19047.845149
10305.165,100,19047.845165
10553.979,100,19047.84518
10314.58,100,19047.845195
10828.066,100,19048.810181
10457.253,100,19048.810342
10640.156,100,19048.810366
10780.058,100,19048.81038
10560.233,100,19048.810394
10826.3125,100,19048.810408
10230.078,100,19048.810422
10663.256,100,19048.810435
10680.231,100,19048.810449
10723.117,100,19048.810462
10841.254,100,19119.551852
10911.905,100,19119.551994
10471.699,100,19119.55202
10156.823,100,19119.552036
10649.298,100,19119.552049
10363.937,100,19119.552063
10754.27,100,19119.552076
10563.729,100,19119.55209
10793.96,100,19119.552102
10298.497,100,19119.552116
10550.492,100,19120.693033
10229.984,100,19120.693202
10683.145,100,19120.693225
11131.835,100,19120.69324
10612.729,100,19120.693256
10545.492,100,19120.693269
10642.415,100,19120.693283
10769.861,100,19120.693297
10423.869,100,19120.693311
10313.452,100,19120.693324
10466.812,100,19121.758051
10729.407,100,19121.758195
10421.065,100,19121.758218
10471.506,100,19121.758233
10332.542,100,19121.758247
10350.384,100,19121.758261
10603.404,100,19121.758275
10445.002,100,19121.758288
10724.487,100,19121.758302
10225.562,100,19121.758316
10352.265,100,19122.665102
10299.563,100,19122.665264
10765.334,100,19122.665286
10833.689,100,19122.665301
10670.168,100,19122.665315
10789.87,100,19122.665328
9875.99,100,19122.665341
10673.935,100,19122.665356
10661.483,100,19122.665369
10833.288,100,19122.665383
10279.928,100,19123.575556
10573.624,100,19123.575696
10364.961,100,19123.575718
10630.215,100,19123.575733
10497.114,100,19123.575746
10711.799,100,19123.575777
10420.66,100,19123.57579
10241.383,100,19123.575804
10707.407,100,19123.575817
10143.528,100,19123.575831
10407.39,100,19187.723587
10433.537,100,19187.723755
10418.773,100,19187.723814
10419.198,100,19187.723846
10428.971,100,19187.723873
10664.0625,100,19187.723898
10833.174,100,19187.723923
10864.155,100,19187.723949
10195.995,100,19187.723974
10882.342,100,19187.723997
10542.343,100,19189.024174
10541.272,100,19189.024362
10368.903,100,19189.024386
9923.099,100,19189.024401
10443.618,100,19189.024416
10566.468,100,19189.024429
10915.058,100,19189.024441
10776.5625,100,19189.024454
10780.695,100,19189.024468
9883.042,100,19189.024481
10532.594,100,19190.079343
10379.276,100,19190.079483
10895.46,100,19190.079507
10617.266,100,19190.079523
10599.607,100,19190.079537
10269.5625,100,19190.079551
10657.617,100,19190.079565
10318.024,100,19190.079578
10602.38,100,19190.079592
10377.529,100,19190.079606
10624.81,100,19191.06661
10615.696,100,19191.066744
10619.12,100,19191.066788
10156.692,100,19191.066805
10682.954,100,19191.066819
10685.016,100,19191.066833
10705.801,100,19191.066848
10806.262,100,19191.066862
10011.534,100,19191.066876
10437.836,100,19191.066891
10696.771,100,19192.992714
10580.651,100,19192.992893
10629.366,100,19192.992926
10652.057,100,19192.992946
10586.915,100,19192.992964
10423.943,100,19192.992981
10371.16,100,19192.992999
10462.197,100,19192.993017
11122.983,100,19192.993034
10574.527,100,19192.993052
10522.145,100,19261.111939
10402.279,100,19261.1121
10437.506,100,19261.112143
10358.243,100,19261.112175
10659.574,100,19261.112202
10515.107,100,19261.112229
10578.976,100,19261.112254
10584.892,100,19261.112281
10402.627,100,19261.112306
10018.174,100,19261.11233
11009.79,100,19262.378236
10499.847,100,19262.378418
10446.249,100,19262.378443
10377.293,100,19262.378459
9996.224,100,19262.378474
10452.801,100,19262.378489
10370.6,100,19262.378503
10874.501,100,19262.378517
10542.329,100,19262.378531
10121.412,100,19262.378545
10683.082,100,19263.423044
10684.509,100,19263.423186
10520.38,100,19263.42321
10347.061,100,19263.423226
10456.29,100,19263.42324
10250.65,100,19263.423254
10568.93,100,19263.423269
10461.343,100,19263.423282
10430.28,100,19263.423296
10439.222,100,19263.423309
10230.291,100,19264.541948
10597.906,100,19264.542123
10104.666,100,19264.542182
9983.559,100,19264.542214
10450.932,100,19264.542242
10473.014,100,19264.542267
10441.954,100,19264.542291
10368.322,100,19264.542316
10363.452,100,19264.542341
10677.778,100,19264.542365
10553.682,100,19265.660048
10584.848,100,19265.660833
10732.824,100,19265.660951
10922.163,100,19265.660975
10524.166,100,19265.660991
10625.322,100,19265.661005
10298.519,100,19265.661019
10354.554,100,19265.661035
10678.317,100,19265.661049
10854.688,100,19265.661063
10370.477,100,19267.279616
10052.386,100,19267.279809
10942.1455,100,19267.279836
10504.678,100,19267.279851
10644.183,100,19267.279866
10884.364,100,19267.27988
10451.703,100,19267.279895
10669.31,100,19267.279909
10322.512,100,19267.279922
10687.416,100,19267.279936
10559.109,100,19333.155185
10353.752,100,19333.155334
10370.907,100,19333.155361
10416.536,100,19333.155376
10399.747,100,19333.155391
10534.162,100,19333.155405
10638.896,100,19333.155419
10421.748,100,19333.155433
10149.63,100,19333.155447
10984.858,100,19333.155461
10176.208,100,19334.10548
10682.036,100,19334.105622
10341.06,100,19334.105647
10196.703,100,19334.105662
10501.07,100,19334.105676
10696.75,100,19334.10569
10231.752,100,19334.105704
10686.333,100,19334.105719
10677.618,100,19334.105733
10213.283,100,19334.105747
10592.934,100,19363.3337
10414.296,100,19363.334089
10688.563,100,19363.334237
10304.394,100,19363.334342
10332.139,100,19363.334445
10407.513,100,19363.334537
10776.937,100,19363.334555
10558.112,100,19363.334571
10590.621,100,19363.334588
10633.202,100,19363.334604
10264.648,100,19365.166097
10633.783,100,19365.166244
10131.681,100,19365.166282
10425.952,100,19365.166311
10143.06,100,19365.166336
10313.926,100,19365.166361
11059.224,100,19365.166388
10450.375,100,19365.166412
10406.81,100,19365.166437
10436.163,100,19365.16646
10555.639,100,19366.217623
10561.689,100,19366.217819
10576.893,100,19366.217846
10229.143,100,19366.217863
10612.799,100,19366.217878
10567.98,100,19366.217892
10026.047,100,19366.217906
10223.593,100,19366.21792
10419.801,100,19366.217935
10390.231,100,19366.21795
10694.617,100,19428.30933
10385.186,100,19428.309475
10444.377,100,19428.309504
10726.439,100,19428.30952
10492.097,100,19428.309534
10678.193,100,19428.309548
10636.566,100,19428.309562
10603.034,100,19428.309576
10172.758,100,19428.30959
10808.775,100,19428.309603
10177.106,100,19430.318133
10399.33,100,19430.318308
10404.638,100,19430.318331
10630.715,100,19430.318348
10564.186,100,19430.318364
10518.014,100,19430.318377
10718.602,100,19430.31839
10619.07,100,19430.318405
10540.754,100,19430.318418
10867.61,100,19430.318432
10644.916,100,19431.379698
10278.043,100,19431.379849
10731.444,100,19431.379874
10725.585,100,19431.379889
10425.079,100,19431.379902
10458.099,100,19431.379915
10403.728,100,19431.379928
10267.448,100,19431.379941
9952.253,100,19431.379954
10895.959,100,19431.379967
10868.582,100,19433.522754
10658.442,100,19433.522933
10597.13,100,19433.522973
10483.066,100,19433.523001
10629.262,100,19433.523026
10382.822,100,19433.523051
10048.851,100,19433.523074
10732.198,100,19433.523098
10498.346,100,19433.52312
11007.271,100,19433.523143
10718.382,100,19434.912045
10664.418,100,19434.912723
10552.543,100,19434.912938
10075.598,100,19434.912982
10909.526,100,19434.913012
10798.738,100,19434.91304
10299.419,100,19434.913066
10848.188,100,19434.913093
10859.947,100,19434.913117
10527.242,100,19434.913141
10129.581,100,19499.646511
10429.7295,100,19499.646655
10690.914,100,19499.646681
10279.741,100,19499.646696
10246.774,100,19499.64671
10302.943,100,19499.646724
10362.874,100,19499.646738
10334.449,100,19499.646752
10537.729,100,19499.646805
10559.407,100,19499.646821
10556.727,100,19500.567342
10490.939,100,19500.567516
10383.058,100,19500.56756
10457.494,100,19500.567576
10601.005,100,19500.567589
10203.914,100,19500.567602
10454.812,100,19500.567616
10428.979,100,19500.567629
10283.553,100,19500.567665
10526.149,100,19500.567697
10495.661,100,19501.483484
10376.699,100,19501.48362
11038.187,100,19501.483644
10673.294,100,19501.48366
10577.483,100,19501.483673
10524.257,100,19501.483687
10419.186,100,19501.483701
10582.617,100,19501.483715
10744.293,100,19501.483729
10816.269,100,19501.483742
10636.289,100,19502.508152
10313.899,100,19502.508308
10713.822,100,19502.508332
10573.649,100,19502.508348
10811.737,100,19502.508362
10601.183,100,19502.508377
10533.997,100,19502.508392
10564.916,100,19502.508406
10715.212,100,19502.50842
10219.878,100,19502.508434
10320.275,100,19503.511353
10510.662,100,19503.511521
10155.8955,100,19503.511545
10280.958,100,19503.511562
10361.504,100,19503.511575
10237.644,100,19503.51159
10343.146,100,19503.511604
10572.035,100,19503.511617
10632.261,100,19503.511631
10472.88,100,19503.511644
10286.311,100,19566.408217
10548.839,100,19566.408813
10895.983,100,19566.408874
10692.627,100,19566.408893
10432.706,100,19566.408908
10217.586,100,19566.408924
10457.706,100,19566.408938
10918.882,100,19566.408954
10566.16,100,19566.408969
10696.703,100,19566.408984
10254.01,100,19567.785837
10464.827,100,19567.786006
10216.005,100,19567.786048
10633.936,100,19567.786078
10437.679,100,19567.786106
10201.937,100,19567.786131
10205.325,100,19567.786156
10236.101,100,19567.786181
10691.76,100,19567.786205
10364.665,100,19567.786245
10485.873,100,19570.634165
10471.545,100,19570.635381
10574.055,100,19570.635499
10304.794,100,19570.635537
10204.19,100,19570.635567
10136.288,100,19570.635596
10860.744,100,19570.635624
9913.367,100,19570.63565
10636.331,100,19570.635678
10527.682,100,19570.635705
10332.452,100,19573.159097
10881.185,100,19573.159867
10712.948,100,19573.160064
10654.042,100,19573.160173
10333.314,100,19573.160193
10571.234,100,19573.160213
10432.667,100,19573.16023
10323.784,100,19573.160249
10505.755,100,19573.160266
10320.604,100,19573.160283
10360.923,100,19575.046807
10426.438,100,19575.046957
10607.537,100,19575.046983
10585.478,100,19575.046999
10582.892,100,19575.047014
10197.449,100,19575.047028
10578.226,100,19575.047043
10337.937,100,19575.047057
10459.012,100,19575.047071
10476.878,100,19575.047085
10478.062,100,19639.117872
10444.928,100,19639.118016
10428.721,100,19639.118045
10389.712,100,19639.11806
10331.099,100,19639.118075
10582.407,100,19639.118089
10679.72,100,19639.118104
10193.201,100,19639.118118
10607.011,100,19639.118132
10261.44,100,19639.118145
10325.003,100,19640.059363
10346.645,100,19640.059544
10693.565,100,19640.05957
10569.729,100,19640.059585
10510.588,100,19640.059599
10773.679,100,19640.059612
10624.203,100,19640.059626
11051.208,100,19640.059639
10559.1,100,19640.059657
10744.108,100,19640.05967
10452.966,100,19641.760535
10535.409,100,19641.760707
10717.839,100,19641.760732
10300.907,100,19641.760746
10559.099,100,19641.760771
10323.779,100,19641.760785
10730.511,100,19641.760797
10284.002,100,19641.76081
10602.895,100,19641.760823
10339.75,100,19641.760835
10332.434,100,19642.822826
10211.108,100,19642.822975
10790.882,100,19642.822998
10397.543,100,19642.823014
10885.203,100,19642.823028
10711.75,100,19642.823041
10303.294,100,19642.823055
10485.903,100,19642.823068
10889.29,100,19642.82308
10770.692,100,19642.823093
10553.53,100,19643.803447
10513.628,100,19643.803595
10887.346,100,19643.803617
10606.869,100,19643.803632
10458.55,100,19643.803645
10507.629,100,19643.803658
10369.787,100,19643.803672
10668.452,100,19643.803684
10495.545,100,19643.803697
10249.322,100,19643.80371
10398.564,100,19714.726793
10915.725,100,19714.726943
10516.901,100,19714.726971
10619.465,100,19714.726987
10755.905,100,19714.727002
10624.404,100,19714.727016
10577.532,100,19714.72703
10314.534,100,19714.727045
10445.81,100,19714.727058
10221.275,100,19714.727073
10559.043,100,19715.630054
10832.471,100,19715.630227
10519.763,100,19715.630263
10383.733,100,19715.630279
10550.865,100,19715.630293
10677.677,100,19715.630331
10848.259,100,19715.630366
10813.074,100,19715.630382
10417.908,100,19715.630395
10172.049,100,19715.630409
9873.511,100,19717.097624
10588.81,100,19717.097742
10772.564,100,19717.097798
10646.098,100,19717.097812
10524.501,100,19717.097824
10743.778,100,19717.097836
10159.425,100,19717.097846
10599.434,100,19717.097857
10465.512,100,19717.097868
10164.029,100,19717.097878
11138.397,100,19718.50465
10051.464,100,19718.504828
10725.317,100,19718.504867
10776.041,100,19718.504894
10281.794,100,19718.504919
10531.451,100,19718.504942
10487.789,100,19718.504966
9903.942,100,19718.504992
10529.979,100,19718.505017
10508.609,100,19718.505046
10835.988,100,19719.377256
10660.368,100,19719.377408
10395.5205,100,19719.377431
10633.969,100,19719.37745
10218.764,100,19719.377465
10425.815,100,19719.377479
10417.328,100,19719.377493
10171.781,100,19719.377507
10556.494,100,19719.377521
10055.508,100,19719.377534
10374.799,100,19785.339415
10644.013,100,19785.339561
10763.56,100,19785.339589
10082.596,100,19785.339605
10367.777,100,19785.33962
10060.609,100,19785.339633
10322.213,100,19785.339647
10511.965,100,19785.33966
10711.146,100,19785.339674
10245.806,100,19785.339688
10747.012,100,19786.857207
10578.926,100,19786.857365
10450.584,100,19786.857404
10440.299,100,19786.857435
10575.043,100,19786.857461
10386.121,100,19786.857487
10183.134,100,19786.857516
10286.49,100,19786.857542
10287.19,100,19786.857569
10675.876,100,19786.857593
10437.363,100,19787.869544
10705.995,100,19787.869693
10688.575,100,19787.869717
10203.518,100,19787.869741
10610.616,100,19787.869755
10547.694,100,19787.869791
10296.181,100,19787.869804
11161.923,100,19787.869818
10043.351,100,19787.869835
10415.926,100,19787.869849
10199.404,100,19788.866001
10599.6,100,19788.86661
10478.907,100,19788.866784
10798.096,100,19788.866876
10550.455,100,19788.866952
9979.791,100,19788.866966
10540.03,100,19788.866981
10141.756,100,19788.866995
10218.853,100,19788.867008
10585.363,100,19788.867022
10566.445,100,19789.764471
10505.655,100,19789.764626
10235.267,100,19789.764649
10186.887,100,19789.764663
9824.677,100,19789.764676
10481.264,100,19789.764689
10436.211,100,19789.764704
10175.1,100,19789.764717
10583.464,100,19789.76473
10463.251,100,19789.764743
10726.684,100,19853.624523
10535.175,100,19853.624676
10214.923,100,19853.624702
10281.916,100,19853.624718
10168.729,100,19853.624732
10549.4375,100,19853.624746
10328.974,100,19853.624774
10412.146,100,19853.624788
10379.964,100,19853.624802
10604.3125,100,19853.624817
10511.6875,100,19854.855942
10738.6045,100,19854.856073
10791.714,100,19854.856095
10659.672,100,19854.85611
10516.809,100,19854.856123
10074.561,100,19854.856135
11015.538,100,19854.856148
10492.077,100,19854.856161
10385.517,100,19854.856174
10878.76,100,19854.856185
10400.753,100,19855.780714
10529.898,100,19855.780869
10692.599,100,19855.780895
11040.548,100,19855.780911
10716.39,100,19855.780925
10491.238,100,19855.78094
10520.937,100,19855.780954
10341.367,100,19855.780968
10317.373,100,19855.780982
10290.855,100,19855.780995
10209.464,100,19857.241826
10523.8955,100,19857.242088
10328.647,100,19857.242123
10275.927,100,19857.24214
10389.286,100,19857.242154
10302.738,100,19857.242167
10137.094,100,19857.24218
10406.147,100,19857.242194
10179.789,100,19857.242206
10953.288,100,19857.242219
10544.855,100,19858.198589
10462.777,100,19858.198845
10581.127,100,19858.19892
10900.526,100,19858.198956
10848.12,100,19858.198987
10086.888,100,19858.199016
10463.19,100,19858.199044
9973.7,100,19858.199072
10742.951,100,19858.199101
10466.8125,100,19858.19913
10455.944,100,19859.223279
10518.782,100,19859.223446
10936.292,100,19859.223488
10358.035,100,19859.223518
10198.985,100,19859.223545
10462.172,100,19859.223571
10299.349,100,19859.223597
10267.9375,100,19859.223622
10562.779,100,19859.223647
10687.196,100,19859.223672
10400.062,100,19924.114923
10352.588,100,19924.115061
10603.99,100,19924.115104
10291.363,100,19924.115136
10476.551,100,19924.115151
10477.889,100,19924.115164
10372.267,100,19924.115177
10161.312,100,19924.115191
10362.397,100,19924.115205
10340.992,100,19924.115219
10603.022,100,19925.4629
10348.241,100,19925.463066
10331.196,100,19925.46309
10359.06,100,19925.463106
10710.03,100,19925.46312
10379.476,100,19925.463134
10473.515,100,19925.463147
10836.857,100,19925.463161
10425.399,100,19925.463174
11093.719,100,19925.463187
10587.984,100,19926.832727
10504.948,100,19926.832901
10674.733,100,19926.832927
10303.512,100,19926.832943
10544.094,100,19926.832957
10412.341,100,19926.832971
10673.3,100,19926.832985
10876.304,100,19926.833
10046.733,100,19926.833014
10619.738,100,19926.833028
10543.156,100,19927.788006
10854.704,100,19927.788196
10437.619,100,19927.788223
11112.006,100,19927.788239
10571.776,100,19927.788253
10663.833,100,19927.788266
11111.663,100,19927.78828
10388.242,100,19927.788294
10461.204,100,19927.788308
10172.458,100,19927.788321
10673.402,100,19928.756361
10552.065,100,19928.756492
10432.087,100,19928.756516
10320.287,100,19928.756528
10644.2295,100,19928.756538
10609.498,100,19928.756549
10602.142,100,19928.75656
10110.9795,100,19928.75657
10889.369,100,19928.75658
10233.947,100,19928.756591
10773.308,100,19994.970649
11064.082,100,19994.971678
10680.279,100,19994.971812
10353.557,100,19994.97185
10638.651,100,19994.971879
10261.464,100,19994.971906
10075.417,100,19994.971932
10017.684,100,19994.971958
10352.8545,100,19994.971982
10326.024,100,19994.972007
10088.818,100,19996.274327
10411.562,100,19996.274652
10842.883,100,19996.274801
10500.036,100,19996.274892
10713.782,100,19996.274973
10440.778,100,19996.275073
10649.745,100,19996.275155
10703.015,100,19996.275238
10627.987,100,19996.27532
10670.0625,100,19996.275338
10437.839,100,19998.483263
10877.857,100,19998.483426
10703.105,100,19998.483447
10664.099,100,19998.483462
10947.485,100,19998.483475
10393.481,100,19998.483489
10610.61,100,19998.483502
10328.385,100,19998.483516
10468.665,100,19998.483529
10222.095,100,19998.483541
10217.472,100,19999.653252
10413.586,100,19999.653405
10907.526,100,19999.653444
10569.315,100,19999.653473
10888.074,100,19999.653499
10457.677,100,19999.653524
10786.063,100,19999.653548
10194.725,100,19999.653572
10608.987,100,19999.653596
10346.322,100,19999.653621
10410.237,100,20001.102861
10599.33,100,20001.103026
10844.013,100,20001.103068
10544.423,100,20001.103099
10369.4375,100,20001.103126
10433.562,100,20001.103153
10725.841,100,20001.10318
10458.289,100,20001.103206
10280.342,100,20001.103233
10540.341,100,20001.103259
10952.516,100,20066.876782
10380.172,100,20066.87695
10880.823,100,20066.87699
10705.987,100,20066.87702
10560.19,100,20066.877045
10519.522,100,20066.877069
10406.774,100,20066.877093
9866.754,100,20066.877116
10314.404,100,20066.87714
10270.782,100,20066.877163
10726.311,100,20095.394158
10539.371,100,20095.394312
10612.8,100,20095.394341
10186.835,100,20095.394357
10613.116,100,20095.394371
10138.671,100,20095.394385
10361.482,100,20095.394399
10530.497,100,20095.394413
10440.311,100,20095.394427
10314.894,100,20095.394441
10570.443,100,20096.901447
10730.625,100,20096.901611
10436.83,100,20096.901637
10107.182,100,20096.901653
10438.401,100,20096.901667
10267.281,100,20096.901681
10568.617,100,20096.901695
10619.091,100,20096.901708
10722.87,100,20096.901722
10337.235,100,20096.901735
10431.762,100,20097.823631
10594.366,100,20097.823819
10438.233,100,20097.823846
10845.165,100,20097.823861
10594.186,100,20097.823875
10579.338,100,20097.823889
10685.179,100,20097.823903
10478.823,100,20097.823916
10880.191,100,20097.823931
10969.957,100,20097.823944
10436.799,100,20098.933349
10693.21,100,20098.933504
10943.974,100,20098.933526
10830.644,100,20098.933541
10463.674,100,20098.933554
10673.522,100,20098.933568
10648.731,100,20098.933582
10687.296,100,20098.933595
10150.671,100,20098.933608
10901.771,100,20098.933621
10077.22,100,20161.951469
10359.289,100,20161.951607
10380.999,100,20161.951634
10699.834,100,20161.951649
10264.005,100,20161.951663
10448.013,100,20161.951677
10610.138,100,20161.951689
10223.139,100,20161.951703
10693.116,100,20161.951716
10310.5,100,20161.951729
10700.798,100,20162.933559
11080.984,100,20162.933704
10710.5,100,20162.933726
10450.653,100,20162.933743
10489.078,100,20162.933757
10681.439,100,20162.933784
10381.278,100,20162.933798
10437.236,100,20162.933812
10489.484,100,20162.933826
9933.371,100,20162.933841
10289.042,100,20164.274279
10151.247,100,20164.274417
10856.969,100,20164.274441
10699.862,100,20164.274456
10566.928,100,20164.27447
10646.587,100,20164.274484
10443.491,100,20164.274498
9951.524,100,20164.274513
10523.34,100,20164.274527
11027.69,100,20164.274541
10196.848,100,20165.457856
10708.831,100,20165.458219
10881.263,100,20165.458275
10747.673,100,20165.458303
10593.522,100,20165.458328
10355.633,100,20165.458352
10299.944,100,20165.458375
10491.03,100,20165.458398
10585.254,100,20165.458421
10216.303,100,20165.458444
10616.088,100,20167.130055
10360.139,100,20167.130207
10691.233,100,20167.13023
10354.2,100,20167.130246
10374.199,100,20167.13026
10033.256,100,20167.130273
10682.434,100,20167.130287
10178.414,100,20167.1303
10948.097,100,20167.130314
10630.172,100,20167.130327
10562.222,100,20230.435729
9920.941,100,20230.435889
10605.054,100,20230.435917
10730.569,100,20230.435933
10547.524,100,20230.435947
10216.825,100,20230.43596
10598.139,100,20230.435974
10587.349,100,20230.435988
10659.534,100,20230.436002
10659.735,100,20230.436016
10597.945,100,20231.952531
10383.704,100,20231.952686
10698.699,100,20231.952726
10846.307,100,20231.952756
10637.722,100,20231.9528
10893.307,100,20231.95283
10550.512,100,20231.952857
10743.511,100,20231.952884
10354.803,100,20231.952909
10382.301,100,20231.952935
10674.831,100,20233.319264
10274.119,100,20233.319427
9960.984,100,20233.319449
10347.8,100,20233.319465
10677.677,100,20233.319479
10666.058,100,20233.319492
10641.794,100,20233.319507
10569.704,100,20233.31952
10426.932,100,20233.319534
10272.473,100,20233.319551
10171.755,100,20234.31475
10188.275,100,20234.314912
10309.039,100,20234.314937
10504.553,100,20234.314952
10475.007,100,20234.314966
10615.502,100,20234.314979
10298.843,100,20234.314998
10792.01,100,20234.315012
10788.895,100,20234.315027
10221.515,100,20234.315041
10583.597,100,20235.836488
10591.216,100,20235.836631
10253.024,100,20235.836653
10433.398,100,20235.836668
10661.4375,100,20235.836681
10035.942,100,20235.836695
10660.488,100,20235.836707
10407.222,100,20235.83672
10681.176,100,20235.836733
10851.18,100,20235.836746
10337.917,100,20302.67535
11000.151,100,20302.67552
10929.657,100,20302.675547
10811.322,100,20302.675563
10871.957,100,20302.675578
10901.566,100,20302.675591
11060.372,100,20302.675604
10361.02,100,20302.675618
10205.262,100,20302.675632
10360.344,100,20302.675645
10679.544,100,20303.74234
10520.011,100,20303.742475
10335.283,100,20303.742498
10475.052,100,20303.742514
10454.8955,100,20303.742527
10502.74,100,20303.742541
10335.64,100,20303.742554
10363.132,100,20303.742567
10790.277,100,20303.742581
10742.528,100,20303.742594
10166.389,100,20304.743611
10105.627,100,20304.743749
10629.978,100,20304.743786
11041.821,100,20304.743802
10497.153,100,20304.743816
10621.795,100,20304.743829
10671.697,100,20304.743843
10375.388,100,20304.743857
10365.434,100,20304.743871
10383.045,100,20304.743887
10588.095,100,20305.67481
10356.279,100,20305.67495
10635.359,100,20305.674977
10514.626,100,20305.674993
10572.419,100,20305.675009
10180.883,100,20305.675023
10706.336,100,20305.675037
10606.518,100,20305.675052
10675.314,100,20305.675066
10583.088,100,20305.675081
10651.868,100,20306.808604
10543.2,100,20306.808808
10638.214,100,20306.808838
10828.724,100,20306.808856
10250.279,100,20306.808872
10449.782,100,20306.808887
10762.547,100,20306.808903
10694.612,100,20306.80894
10569.756,100,20306.808978
10796.128,100,20306.808994
10566.6045,100,20377.514588
10477.553,100,20377.515446
10407.859,100,20377.515522
10598.892,100,20377.515542
10730.431,100,20377.515557
10406.375,100,20377.515572
10401.042,100,20377.515588
10650.844,100,20377.515604
10623.714,100,20377.515619
10857.809,100,20377.515634
10885.93,100,20379.433877
10631.485,100,20379.434047
10622.111,100,20379.434092
10523.102,100,20379.434124
10569.909,100,20379.434154
10344.063,100,20379.434181
10229.473,100,20379.434208
10593.872,100,20379.434235
10761.031,100,20379.43426
10933.615,100,20379.434288
10531.856,100,20380.412684
10241.011,100,20380.412887
10787.392,100,20380.412912
10619.729,100,20380.41293
10712.189,100,20380.412949
10608.759,100,20380.412966
10913.365,100,20380.412982
10811.26,100,20380.413
10616.89,100,20380.413017
11105.269,100,20380.413034
10394.078,100,20381.384693
10232.285,100,20381.385036
10562.864,100,20381.385169
10617.705,100,20381.385255
10613.183,100,20381.385336
10775.334,100,20381.385354
10435.343,100,20381.385371
10492.225,100,20381.385386
10578.894,100,20381.385406
10460.034,100,20381.385421
10594.748,100,20382.358454
9882.007,100,20382.358593
10733.526,100,20382.358617
10678.971,100,20382.358633
10505.208,100,20382.358648
10784.544,100,20382.358663
10696.851,100,20382.358677
10359.695,100,20382.358692
10815.709,100,20382.358706
10429.713,100,20382.35872
10210.747,100,20447.459347
10105.878,100,20447.459493
10698.258,100,20447.459521
10655.691,100,20447.459538
10719.057,100,20447.459553
10349.86,100,20447.459568
10723.433,100,20447.459583
10913.669,100,20447.459598
10122.319,100,20447.459614
10543.147,100,20447.459628
10213.001,100,20448.549603
10891.992,100,20448.549797
10343.773,100,20448.549828
10353.213,100,20448.549843
10715.368,100,20448.549857
10606.85,100,20448.54987
10510.726,100,20448.549884
10569.711,100,20448.549898
10902.323,100,20448.549916
10557.24,100,20448.549929
10496.108,100,20449.615746
10834.359,100,20449.616159
10433.429,100,20449.61627
10203.852,100,20449.616349
10651.591,100,20449.616421
10794.719,100,20449.616497
10735.174,100,20449.616575
10587.692,100,20449.61665
10689.423,100,20449.616723
10334.646,100,20449.616809
10669.009,100,20450.941461
10486.463,100,20450.94162
10198.118,100,20450.941658
10960.525,100,20450.941689
10723.5,100,20450.941715
10024.804,100,20450.941741
10501.217,100,20450.941782
10790.027,100,20450.941808
10215.316,100,20450.941833
10812.297,100,20450.941859
10843.001,100,20452.740106
10576.31,100,20452.740291
10813.988,100,20452.740319
10623.336,100,20452.740335
10049.926,100,20452.740349
10387.525,100,20452.740365
10511.498,100,20452.740379
10536.354,100,20452.740394
10857.186,100,20452.740408
10497.0,100,20452.740423
10821.014,100,20456.074183
10367.125,100,20456.074334
10345.764,100,20456.074358
10237.827,100,20456.074375
10490.608,100,20456.07439
10252.533,100,20456.074406
10753.87,100,20456.074421
10436.667,100,20456.074436
10438.91,100,20456.07445
10361.934,100,20456.074465
10288.598,100,20521.374115
10132.72,100,20521.374256
10350.977,100,20521.374282
10188.244,100,20521.374298
10437.859,100,20521.374312
10236.76,100,20521.374326
10929.009,100,20521.37434
10529.564,100,20521.374355
10426.996,100,20521.374367
10650.207,100,20521.374382
10542.157,100,20522.329997
10461.982,100,20522.330141
10570.125,100,20522.330164
10298.191,100,20522.33018
10465.072,100,20522.330196
10695.689,100,20522.330209
10686.438,100,20522.330223
10541.159,100,20522.330237
10477.867,100,20522.330251
10428.488,100,20522.330264
10445.584,100,20523.419476
10701.6,100,20523.419672
10649.962,100,20523.419711
10369.486,100,20523.419742
10249.631,100,20523.419787
10342.595,100,20523.419815
10551.03,100,20523.419841
10628.213,100,20523.419867
10542.304,100,20523.419892
10280.939,100,20523.419916
10748.028,100,20524.810494
10141.968,100,20524.81067
10546.299,100,20524.810694
10173.973,100,20524.810709
10559.443,100,20524.810722
10291.853,100,20524.810757
10702.363,100,20524.810806
10462.331,100,20524.810824
10617.309,100,20524.810838
10701.522,100,20524.810852
10169.557,100,20526.727521
10579.009,100,20526.727655
10507.324,100,20526.727679
10277.357,100,20526.727694
10657.632,100,20526.727706
10732.096,100,20526.727719
9987.771,100,20526.727732
10356.099,100,20526.727747
10639.534,100,20526.727774
10674.153,100,20526.727787
10527.591,100,20592.827129
10695.671,100,20592.827264
10381.927,100,20592.827291
10574.248,100,20592.827306
10371.7295,100,20592.82732
10307.151,100,20592.827334
10536.871,100,20592.827348
10734.824,100,20592.827362
10781.706,100,20592.827376
10345.802,100,20592.827389
10617.205,100,20593.689414
10614.48,100,20593.689552
10747.367,100,20593.689575
10266.08,100,20593.68959
10859.554,100,20593.689604
10619.569,100,20593.689619
10405.528,100,20593.689633
10475.422,100,20593.689646
10366.588,100,20593.68966
10208.716,100,20593.689674
10833.115,100,20594.636497
10915.347,100,20594.636672
10476.368,100,20594.636695
10683.828,100,20594.63671
10724.305,100,20594.636724
10432.694,100,20594.636737
10674.54,100,20594.63675
10748.856,100,20594.636774
10556.208,100,20594.636786
10627.2705,100,20594.6368
10745.313,100,20595.546308
10339.743,100,20595.546457
10696.3125,100,20595.546481
10429.3,100,20595.546495
10607.662,100,20595.546509
10182.515,100,20595.546524
10773.913,100,20595.546537
10260.19,100,20595.54655
10435.743,100,20595.546563
10895.414,100,20595.546576
10601.759,100,20597.286856
10650.409,100,20597.287091
10793.621,100,20597.287123
10260.447,100,20597.28714
10380.588,100,20597.287155
10616.585,100,20597.287172
10491.741,100,20597.287187
10894.35,100,20597.287201
10941.159,100,20597.287215
10582.126,100,20597.28723
10310.412,100,20660.293517
9872.914,100,20660.294351
10434.719,100,20660.294497
11053.429,100,20660.294518
10472.384,100,20660.294534
10629.195,100,20660.294549
10539.045,100,20660.294563
10468.725,100,20660.294576
10348.665,100,20660.29459
10344.932,100,20660.294604
10415.961,100,20661.201486
10659.454,100,20661.201654
10176.474,100,20661.201678
10360.362,100,20661.201693
10510.115,100,20661.201707
10352.635,100,20661.201723
10559.166,100,20661.201737
10661.709,100,20661.20175
10531.663,100,20661.201774
10516.734,100,20661.201788
10845.618,100,20662.133303
10726.181,100,20662.134046
11060.425,100,20662.13421
10546.259,100,20662.13431
10755.333,100,20662.134386
10317.463,100,20662.134403
10399.003,100,20662.134418
10850.988,100,20662.134432
10490.366,100,20662.134447
10226.626,100,20662.134461
10646.091,100,20667.159981
10124.082,100,20667.160824
10551.11,100,20667.161047
10595.718,100,20667.161193
10845.99,100,20667.161316
10521.615,100,20667.161351
10347.166,100,20667.16138
10910.836,100,20667.161407
10906.717,100,20667.161433
10781.022,100,20667.161458
10406.878,100,20668.271486
10315.029,100,20668.27188
10397.296,100,20668.271919
10268.515,100,20668.271935
10295.871,100,20668.27195
10765.191,100,20668.271964
10567.075,100,20668.271978
10606.971,100,20668.271991
10890.989,100,20668.272006
10708.942,100,20668.272019
10330.219,100,20727.302442
10493.665,100,20727.302613
10546.011,100,20727.302681
11057.612,100,20727.302698
10179.224,100,20727.302713
10118.5205,100,20727.302727
10673.8955,100,20727.302741
9949.752,100,20727.302754
10461.904,100,20727.302778
10788.519,100,20727.302791
10745.958,100,20728.260079
10443.005,100,20728.260225
10432.392,100,20728.260248
10649.807,100,20728.260264
10297.828,100,20728.260278
10668.367,100,20728.260292
10385.376,100,20728.260306
10646.898,100,20728.26032
10376.178,100,20728.260334
10720.105,100,20728.260348
10417.113,100,20729.219214
10686.04,100,20729.219404
10439.65,100,20729.219428
10816.841,100,20729.219445
10627.904,100,20729.219458
10937.369,100,20729.219472
10381.886,100,20729.219485
10578.573,100,20729.219499
10566.262,100,20729.219512
10673.761,100,20729.219527
10707.529,100,20730.194693
10360.126,100,20730.194886
10614.189,100,20730.194931
10056.528,100,20730.194965
10714.716,100,20730.194979
10366.275,100,20730.194993
10397.922,100,20730.195007
10373.985,100,20730.195021
10312.182,100,20730.195035
10377.235,100,20730.19505
10497.468,100,20731.116727
10532.044,100,20731.116931
10110.231,100,20731.116956
10341.1045,100,20731.116972
10165.372,100,20731.116986
10071.21,100,20731.117
10384.429,100,20731.117016
10736.153,100,20731.117031
10758.64,100,20731.117045
10639.779,100,20731.117059
10093.844,100,20819.127437
10750.073,100,20819.127592
10228.814,100,20819.127619
10659.879,100,20819.127635
10128.644,100,20819.127648
10540.674,100,20819.127661
10463.145,100,20819.127675
10409.948,100,20819.127688
10805.125,100,20819.127701
10542.271,100,20819.127714
10618.149,100,20820.152248
9911.725,100,20820.152392
10516.924,100,20820.152417
10622.675,100,20820.152434
10432.161,100,20820.152447
10903.373,100,20820.152461
10618.459,100,20820.152475
10307.656,100,20820.152489
10784.313,100,20820.152504
10799.603,100,20820.152517
10125.537,100,20821.765625
10800.053,100,20821.765806
10959.169,100,20821.765833
10183.509,100,20821.765848
10586.4795,100,20821.765862
10327.798,100,20821.765876
10502.525,100,20821.765888
10599.498,100,20821.765902
10280.183,100,20821.765914
10727.612,100,20821.765928
10627.575,100,20822.848408
10427.437,100,20822.848565
10679.577,100,20822.848603
10132.481,100,20822.848632
10565.156,100,20822.848658
10682.148,100,20822.848684
10577.558,100,20822.848709
10773.394,100,20822.848733
10494.729,100,20822.848779
10539.179,100,20822.848808
10355.924,100,20824.812008
10502.973,100,20824.812151
10897.071,100,20824.81217
10739.871,100,20824.812183
10527.04,100,20824.812194
10408.582,100,20824.812206
10383.776,100,20824.812217
10145.889,100,20824.812228
10639.214,100,20824.812239
10360.878,100,20824.812249
10449.906,100,20888.33138
10663.932,100,20888.331529
10460.093,100,20888.331558
10115.1045,100,20888.331575
10405.853,100,20888.33159
10658.082,100,20888.331605
10382.832,100,20888.33162
10558.088,100,20888.331634
10547.478,100,20888.331648
10734.812,100,20888.331663
10457.534,100,20889.251142
10559.57,100,20889.251275
10208.417,100,20889.251298
10536.177,100,20889.251314
10447.269,100,20889.251329
10745.558,100,20889.251344
10522.5205,100,20889.251358
10713.632,100,20889.251373
10746.472,100,20889.251387
11118.323,100,20889.251402
10470.719,100,20890.118491
10347.091,100,20890.118621
10408.393,100,20890.118644
11017.589,100,20890.11866
10573.104,100,20890.118675
10679.054,100,20890.118688
10486.806,100,20890.118702
10631.848,100,20890.118716
10406.254,100,20890.11873
10230.674,100,20890.118743
10688.822,100,20891.28129
10223.25,100,20891.281435
10679.857,100,20891.281458
10416.493,100,20891.281473
10186.681,100,20891.281487
10560.767,100,20891.2815
10887.042,100,20891.281513
10638.617,100,20891.281526
10695.155,100,20891.281539
10601.77,100,20891.281553
10420.425,100,20892.244955
10886.932,100,20892.245115
10650.703,100,20892.245141
10796.152,100,20892.245157
10482.354,100,20892.245173
10513.128,100,20892.245186
10288.822,100,20892.2452
10807.599,100,20892.245215
10901.487,100,20892.245229
10712.853,100,20892.245244
10840.726,100,20960.64064
10510.962,100,20960.640838
10503.638,100,20960.640884
10646.921,100,20960.640916
10648.257,100,20960.640943
10625.455,100,20960.640969
10232.685,100,20960.640995
10639.492,100,20960.64102
10002.511,100,20960.641047
10622.088,100,20960.641071
10402.2295,100,20962.893742
10511.371,100,20962.893919
10545.915,100,20962.893962
10783.295,100,20962.893996
10322.76,100,20962.894026
10411.06,100,20962.894054
10187.9795,100,20962.894086
10095.466,100,20962.894116
10915.816,100,20962.894145
10596.936,100,20962.894172
10282.602,100,20964.060258
10314.563,100,20964.060425
10808.197,100,20964.060449
10437.354,100,20964.060463
10936.802,100,20964.060476
10543.509,100,20964.060489
10682.341,100,20964.060503
10253.44,100,20964.060516
10192.425,100,20964.06053
10677.583,100,20964.060565
10752.343,100,20965.043271
10881.271,100,20965.043409
10397.46,100,20965.043432
10450.402,100,20965.043448
10180.299,100,20965.043462
10396.164,100,20965.043477
10342.572,100,20965.043491
10698.315,100,20965.043504
10150.191,100,20965.043519
10628.906,100,20965.043533
10483.316,100,20965.989724
10225.831,100,20965.990009
10394.144,100,20965.990043
10692.691,100,20965.990061
10568.506,100,20965.990204
10623.346,100,20965.990222
10391.455,100,20965.990237
11117.707,100,20965.990263
10406.325,100,20965.990278
10458.33,100,20965.990292
10631.402,100,21027.944923
10534.145,100,21027.945057
10159.609,100,21027.945083
10279.006,100,21027.9451
10408.822,100,21027.945115
10697.475,100,21027.945129
10411.253,100,21027.945143
10793.393,100,21027.945164
10779.144,100,21027.945179
10406.99,100,21027.945193
10556.207,100,21028.995304
10386.716,100,21028.995453
10468.628,100,21028.995492
10414.352,100,21028.995522
10435.214,100,21028.995548
10883.233,100,21028.995574
10563.064,100,21028.995601
10508.729,100,21028.995627
10356.063,100,21028.995652
10399.122,100,21028.995677
10859.353,100,21030.911236
10053.445,100,21030.911396
10762.105,100,21030.911422
10331.042,100,21030.911435
9880.556,100,21030.911446
10833.615,100,21030.911458
10401.446,100,21030.91147
10795.54,100,21030.911482
10460.277,100,21030.911494
10184.412,100,21030.911504
10440.563,100,21031.810534
10709.6045,100,21031.810713
10641.062,100,21031.810735
10932.698,100,21031.810752
10559.999,100,21031.810778
10239.884,100,21031.810791
10952.057,100,21031.810804
10703.849,100,21031.810819
10170.182,100,21031.810832
10775.507,100,21031.810845
10324.032,100,21034.62728
10499.562,100,21034.627417
10035.857,100,21034.627442
10182.932,100,21034.627457
10516.406,100,21034.627472
10734.438,100,21034.627486
10437.203,100,21034.6275
10861.688,100,21034.627515
10335.497,100,21034.627528
10345.891,100,21034.627542
10526.226,100,21097.520519
10569.513,100,21097.520686
11095.065,100,21097.520731
10873.241,100,21097.52078
10555.458,100,21097.520812
10493.851,100,21097.520841
10799.931,100,21097.520868
11012.608,100,21097.520895
10438.235,100,21097.520921
10475.836,100,21097.520949
10791.145,100,21098.470873
10791.6,100,21098.471057
10268.164,100,21098.471081
10482.959,100,21098.471097
10889.84,100,21098.471111
10345.019,100,21098.471124
10601.255,100,21098.471139
10702.772,100,21098.471153
10617.197,100,21098.471167
10386.985,100,21098.47118
10488.441,100,21099.411525
10592.779,100,21099.411721
10382.608,100,21099.411744
10741.362,100,21099.411771
10530.702,100,21099.411785
10416.327,100,21099.411799
10740.877,100,21099.411813
10343.246,100,21099.411826
10646.276,100,21099.411839
10490.249,100,21099.411854
10807.599,100,21100.560946
10403.813,100,21100.561077
10330.269,100,21100.561099
10699.639,100,21100.561113
10636.874,100,21100.561127
10340.712,100,21100.561139
10527.032,100,21100.561152
10187.375,100,21100.561165
10624.499,100,21100.561177
10440.118,100,21100.56119
10645.956,100,21101.944816
10239.199,100,21101.944959
10230.097,100,21101.944983
10790.954,100,21101.945
10825.212,100,21101.945016
10473.472,100,21101.94503
10479.605,100,21101.945045
10692.632,100,21101.94506
10439.402,100,21101.945075
10532.058,100,21101.945089
10795.886,100,21102.884938
10777.583,100,21102.885102
11061.22,100,21102.885129
10646.169,100,21102.885146
10495.326,100,21102.885163
10834.004,100,21102.885179
10421.112,100,21102.885196
10994.886,100,21102.885212
10396.964,100,21102.885228
10233.1875,100,21102.885244
10565.245,100,21167.25515
9866.371,100,21167.255279
10445.878,100,21167.255306
10491.245,100,21167.255322
10622.081,100,21167.255335
10948.238,100,21167.255349
10666.859,100,21167.255362
10410.912,100,21167.255376
10434.251,100,21167.255389
10719.092,100,21167.255403
10049.683,100,21168.320911
10877.651,100,21168.32127
10762.756,100,21168.32138
11263.523,100,21168.321459
10187.35,100,21168.321543
10794.332,100,21168.321625
10620.794,100,21168.321663
10706.37,100,21168.321692
10535.388,100,21168.321706
10583.33,100,21168.32172
10970.3545,100,21171.179506
10774.968,100,21171.179725
10322.043,100,21171.179774
10696.438,100,21171.179794
10661.137,100,21171.179813
10712.439,100,21171.17983
10596.986,100,21171.179849
10620.573,100,21171.179866
10731.024,100,21171.179884
10549.971,100,21171.1799
10774.437,100,21174.035668
10396.06,100,21174.035863
10639.418,100,21174.035889
10192.521,100,21174.035903
10722.99,100,21174.035917
10718.502,100,21174.035929
10521.858,100,21174.035942
10583.166,100,21174.035955
10307.696,100,21174.035967
10882.779,100,21174.03598
10662.223,100,21175.002233
10581.492,100,21175.002407
10391.851,100,21175.002439
10699.82,100,21175.002454
10512.969,100,21175.002468
10885.649,100,21175.002481
10591.808,100,21175.002494
10722.517,100,21175.002507
10513.69,100,21175.002521
10170.172,100,21175.00256
10884.519,100,21237.921387
10511.968,100,21237.921529
10438.679,100,21237.921556
10633.131,100,21237.921571
10478.266,100,21237.921586
10090.672,100,21237.9216
10601.674,100,21237.921615
10634.654,100,21237.921629
11075.288,100,21237.921643
10401.416,100,21237.921657
10609.931,100,21239.379907
9911.936,100,21239.380354
10337.7705,100,21239.380415
10504.346,100,21239.380435
10906.367,100,21239.380451
10500.468,100,21239.380466
10317.316,100,21239.380481
10530.753,100,21239.380495
10390.731,100,21239.380509
10802.526,100,21239.380523
10353.43,100,21240.402383
10364.986,100,21240.402546
10232.584,100,21240.402589
10513.73,100,21240.402621
10512.732,100,21240.402648
10132.453,100,21240.402676
10057.88,100,21240.402706
10380.973,100,21240.402734
10987.985,100,21240.402776
10204.654,100,21240.402804
10435.939,100,21241.622828
10581.913,100,21241.622972
10475.025,100,21241.622996
10861.238,100,21241.623011
10127.809,100,21241.623025
10814.506,100,21241.623038
10178.51,100,21241.62305
10899.731,100,21241.623064
10539.695,100,21241.623078
10607.788,100,21241.623091
10361.415,100,21244.153091
10640.504,100,21244.15324
10327.482,100,21244.153278
10579.372,100,21244.153307
10703.259,100,21244.153334
10519.064,100,21244.153359
10341.517,100,21244.153387
10480.933,100,21244.153411
10559.654,100,21244.153436
10939.325,100,21244.15346
10708.135,100,21311.955611
10681.033,100,21311.95579
9971.68,100,21311.955822
10459.239,100,21311.955838
10595.926,100,21311.955853
10620.683,100,21311.955866
10550.459,100,21311.95588
10381.841,100,21311.955894
10588.754,100,21311.955909
10542.254,100,21311.955922
10387.487,100,21312.906626
10585.308,100,21312.906786
10392.7705,100,21312.906814
10770.537,100,21312.90683
10963.249,100,21312.906845
10323.797,100,21312.906858
10831.686,100,21312.906872
10920.6875,100,21312.906886
10581.581,100,21312.9069
10893.505,100,21312.906915
10416.669,100,21313.813195
10803.691,100,21313.813335
10500.84,100,21313.813358
10261.595,100,21313.813375
10680.162,100,21313.813389
10545.998,100,21313.813402
10454.5,100,21313.813416
10237.134,100,21313.813429
10541.012,100,21313.813443
10295.228,100,21313.813458
10045.165,100,21314.693967
10699.114,100,21314.6941
10609.039,100,21314.694127
10849.371,100,21314.694144
10835.81,100,21314.694158
10372.058,100,21314.694172
10743.941,100,21314.694186
10780.986,100,21314.6942
10345.041,100,21314.694214
10489.897,100,21314.694228
10950.132,100,21317.377938
10867.294,100,21317.378345
10694.062,100,21317.378503
10275.244,100,21317.378639
10853.435,100,21317.378751
10560.283,100,21317.378794
10561.6045,100,21317.378821
10711.304,100,21317.378847
10926.102,100,21317.378871
10531.524,100,21317.378894
10582.142,100,21375.121333
10290.8545,100,21375.121484
10864.343,100,21375.121563
10569.652,100,21375.12158
10585.98,100,21375.121593
10862.5205,100,21375.121605
10736.536,100,21375.121619
10163.238,100,21375.121631
11001.025,100,21375.121644
10878.242,100,21375.121656
10633.548,100,21376.135212
10521.3,100,21376.135368
10768.566,100,21376.135394
10315.786,100,21376.13541
10460.33,100,21376.135449
10088.851,100,21376.135482
10955.629,100,21376.135497
10349.544,100,21376.135511
10468.142,100,21376.135525
10502.786,100,21376.135539
10904.074,100,21378.238067
10627.89,100,21378.238384
10492.397,100,21378.238422
11292.785,100,21378.238439
10814.603,100,21378.238453
10425.524,100,21378.238467
10417.857,100,21378.238481
10317.058,100,21378.238495
10193.739,100,21378.238508
10510.189,100,21378.238522
10702.313,100,21379.934875
10594.758,100,21379.935499
10812.022,100,21379.935558
11086.579,100,21379.935579
10771.747,100,21379.935596
10585.999,100,21379.935612
10016.551,100,21379.935628
10690.527,100,21379.935645
10115.499,100,21379.935661
10455.392,100,21379.935677
10550.332,100,21381.931668
10886.38,100,21381.931845
10817.088,100,21381.931875
10415.554,100,21381.931892
10150.967,100,21381.931909
10942.952,100,21381.931924
10637.728,100,21381.93194
10302.518,100,21381.931956
10777.375,100,21381.931971
10916.694,100,21381.931986
10795.556,100,21443.284286
10608.67,100,21443.284424
10268.558,100,21443.284451
10364.846,100,21443.284467
10844.472,100,21443.284481
10358.72,100,21443.284495
10340.371,100,21443.284508
10570.666,100,21443.284523
10724.254,100,21443.284536
10603.452,100,21443.28455
10748.19,100,21444.563354
10722.007,100,21444.563746
10976.334,100,21444.563898
10171.356,100,21444.563976
10624.412,100,21444.564053
10650.258,100,21444.564138
10685.222,100,21444.564218
10368.855,100,21444.564295
10384.968,100,21444.564368
10875.839,100,21444.564441
11152.239,100,21445.919674
10654.448,100,21445.919839
10532.213,100,21445.919867
10608.664,100,21445.919881
10409.059,100,21445.919895
10320.35,100,21445.919909
10346.973,100,21445.919923
10364.676,100,21445.919936
10208.974,100,21445.91995
10835.235,100,21445.919965
10848.286,100,21447.527606
10441.577,100,21447.527741
10305.503,100,21447.527808
10319.367,100,21447.527825
10593.291,100,21447.527838
10603.049,100,21447.52785
10455.96,100,21447.527864
10749.424,100,21447.527877
10353.792,100,21447.527891
10594.981,100,21447.527904
10576.101,100,21463.117709
10738.397,100,21463.117857
10833.293,100,21463.117884
10389.519,100,21463.117899
10429.907,100,21463.117914
10432.018,100,21463.117928
10457.741,100,21463.117942
10392.093,100,21463.117956
11057.733,100,21463.11797
11000.533,100,21463.117988
10778.775,100,21532.263237
10761.295,100,21532.263388
10244.974,100,21532.263413
10593.518,100,21532.263427
10432.25,100,21532.26344
10519.373,100,21532.263453
11031.984,100,21532.263465
10595.305,100,21532.263477
10360.683,100,21532.263489
10493.731,100,21532.263501
10445.737,100,21533.178724
10861.44,100,21533.179041
10422.779,100,21533.179152
10391.388,100,21533.179169
11053.061,100,21533.179184
10448.7,100,21533.179199
10286.315,100,21533.179213
10624.587,100,21533.179226
10278.049,100,21533.17924
10818.37,100,21533.179254
10704.47,100,21534.139225
10624.243,100,21534.139583
11029.47,100,21534.139692
10762.44,100,21534.139711
10380.775,100,21534.139726
10422.741,100,21534.13974
11067.021,100,21534.139754
10367.777,100,21534.139787
11054.08,100,21534.139801
10776.716,100,21534.139814
10724.055,100,21535.162903
10269.263,100,21535.163051
10042.289,100,21535.163075
10179.364,100,21535.163091
10493.742,100,21535.163105
10445.076,100,21535.163118
10675.777,100,21535.163133
10556.281,100,21535.163146
10989.977,100,21535.16316
10274.388,100,21535.163174
11064.499,100,21536.205911
10575.858,100,21536.206084
10745.659,100,21536.206108
10752.221,100,21536.206125
10743.192,100,21536.206141
11017.415,100,21536.206156
10794.248,100,21536.206171
10630.542,100,21536.206186
10579.779,100,21536.206202
10355.716,100,21536.206217
10587.758,100,21610.621574
10680.566,100,21610.621719
10532.29,100,21610.62175
10605.205,100,21610.621784
10482.753,100,21610.621801
10489.276,100,21610.621817
11010.518,100,21610.621832
10338.271,100,21610.621849
10653.339,100,21610.621866
10990.94,100,21610.621881
10772.456,100,21611.525191
10455.097,100,21611.525353
10591.722,100,21611.525397
10935.859,100,21611.525413
10528.33,100,21611.525427
10451.846,100,21611.525441
10636.801,100,21611.525455
10747.688,100,21611.525469
10596.804,100,21611.525482
10678.526,100,21611.525496
10377.899,100,21612.483941
10365.519,100,21612.484118
10239.743,100,21612.484148
10893.74,100,21612.484163
10541.21,100,21612.484176
10355.671,100,21612.484189
10364.773,100,21612.484202
10701.572,100,21612.484215
10520.731,100,21612.48423
10681.321,100,21612.484243
10386.768,100,21613.552887
10572.505,100,21613.553059
10494.102,100,21613.553085
10703.244,100,21613.5531
10905.416,100,21613.553113
10482.372,100,21613.553127
11098.318,100,21613.553141
10702.652,100,21613.553154
10691.066,100,21613.553168
10950.087,100,21613.553181
10565.42,100,21615.0509
10429.359,100,21615.051075
10252.657,100,21615.051103
10605.604,100,21615.051121
10668.514,100,21615.051135
10557.794,100,21615.051148
10747.293,100,21615.051163
10193.764,100,21615.051177
10637.37,100,21615.05119
10956.883,100,21615.051204
10745.828,100,21679.097804
10524.885,100,21679.097939
11023.436,100,21679.097965
10361.751,100,21679.09798
11094.754,100,21679.097994
10315.369,100,21679.098006
10871.492,100,21679.098018
10420.999,100,21679.098031
10256.159,100,21679.098043
10556.888,100,21679.098055
10656.337,100,21680.035884
10618.192,100,21680.036041
10895.248,100,21680.036067
10912.77,100,21680.036082
10577.634,100,21680.036097
10639.724,100,21680.036112
10446.451,100,21680.036125
10394.764,100,21680.036139
10717.395,100,21680.036154
10071.582,100,21680.036168
10706.482,100,21680.949826
10077.027,100,21680.950009
10437.404,100,21680.950035
10644.654,100,21680.950051
10465.892,100,21680.950065
10791.749,100,21680.950078
10303.751,100,21680.950092
10059.464,100,21680.950105
10249.462,100,21680.950119
10493.71,100,21680.950133
10833.009,100,21681.81801
10279.056,100,21681.81819
10593.419,100,21681.818213
10660.189,100,21681.818229
10932.919,100,21681.818243
10583.993,100,21681.818256
10325.288,100,21681.818269
10028.164,100,21681.818282
10573.972,100,21681.818295
10830.102,100,21681.818308
10828.713,100,21682.888924
10705.802,100,21682.889067
10759.106,100,21682.889091
10462.149,100,21682.889106
10787.273,100,21682.889119
10462.674,100,21682.889132
10644.394,100,21682.889146
11128.62,100,21682.889159
10772.22,100,21682.889172
10507.598,100,21682.889185
10812.256,100,21684.511438
10327.383,100,21684.5118
10692.742,100,21684.512199
10644.453,100,21684.512347
10918.21,100,21684.512449
10853.13,100,21684.512541
10587.7,100,21684.51263
10747.601,100,21684.512719
10904.797,100,21684.512839
10348.747,100,21684.512929
10996.997,100,21748.080311
9867.72,100,21748.08048
10396.54,100,21748.080506
10809.522,100,21748.080522
10515.552,100,21748.080535
10368.559,100,21748.080549
10626.44,100,21748.080563
10809.659,100,21748.080576
10812.008,100,21748.08059
10705.146,100,21748.080603
10331.126,100,21749.088238
10563.197,100,21749.088386
10303.145,100,21749.08841
10528.453,100,21749.088426
10412.918,100,21749.08844
10720.686,100,21749.088454
10475.757,100,21749.088467
10396.21,100,21749.088481
10507.539,100,21749.088495
10604.915,100,21749.088508
10419.523,100,21750.150203
10647.54,100,21750.150542
10671.005,100,21750.150649
10481.679,100,21750.150667
10708.199,100,21750.150682
10165.966,100,21750.150697
10557.727,100,21750.150712
10459.403,100,21750.150726
10434.528,100,21750.15074
10301.142,100,21750.150755
10621.138,100,21751.064674
10268.921,100,21751.064832
10744.933,100,21751.064857
10319.206,100,21751.064873
10513.835,100,21751.064886
10380.642,100,21751.0649
10518.199,100,21751.064914
10797.456,100,21751.064927
11100.138,100,21751.064941
10175.001,100,21751.064954
10637.254,100,21751.989801
10757.891,100,21751.989983
10593.68,100,21751.990028
10439.241,100,21751.99006
10403.376,100,21751.990089
10606.664,100,21751.990117
10446.669,100,21751.990146
10759.565,100,21751.990182
10637.358,100,21751.990211
10713.94,100,21751.990263
10242.331,100,21819.125502
10575.979,100,21819.125673
10711.256,100,21819.125716
10828.883,100,21819.125748
10358.079,100,21819.125801
10482.773,100,21819.125829
10655.969,100,21819.125855
10734.999,100,21819.12588
10679.174,100,21819.125906
10349.761,100,21819.125932
10503.461,100,21821.303888
10344.675,100,21821.304025
10889.786,100,21821.304045
10734.216,100,21821.304058
10361.309,100,21821.30407
10277.231,100,21821.304082
10416.989,100,21821.304094
10329.735,100,21821.304104
10610.631,100,21821.304116
10249.702,100,21821.304127
10615.1455,100,21822.247965
10246.56,100,21822.24817
10660.775,100,21822.248237
10061.4375,100,21822.24827
10663.175,100,21822.248299
10717.305,100,21822.248328
10520.375,100,21822.248355
10873.031,100,21822.248383
10284.177,100,21822.24841
10424.072,100,21822.248437
10398.644,100,21823.224956
10299.119,100,21823.225126
10549.78,100,21823.225148
10647.182,100,21823.225164
11165.58,100,21823.225178
10900.522,100,21823.225191
10589.979,100,21823.225205
10553.045,100,21823.225219
10237.7705,100,21823.225233
10257.675,100,21823.225247
10577.064,100,21824.659163
10952.448,100,21824.659303
10343.446,100,21824.659328
10231.133,100,21824.659344
10611.278,100,21824.659359
10533.1455,100,21824.659373
10259.021,100,21824.659387
10092.206,100,21824.659401
10795.736,100,21824.659414
10641.675,100,21824.659428
10247.067,100,21894.259634
10753.59,100,21894.259779
10582.533,100,21894.25981
10282.674,100,21894.259826
10644.195,100,21894.259842
10180.719,100,21894.259855
10181.286,100,21894.259869
10815.584,100,21894.259883
10480.117,100,21894.259897
10724.318,100,21894.259911
10540.275,100,21895.393579
10888.918,100,21895.393986
10766.685,100,21895.3941
10711.005,100,21895.394177
10591.277,100,21895.394258
10555.481,100,21895.394337
10574.716,100,21895.394416
10128.286,100,21895.394486
10064.422,100,21895.3945
10571.569,100,21895.394514
10478.273,100,21897.192964
10716.605,100,21897.193094
10565.89,100,21897.193116
10457.054,100,21897.193132
11060.361,100,21897.193145
10466.94,100,21897.193157
10666.56,100,21897.19317
10383.578,100,21897.193183
10528.586,100,21897.193195
10724.253,100,21897.193208
10282.999,100,21898.265045
10184.022,100,21898.265171
10676.187,100,21898.265195
10714.226,100,21898.265211
10650.782,100,21898.265227
10407.14,100,21898.265241
10266.428,100,21898.265255
10810.713,100,21898.265269
10386.932,100,21898.265282
10642.155,100,21898.265296
10440.794,100,21899.387706
10936.091,100,21899.387855
10649.764,100,21899.387877
10910.888,100,21899.387893
10552.437,100,21899.387906
10573.7295,100,21899.387919
10500.463,100,21899.387933
10984.48,100,21899.387946
10642.681,100,21899.387959
10115.618,100,21899.387973
10278.865,100,21964.42711
10647.617,100,21964.427257
10542.964,100,21964.427283
11024.063,100,21964.427299
10671.316,100,21964.427313
10460.918,100,21964.427327
10677.913,100,21964.427341
10687.006,100,21964.427354
10686.192,100,21964.427368
10297.85,100,21964.427382
10563.075,100,21965.319594
10608.895,100,21965.319731
10591.84,100,21965.319755
10520.681,100,21965.319782
10349.689,100,21965.319797
10591.033,100,21965.31981
10332.511,100,21965.319824
10589.163,100,21965.319838
10624.7,100,21965.319851
10592.896,100,21965.319865
10587.395,100,21966.36218
10346.234,100,21966.362303
10546.614,100,21966.362324
10736.786,100,21966.362339
10745.824,100,21966.36235
10128.945,100,21966.362361
10048.314,100,21966.362372
10724.469,100,21966.362383
10801.419,100,21966.362394
10599.307,100,21966.362405
10806.413,100,21969.366235
10298.1,100,21969.366397
11093.222,100,21969.366439
10384.001,100,21969.366469
10709.354,100,21969.366496
10641.389,100,21969.366522
10146.943,100,21969.366548
10885.235,100,21969.366575
10523.716,100,21969.366601
10896.956,100,21969.366627
11157.464,100,21971.239797
10595.233,100,21971.240648
10562.975,100,21971.240875
10525.672,100,21971.241004
10865.903,100,21971.24113
10759.026,100,21971.241241
10626.3,100,21971.241296
10882.714,100,21971.24135
10732.651,100,21971.241379
10577.892,100,21971.241404
10341.949,100,22040.850159
10809.312,100,22040.850303
10209.678,100,22040.85033
10448.372,100,22040.850346
10389.038,100,22040.85036
10351.457,100,22040.850374
10352.573,100,22040.850388
10343.128,100,22040.850402
10977.175,100,22040.850415
10424.228,100,22040.850428
10438.863,100,22041.748715
10417.701,100,22041.748901
10681.041,100,22041.748927
10694.749,100,22041.748943
10584.728,100,22041.748958
10468.618,100,22041.748971
10532.55,100,22041.748985
10385.401,100,22041.748998
10747.763,100,22041.749012
10954.07,100,22041.749027
10506.934,100,22042.647733
10532.924,100,22042.647872
10674.667,100,22042.647897
10482.706,100,22042.647913
10396.275,100,22042.647927
10540.226,100,22042.64794
10377.859,100,22042.647954
10292.773,100,22042.647968
10678.399,100,22042.647982
10884.598,100,22042.647996
10975.893,100,22043.539271
10074.713,100,22043.539405
10082.34,100,22043.539428
10474.772,100,22043.539444
10452.074,100,22043.539458
10622.224,100,22043.539471
10025.847,100,22043.539485
10566.429,100,22043.539499
10123.013,100,22043.539512
10698.127,100,22043.539525
10190.437,100,22044.443822
10759.345,100,22044.443988
10574.944,100,22044.444011
10274.698,100,22044.444026
10737.136,100,22044.44404
10387.669,100,22044.444054
10669.682,100,22044.444068
10529.2,100,22044.444082
10397.071,100,22044.444095
10252.72,100,22044.444108
10375.523,100,22111.68181
10162.552,100,22111.682639
10398.129,100,22111.682839
10970.136,100,22111.683181
10687.918,100,22111.68327
10437.006,100,22111.683345
10382.255,100,22111.683416
10319.448,100,22111.683486
10380.578,100,22111.683557
10478.053,100,22111.683642
10387.184,100,22112.764601
10467.625,100,22112.764751
10482.559,100,22112.764793
10951.711,100,22112.764809
10254.359,100,22112.764822
10576.757,100,22112.764836
10269.264,100,22112.76485
10838.841,100,22112.764866
10689.072,100,22112.76488
10409.195,100,22112.764893
10430.658,100,22113.879601
10693.818,100,22113.879808
10396.537,100,22113.87984
10287.93,100,22113.879857
10784.643,100,22113.879871
10455.08,100,22113.879885
9964.766,100,22113.879899
10474.0,100,22113.879914
10091.931,100,22113.879929
10896.413,100,22113.879943
10753.896,100,22114.814466
10276.814,100,22114.814594
10322.731,100,22114.814617
10344.643,100,22114.814633
10805.901,100,22114.814647
10445.307,100,22114.814661
10198.956,100,22114.814675
10507.768,100,22114.814689
10546.097,100,22114.814702
10399.86,100,22114.814716
10535.765,100,22116.061137
10203.032,100,22116.061296
10589.868,100,22116.061337
10716.335,100,22116.061367
10366.182,100,22116.061392
10452.162,100,22116.061416
10240.617,100,22116.06144
10979.669,100,22116.061469
10548.25,100,22116.06153
10123.941,100,22116.061563
10354.287,100,22190.535875
10446.44,100,22190.536016
10569.544,100,22190.536045
10286.776,100,22190.536061
10588.351,100,22190.536076
10728.252,100,22190.536089
10791.323,100,22190.536103
10639.33,100,22190.536117
10147.284,100,22190.53613
10771.061,100,22190.536144
10660.606,100,22191.551669
10491.982,100,22191.551827
10859.017,100,22191.551855
10766.14,100,22191.551869
11092.715,100,22191.551883
10867.014,100,22191.551896
10492.987,100,22191.55191
10458.182,100,22191.551924
10778.196,100,22191.551938
10970.851,100,22191.551951
10277.529,100,22192.661394
10455.672,100,22192.661575
10368.779,100,22192.661605
10353.782,100,22192.66162
10410.828,100,22192.661634
10765.869,100,22192.661647
10413.671,100,22192.66166
10606.639,100,22192.661673
10358.551,100,22192.661687
10613.188,100,22192.6617
10186.707,100,22224.242906
10100.9795,100,22224.243049
10848.587,100,22224.243076
10563.85,100,22224.243089
10826.984,100,22224.243103
10486.392,100,22224.243116
10556.495,100,22224.243129
10190.948,100,22224.243314
10106.031,100,22224.243329
10571.302,100,22224.243342
10731.049,100,22225.181495
10552.299,100,22225.18164
10587.612,100,22225.181664
10374.677,100,22225.181682
10491.05,100,22225.181717
10683.163,100,22225.181751
11034.789,100,22225.18178
10721.159,100,22225.181796
10582.568,100,22225.181811
10133.19,100,22225.181825
10821.182,100,22291.848604
10682.113,100,22291.848751
10557.858,100,22291.848806
10473.299,100,22291.848822
10837.129,100,22291.848835
10645.201,100,22291.848847
10329.968,100,22291.848859
10358.487,100,22291.848872
10727.822,100,22291.848884
10413.351,100,22291.848896
10731.757,100,22293.476434
10643.183,100,22293.476614
10485.994,100,22293.476638
10469.376,100,22293.476653
10160.437,100,22293.476666
10085.336,100,22293.47668
10682.167,100,22293.476695
10458.499,100,22293.476708
10364.656,100,22293.476721
10312.753,100,22293.476735
10697.312,100,22294.467876
10326.906,100,22294.468015
10591.639,100,22294.468039
10418.397,100,22294.468053
10894.915,100,22294.468066
10612.716,100,22294.468079
10723.808,100,22294.468092
10445.689,100,22294.468105
10779.428,100,22294.468118
10374.013,100,22294.468131
10782.684,100,22295.476341
10283.143,100,22295.477043
10418.108,100,22295.477201
10761.978,100,22295.477296
10621.45,100,22295.47738
10266.813,100,22295.477453
10278.842,100,22295.477468
10893.171,100,22295.477482
10462.144,100,22295.477495
10850.924,100,22295.47751
10292.62,100,22297.321845
10708.842,100,22297.322524
10568.438,100,22297.322689
10857.201,100,22297.322823
10622.812,100,22297.322911
10647.583,100,22297.322993
10473.785,100,22297.323074
10616.004,100,22297.323156
10653.093,100,22297.323238
10648.778,100,22297.323318
10780.307,100,22299.27333
10838.94,100,22299.273449
10395.153,100,22299.273468
10626.199,100,22299.273482
10618.338,100,22299.273493
10579.833,100,22299.273505
10841.714,100,22299.273516
10800.727,100,22299.273527
10974.858,100,22299.273538
10353.608,100,22299.273549
10470.089,100,22366.763705
10481.886,100,22366.76388
9913.051,100,22366.76391
10181.621,100,22366.763927
10294.946,100,22366.763943
10337.948,100,22366.763958
10387.57,100,22366.763973
10641.482,100,22366.763988
10253.542,100,22366.764002
10321.841,100,22366.764016
10506.521,100,22368.11298
10557.142,100,22368.113117
10238.659,100,22368.11314
10317.112,100,22368.113156
10688.134,100,22368.113171
10403.163,100,22368.113184
10459.906,100,22368.113198
10456.338,100,22368.113213
10668.904,100,22368.113227
10561.402,100,22368.113241
10337.642,100,22369.162066
10540.288,100,22369.162231
10471.162,100,22369.162256
10362.14,100,22369.162272
10647.408,100,22369.162287
10551.099,100,22369.162301
10218.553,100,22369.162315
10375.134,100,22369.162329
9942.998,100,22369.162343
10647.823,100,22369.162357
10231.008,100,22370.045681
10199.127,100,22370.045849
10681.691,100,22370.045874
10078.382,100,22370.045892
10710.64,100,22370.045907
10930.041,100,22370.045921
10306.538,100,22370.045935
10025.527,100,22370.045949
10545.715,100,22370.045963
10541.769,100,22370.045978
10611.037,100,22371.008046
10421.965,100,22371.008211
10701.694,100,22371.008249
10366.627,100,22371.00827
10713.591,100,22371.008284
10480.537,100,22371.008297
10437.757,100,22371.008311
11170.127,100,22371.008323
10755.574,100,22371.008337
10749.103,100,22371.00835
10412.293,100,22437.152919
10111.603,100,22437.153084
10505.587,100,22437.153113
10172.867,100,22437.153129
10268.478,100,22437.153142
10432.052,100,22437.153155
10813.843,100,22437.153168
10156.788,100,22437.153181
10039.122,100,22437.153194
10478.716,100,22437.153208
10342.421,100,22438.058584
10855.689,100,22438.058931
10159.837,100,22438.05904
10313.54,100,22438.05906
10763.462,100,22438.059076
10370.699,100,22438.05909
9945.838,100,22438.059104
11021.594,100,22438.059118
10406.737,100,22438.059132
10656.344,100,22438.059146
9949.638,100,22439.594429
10570.889,100,22439.594587
10582.761,100,22439.594611
10706.889,100,22439.594628
10671.432,100,22439.594642
10970.376,100,22439.594656
10646.313,100,22439.59467
10757.377,100,22439.594685
10299.215,100,22439.5947
10022.663,100,22439.594714
10450.933,100,22441.35904
10610.96,100,22441.359234
10591.156,100,22441.359278
10061.628,100,22441.359294
10196.512,100,22441.359307
10256.82,100,22441.35932
10233.419,100,22441.359333
10624.769,100,22441.359345
10788.444,100,22441.359359
10376.978,100,22441.359374
10473.612,100,22442.273508
10202.568,100,22442.273645
10302.166,100,22442.27367
10772.581,100,22442.273687
10857.375,100,22442.273701
10873.454,100,22442.273715
10681.706,100,22442.27373
10601.515,100,22442.273744
10580.035,100,22442.273757
10586.214,100,22442.273797
10748.516,100,22506.819012
10475.671,100,22506.81999
10744.559,100,22506.820242
10088.261,100,22506.820348
10231.991,100,22506.820439
10861.081,100,22506.820524
10590.242,100,22506.820608
10713.286,100,22506.820682
10412.446,100,22506.820697
10496.612,100,22506.820711
10690.909,100,22507.825846
10905.5625,100,22507.825995
10579.113,100,22507.82602
10683.842,100,22507.826036
10761.447,100,22507.82605
10392.512,100,22507.826064
10453.51,100,22507.826077
10572.025,100,22507.826091
10828.257,100,22507.826105
10325.828,100,22507.826119
10082.915,100,22509.187117
10657.09,100,22509.187316
10600.383,100,22509.187364
10603.44,100,22509.187397
10772.365,100,22509.187428
10319.874,100,22509.187458
10823.501,100,22509.187485
10337.818,100,22509.187515
10679.034,100,22509.187543
10249.668,100,22509.18757
10674.692,100,22510.421914
10097.626,100,22510.422091
10340.109,100,22510.422117
10422.069,100,22510.422135
10658.372,100,22510.422152
10706.281,100,22510.422168
9955.209,100,22510.422185
10171.507,100,22510.422202
10461.066,100,22510.422219
10926.74,100,22510.422236
10478.362,100,22511.750834
10476.73,100,22511.750972
10400.903,100,22511.750996
10588.403,100,22511.751012
10649.73,100,22511.751025
10891.699,100,22511.751039
10114.347,100,22511.751053
10263.828,100,22511.751066
10758.745,100,22511.751081
10542.948,100,22511.751095
10433.536,100,22575.343027
10817.09,100,22575.343194
10251.018,100,22575.343239
10734.609,100,22575.34327
10131.963,100,22575.343298
10914.87,100,22575.343325
10777.475,100,22575.343351
10186.181,100,22575.343378
10994.842,100,22575.343404
10320.015,100,22575.343429
10553.327,100,22577.0795
10425.566,100,22577.079881
10623.876,100,22577.080014
10905.652,100,22577.080106
10098.606,100,22577.080212
10715.974,100,22577.080311
10663.034,100,22577.080405
10569.4795,100,22577.080499
10297.205,100,22577.080593
10188.997,100,22577.080686
10676.449,100,22578.019566
10745.24,100,22578.019724
10518.956,100,22578.019749
10306.005,100,22578.019784
10824.669,100,22578.019799
10887.105,100,22578.019813
10399.296,100,22578.019827
10514.663,100,22578.01984
10590.859,100,22578.019854
10586.816,100,22578.019871
10626.707,100,22579.870863
10455.812,100,22579.871023
10442.528,100,22579.871047
10716.577,100,22579.871063
10268.532,100,22579.871076
10607.571,100,22579.871089
10716.78,100,22579.871102
10552.073,100,22579.871116
10566.953,100,22579.871129
10829.505,100,22579.871142
10362.147,100,22580.845068
10764.687,100,22580.845234
10447.222,100,22580.845258
10766.815,100,22580.845273
10044.49,100,22580.845286
10724.771,100,22580.845299
10343.999,100,22580.845312
10169.566,100,22580.845325
10257.515,100,22580.845338
10620.659,100,22580.845351
10449.755,100,22644.618786
10591.024,100,22644.618928
11065.238,100,22644.618955
10628.728,100,22644.61897
10582.786,100,22644.618985
10622.765,100,22644.618999
10234.981,100,22644.619012
10192.266,100,22644.619027
10401.47,100,22644.61904
10762.798,100,22644.619054
10806.7295,100,22645.53616
10435.069,100,22645.536292
10708.268,100,22645.536314
10455.402,100,22645.53633
10704.5,100,22645.536344
10403.615,100,22645.536358
10923.242,100,22645.536372
10309.487,100,22645.536386
10434.36,100,22645.5364
10593.062,100,22645.536414
10474.398,100,22647.06543
10509.049,100,22647.065889
10826.598,100,22647.065954
10606.598,100,22647.06599
10562.903,100,22647.066021
10662.356,100,22647.06605
10673.227,100,22647.066077
10861.393,100,22647.066103
10966.583,100,22647.066128
10433.709,100,22647.066172
10647.591,100,22648.425945
10669.526,100,22648.426092
10742.373,100,22648.426113
10514.808,100,22648.426126
10286.453,100,22648.42614
10368.936,100,22648.426152
10712.059,100,22648.426164
10577.836,100,22648.426177
10436.081,100,22648.426188
10237.195,100,22648.4262
10694.52,100,22649.397658
10496.511,100,22649.397812
9982.035,100,22649.397837
10295.474,100,22649.397853
10504.959,100,22649.397866
10170.222,100,22649.397879
10717.536,100,22649.397892
10529.675,100,22649.397906
10742.028,100,22649.397919
10436.022,100,22649.397932
10439.611,100,22715.109977
10512.181,100,22715.11012
10675.566,100,22715.110147
10278.542,100,22715.110163
10471.099,100,22715.110177
10298.552,100,22715.110191
9932.363,100,22715.110205
10414.027,100,22715.110219
10626.667,100,22715.110233
10788.36,100,22715.110246
10854.408,100,22716.193374
10647.956,100,22716.193556
10137.485,100,22716.193599
10184.997,100,22716.193614
10734.072,100,22716.19363
10723.894,100,22716.193645
10458.133,100,22716.19366
10507.148,100,22716.193674
10411.48,100,22716.19369
10817.787,100,22716.193706
10655.1875,100,22717.504739
10993.829,100,22717.504898
9937.337,100,22717.504923
10551.867,100,22717.504939
10690.835,100,22717.504954
10801.282,100,22717.505007
10587.394,100,22717.505022
10295.481,100,22717.505109
10618.624,100,22717.505126
10204.872,100,22717.50514
10951.677,100,22718.500809
10403.939,100,22718.500949
10695.466,100,22718.500972
10581.694,100,22718.500987
10210.494,100,22718.501
10925.28,100,22718.501014
10695.38,100,22718.501026
10261.257,100,22718.50104
10798.315,100,22718.501052
10783.484,100,22718.501065
10627.898,100,22719.40866
10661.125,100,22719.408849
10611.885,100,22719.408874
10502.967,100,22719.408891
10533.737,100,22719.408905
10927.195,100,22719.408919
10169.676,100,22719.408932
10774.772,100,22719.408946
10631.931,100,22719.408959
10741.436,100,22719.408973
10506.034,100,22781.869242
10334.696,100,22781.869389
10513.965,100,22781.869415
10565.684,100,22781.869431
10317.019,100,22781.869445
10497.187,100,22781.869458
10039.823,100,22781.869473
10678.477,100,22781.869486
10455.079,100,22781.8695
10470.572,100,22781.869515
10719.658,100,22782.845243
10598.2295,100,22782.845384
10870.32,100,22782.845409
10692.611,100,22782.845425
10996.457,100,22782.845439
10670.046,100,22782.845454
10624.587,100,22782.845468
10538.301,100,22782.845481
10563.175,100,22782.845494
10767.709,100,22782.845508
10857.654,100,22783.794456
10677.393,100,22783.794621
10409.522,100,22783.794644
10694.195,100,22783.79466
10432.43,100,22783.794675
10521.934,100,22783.794688
10373.163,100,22783.7947
10628.057,100,22783.794714
10665.989,100,22783.794728
10732.749,100,22783.79474
10691.835,100,22784.728853
10602.956,100,22784.728999
10980.893,100,22784.729024
10521.297,100,22784.729039
10657.034,100,22784.729196
10450.314,100,22784.729211
10935.248,100,22784.729225
10442.563,100,22784.729239
10266.013,100,22784.729254
10637.248,100,22784.729267
10731.777,100,22785.863883
10452.936,100,22785.86403
10722.759,100,22785.864057
11315.434,100,22785.864073
10976.269,100,22785.864087
10711.149,100,22785.864102
9880.55,100,22785.864116
10143.378,100,22785.86413
10077.79,100,22785.864144
10704.564,100,22785.864158
10229.058,100,22859.940524
10113.521,100,22859.94068
10578.658,100,22859.940712
10182.659,100,22859.940728
10305.277,100,22859.940743
10281.396,100,22859.940757
10236.718,100,22859.940789
10184.874,100,22859.940805
10710.969,100,22859.94082
10067.819,100,22859.940835
10677.166,100,22862.213005
10474.322,100,22862.213363
10193.909,100,22862.21382
10236.76,100,22862.213931
10927.52,100,22862.214007
10440.329,100,22862.214078
10908.467,100,22862.214149
10596.0205,100,22862.214221
10275.379,100,22862.214294
10835.956,100,22862.214369
10568.793,100,22863.150037
10562.219,100,22863.150174
10677.161,100,22863.150198
10294.158,100,22863.150214
10135.572,100,22863.150228
10457.017,100,22863.150242
10695.683,100,22863.150279
10724.524,100,22863.150314
10496.814,100,22863.150329
10767.958,100,22863.150343
10457.479,100,22864.030683
10513.076,100,22864.030833
10711.652,100,22864.030857
10658.366,100,22864.030871
10797.088,100,22864.030886
10614.787,100,22864.030899
10626.573,100,22864.030912
10369.787,100,22864.030926
10359.469,100,22864.030938
10376.399,100,22864.030951
10310.721,100,22864.986423
10691.67,100,22864.986618
10190.256,100,22864.986642
10728.521,100,22864.986656
10668.435,100,22864.98667
10555.847,100,22864.986684
10160.258,100,22864.986697
10257.466,100,22864.986711
10465.666,100,22864.986723
10459.785,100,22864.986737
10578.662,100,22930.878788
10423.15,100,22930.878942
10576.513,100,22930.87897
10486.386,100,22930.878989
10542.75,100,22930.879005
11047.546,100,22930.87902
10313.842,100,22930.879035
10665.573,100,22930.879051
10792.982,100,22930.879066
10639.165,100,22930.879082
10479.834,100,22931.801119
10403.753,100,22931.80127
10655.583,100,22931.801293
10613.651,100,22931.80131
10242.847,100,22931.801323
10726.615,100,22931.801337
10667.479,100,22931.801351
10615.467,100,22931.801365
10663.958,100,22931.801378
10613.503,100,22931.801391
10199.555,100,22951.051345
10507.352,100,22951.051674
10255.37,100,22951.051719
10822.29,100,22951.051736
10609.31,100,22951.051752
10847.895,100,22951.051815
10095.211,100,22951.05183
10662.613,100,22951.051845
10648.534,100,22951.05186
10620.989,100,22951.051874
10986.277,100,22952.002213
10300.137,100,22952.002384
11131.787,100,22952.002411
10793.31,100,22952.002427
10559.245,100,22952.002442
10615.559,100,22952.002457
10669.318,100,22952.002471
10585.123,100,22952.002486
10777.869,100,22952.0025
10878.395,100,22952.002515
10479.815,100,22952.946835
10816.376,100,22952.946974
10239.367,100,22952.946999
10247.331,100,22952.947017
10230.195,100,22952.947034
10266.871,100,22952.94705
10274.887,100,22952.947067
10711.029,100,22952.947084
10693.328,100,22952.947101
10449.766,100,22952.947119
11069.792,100,22953.890226
10951.695,100,22953.890406
10783.411,100,22953.89043
11226.8545,100,22953.890448
10677.383,100,22953.890464
10957.973,100,22953.890479
10206.171,100,22953.890493
10641.294,100,22953.890507
10752.473,100,22953.890521
10774.385,100,22953.890535
10539.516,100,23015.247508
10551.456,100,23015.247693
10810.842,100,23015.247726
10513.568,100,23015.247742
10487.765,100,23015.247756
10713.652,100,23015.247784
10488.479,100,23015.247797
10553.243,100,23015.247811
10527.402,100,23015.247825
10350.983,100,23015.247839
10933.959,100,23016.974268
10632.158,100,23016.974433
10449.643,100,23016.97446
10408.888,100,23016.974477
10594.781,100,23016.974491
10601.612,100,23016.974506
10714.125,100,23016.97452
10298.698,100,23016.974534
10588.3955,100,23016.974548
10483.216,100,23016.974563
10418.291,100,23020.061999
10383.585,100,23020.062159
10667.529,100,23020.062185
10268.325,100,23020.062201
10055.602,100,23020.062215
10352.073,100,23020.062228
10360.293,100,23020.062242
10558.52,100,23020.062256
10232.052,100,23020.062268
10277.881,100,23020.062282
10918.872,100,23021.435818
10775.615,100,23021.436001
10754.755,100,23021.436028
10908.722,100,23021.436044
10783.595,100,23021.436058
10630.445,100,23021.436072
10660.632,100,23021.436086
10527.12,100,23021.436101
10816.607,100,23021.436116
10508.296,100,23021.436131
10528.428,100,23022.478482
10433.948,100,23022.47862
9985.229,100,23022.478644
10638.128,100,23022.47866
10216.6045,100,23022.478673
10167.389,100,23022.478687
10480.7295,100,23022.478701
10492.846,100,23022.478715
10890.646,100,23022.478728
10333.984,100,23022.478741
10610.124,100,23089.260149
10754.719,100,23089.26058
10241.86,100,23089.260632
10461.945,100,23089.260648
10711.54,100,23089.260663
10179.062,100,23089.260677
10039.813,100,23089.26069
10606.722,100,23089.260704
10159.671,100,23089.260718
10286.782,100,23089.260732
10676.201,100,23090.192407
10622.26,100,23090.192552
10239.779,100,23090.192576
10558.678,100,23090.192592
10606.694,100,23090.192625
10735.765,100,23090.192658
10632.294,100,23090.192672
10513.606,100,23090.192686
10999.679,100,23090.1927
10966.695,100,23090.192715
11048.953,100,23091.209364
10627.891,100,23091.209533
10243.151,100,23091.209555
10441.123,100,23091.20957
10681.681,100,23091.209583
10740.102,100,23091.209596
10659.015,100,23091.209609
10251.92,100,23091.209622
10572.049,100,23091.209635
10685.385,100,23091.209648
11066.044,100,23092.351504
10690.697,100,23092.351646
10882.375,100,23092.351672
10287.875,100,23092.351688
10347.293,100,23092.351702
10470.964,100,23092.351716
10813.541,100,23092.351729
10448.6875,100,23092.351743
10409.228,100,23092.351757
10699.946,100,23092.351783
10518.264,100,23093.321833
10223.834,100,23093.321965
10411.211,100,23093.32199
10500.0205,100,23093.322006
10641.442,100,23093.322021
10559.295,100,23093.322036
10489.694,100,23093.322059
10668.91,100,23093.322073
10769.503,100,23093.322086
10620.368,100,23093.32214
10533.666,100,23160.338367
10717.365,100,23160.33851
10483.326,100,23160.338536
10114.769,100,23160.338552
10198.019,100,23160.338567
10215.911,100,23160.33858
10679.906,100,23160.338595
10455.589,100,23160.338609
10750.007,100,23160.338623
10443.4375,100,23160.338636
10568.457,100,23161.223505
9874.787,100,23161.223621
10434.703,100,23161.223646
10741.302,100,23161.223661
10769.282,100,23161.223676
10342.014,100,23161.22369
10473.821,100,23161.223704
10530.27,100,23161.223718
10264.852,100,23161.223732
10887.008,100,23161.223747
10500.582,100,23162.84305
10613.127,100,23162.843201
10772.514,100,23162.843239
10689.06,100,23162.843267
10772.153,100,23162.843292
10393.668,100,23162.843315
10158.638,100,23162.843338
10706.277,100,23162.843364
10630.691,100,23162.843386
10502.333,100,23162.843409
10292.124,100,23163.782424
10669.559,100,23163.782579
10726.703,100,23163.782604
10409.351,100,23163.782619
10466.311,100,23163.782633
10447.608,100,23163.782646
10212.955,100,23163.782659
10699.141,100,23163.782672
10542.481,100,23163.782685
10760.278,100,23163.782698
10801.596,100,23164.749812
10727.21,100,23164.749985
10433.361,100,23164.750012
10534.923,100,23164.750028
10394.975,100,23164.750042
10225.103,100,23164.750056
9861.608,100,23164.75007
10639.35,100,23164.750085
10532.031,100,23164.750098
10404.856,100,23164.750112
10470.39,100,23229.736846
10842.746,100,23229.73702
10520.43,100,23229.737065
10501.432,100,23229.737098
10238.3125,100,23229.737127
10419.915,100,23229.737155
10509.9795,100,23229.737183
10145.397,100,23229.73721
10628.154,100,23229.737236
10476.583,100,23229.737262
10361.484,100,23231.39192
10736.4,100,23231.39209
10722.278,100,23231.392115
10477.143,100,23231.392132
10660.522,100,23231.392147
10478.436,100,23231.392162
10687.944,100,23231.392176
10623.14,100,23231.392191
10269.265,100,23231.392205
10363.013,100,23231.392219
10231.85,100,23232.530741
10569.427,100,23232.530898
10607.179,100,23232.530923
10398.717,100,23232.530938
10564.52,100,23232.530951
10130.691,100,23232.530964
10772.109,100,23232.530977
10610.187,100,23232.530991
10512.782,100,23232.531004
10480.781,100,23232.531017
10483.912,100,23233.447661
10649.614,100,23233.447805
10670.957,100,23233.44783
10351.155,100,23233.447846
10659.573,100,23233.44786
10548.856,100,23233.447874
10563.568,100,23233.447888
10473.16,100,23233.447902
10798.383,100,23233.447916
10276.993,100,23233.44793
10422.12,100,23234.342521
10681.97,100,23234.342655
10503.41,100,23234.342679
11061.806,100,23234.342695
10495.784,100,23234.34271
10329.355,100,23234.342724
10586.254,100,23234.342737
10244.003,100,23234.342752
10917.687,100,23234.34278
10502.103,100,23234.342794
10330.092,100,23300.082067
10572.257,100,23300.082215
10030.807,100,23300.082242
9967.958,100,23300.082259
10811.432,100,23300.082274
10232.453,100,23300.082288
10616.523,100,23300.082303
10505.113,100,23300.082318
10839.401,100,23300.082332
10882.647,100,23300.082346
10535.945,100,23300.96119
10450.013,100,23300.96135
10140.935,100,23300.961395
10622.221,100,23300.961412
10875.499,100,23300.961426
10855.173,100,23300.96144
11015.247,100,23300.961453
10531.179,100,23300.961467
10676.819,100,23300.961481
10400.322,100,23300.961497
10457.146,100,23301.843189
11232.763,100,23301.843343
10318.44,100,23301.843369
10131.622,100,23301.843383
10555.956,100,23301.843397
10489.625,100,23301.84341
10667.361,100,23301.843425
10672.233,100,23301.843438
10474.903,100,23301.843451
10538.594,100,23301.843464
10853.186,100,23302.761674
10528.904,100,23302.761823
10537.553,100,23302.761848
10299.576,100,23302.761864
10752.646,100,23302.761878
10918.597,100,23302.761892
10799.317,100,23302.761906
10509.26,100,23302.761919
10424.293,100,23302.761933
10632.327,100,23302.761947
10398.02,100,23303.659584
10338.7,100,23303.659714
10288.294,100,23303.659738
10245.543,100,23303.659754
10206.858,100,23303.659788
10808.488,100,23303.659802
10146.008,100,23303.659816
10450.789,100,23303.659829
10401.467,100,23303.659843
10304.49,100,23303.659858
11100.749,100,23370.265711
10553.408,100,23370.265898
10901.608,100,23370.265941
10610.1455,100,23370.26597
10361.549,100,23370.265998
10251.209,100,23370.266023
10797.312,100,23370.266048
10215.872,100,23370.266072
10879.071,100,23370.266095
10905.718,100,23370.266118
10767.07,100,23371.38027
10777.82,100,23371.380692
10335.857,100,23371.380816
10598.561,100,23371.380839
10683.621,100,23371.380854
10481.119,100,23371.38087
10487.0205,100,23371.380884
10455.603,100,23371.380899
10447.186,100,23371.380913
10668.385,100,23371.380925
10494.994,100,23372.419144
10203.674,100,23372.419291
10800.143,100,23372.419318
10755.84,100,23372.419334
10698.867,100,23372.41935
10527.395,100,23372.419364
10561.65,100,23372.419379
10108.244,100,23372.419394
10803.266,100,23372.419407
10275.959,100,23372.419422
10468.051,100,23373.537818
10181.187,100,23373.537959
10575.299,100,23373.537986
10436.376,100,23373.538002
10605.46,100,23373.538018
10244.77,100,23373.538033
11204.583,100,23373.538048
10571.735,100,23373.538062
10471.044,100,23373.538076
10260.322,100,23373.53809
10399.252,100,23374.529857
10798.75,100,23374.530207
10777.595,100,23374.530249
10812.303,100,23374.530266
10686.921,100,23374.530282
10683.133,100,23374.530295
10575.211,100,23374.53031
10376.417,100,23374.530324
10405.153,100,23374.530338
10731.663,100,23374.530351
10389.41,100,23448.9929
10687.03,100,23448.993021
10501.07,100,23448.993048
10353.178,100,23448.993062
10500.978,100,23448.993075
10847.86,100,23448.993088
10499.572,100,23448.9931
10438.392,100,23448.993113
10337.5,100,23448.993124
10427.953,100,23448.993137
10730.327,100,23453.36755
10912.383,100,23453.367802
10623.129,100,23453.367872
10621.311,100,23453.367892
11058.758,100,23453.367906
10792.169,100,23453.367921
10396.05,100,23453.367935
10611.312,100,23453.367949
11071.95,100,23453.367963
10716.239,100,23453.367976
10259.099,100,23454.34265
10604.064,100,23454.342815
10339.622,100,23454.342844
10706.65,100,23454.34286
10888.925,100,23454.342875
10678.531,100,23454.342889
10398.106,100,23454.342904
10675.094,100,23454.342919
10277.716,100,23454.342932
10737.769,100,23454.342946
10716.741,100,23455.262292
10571.858,100,23455.262488
10734.097,100,23455.262511
10480.544,100,23455.262527
10345.001,100,23455.26254
10708.241,100,23455.262555
10408.336,100,23455.262569
10897.641,100,23455.262583
10393.075,100,23455.262596
10671.167,100,23455.26261
10386.959,100,23456.641195
10769.339,100,23456.641381
10363.859,100,23456.641423
10569.287,100,23456.641453
10704.457,100,23456.641481
10724.216,100,23456.641507
10715.836,100,23456.641533
10769.823,100,23456.641561
10492.953,100,23456.641587
10762.458,100,23456.641613
10834.491,100,23518.318753
10483.998,100,23518.318918
10379.347,100,23518.318947
10417.452,100,23518.318963
10610.458,100,23518.318978
10605.173,100,23518.318994
10460.187,100,23518.31901
10674.222,100,23518.319026
10301.425,100,23518.319041
10607.308,100,23518.319074
10706.688,100,23519.242756
10628.245,100,23519.242913
10785.192,100,23519.242936
10738.49,100,23519.242952
10277.541,100,23519.242966
10528.993,100,23519.24298
10595.986,100,23519.242994
10791.992,100,23519.243007
10306.989,100,23519.243021
10391.095,100,23519.243034
10487.032,100,23520.139671
10148.723,100,23520.139828
10704.367,100,23520.139857
10410.433,100,23520.139872
10557.269,100,23520.139886
10813.421,100,23520.139899
10509.852,100,23520.139913
10905.847,100,23520.139927
10189.895,100,23520.139943
10434.833,100,23520.139958
10502.084,100,23521.805535
10502.499,100,23521.805909
10689.502,100,23521.806065
10555.434,100,23521.806088
10891.777,100,23521.806104
10153.331,100,23521.80612
10582.829,100,23521.806136
10435.402,100,23521.806151
10616.8125,100,23521.806167
9868.747,100,23521.806183
10064.123,100,23525.10485
10713.841,100,23525.105004
10862.103,100,23525.105028
10522.461,100,23525.105043
10445.378,100,23525.105058
10653.178,100,23525.105071
10353.107,100,23525.105083
10936.652,100,23525.105097
10991.177,100,23525.105109
10538.66,100,23525.105123
10758.502,100,23526.977612
10557.8545,100,23526.977783
10516.524,100,23526.977811
10068.709,100,23526.977828
10926.896,100,23526.977841
10293.421,100,23526.977854
10850.036,100,23526.977868
10722.12,100,23526.980021
10500.079,100,23526.980087
10702.851,100,23526.980104
10768.194,100,23590.630397
10489.86,100,23590.63054
10069.192,100,23590.630569
10351.371,100,23590.630583
10646.011,100,23590.630597
10722.085,100,23590.63061
10996.649,100,23590.630623
10686.902,100,23590.630636
11119.4,100,23590.630649
10846.117,100,23590.630662
10543.046,100,23591.879448
10750.445,100,23591.879594
10440.746,100,23591.879616
10318.779,100,23591.879629
10413.604,100,23591.879642
10706.776,100,23591.879655
10690.825,100,23591.879667
10567.124,100,23591.87968
10281.338,100,23591.879693
10402.54,100,23591.879705
10596.426,100,23594.185807
10544.173,100,23594.186451
10349.566,100,23594.186518
10315.076,100,23594.186535
10374.7,100,23594.186548
10524.083,100,23594.186561
10404.679,100,23594.186574
10324.1875,100,23594.186587
10015.4375,100,23594.186599
10365.527,100,23594.186611
10634.436,100,23595.149377
10618.522,100,23595.149553
10568.11,100,23595.149576
10779.176,100,23595.149592
10538.653,100,23595.149606
10535.681,100,23595.14962
10608.315,100,23595.149635
10780.777,100,23595.149648
10588.566,100,23595.149662
10460.901,100,23595.149675
10879.642,100,23597.048238
10938.8955,100,23597.048375
10664.228,100,23597.048398
10750.177,100,23597.048412
10786.456,100,23597.048426
10568.606,100,23597.048438
10123.471,100,23597.04845
10665.798,100,23597.048463
10739.161,100,23597.048476
10843.002,100,23597.048488
10159.079,100,23679.000887
10568.531,100,23679.001055
10367.859,100,23679.001081
10520.009,100,23679.001096
10508.611,100,23679.001109
10468.214,100,23679.001123
10550.939,100,23679.001137
10629.131,100,23679.001151
10823.338,100,23679.001164
10673.596,100,23679.001178
10608.472,100,23679.939292
10446.376,100,23679.939426
10293.343,100,23679.93945
10884.185,100,23679.939465
10529.574,100,23679.939477
10701.163,100,23679.939491
10554.223,100,23679.939504
10479.549,100,23679.939517
10782.973,100,23679.93953
10801.328,100,23679.939543
10263.674,100,23680.923009
10795.622,100,23680.923711
10285.109,100,23680.923791
10918.652,100,23680.92381
10796.044,100,23680.923825
10170.9795,100,23680.923838
10703.651,100,23680.923853
10554.423,100,23680.923867
10256.775,100,23680.923881
10737.593,100,23680.923895
10930.344,100,23681.86964
10224.9795,100,23681.869802
10900.076,100,23681.869828
10174.21,100,23681.869845
10278.419,100,23681.869859
10094.873,100,23681.869872
10201.266,100,23681.869885
10470.876,100,23681.869899
10761.866,100,23681.869912
10678.712,100,23681.869926
10427.742,100,23682.955027
10670.048,100,23682.955162
10576.337,100,23682.955186
10183.67,100,23682.955202
10741.643,100,23682.955216
10427.722,100,23682.95523
10577.754,100,23682.955263
10803.792,100,23682.955295
10400.387,100,23682.955312
10480.305,100,23682.955327
10265.83,100,23749.772085
10764.474,100,23749.772227
10103.767,100,23749.772254
10392.844,100,23749.772269
10711.344,100,23749.772283
10468.736,100,23749.772296
10321.701,100,23749.77231
10697.138,100,23749.772323
10692.86,100,23749.772336
10699.622,100,23749.772349
10240.819,100,23750.679085
10564.726,100,23750.679241
10453.569,100,23750.679266
10754.655,100,23750.679282
10311.892,100,23750.679295
10636.88,100,23750.679308
10618.639,100,23750.679322
10723.439,100,23750.679337
10758.627,100,23750.679349
10579.039,100,23750.679363
10530.872,100,23751.663127
10769.864,100,23751.663296
10568.386,100,23751.663318
10173.184,100,23751.663334
10429.482,100,23751.663347
10745.374,100,23751.66336
10903.432,100,23751.663374
10626.515,100,23751.663388
10240.167,100,23751.663401
10237.405,100,23751.663414
10408.795,100,23752.592695
10776.982,100,23752.592882
10109.979,100,23752.592906
10602.896,100,23752.592921
10764.636,100,23752.592935
10529.214,100,23752.592948
10719.777,100,23752.592962
10929.427,100,23752.592975
10735.992,100,23752.592988
10917.274,100,23752.593002
10552.05,100,23753.478161
10718.432,100,23753.478297
10687.451,100,23753.478321
10684.926,100,23753.478336
10892.793,100,23753.478351
10682.506,100,23753.478364
10625.675,100,23753.478378
10547.038,100,23753.478391
10785.584,100,23753.478405
10340.631,100,23753.478418
10943.823,100,23820.282463
10619.507,100,23820.282629
10320.264,100,23820.282654
10730.526,100,23820.282669
10518.211,100,23820.282683
10706.376,100,23820.282696
10294.592,100,23820.282709
10499.153,100,23820.282722
9812.513,100,23820.282735
10409.594,100,23820.282749
10191.193,100,23821.179929
10759.692,100,23821.180095
10180.72,100,23821.180119
10539.952,100,23821.180134
10787.767,100,23821.180149
10247.013,100,23821.180162
10577.709,100,23821.180175
10757.21,100,23821.180188
10513.587,100,23821.180201
10756.625,100,23821.180214
10739.998,100,23822.09046
10626.46,100,23822.090602
10632.526,100,23822.090625
10762.039,100,23822.090642
10633.024,100,23822.090656
10933.042,100,23822.09067
10160.805,100,23822.090684
10688.902,100,23822.090698
10837.31,100,23822.090712
10218.7705,100,23822.090726
10537.079,100,23822.951138
10249.505,100,23822.9513
11072.455,100,23822.951324
10722.2705,100,23822.95134
10437.388,100,23822.951355
10888.078,100,23822.95137
10721.725,100,23822.951383
10779.419,100,23822.951396
10052.077,100,23822.95141
10393.055,100,23822.951424
10855.483,100,23823.99282
9908.704,100,23823.992952
10493.75,100,23823.992976
10711.003,100,23823.992991
10699.532,100,23823.993005
10896.11,100,23823.993017
10875.867,100,23823.993031
10706.469,100,23823.993044
10560.25,100,23823.993057
10312.445,100,23823.993071
10618.582,100,23888.879935
10356.714,100,23888.880231
10564.87,100,23888.880263
10459.866,100,23888.880281
10492.95,100,23888.880381
10562.243,100,23888.880395
10793.637,100,23888.880409
10374.627,100,23888.880424
10637.458,100,23888.880438
10614.775,100,23888.880792
10602.482,100,23891.14696
10461.58,100,23891.14711
10728.863,100,23891.147134
10116.436,100,23891.147151
10683.041,100,23891.147166
10421.593,100,23891.147181
10560.883,100,23891.147196
10981.312,100,23891.14721
10377.537,100,23891.147224
10499.9375,100,23891.147238
10721.642,100,23892.086388
10460.026,100,23892.086545
10440.874,100,23892.086566
10561.496,100,23892.086581
10592.332,100,23892.086594
10329.601,100,23892.086607
10584.204,100,23892.08662
10605.283,100,23892.086634
10859.27,100,23892.086646
10658.636,100,23892.086659
10479.643,100,23893.019979
11030.186,100,23893.020118
10904.858,100,23893.020142
10558.778,100,23893.020158
10497.117,100,23893.020172
10776.932,100,23893.020185
10402.671,100,23893.020198
10572.607,100,23893.020211
10414.452,100,23893.020225
11221.406,100,23893.020237
10258.245,100,23893.932461
10467.101,100,23893.932599
10814.649,100,23893.932623
10706.557,100,23893.932663
10542.076,100,23893.932698
10628.973,100,23893.932712
10580.241,100,23893.932726
10729.221,100,23893.93274
10646.089,100,23893.932756
10471.045,100,23893.932793
11153.364,100,23956.938061
10333.625,100,23956.938249
10608.191,100,23956.938276
10859.214,100,23956.938293
10209.384,100,23956.938308
10806.802,100,23956.938322
10751.543,100,23956.938337
10626.103,100,23956.93835
10712.994,100,23956.938364
10523.043,100,23956.938378
10455.091,100,23957.880101
10438.487,100,23957.880246
10439.331,100,23957.880269
10931.152,100,23957.880284
10905.395,100,23957.880298
10688.021,100,23957.880312
10706.574,100,23957.880326
10184.727,100,23957.88034
10288.945,100,23957.880353
10688.049,100,23957.880367
10659.929,100,23958.821877
10390.352,100,23958.822015
10046.811,100,23958.82204
10836.1875,100,23958.822055
10391.471,100,23958.822069
10731.909,100,23958.822082
10694.786,100,23958.822095
10576.618,100,23958.822108
10616.484,100,23958.822121
10373.544,100,23958.822134
10785.445,100,23959.844415
10610.056,100,23959.844604
10833.796,100,23959.844628
10636.62,100,23959.844644
10682.308,100,23959.844658
10561.665,100,23959.844671
10453.633,100,23959.844684
10591.568,100,23959.844697
10492.182,100,23959.844711
10639.748,100,23959.844725
10540.233,100,23960.844269
10460.541,100,23960.844421
10618.323,100,23960.844446
10503.4375,100,23960.844461
10642.763,100,23960.844477
10238.348,100,23960.844491
10610.794,100,23960.844505
10498.61,100,23960.84452
10416.064,100,23960.844534
10623.718,100,23960.844548
10368.373,100,24020.827682
10476.923,100,24020.827848
10524.805,100,24020.827879
10538.317,100,24020.827893
10169.926,100,24020.827907
10225.421,100,24020.82792
10979.851,100,24020.827934
10294.655,100,24020.827947
10738.422,100,24020.82796
10687.319,100,24020.827973
10773.384,100,24021.72174
10085.015,100,24021.722068
10271.652,100,24021.722171
10562.121,100,24021.722195
10947.617,100,24021.722211
10652.436,100,24021.722224
11219.242,100,24021.722237
10538.116,100,24021.72225
10628.056,100,24021.722263
10645.228,100,24021.722276
10603.8125,100,24022.703916
10430.622,100,24022.704071
10468.488,100,24022.704094
10531.345,100,24022.70411
10287.582,100,24022.704125
10610.623,100,24022.704139
10504.195,100,24022.704153
11039.853,100,24022.704166
10706.537,100,24022.70418
10441.744,100,24022.704194
10643.04,100,24023.656151
10975.883,100,24023.6563
10384.107,100,24023.656327
10400.232,100,24023.656342
10875.139,100,24023.656356
10659.599,100,24023.65637
10743.2295,100,24023.656384
10541.4795,100,24023.6564
10256.663,100,24023.656414
10528.419,100,24023.656427
10450.583,100,24027.952513
10712.977,100,24027.953636
11065.062,100,24027.953754
10659.911,100,24027.953809
10498.28,100,24027.95384
10706.866,100,24027.95387
10488.473,100,24027.953898
10618.471,100,24027.953925
10614.025,100,24027.953952
10279.884,100,24027.953978
10333.786,100,24097.969881
10865.652,100,24097.970033
10341.4,100,24097.970059
10807.296,100,24097.970076
10246.069,100,24097.970091
10669.313,100,24097.970106
10458.723,100,24097.970121
10406.173,100,24097.970136
10323.761,100,24097.970151
10368.599,100,24097.970165
10503.471,100,24098.933988
10595.05,100,24098.934106
10426.322,100,24098.934126
10575.318,100,24098.934138
10493.515,100,24098.934149
10541.6045,100,24098.93416
10776.449,100,24098.93417
10793.71,100,24098.93418
10569.465,100,24098.934191
10735.602,100,24098.9342
10508.433,100,24099.820085
10381.63,100,24099.820221
10387.808,100,24099.820244
10821.607,100,24099.820259
11113.781,100,24099.820272
10588.243,100,24099.820286
10407.902,100,24099.8203
10428.8955,100,24099.820313
11027.218,100,24099.820327
10538.508,100,24099.820339
11006.718,100,24101.953519
10662.013,100,24101.953667
10477.994,100,24101.953704
10542.376,100,24101.953733
10361.658,100,24101.953777
10759.824,100,24101.953803
10815.28,100,24101.953828
10902.943,100,24101.953852
10825.213,100,24101.953877
10770.931,100,24101.953899
10692.292,100,24102.916063
10697.965,100,24102.916798
10568.788,100,24102.916872
10633.714,100,24102.91689
10386.933,100,24102.916905
11014.856,100,24102.916919
10561.403,100,24102.916933
10220.333,100,24102.916947
10867.473,100,24102.91696
10832.739,100,24102.916974
10634.65,100,24103.823677
10450.947,100,24103.82441
10442.203,100,24103.824566
10703.298,100,24103.824651
10407.15,100,24103.824734
10570.465,100,24103.824998
10576.182,100,24103.82502
10427.705,100,24103.825035
10684.62,100,24103.825049
10837.738,100,24103.825064
10649.471,100,24171.873886
10775.582,100,24171.874032
10633.225,100,24171.874058
10606.415,100,24171.874073
10520.7705,100,24171.874088
10872.085,100,24171.874102
10613.157,100,24171.874117
10706.374,100,24171.87413
10591.037,100,24171.874144
10883.951,100,24171.874158
10857.276,100,24172.811402
10632.345,100,24172.811539
10511.559,100,24172.811561
10885.519,100,24172.811575
10288.858,100,24172.811588
10709.136,100,24172.811601
10422.208,100,24172.811615
10909.628,100,24172.811627
10318.456,100,24172.81164
10521.208,100,24172.811654
10521.61,100,24173.771858
10686.59,100,24173.772024
10396.417,100,24173.772047
11089.048,100,24173.772062
10335.545,100,24173.772076
10587.785,100,24173.77209
10522.601,100,24173.772103
10441.669,100,24173.772117
10237.168,100,24173.77213
10537.347,100,24173.772143
10341.206,100,24174.789515
10438.176,100,24174.789662
10587.857,100,24174.789684
11088.552,100,24174.789698
10946.025,100,24174.789712
10636.665,100,24174.789726
10869.567,100,24174.789739
10643.83,100,24174.789752
10560.681,100,24174.789778
10392.305,100,24174.789791
10501.328,100,24176.915085
10485.027,100,24176.91526
10397.096,100,24176.915284
11251.795,100,24176.915299
10568.53,100,24176.915313
10623.991,100,24176.915326
10739.845,100,24176.915339
10684.543,100,24176.915353
10751.167,100,24176.915365
10625.815,100,24176.915378
10958.21,100,24242.290175
10165.982,100,24242.290321
10826.016,100,24242.290346
10493.643,100,24242.29036
10720.457,100,24242.290374
10706.988,100,24242.290387
11027.179,100,24242.2904
10485.185,100,24242.290414
10516.248,100,24242.290427
10893.502,100,24242.29044
10397.896,100,24243.443652
10522.526,100,24243.443986
10400.03,100,24243.444109
10856.233,100,24243.444185
11078.874,100,24243.444257
10929.171,100,24243.444334
10232.997,100,24243.444407
10190.307,100,24243.444479
10377.5625,100,24243.44455
10576.469,100,24243.444622
10612.546,100,24244.48308
10732.724,100,24244.483455
10483.418,100,24244.483567
10563.411,100,24244.483646
10715.636,100,24244.483663
10630.378,100,24244.483677
10769.462,100,24244.483691
10458.214,100,24244.483705
10382.545,100,24244.483719
10552.52,100,24244.483733
10697.801,100,24245.411628
10735.498,100,24245.41179
10173.427,100,24245.411817
10572.559,100,24245.411834
10606.098,100,24245.411848
10562.82,100,24245.411862
10385.054,100,24245.411877
10586.264,100,24245.411891
10413.191,100,24245.411905
10501.3,100,24245.411919
10586.654,100,24247.376663
10552.721,100,24247.376827
10135.544,100,24247.376852
10433.867,100,24247.376868
10529.486,100,24247.376883
10699.402,100,24247.376896
10736.31,100,24247.37691
10623.22,100,24247.376925
11053.4,100,24247.376938
10911.699,100,24247.376952
10802.327,100,24312.364747
10667.427,100,24312.365652
10722.596,100,24312.365718
10207.472,100,24312.365735
10512.0,100,24312.36575
10743.86,100,24312.365774
10259.355,100,24312.365788
10917.018,100,24312.365803
10920.214,100,24312.365817
10499.775,100,24312.365831
10543.052,100,24313.430562
10741.781,100,24313.43073
10569.871,100,24313.430754
10577.605,100,24313.430779
10358.862,100,24313.430793
9854.718,100,24313.430808
10669.468,100,24313.430821
10321.845,100,24313.430835
10654.441,100,24313.430848
10545.138,100,24313.430862
10644.271,100,24314.478886
10620.503,100,24314.479042
10889.8,100,24314.479065
10830.866,100,24314.479081
10819.16,100,24314.479096
10839.974,100,24314.479109
10924.982,100,24314.479124
10523.128,100,24314.479138
10608.98,100,24314.479174
10692.457,100,24314.479208
10801.876,100,24315.35181
10658.708,100,24315.352117
10615.618,100,24315.352153
10565.292,100,24315.352171
10294.698,100,24315.352186
10273.629,100,24315.3522
10557.066,100,24315.352214
10751.855,100,24315.352228
10328.17,100,24315.352252
11012.129,100,24315.352265
10626.879,100,24342.618741
10873.591,100,24342.619185
10838.715,100,24342.619307
10504.767,100,24342.619381
10642.917,100,24342.619452
10640.996,100,24342.619525
10377.404,100,24342.619605
10673.747,100,24342.619676
10636.618,100,24342.619747
10789.49,100,24342.619777
10700.37,100,24407.453167
10654.826,100,24407.453347
10646.584,100,24407.453381
10207.312,100,24407.453396
10709.184,100,24407.45341
10566.807,100,24407.453424
10686.372,100,24407.453438
10686.887,100,24407.453451
10827.966,100,24407.453465
10745.071,100,24407.453479
10613.608,100,24408.513389
10032.712,100,24408.51356
10402.214,100,24408.513582
10501.543,100,24408.513596
10418.772,100,24408.513609
10937.384,100,24408.513621
10665.545,100,24408.513634
10889.738,100,24408.513647
10781.213,100,24408.513659
11123.577,100,24408.513671
10643.509,100,24409.492882
10650.493,100,24409.493021
10721.718,100,24409.493045
10636.135,100,24409.493061
10878.075,100,24409.493074
10767.236,100,24409.493088
10506.485,100,24409.493101
10956.703,100,24409.493115
10184.729,100,24409.493128
10484.591,100,24409.493142
10512.691,100,24410.372598
10945.958,100,24410.372733
10976.907,100,24410.372775
10491.409,100,24410.372791
10637.667,100,24410.372806
10542.427,100,24410.372819
10327.75,100,24410.372833
11025.563,100,24410.372848
10600.707,100,24410.372861
10950.674,100,24410.372875
10737.915,100,24411.241998
10333.107,100,24411.242128
11154.227,100,24411.242151
10524.18,100,24411.242167
10570.296,100,24411.242181
10892.5205,100,24411.242194
10709.706,100,24411.242208
10705.949,100,24411.242221
10640.498,100,24411.242234
10468.347,100,24411.242248
10609.251,100,24472.356315
10465.658,100,24472.356466
10547.047,100,24472.356495
10417.482,100,24472.356511
10858.062,100,24472.356525
10493.468,100,24472.356539
10895.577,100,24472.356554
10571.074,100,24472.356568
10798.467,100,24472.356582
10413.3955,100,24472.356596
10498.956,100,24473.804609
10935.242,100,24473.805461
10474.276,100,24473.80579
10714.876,100,24473.805862
10820.716,100,24473.805894
10382.881,100,24473.805921
10606.693,100,24473.805945
10531.414,100,24473.80597
10494.092,100,24473.805995
10532.013,100,24473.806019
10938.804,100,24475.4407
10660.435,100,24475.441421
10494.371,100,24475.44157
10581.203,100,24475.441591
10575.681,100,24475.441606
10719.356,100,24475.441619
10514.663,100,24475.441632
10520.44,100,24475.441645
10808.798,100,24475.441658
10567.309,100,24475.44167
10702.687,100,24477.264319
10533.202,100,24477.264491
10415.317,100,24477.264513
10346.241,100,24477.264526
10857.427,100,24477.264539
10757.929,100,24477.264552
10554.976,100,24477.264564
10578.287,100,24477.264577
10251.529,100,24477.264589
10553.038,100,24477.264601
10559.507,100,24478.261607
10747.023,100,24478.26177
10432.809,100,24478.261797
10246.604,100,24478.261813
10632.509,100,24478.261827
10394.554,100,24478.261841
10418.45,100,24478.261855
10842.184,100,24478.261868
10353.059,100,24478.261882
10740.33,100,24478.261895
10392.472,100,24542.651735
10682.62,100,24542.651911
10513.028,100,24542.651937
10350.495,100,24542.651952
10373.152,100,24542.651965
10495.44,100,24542.651978
10693.69,100,24542.651992
10765.286,100,24542.652006
10290.028,100,24542.652019
10789.881,100,24542.652031
10636.236,100,24543.5278
10888.781,100,24543.527939
10727.445,100,24543.527964
10733.83,100,24543.52798
10670.32,100,24543.527995
10457.501,100,24543.528009
10665.279,100,24543.528023
10914.277,100,24543.528038
10451.446,100,24543.528051
10670.501,100,24543.528065
10454.586,100,24544.515928
10425.579,100,24544.516111
10629.898,100,24544.516136
10436.662,100,24544.516151
10576.787,100,24544.516165
10670.699,100,24544.516202
11167.472,100,24544.516234
10446.143,100,24544.516249
10543.789,100,24544.516263
10829.519,100,24544.516276
10534.322,100,24546.540074
10499.051,100,24546.540229
10707.963,100,24546.540251
10804.559,100,24546.540264
10939.948,100,24546.540278
10593.868,100,24546.54029
10798.819,100,24546.540303
10530.794,100,24546.540316
10911.93,100,24546.540328
10903.634,100,24546.540339
10503.065,100,24547.749787
10478.922,100,24547.749951
10618.498,100,24547.749976
10594.416,100,24547.749991
10340.583,100,24547.750005
10532.5625,100,24547.750019
10961.419,100,24547.750034
10907.534,100,24547.750047
10672.991,100,24547.750061
10553.574,100,24547.750074
10204.668,100,24614.043321
10868.693,100,24614.043502
10727.783,100,24614.044518
10207.67,100,24614.044611
10439.362,100,24614.044704
10843.223,100,24614.044742
10802.521,100,24614.044787
10611.441,100,24614.044817
10870.563,100,24614.044846
10828.435,100,24614.044874
10888.734,100,24617.786751
10682.138,100,24617.786911
10796.775,100,24617.786933
10694.831,100,24617.786947
10518.518,100,24617.786959
10702.922,100,24617.786972
10586.815,100,24617.786984
10802.943,100,24617.786996
10854.622,100,24617.787008
10671.329,100,24617.78702
10766.873,100,24619.262674
10337.676,100,24619.263047
10223.626,100,24619.263091
10732.462,100,24619.263106
10606.38,100,24619.263119
10444.25,100,24619.263133
10750.969,100,24619.263146
10392.869,100,24619.263159
10257.544,100,24619.263173
10337.81,100,24619.263186
10702.138,100,24620.831572
10500.076,100,24620.831702
10466.305,100,24620.831724
10895.619,100,24620.831738
11004.286,100,24620.831751
10689.715,100,24620.831786
10606.735,100,24620.831799
10243.788,100,24620.831811
10845.735,100,24620.831825
10708.186,100,24620.831837
10488.6455,100,24621.758427
11177.865,100,24621.758579
10652.407,100,24621.758602
10658.82,100,24621.758618
10951.601,100,24621.758631
10540.509,100,24621.758645
10523.169,100,24621.758658
10702.669,100,24621.758672
10605.91,100,24621.758685
10904.104,100,24621.758698
10461.275,100,24691.25874
10864.714,100,24691.258901
10630.549,100,24691.258986
10948.529,100,24691.259004
10486.715,100,24691.25902
10552.963,100,24691.259035
10599.856,100,24691.259049
10864.025,100,24691.259064
10927.081,100,24691.259079
10468.007,100,24691.259093
10898.055,100,24692.157105
11033.507,100,24692.15724
10358.682,100,24692.157264
11135.528,100,24692.15728
10822.667,100,24692.157295
10739.828,100,24692.15731
10908.619,100,24692.157323
10563.3955,100,24692.157337
11028.634,100,24692.157352
10826.72,100,24692.157365
10476.534,100,24693.043429
10346.393,100,24693.043562
10834.544,100,24693.043586
10659.214,100,24693.043601
10388.341,100,24693.043614
10650.299,100,24693.043628
10760.403,100,24693.043641
10539.538,100,24693.043654
10484.253,100,24693.043668
10778.986,100,24693.043682
10656.163,100,24694.162468
10777.337,100,24694.162645
10449.037,100,24694.162668
10975.625,100,24694.162685
10678.779,100,24694.162699
10872.184,100,24694.162713
10421.016,100,24694.162727
10813.982,100,24694.16274
10306.878,100,24694.162754
10520.389,100,24694.16278
10765.912,100,24695.21082
11206.615,100,24695.210987
10544.006,100,24695.211012
10556.073,100,24695.211028
10680.946,100,24695.211042
10449.287,100,24695.211056
10644.83,100,24695.211071
10688.23,100,24695.211085
10808.9795,100,24695.211098
10774.848,100,24695.211113
10549.149,100,24759.596781
10595.956,100,24759.596932
10878.108,100,24759.596961
10763.392,100,24759.596979
10285.366,100,24759.596994
10744.889,100,24759.59701
10407.017,100,24759.597026
10044.906,100,24759.597041
10629.263,100,24759.597056
10860.493,100,24759.597072
10562.833,100,24760.619308
10746.722,100,24760.619459
11020.989,100,24760.619483
10451.059,100,24760.619498
10644.866,100,24760.619512
10422.542,100,24760.619526
10702.003,100,24760.619539
10201.869,100,24760.619552
10732.623,100,24760.619565
10784.532,100,24760.619579
10405.947,100,24761.627184
10923.371,100,24761.627326
10713.656,100,24761.627377
10526.252,100,24761.627411
10719.899,100,24761.627426
10652.21,100,24761.627441
10509.955,100,24761.627455
10694.704,100,24761.627471
10551.75,100,24761.627486
10193.215,100,24761.627501
10790.16,100,24762.64261
10610.751,100,24762.642789
10419.309,100,24762.64283
10541.576,100,24762.642861
10775.439,100,24762.642888
10720.324,100,24762.642914
10967.77,100,24762.642939
10861.621,100,24762.642967
10159.83,100,24762.642991
10859.055,100,24762.643017
10459.948,100,24763.642729
10361.93,100,24763.642905
10323.843,100,24763.642929
10699.572,100,24763.642943
10556.361,100,24763.642957
10634.981,100,24763.642971
10153.072,100,24763.642983
10632.602,100,24763.642996
10520.066,100,24763.643009
10871.195,100,24763.643022
10794.232,100,24764.551756
10633.624,100,24764.551924
10567.169,100,24764.551949
10589.781,100,24764.551965
10919.1875,100,24764.551979
10970.432,100,24764.551993
11206.612,100,24764.552006
10912.551,100,24764.55202
10770.428,100,24764.552034
10708.556,100,24764.552047
10680.577,100,24830.067551
10443.617,100,24830.067694
10759.769,100,24830.06772
10646.335,100,24830.067735
10480.547,100,24830.067749
10343.393,100,24830.067775
10514.768,100,24830.067789
10765.488,100,24830.067802
10597.176,100,24830.067815
10320.541,100,24830.067829
10277.363,100,24830.936752
10770.651,100,24830.936944
10832.017,100,24830.93697
10702.465,100,24830.936987
10312.603,100,24830.937002
10582.519,100,24830.937016
10793.73,100,24830.93703
10972.252,100,24830.937044
10198.729,100,24830.937058
10832.991,100,24830.937072
10707.694,100,24831.791387
10358.824,100,24831.791509
10401.561,100,24831.791532
10318.934,100,24831.791546
10956.197,100,24831.79156
10915.48,100,24831.791574
10707.836,100,24831.791587
10673.457,100,24831.7916
10752.174,100,24831.791613
10476.239,100,24831.791626
10744.805,100,24832.889671
10965.388,100,24832.889816
10585.567,100,24832.889842
10968.587,100,24832.889855
10697.3545,100,24832.889868
10329.109,100,24832.889882
11006.836,100,24832.889964
10975.874,100,24832.88998
10651.35,100,24832.889993
10858.34,100,24832.890005
10981.471,100,24833.900419
10565.975,100,24833.900563
10929.775,100,24833.900586
10725.733,100,24833.900602
10914.863,100,24833.900615
10547.331,100,24833.900628
10720.459,100,24833.900642
10500.685,100,24833.900655
10417.538,100,24833.900668
10724.917,100,24833.90068
10703.595,100,24895.301821
10606.0,100,24895.301975
10617.839,100,24895.302
10426.33,100,24895.302017
10672.939,100,24895.302032
10754.978,100,24895.302046
10853.113,100,24895.302059
10634.73,100,24895.302074
10439.444,100,24895.302088
10254.58,100,24895.302102
10534.446,100,24896.847864
10607.455,100,24896.848228
10684.887,100,24896.84839
10602.523,100,24896.848517
11038.944,100,24896.848638
10775.41,100,24896.848778
10662.112,100,24896.848817
10778.104,100,24896.848847
10728.104,100,24896.848875
10695.183,100,24896.848902
10572.49,100,24898.125714
10553.042,100,24898.126426
10394.657,100,24898.126593
10672.446,100,24898.126682
10565.003,100,24898.126783
10789.154,100,24898.12687
10680.173,100,24898.126957
10446.892,100,24898.127043
10570.29,100,24898.127127
10412.307,100,24898.127214
10965.282,100,24899.208942
11054.179,100,24899.209137
10527.37,100,24899.209167
10477.12,100,24899.209185
10875.162,100,24899.209199
10760.351,100,24899.209213
10707.8,100,24899.209226
10463.135,100,24899.20924
10399.772,100,24899.209259
10926.157,100,24899.209274
10651.14,100,24900.098465
10675.373,100,24900.098619
10810.821,100,24900.098642
10354.23,100,24900.098657
10881.456,100,24900.09867
10399.408,100,24900.098685
10596.954,100,24900.098698
11014.714,100,24900.098711
10819.391,100,24900.098726
10794.024,100,24900.098739
10382.077,100,24968.014817
10537.574,100,24968.015012
10474.755,100,24968.015038
10636.781,100,24968.015052
10578.923,100,24968.015065
10769.411,100,24968.015078
10796.997,100,24968.015091
10665.845,100,24968.015104
10526.155,100,24968.015117
10521.075,100,24968.015129
10444.499,100,24968.928071
10561.662,100,24968.928478
10529.677,100,24968.928522
10843.368,100,24968.92854
10977.434,100,24968.928556
10658.122,100,24968.92857
10757.808,100,24968.928584
11043.872,100,24968.928597
10486.167,100,24968.928611
10350.247,100,24968.928626
10968.573,100,24969.907907
10656.166,100,24969.908077
10601.885,100,24969.908101
10434.101,100,24969.908117
10689.405,100,24969.908132
10556.447,100,24969.908145
10854.214,100,24969.908158
10435.625,100,24969.908171
11018.92,100,24969.908184
10580.306,100,24969.908197
10775.803,100,24971.272262
10765.967,100,24971.272408
10841.815,100,24971.272434
11036.208,100,24971.272448
10809.371,100,24971.272461
11121.913,100,24971.272475
10869.129,100,24971.272488
10446.329,100,24971.272501
10406.807,100,24971.272514
11013.534,100,24971.272527
10538.786,100,24972.2061
10851.925,100,24972.20626
10498.905,100,24972.206286
10879.443,100,24972.206301
10815.799,100,24972.206315
10641.302,100,24972.20633
10629.528,100,24972.206343
10522.524,100,24972.206357
10909.488,100,24972.20637
10403.725,100,24972.206384
10728.428,100,25032.890397
10424.401,100,25032.890565
10243.028,100,25032.890591
10495.251,100,25032.890607
10825.47,100,25032.890621
10528.062,100,25032.890635
10744.664,100,25032.890648
10442.485,100,25032.890661
10907.71,100,25032.890675
10272.478,100,25032.890688
10754.739,100,25033.829324
10629.719,100,25033.829468
10625.678,100,25033.829493
10477.107,100,25033.829508
10787.601,100,25033.829522
10620.375,100,25033.829536
11309.106,100,25033.82955
10553.876,100,25033.829564
10216.637,100,25033.829578
10470.112,100,25033.829591
10843.7,100,25035.635669
10695.393,100,25035.636087
10466.014,100,25035.63623
10184.04,100,25035.636329
11002.023,100,25035.63644
10727.648,100,25035.636543
10318.541,100,25035.636632
10785.763,100,25035.636649
10740.51,100,25035.636667
10966.96,100,25035.636683
10499.966,100,25066.789701
10808.522,100,25066.789893
10778.02,100,25066.789919
10475.594,100,25066.789933
10719.246,100,25066.789946
10865.182,100,25066.789959
10471.643,100,25066.789971
10711.396,100,25066.789983
10876.729,100,25066.789995
10898.156,100,25066.790008
10353.953,100,25067.757714
10482.972,100,25067.757877
10654.935,100,25067.757904
10460.094,100,25067.757919
10824.037,100,25067.757933
10702.686,100,25067.757947
10857.284,100,25067.75796
10552.281,100,25067.757974
10448.645,100,25067.757988
10883.078,100,25067.758001
10641.602,100,25132.006734
11071.376,100,25132.006888
11142.641,100,25132.006917
10499.041,100,25132.006933
10400.382,100,25132.006948
10559.611,100,25132.006961
10417.924,100,25132.006975
10528.685,100,25132.006989
10898.571,100,25132.007003
10202.901,100,25132.007017
10088.2,100,25132.854223
10707.715,100,25132.854361
10692.845,100,25132.854384
10727.268,100,25132.8544
10837.595,100,25132.854414
10799.563,100,25132.854428
10455.972,100,25132.854441
10542.846,100,25132.854455
10882.231,100,25132.854469
10790.956,100,25132.854482
10722.553,100,25133.736485
10736.268,100,25133.736628
10583.581,100,25133.736654
10587.93,100,25133.736669
10583.893,100,25133.736683
10599.023,100,25133.736697
10729.135,100,25133.736712
10664.604,100,25133.736726
10741.991,100,25133.73674
10733.439,100,25133.736754
11018.868,100,25134.621953
10734.09,100,25134.622089
10923.728,100,25134.622114
10237.847,100,25134.622131
10435.834,100,25134.622146
10581.554,100,25134.622159
10346.445,100,25134.622174
10816.26,100,25134.622187
10480.659,100,25134.622201
10702.393,100,25134.622215
10425.252,100,25135.503209
10584.944,100,25135.503359
10293.456,100,25135.503385
10867.541,100,25135.503399
10808.413,100,25135.503414
10435.551,100,25135.503428
10472.17,100,25135.503442
10538.513,100,25135.503456
10905.356,100,25135.50347
10650.813,100,25135.503484
10049.288,100,25199.938757
10440.483,100,25199.938921
10702.6045,100,25199.938946
10471.824,100,25199.938962
10689.447,100,25199.938977
10723.299,100,25199.938991
10992.11,100,25199.939005
11007.238,100,25199.939039
10680.177,100,25199.939072
11003.227,100,25199.939086
10902.965,100,25200.860697
10419.192,100,25200.860846
10613.686,100,25200.860872
10775.402,100,25200.860887
11043.652,100,25200.860901
10674.263,100,25200.860916
10622.818,100,25200.86093
10992.978,100,25200.860944
10999.397,100,25200.860958
10414.728,100,25200.860971
10473.209,100,25201.823611
10718.194,100,25201.823777
10507.15,100,25201.823805
10134.02,100,25201.82382
10301.582,100,25201.823844
10885.311,100,25201.823858
10457.269,100,25201.823872
10161.569,100,25201.823885
10517.453,100,25201.823898
10632.38,100,25201.823921
10515.893,100,25204.578743
10669.163,100,25204.578892
10715.946,100,25204.578918
10769.661,100,25204.578934
10726.811,100,25204.578948
10509.454,100,25204.578963
10684.914,100,25204.578976
11008.402,100,25204.578991
11045.0205,100,25204.579005
10576.697,100,25204.579019
10733.434,100,25206.446329
10768.244,100,25206.446642
10593.751,100,25206.446748
10454.816,100,25206.44684
10554.867,100,25206.44691
10692.71,100,25206.446978
10630.847,100,25206.447059
10398.364,100,25206.44713
10117.784,100,25206.447202
10460.276,100,25206.447273
10257.477,100,25272.532877
11009.559,100,25272.533021
10698.826,100,25272.533047
10769.0205,100,25272.533063
10494.699,100,25272.533077
11052.116,100,25272.533091
10502.006,100,25272.533103
9911.199,100,25272.533116
10530.8955,100,25272.533129
10847.06,100,25272.533143
10608.389,100,25273.527768
10854.059,100,25273.52791
10460.601,100,25273.527936
10566.604,100,25273.527952
10497.152,100,25273.527967
10539.946,100,25273.527981
10778.381,100,25273.527996
10457.356,100,25273.52801
10465.939,100,25273.528025
10763.624,100,25273.528039
11040.945,100,25274.624642
11091.066,100,25274.624801
10488.222,100,25274.624829
10521.002,100,25274.624846
10685.251,100,25274.624861
10642.002,100,25274.624876
10405.062,100,25274.62489
10618.997,100,25274.624905
11067.415,100,25274.624919
10792.147,100,25274.624933
10987.171,100,25276.241399
10629.364,100,25276.24221
10670.938,100,25276.242429
10637.781,100,25276.242563
10684.908,100,25276.242699
10576.957,100,25276.242845
10651.202,100,25276.242959
10745.658,100,25276.242992
10825.658,100,25276.243019
10865.614,100,25276.243044
10649.877,100,25280.794943
11011.676,100,25280.795356
10777.824,100,25280.795475
10558.517,100,25280.795555
10474.868,100,25280.795639
10597.083,100,25280.795724
10729.444,100,25280.795834
10306.537,100,25280.79585
10760.662,100,25280.795865
10290.077,100,25280.795879
10292.21,100,25345.158451
10538.554,100,25345.158602
10835.191,100,25345.15863
10627.427,100,25345.158647
10675.312,100,25345.158662
10766.347,100,25345.158677
10979.141,100,25345.158691
10875.931,100,25345.158706
10324.995,100,25345.15872
10514.213,100,25345.158735
10587.82,100,25346.488871
10605.142,100,25346.489071
10776.458,100,25346.489101
10635.764,100,25346.489117
11153.628,100,25346.489134
10690.849,100,25346.489149
11087.899,100,25346.489164
10595.508,100,25346.489179
10530.167,100,25346.489194
10861.231,100,25346.489209
10536.49,100,25347.570279
10485.559,100,25347.570442
10623.179,100,25347.570466
10218.675,100,25347.570481
9997.645,100,25347.570496
10311.97,100,25347.570511
10654.038,100,25347.570525
10480.349,100,25347.570539
10925.642,100,25347.570554
10648.062,100,25347.570568
10767.952,100,25349.762268
10417.01,100,25349.762441
10833.939,100,25349.762469
10753.428,100,25349.762484
10392.957,100,25349.762497
10450.35,100,25349.76251
10461.807,100,25349.762524
10849.116,100,25349.762537
10746.449,100,25349.762552
10726.82,100,25349.762568
10427.63,100,25350.759438
10494.812,100,25350.759587
10867.635,100,25350.759611
10776.068,100,25350.759626
10840.76,100,25350.759639
10719.549,100,25350.759652
10660.861,100,25350.759665
10678.535,100,25350.759679
10838.003,100,25350.759692
10657.721,100,25350.75971
10420.939,100,25352.094187
10503.578,100,25352.094343
10333.311,100,25352.094384
10346.197,100,25352.094415
10636.646,100,25352.094443
10825.797,100,25352.094494
10775.272,100,25352.094543
10987.987,100,25352.094571
10674.854,100,25352.094597
10473.801,100,25352.094623
10339.686,100,25417.107004
10850.677,100,25417.107364
10658.969,100,25417.107407
10128.335,100,25417.107423
10995.398,100,25417.107436
10643.112,100,25417.107449
10489.763,100,25417.107462
10601.031,100,25417.107475
10466.942,100,25417.107488
10914.49,100,25417.107501
10510.423,100,25418.005913
10550.716,100,25418.006079
10991.928,100,25418.006114
10931.271,100,25418.006129
10746.165,100,25418.006143
10305.8545,100,25418.006156
10871.111,100,25418.006171
10828.01,100,25418.006185
10499.077,100,25418.006197
10538.888,100,25418.006213
10629.874,100,25419.494846
11088.79,100,25419.494998
10817.539,100,25419.495019
10647.321,100,25419.495034
10682.4,100,25419.495047
10565.838,100,25419.49506
10516.485,100,25419.495074
10841.535,100,25419.495086
10623.971,100,25419.495099
10849.441,100,25419.495111
10487.652,100,25420.445126
10839.988,100,25420.445306
10517.365,100,25420.445334
10583.938,100,25420.445349
10415.351,100,25420.445363
10741.735,100,25420.445378
10918.601,100,25420.445392
10652.771,100,25420.445406
10699.479,100,25420.445419
10566.473,100,25420.445432
10733.333,100,25421.386589
10620.143,100,25421.386726
10689.052,100,25421.38675
10811.343,100,25421.386778
10539.266,100,25421.386792
10724.591,100,25421.386806
10566.317,100,25421.38682
10890.996,100,25421.386833
10657.665,100,25421.386847
10618.171,100,25421.386862
10731.217,100,25489.785128
10507.683,100,25489.785271
10891.051,100,25489.785296
10814.779,100,25489.785311
11178.281,100,25489.785325
10593.923,100,25489.785338
10668.196,100,25489.785352
11031.631,100,25489.785365
11223.513,100,25489.785378
10938.524,100,25489.78539
11062.62,100,25490.970589
10784.366,100,25490.970726
10751.932,100,25490.970748
10644.477,100,25490.970786
11086.834,100,25490.9708
10914.699,100,25490.970813
10838.009,100,25490.970826
10830.175,100,25490.97084
11075.647,100,25490.970853
10887.382,100,25490.970867
10484.15,100,25491.967747
10893.248,100,25491.967902
10456.412,100,25491.967925
10946.424,100,25491.96794
10645.393,100,25491.967954
10539.659,100,25491.967968
10471.254,100,25491.967981
10981.023,100,25491.967994
10231.871,100,25491.968007
10417.996,100,25491.96802
10753.048,100,25492.852082
10704.92,100,25492.852234
10899.822,100,25492.852261
10660.51,100,25492.852276
10472.744,100,25492.85229
10287.021,100,25492.852304
10928.812,100,25492.852318
10860.212,100,25492.852332
10759.205,100,25492.852346
10519.226,100,25492.852359
10824.965,100,25493.848331
10622.413,100,25493.848492
10741.497,100,25493.848515
11020.36,100,25493.84853
10865.938,100,25493.848544
10541.831,100,25493.848557
10693.847,100,25493.848571
10721.186,100,25493.848584
10601.824,100,25493.848597
11061.66,100,25493.848611
10945.438,100,25558.030945
10623.873,100,25558.031884
10870.384,100,25558.032052
10849.974,100,25558.032137
10160.995,100,25558.032153
10477.522,100,25558.032169
10355.436,100,25558.032183
10438.052,100,25558.032209
10821.371,100,25558.032223
10854.638,100,25558.032236
10806.067,100,25558.94954
10664.224,100,25558.949681
10057.77,100,25558.950111
10633.168,100,25558.9502
10714.499,100,25558.950216
10540.851,100,25558.950231
10457.964,100,25558.950245
10707.394,100,25558.950259
10787.779,100,25558.950273
10464.914,100,25558.950285
10275.338,100,25559.920024
10835.222,100,25559.920158
10347.957,100,25559.920182
10581.91,100,25559.920198
10392.099,100,25559.920213
11036.423,100,25559.920227
10328.903,100,25559.920242
10445.997,100,25559.920256
10659.99,100,25559.920269
10411.353,100,25559.920283
10691.943,100,25561.09387
10673.825,100,25561.094062
10944.416,100,25561.094088
10736.717,100,25561.094104
10817.707,100,25561.094116
10739.444,100,25561.09413
10743.125,100,25561.094144
10217.287,100,25561.094157
10617.34,100,25561.094175
10770.302,100,25561.094191
10749.164,100,25562.179846
10587.015,100,25562.18002
10470.567,100,25562.180069
10779.702,100,25562.180103
10672.727,100,25562.180117
10765.979,100,25562.180131
10669.161,100,25562.180145
10480.361,100,25562.180159
10849.42,100,25562.180174
10666.184,100,25562.180188
10849.08,100,25626.953342
10906.557,100,25626.953506
10756.203,100,25626.953538
10866.403,100,25626.953554
10829.765,100,25626.953568
10834.791,100,25626.953582
10416.721,100,25626.953596
10668.599,100,25626.95361
10945.939,100,25626.953624
10903.719,100,25626.953638
10530.2,100,25628.152286
10965.303,100,25628.152416
10773.589,100,25628.152438
10859.3125,100,25628.152453
10668.57,100,25628.152468
10683.813,100,25628.152482
10600.786,100,25628.152496
10440.028,100,25628.15251
10501.913,100,25628.152524
10532.037,100,25628.152537
10672.746,100,25629.300456
10981.478,100,25629.300601
10680.318,100,25629.300627
10540.128,100,25629.300645
10733.027,100,25629.300661
10678.35,100,25629.300678
10935.256,100,25629.300695
11067.21,100,25629.300712
10882.326,100,25629.300728
10558.483,100,25629.300745
10566.534,100,25630.386605
11199.686,100,25630.386747
11019.1455,100,25630.386787
10727.014,100,25630.386807
10995.18,100,25630.386824
10532.191,100,25630.386842
10749.592,100,25630.386858
10926.562,100,25630.386874
10805.67,100,25630.386891
10543.785,100,25630.386908
10314.972,100,25631.473957
10749.504,100,25631.474083
10729.723,100,25631.474114
10782.373,100,25631.47413
10591.789,100,25631.474145
10180.176,100,25631.47416
10482.613,100,25631.474174
10670.565,100,25631.474188
10864.522,100,25631.474203
10421.738,100,25631.474217
10677.814,100,25694.654717
10689.038,100,25694.654891
10283.169,100,25694.654921
11140.776,100,25694.654937
10541.29,100,25694.654951
10773.576,100,25694.654966
10733.285,100,25694.65498
10375.764,100,25694.654994
10452.4375,100,25694.655008
10629.394,100,25694.655023
10714.761,100,25695.562819
10950.313,100,25695.562962
10791.995,100,25695.562986
10594.665,100,25695.563001
10512.797,100,25695.563015
10615.043,100,25695.563029
10743.013,100,25695.563042
10474.401,100,25695.563056
10665.8125,100,25695.563071
10709.166,100,25695.563085
10888.485,100,25696.843547
10333.498,100,25696.843738
10624.674,100,25696.843849
10464.06,100,25696.843889
10544.382,100,25696.843923
10977.173,100,25696.843953
10818.271,100,25696.843982
10325.975,100,25696.844011
10639.493,100,25696.84404
10709.096,100,25696.844069
10878.801,100,25699.458083
10760.443,100,25699.458258
10854.127,100,25699.458281
10517.294,100,25699.458296
11150.387,100,25699.458309
10685.726,100,25699.458322
10519.014,100,25699.458336
10772.21,100,25699.458349
10627.895,100,25699.458362
10707.27,100,25699.458375
10338.841,100,25700.646462
10642.363,100,25700.646574
10605.348,100,25700.6466
10762.593,100,25700.646615
10910.884,100,25700.646631
10320.741,100,25700.646646
10715.223,100,25700.646661
10502.475,100,25700.646676
10838.757,100,25700.646691
10772.122,100,25700.646703
10673.776,100,25764.196014
10881.307,100,25764.196191
10808.583,100,25764.196225
11041.042,100,25764.19624
10714.231,100,25764.196253
10752.42,100,25764.196266
10863.315,100,25764.196279
10851.189,100,25764.196291
10996.762,100,25764.196304
10860.043,100,25764.196316
10944.84,100,25765.082867
11133.362,100,25765.083011
11030.212,100,25765.083036
10757.901,100,25765.083051
10643.501,100,25765.083066
10699.014,100,25765.08308
10611.042,100,25765.083096
10664.425,100,25765.08311
10705.282,100,25765.083123
10613.903,100,25765.083137
10558.777,100,25782.191729
10574.675,100,25782.191911
10726.317,100,25782.191936
10447.118,100,25782.191953
10471.955,100,25782.191966
10511.734,100,25782.191981
10543.335,100,25782.191995
10738.735,100,25782.192008
10666.84,100,25782.192021
11087.333,100,25782.192035
10707.794,100,25783.629692
10735.872,100,25783.629876
10702.224,100,25783.629919
10993.549,100,25783.629948
10744.191,100,25783.629962
10722.424,100,25783.629977
10740.852,100,25783.62999
10802.668,100,25783.630004
10943.009,100,25783.630018
10492.05,100,25783.630057
10545.165,100,25784.539083
10943.984,100,25784.539207
10680.458,100,25784.539233
10633.214,100,25784.539249
10500.35,100,25784.539264
10651.333,100,25784.539279
10871.881,100,25784.539296
10732.327,100,25784.53931
11088.85,100,25784.539325
10726.323,100,25784.539339
10679.041,100,25851.55884
10755.756,100,25851.558999
10931.046,100,25851.559029
10859.119,100,25851.559047
10594.536,100,25851.559063
10612.693,100,25851.559078
10929.45,100,25851.559093
10487.163,100,25851.559108
10702.688,100,25851.559123
11139.374,100,25851.559138
10651.1455,100,25852.425802
10316.188,100,25852.425951
10539.471,100,25852.425975
10606.17,100,25852.42599
10655.165,100,25852.426005
10835.735,100,25852.426019
10609.477,100,25852.426033
10590.367,100,25852.426047
10529.849,100,25852.426061
10953.788,100,25852.426075
10858.796,100,25853.29436
10444.453,100,25853.294493
10421.249,100,25853.294516
11191.187,100,25853.294532
10565.812,100,25853.294545
11079.701,100,25853.294559
10791.847,100,25853.294573
10536.375,100,25853.294587
10801.985,100,25853.294601
11002.762,100,25853.294615
10620.831,100,25854.165543
10620.46,100,25854.165755
10806.923,100,25854.165795
10544.244,100,25854.165811
10644.383,100,25854.165826
10356.981,100,25854.16584
10734.382,100,25854.165854
10713.028,100,25854.165869
11080.88,100,25854.165884
10273.281,100,25854.165898
10759.083,100,25855.044999
10512.606,100,25855.04512
10861.065,100,25855.045144
10502.706,100,25855.045159
10561.628,100,25855.045172
10779.44,100,25855.045186
10810.096,100,25855.045199
9953.448,100,25855.045213
11022.365,100,25855.045227
10850.109,100,25855.045241
10540.87,100,25929.840414
11038.199,100,25929.84059
10401.648,100,25929.840625
10576.067,100,25929.840641
10775.985,100,25929.840656
10960.366,100,25929.840669
10948.76,100,25929.840683
10277.748,100,25929.840698
10558.377,100,25929.840712
10637.902,100,25929.840725
11071.336,100,25930.766535
10747.534,100,25930.766873
10814.124,100,25930.766981
10747.351,100,25930.766998
10785.716,100,25930.767013
10840.084,100,25930.767026
10707.672,100,25930.76704
10592.151,100,25930.767054
10550.182,100,25930.767066
10711.236,100,25930.76708
10950.596,100,25931.83151
10701.1,100,25931.831709
10876.573,100,25931.831734
10906.262,100,25931.831751
10538.745,100,25931.831778
10660.984,100,25931.831793
10947.867,100,25931.831808
10660.164,100,25931.831822
11251.975,100,25931.831836
10568.1875,100,25931.831851
10764.269,100,25933.77367
10468.883,100,25933.773848
10801.531,100,25933.773876
10855.64,100,25933.773891
10948.219,100,25933.773905
10864.285,100,25933.773918
10712.063,100,25933.773932
11084.394,100,25933.773945
10493.658,100,25933.773958
10587.964,100,25933.773972
10944.246,100,25934.727913
11002.096,100,25934.728056
10500.602,100,25934.728081
10754.059,100,25934.728096
10683.926,100,25934.728111
10811.017,100,25934.728124
10774.67,100,25934.728138
10993.023,100,25934.728152
10595.46,100,25934.728165
10918.806,100,25934.728178
10765.26,100,25935.810085
11062.835,100,25935.81023
10807.168,100,25935.810255
10710.958,100,25935.81027
10473.354,100,25935.810284
11169.615,100,25935.810297
10785.193,100,25935.810311
10215.193,100,25935.810324
10685.776,100,25935.810338
10547.5,100,25935.81035
11028.001,100,26001.043097
10735.013,100,26001.043231
10901.841,100,26001.043253
10527.408,100,26001.043266
10634.462,100,26001.043277
10536.058,100,26001.043288
10190.82,100,26001.043299
10960.828,100,26001.043311
10574.414,100,26001.043321
10507.982,100,26001.043332
10300.214,100,26002.705744
10192.308,100,26002.705931
10162.066,100,26002.70598
10370.116,100,26002.706017
10759.518,100,26002.706049
10777.064,100,26002.706079
10535.435,100,26002.706109
10736.393,100,26002.706138
10651.683,100,26002.706166
10972.802,100,26002.706194
10589.429,100,26004.772658
10968.368,100,26004.772818
11109.776,100,26004.772844
10836.9,100,26004.77286
10623.681,100,26004.772875
10577.221,100,26004.772889
10832.219,100,26004.772902
10825.41,100,26004.77294
10652.895,100,26004.772975
10651.002,100,26004.772989
10684.52,100,26006.218389
10797.808,100,26006.218547
10682.46,100,26006.218573
10443.823,100,26006.218589
10754.477,100,26006.218603
10811.166,100,26006.218618
10742.557,100,26006.218633
10721.502,100,26006.218647
10687.225,100,26006.218662
10799.156,100,26006.218676
10655.488,100,26007.547702
10352.804,100,26007.547895
10552.513,100,26007.547923
10863.449,100,26007.547939
10699.147,100,26007.547954
10738.425,100,26007.547967
10932.604,100,26007.547982
10852.731,100,26007.547995
10968.818,100,26007.548009
10996.762,100,26007.548023
11108.427,100,26071.31099
10864.09,100,26071.311168
10955.314,100,26071.311213
10689.783,100,26071.311244
10341.468,100,26071.31127
10444.012,100,26071.311297
10693.142,100,26071.311323
10730.24,100,26071.311349
10630.925,100,26071.311375
10480.416,100,26071.311401
10774.33,100,26072.61166
10745.924,100,26072.612015
10768.919,100,26072.612134
10611.605,100,26072.612222
10446.769,100,26072.612306
10726.781,100,26072.612393
10674.159,100,26072.612475
10802.196,100,26072.612556
10784.221,100,26072.612637
10900.265,100,26072.612718
10974.178,100,26073.675632
10620.394,100,26073.675843
10661.581,100,26073.675871
10299.803,100,26073.675889
10676.434,100,26073.675904
10825.073,100,26073.67592
10839.508,100,26073.675936
10691.117,100,26073.675951
11007.132,100,26073.675966
10885.842,100,26073.675981
10474.187,100,26074.70851
10763.976,100,26074.708673
11145.935,100,26074.708698
11065.728,100,26074.708716
10845.271,100,26074.708733
11046.9,100,26074.70875
10622.034,100,26074.708791
10661.96,100,26074.708807
10610.846,100,26074.708824
10849.487,100,26074.708841
10917.149,100,26075.906828
10710.474,100,26075.906983
10995.477,100,26075.90701
10527.007,100,26075.907026
10787.406,100,26075.907041
10454.952,100,26075.907054
11182.399,100,26075.907068
10587.929,100,26075.907082
10389.4375,100,26075.907095
10576.05,100,26075.907109
11096.699,100,26144.927402
11095.62,100,26144.927592
10442.239,100,26144.927619
10488.614,100,26144.927635
10612.103,100,26144.92765
10569.575,100,26144.927664
10760.3,100,26144.927678
10578.427,100,26144.927692
10718.214,100,26144.927706
10937.713,100,26144.927719
10818.255,100,26145.848607
10496.606,100,26145.848783
11174.189,100,26145.848809
10825.41,100,26145.848825
10431.483,100,26145.84884
10764.735,100,26145.848855
10886.969,100,26145.848869
10638.076,100,26145.848883
10789.775,100,26145.848898
10566.591,100,26145.848913
10341.306,100,26146.971846
10793.339,100,26146.97203
10875.763,100,26146.97206
11224.121,100,26146.972076
10903.853,100,26146.972092
10325.957,100,26146.972106
10775.03,100,26146.97212
10543.43,100,26146.972135
10700.618,100,26146.972148
10883.363,100,26146.972162
10825.493,100,26148.03436
10829.346,100,26148.034822
10740.771,100,26148.034952
11199.05,100,26148.035075
10909.713,100,26148.035163
10702.876,100,26148.035179
10974.483,100,26148.035194
11088.367,100,26148.035209
11211.005,100,26148.035223
10956.889,100,26148.035238
10455.423,100,26148.994709
10827.548,100,26148.994859
10806.197,100,26148.994891
10479.952,100,26148.994908
10469.487,100,26148.994922
10782.711,100,26148.994938
11240.288,100,26148.994952
10732.081,100,26148.994968
10564.095,100,26148.994984
10551.678,100,26148.994999
10923.924,100,26213.269634
10744.207,100,26213.269822
10413.294,100,26213.269869
10939.068,100,26213.269901
10683.674,100,26213.269929
10600.4375,100,26213.269957
10888.367,100,26213.269985
10683.98,100,26213.270012
10696.926,100,26213.270041
10566.279,100,26213.270068
10344.972,100,26215.825051
11000.726,100,26215.825184
10981.096,100,26215.825207
10775.699,100,26215.825221
10988.042,100,26215.825234
10566.34,100,26215.825247
10661.482,100,26215.82526
10546.6875,100,26215.825272
10913.522,100,26215.825285
10885.536,100,26215.825298
10732.332,100,26217.720852
10698.373,100,26217.721175
11131.728,100,26217.721273
10973.561,100,26217.721291
10785.925,100,26217.721328
10647.985,100,26217.721364
10910.634,100,26217.721377
10468.98,100,26217.72139
10909.556,100,26217.721404
10631.471,100,26217.721417
10928.726,100,26218.633302
10822.22,100,26218.633645
11199.925,100,26218.633757
10859.874,100,26218.63385
10771.758,100,26218.633923
10572.541,100,26218.634008
10804.471,100,26218.634084
10612.472,100,26218.634158
10700.986,100,26218.634232
10858.391,100,26218.634305
10802.204,100,26219.650975
10897.014,100,26219.651114
10836.774,100,26219.651138
10873.394,100,26219.651153
10957.458,100,26219.651167
10951.052,100,26219.651181
10539.798,100,26219.651194
10545.609,100,26219.651208
10936.188,100,26219.651222
10733.218,100,26219.651236
10696.201,100,26282.390281
10838.677,100,26282.390447
11123.614,100,26282.390491
10532.664,100,26282.390521
10835.919,100,26282.390547
11463.976,100,26282.390573
10511.75,100,26282.390598
10747.638,100,26282.390623
10756.724,100,26282.390647
10846.737,100,26282.390671
10939.451,100,26283.284032
11085.882,100,26283.284187
10475.203,100,26283.284211
10716.663,100,26283.284229
10519.914,100,26283.284243
10904.154,100,26283.284257
10744.879,100,26283.284271
10289.101,100,26283.284286
10889.061,100,26283.284299
10742.657,100,26283.284312
11093.363,100,26284.774977
10511.129,100,26284.775099
10933.822,100,26284.77512
10346.978,100,26284.775136
11196.906,100,26284.775149
10934.029,100,26284.775161
10452.053,100,26284.775175
10649.116,100,26284.775188
11079.535,100,26284.7752
10550.995,100,26284.775213
10811.982,100,26285.898572
10476.096,100,26285.898738
10666.775,100,26285.898803
10637.424,100,26285.898836
11054.819,100,26285.898865
10641.787,100,26285.898892
10974.524,100,26285.898921
10993.734,100,26285.898947
10565.813,100,26285.898973
10840.001,100,26285.899042
11220.8545,100,26287.312576
11020.305,100,26287.312754
10817.894,100,26287.31279
10888.119,100,26287.312807
10193.34,100,26287.312821
10379.678,100,26287.312836
10656.99,100,26287.31285
10702.239,100,26287.312863
10875.564,100,26287.312877
11150.89,100,26287.31289
10900.063,100,26352.752418
10543.807,100,26352.752565
10909.912,100,26352.752594
10867.966,100,26352.75261
11002.024,100,26352.752625
10608.852,100,26352.752639
10829.545,100,26352.752653
10711.016,100,26352.752667
10335.233,100,26352.75268
10776.938,100,26352.752694
10640.031,100,26353.69481
11068.839,100,26353.695118
10595.342,100,26353.695154
10734.3545,100,26353.695173
10851.3955,100,26353.695188
10971.219,100,26353.695202
11006.227,100,26353.695217
10618.437,100,26353.695231
10884.363,100,26353.695245
10678.386,100,26353.695259
10815.471,100,26354.649631
10526.922,100,26354.649809
10658.048,100,26354.649834
10700.251,100,26354.649851
10900.487,100,26354.649865
10865.836,100,26354.649879
10976.274,100,26354.649892
10511.151,100,26354.649906
10927.079,100,26354.64992
10566.528,100,26354.649934
10907.977,100,26355.681056
11045.132,100,26355.681229
10769.697,100,26355.681252
10577.983,100,26355.681267
10924.855,100,26355.681281
10666.2,100,26355.681294
10671.939,100,26355.681307
11088.809,100,26355.68132
10987.681,100,26355.681334
10746.13,100,26355.681347
10883.983,100,26357.258826
11285.101,100,26357.258997
10875.983,100,26357.259021
10836.551,100,26357.259037
10930.506,100,26357.259051
10991.15,100,26357.259064
10995.078,100,26357.259079
10964.595,100,26357.259092
11241.292,100,26357.259105
11127.622,100,26357.259119
10904.768,100,26421.399071
10773.002,100,26421.399225
10882.355,100,26421.399254
10825.995,100,26421.399271
11061.632,100,26421.399285
10905.848,100,26421.399299
10646.931,100,26421.399313
10541.994,100,26421.399328
10901.68,100,26421.399341
10645.206,100,26421.399354
10268.123,100,26424.019066
11258.02,100,26424.019883
10828.717,100,26424.020137
11349.729,100,26424.020244
10702.828,100,26424.020265
11069.991,100,26424.020284
11036.891,100,26424.020301
10790.28,100,26424.020318
10661.753,100,26424.020335
10726.276,100,26424.020352
10945.2,100,26425.906528
10932.244,100,26425.906719
10549.313,100,26425.906823
10665.908,100,26425.906859
11114.605,100,26425.906888
10944.729,100,26425.906915
11023.83,100,26425.906941
10574.353,100,26425.906968
10904.762,100,26425.906993
11136.872,100,26425.907018
11027.307,100,26427.209781
10871.424,100,26427.20997
10528.899,100,26427.209997
10586.465,100,26427.210023
10961.468,100,26427.210037
11164.692,100,26427.210052
10660.348,100,26427.210066
10917.589,100,26427.21008
10916.185,100,26427.210094
10896.486,100,26427.210108
10275.107,100,26428.277067
10733.977,100,26428.277409
10955.477,100,26428.277521
10952.24,100,26428.2776
10519.088,100,26428.277676
11359.616,100,26428.27775
10843.79,100,26428.277838
10854.665,100,26428.277915
10352.619,100,26428.277988
10717.37,100,26428.278063
10686.54,100,26489.03964
11311.15,100,26489.039812
10856.911,100,26489.039845
10345.435,100,26489.039862
10905.04,100,26489.039876
11144.715,100,26489.039891
10960.714,100,26489.039906
10827.876,100,26489.03992
10941.188,100,26489.039935
10859.385,100,26489.039949
10624.695,100,26509.390111
10484.094,100,26509.390267
10940.045,100,26509.390297
10561.715,100,26509.390314
10921.324,100,26509.39033
10949.065,100,26509.390346
10348.647,100,26509.390362
11062.587,100,26509.390377
10602.064,100,26509.390393
11077.219,100,26509.390407
10952.0625,100,26511.408665
11011.508,100,26511.408836
11196.872,100,26511.40886
10955.257,100,26511.408875
10829.587,100,26511.408887
10681.19,100,26511.4089
10863.845,100,26511.408913
10673.381,100,26511.408925
10802.244,100,26511.408938
10683.423,100,26511.408951
10840.036,100,26512.6379
10934.205,100,26512.638082
10534.976,100,26512.638108
10956.632,100,26512.638124
10962.886,100,26512.638137
10742.051,100,26512.63815
11012.976,100,26512.638164
10735.713,100,26512.638177
11303.8955,100,26512.638191
10899.609,100,26512.638206
10570.907,100,26513.809657
11109.924,100,26513.809815
10822.959,100,26513.809843
10745.818,100,26513.809859
10397.829,100,26513.809873
10517.574,100,26513.809887
10308.368,100,26513.809901
11037.312,100,26513.809916
10749.355,100,26513.80993
10799.725,100,26513.809945
10608.282,100,26577.671417
10852.186,100,26577.671577
10594.372,100,26577.671626
11156.612,100,26577.671662
10732.359,100,26577.671693
11026.265,100,26577.671723
11099.379,100,26577.671752
10723.393,100,26577.671805
11179.667,100,26577.671834
10554.923,100,26577.671862
10729.813,100,26578.658372
10700.684,100,26578.658529
10814.49,100,26578.658555
10788.194,100,26578.658572
10916.505,100,26578.658587
10920.891,100,26578.658602
10675.065,100,26578.658617
11029.992,100,26578.658631
10751.137,100,26578.658645
10802.604,100,26578.658659
10850.163,100,26579.618487
10912.816,100,26579.618654
10921.099,100,26579.618679
11045.305,100,26579.618695
11072.73,100,26579.618708
10762.454,100,26579.618723
10731.65,100,26579.618737
10999.977,100,26579.61875
10982.219,100,26579.618777
10878.774,100,26579.618791
10672.089,100,26581.640359
10484.906,100,26581.640544
10682.373,100,26581.640576
10899.619,100,26581.640592
10630.166,100,26581.640606
11018.652,100,26581.64062
10865.761,100,26581.640634
10767.141,100,26581.640647
10431.419,100,26581.640661
10793.976,100,26581.640673
10855.164,100,26582.586481
10795.313,100,26582.586646
10874.509,100,26582.58667
10688.874,100,26582.586687
10642.115,100,26582.5867
10922.519,100,26582.586715
10733.215,100,26582.586728
10544.38,100,26582.586742
10610.3,100,26582.586755
10372.146,100,26582.586783
10773.479,100,26583.847985
11152.061,100,26583.84812
11420.3545,100,26583.848369
10989.03,100,26583.848389
10905.344,100,26583.848402
10884.745,100,26583.848414
10996.941,100,26583.848427
10913.662,100,26583.848439
11022.0,100,26583.848451
10991.314,100,26583.848463
10593.352,100,26647.099989
10948.837,100,26647.100134
10924.087,100,26647.100161
10858.526,100,26647.100176
10912.87,100,26647.100189
10728.668,100,26647.100202
10480.949,100,26647.100215
10900.02,100,26647.100228
10704.878,100,26647.100242
11175.039,100,26647.10027
10869.892,100,26648.149254
10561.238,100,26648.149423
10455.421,100,26648.149448
10933.476,100,26648.149462
10766.392,100,26648.149477
10741.556,100,26648.14949
10698.378,100,26648.149509
10658.588,100,26648.149523
10143.21,100,26648.149536
10570.396,100,26648.149549
10833.902,100,26649.401674
10953.6455,100,26649.402323
10729.991,100,26649.402397
10786.169,100,26649.402415
10018.209,100,26649.40243
10797.817,100,26649.402445
10901.113,100,26649.40246
10853.457,100,26649.402475
10996.733,100,26649.402488
10764.09,100,26649.402503
11147.392,100,26650.289942
10873.347,100,26650.290075
10913.681,100,26650.290099
10907.082,100,26650.290114
10455.314,100,26650.29013
10727.389,100,26650.290144
10733.0,100,26650.290158
11151.222,100,26650.290172
10614.795,100,26650.290185
10585.275,100,26650.2902
10459.814,100,26651.173538
10657.761,100,26651.17367
10854.265,100,26651.173692
9838.319,100,26651.173709
10954.533,100,26651.173723
10344.353,100,26651.173737
10905.079,100,26651.173751
10669.524,100,26651.173777
10493.353,100,26651.173791
10999.217,100,26651.173804
10917.921,100,26710.895591
10799.984,100,26710.895727
10677.388,100,26710.895754
10619.312,100,26710.895792
10681.214,100,26710.895807
11102.61,100,26710.895821
10271.8,100,26710.895836
10574.585,100,26710.89585
11078.65,100,26710.895864
10900.756,100,26710.895878
10261.451,100,26711.983658
11178.997,100,26711.98385
10729.683,100,26711.983876
10899.454,100,26711.98389
10299.61,100,26711.983903
10333.099,100,26711.983917
10500.77,100,26711.98393
10773.898,100,26711.983942
10236.096,100,26711.983955
10661.42,100,26711.983968
10812.157,100,26713.006471
10974.159,100,26713.006627
10897.966,100,26713.00665
10685.094,100,26713.006667
11039.591,100,26713.006682
10853.657,100,26713.006696
10628.625,100,26713.00671
10597.167,100,26713.006724
10662.6,100,26713.006738
10920.81,100,26713.006753
10639.179,100,26713.916322
10879.077,100,26713.916477
10751.632,100,26713.9165
10580.587,100,26713.916516
10713.361,100,26713.91653
10857.206,100,26713.916544
11006.25,100,26713.916559
10469.353,100,26713.916572
11100.559,100,26713.916586
10549.93,100,26713.916599
10753.34,100,26714.927312
10702.219,100,26714.927458
10541.063,100,26714.92748
10586.78,100,26714.927498
11184.6,100,26714.927512
10630.648,100,26714.927526
10907.684,100,26714.927539
10703.819,100,26714.927552
10795.088,100,26714.927616
10753.108,100,26714.927631
10723.418,100,26778.379371
11139.065,100,26778.380172
10770.57,100,26778.380292
10394.9,100,26778.380316
10812.178,100,26778.380331
10874.957,100,26778.380344
11492.88,100,26778.380356
10548.587,100,26778.380369
10708.154,100,26778.380383
10887.5,100,26778.380397
10526.755,100,26779.254013
10671.0,100,26779.254186
10801.191,100,26779.254211
10606.341,100,26779.254227
10929.002,100,26779.25424
10966.251,100,26779.254254
10797.677,100,26779.254267
11095.355,100,26779.254281
10821.421,100,26779.254295
10305.543,100,26779.254309
10775.6,100,26780.150648
10977.082,100,26780.150826
10877.081,100,26780.150852
10821.78,100,26780.150869
10427.183,100,26780.150883
10936.54,100,26780.150897
10682.771,100,26780.150911
10732.368,100,26780.150924
10519.688,100,26780.150938
10753.496,100,26780.150952
10815.373,100,26781.144638
10755.197,100,26781.144798
10711.656,100,26781.144827
11123.305,100,26781.144842
10369.551,100,26781.144857
10713.637,100,26781.14487
10200.661,100,26781.144885
10834.336,100,26781.1449
10675.399,100,26781.144914
10520.918,100,26781.144928
11015.981,100,26782.146731
10525.004,100,26782.146904
10578.793,100,26782.146931
10820.827,100,26782.146949
10632.521,100,26782.146965
11101.542,100,26782.14698
11108.477,100,26782.146997
10734.931,100,26782.147013
11082.084,100,26782.147029
10756.205,100,26782.147046
10798.184,100,26844.374491
10777.116,100,26844.374642
10429.153,100,26844.37467
10417.173,100,26844.374688
10477.432,100,26844.374703
10840.066,100,26844.374719
11249.418,100,26844.374735
11024.912,100,26844.374779
11291.152,100,26844.374814
10656.891,100,26844.374829
10651.376,100,26846.04786
10813.798,100,26846.048016
11094.2,100,26846.048038
10709.317,100,26846.048054
10899.653,100,26846.048068
10596.618,100,26846.048081
10950.359,100,26846.048094
11000.241,100,26846.048107
10443.04,100,26846.04812
10405.333,100,26846.048133
10736.235,100,26847.357823
10562.517,100,26847.358033
11196.405,100,26847.358055
10985.206,100,26847.358069
10851.387,100,26847.358083
10481.471,100,26847.358097
10719.614,100,26847.35811
11088.732,100,26847.358124
10775.948,100,26847.358137
10822.575,100,26847.35815
10777.44,100,26848.515881
10484.842,100,26848.51619
11030.955,100,26848.516317
10769.3955,100,26848.516394
10554.842,100,26848.516464
10885.521,100,26848.51654
10649.473,100,26848.516614
10710.601,100,26848.51669
10549.097,100,26848.516771
10604.582,100,26848.516844
10488.846,100,26849.458839
10947.057,100,26849.459011
10964.134,100,26849.459034
10997.104,100,26849.45905
11220.781,100,26849.459064
10671.837,100,26849.459077
10636.448,100,26849.459091
10350.417,100,26849.459104
10873.286,100,26849.459117
10958.172,100,26849.45913
10319.9375,100,26912.081209
10514.016,100,26912.081407
10871.356,100,26912.081436
11052.197,100,26912.081452
10697.582,100,26912.081467
10830.909,100,26912.081481
11069.86,100,26912.081496
10735.977,100,26912.08151
10597.5,100,26912.081523
10734.031,100,26912.081539
10622.816,100,26913.016717
11017.231,100,26913.016877
10516.883,100,26913.016902
10903.455,100,26913.016918
10742.291,100,26913.016932
11075.27,100,26913.016945
10686.06,100,26913.016959
10583.642,100,26913.016973
10732.389,100,26913.016988
10331.471,100,26913.017002
11202.256,100,26913.874383
10470.397,100,26913.874518
10872.717,100,26913.874542
10792.021,100,26913.874557
10999.893,100,26913.87457
11341.55,100,26913.874584
10652.895,100,26913.874598
11215.559,100,26913.874612
10473.588,100,26913.874626
10648.315,100,26913.874639
10902.594,100,26915.375797
11046.989,100,26915.375927
10830.371,100,26915.37595
10354.953,100,26915.375966
10541.929,100,26915.37598
10561.241,100,26915.375994
10547.783,100,26915.376008
10583.043,100,26915.376022
10816.105,100,26915.376036
10487.687,100,26915.37605
11097.74,100,26916.688591
10698.896,100,26916.688744
10641.472,100,26916.688785
10836.472,100,26916.688802
10782.368,100,26916.688816
11416.745,100,26916.68883
10726.179,100,26916.688845
10700.93,100,26916.688858
10863.561,100,26916.688872
10889.088,100,26916.688886
10511.66,100,26981.072825
11141.212,100,26981.072969
10542.04,100,26981.072997
10890.179,100,26981.073013
11036.192,100,26981.073028
10739.787,100,26981.073042
10861.694,100,26981.073057
11115.784,100,26981.073071
10957.965,100,26981.073086
10979.105,100,26981.0731
10692.169,100,26981.986799
10922.823,100,26981.986928
11080.384,100,26981.986954
11184.709,100,26981.986971
10991.592,100,26981.986986
10711.735,100,26981.987
11016.195,100,26981.987014
10349.958,100,26981.987029
10380.494,100,26981.987043
10786.46,100,26981.987056
10999.989,100,26982.947652
11010.692,100,26982.94781
10824.28,100,26982.947836
10784.749,100,26982.947852
11187.438,100,26982.947865
10701.234,100,26982.947878
10650.652,100,26982.947892
10434.104,100,26982.947904
11012.386,100,26982.947918
10918.454,100,26982.947931
11085.286,100,26983.858001
11142.006,100,26983.85815
10836.685,100,26983.858172
10418.667,100,26983.858186
10646.453,100,26983.858201
10932.968,100,26983.858213
10435.464,100,26983.858227
10939.135,100,26983.85824
10474.313,100,26983.858253
10761.96,100,26983.858265
11122.373,100,26984.803549
10352.857,100,26984.803687
10937.786,100,26984.803708
11080.14,100,26984.803722
11081.623,100,26984.803736
10645.425,100,26984.803749
10940.019,100,26984.803774
10966.123,100,26984.803787
10915.264,100,26984.803801
10813.156,100,26984.803814
10564.096,100,27049.14647
10812.246,100,27049.146611
10999.343,100,27049.146635
10423.786,100,27049.146649
10818.994,100,27049.146661
10687.285,100,27049.146691
10501.307,100,27049.146719
10374.901,100,27049.146731
10321.867,100,27049.146742
10969.798,100,27049.146754
10984.219,100,27049.990131
11006.301,100,27049.990249
10593.774,100,27049.990271
10963.425,100,27049.990287
11239.275,100,27049.990301
10910.223,100,27049.990314
10989.012,100,27049.990328
10541.105,100,27049.990342
11007.293,100,27049.990355
11061.159,100,27049.990368
9893.52,100,27051.144986
10773.817,100,27051.145121
10890.534,100,27051.145145
10710.848,100,27051.14516
10731.648,100,27051.145174
10624.161,100,27051.145188
10755.323,100,27051.145201
10433.059,100,27051.145214
11132.813,100,27051.145227
10493.969,100,27051.145241
10971.736,100,27052.923682
11024.854,100,27052.923856
10832.394,100,27052.923889
10955.353,100,27052.923903
11016.205,100,27052.923918
10352.79,100,27052.923932
11319.86,100,27052.923946
11171.074,100,27052.92396
10822.998,100,27052.923975
10892.686,100,27052.92399
10795.278,100,27055.547039
10911.802,100,27055.547237
10613.811,100,27055.547264
10974.011,100,27055.547282
10712.344,100,27055.547298
10946.058,100,27055.547313
10921.209,100,27055.547328
10431.033,100,27055.547344
10479.4,100,27055.547359
10884.149,100,27055.547374
10960.252,100,27124.491859
10774.887,100,27124.492014
10535.879,100,27124.492051
10951.641,100,27124.492078
10482.415,100,27124.492101
10660.703,100,27124.492126
11007.688,100,27124.492149
10573.582,100,27124.492176
10921.144,100,27124.4922
11026.986,100,27124.492223
10209.789,100,27127.821148
11195.476,100,27127.821858
10669.973,100,27127.822033
11228.49,100,27127.822123
10835.086,100,27127.822202
10711.648,100,27127.822279
11175.784,100,27127.822294
10699.474,100,27127.822309
10684.459,100,27127.822323
11131.708,100,27127.822336
10907.711,100,27129.590204
10948.825,100,27129.590345
11003.92,100,27129.590368
10281.338,100,27129.590381
10830.761,100,27129.590393
10544.85,100,27129.590405
10866.401,100,27129.590417
10961.279,100,27129.590429
10520.632,100,27129.59044
10959.19,100,27129.590452
10896.456,100,27130.853856
10902.093,100,27130.854012
10822.26,100,27130.854036
10623.421,100,27130.854052
10815.602,100,27130.854067
10468.77,100,27130.854082
10628.1,100,27130.854096
10673.695,100,27130.85411
10875.662,100,27130.854126
10671.793,100,27130.85414
10962.934,100,27132.187462
10870.08,100,27132.187609
10608.152,100,27132.187633
10867.04,100,27132.187649
11026.637,100,27132.187663
10842.881,100,27132.187676
10772.58,100,27132.18769
11115.731,100,27132.187703
10944.765,100,27132.187718
10972.332,100,27132.187731
10712.466,100,27151.107471
11081.316,100,27151.107609
10919.644,100,27151.107634
10788.29,100,27151.10765
11044.934,100,27151.107665
10671.573,100,27151.107678
10795.349,100,27151.107692
11058.941,100,27151.107705
10833.509,100,27151.107718
10687.559,100,27151.107732
10614.127,100,27214.202455
10644.8,100,27214.202594
11027.445,100,27214.202621
10793.94,100,27214.202636
9867.268,100,27214.202651
11109.735,100,27214.202665
10655.324,100,27214.202679
10714.276,100,27214.202691
11124.221,100,27214.202704
10839.286,100,27214.202717
10966.713,100,27215.06739
10839.238,100,27215.06752
10268.396,100,27215.067544
11243.4795,100,27215.06756
10530.132,100,27215.067574
10731.938,100,27215.067587
10738.194,100,27215.0676
10430.56,100,27215.067614
10904.984,100,27215.067627
10669.047,100,27215.06764
10679.815,100,27216.167158
10518.311,100,27216.167293
10577.089,100,27216.167316
10716.654,100,27216.167331
10851.083,100,27216.167345
10893.36,100,27216.167359
10339.395,100,27216.167374
11078.6,100,27216.167388
10857.372,100,27216.167402
10854.739,100,27216.167415
10586.343,100,27217.453175
10785.706,100,27217.45349
11319.158,100,27217.453533
10849.49,100,27217.453552
10820.265,100,27217.453567
10500.8,100,27217.453583
10675.832,100,27217.453597
10720.571,100,27217.453612
10357.104,100,27217.453626
10834.965,100,27217.453641
10948.872,100,27218.612256
11348.287,100,27218.612422
10778.958,100,27218.612442
10438.852,100,27218.612478
11105.921,100,27218.61251
10741.069,100,27218.612523
10962.109,100,27218.612536
10977.322,100,27218.612549
10974.122,100,27218.612563
10812.79,100,27218.612577
10645.607,100,27282.220832
10795.25,100,27282.221145
10861.267,100,27282.221248
10818.32,100,27282.221326
10596.747,100,27282.221399
10872.296,100,27282.221473
10898.952,100,27282.221546
10906.816,100,27282.221619
10643.004,100,27282.221692
10859.831,100,27282.221774
10448.395,100,27283.257272
10804.417,100,27283.257437
11160.081,100,27283.257461
10918.118,100,27283.257477
11142.234,100,27283.257491
10939.195,100,27283.257505
10887.159,100,27283.257519
11036.106,100,27283.257532
10498.417,100,27283.257546
10782.214,100,27283.25756
10986.572,100,27284.187648
10651.282,100,27284.187802
10719.653,100,27284.187829
10830.228,100,27284.187844
10858.181,100,27284.187858
10927.784,100,27284.187872
11168.254,100,27284.187886
11054.406,100,27284.187902
10813.062,100,27284.187916
11077.458,100,27284.187929
10984.779,100,27285.747889
10785.397,100,27285.748037
10414.184,100,27285.748061
10500.018,100,27285.748076
10966.399,100,27285.748091
10715.37,100,27285.748104
10633.6045,100,27285.748118
10703.894,100,27285.748132
10522.264,100,27285.748146
10814.133,100,27285.74816
10682.405,100,27287.152344
10987.841,100,27287.15253
11000.06,100,27287.152558
10668.814,100,27287.152574
11131.812,100,27287.15259
10768.264,100,27287.152604
10692.822,100,27287.152619
11014.202,100,27287.152651
10571.748,100,27287.152666
10718.431,100,27287.15268
11128.809,100,27351.292249
10707.8125,100,27351.2924
10844.67,100,27351.292428
10759.024,100,27351.292443
10909.819,100,27351.292458
10952.297,100,27351.292471
10682.427,100,27351.292486
10611.713,100,27351.2925
10815.105,100,27351.292513
10852.803,100,27351.29341
11046.962,100,27352.262794
10739.056,100,27352.26293
10831.673,100,27352.262953
10593.367,100,27352.262967
11081.641,100,27352.262981
11112.763,100,27352.262994
10949.0625,100,27352.263007
10761.32,100,27352.263022
10220.33,100,27352.263034
10716.876,100,27352.263047
10317.942,100,27353.121182
11137.362,100,27353.121328
11172.23,100,27353.121353
10676.168,100,27353.121368
10465.028,100,27353.121382
10388.139,100,27353.121395
10774.785,100,27353.121409
10909.347,100,27353.121424
10848.352,100,27353.121439
10733.193,100,27353.121452
10406.565,100,27354.015575
11088.926,100,27354.015693
10459.494,100,27354.015716
11156.753,100,27354.015731
10345.562,100,27354.015745
10594.633,100,27354.015772
10767.5205,100,27354.015787
10872.794,100,27354.015801
11025.069,100,27354.015815
10776.793,100,27354.015829
10959.7705,100,27354.889187
10894.978,100,27354.889324
10969.147,100,27354.889348
10752.191,100,27354.889364
10877.919,100,27354.889378
10908.428,100,27354.889392
11211.993,100,27354.889406
10666.848,100,27354.889421
10735.86,100,27354.889434
11012.599,100,27354.889449
10726.08,100,27417.563573
10837.521,100,27417.563703
10644.46,100,27417.56373
10955.892,100,27417.563746
10644.305,100,27417.563777
10538.908,100,27417.563791
10563.364,100,27417.563805
10723.457,100,27417.563819
10517.017,100,27417.563833
10837.689,100,27417.563846
10963.027,100,27418.518077
10907.299,100,27418.51821
11184.606,100,27418.518233
10797.15,100,27418.518249
10996.989,100,27418.518264
10524.082,100,27418.518278
10883.816,100,27418.518291
10790.201,100,27418.518306
10833.679,100,27418.518319
10568.842,100,27418.518332
11407.078,100,27419.535636
10629.26,100,27419.535804
10796.836,100,27419.535835
10580.557,100,27419.535851
11268.501,100,27419.535865
10911.202,100,27419.535878
10450.952,100,27419.535891
11084.648,100,27419.535904
10651.027,100,27419.535918
11008.6455,100,27419.535931
10894.175,100,27420.601583
10726.586,100,27420.601746
10763.371,100,27420.601786
10770.393,100,27420.601804
10879.098,100,27420.601818
10753.726,100,27420.601832
11029.596,100,27420.601846
10876.539,100,27420.60186
10776.425,100,27420.601874
10738.701,100,27420.601888
10807.516,100,27421.894453
10702.606,100,27421.894601
10719.103,100,27421.894626
10626.605,100,27421.89464
11148.471,100,27421.894655
10989.846,100,27421.894668
10767.311,100,27421.89468
10910.994,100,27421.894693
11138.274,100,27421.894706
10627.347,100,27421.894718
10924.636,100,27483.465584
11033.019,100,27483.466347
10650.33,100,27483.466419
10858.813,100,27483.466439
10886.859,100,27483.466454
11059.142,100,27483.466468
10860.128,100,27483.466483
10727.07,100,27483.466498
10923.2295,100,27483.466513
11151.235,100,27483.466528
10889.62,100,27485.601002
10834.215,100,27485.601177
10735.264,100,27485.601214
10903.389,100,27485.601228
10501.43,100,27485.601241
10443.596,100,27485.601254
10600.975,100,27485.601266
11013.013,100,27485.601279
10528.956,100,27485.601291
10834.726,100,27485.601304
10829.924,100,27487.189917
10580.085,100,27487.190074
11178.669,100,27487.190098
10948.622,100,27487.190112
10874.762,100,27487.190125
11289.357,100,27487.190139
10607.463,100,27487.190152
10328.189,100,27487.190166
10892.314,100,27487.190178
10712.105,100,27487.190191
11009.909,100,27488.108005
10794.818,100,27488.108177
10939.305,100,27488.108201
10615.8955,100,27488.108217
10793.629,100,27488.108232
10861.9795,100,27488.108246
10946.276,100,27488.10826
11206.709,100,27488.108275
10480.877,100,27488.108289
10893.474,100,27488.108302
10898.512,100,27489.264441
10626.501,100,27489.264581
10762.5,100,27489.264605
10733.886,100,27489.264621
10848.713,100,27489.264635
11008.315,100,27489.264649
10268.89,100,27489.264663
10258.316,100,27489.264676
11207.177,100,27489.264691
11014.33,100,27489.264704
10989.438,100,27549.304135
10739.04,100,27549.3043
10949.874,100,27549.304343
10814.803,100,27549.304374
10899.985,100,27549.304402
11054.786,100,27549.304429
11068.8955,100,27549.304454
11122.0,100,27549.304479
10889.851,100,27549.304504
11188.575,100,27549.304529
11039.919,100,27551.370868
10887.374,100,27551.371024
10564.243,100,27551.371064
10524.501,100,27551.371094
10639.817,100,27551.371122
10485.199,100,27551.371148
10622.649,100,27551.371173
10700.609,100,27551.371202
11051.478,100,27551.371229
10733.454,100,27551.371257
10953.797,100,27552.556455
10886.006,100,27552.556624
11155.017,100,27552.556648
10390.731,100,27552.556664
10420.588,100,27552.556678
10552.832,100,27552.556691
10924.499,100,27552.556706
11113.553,100,27552.55672
10965.342,100,27552.556734
10636.247,100,27552.556748
10756.605,100,27553.739723
11178.237,100,27553.739879
10764.886,100,27553.739904
10843.117,100,27553.73992
10839.128,100,27553.739935
10797.366,100,27553.739949
11163.154,100,27553.739963
10806.736,100,27553.739977
10905.672,100,27553.739991
10791.904,100,27553.740005
10696.605,100,27554.71141
10536.27,100,27554.711583
10612.944,100,27554.711607
10746.569,100,27554.711621
10988.551,100,27554.711636
11061.553,100,27554.71165
11089.758,100,27554.711663
11236.4,100,27554.711676
10731.982,100,27554.711688
10919.991,100,27554.711701
11212.192,100,27620.304819
11395.354,100,27620.304969
10749.266,100,27620.304996
10991.1,100,27620.305012
11163.273,100,27620.305027
10627.628,100,27620.305042
10941.827,100,27620.305057
10773.574,100,27620.305071
10691.9795,100,27620.305085
10406.233,100,27620.3051
10850.353,100,27621.213123
10807.489,100,27621.213255
10881.424,100,27621.213281
10947.126,100,27621.213298
10570.95,100,27621.213312
11016.001,100,27621.213326
11108.382,100,27621.21334
10546.778,100,27621.213354
10407.269,100,27621.213368
10525.285,100,27621.213382
10723.609,100,27622.098661
10791.298,100,27622.098807
10946.222,100,27622.098834
10429.881,100,27622.09885
10744.054,100,27622.098864
10806.082,100,27622.098878
10687.319,100,27622.098892
10995.228,100,27622.098906
10816.384,100,27622.09892
10681.511,100,27622.098934
11113.609,100,27623.168849
11360.19,100,27623.169023
10667.439,100,27623.169046
11029.576,100,27623.169062
10937.629,100,27623.169075
11199.282,100,27623.169088
10946.995,100,27623.169101
10801.321,100,27623.169132
10864.441,100,27623.169168
10655.092,100,27623.169182
11164.941,100,27624.193192
10814.654,100,27624.193335
10318.719,100,27624.193359
10905.063,100,27624.193374
10634.917,100,27624.193388
11176.737,100,27624.193403
10711.883,100,27624.193417
10805.848,100,27624.19343
10718.836,100,27624.193444
10757.835,100,27624.193458
10911.275,100,27688.629497
10834.377,100,27688.629652
10848.136,100,27688.62968
10694.354,100,27688.629698
10867.308,100,27688.629712
10758.492,100,27688.629726
10623.064,100,27688.62974
10749.745,100,27688.629755
10896.837,100,27688.629792
10775.495,100,27688.629807
10517.89,100,27689.620364
11180.556,100,27689.620534
10797.794,100,27689.620557
10917.859,100,27689.620571
10328.001,100,27689.620585
10779.722,100,27689.6206
10980.951,100,27689.620614
11086.962,100,27689.620627
11019.574,100,27689.62064
10882.328,100,27689.620654
10902.462,100,27691.239156
10949.177,100,27691.239302
11165.505,100,27691.239339
11011.52,100,27691.239367
10942.16,100,27691.239392
10695.24,100,27691.239415
10756.456,100,27691.239439
10969.193,100,27691.239464
11227.55,100,27691.239488
10879.136,100,27691.239511
10836.812,100,27692.131883
11298.363,100,27692.13205
11135.769,100,27692.132076
11172.709,100,27692.132092
10866.041,100,27692.132106
11257.008,100,27692.132119
11036.632,100,27692.132132
11039.516,100,27692.132145
10783.384,100,27692.132158
11163.829,100,27692.132171
10921.417,100,27693.997214
10824.825,100,27693.997365
10746.466,100,27693.997401
11065.812,100,27693.997431
11027.722,100,27693.997457
11165.534,100,27693.997483
10479.727,100,27693.997508
11216.637,100,27693.997533
10689.467,100,27693.997558
10708.04,100,27693.997583
10651.586,100,27695.022024
11105.592,100,27695.022205
10758.067,100,27695.022228
10671.715,100,27695.022242
11080.645,100,27695.022254
10984.212,100,27695.022267
11499.889,100,27695.022279
10781.46,100,27695.022292
10930.87,100,27695.022305
10998.302,100,27695.022317
11034.403,100,27764.188281
10811.652,100,27764.188416
11072.604,100,27764.188442
10849.733,100,27764.188458
11009.677,100,27764.188472
11062.294,100,27764.188486
11112.452,100,27764.188499
11056.693,100,27764.188512
10812.549,100,27764.188526
10990.571,100,27764.188539
10959.045,100,27765.076723
10855.708,100,27765.076877
11017.593,100,27765.076902
10857.705,100,27765.076918
10921.247,100,27765.076933
10947.151,100,27765.076946
10837.1045,100,27765.07696
10901.787,100,27765.076975
10933.337,100,27765.076989
10900.378,100,27765.077002
11500.491,100,27767.046604
10952.814,100,27767.04675
11167.101,100,27767.046792
10701.1045,100,27767.04681
10840.352,100,27767.046829
10975.477,100,27767.046844
10596.209,100,27767.04686
11226.469,100,27767.046876
11047.674,100,27767.046892
10995.212,100,27767.04691
11167.241,100,27769.681379
10850.112,100,27769.681811
10901.509,100,27769.681861
10684.602,100,27769.681879
11080.617,100,27769.681895
11187.085,100,27769.681911
10827.154,100,27769.681927
11196.314,100,27769.681943
11083.165,100,27769.681957
10994.131,100,27769.681972
10819.415,100,27771.102556
10387.268,100,27771.10269
11082.108,100,27771.102713
10815.851,100,27771.102727
11209.255,100,27771.10274
10877.994,100,27771.102753
10820.19,100,27771.102793
10862.191,100,27771.102806
11044.0205,100,27771.102818
10474.171,100,27771.102831
11181.337,100,27837.854861
11066.701,100,27837.855052
10981.922,100,27837.855102
10895.207,100,27837.855133
10823.517,100,27837.855161
10630.208,100,27837.855191
11099.904,100,27837.855219
11220.749,100,27837.855246
10801.899,100,27837.855272
10758.505,100,27837.855299
11165.352,100,27839.096592
11036.539,100,27839.09675
10490.718,100,27839.096788
11189.992,100,27839.096804
10674.176,100,27839.096818
11146.414,100,27839.096831
10756.057,100,27839.096845
10973.787,100,27839.096858
10916.49,100,27839.096871
11202.849,100,27839.096884
10969.38,100,27840.70834
10847.919,100,27840.708482
11102.674,100,27840.708503
10888.736,100,27840.708516
10687.871,100,27840.708551
10748.537,100,27840.70858
10762.804,100,27840.708592
10430.737,100,27840.708604
10678.073,100,27840.708617
10921.005,100,27840.708629
10877.602,100,27864.285214
10877.1875,100,27864.28537
11020.575,100,27864.285399
10933.858,100,27864.285416
11005.425,100,27864.285432
10550.316,100,27864.285447
10768.005,100,27864.285462
10919.609,100,27864.285477
10465.561,100,27864.285491
10743.194,100,27864.285505
10957.719,100,27865.277728
10560.525,100,27865.2786
11015.771,100,27865.278678
10577.497,100,27865.278698
10604.109,100,27865.278713
10797.236,100,27865.278727
10618.079,100,27865.278741
10962.4375,100,27865.278755
11015.426,100,27865.27878
10800.53,100,27865.278795
10678.804,100,27934.249508
10787.918,100,27934.250447
11244.28,100,27934.250519
10709.6455,100,27934.25054
10855.8955,100,27934.250557
10328.035,100,27934.250574
11054.667,100,27934.25059
10684.803,100,27934.250606
10910.569,100,27934.250622
11067.801,100,27934.250638
10753.274,100,27936.716333
11089.649,100,27936.716493
11147.761,100,27936.716518
10553.186,100,27936.716534
10992.034,100,27936.71655
11237.029,100,27936.716565
10721.929,100,27936.71658
10606.421,100,27936.716595
11288.576,100,27936.71661
10874.25,100,27936.716624
10850.1455,100,27938.024543
10910.177,100,27938.024687
10906.386,100,27938.024712
11099.962,100,27938.024728
10864.898,100,27938.024742
11214.452,100,27938.024757
10743.5205,100,27938.024806
10946.207,100,27938.024821
10791.802,100,27938.024835
11237.473,100,27938.02485
11136.978,100,27939.119634
11117.958,100,27939.119812
10889.642,100,27939.119856
10879.591,100,27939.119887
10994.925,100,27939.119915
11145.821,100,27939.11994
11029.046,100,27939.119966
10971.435,100,27939.119991
11190.794,100,27939.120018
11194.275,100,27939.120043
10635.026,100,27940.248923
10497.283,100,27940.249064
11083.106,100,27940.249088
10989.972,100,27940.249104
10754.481,100,27940.249118
10614.353,100,27940.249132
11267.727,100,27940.249146
11081.986,100,27940.24916
10899.052,100,27940.249174
10787.703,100,27940.249188
10737.73,100,28003.577769
11090.997,100,28003.577918
10795.07,100,28003.577944
10768.492,100,28003.577959
10834.638,100,28003.577972
10392.58,100,28003.577986
10759.975,100,28003.577998
11131.229,100,28003.578011
11026.317,100,28003.578025
11066.024,100,28003.578038
11324.158,100,28005.034124
10901.412,100,28005.034278
10730.151,100,28005.034301
10837.67,100,28005.034315
10827.029,100,28005.034328
11218.631,100,28005.034341
11278.232,100,28005.034353
10739.722,100,28005.034366
11305.187,100,28005.034378
11223.433,100,28005.03439
10802.011,100,28006.269406
11199.42,100,28006.269576
10818.406,100,28006.269602
10809.14,100,28006.269617
11206.901,100,28006.269631
10875.686,100,28006.269644
11004.057,100,28006.269658
11166.734,100,28006.26967
11024.284,100,28006.269685
11147.022,100,28006.269698
10505.417,100,28007.507288
10810.463,100,28007.507421
10522.095,100,28007.507444
10852.06,100,28007.507459
11341.108,100,28007.507473
10496.719,100,28007.507486
10688.313,100,28007.507499
10866.247,100,28007.507512
10491.381,100,28007.507525
10797.364,100,28007.507538
10882.682,100,28008.723946
10828.806,100,28008.72409
11212.725,100,28008.724114
10876.272,100,28008.724128
10564.945,100,28008.724141
10820.547,100,28008.724154
11011.441,100,28008.724167
10695.242,100,28008.72418
10733.05,100,28008.724192
11113.749,100,28008.724205
11162.14,100,28074.639647
10645.789,100,28074.639816
10913.377,100,28074.639846
10758.968,100,28074.639861
10980.874,100,28074.639875
11082.674,100,28074.639889
11181.263,100,28074.639903
10578.923,100,28074.639916
10529.684,100,28074.63993
11140.867,100,28074.639943
10968.302,100,28075.581691
10722.662,100,28075.58208
11354.379,100,28075.582196
11023.701,100,28075.582309
10970.531,100,28075.582388
11162.255,100,28075.582404
10810.165,100,28075.582418
11130.169,100,28075.582432
10772.095,100,28075.582445
10817.827,100,28075.582458
10917.7,100,28076.669866
11132.119,100,28076.670025
10928.633,100,28076.670074
11081.771,100,28076.670092
10871.446,100,28076.670108
11247.257,100,28076.670123
10638.248,100,28076.670139
11135.679,100,28076.670154
11041.692,100,28076.670171
11079.242,100,28076.670187
10869.365,100,28078.184627
10714.888,100,28078.184795
11085.5205,100,28078.184824
11114.844,100,28078.184841
10871.079,100,28078.184855
11006.088,100,28078.184869
10929.156,100,28078.184883
10978.03,100,28078.184897
10936.272,100,28078.184913
10803.462,100,28078.184927
10694.918,100,28079.179892
10971.87,100,28079.180043
10631.249,100,28079.180068
10687.985,100,28079.180083
11107.78,100,28079.180097
10923.156,100,28079.180111
11088.795,100,28079.180125
10927.641,100,28079.18014
11090.242,100,28079.180154
10845.362,100,28079.180168
11023.327,100,28140.741126
11304.528,100,28140.741283
11068.504,100,28140.741312
10849.414,100,28140.741327
11158.845,100,28140.741341
11000.703,100,28140.741355
10302.776,100,28140.741369
10832.86,100,28140.741383
10662.953,100,28140.741397
10670.042,100,28140.74141
10912.855,100,28141.742532
10952.732,100,28141.742666
11023.53,100,28141.742689
11046.493,100,28141.742705
10804.168,100,28141.742719
10600.972,100,28141.742733
11000.668,100,28141.742746
11004.151,100,28141.742773
10668.598,100,28141.742786
10746.996,100,28141.7428
10652.482,100,28142.856009
11122.421,100,28142.856365
10812.997,100,28142.856504
10758.698,100,28142.856542
10531.258,100,28142.85657
10830.134,100,28142.856594
10958.989,100,28142.856618
11046.424,100,28142.856642
11025.035,100,28142.856667
10886.764,100,28142.856793
10991.954,100,28145.116366
10640.314,100,28145.116818
10917.498,100,28145.116895
11089.222,100,28145.116931
10982.431,100,28145.116961
10779.883,100,28145.11699
10935.758,100,28145.117017
11141.41,100,28145.117045
10937.629,100,28145.117072
11056.99,100,28145.117098
11216.351,100,28150.060323
11208.533,100,28150.060475
10970.22,100,28150.06051
10780.333,100,28150.060537
10675.657,100,28150.06056
11527.08,100,28150.060582
10637.393,100,28150.060604
10959.657,100,28150.060669
10956.582,100,28150.060699
10957.3125,100,28150.060723
10688.851,100,28218.114277
11020.437,100,28218.114425
10813.059,100,28218.114454
10884.285,100,28218.114474
11329.813,100,28218.114492
11243.834,100,28218.11451
10663.075,100,28218.114528
10734.652,100,28218.114546
10852.652,100,28218.114564
11063.549,100,28218.114581
11435.449,100,28219.283673
11236.729,100,28219.28386
10687.535,100,28219.283889
10922.074,100,28219.283905
11007.526,100,28219.283921
11207.1045,100,28219.283937
10850.46,100,28219.283953
11147.556,100,28219.283968
10995.803,100,28219.283983
10885.171,100,28219.283998
10886.446,100,28220.286548
10952.438,100,28220.286688
11043.986,100,28220.286713
10806.435,100,28220.286729
10955.279,100,28220.286743
11060.556,100,28220.286769
10423.253,100,28220.286784
11183.793,100,28220.286798
10915.676,100,28220.286813
11337.091,100,28220.286827
10886.082,100,28221.274877
10823.736,100,28221.275042
10857.621,100,28221.275067
10897.854,100,28221.275082
10888.736,100,28221.275095
10969.673,100,28221.275109
10794.738,100,28221.275123
11264.051,100,28221.275137
10508.148,100,28221.275151
10981.281,100,28221.275164
11037.404,100,28222.371051
10838.339,100,28222.371238
11013.221,100,28222.371264
11105.162,100,28222.371282
10912.755,100,28222.371299
11261.352,100,28222.371315
10723.956,100,28222.371331
11142.467,100,28222.371346
10825.584,100,28222.371366
10892.23,100,28222.371382
10798.44,100,28288.926015
10728.641,100,28288.926158
10741.908,100,28288.926184
10803.53,100,28288.926198
11146.051,100,28288.926212
10702.643,100,28288.926224
11186.535,100,28288.926237
11244.012,100,28288.92625
10610.698,100,28288.926263
11178.165,100,28288.926275
10772.783,100,28289.84965
10849.865,100,28289.849846
10674.981,100,28289.849894
11187.555,100,28289.849926
10948.632,100,28289.849958
11094.134,100,28289.849985
11013.479,100,28289.850013
11026.813,100,28289.850039
10958.656,100,28289.850066
11075.476,100,28289.850116
10916.618,100,28291.137384
11209.516,100,28291.137544
11224.78,100,28291.13757
10831.865,100,28291.137587
11232.803,100,28291.1376
10858.385,100,28291.137614
10685.1875,100,28291.137628
10835.231,100,28291.137643
10775.714,100,28291.137656
10413.397,100,28291.13767
10949.755,100,28292.107234
11160.856,100,28292.107412
11418.491,100,28292.107436
11020.639,100,28292.107452
10983.599,100,28292.107466
11191.116,100,28292.10748
10967.123,100,28292.107494
10930.384,100,28292.107508
10821.093,100,28292.107522
11037.043,100,28292.107537
10924.616,100,28293.677543
10576.501,100,28293.67769
10626.238,100,28293.677715
9791.052,100,28293.67773
10250.064,100,28293.677745
10810.0205,100,28293.677771
11205.217,100,28293.677788
10908.189,100,28293.677802
10772.683,100,28293.677816
10795.295,100,28293.67783
10643.008,100,28367.872973
10591.809,100,28367.873127
10702.163,100,28367.873158
10675.817,100,28367.873176
11159.679,100,28367.873193
10739.627,100,28367.873209
11232.266,100,28367.873225
10879.48,100,28367.873242
10354.928,100,28367.873258
10759.894,100,28367.873275
10943.78,100,28368.882638
10568.808,100,28368.882793
11232.494,100,28368.882851
11110.498,100,28368.882867
11102.924,100,28368.882881
10968.886,100,28368.882895
11216.181,100,28368.882909
11067.357,100,28368.882924
11118.068,100,28368.882937
10921.735,100,28368.882951
10751.911,100,28370.125652
11151.873,100,28370.125817
10891.911,100,28370.125845
10807.133,100,28370.125863
11294.661,100,28370.125876
11199.916,100,28370.12589
9992.971,100,28370.125905
11196.011,100,28370.125919
10737.79,100,28370.125933
11279.157,100,28370.125947
10944.598,100,28371.052794
11084.785,100,28371.052937
10857.11,100,28371.052961
10918.171,100,28371.052978
11002.131,100,28371.052992
10822.323,100,28371.053006
11101.25,100,28371.053019
10663.338,100,28371.053033
10839.795,100,28371.053046
10717.96,100,28371.05306
11001.503,100,28371.938343
10770.614,100,28371.938483
10768.063,100,28371.938507
10932.163,100,28371.938523
11215.6455,100,28371.938536
10905.749,100,28371.938551
11203.956,100,28371.938565
11115.61,100,28371.938578
11197.845,100,28371.938591
10893.639,100,28371.938605
11110.213,100,28373.035086
10746.912,100,28373.03522
11163.469,100,28373.035244
10953.044,100,28373.035259
10564.591,100,28373.035274
10144.994,100,28373.035287
11177.438,100,28373.035302
10819.25,100,28373.035315
10407.136,100,28373.035329
10787.86,100,28373.035343
11163.441,100,28437.46161
11032.593,100,28437.461772
10962.661,100,28437.461804
10749.666,100,28437.46182
11038.033,100,28437.461834
10726.623,100,28437.461848
10771.087,100,28437.461863
10741.494,100,28437.461876
10915.365,100,28437.46189
10970.176,100,28437.461903
11295.076,100,28439.314402
11063.205,100,28439.314563
10649.303,100,28439.314595
10948.945,100,28439.314613
10964.971,100,28439.31463
10835.493,100,28439.314646
10507.41,100,28439.314663
10821.5205,100,28439.314679
11028.858,100,28439.314696
11247.028,100,28439.314712
11249.225,100,28442.613544
11010.989,100,28442.613685
10977.868,100,28442.613708
10815.063,100,28442.613722
10978.262,100,28442.613736
10952.313,100,28442.613749
10974.826,100,28442.613783
10668.609,100,28442.613796
11121.57,100,28442.61381
10576.536,100,28442.613824
10795.243,100,28443.557707
10665.32,100,28443.5579
10839.694,100,28443.557928
11114.153,100,28443.557945
10887.944,100,28443.557959
11115.652,100,28443.557973
10804.793,100,28443.558016
10657.693,100,28443.55803
11369.842,100,28443.558045
11001.772,100,28443.558059
11145.185,100,28444.991391
10625.854,100,28444.991548
10676.463,100,28444.991572
11274.548,100,28444.991587
10666.622,100,28444.991601
10907.052,100,28444.991615
11081.919,100,28444.991629
11178.897,100,28444.991643
11063.035,100,28444.991656
11022.748,100,28444.991671
10897.602,100,28510.002285
10423.816,100,28510.00242
10394.497,100,28510.002446
11112.559,100,28510.002462
10952.3545,100,28510.002477
11100.098,100,28510.002491
10931.42,100,28510.002519
11457.141,100,28510.002549
10708.283,100,28510.002563
11083.564,100,28510.002577
10864.716,100,28510.919433
10647.347,100,28510.919745
11096.225,100,28510.919868
10712.205,100,28510.919948
10829.368,100,28510.920025
10599.136,100,28510.920099
10951.106,100,28510.920202
11002.275,100,28510.920223
11081.827,100,28510.920238
10988.516,100,28510.920252
11128.106,100,28512.121256
11007.521,100,28512.121397
10296.824,100,28512.12142
10815.042,100,28512.121434
11213.856,100,28512.121449
10951.36,100,28512.121462
10878.8545,100,28512.121475
10760.031,100,28512.121488
10907.548,100,28512.1215
10773.853,100,28512.121514
11241.884,100,28513.182808
10904.157,100,28513.182945
10876.943,100,28513.182967
10891.135,100,28513.182983
11111.998,100,28513.182998
10898.638,100,28513.183011
11376.59,100,28513.183025
10581.542,100,28513.183039
10416.747,100,28513.183053
10921.654,100,28513.183066
11099.182,100,28514.508909
10713.408,100,28514.50903
11317.517,100,28514.509053
11248.182,100,28514.509067
10853.104,100,28514.50908
11172.423,100,28514.509092
11257.579,100,28514.509105
10825.957,100,28514.509118
11080.084,100,28514.50913
10958.2705,100,28514.509143
10960.575,100,28581.718469
10936.186,100,28581.718613
10582.439,100,28581.718639
10680.685,100,28581.718655
11446.368,100,28581.718669
10767.754,100,28581.718683
10886.148,100,28581.718696
11207.12,100,28581.71871
10726.128,100,28581.718724
10165.749,100,28581.718738
11125.951,100,28582.704128
11015.788,100,28582.704286
10987.797,100,28582.70431
10942.712,100,28582.704327
11139.65,100,28582.70434
10823.211,100,28582.704354
11311.796,100,28582.704367
11108.709,100,28582.70438
10826.202,100,28582.704393
10777.871,100,28582.704406
11197.6875,100,28600.061095
10788.09,100,28600.061258
11246.9795,100,28600.061284
10995.826,100,28600.061301
10857.4375,100,28600.061316
11018.856,100,28600.061332
11063.177,100,28600.061347
11009.166,100,28600.061361
10562.409,100,28600.061375
10682.58,100,28600.061389
10901.36,100,28601.121261
10750.126,100,28601.12141
11014.118,100,28601.121434
10644.941,100,28601.121451
11040.586,100,28601.121465
10922.721,100,28601.121479
10918.85,100,28601.121492
10985.315,100,28601.121506
11069.332,100,28601.12152
10899.725,100,28601.121534
10417.809,100,28602.402457
10731.032,100,28602.402609
10887.229,100,28602.402632
10633.819,100,28602.402647
10806.208,100,28602.40266
10805.925,100,28602.402673
10997.775,100,28602.402687
10550.989,100,28602.402699
11028.371,100,28602.402713
10913.516,100,28602.402725
10755.112,100,28664.966727
10982.911,100,28664.967595
10987.527,100,28664.967659
11172.992,100,28664.967678
10666.4795,100,28664.967692
10807.2,100,28664.967708
10788.223,100,28664.967722
10834.316,100,28664.967736
10997.202,100,28664.96775
10717.428,100,28664.967778
11014.77,100,28666.772075
10912.916,100,28666.772232
10722.399,100,28666.772273
10673.044,100,28666.772302
10588.556,100,28666.772328
10821.393,100,28666.772352
11123.94,100,28666.772378
10905.376,100,28666.772404
10822.793,100,28666.772428
11119.948,100,28666.772454
10838.489,100,28667.674957
10837.936,100,28667.675143
10551.872,100,28667.675166
10704.867,100,28667.675181
11043.759,100,28667.675195
11183.383,100,28667.675208
10957.646,100,28667.675221
10904.554,100,28667.675234
11222.147,100,28667.675247
11183.101,100,28667.67526
10926.96,100,28668.76585
11275.682,100,28668.766009
10864.179,100,28668.766052
11204.553,100,28668.766083
10894.539,100,28668.766111
11289.523,100,28668.766138
10938.714,100,28668.766167
11198.593,100,28668.766194
10542.562,100,28668.766221
11131.65,100,28668.766246
10804.533,100,28669.703528
10982.917,100,28669.703699
11218.705,100,28669.703722
11110.026,100,28669.703738
11305.514,100,28669.703752
10986.237,100,28669.703789
10809.7295,100,28669.703803
11064.387,100,28669.703818
10906.247,100,28669.703833
11132.112,100,28669.70385
11091.428,100,28737.346498
10694.119,100,28737.347431
10906.011,100,28737.347571
10841.875,100,28737.347611
10585.992,100,28737.347649
10934.589,100,28737.347666
10777.851,100,28737.347683
11448.453,100,28737.3477
10922.49,100,28737.34772
11123.74,100,28737.347873
10699.822,100,28738.573679
11008.743,100,28738.573846
11017.735,100,28738.573872
10895.852,100,28738.573887
10937.522,100,28738.573901
10941.307,100,28738.573915
10867.694,100,28738.57393
10740.356,100,28738.573944
10799.527,100,28738.573958
10865.794,100,28738.573972
10776.478,100,28740.59258
10853.881,100,28740.59274
11023.829,100,28740.592794
10857.0625,100,28740.592827
10890.349,100,28740.592857
10944.67,100,28740.592884
10813.902,100,28740.592911
11167.423,100,28740.592937
11014.277,100,28740.592962
11168.51,100,28740.592988
10261.227,100,28741.662698
10182.617,100,28741.662865
10631.481,100,28741.662943
11087.622,100,28741.662961
10716.365,100,28741.662976
10724.076,100,28741.662989
10506.753,100,28741.663002
10830.215,100,28741.663017
10847.188,100,28741.663031
10995.459,100,28741.663044
10586.376,100,28742.63881
10653.729,100,28742.638986
10647.703,100,28742.639025
10757.977,100,28742.639044
10666.224,100,28742.639057
10483.244,100,28742.63907
10818.705,100,28742.639083
11154.73,100,28742.639097
10978.796,100,28742.639109
10629.049,100,28742.639125
10896.663,100,28805.320482
10739.512,100,28805.320614
10796.32,100,28805.32064
10690.254,100,28805.320656
11271.595,100,28805.320669
10808.647,100,28805.320682
10724.048,100,28805.320694
10720.374,100,28805.320708
10395.725,100,28805.320721
10879.694,100,28805.320734
10458.904,100,28807.69983
11144.591,100,28807.699959
11160.37,100,28807.699979
11000.447,100,28807.699991
10612.187,100,28807.700002
10813.32,100,28807.700013
11173.146,100,28807.700024
11026.878,100,28807.700035
11065.575,100,28807.700045
10845.267,100,28807.700055
11263.878,100,28808.951885
10753.076,100,28808.952045
10997.4795,100,28808.952085
10584.987,100,28808.952115
10800.346,100,28808.952141
11051.625,100,28808.952165
10547.147,100,28808.95219
10402.903,100,28808.952214
10906.645,100,28808.952239
11064.352,100,28808.952262
11111.111,100,28810.127353
10770.982,100,28810.12754
10997.372,100,28810.127563
10976.149,100,28810.12758
11075.194,100,28810.127594
10436.349,100,28810.127608
10764.55,100,28810.127622
10925.059,100,28810.127635
10912.76,100,28810.12765
11087.696,100,28810.127663
11038.474,100,28811.088794
11127.259,100,28811.089139
10834.722,100,28811.089254
11025.775,100,28811.089346
11102.077,100,28811.089431
10703.906,100,28811.089446
11246.81,100,28811.08946
10770.149,100,28811.089474
10853.224,100,28811.089488
10547.0,100,28811.089502
10756.165,100,28877.523
10354.986,100,28877.52315
10726.521,100,28877.523178
10752.47,100,28877.523194
10880.919,100,28877.523208
10790.522,100,28877.523222
10856.312,100,28877.523236
10815.709,100,28877.52325
10491.801,100,28877.523263
10874.918,100,28877.523277
10980.626,100,28878.446878
10906.085,100,28878.447024
10717.021,100,28878.447048
11119.134,100,28878.447063
10727.765,100,28878.447078
10848.519,100,28878.447091
11219.911,100,28878.447105
11299.175,100,28878.447119
11081.088,100,28878.447133
10933.559,100,28878.447147
10703.065,100,28880.23195
10595.511,100,28880.2321
10635.534,100,28880.232123
10698.01,100,28880.232138
10569.154,100,28880.232153
10941.848,100,28880.232166
11239.102,100,28880.232179
10873.731,100,28880.232192
10673.849,100,28880.232205
10893.824,100,28880.232217
11058.665,100,28881.418735
10891.325,100,28881.41892
10973.303,100,28881.418946
10873.542,100,28881.418961
11201.651,100,28881.418974
10879.974,100,28881.418986
10865.915,100,28881.419
11209.852,100,28881.419013
10437.236,100,28881.419026
11062.185,100,28881.419038
10546.638,100,28882.297189
10797.071,100,28882.297324
10801.449,100,28882.297348
10922.771,100,28882.297364
10867.642,100,28882.297379
10782.939,100,28882.297392
10977.232,100,28882.297406
10485.0625,100,28882.29742
11057.672,100,28882.297434
10622.942,100,28882.297448
10849.799,100,28944.056586
10388.008,100,28944.056791
11233.801,100,28944.056882
10930.507,100,28944.056906
10929.741,100,28944.056925
10661.321,100,28944.056944
11121.435,100,28944.056963
10807.929,100,28944.056981
10873.681,100,28944.057
10830.319,100,28944.057019
11004.712,100,28946.90493
10974.439,100,28946.905743
10633.372,100,28946.905906
11070.95,100,28946.905947
10886.162,100,28946.905979
10605.426,100,28946.906009
10801.356,100,28946.906037
11101.965,100,28946.906067
11059.697,100,28946.906094
10536.111,100,28946.906122
11052.759,100,28947.964839
11242.214,100,28947.96498
10892.905,100,28947.965004
11262.506,100,28947.965019
11233.013,100,28947.965034
10803.969,100,28947.965047
10932.104,100,28947.965061
11030.988,100,28947.965074
10979.579,100,28947.965087
10933.18,100,28947.9651
10455.61,100,28949.269428
10559.311,100,28949.269596
10848.079,100,28949.269638
10794.202,100,28949.269669
10854.798,100,28949.269696
10538.015,100,28949.269722
10747.932,100,28949.26975
10651.8545,100,28949.269797
10764.4375,100,28949.269825
10770.191,100,28949.269852
10318.509,100,28950.441675
11095.859,100,28950.441837
10978.391,100,28950.441861
11064.001,100,28950.441877
10730.753,100,28950.441891
10723.568,100,28950.441905
11257.249,100,28950.441919
11055.562,100,28950.441932
11068.474,100,28950.441946
10815.244,100,28950.441959
10838.16,100,28951.728902
11016.814,100,28951.729038
11023.397,100,28951.72906
10823.95,100,28951.729075
10850.846,100,28951.729088
11206.251,100,28951.729101
10862.385,100,28951.729114
10965.416,100,28951.729127
10429.743,100,28951.729139
10939.399,100,28951.729151
10724.4375,100,29022.854683
10687.089,100,29022.854837
11126.31,100,29022.854865
10744.833,100,29022.85488
11159.288,100,29022.854894
10934.016,100,29022.854907
10872.424,100,29022.85492
10969.394,100,29022.854934
10948.959,100,29022.854947
11154.503,100,29022.85496
10521.066,100,29023.785439
10774.512,100,29023.785574
10630.691,100,29023.785598
10515.992,100,29023.785613
10868.874,100,29023.785627
10883.081,100,29023.785641
10496.629,100,29023.785655
11402.208,100,29023.785668
10896.038,100,29023.785681
10435.776,100,29023.785694
11298.557,100,29024.737286
11105.168,100,29024.737466
11052.182,100,29024.737491
10745.664,100,29024.737506
10975.045,100,29024.737521
10984.979,100,29024.737535
10792.086,100,29024.73755
11488.796,100,29024.737564
10678.732,100,29024.737578
10710.841,100,29024.737592
11222.423,100,29025.670694
11296.078,100,29025.670856
10951.608,100,29025.670882
10833.467,100,29025.670897
10716.756,100,29025.670912
10599.877,100,29025.670925
10800.225,100,29025.670939
10920.877,100,29025.670952
10481.205,100,29025.670965
11082.336,100,29025.670979
11180.867,100,29026.895774
10457.215,100,29026.895927
10946.616,100,29026.895954
10957.964,100,29026.895971
10807.979,100,29026.895986
11049.451,100,29026.896
10721.755,100,29026.896016
10704.202,100,29026.896031
10890.104,100,29026.896045
10507.872,100,29026.89606
10301.913,100,29096.260826
10987.537,100,29096.261742
10983.148,100,29096.261923
10854.54,100,29096.262013
10960.195,100,29096.2621
10171.895,100,29096.262177
10687.468,100,29096.262193
11170.656,100,29096.262208
10342.282,100,29096.262222
11210.103,100,29096.262237
10692.415,100,29097.629248
10831.561,100,29097.629431
10853.833,100,29097.629457
10975.707,100,29097.629472
10909.58,100,29097.629486
10836.658,100,29097.6295
10815.543,100,29097.629515
10948.997,100,29097.629529
11006.743,100,29097.629542
11091.504,100,29097.629556
10826.642,100,29098.654057
10861.561,100,29098.654219
10895.074,100,29098.654242
10978.156,100,29098.654256
11372.194,100,29098.654269
11217.543,100,29098.654282
10844.607,100,29098.654295
10570.491,100,29098.654309
10909.107,100,29098.654322
11340.455,100,29098.654335
10627.873,100,29100.114062
10687.755,100,29100.114231
11003.534,100,29100.114255
10729.167,100,29100.114271
10804.937,100,29100.114284
10276.64,100,29100.114298
11025.885,100,29100.114313
10648.143,100,29100.114327
11131.526,100,29100.114361
10893.13,100,29100.114393
10928.635,100,29101.370033
11090.208,100,29101.371011
11129.395,100,29101.371173
10916.731,100,29101.371202
11231.306,100,29101.371216
10995.829,100,29101.371231
11048.332,100,29101.371244
10189.746,100,29101.371259
10798.348,100,29101.371271
11006.148,100,29101.371284
10480.276,100,29167.87568
10759.384,100,29167.875831
10696.644,100,29167.875857
10934.308,100,29167.875871
11011.627,100,29167.875884
10849.749,100,29167.875898
10756.454,100,29167.875911
10755.245,100,29167.875925
11253.543,100,29167.875938
10932.691,100,29167.875952
10853.204,100,29169.781734
10631.76,100,29169.781914
11218.202,100,29169.78194
10796.212,100,29169.781956
10719.473,100,29169.78197
10660.334,100,29169.781984
10756.2295,100,29169.781997
10940.367,100,29169.782011
10864.755,100,29169.782025
10765.53,100,29169.782039
10897.611,100,29171.684617
10523.179,100,29171.68478
10992.69,100,29171.684804
10835.908,100,29171.684818
10671.411,100,29171.684829
10435.59,100,29171.684841
10988.61,100,29171.684852
10881.641,100,29171.684864
11041.239,100,29171.684875
10783.008,100,29171.684886
11009.804,100,29172.823249
10394.17,100,29172.823429
10633.353,100,29172.823453
10957.978,100,29172.823468
10710.542,100,29172.823482
10553.539,100,29172.823496
11105.687,100,29172.82351
10756.401,100,29172.823525
11035.586,100,29172.823539
10801.293,100,29172.823552
10729.262,100,29173.838686
10776.012,100,29173.83887
11066.261,100,29173.838912
10311.648,100,29173.838945
11084.922,100,29173.838973
10800.279,100,29173.839002
10559.042,100,29173.839032
11172.759,100,29173.839059
11097.858,100,29173.839087
10911.306,100,29173.839114
10904.809,100,29243.062753
10844.829,100,29243.062954
11122.975,100,29243.062982
10672.221,100,29243.062998
11106.185,100,29243.063012
10965.39,100,29243.063027
11039.403,100,29243.063041
10904.717,100,29243.063057
10968.359,100,29243.063071
11066.004,100,29243.063086
10966.414,100,29243.995166
10972.472,100,29243.995311
10608.145,100,29243.995336
10648.331,100,29243.995352
10681.624,100,29243.995365
10738.477,100,29243.995379
10817.463,100,29243.995391
10896.482,100,29243.995405
11178.484,100,29243.995418
10889.679,100,29243.99543
11043.296,100,29244.966598
10629.187,100,29244.966741
10603.923,100,29244.966783
10654.29,100,29244.966798
10783.359,100,29244.966812
11107.496,100,29244.966825
10976.51,100,29244.966838
10746.722,100,29244.966851
11091.616,100,29244.966865
11207.975,100,29244.966879
11122.034,100,29245.94169
10878.599,100,29245.941881
11196.309,100,29245.941908
10937.217,100,29245.941925
10735.451,100,29245.94194
11284.819,100,29245.941955
10906.101,100,29245.94197
11048.507,100,29245.941984
10930.549,100,29245.941998
10816.907,100,29245.942012
11016.946,100,29247.015167
10888.095,100,29247.015319
11089.916,100,29247.015343
10617.01,100,29247.015359
11321.025,100,29247.015372
10932.341,100,29247.015386
11208.576,100,29247.0154
11140.317,100,29247.015414
10888.287,100,29247.015428
10916.96,100,29247.015442
10958.002,100,29311.907423
11002.94,100,29311.907567
10936.766,100,29311.907836
10711.635,100,29311.907863
11261.963,100,29311.907876
11318.247,100,29311.90789
11071.235,100,29311.907903
10835.735,100,29311.907916
11192.234,100,29311.907928
10396.891,100,29311.907941
10916.2705,100,29367.267679
10067.476,100,29367.268417
10929.291,100,29367.268478
11151.97,100,29367.268496
10789.221,100,29367.268511
11060.772,100,29367.268527
10501.919,100,29367.268541
10837.974,100,29367.268556
11000.887,100,29367.268571
10980.036,100,29367.268585
11110.886,100,29368.271683
10753.722,100,29368.271868
10934.582,100,29368.271907
11116.235,100,29368.271935
10646.191,100,29368.271961
10914.883,100,29368.271986
11209.978,100,29368.272012
10760.889,100,29368.272037
11267.528,100,29368.272062
11487.876,100,29368.272087
10702.96,100,29369.555526
11081.449,100,29369.555914
11045.486,100,29369.556053
10703.203,100,29369.556162
10894.983,100,29369.556265
10822.487,100,29369.556396
10889.86,100,29369.556521
10667.158,100,29369.556554
10708.685,100,29369.556581
10983.051,100,29369.556605
10661.011,100,29370.81501
10823.091,100,29370.8152
10840.16,100,29370.815228
10797.593,100,29370.815244
10594.551,100,29370.81526
11460.167,100,29370.815274
10568.502,100,29370.815288
11205.562,100,29370.815302
10470.876,100,29370.815316
10806.913,100,29370.81533
10934.166,100,29434.613165
10708.799,100,29434.613311
11282.486,100,29434.613338
10892.86,100,29434.613353
10842.276,100,29434.613368
10949.455,100,29434.613382
10842.001,100,29434.613395
10963.563,100,29434.613418
10716.312,100,29434.613431
11275.749,100,29434.613444
11259.744,100,29435.483598
11445.222,100,29435.483733
11022.438,100,29435.483779
11216.393,100,29435.483797
10818.828,100,29435.483811
10926.433,100,29435.483825
11099.294,100,29435.48384
11253.666,100,29435.483853
11042.841,100,29435.483867
10885.756,100,29435.48388
10918.453,100,29436.675086
11087.293,100,29436.675239
10505.128,100,29436.675266
10920.025,100,29436.675283
10946.745,100,29436.675299
10861.68,100,29436.675314
11011.79,100,29436.675329
11049.0,100,29436.675344
10776.477,100,29436.675359
10877.158,100,29436.675375
10951.284,100,29438.650935
11042.792,100,29438.65108
11017.825,100,29438.651103
10526.714,100,29438.651117
10911.423,100,29438.65113
10729.256,100,29438.651143
10887.7705,100,29438.651155
10921.695,100,29438.651168
11064.94,100,29438.651181
11105.026,100,29438.651194
10950.524,100,29440.23341
10836.605,100,29440.233814
10946.567,100,29440.233934
10621.147,100,29440.233953
10615.459,100,29440.233968
10910.454,100,29440.233983
10550.14,100,29440.233997
10622.233,100,29440.234012
11026.809,100,29440.234026
10828.781,100,29440.23404
10972.137,100,29505.259689
11022.657,100,29505.259849
10938.96,100,29505.259878
10767.344,100,29505.259894
10655.149,100,29505.259908
10538.343,100,29505.259923
10951.605,100,29505.259938
10356.65,100,29505.259952
11093.856,100,29505.259967
10422.727,100,29505.259981
11003.548,100,29506.420917
10834.054,100,29506.421058
10957.591,100,29506.421084
11134.038,100,29506.421099
11170.006,100,29506.421113
11069.34,100,29506.42171
10882.894,100,29506.421757
10502.58,100,29506.421787
11249.504,100,29506.421802
10705.55,100,29506.421817
10858.812,100,29507.511448
10759.441,100,29507.511583
10821.573,100,29507.511606
10546.616,100,29507.511622
10795.614,100,29507.511635
11133.898,100,29507.511649
10843.366,100,29507.511663
10546.016,100,29507.511676
10793.703,100,29507.51169
10560.975,100,29507.511704
10334.936,100,29508.455951
10562.523,100,29508.456096
10712.738,100,29508.45612
10939.891,100,29508.456135
10989.442,100,29508.45615
10962.283,100,29508.456164
10955.501,100,29508.456178
10193.337,100,29508.456192
11153.428,100,29508.456205
11053.926,100,29508.45622
10885.5205,100,29509.394936
11092.092,100,29509.395128
10863.588,100,29509.395156
11156.002,100,29509.395172
10898.948,100,29509.395186
11014.063,100,29509.3952
10827.678,100,29509.395215
10735.953,100,29509.395229
10889.064,100,29509.395243
10809.174,100,29509.395256
10985.777,100,29568.402135
11188.287,100,29568.402278
11199.274,100,29568.402303
10744.505,100,29568.402317
11075.107,100,29568.402329
11052.187,100,29568.402341
10929.236,100,29568.402353
11258.757,100,29568.402364
10493.776,100,29568.402376
10795.076,100,29568.402388
10898.814,100,29569.378443
10674.175,100,29569.378577
10825.773,100,29569.3786
11304.639,100,29569.378615
10935.458,100,29569.378628
11293.127,100,29569.378642
10996.837,100,29569.378654
10916.109,100,29569.378667
10640.142,100,29569.37868
11326.875,100,29569.378693
11081.242,100,29571.268649
10445.19,100,29571.268822
10670.022,100,29571.26891
11005.367,100,29571.268943
10867.269,100,29571.268972
11046.104,100,29571.268996
10937.512,100,29571.269021
10997.58,100,29571.269046
10751.208,100,29571.269068
11041.568,100,29571.269092
10836.245,100,29572.1397
10997.124,100,29572.13986
10793.769,100,29572.139886
10650.852,100,29572.139923
11102.789,100,29572.139953
11047.103,100,29572.139967
11304.393,100,29572.139981
11052.489,100,29572.139996
10986.556,100,29572.14001
10601.224,100,29572.140027
11200.08,100,29573.027374
10843.769,100,29573.027506
11174.465,100,29573.02753
10848.164,100,29573.027545
10825.256,100,29573.027559
10867.417,100,29573.027572
10987.337,100,29573.027585
10936.541,100,29573.027598
10920.6455,100,29573.027611
11088.435,100,29573.027625
10808.301,100,29576.217232
10779.493,100,29576.217403
11257.538,100,29576.217452
10792.089,100,29576.217488
11045.105,100,29576.21752
10802.739,100,29576.217552
11023.028,100,29576.217583
10657.727,100,29576.217613
10883.158,100,29576.217642
10688.015,100,29576.217671
10863.483,100,29651.538321
10772.335,100,29651.538547
10943.12,100,29651.538579
10815.216,100,29651.538596
11239.583,100,29651.53861
11188.5625,100,29651.538624
10555.163,100,29651.538637
11133.661,100,29651.538651
10735.029,100,29651.538663
11145.0625,100,29651.538677
10801.948,100,29652.68721
10933.513,100,29652.687379
10816.203,100,29652.687405
11052.762,100,29652.687421
11072.398,100,29652.687435
11228.521,100,29652.687449
11139.648,100,29652.687462
10821.719,100,29652.687475
10916.039,100,29652.68749
10803.849,100,29652.687505
10789.849,100,29654.002485
10592.212,100,29654.002615
11010.043,100,29654.002636
10476.049,100,29654.002652
10933.912,100,29654.002666
10772.832,100,29654.002679
10803.655,100,29654.002692
10823.811,100,29654.002705
10984.455,100,29654.002718
11105.87,100,29654.002732
10905.732,100,29655.079907
11029.648,100,29655.08006
11019.177,100,29655.080094
10747.715,100,29655.080113
10896.015,100,29655.080123
10781.795,100,29655.080133
11109.535,100,29655.080143
10587.254,100,29655.080153
10815.581,100,29655.080162
10688.852,100,29655.080171
11230.32,100,29657.253997
10430.572,100,29657.254132
10781.476,100,29657.254155
10953.064,100,29657.25417
11098.748,100,29657.254185
11200.837,100,29657.254198
11051.726,100,29657.254212
11142.777,100,29657.254227
11301.064,100,29657.254241
11108.378,100,29657.254254
11091.642,100,29716.932224
11035.046,100,29716.932376
10841.76,100,29716.932403
11142.891,100,29716.932418
11321.162,100,29716.932432
11102.279,100,29716.932446
10808.141,100,29716.93246
10985.082,100,29716.932473
10859.465,100,29716.932486
11072.392,100,29716.932499
11111.839,100,29718.60141
11029.355,100,29718.601558
10638.271,100,29718.601593
11444.66,100,29718.601619
11037.872,100,29718.601641
10889.356,100,29718.601664
10638.635,100,29718.601688
11004.237,100,29718.601711
10707.284,100,29718.601734
10532.129,100,29718.601757
10863.574,100,29719.892656
11029.402,100,29719.892824
11179.764,100,29719.89285
10899.569,100,29719.892868
10940.924,100,29719.892882
10588.359,100,29719.892896
10795.926,100,29719.892909
10740.037,100,29719.892922
10884.449,100,29719.892935
10798.134,100,29719.892948
11050.203,100,29722.238188
10913.49,100,29722.238354
10500.994,100,29722.238389
10911.053,100,29722.238404
11037.362,100,29722.238417
10828.645,100,29722.23843
10938.449,100,29722.238443
10808.453,100,29722.238456
10897.981,100,29722.238467
10799.959,100,29722.23848
10982.737,100,29723.104367
10999.651,100,29723.104678
10772.993,100,29723.104714
11049.849,100,29723.104731
10921.9,100,29723.104745
10672.902,100,29723.10477
10934.0205,100,29723.104784
10873.233,100,29723.104799
11292.981,100,29723.104812
10714.371,100,29723.104826
10883.808,100,29782.97425
10900.36,100,29782.974393
11025.634,100,29782.97442
11016.146,100,29782.974436
10491.451,100,29782.974451
10566.979,100,29782.974465
10545.469,100,29782.974479
10850.637,100,29782.974493
10935.174,100,29782.974507
10878.913,100,29782.97452
10284.678,100,29784.103977
11244.111,100,29784.104135
11364.918,100,29784.104173
11358.131,100,29784.104201
11166.937,100,29784.104227
11018.644,100,29784.104252
10693.711,100,29784.104277
11205.553,100,29784.104301
11058.521,100,29784.104325
10948.744,100,29784.104348
10541.236,100,29785.226529
10976.674,100,29785.226711
11177.669,100,29785.226738
11108.762,100,29785.226754
11159.1455,100,29785.226781
10800.994,100,29785.226797
11157.136,100,29785.226812
11081.654,100,29785.226826
10819.456,100,29785.22684
10982.814,100,29785.226855
10999.577,100,29789.956595
11015.1,100,29789.95734
10655.8125,100,29789.957511
11124.2295,100,29789.957609
11127.943,100,29789.957686
10912.693,100,29789.957702
11443.225,100,29789.957717
11152.413,100,29789.957732
10868.592,100,29789.957746
11031.661,100,29789.957782
10308.313,100,29791.260938
11050.967,100,29791.261243
10686.986,100,29791.261357
11057.419,100,29791.261432
11481.358,100,29791.261504
10616.635,100,29791.261576
11138.543,100,29791.261662
11307.755,100,29791.261733
11045.373,100,29791.261811
11238.659,100,29791.261828
10732.247,100,29855.736065
11248.041,100,29855.736249
10925.051,100,29855.736278
11115.174,100,29855.736294
10876.451,100,29855.736309
11054.241,100,29855.736325
10548.513,100,29855.73634
10950.765,100,29855.736355
10818.635,100,29855.73637
10694.079,100,29855.736384
10713.254,100,29857.408998
10938.717,100,29857.409196
11260.159,100,29857.409222
11089.838,100,29857.409237
10885.117,100,29857.409252
10941.97,100,29857.409266
10932.686,100,29857.409281
10837.633,100,29857.409296
11196.179,100,29857.40931
10523.412,100,29857.409326
10726.55,100,29858.384381
10599.257,100,29858.384565
11006.898,100,29858.384592
10565.206,100,29858.384608
11034.935,100,29858.384623
11072.69,100,29858.384636
10795.715,100,29858.38465
11083.584,100,29858.384665
11143.67,100,29858.384678
10931.89,100,29858.384692
11006.92,100,29859.387115
10898.212,100,29859.387288
11264.6045,100,29859.387313
11186.834,100,29859.38733
10755.117,100,29859.387344
10880.956,100,29859.387358
10768.173,100,29859.387372
10966.192,100,29859.387386
11193.145,100,29859.3874
10906.035,100,29859.387414
11151.594,100,29860.401692
10776.607,100,29860.401848
11418.736,100,29860.401873
11388.03,100,29860.401889
11430.188,100,29860.401904
10849.114,100,29860.401918
11114.835,100,29860.401933
10914.299,100,29860.401947
11219.537,100,29860.401961
10891.95,100,29860.401976
10729.771,100,29920.773364
11125.418,100,29920.773494
10653.458,100,29920.77352
11406.774,100,29920.773537
10780.346,100,29920.773551
10923.774,100,29920.773567
11169.236,100,29920.773582
11148.827,100,29920.773597
10724.008,100,29920.773612
10895.602,100,29920.773626
11070.121,100,29921.869302
10691.924,100,29921.869434
10713.834,100,29921.869456
10855.708,100,29921.869471
10841.254,100,29921.869486
10882.412,100,29921.8695
11161.841,100,29921.869515
11014.184,100,29921.869529
10835.039,100,29921.869542
11128.009,100,29921.869556
11419.1,100,29922.870342
11072.023,100,29922.870531
10907.394,100,29922.870563
10895.74,100,29922.870581
11061.426,100,29922.870597
10857.739,100,29922.870613
11030.263,100,29922.870629
10534.87,100,29922.870643
11159.016,100,29922.870659
11243.115,100,29922.870674
11112.915,100,29925.037176
11172.135,100,29925.037333
11071.304,100,29925.037373
10632.402,100,29925.037403
10730.696,100,29925.037431
11365.136,100,29925.037456
10708.155,100,29925.037482
10888.319,100,29925.037509
10890.317,100,29925.037535
10906.255,100,29925.037561
10964.715,100,29926.679222
10871.191,100,29926.679387
11297.049,100,29926.679413
10836.412,100,29926.67943
11011.864,100,29926.679446
11268.523,100,29926.679461
11075.6875,100,29926.679475
10900.102,100,29926.67949
10839.288,100,29926.679505
10957.015,100,29926.679521
10843.693,100,29989.53021
10805.373,100,29989.530357
10996.74,100,29989.530385
10480.71,100,29989.5304
11119.489,100,29989.530415
11029.188,100,29989.530429
10760.184,100,29989.530442
10778.137,100,29989.530456
11077.629,100,29989.53047
10252.059,100,29989.530484
10812.336,100,29990.712787
11007.148,100,29990.713103
10751.518,100,29990.71314
11202.3125,100,29990.713157
11170.743,100,29990.713171
11259.141,100,29990.713185
11022.175,100,29990.713199
10620.467,100,29990.713231
10866.751,100,29990.713263
10965.8545,100,29990.713276
10754.394,100,29992.05721
11057.102,100,29992.057453
11018.5625,100,29992.057487
11253.66,100,29992.057503
11183.962,100,29992.057518
11382.154,100,29992.057533
11221.416,100,29992.057547
10740.438,100,29992.05756
10927.5205,100,29992.057573
11091.811,100,29992.057587
10874.364,100,29993.026969
10872.001,100,29993.027139
11232.371,100,29993.027179
11139.418,100,29993.0272
11224.014,100,29993.027215
11188.215,100,29993.027229
11152.317,100,29993.027242
11184.922,100,29993.027255
11038.094,100,29993.02727
10995.59,100,29993.027284
10789.802,100,29994.010152
10585.006,100,29994.010319
10687.615,100,29994.010396
10955.915,100,29994.010413
11194.245,100,29994.010428
10515.495,100,29994.010442
10885.614,100,29994.010458
11137.096,100,29994.010472
11136.653,100,29994.010485
11048.144,100,29994.010499
11020.12,100,30078.015797
11365.935,100,30078.015943
10971.148,100,30078.015973
10752.91,100,30078.01599
11356.857,100,30078.016005
10882.636,100,30078.01602
11142.273,100,30078.016035
10628.328,100,30078.01605
10888.934,100,30078.016064
11204.603,100,30078.016079
10690.707,100,30079.106302
10777.488,100,30079.106458
10925.784,100,30079.106483
10919.6455,100,30079.106498
10959.571,100,30079.106512
10650.315,100,30079.106525
10969.317,100,30079.106539
10841.79,100,30079.106552
10479.676,100,30079.106565
10982.743,100,30079.106578
11160.129,100,30082.46967
11111.057,100,30082.469845
10364.405,100,30082.46988
11003.968,100,30082.469899
10824.122,100,30082.469915
11025.747,100,30082.469932
11136.538,100,30082.469947
10758.46,100,30082.469963
10926.9,100,30082.469979
11092.366,100,30082.469995
10849.715,100,30083.682142
11221.162,100,30083.68231
11098.289,100,30083.682353
10941.46,100,30083.682385
10667.576,100,30083.682414
10472.307,100,30083.682442
10921.307,100,30083.682468
11045.144,100,30083.682497
11172.889,100,30083.682523
11204.67,100,30083.682549
10812.362,100,30085.15271
10901.478,100,30085.153119
11016.108,100,30085.153242
11185.135,100,30085.153261
10934.251,100,30085.153278
11192.591,100,30085.153293
10765.779,100,30085.153308
11171.528,100,30085.153323
10635.5625,100,30085.153338
11329.096,100,30085.153353
10955.785,100,30149.740689
10411.228,100,30149.740872
11254.578,100,30149.74092
10939.661,100,30149.740953
10988.565,100,30149.740983
10910.832,100,30149.741011
10981.137,100,30149.741038
10740.675,100,30149.741064
10777.422,100,30149.74109
10804.144,100,30149.741117
10930.732,100,30150.688135
11101.745,100,30150.688285
11270.007,100,30150.688308
11472.617,100,30150.688324
10722.606,100,30150.688339
10898.673,100,30150.688352
10807.6455,100,30150.688366
10650.653,100,30150.688382
11020.251,100,30150.688395
11002.385,100,30150.688408
10629.059,100,30151.667832
10969.26,100,30151.668
10464.727,100,30151.668027
11211.346,100,30151.668043
10731.928,100,30151.668058
11220.389,100,30151.668072
10718.115,100,30151.668087
10929.503,100,30151.668102
10795.33,100,30151.668117
10864.823,100,30151.668131
10792.174,100,30152.629063
10804.725,100,30152.629244
10641.094,100,30152.629269
10973.722,100,30152.629286
11082.774,100,30152.6293
10653.68,100,30152.629314
11046.08,100,30152.629328
10943.415,100,30152.629342
10657.594,100,30152.629356
10906.081,100,30152.629369
11197.655,100,30153.992027
10644.791,100,30153.992154
11232.248,100,30153.992177
11176.648,100,30153.99219
10743.003,100,30153.992202
11061.421,100,30153.992214
10956.67,100,30153.992226
11069.233,100,30153.992239
10947.476,100,30153.99225
11059.162,100,30153.992262
11016.689,100,30225.430859
10876.552,100,30225.43103
11180.814,100,30225.431079
11185.009,100,30225.431115
11228.267,100,30225.431146
10697.215,100,30225.431176
10952.796,100,30225.431204
10385.973,100,30225.431235
10907.863,100,30225.431264
11058.21,100,30225.431292
10957.049,100,30226.748632
11314.9375,100,30226.74886
11412.703,100,30226.748888
10561.408,100,30226.748905
10909.744,100,30226.748921
11111.866,100,30226.74896
11120.569,100,30226.748998
10721.823,100,30226.749015
10838.184,100,30226.749031
11120.129,100,30226.749047
11107.291,100,30229.642676
10767.34,100,30229.642873
10593.328,100,30229.642899
11494.276,100,30229.642914
11284.944,100,30229.642927
11112.686,100,30229.64294
10981.29,100,30229.642953
10816.045,100,30229.642965
11218.084,100,30229.642977
11345.213,100,30229.64299
11056.424,100,30230.612799
10992.967,100,30230.612949
11009.933,100,30230.612973
10822.082,100,30230.612989
10745.854,100,30230.613003
11046.525,100,30230.613017
11100.451,100,30230.613031
11021.38,100,30230.613045
11092.154,100,30230.613059
11040.101,100,30230.613071
11109.749,100,30231.531135
10998.752,100,30231.53129
11056.475,100,30231.531314
11057.016,100,30231.531331
10888.265,100,30231.531345
11273.192,100,30231.531359
11307.612,100,30231.531374
10986.405,100,30231.531388
10997.319,100,30231.531402
11119.388,100,30231.531416
10758.126,100,30233.365045
10687.784,100,30233.365217
11020.114,100,30233.365241
10929.182,100,30233.365257
10765.24,100,30233.365271
11014.3,100,30233.365286
10789.829,100,30233.3653
10924.787,100,30233.365315
10539.022,100,30233.365329
10387.806,100,30233.365343
10344.164,100,30300.293678
10742.337,100,30300.294671
11250.523,100,30300.294757
10592.623,100,30300.294786
11049.778,100,30300.2948
11032.414,100,30300.294814
10986.598,100,30300.294841
11050.151,100,30300.294855
11014.696,100,30300.294868
11009.074,100,30300.294882
10735.788,100,30302.220228
11190.898,100,30302.220376
11196.114,100,30302.220399
10870.405,100,30302.220413
11031.971,100,30302.220426
11031.236,100,30302.220439
10997.8955,100,30302.220452
11028.617,100,30302.220466
10994.212,100,30302.220478
11041.926,100,30302.220491
10688.917,100,30303.14094
10820.487,100,30303.141078
11135.341,100,30303.141103
10847.8955,100,30303.141119
10570.56,100,30303.141134
11040.004,100,30303.141148
10985.85,100,30303.141163
11432.926,100,30303.141178
11194.967,100,30303.141192
10957.837,100,30303.141206
10861.395,100,30304.099676
11177.731,100,30304.099857
11269.784,100,30304.099885
11142.113,100,30304.099901
10968.175,100,30304.099915
10677.5,100,30304.099929
10437.564,100,30304.099942
11103.153,100,30304.099957
11013.158,100,30304.09997
11081.775,100,30304.099985
11089.906,100,30305.056948
10749.843,100,30305.057086
11056.527,100,30305.05711
10846.613,100,30305.057125
10936.253,100,30305.05714
11437.652,100,30305.057153
10984.876,100,30305.057167
10716.809,100,30305.05718
11140.166,100,30305.057193
10334.817,100,30305.057206
10999.587,100,30365.65211
10910.329,100,30365.652945
11007.348,100,30365.653008
10903.6455,100,30365.653026
10733.754,100,30365.653041
11148.219,100,30365.653054
10898.444,100,30365.653067
11047.409,100,30365.653081
11043.335,100,30365.653094
10983.17,100,30365.653107
10971.049,100,30367.285244
11000.398,100,30367.285921
11057.684,100,30367.286129
10968.42,100,30367.286242
11229.862,100,30367.28634
11233.955,100,30367.286435
11078.203,100,30367.286519
10502.783,100,30367.286535
10857.732,100,30367.286551
11131.945,100,30367.286567
11312.588,100,30368.550029
11408.829,100,30368.55022
10812.047,100,30368.550262
11132.891,100,30368.550457
10988.742,100,30368.550492
11068.808,100,30368.550518
10848.072,100,30368.550542
10900.688,100,30368.550566
10695.502,100,30368.55059
11299.382,100,30368.550614
10864.107,100,30369.92133
11407.024,100,30369.921493
10952.163,100,30369.921533
11018.655,100,30369.921562
11038.082,100,30369.921588
11339.879,100,30369.921613
11155.693,100,30369.921641
10925.866,100,30369.921668
10883.417,100,30369.921692
11158.23,100,30369.921717
11030.921,100,30371.519237
10284.063,100,30371.519392
10755.54,100,30371.519415
11272.869,100,30371.519429
10550.03,100,30371.519442
10991.155,100,30371.519453
10305.581,100,30371.519465
10766.255,100,30371.519476
11418.873,100,30371.519488
11071.834,100,30371.5195
10706.581,100,30434.795979
10729.723,100,30434.796158
10656.877,100,30434.796207
10996.197,100,30434.796242
11130.228,100,30434.796256
11013.604,100,30434.796271
11181.927,100,30434.796285
10996.66,100,30434.796299
10867.921,100,30434.796313
11024.3125,100,30434.796326
11265.392,100,30435.835854
11013.541,100,30435.836006
11020.35,100,30435.836031
10665.524,100,30435.836048
10719.606,100,30435.836063
10989.056,100,30435.836077
11231.024,100,30435.836091
10775.028,100,30435.836105
11030.912,100,30435.836119
10798.7295,100,30435.836133
11288.9795,100,30437.360474
10760.825,100,30437.360649
10950.116,100,30437.360673
11176.576,100,30437.360688
10451.2,100,30437.360701
10812.956,100,30437.360714
11195.153,100,30437.360727
10859.017,100,30437.360739
10911.891,100,30437.360753
10815.1455,100,30437.360776
10993.122,100,30438.328871
11075.962,100,30438.329036
11186.869,100,30438.329075
10831.59,100,30438.32909
10852.396,100,30438.329105
10727.6,100,30438.329119
10874.561,100,30438.329132
11158.722,100,30438.329146
10759.075,100,30438.329159
10514.291,100,30438.329171
10924.366,100,30439.41042
10631.654,100,30439.410562
11246.193,100,30439.410586
10838.393,100,30439.410601
10468.128,100,30439.410615
10660.022,100,30439.41063
10828.744,100,30439.410644
11209.4795,100,30439.410658
10905.079,100,30439.410672
10928.208,100,30439.410685
10873.968,100,30503.810581
11256.965,100,30503.810796
10958.348,100,30503.810837
10789.767,100,30503.810855
11277.7705,100,30503.81087
10970.456,100,30503.810887
11035.945,100,30503.810902
10666.79,100,30503.810918
10894.203,100,30503.810935
11212.907,100,30503.81095
11084.963,100,30505.200079
11270.998,100,30505.200232
10903.739,100,30505.200257
11227.006,100,30505.200275
11155.843,100,30505.20029
11312.478,100,30505.200306
11081.682,100,30505.200321
11104.492,100,30505.200338
11209.822,100,30505.200352
10987.255,100,30505.200367
11043.945,100,30506.671625
10871.908,100,30506.671805
11477.815,100,30506.671833
11338.656,100,30506.67185
11143.868,100,30506.671865
11074.218,100,30506.671879
10692.149,100,30506.671893
11225.875,100,30506.671909
10610.728,100,30506.671923
11300.885,100,30506.671937
10705.78,100,30507.729249
11302.532,100,30507.729425
10855.175,100,30507.729451
10843.531,100,30507.729466
10849.493,100,30507.729479
10386.496,100,30507.729502
11070.255,100,30507.729516
10902.372,100,30507.729529
10269.226,100,30507.729541
10671.008,100,30507.729555
10934.758,100,30508.687496
11021.448,100,30508.687643
11107.668,100,30508.687668
11336.648,100,30508.687684
10958.505,100,30508.687698
10985.44,100,30508.687712
10433.995,100,30508.687726
11029.986,100,30508.68774
10624.815,100,30508.687754
10389.487,100,30508.687784
10603.268,100,30569.680728
11059.685,100,30569.680898
10842.215,100,30569.680927
11310.506,100,30569.680944
10621.404,100,30569.680958
10927.823,100,30569.680972
11108.892,100,30569.680986
11163.223,100,30569.681
11077.212,100,30569.681015
10527.854,100,30569.681029
10933.419,100,30570.827685
11012.616,100,30570.82784
11005.767,100,30570.827864
11185.825,100,30570.827879
11157.199,100,30570.827894
11035.497,100,30570.827907
11021.942,100,30570.827921
10962.33,100,30570.827934
10812.667,100,30570.827947
10984.491,100,30570.82796
10715.098,100,30572.015568
11100.545,100,30572.015718
10946.074,100,30572.015741
10480.039,100,30572.015772
10623.763,100,30572.015786
10862.932,100,30572.015799
10724.744,100,30572.015814
10812.51,100,30572.015827
10995.042,100,30572.015841
10867.881,100,30572.015854
11114.698,100,30572.967039
10414.641,100,30572.967177
11034.86,100,30572.967201
10963.344,100,30572.96722
10934.115,100,30572.967236
11116.912,100,30572.96725
10712.233,100,30572.967264
10874.662,100,30572.967279
11377.439,100,30572.967294
11117.861,100,30572.967308
11153.535,100,30573.944101
10937.811,100,30573.944276
10859.74,100,30573.9443
10505.105,100,30573.944315
10975.843,100,30573.944329
10621.598,100,30573.944342
11404.05,100,30573.944356
11059.229,100,30573.94437
11385.702,100,30573.944384
11247.253,100,30573.944422
11277.095,100,30633.760053
11388.784,100,30633.760206
11360.263,100,30633.760233
10902.96,100,30633.760247
10912.427,100,30633.76026
11105.012,100,30633.760274
11175.082,100,30633.760287
11264.536,100,30633.760301
11010.874,100,30633.760314
11292.029,100,30633.760326
10734.172,100,30634.747939
10809.089,100,30634.748075
11304.81,100,30634.7481
10871.813,100,30634.748114
11445.812,100,30634.748128
11237.785,100,30634.748141
11297.521,100,30634.748154
10835.582,100,30634.748167
10857.647,100,30634.74818
10790.132,100,30634.748193
11099.73,100,30635.646733
11230.878,100,30635.64688
10742.287,100,30635.646905
11054.977,100,30635.646921
11366.865,100,30635.646935
10759.028,100,30635.646949
10816.628,100,30635.646962
11148.623,100,30635.646976
11043.778,100,30635.64699
10601.195,100,30635.647004
11117.555,100,30637.167709
11274.645,100,30637.167875
11018.723,100,30637.167901
11125.857,100,30637.167917
11006.486,100,30637.167931
10937.022,100,30637.167946
11241.2705,100,30637.16796
11200.623,100,30637.167976
11177.613,100,30637.167991
10980.227,100,30637.168084
11367.694,100,30638.839978
11338.784,100,30638.840376
11189.262,100,30638.840519
10722.318,100,30638.840564
10937.925,100,30638.840593
10766.587,100,30638.840618
10984.525,100,30638.840642
10940.872,100,30638.840666
10429.544,100,30638.840688
11108.452,100,30638.840712
11136.43,100,30698.609982
11072.778,100,30698.610129
10972.12,100,30698.610157
11046.446,100,30698.610172
10495.651,100,30698.610186
10875.129,100,30698.6102
11117.649,100,30698.610215
11044.001,100,30698.610229
10676.751,100,30698.610242
10895.688,100,30698.610255
11346.782,100,30699.533048
11183.355,100,30699.533184
11485.516,100,30699.533208
10780.237,100,30699.533224
10980.507,100,30699.533239
10665.739,100,30699.533253
10817.352,100,30699.533267
10899.803,100,30699.533281
10848.635,100,30699.533294
11002.36,100,30699.533308
11205.979,100,30700.457103
10773.338,100,30700.457245
10903.505,100,30700.457267
11075.235,100,30700.457285
11005.824,100,30700.457299
10940.908,100,30700.457314
10732.653,100,30700.457327
10995.593,100,30700.457341
10493.419,100,30700.457355
11006.492,100,30700.457369
10866.31,100,30701.463591
10734.194,100,30701.463727
10226.773,100,30701.463749
11014.411,100,30701.463784
10554.76,100,30701.463797
10749.542,100,30701.46381
10800.681,100,30701.463824
11381.061,100,30701.463837
10887.574,100,30701.46385
10986.447,100,30701.463866
11178.46,100,30730.72986
10583.125,100,30730.730039
11195.934,100,30730.730075
11384.557,100,30730.730091
10827.696,100,30730.730104
11144.988,100,30730.730118
11248.875,100,30730.730131
10983.359,100,30730.730143
11267.041,100,30730.730156
11125.371,100,30730.730172
