#{"t_start": 1776450212.6015196, "env_id": "None"}
r,l,t
-55451.640141,100,1.211691
-49353.119949,100,1.739049
-53704.490089,100,2.249708
-54438.430004,100,2.757236
-50200.869987,100,3.372131
-50372.540051,100,4.019181
-52838.550091,100,4.418653
-52541.910057,100,4.724782
-56282.960155,100,5.029134
-50567.460121,100,5.333795
-47293.120087,100,5.651029
-52107.79002,100,5.97313
-54116.300014,100,6.32599
-50966.810074,100,6.605351
-50348.009983,100,6.933591
-56838.789982,100,7.222879
-51316.970013,100,7.468408
-52462.440052,100,7.690824
-50457.230072,100,7.943907
-54239.959988,100,8.182389
-56038.679939,100,17.478106
-50355.270012,100,18.027706
-52196.589981,100,18.559187
-49507.880009,100,19.117819
-53407.720055,100,19.766592
-53336.690044,100,20.57748
-51770.43008,100,21.149826
-61668.790051,100,21.735912
-47983.890007,100,22.291867
-49636.350056,100,22.840902
-46213.92001,100,23.368998
-54882.390091,100,23.960126
-58521.680016,100,24.644088
-52522.130085,100,25.337884
-48297.289978,100,26.105305
-49447.629955,100,26.801977
-55499.670002,100,27.567547
-54885.800102,100,28.275515
-47320.150032,100,28.871409
-52958.010002,100,29.576212
-44481.070015,100,42.433009
-50966.220009,100,42.944954
-61421.2201,100,43.444395
-62113.839993,100,43.942063
-56908.749996,100,44.438041
-52398.10006,100,44.962331
-62920.42017,100,45.52937
-54921.800091,100,46.035337
-54129.580036,100,46.532986
-51339.840073,100,47.025438
-54455.180115,100,47.575795
-58042.260159,100,48.095601
-49165.690105,100,48.600647
-55973.550022,100,49.09366
-53251.57003,100,49.59189
-54113.280136,100,50.08589
-52265.589989,100,50.578155
-59396.840034,100,51.069747
-53506.459999,100,51.582612
-48966.450043,100,52.080096
-52823.340088,100,52.572119
-47933.610065,100,60.722302
-46811.129971,100,61.222799
-57750.410107,100,61.718159
-53580.010098,100,62.20993
-44489.05994,100,62.701176
-49721.130085,100,63.201219
-55792.920044,100,63.69664
-57244.46006,100,64.19015
-49206.17004,100,64.689979
-53148.679993,100,65.395811
-51757.200024,100,65.883902
-50982.030071,100,66.363817
-45421.539993,100,66.849115
-51585.380074,100,67.328634
-51329.990036,100,67.826582
-49886.210052,100,68.362557
-50278.420048,100,68.863008
-50545.77002,100,69.359793
-56388.390102,100,70.137005
-49014.559944,100,70.993179
-49245.750027,100,82.36961
-52892.010105,100,82.601465
-53401.830009,100,82.823222
-55233.680004,100,83.060536
-42348.809982,100,83.303625
-55418.829941,100,83.535187
-56184.970112,100,83.762357
-57655.610069,100,83.986322
-51458.190037,100,84.204944
-52758.970055,100,84.43118
-56021.95005,100,84.752212
-47084.150002,100,84.970623
-58340.62011,100,85.19173
-52692.670036,100,85.403149
-54780.039982,100,85.622368
-54302.390015,100,85.845625
-55108.269997,100,86.054193
-50654.180096,100,86.270916
-53776.240028,100,86.492434
-52384.890106,100,86.698513
-45772.489986,100,86.904802
-42460.240013,100,96.300241
-46411.700089,100,96.803652
-56033.130077,100,97.321889
-51909.080032,100,97.815491
-46208.370014,100,98.305586
-48464.429993,100,98.799922
-59371.679977,100,99.292872
-53768.379997,100,99.799718
-61814.830128,100,100.302947
-43863.110046,100,100.826016
-50754.640095,100,101.318929
-47939.890011,100,101.811251
-51954.949986,100,102.324846
-53720.960026,100,102.816795
-42262.020016,100,103.305012
-48850.779987,100,103.800542
-48701.109982,100,104.289853
-47353.179932,100,104.787222
-47350.239986,100,105.29704
-51765.729946,100,105.797729
-53092.670158,100,118.160612
-58242.019974,100,118.674588
-47804.930031,100,119.167543
-54861.6301,100,119.664535
-48375.740051,100,120.155932
-48594.500072,100,120.645552
-52883.129993,100,121.137406
-52301.859924,100,121.645227
-42127.940144,100,122.137246
-50407.619987,100,122.66216
-55288.309986,100,123.195811
-51030.880032,100,123.710734
-57215.450104,100,124.203424
-56231.579979,100,124.72471
-57266.280075,100,125.492611
-53511.720032,100,126.001004
-52644.490047,100,126.505397
-52285.530045,100,127.0222
-53048.790146,100,127.561589
-54775.090172,100,128.088535
-53769.789982,100,128.618032
-41046.440052,100,138.89222
-54754.700066,100,139.400125
-60189.83007,100,139.910726
-52879.060158,100,140.427217
-41798.829979,100,140.942645
-46019.669968,100,141.476539
-50094.890011,100,141.995068
-57476.589989,100,142.559937
-51137.250034,100,143.139543
-45006.750053,100,143.685172
-43816.260006,100,144.207673
-43229.80006,100,144.798975
-52040.959938,100,145.89175
-52467.740128,100,146.27525
-43752.040058,100,146.712498
-53321.610023,100,147.323989
-50739.199997,100,147.838613
-48531.500141,100,148.333806
-52778.870144,100,148.842533
-53252.980011,100,149.334301
-55705.880043,100,164.255347
-44408.329983,100,164.792772
-54706.510075,100,165.355065
-51335.460018,100,165.864806
-53381.420029,100,166.356108
-51488.580025,100,166.841181
-49910.040039,100,167.348989
-41782.850128,100,167.855591
-46490.670017,100,168.355707
-52500.260021,100,168.844302
-47436.970032,100,169.335595
-49490.670074,100,169.835558
-54338.74004,100,170.326865
-45006.419933,100,170.814107
-49375.869976,100,171.296751
-52152.210026,100,171.779533
-56738.790173,100,172.263314
-48378.709965,100,172.769507
-53847.770157,100,173.293499
-52921.020004,100,173.800048
-49030.779999,100,174.322794
-44191.059971,100,184.139072
-56765.02002,100,184.635402
-49784.430107,100,185.170607
-54337.430077,100,185.677693
-51691.170094,100,186.168475
-55979.590015,100,186.660014
-50848.999943,100,187.183841
-49740.110046,100,187.687175
-55630.170055,100,188.180107
-52848.900085,100,188.674985
-54642.270153,100,189.168637
-46993.070202,100,189.662612
-45824.88998,100,190.1659
-48233.160095,100,190.661424
-46626.180012,100,191.162219
-51027.370102,100,191.662048
-52384.969975,100,192.154088
-47440.980053,100,192.653095
-45382.839916,100,192.935329
-51279.290028,100,193.152528
-51919.390114,100,203.950546
-50841.090019,100,204.504766
-50188.01997,100,205.022026
-49312.579941,100,205.566842
-53644.48011,100,206.232501
-60074.280037,100,206.639082
-45083.419971,100,206.931182
-52518.460026,100,207.153008
-49816.890034,100,207.366966
-54121.020088,100,207.585351
-47097.450138,100,207.797136
-52445.330006,100,208.018929
-46886.479973,100,208.241153
-49426.06002,100,208.483091
-50353.600098,100,208.726931
-49234.299995,100,208.937266
-48480.209942,100,209.162142
-53511.700115,100,209.37204
-49590.06007,100,209.583045
-57033.460121,100,209.795575
-43226.199997,100,210.008114
-54135.130066,100,220.017771
-52333.770016,100,220.244396
-47863.0401,100,220.463249
-52983.170059,100,220.678941
-53976.950047,100,220.899685
-49566.879986,100,221.118696
-44781.030022,100,221.335159
-53029.810047,100,221.554531
-48651.190041,100,221.785094
-57583.920063,100,222.003629
-44211.430046,100,222.217194
-49833.670029,100,222.441683
-58180.410053,100,222.658812
-51660.010048,100,222.879303
-53082.100075,100,223.112099
-51102.619991,100,223.330353
-55063.770164,100,223.550524
-56379.620052,100,223.773076
-43614.570004,100,223.992576
-48197.439968,100,224.209114
-37568.39996,100,232.777982
-49043.399982,100,233.284633
-50247.520039,100,233.780004
-45382.289997,100,234.292262
-57185.170086,100,234.782645
-51460.830048,100,235.289495
-52480.710079,100,235.789122
-50505.890018,100,236.276434
-48703.91,100,236.775263
-46582.020054,100,237.771368
-41671.340012,100,238.5326
-50106.970028,100,239.40701
-51201.920048,100,240.424086
-43331.559998,100,240.753698
-52930.280056,100,241.045344
-43135.109955,100,241.333551
-50443.540001,100,241.917079
-43366.950024,100,242.942691
-48283.330036,100,243.538231
-53025.109974,100,244.05095
-46302.57,100,244.637079
-53404.639977,100,253.402155
-48744.929996,100,253.621565
-48410.150047,100,253.845887
-54087.260014,100,254.059495
-49792.450001,100,254.274229
-50293.520069,100,254.487375
-49549.980053,100,254.753029
-48838.990108,100,255.013654
-51080.610031,100,255.253226
-50574.150047,100,255.470247
-54994.620159,100,255.686874
-44335.680042,100,255.899484
-52814.520069,100,256.103456
-49674.879982,100,256.310072
-53182.790039,100,256.519528
-46729.720024,100,256.740004
-46681.569973,100,256.958021
-45565.089973,100,257.166841
-48579.150017,100,257.369155
-50112.070004,100,257.578852
-54406.060005,100,266.358978
-50245.790058,100,266.86489
-49785.940098,100,267.356987
-50072.17997,100,267.847147
-57362.870132,100,268.338434
-44001.559975,100,268.829582
-51069.060024,100,269.330482
-56574.35006,100,269.822847
-46048.31004,100,270.321544
-52097.830105,100,270.812321
-40141.789982,100,271.298506
-53636.610092,100,271.798254
-42502.250027,100,272.307507
-57248.130077,100,272.799967
-47392.209953,100,273.285657
-47681.34996,100,273.817075
-52097.050011,100,274.308435
-49520.340126,100,274.80992
-49552.890064,100,275.320609
-54398.880028,100,275.822079
-50913.930038,100,276.311503
-47190.649975,100,287.294589
-54456.800049,100,287.790989
-49829.350052,100,288.282602
-48612.369987,100,288.778595
-55696.720177,100,289.262338
-52200.81004,100,289.76775
-50444.509987,100,290.288255
-51214.609985,100,290.826962
-51016.620106,100,291.313506
-46316.490025,100,291.80131
-47368.549992,100,292.281877
-51119.770035,100,292.760932
-51731.139946,100,293.242156
-48102.150093,100,293.727844
-46966.820038,100,294.212415
-53917.150024,100,294.694089
-48122.630062,100,295.193739
-44403.50005,100,295.697678
-46945.059956,100,296.182359
-48121.66996,100,296.666036
-45301.429966,100,306.213744
-49137.710075,100,306.720223
-45809.520027,100,307.215808
-53615.530033,100,307.710001
-55766.779961,100,308.202557
-47214.740059,100,308.701
-58186.97007,100,309.218733
-46246.729942,100,309.720732
-45972.62001,100,310.21415
-48051.870071,100,310.714045
-47390.280094,100,311.205577
-41561.079987,100,311.70841
-53644.560055,100,312.199637
-54134.559978,100,312.693258
-52782.430119,100,313.181172
-44535.140049,100,313.680864
-45528.800011,100,314.196835
-47918.060089,100,314.757422
-48413.439972,100,315.339142
-45159.320061,100,315.879641
-48069.130116,100,316.369577
-47802.410015,100,327.203911
-52783.500084,100,327.862565
-49564.600018,100,328.597808
-53872.420059,100,329.210667
-46174.079979,100,329.719069
-55982.230064,100,330.214888
-49600.570107,100,330.714757
-49332.52,100,331.22085
-46555.790066,100,331.737761
-42069.290001,100,332.249069
-45123.269993,100,332.76355
-51546.490093,100,333.262922
-46778.679974,100,333.753034
-48593.899998,100,334.248368
-51272.050041,100,334.735796
-56342.230179,100,335.274387
-44849.999935,100,335.767899
-50446.740013,100,336.249943
-52445.65007,100,336.736573
-49113.950085,100,337.221155
-37779.219971,100,346.479994
-52496.970131,100,346.700876
-55539.920067,100,346.923631
-49238.910095,100,347.156061
-50690.829979,100,347.376174
-51526.510014,100,347.602053
-45851.169968,100,347.833302
-48640.780087,100,348.048985
-43906.550007,100,348.31951
-55692.139954,100,348.632092
-47854.560078,100,348.940676
-42116.689987,100,349.255813
-38173.700031,100,349.525799
-51477.940083,100,349.770367
-51027.340076,100,349.993235
-56638.28009,100,350.21259
-52795.12999,100,350.429185
-47344.689991,100,350.652229
-44992.979939,100,350.874078
-53255.850021,100,351.091109
-54682.390106,100,351.306392
-50998.280041,100,360.275153
-57290.100029,100,360.788696
-53450.570091,100,361.274887
-49730.189976,100,361.767314
-54894.720112,100,362.44843
-47237.530064,100,362.932049
-44430.350018,100,363.1566
-55180.900024,100,363.370006
-55889.680031,100,363.592917
-50104.060028,100,363.806224
-49927.79002,100,364.016303
-51953.869946,100,364.846409
-44825.280071,100,365.633556
-47601.029972,100,366.144553
-54573.410099,100,366.707257
-43187.340076,100,367.233407
-45743.039944,100,367.762568
-47951.939987,100,368.293512
-50448.170036,100,368.934136
-46118.15992,100,369.436978
-43253.780064,100,379.563189
-52594.989998,100,379.806588
-50032.930027,100,380.044758
-50366.200001,100,380.276822
-47458.350021,100,380.503299
-54160.23011,100,380.745649
-43224.500027,100,380.973002
-52634.930065,100,381.204757
-61517.409969,100,381.439851
-56565.150112,100,381.666179
-45780.740108,100,381.893701
-52787.390015,100,382.122005
-56313.440014,100,382.341088
-52543.860008,100,382.565414
-48467.340073,100,382.787736
-50728.81012,100,383.011701
-49337.119965,100,383.23443
-45777.209923,100,383.456127
-50505.720066,100,383.676815
-51291.599972,100,383.906086
-41232.410027,100,384.134619
-42489.789978,100,392.02835
-54070.549992,100,392.241306
-50477.899986,100,392.464941
-45646.919964,100,392.667921
-51009.909992,100,392.871114
-52794.000095,100,393.078934
-53794.179996,100,393.283185
-47567.910114,100,393.488862
-45342.989994,100,393.695754
-49004.870026,100,393.902092
-43989.619953,100,394.109059
-48990.279984,100,394.326096
-50295.079994,100,394.808178
-45865.950012,100,395.326024
-41704.409996,100,395.836345
-42980.969967,100,396.334404
-49220.860031,100,396.831167
-46149.590103,100,397.33212
-50957.680107,100,397.83596
-52313.170048,100,399.530903
-48322.170021,100,411.51625
-42042.529976,100,412.037209
-52153.960068,100,412.67976
-47852.57999,100,413.191919
-51132.83997,100,413.68126
-53264.309956,100,414.167493
-48449.929951,100,414.807766
-37416.480011,100,415.63983
-57047.269981,100,416.409631
-52903.010025,100,416.950186
-49572.159988,100,417.441478
-50210.680023,100,417.931361
-49478.050129,100,418.417841
-50619.950043,100,418.904787
-53817.379959,100,419.409199
-52052.459972,100,419.897345
-40514.939968,100,420.393595
-45856.689938,100,420.884307
-45615.47002,100,421.377793
-48580.430023,100,421.868526
-44952.540016,100,422.35464
-49576.899998,100,431.253905
-52639.580013,100,431.760634
-49924.770096,100,432.254166
-50606.510021,100,432.744979
-51261.610058,100,433.23697
-48785.010071,100,433.727962
-46111.360012,100,434.220469
-44255.300022,100,434.749676
-52460.010059,100,435.280155
-54962.290192,100,435.793602
-48396.299969,100,436.289956
-48183.710064,100,436.784068
-44841.869957,100,437.274098
-48081.009964,100,437.8015
-44356.070084,100,438.297603
-41568.399994,100,438.800205
-47096.890079,100,439.297056
-46691.91991,100,439.789659
-52466.990036,100,440.279102
-50465.74004,100,440.7751
-52968.24004,100,452.479662
-46801.790054,100,453.017542
-52638.820019,100,453.551782
-48629.650066,100,454.134123
-45838.430035,100,454.636307
-44884.000065,100,455.158015
-48321.419987,100,455.662553
-56572.139992,100,456.162897
-53414.790146,100,456.651708
-46412.890079,100,496.795129
-49287.379955,100,497.26737
-42816.850006,100,497.736668
-50369.670013,100,498.204574
-45730.410034,100,498.677792
-44909.439968,100,499.179896
-43881.409966,100,499.685619
-43460.159946,100,500.17503
-46877.159973,100,500.650868
-54047.110073,100,501.132753
-47032.199963,100,501.632093
-46045.579967,100,502.107661
-44844.199997,100,510.010899
-39337.549934,100,510.500861
-51075.640022,100,510.985249
-47758.14999,100,511.48952
-43191.28997,100,511.98085
-41766.489971,100,512.471503
-50164.199963,100,512.956398
-48687.769989,100,513.440169
-45813.259991,100,513.926214
-40813.860004,100,514.413114
-52334.770111,100,514.918429
-50461.070091,100,515.437588
-44975.310013,100,515.937915
-38716.899967,100,516.422065
-48740.400024,100,516.889426
-49753.050041,100,517.356161
-47900.030029,100,517.828937
-50051.540051,100,518.296019
-48212.78997,100,518.771152
-44960.650116,100,519.239893
-55645.360039,100,528.414744
-52717.46999,100,528.673992
-45440.070049,100,528.891752
-46746.629955,100,529.109631
-53977.610092,100,529.31617
-49919.180058,100,529.525714
-39633.58997,100,530.052532
-41857.510113,100,530.791934
-50155.589973,100,531.610028
-45329.419987,100,532.133196
-44481.610012,100,532.816338
-43132.780064,100,533.33114
-54558.280144,100,533.95309
-50757.830032,100,534.480309
-50210.050026,100,535.018754
-48022.159927,100,535.691487
-47491.309921,100,536.278358
-46099.640022,100,536.777094
-48317.420094,100,537.261763
-43785.220001,100,537.745334
-46768.330116,100,546.199577
-47210.040035,100,546.709795
-45999.09008,100,547.201882
-56686.809978,100,547.691351
-48650.900002,100,548.174039
-47501.530167,100,548.662705
-43778.330086,100,549.149186
-51652.460056,100,549.63883
-44545.970005,100,550.123377
-37396.500095,100,550.634044
-48850.149994,100,551.120301
-44017.910023,100,551.623633
-47163.839985,100,552.114859
-45681.460033,100,552.60706
-54007.480057,100,553.092016
-52188.510059,100,553.579355
-49081.079952,100,554.06256
-54254.880013,100,554.550071
-41768.150085,100,555.050141
-50348.280048,100,555.55284
-39523.850037,100,556.062131
-43104.750061,100,564.205065
-50102.020039,100,564.447076
-48125.299957,100,564.71805
-48126.450024,100,564.955209
-43088.650024,100,565.191246
-41885.120079,100,565.434551
-51082.389984,100,565.673124
-50177.999989,100,565.941253
-46622.899918,100,566.182476
-49381.250004,100,566.411078
-45503.280003,100,566.658256
-43530.680035,100,566.885556
-52117.430099,100,567.113767
-47304.750065,100,567.341033
-48572.899902,100,567.571934
-47657.019882,100,567.801627
-49606.560051,100,568.028338
-52686.370125,100,568.251725
-49867.450077,100,568.474126
-47983.170044,100,568.699426
-40518.199944,100,579.83692
-46925.360001,100,580.346479
-43390.340031,100,580.83761
-46941.369965,100,581.32434
-37088.08997,100,581.82669
-43771.76997,100,582.345739
-50418.500038,100,582.855888
-44623.67001,100,583.37509
-55341.080013,100,583.871384
-39940.089939,100,584.358482
-44299.630085,100,584.852138
-45724.95002,100,585.368108
-52973.940147,100,585.864533
-51258.440121,100,586.356082
-48172.930023,100,586.848431
-58234.440136,100,587.352883
-46655.129982,100,587.851395
-52156.800064,100,588.338572
-49796.550102,100,588.823781
-56812.280014,100,589.314567
-57115.26004,100,589.803723
-57283.500031,100,598.557946
-58635.110004,100,599.061315
-52083.160069,100,599.551915
-48704.33004,100,600.03552
-55121.85004,100,600.53195
-50354.020023,100,601.016877
-48075.12006,100,601.522717
-59578.01004,100,602.02003
-49266.889957,100,602.508094
-52711.699986,100,603.009147
-51923.750008,100,603.502178
-53484.010143,100,603.990341
-46943.850079,100,604.482171
-49381.009972,100,605.000128
-47647.000103,100,605.505481
-49735.949989,100,605.999765
-52818.020077,100,606.51261
-46199.850094,100,607.007564
-40005.589996,100,607.52246
-50539.760063,100,608.04572
-49078.210011,100,619.188023
-50894.750042,100,619.687909
-49163.890125,100,620.167721
-52425.05006,100,620.651493
-56924.250072,100,621.130133
-41831.940033,100,621.609076
-48185.97995,100,622.110467
-55805.770119,100,622.595142
-44956.080009,100,623.083135
-48207.789986,100,623.567409
-55408.24007,100,624.074731
-42008.460018,100,624.602101
-48568.780029,100,625.125564
-40280.259956,100,625.639029
-52213.869965,100,626.134367
-59465.440014,100,626.622637
-48176.92001,100,627.111256
-42764.869923,100,627.59332
-43399.529987,100,628.075072
-48765.710026,100,628.558858
-46306.709953,100,629.039446
-49223.819977,100,638.568694
-45410.29995,100,638.784807
-42029.089966,100,639.004352
-53746.690067,100,639.216725
-46945.229965,100,639.434198
-45605.600002,100,639.643034
-40140.659977,100,639.869828
-46579.390064,100,640.080468
-43127.009991,100,640.294974
-43628.219955,100,640.526795
-51186.839973,100,640.735831
-59307.990047,100,640.953779
-44568.410027,100,641.16698
-45166.139996,100,641.370215
-46268.82003,100,641.591919
-48847.040051,100,641.798303
-46699.019951,100,642.021864
-44265.019936,100,642.242182
-47930.300022,100,642.459615
-49791.199989,100,642.67406
-49544.230003,100,651.538969
-51711.09005,100,651.7606
-47437.080036,100,651.976397
-48801.260021,100,652.194237
-48570.059982,100,652.409367
-49539.479969,100,652.620018
-51702.290001,100,652.842211
-49641.679932,100,653.053504
-53455.679985,100,653.265589
-47864.200047,100,653.471788
-47610.530029,100,653.674414
-40513.310005,100,653.883829
-51462.930103,100,654.094348
-43821.030048,100,654.309582
-46417.769985,100,654.527806
-52767.700008,100,654.801454
-40814.019966,100,655.856915
-47151.250122,100,656.534945
-37866.740025,100,658.92985
-50833.290062,100,659.48375
-48903.480087,100,660.118324
-43821.889984,100,669.937486
-52023.760078,100,670.158728
-43252.440098,100,670.378097
-49411.810101,100,670.592411
-46554.47002,100,670.80402
-43386.020027,100,671.018553
-44922.210083,100,671.234357
-40245.809959,100,671.448727
-47004.849934,100,671.655608
-46673.450058,100,671.858432
-44302.939999,100,672.086536
-47090.640034,100,672.297114
-48267.479958,100,672.51036
-45576.880028,100,672.720129
-43702.529995,100,672.926934
-52500.020054,100,673.134415
-47415.909966,100,673.353244
-43607.479942,100,673.563542
-44933.849945,100,673.773096
-47717.759998,100,673.974476
-51018.590096,100,682.557763
-49921.310032,100,683.065209
-42056.439999,100,683.553853
-53993.570068,100,684.039589
-54145.900021,100,684.526184
-47100.469997,100,685.025051
-43420.88002,100,685.531026
-47291.680046,100,686.027778
-45946.319977,100,686.513812
-51138.529976,100,687.016094
-50563.260101,100,687.510566
-50681.290108,100,688.00076
-54398.580029,100,688.486096
-50659.569992,100,688.978516
-38918.670055,100,689.465182
-42059.289993,100,689.955624
-46158.510067,100,690.42821
-41719.579979,100,690.933307
-47181.829948,100,691.419512
-41644.380001,100,691.913605
-45227.710087,100,692.415655
-52819.36998,100,703.922452
-52145.340054,100,704.182979
-49507.639988,100,704.453418
-51998.449982,100,704.877598
-43736.909962,100,705.5089
-47420.389946,100,706.03565
-46593.100002,100,706.538849
-36008.010048,100,707.373049
-47515.099968,100,707.901959
-52920.780075,100,708.422218
-48267.43008,100,708.933176
-40600.489964,100,709.440078
-51790.759991,100,709.93207
-50347.62001,100,710.458039
-59048.930069,100,710.951063
-53496.570065,100,711.450605
-49083.260105,100,711.944632
-53676.440094,100,712.430573
-44842.490116,100,712.921357
-54773.930061,100,713.413492
-37441.269997,100,723.969766
-55727.689987,100,724.475493
-50007.950092,100,724.985895
-49800.710014,100,725.490669
-45728.190025,100,725.987137
-52182.940063,100,726.479106
-45144.030006,100,726.988826
-56408.520023,100,727.457176
-48033.610012,100,727.688998
-50059.069969,100,727.907397
-44925.769993,100,728.125785
-44902.70002,100,728.343599
-47085.860027,100,728.567042
-51475.880032,100,728.781295
-61339.58009,100,728.996073
-46742.400051,100,729.216703
-43291.91013,100,729.43815
-43551.249981,100,729.656654
-50028.530067,100,729.868931
-39363.869984,100,730.080907
-52286.160023,100,730.296784
-41611.32996,100,739.993579
-51414.780052,100,741.071028
-39041.37999,100,741.357651
-41996.080059,100,741.644922
-49338.679996,100,741.905049
-42921.260044,100,742.334844
-51515.160057,100,743.201377
-45086.950047,100,743.808258
-47750.550003,100,744.338543
-46733.359989,100,744.861538
-48916.480068,100,745.618023
-48787.280113,100,746.128217
-41655.460033,100,746.351037
-45976.760139,100,746.574521
-54352.130043,100,746.788795
-47474.199963,100,747.007894
-58129.18998,100,747.220989
-47971.420078,100,747.429557
-50869.59005,100,747.66396
-46078.889961,100,747.878808
-55441.330124,100,756.879403
-51567.529934,100,757.105605
-43402.179966,100,757.345288
-49139.559967,100,757.594309
-46165.500023,100,757.812343
-48714.700108,100,758.030241
-45787.859982,100,758.251799
-46825.569969,100,758.48158
-42502.299957,100,758.694705
-51287.47002,100,758.903412
-45081.699963,100,759.121527
-43273.630009,100,759.334129
-49328.550049,100,759.54409
-48235.989948,100,759.75305
-45075.270039,100,759.961379
-50478.80003,100,760.167254
-48357.999924,100,760.376842
-47089.289997,100,760.585223
-50298.680073,100,760.796695
-50862.119965,100,761.010202
-51411.63007,100,761.214734
-47094.760006,100,771.239171
-42682.650051,100,771.761997
-48170.630043,100,772.257762
-40607.180099,100,772.755081
-48471.700005,100,773.242541
-42473.860065,100,773.732114
-42201.710011,100,774.219984
-47655.899967,100,774.712047
-49126.850021,100,775.218227
-42511.749981,100,775.727161
-40796.980011,100,776.221878
-39996.169964,100,776.714427
-53211.660088,100,777.204117
-53355.460175,100,777.696743
-56900.289967,100,778.188384
-46964.12011,100,778.676891
-47125.450096,100,779.16441
-42285.850052,100,779.650769
-42375.16003,100,780.153017
-50833.379986,100,780.627868
-51297.319996,100,794.429997
-45925.140018,100,794.934841
-51198.109943,100,795.449948
-39457.769981,100,795.948486
-40880.519909,100,796.45397
-53806.58009,100,796.943361
-44735.869987,100,797.439025
-54030.649956,100,797.929127
-47244.360012,100,798.418047
-45273.520016,100,798.906938
-47609.460003,100,799.394985
-45028.119953,100,799.881234
-49395.259983,100,800.372172
-49102.640034,100,800.863819
-46275.340034,100,801.349962
-45313.87999,100,801.842806
-47243.879986,100,802.327526
-39331.320023,100,802.819934
-48519.369949,100,803.306957
-50922.920078,100,803.798047
-46298.769958,100,804.282957
-47813.190006,100,813.887515
-51608.040047,100,814.377303
-55535.860023,100,814.867622
-42717.550007,100,815.376527
-46029.139961,100,815.875009
-39480.48996,100,816.364103
-46863.020054,100,816.860096
-41240.509979,100,817.35484
-42003.099918,100,817.849048
-48530.100082,100,818.34361
-54492.400085,100,818.830861
-45608.06004,100,819.324569
-47916.049961,100,819.814222
-45923.350025,100,820.300856
-45598.750065,100,820.791948
-47070.340023,100,821.299661
-46987.059963,100,821.789973
-51615.299942,100,822.277547
-38086.869968,100,822.777448
-45385.010029,100,823.396836
-52057.740051,100,836.648324
-44374.730053,100,837.144843
-42438.25993,100,837.641529
-47790.210011,100,838.127811
-46828.709953,100,838.619494
-51789.210049,100,839.132734
-41043.900024,100,839.632004
-51709.440018,100,840.120262
-44499.289997,100,840.613923
-49219.169968,100,841.101717
-42521.299992,100,841.590843
-40484.560017,100,842.079486
-54150.230061,100,842.565535
-54218.650032,100,843.062062
-44509.450047,100,843.558498
-54836.829987,100,844.047122
-45337.200005,100,844.553251
-52346.190067,100,845.047589
-42866.180012,100,845.544021
-51267.090015,100,846.044481
-52806.710018,100,846.532215
-54669.450119,100,857.260032
-48967.859978,100,857.755531
-44453.179996,100,858.243258
-46864.699993,100,858.765313
-41599.769917,100,859.253653
-45335.319992,100,859.747364
-48011.159969,100,860.237062
-54088.260132,100,860.724218
-44492.220009,100,861.211767
-48846.060032,100,861.70252
-52351.800049,100,862.188075
-56266.000076,100,862.676764
-51805.650005,100,863.164097
-45917.060032,100,863.649596
-48276.050007,100,864.159529
-42542.850052,100,864.679806
-48994.469982,100,866.076189
-50224.239937,100,866.460742
-56752.940014,100,866.901182
-51051.62001,100,867.443085
-59742.270016,100,879.178135
-42572.469955,100,879.672645
-45128.23,100,880.152898
-47586.789986,100,880.634072
-46853.829967,100,881.110178
-44561.470024,100,881.593158
-44249.569981,100,882.078975
-41743.140079,100,882.559714
-41766.159954,100,883.037194
-44800.919994,100,883.524789
-49580.570072,100,884.007043
-43671.259987,100,884.498608
-43556.960022,100,885.000417
-45725.540066,100,885.503154
-45849.959957,100,885.993663
-53597.660019,100,886.474006
-47301.540081,100,886.954504
-40124.419964,100,887.436176
-50009.769978,100,887.922314
-50325.050011,100,888.405993
-51296.700062,100,888.863845
-52063.690022,100,898.437078
-47420.360046,100,898.952437
-43884.640038,100,899.444848
-46401.30999,100,899.938454
-49238.390038,100,900.426568
-41433.830002,100,900.915494
-43765.039978,100,901.404591
-45662.039974,100,901.896496
-45960.580112,100,902.383356
-48212.509956,100,902.876966
-38858.560059,100,903.371435
-51030.95005,100,903.859364
-54418.82991,100,904.34796
-45550.229992,100,904.853532
-44695.969971,100,905.364031
-46742.629944,100,905.860216
-55335.68005,100,906.351143
-47275.549988,100,906.83645
-44749.630108,100,907.772865
-50118.419994,100,908.292618
-52443.09,100,921.653481
-52224.620037,100,922.147369
-41896.300091,100,922.635777
-46336.100048,100,923.121515
-43138.029991,100,923.622552
-46295.5,100,924.108084
-52279.899956,100,924.595831
-49628.400059,100,925.088899
-50559.650043,100,925.594536
-48698.230042,100,926.085129
-46139.5,100,926.575543
-39559.530022,100,927.060473
-44778.280071,100,927.492225
-49308.760017,100,927.70168
-51361.700039,100,927.908369
-43983.390007,100,928.115448
-50466.97002,100,928.325359
-49826.160004,100,928.547946
-52495.480057,100,928.763252
-42121.609989,100,928.981086
-50108.510056,100,929.201092
-48332.450016,100,938.383745
-49921.699963,100,938.884428
-46780.4202,100,939.381321
-57591.970024,100,939.86752
-53299.61005,100,940.354946
-46969.189938,100,940.845026
-44707.720039,100,941.328324
-49779.599979,100,941.817783
-46836.040123,100,942.311051
-48612.470058,100,942.814031
-44545.400005,100,943.309808
-44136.999962,100,943.806202
-48168.299992,100,944.292531
-54040.230083,100,944.788233
-50285.819992,100,945.293742
-54249.690147,100,945.789811
-42005.470058,100,946.280772
-48046.289948,100,985.044043
-48513.830013,100,985.549145
-51023.780102,100,986.060665
-51738.290039,100,997.269321
-43248.10006,100,997.985548
-48063.770073,100,998.551862
-56131.630024,100,999.048661
-52830.860023,100,999.545743
-45550.010059,100,1000.04304
-41945.570011,100,1000.539062
-42689.110035,100,1001.036586
-46625.690006,100,1001.54864
-56354.830029,100,1002.063067
-50878.980007,100,1002.567976
-39622.630043,100,1003.05797
-48862.980038,100,1003.548134
-50620.850006,100,1004.057643
-45905.560085,100,1004.551665
-48067.84005,100,1005.056062
-52698.899971,100,1005.565637
-46585.669968,100,1006.056184
-46965.540012,100,1006.563568
-44102.069992,100,1007.051943
-49971.18996,100,1007.551562
-48138.129955,100,1017.940428
-51500.010124,100,1018.443015
-42648.210011,100,1018.951368
-51334.290043,100,1019.454158
-50560.12999,100,1019.98171
-40023.110043,100,1020.485665
-45378.829952,100,1020.989608
-43659.030018,100,1021.491207
-40355.680016,100,1021.995299
-41906.760021,100,1022.495119
-39760.109955,100,1022.995951
-46941.720047,100,1023.497636
-38631.609966,100,1024.000137
-41769.849983,100,1024.488634
-53736.860069,100,1024.993793
-54341.959999,100,1025.501159
-51536.110085,100,1026.000114
-53173.530064,100,1026.489504
-49602.920029,100,1026.983659
-42278.470013,100,1027.474831
-51991.860088,100,1038.706817
-57617.910061,100,1039.195035
-49819.629955,100,1039.555439
-48780.699966,100,1039.913757
-42292.429955,100,1040.262731
-49834.699959,100,1040.60032
-41605.760063,100,1040.931891
-40374.580017,100,1041.29778
-38036.599983,100,1041.876047
-52327.090012,100,1042.371492
-47054.440025,100,1042.886992
-43268.359985,100,1043.397541
-43613.879978,100,1043.890666
-47911.180008,100,1044.384971
-47702.780022,100,1044.711195
-46367.740082,100,1044.944959
-40941.220028,100,1045.186092
-53503.170002,100,1045.439938
-46934.190029,100,1045.891019
-48310.949974,100,1046.382635
-43221.130043,100,1055.809986
-49588.680038,100,1056.072163
-41685.780067,100,1056.315691
-42164.539986,100,1056.554888
-58380.789974,100,1056.788387
-48729.379963,100,1057.02216
-50254.780037,100,1057.244033
-39891.369938,100,1057.470735
-41972.320026,100,1057.69818
-50905.77998,100,1057.930078
-41189.219986,100,1058.165093
-41870.07999,100,1058.456703
-43200.919971,100,1058.700063
-46979.679993,100,1058.930628
-46570.150021,100,1059.166522
-41443.359974,100,1059.458051
-48929.860043,100,1060.082906
-39948.940044,100,1060.398472
-42389.860023,100,1060.64257
-49684.630016,100,1060.877146
-50426.599983,100,1061.104021
-54988.04002,100,1069.891848
-50040.25,100,1070.144596
-49147.24012,100,1070.376308
-34820.289948,100,1070.616102
-48735.230003,100,1070.844622
-50636.490059,100,1071.075594
-45426.279968,100,1071.302323
-40835.78001,100,1071.527233
-50000.480034,100,1071.752817
-45699.919994,100,1071.979115
-48643.400059,100,1072.201256
-44684.640057,100,1072.431478
-49208.850018,100,1072.656244
-54936.939945,100,1072.878029
-43999.150047,100,1073.118059
-57739.850052,100,1073.347218
-47524.679977,100,1073.886579
-50392.40007,100,1074.454576
-54345.869915,100,1074.794307
-44349.010014,100,1075.051232
-40998.86993,100,1085.633066
-47958.310066,100,1085.999499
-45735.489986,100,1086.507998
-55682.479965,100,1086.991558
-50604.910042,100,1087.47824
-52797.739937,100,1087.968252
-52142.879986,100,1088.452188
-45634.170006,100,1088.941854
-48002.080093,100,1089.427981
-45288.810013,100,1089.937309
-47576.279949,100,1090.422002
-45480.930004,100,1090.910611
-46603.330025,100,1091.389914
-42573.119972,100,1091.876582
-44616.610016,100,1092.360097
-48199.16003,100,1092.856776
-45665.830021,100,1093.335954
-52417.830109,100,1093.825919
-37680.969952,100,1094.304841
-43753.91996,100,1094.798218
-47764.760044,100,1095.298235
-44093.780079,100,1104.252238
-43412.55999,100,1104.637641
-52268.380081,100,1104.924431
-48612.719944,100,1105.203415
-50795.480038,100,1105.464303
-42819.13998,100,1105.694488
-40462.070087,100,1105.921483
-51807.049992,100,1106.133944
-47793.399982,100,1106.349116
-49669.639977,100,1106.569507
-43255.480114,100,1106.784955
-52069.840034,100,1107.023257
-49092.95998,100,1107.250156
-41202.500015,100,1107.469849
-40688.149963,100,1107.694504
-49614.46006,100,1107.9102
-45496.330051,100,1108.150782
-45733.660015,100,1108.369673
-48085.039989,100,1108.587877
-53599.710094,100,1108.814888
-45086.630001,100,1117.122404
-46610.179939,100,1117.485792
-47490.009975,100,1117.853072
-44667.72002,100,1118.134691
-58169.87999,100,1119.000787
-41621.61998,100,1119.53832
-47576.210121,100,1119.780963
-47503.870018,100,1120.025509
-45226.510063,100,1120.26275
-45331.710102,100,1120.709914
-42615.079979,100,1120.945544
-46817.550007,100,1121.177553
-49950.660095,100,1121.539548
-55063.54995,100,1121.81879
-48674.760029,100,1122.081967
-47810.369995,100,1122.339156
-45009.889973,100,1122.622349
-41784.130089,100,1122.886517
-39561.649971,100,1123.135853
-50025.800144,100,1123.394616
-48495.079967,100,1123.653049
-45592.389973,100,1134.557712
-41325.989986,100,1135.066525
-44217.699951,100,1135.575146
-44150.240059,100,1136.06753
-51044.880104,100,1136.553508
-45875.630028,100,1137.046113
-42099.139992,100,1137.533978
-49661.200016,100,1138.024777
-47609.159916,100,1138.513621
-50201.25,100,1139.006595
-40096.260071,100,1139.498837
-47052.180103,100,1139.987613
-50222.290035,100,1140.477952
-49733.249966,100,1140.984144
-49067.690025,100,1141.476737
-45954.230007,100,1141.973135
-46285.630028,100,1142.462714
-48378.850021,100,1142.977575
-39028.610027,100,1143.472422
-53248.229992,100,1143.96164
-48917.880047,100,1153.910469
-51722.80006,100,1154.419118
-35802.339935,100,1154.910589
-48751.849934,100,1155.424128
-45313.819973,100,1155.919262
-46394.210064,100,1156.421624
-49128.320007,100,1156.911098
-45405.86005,100,1157.399538
-40128.499996,100,1157.889801
-50502.140007,100,1158.380718
-41551.569973,100,1159.405588
-42422.639938,100,1159.903872
-42768.230038,100,1160.592093
-48462.779991,100,1161.002066
-53093.030003,100,1161.593806
-40663.549992,100,1162.178516
-45515.659977,100,1162.705794
-46658.610054,100,1163.221184
-49396.170013,100,1163.729854
-51643.229965,100,1164.369853
-41656.839958,100,1164.979033
-42912.990025,100,1174.532751
-45052.869965,100,1175.048553
-52546.720097,100,1175.557201
-38108.580009,100,1176.053812
-54075.960091,100,1176.541436
-42479.84996,100,1177.040043
-47047.660084,100,1177.529991
-51357.770004,100,1178.03167
-41917.070042,100,1178.526747
-50763.170055,100,1179.015382
-44416.990051,100,1179.504548
-55194.830044,100,1179.997632
-52393.730026,100,1180.484004
-48655.930035,100,1181.000684
-48288.210033,100,1181.500194
-50045.550137,100,1181.993845
-49334.689968,100,1182.485861
-46848.51001,100,1182.982315
-43002.02002,100,1183.480478
-44669.689945,100,1183.976251
-47786.900032,100,1193.982364
-46438.689995,100,1194.495885
-42486.439972,100,1194.998571
-46766.130051,100,1195.516685
-46738.049976,100,1196.013837
-47853.93005,100,1196.50318
-51323.429989,100,1196.989893
-45422.339962,100,1197.479119
-53198.950008,100,1197.968527
-45486.809994,100,1198.45871
-48110.490028,100,1198.945415
-44238.590008,100,1199.425735
-52681.399986,100,1199.644077
-51180.950081,100,1199.866226
-41649.819977,100,1200.091204
-46109.810024,100,1200.329022
-45555.599983,100,1200.569334
-43564.819946,100,1201.009866
-45216.489941,100,1201.511473
-47364.230049,100,1201.803564
-45122.850006,100,1202.031918
-50186.020088,100,1214.441833
-37940.599976,100,1214.757313
-46141.940067,100,1214.989883
-46464.639965,100,1215.225581
-51568.759979,100,1215.458588
-44942.24004,100,1215.671153
-48806.050022,100,1215.889252
-44305.220051,100,1216.096308
-46088.309944,100,1216.312505
-45270.620071,100,1216.525504
-49952.419968,100,1216.733594
-52106.789997,100,1216.966192
-52083.659977,100,1217.183576
-49661.480015,100,1217.396894
-50668.559975,100,1217.609358
-44135.559967,100,1217.842822
-48230.930012,100,1218.063713
-47282.140018,100,1218.271546
-44222.199974,100,1218.479643
-47896.399944,100,1218.693427
-44388.420036,100,1228.500175
-46635.940033,100,1228.997959
-45122.090069,100,1229.482819
-45835.87001,100,1229.967387
-44576.249985,100,1230.453629
-43575.900005,100,1230.940867
-46668.520065,100,1231.45173
-41709.199993,100,1231.953956
-55286.819984,100,1232.446133
-46633.240005,100,1232.942623
-47929.999992,100,1233.433904
-54166.75996,100,1233.924122
-39386.569962,100,1234.414658
-50703.630054,100,1234.913979
-42597.050007,100,1235.429005
-45769.880074,100,1235.929556
-45328.219982,100,1236.427635
-46845.659988,100,1236.919112
-44872.77993,100,1237.41993
-39484.759991,100,1237.912765
-45660.000053,100,1238.40226
-43933.899921,100,1251.038933
-49539.979988,100,1251.584396
-50845.290031,100,1252.089454
-42726.43996,100,1252.583193
-55361.990051,100,1253.073262
-46293.439983,100,1253.554984
-41374.909973,100,1254.062628
-44278.040039,100,1254.576148
-47226.67009,100,1255.103232
-50735.869995,100,1255.61112
-53878.359978,100,1256.108165
-50199.950039,100,1256.597504
-42322.83997,100,1257.099607
-49401.11998,100,1257.588768
-43438.350029,100,1258.080787
-51984.010082,100,1258.573227
-46311.250008,100,1259.079727
-50349.930016,100,1259.573955
-50402.790062,100,1260.063151
-45402.529968,100,1260.551536
-44523.849979,100,1270.230422
-49539.60001,100,1270.484103
-41445.069992,100,1270.703776
-44483.549992,100,1270.913594
-49929.740067,100,1271.131495
-37953.000008,100,1271.348783
-46535.519958,100,1271.570484
-43011.16996,100,1271.795494
-48243.399982,100,1272.011984
-48639.189941,100,1272.231087
-45566.060009,100,1272.44801
-41579.139996,100,1272.664681
-51811.299938,100,1272.878129
-43873.979977,100,1273.096176
-48995.900066,100,1273.313315
-46861.720039,100,1273.531128
-37648.879997,100,1273.746407
-53509.530033,100,1273.963212
-39504.709957,100,1274.183716
-49231.27998,100,1274.398634
-42586.409927,100,1274.650212
-45305.990036,100,1285.877098
-48426.589996,100,1286.823637
-45197.149948,100,1287.385702
-46258.059986,100,1288.392416
-45127.260002,100,1288.720505
-41258.490105,100,1289.032789
-43088.829964,100,1289.317507
-48903.79995,100,1289.595214
-43931.410038,100,1289.86599
-48761.880032,100,1290.133146
-49117.070053,100,1290.412526
-44099.66003,100,1290.681623
-51698.909927,100,1290.942197
-46164.40004,100,1291.205124
-44155.570007,100,1291.468542
-42945.089947,100,1291.873492
-52472.340031,100,1292.221095
-44551.359993,100,1292.457933
-44937.209991,100,1292.697126
-47044.179993,100,1292.910969
-49987.149967,100,1301.991465
-42995.510021,100,1302.20888
-46032.349995,100,1302.435164
-44531.320019,100,1302.648215
-48186.719929,100,1302.856997
-35540.809994,100,1303.083837
-39558.829998,100,1303.296926
-42749.369976,100,1303.512859
-50580.180035,100,1303.722258
-56838.229969,100,1303.930759
-49122.760052,100,1304.142926
-46012.539955,100,1304.35
-39414.529984,100,1304.572258
-52155.889954,100,1304.808406
-44571.990055,100,1305.097697
-51213.759972,100,1305.332961
-53276.400028,100,1305.56446
-44625.090012,100,1305.774409
-38090.35994,100,1306.011797
-48497.550034,100,1306.227728
-43130.169987,100,1306.453058
-42826.569954,100,1315.009797
-47165.719967,100,1315.282471
-45882.979984,100,1315.523825
-47138.529991,100,1315.74861
-52010.569981,100,1315.973857
-47881.499958,100,1316.187077
-46806.320004,100,1316.426517
-51903.9501,100,1316.635896
-49341.140011,100,1316.840795
-45360.200005,100,1317.051402
-48820.520027,100,1317.272504
-51360.979973,100,1317.490608
-43169.389996,100,1317.701332
-50583.079956,100,1317.908458
-40569.239925,100,1318.125812
-58879.000095,100,1318.3434
-51373.489998,100,1318.553999
-46558.799988,100,1318.761318
-44323.459946,100,1318.965713
-37679.87999,100,1319.177119
-37566.989948,100,1327.931396
-55152.36013,100,1328.448911
-53345.020061,100,1328.946082
-46813.809929,100,1329.79099
-48961.060051,100,1330.302627
-43032.360111,100,1330.801012
-47464.799995,100,1331.482543
-51852.739975,100,1331.790677
-44734.459904,100,1332.073597
-53619.599972,100,1332.364397
-44903.720036,100,1332.743714
-45888.170025,100,1333.296618
-60797.720116,100,1333.549231
-47199.459988,100,1333.798641
-40967.730003,100,1334.038995
-43668.750027,100,1334.278776
-45265.37009,100,1334.518127
-48300.490002,100,1334.794414
-47845.459999,100,1335.07416
-43270.130032,100,1335.668156
-42222.169956,100,1335.904146
-44018.280006,100,1345.134712
-46337.41996,100,1345.651375
-39738.259998,100,1346.161087
-39669.779999,100,1346.688368
-50613.199974,100,1347.210229
-44918.609924,100,1347.705467
-47098.349995,100,1348.199011
-51714.139942,100,1348.690018
-40452.009998,100,1349.180704
-54084.610054,100,1349.674503
-58250.040039,100,1350.168566
-43011.320057,100,1350.662869
-47740.289959,100,1351.153764
-49622.310017,100,1351.64499
-48101.35001,100,1352.136569
-48119.329994,100,1352.675801
-49433.360092,100,1353.169002
-48242.040077,100,1353.667391
-48572.940113,100,1354.16147
-49245.840023,100,1354.654696
-47598.520008,100,1364.854257
-42812.260006,100,1365.370476
-51988.509979,100,1365.872534
-58277.550068,100,1366.36424
-49456.409977,100,1366.857329
-46914.949978,100,1367.348391
-40008.90012,100,1367.849648
-38540.699997,100,1368.336753
-51010.599995,100,1368.827783
-50139.200027,100,1369.286844
-49151.699993,100,1369.765544
-50828.45002,100,1370.278768
-47979.810005,100,1370.513389
-48098.940083,100,1370.738703
-54469.210018,100,1370.953983
-48344.759991,100,1371.462498
-43594.060024,100,1371.9527
-48642.460087,100,1372.565756
-45002.58992,100,1373.092251
-47262.829979,100,1373.78783
-48611.420082,100,1374.349965
-50216.830029,100,1386.197025
-53108.80006,100,1386.694623
-43971.070007,100,1387.180146
-45666.600021,100,1387.669575
-46974.250114,100,1388.155952
-40980.760025,100,1388.646544
-39659.58997,100,1389.13219
-47859.039974,100,1389.622139
-43545.570026,100,1390.105826
-45208.010006,100,1390.60465
-54738.020008,100,1391.093811
-55365.850033,100,1391.580996
-45438.290051,100,1392.067722
-43795.649986,100,1392.555596
-42334.079971,100,1393.047088
-57209.900078,100,1393.537574
-43064.139957,100,1394.022933
-40402.930031,100,1394.50795
-46292.179966,100,1395.000135
-47567.760086,100,1395.527598
-43810.060028,100,1405.89276
-44217.519978,100,1406.391506
-44647.630047,100,1406.886159
-40432.480011,100,1407.374823
-50204.649956,100,1407.864046
-47440.670067,100,1408.358682
-43128.470028,100,1408.849264
-48837.900024,100,1409.335995
-50960.76012,100,1409.842079
-48294.860046,100,1410.33364
-41295.480022,100,1410.825432
-42693.050003,100,1411.623993
-39508.459919,100,1412.204215
-45335.389946,100,1412.698483
-53994.140053,100,1413.587209
-39378.059998,100,1414.330589
-45693.600018,100,1415.930096
-45596.000023,100,1416.478736
-44644.260036,100,1416.991737
-37454.809971,100,1417.523099
-43528.320007,100,1418.142155
-47509.850021,100,1428.50822
-44294.189972,100,1429.005479
-47743.869961,100,1429.530462
-40269.429977,100,1430.025926
-44991.559994,100,1430.522093
-47270.849991,100,1468.235873
-45665.250031,100,1468.447636
-43991.050018,100,1468.652033
-47099.729988,100,1468.860002
-40375.050049,100,1469.070735
-47321.349945,100,1469.29095
-45901.650024,100,1469.50737
-39095.39994,100,1469.715471
-45780.750099,100,1469.921694
-48371.419968,100,1470.127836
-50489.089935,100,1470.341193
-53212.910057,100,1470.54954
-42825.250015,100,1470.753209
-40468.099995,100,1470.955431
-37158.109993,100,1471.165522
-49086.629993,100,1481.915424
-46430.80999,100,1482.438779
-44366.959999,100,1482.950701
-42548.300011,100,1483.474377
-46322.419987,100,1483.969697
-41670.590015,100,1484.45926
-49289.480083,100,1484.961344
-42388.370068,100,1485.471713
-44362.120049,100,1485.973915
-58776.490059,100,1486.476521
-51578.659996,100,1486.967091
-40332.420036,100,1487.460104
-47437.140095,100,1487.958165
-47296.980049,100,1488.454635
-49833.949959,100,1488.948089
-41490.489944,100,1489.454544
-49571.270035,100,1489.954392
-50885.370014,100,1490.429417
-44157.789936,100,1490.646881
-43091.530079,100,1490.870265
-50281.599979,100,1491.089621
-42032.619976,100,1504.796157
-48928.110077,100,1505.333359
-40994.320015,100,1505.865611
-49658.829994,100,1506.411343
-47302.420029,100,1506.911623
-42626.579994,100,1507.178658
-45136.009964,100,1507.408063
-48066.729946,100,1507.63001
-46237.830009,100,1507.852658
-43848.359985,100,1508.081892
-51750.560013,100,1508.324594
-51970.580036,100,1508.550904
-43288.570076,100,1508.790363
-39764.409962,100,1509.020887
-41803.510025,100,1509.248911
-45081.449966,100,1509.474002
-51006.00005,100,1509.700198
-40813.210037,100,1509.937009
-42717.719963,100,1510.176353
-42731.549995,100,1510.406191
-47065.740032,100,1520.911055
-42319.739964,100,1521.41117
-49796.690056,100,1521.905758
-43777.240074,100,1522.395893
-50784.96999,100,1522.891132
-53862.64003,100,1523.379602
-38174.549995,100,1523.872888
-46020.259995,100,1524.360633
-44005.209946,100,1524.851508
-39697.430012,100,1525.370915
-52721.119991,100,1525.87455
-54424.74995,100,1526.369676
-41176.849991,100,1526.868443
-47407.82996,100,1527.360185
-53464.989975,100,1527.874731
-49679.219963,100,1528.381154
-48854.700089,100,1528.883585
-48031.720123,100,1529.232775
-44834.730015,100,1529.493439
-41411.489964,100,1529.732012
-51284.580017,100,1541.774408
-43169.75996,100,1542.44622
-42038.859951,100,1542.98921
-46304.740078,100,1543.524968
-50769.209961,100,1544.21858
-51076.790054,100,1544.740179
-50933.190033,100,1545.250325
-43914.239986,100,1545.756138
-41325.519978,100,1546.244357
-33090.280022,100,1546.741165
-50577.850029,100,1547.250766
-45245.309917,100,1547.779485
-42138.050072,100,1548.289141
-40123.15007,100,1548.797142
-40832.410034,100,1549.283637
-45602.810024,100,1549.769399
-49117.960026,100,1550.256783
-41573.629944,100,1550.758219
-40970.129997,100,1551.245944
-43144.240021,100,1551.738039
-39404.149986,100,1552.222651
-54461.930019,100,1562.28104
-39720.910069,100,1562.807982
-45623.10009,100,1563.308812
-45231.000069,100,1563.809576
-45034.380051,100,1564.318707
-53711.300068,100,1564.813023
-49152.530067,100,1565.335113
-50095.109989,100,1565.845178
-50611.44001,100,1566.340996
-47685.559978,100,1566.841355
-50948.320049,100,1567.334645
-56393.260002,100,1567.850443
-43440.599998,100,1568.346482
-47282.869984,100,1568.834934
-47898.199982,100,1569.312935
-48349.869965,100,1569.796615
-43860.740044,100,1570.278649
-57118.100014,100,1570.757157
-44720.509975,100,1571.244881
-48844.129997,100,1571.726091
-50960.639992,100,1585.302326
-51877.760025,100,1585.852604
-45457.679977,100,1586.34468
-43741.65007,100,1586.868572
-44595.089966,100,1587.350541
-42511.060097,100,1587.829844
-47290.409973,100,1588.313918
-38864.559967,100,1588.818506
-48819.710022,100,1589.350711
-44122.479954,100,1589.857931
-48151.160019,100,1590.347051
-45660.499935,100,1590.849313
-50055.599983,100,1591.337358
-47408.279987,100,1591.834098
-45713.170033,100,1592.320404
-53673.250027,100,1592.810841
-50189.500122,100,1593.296622
-45098.300068,100,1593.791965
-43880.099937,100,1594.30067
-53300.560078,100,1594.797158
-43178.429958,100,1595.30348
-47566.56995,100,1605.828874
-43247.399963,100,1606.075372
-48892.439976,100,1606.315419
-44460.049961,100,1606.55306
-46016.549999,100,1606.796813
-47436.100025,100,1607.028234
-47892.710136,100,1607.258475
-50020.970028,100,1607.485186
-42131.510082,100,1607.71542
-44776.780052,100,1607.942451
-52370.150005,100,1608.168532
-44925.979992,100,1608.403738
-47172.630009,100,1608.640877
-43322.240009,100,1608.87118
-44279.289921,100,1609.100088
-50087.319992,100,1609.328868
-49486.309975,100,1609.596733
-53669.959957,100,1609.839181
-39257.269951,100,1610.073138
-41158.819946,100,1610.302202
-47242.10001,100,1619.001798
-43271.680031,100,1619.219061
-42608.130035,100,1619.468288
-46240.339981,100,1620.238298
-46606.669971,100,1620.504743
-49165.619991,100,1620.745663
-43126.520081,100,1620.974612
-50178.820053,100,1621.51995
-43486.51004,100,1622.031995
-48712.940063,100,1622.676048
-51021.44001,100,1623.172801
-47935.800068,100,1623.809348
-43643.989964,100,1624.348812
-48657.200005,100,1624.905133
-54539.659966,100,1625.486057
-49893.00993,100,1626.118757
-40144.769985,100,1626.629003
-46245.909985,100,1627.124172
-37043.479988,100,1627.619006
-47102.790031,100,1628.107128
-45530.65012,100,1628.617154
-41872.109989,100,1642.025026
-48363.640045,100,1642.512297
-46083.579998,100,1642.99609
-49017.420139,100,1643.473264
-43772.279984,100,1643.953738
-50792.809937,100,1644.430607
-53547.319992,100,1645.007428
-45177.359966,100,1645.56401
-51887.790089,100,1645.982522
-42047.499985,100,1646.194358
-49312.36005,100,1646.408901
-49406.920021,100,1646.642756
-56816.399994,100,1646.859743
-49174.160004,100,1647.079071
-44927.77998,100,1647.292931
-52017.610054,100,1647.51468
-50738.100044,100,1647.756649
-47109.939957,100,1647.969407
-43808.880013,100,1648.186447
-46115.239948,100,1648.404556
-48960.640057,100,1657.633816
-48184.220043,100,1657.869684
-42843.660072,100,1658.095062
-41613.049953,100,1658.316371
-41948.069973,100,1658.538211
-44493.880062,100,1658.75204
-41187.469959,100,1658.969186
-46868.919979,100,1659.184465
-48647.599987,100,1659.400431
-46364.569946,100,1659.612232
-53403.690086,100,1659.822685
-43077.77998,100,1660.03329
-47118.679989,100,1660.252855
-52582.29998,100,1660.472215
-55385.460064,100,1660.685103
-48852.579941,100,1660.89438
-45679.870003,100,1661.113098
-50361.190125,100,1661.325445
-42978.039993,100,1661.562357
-44646.939968,100,1662.551543
-49352.380024,100,1663.057412
-45956.38995,100,1676.547715
-47712.589996,100,1677.045988
-43994.410038,100,1677.536773
-46107.780075,100,1678.022488
-43231.370052,100,1678.512483
-50964.160015,100,1678.999176
-42064.109913,100,1679.485978
-47951.86002,100,1679.97459
-46502.210064,100,1680.460123
-44823.750004,100,1680.953649
-54687.319908,100,1681.439913
-40129.659985,100,1681.932372
-47651.460026,100,1682.416862
-45681.639946,100,1682.909971
-37783.009995,100,1683.392389
-46784.140121,100,1683.882054
-40696.910038,100,1684.367172
-44511.430046,100,1684.858215
-60415.429962,100,1685.363946
-53252.740089,100,1685.878336
-53297.910023,100,1694.921954
-39631.460003,100,1695.213982
-46812.560028,100,1695.478119
-53277.750011,100,1695.725116
-49986.100002,100,1695.969135
-46816.520046,100,1696.19624
-44167.530064,100,1696.427736
-41352.219952,100,1696.660319
-46216.320042,100,1696.913034
-48385.77002,100,1697.144573
-41302.850014,100,1697.371901
-48918.230026,100,1697.603112
-40337.759991,100,1697.828715
-48502.62001,100,1698.053836
-41035.110035,100,1698.279468
-46152.85997,100,1698.507413
-49155.69006,100,1698.740187
-48677.699993,100,1698.967221
-57750.359966,100,1699.193594
-50965.970005,100,1699.416324
-51164.100075,100,1699.645894
-46989.919975,100,1711.320494
-57008.02,100,1711.564448
-39361.289978,100,1711.795699
-55352.250042,100,1712.022613
-45730.290028,100,1712.247828
-42410.510006,100,1712.474326
-42947.189964,100,1712.701745
-45141.219955,100,1712.935932
-51215.339966,100,1713.163428
-47655.21999,100,1713.393011
-51289.950058,100,1713.625053
-44652.369942,100,1713.864517
-42712.499989,100,1714.134696
-43857.809971,100,1714.387211
-40403.169987,100,1714.727826
-49143.800095,100,1715.052199
-41765.629967,100,1715.315879
-49118.819981,100,1715.598433
-50600.660072,100,1715.838879
-41873.210068,100,1716.08167
-49351.660023,100,1724.315389
-49230.350029,100,1724.832871
-47733.270081,100,1725.343523
-47700.980053,100,1725.85201
-43187.98,100,1726.339416
-47456.810005,100,1726.716005
-43993.899963,100,1726.930517
-53023.620075,100,1727.138556
-40802.299969,100,1727.344737
-47042.389977,100,1727.570354
-43803.460007,100,1727.781795
-42276.350082,100,1727.99754
-46510.939991,100,1728.211372
-48962.620033,100,1728.4234
-39842.52998,100,1728.663143
-43879.5,100,1728.875449
-48663.020027,100,1729.093016
-47538.319962,100,1729.305869
-44050.429977,100,1729.53195
-40297.479965,100,1729.757536
-39010.360023,100,1729.973669
-44203.949978,100,1738.680178
-40971.119961,100,1738.915459
-44221.660145,100,1739.148674
-49018.560001,100,1739.372313
-45906.389996,100,1739.603415
-50511.680096,100,1739.826485
-55847.130062,100,1740.072858
-46026.380043,100,1740.304754
-46753.620033,100,1740.531777
-45856.259949,100,1740.758579
-49643.269974,100,1740.983145
-46771.000057,100,1741.204635
-48428.270039,100,1741.427656
-43244.269978,100,1741.653398
-40306.799957,100,1741.880332
-40200.629967,100,1742.107879
-43946.340057,100,1742.327389
-41118.929962,100,1742.554494
-46240.919956,100,1742.777843
-44881.999996,100,1743.004594
-40361.060055,100,1754.360086
-45094.710003,100,1754.592746
-46437.760006,100,1754.840583
-46556.909988,100,1755.067762
-47310.220051,100,1755.305816
-45134.410042,100,1755.552531
-40783.309956,100,1755.783006
-41880.410004,100,1756.001964
-39566.20002,100,1756.213341
-48054.570004,100,1756.432597
-44300.170113,100,1756.651735
-41695.239998,100,1756.859447
-45385.019997,100,1757.070574
-44360.789993,100,1757.276053
-53164.020081,100,1757.511611
-46614.020084,100,1757.722955
-59017.600079,100,1757.939006
-51135.29002,100,1758.170892
-42479.850014,100,1758.43921
-42031.609974,100,1758.712853
-44848.609974,100,1758.949979
-48876.120022,100,1769.734781
-47106.569988,100,1770.232504
-45775.659992,100,1770.728454
-46134.850063,100,1771.217438
-44624.679985,100,1771.711254
-48022.339951,100,1772.217103
-49766.219997,100,1772.708493
-47315.369923,100,1773.204528
-38774.03001,100,1773.694689
-44872.740036,100,1774.18291
-39813.699997,100,1774.676404
-38416.720009,100,1775.199856
-50409.129959,100,1775.7085
-47449.769981,100,1776.209435
-46169.830109,100,1776.707538
-44889.789967,100,1777.177816
-43459.479992,100,1777.665341
-38091.36002,100,1778.16004
-47347.639992,100,1778.649887
-39843.009991,100,1779.131532
-37737.320023,100,1788.598777
-53543.290039,100,1788.815483
-48763.920063,100,1789.024848
-42470.460072,100,1789.263151
-41262.820026,100,1790.274495
-55194.860008,100,1790.784235
-48343.549995,100,1791.616568
-51018.120068,100,1792.139114
-45238.030048,100,1792.79464
-41832.090019,100,1793.310736
-42036.790035,100,1793.874127
-51273.100052,100,1794.411947
-52492.730061,100,1794.989805
-44698.649998,100,1795.68448
-48476.019958,100,1796.215808
-51498.220058,100,1796.726669
-52540.830051,100,1797.21958
-42387.889988,100,1797.717129
-49159.95002,100,1798.205862
-49228.480003,100,1798.70068
-42978.379955,100,1799.194493
-50627.789993,100,1809.746947
-43681.669998,100,1810.24059
-47139.129978,100,1810.734227
-46681.770061,100,1811.224117
-49252.600025,100,1811.722053
-42270.789963,100,1812.211326
-47708.180058,100,1812.704988
-53489.090137,100,1813.193315
-45750.27005,100,1813.698793
-49340.299957,100,1813.973217
-50300.970047,100,1814.175019
-42955.319946,100,1814.380265
-50351.380066,100,1814.624007
-48324.800079,100,1814.877325
-41910.129997,100,1815.209247
-43356.330002,100,1815.698047
-41792.879974,100,1816.182963
-46450.250042,100,1816.665484
-50357.479996,100,1817.146919
-44446.249939,100,1817.618537
-43489.550053,100,1826.0617
-45206.599957,100,1826.563835
-41671.629974,100,1827.053624
-40949.120037,100,1827.537984
-47693.41,100,1828.033073
-47245.829971,100,1828.544971
-47113.250042,100,1829.036381
-47560.219948,100,1829.528711
-42670.399975,100,1830.012936
-51376.349987,100,1830.497779
-45887.140007,100,1830.981448
-49570.710049,100,1831.916522
-46786.629963,100,1832.176421
-56451.770035,100,1832.417825
-47227.750092,100,1832.64871
-42510.590076,100,1832.877574
-48808.249958,100,1833.108754
-45254.269947,100,1833.74817
-47394.260063,100,1833.977459
-52445.450104,100,1834.346961
-47679.750004,100,1834.611669
-45173.559975,100,1845.626454
-44434.850067,100,1845.867076
-38849.069969,100,1846.092928
-47257.420071,100,1846.304955
-45275.420033,100,1846.534245
-49355.229958,100,1846.759375
-54917.300034,100,1846.988432
-45463.26992,100,1847.2023
-38529.35001,100,1847.419614
-49301.86998,100,1847.648252
-44908.009979,100,1848.008452
-35710.799957,100,1848.489412
-46809.740002,100,1848.975458
-48946.709988,100,1849.450693
-48705.319973,100,1849.948987
-42282.309998,100,1850.425438
-40182.809978,100,1850.905542
-44650.490005,100,1851.38031
-43971.680012,100,1851.863047
-42723.140026,100,1852.341706
-32903.319969,100,1862.581836
-48011.260052,100,1863.086498
-43264.609974,100,1863.576135
-38113.709953,100,1864.072639
-45343.700008,100,1864.556996
-38222.809986,100,1865.058314
-54770.080078,100,1865.563571
-48030.460094,100,1866.052452
-46023.559963,100,1866.545463
-40591.079956,100,1867.060236
-49041.299946,100,1867.563126
-46490.189999,100,1868.050868
-56551.32,100,1868.541408
-42287.889984,100,1869.031191
-38752.039955,100,1869.516461
-55167.550014,100,1870.008
-43997.239948,100,1870.49838
-43142.53997,100,1871.001255
-47013.030014,100,1871.490896
-41816.569927,100,1871.981987
-35834.35997,100,1872.469488
-48367.409954,100,1891.638592
-55120.350025,100,1892.261712
-45945.570042,100,1892.832264
-41636.48999,100,1893.433754
-48186.54002,100,1894.125419
-42815.850006,100,1894.624182
-44387.759979,100,1895.127652
-45868.319965,100,1895.647096
-46158.409958,100,1896.166253
-52426.879986,100,1896.719066
-47763.35997,100,1897.70194
-39645.689968,100,1898.581335
-52203.790005,100,1899.359543
-46951.410072,100,1899.658456
-58250.479988,100,1899.906488
-48580.36998,100,1900.15152
-49008.760002,100,1900.515536
-43355.229965,100,1901.032938
-54061.110012,100,1901.845138
-51092.399979,100,1902.513196
-35886.040039,100,1918.179253
-42730.839966,100,1918.844963
-41512.640079,100,1919.671913
-40044.759972,100,1920.560607
-51600.340054,100,1921.226411
-46363.830025,100,1922.231605
-48995.359997,100,1923.577006
-41037.39994,100,1924.395217
-50919.560028,100,1925.236469
-46726.119976,100,1926.482202
-52144.300034,100,1927.32411
-45031.709953,100,1927.676512
-45604.619999,100,1928.073196
-50270.680023,100,1929.335531
-48931.98996,100,1968.633753
-50132.870018,100,1969.215979
-47847.239998,100,1970.027924
-43132.390007,100,1970.682905
-48623.229965,100,1971.264012
-41874.689964,100,1971.841909
-48923.670036,100,1972.373066
-45227.140022,100,1984.60247
-43094.720036,100,1985.003772
-43276.469986,100,1985.902946
-49805.430027,100,1986.670552
-42041.759983,100,1987.580042
-49228.630009,100,1988.177442
-39395.389931,100,1988.78781
-47039.169991,100,1989.412439
-48250.069973,100,1989.967229
-49174.170044,100,1990.48614
-45696.700047,100,1990.998925
-57498.070091,100,1991.515618
-42333.869991,100,1992.062258
-51120.16996,100,1992.637326
-49308.170048,100,1993.235467
-47923.039993,100,1993.951957
-51456.510036,100,1994.524867
-39500.730019,100,1995.058545
-39277.740025,100,1995.612336
-40897.469971,100,1996.121177
-48588.899994,100,2009.757494
-42544.889961,100,2010.12001
-42263.050007,100,2010.36204
-53016.279995,100,2010.620795
-51113.510048,100,2010.97874
-44458.459972,100,2011.380226
-41902.799965,100,2011.661514
-42475.84,100,2011.946666
-42279.360004,100,2012.266305
-44069.980057,100,2012.559566
-46352.710014,100,2012.850669
-47084.800064,100,2013.406398
-50069.85006,100,2013.905048
-37029.169949,100,2014.382649
-49137.340012,100,2014.871122
-48769.300072,100,2015.36313
-53910.20005,100,2015.849347
-43375.780048,100,2016.326225
-44560.979977,100,2016.806465
-46664.370094,100,2017.291505
-41335.889996,100,2017.784157
-47185.339909,100,2027.812921
-48183.880032,100,2028.31583
-51883.080006,100,2028.81634
-45109.130001,100,2029.312431
-42329.819996,100,2029.793934
-47249.750038,100,2030.297327
-46762.18,100,2030.785761
-60715.530064,100,2031.251903
-44133.970005,100,2031.721089
-42704.870022,100,2032.186094
-44432.86002,100,2032.682639
-43950.280071,100,2033.169819
-43927.099968,100,2033.654794
-51231.460064,100,2034.132645
-37828.120052,100,2034.618504
-41680.299976,100,2035.124224
-51148.679943,100,2035.62405
-48055.940094,100,2036.105839
-46103.639984,100,2036.58795
-44384.159962,100,2037.068639
-53687.55999,100,2049.137094
-50894.519936,100,2049.504209
-50600.470016,100,2049.739028
-43775.77,100,2049.964373
-44019.129929,100,2050.193658
-41667.700005,100,2050.412568
-44673.769928,100,2050.623382
-45573.519978,100,2050.833138
-40569.709969,100,2051.05061
-38767.840004,100,2051.263693
-46848.079952,100,2051.48096
-43943.710014,100,2051.689255
-47716.390038,100,2051.896457
-48030.669952,100,2052.104999
-36965.119961,100,2052.312255
-47757.930019,100,2052.52298
-44411.859951,100,2052.737812
-48628.629951,100,2052.970361
-54038.000057,100,2053.184944
-39155.679955,100,2053.400799
-44650.840004,100,2063.730802
-41160.969902,100,2064.238108
-41807.939976,100,2064.73209
-42392.769985,100,2065.23125
-46764.250076,100,2065.734981
-42895.319965,100,2066.220399
-44052.589951,100,2066.713227
-44572.000011,100,2067.197891
-45713.609951,100,2067.684055
-47427.040047,100,2068.169115
-42812.619976,100,2068.676622
-46959.650063,100,2069.168034
-55111.149975,100,2069.658365
-49302.869987,100,2070.154922
-50471.370007,100,2070.652114
-52986.050007,100,2071.140829
-39307.809998,100,2071.636138
-40019.569939,100,2072.123554
-44384.780045,100,2072.610963
-44091.129978,100,2073.098338
-44008.829994,100,2073.599611
-49608.990059,100,2084.024919
-49934.850075,100,2084.512461
-47410.640007,100,2085.008071
-49723.120026,100,2085.775595
-40816.939972,100,2086.544785
-43445.009968,100,2087.329581
-47746.489998,100,2088.129702
-47100.250031,100,2088.757715
-42282.300087,100,2089.254838
-49584.529984,100,2089.81726
-43200.809971,100,2090.215723
-48891.880009,100,2090.484371
-46170.639935,100,2090.706092
-41925.05003,100,2090.920125
-50511.119968,100,2091.130463
-52837.030029,100,2091.338038
-47152.979996,100,2091.546421
-52002.560028,100,2091.749014
-41673.939987,100,2091.970843
-43976.180038,100,2092.183506
-48471.770027,100,2101.43062
-49341.779999,100,2101.931522
-35171.550072,100,2102.407417
-47420.500015,100,2102.886585
-40494.500008,100,2103.366058
-49209.599995,100,2103.842613
-49435.209999,100,2104.316807
-48456.560013,100,2104.800107
-46261.910038,100,2105.29754
-47673.210033,100,2105.785046
-39073.959976,100,2106.264592
-52743.229977,100,2106.74156
-45980.380005,100,2107.248204
-44239.019962,100,2107.736419
-49566.609989,100,2108.224471
-49514.880058,100,2108.714724
-42343.339966,100,2108.965219
-45465.309998,100,2109.199202
-39714.269989,100,2109.422161
-45310.110107,100,2109.642766
-41861.640003,100,2109.867215
-49087.620045,100,2119.870469
-40694.149979,100,2120.361606
-43369.950043,100,2120.855155
-47088.269947,100,2121.339092
-47674.999973,100,2121.822517
-49448.989971,100,2122.304907
-37325.51997,100,2122.786532
-50492.519989,100,2123.269775
-44912.119995,100,2123.750603
-44186.499954,100,2124.230119
-42116.609989,100,2124.713957
-51314.490009,100,2125.214262
-42349.599976,100,2125.712092
-45603.429981,100,2126.198558
-40552.739933,100,2126.689152
-40599.389961,100,2127.176162
-45405.989971,100,2127.985909
-38549.000004,100,2128.227832
-45842.27,100,2128.515858
-44700.489971,100,2128.962645
-50610.729935,100,2140.282715
-47278.98999,100,2140.778799
-40807.489948,100,2141.257153
-39117.660034,100,2141.729918
-49925.240044,100,2142.202764
-41796.870014,100,2142.678314
-51956.219952,100,2143.154077
-45177.269978,100,2143.642566
-49474.40995,100,2144.114566
-40314.070049,100,2144.603374
-54908.339981,100,2145.106197
-52544.399956,100,2145.596062
-41817.009975,100,2146.070218
-48873.02005,100,2146.549594
-40142.479977,100,2147.022168
-41221.839993,100,2147.498126
-42575.049934,100,2147.971833
-49360.610081,100,2148.451564
-44522.360161,100,2148.93171
-43998.140034,100,2149.426116
-44620.150009,100,2149.908081
-46766.819958,100,2159.583171
-46812.029984,100,2159.809398
-46739.859985,100,2160.026068
-44235.499973,100,2160.244081
-44738.639992,100,2160.466877
-49163.71003,100,2160.701021
-45455.829952,100,2161.108977
-39538.159988,100,2161.577106
-36162.54002,100,2162.042573
-53807.699993,100,2162.522151
-50753.480011,100,2163.003604
-42582.439949,100,2163.478657
-47812.829979,100,2163.956198
-42327.869976,100,2164.433509
-38862.490021,100,2164.925108
-40949.60997,100,2165.420943
-40807.079983,100,2165.910825
-49465.900028,100,2166.389999
-45875.129974,100,2166.873328
-43848.779968,100,2167.355738
-49237.720051,100,2178.837059
-44187.03994,100,2179.064317
-48100.22998,100,2179.28779
-46297.399963,100,2179.535322
-47384.180077,100,2179.747206
-43007.88007,100,2180.046459
-49373.019978,100,2180.37368
-45225.809998,100,2180.771865
-44727.599957,100,2181.165554
-48807.990047,100,2181.502573
-52048.959969,100,2181.717798
-44936.989956,100,2181.92783
-44940.689995,100,2182.14155
-48788.770061,100,2182.347897
-50532.820038,100,2182.559648
-42918.15004,100,2182.766195
-38675.659939,100,2182.980333
-41460.320042,100,2183.200869
-46493.169971,100,2183.41712
-37968.86002,100,2183.625605
-46892.669994,100,2183.833548
-54029.590008,100,2193.517257
-42157.490017,100,2193.748067
-40753.099983,100,2193.976507
-46305.560059,100,2194.200397
-49957.530006,100,2194.437136
-41497.139927,100,2194.667638
-41046.209991,100,2194.909156
-44317.740002,100,2195.150978
-45809.450073,100,2195.394375
-47335.389935,100,2195.628494
-50566.739998,100,2195.851963
-47278.319969,100,2196.082185
-48830.300068,100,2196.329929
-49319.770069,100,2196.589043
-49140.289974,100,2196.824035
-40835.379974,100,2197.052493
-52819.270065,100,2197.28101
-39176.019989,100,2197.509445
-44560.290005,100,2197.734564
-36559.700043,100,2197.952873
-46713.660027,100,2207.816862
-52848.240055,100,2208.315918
-45784.979939,100,2208.80039
-50389.849983,100,2209.287075
-40992.84996,100,2209.788105
-45581.879963,100,2210.28548
-39435.599987,100,2210.767676
-50006.069965,100,2211.249748
-51215.739994,100,2212.13832
-51296.249989,100,2212.689985
-44267.59996,100,2213.677835
-42822.320004,100,2214.435801
-46153.100018,100,2214.975216
-40818.390011,100,2215.594828
-43764.239948,100,2216.0132
-49388.219975,100,2216.508739
-46029.55006,100,2217.049747
-47242.370098,100,2217.635171
-38944.520031,100,2218.153146
-39815.189983,100,2218.636908
-48215.399967,100,2219.110586
-46692.719982,100,2228.915114
-44661.689991,100,2229.155619
-48852.750004,100,2229.384495
-37343.219955,100,2229.613214
-49423.999969,100,2229.966885
-44352.67004,100,2230.463176
-48698.250038,100,2230.958028
-42758.290085,100,2231.451091
-39305.799942,100,2231.941123
-47636.280006,100,2232.442542
-52267.030014,100,2232.931227
-40568.319962,100,2233.416744
-46273.510063,100,2233.906673
-51200.400063,100,2234.390989
-39762.809956,100,2234.880541
-47861.820042,100,2235.395725
-44655.45998,100,2235.894758
-45696.229996,100,2236.384071
-43539.059967,100,2236.888228
-48818.799965,100,2237.405415
-41317.750011,100,2247.448737
-46245.809898,100,2247.964707
-44758.589954,100,2248.459081
-43728.980011,100,2248.950832
-48608.460094,100,2249.444127
-46840.090027,100,2249.939599
-45186.079979,100,2250.446487
-46749.300068,100,2250.940469
-48509.610031,100,2251.446881
-47399.869995,100,2251.940474
-44810.909943,100,2252.433397
-35108.079967,100,2252.952573
-49065.999962,100,2253.458246
-50028.780041,100,2254.4737
-40056.050018,100,2255.095111
-46124.969994,100,2255.907129
-44824.950054,100,2256.593141
-47656.570095,100,2257.002425
-42626.699993,100,2257.662547
-40562.329964,100,2258.281875
-43715.949951,100,2258.859234
-45399.57,100,2269.174018
-45320.959995,100,2269.660001
-47932.780056,100,2270.152962
-36560.059975,100,2270.648986
-39811.480042,100,2271.145033
-48053.759979,100,2271.640389
-45164.200096,100,2272.123532
-45144.640045,100,2272.606099
-41170.410034,100,2273.084105
-54528.819981,100,2273.571136
-38188.420029,100,2274.057971
-37449.999981,100,2274.539847
-50134.410175,100,2275.039153
-49484.700035,100,2275.540759
-38182.12994,100,2276.023142
-37755.729969,100,2276.51256
-32815.58997,100,2276.996344
-37978.939972,100,2277.475437
-37212.919968,100,2277.957093
-46374.629921,100,2278.432588
-50204.449959,100,2288.737874
-47070.989994,100,2289.231509
-42498.869999,100,2289.719921
-45155.369942,100,2290.201912
-40846.169994,100,2290.720095
-42182.619968,100,2291.210081
-45216.789974,100,2291.69987
-49060.010029,100,2292.183587
-40259.199966,100,2292.667476
-49885.389988,100,2293.150033
-43424.759983,100,2293.636832
-48208.050064,100,2294.117776
-47155.449997,100,2294.597745
-49273.199951,100,2295.10643
-45385.059971,100,2296.020572
-49583.65007,100,2296.559305
-41216.059994,100,2297.845631
-44163.870068,100,2298.539057
-46809.469978,100,2299.066951
-44620.219967,100,2299.94504
-43682.749977,100,2300.462005
-44742.890041,100,2310.765816
-42721.319969,100,2311.255112
-48360.610004,100,2311.75038
-43388.799984,100,2312.227423
-45078.880024,100,2312.70286
-48645.789963,100,2313.179125
-49488.740044,100,2313.6543
-46408.199993,100,2314.129578
-53634.710106,100,2314.606597
-49984.880013,100,2315.096585
-42742.279968,100,2315.589732
-39763.050011,100,2316.070307
-46788.72998,100,2316.548586
-43576.080025,100,2317.035015
-42028.390064,100,2317.519815
-42957.3801,100,2318.000635
-43412.099945,100,2318.479948
-45415.459919,100,2318.959183
-43480.849945,100,2319.436696
-51418.850071,100,2319.917316
-50337.590004,100,2328.557847
-41581.720028,100,2328.774124
-42259.889999,100,2328.999346
-46725.570007,100,2329.208084
-43270.320034,100,2329.427571
-50124.860065,100,2329.657919
-47222.720001,100,2329.872134
-42592.309933,100,2330.112662
-42265.929989,100,2330.326004
-44313.499969,100,2330.590404
-46318.030041,100,2330.805813
-46278.400085,100,2331.017093
-46652.139996,100,2331.233465
-42753.630013,100,2331.468431
-45615.569962,100,2331.687513
-43774.309971,100,2331.897417
-46734.340084,100,2332.112463
-46642.749985,100,2332.315863
-49169.079971,100,2332.526576
-50833.900063,100,2332.738609
-50056.100037,100,2332.945983
-49615.380066,100,2341.22849
-49067.429981,100,2342.092644
-47469.639984,100,2342.407421
-37227.989971,100,2342.654647
-51858.280041,100,2342.885906
-43310.559917,100,2343.10743
-44306.440128,100,2343.502763
-41323.189968,100,2343.81788
-48278.380032,100,2344.097902
-45922.929966,100,2344.354607
-42016.709976,100,2344.631322
-52792.990002,100,2344.882823
-49677.190002,100,2345.167097
-43748.91003,100,2345.404156
-45019.889977,100,2345.629351
-47600.030025,100,2345.840771
-47572.059917,100,2346.076016
-53568.810085,100,2346.291811
-52668.990227,100,2346.518159
-46049.689968,100,2346.727639
-46007.079983,100,2355.338691
-43980.27002,100,2355.852547
-45766.110126,100,2356.350382
-48731.440063,100,2356.825573
-44658.67997,100,2357.297984
-42883.019966,100,2357.779087
-47365.060028,100,2358.256003
-42050.459957,100,2358.731518
-45296.129955,100,2359.207529
-40419.220009,100,2359.688036
-45986.730034,100,2360.162909
-43258.410023,100,2360.641453
-51379.199963,100,2361.154962
-45905.950001,100,2361.660852
-37833.749985,100,2362.140427
-51300.349991,100,2362.613995
-45120.870003,100,2363.084912
-44934.780056,100,2363.558582
-43488.96999,100,2364.033223
-54347.129925,100,2364.505109
-51962.569965,100,2364.989922
-46671.280048,100,2373.274163
-39646.799961,100,2373.495885
-52197.950047,100,2373.708553
-45743.690041,100,2373.919515
-41211.109974,100,2374.126991
-48851.47998,100,2374.330167
-44387.130047,100,2374.540682
-44498.899963,100,2374.762901
-45316.699974,100,2375.08809
-45544.719975,100,2375.365734
-48497.14999,100,2375.591043
-45559.079979,100,2375.797924
-44125.94001,100,2376.023875
-49846.640026,100,2376.228724
-47634.229973,100,2376.435266
-45357.639984,100,2376.649866
-48555.770035,100,2376.85771
-42484.66993,100,2377.062591
-42631.23003,100,2377.26731
-40199.489967,100,2377.477984
-48606.940022,100,2389.35869
-41648.220005,100,2389.851437
-43862.439983,100,2390.334126
-46386.050068,100,2390.820585
-48289.620007,100,2391.303432
-50634.699982,100,2391.792057
-41221.90995,100,2392.280586
-45821.479908,100,2392.775681
-42989.530018,100,2393.279569
-46903.399963,100,2393.783751
-45718.03994,100,2394.269548
-44203.129963,100,2394.75257
-46902.010044,100,2395.248188
-40179.639988,100,2395.745192
-42473.919987,100,2396.225305
-50756.21003,100,2396.71407
-43315.189976,100,2397.194266
-42366.350021,100,2397.688009
-44531.929947,100,2398.171876
-48895.269974,100,2398.651634
-47988.290134,100,2399.133168
-38316.830009,100,2409.576374
-46407.100006,100,2410.068169
-48419.059956,100,2410.549465
-47613.279953,100,2411.036396
-44442.420052,100,2411.554958
-43628.370003,100,2412.047515
-49502.140007,100,2412.528603
-39931.199963,100,2413.014858
-51591.010128,100,2413.499674
-46547.709965,100,2413.992058
-44917.429962,100,2414.492202
-39793.959961,100,2414.984635
-46531.180157,100,2415.485928
-45140.620007,100,2415.978194
-50686.029991,100,2416.460114
-42314.339973,100,2416.96225
-43818.630013,100,2417.443302
-46998.680061,100,2417.92659
-44325.410053,100,2418.405708
-51557.420002,100,2418.889127
-40436.71006,100,2431.205513
-49187.159981,100,2431.721879
-41824.970116,100,2473.350953
-43593.449947,100,2473.572853
-43509.54007,100,2473.793256
-40114.04995,100,2474.017122
-52843.530003,100,2474.247307
-47508.799995,100,2474.47295
-49101.630066,100,2474.699436
-42153.789986,100,2474.931093
-33876.229961,100,2475.19214
-41809.880016,100,2475.463757
-42901.939983,100,2475.725678
-52091.890038,100,2475.978443
-44028.330055,100,2476.238799
-53339.98996,100,2476.504072
-49580.290108,100,2476.749182
-49516.780018,100,2476.979713
-48503.700001,100,2477.213394
-51847.920044,100,2477.441074
-40507.049973,100,2477.670504
-42552.90004,100,2487.12541
-52300.769981,100,2487.336972
-39507.579987,100,2487.579323
-49594.289936,100,2487.787363
-36367.459965,100,2487.995326
-46809.679985,100,2488.195677
-43588.549965,100,2488.39601
-46764.449986,100,2488.604205
-48135.630051,100,2488.811893
-43715.149921,100,2489.015737
-48582.37999,100,2489.220189
-48551.190033,100,2489.426196
-50183.489967,100,2489.637206
-49685.419987,100,2489.849016
-46349.78001,100,2490.0558
-44857.55999,100,2490.260967
-50328.090042,100,2490.471992
-49778.300011,100,2490.68457
-44360.670025,100,2490.893605
-44614.129967,100,2491.102243
-50494.36005,100,2500.618165
-41541.949978,100,2501.112083
-48712.179958,100,2501.598773
-42673.489956,100,2502.103493
-44732.669949,100,2502.615051
-47767.610039,100,2503.101
-37826.549961,100,2503.592992
-42596.389938,100,2504.081448
-43816.779972,100,2504.565259
-44358.790016,100,2505.062824
-48533.459927,100,2505.569349
-41395.440063,100,2506.059961
-49547.960094,100,2506.715643
-46292.05003,100,2507.324535
-41811.259953,100,2507.888151
-39100.069946,100,2508.830087
-47174.819992,100,2509.573531
-46700.759991,100,2510.102192
-42036.039974,100,2510.835806
-48903.989998,100,2511.509322
-43322.589966,100,2512.025581
-43515.760082,100,2522.066073
-45572.240021,100,2522.302498
-54482.799957,100,2522.523295
-44497.999939,100,2522.732884
-45698.050034,100,2522.937464
-46011.770107,100,2523.144109
-47810.560066,100,2523.366377
-37364.519932,100,2523.57761
-45298.880001,100,2523.782333
-45848.120003,100,2523.990844
-43096.76001,100,2524.195678
-47359.140095,100,2524.406354
-52834.670017,100,2524.620065
-46492.260033,100,2524.841244
-40162.779995,100,2525.075448
-44899.66,100,2525.301561
-36410.100033,100,2525.527112
-46686.319958,100,2525.740582
-52604.750061,100,2525.953535
-46465.97995,100,2526.168135
-44016.360058,100,2536.271891
-46946.119991,100,2536.7776
-42248.130024,100,2537.268493
-53011.759964,100,2537.759959
-38929.600056,100,2538.261947
-35784.950001,100,2538.766994
-41656.319996,100,2539.248655
-36265.720024,100,2539.750319
-47683.690002,100,2540.232043
-43190.59,100,2540.715089
-49206.860001,100,2541.192415
-46066.830029,100,2541.676798
-47331.699986,100,2542.156606
-38903.04998,100,2542.647328
-52945.390049,100,2543.149828
-36906.909985,100,2543.627298
-45710.610004,100,2544.106454
-40087.710022,100,2544.58603
-41285.339977,100,2545.091497
-54451.739971,100,2545.591394
-45866.470089,100,2557.282898
-45911.609989,100,2557.790028
-46082.219975,100,2558.276046
-42726.609993,100,2558.758834
-41692.309986,100,2559.259648
-45174.029976,100,2559.76899
-44255.230007,100,2560.270833
-52437.759968,100,2560.765478
-45203.23,100,2561.246989
-41474.219971,100,2561.729568
-49319.270046,100,2562.212008
-43336.869961,100,2562.732913
-42430.989998,100,2563.222688
-45707.689991,100,2563.705986
-47076.319962,100,2564.193623
-48202.860039,100,2564.692224
-47570.829948,100,2565.193376
-42082.660019,100,2565.689509
-45479.540024,100,2566.172951
-47794.020046,100,2566.657208
-45316.279945,100,2567.158366
-43332.279938,100,2576.403674
-46200.470001,100,2576.633584
-44194.719986,100,2576.853962
-49763.860058,100,2577.069213
-40571.589989,100,2577.277192
-43164.950001,100,2577.490292
-42280.279949,100,2577.706931
-46941.220051,100,2577.914049
-46777.409988,100,2578.115124
-43144.549961,100,2578.317866
-44423.109982,100,2578.526414
-50596.420021,100,2578.735941
-49697.029976,100,2578.94825
-52221.909962,100,2579.150008
-45015.150043,100,2579.35826
-50144.640015,100,2579.570326
-53761.780014,100,2579.807855
-49963.080013,100,2580.02602
-45593.76004,100,2580.229441
-46199.279945,100,2580.444418
-46232.349937,100,2589.958443
-43674.539974,100,2590.844014
-53000.589966,100,2591.781897
-44810.739944,100,2592.500187
-42091.170036,100,2593.413757
-37307.800007,100,2593.660423
-42510.960049,100,2593.910763
-44715.300049,100,2594.347116
-49148.230057,100,2594.652505
-53101.899956,100,2595.139544
-44715.810097,100,2595.684779
-46524.190018,100,2596.181573
-47353.479984,100,2596.662765
-48125.789982,100,2597.149117
-52532.630001,100,2597.630563
-53533.120113,100,2598.111879
-47060.979958,100,2598.592669
-48865.650043,100,2599.075006
-43592.919975,100,2599.561314
-38127.37999,100,2600.046781
-47018.979954,100,2600.60698
-56196.120022,100,2609.694034
-45159.459957,100,2610.187602
-45751.370014,100,2610.690024
-36320.489971,100,2611.179372
-46430.479984,100,2611.668362
-48015.500076,100,2612.156241
-42520.900028,100,2612.648642
-50554.410042,100,2613.151148
-37501.79995,100,2613.641835
-45196.410027,100,2614.133389
-46204.690056,100,2614.620763
-43916.340019,100,2615.154623
-44148.580086,100,2615.689669
-44435.730019,100,2616.203179
-48797.229958,100,2616.702814
-40356.359974,100,2617.19693
-46771.750023,100,2617.68901
-39803.599987,100,2618.17776
-42872.879913,100,2618.661947
-39301.970039,100,2619.150401
-47410.469967,100,2628.646215
-53251.169937,100,2628.878525
-42595.84996,100,2629.095012
-38274.739994,100,2629.317833
-41848.680038,100,2629.532046
-43522.730015,100,2629.744346
-43560.119984,100,2629.982077
-47369.970047,100,2630.196125
-40294.850071,100,2630.419759
-44221.559986,100,2630.62957
-46088.299965,100,2630.840852
-47569.679985,100,2631.053381
-45611.589985,100,2631.265347
-44971.52998,100,2631.492856
-53713.440063,100,2632.162737
-48565.070103,100,2632.647748
-48303.180019,100,2633.76173
-43730.549946,100,2634.06204
-36786.110001,100,2634.347665
-43353.209934,100,2634.605475
-53329.710018,100,2634.863712
-46071.490025,100,2645.698168
-48396.439995,100,2646.172751
-43144.579948,100,2646.643028
-45280.149944,100,2647.111909
-50911.669964,100,2647.587403
-45077.010002,100,2648.057634
-40741.000034,100,2648.52908
-42053.429962,100,2649.006217
-41636.700069,100,2649.476521
-46416.819969,100,2649.948465
-42872.930012,100,2650.416496
-44067.889957,100,2650.888143
-49205.280045,100,2651.365508
-41340.869987,100,2651.8398
-46151.170002,100,2652.311852
-44283.990013,100,2652.782831
-50763.640057,100,2653.27601
-46570.72995,100,2653.763505
-46519.079994,100,2654.239184
-49942.929981,100,2654.725733
-43675.009956,100,2663.335711
-42723.819965,100,2663.56803
-48116.240036,100,2663.795515
-42457.469982,100,2664.017561
-41169.719975,100,2664.232192
-53343.960133,100,2664.448562
-43038.759975,100,2664.679661
-42284.640011,100,2664.94696
-43738.839943,100,2665.1815
-54091.750042,100,2665.408857
-44821.380054,100,2665.626598
-51560.840004,100,2665.837719
-41363.85997,100,2666.059399
-44577.329975,100,2666.278648
-42575.409931,100,2666.493345
-39227.430008,100,2666.700976
-45047.179951,100,2666.92225
-53466.989944,100,2667.138788
-47134.800022,100,2667.353298
-45469.750011,100,2667.570364
-46008.939999,100,2667.783077
-43380.880016,100,2678.137131
-44417.500004,100,2678.679667
-54257.559959,100,2679.205437
-45231.610134,100,2679.71267
-51714.130035,100,2680.198422
-45755.100071,100,2680.680699
-55359.890011,100,2681.168147
-52542.760014,100,2681.655063
-46946.650051,100,2682.139416
-44754.009991,100,2682.62201
-47155.760052,100,2683.112644
-43016.830006,100,2683.334674
-43676.389988,100,2683.558674
-44581.999992,100,2683.782069
-45603.129959,100,2684.004092
-54267.120018,100,2684.224406
-47572.180019,100,2684.587265
-53501.179981,100,2684.938585
-49670.739983,100,2685.254329
-46120.07999,100,2685.596547
-49140.10001,100,2695.553324
-42330.999992,100,2696.068066
-47816.460049,100,2696.55677
-46407.089989,100,2697.072171
-42417.579987,100,2697.562968
-46967.960121,100,2697.978501
-51639.81007,100,2698.185943
-56610.350044,100,2698.393052
-57122.399937,100,2698.602722
-50767.960041,100,2698.805565
-45906.680107,100,2699.015055
-39540.820004,100,2699.227823
-46692.20998,100,2699.43829
-43515.560101,100,2699.649137
-50819.909988,100,2699.865159
-49692.860058,100,2700.077786
-38256.780041,100,2700.293914
-55852.329979,100,2700.507376
-51327.059994,100,2700.733237
-48212.299999,100,2700.950978
-39101.379971,100,2701.172472
-42914.309963,100,2710.922669
-49008.939995,100,2711.431969
-42873.449947,100,2711.926967
-42319.749989,100,2712.415131
-41825.710014,100,2712.905264
-52390.680058,100,2713.395706
-46560.530006,100,2713.896082
-43236.189968,100,2714.382008
-40967.490009,100,2714.880558
-50277.850006,100,2715.370575
-51185.000046,100,2716.039409
-46853.250065,100,2716.609777
-45538.679981,100,2716.862054
-45811.610039,100,2717.699097
-39569.849979,100,2718.259774
-52503.880032,100,2718.567437
-46248.010048,100,2718.831296
-37317.009987,100,2719.071676
-34202.549976,100,2719.65956
-42482.110092,100,2720.206194
-43479.279949,100,2730.873492
-43686.839989,100,2731.373357
-50404.919975,100,2731.85921
-43647.93996,100,2732.341142
-49317.859978,100,2732.821919
-54583.659985,100,2733.302143
-43355.560005,100,2733.816161
-47322.349964,100,2734.303519
-31253.129982,100,2734.788541
-49675.989975,100,2735.139104
-43978.88995,100,2735.372851
-48968.809967,100,2735.602906
-42696.379982,100,2735.829123
-53530.410007,100,2736.053241
-47216.809929,100,2736.273703
-51982.070061,100,2736.498219
-50961.660034,100,2736.726826
-45746.019958,100,2736.948581
-42698.299992,100,2737.168133
-50683.890049,100,2737.395323
-46621.689995,100,2737.618376
-42957.930061,100,2746.965974
-44161.120007,100,2747.461264
-49177.110039,100,2747.944891
-54071.199944,100,2748.431058
-47297.890083,100,2748.912497
-42352.310066,100,2749.411684
-55320.949963,100,2749.901163
-47078.710045,100,2750.386958
-49633.940022,100,2750.879969
-42245.859978,100,2751.367252
-44125.609982,100,2751.851352
-52220.729996,100,2752.348031
-46381.559986,100,2752.83293
-40665.319973,100,2753.316471
-44348.440014,100,2753.803138
-44259.400017,100,2754.305214
-45863.610035,100,2754.792957
-43047.209969,100,2755.298419
-49931.35001,100,2755.79332
-43759.630001,100,2756.279785
-40994.989925,100,2767.63798
-45019.050022,100,2768.129611
-47403.880016,100,2768.617753
-47740.779968,100,2769.117545
-44440.099998,100,2769.636896
-38756.740021,100,2770.122939
-42304.919991,100,2770.603924
-44561.949982,100,2771.083107
-48545.710106,100,2771.560081
-49050.550076,100,2772.043647
-46040.639992,100,2772.521097
-36996.919975,100,2772.999115
-47678.149956,100,2773.493711
-41371.960094,100,2773.984187
-42453.899956,100,2774.472939
-51199.22002,100,2775.731033
-47033.949989,100,2776.223575
-46958.680042,100,2776.717869
-43927.319988,100,2777.207617
-50656.660076,100,2777.694201
-49397.830013,100,2778.183325
-51569.650036,100,2787.970109
-46508.059975,100,2788.460066
-50267.849991,100,2788.940319
-55612.710037,100,2789.441512
-39509.210011,100,2789.922485
-42940.760006,100,2790.404931
-49831.269955,100,2790.887635
-38812.780075,100,2791.376345
-46805.84,100,2791.865417
-48343.270004,100,2792.345168
-43391.569981,100,2792.826939
-40312.399998,100,2793.309188
-47448.830017,100,2793.797702
-45511.979942,100,2794.27987
-48139.310024,100,2794.773928
-44445.34996,100,2795.273661
-37739.380001,100,2795.768971
-44396.659981,100,2796.251974
-39020.489986,100,2796.738723
-48847.350121,100,2797.226374
-49959.320087,100,2809.764566
-46983.729946,100,2810.266375
-51159.040005,100,2810.832532
-43877.969997,100,2811.335077
-41492.019981,100,2811.820533
-49940.59008,100,2812.297831
-47346.529957,100,2812.778724
-37371.819954,100,2813.256085
-49778.700024,100,2813.740556
-36483.780018,100,2814.227003
-43805.329952,100,2815.067196
-52535.780075,100,2815.564812
-48156.510059,100,2816.04933
-46947.459988,100,2816.527511
-47857.619976,100,2817.008588
-46196.589962,100,2817.491551
-41143.139938,100,2817.976242
-53961.019993,100,2818.451862
-39178.18,100,2818.933931
-48343.040077,100,2819.421155
-45092.810078,100,2819.903648
-45881.669975,100,2829.815423
-41019.559956,100,2830.304711
-43082.680019,100,2830.791132
-36064.629997,100,2831.274238
-46769.639988,100,2831.759105
-53881.470047,100,2832.242209
-44227.849972,100,2832.722891
-50466.340054,100,2833.205405
-40631.560036,100,2833.690322
-42433.48016,100,2834.206403
-43389.410038,100,2834.695115
-41256.330013,100,2835.223969
-47179.320126,100,2835.71741
-39292.07999,100,2836.200942
-49457.549995,100,2836.687327
-45407.759975,100,2837.173403
-46093.199986,100,2837.658819
-48712.090103,100,2838.141871
-41181.849995,100,2838.623068
-47163.689926,100,2839.103786
-42830.339958,100,2850.481951
-48414.530022,100,2850.716451
-49819.890022,100,2850.941127
-46796.950001,100,2851.162509
-50306.929962,100,2851.387879
-50694.78006,100,2851.61207
-44668.899967,100,2851.837337
-45071.599945,100,2852.057359
-43163.809982,100,2852.276324
-42384.569977,100,2852.500551
-49022.660072,100,2852.719829
-47346.69001,100,2852.940376
-42004.490028,100,2853.156905
-47645.549973,100,2853.373632
-43464.36005,100,2853.596446
-47009.870029,100,2853.82159
-50522.410007,100,2854.38272
-46827.969997,100,2854.913773
-53062.350098,100,2856.35099
-45832.150074,100,2856.852483
-46985.900055,100,2857.351182
-49829.680058,100,2868.287489
-50030.700005,100,2868.514108
-44028.179974,100,2868.723343
-42884.679951,100,2868.933877
-48233.120102,100,2869.148172
-44031.459976,100,2869.35295
-43593.969948,100,2869.585405
-46356.139927,100,2869.79164
-41987.179943,100,2870.010954
-49107.800007,100,2870.238218
-44433.379963,100,2870.461154
-41941.139969,100,2870.678025
-45007.449997,100,2870.892923
-41104.029961,100,2871.103135
-48298.849987,100,2871.321687
-45065.110016,100,2871.537025
-52503.589996,100,2871.747812
-41922.669918,100,2871.96731
-42701.999981,100,2872.176169
-46009.189976,100,2872.394659
-40343.239967,100,2883.128596
-37723.250015,100,2883.632911
-45304.249958,100,2884.117817
-41651.379936,100,2884.606956
-47396.100079,100,2885.162305
-47703.119984,100,2886.008185
-48950.469975,100,2886.590135
-41728.030037,100,2887.45199
-41540.839973,100,2888.596833
-41827.560032,100,2889.098923
-50157.749958,100,2889.416054
-41391.479996,100,2889.66112
-47019.990063,100,2889.900936
-51792.760006,100,2890.158835
-50626.439938,100,2890.39
-54048.360023,100,2890.609211
-50901.080017,100,2890.816826
-46353.060017,100,2891.021698
-45810.750019,100,2891.227911
-45179.349991,100,2891.448305
-41127.93,100,2891.652157
-49149.730049,100,2902.010512
-48566.950024,100,2902.497648
-44890.139999,100,2902.990352
-48515.819988,100,2903.474078
-49732.929981,100,2903.959179
-41998.540051,100,2904.462106
-46862.209972,100,2904.958587
-51016.600006,100,2905.466601
-44320.060013,100,2905.958753
-43356.080029,100,2906.439631
-46885.409966,100,2939.854325
-43668.350037,100,2940.061593
-47970.759979,100,2940.264628
-47743.579994,100,2940.479015
-41926.869987,100,2940.685015
-41408.129978,100,2940.891381
-49777.47998,100,2941.097208
-51272.170006,100,2941.296124
-47165.220032,100,2941.509703
-49787.570076,100,2941.717872
-46907.040028,100,2949.88632
-50048.340134,100,2950.122515
-45481.940002,100,2950.352631
-45658.520004,100,2950.583016
-55053.579948,100,2950.808698
-47920.720051,100,2951.045132
-42581.429962,100,2951.269318
-44557.139999,100,2951.494969
-50732.180111,100,2951.720401
-41514.539963,100,2951.943847
-45688.839989,100,2952.165596
-48789.839973,100,2952.388089
-45099.650108,100,2952.609881
-53194.79002,100,2952.832575
-48667.719967,100,2953.05142
-40934.849987,100,2953.273764
-46664.33007,100,2953.495705
-40061.670086,100,2953.718352
-47944.300003,100,2953.947901
-42344.390011,100,2954.172536
-52332.030033,100,2954.426135
-52068.979988,100,2963.2476
-34995.859993,100,2963.471242
-46683.219952,100,2963.682796
-43603.710022,100,2963.893164
-49444.240032,100,2964.098232
-48416.970005,100,2964.303148
-43215.730026,100,2964.537578
-41346.029984,100,2964.765794
-43285.799969,100,2964.993335
-44264.849953,100,2965.216575
-45812.789978,100,2965.449712
-47479.340031,100,2965.67342
-51620.940018,100,2965.910745
-47950.760002,100,2966.132472
-39377.609951,100,2966.347799
-45390.05999,100,2966.562019
-44020.639988,100,2966.778555
-43581.050045,100,2966.988112
-49117.300053,100,2967.20413
-51502.740089,100,2967.422885
-44469.889988,100,2978.458199
-45432.790089,100,2978.95939
-39045.639988,100,2979.452096
-45831.549992,100,2979.979865
-41776.449951,100,2980.492871
-43786.009998,100,2981.003662
-49390.680008,100,2981.48214
-41473.840023,100,2981.96191
-48283.85001,100,2982.438265
-41960.809948,100,2982.916099
-46725.599979,100,2983.395808
-38625.739941,100,2983.873511
-41168.829975,100,2984.352987
-47893.020012,100,2984.843568
-45080.059933,100,2985.344987
-45431.699959,100,2985.833011
-44045.119987,100,2986.312906
-43335.379955,100,2986.792155
-42898.429981,100,2987.273178
-39675.749966,100,2987.754584
-49580.980042,100,2988.233375
-44414.149994,100,2998.780399
-43397.680038,100,2999.266182
-44988.600029,100,2999.750321
-42271.310024,100,3000.245947
-50007.160084,100,3000.740145
-46531.890099,100,3001.222795
-44402.149952,100,3001.705486
-45656.640018,100,3002.188138
-44527.87999,100,3002.668648
-40905.31004,100,3003.155097
-50291.780025,100,3003.646015
-37318.859966,100,3004.127817
-48738.329937,100,3004.629375
-43097.049957,100,3005.122064
-40484.359951,100,3005.629955
-50890.420002,100,3006.118942
-41653.620083,100,3006.606913
-43077.710003,100,3007.100106
-40955.899982,100,3007.596353
-49772.649967,100,3008.090014
-41792.520012,100,3019.742543
-47413.570061,100,3019.961589
-49269.279991,100,3020.178682
-48004.249989,100,3020.388881
-46878.080032,100,3020.60089
-46373.049984,100,3020.887475
-41472.829987,100,3021.267112
-45209.540005,100,3021.550148
-45140.509983,100,3021.811204
-39765.930004,100,3022.051076
-41666.070034,100,3022.272227
-50335.470009,100,3022.487557
-43019.039928,100,3022.714535
-41815.809994,100,3022.968054
-49085.410004,100,3023.171476
-43055.190037,100,3023.385456
-38834.239986,100,3023.597289
-44441.219994,100,3023.814518
-41828.629936,100,3024.017857
-44827.250019,100,3024.22522
-52322.660007,100,3034.046322
-54188.810143,100,3034.554002
-50495.410019,100,3035.056489
-45672.150013,100,3035.558632
-44605.619968,100,3036.046025
-40306.77998,100,3036.527934
-45766.139977,100,3037.054209
-48685.140007,100,3037.567431
-43566.300076,100,3038.065207
-49014.570038,100,3038.554436
-48113.769997,100,3039.038495
-46031.330002,100,3039.524428
-35428.15992,100,3040.010737
-44590.900021,100,3040.495102
-45406.089943,100,3040.992848
-46486.520031,100,3041.478684
-48970.56995,100,3041.971817
-49604.129978,100,3042.465125
-44245.420055,100,3042.948788
-43256.750011,100,3043.430793
-44406.939964,100,3043.912024
-39774.349949,100,3053.932653
-41097.660015,100,3055.393202
-41601.489994,100,3055.689585
-48978.289974,100,3055.931851
-46502.230026,100,3056.170836
-46067.959984,100,3056.449734
-44330.750065,100,3056.978139
-48194.740059,100,3057.532399
-50453.07003,100,3058.037427
-43185.740009,100,3058.526525
-46060.960056,100,3059.012618
-48259.790051,100,3059.49707
-53162.699993,100,3059.980949
-56956.870075,100,3060.473928
-44043.519974,100,3060.978438
-48581.690014,100,3061.464494
-41780.839977,100,3061.952564
-46309.420052,100,3062.439317
-46986.610001,100,3062.936991
-49537.720051,100,3063.457111
-53533.690029,100,3073.753664
-43582.45002,100,3074.261746
-43184.169983,100,3074.75412
-43267.099995,100,3075.275173
-39879.660065,100,3075.773657
-44532.830017,100,3076.258596
-44053.559933,100,3076.766191
-47450.929996,100,3077.245486
-34028.789982,100,3077.730512
-45998.52002,100,3078.209459
-42416.879917,100,3078.694061
-44997.419903,100,3079.191978
-44874.02,100,3079.682897
-41635.86005,100,3080.162709
-42028.679996,100,3080.646545
-46104.729996,100,3081.133764
-44247.599991,100,3081.622204
-38150.549961,100,3082.11024
-49641.249943,100,3082.596432
-49197.339989,100,3083.077519
-43020.910027,100,3083.56319
-43387.370007,100,3092.254924
-51981.260036,100,3092.484854
-43754.480053,100,3092.705074
-47603.079975,100,3092.920025
-50345.529934,100,3093.132764
-44102.019974,100,3093.343571
-46649.360054,100,3093.568569
-48699.62001,100,3094.124359
-51520.790005,100,3094.586221
-49955.139999,100,3095.020256
-48413.15995,100,3095.987397
-46828.129944,100,3096.269514
-45459.49004,100,3096.579384
-52741.160023,100,3096.861091
-49841.490036,100,3097.097538
-51145.730003,100,3097.587693
-49924.009964,100,3097.84813
-47266.309959,100,3098.091317
-43347.219933,100,3098.680032
-46173.009972,100,3098.969098
-39923.039982,100,3109.062879
-44875.039948,100,3109.56346
-45165.890022,100,3110.096564
-38320.94997,100,3110.583508
-32982.079987,100,3111.072175
-43401.359974,100,3111.555081
-51615.68,100,3112.040736
-41806.990017,100,3112.524808
-39622.530018,100,3113.012341
-51847.179966,100,3113.494033
-42955.179966,100,3114.021587
-43195.389961,100,3114.670477
-42786.579964,100,3115.316716
-44344.369968,100,3115.657968
-50907.01997,100,3115.903177
-49246.369976,100,3116.229433
-50072.169975,100,3116.501662
-49644.620018,100,3116.739462
-49075.150036,100,3116.972808
-51090.060028,100,3117.203627
-44379.52,100,3117.435743
-43559.39999,100,3128.154186
-51249.829967,100,3128.662831
-36578.66,100,3129.151532
-54774.179993,100,3129.640544
-38508.679955,100,3130.129395
-47939.370029,100,3130.613706
-44187.120014,100,3131.096801
-45914.189976,100,3131.581331
-48071.139992,100,3132.067306
-43032.92001,100,3132.55202
-47606.479946,100,3133.035829
-47244.830029,100,3133.55487
-41612.709965,100,3134.049574
-41690.170013,100,3134.54892
-40437.43996,100,3135.052977
-36784.319927,100,3135.564153
-39538.46003,100,3136.430093
-45170.740025,100,3136.694834
-42539.010033,100,3136.952138
-42259.849941,100,3138.245842
-43335.899967,100,3149.588046
-43489.060001,100,3150.084406
-42431.560001,100,3150.565944
-46097.19014,100,3151.040476
-49258.269958,100,3151.513421
-52022.190083,100,3151.994319
-47108.48999,100,3152.468781
-48200.019981,100,3152.945568
-40533.159973,100,3153.418431
-44149.250008,100,3153.907615
-55552.48,100,3154.392861
-52909.769955,100,3154.885523
-47045.809982,100,3155.390935
-49055.590061,100,3155.881625
-44596.320011,100,3156.358476
-51119.819996,100,3156.83476
-55606.709961,100,3157.312595
-45147.540047,100,3157.798179
-43838.38998,100,3158.279352
-44109.349983,100,3158.760898
-43088.630009,100,3159.23525
-48902.659988,100,3169.728675
-47459.140057,100,3170.218815
-43763.449959,100,3170.71304
-49259.280064,100,3171.235507
-56366.749992,100,3171.717531
-47006.970001,100,3172.193126
-49145.210026,100,3172.668247
-43609.150051,100,3173.163404
-43861.260056,100,3173.643351
-39657.519985,100,3174.123168
-48449.809959,100,3174.602065
-48778.66996,100,3175.089685
-46898.100075,100,3175.525974
-35967.949982,100,3175.736212
-45871.269958,100,3175.94226
-44502.55999,100,3176.150082
-38631.589935,100,3176.352127
-47235.129925,100,3176.557902
-43847.180038,100,3176.761158
-47238.150005,100,3176.970953
-49076.310009,100,3189.336619
-56098.80999,100,3189.858192
-41843.380013,100,3190.355152
-43580.649952,100,3190.859051
-41671.979992,100,3191.345988
-42798.649952,100,3191.835145
-46667.750019,100,3192.324697
-45953.050056,100,3192.809166
-52782.239983,100,3193.345405
-38207.329926,100,3193.835982
-42953.280056,100,3194.32543
-36146.55003,100,3194.817184
-46992.140018,100,3195.33552
-44018.159992,100,3195.834214
-42421.159977,100,3196.331154
-38311.479988,100,3196.818398
-51015.100021,100,3197.304582
-49218.360031,100,3197.797816
-47244.140003,100,3198.301526
-50576.299953,100,3198.79182
-48462.800049,100,3199.27979
-41683.59,100,3209.462696
-45758.919987,100,3209.959758
-40404.319981,100,3210.445498
-46885.579998,100,3210.935447
-43573.069946,100,3211.421942
-41423.130024,100,3211.911592
-45767.200008,100,3212.399258
-46882.080021,100,3212.884597
-47152.389999,100,3213.384793
-46693.650051,100,3213.875805
-40106.670002,100,3214.367625
-49272.019936,100,3214.872174
-48157.820015,100,3215.38158
-50700.170002,100,3215.883512
-44050.159985,100,3216.371509
-44638.990005,100,3216.858503
-51972.950012,100,3217.345941
-47392.810024,100,3217.778292
-49819.680012,100,3217.989376
-40385.800022,100,3218.204512
-51223.63002,100,3230.584967
-41734.020084,100,3231.084453
-46582.089962,100,3231.59508
-44367.890018,100,3232.109992
-45617.499985,100,3232.607955
-43322.299992,100,3233.115818
-50516.469952,100,3233.618056
-42701.790066,100,3234.102598
-46691.26001,100,3234.609451
-44901.340057,100,3235.097491
-51213.190147,100,3235.583827
-44190.849991,100,3236.089319
-37437.010059,100,3236.572449
-44010.289978,100,3237.055498
-48098.430046,100,3237.537899
-49938.039993,100,3238.051123
-41502.939987,100,3238.535026
-47255.729954,100,3239.024357
-39741.889973,100,3239.505945
-51390.429924,100,3239.990141
-40601.070007,100,3240.475341
-50000.720005,100,3249.660906
-53898.690052,100,3250.147299
-43235.920044,100,3250.51566
-43406.960003,100,3250.732613
-51025.310112,100,3250.971221
-43318.689999,100,3251.192753
-38552.070091,100,3251.421359
-50367.61005,100,3251.649875
-39367.710018,100,3251.875656
-54569.989941,100,3252.09884
-51756.180054,100,3252.323476
-44719.689953,100,3252.550675
-43535.540009,100,3252.776503
-42308.030006,100,3253.000822
-47541.659924,100,3253.225938
-47430.539997,100,3253.461449
-45866.470093,100,3253.686177
-43642.390095,100,3253.907721
-47812.87011,100,3254.130092
-44342.129955,100,3254.35464
-49410.099995,100,3262.690828
-49010.47998,100,3263.342234
-42140.120033,100,3263.90339
-45879.109982,100,3265.01406
-51840.499973,100,3265.601461
-47404.490074,100,3265.840843
-46366.199917,100,3266.070636
-46757.460033,100,3266.356001
-38405.58992,100,3266.670266
-50246.920025,100,3266.968901
-52254.419983,100,3267.237516
-45533.259964,100,3267.603464
-41769.070026,100,3268.162191
-42705.439938,100,3268.681986
-48275.650112,100,3269.179969
-42992.640091,100,3269.674145
-39229.800056,100,3270.163167
-43621.579945,100,3270.671694
-38519.840012,100,3271.187202
-39807.739998,100,3271.677754
-42047.430023,100,3272.177044
-35743.590008,100,3281.892196
-48372.020088,100,3282.389888
-49436.310024,100,3282.866891
-35891.499996,100,3283.355469
-48250.000004,100,3283.838496
-47148.820072,100,3284.311462
-41329.189972,100,3284.797233
-45499.249985,100,3285.290523
-46401.970001,100,3285.790561
-46016.529942,100,3286.265383
-45762.43996,100,3286.747693
-44942.019966,100,3287.225583
-40305.659954,100,3287.727258
-49991.100014,100,3288.204352
-45309.51001,100,3288.689108
-44990.079983,100,3289.173394
-43623.309986,100,3289.663366
-38969.630054,100,3290.145331
-52788.770008,100,3290.512893
-52812.810078,100,3290.73456
-41452.66996,100,3300.431224
-40261.940014,100,3300.933978
-43041.869946,100,3301.410894
-51636.290016,100,3301.890569
-44410.789974,100,3302.36743
-47557.229942,100,3302.845601
-52873.059956,100,3303.321311
-34355.43996,100,3303.798061
-49499.539989,100,3304.274157
-45772.549965,100,3305.382943
-36209.599922,100,3305.67484
-48730.990021,100,3306.401319
-37847.939983,100,3307.395719
-43873.680092,100,3307.917852
-40691.140003,100,3308.561458
-42176.820019,100,3309.197005
-54872.410019,100,3309.732218
-48445.019989,100,3310.245501
-43912.61005,100,3310.749005
-45886.429989,100,3311.232199
-44461.139965,100,3311.731706
-55665.009972,100,3322.475793
-43709.089989,100,3322.966626
-40626.459908,100,3323.453815
-54032.520042,100,3323.937459
-45083.709957,100,3324.423845
-41688.839962,100,3324.926856
-45405.969994,100,3325.422599
-44955.210018,100,3325.917386
-37351.709976,100,3326.413448
-42204.849968,100,3326.90298
-42787.739979,100,3327.39038
-42666.510036,100,3327.881602
-47142.470016,100,3328.367068
-44184.73003,100,3328.855502
-46160.120071,100,3329.340431
-44501.499977,100,3329.825959
-47734.999943,100,3330.323514
-44488.849949,100,3330.819207
-43396.989986,100,3331.309551
-45686.370041,100,3331.805421
-53083.499989,100,3341.451134
-48940.879974,100,3341.676688
-50252.540073,100,3341.890548
-44370.940052,100,3342.105829
-41802.780003,100,3342.318225
-44579.459972,100,3342.525066
-47377.839977,100,3342.740313
-48961.469948,100,3342.954856
-44279.169949,100,3343.163857
-41951.470009,100,3343.377473
-47908.30999,100,3343.589215
-45977.399971,100,3343.800286
-44847.310009,100,3344.01346
-51660.899971,100,3344.219572
-48781.650101,100,3344.445613
-45920.790016,100,3344.720306
-48298.009995,100,3344.947541
-45950.179974,100,3345.182288
-49722.349972,100,3345.409822
-42030.219929,100,3345.632304
-46786.530003,100,3345.858508
-47929.090034,100,3358.018002
-43273.489983,100,3358.535969
-46623.989975,100,3359.054865
-48659.930012,100,3359.543963
-37003.649952,100,3360.029965
-41478.719948,100,3360.513909
-45232.809994,100,3361.001486
-51358.140045,100,3361.486806
-41093.249985,100,3361.969148
-41224.409981,100,3362.453204
-44718.910004,100,3362.938494
-53176.709942,100,3363.42195
-45131.710041,100,3363.904038
-47376.169991,100,3364.406186
-39082.139973,100,3364.902369
-42603.000046,100,3365.408354
-43116.080009,100,3365.900772
-45192.749977,100,3366.388669
-41365.789989,100,3366.883882
-44892.54998,100,3367.37156
-44877.62999,100,3376.456478
-44411.549969,100,3376.693672
-44961.539974,100,3376.914918
-51116.479988,100,3377.13773
-45706.209999,100,3377.350152
-45456.659985,100,3377.570142
-45799.990047,100,3377.797738
-50717.770046,100,3378.01725
-49084.209988,100,3378.236068
-42018.080021,100,3378.460906
-42598.389992,100,3378.698749
-45697.660057,100,3378.930664
-51163.039967,100,3379.151581
-43177.820026,100,3379.364658
-46769.30003,100,3379.582127
-44838.179981,100,3379.790105
-40245.209976,100,3380.003563
-44046.489902,100,3380.213171
-47205.999992,100,3380.42553
-46593.629986,100,3410.502216
-43508.159946,100,3410.717129
-45990.420013,100,3420.577348
-44289.339993,100,3420.806712
-42179.269974,100,3421.034004
-48250.599995,100,3421.247245
-47654.459999,100,3421.465559
-44491.270084,100,3421.682419
-47839.780045,100,3421.892155
-39844.149933,100,3422.107333
-45842.480011,100,3422.317829
-50016.360123,100,3422.528604
-42659.170044,100,3422.745637
-45536.190006,100,3422.9617
-44968.040066,100,3423.16865
-46283.350025,100,3423.380299
-45456.579987,100,3423.591242
-49275.479996,100,3423.80712
-42491.159954,100,3424.015356
-44856.269993,100,3424.219604
-46397.880016,100,3424.434484
-47057.579979,100,3424.696141
-42712.50993,100,3436.962861
-42525.07999,100,3437.455252
-48563.52998,100,3437.928054
-42011.030018,100,3438.404629
-47198.120014,100,3438.879933
-51455.98,100,3439.358945
-48361.739971,100,3439.836577
-48414.620029,100,3440.171402
-50933.159973,100,3440.570569
-45329.100021,100,3440.98809
-47571.289955,100,3441.40611
-35906.160011,100,3441.811759
-39552.59,100,3442.040833
-43423.840073,100,3442.272621
-48399.869984,100,3442.496658
-48047.429958,100,3442.718878
-49462.340061,100,3442.934526
-45700.899929,100,3443.162662
-50363.390022,100,3443.381334
-50954.429962,100,3443.608246
-46346.79002,100,3443.827978
-40287.379955,100,3453.462478
-50054.589958,100,3453.952616
-37851.040058,100,3454.437887
-45123.400017,100,3454.927479
-49893.16,100,3455.435992
-47850.070065,100,3455.934699
-48955.870022,100,3456.421211
-58883.010139,100,3456.930168
-48407.310093,100,3457.453344
-44882.310078,100,3457.946228
-42108.639942,100,3458.429249
-41743.039948,100,3458.914606
-46898.969986,100,3459.401185
-45064.509983,100,3459.895008
-42959.110031,100,3460.376806
-43217.080002,100,3460.870093
-39697.149929,100,3461.361418
-39530.419949,100,3461.851419
-39807.430023,100,3462.333793
-42211.839939,100,3462.818725
-49060.040016,100,3473.79293
-45777.399948,100,3475.658642
-38801.049969,100,3475.922161
-41625.279957,100,3476.233684
-52368.410061,100,3476.499334
-40942.730003,100,3476.757471
-45559.41003,100,3477.103932
-48273.470039,100,3477.35169
-53883.200047,100,3477.581498
-44101.630058,100,3477.809756
-50893.819973,100,3478.045314
-44308.509972,100,3478.260432
-38433.099976,100,3478.488053
-39838.66996,100,3478.702523
-42639.729992,100,3478.92061
-45873.210056,100,3479.147008
-47869.390049,100,3479.36346
-46010.26001,100,3479.59007
-44583.959976,100,3479.84466
-57359.810009,100,3480.10399
-42669.620003,100,3480.329863
-48411.300007,100,3491.155221
-38094.880005,100,3491.640016
-48139.529968,100,3492.122724
-44960.100048,100,3492.603166
-42959.330017,100,3493.08575
-45464.059971,100,3493.570423
-49101.479961,100,3494.062194
-39996.870041,100,3494.54883
-43354.550026,100,3495.042453
-48935.869953,100,3495.543171
-42734.49995,100,3496.02987
-40759.319988,100,3496.512791
-46966.329979,100,3497.000122
-45442.870056,100,3497.50559
-44414.350002,100,3497.995061
-48822.730007,100,3498.482065
-44347.540001,100,3498.977134
-48126.550045,100,3499.470346
-45599.489983,100,3499.959668
-36329.349987,100,3500.44747
-38419.190037,100,3510.71247
-51107.539993,100,3511.202613
-43311.279976,100,3511.678984
-48297.639965,100,3512.158675
-42139.129993,100,3512.640994
-49295.189953,100,3513.116533
-44317.629959,100,3513.596401
-37134.799969,100,3514.460142
-39985.76997,100,3514.760001
-36764.990105,100,3515.069524
-41699.259995,100,3516.100706
-49223.690025,100,3516.87149
-54186.850056,100,3517.366015
-38149.549969,100,3517.929654
-53159.999943,100,3518.45693
-47582.740005,100,3518.953079
-43064.289978,100,3519.433676
-46815.859982,100,3519.912308
-43971.859959,100,3520.393337
-49012.740017,100,3520.893095
-44572.569962,100,3530.397045
-46682.209995,100,3530.902476
-34333.920033,100,3531.412961
-48242.719955,100,3531.90499
-48248.379894,100,3532.390883
-49632.059967,100,3532.874387
-46373.400005,100,3533.357242
-57143.020042,100,3533.842046
-46022.530041,100,3534.323774
-35729.06995,100,3534.809729
-51748.919991,100,3535.311425
-46202.689968,100,3535.80397
-47276.379959,100,3536.287539
-38970.149937,100,3536.769183
-51505.290043,100,3537.255027
-42939.150036,100,3537.749148
-48066.350014,100,3538.236958
-34443.889942,100,3538.720567
-47563.199986,100,3539.205787
-51489.640026,100,3539.693152
-41555.130005,100,3540.17743
-47151.529942,100,3550.078943
-42528.879982,100,3550.575039
-48780.100037,100,3551.069645
-43051.21999,100,3551.557469
-46098.169991,100,3552.042205
-44769.510048,100,3552.524757
-35038.839973,100,3553.007219
-47475.420052,100,3553.492977
-42476.429974,100,3553.977597
-37980.680019,100,3554.488588
-50494.590073,100,3554.97981
-42953.289974,100,3555.476389
-48089.099991,100,3555.97563
-52830.000061,100,3556.919545
-41371.250034,100,3557.463187
-46591.390007,100,3558.345423
-48796.509949,100,3558.970533
-41831.97998,100,3559.656601
-43111.940041,100,3560.185201
-44636.26997,100,3560.808719
-47279.429996,100,3570.040898
-43415.999981,100,3570.547949
-54049.650032,100,3571.040965
-45120.930023,100,3571.533513
-51658.860077,100,3572.015423
-47515.799957,100,3572.502101
-45255.049999,100,3572.984104
-37708.560005,100,3573.46864
-44026.39003,100,3573.951349
-44467.000027,100,3574.438718
-53330.949997,100,3574.926956
-47136.630043,100,3575.43263
-48415.089924,100,3575.918893
-39698.809971,100,3576.420064
-50997.459938,100,3576.909369
-44518.949982,100,3577.391992
-39177.689995,100,3577.910582
-47948.809982,100,3578.399639
-46046.979977,100,3578.886716
-43146.099953,100,3579.372384
-53725.579998,100,3579.857083
-46506.280003,100,3590.237692
-42061.380024,100,3590.747187
-54419.959991,100,3591.228153
-43198.41008,100,3591.707659
-46422.009975,100,3592.190173
-41952.249996,100,3592.66555
-46362.630054,100,3593.142135
-53185.589981,100,3593.624244
-40542.610012,100,3594.101318
-44495.529938,100,3594.57937
-50183.499981,100,3595.077535
-53463.390083,100,3595.571246
-44970.499989,100,3596.055346
-41283.819965,100,3596.536048
-44407.150002,100,3597.026515
-41017.199974,100,3597.494546
-49377.870033,100,3597.969721
-43437.540035,100,3598.670211
-53004.980045,100,3599.482478
-45784.090054,100,3600.048199
-44504.54998,100,3610.80013
-41481.889988,100,3611.336378
-39256.70998,100,3611.836676
-39218.39996,100,3612.326091
-43649.569984,100,3612.815449
-43043.619972,100,3613.305193
-39581.359989,100,3613.801599
-42160.699978,100,3614.286319
-42555.170013,100,3614.772751
-41439.069992,100,3615.274645
-42562.690014,100,3615.780066
-42513.109978,100,3616.26956
-49964.520004,100,3616.763032
-40186.53997,100,3617.247162
-43254.270016,100,3617.739087
-49057.450031,100,3618.231324
-45594.969975,100,3618.725883
-44118.480042,100,3619.214201
-47048.080006,100,3619.704096
-45823.330021,100,3620.192455
-38407.349987,100,3620.688488
-46018.710064,100,3629.613791
-52075.640079,100,3629.855128
-51699.410061,100,3630.087926
-52081.659992,100,3630.318526
-44314.599998,100,3630.544697
-44160.660034,100,3630.772406
-45676.519985,100,3631.023315
-45433.449955,100,3631.254072
-41985.999928,100,3631.480727
-46666.659943,100,3631.703431
-42536.330002,100,3631.927063
-47839.68993,100,3632.149776
-38106.529949,100,3632.372346
-45836.170002,100,3632.594288
-42602.339939,100,3632.816408
-47080.660049,100,3633.03906
-45179.609974,100,3633.255579
-47937.040043,100,3633.476851
-47838.599991,100,3633.703643
-47792.210056,100,3633.925234
-39808.829998,100,3645.770264
-46441.269989,100,3646.313087
-46681.579967,100,3646.807669
-48773.759975,100,3647.30609
-44952.240055,100,3647.803518
-43091.729954,100,3648.304514
-44886.080032,100,3648.790123
-48905.210011,100,3649.276083
-39645.929989,100,3649.760569
-50501.410038,100,3650.250861
-56742.43998,100,3650.736583
-41223.96999,100,3651.332437
-39246.39994,100,3651.85563
-43261.579948,100,3652.368954
-48094.029964,100,3652.866921
-43933.410027,100,3653.353724
-46884.049992,100,3653.835971
-50945.600048,100,3654.323828
-46576.320034,100,3654.809239
-48296.720005,100,3655.31624
-37169.309948,100,3655.823186
-50900.379944,100,3664.986184
-46992.889973,100,3665.223185
-46241.389965,100,3665.451698
-38936.309978,100,3665.673568
-43038.649937,100,3665.884567
-43462.889984,100,3666.092821
-40677.260017,100,3666.305786
-46272.709984,100,3666.516623
-43386.63002,100,3666.722788
-45658.620049,100,3666.922139
-48596.289974,100,3667.124745
-39945.179989,100,3667.347628
-53052.099972,100,3667.562714
-47639.830116,100,3667.774611
-46519.080017,100,3668.021299
-51096.070007,100,3668.23719
-46094.180046,100,3668.450252
-45173.409966,100,3668.668427
-43743.259995,100,3668.884226
-38759.919983,100,3669.306798
-47538.859993,100,3679.565135
-44381.909988,100,3680.061009
-44988.439999,100,3680.547189
-49458.259953,100,3681.035537
-42269.549999,100,3681.530944
-49515.699963,100,3682.02512
-39396.459957,100,3683.06544
-48582.479977,100,3683.334366
-45887.999958,100,3683.745092
-49951.579998,100,3684.952232
-41292.149975,100,3685.549536
-45079.059959,100,3686.095139
-35412.939995,100,3686.798642
-47669.849991,100,3687.36943
-39301.939976,100,3687.905128
-39474.379967,100,3688.410939
-45009.070007,100,3688.892795
-44105.789959,100,3689.372639
-52257.439991,100,3689.850499
-43172.719955,100,3690.327728
-48034.099972,100,3690.805983
-44073.659977,100,3701.479732
-47163.749969,100,3701.97511
-39376.01997,100,3702.462476
-39028.609955,100,3702.933218
-48952.330055,100,3703.403628
-42524.930023,100,3703.885338
-40798.310017,100,3704.362548
-41246.419991,100,3704.852336
-42449.639984,100,3705.350659
-37538.199989,100,3705.838096
-42210.609993,100,3706.32195
-37872.170002,100,3706.816096
-57007.570042,100,3707.30447
-41940.300026,100,3707.792709
-46108.169979,100,3708.291474
-43986.990013,100,3708.778264
-45793.789925,100,3709.271933
-47933.979954,100,3709.764134
-43926.18996,100,3710.250901
-40427.949917,100,3710.740059
-43763.700001,100,3720.784973
-45409.400017,100,3721.018733
-46857.650009,100,3721.240792
-50282.45998,100,3721.457577
-45425.569965,100,3721.670082
-38872.80003,100,3721.891255
-44306.000072,100,3722.098059
-43612.690014,100,3722.304129
-43908.229969,100,3722.519457
-42918.449944,100,3722.724807
-43607.310009,100,3722.953378
-44693.319981,100,3723.154592
-43270.93005,100,3723.362666
-43152.419971,100,3723.564915
-48035.040085,100,3723.764249
-43962.729965,100,3723.982909
-42300.540009,100,3724.211559
-44767.260017,100,3725.15091
-45370.549995,100,3725.838258
-43213.029961,100,3726.757221
-45014.569946,100,3727.609249
-47831.609974,100,3738.627121
-40465.409977,100,3739.114163
-47707.250015,100,3739.614534
-45196.200142,100,3740.100012
-39235.499958,100,3740.583711
-48569.529984,100,3741.065866
-50982.140099,100,3741.551434
-49139.940048,100,3742.040668
-37103.40995,100,3742.525041
-44895.549984,100,3743.010401
-40672.049995,100,3743.49447
-50795.249992,100,3743.976479
-47268.660042,100,3744.459697
-54509.23003,100,3744.958055
-40401.500008,100,3745.457781
-41084.769966,100,3745.94867
-35348.829983,100,3746.434906
-40485.689926,100,3746.918348
-41320.539997,100,3747.40352
-45438.45002,100,3747.891001
-46852.82,100,3759.420557
-44451.480038,100,3759.89403
-43563.840004,100,3760.369847
-41319.229977,100,3760.847199
-40086.820026,100,3761.325077
-40063.880028,100,3761.806393
-45443.259972,100,3762.282891
-47384.339962,100,3762.7646
-48399.280045,100,3763.245026
-50058.09,100,3763.726567
-44785.820034,100,3764.217222
-42899.380032,100,3764.71352
-45116.830013,100,3765.218199
-40340.71999,100,3765.720518
-44045.830029,100,3766.220501
-50143.829952,100,3767.146183
-43526.879951,100,3767.708847
-44370.259968,100,3768.63401
-43117.629971,100,3768.944782
-42130.599949,100,3769.348629
-47700.590038,100,3769.613719
-40308.410084,100,3780.207105
-41893.819942,100,3780.695035
-35567.080002,100,3781.181024
-43022.220043,100,3781.668858
-43240.789993,100,3782.151616
-51342.909988,100,3782.661937
-39933.280006,100,3783.150986
-44691.469986,100,3783.636533
-53147.340019,100,3784.12326
-53731.570068,100,3784.605999
-51329.620087,100,3785.102744
-49590.920033,100,3785.605058
-53776.749966,100,3786.091028
-48143.980026,100,3786.573776
-46052.219978,100,3787.057434
-44683.959965,100,3787.556747
-44452.019958,100,3788.049791
-46516.17004,100,3788.546059
-40114.839977,100,3789.03726
-46340.950027,100,3789.526083
-51165.379951,100,3798.295485
-41889.439949,100,3798.79447
-49036.630005,100,3799.300429
-31343.499962,100,3799.784878
-45483.619999,100,3800.266157
-48056.900013,100,3800.745836
-42206.96999,100,3801.225049
-47523.149994,100,3801.702926
-41540.71994,100,3802.191769
-46498.420059,100,3802.683497
-47226.480007,100,3803.17845
-39918.819992,100,3803.660856
-35400.740059,100,3804.14288
-49096.729969,100,3804.618989
-41045.030018,100,3805.116481
-48576.499981,100,3805.618409
-41569.589977,100,3806.099524
-60279.360023,100,3806.577542
-47980.599964,100,3807.05567
-47891.720032,100,3807.533046
-37432.060005,100,3808.016035
-42180.829994,100,3820.504181
-45450.040081,100,3820.734244
-46797.319935,100,3820.957314
-44670.139965,100,3821.181025
-33837.300041,100,3821.405368
-46077.029995,100,3821.622621
-43331.209953,100,3821.836242
-43730.979992,100,3822.054785
-38648.409996,100,3822.267373
-45650.399979,100,3822.512985
-45558.310009,100,3822.734521
-43354.820023,100,3822.955219
-54769.550037,100,3823.180884
-46695.560013,100,3823.401305
-46853.559998,100,3823.620192
-53017.180012,100,3823.835358
-47130.759953,100,3824.047163
-49291.289978,100,3824.256566
-48608.589958,100,3824.477916
-39330.619976,100,3824.696736
-39349.909973,100,3834.712629
-44857.240028,100,3835.216636
-45416.309967,100,3835.765842
-47135.490013,100,3836.272313
-42016.749966,100,3836.768215
-50061.980045,100,3837.252254
-47216.679958,100,3837.741941
-39172.359982,100,3838.230807
-51087.129948,100,3838.718695
-46572.519951,100,3839.207171
-41892.109966,100,3839.696965
-46365.899994,100,3840.181733
-46178.079956,100,3840.683184
-35078.419956,100,3841.170123
-45425.980045,100,3841.671496
-47895.199951,100,3842.154384
-45534.979992,100,3842.639174
-37507.269951,100,3843.120648
-43937.790001,100,3843.607976
-42418.979931,100,3844.090667
-37986.740032,100,3844.574694
-54036.890099,100,3856.009636
-45566.949959,100,3856.517837
-54537.239971,100,3857.017058
-50298.729996,100,3857.507226
-44060.759972,100,3857.998505
-42795.299984,100,3858.487503
-45726.059956,100,3858.974306
-49975.05006,100,3859.462576
-47522.009956,100,3859.951042
-47441.749989,100,3860.443691
-41944.640064,100,3860.93832
-43504.590004,100,3861.445829
-37634.419971,100,3861.967478
-45800.850002,100,3862.478421
-47521.23008,100,3862.973684
-35975.219986,100,3863.463026
-43352.549957,100,3863.956089
-46438.29002,100,3864.441582
-49514.519985,100,3864.969546
-44002.539989,100,3865.474722
-47912.900009,100,3874.524535
-50819.190151,100,3874.792706
-42835.09005,100,3875.122869
-52785.810017,100,3875.420119
-47333.219925,100,3875.641675
-40491.140007,100,3875.853458
-42758.100002,100,3876.068887
-47988.750031,100,3904.024014
-47636.129951,100,3904.502258
-48719.440052,100,3904.988147
-45872.239967,100,3905.486104
-38405.03997,100,3905.969218
-45740.170017,100,3906.450343
-39734.52998,100,3906.927795
-48724.090122,100,3907.45599
-43574.119965,100,3907.947562
-48262.720062,100,3908.462614
-47594.019951,100,3908.975076
-41693.679947,100,3909.484912
-39308.419952,100,3909.979064
-44134.539997,100,3910.464163
-41261.149975,100,3919.581834
-42923.310051,100,3919.809265
-49316.979992,100,3920.024158
-45810.950027,100,3920.237976
-43157.899967,100,3920.445138
-43711.509995,100,3920.656325
-38972.180027,100,3920.86429
-50239.509991,100,3921.070046
-46225.580017,100,3921.277993
-44825.659954,100,3921.500496
-45746.930096,100,3921.715456
-44101.650059,100,3921.949902
-43139.370056,100,3922.171981
-52174.55999,100,3922.384604
-45417.170017,100,3922.604061
-51627.230026,100,3922.812219
-46725.499939,100,3923.02476
-46168.089981,100,3923.249738
-54415.020008,100,3923.459984
-52907.030045,100,3923.670233
-44920.89006,100,3933.873879
-45091.999989,100,3934.256922
-47076.110096,100,3934.494598
-43395.019989,100,3935.559319
-37311.369976,100,3935.813118
-41764.659966,100,3936.399753
-43772.209969,100,3936.967221
-40924.100128,100,3937.675971
-39651.959957,100,3938.218053
-44984.659996,100,3938.727026
-43407.400017,100,3939.242952
-49178.580002,100,3939.732641
-40300.619976,100,3940.208661
-45419.730026,100,3940.696462
-54168.100063,100,3941.177106
-38270.030006,100,3941.661142
-48869.19001,100,3942.140666
-45937.410057,100,3942.617176
-48176.54998,100,3943.096977
-37744.150009,100,3943.603404
-53376.510002,100,3944.094162
-43473.10994,100,3954.896531
-45374.190002,100,3955.413163
-41245.010002,100,3955.91314
-49611.600071,100,3956.395635
-46161.950024,100,3956.881242
-42736.269981,100,3957.380705
-48161.649986,100,3957.863005
-51423.770008,100,3958.348215
-43030.900002,100,3958.83047
-41562.710003,100,3959.320119
-39869.369991,100,3959.806412
-42624.109993,100,3960.298362
-45557.720024,100,3960.790042
-49785.119953,100,3961.27344
-49046.7201,100,3961.758838
-46435.529961,100,3962.242863
-43793.2901,100,3962.729626
-49804.889999,100,3963.218431
-50392.33004,100,3963.71264
-43399.360012,100,3964.200042
-42947.760017,100,3974.495486
-52688.68,100,3975.005955
-44688.539936,100,3976.018192
-46159.429951,100,3976.639617
-45895.369976,100,3977.139541
-40775.989964,100,3977.8485
-45478.21006,100,3978.099238
-51973.549965,100,3978.546526
-40926.529987,100,3978.820723
-46752.51009,100,3979.130362
-45050.950039,100,3979.630219
-46924.420143,100,3980.149815
-48988.400024,100,3980.675186
-52045.199966,100,3981.172203
-47011.660004,100,3981.667202
-42019.819992,100,3982.161617
-49183.889984,100,3982.678592
-44724.170029,100,3983.16911
-42614.460106,100,3983.667873
-50703.44997,100,3984.158463
-48642.730103,100,3984.656447
-39311.150013,100,3994.943857
-43957.110001,100,3995.341955
-41689.350014,100,3995.841248
-44362.22998,100,3996.324022
-40016.109974,100,3996.808698
-43505.360023,100,3997.294103
-43615.460026,100,3997.779792
-51378.179985,100,3998.266486
-43393.699944,100,3998.749304
-51114.760025,100,3999.235857
-37634.290039,100,3999.715883
-38848.009964,100,4000.208875
-43786.479977,100,4000.690876
-49198.71999,100,4001.171184
-45430.329983,100,4001.655037
-45565.109966,100,4002.147472
-44435.250008,100,4002.638791
-40245.710003,100,4003.12538
-40384.330025,100,4003.609469
-55346.860054,100,4004.099262
-40126.639996,100,4014.546601
-41771.850014,100,4015.052305
-49448.950016,100,4015.57098
-50614.910122,100,4016.059055
-50339.199993,100,4016.541013
-42838.519997,100,4017.021597
-46976.809998,100,4018.003778
-45587.779999,100,4018.585351
-40600.919964,100,4019.846925
-45319.340065,100,4020.716609
-46685.339966,100,4021.225764
-41418.879936,100,4021.758846
-50672.559982,100,4022.343121
-55520.469978,100,4022.902769
-43562.100025,100,4023.401408
-50643.339951,100,4023.889038
-41832.210011,100,4024.377357
-43485.769985,100,4024.865201
-52193.760151,100,4025.378081
-40065.649971,100,4025.872927
-40081.190113,100,4036.005068
-41595.179966,100,4036.226633
-43135.669971,100,4036.446389
-38470.029972,100,4036.66562
-45771.419937,100,4036.871208
-38255.849953,100,4037.083827
-48279.97002,100,4037.285884
-45802.31004,100,4037.488451
-47042.489998,100,4037.702247
-51005.660019,100,4037.908608
-50615.48999,100,4038.120238
-43794.079926,100,4038.338604
-50754.38995,100,4038.551053
-37698.159988,100,4038.765129
-43013.290005,100,4038.971329
-50089.919998,100,4039.170565
-44692.339951,100,4039.374193
-41560.250034,100,4039.588531
-40735.599918,100,4039.796088
-40801.439976,100,4040.000246
-44628.360023,100,4040.23146
-45895.039978,100,4049.986553
-38821.349987,100,4050.496057
-37717.139996,100,4050.984229
-55247.260017,100,4051.471246
-41879.0,100,4051.959814
-48390.829979,100,4052.444604
-42460.629982,100,4052.938937
-41740.820061,100,4053.421723
-43318.56004,100,4053.90544
-45737.179951,100,4054.396625
-41260.069996,100,4054.894053
-47811.97998,100,4055.401776
-52149.040031,100,4055.892704
-47885.980045,100,4056.378135
-43886.689968,100,4056.866148
-40904.750027,100,4057.348106
-47018.549938,100,4057.834038
-48726.010006,100,4058.317866
-49649.819965,100,4058.80576
-47004.349968,100,4059.296792
-43058.410069,100,4071.133311
-43605.610008,100,4071.68618
-45600.659954,100,4072.172946
-37601.079941,100,4072.656033
-49487.490005,100,4073.137969
-45784.650078,100,4073.49933
-49960.789959,100,4073.719658
-41086.65004,100,4073.93721
-53711.300022,100,4074.15418
-43817.859943,100,4074.391415
-42207.109959,100,4074.671314
-46886.250111,100,4074.8992
-41905.279976,100,4075.129771
-41940.689953,100,4075.361058
-41524.010059,100,4075.598121
-37000.769947,100,4075.821399
-48945.980103,100,4076.049331
-52731.010056,100,4076.27045
-41304.870014,100,4076.494191
-52183.559978,100,4076.71644
-48711.110004,100,4076.939486
-49006.519997,100,4087.038307
-47332.539963,100,4087.538742
-57187.510143,100,4088.036079
-46074.15012,100,4088.530516
-53767.640015,100,4089.027471
-39360.900009,100,4089.518156
-41454.68,100,4090.012384
-42894.130035,100,4090.502506
-44549.100029,100,4091.005972
-41345.10006,100,4091.502048
-46936.379955,100,4092.004794
-48084.460007,100,4092.504641
-54284.190025,100,4093.002314
-49683.949974,100,4093.495898
-52513.609982,100,4093.98823
-46502.439945,100,4094.477398
-40634.540001,100,4094.992693
-42595.820007,100,4095.507308
-49299.540005,100,4096.003149
-47214.980007,100,4096.502104
-44034.139961,100,4109.965713
-57179.600048,100,4110.476685
-47952.59996,100,4110.970649
-46474.619972,100,4111.455881
-44944.39999,100,4111.952341
-46287.679947,100,4112.512915
-42291.279991,100,4113.020771
-40181.690041,100,4113.524842
-43896.649967,100,4114.01421
-48368.359909,100,4114.499199
-40508.839989,100,4115.009517
-41610.390026,100,4115.508922
-45752.289993,100,4115.998899
-41526.020023,100,4116.48302
-35695.089996,100,4116.973943
-37124.080017,100,4117.469512
-36042.349979,100,4117.9571
-56372.089954,100,4118.441568
-47991.76997,100,4118.958352
-42638.179985,100,4119.444908
-43315.859978,100,4119.93286
-48264.080101,100,4130.205163
-52308.709972,100,4130.726532
-47361.070007,100,4131.220879
-36242.64994,100,4131.720608
-44104.859951,100,4132.212912
-40131.489994,100,4132.691933
-41627.489964,100,4133.186907
-46024.099968,100,4133.673078
-45399.329987,100,4134.156914
-48088.829964,100,4134.640175
-45026.019978,100,4135.178995
-43113.690002,100,4135.66776
-50690.250053,100,4136.138946
-41333.21994,100,4136.611111
-45028.86002,100,4137.081098
-42893.689976,100,4137.548902
-46877.169983,100,4138.022118
-44912.279976,100,4138.494017
-41879.139988,100,4138.967165
-40468.199966,100,4139.44348
-45149.700035,100,4152.850619
-44398.570023,100,4153.35248
-43610.360023,100,4153.858318
-41875.160084,100,4154.369185
-48603.149979,100,4154.910457
-36874.810074,100,4155.44009
-45911.950066,100,4155.942052
-40002.429993,100,4156.430529
-43538.010067,100,4156.920895
-49999.979996,100,4157.408905
-45339.089977,100,4157.897904
-47691.539993,100,4158.387751
-47201.179966,100,4158.894194
-40858.859974,100,4159.384098
-44001.859982,100,4159.87822
-56149.940041,100,4160.366827
-45379.299984,100,4160.86861
-41612.88998,100,4161.360853
-52619.139938,100,4161.859329
-49245.219967,100,4162.344758
-55954.04002,100,4162.837569
-45775.199986,100,4172.451388
-45331.35004,100,4172.68535
-48484.999989,100,4172.933553
-47551.399986,100,4173.161939
-42611.580002,100,4173.38564
-46955.7201,100,4173.612741
-33417.099957,100,4173.850749
-41452.420017,100,4174.076058
-42541.269943,100,4174.303705
-41778.04007,100,4174.526136
-41186.629993,100,4174.758915
-42296.200005,100,4175.008785
-45004.449982,100,4175.405643
-34618.76004,100,4175.912022
-46553.649963,100,4176.41848
-42889.029964,100,4176.906771
-47221.519997,100,4177.386144
-44183.57996,100,4177.869539
-43367.099983,100,4178.356301
-38906.459984,100,4178.841763
-42267.339981,100,4191.710169
-45845.14999,100,4191.918495
-41638.469975,100,4192.120776
-51090.729996,100,4192.330185
-46620.290016,100,4192.538693
-52264.620041,100,4192.741535
-39565.429977,100,4192.952497
-44654.539955,100,4193.152016
-38088.52998,100,4193.35362
-42121.290016,100,4193.555764
-41696.340023,100,4193.752122
-40853.459942,100,4193.960264
-45594.749969,100,4194.159953
-40952.329967,100,4194.364369
-38420.469975,100,4194.602189
-50217.460041,100,4194.829141
-35638.630009,100,4195.067911
-43145.379948,100,4195.374899
-45840.759945,100,4195.699766
-40541.330059,100,4195.946684
-46308.849976,100,4196.188523
-44708.500008,100,4206.774853
-52549.450054,100,4207.264953
-52688.740017,100,4207.753242
-41974.910053,100,4208.244391
-48961.250027,100,4208.737043
-45007.91993,100,4209.213532
-42095.219982,100,4209.699158
-40544.679966,100,4210.17678
-39862.659988,100,4210.662364
-46494.619961,100,4211.151235
-47389.330017,100,4211.656326
-47898.729973,100,4212.147113
-45797.530102,100,4212.631102
-42312.649948,100,4213.116327
-45570.289997,100,4213.608785
-43702.770046,100,4214.088986
-43888.309978,100,4214.570934
-44457.659992,100,4215.073803
-45517.240028,100,4215.57424
-49047.959957,100,4215.884615
-43075.430019,100,4226.617062
-52584.230103,100,4227.429556
-50192.289978,100,4227.670869
-48099.119991,100,4228.414386
-37502.340061,100,4228.826004
-44877.870003,100,4229.091728
-48539.930042,100,4229.67952
-42078.28009,100,4230.125302
-47760.649998,100,4230.801106
-42500.370018,100,4231.40378
-49446.310081,100,4231.942853
-49275.559986,100,4232.457002
-39034.519955,100,4232.949266
-51510.510002,100,4233.439628
-42198.629982,100,4233.923388
-42490.799957,100,4234.406785
-46640.290062,100,4234.890577
-48119.61998,100,4235.392091
-43792.529984,100,4235.896006
-46552.509972,100,4236.377944
-40135.199955,100,4236.860928
-47265.219997,100,4247.313965
-42366.950081,100,4247.808366
-47977.090065,100,4248.290994
-49000.730007,100,4248.783645
-39671.480003,100,4249.275319
-43138.120041,100,4249.766391
-40101.469967,100,4250.249822
-46523.779964,100,4250.741574
-44525.329979,100,4251.229497
-51700.130051,100,4251.723057
-45471.750107,100,4252.216788
-39290.639996,100,4252.701647
-37687.760017,100,4253.187514
-41149.029945,100,4253.680663
-34182.080055,100,4254.177782
-46908.769966,100,4254.658578
-46720.290054,100,4255.156345
-37635.819958,100,4255.657427
-45606.930046,100,4256.156534
-41945.810009,100,4256.640337
-40935.849937,100,4267.372349
-41703.340046,100,4267.870086
-36781.029961,100,4268.358123
-46284.680023,100,4269.30118
-38187.379982,100,4269.842062
-41912.710056,100,4270.898958
-37738.239979,100,4271.797168
-44548.559944,100,4272.350712
-40240.140038,100,4273.006361
-40902.950035,100,4273.584745
-44839.649967,100,4274.07912
-42292.980007,100,4274.556071
-41713.020031,100,4275.045805
-47148.090096,100,4275.534946
-54522.460033,100,4276.016085
-44344.199951,100,4276.493711
-42391.939968,100,4276.970172
-48118.649998,100,4277.443357
-43887.640034,100,4277.916243
-43758.280022,100,4278.394163
-51033.549938,100,4278.873912
-47059.79007,100,4289.261976
-42979.999985,100,4289.75276
-43447.170017,100,4290.233961
-37416.380001,100,4290.714254
-44636.039948,100,4291.193561
-45879.009995,100,4291.744194
-48036.490028,100,4292.232327
-45906.860004,100,4292.715194
-42886.970066,100,4293.200219
-45879.100044,100,4293.682026
-46048.290001,100,4294.184153
-44468.08004,100,4294.668405
-45744.250019,100,4295.174454
-46558.419994,100,4295.676336
-46294.729992,100,4296.168374
-40605.880047,100,4296.654693
-44644.229954,100,4297.140259
-41368.519962,100,4297.629047
-49552.920033,100,4298.134803
-44369.969971,100,4298.624858
-42944.75005,100,4307.565633
-56536.940006,100,4308.054051
-43069.110088,100,4308.533987
-47061.019955,100,4309.012219
-43288.490005,100,4309.482814
-45220.360001,100,4309.961296
-43369.88002,100,4310.634766
-42148.870033,100,4311.123311
-39596.179939,100,4311.351422
-41491.919964,100,4311.67819
-48375.259991,100,4311.976755
-51005.220013,100,4312.786737
-48054.690044,100,4313.139264
-41268.07999,100,4313.416062
-40339.979958,100,4313.647129
-45675.870014,100,4313.863631
-34313.269951,100,4314.075861
-52887.060032,100,4314.618709
-38688.749989,100,4315.091136
-38572.210049,100,4315.85741
-46018.589947,100,4316.390726
-38002.970009,100,4324.471973
-45752.000019,100,4324.717123
-40856.780003,100,4324.982621
-43670.749973,100,4325.232776
-49621.959976,100,4325.478373
-44558.880039,100,4325.714101
-45468.470013,100,4325.942618
-48752.919971,100,4326.165964
-40953.239975,100,4326.399202
-40276.809967,100,4326.624049
-46215.53997,100,4326.84673
-44692.710045,100,4327.073401
-47134.500027,100,4327.292931
-43012.129944,100,4327.522146
-40654.809994,100,4327.762247
-49012.779972,100,4327.990612
-39714.91003,100,4328.215513
-50520.359962,100,4328.436024
-48987.620033,100,4328.672891
-39301.689976,100,4328.894234
-48979.190147,100,4338.294441
-36172.590015,100,4338.532466
-49440.920048,100,4338.75049
-48814.790031,100,4338.968473
-46312.719997,100,4339.185753
-43324.799973,100,4339.398765
-46185.750042,100,4339.612824
-42558.320019,100,4339.831081
-48872.779987,100,4340.064422
-42612.109959,100,4340.282504
-40179.400051,100,4340.502549
-40559.939995,100,4340.716194
-54337.020023,100,4340.929111
-44623.240032,100,4341.149463
-49066.639988,100,4341.36078
-46505.760006,100,4341.579612
-47239.100155,100,4341.79402
-48425.980064,100,4342.022966
-40809.479961,100,4342.238792
-44435.189972,100,4342.45467
-45795.79002,100,4342.665574
-47151.989975,100,4351.184606
-41862.68996,100,4351.397457
-46133.959961,100,4351.609471
-39399.100029,100,4351.819227
-42254.31995,100,4352.041424
-43462.489975,100,4352.260601
-50859.939968,100,4352.493329
-46079.019997,100,4353.350214
-48262.640011,100,4353.910664
-47561.599937,100,4354.671616
-44956.939976,100,4355.733505
-48692.090057,100,4356.255163
-45704.140064,100,4356.823644
-46785.720016,100,4357.375033
-50895.290001,100,4357.905586
-47748.249977,100,4398.852057
-49528.799984,100,4399.536911
-46172.319958,100,4399.770314
-49816.830055,100,4399.997362
-43327.20998,100,4400.218473
-45029.28009,100,4410.784491
-44395.179966,100,4410.996103
-46202.799988,100,4411.210063
-50903.220001,100,4411.414011
-46425.469967,100,4411.622612
-43452.929989,100,4411.849895
-41498.739979,100,4412.063038
-44721.10004,100,4412.269182
-39270.530014,100,4412.47831
-40919.889977,100,4412.688585
-43849.489994,100,4412.899261
-39422.289948,100,4413.111799
-51272.019993,100,4413.313077
-51678.25,100,4413.522666
-37406.879986,100,4413.732106
-45439.750065,100,4413.940012
-50910.75996,100,4414.143295
-46011.619972,100,4414.343611
-39887.260014,100,4414.586433
-42685.959934,100,4414.958432
-48189.360035,100,4415.451257
-49502.880051,100,4424.746187
-37268.729977,100,4425.000794
-37317.579952,100,4425.320737
-45003.419998,100,4425.574407
-58331.140106,100,4425.8146
-37229.239979,100,4426.04614
-45405.299976,100,4426.27619
-41519.89003,100,4426.510237
-38049.709965,100,4426.745521
-38026.070011,100,4426.969057
-40874.130005,100,4427.206327
-47009.160038,100,4427.437445
-39981.609947,100,4427.664037
-49263.000015,100,4427.890151
-41574.799999,100,4428.117018
-46132.759975,100,4428.339812
-38885.119972,100,4428.5917
-42693.430077,100,4428.824117
-43034.979965,100,4429.055218
-46574.409927,100,4429.286567
-45214.760006,100,4439.946479
-43788.889969,100,4440.464322
-43600.490063,100,4441.342724
-46289.639977,100,4441.881552
-46668.610119,100,4442.378136
-45331.099964,100,4442.865045
-38589.639992,100,4443.354371
-36062.550014,100,4443.838757
-45713.689877,100,4444.321937
-44439.579975,100,4444.823098
-39537.029934,100,4445.319042
-40350.449982,100,4445.807816
-42739.950012,100,4446.298807
-39555.979946,100,4446.803502
-47878.82996,100,4447.336764
-48270.480125,100,4447.837967
-45691.789928,100,4448.323648
-45711.990017,100,4448.813066
-47496.890068,100,4449.297546
-49138.000015,100,4449.782365
-54989.34008,100,4450.264576
-44107.660046,100,4459.830085
-45877.990021,100,4460.315347
-42180.409935,100,4460.811935
-40780.23996,100,4461.30209
-43783.51001,100,4461.78801
-39314.69997,100,4462.281897
-39554.169949,100,4462.769212
-54471.94997,100,4463.289226
-44275.400021,100,4463.78843
-36383.629963,100,4464.270766
-45938.229954,100,4464.750898
-44038.350002,100,4465.250627
-47193.439968,100,4465.744671
-43630.469975,100,4466.228912
-41700.309998,100,4466.719462
-49149.489994,100,4467.205839
-45846.000031,100,4467.721927
-46108.30999,100,4468.199753
-50941.240036,100,4468.679593
-51548.710072,100,4469.158192
-39336.329971,100,4480.712788
-43540.739998,100,4480.985601
-51343.209927,100,4481.248872
-41464.400009,100,4481.52143
-46825.269939,100,4481.801371
-40749.799988,100,4482.142377
-39040.359966,100,4482.442436
-52336.690063,100,4482.71348
-41295.01001,100,4482.997728
-49826.929932,100,4483.466447
-46822.839977,100,4483.980748
-43407.069965,100,4484.461632
-41529.180035,100,4484.983419
-40963.759979,100,4485.526236
-46880.799999,100,4486.00915
-44899.639996,100,4486.48893
-44812.399979,100,4486.990056
-46386.569965,100,4487.47448
-44808.119984,100,4488.032779
-43267.87994,100,4488.581577
-49600.449974,100,4489.086891
-49680.74995,100,4498.696963
-47810.880077,100,4499.188119
-48301.399975,100,4499.678646
-51933.709953,100,4500.16235
-40122.219997,100,4500.651072
-38403.729961,100,4501.135313
-39533.71999,100,4501.618461
-42793.01004,100,4502.120359
-47543.689983,100,4502.738302
-44512.54002,100,4503.338182
-40355.639999,100,4503.845529
-39993.559971,100,4504.325738
-36637.959946,100,4504.807322
-46812.599991,100,4505.300818
-42931.440037,100,4505.786939
-43196.99992,100,4506.263972
-52597.470009,100,4506.744888
-47117.280033,100,4507.238098
-41653.759972,100,4507.721682
-43680.560009,100,4508.203606
-38689.380001,100,4518.068255
-45027.289989,100,4518.286613
-45684.690044,100,4518.502131
-46178.980019,100,4518.739512
-46854.499977,100,4519.530363
-51171.560051,100,4519.775259
-40274.249989,100,4520.079632
-48235.780075,100,4520.689898
-42764.810013,100,4520.984927
-41703.369984,100,4521.338686
-49696.629986,100,4521.740875
-52498.730003,100,4522.468567
-47488.990044,100,4522.841706
-47986.290058,100,4523.109202
-43237.389996,100,4523.351348
-41687.489983,100,4523.59252
-46399.259991,100,4523.825308
-50082.609989,100,4524.063773
-42831.370102,100,4524.302811
-41722.740028,100,4524.560748
-47957.849968,100,4535.47431
-45419.720024,100,4535.988129
-43374.170025,100,4536.477815
-48999.02,100,4536.964606
-49753.359989,100,4537.451975
-49321.179989,100,4537.935897
-47016.299992,100,4538.43492
-46123.439983,100,4538.927102
-49160.560062,100,4539.412811
-47444.960014,100,4539.894759
-45270.989952,100,4540.377085
-48519.930046,100,4540.86747
-46148.10006,100,4541.352568
-50532.280018,100,4541.833811
-50798.600002,100,4542.3204
-45345.850071,100,4542.818885
-46232.219978,100,4543.318825
-43198.519985,100,4543.802222
-50839.499966,100,4544.284746
-54437.590031,100,4544.767999
-45754.740021,100,4545.273466
-41617.870018,100,4555.483095
-44259.930038,100,4555.753879
-46169.099995,100,4556.244783
-41100.600021,100,4556.734314
-53911.630054,100,4557.215982
-51174.82999,100,4557.697085
-48486.059975,100,4558.187429
-40731.439976,100,4558.677696
-40321.120014,100,4559.170017
-45041.870003,100,4559.657255
-45094.01001,100,4560.145414
-47505.209972,100,4560.635821
-47837.579945,100,4561.120615
-36996.169979,100,4562.012003
-37149.349972,100,4562.862072
-38624.470001,100,4563.754879
-46856.809971,100,4564.434756
-46193.080055,100,4564.685472
-49704.820107,100,4565.006577
-41385.629978,100,4565.409478
-51360.269928,100,4575.188329
-43596.800064,100,4575.6905
-40194.489967,100,4576.181105
-46684.909966,100,4576.667031
-47880.499996,100,4577.170114
-45288.560043,100,4577.655746
-50495.430061,100,4578.138773
-51646.229996,100,4578.625322
-39769.899994,100,4579.136938
-40345.079933,100,4579.626218
-45537.930019,100,4580.110973
-46668.179932,100,4580.604755
-47220.080002,100,4581.089916
-48510.509972,100,4581.578678
-49321.939945,100,4582.069752
-44523.619976,100,4582.559403
-43011.509968,100,4583.044524
-44661.090012,100,4583.530908
-42217.129997,100,4584.012439
-42435.509979,100,4584.499766
-49717.999977,100,4584.988801
-50102.470001,100,4595.919082
-41223.340092,100,4596.400618
-43851.399956,100,4596.871579
-48460.630066,100,4597.34259
-48831.240093,100,4597.817158
-44857.969955,100,4598.295686
-45365.33004,100,4598.780092
-40911.139996,100,4599.255906
-53978.569984,100,4599.732265
-45165.079971,100,4600.207846
-47032.610046,100,4600.686585
-47266.280018,100,4601.157024
-42076.170029,100,4601.631911
-49051.929974,100,4602.104472
-44302.450077,100,4602.59154
-43803.669998,100,4603.073442
-44050.399979,100,4603.553888
-40368.519997,100,4604.346171
-41648.089966,100,4604.903817
-49359.060024,100,4605.768296
-45236.579994,100,4615.970689
-42820.369953,100,4616.475688
-38509.689991,100,4616.967673
-47229.059994,100,4617.460479
-50056.669991,100,4617.94557
-40873.309975,100,4618.430068
-49198.900028,100,4618.923725
-46337.379986,100,4619.412112
-39140.249973,100,4619.905677
-49876.480076,100,4620.397928
-45280.500057,100,4620.882041
-37243.859989,100,4621.370211
-49415.099991,100,4621.857487
-45315.589989,100,4622.345155
-43318.16003,100,4622.829916
-42676.530025,100,4623.320843
-45217.310062,100,4623.807464
-50215.590069,100,4624.289119
-41603.930096,100,4624.78521
-47513.899971,100,4625.287228
-51230.219982,100,4625.783486
-38999.919998,100,4636.606111
-44464.209949,100,4637.108809
-38062.110008,100,4637.598693
-43377.150093,100,4638.084264
-49627.999981,100,4638.572534
-47717.890057,100,4639.067512
-43520.700008,100,4639.553865
-49157.690102,100,4640.035576
-49500.890026,100,4640.520569
-39301.800056,100,4641.008537
-42296.699947,100,4641.491812
-43134.79998,100,4641.979414
-39855.359974,100,4642.463799
-49621.100021,100,4642.954695
-48219.700016,100,4643.467559
-45445.040005,100,4643.96132
-49691.550003,100,4644.444221
-46300.180012,100,4644.934174
-37970.969986,100,4645.437473
-45212.919983,100,4646.251971
-47220.819988,100,4658.313503
-42211.359989,100,4658.814622
-42998.139996,100,4659.305105
-39490.769932,100,4659.798977
-42001.109978,100,4660.28763
-49213.53001,100,4660.785191
-50072.739994,100,4661.271225
-48437.210072,100,4661.753359
-47584.209995,100,4662.236119
-43620.980042,100,4662.720956
-47767.679985,100,4663.205446
-39068.450005,100,4663.693648
-49870.589962,100,4664.174645
-42472.949932,100,4664.667009
-45218.790024,100,4665.166552
-45751.409973,100,4665.659022
-55500.980042,100,4666.149945
-43243.269974,100,4666.632142
-49612.469975,100,4667.12897
-46273.819954,100,4667.611922
-45728.05999,100,4668.093632
-46178.339947,100,4678.098884
-44524.579952,100,4678.585972
-39502.870007,100,4679.077825
-50928.63015,100,4679.579561
-40303.749954,100,4680.06489
-47474.09008,100,4680.54666
-45587.989967,100,4681.030506
-37000.729965,100,4681.518599
-44930.340004,100,4682.001134
-44905.209965,100,4682.483876
-47882.650021,100,4682.967508
-36368.309952,100,4683.46231
-46120.070004,100,4683.950824
-50039.209965,100,4684.433233
-46584.879997,100,4684.923714
-43894.659981,100,4685.434693
-44950.209995,100,4685.926643
-47894.380024,100,4686.40967
-45511.920021,100,4686.893867
-46622.980026,100,4687.377485
-55635.809956,100,4700.420212
-54342.709953,100,4700.923517
-40591.759975,100,4701.410116
-53679.049961,100,4701.896261
-58036.489933,100,4702.37821
-47484.250053,100,4702.870094
-49026.559948,100,4703.366879
-52616.330002,100,4703.866554
-48919.669937,100,4704.364903
-52951.940044,100,4704.86615
-47289.930054,100,4705.385072
-50495.029942,100,4705.897993
-43297.830009,100,4706.396583
-47193.599979,100,4706.896299
-45540.830021,100,4707.393716
-46450.480026,100,4707.890134
-46268.420021,100,4708.386632
-54783.07999,100,4708.888117
-43424.20998,100,4709.13374
-46668.089966,100,4709.367437
-42540.449947,100,4709.60415
-44752.699936,100,4720.322632
-50653.460018,100,4720.815617
-46193.909981,100,4721.296774
-37988.14999,100,4721.778148
-50224.499958,100,4722.258511
-43199.209965,100,4722.763392
-44897.089954,100,4723.2726
-50174.960056,100,4723.768523
-46179.870022,100,4724.25504
-45669.569954,100,4724.739701
-48400.720055,100,4725.250091
-43050.320107,100,4725.744178
-42739.929939,100,4726.226177
-40825.230007,100,4726.715948
-48108.569984,100,4727.200082
-47275.780014,100,4727.698604
-43806.619934,100,4728.183736
-43007.980011,100,4728.66848
-42326.540016,100,4729.1542
-45705.389942,100,4729.645443
-50636.910061,100,4741.985706
-41649.700039,100,4742.477875
-46748.209969,100,4742.9563
-51397.530003,100,4743.433787
-43842.500027,100,4743.912459
-40775.409962,100,4744.386799
-48941.190022,100,4744.867787
-39100.870075,100,4745.363125
-43329.440067,100,4745.845511
-40447.719971,100,4746.31991
-51213.140038,100,4746.80746
-40407.550003,100,4747.2906
-43481.799976,100,4747.780811
-45897.120037,100,4748.257579
-47000.649998,100,4748.73593
-47770.260002,100,4749.213906
-46926.309959,100,4749.688231
-41974.929935,100,4750.166426
-48571.020088,100,4750.644353
-37476.179977,100,4751.133076
-45771.089977,100,4751.608177
-43220.849987,100,4761.223347
-44744.499969,100,4761.717875
-41477.519985,100,4762.200539
-51911.540012,100,4762.692472
-42795.609989,100,4763.175211
-48147.480072,100,4763.660969
-42010.07,100,4764.145991
-40050.029957,100,4764.685712
-44176.799973,100,4765.262322
-45679.820004,100,4765.824145
-48209.409969,100,4766.309957
-42657.579987,100,4766.798887
-49620.689957,100,4767.279676
-40599.499981,100,4767.760535
-42640.39003,100,4768.244514
-42758.690048,100,4768.725796
-41585.349968,100,4769.208364
-47055.459953,100,4769.695391
-41031.200012,100,4770.195266
-42227.309971,100,4770.686461
-36985.769962,100,4784.030906
-43860.279968,100,4784.530092
-54976.809994,100,4785.029851
-44884.04007,100,4785.529969
-39575.149998,100,4786.01751
-43111.620029,100,4786.499188
-50635.019966,100,4786.989199
-38551.810001,100,4787.477999
-36928.610001,100,4787.959685
-41765.089951,100,4788.440255
-41072.569942,100,4788.925068
-39548.929966,100,4789.411179
-40175.170033,100,4789.903438
-52559.150074,100,4790.394248
-38903.460003,100,4790.885431
-46376.640011,100,4791.115407
-47514.059986,100,4791.322613
-42589.259998,100,4791.537997
-48963.809986,100,4791.747477
-38826.899994,100,4791.961202
-37930.099957,100,4792.17186
-40782.249977,100,4801.741005
-38461.640064,100,4801.955961
-50217.529984,100,4802.169985
-46617.539997,100,4802.377776
-45275.690029,100,4802.611575
-51377.909935,100,4802.819409
-46389.910072,100,4803.024456
-41926.75996,100,4803.255738
-45302.07999,100,4803.468009
-40240.490036,100,4803.68453
-49016.399933,100,4803.902514
-46486.400005,100,4804.109464
-48991.560032,100,4804.322218
-46984.849995,100,4804.539879
-45104.87999,100,4804.754633
-46242.099972,100,4804.988976
-48146.099979,100,4805.217105
-47886.449982,100,4805.442075
-44598.699951,100,4805.802317
-43614.939983,100,4806.12762
-48641.780045,100,4818.768351
-55002.619991,100,4819.305168
-40472.619938,100,4819.802383
-48850.009964,100,4820.289428
-38211.51997,100,4820.777669
-39348.169971,100,4821.262346
-40794.199978,100,4821.746083
-46743.259949,100,4822.229193
-43942.560032,100,4822.693676
-39343.680027,100,4823.158191
-45774.600021,100,4823.6408
-41728.069981,100,4824.121235
-39322.099968,100,4824.663012
-45821.529961,100,4825.203851
-48070.659966,100,4825.710052
-39548.449993,100,4826.190378
-51605.180008,100,4826.672848
-40105.309982,100,4827.156883
-37605.459984,100,4827.634791
-43111.529999,100,4828.111802
-40136.589947,100,4828.590434
-52892.820042,100,4838.553341
-52473.269974,100,4839.043911
-39721.75996,100,4839.527647
-43353.189964,100,4840.01196
-43236.700012,100,4840.526517
-37817.599995,100,4841.018987
-49869.850018,100,4841.503999
-38443.789989,100,4841.98588
-49153.339962,100,4842.466916
-55145.250042,100,4842.957236
-40525.489994,100,4843.438426
-57024.659992,100,4843.925712
-44769.570023,100,4844.423138
-49240.870003,100,4844.906586
-49167.31007,100,4845.423214
-44089.509979,100,4845.913197
-45507.899982,100,4846.409122
-46463.470108,100,4846.897345
-43654.299934,100,4847.386701
-42472.380001,100,4847.870298
-41006.950047,100,4859.814006
-49896.210003,100,4860.128211
-42220.469967,100,4860.67809
-40998.90995,100,4861.324622
-45098.749973,100,4861.967365
-47083.050018,100,4862.508106
-45460.590076,100,4863.006109
-52048.540009,100,4863.493631
-41285.179996,100,4863.986814
-51320.229977,100,4864.477918
-43845.219955,100,4864.975615
-47698.730015,100,4865.485753
-45498.449989,100,4865.988319
-42318.379963,100,4866.498456
-46047.140079,100,4867.011103
-43424.33007,100,4867.502617
-44913.969955,100,4867.99256
-45303.520012,100,4868.476806
-49097.620026,100,4868.965137
-46569.500011,100,4869.457219
-42378.250038,100,4869.940709
-46601.91,100,4880.192506
-39365.549995,100,4880.701222
-45481.280106,100,4881.205263
-44867.610035,100,4923.707148
-42134.570045,100,4924.19277
-52310.159946,100,4924.668985
-43671.269993,100,4925.169206
-41491.439938,100,4925.660394
-57007.390022,100,4926.1418
-47033.600056,100,4926.621054
-40204.119987,100,4927.093326
-39057.459969,100,4927.567954
-51413.699989,100,4928.041984
-38505.790012,100,4928.519308
-46524.720009,100,4928.992527
-48286.600052,100,4929.472004
-40293.940041,100,4929.942839
-48119.400043,100,4930.427135
-43172.869995,100,4930.930255
-39629.859932,100,4931.423748
-45627.269962,100,4944.996354
-50749.440083,100,4945.254462
-44556.400002,100,4945.506734
-40552.219959,100,4945.741055
-43180.599964,100,4945.955129
-45399.919964,100,4946.170063
-47985.250023,100,4946.385811
-43401.349957,100,4946.601631
-47917.939999,100,4946.816064
-46181.540051,100,4947.027218
-44592.199963,100,4947.230928
-45038.819927,100,4947.443879
-49005.369942,100,4947.67211
-51367.129982,100,4947.881353
-51620.439968,100,4948.086043
-49059.929962,100,4948.288903
-41758.079956,100,4948.501265
-45888.480007,100,4948.751457
-42111.179951,100,4949.008976
-37039.800026,100,4949.251586
-38323.520023,100,4949.479493
-40075.640053,100,4960.225045
-46847.500057,100,4960.716721
-40939.459957,100,4961.20604
-45124.370003,100,4961.697975
-41603.310017,100,4962.191599
-46399.229935,100,4962.679007
-42769.179966,100,4963.170942
-53323.919941,100,4963.659213
-47496.719975,100,4964.146954
-41466.220005,100,4964.636418
-42751.269993,100,4965.147042
-51150.240078,100,4965.654045
-43410.419952,100,4966.14586
-42657.899967,100,4966.637649
-50200.78997,100,4967.146106
-43501.760025,100,4967.625614
-46027.93996,100,4968.101621
-48205.039993,100,4968.576106
-54765.180031,100,4969.049198
-41562.889969,100,4969.529858
-44291.65995,100,4980.570503
-41951.719994,100,4980.815747
-42769.319984,100,4981.104619
-47175.249966,100,4982.049392
-52519.460041,100,4982.381561
-33070.799965,100,4982.783197
-39168.109982,100,4983.02829
-41142.729961,100,4983.530991
-46082.029991,100,4984.051541
-46988.839985,100,4984.610128
-38481.259998,100,4985.180828
-44235.749958,100,4985.684549
-43204.29998,100,4986.17105
-42333.309967,100,4986.655597
-47285.87999,100,4987.158947
-49861.569969,100,4987.644574
-41590.500027,100,4988.124804
-46967.139977,100,4988.601954
-49338.470013,100,4989.08213
-49679.099979,100,4989.559958
-44316.199913,100,4990.057056
-52699.849983,100,5000.231785
-44150.029999,100,5000.722387
-38131.040035,100,5001.22662
-46245.419956,100,5001.718022
-49173.910091,100,5002.206102
-47161.820072,100,5002.69281
-39302.789948,100,5003.177894
-50285.500023,100,5003.66202
-48830.839973,100,5004.157169
-47658.300014,100,5004.643253
-40337.199978,100,5005.143127
-48601.479942,100,5005.646144
-43852.419952,100,5006.133901
-36416.269989,100,5006.627179
-42255.519974,100,5007.116964
-38400.549942,100,5007.62165
-42974.399982,100,5008.111643
-52725.689987,100,5008.594357
-49307.609985,100,5009.078232
-47456.290157,100,5009.580866
-53962.780052,100,5019.742176
-51665.700047,100,5020.227991
-41190.519989,100,5020.712366
-41364.039944,100,5021.190113
-41492.339939,100,5021.900693
-46036.849953,100,5022.661376
-48185.600052,100,5023.548054
-45334.979988,100,5024.321145
-43810.250015,100,5024.853755
-54263.129997,100,5025.499671
-45086.499996,100,5026.04992
-48832.329983,100,5026.645299
-51405.210018,100,5027.205363
-43583.109985,100,5027.66426
-46323.489998,100,5027.872962
-48335.189957,100,5028.074594
-42174.010078,100,5028.276654
-43631.939953,100,5028.480864
-43577.200012,100,5028.688758
-43776.339951,100,5028.900374
-46498.309959,100,5029.112182
-37715.579933,100,5038.728883
-52854.020058,100,5039.206103
-47204.820019,100,5039.681401
-48018.839951,100,5040.157008
-42895.109962,100,5040.632965
-43463.219967,100,5041.147153
-44168.020027,100,5041.624454
-47805.079994,100,5042.125572
-40170.689972,100,5042.601585
-47546.279991,100,5043.081444
-49025.980019,100,5043.559079
-39172.460037,100,5044.036006
-43103.990025,100,5044.509337
-48153.709972,100,5044.998079
-45848.229958,100,5045.499003
-43486.370041,100,5045.978398
-56435.100029,100,5046.455046
-40283.949966,100,5046.929952
-46018.90004,100,5047.412552
-50324.990028,100,5047.89376
-45735.419987,100,5057.900295
-42918.690086,100,5058.388517
-46801.320004,100,5058.871799
-46012.589981,100,5059.358945
-54768.700066,100,5059.848139
-40809.250011,100,5060.328188
-42396.04002,100,5060.811913
-46068.919945,100,5061.292242
-39025.840019,100,5061.771911
-47392.200043,100,5062.255513
-47141.080013,100,5062.747187
-50367.55999,100,5063.224023
-49738.329956,100,5064.135829
-43921.209961,100,5064.684891
-43638.959949,100,5065.525143
-48659.370037,100,5066.431061
-42402.589985,100,5066.968141
-43736.940075,100,5067.599256
-38920.340015,100,5068.152996
-45926.249996,100,5068.689556
-54289.630024,100,5078.730907
-54426.159962,100,5078.980429
-49227.539948,100,5079.196007
-51345.390163,100,5079.423237
-47491.920025,100,5079.635571
-48394.829967,100,5079.850431
-52445.050049,100,5080.06641
-47436.290005,100,5080.277526
-58816.169979,100,5080.486717
-47307.140007,100,5080.699479
-48692.049984,100,5080.908906
-42079.440056,100,5081.117925
-41678.099979,100,5081.321403
-42365.520008,100,5081.532719
-47159.309925,100,5081.744379
-48672.50996,100,5081.958556
-52092.84993,100,5082.170952
-52051.959976,100,5082.407649
-49482.649948,100,5082.618984
-47394.600048,100,5082.831309
-37658.589985,100,5083.041328
-43651.560059,100,5091.47582
-45953.850002,100,5091.959594
-41713.380058,100,5092.472845
-45154.039993,100,5092.965552
-48769.340057,100,5093.446802
-47666.749996,100,5093.921606
-43081.149979,100,5094.398085
-51061.190029,100,5094.940939
-44935.279991,100,5095.468454
-46539.550014,100,5095.952685
-50147.820084,100,5096.439242
-45107.520111,100,5096.920251
-42775.23,100,5097.395486
-49269.960091,100,5097.871978
-48583.100052,100,5098.345633
-54089.660061,100,5098.823495
-44078.259968,100,5099.296141
-42917.829971,100,5099.775578
-38293.10001,100,5100.25087
-42450.359966,100,5100.727175
-49328.750038,100,5113.422152
-49261.870045,100,5113.930087
-44033.010006,100,5114.419122
-49526.819996,100,5114.972723
-41761.529999,100,5115.520135
-43110.369923,100,5116.014211
-47799.169952,100,5116.524447
-48924.470055,100,5117.041399
-43354.259972,100,5117.554907
-42309.559975,100,5118.038804
-42500.429947,100,5118.527209
-46263.339981,100,5119.016827
-39168.439995,100,5119.50615
-45323.030018,100,5119.99697
-42842.649971,100,5120.48811
-41576.129955,100,5120.986574
-45855.599998,100,5121.496999
-45401.02998,100,5121.984936
-48481.080154,100,5122.468773
-46602.119976,100,5122.956366
-44978.680038,100,5123.439677
-44560.229961,100,5133.415032
-50868.24995,100,5133.911201
-39217.360001,100,5134.397726
-48396.13998,100,5134.898059
-45367.220016,100,5135.410086
-43101.719994,100,5135.903878
-50840.019974,100,5136.385841
-37613.629951,100,5136.872449
-49810.779987,100,5137.352943
-47250.199974,100,5137.846883
-51729.309986,100,5138.332447
-51978.449978,100,5138.818559
-49431.620041,100,5139.317824
-41151.389992,100,5139.807428
-50383.209949,100,5140.294457
-39696.659977,100,5140.785614
-41259.109985,100,5141.267579
-47897.489971,100,5141.748963
-49161.600037,100,5142.230142
-54296.289967,100,5142.715739
-42766.729977,100,5155.010647
-41155.059978,100,5155.318786
-44731.100033,100,5155.594617
-50553.429916,100,5155.814973
-45045.800091,100,5156.027199
-36973.749989,100,5156.241915
-39496.51004,100,5156.460191
-45135.720047,100,5156.668187
-49222.480026,100,5156.875555
-43845.02002,100,5157.079663
-56884.050003,100,5157.283885
-40764.720043,100,5157.506719
-49347.870018,100,5157.777861
-53865.929985,100,5158.035754
-44678.529984,100,5158.267956
-44906.860153,100,5158.506886
-46779.360008,100,5158.740473
-42872.260017,100,5158.986974
-41212.099983,100,5159.203582
-51700.580025,100,5159.429701
-48132.079983,100,5159.641552
-47407.669964,100,5168.532765
-43947.600048,100,5169.010401
-43907.160007,100,5169.484186
-47755.459953,100,5169.960543
-49025.330097,100,5170.436255
-36816.489994,100,5170.917025
-41296.82,100,5171.409499
-46413.169952,100,5171.882313
-46214.140003,100,5172.355255
-52200.750019,100,5172.829004
-40720.47002,100,5173.321779
-42361.389992,100,5173.804731
-45702.859974,100,5174.283707
-49334.009972,100,5174.769969
-42825.220001,100,5175.261446
-50118.320023,100,5175.746987
-46275.849976,100,5176.221546
-46193.090023,100,5176.708376
-48290.910084,100,5177.184832
-43626.109936,100,5177.662264
-42260.470024,100,5187.338383
-43113.870037,100,5187.580318
-45917.299992,100,5187.80238
-45661.909943,100,5188.022866
-53832.039959,100,5188.23911
-43594.150028,100,5188.449433
-45008.110062,100,5188.678936
-47298.590015,100,5189.308559
-49923.790001,100,5189.842014
-46134.379982,100,5190.606476
-54451.559959,100,5191.408333
-42835.259926,100,5191.995362
-39655.049984,100,5192.660783
-51932.989956,100,5193.155002
-41328.270023,100,5193.432792
-48826.839954,100,5193.714511
-43167.059978,100,5194.031454
-47653.189991,100,5194.368229
-56687.200031,100,5194.970499
-41317.109978,100,5195.534113
-50091.910023,100,5195.852878
-41977.639988,100,5206.115595
-44354.700005,100,5206.599304
-39715.349998,100,5207.08718
-42668.410004,100,5207.565593
-39798.209972,100,5208.044926
-46883.220119,100,5208.522047
-46236.170006,100,5208.996577
-48978.300011,100,5209.475022
-44576.559982,100,5209.950896
-49744.39006,100,5210.220652
-45756.170013,100,5210.440757
-35070.919987,100,5210.66466
-44817.389961,100,5210.894795
-53019.400082,100,5211.122388
-42763.350025,100,5211.346108
-49357.339977,100,5211.573905
-43054.539989,100,5211.796103
-48541.740067,100,5212.022676
-49179.489971,100,5212.260641
-43613.400043,100,5212.51991
-43412.189964,100,5222.578369
-41826.920013,100,5223.079024
-48237.160004,100,5223.568476
-42145.410007,100,5224.055443
-47150.219967,100,5224.576184
-43332.679947,100,5225.070984
-48920.030022,100,5225.591636
-45979.840012,100,5226.068858
-41454.140018,100,5226.547557
-46627.12006,100,5227.028412
-33737.039955,100,5227.506698
-46766.299961,100,5227.982945
-45183.580025,100,5228.455924
-50387.350021,100,5228.929623
-43202.680031,100,5229.402264
-48181.909943,100,5229.888502
-41505.989967,100,5230.358512
-49434.160103,100,5230.859706
-47236.859978,100,5231.680476
-49323.369976,100,5231.928063
-40135.840099,100,5232.464662
-43406.179981,100,5243.969506
-48393.769962,100,5244.4674
-48224.629986,100,5244.960214
-50081.180016,100,5245.46063
-49509.429993,100,5245.951828
-50012.449959,100,5246.443006
-41338.429947,100,5246.927978
-40424.120029,100,5247.41139
-44733.999992,100,5247.892871
-38009.269966,100,5248.375142
-49389.199966,100,5248.858364
-46988.419956,100,5249.366925
-46858.040051,100,5249.8549
-47159.390003,100,5250.339106
-49959.019962,100,5250.827379
-40168.089973,100,5251.312956
-40702.560059,100,5251.802357
-45410.919956,100,5252.285003
-45214.46999,100,5252.767577
-40014.669983,100,5253.250478
-39105.799953,100,5263.570628
-47991.299973,100,5264.073455
-36576.080044,100,5264.56072
-37456.520008,100,5265.052333
-52451.809975,100,5265.558457
-45453.74995,100,5266.045025
-41588.339939,100,5266.528946
-42977.310005,100,5267.014406
-42008.559982,100,5267.495128
-45191.010002,100,5267.977785
-45474.63995,100,5268.466077
-50533.400043,100,5268.954738
-36295.969959,100,5269.436521
-43196.94009,100,5269.923987
-45636.979977,100,5270.416523
-50217.259975,100,5270.905573
-44546.579929,100,5271.392039
-52213.690029,100,5271.883368
-33414.130013,100,5272.365108
-39706.869987,100,5273.231911
-47987.299938,100,5273.814035
-43605.539997,100,5285.319104
-43813.619995,100,5285.862201
-45624.589943,100,5286.380355
-41945.890045,100,5286.871164
-51008.470005,100,5287.368527
-51775.239994,100,5287.861123
-51180.270004,100,5288.352357
-53029.770027,100,5288.841061
-46543.139969,100,5289.345617
-50141.970047,100,5289.840585
-43751.369957,100,5290.334482
-38226.979996,100,5290.828573
-46945.489929,100,5291.31299
-46349.719959,100,5291.797889
-46844.89999,100,5292.285086
-41550.610001,100,5292.770695
-51004.690109,100,5293.260594
-46405.429947,100,5293.746115
-33812.190025,100,5294.238119
-48224.319996,100,5294.725006
-43034.73,100,5304.230875
-44879.620033,100,5304.511139
-43372.900024,100,5304.754775
-34994.519958,100,5304.99949
-44146.77005,100,5305.247908
-43916.509945,100,5305.491159
-43749.289936,100,5305.717872
-43141.760044,100,5305.938832
-40639.799976,100,5306.164183
-52324.999966,100,5306.393373
-42203.180031,100,5306.625361
-44737.309956,100,5306.847624
-43938.369965,100,5307.070532
-44188.220036,100,5307.287486
-56944.289974,100,5307.519042
-49322.949951,100,5307.744912
-39443.369942,100,5307.969403
-42002.669983,100,5308.195361
-48427.559978,100,5308.416815
-39848.070065,100,5308.642351
-43565.829941,100,5308.869358
-46537.70998,100,5321.42062
-44741.790001,100,5321.914464
-49451.659981,100,5322.407032
-43147.84,100,5322.898707
-43590.929951,100,5323.391603
-48242.780033,100,5323.886499
-46362.70998,100,5324.414794
-40937.289948,100,5324.915009
-46705.250084,100,5325.4343
-45296.620049,100,5325.949891
-48353.699986,100,5326.473336
-49950.390045,100,5326.992321
-51312.029972,100,5327.492139
-40964.339977,100,5327.983258
-41790.130005,100,5328.475323
-45228.160034,100,5328.966647
-39012.799988,100,5329.467802
-42700.290047,100,5329.958829
-43636.860043,100,5330.223576
-37082.380116,100,5330.448349
-41010.239979,100,5341.329159
-48969.599979,100,5341.830487
-50863.450043,100,5342.319981
-45476.759945,100,5342.81038
-44761.350033,100,5343.299441
-43736.14994,100,5343.783953
-41755.820026,100,5344.278307
-45987.41003,100,5344.766701
-38786.469975,100,5345.257015
-50728.890095,100,5345.753775
-55672.030006,100,5346.240574
-41340.130035,100,5346.734399
-41681.190048,100,5347.230395
-48406.050056,100,5347.727386
-57195.290024,100,5348.212653
-49191.910007,100,5348.697776
-46703.569946,100,5349.190976
-40128.289986,100,5349.676971
-50705.32999,100,5350.165659
-40319.769978,100,5350.650432
-39830.489998,100,5351.13345
-49465.270046,100,5364.542296
-39410.249943,100,5365.038722
-40213.020023,100,5365.536643
-39957.849998,100,5366.019776
-40241.339958,100,5366.510059
-51926.609978,100,5367.02018
-54462.970036,100,5367.512648
-39318.839947,100,5368.015927
-48932.05994,100,5368.525406
-41649.119919,100,5369.02135
-50862.689987,100,5369.505915
-45227.440022,100,5369.991961
-42832.840004,100,5370.477726
-42648.979969,100,5370.962174
-44397.099983,100,5371.445612
-41951.150013,100,5371.93057
-39326.579933,100,5372.411522
-44762.00008,100,5372.891893
-40974.730064,100,5373.385556
-49433.820007,100,5373.878787
-44263.829998,100,5384.483202
-41516.899986,100,5384.994715
-46284.339989,100,5385.498857
-49057.200054,100,5385.988703
-52973.769974,100,5386.470412
-44712.209972,100,5386.966974
-42169.38998,100,5387.45546
-42161.289997,100,5387.96153
-35020.689953,100,5388.445075
-47023.980011,100,5388.93617
-47509.989967,100,5389.417578
-46699.259941,100,5389.903953
-40490.400013,100,5423.550452
-49731.949993,100,5423.756781
-45770.029976,100,5423.966808
-44117.349949,100,5424.178244
-47218.729988,100,5424.395952
-46801.769993,100,5424.641083
-50645.929962,100,5425.32175
-40257.939957,100,5425.8276
-33291.240005,100,5426.317456
-46051.34,100,5435.21514
-46275.810101,100,5435.437218
-47266.589962,100,5435.664143
-47640.459988,100,5435.873044
-47719.01001,100,5436.082539
-45119.669933,100,5436.294562
-45734.100063,100,5436.50226
-43256.099995,100,5436.714755
-46285.089939,100,5436.941945
-42637.570042,100,5437.152126
-40588.079956,100,5437.366179
-50060.800087,100,5437.585302
-45308.359943,100,5437.794703
-44355.319939,100,5438.005114
-37230.970043,100,5438.214087
-46965.199986,100,5438.425652
-47949.00996,100,5438.635261
-43874.759991,100,5438.842984
-48331.48999,100,5439.055862
-42540.850082,100,5439.265786
-48497.699955,100,5451.160037
-44990.430035,100,5451.417262
-45582.979996,100,5451.697122
-33850.179993,100,5451.941654
-46773.70998,100,5452.187693
-44314.490017,100,5452.410008
-41899.350044,100,5452.647596
-47820.959946,100,5452.873872
-42177.99004,100,5453.091479
-50081.179966,100,5453.312371
-46257.520008,100,5453.529122
-47663.179939,100,5453.746662
-48303.160027,100,5453.958583
-42125.589985,100,5454.174765
-49217.550125,100,5454.388315
-50691.629978,100,5454.61382
-43567.129978,100,5454.843196
-42503.369938,100,5455.076031
-45972.419994,100,5455.374713
-38026.199944,100,5455.614661
-44936.539982,100,5455.837516
-42600.639973,100,5464.628044
-45462.030025,100,5464.94023
-41202.830009,100,5465.256452
-42155.500004,100,5465.487081
-51680.350025,100,5465.70606
-47494.579956,100,5465.913932
-40034.159946,100,5466.121412
-46108.320015,100,5466.326349
-43776.230015,100,5466.553003
-46521.749958,100,5466.773
-37298.159977,100,5466.983524
-41826.370014,100,5467.192686
-36428.689945,100,5467.415354
-53330.169994,100,5467.617794
-40194.159988,100,5467.823694
-41349.869995,100,5468.02852
-46292.069973,100,5468.231864
-46998.989971,100,5468.44845
-41010.299953,100,5468.65063
-54491.040108,100,5468.852021
-43283.71999,100,5478.788564
-42922.739964,100,5479.009837
-39718.690018,100,5479.221327
-42732.889988,100,5479.430891
-43674.590023,100,5479.635543
-45914.770061,100,5479.854726
-42958.909996,100,5480.065589
-40122.050007,100,5480.271832
-42168.159973,100,5480.487731
-48900.59996,100,5480.694203
-38449.779964,100,5480.922205
-47148.770023,100,5481.139528
-43268.449947,100,5481.344787
-41436.120026,100,5481.554827
-41017.549988,100,5481.76644
-44484.779953,100,5481.976727
-46785.860008,100,5482.204461
-42644.409962,100,5483.060013
-43451.030018,100,5483.60171
-50890.140114,100,5484.419603
-51633.490036,100,5485.272813
-42623.430038,100,5496.783958
-41087.929962,100,5497.281684
-40063.099979,100,5497.766976
-47302.780045,100,5498.249186
-38815.430027,100,5498.731415
-41502.68,100,5499.214882
-52931.090038,100,5499.695438
-44766.899952,100,5500.177198
-42662.759941,100,5500.658324
-47662.360008,100,5501.146804
-48182.420052,100,5501.633809
-48298.140095,100,5502.1147
-55598.760033,100,5502.604966
-39779.939949,100,5503.090018
-47235.430031,100,5503.585215
-37622.529995,100,5504.07298
-31110.559944,100,5504.560209
-52235.859959,100,5505.057033
-46748.379944,100,5505.564349
-52541.480095,100,5506.061618
-40950.150066,100,5516.993525
-46895.560028,100,5517.230465
-47283.68998,100,5517.460621
-40262.579937,100,5517.685242
-47255.849987,100,5517.907069
-40425.459949,100,5518.128728
-49314.200069,100,5518.347232
-45239.439983,100,5518.568863
-54596.000042,100,5518.809199
-41330.129997,100,5519.027647
-42794.339981,100,5519.242827
-42842.889984,100,5519.457232
-44508.009998,100,5519.692489
-48687.050003,100,5519.919432
-48483.489956,100,5520.14851
-46640.120083,100,5520.369816
-41153.35001,100,5520.592409
-47815.600014,100,5520.81775
-45479.370007,100,5521.035118
-38399.539955,100,5521.255066
-37098.799953,100,5521.470058
-46488.879948,100,5533.968197
-46190.560017,100,5534.479536
-42213.020016,100,5535.001781
-43512.979973,100,5535.541085
-51259.990044,100,5536.046962
-45127.650017,100,5536.5413
-42321.439991,100,5537.027948
-45990.909924,100,5537.527422
-47925.100101,100,5538.010939
-46063.849937,100,5538.524961
-38200.369991,100,5539.012217
-34267.85997,100,5539.501581
-49764.909977,100,5539.995661
-52366.150051,100,5540.48694
-36872.309982,100,5540.970768
-42195.489998,100,5541.45531
-45412.390041,100,5541.937428
-47017.059952,100,5542.422433
-43529.369946,100,5542.905934
-46302.989941,100,5543.389234
-47736.139977,100,5552.890617
-39632.270012,100,5553.112826
-46265.109966,100,5553.328949
-43381.760014,100,5553.5643
-47241.789993,100,5553.771825
-49880.669971,100,5553.981741
-47247.690022,100,5554.200063
-45229.169994,100,5554.446959
-49264.209969,100,5554.669042
-49390.899975,100,5554.895241
-44326.909996,100,5555.127624
-42768.380032,100,5555.366629
-39089.170048,100,5555.603359
-44325.620041,100,5555.829938
-56708.539997,100,5556.051959
-45169.519985,100,5556.273872
-43069.349972,100,5556.493564
-43740.669971,100,5556.708393
-42705.409985,100,5556.9263
-51500.839981,100,5557.141302
-42119.940022,100,5569.271897
-42876.070068,100,5570.543914
-40308.640018,100,5571.146461
-48877.320053,100,5571.656717
-45461.879982,100,5572.149616
-43589.669968,100,5572.635154
-40990.589996,100,5573.143963
-42288.060024,100,5573.635097
-44711.539974,100,5574.127264
-40588.339973,100,5574.607408
-44190.749985,100,5575.106186
-41067.169994,100,5575.608802
-44350.110039,100,5576.097949
-55795.500031,100,5576.64083
-48657.18,100,5577.181366
-40945.869961,100,5577.695085
-50415.660034,100,5578.18511
-45776.869957,100,5578.673868
-43954.779945,100,5579.161666
-36075.880001,100,5579.649427
-44510.479996,100,5580.134761
-38718.320019,100,5590.217181
-40260.999973,100,5590.437842
-45069.860043,100,5590.657999
-44699.189972,100,5590.864261
-42836.059982,100,5591.077387
-45764.360012,100,5591.282822
-45199.25005,100,5591.497758
-45393.599976,100,5591.708364
-52070.550041,100,5591.912554
-40294.709957,100,5592.112949
-44082.699974,100,5592.317813
-51934.499996,100,5592.534895
-40237.079967,100,5592.741205
-38267.010025,100,5592.949183
-48539.969978,100,5593.150544
-43573.819946,100,5593.359117
-50739.89003,100,5593.595234
-47165.240013,100,5593.797554
-51449.859993,100,5594.012795
-47290.230053,100,5594.220676
-41476.879967,100,5604.648473
-56684.130001,100,5605.22955
-39441.059975,100,5605.737851
-48688.999989,100,5606.222038
-47202.259998,100,5606.702062
-49281.009995,100,5607.201223
-39670.120018,100,5607.638918
-44156.389969,100,5607.862114
-44426.54998,100,5608.077155
-40745.029984,100,5608.800872
-50334.110001,100,5609.226989
-47917.079964,100,5609.594349
-40402.680008,100,5610.155947
-51449.949986,100,5610.762801
-39324.009983,100,5611.477249
-46574.510014,100,5612.015989
-44133.670029,100,5612.515568
-46965.94994,100,5613.070348
-50090.13995,100,5613.636506
-46839.879951,100,5614.196779
-38866.34,100,5614.692922
-49580.079983,100,5624.035404
-41533.930046,100,5624.254794
-47116.460003,100,5624.480264
-43921.720013,100,5624.702745
-40010.029968,100,5624.92725
-46651.119995,100,5625.148113
-36521.090023,100,5625.369439
-39784.049984,100,5625.591761
-46366.700001,100,5625.799319
-41971.800053,100,5626.002416
-56719.710018,100,5626.213851
-44544.179951,100,5626.433302
-49076.279991,100,5626.655402
-43901.859993,100,5626.863185
-46222.240025,100,5627.085841
-48025.459969,100,5627.297526
-39068.87006,100,5627.532374
-41183.379959,100,5627.758758
-51165.360004,100,5627.972411
-38246.609962,100,5628.188313
-46479.799995,100,5637.323975
-49881.600056,100,5637.836118
-48504.870018,100,5638.335205
-44358.699993,100,5638.825202
-40216.390091,100,5639.311122
-36731.95005,100,5639.82295
-43728.029999,100,5640.31133
-40706.21999,100,5640.802248
-46430.509998,100,5641.288928
-46704.070038,100,5641.788436
-45625.579979,100,5642.278627
-51188.619953,100,5642.766
-46110.459969,100,5643.251036
-41009.920033,100,5643.735829
-42640.499954,100,5644.222098
-53098.99007,100,5644.714922
-39625.100006,100,5645.218194
-39124.879944,100,5645.714713
-40686.469955,100,5646.198918
-44053.280033,100,5646.686697
-36722.049927,100,5647.210804
-39083.969963,100,5660.083032
-40545.160007,100,5660.730865
-48708.649986,100,5661.238969
-43227.490017,100,5661.754948
-43986.859966,100,5662.247141
-47875.460079,100,5662.736556
-44684.660057,100,5663.224144
-46334.370064,100,5663.716357
-45710.549946,100,5664.200543
-45736.249996,100,5664.731261
-51323.190022,100,5665.314559
-39579.869965,100,5665.838914
-37917.769985,100,5666.32644
-47379.21003,100,5666.814718
-41391.219971,100,5667.31216
-44450.950069,100,5667.799103
-40479.269947,100,5668.28886
-38206.799953,100,5668.800787
-42219.420029,100,5669.290545
-49116.550095,100,5669.78422
-42861.74995,100,5680.452691
-48016.719997,100,5680.956976
-41134.789951,100,5681.44855
-39086.040009,100,5681.937394
-49849.919956,100,5682.467634
-50543.649979,100,5682.95751
-41608.350014,100,5683.443347
-43765.680004,100,5683.930767
-45858.950069,100,5684.421128
-44385.800022,100,5684.828937
-51165.510044,100,5685.088612
-40977.349949,100,5685.57713
-42376.389984,100,5686.058292
-46539.790035,100,5686.535986
-49368.500095,100,5687.015039
-47423.890018,100,5687.493008
-44233.82999,100,5687.966119
-45933.539993,100,5688.43758
-37769.109962,100,5688.922453
-40666.139973,100,5689.404163
-46753.869991,100,5689.883097
-51112.840015,100,5702.329713
-45035.490032,100,5702.839075
-41481.159946,100,5703.352183
-49260.119968,100,5703.831258
-42539.499992,100,5704.31276
-47200.479935,100,5704.799667
-37856.01997,100,5705.294506
-48832.519985,100,5705.781088
-45785.079998,100,5706.254404
-43948.349949,100,5706.727092
-49603.170078,100,5707.252006
-51508.369946,100,5707.739792
-44009.209969,100,5708.23511
-41642.320004,100,5708.724846
-40098.939957,100,5709.200548
-46322.419975,100,5709.687533
-48989.400009,100,5710.162573
-38290.249977,100,5710.651638
-42719.460003,100,5711.127886
-49368.300106,100,5711.621913
-53283.119957,100,5722.40519
-44898.22002,100,5722.905552
-43640.379929,100,5723.391661
-57448.210068,100,5723.873183
-39095.09996,100,5724.357322
-47769.449959,100,5724.850508
-47740.649986,100,5725.35113
-46494.519978,100,5725.851384
-42005.18998,100,5726.336469
-44206.670036,100,5726.819673
-46686.249985,100,5727.303045
-54052.280025,100,5727.788681
-49502.790024,100,5728.268553
-40409.379997,100,5728.747852
-45522.450039,100,5729.247037
-45141.269966,100,5729.731614
-47708.009975,100,5730.244232
-46941.719963,100,5730.730249
-52055.889946,100,5731.219633
-44492.830006,100,5731.705661
-38099.160011,100,5732.188112
-43835.979965,100,5743.989407
-39802.829971,100,5744.484716
-45362.499947,100,5745.015099
-46096.729996,100,5745.513211
-43780.349987,100,5746.014205
-44619.029999,100,5746.498923
-35333.419983,100,5746.984361
-50688.290119,100,5747.469948
-46294.069962,100,5747.963939
-47793.690048,100,5748.464334
-41976.749973,100,5748.953315
-40988.079987,100,5749.3649
-44277.929989,100,5749.584032
-42873.470062,100,5749.801435
-43844.659973,100,5750.032122
-51606.029953,100,5750.253245
-51430.60997,100,5750.479261
-45798.310093,100,5750.701576
-45969.270046,100,5750.924096
-41978.149963,100,5751.144324
-46918.230011,100,5760.363304
-39208.940029,100,5760.600431
-36357.519974,100,5760.825946
-36908.71999,100,5761.045818
-57136.500065,100,5761.262953
-36785.599983,100,5761.479663
-38895.290012,100,5761.697547
-48451.830002,100,5761.905339
-42785.109974,100,5762.112552
-47281.109955,100,5762.320368
-36994.890034,100,5762.528766
-40741.369957,100,5762.7599
-45649.270065,100,5762.972564
-36904.279987,100,5763.178123
-48855.809937,100,5763.393899
-36480.150017,100,5763.605106
-43295.670006,100,5763.821545
-52872.140015,100,5764.030913
-42083.419991,100,5764.249739
-39583.599957,100,5764.469227
-48889.259979,100,5764.699114
-46110.089954,100,5774.76154
-45315.449947,100,5775.74031
-42652.969997,100,5776.301126
-35285.760033,100,5776.865227
-41426.980026,100,5777.962789
-48530.400043,100,5778.476921
-48605.919998,100,5778.982071
-42232.789963,100,5779.503933
-51386.760056,100,5779.760545
-36388.839958,100,5780.014603
-40731.300007,100,5780.257229
-46523.559994,100,5780.477911
-49416.959953,100,5780.69909
-54433.689934,100,5780.911106
-35794.529984,100,5781.128781
-47405.199959,100,5781.346974
-45106.049995,100,5781.565403
-44630.899982,100,5781.774756
-41162.130005,100,5781.982257
-45879.290012,100,5782.187816
-44636.109951,100,5792.004818
-45146.46999,100,5792.225985
-47966.729969,100,5792.446191
-46169.370026,100,5792.653464
-43571.679947,100,5792.865802
-45893.560028,100,5793.070295
-38894.569973,100,5793.272678
-34957.630089,100,5793.485102
-38811.229954,100,5793.691643
-42614.160019,100,5793.898302
-44055.070042,100,5794.101064
-48353.529945,100,5794.29836
-44326.479973,100,5794.570816
-42024.599979,100,5794.785072
-50914.170048,100,5795.006233
-46936.590027,100,5795.232696
-52479.590084,100,5795.460471
-39721.899975,100,5795.701322
-46261.960037,100,5795.905485
-41026.380035,100,5796.111582
-44210.229977,100,5796.319389
-51771.480038,100,5804.698438
-50311.479969,100,5805.22586
-49508.619995,100,5805.725061
-44750.720024,100,5806.211884
-46417.40995,100,5806.696253
-47001.170025,100,5807.181067
-47074.610073,100,5807.673475
-37048.129967,100,5808.163167
-38358.979954,100,5808.675998
-45919.609955,100,5809.175881
-42833.030022,100,5809.66351
-40258.510006,100,5810.152574
-39660.23,100,5810.64879
-50363.449986,100,5811.137508
-47615.47998,100,5811.625883
-47761.309998,100,5812.118543
-43603.480026,100,5812.604114
-45196.060017,100,5813.101544
-40409.759991,100,5813.595361
-50726.779953,100,5814.092924
-48326.289986,100,5826.434338
-42351.069973,100,5826.919356
-47526.089977,100,5827.421907
-54976.760048,100,5827.929554
-50867.249992,100,5828.43383
-46154.580017,100,5828.921305
-40875.149956,100,5829.411386
-48642.060024,100,5829.891908
-44385.959984,100,5830.3701
-51014.829964,100,5830.863605
-44927.530025,100,5831.338152
-45546.870064,100,5831.822004
-49638.880047,100,5832.299329
-47883.949955,100,5832.780704
-52049.599991,100,5833.259605
-49234.759972,100,5833.73883
-48302.540016,100,5834.214264
-47192.62001,100,5834.708484
-44988.219936,100,5835.207359
-43577.139957,100,5835.70451
-42191.329975,100,5836.180875
-39398.790089,100,5845.830822
-48067.299988,100,5846.322652
-50640.929955,100,5846.806883
-46218.240032,100,5847.288666
-42491.63995,100,5847.769795
-47462.190006,100,5848.266166
-42779.150002,100,5848.765524
-44496.730022,100,5849.262175
-47457.960041,100,5849.74434
-50890.580002,100,5850.229769
-46907.040054,100,5850.713836
-44325.500019,100,5851.201757
-42866.279968,100,5851.684627
-46336.089977,100,5852.169217
-50453.200027,100,5852.649916
-46004.989956,100,5853.132705
-40640.489937,100,5853.614721
-41313.209957,100,5854.095908
-42521.750027,100,5854.579333
-56064.079979,100,5855.076008
-45310.710026,100,5906.753008
-47892.519962,100,5907.248201
-38958.689953,100,5907.730255
-51013.490036,100,5908.211593
-48213.840023,100,5908.692716
-51823.999989,100,5909.203487
-42944.359955,100,5909.688306
-41125.960014,100,5910.177475
-47535.700012,100,5910.716934
-40067.860012,100,5911.237072
-46542.640018,100,5911.745742
-46673.560017,100,5912.235739
-40429.590008,100,5912.722558
-37720.359993,100,5913.205309
-44581.699959,100,5913.691113
-42490.259983,100,5914.177308
-42525.390018,100,5914.666478
-39277.479969,100,5915.154172
-38752.389992,100,5915.648447
-44994.369991,100,5916.133939
-38002.599991,100,5916.617485
-38911.27,100,5927.25144
-42328.059952,100,5927.732589
-53514.05006,100,5928.207252
-41030.200005,100,5928.681612
-47484.479988,100,5929.180426
-50118.729992,100,5929.659424
-46089.650043,100,5930.142883
-50996.439999,100,5930.627148
-43931.929943,100,5931.131413
-41313.899986,100,5931.627495
-49910.89996,100,5932.123341
-42726.870068,100,5932.624486
-42036.909962,100,5933.118838
-40429.670052,100,5933.618084
-44026.259987,100,5934.137306
-47481.259979,100,5934.636808
-51026.799946,100,5935.144782
-42117.809982,100,5935.654599
-49824.490002,100,5936.153179
-47403.370014,100,5936.648041
-42097.300003,100,5950.761917
-51791.110012,100,5951.250189
-45396.599991,100,5951.741065
-44532.079948,100,5952.245725
-51989.27,100,5952.755366
-43753.239941,100,5953.250876
-37937.040005,100,5953.75246
-43540.129971,100,5954.239159
-51628.669971,100,5954.729679
-46587.530113,100,5955.228498
-39282.679981,100,5955.723963
-50503.100048,100,5956.206525
-40975.249985,100,5956.691674
-50523.409973,100,5957.176511
-54663.49995,100,5957.666166
-47180.490032,100,5958.149236
-40574.230064,100,5958.631025
-50938.830013,100,5959.115517
-47816.799973,100,5959.607688
-40725.459991,100,5960.092965
-52213.249996,100,5960.576828
-45358.809986,100,5970.93833
-46900.719952,100,5971.415517
-44481.380054,100,5971.895429
-52145.099964,100,5972.369628
-40409.099991,100,5972.843902
-47572.290051,100,5973.328105
-40357.349972,100,5973.808612
-43761.910038,100,5974.283042
-42191.529961,100,5974.766851
-42656.88002,100,5975.26362
-41742.699978,100,5975.755856
-52920.830006,100,5976.229757
-44008.729961,100,5976.712095
-39298.739986,100,5977.186494
-49332.620003,100,5977.66654
-50160.400101,100,5978.14134
-40658.189999,100,5978.615231
-34716.040005,100,5979.106738
-42835.589973,100,5979.597999
-44751.559975,100,5980.076264
-51074.71014,100,5993.139927
-45904.779999,100,5993.660565
-41529.940018,100,5994.171468
-50659.930008,100,5994.671999
-45696.029934,100,5995.173019
-37750.829975,100,5995.673037
-45277.680004,100,5996.157255
-41593.970036,100,5996.641659
-47300.069992,100,5997.143495
-47803.110001,100,5997.643074
-37471.549973,100,5998.133692
-46464.379997,100,5998.619112
-46434.949982,100,5999.109563
-43822.03997,100,5999.597768
-41049.319988,100,6000.08787
-37520.600033,100,6000.573796
-53069.099972,100,6001.073886
-44486.190002,100,6001.557428
-46808.349972,100,6002.039877
-49018.080074,100,6002.523521
-45054.459976,100,6003.013404
-42758.499966,100,6014.137466
-44176.780083,100,6014.63472
-42398.869984,100,6015.146565
-46189.679989,100,6015.654449
-40533.750004,100,6016.144628
-45493.020008,100,6016.638681
-40416.309975,100,6017.131409
-32273.690083,100,6017.628849
-45590.669949,100,6018.117473
-44985.760002,100,6018.607962
-46803.000004,100,6019.09603
-58120.98008,100,6019.594648
-54323.0,100,6020.097945
-46843.97995,100,6020.589116
-51323.469997,100,6021.064602
-49390.319946,100,6021.552509
-51463.810043,100,6022.026905
-46808.549992,100,6022.502884
-42759.499985,100,6022.983802
-47703.58004,100,6023.458133
-45685.390015,100,6036.398704
-39433.390034,100,6036.62657
-47730.319996,100,6036.85024
-38135.589962,100,6037.066225
-45428.999977,100,6037.273916
-41342.169998,100,6037.488815
-44337.820034,100,6037.701742
-40883.029999,100,6037.912329
-41583.279987,100,6038.119171
-46964.780041,100,6038.320993
-49142.349987,100,6038.529795
-48821.340122,100,6038.740902
-48170.02993,100,6038.949415
-43584.619957,100,6039.160087
-45439.970085,100,6039.362802
-42420.890041,100,6039.587523
-46703.449993,100,6039.835968
-41149.800011,100,6040.053062
-45084.329975,100,6040.265394
-48330.259979,100,6040.480376
-41529.280003,100,6040.689214
-38078.350014,100,6050.91043
-48438.729988,100,6051.134991
-50034.400005,100,6051.357208
-44501.589993,100,6051.57558
-44676.540035,100,6051.785753
-52206.320007,100,6052.003592
-45670.509949,100,6052.219837
-49258.290005,100,6052.428918
-40634.350006,100,6052.638597
-42474.160042,100,6052.858021
-45773.690033,100,6053.068179
-33953.85994,100,6053.30554
-42618.32999,100,6053.52068
-47596.069996,100,6053.730411
-52588.910015,100,6053.940791
-41326.370049,100,6054.159304
-45467.409977,100,6054.384475
-43584.640022,100,6054.680319
-47364.109955,100,6054.913196
-40611.909958,100,6055.153892
-42294.17009,100,6065.023136
-37691.980064,100,6065.535416
-43333.129948,100,6066.026557
-47835.45002,100,6066.686085
-44140.970039,100,6067.239798
-48137.470001,100,6067.497594
-46915.819954,100,6067.842973
-45723.389992,100,6068.446169
-48456.509983,100,6068.770022
-50955.150032,100,6069.071461
-39429.66003,100,6069.554227
-42456.309998,100,6069.833929
-41617.98996,100,6070.105866
-47541.639954,100,6070.503707
-43643.979954,100,6071.186464
-44799.479992,100,6071.701599
-50130.049995,100,6072.19207
-48051.46006,100,6072.676726
-51058.269997,100,6073.161566
-49745.579937,100,6073.647531
-40404.719982,100,6084.131748
-41859.970005,100,6084.638175
-49327.890038,100,6085.134647
-46893.069984,100,6085.635464
-48273.150009,100,6086.114595
-53121.460106,100,6086.591096
-40255.179955,100,6087.070059
-47511.36998,100,6087.548509
-45089.059971,100,6088.034584
-41519.22998,100,6088.510193
-36493.799973,100,6088.988132
-40127.229954,100,6089.463816
-51972.059929,100,6089.941534
-45347.920048,100,6090.422432
-43125.519993,100,6090.905135
-48374.990017,100,6091.419005
-43784.289982,100,6091.897511
-43689.500069,100,6092.372325
-43730.479923,100,6092.848869
-42010.62999,100,6093.33539
-49086.149967,100,6093.816091
-48862.829975,100,6104.821244
-58159.679962,100,6105.337248
-50403.669956,100,6105.834065
-42097.259983,100,6106.318645
-47007.639965,100,6106.803349
-46248.35001,100,6107.294936
-45875.740051,100,6107.781382
-47219.309982,100,6108.269504
-44317.230011,100,6109.197061
-49915.490036,100,6109.74878
-46256.879986,100,6110.595792
-47406.570068,100,6111.31671
-46609.799953,100,6111.60013
-52089.129959,100,6111.836752
-39890.760017,100,6112.094935
-39479.209957,100,6112.356052
-41249.789955,100,6112.664112
-55335.35997,100,6112.974254
-52769.800026,100,6113.367892
-48830.960037,100,6113.653141
-51941.16,100,6125.439569
-42867.009991,100,6125.9519
-43047.479969,100,6126.442065
-42706.959949,100,6126.933504
-44263.860012,100,6127.426468
-45605.089977,100,6127.93276
-46655.540009,100,6128.424103
-42227.089954,100,6128.91263
-38349.80003,100,6129.402751
-45431.28009,100,6129.888557
-51336.190037,100,6130.381119
-54986.759964,100,6130.905948
-42901.470055,100,6131.393494
-45150.400013,100,6131.885472
-46544.939953,100,6132.371979
-48833.460052,100,6132.859564
-53450.300148,100,6133.363658
-42905.199993,100,6133.85389
-46264.41,100,6134.34212
-47531.330006,100,6134.829863
-45453.220001,100,6135.179241
-52996.489971,100,6145.838644
-54189.070065,100,6146.329856
-48070.099998,100,6146.813853
-44090.519981,100,6147.29775
-43153.730026,100,6147.785961
-48387.800011,100,6148.267761
-44189.409996,100,6148.748589
-41008.340057,100,6149.229758
-41250.879993,100,6149.71297
-39116.769947,100,6150.197675
-44193.719955,100,6151.380177
-48647.999996,100,6151.66075
-42088.139957,100,6151.991817
-37629.990059,100,6152.618443
-42880.16,100,6153.432919
-42581.919964,100,6153.955991
-44941.039948,100,6154.463398
-49835.889973,100,6155.151191
-49822.619984,100,6155.758445
-44117.419998,100,6156.242661
-44560.079998,100,6167.483546
-43736.32999,100,6167.985313
-47339.520042,100,6168.46854
-43608.620079,100,6168.965035
-49373.639969,100,6169.44989
-50235.780014,100,6169.936919
-45417.399994,100,6170.416778
-46760.669998,100,6170.908837
-52258.309998,100,6171.396061
-48364.060074,100,6171.887109
-54978.120029,100,6172.376124
-43327.209984,100,6172.861936
-39962.859993,100,6173.322615
-38814.209976,100,6173.818682
-52222.450005,100,6174.300219
-52543.140011,100,6174.782884
-52738.589993,100,6175.087166
-49611.649986,100,6175.302967
-40809.750042,100,6175.521934
-42821.449986,100,6175.726681
-35790.049973,100,6175.939494
-42763.400009,100,6185.664318
-50009.77002,100,6185.876369
-46120.010002,100,6186.08936
-43188.669964,100,6186.307408
-41703.249981,100,6186.521112
-42154.72002,100,6186.727943
-39818.419979,100,6186.932648
-47176.329956,100,6187.148111
-42576.609989,100,6187.360391
-47126.919964,100,6187.578912
-40460.250008,100,6187.787929
-40169.82,100,6187.996924
-46010.35997,100,6188.204908
-43681.699924,100,6188.430171
-43980.059986,100,6188.640167
-43771.539978,100,6188.852106
-52971.079967,100,6189.061409
-40153.430077,100,6189.272808
-51855.569965,100,6189.49026
-49993.070042,100,6189.697856
-52847.619949,100,6201.453912
-35394.010021,100,6201.95337
-46804.640018,100,6202.43651
-43213.669983,100,6202.793763
-48435.010021,100,6203.028159
-44644.900013,100,6203.288164
-54594.23,100,6203.537754
-45890.879974,100,6203.783167
-40194.399933,100,6204.027917
-46233.079971,100,6204.258862
-45955.249935,100,6204.495516
-48066.549953,100,6204.724453
-43670.640003,100,6205.121328
-55728.919991,100,6205.632028
-45048.200027,100,6206.118815
-44509.579983,100,6206.608924
-40511.270035,100,6207.093778
-47631.169949,100,6207.581587
-45407.579964,100,6208.078598
-43502.77998,100,6208.56766
-44190.360031,100,6209.060135
-46388.710033,100,6219.432622
-39484.809994,100,6219.931458
-42384.089966,100,6220.416916
-44891.429962,100,6220.905386
-46343.430023,100,6221.406924
-48136.70998,100,6221.895528
-48686.370007,100,6222.379237
-41623.809948,100,6222.864176
-41705.219963,100,6223.349805
-41718.999989,100,6223.833458
-45689.410069,100,6224.316352
-47114.799995,100,6224.81241
-48245.180069,100,6225.315476
-46394.389965,100,6225.805009
-50049.470066,100,6226.287086
-36280.249989,100,6226.769569
-47508.739971,100,6227.253494
-37459.199955,100,6227.783866
-40236.400032,100,6228.269506
-43646.619987,100,6228.755052
-45686.889954,100,6241.142414
-46136.85997,100,6241.358153
-42455.68,100,6241.5894
-50915.810028,100,6241.996871
-46606.029976,100,6242.470528
-50602.580105,100,6242.938495
-51331.009933,100,6243.410461
-41732.16,100,6243.878039
-47135.749981,100,6244.342653
-45474.959999,100,6244.847494
-37293.40995,100,6245.405118
-46277.290062,100,6245.912531
-50956.960026,100,6246.395525
-52515.860035,100,6246.872751
-48856.159962,100,6247.361931
-52721.490032,100,6247.842532
-46574.649982,100,6248.319315
-47386.589951,100,6248.795827
-47692.719986,100,6249.276047
-48721.519985,100,6249.75606
-49093.770092,100,6250.240884
-39804.689995,100,6259.876916
-44073.750015,100,6260.098835
-46521.089928,100,6260.308887
-37695.849987,100,6260.516347
-45746.580017,100,6260.771431
-48648.749996,100,6260.984711
-42544.830048,100,6261.197163
-44937.78997,100,6261.416698
-47428.840034,100,6261.656395
-46484.96003,100,6261.879017
-37696.840008,100,6262.085918
-40306.560024,100,6262.297622
-50243.540066,100,6262.510975
-49731.000008,100,6262.716587
-41252.830002,100,6262.920662
-49736.149971,100,6263.127733
-45209.410042,100,6263.338723
-47925.470024,100,6263.54949
-52217.430054,100,6263.753831
-42663.91,100,6263.965826
-42960.340054,100,6272.64719
-43558.050011,100,6273.143046
-41036.469971,100,6273.627952
-46186.610001,100,6274.109569
-37018.799965,100,6274.595084
-45468.969978,100,6275.089663
-47749.450027,100,6275.604619
-40328.009964,100,6276.578643
-42576.999966,100,6277.335347
-46514.139977,100,6278.313248
-49652.490036,100,6278.94519
-54918.500061,100,6279.700472
-50029.24004,100,6280.247131
-49329.410095,100,6280.775483
-44633.709995,100,6281.274657
-45989.529987,100,6281.760142
-38688.329987,100,6282.245173
-46083.28994,100,6282.730144
-41563.989964,100,6283.079738
-45145.89011,100,6283.29609
-40708.650043,100,6283.511001
-49129.489994,100,6292.90536
-46724.399967,100,6293.146742
-45892.310005,100,6293.385448
-48282.169956,100,6293.614166
-47579.820061,100,6293.826167
-46059.190086,100,6294.047994
-48219.740162,100,6294.260118
-44397.530048,100,6294.470109
-43293.050011,100,6294.698196
-41029.599991,100,6294.927055
-41621.719982,100,6295.171598
-49886.60006,100,6295.391593
-40294.140034,100,6295.604229
-49646.359913,100,6295.814945
-47919.579956,100,6296.024724
-42167.609993,100,6296.236094
-48478.109985,100,6296.443809
-40285.789967,100,6296.643883
-41293.239971,100,6296.846838
-47518.0,100,6297.055945
-41710.079952,100,6307.107354
-43008.610035,100,6307.613576
-40699.199924,100,6308.105139
-47986.990025,100,6308.605556
-41570.160049,100,6309.09932
-46128.460056,100,6309.592945
-41425.549976,100,6310.077103
-45605.549957,100,6310.564164
-52481.879974,100,6311.060494
-42962.759987,100,6311.559521
-53536.529949,100,6312.052397
-52945.619953,100,6312.568364
-43619.219975,100,6313.05558
-37666.219978,100,6313.548682
-41560.490017,100,6314.035106
-45923.72998,100,6314.5179
-43109.159981,100,6315.016255
-41412.140015,100,6315.517609
-50424.490028,100,6316.003736
-42573.679981,100,6316.488119
-47279.630119,100,6316.975918
-51219.820065,100,6329.481211
-40569.069958,100,6329.983202
-44461.999981,100,6330.469217
-48822.230034,100,6330.960203
-43125.869953,100,6331.44948
-46869.56995,100,6331.934797
-44254.95005,100,6332.435099
-36314.330013,100,6332.917437
-38415.399998,100,6333.426899
-43328.629986,100,6333.915296
-47149.629936,100,6334.399793
-41775.240017,100,6334.886118
-48709.539959,100,6335.392251
-37393.939999,100,6335.884071
-49711.999996,100,6336.367504
-42103.589966,100,6336.851226
-44796.879974,100,6337.335773
-43717.10004,100,6337.823152
-45380.929996,100,6338.307356
-44677.579941,100,6338.800736
-46965.580025,100,6349.391542
-39557.029987,100,6349.896518
-44025.349987,100,6350.3808
-45445.310062,100,6350.875326
-52509.949955,100,6351.371356
-41130.120033,100,6351.867062
-42525.270035,100,6352.370605
-39142.930061,100,6352.867988
-53039.350018,100,6353.35412
-42522.770027,100,6353.843258
-49350.120033,100,6354.330082
-44128.299995,100,6354.82557
-42087.490009,100,6355.329419
-39415.990002,100,6355.825417
-44037.749947,100,6356.31103
-43182.469936,100,6356.79841
-43687.690029,100,6357.289409
-35103.939949,100,6357.778775
-37723.079967,100,6358.266539
-38294.569962,100,6358.758456
-40229.219963,100,6359.245373
-47605.529953,100,6371.450723
-40874.590092,100,6371.959115
-44595.100056,100,6372.465127
-50670.239979,100,6372.964247
-48267.290062,100,6373.451498
-39583.560001,100,6373.936981
-40015.350048,100,6374.42616
-36373.939964,100,6374.916028
-38463.469963,100,6415.781345
-33636.509933,100,6416.263443
-41723.199951,100,6416.743513
-36570.369987,100,6417.237598
-49000.839985,100,6417.728599
-43249.280029,100,6418.216102
-43887.62999,100,6418.704473
-52191.539982,100,6419.193356
-49281.28006,100,6419.681427
-52200.340019,100,6420.167218
-45691.899971,100,6420.660003
-42663.039986,100,6421.152091
-44266.940018,100,6430.319787
-47797.849998,100,6430.556933
-52757.709984,100,6430.785941
-42960.969982,100,6431.018863
-49060.880028,100,6431.23703
-52295.890034,100,6431.458057
-40846.339951,100,6431.675894
-49533.260086,100,6431.886061
-42817.12999,100,6432.09837
-44956.859978,100,6432.326191
-51895.65004,100,6432.543089
-46164.629951,100,6432.762381
-41489.299969,100,6432.990258
-34137.389977,100,6433.207228
-45631.75996,100,6433.425406
-42056.980015,100,6433.633296
-40306.079948,100,6433.84206
-45190.049973,100,6434.056105
-51129.549938,100,6434.27402
-52160.95005,100,6434.511975
-40435.259991,100,6434.742985
-41814.500053,100,6445.757081
-49356.840061,100,6446.011701
-40971.150021,100,6446.487952
-47131.18998,100,6446.772855
-42031.049953,100,6447.025694
-39763.389977,100,6447.301187
-44978.569927,100,6447.647108
-40956.969948,100,6447.990655
-41752.069981,100,6448.343841
-48530.040039,100,6448.582134
-47895.709961,100,6448.799089
-48154.099979,100,6449.019729
-48690.300014,100,6449.229137
-47140.810017,100,6449.443377
-40263.160065,100,6449.657386
-33231.939983,100,6449.864803
-47361.690044,100,6450.069179
-42869.369965,100,6450.280505
-41688.749962,100,6450.493438
-40785.340038,100,6450.705911
-41574.010025,100,6460.386226
-37165.550037,100,6460.604006
-50602.689938,100,6460.825779
-46000.080048,100,6461.065812
-47700.979969,100,6461.272584
-51455.890049,100,6461.488357
-47703.350086,100,6461.715761
-45977.720047,100,6461.927015
-47627.690037,100,6462.137373
-51336.950104,100,6462.341311
-42750.909996,100,6462.550968
-34577.039936,100,6462.754823
-42398.309944,100,6462.962175
-45812.880032,100,6463.182683
-45134.949982,100,6463.394339
-43004.479965,100,6463.607207
-43998.950005,100,6463.812496
-42619.109962,100,6464.02093
-50373.629951,100,6464.228758
-35772.469952,100,6464.47323
-41240.209934,100,6464.973099
-45876.710033,100,6475.65119
-50927.930069,100,6476.132374
-36698.35997,100,6476.611124
-46977.14996,100,6477.090359
-41100.910019,100,6477.579053
-36773.100029,100,6478.060861
-41788.980003,100,6478.54517
-41542.129982,100,6479.028947
-48195.299969,100,6479.511591
-43914.869957,100,6479.995074
-42642.899975,100,6480.49861
-38867.409969,100,6480.990944
-40612.189976,100,6481.478798
-48530.600056,100,6481.978846
-46755.200035,100,6482.463913
-42826.030056,100,6482.949129
-37575.759995,100,6483.439884
-46829.650021,100,6483.925381
-38977.270088,100,6484.416036
-41267.349987,100,6484.910375
-48415.349979,100,6496.865782
-50886.750027,100,6497.125742
-44192.360008,100,6497.372171
-46793.199978,100,6497.609822
-47298.590015,100,6497.833859
-46657.039993,100,6498.053138
-49726.229977,100,6498.265657
-45451.349972,100,6498.475767
-46380.599957,100,6498.684002
-39955.37999,100,6498.894212
-41196.249989,100,6499.116629
-45705.429928,100,6499.327385
-47342.499985,100,6499.542675
-41344.899952,100,6499.752739
-41131.729984,100,6499.993637
-51246.129978,100,6500.206539
-46856.240032,100,6500.424757
-38971.929993,100,6500.634657
-38896.669949,100,6500.864073
-42983.489971,100,6501.082738
-48183.750027,100,6501.301328
-50606.960003,100,6511.019901
-43081.379932,100,6511.502311
-37645.199993,100,6511.987678
-48260.310005,100,6512.472101
-50614.279957,100,6512.949617
-36944.519981,100,6513.429317
-51526.750061,100,6513.907312
-39869.409916,100,6514.395235
-51403.860069,100,6514.882681
-49259.44997,100,6515.383973
-48570.410007,100,6515.870172
-42691.959972,100,6516.348323
-53161.829979,100,6516.832736
-39773.099972,100,6517.307241
-37869.470016,100,6517.788147
-50985.160046,100,6518.26408
-44260.919922,100,6518.740738
-42678.190006,100,6519.214705
-48340.769966,100,6519.694343
-45431.930046,100,6520.170851
-46667.679974,100,6530.708637
-40529.149998,100,6531.346851
-43333.100082,100,6532.047646
-49969.540016,100,6532.726586
-47073.390022,100,6533.414354
-47192.89996,100,6533.949346
-50726.860001,100,6534.440886
-42988.030041,100,6534.936135
-47166.139961,100,6535.43459
-48330.639965,100,6535.922496
-45061.460056,100,6536.405957
-46340.140018,100,6536.889106
-47986.510048,100,6537.372
-42229.269951,100,6537.864353
-45208.539997,100,6538.355079
-42182.559967,100,6538.86153
-50663.219994,100,6539.405259
-46763.150074,100,6539.891488
-52869.770027,100,6540.374695
-45538.350048,100,6540.860431
-47118.219975,100,6541.347944
-46402.220005,100,6552.493109
-50247.719997,100,6552.992035
-39086.599972,100,6553.498241
-44150.130013,100,6553.997635
-43840.340023,100,6554.495187
-47155.119972,100,6554.999624
-41055.290001,100,6555.511252
-57548.83004,100,6556.012571
-45917.610043,100,6556.509854
-40448.309956,100,6557.00719
-47042.680058,100,6557.497579
-43089.280003,100,6557.994376
-45519.560013,100,6558.494505
-43618.329956,100,6558.99488
-45401.829987,100,6559.492911
-47921.630024,100,6559.984931
-44700.710056,100,6560.470337
-40493.490036,100,6560.954155
-35567.029964,100,6561.439402
-37314.149963,100,6561.929782
-48697.790031,100,6574.709519
-46329.319965,100,6575.228746
-43862.650002,100,6575.738114
-40760.630009,100,6576.238106
-48342.27998,100,6576.72954
-44908.329979,100,6577.215333
-50192.570107,100,6577.697991
-45675.889984,100,6578.185974
-45565.099991,100,6578.671515
-39234.230019,100,6579.166003
-35679.829967,100,6579.654331
-42985.369965,100,6580.157695
-47729.790047,100,6580.673115
-34358.829956,100,6581.174553
-41281.309933,100,6581.658875
-46966.259983,100,6582.151871
-40951.639992,100,6582.651046
-51750.049992,100,6583.136833
-46181.550026,100,6583.624635
-44744.920071,100,6584.109456
-44462.32999,100,6594.000658
-39024.519966,100,6594.530484
-51940.839939,100,6595.032179
-43807.959969,100,6595.544947
-41559.879974,100,6596.042566
-43581.879936,100,6596.536575
-41289.919971,100,6597.029803
-49779.85004,100,6597.522374
-42172.22002,100,6598.017785
-45264.699997,100,6598.506738
-45888.010021,100,6598.993803
-46559.309959,100,6599.48066
-47387.600002,100,6599.969395
-42258.240013,100,6600.456765
-53771.409962,100,6600.947472
-48834.359943,100,6601.437359
-42425.099976,100,6601.92341
-46320.630081,100,6602.41758
-49111.819977,100,6602.908419
-46021.009964,100,6603.405957
-47393.259998,100,6603.894634
-50961.480042,100,6616.884404
-42333.489964,100,6617.100707
-43816.56002,100,6617.30965
-46953.380051,100,6617.524832
-38846.439999,100,6617.736737
-46483.96999,100,6617.952348
-44447.409966,100,6618.156751
-46068.050003,100,6618.35512
-43827.269966,100,6618.562183
-43836.209969,100,6618.763863
-38176.050003,100,6618.982761
-39513.489944,100,6619.189429
-52171.400024,100,6619.396055
-42975.169956,100,6619.655791
-40473.449951,100,6619.900621
-43732.499985,100,6620.113802
-43063.980034,100,6620.319045
-50188.000031,100,6620.528534
-46560.680058,100,6620.737468
-40984.399979,100,6620.962215
-37285.249954,100,6631.211352
-40856.509998,100,6631.708152
-41482.489964,100,6632.187856
-50017.46999,100,6632.670519
-47424.330002,100,6633.147052
-47342.510052,100,6633.624261
-45764.939976,100,6634.098639
-38968.010006,100,6634.583562
-39548.499981,100,6635.085947
-41753.280014,100,6635.584017
-45891.469952,100,6636.065237
-39183.90995,100,6636.546853
-43996.539993,100,6637.039972
-45496.989956,100,6637.549233
-47559.720028,100,6638.042154
-42716.149937,100,6638.52096
-43363.009941,100,6638.994396
-44364.829975,100,6639.469124
-45705.04998,100,6639.95019
-43594.029953,100,6640.436408
-53007.270092,100,6640.913733
-48742.119965,100,6651.105261
-40183.339996,100,6651.597591
-37663.489998,100,6652.082808
-45992.68998,100,6652.586053
-55957.530037,100,6653.211431
-42233.299988,100,6653.819311
-42302.94997,100,6654.062134
-43092.499977,100,6654.39166
-49259.589912,100,6654.975031
-47414.830017,100,6655.331099
-44487.250027,100,6655.856333
-47523.960026,100,6656.137106
-43279.759945,100,6656.637794
-51218.999992,100,6657.02376
-42624.010017,100,6657.274829
-49625.860016,100,6657.608923
-48974.599976,100,6657.863038
-43356.960072,100,6658.091371
-47560.830059,100,6658.305612
-40570.709957,100,6658.518912
-46045.999981,100,6668.072531
-43070.97015,100,6668.577167
-46561.720001,100,6669.066266
-38258.289948,100,6669.549417
-48325.13995,100,6670.032946
-50646.279964,100,6670.516941
-50104.260002,100,6671.004837
-43541.039959,100,6671.489591
-53018.389957,100,6671.974952
-47943.52,100,6672.463828
-46241.130005,100,6672.963248
-39401.18998,100,6673.449685
-48590.310009,100,6673.943404
-53707.98996,100,6674.438768
-45877.890083,100,6674.933538
-39323.700035,100,6675.4385
-42579.410061,100,6675.929306
-41383.90995,100,6676.412649
-43281.079998,100,6676.896736
-39266.720047,100,6677.379343
-47052.729977,100,6677.867538
-48182.700001,100,6688.284943
-46435.900002,100,6688.792243
-49426.739986,100,6689.270296
-48442.169945,100,6689.749106
-40572.070034,100,6690.223429
-45250.92001,100,6690.705729
-51398.159966,100,6691.183749
-46483.550014,100,6691.663949
-49424.409985,100,6692.13799
-40415.639942,100,6692.615304
-48828.450069,100,6693.112986
-47700.689949,100,6693.591215
-53674.630085,100,6694.065408
-41229.869984,100,6694.542656
-47232.539913,100,6695.037209
-49773.89999,100,6695.700483
-41658.119968,100,6696.335866
-51296.959949,100,6696.895466
-36330.270016,100,6697.718702
-44319.10997,100,6698.426984
-50537.329971,100,6709.119316
-46102.719967,100,6709.346453
-53375.560051,100,6709.575464
-40948.650047,100,6709.788088
-42319.640011,100,6709.999424
-50652.390141,100,6710.215835
-45587.689987,100,6710.43694
-44084.210011,100,6710.646803
-48104.519943,100,6710.857262
-40760.780079,100,6711.075572
-50969.479969,100,6711.293828
-56446.409969,100,6711.510264
-40918.029984,100,6711.723568
-46712.379982,100,6711.943965
-39014.440029,100,6712.181256
-44676.359943,100,6712.406981
-38312.989956,100,6712.625079
-39511.779987,100,6712.84616
-43846.200005,100,6713.062972
-42963.029953,100,6713.278193
-43987.699986,100,6713.498157
-42013.89003,100,6723.681552
-38075.729973,100,6724.187121
-43278.059948,100,6724.68105
-45607.940048,100,6725.187472
-41999.449955,100,6725.701042
-46354.310001,100,6726.202524
-47858.350037,100,6726.696397
-47630.740044,100,6727.191963
-46616.389957,100,6727.703635
-44659.580006,100,6728.190455
-47158.579987,100,6728.683877
-42634.789967,100,6729.170883
-47646.629971,100,6729.65855
-54175.470028,100,6730.145972
-33727.46999,100,6730.631592
-43189.509979,100,6731.115765
-61336.300011,100,6731.604615
-50783.999981,100,6732.093709
-48436.350048,100,6732.584055
-39924.110001,100,6733.082088
-44474.259949,100,6746.986315
-42961.289955,100,6747.227833
-42260.919983,100,6747.458119
-46432.619968,100,6747.691471
-47651.160061,100,6747.942815
-44175.799973,100,6748.228541
-39836.620007,100,6748.491935
-46654.449963,100,6748.748155
-40532.09996,100,6748.989581
-47247.869984,100,6749.229989
-50502.689953,100,6749.458982
-48510.669994,100,6749.685493
-45054.209969,100,6749.908368
-37910.019947,100,6750.131507
-41385.870075,100,6750.350689
-38764.290001,100,6750.579995
-42394.209957,100,6750.804856
-48691.909985,100,6751.026057
-46095.090004,100,6751.255129
-37438.340015,100,6751.476882
-47940.409973,100,6751.69995
-50928.360039,100,6761.924114
-47779.489975,100,6762.17385
-37845.809978,100,6762.432297
-49780.070004,100,6762.691948
-46784.7201,100,6762.939555
-45779.549995,100,6763.201764
-44261.939995,100,6763.451577
-44685.869972,100,6763.684602
-49513.279991,100,6763.926913
-40390.919979,100,6764.150383
-43261.970028,100,6764.373258
-47355.429977,100,6764.657143
-49366.129974,100,6764.896657
-40614.179955,100,6765.141266
-41752.609982,100,6765.388144
-45500.150028,100,6765.671938
-48423.459999,100,6765.910616
-47629.329948,100,6766.135337
-49114.800026,100,6766.357132
-45012.970009,100,6766.583448
-40684.359997,100,6777.459166
-45269.360016,100,6777.959479
-45060.039974,100,6778.449753
-48022.099937,100,6778.945098
-42175.56004,100,6779.58154
-41867.059998,100,6780.121856
-43718.610046,100,6781.087001
-37530.139965,100,6781.73524
-44329.07996,100,6782.496299
-43897.629959,100,6783.071548
-41677.749989,100,6783.594405
-47422.780132,100,6784.099466
-52597.73008,100,6784.603618
-42681.209972,100,6785.114779
-40288.509937,100,6785.614668
-40796.709957,100,6786.125412
-45579.45002,100,6786.609667
-48985.379993,100,6787.104243
-45474.849953,100,6787.589682
-43867.989956,100,6788.072489
-52076.219967,100,6788.555227
-36346.089958,100,6798.122956
-45572.380009,100,6798.340954
-51086.390087,100,6798.555371
-45354.909954,100,6798.767005
-38361.610004,100,6798.976002
-47533.339958,100,6799.184483
-53375.359978,100,6799.393422
-44181.890045,100,6799.605909
-44085.930016,100,6799.814034
-40337.980015,100,6800.020722
-44985.510021,100,6800.226227
-43740.899971,100,6800.441819
-44592.680138,100,6800.650413
-34755.919949,100,6800.859554
-50351.859989,100,6801.063972
-44520.399998,100,6801.272591
-39400.669968,100,6801.488963
-42125.629978,100,6801.698621
-42771.499905,100,6801.90687
-43953.600006,100,6802.109789
-40589.280022,100,6811.844818
-51958.629986,100,6812.059904
-52620.689991,100,6812.266882
-51208.240005,100,6812.47709
-37069.509964,100,6812.71901
-47924.04998,100,6812.926963
-43420.459991,100,6813.149325
-46946.399948,100,6813.371105
-38181.489929,100,6813.581328
-43963.040062,100,6813.793634
-43349.520027,100,6813.994004
-52889.610035,100,6814.205155
-46226.090012,100,6814.415625
-49649.390064,100,6814.656152
-43544.189957,100,6814.972389
-48493.359959,100,6815.24723
-41103.19001,100,6815.736595
-54200.390095,100,6816.219949
-48206.880039,100,6816.695803
-49277.480049,100,6817.175184
-39069.759998,100,6817.64456
-40835.569927,100,6828.956584
-45449.459999,100,6829.175968
-39672.220001,100,6829.385563
-48511.450039,100,6829.603091
-43922.919987,100,6829.811678
-41848.040001,100,6830.022709
-40883.580025,100,6830.237222
-44044.04002,100,6830.457167
-43788.689953,100,6830.668703
-44552.130043,100,6830.879891
-43732.07,100,6831.093618
-53791.160027,100,6831.361403
-37408.879993,100,6831.61946
-43175.400043,100,6831.879859
-46426.379982,100,6832.12164
-42319.300003,100,6832.372141
-37929.949951,100,6832.597461
-41507.539997,100,6832.817571
-45335.299976,100,6833.035549
-47468.420086,100,6833.251042
-47015.989994,100,6843.058372
-48457.409981,100,6843.553756
-48130.889988,100,6844.033822
-47964.989975,100,6844.508722
-39476.789917,100,6845.006864
-43672.209972,100,6845.504148
-46600.399948,100,6845.988263
-40583.729935,100,6846.493636
-49835.949989,100,6846.979748
-38691.459984,100,6847.465065
-37128.359997,100,6847.952205
-43642.079956,100,6848.429679
-47752.149967,100,6848.926594
-43263.669983,100,6849.408637
-47696.459949,100,6849.888017
-46193.239948,100,6850.362093
-41578.099941,100,6850.843611
-48184.970119,100,6892.644899
-38749.549999,100,6893.125741
-49543.460003,100,6893.606792
-39267.750057,100,6894.110234
-45206.420021,100,6906.115586
-45454.749985,100,6906.671151
-48258.470039,100,6907.479472
-42490.099995,100,6907.73106
-41398.360016,100,6907.978219
-43475.800129,100,6908.22066
-43212.260075,100,6908.544154
-47329.640007,100,6908.835217
-45223.26004,100,6909.13524
-42221.279984,100,6909.498604
-44543.829979,100,6909.90007
-47333.419991,100,6910.154613
-42817.160053,100,6910.388721
-47180.260014,100,6910.623477
-48008.770054,100,6910.846793
-38889.639965,100,6911.076191
-44693.03997,100,6911.31167
-47803.959976,100,6911.547247
-43462.240025,100,6911.77725
-43162.540012,100,6912.001434
-46604.599957,100,6922.545362
-51072.879971,100,6923.042613
-41459.199959,100,6923.528592
-49346.850014,100,6924.026245
-42971.969959,100,6924.512338
-38726.859985,100,6925.009481
-44742.879951,100,6925.511516
-49227.689968,100,6926.005343
-42034.490028,100,6926.491413
-44298.779995,100,6926.978034
-40546.619972,100,6927.467444
-44476.709999,100,6927.956956
-46720.959976,100,6928.442815
-44544.310009,100,6928.930971
-51608.240032,100,6929.434407
-46219.500095,100,6929.919253
-50009.750061,100,6930.407534
-48010.339966,100,6930.903909
-43675.169945,100,6931.401634
-44203.359974,100,6931.892988
-41446.860004,100,6932.380965
-50820.409966,100,6942.770664
-45177.120029,100,6943.26167
-46068.939995,100,6943.757232
-43709.510002,100,6944.261174
-43360.460018,100,6944.749069
-50731.020016,100,6945.263186
-47405.460052,100,6945.765729
-52015.800156,100,6946.40485
-44173.80994,100,6946.90323
-49525.100021,100,6947.164323
-33891.589993,100,6947.455584
-52492.319996,100,6947.720678
-48229.030045,100,6948.548196
-39855.049957,100,6949.133636
-46719.929989,100,6949.80407
-47302.420029,100,6950.336688
-51652.500027,100,6950.863577
-49558.150017,100,6951.367514
-36648.089981,100,6951.848692
-38902.059937,100,6952.326557
-44502.990028,100,6963.267825
-50315.269932,100,6963.491351
-50477.120003,100,6963.702876
-44389.809998,100,6963.909915
-46299.269997,100,6964.131519
-45196.469982,100,6964.355802
-44698.700031,100,6964.570409
-55164.62994,100,6964.796658
-48160.140018,100,6965.023746
-51453.479958,100,6965.253253
-42283.249989,100,6965.484766
-52564.580025,100,6965.695403
-45813.690067,100,6965.906997
-52017.080063,100,6966.115374
-47509.320026,100,6966.329083
-44853.120049,100,6966.542841
-47398.110001,100,6966.744078
-48228.520008,100,6966.947621
-44307.600033,100,6967.154773
-48857.650066,100,6967.373551
-41846.82003,100,6967.588352
-41444.999973,100,6976.719501
-43411.780025,100,6977.206254
-44334.370079,100,6977.68733
-34632.390022,100,6978.170225
-40606.249985,100,6978.644949
-40584.649979,100,6979.123295
-41946.669983,100,6979.599974
-39832.329983,100,6980.077626
-48915.029987,100,6980.553521
-50677.049969,100,6981.02855
-44387.139988,100,6981.506243
-45905.469959,100,6981.988387
-42344.749977,100,6982.463832
-49843.440052,100,6982.94992
-43429.179974,100,6983.42695
-50529.97998,100,6983.902823
-40942.240017,100,6984.377234
-37528.13995,100,6984.863652
-43625.299965,100,6985.35731
-38601.819916,100,6985.84676
-47647.52998,100,6998.436426
-49578.82,100,6998.945209
-41822.859993,100,6999.457559
-41541.749977,100,6999.960124
-43339.419991,100,7000.456712
-53170.850018,100,7000.941619
-50059.689964,100,7001.43052
-50506.84008,100,7001.917161
-45982.020004,100,7002.405052
-45866.119976,100,7002.889454
-39426.409981,100,7003.382514
-42637.659985,100,7003.876535
-41419.969971,100,7004.373964
-51232.889973,100,7004.864943
-45076.110065,100,7005.368685
-45132.889984,100,7005.865587
-47003.469955,100,7006.349914
-41795.890038,100,7006.838303
-43844.959961,100,7007.322119
-44603.539989,100,7007.818866
-45910.149998,100,7008.301993
-43779.86998,100,7018.52753
-49813.610043,100,7019.020085
-44939.639996,100,7019.506935
-41020.529999,100,7019.990711
-44823.290062,100,7020.477737
-38970.969986,100,7020.967026
-50323.029991,100,7021.450983
-45867.159973,100,7021.939582
-40454.510048,100,7022.421454
-37078.919952,100,7022.908967
-52966.870003,100,7023.396016
-47737.279968,100,7023.878537
-43725.269981,100,7024.360378
-42436.550022,100,7024.866676
-46153.829987,100,7025.370304
-39321.029961,100,7025.872128
-53418.85994,100,7026.357431
-43461.479973,100,7026.845654
-37530.349949,100,7027.33047
-40707.579948,100,7027.826925
-49268.669979,100,7042.048216
-43579.139957,100,7042.545997
-46862.410007,100,7043.032378
-51319.959938,100,7043.545557
-40167.489986,100,7044.034485
-47172.310036,100,7044.530144
-45601.010067,100,7045.027854
-51658.230026,100,7045.533108
-46344.359989,100,7046.023762
-43369.190014,100,7046.511045
-40567.339958,100,7047.000549
-39880.290024,100,7047.486876
-45710.289974,100,7047.986671
-42265.579945,100,7048.479537
-51197.329975,100,7048.96792
-40487.84996,100,7049.457887
-36249.089966,100,7049.947642
-41290.149956,100,7050.436642
-42452.910038,100,7050.924368
-44855.520023,100,7051.412792
-46061.180077,100,7051.906897
-42334.489983,100,7063.031901
-45156.810001,100,7063.513994
-33623.359993,100,7063.999409
-39681.419975,100,7064.480107
-45000.359974,100,7064.981097
-48795.02998,100,7065.480358
-45060.819973,100,7065.971612
-47380.229992,100,7066.452907
-47875.020031,100,7066.94236
-49882.860023,100,7067.428816
-41125.170002,100,7067.912869
-50042.240025,100,7068.405552
-46809.410015,100,7068.886563
-46554.089954,100,7069.371381
-39855.689999,100,7069.852107
-53464.789997,100,7070.33444
-50737.729969,100,7070.817974
-44116.119976,100,7071.301572
-50460.930099,100,7072.269122
-45473.740082,100,7072.570798
-46063.049969,100,7085.778677
-45143.259975,100,7086.258151
-38242.149979,100,7086.738918
-44020.890038,100,7087.219326
-44824.579994,100,7087.699759
-41658.810024,100,7088.181323
-48361.10997,100,7088.423947
-41496.320019,100,7088.635709
-39507.159985,100,7088.84563
-42088.359928,100,7089.054417
-42941.909969,100,7089.257472
-42459.809971,100,7089.475374
-40417.309971,100,7089.680925
-37321.119991,100,7089.891205
-43459.519997,100,7090.101878
-44769.679977,100,7090.307492
-46719.67004,100,7090.522509
-41288.040028,100,7090.732379
-44721.74995,100,7090.9355
-52449.01004,100,7091.147086
-39695.890011,100,7100.620557
-39171.060024,100,7100.857101
-45905.349968,100,7101.084918
-42697.609982,100,7101.314873
-43215.040043,100,7101.553836
-45671.380013,100,7101.782207
-47787.990063,100,7102.006164
-46289.449982,100,7102.227373
-33971.689953,100,7102.455335
-41703.079922,100,7102.682222
-48100.459949,100,7102.907095
-39118.069965,100,7103.124831
-50723.359932,100,7103.342856
-48799.049934,100,7103.573089
-57456.640087,100,7103.795748
-53266.870033,100,7104.018077
-45072.340031,100,7104.237026
-48672.989986,100,7104.460101
-44591.469982,100,7104.758817
-50028.829994,100,7105.005741
-48524.629978,100,7105.247228
-43539.099979,100,7116.966404
-40335.580063,100,7117.218253
-39293.799984,100,7117.470527
-50517.220066,100,7117.725783
-41639.379993,100,7117.971545
-41234.53997,100,7118.24112
-47402.910011,100,7118.830621
-46473.849957,100,7119.430969
-44524.200012,100,7119.93696
-43870.129955,100,7120.17533
-42178.949951,100,7120.400313
-40482.249989,100,7120.622994
-43040.910099,100,7120.832493
-34724.249954,100,7121.043649
-50582.019962,100,7121.253541
-39704.979965,100,7121.472478
-43590.420055,100,7121.688433
-39620.529972,100,7121.896118
-36996.300003,100,7122.101104
-49710.189934,100,7122.314322
-52118.95005,100,7132.933238
-44726.490047,100,7133.442503
-44188.599987,100,7133.930949
-48311.180031,100,7134.43091
-40805.569996,100,7134.927771
-49357.019981,100,7135.429959
-53699.679985,100,7135.92539
-41830.839916,100,7136.410889
-42262.660061,100,7136.897132
-46139.540058,100,7137.383238
-46700.879974,100,7137.893151
-42197.460003,100,7138.381383
-41631.479988,100,7138.874534
-44773.060024,100,7139.374492
-42295.029953,100,7139.880804
-42920.760063,100,7140.373377
-38490.860035,100,7140.864494
-39520.380047,100,7141.350782
-39055.95998,100,7141.842842
-47754.710011,100,7142.325793
-44693.769962,100,7142.826832
-49520.43005,100,7153.890557
-50190.309967,100,7154.380652
-37398.669983,100,7154.870463
-41269.520061,100,7155.382461
-52201.430054,100,7156.280833
-48260.280025,100,7156.531195
-39235.939972,100,7156.804446
-47025.79995,100,7157.09701
-44334.639969,100,7157.811531
-48552.490044,100,7158.626938
-46937.879948,100,7158.872446
-41082.049976,100,7159.093434
-52835.069969,100,7159.721034
-41621.230034,100,7160.269469
-39925.730057,100,7160.813624
-41129.829975,100,7161.360158
-35756.949989,100,7161.933328
-43162.539959,100,7162.494442
-51263.180058,100,7163.018853
-42181.660011,100,7163.524544
-47972.139977,100,7176.785949
-42185.499969,100,7177.001943
-44181.759975,100,7177.213059
-49361.349979,100,7177.422236
-45326.620022,100,7177.64132
-53069.710068,100,7177.847163
-30375.769958,100,7178.055185
-41902.720058,100,7178.262823
-46686.579967,100,7178.470197
-46009.929924,100,7178.681331
-49146.010014,100,7178.890095
-48443.87999,100,7179.108355
-40145.810059,100,7179.314881
-47148.44997,100,7179.524614
-45671.659969,100,7179.731944
-45536.279995,100,7179.936257
-49298.350033,100,7180.144072
-39456.339981,100,7180.348189
-48180.869984,100,7180.564117
-59351.420059,100,7180.785378
-46722.589993,100,7180.99148
-48673.719959,100,7190.78119
-41781.770016,100,7190.997622
-49012.479996,100,7191.207468
-50633.43008,100,7191.426324
-42091.019981,100,7191.643628
-46788.849976,100,7191.850778
-46337.44001,100,7192.070097
-43905.709953,100,7192.282096
-44221.700024,100,7192.500198
-46187.809994,100,7192.718786
-37228.559978,100,7192.946785
-39462.929943,100,7193.159017
-42220.360016,100,7193.370122
-48441.799946,100,7193.590078
-49443.710033,100,7193.797342
-40539.449966,100,7194.001564
-42823.500023,100,7194.218975
-47546.059975,100,7194.432649
-41315.909996,100,7194.682795
-37935.39994,100,7194.999565
-43230.859966,100,7208.681959
-37947.289944,100,7209.217806
-38456.599987,100,7209.729071
-41958.430008,100,7210.225492
-42595.47998,100,7210.716672
-45381.240005,100,7211.201326
-50169.670059,100,7211.702053
-44306.599983,100,7212.190645
-51592.169952,100,7212.680837
-41106.26997,100,7213.165637
-43123.079975,100,7213.652404
-45194.089989,100,7214.13905
-51486.799973,100,7214.640163
-48038.649952,100,7215.127939
-43578.669987,100,7215.628212
-44057.479977,100,7216.112864
-48665.120056,100,7216.596041
-37994.729931,100,7217.090333
-41295.909996,100,7217.570861
-41204.639946,100,7218.048189
-42483.77993,100,7218.523486
-45861.339973,100,7228.136815
-46077.879974,100,7228.625836
-48160.110016,100,7229.115858
-40694.230034,100,7229.603968
-45037.519955,100,7230.0907
-47308.269966,100,7230.575059
-47740.670052,100,7231.059842
-43207.979969,100,7231.542485
-44886.019974,100,7232.036616
-43488.030102,100,7232.523586
-44647.850021,100,7233.017462
-46382.289951,100,7233.501575
-50975.970009,100,7233.985513
-44721.960007,100,7234.469948
-45112.920013,100,7234.957134
-47618.48003,100,7235.457926
-49206.799973,100,7235.950494
-51710.789986,100,7236.434433
-43028.210022,100,7236.914922
-45979.420013,100,7237.427535
-46187.870007,100,7250.341636
-48450.279995,100,7250.865755
-53212.21999,100,7251.367141
-42462.699997,100,7251.883986
-48703.699951,100,7252.370385
-44768.310024,100,7252.85423
-52457.889977,100,7253.340937
-47995.369991,100,7253.826403
-44004.890041,100,7254.323535
-49798.610012,100,7254.849106
-50305.919971,100,7255.354397
-40748.509953,100,7255.869795
-47767.91003,100,7256.358466
-41637.859974,100,7256.851558
-50435.040051,100,7257.334405
-43375.019981,100,7257.819974
-41031.89996,100,7258.302756
-47449.560036,100,7258.787827
-44915.619976,100,7259.273845
-48099.020012,100,7259.756433
-45510.139969,100,7260.238608
-49219.519981,100,7269.975165
-42528.149971,100,7270.198832
-42845.970097,100,7270.416724
-53717.08007,100,7270.624701
-44997.479992,100,7270.825854
-45757.279987,100,7271.035793
-49017.149967,100,7271.241013
-45328.330032,100,7271.451668
-41415.339989,100,7271.673238
-39608.029987,100,7271.876517
-47662.650059,100,7272.083162
-45409.420044,100,7272.291982
-35180.06995,100,7272.501821
-41580.750023,100,7272.71216
-47200.170029,100,7272.91966
-49681.800053,100,7273.12881
-41938.460079,100,7273.34046
-40730.809944,100,7273.552122
-50968.139961,100,7273.7582
-42715.079983,100,7273.966385
-40846.320011,100,7286.767333
-43264.350037,100,7287.006308
-45509.360012,100,7287.23856
-41115.170013,100,7287.471596
-47287.760075,100,7287.696145
-40429.160023,100,7287.916724
-45186.039974,100,7288.139421
-49191.649956,100,7288.363638
-47709.44001,100,7288.587746
-39424.349945,100,7288.80932
-36378.250008,100,7289.032694
-41577.219994,100,7289.254028
-50626.180016,100,7289.480815
-43279.440083,100,7289.704596
-48086.329945,100,7289.953045
-55209.170074,100,7290.182192
-46809.739948,100,7290.418166
-50359.809967,100,7290.641002
-45107.479992,100,7290.862743
-53768.129951,100,7291.082322
-43055.039967,100,7291.331612
-51412.780006,100,7302.372788
-49235.350052,100,7302.862939
-49127.729954,100,7303.347509
-52116.899975,100,7303.82969
-46066.309998,100,7304.310121
-49296.389996,100,7304.797803
-43479.719975,100,7305.293908
-44533.240128,100,7305.791939
-51009.330048,100,7306.085061
-42910.66991,100,7306.293598
-38703.610031,100,7306.496741
-41343.589954,100,7306.698871
-50741.949978,100,7306.903802
-35585.22998,100,7307.109904
-49845.609997,100,7307.319438
-51925.240002,100,7307.534823
-44853.640038,100,7307.76489
-47038.219933,100,7307.976079
-44644.389992,100,7308.183017
-46918.93996,100,7308.401287
-45823.379971,100,7317.429255
-46324.569992,100,7317.64564
-47768.389996,100,7317.855438
-40968.83004,100,7318.067288
-38361.099995,100,7318.278469
-54107.450031,100,7318.495791
-53384.349987,100,7318.709234
-53186.929993,100,7318.922156
-48693.279961,100,7319.138291
-44919.690018,100,7319.345937
-45831.590031,100,7319.562683
-42608.979958,100,7319.769293
-52554.779995,100,7319.975039
-44991.659992,100,7320.245946
-37892.819984,100,7320.472692
-49332.99012,100,7320.687144
-42005.040092,100,7321.064127
-52492.350033,100,7321.537912
-49841.610043,100,7322.01526
-44575.989967,100,7322.489092
-40136.839977,100,7322.961892
-50175.079987,100,7335.914739
-41643.459957,100,7336.159838
-45241.610035,100,7336.38342
-48483.109951,100,7336.601165
-46547.280071,100,7336.817469
-46724.349983,100,7337.029395
-41795.689983,100,7337.234938
-38996.669979,100,7337.454974
-47692.239971,100,7337.662969
-41738.04995,100,7337.865819
-43195.069977,100,7338.086113
-52563.979977,100,7338.291808
-42777.260071,100,7338.500639
-40444.009953,100,7338.711938
-41720.410023,100,7338.921821
-44210.869968,100,7339.129839
-42174.25996,100,7339.333907
-48034.090004,100,7339.545564
-49519.880005,100,7339.75098
-42694.53997,100,7339.954747
-44400.36998,100,7350.864629
-43679.839996,100,7351.359725
-45234.96994,100,7351.851732
-48495.949989,100,7352.335171
-40523.119995,100,7352.817918
-46054.979946,100,7395.015217
-38890.259968,100,7395.526606
-50557.320042,100,7396.020694
-44801.969982,100,7396.514878
-49234.849995,100,7397.013156
-36840.880016,100,7397.502941
-45437.759991,100,7397.988837
-48167.760017,100,7398.472506
-43197.190018,100,7398.958945
-44758.439987,100,7399.444387
-39001.379993,100,7399.932393
-50650.129917,100,7400.451137
-55882.580051,100,7400.942967
-47476.170052,100,7401.441525
-44404.089981,100,7401.936557
-55172.809971,100,7402.427028
-41281.170002,100,7415.317997
-49926.749973,100,7415.812991
-44130.589993,100,7416.298397
-42417.109989,100,7416.811623
-40505.749985,100,7417.294875
-46544.870056,100,7417.79563
-46503.850021,100,7418.301248
-40272.189999,100,7418.804592
-55254.240124,100,7419.289058
-41687.689976,100,7419.772132
-39138.950035,100,7420.256341
-44459.399982,100,7420.748116
-45859.689976,100,7421.246775
-43993.439972,100,7421.732167
-38218.340015,100,7422.218501
-42071.899998,100,7422.702652
-48092.010021,100,7423.186959
-48495.040031,100,7423.675322
-43300.380058,100,7424.157112
-47047.099964,100,7424.643535
-42351.410042,100,7435.533852
-40284.130062,100,7436.036104
-44601.410015,100,7436.53687
-50553.249981,100,7437.027248
-41600.020004,100,7437.510121
-38258.590015,100,7437.996972
-42160.909939,100,7438.478401
-39664.120029,100,7438.963365
-53456.039986,100,7439.45402
-44045.220028,100,7439.939135
-41550.739948,100,7440.421976
-39527.970039,100,7440.832691
-50164.539989,100,7441.054418
-45717.359955,100,7441.27199
-47595.989983,100,7441.494053
-43385.750019,100,7441.714987
-44925.369972,100,7441.944182
-47478.500011,100,7442.169183
-37555.899975,100,7442.38996
-45915.680012,100,7442.613758
-53732.919964,100,7442.835411
-46174.430042,100,7455.822012
-43889.290085,100,7456.318146
-37854.239975,100,7456.829127
-50129.65012,100,7457.309981
-50069.820026,100,7457.790481
-44598.459999,100,7458.270925
-45039.359978,100,7458.750111
-42180.260002,100,7459.270194
-45710.32996,100,7459.775151
-47824.770031,100,7460.276135
-44366.599964,100,7460.763582
-42939.199966,100,7461.245858
-46574.080017,100,7461.725047
-49114.800003,100,7462.209012
-43891.419968,100,7462.684025
-50633.02005,100,7463.162347
-45094.610031,100,7463.660127
-44700.460026,100,7464.139336
-42617.889977,100,7464.620502
-49341.520035,100,7465.113514
-47421.879986,100,7476.580337
-43017.459988,100,7477.080138
-51129.399994,100,7477.568577
-36055.700043,100,7478.054056
-36252.079967,100,7478.539514
-44481.089996,100,7479.028852
-44514.180065,100,7479.517534
-47082.349995,100,7480.027332
-34348.989975,100,7480.520823
-48395.140022,100,7481.020187
-42980.619972,100,7481.515807
-50203.069962,100,7482.003989
-48005.919998,100,7482.491748
-44941.600014,100,7482.976608
-50039.560009,100,7483.468948
-44540.240021,100,7483.954591
-42191.609955,100,7484.449093
-46114.089973,100,7484.937517
-37356.010002,100,7485.446038
-42683.109951,100,7485.936952
-45240.270042,100,7486.423899
-39769.860043,100,7498.864662
-49542.159924,100,7499.082001
-37350.729958,100,7499.298006
-49884.040035,100,7499.53021
-41780.07,100,7499.748143
-44641.330025,100,7499.959961
-56204.23003,100,7500.169841
-45441.380005,100,7500.392192
-37112.050049,100,7500.679917
-48038.090031,100,7501.825181
-40250.219902,100,7502.031732
-40199.779999,100,7502.238928
-35406.679966,100,7502.447983
-53932.379993,100,7502.849147
-47693.930046,100,7503.336981
-43868.300056,100,7503.826841
-44248.480011,100,7504.306431
-52360.059952,100,7505.630845
-38746.179947,100,7506.117456
-54390.530003,100,7506.604191
-46098.520027,100,7516.638193
-48278.730015,100,7516.902302
-39064.359951,100,7517.138643
-44452.019985,100,7517.374447
-47944.82,100,7517.602305
-51784.840015,100,7517.829027
-33693.330013,100,7518.050998
-44349.030029,100,7518.269061
-48656.209984,100,7518.492227
-42186.749962,100,7518.712972
-44592.830036,100,7518.939452
-43319.0,100,7519.165131
-44731.870098,100,7519.384609
-44923.559937,100,7519.603063
-35496.870037,100,7519.822464
-44656.650101,100,7520.047755
-42203.770039,100,7520.26479
-46179.999962,100,7520.485359
-49209.140026,100,7520.707232
-37954.299961,100,7520.923877
-43820.93996,100,7521.171063
-47045.190029,100,7531.674306
-46725.65004,100,7532.44243
-45801.869987,100,7532.978864
-43880.369976,100,7533.823237
-46598.019974,100,7534.1302
-49280.920017,100,7534.445887
-47085.640015,100,7534.765977
-46213.54002,100,7535.030095
-41062.73999,100,7535.580159
-43292.419964,100,7535.879631
-43907.210003,100,7536.177826
-42779.860004,100,7536.763558
-37773.429981,100,7537.041348
-48273.019985,100,7537.270812
-49114.179935,100,7538.050206
-37033.519958,100,7538.289676
-47719.079956,100,7538.52801
-42234.859982,100,7538.748007
-49197.699982,100,7538.967095
-42717.429955,100,7539.174058
-43532.699989,100,7548.814562
-50970.859978,100,7549.056197
-36935.970043,100,7549.280562
-43376.189964,100,7549.513181
-41272.39999,100,7549.738104
-47677.069988,100,7549.96225
-41781.609993,100,7550.18545
-42094.359966,100,7550.412883
-50797.810104,100,7550.639886
-45259.010033,100,7550.881015
-41004.410004,100,7551.103385
-43248.5,100,7551.325362
-49246.81007,100,7551.546983
-47972.530025,100,7551.776143
-38111.839985,100,7552.022547
-50503.939999,100,7552.242717
-39085.239994,100,7552.466724
-47431.820026,100,7552.689099
-41402.470013,100,7552.916364
-49422.460018,100,7553.143201
-39847.670044,100,7553.370528
-47668.480087,100,7563.447196
-46202.029984,100,7563.940434
-35810.640038,100,7564.434252
-42212.85006,100,7564.94163
-53309.249985,100,7565.472908
-51952.64996,100,7565.962007
-39952.950066,100,7566.450317
-40593.800003,100,7566.942499
-48457.699978,100,7567.435572
-47376.249973,100,7567.927727
-44600.43,100,7568.424362
-52199.009975,100,7568.910925
-42122.860031,100,7569.397125
-44456.77002,100,7569.882913
-51000.520039,100,7570.367931
-41715.090027,100,7570.854058
-54696.619976,100,7571.341974
-48091.639999,100,7571.82755
-46067.709999,100,7572.361452
-48074.549976,100,7572.85218
-45377.000027,100,7585.204442
-44924.309975,100,7585.755678
-41941.270023,100,7586.260472
-38469.389961,100,7586.754639
-45396.379974,100,7587.280245
-44705.970009,100,7587.756416
-45405.899975,100,7588.235903
-46844.189953,100,7588.711051
-43840.779995,100,7589.189191
-45823.97998,100,7589.667021
-50952.259983,100,7590.14313
-39273.609947,100,7590.618587
-49845.209965,100,7591.091147
-34892.319965,100,7591.561933
-47396.26012,100,7592.039188
-45054.509964,100,7592.565727
-41167.829952,100,7593.055998
-44352.499985,100,7593.544139
-39825.370056,100,7594.028359
-38948.999989,100,7594.511213
-46540.030094,100,7604.403389
-51633.33004,100,7604.91053
-45559.949944,100,7605.418079
-39144.389977,100,7605.909781
-51178.01001,100,7606.40973
-48468.059944,100,7606.899564
-41543.809998,100,7607.399365
-39508.219952,100,7607.882519
-47546.100037,100,7608.366982
-41065.880001,100,7608.853056
-46305.080009,100,7609.341426
-41633.639965,100,7609.825984
-45649.789986,100,7610.303865
-38568.529945,100,7610.786966
-43429.110023,100,7611.280971
-45862.109962,100,7611.765763
-37793.220005,100,7612.251471
-35003.589909,100,7612.766771
-49888.739933,100,7613.255806
-48242.940075,100,7613.7421
-47174.340004,100,7614.225183
-47854.149971,100,7627.021585
-41725.079994,100,7627.585446
-46488.139957,100,7628.0795
-46062.210072,100,7628.557226
-44421.560047,100,7629.035933
-45102.249981,100,7629.516475
-42729.019966,100,7629.993575
-53180.719971,100,7630.468616
-47674.589989,100,7630.943844
-45973.730003,100,7631.420057
-52536.160042,100,7631.926589
-46098.929947,100,7632.40467
-52942.589996,100,7632.88852
-49674.290005,100,7633.368105
-38515.509953,100,7633.851407
-44045.560032,100,7634.331337
-43198.709961,100,7634.812903
-48561.089993,100,7635.314179
-51658.120064,100,7635.805055
-43652.400063,100,7636.280465
-55575.140045,100,7646.393778
-42638.190018,100,7646.900718
-43638.009945,100,7647.414186
-48661.639984,100,7647.905315
-36497.369961,100,7648.392518
-46208.459988,100,7648.879688
-48666.319973,100,7649.363828
-44053.310074,100,7649.846945
-44959.229984,100,7650.327042
-45307.890011,100,7650.81261
-46870.64994,100,7651.297703
-46237.529976,100,7651.782679
-51411.850052,100,7652.280324
-52858.040005,100,7652.759467
-43085.299999,100,7653.232348
-43460.389984,100,7653.709908
-48280.469975,100,7654.182912
-45921.910007,100,7654.711819
-48293.149952,100,7655.265375
-44473.789974,100,7655.771015
-46706.949963,100,7656.245925
-39047.979996,100,7669.385259
-41296.359951,100,7669.892005
-39414.099983,100,7670.380517
-47389.330009,100,7670.863567
-35883.919964,100,7671.344674
-53969.049934,100,7671.826261
-42446.299957,100,7672.314944
-49619.940025,100,7672.813941
-46707.380032,100,7673.295244
-37910.209934,100,7673.781234
-53488.070045,100,7674.260167
-46106.800098,100,7674.745807
-47051.12009,100,7675.243187
-37074.699974,100,7675.739799
-42798.990078,100,7676.225871
-40605.880005,100,7676.71361
-52417.550037,100,7677.21096
-50189.670025,100,7677.699525
-36060.409992,100,7678.181962
-44877.150009,100,7678.666372
-51074.180042,100,7689.190763
-51698.670017,100,7689.699203
-39692.85006,100,7690.188444
-47121.410015,100,7690.680792
-37001.809963,100,7691.163052
-44620.590038,100,7691.65134
-37235.160004,100,7692.149447
-43579.099995,100,7692.641859
-44587.730087,100,7693.13052
-42393.769962,100,7693.624584
-49646.83997,100,7694.113127
-43753.019947,100,7694.610947
-50316.919975,100,7695.103341
-49864.789967,100,7695.61264
-48489.62001,100,7696.104983
-42529.110062,100,7696.599255
-47306.669964,100,7697.089501
-44560.46999,100,7697.576715
-46233.729969,100,7698.063043
-46833.389984,100,7698.555395
-43800.830002,100,7699.044247
-40963.040024,100,7710.791155
-50338.049957,100,7711.052456
-43367.760071,100,7711.289981
-44744.739983,100,7711.529824
-40917.210052,100,7711.770957
-37985.43996,100,7712.032104
-44453.259979,100,7712.269323
-39107.520016,100,7712.490881
-36085.31992,100,7712.709978
-42842.319969,100,7712.92326
-42096.029991,100,7713.150178
-47787.780045,100,7713.365413
-38221.239983,100,7713.582225
-47071.709927,100,7713.799112
-42763.569969,100,7714.010963
-39198.619984,100,7714.216978
-43554.559933,100,7714.437473
-45613.549992,100,7714.662071
-41893.19997,100,7714.892092
-49375.280079,100,7715.120937
-42268.719967,100,7723.161349
-46038.29007,100,7723.398147
-45481.519951,100,7723.608836
-43453.51997,100,7723.820612
-40594.399986,100,7724.031949
-46204.600006,100,7724.231682
-46193.960068,100,7724.437129
-55552.899967,100,7724.639626
-53715.960056,100,7724.853778
-56504.149982,100,7725.131769
-46082.049992,100,7725.384601
-44285.140011,100,7725.604772
-58306.830105,100,7725.821929
-39928.659981,100,7726.034742
-43831.710049,100,7726.248638
-44179.170078,100,7726.460711
-46236.350071,100,7726.685794
-42667.469978,100,7726.895929
-51523.089966,100,7727.127614
-46976.350033,100,7727.337977
-35574.860043,100,7727.546664
-51344.650082,100,7738.893765
-40788.959969,100,7739.374792
-42059.520008,100,7739.853948
-42635.869919,100,7740.331715
-43587.489986,100,7740.816908
-43362.420006,100,7741.295612
-42304.250053,100,7741.772177
-41989.049965,100,7742.471937
-46219.789989,100,7743.26107
-43536.259941,100,7743.862848
-46248.879921,100,7745.561131
-44362.42997,100,7746.179029
-49168.629993,100,7746.77405
-46749.500023,100,7747.372193
-52122.729954,100,7747.881483
-43194.419998,100,7748.369344
-47459.740009,100,7748.851427
-40275.639973,100,7749.337037
-43737.889988,100,7749.704314
-38813.539959,100,7749.909806
-47388.04002,100,7759.629333
-49914.490013,100,7760.138311
-47299.770031,100,7760.627887
-44827.530006,100,7761.114745
-44381.159981,100,7761.599332
-42615.249966,100,7762.085104
-47923.799969,100,7762.575653
-45795.829937,100,7763.063523
-41067.099968,100,7763.552985
-46254.009983,100,7764.04377
-41395.509956,100,7764.528853
-46367.750011,100,7765.033022
-45238.5,100,7765.540202
-48555.240078,100,7766.032852
-48589.74995,100,7766.521525
-44059.069992,100,7767.011314
-50810.499981,100,7767.498192
-43814.109993,100,7768.001983
-44172.710022,100,7768.489076
-41348.789982,100,7768.972547
-46578.159996,100,7769.454481
-43842.489937,100,7781.319588
-40409.749969,100,7781.826212
-48666.400009,100,7782.327051
-50050.939949,100,7782.827553
-44812.969944,100,7783.324589
-46539.319958,100,7783.829071
-46633.880001,100,7784.326448
-40220.979965,100,7785.862396
-43581.109993,100,7787.354387
-48312.629974,100,7787.643946
-38646.749977,100,7787.871221
-47634.009972,100,7788.102407
-38803.209946,100,7788.733573
-40199.989975,100,7789.258764
-45652.949986,100,7789.781638
-45340.740017,100,7790.265376
-45076.499931,100,7790.736146
-38841.780037,100,7791.206111
-41327.279976,100,7791.678583
-47363.649975,100,7792.150181
-53619.180004,100,7802.832108
-50674.709957,100,7803.05796
-41818.579987,100,7803.276991
-39041.080006,100,7803.497857
-46601.619999,100,7803.715806
-42269.819973,100,7803.930451
-43292.049957,100,7804.156563
-44293.459957,100,7804.365945
-45371.269943,100,7804.634263
-38524.560051,100,7804.884098
-47802.839981,100,7805.136053
-44257.98999,100,7805.39999
-50110.889988,100,7805.621436
-41121.409992,100,7805.836307
-46779.420025,100,7806.052943
-42683.179974,100,7806.270628
-48227.120007,100,7806.485085
-51518.009964,100,7806.702951
-47597.670025,100,7806.914195
-47442.839939,100,7807.144681
-54835.08007,100,7807.375246
-49109.939983,100,7817.896158
-44327.819977,100,7818.397373
-45919.120033,100,7818.879062
-41617.720005,100,7819.357856
-42007.999943,100,7819.833324
-46236.950024,100,7820.304647
-47553.930004,100,7820.782909
-37942.980064,100,7821.260965
-45073.240009,100,7821.737765
-46303.440056,100,7822.209436
-41749.660038,100,7822.688217
-53769.859966,100,7823.162984
-45627.990131,100,7823.662213
-44009.080032,100,7824.146892
-44736.479988,100,7824.635631
-35054.350044,100,7825.133102
-46474.920116,100,7825.635874
-52644.740074,100,7826.126102
-53229.679996,100,7826.61021
-39105.069984,100,7827.514517
-40720.72002,100,7840.294541
-40299.169941,100,7840.798356
-40567.710083,100,7841.29058
-44258.010017,100,7841.782265
-57059.980061,100,7842.273139
-34447.889977,100,7842.768671
-45907.119953,100,7843.258982
-49389.400005,100,7843.753143
-41530.249966,100,7844.251342
-45126.000046,100,7844.742137
-52844.609951,100,7845.2469
-38084.479988,100,7845.743923
-44678.069969,100,7846.234349
-47428.849968,100,7846.726249
-45892.059959,100,7847.226864
-45029.950089,100,7847.722223
-48418.680035,100,7848.22595
-46238.060005,100,7848.738312
-41539.630032,100,7849.231816
-48531.20002,100,7849.725083
-45675.149982,100,7850.21408
-40981.179993,100,7860.762481
-44914.11998,100,7861.251611
-38807.479977,100,7861.738219
-43468.830029,100,7862.220792
-43248.060005,100,7862.732967
-51105.849979,100,7863.223575
-48182.820023,100,7863.725576
-53375.73008,100,7864.212357
-33167.870003,100,7864.699607
-41502.699959,100,7865.195725
-44284.280006,100,7865.69382
-38500.839985,100,7866.177876
-41291.450012,100,7866.662222
-51821.65995,100,7890.319915
-49843.269974,100,7890.544914
-50273.509987,100,7890.767185
-50110.340012,100,7890.988695
-43466.07,100,7891.21218
-45232.63002,100,7891.439126
-42994.659981,100,7891.659917
-42722.659985,100,7900.641813
-44793.039963,100,7900.862148
-47917.899956,100,7901.090538
-47679.219978,100,7901.299723
-46875.209976,100,7901.517945
-47543.789993,100,7901.725619
-40489.869999,100,7901.927002
-41341.47998,100,7902.139698
-45714.280041,100,7902.354584
-55385.890015,100,7902.604393
-49558.579994,100,7902.813772
-45313.87001,100,7903.025303
-44095.910072,100,7903.23732
-51786.640022,100,7903.451661
-43213.409958,100,7903.666924
-45601.749958,100,7903.876406
-47897.439964,100,7904.078804
-50712.64006,100,7904.284085
-48268.600056,100,7904.509854
-46927.500027,100,7904.727944
-43929.690048,100,7904.954229
-39050.219959,100,7917.116451
-50690.929955,100,7917.613024
-50897.33009,100,7918.093
-44027.429955,100,7918.567263
-43876.819996,100,7919.050505
-44191.259953,100,7919.528893
-50152.779987,100,7920.001914
-46205.699947,100,7920.513693
-51734.980003,100,7921.226981
-37336.500008,100,7921.804585
-46688.119976,100,7922.336083
-46308.830029,100,7922.818013
-45926.48999,100,7923.290172
-40669.259975,100,7923.766385
-48087.920074,100,7924.240912
-45152.839993,100,7924.717134
-51517.490055,100,7925.210252
-42231.880024,100,7925.702483
-40641.719986,100,7926.176794
-41515.560032,100,7926.648562
-47281.120022,100,7936.998804
-43132.330021,100,7937.493978
-48423.519978,100,7937.974622
-50647.029949,100,7938.453064
-50542.299992,100,7938.931403
-47127.720013,100,7939.40898
-44816.839939,100,7939.616871
-41161.819984,100,7939.814351
-43366.809967,100,7940.018539
-42226.849953,100,7940.228444
-49704.580036,100,7940.452332
-46522.200062,100,7940.664699
-42808.960033,100,7940.874395
-49390.150009,100,7941.084088
-37219.679974,100,7941.296593
-40978.649986,100,7941.520974
-47217.910004,100,7941.733443
-45041.789978,100,7941.940926
-47440.950027,100,7942.148068
-41820.309959,100,7942.359756
-41477.439957,100,7942.585602
-38721.849972,100,7952.994569
-47332.259983,100,7953.762371
-59882.959961,100,7954.984
-43808.310013,100,7955.740626
-46226.150028,100,7956.250694
-51589.210045,100,7956.49247
-42761.369976,100,7956.754347
-45008.409981,100,7957.016917
-48973.720009,100,7957.23726
-49439.270046,100,7957.449718
-49159.779942,100,7957.655367
-42405.999977,100,7957.869117
-40366.000027,100,7958.092731
-49468.310131,100,7958.305864
-56698.159966,100,7958.515312
-47330.979973,100,7958.71681
-45260.180058,100,7958.935301
-44431.489956,100,7959.14702
-43959.330021,100,7959.356154
-40387.390057,100,7959.561803
-46733.51997,100,7970.049219
-46626.909981,100,7970.272666
-46727.259983,100,7970.484529
-42926.569908,100,7970.691137
-54493.73003,100,7970.903021
-51897.480026,100,7971.112599
-47055.879955,100,7971.321024
-49321.560047,100,7971.525711
-49133.369965,100,7971.724663
-42913.710018,100,7971.923735
-45481.840065,100,7972.127538
-43212.03997,100,7972.347372
-46049.279953,100,7972.568717
-53452.090111,100,7972.772438
-47720.660015,100,7972.986687
-44280.409988,100,7973.190893
-46195.389957,100,7973.395433
-45094.060001,100,7973.610478
-45850.430012,100,7973.814425
-46912.579948,100,7974.020865
-49060.180069,100,7974.226727
-44928.319988,100,7985.284177
-48956.140003,100,7985.79566
-47036.279972,100,7986.280428
-38817.689976,100,7986.771212
-44604.569931,100,7987.263587
-39590.429958,100,7987.754176
-50137.059982,100,7988.237758
-42712.290001,100,7988.725124
-43326.279984,100,7989.213034
-38866.420006,100,7989.701059
-48878.209953,100,7990.185773
-51628.739998,100,7990.669442
-44661.240005,100,7991.158993
-38551.10997,100,7991.644626
-43535.510017,100,7992.137027
-46907.879959,100,7992.630952
-46911.760017,100,7993.120698
-43212.619957,100,7993.60581
-46615.369968,100,7994.094872
-53454.139954,100,7995.01903
-49719.300022,100,8008.501567
-42476.050064,100,8008.993074
-44808.279987,100,8009.479831
-47291.390099,100,8009.968928
-42012.659931,100,8010.454129
-56021.859978,100,8010.939149
-38052.029995,100,8011.423666
-45150.700005,100,8011.904748
-43427.789967,100,8012.388983
-53220.739986,100,8012.873234
-39595.019981,100,8013.359349
-50122.949986,100,8013.843964
-48342.120014,100,8014.327708
-46938.61005,100,8014.90035
-55716.630047,100,8015.436803
-39653.069984,100,8015.940996
-42788.459995,100,8016.422319
-45241.390007,100,8016.908698
-41586.52002,100,8017.398865
-48899.99995,100,8017.87987
-39636.629955,100,8018.361511
-51668.840027,100,8029.697518
-40773.820023,100,8030.183986
-42774.689976,100,8030.669809
-46272.47998,100,8031.167917
-44372.969982,100,8031.659815
-38138.41,100,8032.164002
-47767.260033,100,8032.6579
-43856.879974,100,8033.141881
-47227.089973,100,8033.632519
-44526.010006,100,8034.117607
-48256.099979,100,8034.597568
-57008.859947,100,8035.09815
-43942.949966,100,8035.605136
-45206.749954,100,8036.343385
-48385.299995,100,8037.318065
-47470.099926,100,8037.893196
-49061.289982,100,8038.844132
-41430.549969,100,8039.551505
-39148.359993,100,8040.07222
-36227.969997,100,8040.59544
-50512.879951,100,8051.756355
-49643.610023,100,8051.96611
-52170.81004,100,8052.175002
-44199.289997,100,8052.380648
-46606.699989,100,8052.600688
-49611.369938,100,8052.813
-49587.199955,100,8053.0156
-50851.330158,100,8053.225245
-51331.029984,100,8053.447535
-50827.730118,100,8053.652976
-39437.090027,100,8053.86097
-43805.64003,100,8054.064414
-41391.539978,100,8054.263803
-41679.260002,100,8054.474517
-43703.599998,100,8054.703002
-40697.919971,100,8054.917837
-48023.689968,100,8055.148572
-51120.340065,100,8055.394546
-41207.419991,100,8055.611486
-41103.200005,100,8055.828761
-48379.990028,100,8056.039665
-39847.420002,100,8066.426287
-40391.369953,100,8066.641956
-48617.419994,100,8066.846399
-46367.319988,100,8067.074927
-43027.990002,100,8067.282839
-42284.859951,100,8067.497316
-44520.340084,100,8067.70567
-44268.909981,100,8067.90849
-46436.519993,100,8068.111489
-47009.239975,100,8068.310179
-51447.360043,100,8068.522809
-50860.920044,100,8068.737468
-40267.319992,100,8068.94753
-46416.849979,100,8069.150105
-48092.380032,100,8069.35667
-48652.380009,100,8069.595879
-50614.44009,100,8069.806853
-42237.249958,100,8070.016883
-44832.239998,100,8070.230287
-45116.339962,100,8070.455556
-43641.260002,100,8082.86833
-43667.659966,100,8083.217374
-37292.220024,100,8083.712517
-48255.520008,100,8084.186874
-43636.35997,100,8084.6546
-55022.309967,100,8085.120988
-52050.200111,100,8085.346712
-43286.880058,100,8085.573445
-45630.379936,100,8085.792395
-48611.48003,100,8086.02819
-49310.929962,100,8086.252467
-47407.720032,100,8086.477155
-50881.119938,100,8086.696347
-45894.319992,100,8086.914837
-38316.380028,100,8087.140542
-45211.199978,100,8087.363738
-50747.62001,100,8087.590216
-47041.179981,100,8087.80721
-44370.739967,100,8088.023954
-47823.210018,100,8088.251797
-48783.260017,100,8099.825681
-43950.989994,100,8100.327363
-44748.37999,100,8100.816444
-41378.670002,100,8101.299709
-48617.909954,100,8101.777865
-43156.910042,100,8102.262418
-51942.609959,100,8102.75075
-50535.859997,100,8103.235186
-40791.869991,100,8103.717789
-40780.119968,100,8104.195544
-50547.649982,100,8104.678902
-41414.480022,100,8105.178727
-41578.579994,100,8105.679459
-49527.58997,100,8106.165442
-42864.710075,100,8106.653299
-44591.469986,100,8107.142421
-39393.569977,100,8107.638951
-55685.640163,100,8108.13162
-45941.670082,100,8108.632212
-49002.890022,100,8109.135036
-49858.090042,100,8109.62617
-50676.690014,100,8123.329022
-49166.620029,100,8123.94044
-49569.41996,100,8124.701069
-41857.98996,100,8125.273707
-53053.729961,100,8125.77761
-46032.479954,100,8126.267874
-46557.410061,100,8126.751928
-50159.840015,100,8127.254647
-39509.989971,100,8127.740759
-51632.360023,100,8128.226835
-39319.819954,100,8128.709964
-41687.269981,100,8129.189573
-47191.349983,100,8129.673803
-40149.060028,100,8130.170931
-46241.250046,100,8130.673566
-46343.970024,100,8131.181164
-45948.539978,100,8131.697725
-47386.690044,100,8132.18434
-45282.380051,100,8132.671691
-51919.089954,100,8133.157036
-42600.640026,100,8143.974087
-43692.220013,100,8144.456503
-49238.419968,100,8144.938107
-41933.119961,100,8145.42711
-37486.049988,100,8145.89941
-52398.910027,100,8146.36575
-46035.009941,100,8146.874133
-41497.639984,100,8147.356197
-42765.940029,100,8147.858074
-42614.619957,100,8148.335878
-44979.930004,100,8148.812616
-45260.589981,100,8149.292444
-42802.23,100,8149.767925
-41309.310017,100,8150.259857
-44508.150013,100,8150.736897
-48415.519989,100,8151.215573
-42194.319954,100,8151.692755
-46953.359947,100,8152.16844
-46337.069965,100,8152.647697
-47698.360035,100,8153.127991
-46524.510002,100,8153.616761
-40638.899971,100,8162.458984
-48158.779984,100,8162.986423
-48961.880089,100,8163.806947
-47429.119949,100,8164.375715
-44679.780087,100,8164.743757
-47248.180023,100,8164.979079
-47919.03001,100,8165.209498
-40453.259975,100,8165.43742
-47003.499977,100,8165.884706
-44646.759949,100,8166.451721
-51198.889977,100,8167.089544
-50314.449982,100,8167.403767
-49439.059978,100,8167.641329
-45668.920006,100,8167.868459
-41582.040012,100,8168.095943
-41350.869972,100,8168.315457
-41626.18,100,8168.54137
-50999.219982,100,8168.760927
-43416.229958,100,8168.98362
-45839.919968,100,8169.209924
-40301.799965,100,8179.806876
-48239.330082,100,8180.05069
-46959.009983,100,8180.269015
-46841.929981,100,8180.492554
-46254.270016,100,8180.704324
-49989.720112,100,8180.911975
-36417.929974,100,8181.136425
-46555.810059,100,8181.353844
-45041.150051,100,8181.567403
-40265.569973,100,8181.780599
-40000.10994,100,8181.992139
-53951.080044,100,8182.198902
-42297.219948,100,8182.418945
-46382.819984,100,8182.63781
-46228.020061,100,8182.85866
-48715.089958,100,8183.06995
-48628.389946,100,8183.272103
-46457.170048,100,8183.484979
-46060.119995,100,8183.691422
-42641.050041,100,8183.904091
-43879.499996,100,8184.117253
-43530.890003,100,8192.852318
-43711.549984,100,8193.342549
-49679.450012,100,8193.825968
-45033.069996,100,8194.310978
-55223.150017,100,8194.795858
-45017.610085,100,8195.293885
-46207.940037,100,8195.78541
-45318.470055,100,8196.277006
-45885.07003,100,8196.765913
-40231.239956,100,8197.256973
-43438.270058,100,8197.746432
-44434.390038,100,8198.231804
-45256.490028,100,8198.718916
-45226.349953,100,8199.203523
-51540.450016,100,8199.684944
-54259.210003,100,8200.171432
-44014.530022,100,8200.659913
-60037.180069,100,8201.142968
-51431.909939,100,8201.621628
-48476.160076,100,8202.105928
-45395.440002,100,8214.190152
-45494.669964,100,8215.638199
-43438.140015,100,8216.111629
-44239.31007,100,8216.583671
-48830.080032,100,8217.086002
-38932.769958,100,8217.568911
-43399.950008,100,8218.044599
-52084.860104,100,8218.516226
-48661.690018,100,8218.993902
-42432.82996,100,8219.469719
-46560.619926,100,8219.944586
-51885.739964,100,8220.418416
-44968.600071,100,8220.896784
-43067.380051,100,8221.363506
-48004.95998,100,8221.834524
-46960.619987,100,8222.305175
-53910.620029,100,8222.782391
-43838.459976,100,8223.254223
-42109.759953,100,8223.577351
-53663.259979,100,8223.77642
-43272.449986,100,8223.978322
-44731.689972,100,8233.369461
-39060.099979,100,8233.852071
-42952.74004,100,8234.32631
-43171.489975,100,8234.810991
-50455.670097,100,8235.320127
-44108.42001,100,8235.801924
-42961.47007,100,8236.274426
-39585.960003,100,8236.751238
-43926.709972,100,8237.229118
-43222.079941,100,8237.700819
-40308.419968,100,8238.175584
-46123.220028,100,8238.647499
-42252.529972,100,8239.134238
-54176.739975,100,8239.608248
-40850.200008,100,8240.082027
-43468.309978,100,8240.571041
-48092.679985,100,8241.046525
-44294.650002,100,8241.527737
-42551.639969,100,8242.001878
-42151.450001,100,8242.476828
-42299.759991,100,8257.01368
-48929.779984,100,8257.701069
-46656.139942,100,8258.192085
-38836.210011,100,8258.677707
-46314.330048,100,8259.160728
-41508.980106,100,8259.628698
-39907.619991,100,8260.109479
-48346.300014,100,8260.599039
-38695.37001,100,8261.084878
-47829.400017,100,8261.564753
-38526.849998,100,8262.043104
-43720.409992,100,8262.520534
-47430.339962,100,8263.004264
-38203.939995,100,8263.487978
-46757.31002,100,8263.974385
-46551.470005,100,8264.451301
-46805.940044,100,8264.935539
-46595.380009,100,8265.434009
-45865.689995,100,8265.921739
-47672.279987,100,8266.402026
-35954.640003,100,8266.912593
-45726.589985,100,8278.152225
-56765.740055,100,8278.627301
-49175.320061,100,8279.112163
-42247.32996,100,8279.591014
-49833.540005,100,8280.071179
-40028.570118,100,8280.579162
-42659.880013,100,8281.066766
-46481.419975,100,8281.546623
-38884.460079,100,8282.02976
-43242.059959,100,8282.510137
-45762.639954,100,8282.994488
-52292.180012,100,8283.475982
-43073.619987,100,8283.957884
-50366.630009,100,8284.440943
-44348.560024,100,8284.925963
-50076.240013,100,8285.437821
-44595.089958,100,8285.927776
-36504.289963,100,8286.411409
-41032.939987,100,8286.893576
-45056.269962,100,8287.387018
-45445.480003,100,8300.558227
-46880.640087,100,8301.050862
-47026.439972,100,8301.539971
-51551.650017,100,8302.023222
-47539.340008,100,8302.508569
-43140.359932,100,8302.992058
-42732.500008,100,8303.475576
-38821.579948,100,8303.963872
-45366.680058,100,8304.445777
-42254.899937,100,8304.932099
-43732.959976,100,8305.435622
-43817.64996,100,8305.946068
-40897.969971,100,8306.43332
-48214.980076,100,8306.923563
-45882.269947,100,8307.410197
-44680.279991,100,8307.915349
-52013.090046,100,8308.39187
-45229.290054,100,8308.872211
-43380.249954,100,8309.347931
-45487.009972,100,8309.854437
-41256.970028,100,8310.335258
-47160.930061,100,8321.65454
-46327.890038,100,8322.141778
-39818.389969,100,8322.625978
-44691.479996,100,8323.114708
-46152.339939,100,8323.602545
-42013.919994,100,8324.094498
-54333.210037,100,8324.575529
-43666.340031,100,8325.064976
-43621.989956,100,8325.570092
-36068.799976,100,8326.061884
-44724.65995,100,8326.558106
-46377.469997,100,8327.040483
-43848.749989,100,8327.528248
-42419.720055,100,8328.013255
-37653.289974,100,8328.494222
-45168.399998,100,8328.975686
-48174.129997,100,8329.457057
-45409.949951,100,8330.373618
-58521.480003,100,8330.897691
-45922.520069,100,8331.529457
-39424.040024,100,8341.807106
-47289.88995,100,8342.015713
-44250.140011,100,8342.217744
-46934.629932,100,8342.424261
-50388.210052,100,8342.627853
-54677.369999,100,8342.842417
-41040.820038,100,8343.051239
-40921.239971,100,8343.249528
-42942.320038,100,8343.450902
-49021.909985,100,8343.663329
-48322.659969,100,8343.865332
-48565.420059,100,8344.072458
-47406.100029,100,8344.273084
-41060.409969,100,8344.505459
-45532.939953,100,8344.809681
-45277.210037,100,8345.08824
-45929.060059,100,8345.302696
-41805.719971,100,8345.520168
-50396.350082,100,8345.736497
-38834.679947,100,8345.95269
-43350.680073,100,8346.162198
-42975.110073,100,8355.48407
-51346.920013,100,8397.774352
-44571.34996,100,8398.268494
-44116.819958,100,8398.774213
-39599.080059,100,8399.086664
-47570.030052,100,8399.327515
-45431.15995,100,8399.568964
-52524.090061,100,8399.786524
-48294.099964,100,8400.003822
-48124.219994,100,8400.213721
-38380.469978,100,8400.423847
-51004.730045,100,8400.634646
-39545.219997,100,8400.839895
-41117.639992,100,8401.054242
-43404.840042,100,8401.259929
-40903.729961,100,8401.466659
-42213.839993,100,8401.674104
-52651.510006,100,8401.88214
-45279.089954,100,8402.115099
-41729.959991,100,8402.322477
-46305.609951,100,8411.339425
-40338.669994,100,8411.849517
-46984.97998,100,8412.337575
-41379.800007,100,8413.0258
-40826.430038,100,8413.649656
-37665.900066,100,8413.926502
-44463.799995,100,8415.635429
-40644.479988,100,8416.275041
-44020.679985,100,8416.821456
-46289.020103,100,8417.342841
-46007.089947,100,8417.891139
-45839.449978,100,8418.376335
-44706.97998,100,8418.862151
-35325.839947,100,8419.336701
-51020.050045,100,8419.816002
-55734.450024,100,8420.289577
-40201.369972,100,8420.774091
-42556.129944,100,8421.273241
-40457.829975,100,8421.758791
-50386.320038,100,8422.23392
-49904.099979,100,8422.727224
-47854.010063,100,8433.003242
-46411.230057,100,8433.486741
-40515.259991,100,8433.964651
-47661.85997,100,8434.443827
-38800.939987,100,8434.730226
-51605.140015,100,8434.988492
-42956.499996,100,8435.247133
-44902.389965,100,8435.529254
-43351.219967,100,8435.750676
-44085.999981,100,8435.969514
-38177.960037,100,8436.189461
-43741.539986,100,8436.410074
-58278.170055,100,8436.63089
-39960.449944,100,8436.846723
-41145.509949,100,8437.070068
-44425.159966,100,8437.294317
-45384.330006,100,8437.53016
-42200.600006,100,8437.755585
-49387.090092,100,8437.997462
-46139.570004,100,8438.224664
-44567.610073,100,8449.119035
-43856.129974,100,8449.618208
-42044.350037,100,8450.105518
-48550.010021,100,8450.590108
-44046.120003,100,8451.076005
-50102.380116,100,8451.592945
-46019.770046,100,8452.079526
-38053.809978,100,8452.564098
-51787.070133,100,8453.048785
-41447.329956,100,8453.555499
-38449.700066,100,8454.041015
-44256.909954,100,8454.525769
-43832.130001,100,8455.03141
-47426.090004,100,8455.895433
-47705.279964,100,8456.134675
-43999.929981,100,8456.453023
-40986.139984,100,8457.033605
-47409.160061,100,8457.380652
-45826.379955,100,8457.698949
-44928.529999,100,8457.980217
-38088.259983,100,8458.431995
-51692.199986,100,8469.91754
-46795.869965,100,8470.401036
-45279.670036,100,8470.88488
-43645.57,100,8471.371079
-51560.61005,100,8471.856154
-43764.419994,100,8472.343719
-40014.800022,100,8472.832318
-51769.390041,100,8473.32133
-41527.549984,100,8473.804022
-44991.540012,100,8474.286326
-31961.30994,100,8474.770582
-49538.130058,100,8475.275476
-46563.769962,100,8475.771132
-44253.73999,100,8476.25483
-45962.290039,100,8476.738187
-38173.820034,100,8477.222522
-54500.909981,100,8477.711868
-39035.129955,100,8478.19561
-42738.569988,100,8478.68053
-48775.320061,100,8479.170107
-45204.419983,100,8489.743197
-38556.409966,100,8490.241417
-45618.059933,100,8490.740691
-49980.560032,100,8491.226982
-53970.289997,100,8491.719744
-35557.719982,100,8492.2035
-40409.829987,100,8492.684436
-45017.050098,100,8493.176302
-49158.149956,100,8493.661711
-45373.129971,100,8494.144376
-50015.129974,100,8494.630315
-44397.689964,100,8495.128649
-40673.009998,100,8495.632117
-36546.429951,100,8496.118301
-48802.259975,100,8496.605989
-48373.500137,100,8497.393339
-52382.339977,100,8497.661808
-39786.600048,100,8498.004829
-42579.35994,100,8499.015145
-46125.280029,100,8499.759448
-45212.849987,100,8500.280828
-39641.719982,100,8511.612587
-37264.30994,100,8512.113455
-44653.459972,100,8512.602171
-40163.029961,100,8513.102335
-44315.24004,100,8513.586138
-48956.609921,100,8514.078379
-47726.349976,100,8514.566901
-46408.8601,100,8515.061257
-49886.25,100,8515.563858
-43273.880005,100,8516.05696
-48877.730106,100,8516.541358
-40737.530029,100,8517.025011
-55312.419991,100,8517.509487
-44476.679939,100,8518.028001
-47318.310017,100,8518.515563
-45873.249928,100,8519.001714
-52093.790005,100,8519.492977
-46065.080006,100,8519.984651
-43066.869984,100,8520.470974
-43332.28997,100,8520.959918
-53898.379971,100,8530.680038
-53083.380051,100,8530.899167
-39773.789948,100,8531.120036
-42877.099945,100,8531.344009
-44580.019997,100,8531.573817
-40320.119965,100,8531.792472
-44899.529972,100,8532.004899
-53744.669998,100,8532.217616
-37960.619995,100,8532.435443
-51720.990067,100,8532.64733
-52621.609993,100,8532.855641
-51224.750076,100,8533.076873
-47550.610054,100,8533.292796
-41353.989975,100,8533.50822
-47184.899956,100,8533.713671
-48377.960052,100,8533.925867
-48246.970013,100,8534.138892
-45772.669983,100,8534.350224
-45089.799961,100,8534.567786
-48769.289993,100,8534.790112
-43949.829971,100,8535.022832
-47707.00005,100,8548.333617
-43712.419975,100,8548.818454
-41289.609993,100,8549.308126
-44035.360001,100,8549.847392
-47363.119999,100,8550.366018
-46720.149986,100,8550.87038
-45694.989998,100,8551.354229
-44687.229954,100,8551.841386
-41934.460018,100,8552.327742
-49213.539902,100,8552.832566
-43532.920006,100,8553.326598
-41536.849995,100,8553.820314
-45397.670067,100,8554.312533
-40811.299976,100,8554.802535
-48207.280006,100,8555.311426
-45901.339985,100,8555.816085
-46792.62001,100,8556.315447
-54427.830006,100,8556.807214
-44619.909954,100,8557.300123
-46715.279961,100,8557.78847
-41097.44997,100,8567.692548
-48134.300018,100,8568.192806
-53477.020042,100,8568.679847
-43161.359978,100,8569.174574
-56550.71003,100,8569.667609
-41547.95005,100,8570.201131
-56993.6101,100,8570.696486
-42037.660015,100,8571.183881
-43106.099934,100,8571.668604
-41971.15004,100,8572.155525
-43222.439968,100,8572.643132
-50165.019997,100,8573.134579
-44077.050022,100,8573.622582
-48500.270042,100,8574.113858
-43482.389984,100,8574.624874
-44971.710041,100,8575.14112
-48552.609978,100,8575.662997
-43344.379982,100,8576.157753
-48311.790024,100,8576.665568
-34462.009937,100,8577.155185
-48772.44006,100,8577.644878
-48085.699966,100,8590.788382
-44283.149948,100,8591.295613
-42756.35006,100,8591.804343
-46480.600075,100,8592.305589
-43130.299984,100,8592.791931
-44765.250053,100,8593.326991
-50215.480095,100,8593.8206
-41686.129963,100,8594.304317
-43734.95998,100,8594.786973
-48409.800022,100,8595.285214
-44009.219975,100,8595.779406
-46255.199993,100,8596.255561
-41902.039978,100,8596.754498
-42146.719952,100,8597.247987
-40295.879993,100,8597.733261
-46434.580002,100,8598.21525
-36990.239983,100,8598.692856
-49620.790039,100,8599.171896
-45142.260067,100,8599.647969
-48804.039997,100,8600.127883
-52592.290115,100,8610.812865
-50320.829987,100,8611.304882
-48692.080063,100,8611.789642
-40657.439968,100,8612.275215
-37324.490025,100,8612.760774
-40281.089962,100,8613.236609
-50798.440033,100,8613.716451
-42079.789989,100,8614.194948
-48784.190022,100,8614.672975
-31495.91996,100,8615.166921
-36947.209923,100,8615.661842
-49209.399979,100,8616.139456
-49125.340057,100,8616.623986
-39709.500011,100,8617.09914
-41315.679955,100,8617.592005
-40590.319969,100,8618.074886
-49286.97998,100,8618.553494
-48230.080017,100,8619.041979
-46871.930042,100,8619.52192
-40088.519997,100,8619.999646
-47858.859966,100,8634.022364
-39738.989967,100,8634.54871
-46679.210014,100,8635.060005
-46878.420063,100,8635.566659
-37549.289986,100,8636.070791
-54162.460018,100,8636.5626
-44770.439983,100,8637.055466
-45887.009956,100,8637.542904
-41770.769978,100,8638.032475
-38105.38002,100,8638.524073
-51626.979992,100,8639.028481
-40414.360062,100,8639.509758
-48466.050072,100,8639.994539
-44786.529984,100,8640.485187
-38794.550003,100,8640.973149
-41657.909973,100,8641.455626
-46720.750088,100,8641.936529
-49337.42004,100,8642.42111
-47258.370007,100,8642.901085
-49062.799969,100,8643.383503
-37717.510021,100,8643.875114
-45184.719975,100,8655.268828
-44511.190079,100,8655.773817
-42520.139984,100,8656.257623
-44651.149975,100,8656.745574
-44112.609955,100,8657.23038
-43547.459972,100,8657.712215
-47767.769997,100,8658.19452
-33292.070004,100,8658.680203
-48110.800041,100,8659.164221
-37728.849979,100,8659.649054
-39679.170017,100,8660.1333
-41129.149971,100,8660.624557
-44699.409992,100,8661.109499
-48352.999996,100,8661.591979
-42268.389931,100,8662.067599
-48969.520004,100,8662.557999
-45002.739983,100,8663.047971
-43267.150097,100,8663.535635
-43090.80003,100,8664.021916
-54336.079979,100,8664.732589
-42913.189953,100,8676.59216
-52092.650036,100,8677.09918
-48210.769997,100,8677.589593
-46013.639965,100,8678.078081
-49489.879982,100,8678.566616
-47652.840023,100,8679.056538
-44005.419979,100,8679.54384
-36125.509945,100,8680.033754
-51184.810116,100,8680.551677
-47693.679974,100,8681.046605
-45075.659985,100,8681.535957
-52487.239975,100,8682.023418
-43432.759991,100,8682.521664
-43963.129971,100,8683.020865
-40858.859978,100,8683.511547
-50127.410027,100,8683.999878
-41141.32999,100,8684.48547
-42626.530003,100,8684.977257
-49039.720081,100,8685.480927
-43962.149979,100,8685.975561
-46665.319981,100,8686.472907
-43009.329937,100,8697.61703
-41580.04995,100,8698.126962
-41755.679932,100,8698.614911
-47730.529976,100,8699.101916
-43191.50996,100,8699.590743
-43789.829956,100,8700.073726
-44924.290043,100,8700.572737
-44664.449932,100,8701.058841
-46688.109974,100,8701.543088
-42574.099968,100,8702.028565
-43379.229996,100,8702.517156
-43239.52998,100,8703.005462
-45262.869972,100,8703.495579
-43194.459923,100,8703.982538
-50739.450073,100,8704.46464
-47664.209991,100,8704.95221
-50058.95998,100,8705.473201
-50721.220055,100,8705.969954
-44264.879993,100,8707.085049
-46546.070023,100,8707.700759
-51210.270042,100,8720.793039
-43439.569954,100,8721.298023
-37652.269974,100,8721.784508
-48552.080017,100,8722.269195
-53138.240013,100,8722.754425
-44450.500038,100,8723.268246
-48198.800018,100,8723.751467
-51081.450043,100,8724.237589
-44249.489986,100,8724.600171
-41937.489983,100,8724.843265
-45140.53997,100,8725.092252
-45838.859974,100,8725.345337
-45236.070011,100,8725.674027
-49479.549946,100,8726.15361
-41240.18,100,8726.624617
-49154.250008,100,8727.094948
-44485.60997,100,8727.567657
-51995.730007,100,8728.053905
-43654.489975,100,8728.535923
-42643.400002,100,8729.011443
-43342.220097,100,8729.488261
-45223.840069,100,8739.241021
-42706.709969,100,8739.735105
-44706.599972,100,8740.21897
-44876.76001,100,8740.705992
-49108.480045,100,8741.19335
-49054.870041,100,8741.70417
-48141.930008,100,8742.192447
-49561.739986,100,8742.683178
-42948.290009,100,8743.174638
-48115.279987,100,8743.671717
-47335.109982,100,8744.158775
-52037.500038,100,8744.6457
-44312.98,100,8745.150652
-50625.610039,100,8745.654435
-44737.819965,100,8746.142181
-44195.340088,100,8746.629225
-49551.119949,100,8747.124567
-42826.139973,100,8747.616499
-55065.869961,100,8748.105084
-45388.749989,100,8748.594701
-43332.13007,100,8761.855243
-39213.529964,100,8762.344244
-51929.709942,100,8762.820467
-49190.800064,100,8763.310944
-39006.130085,100,8763.78545
-45503.91,100,8764.264886
-52115.429989,100,8764.744913
-40422.069962,100,8765.244781
-52088.409992,100,8765.735355
-38779.420036,100,8766.213937
-48691.070091,100,8766.690308
-42928.159981,100,8767.176327
-44374.909981,100,8767.657125
-45465.34996,100,8768.134206
-39290.689964,100,8768.612375
-49043.369938,100,8769.089029
-43528.560024,100,8769.563468
-45529.900074,100,8770.038851
-48436.340061,100,8770.517681
-53207.770016,100,8771.000961
-48177.349976,100,8771.489588
-43734.509972,100,8781.652794
-44735.120003,100,8782.141259
-44408.869938,100,8782.628404
-46176.749969,100,8783.114681
-39308.789993,100,8783.614491
-42751.989998,100,8784.096645
-46937.489964,100,8784.603537
-41017.720001,100,8785.085314
-39755.659946,100,8785.602727
-49104.02002,100,8786.091168
-48591.779976,100,8786.586863
-39840.570026,100,8787.066476
-44499.17997,100,8787.549918
-40731.380035,100,8788.027638
-44455.73996,100,8788.510337
-43528.920048,100,8788.990784
-44602.440048,100,8789.468864
-51288.560059,100,8789.946858
-48248.989956,100,8790.426237
-45320.810032,100,8791.274364
-50126.940063,100,8802.783425
-45747.310028,100,8803.026906
-42155.040062,100,8803.259452
-42410.150036,100,8803.474528
-50575.73003,100,8803.685062
-47386.739975,100,8803.903869
-41679.640079,100,8804.111633
-39919.97995,100,8804.320403
-42623.02,100,8804.555206
-47526.709976,100,8804.811591
-40060.229988,100,8805.314103
-42662.85006,100,8805.801732
-48148.459972,100,8806.279908
-48134.499966,100,8806.762596
-39440.39999,100,8807.234526
-46638.500015,100,8807.709873
-53096.860035,100,8808.18411
-44945.739971,100,8808.658943
-42738.760052,100,8809.153644
-44395.879993,100,8809.634545
-49659.950012,100,8810.117157
-40537.219994,100,8821.062559
-44245.450001,100,8821.577639
-43565.169949,100,8822.085079
-50382.280003,100,8822.57259
-41331.129936,100,8823.058481
-46495.98996,100,8823.577109
-45259.540054,100,8824.062063
-42631.099937,100,8824.549904
-52434.490047,100,8825.047127
-47057.419983,100,8825.546985
-50557.720036,100,8826.035169
-51088.17001,100,8826.518482
-47709.699951,100,8827.004179
-42796.910099,100,8827.489937
-46239.750015,100,8827.978653
-44538.549969,100,8828.479679
-50098.820045,100,8828.97346
-41582.51997,100,8829.457943
-40159.129971,100,8829.946101
-41616.259998,100,8830.430207
-53202.629967,100,8843.487662
-44787.539959,100,8843.750457
-46876.890038,100,8844.0243
-40986.539993,100,8844.280886
-45623.109932,100,8844.559717
-50759.78009,100,8844.80371
-44683.499977,100,8845.040845
-38360.319973,100,8845.275583
-48132.810017,100,8845.518642
-53704.82996,100,8845.741614
-51320.679958,100,8845.983662
-47300.860054,100,8846.19143
-39593.37994,100,8846.410142
-46337.060047,100,8846.619121
-44063.689983,100,8846.826733
-41105.809963,100,8847.038265
-46335.729992,100,8847.249872
-49340.009949,100,8847.462785
-45455.489986,100,8847.677903
-45993.120064,100,8847.88876
-43030.179943,100,8848.105853
-46298.360165,100,8858.294539
-44331.969994,100,8858.793984
-39664.089973,100,8859.284842
-43633.470028,100,8859.78599
-47916.259995,100,8860.27862
-46391.320038,100,8860.775432
-42027.480022,100,8861.26161
-54711.540016,100,8861.757051
-51739.579952,100,8862.248704
-41743.169945,100,8862.738972
-41638.089989,100,8863.223622
-41668.669952,100,8863.760941
-45026.699982,100,8864.190091
-50796.07011,100,8864.426867
-50105.21999,100,8864.732984
-48227.029953,100,8865.041303
-41061.830036,100,8865.290501
-45384.819958,100,8865.516504
-47902.129967,100,8865.734905
-47582.709965,100,8865.943808
-47461.650074,100,8876.48531
-45333.58004,100,8877.038941
-48903.650017,100,8877.818573
-45400.660019,100,8878.062463
-42287.01997,100,8878.465081
-36774.689983,100,8878.679985
-46588.910004,100,8879.192735
-47835.740021,100,8879.729129
-45775.999962,100,8880.253354
-43845.289993,100,8880.739826
-44458.389961,100,8901.265786
-40096.539974,100,8901.498441
-46253.529972,100,8901.728975
-40389.259995,100,8901.954408
-45624.289978,100,8902.201331
-47176.750046,100,8902.434163
-50582.850052,100,8902.66042
-41827.06995,100,8902.881679
-43222.729973,100,8903.105765
-46135.370049,100,8903.329425
-42830.480087,100,8903.579925
-43886.669994,100,8914.432493
-44940.659992,100,8914.920493
-35918.689976,100,8915.426349
-46448.140018,100,8915.918044
-48391.679993,100,8916.402968
-42534.529984,100,8917.428644
-40619.179985,100,8917.985219
-46713.440006,100,8919.056903
-41787.570126,100,8919.668057
-48533.139988,100,8920.16086
-41834.499943,100,8920.88406
-46647.249985,100,8921.690953
-47055.779976,100,8922.235544
-48726.68998,100,8922.73549
-55734.400085,100,8923.216506
-48445.109993,100,8923.716574
-42978.179935,100,8924.205905
-39180.480022,100,8924.687819
-50856.350037,100,8925.184203
-36799.94997,100,8925.675706
-48530.669991,100,8936.799402
-45176.609924,100,8937.296641
-47376.470036,100,8937.778045
-44661.299984,100,8938.263341
-48995.179974,100,8938.74997
-45133.950043,100,8939.233003
-39287.539963,100,8939.713899
-42065.480045,100,8940.19816
-45644.929985,100,8940.684991
-46977.669991,100,8941.189098
-47895.809994,100,8941.672836
-41235.690022,100,8942.15056
-49444.960003,100,8942.645704
-45389.30994,100,8943.126394
-39303.349976,100,8943.61916
-45585.170052,100,8943.824761
-51291.769958,100,8944.028795
-47828.030003,100,8944.235098
-42726.969978,100,8944.443369
-38527.380009,100,8944.668898
-46788.100021,100,8944.898189
-48422.879913,100,8953.773603
-45836.110062,100,8953.992501
-38942.919971,100,8954.197816
-38616.46999,100,8954.410411
-42068.480038,100,8954.818374
-45443.010036,100,8955.075237
-47223.049992,100,8955.333092
-51035.110001,100,8955.685602
-38814.500023,100,8956.166047
-45859.730038,100,8956.646953
-48496.109978,100,8957.128115
-39429.880013,100,8957.605774
-38700.13002,100,8958.088057
-49484.58997,100,8959.039339
-48410.210014,100,8959.564735
-44135.379974,100,8960.108653
-49619.210022,100,8960.872737
-48927.589996,100,8961.143351
-47821.909981,100,8961.365701
-41441.34,100,8961.590714
-41906.60006,100,8972.942311
-44744.419994,100,8973.443074
-48823.619957,100,8973.943676
-53398.419979,100,8974.441603
-43999.890018,100,8974.932698
-43843.649975,100,8975.442902
-41794.619972,100,8975.935007
-44736.459972,100,8976.425189
-46547.689991,100,8976.911736
-44664.44001,100,8977.400326
-40353.400005,100,8977.892468
-35453.25996,100,8978.383251
-42572.350109,100,8978.872522
-33963.350037,100,8979.378155
-47620.810043,100,8979.868857
-45325.119995,100,8980.360254
-41274.000034,100,8980.849973
-47607.710091,100,8981.339617
-44665.309986,100,8981.828842
-45051.750004,100,8982.315564
-45685.499985,100,8982.802648
-43166.159962,100,8993.36861
-42584.360023,100,8993.872552
-47305.639977,100,8994.374024
-48598.919964,100,8994.871777
-47863.890007,100,8995.37646
-46131.790039,100,8995.869848
-37630.249958,100,8996.355158
-45435.550018,100,8996.840054
-44398.509972,100,8997.323039
-41823.060059,100,8997.810254
-33762.369984,100,8998.292198
-42464.079929,100,8998.781319
-43054.069973,100,8999.278481
-44792.329967,100,8999.769523
-56087.149967,100,9000.429248
-46921.419964,100,9000.971625
-48188.019962,100,9001.211939
-50303.819977,100,9001.625395
-49875.600021,100,9001.945342
-40239.119953,100,9002.566127
-44364.099972,100,9016.185246
-41597.63002,100,9016.687623
-52011.540024,100,9017.183855
-41673.680019,100,9017.682846
-46470.330029,100,9018.191348
-41830.199982,100,9018.695948
-44616.389977,100,9019.190508
-39111.529976,100,9019.739167
-45181.54007,100,9020.228388
-44510.839989,100,9020.718211
-37599.289955,100,9021.203137
-48465.550026,100,9021.687374
-39447.579964,100,9022.162376
-41552.270054,100,9022.647138
-44547.170052,100,9023.134586
-42682.100025,100,9023.636961
-45244.48999,100,9024.134607
-38447.769962,100,9024.621496
-41014.449986,100,9025.123476
-40453.439976,100,9025.636605
-46593.569977,100,9026.143495
-35858.850006,100,9036.705365
-51825.089962,100,9037.184931
-49535.23,100,9037.675179
-37500.32999,100,9038.160943
-41885.249954,100,9038.643233
-37601.720001,100,9039.122999
-46108.080032,100,9039.598589
-40552.340038,100,9040.086732
-39359.440014,100,9040.560979
-47912.969994,100,9041.042767
-41578.14996,100,9041.516757
-32795.319977,100,9041.990261
-36962.35001,100,9042.637745
-47574.710064,100,9043.375669
-43276.119976,100,9043.937613
-44320.160007,100,9044.994321
-49524.37999,100,9045.574683
-47105.669968,100,9046.08851
-41565.029972,100,9046.542762
-46355.140026,100,9046.823075
-40953.469944,100,9058.202165
-51032.600021,100,9058.70272
-41838.589985,100,9059.18518
-51504.169956,100,9059.672805
-44190.189983,100,9060.155989
-49853.67997,100,9060.64461
-44300.259991,100,9061.129385
-45492.209953,100,9061.615556
-50023.990028,100,9062.100095
-45225.519985,100,9062.584734
-49314.720013,100,9063.069195
-51712.079964,100,9063.559867
-35932.479992,100,9064.04787
-42415.059948,100,9064.550695
-37537.570023,100,9065.05211
-46902.299961,100,9065.551416
-41225.439983,100,9066.04057
-40384.730038,100,9066.523576
-49684.390007,100,9067.01004
-44862.820004,100,9067.500454
-52137.790077,100,9067.989594
-42451.159962,100,9078.145546
-46614.709984,100,9078.634343
-47518.810013,100,9079.122675
-46318.860035,100,9079.606948
-43860.469971,100,9080.092309
-46590.879997,100,9080.575612
-48486.720036,100,9081.059775
-44993.329975,100,9081.545227
-48219.770027,100,9082.02908
-41608.689999,100,9082.511382
-39282.860008,100,9083.001475
-52969.220024,100,9083.487974
-36991.770012,100,9083.991827
-46833.199986,100,9085.015366
-48942.009995,100,9085.303323
-48024.620098,100,9086.04871
-42395.579933,100,9086.688578
-41395.98999,100,9087.369315
-47889.400005,100,9087.905555
-47237.640129,100,9088.458251
-41854.780087,100,9099.333636
-44218.010002,100,9099.818822
-40946.020069,100,9100.292186
-47661.730034,100,9100.770307
-45640.139965,100,9101.242562
-48679.739979,100,9101.716779
-43132.829956,100,9102.209168
-45697.08007,100,9102.686265
-48998.529922,100,9103.165133
-43022.35001,100,9103.652781
-48393.88002,100,9104.134778
-43324.119961,100,9104.64675
-41045.760021,100,9105.177559
-46106.12999,100,9105.681857
-41378.830021,100,9106.168518
-46485.290043,100,9106.669216
-41426.569969,100,9107.160301
-39785.389992,100,9107.645565
-39680.799976,100,9108.131899
-38210.580063,100,9108.618143
-45585.29995,100,9109.103671
-46517.640018,100,9118.746534
-43744.289978,100,9118.977876
-47287.699959,100,9119.195406
-50028.030033,100,9119.408249
-42907.189995,100,9119.613766
-49826.680004,100,9119.82569
-53169.700027,100,9120.032414
-39435.300022,100,9120.24443
-36978.30999,100,9120.457121
-45642.970028,100,9120.672588
-46525.209984,100,9120.885208
-44311.769974,100,9121.094533
-38497.959972,100,9121.296517
-41524.539989,100,9121.505319
-47255.29002,100,9121.719129
-45949.139988,100,9121.924942
-42908.509933,100,9122.127887
-49861.12009,100,9122.3254
-41632.699966,100,9122.533993
-44013.940041,100,9122.74377
-51951.289982,100,9136.853509
-41869.06995,100,9137.37388
-48853.809959,100,9137.89016
-45829.269958,100,9138.389421
-46304.989929,100,9138.876465
-36646.44997,100,9139.365005
-58195.690002,100,9139.851071
-40098.169949,100,9140.339076
-43309.130051,100,9140.830765
-47643.739983,100,9141.315026
-43683.910011,100,9141.801131
-53179.530052,100,9142.287456
-40548.789955,100,9142.770197
-41212.180035,100,9143.255574
-50510.020031,100,9143.745141
-47310.499977,100,9144.242044
-45012.700039,100,9144.467158
-44522.050041,100,9144.705415
-39842.439991,100,9144.941446
-52966.089989,100,9145.180913
-49052.420017,100,9154.799545
-44760.770042,100,9155.326303
-42264.659966,100,9155.829124
-39570.770016,100,9156.314794
-43776.140007,100,9156.796924
-42075.370045,100,9157.279117
-36727.199993,100,9157.770483
-44956.009979,100,9158.255169
-44417.040031,100,9158.743058
-46959.660057,100,9159.2261
-37331.919975,100,9159.7098
-48976.710045,100,9160.190627
-45579.789982,100,9160.682056
-42722.810013,100,9161.171089
-43567.429974,100,9161.65372
-44416.900009,100,9162.137577
-43076.419991,100,9162.622837
-49954.299984,100,9163.108028
-43849.450016,100,9163.598158
-40391.769947,100,9164.091673
-40347.179977,100,9164.600587
-44733.129951,100,9177.13958
-48413.400063,100,9177.629128
-46510.850006,100,9178.124083
-52354.999928,100,9178.622678
-47440.79007,100,9179.132124
-36753.799934,100,9179.643987
-46727.009972,100,9180.135982
-51518.739994,100,9180.622461
-44847.769974,100,9181.106984
-40553.429993,100,9181.594863
-45509.719952,100,9182.083217
-44027.229984,100,9182.566627
-40699.199974,100,9183.050802
-48250.390087,100,9183.536649
-46767.080025,100,9183.9994
-42129.000031,100,9184.492309
-42738.349957,100,9184.995736
-38412.579983,100,9185.503895
-40906.950027,100,9185.997831
-41754.659985,100,9186.482466
-49281.340042,100,9196.554961
-41320.550003,100,9197.057523
-37593.910023,100,9197.544168
-38642.420002,100,9198.027992
-44256.640015,100,9198.515133
-44730.350018,100,9199.000688
-49566.66,100,9199.486344
-41543.299973,100,9199.975219
-44247.380005,100,9200.461494
-37078.490002,100,9200.951633
-40912.560005,100,9201.438747
-52009.570034,100,9201.931034
-41670.249924,100,9202.412586
-43489.259991,100,9202.893997
-51436.180058,100,9203.378463
-40371.100048,100,9203.869362
-43460.599964,100,9204.351093
-56444.670025,100,9205.085655
-34557.520054,100,9205.57923
-39791.960037,100,9206.060952
-44880.020035,100,9206.535496
-46327.230057,100,9219.493533
-43951.170025,100,9219.993166
-46244.829948,100,9220.500769
-43183.149971,100,9221.026603
-42196.009964,100,9221.519431
-38233.769974,100,9222.005918
-45977.109978,100,9222.494178
-52589.470028,100,9222.976787
-51618.400143,100,9223.461089
-47442.610039,100,9223.956482
-44942.970036,100,9224.439046
-42267.969948,100,9224.946884
-43581.960033,100,9225.506319
-44080.490013,100,9225.999969
-43229.000053,100,9226.488817
-42429.02998,100,9226.980854
-47314.650032,100,9227.474945
-45620.689987,100,9227.962899
-47846.459976,100,9228.449847
-45499.179974,100,9228.938487
-51242.799965,100,9237.404705
-44903.970005,100,9237.9081
-39572.190014,100,9238.39396
-41615.869938,100,9238.882676
-41935.009983,100,9239.370467
-42342.829998,100,9239.858577
-40894.140038,100,9240.356091
-52460.820004,100,9240.858162
-45261.610016,100,9241.343317
-45901.480042,100,9241.830971
-51459.100014,100,9242.315072
-52156.880058,100,9242.805593
-49360.739979,100,9243.292497
-52615.269947,100,9243.779461
-46587.710075,100,9244.268241
-45853.159981,100,9244.759093
-44297.189972,100,9245.296024
-47963.579952,100,9245.798059
-40751.559956,100,9246.282544
-48408.319981,100,9246.768199
-38768.640018,100,9247.260602
-42457.030033,100,9260.218516
-39714.189968,100,9260.704108
-38457.110004,100,9261.200876
-47388.689938,100,9261.701477
-38689.279942,100,9262.212234
-45682.630066,100,9262.711668
-45215.039986,100,9263.198868
-49570.000008,100,9263.685018
-39149.300034,100,9264.191051
-46439.549999,100,9264.676138
-42094.800068,100,9265.190647
-38190.229984,100,9265.696422
-41195.509964,100,9266.183942
-41600.679924,100,9266.666193
-48733.950001,100,9267.149002
-46534.009953,100,9267.631147
-45249.339985,100,9268.119604
-53108.77,100,9268.618225
-42228.429947,100,9269.10114
-40208.200062,100,9269.586573
-49001.220005,100,9279.753108
-40259.139965,100,9279.968355
-46732.450012,100,9280.183259
-46076.23008,100,9280.39182
-38104.059944,100,9280.611938
-32429.339993,100,9280.825349
-45520.990002,100,9281.030057
-42699.399967,100,9281.237485
-48002.149998,100,9281.452048
-32714.919998,100,9281.654106
-47873.599949,100,9281.868849
-52265.780022,100,9282.100981
-46568.230057,100,9282.309602
-42784.680031,100,9282.520113
-47767.109978,100,9282.72419
-54877.020069,100,9282.925718
-38905.370049,100,9283.130375
-38081.599995,100,9283.335213
-35859.209965,100,9283.55182
-42255.079975,100,9283.764001
-46783.699951,100,9283.97959
-39799.519966,100,9293.509443
-41634.559933,100,9294.086229
-41688.48,100,9295.306838
-44535.260044,100,9295.840702
-47597.400047,100,9296.616624
-54221.979973,100,9297.169081
-46919.960003,100,9297.688736
-49677.700062,100,9298.174491
-51473.429947,100,9298.667208
-46151.450012,100,9299.147662
-43023.369949,100,9299.628081
-46922.11998,100,9300.10559
-48101.600029,100,9300.584161
-48864.900024,100,9301.061883
-48292.960003,100,9301.538372
-45847.070034,100,9302.015159
-44706.799946,100,9302.491385
-41857.490009,100,9302.975974
-46398.049953,100,9303.475714
-45947.280003,100,9303.978878
-44047.719982,100,9315.524134
-54657.77002,100,9316.027359
-40898.75005,100,9316.508537
-44333.849983,100,9316.990494
-55309.439957,100,9317.473902
-45433.109978,100,9317.953542
-37339.299976,100,9318.432694
-44882.229939,100,9318.918939
-52242.760059,100,9319.409847
-38368.28001,100,9319.898612
-42573.319939,100,9320.377029
-47402.889938,100,9320.856894
-46607.690029,100,9321.335491
-43691.230007,100,9321.8128
-47038.050095,100,9322.291364
-44524.290062,100,9322.621129
-46540.979961,100,9322.827051
-44364.510014,100,9323.047219
-50741.700012,100,9323.255044
-52079.97995,100,9323.465851
-44748.409988,100,9323.681711
-45277.750111,100,9336.208935
-45655.439964,100,9336.822105
-40504.320007,100,9337.563264
-38061.769962,100,9338.143055
-51357.919987,100,9338.665166
-43865.079975,100,9339.154508
-50958.689964,100,9339.63733
-37946.949982,100,9340.117559
-42944.880074,100,9340.600406
-46050.650002,100,9341.080589
-53773.430031,100,9341.563019
-43175.880032,100,9342.069053
-42050.589985,100,9342.556552
-49555.11002,100,9343.042348
-34928.680019,100,9343.526922
-43882.110016,100,9344.012808
-44640.91,100,9344.520736
-52376.299961,100,9345.057121
-41272.710037,100,9345.584502
-54305.690041,100,9346.086824
-42001.369987,100,9356.556472
-50554.15004,100,9356.802534
-43220.829975,100,9357.040846
-51512.440041,100,9357.264709
-42259.200016,100,9357.495855
-40776.070026,100,9357.719844
-41406.829987,100,9357.944321
-45427.929974,100,9358.161183
-39718.259937,100,9358.385815
-49405.829971,100,9358.611125
-51377.599995,100,9358.834836
-38248.48996,100,9359.055195
-46784.84,100,9359.27207
-44156.789978,100,9359.495311
-40260.340012,100,9359.717665
-52224.990124,100,9359.940955
-42778.800049,100,9360.158141
-43181.780003,100,9360.388141
-46904.760086,100,9360.612401
-47092.560001,100,9360.840053
-43864.009953,100,9361.252678
-42597.460178,100,9371.446086
-46418.350029,100,9371.935636
-49783.490017,100,9372.420701
-42121.379921,100,9372.904057
-46437.049988,100,9373.396162
-41437.129936,100,9373.885479
-49609.119968,100,9374.370875
-38346.450005,100,9374.866543
-58149.900059,100,9375.559783
-47837.049984,100,9376.574742
-41944.95998,100,9377.506246
-48049.179981,100,9378.365154
-41569.899921,100,9378.97413
-42622.119984,100,9379.848697
-45540.420006,100,9380.414398
-38961.239971,100,9381.137873
-49667.879978,100,9381.687074
-48535.980011,100,9382.186918
-38376.689995,100,9425.353965
-46708.740021,100,9425.844936
-40041.379986,100,9435.958551
-39308.859978,100,9436.206773
-36109.729992,100,9436.43652
-43869.430008,100,9436.675876
-44673.270039,100,9436.885674
-46246.749989,100,9437.099629
-40781.969982,100,9437.31506
-50825.25008,100,9437.527134
-45679.96003,100,9437.734532
-42577.320026,100,9437.940845
-46039.509979,100,9438.148686
-44474.360119,100,9438.359391
-46740.019962,100,9438.571713
-47777.930069,100,9438.780169
-39674.639973,100,9438.989338
-52387.140068,100,9439.202021
-43130.980007,100,9439.413117
-47869.479977,100,9439.618211
-46080.25008,100,9439.824998
-33585.069962,100,9440.037698
-44717.159973,100,9440.247165
-37961.729977,100,9449.578156
-42567.500061,100,9449.788717
-47344.789944,100,9449.997787
-49290.530022,100,9450.20768
-42302.159973,100,9450.418224
-42567.020039,100,9450.624969
-51987.020031,100,9450.832841
-46875.679977,100,9451.041286
-54373.819954,100,9451.242337
-44676.079979,100,9451.451174
-43044.119965,100,9451.664846
-53649.350025,100,9451.869999
-44096.950001,100,9452.082478
-37547.619999,100,9452.279902
-48969.480061,100,9452.485162
-41893.939976,100,9452.690431
-45766.369957,100,9452.887535
-45542.680061,100,9453.090709
-46370.89999,100,9453.28799
-44488.789997,100,9453.487805
-42087.369953,100,9465.033437
-39681.399956,100,9465.614261
-45553.769966,100,9466.118731
-40075.31995,100,9466.61607
-46986.679962,100,9467.126616
-46030.469975,100,9467.618817
-33792.850029,100,9468.104577
-45445.079987,100,9468.594819
-45315.100021,100,9469.08982
-34203.469994,100,9469.600355
-39616.969967,100,9470.119112
-51693.399937,100,9470.618682
-48641.670036,100,9471.109878
-42934.410015,100,9471.599845
-48436.040051,100,9472.088993
-49553.890018,100,9472.331133
-51195.690163,100,9472.550822
-48769.650028,100,9472.772533
-38586.159966,100,9472.994328
-47661.590015,100,9473.222607
-50801.069984,100,9473.448589
-43242.460102,100,9483.372927
-47319.779964,100,9483.865768
-43990.109962,100,9484.352387
-36020.759968,100,9484.849055
-42518.359951,100,9485.366527
-44841.479984,100,9485.867918
-48874.890053,100,9486.364976
-35188.899979,100,9486.877776
-45510.479996,100,9487.372461
-50011.200001,100,9487.86685
-40740.689953,100,9488.35342
-46440.139965,100,9488.84344
-45472.770031,100,9489.330498
-43663.539974,100,9489.815842
-41150.069977,100,9490.301258
-50229.839973,100,9490.808944
-44448.440033,100,9491.29838
-48651.860023,100,9491.790545
-44568.719921,100,9492.276439
-45285.019966,100,9492.763161
-51875.040016,100,9505.413813
-44273.040028,100,9505.664461
-53566.84005,100,9505.897944
-42555.119976,100,9506.142452
-42361.430126,100,9506.388398
-44485.190025,100,9506.620321
-44697.019981,100,9506.851131
-48267.469982,100,9507.081162
-47965.259987,100,9507.316737
-44325.479942,100,9507.541729
-39628.399956,100,9507.767175
-51563.200039,100,9507.987408
-39226.479973,100,9508.214773
-41206.980053,100,9508.436126
-39889.779999,100,9508.653549
-50939.160007,100,9508.874852
-54330.510075,100,9509.103158
-47763.629963,100,9509.332143
-41566.609993,100,9509.551069
-46815.39003,100,9509.770452
-42473.41003,100,9509.990969
-39708.090008,100,9521.367847
-46130.519932,100,9521.861431
-54058.239975,100,9522.341361
-40176.240002,100,9522.823454
-44466.140007,100,9523.302715
-49904.920036,100,9523.789479
-48030.230103,100,9524.271945
-48872.169991,100,9524.752699
-44514.499935,100,9525.252973
-41970.76997,100,9525.748871
-47235.099987,100,9526.22984
-48913.410023,100,9526.739851
-40720.38002,100,9527.238153
-47919.36005,100,9527.731164
-47574.789955,100,9528.214705
-48129.420002,100,9528.696098
-43658.220036,100,9529.181609
-47138.360081,100,9529.66635
-41446.869991,100,9530.151178
-39695.139938,100,9530.646391
-46818.88998,100,9542.099183
-41098.669994,100,9542.828207
-45236.800045,100,9543.067912
-52679.259983,100,9543.331944
-44304.050022,100,9543.708443
-46743.719997,100,9544.469036
-48107.360073,100,9545.044553
-44594.26001,100,9545.795395
-39058.89996,100,9546.35402
-37310.279953,100,9547.022593
-49506.609993,100,9547.592643
-46085.710037,100,9548.095064
-43580.590042,100,9548.57924
-50723.570057,100,9549.061053
-43730.60004,100,9549.548581
-44869.029961,100,9550.025017
-48196.100033,100,9550.51397
-42930.060062,100,9550.996612
-40294.540016,100,9551.483465
-49189.639999,100,9551.964702
-52036.919956,100,9552.450783
-38982.24004,100,9562.324862
-42332.81002,100,9562.566639
-41463.200066,100,9562.797405
-45081.819973,100,9563.029676
-47441.309998,100,9563.255698
-46341.559994,100,9563.484972
-42844.019939,100,9563.710981
-44012.749958,100,9563.9294
-44439.390018,100,9564.158578
-47690.310024,100,9564.375412
-49949.240131,100,9564.612371
-45683.919991,100,9564.844854
-48775.509995,100,9565.08452
-42117.140003,100,9565.342066
-42820.910011,100,9565.57846
-48707.259968,100,9565.810348
-40735.729961,100,9566.035684
-50537.179996,100,9566.256139
-39393.669983,100,9566.485981
-42262.290085,100,9566.724186
-44636.920055,100,9575.748072
-43727.330055,100,9575.97411
-49620.999931,100,9576.183893
-38114.089958,100,9576.392324
-45826.320133,100,9576.602232
-44478.41,100,9576.818908
-46240.210011,100,9577.029419
-41188.529984,100,9577.243384
-37512.449993,100,9577.462115
-39497.429981,100,9577.687327
-41038.57996,100,9577.903798
-52479.739979,100,9578.115626
-39438.480053,100,9578.327102
-44361.200005,100,9578.540562
-45001.88002,100,9578.750604
-45761.060081,100,9578.980093
-36931.230022,100,9579.191393
-46828.440056,100,9579.403938
-46149.830059,100,9579.610893
-57068.210079,100,9579.815526
-46170.830044,100,9580.042352
-41203.509995,100,9591.440864
-44201.160023,100,9591.927965
-41681.100014,100,9592.41076
-49430.729973,100,9592.896111
-49070.759983,100,9593.380302
-44530.039986,100,9593.869237
-43125.509972,100,9594.347632
-42931.369946,100,9594.879445
-46338.219959,100,9595.516659
-45554.429958,100,9596.035861
-47871.679977,100,9596.527171
-57018.439949,100,9597.035246
-45351.639965,100,9597.524483
-35050.109951,100,9598.012404
-41033.479969,100,9598.504375
-58551.240044,100,9599.00315
-43429.219978,100,9599.501653
-43778.989986,100,9599.972441
-43940.309975,100,9600.445562
-52966.530033,100,9600.918811
-43465.169952,100,9612.124961
-48166.63002,100,9612.61419
-45353.100071,100,9613.088336
-42761.859974,100,9613.566432
-40375.909931,100,9614.059087
-45111.239964,100,9614.569136
-38963.93998,100,9615.131447
-40411.219955,100,9615.659117
-49745.519993,100,9616.176955
-49901.29007,100,9616.661726
-46567.729996,100,9617.14424
-47531.180023,100,9617.623581
-50683.090023,100,9618.116193
-42098.729988,100,9618.598628
-41119.249943,100,9619.101178
-48733.87011,100,9619.583081
-47628.340046,100,9620.062536
-39400.429985,100,9620.550883
-51419.190048,100,9621.043492
-41729.549969,100,9621.540995
-47249.150017,100,9622.039918
-48687.739956,100,9635.210867
-43794.709991,100,9635.474015
-46403.499969,100,9635.71579
-43217.040028,100,9635.945105
-51024.350113,100,9636.285426
-42914.259956,100,9636.804033
-42680.100056,100,9637.324802
-46022.189953,100,9637.822932
-36807.489986,100,9638.299478
-45694.679985,100,9638.788344
-41846.240059,100,9639.282165
-52627.32999,100,9639.772011
-49476.04998,100,9640.24881
-47844.649971,100,9640.731658
-46625.090038,100,9641.210979
-47544.629944,100,9641.688969
-48534.189987,100,9642.165342
-37915.389954,100,9642.63999
-52158.130051,100,9643.117227
-39651.400059,100,9643.593245
-34979.480007,100,9652.904355
-52951.640018,100,9653.401597
-45751.230019,100,9653.896495
-43339.689957,100,9654.384705
-46246.83007,100,9654.880023
-48295.269989,100,9655.394105
-45821.559994,100,9655.890325
-49002.020046,100,9656.389116
-41826.279961,100,9656.885468
-42083.609974,100,9657.379525
-52696.819977,100,9657.882992
-45349.019955,100,9658.375025
-53740.000019,100,9658.869324
-46054.740082,100,9659.356087
-39534.849998,100,9659.849969
-49837.520016,100,9660.337954
-47342.709991,100,9660.826021
-44974.710018,100,9661.310788
-45575.950043,100,9661.794835
-42593.259975,100,9662.292475
-46385.070057,100,9675.871538
-47193.290051,100,9676.370982
-48803.859985,100,9676.862149
-42480.609928,100,9677.342702
-43953.159958,100,9677.837708
-47954.790089,100,9678.341069
-50583.849979,100,9678.886814
-46423.889969,100,9679.406801
-49134.11998,100,9679.894375
-44157.049957,100,9680.377137
-54721.390022,100,9680.872891
-48815.14003,100,9681.355162
-48704.199993,100,9681.852887
-47410.949966,100,9682.335135
-54003.159931,100,9682.826195
-48661.739994,100,9683.315327
-43162.750008,100,9683.804891
-47632.649994,100,9684.285408
-46889.240005,100,9684.766804
-49651.689983,100,9685.264989
-56241.109978,100,9685.759856
-46184.039959,100,9694.928771
-49246.309982,100,9695.436019
-37281.280014,100,9695.924621
-46430.749939,100,9696.410989
-42024.899998,100,9696.90323
-52345.210014,100,9697.40605
-45390.300037,100,9697.895832
-46738.389992,100,9698.385092
-43468.429996,100,9698.882513
-46182.09,100,9699.368628
-44215.830036,100,9699.862093
-45750.159931,100,9700.356598
-46036.819988,100,9700.849767
-43793.160069,100,9701.343675
-44315.659985,100,9701.832875
-43664.720058,100,9702.316365
-44823.220043,100,9702.803591
-44893.259949,100,9703.287363
-49565.899994,100,9703.771833
-40025.779987,100,9704.25676
-48125.640087,100,9715.970588
-51247.619957,100,9716.465919
-45622.570061,100,9716.942539
-48789.720024,100,9717.417367
-44690.199974,100,9717.888528
-45010.260014,100,9718.361447
-47586.649998,100,9718.832958
-40029.759972,100,9719.31231
-40796.640034,100,9719.827661
-48936.33007,100,9720.329511
-46637.749992,100,9720.814091
-47497.710022,100,9721.277027
-42618.259972,100,9721.76242
-46105.400002,100,9722.233534
-52073.530029,100,9722.702543
-40808.16003,100,9723.176863
-38164.01001,100,9723.652731
-40233.980091,100,9724.124691
-41457.959988,100,9724.600363
-46614.549953,100,9725.091482
-40405.910069,100,9725.581977
-46409.430023,100,9732.869066
-41704.350002,100,9733.11073
-46226.350037,100,9733.343633
-43329.169979,100,9733.573596
-43307.640011,100,9733.798423
-49010.869961,100,9734.021031
-44073.590015,100,9734.255718
-41478.220062,100,9734.480382
-44998.790005,100,9734.713533
-51620.420086,100,9735.029119
-45689.869976,100,9735.341811
-37983.349976,100,9735.5747
-41402.289974,100,9735.800921
-44561.709995,100,9736.042473
-46237.099998,100,9736.263824
-46149.189968,100,9736.489218
-48762.830044,100,9736.707611
-39992.739986,100,9736.934564
-47952.119991,100,9737.158543
-53125.02002,100,9737.374134
-48791.109947,100,9747.247197
-42939.92004,100,9747.75221
-45347.670036,100,9748.250374
-49121.899982,100,9748.741384
-41239.609943,100,9749.235313
-52482.179947,100,9749.724342
-46537.640038,100,9750.228689
-45730.03997,100,9751.16658
-40368.94997,100,9751.717196
-50570.799988,100,9752.410844
-49066.610081,100,9753.134063
-49294.08997,100,9753.435531
-45643.690048,100,9753.708829
-37820.159969,100,9753.968686
-42884.130085,100,9754.421505
-53433.840046,100,9754.729494
-47523.550049,100,9755.001952
-44523.929966,100,9755.263459
-47121.959965,100,9755.523397
-51362.130001,100,9755.798697
-51997.37999,100,9756.04271
-40329.920021,100,9767.28632
-48337.30994,100,9767.50825
-53226.080025,100,9767.730044
-43933.399982,100,9767.942153
-44682.820026,100,9768.148657
-47576.040081,100,9768.354706
-43247.959988,100,9768.568649
-51561.339981,100,9768.784467
-48786.169998,100,9768.99983
-44108.22995,100,9769.233469
-50278.380062,100,9769.451906
-54377.120152,100,9769.65852
-44504.200012,100,9769.879751
-41160.839924,100,9770.08838
-38516.149948,100,9770.299451
-45868.950047,100,9770.526017
-49837.459953,100,9770.737059
-41546.139946,100,9770.946074
-47507.679977,100,9771.158707
-48764.940063,100,9771.364022
-46632.849945,100,9781.198195
-38269.589993,100,9781.699728
-46804.240036,100,9782.201159
-46541.239983,100,9782.686121
-44416.900074,100,9783.174016
-49780.850025,100,9783.658457
-48700.230053,100,9784.140961
-47526.089912,100,9784.624163
-46466.579998,100,9785.122506
-38997.830021,100,9785.622928
-45609.869976,100,9786.106933
-44970.349987,100,9786.592646
-46362.249985,100,9787.0768
-47461.880051,100,9787.565011
-44115.290066,100,9788.076864
-45127.489933,100,9788.566627
-42931.599964,100,9789.052523
-47117.570072,100,9789.541987
-46468.639961,100,9790.022326
-43349.970016,100,9790.502132
-49202.38002,100,9790.98411
-54023.700108,100,9803.037554
-41860.520054,100,9803.316024
-43443.170017,100,9803.719777
-43594.069904,100,9804.080867
-37600.819916,100,9804.333818
-45685.879974,100,9804.610528
-46207.270008,100,9804.83881
-45803.699963,100,9805.096954
-39897.140007,100,9805.388908
-42890.660007,100,9805.613117
-43543.299973,100,9805.833251
-45529.429974,100,9806.047195
-44008.399956,100,9806.253664
-30912.840038,100,9806.468076
-45309.199966,100,9806.674487
-44227.079941,100,9806.879978
-43860.359966,100,9807.09304
-46665.249981,100,9807.29187
-51205.870106,100,9807.495615
-43968.240002,100,9807.721948
-44122.259998,100,9817.555691
-47606.089962,100,9817.782901
-45413.030014,100,9818.004525
-40630.980007,100,9818.217215
-46462.099945,100,9818.426849
-40229.239952,100,9818.6419
-48052.790009,100,9818.870634
-29117.279926,100,9819.087654
-45188.109985,100,9819.304609
-46019.710033,100,9819.536127
-49441.940067,100,9819.745939
-40497.950005,100,9819.960207
-42419.570019,100,9820.173964
-48858.380009,100,9820.386019
-44970.729961,100,9820.608002
-45046.719994,100,9820.814107
-45273.650021,100,9821.030619
-41003.139938,100,9821.238873
-35549.660004,100,9821.466774
-41654.13998,100,9821.679696
-36310.069954,100,9821.890844
-46127.779945,100,9832.523641
-50266.590149,100,9833.01957
-46647.949997,100,9833.508498
-42166.809978,100,9833.999968
-54010.010017,100,9834.7446
-43438.870014,100,9835.563375
-40197.779987,100,9836.141241
-58736.350071,100,9837.310384
-40519.579987,100,9837.836205
-45831.07,100,9838.514449
-39395.439995,100,9839.063553
-45658.68005,100,9839.592419
-39375.46003,100,9840.088522
-44430.609974,100,9840.592918
-48339.190125,100,9841.082053
-42224.38998,100,9841.569852
-37624.779964,100,9842.052888
-38722.029961,100,9842.531717
-48105.999973,100,9843.014655
-48664.269993,100,9843.498138
-54766.159996,100,9855.606824
-41042.169994,100,9856.112314
-56839.680031,100,9856.602534
-42667.139984,100,9857.101925
-43774.739994,100,9857.589069
-43959.970016,100,9858.091152
-39563.529991,100,9858.576612
-42016.050011,100,9859.065964
-51411.54995,100,9859.552572
-50771.589993,100,9860.044966
-47807.370014,100,9860.528525
-48205.160042,100,9861.02616
-46944.130051,100,9861.524566
-36492.000023,100,9862.015517
-39124.349953,100,9862.498492
-48587.689926,100,9862.984153
-42745.920013,100,9863.467477
-47810.170029,100,9863.958166
-44574.010025,100,9864.443838
-55373.549938,100,9864.938944
-42094.919983,100,9865.441597
-47746.540016,100,9875.676365
-45224.510002,100,9876.168379
-45890.540001,100,9876.807344
-49570.27005,100,9877.298883
-41610.959991,100,9877.550138
-47765.089966,100,9877.926118
-43036.039944,100,9913.374004
-46645.000134,100,9913.848253
-45197.060047,100,9914.323247
-43324.050007,100,9914.806468
-41686.47995,100,9915.191249
-44328.610027,100,9915.410944
-47353.360027,100,9915.629239
-39441.869999,100,9915.835351
-39832.839962,100,9916.040777
-43019.460011,100,9916.239249
-35808.169968,100,9916.45618
-44466.909992,100,9916.667893
-45744.789993,100,9916.874242
-39018.630039,100,9917.088939
-38845.059959,100,9930.283983
-47315.290112,100,9930.783676
-47270.009987,100,9931.273595
-51571.499981,100,9931.761876
-50522.679993,100,9932.244163
-51637.279999,100,9932.725027
-38025.539959,100,9933.208879
-48071.340004,100,9933.691503
-49506.749935,100,9934.173869
-40170.539963,100,9934.655535
-46082.250107,100,9935.167249
-49483.249962,100,9935.667023
-40614.560005,100,9936.152945
-39058.720036,100,9936.636983
-40282.729973,100,9937.12238
-42714.549931,100,9937.606308
-44728.659981,100,9938.087817
-43877.57996,100,9938.579599
-39661.940014,100,9939.063823
-51376.629974,100,9939.5467
-41353.279976,100,9940.033464
-46067.680035,100,9951.759528
-40112.039963,100,9952.248367
-48745.680019,100,9952.73759
-46813.970066,100,9953.225696
-48562.789932,100,9953.719751
-52242.029999,100,9954.204769
-50345.859966,100,9954.708161
-48645.710056,100,9955.214864
-45051.899918,100,9955.718876
-49005.920021,100,9956.209612
-46382.510101,100,9956.703365
-45165.370041,100,9957.191939
-37721.26997,100,9957.677463
-44986.400028,100,9958.165262
-46391.120079,100,9958.659422
-49890.750088,100,9959.151124
-50489.71003,100,9959.643685
-51680.339947,100,9960.130088
-40320.249973,100,9960.618401
-47410.369972,100,9961.302498
-47173.369995,100,9971.332613
-47224.390011,100,9971.598926
-40702.379967,100,9971.864483
-46943.810013,100,9972.119492
-41433.139992,100,9972.356242
-44279.399956,100,9972.585576
-48205.649994,100,9972.82882
-49661.089958,100,9973.053771
-52457.310036,100,9973.28051
-50266.479977,100,9973.502329
-42281.010002,100,9973.730181
-49379.230045,100,9973.960069
-46615.01997,100,9974.179226
-47687.859978,100,9974.402155
-44365.630051,100,9974.721827
-45568.260044,100,9975.052879
-53952.829979,100,9975.374906
-42755.839958,100,9975.604537
-51866.540054,100,9975.837523
-48346.750011,100,9976.065198
-42851.139919,100,9976.290955
-39761.289982,100,9986.464848
-42881.590046,100,9986.949672
-36422.180042,100,9987.439785
-47243.779957,100,9987.929032
-46942.749973,100,9988.412538
-45049.100044,100,9988.9245
-45508.519958,100,9989.406765
-48086.009964,100,9989.891724
-44763.000038,100,9990.374355
-48704.590019,100,9990.857615
-36313.739964,100,9991.343927
-41647.389992,100,9991.829713
-45155.300087,100,9992.34032
-43722.529922,100,9992.828561
-43100.449963,100,9993.324532
-41210.029972,100,9993.81544
-46029.539967,100,9994.302754
-49675.229996,100,9994.811965
-42674.939964,100,9995.322612
-43037.559971,100,9995.824478
-44890.169979,100,10008.663773
-43613.990002,100,10009.162589
-44327.629978,100,10009.647547
-49812.230038,100,10010.130582
-44450.969986,100,10010.614004
-36982.849949,100,10011.096746
-48764.109985,100,10011.579305
-52239.180069,100,10012.061151
-43566.730034,100,10012.53694
-40612.499939,100,10013.040724
-43184.319984,100,10013.552517
-48535.599995,100,10014.055761
-42166.779949,100,10014.53697
-43139.039982,100,10015.031692
-48823.279984,100,10015.536051
-52049.250111,100,10016.025801
-48700.400024,100,10016.510035
-48031.780029,100,10017.014918
-40715.279995,100,10017.497136
-45945.100086,100,10017.994466
-41704.779961,100,10018.483948
-42816.780037,100,10029.096176
-48728.669994,100,10029.616543
-39194.239971,100,10030.08665
-40180.460041,100,10030.557465
-46680.189995,100,10031.025315
-43502.43,100,10031.500079
-38147.749996,100,10031.971035
-49188.799965,100,10032.449908
-52136.589977,100,10032.931998
-43809.32996,100,10033.406504
-41145.570087,100,10033.888531
-52529.250027,100,10034.364853
-41698.560028,100,10034.845989
-47774.679981,100,10035.341901
-47401.610054,100,10035.825204
-40681.989979,100,10036.299429
-51730.749958,100,10036.781919
-47460.840057,100,10037.259305
-44117.259979,100,10037.731802
-54026.440025,100,10038.206988
-39845.220016,100,10051.403816
-38225.519985,100,10051.632298
-39205.069984,100,10051.857938
-46994.220108,100,10052.072641
-39004.130062,100,10052.285804
-50143.230003,100,10052.496461
-52685.030033,100,10052.703819
-48728.729946,100,10052.915301
-41543.110096,100,10053.12097
-42048.239994,100,10053.338874
-49655.73003,100,10053.552076
-47855.20005,100,10053.761646
-46513.08992,100,10053.969856
-50338.139977,100,10054.205851
-47027.830036,100,10054.520326
-45144.280125,100,10054.944458
-47754.929985,100,10055.345551
-53495.050072,100,10055.623855
-44733.400074,100,10055.849086
-39087.409977,100,10056.069448
-46503.249966,100,10056.281757
-47065.550053,100,10065.80529
-45440.350014,100,10066.033781
-47629.98,100,10066.256794
-50058.190125,100,10066.479325
-47750.460045,100,10066.691699
-49458.100006,100,10066.908781
-42196.399998,100,10067.139458
-47218.550072,100,10067.357862
-42606.589989,100,10067.574659
-49283.309986,100,10067.786938
-47550.609993,100,10068.000093
-45852.389969,100,10068.233456
-42621.179924,100,10068.443235
-48691.290054,100,10068.65052
-53909.700008,100,10068.861509
-45716.879955,100,10069.07206
-48668.949989,100,10069.302464
-39375.369938,100,10069.517091
-44280.989964,100,10069.726428
-40840.089989,100,10069.944417
-44928.140007,100,10081.248415
-44529.49004,100,10081.747433
-40951.089935,100,10082.237591
-50770.500038,100,10082.726377
-42375.160023,100,10083.207784
-42830.380024,100,10083.694247
-51605.630001,100,10084.175487
-41885.839981,100,10084.665104
-47931.919994,100,10085.16046
-49271.759941,100,10085.687204
-54721.980145,100,10086.590891
-56319.430038,100,10087.484083
-45152.890057,100,10088.253243
-47279.130009,100,10088.796431
-41469.979958,100,10089.413238
-48507.739956,100,10089.787856
-43677.949993,100,10090.075653
-44491.949989,100,10090.414168
-46380.670044,100,10090.857785
-47810.159969,100,10091.163087
-43616.229996,100,10091.384547
-42467.099964,100,10101.501294
-42755.350006,100,10101.739798
-47106.939995,100,10101.961837
-38378.770035,100,10102.194499
-45974.290001,100,10102.408869
-38646.749992,100,10102.619778
-50353.220093,100,10102.826849
-48554.860043,100,10103.039663
-46405.960033,100,10103.252892
-47797.699974,100,10103.466798
-43112.230019,100,10103.683163
-48355.809994,100,10103.895864
-47592.269978,100,10104.112467
-38466.119999,100,10104.327038
-47190.210011,100,10104.562185
-50696.17997,100,10104.803914
-44151.690083,100,10105.038907
-45656.979939,100,10105.280233
-47361.750008,100,10105.510849
-50055.669991,100,10105.732605
-40411.890038,100,10114.89202
-46127.150074,100,10115.137174
-41373.990021,100,10115.38567
-38915.479992,100,10115.625902
-56247.439976,100,10115.848706
-42563.52998,100,10116.071527
-40098.560059,100,10116.284109
-47136.570053,100,10116.512769
-53587.949974,100,10116.723313
-47451.679993,100,10116.93774
-38242.89003,100,10117.156666
-40995.509956,100,10117.377096
-48195.500053,100,10117.592565
-52450.27013,100,10117.804611
-44970.150021,100,10118.01382
-40739.139999,100,10118.223328
-40023.130066,100,10118.440373
-36804.629971,100,10118.653604
-48763.339958,100,10118.870187
-53055.730091,100,10119.082945
-56682.340065,100,10119.310602
-47831.359993,100,10131.545517
-46605.289967,100,10132.006769
-39971.64999,100,10132.269231
-43253.600033,100,10132.600604
-56556.51004,100,10132.913912
-40459.899998,100,10133.152574
-50579.360054,100,10133.388449
-47735.429962,100,10133.639344
-47435.720028,100,10133.861196
-50842.990082,100,10134.078723
-43124.519978,100,10134.288247
-44921.499947,100,10134.540622
-37061.89999,100,10134.850339
-42512.619915,100,10135.096556
-43237.869934,100,10135.331196
-46877.169979,100,10135.554171
-43758.98999,100,10135.768121
-51511.39999,100,10135.987612
-48772.499989,100,10136.195724
-46048.950069,100,10136.412432
-43688.159992,100,10147.166877
-46355.359982,100,10147.665017
-48386.689957,100,10148.149439
-42475.750031,100,10148.630262
-49847.009995,100,10149.114322
-49766.599987,100,10149.616958
-45962.579994,100,10150.103481
-46080.509975,100,10150.596416
-44549.119991,100,10151.08051
-42459.809971,100,10151.564302
-46911.309952,100,10152.047988
-50090.330078,100,10152.5339
-41590.750042,100,10153.024493
-44508.749981,100,10153.527209
-51760.780056,100,10154.03006
-44851.159962,100,10154.523163
-47608.080032,100,10155.022501
-52477.299984,100,10155.533556
-44286.949989,100,10156.024855
-48288.089951,100,10156.509809
-39361.199997,100,10167.625371
-45345.189995,100,10168.146719
-53316.629944,100,10168.636011
-48183.150063,100,10169.121075
-35894.770012,100,10169.616067
-44934.639996,100,10170.506112
-45615.319942,100,10171.030191
-38100.719959,100,10171.859208
-44157.93996,100,10172.490692
-46670.729965,100,10172.771297
-42338.18998,100,10173.004816
-47858.739964,100,10173.50531
-53123.169964,100,10174.045066
-51045.11998,100,10175.2534
-49134.700001,100,10176.242833
-52089.270027,100,10176.994637
-49032.250027,100,10177.473656
-46279.980022,100,10177.955434
-45597.019993,100,10178.432842
-48544.149979,100,10178.91115
-42162.68998,100,10179.395852
-48042.319954,100,10188.882135
-44082.389965,100,10189.0987
-44896.059959,100,10189.309891
-41711.159962,100,10189.530863
-43656.79002,100,10189.749327
-51291.909958,100,10189.96294
-42056.189972,100,10190.174659
-43006.690018,100,10190.38587
-43495.549984,100,10190.598207
-44308.129951,100,10190.810315
-39154.359962,100,10191.017861
-45588.84,100,10191.224978
-48294.459969,100,10191.454102
-48688.150032,100,10191.663481
-45250.220009,100,10191.877232
-50092.080006,100,10192.079757
-47255.80006,100,10192.290789
-43594.180019,100,10192.511134
-41020.949986,100,10192.717547
-39542.199951,100,10192.93215
-35914.569996,100,10201.679177
-43435.829952,100,10201.908079
-39298.349998,100,10202.120635
-38367.769985,100,10202.330153
-52040.609978,100,10202.559444
-45741.849968,100,10202.766057
-51014.430008,100,10202.979485
-42849.649925,100,10203.184011
-45791.490005,100,10203.387113
-43305.090065,100,10203.597749
-37293.109982,100,10203.799964
-46226.840015,100,10204.002498
-52489.419991,100,10204.20654
-45902.590038,100,10204.412537
-52518.529999,100,10204.718252
-46992.600018,100,10204.947669
-50702.940075,100,10205.194062
-36702.909962,100,10205.413442
-40953.379997,100,10205.629994
-40868.299995,100,10205.841832
-43242.110023,100,10206.050908
-44851.780006,100,10217.800097
-46484.419987,100,10218.024727
-43198.62999,100,10218.242973
-42816.090027,100,10218.450469
-46334.349995,100,10218.651959
-49211.079967,100,10218.861569
-47359.069981,100,10219.074282
-45087.719959,100,10219.2972
-45738.150021,100,10219.502897
-42066.619991,100,10219.735395
-50505.260017,100,10219.947495
-50432.010067,100,10220.166633
-43558.809982,100,10220.37592
-47888.960014,100,10220.588379
-47375.07999,100,10220.785994
-49380.670013,100,10221.005497
-48776.909985,100,10221.209716
-40574.180038,100,10221.415988
-40763.059963,100,10221.61759
-49312.46994,100,10221.820857
-38149.020008,100,10232.754587
-42931.750011,100,10233.285621
-50787.750065,100,10233.783502
-46190.199982,100,10234.273521
-52964.739975,100,10234.798359
-46338.809967,100,10235.304302
-42795.810051,100,10235.810396
-51031.090134,100,10236.289995
-47263.980015,100,10236.769845
-45727.739941,100,10237.275033
-43791.579975,100,10237.766909
-44788.910049,100,10238.257426
-45302.059994,100,10238.753908
-50687.26001,100,10239.239506
-47773.69997,100,10239.719422
-45375.729965,100,10240.208321
-39071.580048,100,10240.7017
-40791.109943,100,10241.197115
-45193.909946,100,10241.706054
-53813.559952,100,10242.203627
-48985.159996,100,10242.696405
-38027.810013,100,10257.822025
-42919.130005,100,10258.34155
-47887.720016,100,10258.881616
-45466.429951,100,10259.540062
-45638.249943,100,10260.05747
-37841.75996,100,10260.557464
-49562.970043,100,10261.044729
-58606.430061,100,10261.533213
-42047.670052,100,10262.031862
-44842.140011,100,10262.520361
-47491.999954,100,10263.058626
-46106.839996,100,10263.548358
-45008.360096,100,10264.030738
-42198.729984,100,10264.514254
-48031.880028,100,10265.067975
-43297.349953,100,10265.603922
-45870.330044,100,10266.109962
-47864.889984,100,10266.598004
-36143.259964,100,10267.078404
-47246.820049,100,10267.577819
-43355.020039,100,10277.362617
-43656.449993,100,10277.867192
-41036.400101,100,10278.343721
-44996.239941,100,10278.822136
-44138.149967,100,10279.297351
-45053.830017,100,10279.775326
-43655.960011,100,10280.268797
-38221.380013,100,10280.748131
-49598.189972,100,10281.23949
-39955.920006,100,10281.721941
-45538.960018,100,10282.199073
-44277.469963,100,10282.675776
-41936.719963,100,10283.162895
-38430.679993,100,10283.650135
-51752.900013,100,10284.131002
-48047.480007,100,10284.608055
-45067.209991,100,10285.098522
-45182.060009,100,10285.543168
-36769.179974,100,10285.746924
-54068.540096,100,10285.960033
-41631.599998,100,10286.174614
-45534.740017,100,10297.916063
-41631.700027,100,10298.814457
-43960.490017,100,10299.470096
-37621.039982,100,10299.966844
-39731.110023,100,10300.498072
-42412.820034,100,10301.030789
-43881.759972,100,10301.527942
-44772.350033,100,10302.008424
-46454.200001,100,10302.482377
-47811.120018,100,10302.958616
-43130.479996,100,10303.446479
-56303.890198,100,10303.922051
-41108.749969,100,10304.396415
-45101.950001,100,10304.86901
-42932.379978,100,10305.36918
-56589.52998,100,10305.851022
-42841.539986,100,10306.331473
-41965.570038,100,10306.828514
-44643.350067,100,10307.35326
-37049.210014,100,10307.842329
-49140.220001,100,10318.144687
-42449.560089,100,10318.652853
-41748.76992,100,10319.136749
-39641.709976,100,10319.629251
-41742.969975,100,10320.131873
-51760.980007,100,10320.354326
-48124.869984,100,10320.586019
-45050.919933,100,10320.810541
-37689.809967,100,10321.032312
-46902.739956,100,10321.256855
-40531.46003,100,10321.487859
-46384.410023,100,10321.713003
-36635.869976,100,10321.945558
-46462.130009,100,10322.168061
-41676.940113,100,10322.426862
-52571.299984,100,10322.6526
-44050.379993,100,10322.875745
-42900.60001,100,10323.116089
-50258.950062,100,10323.339842
-41447.499939,100,10323.576858
-46743.209942,100,10323.79814
-48057.009995,100,10334.247064
-47880.529968,100,10334.478939
-43299.980064,100,10334.785158
-50161.150002,100,10335.097644
-44388.409981,100,10335.378564
-39561.079945,100,10335.597684
-39308.720001,100,10335.815014
-39416.080002,100,10336.026938
-38375.420052,100,10336.239325
-46526.690022,100,10336.447244
-46127.450047,100,10336.650129
-43985.339954,100,10336.86096
-45224.249966,100,10337.106434
-51549.250057,100,10337.340437
-44668.45998,100,10338.281922
-41614.749958,100,10338.844629
-44276.820045,100,10339.874838
-46132.249996,100,10340.41802
-35394.209965,100,10340.908934
-54784.959999,100,10341.653583
-38921.070045,100,10352.392357
-46920.340008,100,10352.892416
-43733.639988,100,10353.376896
-41036.139977,100,10353.865444
-49453.649979,100,10354.347935
-45213.269966,100,10354.834094
-46291.949982,100,10355.350168
-45422.22998,100,10355.847599
-56873.21003,100,10356.33391
-40136.840027,100,10356.819476
-43221.819996,100,10357.303468
-48847.72998,100,10357.79204
-51087.709972,100,10358.274407
-43846.820076,100,10358.756436
-52218.12999,100,10359.240629
-36825.69997,100,10392.634326
-41392.069988,100,10393.09555
-43176.239979,100,10393.564196
-53688.360012,100,10394.030537
-48824.410019,100,10394.519493
-49110.520065,100,10395.009166
-48306.820061,100,10405.103035
-50894.899982,100,10405.621096
-45533.739998,100,10406.123119
-49794.299992,100,10406.61561
-50327.749996,100,10407.108513
-42852.010036,100,10407.591147
-43247.009968,100,10408.07664
-48443.879971,100,10408.563226
-40954.329998,100,10409.049404
-41979.499996,100,10409.538143
-43687.469933,100,10410.028859
-50127.509983,100,10410.514954
-38063.949974,100,10411.012918
-36869.599972,100,10411.494799
-47548.000042,100,10411.977761
-43007.179958,100,10412.460567
-47269.450027,100,10412.946728
-43616.299973,100,10413.428784
-48831.620064,100,10413.913099
-47341.470047,100,10414.416983
-40753.630005,100,10428.875154
-43835.969967,100,10429.368045
-43726.83009,100,10429.854575
-42977.570065,100,10430.33898
-49622.930023,100,10430.845247
-48658.44997,100,10431.331929
-62117.460011,100,10431.815784
-36443.289997,100,10432.319023
-45504.669952,100,10432.839182
-54470.350056,100,10433.341519
-45046.639969,100,10433.830351
-43997.859947,100,10434.330088
-45155.439968,100,10434.827664
-49508.139965,100,10435.332883
-50356.329987,100,10435.828166
-45963.570011,100,10436.312037
-49585.860035,100,10436.795983
-40049.069939,100,10437.296191
-43895.010033,100,10437.783138
-48843.54002,100,10438.267131
-44119.330048,100,10438.751713
-43665.439964,100,10450.213688
-48322.690071,100,10450.700972
-49754.980064,100,10451.195415
-51868.379963,100,10451.678631
-41605.249973,100,10452.158301
-41783.780033,100,10452.65109
-50247.630112,100,10453.134859
-48849.49004,100,10453.626904
-45166.490028,100,10454.113141
-43452.639973,100,10454.597317
-57937.190128,100,10455.10115
-38249.43993,100,10455.60003
-47889.619984,100,10456.085205
-48609.360062,100,10456.570415
-51570.670006,100,10457.067178
-44137.529987,100,10457.552597
-52178.349976,100,10458.03677
-51078.690105,100,10458.520666
-40488.220024,100,10459.006063
-42487.410069,100,10459.485576
-52019.409969,100,10473.021505
-45365.509972,100,10473.523152
-46988.720066,100,10474.035511
-43634.720039,100,10474.535407
-46525.860001,100,10475.04372
-46767.309933,100,10475.549946
-48701.549934,100,10476.03597
-49486.920029,100,10476.518777
-43729.489971,100,10477.019951
-43689.969982,100,10477.511233
-44961.709991,100,10477.997117
-43426.210041,100,10478.480631
-41550.730026,100,10478.963247
-39327.630039,100,10479.449389
-45444.539982,100,10479.934611
-44715.709965,100,10480.425968
-43065.349945,100,10480.916434
-44132.109993,100,10481.400245
-44983.869984,100,10481.882211
-44289.269989,100,10482.373618
-46219.159996,100,10482.861254
-42755.849957,100,10492.182598
-51298.890003,100,10492.674244
-51353.559994,100,10493.156074
-47396.410072,100,10493.641175
-39566.329971,100,10494.124265
-37421.840061,100,10494.608768
-44964.949997,100,10495.11233
-48958.89011,100,10495.624939
-46541.690044,100,10496.121881
-41412.289978,100,10496.607641
-41084.969952,100,10497.105833
-48815.169983,100,10497.596523
-43637.429958,100,10498.082829
-41301.300014,100,10498.565419
-44178.589943,100,10499.047167
-47314.360012,100,10499.531057
-47764.699993,100,10500.01247
-42369.680141,100,10500.500792
-50715.950081,100,10500.993595
-49468.689968,100,10501.482067
-44957.580009,100,10516.038987
-49501.670006,100,10516.553544
-42244.070095,100,10517.048163
-46533.069981,100,10517.530253
-47494.170006,100,10518.01566
-40094.139973,100,10518.497081
-50945.890072,100,10518.981694
-52474.800026,100,10519.466413
-39976.849949,100,10519.949912
-44744.900059,100,10520.434003
-48497.449986,100,10520.922065
-42984.159904,100,10521.411555
-45456.009995,100,10521.895386
-42936.560036,100,10522.379852
-38480.200077,100,10522.863607
-43675.279968,100,10523.345636
-41081.679966,100,10523.828301
-42168.870003,100,10524.308088
-38844.819981,100,10524.79007
-38679.529957,100,10525.317872
-48434.820011,100,10525.815984
-49260.910118,100,10535.352557
-39986.62001,100,10535.864049
-46921.529957,100,10536.352618
-42113.979954,100,10536.84998
-48406.220142,100,10537.335354
-39712.55003,100,10537.824845
-43469.510021,100,10538.308204
-55436.07996,100,10538.795223
-53649.509983,100,10539.279388
-47284.379986,100,10539.768265
-43677.169968,100,10540.252924
-50710.529991,100,10540.73807
-45853.120022,100,10541.232043
-45477.939941,100,10541.724898
-39672.369972,100,10542.211431
-49525.910091,100,10542.70255
-41440.629993,100,10543.196321
-47203.680008,100,10543.686072
-45839.799965,100,10544.174449
-46773.069996,100,10544.661174
-50702.669987,100,10558.153728
-37239.159992,100,10558.421016
-44521.019981,100,10558.655244
-38590.78994,100,10558.870505
-42992.589989,100,10559.087988
-42139.829975,100,10559.296419
-52236.400051,100,10559.507714
-41558.440056,100,10559.717576
-52519.699993,100,10559.923357
-46245.15995,100,10560.144626
-43473.959991,100,10560.356935
-50642.730034,100,10560.574076
-48849.770069,100,10560.790398
-42906.870003,100,10561.002606
-42273.919937,100,10561.228641
-42281.169994,100,10561.486832
-40908.830013,100,10561.697901
-44711.549953,100,10561.911376
-43935.060032,100,10562.128956
-47080.509964,100,10562.345194
-38470.379967,100,10562.557608
-42761.069965,100,10572.514558
-48162.869968,100,10573.001618
-48536.360039,100,10573.49181
-42092.420086,100,10573.98156
-55890.579979,100,10574.492229
-38632.909939,100,10575.016619
-38870.539993,100,10575.573485
-46130.459984,100,10576.076144
-46326.279957,100,10576.568762
-53240.46994,100,10577.064018
-40922.429993,100,10577.547553
-45944.200031,100,10578.032722
-42449.489937,100,10578.513684
-44505.500088,100,10578.996116
-46612.190014,100,10579.475097
-46305.639969,100,10579.963517
-43873.420021,100,10580.445378
-44385.420006,100,10580.946031
-50706.670048,100,10581.433237
-42931.529945,100,10581.921102
-40594.359978,100,10595.166615
-41647.300003,100,10595.426926
-43823.979965,100,10595.686503
-42832.37999,100,10595.921507
-42635.909969,100,10596.147668
-47737.36998,100,10596.373362
-42684.610001,100,10596.600309
-53497.490005,100,10596.828146
-43366.509991,100,10597.064832
-51964.199955,100,10597.290107
-48260.899971,100,10597.521239
-46961.700043,100,10597.747765
-39472.60001,100,10597.966298
-40927.309937,100,10598.184411
-41589.48999,100,10598.407123
-45711.619957,100,10598.625906
-45736.020039,100,10598.896759
-44142.81995,100,10599.159617
-40840.280098,100,10599.413894
-42461.399975,100,10599.662935
-47247.720066,100,10599.916239
-37110.049946,100,10609.862807
-45807.23,100,10610.07617
-37361.260025,100,10610.304389
-41457.900009,100,10610.521973
-40833.310001,100,10610.736041
-32907.86998,100,10610.94897
-43507.210041,100,10611.161813
-44990.709991,100,10611.369565
-45020.269985,100,10611.589086
-46660.110031,100,10611.801582
-44046.129974,100,10612.008562
-37726.039993,100,10612.215735
-38470.569988,100,10612.429669
-42265.259998,100,10612.639477
-40908.210026,100,10612.851911
-52419.210014,100,10613.0629
-41189.789948,100,10613.269377
-46177.259987,100,10613.485627
-45056.620029,100,10613.692553
-44258.820004,100,10613.89942
-42185.869991,100,10624.045157
-45452.87994,100,10624.525467
-46381.039955,100,10625.036559
-40870.760086,100,10625.533697
-39487.069981,100,10626.014935
-43666.970001,100,10626.49
-48348.250038,100,10626.970299
-44219.199982,100,10627.446086
-45336.029942,100,10627.931169
-42331.589958,100,10628.41657
-51229.049988,100,10628.889373
-50805.140064,100,10629.369592
-46289.990097,100,10629.844608
-50667.450031,100,10630.462676
-48554.059975,100,10630.924648
-52584.509968,100,10631.183243
-39506.860004,100,10631.501875
-47351.95998,100,10632.007888
-41171.669987,100,10632.37157
-38984.990021,100,10632.76968
-43847.91008,100,10633.060587
-54955.239998,100,10645.897106
-45721.11998,100,10646.402697
-53781.249992,100,10646.887413
-40055.939964,100,10647.370607
-51129.64996,100,10647.858391
-39126.379963,100,10648.335076
-49525.089973,100,10648.811999
-44292.400043,100,10649.288322
-41969.189934,100,10649.768924
-41342.829983,100,10650.242793
-45059.800056,100,10650.721866
-48663.469967,100,10651.196877
-39285.179996,100,10651.681857
-47125.110035,100,10652.15889
-47221.939964,100,10652.639943
-46324.020042,100,10653.116993
-38488.210022,100,10653.593495
-42293.040009,100,10654.06789
-45029.220001,100,10654.554045
-52176.200085,100,10655.037871
-46772.11002,100,10665.874061
-44977.389969,100,10666.376482
-51086.219967,100,10666.87068
-43154.949989,100,10667.354309
-50461.439968,100,10667.839503
-43003.549969,100,10668.32241
-44829.250011,100,10668.810143
-50302.949997,100,10669.293345
-51471.43,100,10669.778201
-46652.229992,100,10670.264465
-39342.299992,100,10670.748397
-44478.819973,100,10671.240396
-46099.099953,100,10671.725193
-38925.249981,100,10672.689417
-42606.739983,100,10673.245943
-42528.850086,100,10673.896483
-46283.470009,100,10674.630033
-45209.770008,100,10675.333118
-48634.260052,100,10675.874575
-45838.550064,100,10676.500563
-53733.959976,100,10687.52743
-50254.000011,100,10688.03739
-51939.820015,100,10688.53244
-51507.330059,100,10689.024989
-48098.459949,100,10689.519399
-44077.049957,100,10690.009901
-52115.459999,100,10690.504506
-45476.769943,100,10690.99946
-44944.440006,100,10691.499583
-45009.810078,100,10691.999891
-42981.929996,100,10692.485942
-36892.770042,100,10692.973589
-43485.639973,100,10693.466949
-41615.879982,100,10693.959524
-50031.579967,100,10694.443062
-46799.910038,100,10694.941453
-44165.800045,100,10695.441545
-51116.94006,100,10695.936114
-39476.600006,100,10696.434556
-48300.920044,100,10696.948556
-42375.190025,100,10697.436666
-39931.729973,100,10706.252376
-47268.360008,100,10706.742939
-50248.160019,100,10707.224899
-40050.550018,100,10707.699218
-47398.240047,100,10708.1751
-47025.710014,100,10708.651039
-44120.73003,100,10709.124798
-49357.790012,100,10709.597112
-44412.129974,100,10710.078049
-40253.069996,100,10710.551594
-44095.170013,100,10710.898896
-52051.900017,100,10711.121363
-52772.62006,100,10711.344025
-48327.820053,100,10711.569204
-44710.509995,100,10711.79623
-44836.45005,100,10712.034834
-39749.509972,100,10712.264622
-45794.84996,100,10712.497507
-50833.190048,100,10712.719938
-50460.100018,100,10712.944712
-51462.120083,100,10726.590488
-43392.410034,100,10726.828578
-45597.359966,100,10727.044576
-35914.709991,100,10727.256517
-41878.830032,100,10727.476938
-55540.289974,100,10727.690493
-49761.180069,100,10727.895832
-46578.530029,100,10728.109468
-46232.480103,100,10728.317966
-41090.979992,100,10728.526628
-42164.429962,100,10728.737037
-48314.689972,100,10728.946829
-47593.080078,100,10729.154612
-53075.020035,100,10729.361748
-52984.940109,100,10729.574863
-47175.860073,100,10729.785891
-46986.999954,100,10729.991615
-52631.519985,100,10730.196931
-44295.909966,100,10730.408866
-41122.400005,100,10730.612953
-48126.679966,100,10730.824237
-51289.809917,100,10741.038163
-45488.329987,100,10741.272097
-48532.130016,100,10741.50938
-48837.860085,100,10741.736997
-43950.030006,100,10741.967493
-42603.499981,100,10742.204027
-53506.069981,100,10742.438622
-36556.399956,100,10742.670205
-48936.860168,100,10742.892821
-50219.900005,100,10743.115314
-45990.040031,100,10743.335022
-41021.670017,100,10743.560363
-43177.429928,100,10743.787639
-39281.419956,100,10744.010669
-52555.39996,100,10744.239393
-43799.440048,100,10744.460989
-42217.159966,100,10744.689456
-40615.219963,100,10744.921668
-41196.029938,100,10745.184016
-39784.660011,100,10745.436626
-47500.489964,100,10756.329992
-49976.660023,100,10757.348083
-49242.27002,100,10757.90381
-44967.820019,100,10758.723373
-44440.260002,100,10759.336694
-48341.520008,100,10759.91269
-45815.750042,100,10760.648538
-48360.94001,100,10761.154511
-42907.939934,100,10761.638873
-48524.57003,100,10762.115335
-38105.269943,100,10762.59923
-42763.129959,100,10763.074953
-42194.989971,100,10763.549121
-49436.210102,100,10764.0165
-40185.979958,100,10764.490084
-47914.550007,100,10764.988328
-48318.369953,100,10765.493004
-40617.45005,100,10765.979492
-50696.039974,100,10766.455854
-49968.949993,100,10766.940535
-45021.020023,100,10767.445517
-47106.090042,100,10778.911007
-40434.829952,100,10779.40318
-48301.690033,100,10779.890057
-48789.330067,100,10780.390037
-48907.309971,100,10780.879069
-44239.42997,100,10781.361513
-43846.440002,100,10781.846561
-51046.060005,100,10782.329655
-51397.590023,100,10782.817776
-52444.129993,100,10783.298903
-47354.979992,100,10783.782456
-44390.869987,100,10784.266119
-37476.39996,100,10784.760034
-44232.549995,100,10785.262186
-51142.399998,100,10785.768866
-38988.130001,100,10786.260105
-39640.240005,100,10786.74617
-44021.32999,100,10787.231547
-46390.689995,100,10787.726818
-47008.519962,100,10788.212941
-46038.18,100,10800.023129
-40843.599991,100,10800.827733
-49802.050011,100,10801.511976
-41611.939945,100,10802.134719
-47120.359985,100,10802.704685
-40641.519978,100,10803.396779
-47703.839954,100,10803.918975
-46082.06995,100,10804.414587
-46029.560059,100,10804.902638
-36438.630016,100,10805.456045
-44949.049969,100,10805.951756
-46817.470078,100,10806.443681
-49311.919991,100,10806.930242
-48476.280022,100,10807.427082
-45110.71999,100,10807.917187
-44361.119957,100,10808.418956
-43067.210045,100,10808.973963
-43572.679958,100,10809.51874
-47631.87001,100,10810.019979
-49790.680008,100,10810.510648
-42598.579948,100,10811.007173
-45318.01997,100,10821.675138
-42134.650005,100,10822.164917
-43615.469975,100,10822.660455
-34266.090008,100,10823.149571
-41657.349987,100,10823.633001
-43818.399979,100,10824.11819
-48494.470055,100,10824.604602
-43771.799999,100,10825.124842
-41394.529934,100,10825.631434
-48704.12001,100,10826.120937
-44314.329971,100,10826.608942
-42140.910034,100,10827.096395
-50061.440022,100,10827.578235
-46726.27,100,10828.066147
-38653.169991,100,10828.55099
-47513.200092,100,10829.043359
-45213.900013,100,10829.530434
-41374.740005,100,10830.035949
-49315.929939,100,10830.527462
-45177.959965,100,10831.020652
-47971.459965,100,10842.855552
-47043.520073,100,10843.083432
-38544.540108,100,10843.678843
-43863.380085,100,10843.98044
-43507.700027,100,10844.262008
-53280.829956,100,10844.562108
-52098.690029,100,10844.803406
-44141.009972,100,10845.038895
-40816.420033,100,10845.287063
-41002.399994,100,10845.537612
-44172.780033,100,10845.760212
-52415.949963,100,10845.977606
-43355.989948,100,10846.195401
-55257.280045,100,10846.427335
-42862.420021,100,10846.637365
-51489.630035,100,10846.851701
-43221.850014,100,10847.06309
-46741.739979,100,10847.271157
-50403.610062,100,10847.487561
-53532.810055,100,10847.696069
-47639.510021,100,10847.915718
-42720.23,100,10858.13502
-45855.130108,100,10858.654659
-40777.449978,100,10859.158734
-52987.300018,100,10859.65718
-43217.739979,100,10860.163094
-46186.899998,100,10860.669061
-45356.609974,100,10861.16744
-42313.999962,100,10861.668453
-48836.629929,100,10862.166223
-47327.239971,100,10862.663664
-46408.850033,100,10863.184966
-42083.549969,100,10863.683092
-35931.639992,100,10864.180997
-45048.100048,100,10864.679456
-45015.949978,100,10865.195637
-34480.83997,100,10865.711436
-44965.339951,100,10866.222304
-38583.949924,100,10866.725991
-49219.900097,100,10867.218836
-55858.530136,100,10867.705914
-55578.039974,100,10878.143105
-46975.770031,100,10878.656431
-39836.890022,100,10879.145056
-55702.219967,100,10903.587884
-52338.189995,100,10904.056496
-51564.669956,100,10904.523446
-48176.909962,100,10905.013941
-49401.850048,100,10905.512414
-52007.629971,100,10905.990494
-58513.490032,100,10906.47603
-47662.759995,100,10906.980996
-41837.329967,100,10907.493648
-48636.290058,100,10907.978082
-40648.429981,100,10908.463144
-48059.840015,100,10908.917969
-50228.480118,100,10909.126918
-47928.12999,100,10909.333411
-44674.02998,100,10909.541995
-44472.069973,100,10909.747194
-47694.419987,100,10909.958397
-40068.870037,100,10910.172548
-49385.39994,100,10921.10376
-51011.030094,100,10921.337338
-47819.089981,100,10921.565416
-42463.649914,100,10921.786664
-49758.869961,100,10922.009402
-45801.280006,100,10922.22809
-45348.429996,100,10922.455041
-47356.549973,100,10922.683681
-55246.590004,100,10922.925403
-42760.48011,100,10923.485108
-44007.370018,100,10924.20009
-46578.540009,100,10925.232502
-41226.939987,100,10925.549373
-45210.470016,100,10925.848478
-45252.830063,100,10926.146369
-46705.439915,100,10926.836047
-52165.039978,100,10927.360003
-48252.710052,100,10927.974581
-46711.91996,100,10929.283956
-37982.870045,100,10929.782232
-39476.520016,100,10939.803727
-50217.230003,100,10940.291241
-43483.159946,100,10940.772731
-50657.089958,100,10941.250649
-41879.629978,100,10941.730522
-50078.120049,100,10942.210969
-50198.60001,100,10942.680683
-39380.350018,100,10943.19355
-44588.57999,100,10943.679088
-40315.550026,100,10944.165536
-47062.009987,100,10944.662322
-47931.150028,100,10945.152163
-49567.559948,100,10945.641567
-48967.519989,100,10946.150016
-49000.710052,100,10946.63543
-48405.80006,100,10947.128388
-43888.249962,100,10947.614772
-41276.120018,100,10948.129482
-42056.429974,100,10948.621026
-41528.499954,100,10949.110325
-45174.870098,100,10949.598083
-45085.819981,100,10959.727385
-36300.319977,100,10959.946132
-45167.250023,100,10960.158438
-39387.289917,100,10960.373023
-49926.600037,100,10960.580681
-48419.680008,100,10960.792323
-53286.500008,100,10961.004995
-44171.439995,100,10961.209301
-43670.319946,100,10961.413856
-41668.190041,100,10961.623101
-44927.480076,100,10961.825125
-45147.579979,100,10962.027677
-47824.650055,100,10962.231398
-40255.949974,100,10962.438609
-51084.439983,100,10962.652292
-51349.570072,100,10962.863913
-47067.349949,100,10963.08416
-48399.67012,100,10963.30535
-51095.250023,100,10963.526982
-40415.46999,100,10963.739475
-48035.419945,100,10975.642309
-53044.69001,100,10975.891064
-41375.689926,100,10976.165738
-55555.639954,100,10976.419886
-44698.869972,100,10976.684385
-46415.080021,100,10976.949907
-40291.599987,100,10977.170615
-43354.789978,100,10977.421484
-43129.059948,100,10977.639037
-52379.690121,100,10977.849155
-42982.029964,100,10978.062238
-48420.869942,100,10978.267756
-41247.059982,100,10978.475543
-45518.880024,100,10978.695535
-43057.610142,100,10978.903689
-43111.439983,100,10979.118658
-47376.370033,100,10979.325093
-40397.910007,100,10979.528955
-51388.730022,100,10979.736776
-42560.749943,100,10979.941845
-43092.069973,100,10980.149624
-46701.819946,100,10990.538148
-40896.959991,100,10991.03769
-41206.889954,100,10991.526081
-43766.860115,100,10992.015496
-46470.040009,100,10992.501998
-42513.910007,100,10993.00272
-47479.810017,100,10993.497146
-46412.46999,100,10993.981136
-45125.219994,100,10994.481413
-50699.749992,100,10994.971692
-52311.099979,100,10995.480385
-46893.009941,100,10995.977015
-50189.629974,100,10996.468256
-45989.69001,100,10996.980001
-47748.349964,100,10997.474401
-46820.570023,100,10997.960467
-35793.409969,100,10998.446627
-49346.509945,100,10998.930169
-40309.119987,100,10999.417505
-46100.820023,100,10999.899187
-42602.059952,100,11013.173266
-37446.659969,100,11013.686493
-42615.700047,100,11014.16679
-41042.050095,100,11014.645313
-48108.909992,100,11015.137587
-36376.14999,100,11015.634624
-49684.679966,100,11016.114932
-43933.349991,100,11016.593093
-39066.099979,100,11017.082191
-43240.319939,100,11017.579883
-42537.120064,100,11018.090159
-40125.690037,100,11018.586176
-42303.010048,100,11019.074357
-42528.550179,100,11019.556982
-42477.269981,100,11020.038875
-45767.119976,100,11020.515916
-44995.269997,100,11020.999591
-44108.77005,100,11021.481834
-43933.169949,100,11021.96047
-44387.140068,100,11022.438117
-48295.640022,100,11022.91209
-40678.32008,100,11033.740097
-42710.23996,100,11034.234936
-42637.430019,100,11034.729647
-50372.999981,100,11035.233356
-46937.059975,100,11035.735476
-40149.929993,100,11036.234026
-49136.479969,100,11036.720094
-48227.490051,100,11037.209553
-48088.109966,100,11037.69426
-50564.120094,100,11038.181491
-38103.089981,100,11038.672447
-47062.049942,100,11039.157679
-36767.89996,100,11039.668684
-43167.700012,100,11040.160417
-41814.53994,100,11040.640029
-47132.199986,100,11041.114111
-51180.209957,100,11041.59157
-43985.969978,100,11042.062124
-35614.189999,100,11042.536021
-44564.009995,100,11043.007585
-37542.309963,100,11055.694761
-45026.390022,100,11055.917973
-37905.089947,100,11056.136536
-45184.66996,100,11056.34542
-51145.219975,100,11056.569883
-47604.849983,100,11056.775863
-43356.390003,100,11056.992157
-44340.849953,100,11057.199049
-47184.299973,100,11057.406777
-47086.460018,100,11057.619467
-44671.320042,100,11057.824227
-37650.290035,100,11058.028907
-43879.259998,100,11058.229198
-41078.589989,100,11058.435007
-42126.969986,100,11058.649005
-44315.339973,100,11058.869869
-40341.689972,100,11059.124871
-44771.13995,100,11059.428146
-46609.770054,100,11059.67355
-48351.99995,100,11059.924604
-45503.910004,100,11060.157286
-47319.650017,100,11069.560987
-52177.050049,100,11070.052156
-45409.370037,100,11070.545554
-42204.899998,100,11071.013541
-43345.22995,100,11071.48995
-50960.639954,100,11071.958788
-40233.550049,100,11072.433326
-44677.43998,100,11072.904053
-48003.719986,100,11073.402872
-43365.040043,100,11073.894176
-43779.830025,100,11074.373296
-53891.900009,100,11074.852469
-44695.289982,100,11075.36242
-47269.040134,100,11075.860064
-45338.270016,100,11076.338088
-33964.899975,100,11076.822706
-53180.860096,100,11077.313142
-48045.709942,100,11077.804765
-44168.140011,100,11078.285538
-43624.850037,100,11078.767253
-41211.720009,100,11088.312541
-47986.240036,100,11088.539446
-44825.270046,100,11088.748663
-58344.910023,100,11088.961973
-38154.420029,100,11089.173368
-45886.349968,100,11089.380697
-43892.289959,100,11089.611926
-41961.069958,100,11089.817224
-45461.700031,100,11090.286613
-45905.320034,100,11091.123441
-43100.740028,100,11091.744644
-57571.629993,100,11092.688034
-50852.150032,100,11093.226029
-43874.089954,100,11093.722461
-46049.029999,100,11094.395696
-38908.310032,100,11095.031529
-36677.779995,100,11095.765084
-49373.120014,100,11096.27131
-43472.719959,100,11096.759557
-40233.789978,100,11097.233719
-44889.139957,100,11097.732476
-43411.160011,100,11107.478938
-44932.200031,100,11107.701489
-52102.369995,100,11107.921713
-39551.419979,100,11108.14518
-47365.470013,100,11108.35177
-44741.000004,100,11108.558043
-37500.009968,100,11108.7847
-43210.040016,100,11109.005567
-42757.429966,100,11109.220002
-47773.12999,100,11109.432373
-46035.610016,100,11109.637986
-43085.089985,100,11109.88685
-46564.260025,100,11110.104935
-46776.679951,100,11110.322734
-46657.800018,100,11110.533916
-43654.809978,100,11110.744055
-48389.83004,100,11110.965342
-48236.230026,100,11111.17882
-47065.209991,100,11111.40369
-41963.330029,100,11111.621205
-48050.069984,100,11121.412531
-44016.969994,100,11121.906191
-36480.719967,100,11122.392457
-39070.679966,100,11122.878256
-47891.510002,100,11123.364339
-43867.709988,100,11123.851696
-48123.180054,100,11124.340046
-45049.069969,100,11124.825349
-51734.480064,100,11125.323131
-41004.059948,100,11125.815558
-43948.71999,100,11126.094411
-49605.540009,100,11126.299619
-48341.379993,100,11126.515535
-38729.829948,100,11126.726415
-42551.659931,100,11126.944846
-47642.450016,100,11127.155036
-46430.059959,100,11127.365509
-47160.319973,100,11127.583768
-42075.960014,100,11127.795302
-51887.260029,100,11128.012532
-39379.750011,100,11128.224614
-44619.959969,100,11140.066385
-40481.150002,100,11140.554441
-44365.959984,100,11141.046522
-40486.119926,100,11141.522162
-30805.539959,100,11141.993932
-53745.660023,100,11142.469939
-39630.559982,100,11142.959334
-43083.760002,100,11143.459836
-49553.450024,100,11143.953064
-43997.419994,100,11144.42968
-36388.850014,100,11144.913717
-51426.430054,100,11145.410175
-47923.460045,100,11145.892366
-50836.520111,100,11146.365555
-43276.699982,100,11146.842305
-47364.009964,100,11147.329993
-41420.319977,100,11147.811618
-41238.339981,100,11148.292827
-46240.120056,100,11148.770782
-45252.159992,100,11149.245035
-41259.739967,100,11159.096726
-43073.730019,100,11159.805215
-38241.519981,100,11160.310905
-35533.769981,100,11160.808386
-39613.479965,100,11161.292503
-44056.589954,100,11161.77907
-42774.370045,100,11162.260408
-50570.530025,100,11162.742172
-46333.950035,100,11163.235029
-48122.05999,100,11163.723034
-43807.840019,100,11164.208841
-41234.189972,100,11164.692137
-38191.460014,100,11165.183167
-45996.380051,100,11165.700668
-53832.940018,100,11166.198935
-43614.580009,100,11166.690182
-44319.610035,100,11167.181664
-46881.980022,100,11167.671901
-43737.379997,100,11168.157636
-39117.11993,100,11168.647563
-47554.330002,100,11180.389758
-40499.850029,100,11180.901913
-40773.369999,100,11181.387992
-47475.419933,100,11181.873518
-57787.620026,100,11182.357378
-48705.129951,100,11182.840023
-47854.889973,100,11183.324225
-44250.619984,100,11183.801937
-37683.190025,100,11184.301086
-48472.680019,100,11184.831247
-44006.659969,100,11185.396982
-43784.799931,100,11185.910247
-48357.78994,100,11186.399837
-47390.210079,100,11186.889103
-53035.429955,100,11187.37894
-47354.289997,100,11187.871145
-46094.85001,100,11188.357079
-43873.430023,100,11188.845061
-39759.829948,100,11189.346972
-44965.18998,100,11189.834618
-45167.349991,100,11190.331073
-52883.720055,100,11199.606508
-49600.539993,100,11200.102098
-39653.869942,100,11200.60034
-37782.73999,100,11201.090812
-40023.719997,100,11201.566943
-48444.449947,100,11202.043435
-44355.939964,100,11202.519887
-45921.569969,100,11203.000536
-46652.439949,100,11203.507204
-52823.039978,100,11203.986199
-47218.090012,100,11204.500613
-48616.359997,100,11204.990374
-45645.180092,100,11205.471465
-44777.050022,100,11205.959646
-46676.030006,100,11206.437531
-46440.059952,100,11206.918828
-47759.460041,100,11207.39306
-47324.760036,100,11207.872217
-45125.549992,100,11208.348862
-47052.850002,100,11208.824948
-47421.04998,100,11221.874101
-47073.559971,100,11222.37061
-41917.359951,100,11222.871813
-45081.420006,100,11223.361397
-41265.799961,100,11223.846903
-46901.060101,100,11224.328648
-45051.069981,100,11224.827021
-46567.649952,100,11225.330491
-46523.589981,100,11225.827415
-43043.639954,100,11226.341104
-55486.849968,100,11226.853692
-44981.570011,100,11227.348567
-45225.219959,100,11227.853882
-50814.529991,100,11228.346115
-45373.169979,100,11228.834658
-50087.709961,100,11229.320597
-48245.640068,100,11229.805213
-43122.050018,100,11230.290463
-41870.130001,100,11230.77626
-50091.659973,100,11231.266855
-35300.359997,100,11231.7522
-43788.459942,100,11242.973147
-39163.139977,100,11243.463497
-40186.060051,100,11243.954077
-43630.560009,100,11244.43819
-44512.41996,100,11244.724041
-41107.029957,100,11244.987098
-46954.810017,100,11245.246469
-47814.750019,100,11245.508967
-45960.630016,100,11245.731632
-48471.900017,100,11245.953649
-45399.690006,100,11246.181689
-50248.539989,100,11246.41245
-46343.320087,100,11246.634154
-37733.669994,100,11246.85646
-38480.649979,100,11247.098897
-41945.950005,100,11247.33642
-40194.889977,100,11247.557979
-44490.749954,100,11247.78384
-49496.580002,100,11248.009314
-50808.720078,100,11248.231877
-49263.760021,100,11260.085759
-47279.679966,100,11260.888426
-50791.700001,100,11261.16673
-48170.820049,100,11261.489372
-44755.179951,100,11261.810879
-42252.709991,100,11262.134397
-47940.670025,100,11262.441221
-49376.259998,100,11262.678754
-39574.389988,100,11262.905373
-45274.070015,100,11263.122227
-49070.090023,100,11263.338995
-48822.879986,100,11263.556262
-43214.669933,100,11263.770936
-46828.250008,100,11263.98563
-44111.389988,100,11264.196541
-49857.049957,100,11264.408083
-45657.910011,100,11264.771181
-43178.040035,100,11264.998017
-44885.999985,100,11265.226016
-38702.879997,100,11265.462621
-48044.369991,100,11265.684367
-41644.409973,100,11275.861485
-46162.329967,100,11276.110115
-40973.389954,100,11276.337026
-41685.749954,100,11276.579713
-41919.849979,100,11276.803909
-49225.250004,100,11277.032095
-41455.249969,100,11277.25635
-41891.20002,100,11277.48625
-46345.460003,100,11277.716015
-40426.600086,100,11277.939355
-47342.920063,100,11278.178335
-46691.96003,100,11278.407241
-48612.850033,100,11278.633382
-51804.820099,100,11278.856601
-44850.849991,100,11279.08448
-45601.399994,100,11279.313186
-41503.729931,100,11279.540447
-52860.399967,100,11279.76509
-48210.529976,100,11279.985677
-39981.140007,100,11280.202672
-52316.519943,100,11291.501525
-44447.229965,100,11291.994368
-45521.470131,100,11292.471093
-41229.779995,100,11292.948788
-43702.949974,100,11293.423144
-38632.170036,100,11293.901038
-43259.859947,100,11294.374242
-46808.980022,100,11294.867762
-39834.239994,100,11295.376803
-41812.929955,100,11295.867155
-44284.509945,100,11296.344641
-40760.859962,100,11296.843403
-46032.809963,100,11297.321205
-47328.869968,100,11297.808356
-43055.180008,100,11298.286916
-42363.549992,100,11298.773513
-42045.369987,100,11299.769166
-45277.869968,100,11300.888113
-39527.109997,100,11301.54179
-50575.040058,100,11302.076392
-48515.290028,100,11302.793783
-40659.600071,100,11315.057571
-42317.410027,100,11315.561071
-44705.309952,100,11316.049056
-44883.009941,100,11316.533748
-41222.980034,100,11317.048837
-44698.019981,100,11317.527918
-43430.610043,100,11318.002972
-33580.919975,100,11318.476369
-40811.029945,100,11318.95199
-45769.570042,100,11319.425989
-46890.990032,100,11319.896493
-47740.220028,100,11320.371437
-39883.400017,100,11320.847235
-49574.940022,100,11321.320106
-47318.450111,100,11321.852805
-45727.290043,100,11322.330052
-44152.610027,100,11322.800976
-43802.089977,100,11323.277971
-47502.270054,100,11323.752929
-43594.18996,100,11324.223892
-46446.380089,100,11335.467171
-46037.419949,100,11335.982562
-43770.07003,100,11336.501393
-42798.279976,100,11337.006701
-47055.670021,100,11337.500012
-48953.529968,100,11338.006495
-48355.289986,100,11338.492007
-50830.020016,100,11338.977697
-36684.780018,100,11339.464985
-37314.339931,100,11339.95378
-50529.180046,100,11340.43966
-48024.089993,100,11341.437136
-49382.640003,100,11341.975137
-40547.139977,100,11342.627258
-46541.470043,100,11342.932834
-44349.550007,100,11343.774143
-43271.309937,100,11344.63545
-44579.330036,100,11344.951749
-52603.620018,100,11345.483361
-42666.419964,100,11346.079493
-43261.939995,100,11346.58226
-50042.660069,100,11357.482516
-41548.260052,100,11357.697329
-39436.649929,100,11357.901439
-48602.039963,100,11358.110983
-49845.739975,100,11358.316783
-51589.099998,100,11358.524057
-50405.010025,100,11358.728237
-45758.799961,100,11358.945392
-40757.250011,100,11359.15073
-40242.879974,100,11359.355666
-49755.640022,100,11359.56479
-44566.950043,100,11378.096118
-43412.100071,100,11378.30365
-42905.290058,100,11378.516376
-38120.929958,100,11378.72383
-51420.950066,100,11378.93161
-45377.459995,100,11379.13924
-48752.579983,100,11379.342127
-40219.339943,100,11379.558983
-42412.090019,100,11379.767797
-47447.219959,100,11392.919559
-44761.149998,100,11393.433728
-52117.449917,100,11393.950236
-40891.410057,100,11394.456378
-43150.419933,100,11394.94704
-46095.489983,100,11395.483764
-46229.390064,100,11395.961244
-49510.289989,100,11396.437748
-47491.580051,100,11396.936388
-46846.860039,100,11397.425204
-40139.389912,100,11397.900241
-48797.220085,100,11398.373922
-45218.720078,100,11398.854645
-36855.289974,100,11399.333592
-45515.370003,100,11399.816564
-43234.619953,100,11400.292634
-45210.80006,100,11400.769449
-43415.889988,100,11401.258189
-50424.100056,100,11401.746392
-46615.970028,100,11402.224592
-43770.190018,100,11402.704299
-44313.489979,100,11414.336455
-42620.899998,100,11414.836574
-45131.149975,100,11415.332153
-51258.559952,100,11415.835409
-47231.060005,100,11416.322714
-50537.589962,100,11416.813992
-41902.169945,100,11417.29749
-39572.529926,100,11417.786206
-40544.549946,100,11418.272524
-39874.639957,100,11418.758004
-42327.009983,100,11419.247391
-44512.959938,100,11419.733191
-46107.990036,100,11420.21714
-53255.639996,100,11420.704718
-35296.669964,100,11421.189642
-51893.139992,100,11421.67534
-46067.009945,100,11422.158245
-51233.420033,100,11422.653913
-37710.289967,100,11423.139525
-48164.759991,100,11423.626613
-43777.819988,100,11437.292405
-44959.190018,100,11437.536085
-46411.320019,100,11437.771691
-41302.519985,100,11437.995719
-39671.349918,100,11438.220997
-38021.08997,100,11438.444668
-51911.929928,100,11438.669811
-36891.819965,100,11438.90996
-52287.690075,100,11439.132589
-55747.290077,100,11439.353082
-42016.149944,100,11439.583094
-51440.730007,100,11439.809149
-48411.98,100,11440.03981
-46223.229954,100,11440.260904
-43631.71999,100,11440.487359
-45363.769958,100,11440.710224
-47481.110001,100,11440.933019
-45192.729992,100,11441.160331
-47851.959969,100,11441.389175
-45645.960033,100,11441.621422
-43026.970039,100,11441.846197
-44757.390018,100,11450.751543
-42811.429977,100,11451.244663
-49191.709988,100,11451.737502
-43348.459984,100,11452.226058
-40175.549961,100,11452.720098
-44769.919998,100,11453.216247
-41507.269943,100,11453.710122
-42970.820057,100,11454.196529
-51206.000031,100,11454.679146
-49065.580021,100,11455.186619
-41479.919983,100,11455.688035
-47190.989948,100,11456.180871
-39671.62999,100,11456.671579
-45965.149944,100,11457.158155
-50154.0802,100,11457.653988
-48446.600094,100,11458.154693
-39508.379993,100,11458.640372
-46451.990028,100,11459.124602
-41437.539974,100,11459.608073
-47066.600006,100,11460.091922
-45751.570038,100,11475.812133
-40174.890003,100,11476.317757
-37990.880016,100,11476.837874
-48992.349968,100,11477.354036
-41551.330067,100,11477.882312
-46389.900051,100,11478.38266
-43577.129959,100,11478.875161
-40162.670021,100,11479.360152
-41980.259991,100,11479.857124
-42444.91996,100,11480.339041
-44075.739975,100,11480.842013
-44629.759998,100,11481.329834
-43908.160019,100,11481.844394
-47762.25,100,11482.341976
-44670.979973,100,11482.838474
-50698.799999,100,11483.339961
-46168.649929,100,11483.847903
-50600.199932,100,11484.337908
-47559.720032,100,11484.828073
-47592.379925,100,11485.355177
-44331.969967,100,11485.848521
-42532.469997,100,11496.930804
-40132.719986,100,11497.416557
-44471.760078,100,11497.905583
-54196.930058,100,11498.435844
-48992.610046,100,11498.923475
-41962.929981,100,11499.408046
-45249.110012,100,11499.900604
-36685.189957,100,11500.383316
-39491.93,100,11500.870463
-58002.950012,100,11501.357083
-42259.330029,100,11501.850678
-38826.55999,100,11502.335314
-43765.790031,100,11502.817367
-41614.500042,100,11503.319801
-44700.869953,100,11503.825647
-46878.300007,100,11504.322734
-47529.650181,100,11504.809836
-43608.770004,100,11505.307667
-44064.969982,100,11505.805927
-39637.500027,100,11506.301973
-38675.400047,100,11517.823375
-48781.659973,100,11518.068163
-46136.680023,100,11518.457621
-42222.430077,100,11518.696713
-47786.999954,100,11518.913435
-51872.040047,100,11519.139518
-44535.130032,100,11519.37457
-39047.669933,100,11519.602164
-45391.469952,100,11519.826223
-41118.259983,100,11520.040334
-48491.56995,100,11520.254708
-42123.10006,100,11520.468167
-48910.619987,100,11520.680822
-49874.729988,100,11520.892628
-49164.409943,100,11521.096041
-43077.410038,100,11521.296517
-39328.079998,100,11521.509534
-47897.85001,100,11521.723857
-42685.530037,100,11521.938062
-45295.639996,100,11522.146803
-46717.040054,100,11522.347982
-41702.439995,100,11532.027317
-44114.509991,100,11532.503623
-48732.689934,100,11532.978
-51763.85004,100,11533.467485
-43902.079979,100,11533.946436
-54639.350082,100,11534.423988
-37605.099991,100,11534.912524
-41883.449989,100,11535.419459
-48987.59,100,11535.907564
-47632.050022,100,11536.394635
-40774.109966,100,11536.881181
-44501.200047,100,11537.364307
-46603.060036,100,11537.842138
-44998.519936,100,11538.31809
-46324.459988,100,11538.790082
-39387.820023,100,11539.274175
-48881.759933,100,11539.748613
-46491.629959,100,11540.229526
-43923.450005,100,11540.705143
-49354.250046,100,11541.179368
-46910.880157,100,11553.373112
-44623.910019,100,11553.944263
-44819.68996,100,11554.549869
-45601.650009,100,11554.995902
-44084.169983,100,11555.238879
-47924.080013,100,11555.477497
-42107.470051,100,11555.733149
-43131.119995,100,11555.950692
-42053.750004,100,11556.178653
-54931.120125,100,11556.395924
-51068.399975,100,11556.611319
-45841.120037,100,11556.830634
-44437.980179,100,11557.051755
-37616.829998,100,11557.257493
-41777.319973,100,11557.46876
-46333.70005,100,11557.687344
-40587.429996,100,11557.896203
-51399.039978,100,11558.101968
-44120.939957,100,11558.302823
-50215.519951,100,11558.508685
-42822.519966,100,11558.724191
-53457.769958,100,11569.392778
-43484.749981,100,11569.869128
-46216.559998,100,11570.345584
-38709.270008,100,11570.817722
-49493.550022,100,11571.295459
-42955.120037,100,11571.780547
-46204.930031,100,11572.25981
-46915.469967,100,11572.736304
-42579.430035,100,11573.219541
-55119.60997,100,11573.700969
-45696.489983,100,11574.178042
-50224.759972,100,11574.655747
-52087.21003,100,11575.148816
-39338.680008,100,11575.649911
-43771.24004,100,11576.153507
-48141.619987,100,11576.645015
-37365.320007,100,11577.126918
-44947.190063,100,11577.605249
-51843.549988,100,11578.101026
-41455.449982,100,11578.579578
-37163.720016,100,11589.625517
-45346.470112,100,11590.119339
-39131.480022,100,11590.614537
-43004.539982,100,11591.099745
-43613.590061,100,11591.739867
-43138.869976,100,11592.444729
-39868.119972,100,11593.013425
-41412.589966,100,11593.699328
-46615.220013,100,11594.276971
-41731.409935,100,11594.852519
-48727.320007,100,11596.010922
-51148.730099,100,11596.551206
-47346.290039,100,11597.045595
-46336.410049,100,11597.536812
-44357.219975,100,11598.023513
-42633.589951,100,11598.510184
-42637.989952,100,11598.995428
-45979.210018,100,11599.481025
-43666.480003,100,11599.968002
-41657.780022,100,11600.450316
-42395.059937,100,11600.935266
-47437.580063,100,11611.483718
-42213.209961,100,11611.971415
-42182.089973,100,11612.459143
-35196.789948,100,11612.946792
-46946.929947,100,11613.435691
-44122.87001,100,11613.924319
-47839.220005,100,11614.420544
-40924.810017,100,11614.912019
-49428.059952,100,11615.416508
-45451.13998,100,11615.910303
-43642.16003,100,11616.411071
-40750.140034,100,11616.91067
-46231.229946,100,11617.402009
-37193.829994,100,11617.897909
-48958.660004,100,11618.393539
-35809.959972,100,11618.890858
-49023.730099,100,11619.378809
-44064.939949,100,11619.866541
-42583.139996,100,11620.365715
-43781.710033,100,11620.860749
-43856.479958,100,11629.371219
-42498.720058,100,11629.599437
-41392.65007,100,11629.823525
-46888.60001,100,11630.054601
-44695.860012,100,11630.269924
-37422.089966,100,11630.49199
-46279.719982,100,11630.702236
-41593.529995,100,11630.909897
-52841.599979,100,11631.123666
-44614.139977,100,11631.329407
-45239.609989,100,11631.550351
-49727.320107,100,11631.762867
-48855.209957,100,11631.974625
-50307.499992,100,11632.184212
-38461.329926,100,11632.394454
-47382.540024,100,11632.605466
-49987.450092,100,11632.825168
-50116.740063,100,11633.584058
-49302.970112,100,11633.837932
-41234.289997,100,11634.109355
-37414.119991,100,11635.007761
-41846.560051,100,11646.421607
-46624.139957,100,11646.919452
-49518.819965,100,11647.405963
-47797.349987,100,11647.894309
-43044.390007,100,11648.376752
-49461.160057,100,11648.864042
-42186.209991,100,11649.358581
-43188.390102,100,11649.844798
-40604.379986,100,11650.329057
-39136.590004,100,11650.824153
-55877.650204,100,11651.311032
-46503.200089,100,11651.798337
-44827.889927,100,11652.282777
-48135.570011,100,11652.767836
-40031.029972,100,11653.251467
-59564.659992,100,11653.741765
-50137.239983,100,11654.240579
-54721.000042,100,11654.732405
-46161.499939,100,11655.234719
-46985.289989,100,11655.736975
-46576.929943,100,11665.572493
-41877.800011,100,11666.075928
-39944.319973,100,11666.574397
-40362.420006,100,11667.071151
-52083.160027,100,11667.556163
-40224.670063,100,11668.041131
-50463.759998,100,11668.544109
-35870.929955,100,11669.034577
-42292.270054,100,11669.530012
-37812.920017,100,11670.021589
-37741.07003,100,11670.511434
-44341.400002,100,11671.003501
-36774.449974,100,11671.491926
-45692.290054,100,11671.981611
-48001.32999,100,11672.466912
-45202.740097,100,11672.961207
-49878.639977,100,11673.48813
-46650.449928,100,11673.992362
-55787.590073,100,11674.656406
-37297.249973,100,11675.648497
-52908.630009,100,11687.216156
-47012.870037,100,11687.736567
-41369.039951,100,11688.221337
-43892.269997,100,11688.696262
-39841.619949,100,11689.172042
-50778.38998,100,11689.648213
-41290.940033,100,11690.1256
-47811.060066,100,11690.599863
-48522.87999,100,11691.077924
-45690.979973,100,11691.552965
-48587.049976,100,11692.035206
-43241.169979,100,11692.510399
-43359.94001,100,11692.986139
-50776.179993,100,11693.462411
-41651.049931,100,11693.936656
-43677.419975,100,11694.412029
-43694.829987,100,11694.917907
-37315.319992,100,11695.421406
-43653.86993,100,11695.903104
-46700.040039,100,11696.387716
-47054.43996,100,11696.87395
-52361.019981,100,11707.060602
-40708.329998,100,11707.566656
-48335.109947,100,11708.065485
-50888.480049,100,11708.568051
-52525.150005,100,11709.061475
-49071.189995,100,11709.567142
-48229.550037,100,11710.057816
-50213.410004,100,11710.550029
-45350.120037,100,11711.039088
-38083.790081,100,11711.536575
-45463.779926,100,11712.033142
-45020.090012,100,11712.52457
-39239.089951,100,11713.014175
-43435.020081,100,11713.51101
-47082.479969,100,11713.999498
-46899.440022,100,11715.358855
-45039.350021,100,11715.845938
-52802.470032,100,11716.319435
-45078.910187,100,11716.804102
-39976.280014,100,11717.284853
-41149.319977,100,11730.394581
-41887.320034,100,11730.904428
-47579.420086,100,11731.395665
-46522.220116,100,11731.88738
-43882.570007,100,11732.371434
-45062.379993,100,11732.856315
-45274.430027,100,11733.357401
-42758.329945,100,11733.846995
-52830.430004,100,11734.3381
-40272.509949,100,11734.837112
-38126.429947,100,11735.349097
-45678.030022,100,11735.840714
-40813.629982,100,11736.325041
-44611.530022,100,11736.819808
-47395.379971,100,11737.332086
-38923.449944,100,11737.834964
-43011.450047,100,11738.31999
-42896.680031,100,11738.809141
-52244.090019,100,11739.293631
-45010.30994,100,11739.77951
-42632.280056,100,11740.267039
-39644.009995,100,11751.025142
-42689.69001,100,11751.520128
-47739.760056,100,11752.010933
-47428.080013,100,11752.497065
-46866.030003,100,11752.989843
-45713.279964,100,11753.485727
-48936.210091,100,11753.974118
-48799.650097,100,11754.459848
-40843.960026,100,11754.961207
-44871.320004,100,11755.475341
-41259.550011,100,11755.969125
-41742.390038,100,11756.458786
-46307.770046,100,11756.964524
-43325.160099,100,11757.460532
-46446.899933,100,11757.959007
-40035.339993,100,11758.449158
-41153.110012,100,11758.936857
-45656.94001,100,11759.609647
-43138.900013,100,11760.37712
-38728.759987,100,11761.047701
-47897.12006,100,11773.712917
-42753.559998,100,11774.206697
-44410.530083,100,11774.685088
-37196.259983,100,11775.187687
-36769.839989,100,11775.68178
-44681.739933,100,11776.164883
-42273.070023,100,11776.645043
-47202.189983,100,11777.123758
-46232.630054,100,11777.604097
-41640.659966,100,11778.082526
-33868.769958,100,11778.560121
-52293.480072,100,11779.036202
-46202.899933,100,11779.513941
-47235.399994,100,11779.986045
-50682.370049,100,11780.463007
-46619.660076,100,11780.934897
-49408.039978,100,11781.420181
-43218.639957,100,11781.894637
-44209.489998,100,11782.367688
-44172.979946,100,11782.839012
-45268.650002,100,11783.310502
-47362.650013,100,11794.49799
-46176.400043,100,11794.999766
-38228.229977,100,11795.516603
-47487.170067,100,11796.013974
-43862.19997,100,11796.499525
-43620.329979,100,11796.991031
-46256.399982,100,11797.476511
-43196.549961,100,11797.975985
-43281.280037,100,11798.459852
-42193.420086,100,11798.94858
-36936.689972,100,11799.433124
-49416.450008,100,11799.921684
-41485.01001,100,11800.408197
-36224.509953,100,11800.902174
-46081.830051,100,11801.597521
-46889.139999,100,11802.353535
-32802.709984,100,11802.910408
-41864.450016,100,11803.805667
-44764.279972,100,11804.133786
-54109.749958,100,11804.62648
-44902.809956,100,11816.248213
-46142.999969,100,11816.478469
-46220.260021,100,11816.701838
-37935.580013,100,11816.918437
-44687.100002,100,11817.133854
-49878.240017,100,11817.345535
-48477.159988,100,11817.565238
-47766.970104,100,11817.793112
-38776.02998,100,11818.047439
-48686.290085,100,11818.265003
-44541.889973,100,11818.488863
-49400.649982,100,11818.698396
-44749.190022,100,11818.912645
-43398.939983,100,11819.137696
-48463.779999,100,11819.359342
-49030.400032,100,11819.572376
-46126.59996,100,11819.787292
-47435.159988,100,11820.001768
-48141.179981,100,11820.215028
-41418.320034,100,11820.432029
-42635.990025,100,11820.639126
-42955.550011,100,11831.469359
-48676.150028,100,11831.984354
-48747.359982,100,11832.459519
-42637.569965,100,11832.930613
-48520.570019,100,11833.418822
-46405.680046,100,11833.894223
-44893.529968,100,11834.366565
-45178.680042,100,11834.856867
-54610.620014,100,11835.351545
-41825.18993,100,11835.838803
-44323.620056,100,11836.313023
-51296.85994,100,11836.79133
-47613.330124,100,11837.263988
-45309.360027,100,11837.742549
-46832.999973,100,11838.237008
-46817.059975,100,11838.710063
-50373.870075,100,11839.181417
-37232.220024,100,11839.660402
-44602.740009,100,11840.133492
-44679.110023,100,11840.602629
-40247.209957,100,11853.358839
-46353.74995,100,11853.853126
-53027.249969,100,11854.353797
-37126.879986,100,11854.875434
-40717.590004,100,11855.411333
-51632.249939,100,11855.910016
-51044.55003,100,11856.399334
-46034.480015,100,11856.892137
-38388.389923,100,11857.386174
-45044.150063,100,11857.872552
-38454.499977,100,11858.376866
-45618.560028,100,11858.861613
-47021.630051,100,11859.345712
-52216.270058,100,11859.834907
-41046.189972,100,11860.323899
-43082.750034,100,11860.807147
-40907.659954,100,11861.292181
-41382.349972,100,11861.780547
-48853.129993,100,11862.265977
-50107.41,100,11862.759984
-45669.409985,100,11881.589087
-47861.699974,100,11895.426341
-51482.110039,100,11895.730129
-44147.790035,100,11896.003322
-43114.730122,100,11896.25359
-45901.020027,100,11896.507499
-53143.86998,100,11896.754077
-46533.350006,100,11896.987736
-45491.249966,100,11897.204141
-50429.439976,100,11897.417327
-44039.81995,100,11897.627949
-53804.420036,100,11897.841144
-52555.959999,100,11898.055585
-53904.480038,100,11898.273865
-46162.510056,100,11898.491192
-45408.300003,100,11898.695858
-49821.700069,100,11898.900965
-39421.279976,100,11899.109547
-43628.210075,100,11899.315556
-49451.110039,100,11899.524503
-58462.720016,100,11899.732467
-35625.939922,100,11909.620872
-47887.230003,100,11909.849283
-39638.499954,100,11910.068474
-43651.269951,100,11910.295093
-42726.31007,100,11910.51258
-48767.079967,100,11910.726344
-48773.940071,100,11910.934389
-47498.650112,100,11911.148673
-43277.439968,100,11911.35476
-45215.529972,100,11911.565516
-49819.720036,100,11911.805818
-48310.860004,100,11912.036894
-50135.870045,100,11912.244025
-53914.270008,100,11912.464078
-47778.270031,100,11912.666963
-48205.380047,100,11912.871607
-39375.699993,100,11913.07364
-49755.100075,100,11913.275451
-50008.089973,100,11913.487087
-46912.550022,100,11913.699468
-40385.349987,100,11913.90349
-38180.530071,100,11923.208647
-42363.620033,100,11923.439542
-52482.33004,100,11923.670609
-47872.369942,100,11923.891236
-44346.280033,100,11924.110237
-49168.450058,100,11924.322505
-54043.85994,100,11924.539185
-50303.470108,100,11924.756145
-47252.760128,100,11924.990091
-41335.929958,100,11925.218709
-44899.770023,100,11925.444922
-43765.840061,100,11925.661837
-40118.240021,100,11925.878032
-42256.389961,100,11926.091182
-43275.600014,100,11926.303151
-44113.440006,100,11926.528853
-43822.839962,100,11926.979949
-40920.240009,100,11927.601259
-45023.710033,100,11927.835084
-41845.199924,100,11928.136205
-50711.010029,100,11940.938615
-52749.719959,100,11941.441607
-46228.669964,100,11941.937921
-40413.479958,100,11942.433469
-47735.350033,100,11942.923088
-41637.299957,100,11943.41102
-47769.69997,100,11943.902621
-50919.829937,100,11944.391976
-54224.640141,100,11944.884337
-40496.859985,100,11945.392079
-40872.030052,100,11945.890344
-44825.770016,100,11946.376906
-42813.300049,100,11946.896945
-51265.649979,100,11947.388747
-46010.860054,100,11947.883859
-47829.770012,100,11948.36967
-42494.169983,100,11948.869705
-44411.719967,100,11949.356595
-45780.540035,100,11949.84259
-48334.700043,100,11950.330129
-49978.599976,100,11950.827225
-48488.410103,100,11961.274009
-52368.880089,100,11961.763602
-42522.349968,100,11962.263596
-46531.849957,100,11962.74913
-38659.02998,100,11963.234059
-46171.639912,100,11963.725133
-46397.950027,100,11964.208761
-45669.810009,100,11964.726058
-45299.379974,100,11965.356309
-45845.430115,100,11965.856044
-49280.040047,100,11966.341418
-44460.890015,100,11966.845371
-44233.60001,100,11967.338838
-48746.779991,100,11967.83476
-45951.14999,100,11968.320475
-45283.849964,100,11969.042452
-39194.040062,100,11969.774175
-42906.39999,100,11970.920814
-41119.749992,100,11971.790786
-42866.499966,100,11972.326394
-51462.820045,100,11983.851132
-47125.230022,100,11984.352088
-45508.300137,100,11984.843843
-49047.340034,100,11985.346978
-43417.439995,100,11985.841773
-36560.81004,100,11986.329314
-44842.580074,100,11986.821683
-56402.000031,100,11987.324919
-43664.089973,100,11987.813372
-46721.859962,100,11988.307949
-48489.849976,100,11988.808634
-43805.939964,100,11989.312536
-47497.280037,100,11989.822985
-47709.930092,100,11990.312352
-51317.519958,100,11990.807564
-48402.040009,100,11991.295106
-45182.049973,100,11991.781836
-43578.420074,100,11992.273585
-42525.779984,100,11992.760796
-44875.359955,100,11993.257232
-50976.830013,100,11993.74985
-42577.440052,100,12002.514163
-44164.419987,100,12002.724448
-45813.689941,100,12002.943551
-41583.15995,100,12003.150791
-46090.450024,100,12003.365711
-44593.259972,100,12003.575372
-44012.28006,100,12003.787843
-47264.320023,100,12003.992389
-46338.680023,100,12004.196609
-38783.740063,100,12004.410361
-47782.060089,100,12004.627383
-44426.390041,100,12004.897821
-49682.779934,100,12005.168347
-47479.249943,100,12005.631714
-43811.179974,100,12006.103521
-44158.300053,100,12006.574157
-47129.999985,100,12007.053655
-43476.919975,100,12007.552478
-38794.940029,100,12008.034052
-53700.240028,100,12008.536385
-44165.489983,100,12021.736811
-37507.730011,100,12022.256673
-42713.92997,100,12022.757972
-47476.130085,100,12023.247453
-39096.439945,100,12023.737769
-38963.48003,100,12024.242433
-49246.700085,100,12024.728955
-47803.219971,100,12025.231814
-46827.170006,100,12025.728946
-44678.749989,100,12026.213604
-40380.059975,100,12026.700762
-44418.48,100,12027.202016
-42891.530052,100,12027.692477
-44752.00996,100,12028.179331
-38737.790012,100,12028.666108
-42268.149967,100,12029.154854
-42339.609985,100,12029.639394
-50239.620029,100,12030.1233
-36947.739979,100,12030.614786
-50430.259979,100,12031.100188
-41224.29998,100,12031.587404
-41623.619999,100,12043.245131
-42013.759956,100,12043.730042
-51262.859985,100,12044.207009
-48060.510033,100,12044.689006
-34682.380028,100,12045.183555
-47262.730022,100,12045.680192
-44678.300049,100,12046.157932
-48274.810081,100,12046.631605
-44710.309982,100,12047.11191
-48911.640045,100,12047.597697
-42859.93,100,12048.081401
-50922.200027,100,12048.560488
-42979.51997,100,12049.04943
-43487.669998,100,12049.526891
-45905.939938,100,12050.003763
-38439.889984,100,12050.48041
-43604.370014,100,12050.961412
-42965.479977,100,12051.438948
-43064.379974,100,12051.932758
-38940.570011,100,12052.863357
-47870.680008,100,12064.832962
-45912.259998,100,12065.099483
-45152.740028,100,12065.345367
-42310.130039,100,12065.590677
-40854.350037,100,12065.820935
-45350.110062,100,12066.058071
-42791.399998,100,12066.291416
-47199.360016,100,12066.524169
-47063.68013,100,12066.748053
-41914.779922,100,12066.986703
-52141.990013,100,12067.211836
-44231.930084,100,12067.436643
-45334.670052,100,12067.661978
-49034.230133,100,12067.891647
-41794.999962,100,12068.117595
-43212.369991,100,12068.340208
-43273.749985,100,12068.564877
-47805.549961,100,12068.786052
-47761.150036,100,12069.022666
-45335.220005,100,12069.244391
-50280.02,100,12069.469568
-48363.360092,100,12078.730753
-36285.520004,100,12078.956935
-44909.420021,100,12079.174453
-43531.439983,100,12079.418582
-45618.150009,100,12079.638172
-48079.980011,100,12079.849056
-44210.440029,100,12080.063711
-37002.199974,100,12080.271865
-52508.100071,100,12080.483759
-39103.449966,100,12080.701168
-44430.939949,100,12080.90971
-54736.690121,100,12081.119011
-39542.369972,100,12081.358197
-45043.820049,100,12081.572777
-40841.369995,100,12081.789404
-44609.149994,100,12082.001545
-48409.510059,100,12082.219028
-51279.259953,100,12082.447645
-45630.589977,100,12082.667952
-45375.050034,100,12082.884827
-44195.409973,100,12095.826911
-51412.199982,100,12097.701906
-45573.039989,100,12098.280986
-54233.399971,100,12098.86882
-47676.86998,100,12099.452699
-52261.880013,100,12099.948674
-46504.619991,100,12100.427456
-55728.080021,100,12100.904946
-38633.789986,100,12101.382618
-42038.090023,100,12101.861926
-45487.840031,100,12102.337884
-51439.080029,100,12102.816445
-39529.059971,100,12103.292384
-53820.450047,100,12103.767503
-40532.140018,100,12104.243642
-44175.009979,100,12104.722587
-47369.170097,100,12105.222483
-43624.129951,100,12105.736493
-38827.180103,100,12106.239621
-36289.429977,100,12106.733988
-44642.690033,100,12107.217766
-45000.820038,100,12118.3351
-42594.41996,100,12118.817585
-41510.749989,100,12119.296585
-49470.030056,100,12119.77438
-44235.160042,100,12120.246918
-58771.729973,100,12120.719235
-46743.369995,100,12121.190241
-36604.589973,100,12121.676495
-45849.100021,100,12122.152666
-41413.620018,100,12122.644719
-53650.680061,100,12123.117078
-42998.529984,100,12123.590301
-34729.479961,100,12124.065609
-46780.969952,100,12124.543387
-51418.159977,100,12125.042448
-48031.239964,100,12125.533551
-41776.589977,100,12126.01467
-34253.029991,100,12126.487547
-52335.620094,100,12126.963568
-40713.90004,100,12127.4402
-50142.009964,100,12139.458123
-52946.340088,100,12140.024477
-41606.990002,100,12140.550883
-43244.319988,100,12141.149421
-47440.010029,100,12141.783531
-45865.569992,100,12142.001002
-51546.059994,100,12142.21171
-46876.880016,100,12142.431534
-48395.289978,100,12142.642841
-42966.049984,100,12142.855248
-49927.170017,100,12143.071189
-48402.830013,100,12143.274012
-55107.800102,100,12143.488432
-44443.449982,100,12143.698539
-44065.239975,100,12143.908397
-44446.71003,100,12144.117015
-45288.230022,100,12144.32196
-41202.800053,100,12144.541013
-41183.470074,100,12144.761326
-42140.099983,100,12145.033124
-42940.770012,100,12145.273532
-51257.270145,100,12155.985894
-45598.499969,100,12156.486862
-47281.610001,100,12156.97288
-40886.980007,100,12157.459778
-44411.089962,100,12157.945245
-42413.619946,100,12158.430184
-48961.60004,100,12158.920914
-49856.489937,100,12159.415981
-48101.280056,100,12159.90557
-45764.389973,100,12160.399167
-51072.569954,100,12160.886964
-48212.260105,100,12161.389131
-39533.759979,100,12161.880598
-45672.269947,100,12162.363714
-46196.510014,100,12162.852117
-43145.790039,100,12163.342837
-50245.180016,100,12163.839027
-40077.430069,100,12164.322129
-39500.359966,100,12164.817478
-52337.44009,100,12165.324422
-54854.299961,100,12175.575497
-38613.460045,100,12176.072007
-46684.250053,100,12176.546947
-49878.929993,100,12177.036653
-48148.229916,100,12177.519651
-43727.189991,100,12178.000459
-38765.379971,100,12178.970856
-44810.620079,100,12179.653153
-45912.899979,100,12180.400131
-43872.779961,100,12181.300591
-49554.409981,100,12181.820617
-42922.749966,100,12182.496953
-49183.950012,100,12183.053927
-51003.070057,100,12183.585965
-48257.419987,100,12184.083544
-48351.819958,100,12184.567106
-44961.800072,100,12185.060909
-41951.409927,100,12185.560423
-52431.790001,100,12186.074821
-45792.369972,100,12186.562711
-38266.649971,100,12198.765296
-44363.85001,100,12199.269253
-51715.569992,100,12199.781985
-46031.069942,100,12200.2674
-44655.539986,100,12200.754211
-44503.090073,100,12201.236232
-41492.369946,100,12201.721353
-44291.240059,100,12202.206569
-47780.720051,100,12202.69421
-43847.309998,100,12203.175579
-51670.590019,100,12203.660465
-42562.349987,100,12204.144345
-38461.220009,100,12204.642466
-45361.099953,100,12205.141712
-46757.780071,100,12205.644793
-35387.129971,100,12206.135375
-54434.360012,100,12206.618631
-49254.099945,100,12207.113471
-46680.169968,100,12207.605093
-49834.919987,100,12208.088174
-45410.329967,100,12208.572423
-44469.320007,100,12218.541941
-53592.909966,100,12218.812706
-44500.119972,100,12219.04345
-40503.819981,100,12219.272977
-45822.18,100,12219.516548
-44041.750011,100,12219.743953
-56313.280052,100,12219.966346
-45582.400024,100,12220.200347
-49070.860035,100,12220.80357
-52493.150051,100,12221.57143
-41733.939968,100,12222.410595
-44863.619991,100,12223.079473
-43434.789993,100,12223.353034
-38930.629967,100,12223.576488
-44522.420059,100,12223.787663
-45466.390049,100,12224.024498
-43533.620075,100,12224.747748
-48683.429958,100,12225.442901
-45633.86998,100,12225.84875
-47643.150063,100,12226.077082
-38564.88002,100,12236.433314
-41692.720058,100,12236.936166
-51535.41,100,12237.435669
-40268.330032,100,12237.92352
-45429.869972,100,12238.412164
-48237.080101,100,12238.897915
-44080.139984,100,12239.40722
-41120.279991,100,12239.936098
-52283.070026,100,12240.42441
-52958.229996,100,12240.914973
-48316.04015,100,12241.399362
-45116.67001,100,12241.887324
-46527.629982,100,12242.373606
-46912.550045,100,12242.857956
-37599.399971,100,12243.351645
-47431.749989,100,12243.845207
-51999.479973,100,12244.331982
-44071.239948,100,12244.820882
-48121.020073,100,12245.321918
-50362.760044,100,12245.816759
-44720.099937,100,12246.301508
-42279.889992,100,12257.118062
-40970.33997,100,12257.357083
-49663.450199,100,12257.592222
-42618.329933,100,12257.815975
-37346.869972,100,12258.045953
-49413.74007,100,12258.267839
-38123.399986,100,12258.495366
-44938.98996,100,12258.732904
-42443.649994,100,12258.961444
-48196.89996,100,12259.189373
-48221.589973,100,12259.418912
-44012.89003,100,12259.638991
-47180.500015,100,12259.881077
-37810.649952,100,12260.112128
-50744.770016,100,12260.342331
-57726.540085,100,12260.580939
-40001.169971,100,12260.809418
-49908.43996,100,12261.03222
-47648.040051,100,12261.253418
-43946.019958,100,12261.483009
-47015.110176,100,12275.373069
-44447.219963,100,12276.246933
-43371.730042,100,12276.747563
-48555.839977,100,12277.231648
-48128.170017,100,12277.72258
-47956.38998,100,12278.204208
-39153.859978,100,12278.68446
-36228.749977,100,12279.16082
-40835.320034,100,12279.646021
-50965.989979,100,12280.130368
-46502.940002,100,12280.613649
-47759.240093,100,12281.089509
-45325.650021,100,12281.576938
-45152.060043,100,12282.058075
-45308.739983,100,12282.53795
-40809.520008,100,12283.013953
-43014.31007,100,12283.489725
-40825.389946,100,12283.96685
-47793.550045,100,12284.446136
-45090.290051,100,12284.930789
-45896.829994,100,12285.429506
-53743.110001,100,12295.628364
-52354.770031,100,12295.872873
-44333.820049,100,12296.109162
-43043.579979,100,12296.328536
-47317.349991,100,12296.55438
-42291.290012,100,12296.769994
-36384.220013,100,12296.993116
-43294.550011,100,12297.219438
-45793.000076,100,12297.438951
-44950.299988,100,12297.655852
-40175.199978,100,12297.873142
-45587.279991,100,12298.086109
-43614.999969,100,12298.305446
-40031.79002,100,12298.553942
-49169.239971,100,12298.774981
-52418.050087,100,12298.989422
-49163.659966,100,12299.201437
-41040.62994,100,12299.433769
-40478.799953,100,12299.646567
-40040.039974,100,12299.861251
-43023.089939,100,12311.574811
-43505.540054,100,12311.854697
-43210.870071,100,12312.354204
-48596.660007,100,12312.839465
-43881.449936,100,12313.317097
-41379.279961,100,12313.795517
-49399.069962,100,12314.315612
-42188.250015,100,12314.798212
-46586.850033,100,12315.300852
-42253.809998,100,12315.794212
-45151.339989,100,12316.275573
-46923.649971,100,12316.758018
-37264.900002,100,12317.25815
-47354.000053,100,12317.769536
-44414.909981,100,12318.271513
-43380.95998,100,12318.7581
-44082.379936,100,12319.242806
-46144.900005,100,12319.747308
-39428.24995,100,12320.239514
-43454.849998,100,12320.730654
-49459.300072,100,12321.216754
-44287.770069,100,12332.033007
-50575.990086,100,12332.516145
-44366.330032,100,12332.998883
-43520.499966,100,12333.492408
-46389.870052,100,12333.967416
-43663.800011,100,12334.171739
-46789.209976,100,12334.37419
-46823.979977,100,12334.597085
-44971.060001,100,12334.826859
-41902.64003,100,12335.074018
-44168.200058,100,12335.296419
-47900.970016,100,12335.522264
-42202.379997,100,12335.742013
-44651.280022,100,12335.955414
-35213.629944,100,12336.166362
-53064.020031,100,12336.375908
-43957.170044,100,12336.594998
-39763.110043,100,12336.804865
-44307.860054,100,12337.014122
-38047.069984,100,12337.22508
-51294.890011,100,12346.96034
-46324.079987,100,12347.183156
-43545.779984,100,12347.397986
-40509.140064,100,12347.608058
-40574.130054,100,12347.82297
-53749.460041,100,12348.312312
-45786.070087,100,12349.050324
-46526.849987,100,12349.871191
-39748.959969,100,12380.101743
-36909.419949,100,12380.326127
-48044.349957,100,12380.562449
-43973.960056,100,12380.787185
-47636.129971,100,12381.10833
-47115.730053,100,12381.608337
-45207.430023,100,12382.101896
-45614.099972,100,12382.589867
-49933.999981,100,12383.079197
-39791.48003,100,12383.570135
-43571.379929,100,12384.058536
-43338.460072,100,12384.542929
-44844.480019,100,12385.039901
-42707.389977,100,12398.529168
-50836.050018,100,12399.039302
-51519.100067,100,12399.54365
-45265.900013,100,12400.040216
-40370.480057,100,12400.572727
-46424.96003,100,12401.092712
-42517.989998,100,12401.590111
-53946.580006,100,12402.084495
-46647.660038,100,12402.575212
-45785.159996,100,12403.066356
-41760.420094,100,12403.558722
-50611.839958,100,12404.047371
-50110.810101,100,12404.545937
-42280.890041,100,12405.044176
-46587.999943,100,12405.551158
-36746.349922,100,12406.042408
-47425.280041,100,12406.551247
-53079.7901,100,12407.043882
-43554.610035,100,12407.539042
-42546.069946,100,12408.027903
-50739.300018,100,12419.587362
-46050.839996,100,12420.086771
-38025.989967,100,12420.492581
-51757.909981,100,12420.734702
-44008.229996,100,12420.962121
-50668.400005,100,12421.178541
-47926.009964,100,12421.384387
-47053.679974,100,12421.601174
-53700.879967,100,12421.812942
-51862.720074,100,12422.019026
-46964.619976,100,12422.231551
-46043.059998,100,12422.440046
-40019.699951,100,12422.648752
-44501.050072,100,12422.86371
-43669.039963,100,12423.07218
-45001.389957,100,12423.282303
-44370.060093,100,12423.491648
-42759.549992,100,12423.702348
-46364.999981,100,12423.910825
-52444.110031,100,12424.113976
-49249.479946,100,12424.316611
-40954.68996,100,12436.760459
-44936.979954,100,12437.032956
-46012.319923,100,12437.295339
-42966.609978,100,12437.552862
-55162.049961,100,12437.810349
-49035.359982,100,12438.076118
-50032.200012,100,12438.508641
-50030.46003,100,12438.992139
-43170.809959,100,12439.469429
-45654.549995,100,12439.94932
-40530.830002,100,12440.427707
-40057.790028,100,12440.929707
-45941.839943,100,12441.439557
-47418.139969,100,12441.9507
-34084.760014,100,12442.460077
-47026.499985,100,12442.955359
-53510.619984,100,12443.454543
-45706.449997,100,12443.941972
-46296.960052,100,12444.430024
-44538.22998,100,12444.924742
-45300.960007,100,12455.780066
-35537.329967,100,12456.28536
-56507.179951,100,12456.810652
-45443.240032,100,12457.281941
-46668.659985,100,12457.762464
-54199.70998,100,12458.235515
-48998.189999,100,12458.715539
-43822.260006,100,12459.194821
-54063.290161,100,12459.667866
-47711.130047,100,12460.140696
-52099.039986,100,12460.619137
-42549.739952,100,12461.123662
-45845.639984,100,12461.604556
-45384.399979,100,12462.085575
-42615.80999,100,12462.5646
-38477.600048,100,12463.048329
-43221.680008,100,12463.529799
-39349.739975,100,12464.012127
-47440.300007,100,12464.486329
-45042.489944,100,12464.976809
-37810.069958,100,12465.470566
-49110.990059,100,12478.534873
-52241.910049,100,12478.743963
-47231.839935,100,12478.957647
-45731.380016,100,12479.168374
-44537.270012,100,12479.370171
-45378.600052,100,12479.5806
-49913.699997,100,12479.78396
-49007.000019,100,12479.988026
-43025.189987,100,12480.195134
-42432.420013,100,12480.403983
-40128.890049,100,12480.621388
-47342.779961,100,12480.840341
-55440.180019,100,12481.090109
-49910.720032,100,12481.304249
-51046.879971,100,12481.516781
-37952.429974,100,12481.733606
-46590.289986,100,12481.941433
-45044.980034,100,12482.148799
-40783.5,100,12482.345792
-48718.280052,100,12482.548288
-39692.730015,100,12492.88418
-47919.909988,100,12493.384078
-42847.350021,100,12493.86767
-41742.099976,100,12494.354469
-47231.080025,100,12494.841377
-49659.049965,100,12495.352253
-49959.84005,100,12495.846936
-50172.060024,100,12496.33051
-40876.449963,100,12496.82018
-41680.849911,100,12497.303802
-49815.50005,100,12497.795194
-49420.300037,100,12498.278989
-43940.450024,100,12498.763086
-42518.450024,100,12499.256265
-45595.360077,100,12499.748955
-49670.410053,100,12500.236961
-55135.140045,100,12500.723225
-45408.839996,100,12501.230488
-50522.169971,100,12501.726709
-53038.46003,100,12502.210421
-41860.989948,100,12502.691839
-40364.559982,100,12511.837363
-44093.09996,100,12512.062843
-44526.80006,100,12512.272067
-42431.709953,100,12512.484403
-48945.509956,100,12512.699497
-47096.049969,100,12512.915758
-47951.500061,100,12513.129961
-47672.459949,100,12513.339465
-47452.830029,100,12513.550071
-48396.84,100,12513.781677
-53073.749973,100,12514.000001
-44453.649971,100,12514.557651
-46325.180031,100,12515.397009
-40923.750023,100,12516.36516
-47118.719948,100,12516.972805
-42755.830017,100,12517.5314
-39503.369957,100,12518.039099
-41543.010014,100,12518.827579
-45199.389935,100,12519.465367
-38382.809948,100,12519.999509
-49826.789951,100,12530.897949
-49017.819962,100,12531.415502
-50718.929962,100,12531.90979
-43433.239964,100,12532.394314
-43062.869984,100,12532.884192
-47064.249958,100,12533.370996
-43410.399979,100,12533.860347
-42695.299988,100,12534.359117
-42183.319981,100,12534.849809
-34399.989964,100,12535.354935
-48288.640003,100,12535.85086
-42148.359951,100,12536.336374
-37416.439957,100,12536.821605
-54055.480026,100,12537.304628
-42716.339993,100,12537.799385
-48959.860062,100,12538.282826
-42645.99995,100,12538.780962
-43675.990044,100,12539.27063
-54270.190056,100,12539.765774
-41251.799973,100,12540.248187
-46048.990036,100,12540.741134
-43733.859936,100,12551.917643
-45445.920063,100,12552.411672
-50735.140015,100,12552.901582
-54153.409927,100,12553.398801
-51722.240059,100,12553.88586
-43867.580009,100,12554.373391
-43670.399994,100,12554.869368
-50133.089996,100,12555.37502
-45876.430023,100,12555.868631
-43554.200153,100,12556.356038
-45803.670021,100,12557.399106
-45070.109947,100,12557.959201
-52077.420013,100,12559.094183
-47905.179939,100,12559.717251
-44563.379971,100,12560.317426
-43838.539936,100,12560.569691
-42111.099987,100,12560.860453
-48484.310001,100,12561.123185
-38724.149952,100,12561.403674
-46402.219967,100,12561.65819
-48371.870022,100,12572.044613
-48292.249985,100,12572.541944
-43947.019993,100,12573.026544
-46904.299953,100,12573.531503
-56169.81015,100,12574.019101
-55473.030006,100,12574.506101
-45544.550079,100,12575.00657
-43584.579979,100,12575.507957
-45178.370079,100,12575.997941
-46730.390034,100,12576.485434
-46552.960106,100,12576.970344
-46868.119999,100,12577.458609
-49028.640026,100,12577.947123
-47531.939949,100,12578.431526
-43606.44994,100,12578.917831
-42838.319996,100,12579.407483
-41044.760006,100,12579.898668
-44031.509953,100,12580.384487
-42595.210014,100,12580.874773
-45343.85001,100,12581.359266
-40741.770023,100,12581.617597
-45243.80999,100,12592.349157
-46082.849983,100,12592.843189
-51640.099987,100,12593.334368
-47124.380016,100,12593.823205
-43832.190033,100,12594.306904
-47398.999977,100,12594.805714
-52631.679989,100,12595.308158
-43392.990013,100,12595.805426
-49697.219986,100,12596.290996
-42480.860039,100,12596.775222
-43347.60001,100,12597.257387
-43072.209949,100,12597.717733
-47103.169983,100,12598.200575
-42928.159985,100,12598.680414
-45729.050049,100,12599.548492
-45763.25996,100,12599.808314
-48714.129986,100,12600.081957
-44475.089989,100,12600.909131
-46263.589985,100,12601.626623
-46934.71006,100,12602.326607
-44769.449951,100,12614.117554
-43965.460018,100,12614.612181
-38495.900005,100,12615.106582
-45949.399998,100,12615.604408
-45132.759964,100,12616.084434
-41636.73,100,12616.562224
-37047.889969,100,12617.039889
-41374.190006,100,12617.518032
-41514.539997,100,12617.997354
-45624.970028,100,12618.478483
-43622.609978,100,12618.956704
-45073.070026,100,12619.439362
-47533.869934,100,12619.919581
-45698.309978,100,12620.398113
-52257.070011,100,12620.880619
-41252.700001,100,12621.359431
-45133.430035,100,12621.84463
-43315.759949,100,12622.328063
-44284.159988,100,12622.804307
-52695.72007,100,12623.28321
-39834.020008,100,12623.797384
-50499.319958,100,12634.884874
-48528.139996,100,12635.390165
-44927.42009,100,12635.887941
-48721.820061,100,12636.373317
-47241.199993,100,12636.859377
-53665.660061,100,12637.348315
-50455.150078,100,12637.846803
-47633.210052,100,12638.338488
-47220.579987,100,12638.829943
-51525.82999,100,12639.322528
-49128.609985,100,12639.814553
-40024.679981,100,12640.303202
-43722.610008,100,12640.793551
-45868.010052,100,12641.427661
-42640.859955,100,12642.137355
-50724.460087,100,12642.885194
-50872.44994,100,12643.519748
-42823.010033,100,12644.123393
-47720.170063,100,12644.554731
-52360.309994,100,12644.846814
-47087.200054,100,12655.336577
-50125.340034,100,12655.585749
-50994.890003,100,12655.80648
-45756.909969,100,12656.021841
-38200.330002,100,12656.241307
-35322.60997,100,12656.456991
-41992.099995,100,12656.673234
-50688.439995,100,12656.88435
-43696.749966,100,12657.09849
-41535.049995,100,12657.30879
-43343.729969,100,12657.539064
-40661.109978,100,12657.751316
-52361.679985,100,12657.971721
-43786.920029,100,12658.188435
-47944.069973,100,12658.408187
-38645.459984,100,12658.657484
-51138.430088,100,12658.879376
-46848.569981,100,12659.110502
-43475.039963,100,12659.321736
-45135.590031,100,12659.53503
-40518.610012,100,12659.748475
-48151.750015,100,12670.151152
-46363.800003,100,12670.645402
-42274.820004,100,12671.131215
-39550.689976,100,12671.616507
-44598.240044,100,12672.117938
-59313.290039,100,12672.61491
-43099.89006,100,12673.11295
-43716.730095,100,12673.60147
-47417.520008,100,12674.086562
-42953.859978,100,12674.573935
-46132.229988,100,12675.079112
-46924.420006,100,12675.575118
-53604.890121,100,12676.060528
-47913.159981,100,12676.548124
-49996.089951,100,12677.032883
-43693.270016,100,12677.517458
-45201.420059,100,12678.018145
-41666.070007,100,12678.520345
-45992.999989,100,12679.009497
-41160.500019,100,12679.497843
-51741.359943,100,12692.73192
-41942.68,100,12692.979817
-44965.630013,100,12693.205043
-47592.56002,100,12693.449907
-40248.030003,100,12693.710876
-40793.950012,100,12693.961194
-50925.610035,100,12694.204701
-39335.180008,100,12694.445978
-47540.389973,100,12694.670798
-48318.65004,100,12694.897679
-42607.429974,100,12695.147597
-54487.780113,100,12695.377143
-42060.419914,100,12695.59603
-45254.239925,100,12695.806628
-41404.490051,100,12696.019668
-54921.340096,100,12696.238364
-43172.580013,100,12696.451787
-50323.419949,100,12696.674185
-43938.130074,100,12696.879447
-42289.019943,100,12697.093437
-42629.519943,100,12706.482468
-44599.330002,100,12706.732657
-46033.980076,100,12706.969585
-49890.690022,100,12707.209109
-48384.329994,100,12707.450243
-46272.830029,100,12707.709752
-42799.189953,100,12707.941004
-42286.669979,100,12708.172819
-47995.749996,100,12708.407866
-48747.639969,100,12708.650483
-44243.03001,100,12708.893079
-37472.719994,100,12709.135808
-44563.579964,100,12709.374072
-47720.630051,100,12709.623252
-51559.160007,100,12709.859726
-34758.749985,100,12710.098661
-40653.810043,100,12710.338585
-47699.169994,100,12711.112494
-47642.420055,100,12714.030655
-43565.929974,100,12714.257865
-43816.860016,100,12714.509675
-55985.320053,100,12725.828188
-50617.940044,100,12726.442487
-40313.890007,100,12727.024665
-48285.11998,100,12727.559947
-41036.859997,100,12727.826297
-41816.94997,100,12728.08754
-36699.099968,100,12728.718591
-55170.920082,100,12729.264206
-47823.990059,100,12729.771986
-42167.140038,100,12730.25999
-48842.970032,100,12730.753021
-44966.959991,100,12731.242604
-44808.620029,100,12731.73795
-47459.909988,100,12732.244706
-47373.91013,100,12732.742235
-43703.969955,100,12733.252132
-41582.45998,100,12733.743119
-49355.089966,100,12734.231047
-44522.37999,100,12734.725009
-46734.369991,100,12735.254795
-47379.189957,100,12746.056498
-46018.06002,100,12746.547175
-45670.140041,100,12747.035324
-49898.119946,100,12747.510895
-45345.739994,100,12747.990519
-43773.890007,100,12748.467554
-43381.389988,100,12748.945996
-39966.670044,100,12749.423751
-35457.649967,100,12749.900166
-48160.000042,100,12750.375892
-48008.950008,100,12750.856531
-47037.489975,100,12751.33851
-49274.150024,100,12751.821961
-44476.410011,100,12752.307613
-42121.639992,100,12752.791885
-50923.880066,100,12753.269825
-45848.180027,100,12753.769556
-41478.369968,100,12754.246423
-41001.900021,100,12754.728466
-40609.889961,100,12755.220632
-41845.009979,100,12755.711446
-44460.289974,100,12766.337357
-41750.569973,100,12767.124266
-41114.189938,100,12767.728447
-46364.559978,100,12768.600138
-40458.900017,100,12769.317394
-45054.089973,100,12769.902658
-52258.050003,100,12770.43653
-42170.099953,100,12770.995139
-41534.530018,100,12771.594169
-49370.210033,100,12772.171664
-40970.609978,100,12772.675184
-42142.17997,100,12773.18717
-49511.010059,100,12773.681385
-40897.759972,100,12774.17236
-46841.310009,100,12774.663723
-45283.750103,100,12775.173073
-44480.109966,100,12775.684165
-33304.119968,100,12776.177372
-44281.590008,100,12776.686517
-46620.340015,100,12777.195248
-50126.970058,100,12787.871934
-43540.820004,100,12788.371035
-46046.14003,100,12788.872997
-45765.719955,100,12789.359035
-49793.959984,100,12789.845144
-52657.579967,100,12790.329676
-45532.090088,100,12790.813337
-46137.679993,100,12791.313975
-39787.539986,100,12791.82458
-45179.350079,100,12792.321593
-44127.189995,100,12792.828863
-44052.640015,100,12793.335211
-44857.390018,100,12793.832774
-46866.999981,100,12794.320017
-43722.519993,100,12794.808713
-49341.849991,100,12795.314064
-48307.209934,100,12795.809197
-48515.359966,100,12796.294068
-39591.479923,100,12796.784091
-44119.710018,100,12797.283885
-49169.680035,100,12797.770263
-45109.409943,100,12807.17906
-43693.319965,100,12807.417909
-42421.339985,100,12808.087044
-44775.569969,100,12808.602151
-40482.489998,100,12809.16601
-45305.729969,100,12810.084671
-48828.229977,100,12810.619595
-46007.169964,100,12811.109664
-42763.82996,100,12811.631583
-48798.400028,100,12812.575852
-47552.609966,100,12813.103506
-41641.34996,100,12813.636783
-41684.419998,100,12814.17024
-38361.099945,100,12814.670063
-43679.379955,100,12815.16756
-41955.230034,100,12816.200917
-42898.510063,100,12816.730307
-38583.539959,100,12817.271011
-52094.990005,100,12817.752563
-52450.700073,100,12818.255895
-48521.309959,100,12828.860724
-39921.859932,100,12829.354235
-45839.090034,100,12829.83233
-42782.340019,100,12830.30697
-41879.669991,100,12830.787818
-49473.880112,100,12831.262078
-43683.35009,100,12831.730162
-44219.290112,100,12832.197195
-47912.680096,100,12832.682447
-42643.050095,100,12833.164178
-50203.019978,100,12833.663669
-53557.87999,100,12834.168039
-42402.35004,100,12834.680938
-41186.790005,100,12835.18802
-43084.979984,100,12835.688044
-39452.200012,100,12836.174477
-50010.96003,100,12836.671574
-51629.810055,100,12837.171672
-48459.190022,100,12837.669073
-42883.369984,100,12838.163316
-46270.470032,100,12838.651099
-42387.460022,100,12850.913609
-44110.439949,100,12851.669974
-38893.490044,100,12852.488064
-47596.48003,100,12853.053842
-56074.20998,100,12853.585556
-47837.97998,100,12854.107314
-47930.579971,100,12854.603224
-41920.739944,100,12855.095992
-43314.309986,100,12855.610151
-42186.189995,100,12856.099847
-39000.470009,100,12856.590432
-52367.399971,100,12857.090333
-51018.670113,100,12857.589498
-42133.140064,100,12858.07787
-50882.690033,100,12858.569422
-40745.089954,100,12859.055655
-44219.879971,100,12899.282746
-51180.529953,100,12899.775069
-47314.950035,100,12900.25641
-42706.449959,100,12900.73779
-41659.649998,100,12911.230195
-48406.229977,100,12911.476952
-45595.629982,100,12911.697057
-37487.42001,100,12911.909722
-47880.920033,100,12912.129647
-48971.600006,100,12912.337468
-44552.789963,100,12912.555841
-51615.009949,100,12912.761913
-37977.159969,100,12912.976293
-45306.270046,100,12913.207397
-42330.809959,100,12913.426979
-40870.669975,100,12913.637899
-45535.829987,100,12913.855264
-43216.230003,100,12914.065364
-44558.10997,100,12914.294567
-59081.43005,100,12914.509768
-46199.679993,100,12914.73259
-47679.089981,100,12914.95569
-44586.200073,100,12915.195673
-42531.689976,100,12915.435805
-40502.419952,100,12915.651055
-52801.360138,100,12925.444642
-38040.160042,100,12925.941493
-51032.929916,100,12926.420124
-43339.850052,100,12926.901325
-49863.650066,100,12927.379813
-42938.80003,100,12927.855612
-49980.880024,100,12928.335023
-47800.53001,100,12928.813601
-44677.44997,100,12929.291235
-51942.68,100,12929.769328
-40707.599983,100,12930.091223
-45873.890106,100,12930.326862
-46520.770061,100,12930.55807
-41549.239937,100,12930.780471
-45078.269951,100,12931.006035
-50270.730171,100,12931.232017
-48340.400036,100,12931.462464
-40025.189964,100,12931.686456
-37698.219959,100,12931.906564
-41900.400089,100,12932.128122
-45502.440041,100,12944.450103
-37116.049973,100,12944.977653
-43095.969967,100,12945.490072
-55724.450016,100,12945.980582
-52937.129997,100,12946.459796
-49161.819984,100,12946.939068
-45035.949963,100,12947.423902
-44892.590027,100,12947.908386
-42040.389969,100,12948.390649
-50631.2701,100,12948.877886
-46972.659992,100,12949.360502
-44524.119987,100,12949.844076
-43477.770008,100,12950.333935
-41033.439991,100,12950.8321
-52879.780083,100,12951.312879
-43949.359955,100,12951.797038
-46106.529984,100,12952.2779
-40831.640003,100,12952.763765
-46338.499981,100,12953.244924
-44336.949936,100,12953.729731
-49099.879951,100,12954.213966
-48018.220032,100,12965.609535
-39447.409969,100,12966.106596
-34040.560017,100,12966.593973
-45731.209961,100,12967.080372
-48871.319969,100,12967.568193
-43226.170025,100,12968.077671
-42841.560017,100,12968.565266
-45900.450054,100,12969.054239
-47919.910027,100,12969.544544
-51656.069988,100,12970.036714
-47338.669956,100,12970.523188
-41179.610023,100,12971.011035
-50300.790039,100,12971.499506
-30662.319996,100,12971.986793
-44272.949944,100,12972.474426
-43497.279968,100,12972.957852
-45218.900028,100,12973.44871
-48203.050076,100,12973.9476
-40245.689983,100,12974.436991
-45721.239975,100,12975.544428
-41690.439991,100,12987.17392
-41181.82003,100,12987.394689
-48891.059978,100,12987.617019
-40305.939995,100,12987.834106
-52246.149944,100,12988.049261
-47144.060036,100,12988.258855
-44446.250023,100,12988.464486
-43864.420002,100,12988.667289
-45519.23003,100,12988.876162
-52988.690105,100,12989.076566
-44290.439991,100,12989.277469
-50255.669991,100,12989.503755
-39175.699963,100,12989.709935
-50635.969948,100,12989.913687
-48222.10004,100,12990.117579
-44387.779968,100,12990.32779
-43114.649971,100,12990.541116
-45193.329967,100,12990.742372
-50181.830036,100,12990.948953
-34581.310043,100,12991.153812
-38061.360001,100,12991.350937
-40531.859955,100,13000.807499
-40583.970024,100,13001.307264
-45530.880009,100,13001.798873
-40639.569942,100,13002.284118
-48391.900055,100,13002.784328
-51031.830112,100,13003.28277
-50677.220097,100,13003.774699
-46166.299988,100,13004.288908
-43275.629948,100,13004.776047
-41832.16993,100,13005.291951
-42751.690022,100,13005.789139
-35790.17997,100,13006.283953
-43797.709969,100,13006.778587
-49394.530045,100,13007.27883
-50631.399963,100,13007.763545
-48192.350025,100,13008.256535
-40075.34005,100,13008.740481
-45195.119991,100,13009.22682
-49575.179966,100,13009.710318
-43849.11993,100,13010.193593
-43250.16993,100,13022.965933
-38510.929916,100,13023.46876
-41182.160049,100,13023.959076
-47999.880028,100,13024.445969
-45428.660057,100,13024.931912
-39785.879982,100,13025.439028
-47634.320038,100,13025.921854
-43528.049988,100,13026.397641
-41884.910034,100,13026.881074
-41899.709999,100,13027.366796
-39840.330006,100,13027.874831
-49140.829983,100,13028.384535
-44459.339993,100,13028.88925
-44554.090015,100,13029.386083
-43115.429981,100,13029.885624
-42791.560005,100,13030.374241
-47194.949974,100,13030.868961
-45976.519993,100,13031.356086
-45442.759953,100,13031.845529
-36990.219997,100,13032.331535
-42834.220078,100,13032.854587
-49185.610027,100,13043.289009
-51576.709969,100,13043.783428
-45727.409966,100,13044.278256
-39292.889969,100,13044.766196
-43114.319954,100,13045.276536
-43383.710022,100,13045.778415
-44062.429993,100,13046.264392
-43911.349972,100,13046.746266
-54215.290043,100,13047.246869
-46652.069969,100,13047.732441
-41287.079994,100,13048.226317
-47467.880032,100,13048.713404
-36945.089981,100,13049.196557
-43131.409966,100,13049.682632
-44207.879974,100,13050.165235
-51233.779953,100,13050.650602
-42894.599991,100,13051.136969
-48398.519974,100,13051.622969
-38923.910046,100,13052.106511
-36593.149956,100,13052.588855
-46029.469963,100,13065.973932
-49261.809978,100,13066.459729
-49515.450047,100,13066.940583
-43518.759995,100,13067.417115
-44386.450089,100,13067.889887
-41338.04002,100,13068.36478
-48304.170155,100,13068.844663
-43241.459984,100,13069.339428
-42873.490055,100,13069.840075
-51092.480003,100,13070.334623
-53401.849983,100,13070.814719
-43124.229984,100,13071.295983
-49674.319958,100,13071.776482
-44289.110031,100,13072.253607
-42622.410053,100,13072.727901
-48679.799957,100,13073.201889
-44257.820023,100,13073.678649
-41765.380077,100,13074.157755
-45245.889969,100,13074.645758
-37983.739994,100,13075.156968
-44011.119957,100,13075.66939
-46727.530022,100,13086.781661
-45641.000008,100,13087.257579
-40602.010029,100,13087.735818
-39589.969959,100,13088.213501
-55547.619953,100,13088.684585
-47277.089962,100,13089.18509
-52397.039986,100,13089.662149
-43766.899975,100,13090.141813
-42457.140022,100,13090.623566
-51892.900078,100,13091.103973
-41573.439999,100,13091.58192
-45226.92997,100,13092.062476
-45297.289932,100,13092.540174
-42926.410027,100,13093.016463
-51139.259998,100,13093.501138
-46412.069988,100,13093.979256
-41622.579948,100,13094.464677
-49435.829994,100,13094.973642
-40624.640003,100,13095.48261
-42003.119999,100,13095.969563
-39651.509975,100,13108.856961
-48778.540009,100,13109.348347
-42480.69001,100,13109.832776
-50873.349976,100,13110.314568
-44011.180023,100,13110.811198
-42827.409966,100,13111.319249
-46505.629967,100,13111.820513
-46290.959919,100,13112.305365
-46171.380005,100,13112.792963
-48609.679974,100,13113.276114
-46917.590057,100,13113.780692
-43323.139999,100,13114.265506
-51514.86998,100,13114.77323
-47120.290051,100,13115.272653
-42293.230049,100,13115.771551
-48607.819935,100,13116.259441
-52262.090057,100,13116.751415
-49167.299988,100,13117.237522
-42315.19014,100,13117.7358
-41982.750004,100,13118.223953
-34945.20998,100,13118.71385
-54141.670132,100,13129.753557
-47166.440018,100,13130.24453
-55663.70005,100,13130.73355
-41663.099976,100,13131.21998
-47483.719978,100,13131.709008
-46936.779984,100,13132.197615
-46687.989941,100,13132.684703
-42159.019981,100,13133.170931
-49111.499985,100,13133.667208
-40865.079922,100,13134.15202
-57542.400021,100,13134.654004
-45559.499969,100,13135.207896
-40648.119984,100,13135.727462
-39937.13995,100,13136.217466
-48346.52998,100,13136.699983
-49827.200027,100,13137.191349
-46585.249962,100,13137.678068
-41500.870018,100,13138.171078
-49425.169964,100,13138.656744
-39276.960026,100,13139.148888
-46852.85997,100,13153.140863
-46676.739975,100,13153.576017
-48448.149933,100,13154.061086
-43756.080044,100,13154.543008
-46767.009995,100,13155.036457
-51881.910034,100,13155.541594
-42865.109966,100,13156.026561
-47682.280048,100,13156.505368
-48630.759975,100,13157.013643
-46671.22995,100,13157.496917
-41251.979942,100,13157.977509
-49318.279987,100,13158.458493
-44590.019978,100,13158.944573
-47883.250031,100,13159.430208
-53320.150024,100,13159.908104
-37409.069981,100,13160.385582
-47886.009953,100,13160.879115
-35083.520012,100,13161.359668
-58939.959965,100,13161.845558
-37791.829967,100,13162.326113
-42098.809978,100,13162.823771
-42025.219933,100,13173.731805
-44865.560005,100,13174.217714
-55097.45998,100,13174.740602
-50427.940037,100,13175.253001
-44244.470039,100,13175.755743
-50843.079952,100,13176.242658
-48500.110096,100,13176.758104
-40447.939972,100,13177.244687
-40495.610004,100,13177.729382
-45578.079994,100,13178.215685
-44788.250011,100,13178.70651
-44568.629982,100,13179.194149
-56592.790085,100,13179.684302
-39758.82,100,13180.171511
-36178.579994,100,13180.656963
-42313.550007,100,13181.144577
-46216.789997,100,13181.627876
-39120.430031,100,13182.120137
-45435.379951,100,13182.611634
-41139.870037,100,13183.097586
-48139.310043,100,13197.43755
-46674.830021,100,13197.933105
-52278.320053,100,13198.423468
-50677.499969,100,13198.921779
-44225.620026,100,13199.406955
-39183.959969,100,13199.894155
-44010.349964,100,13200.377703
-41499.979954,100,13200.861164
-45269.549988,100,13201.342528
-42963.920006,100,13201.84492
-40742.719975,100,13202.328536
-43046.320007,100,13202.817581
-50627.499989,100,13203.300736
-44494.369965,100,13203.788516
-43485.489952,100,13204.27177
-40124.960018,100,13204.753591
-48881.679993,100,13205.54965
-46789.709953,100,13206.025782
-43994.920006,100,13206.51298
-51449.269997,100,13207.028413
-49030.440018,100,13207.510062
-39406.209961,100,13218.557065
-44307.759975,100,13218.786987
-34243.670025,100,13219.017697
-45045.580009,100,13219.27236
-38801.119984,100,13219.499813
-45996.780041,100,13219.724124
-43351.240005,100,13219.943614
-40485.499973,100,13220.165382
-32803.849953,100,13220.390328
-38360.109997,100,13220.615623
-47340.119926,100,13220.848455
-42371.849964,100,13221.074635
-43872.280029,100,13221.300668
-42302.739975,100,13221.523691
-44334.340031,100,13221.749664
-46729.540028,100,13221.974186
-46162.950005,100,13222.196668
-45888.620064,100,13222.421754
-46752.699986,100,13222.647357
-40738.079967,100,13222.875412
-47749.340057,100,13236.428052
-50959.220039,100,13236.946039
-42867.880001,100,13237.450801
-41796.659931,100,13237.960197
-51617.700077,100,13238.446042
-40297.159996,100,13238.945343
-45905.449997,100,13239.43498
-52062.740013,100,13239.921555
-45163.779984,100,13240.411061
-39614.419952,100,13240.896404
-46607.750175,100,13241.381712
-37706.139965,100,13241.871915
-51456.60004,100,13242.354947
-38953.339966,100,13242.843595
-34731.359943,100,13243.329253
-42050.879978,100,13243.815118
-45865.240013,100,13244.299741
-33366.409954,100,13244.820656
-42137.71999,100,13245.344369
-38099.110001,100,13245.8452
-49938.099976,100,13256.290963
-54973.310059,100,13256.797492
-43002.010082,100,13257.295957
-41579.910038,100,13257.78397
-44283.130028,100,13258.293056
-39677.810024,100,13258.777523
-34551.149967,100,13259.274913
-45414.470036,100,13259.77602
-47598.260014,100,13260.260134
-40842.819935,100,13260.752136
-45925.650074,100,13261.239534
-50234.55999,100,13261.724348
-42263.439983,100,13262.212596
-41789.499977,100,13262.695527
-35505.76997,100,13263.181166
-49626.210037,100,13263.688153
-37384.369968,100,13264.17913
-45554.229954,100,13264.667912
-40299.559998,100,13265.176044
-49108.569977,100,13265.682003
-45287.840004,100,13266.169354
-48140.919991,100,13279.893796
-45925.37999,100,13280.386057
-44690.819927,100,13280.876716
-48906.070023,100,13281.361716
-47558.409985,100,13281.844946
-48890.929985,100,13282.321735
-46646.470074,100,13282.807722
-48376.420052,100,13283.293511
-41436.260014,100,13283.787523
-43304.95002,100,13284.276221
-53144.730034,100,13284.763403
-43892.959984,100,13285.264349
-42975.040012,100,13285.76278
-44502.49995,100,13286.246135
-54009.980148,100,13286.727453
-47005.500011,100,13287.210417
-43380.950047,100,13287.698126
-44287.929989,100,13288.18714
-38093.189964,100,13288.671326
-50913.070023,100,13289.15567
-44348.650028,100,13299.505299
-48505.650005,100,13300.005839
-46225.739983,100,13300.490561
-47052.010002,100,13300.977988
-46876.839985,100,13301.479486
-51649.579994,100,13301.967749
-43272.439987,100,13302.454424
-44576.730019,100,13302.940619
-48349.840027,100,13303.452019
-43966.06995,100,13303.941845
-46647.23999,100,13304.428666
-39744.07,100,13304.920656
-48953.890003,100,13305.430978
-46251.90995,100,13305.93146
-39629.549927,100,13306.419029
-39371.94997,100,13306.906322
-43874.359959,100,13307.411945
-47969.479958,100,13307.905128
-47010.910004,100,13308.393544
-47484.829983,100,13308.880849
-50238.300091,100,13309.368206
-44777.130005,100,13323.778058
-45342.62999,100,13324.278551
-51690.479969,100,13324.791628
-55859.800018,100,13325.302454
-42891.669994,100,13325.814342
-44227.57996,100,13326.315844
-49544.890022,100,13326.809572
-41195.869961,100,13327.302413
-47006.950024,100,13327.613576
-40338.110004,100,13327.860853
-51660.440014,100,13328.10482
-50762.099983,100,13328.344129
-44858.890026,100,13328.59381
-44876.319996,100,13329.039238
-49797.799995,100,13329.531976
-37123.339985,100,13330.019353
-47244.899982,100,13330.504707
-44283.720028,100,13330.995077
-37910.679966,100,13331.483579
-45697.679989,100,13331.972503
-50527.30999,100,13342.596595
-43479.139961,100,13343.115223
-40964.509964,100,13343.60843
-46095.330002,100,13344.096019
-50007.380047,100,13344.585418
-44890.69994,100,13345.085216
-49416.830051,100,13345.592548
-42243.179947,100,13346.086758
-46544.230083,100,13346.576486
-47693.389999,100,13347.062193
-50528.610039,100,13347.561654
-44342.029984,100,13348.054178
-48346.410015,100,13348.545602
-45653.550011,100,13349.03655
-40828.659916,100,13349.539766
-37540.500046,100,13350.082823
-37789.200001,100,13350.690994
-43062.230072,100,13351.185641
-42265.600079,100,13351.683419
-48307.049999,100,13352.536907
-49277.829979,100,13353.072089
-48393.10001,100,13364.848956
-46528.790047,100,13365.34907
-40260.310001,100,13365.853511
-50044.890003,100,13366.344406
-45336.25996,100,13366.837525
-46514.109989,100,13367.331327
-40537.949993,100,13367.819055
-40681.789997,100,13368.30925
-47909.619984,100,13368.794863
-43470.089958,100,13369.280969
-49734.350006,100,13369.770257
-46494.440063,100,13370.263737
-45795.000046,100,13370.750827
-50432.689972,100,13371.249874
-43091.060005,100,13371.738801
-43229.32,100,13372.227098
-50653.460098,100,13372.711896
-43388.479965,100,13373.203671
-48071.100044,100,13373.70001
-40485.210014,100,13374.187481
-45396.870033,100,13385.545822
-35992.859959,100,13386.059442
-44214.919971,100,13386.550121
-39634.039982,100,13387.031077
-44226.680031,100,13387.515243
-40781.120045,100,13388.000923
-39985.700008,100,13388.484824
-44780.270027,100,13388.977791
-48524.990032,100,13389.465849
-49156.85004,100,13389.945953
-48874.110039,100,13390.426878
-50735.750034,100,13390.904928
-50206.289989,100,13391.3826
-46684.719978,100,13391.862869
-40280.200008,100,13392.34507
-52260.230022,100,13392.823596
-47250.170033,100,13393.301759
-49286.009933,100,13393.784002
-44945.329941,100,13394.738189
-45329.490089,100,13395.724513
-50416.430023,100,13396.482425
-41219.57999,100,13409.414002
-40563.95002,100,13409.904121
-47404.260052,100,13410.390415
-49127.100018,100,13410.874406
-47944.250114,100,13448.311433
-46975.809944,100,13448.563892
-38758.73,100,13448.775924
-49424.569958,100,13448.990416
-49569.170044,100,13449.1969
-52413.150009,100,13449.404296
-43770.580078,100,13449.608758
-46890.299999,100,13449.816203
-43933.539978,100,13450.018921
-44566.060009,100,13450.227069
-46367.230038,100,13450.433692
-46784.949966,100,13450.639484
-44056.92997,100,13450.86568
-49054.349949,100,13451.075748
-49425.260078,100,13451.286347
-48379.030048,100,13451.494243
-42631.229961,100,13460.519568
-47113.319946,100,13461.028613
-45735.680008,100,13461.511931
-48829.289963,100,13461.992308
-37245.859989,100,13462.469004
-39668.419987,100,13462.950999
-51783.710049,100,13463.430954
-49686.890011,100,13463.910885
-53592.970078,100,13464.389412
-53863.779964,100,13464.881201
-47440.600082,100,13465.386306
-41241.140007,100,13465.870788
-41458.339951,100,13466.3517
-45281.339966,100,13466.845483
-35365.959976,100,13467.325721
-47272.459961,100,13467.804335
-40489.719994,100,13468.28591
-49150.680031,100,13468.777907
-43540.169983,100,13469.254066
-40216.399998,100,13469.73707
-49041.599937,100,13470.259801
-49977.089939,100,13483.009796
-52572.750118,100,13483.303956
-47015.069958,100,13483.753857
-38019.399979,100,13483.984436
-40466.450035,100,13484.19803
-46504.390026,100,13484.416373
-42528.160034,100,13484.655037
-46178.479996,100,13484.957762
-43901.569965,100,13485.166249
-49035.819946,100,13485.391258
-44671.710049,100,13485.606846
-45640.099976,100,13485.811704
-47958.590031,100,13486.019848
-39531.140022,100,13486.237895
-48410.240101,100,13486.448465
-48689.120102,100,13486.658436
-48892.749973,100,13486.858593
-47615.990067,100,13487.068875
-45547.779953,100,13487.268853
-45671.569965,100,13487.471445
-44412.779987,100,13498.479831
-53179.330032,100,13499.006618
-41649.790058,100,13499.512039
-40609.679996,100,13500.002146
-45982.77002,100,13500.482146
-49307.459969,100,13500.964433
-38566.640015,100,13501.441681
-43194.740044,100,13501.921904
-52746.690002,100,13502.398853
-35939.259953,100,13502.876034
-41465.900009,100,13503.352525
-47983.510036,100,13503.828937
-45192.830013,100,13504.311827
-46334.439957,100,13504.800462
-39794.96999,100,13505.307599
-41801.729973,100,13505.799961
-47118.790054,100,13506.279117
-43124.370007,100,13506.765466
-39399.610107,100,13507.250487
-42640.470013,100,13507.735462
-48971.829979,100,13508.215469
-42421.100029,100,13517.70869
-42601.320072,100,13517.929759
-47344.040142,100,13518.151087
-39792.529934,100,13518.382542
-46806.120056,100,13518.606448
-44088.150017,100,13518.818536
-49633.780071,100,13519.04745
-44317.92001,100,13519.272697
-47329.269966,100,13519.498107
-46846.909985,100,13519.709642
-54033.980038,100,13519.917998
-48407.690029,100,13520.451667
-45435.679974,100,13521.06152
-43481.520058,100,13521.624643
-41827.82,100,13522.269858
-48647.679985,100,13522.524979
-41590.339973,100,13522.770025
-47039.790016,100,13523.011851
-39259.379971,100,13523.5438
-43244.860001,100,13524.039225
-50809.990032,100,13535.907162
-39708.499996,100,13536.128976
-41435.620026,100,13536.338821
-41220.600014,100,13536.572143
-37705.339954,100,13536.780041
-40459.500031,100,13536.992021
-46618.180069,100,13537.201704
-44904.089973,100,13537.406125
-37693.730042,100,13537.612608
-49591.829994,100,13537.815001
-42381.639954,100,13538.036881
-42287.690041,100,13538.248028
-43714.729977,100,13538.45466
-34939.920033,100,13538.673235
-46505.249992,100,13538.880451
-49089.280006,100,13539.10394
-41333.689995,100,13539.316252
-49929.579967,100,13539.528293
-48520.039951,100,13539.730525
-51798.49004,100,13539.940417
-43967.41996,100,13540.149152
-40908.11005,100,13549.764745
-49321.390068,100,13549.986782
-34909.369946,100,13550.250995
-44734.87006,100,13550.473574
-39131.190044,100,13550.683828
-46608.460094,100,13550.887434
-46222.77002,100,13551.100386
-40663.889973,100,13551.311652
-45135.900002,100,13551.518083
-45855.600021,100,13551.725748
-46443.000034,100,13551.926337
-49272.57999,100,13552.138748
-44883.190025,100,13552.377358
-40501.539982,100,13552.590362
-40619.879986,100,13552.804021
-44886.060078,100,13553.010044
-43456.88998,100,13553.210743
-33755.229942,100,13553.430398
-38984.589981,100,13553.633883
-50509.689999,100,13553.840172
-44182.249981,100,13564.317453
-37941.140026,100,13564.633922
-42103.289982,100,13565.029844
-42164.559967,100,13565.867931
-46749.649933,100,13566.381195
-40733.689991,100,13566.854572
-48244.110004,100,13567.213001
-46094.580009,100,13567.469944
-48560.620087,100,13567.739158
-39988.179958,100,13568.176116
-51595.700035,100,13568.459887
-45325.45998,100,13568.70524
-52018.309944,100,13568.938363
-42484.010033,100,13569.168232
-46114.100029,100,13569.404788
-47818.499954,100,13569.633446
-42676.190006,100,13569.863856
-45574.589996,100,13570.091785
-42840.140003,100,13570.318416
-45662.680103,100,13570.539597
-43065.020046,100,13570.777824
-49775.890057,100,13581.295771
-50588.569988,100,13581.774729
-40740.570007,100,13582.25078
-47307.839966,100,13582.727454
-46822.27998,100,13583.206256
-51146.439976,100,13583.68052
-49619.909988,100,13584.157839
-46825.700001,100,13584.63732
-46604.95002,100,13585.131797
-41585.999985,100,13585.623855
-45013.729958,100,13586.124226
-47905.78001,100,13586.616098
-45621.400066,100,13587.111517
-51270.939968,100,13587.5956
-46331.340027,100,13588.074795
-45486.079998,100,13588.557086
-54711.55003,100,13589.051974
-42653.989979,100,13589.542255
-42462.560043,100,13590.026734
-36758.350056,100,13590.521716
-46069.820011,100,13600.747446
-50309.93,100,13601.248893
-50266.040043,100,13601.732266
-44491.479988,100,13602.215779
-42747.339958,100,13602.705653
-46881.689968,100,13603.189123
-42073.430012,100,13603.676856
-45524.070045,100,13604.160069
-37068.019997,100,13605.18811
-51053.57999,100,13606.593664
-47219.659985,100,13607.635211
-54480.480045,100,13607.917073
-39724.470043,100,13608.192878
-44342.339993,100,13608.638581
-41588.680008,100,13609.155339
-48739.279968,100,13609.648426
-40685.899979,100,13610.150469
-47053.209995,100,13610.636991
-41138.239986,100,13611.122156
-41227.670048,100,13611.610113
-43078.16996,100,13612.102435
-45821.430061,100,13624.182225
-44561.580036,100,13624.671639
-42828.839947,100,13625.174527
-41377.850109,100,13625.678787
-42741.210064,100,13626.163472
-43642.83997,100,13626.651734
-53516.249977,100,13627.155128
-43674.299984,100,13627.645533
-53420.210037,100,13628.133121
-44340.189995,100,13628.618961
-37284.579967,100,13629.110469
-42437.379982,100,13629.604591
-38631.329987,100,13630.102009
-39935.41,100,13630.600595
-47068.390041,100,13631.100957
-48330.509956,100,13631.600031
-42102.219982,100,13632.086067
-41604.019981,100,13632.570609
-51539.750008,100,13633.053743
-39780.090012,100,13633.545817
-45582.369968,100,13644.295682
-41234.879936,100,13644.809966
-43115.009991,100,13645.30663
-40409.479984,100,13645.794587
-46425.070045,100,13646.272425
-43773.570076,100,13647.282778
-44877.400047,100,13647.540378
-41340.579967,100,13647.916846
-45538.819981,100,13648.63251
-40707.279949,100,13648.932383
-39148.089985,100,13649.39456
-53047.020096,100,13649.815426
-41055.030022,100,13650.374495
-41229.750011,100,13651.071113
-52639.659985,100,13651.64202
-39461.560017,100,13652.138361
-42693.48999,100,13652.631947
-44277.750011,100,13653.119142
-45556.499992,100,13653.60883
-43808.070091,100,13654.095185
-44532.889996,100,13654.593444
-41663.669998,100,13665.965036
-50385.039963,100,13666.476975
-37727.179928,100,13666.966956
-47862.580036,100,13667.475954
-41306.709988,100,13667.9428
-45229.02993,100,13668.415914
-46304.019951,100,13668.886465
-47528.330086,100,13669.360863
-35221.089962,100,13669.835154
-43994.630005,100,13670.288122
-59022.860054,100,13670.765048
-43719.81004,100,13671.231849
-47268.03997,100,13671.702736
-47135.010044,100,13672.173347
-43624.359982,100,13672.643198
-47252.520016,100,13673.117912
-46995.850067,100,13673.59903
-41709.430019,100,13674.075889
-42430.929958,100,13674.553415
-43514.829948,100,13675.038195
-41206.960045,100,13684.932163
-43799.669971,100,13685.417409
-49189.610012,100,13685.911602
-45159.460033,100,13686.390064
-46700.290077,100,13686.86787
-43502.240028,100,13687.350765
-49238.239998,100,13687.835217
-47387.819965,100,13688.3149
-45442.159988,100,13688.80841
-52866.099972,100,13689.616401
-50136.800003,100,13689.848707
-52928.330044,100,13690.416247
-48560.440018,100,13691.134451
-45450.550037,100,13691.445605
-49452.030098,100,13691.708432
-37802.400002,100,13691.947704
-46581.0,100,13692.31197
-49515.120029,100,13692.824004
-39347.719975,100,13693.324537
-39869.289986,100,13693.855198
-39749.16,100,13694.356022
-46889.080002,100,13704.952941
-40607.460064,100,13705.443421
-40703.930046,100,13705.936222
-43484.08997,100,13706.419544
-44140.050003,100,13706.907818
-48952.109947,100,13707.403118
-48721.949993,100,13707.892836
-38729.910023,100,13708.377327
-48620.130032,100,13708.863442
-39783.089981,100,13709.351408
-46591.600002,100,13709.836361
-53268.049938,100,13710.339937
-46207.44997,100,13710.831152
-43595.820129,100,13711.317888
-49925.560085,100,13711.806072
-58022.550079,100,13712.290315
-47897.529984,100,13712.776592
-50059.689983,100,13713.260125
-48663.019962,100,13713.745123
-53099.499966,100,13714.229664
-39383.929962,100,13725.959816
-43551.579987,100,13726.195254
-39730.229988,100,13726.426939
-49078.030033,100,13726.659178
-42094.450027,100,13726.881235
-44701.929974,100,13727.106033
-46314.919964,100,13727.339677
-43522.009964,100,13727.573572
-40761.540039,100,13727.801964
-38961.699959,100,13728.027972
-48559.829979,100,13728.243762
-44016.53997,100,13728.46345
-53328.560081,100,13728.688578
-41180.110001,100,13728.923604
-40439.489937,100,13729.147744
-50041.569992,100,13729.372147
-46677.280029,100,13729.611083
-46309.049957,100,13729.836224
-50452.259991,100,13730.061791
-42253.870014,100,13730.279186
-41857.72998,100,13730.501228
-42934.889957,100,13744.474857
-36430.689991,100,13744.700607
-44510.870068,100,13744.930697
-43267.540043,100,13745.17585
-48488.539978,100,13745.408295
-43347.64996,100,13745.627662
-44949.510105,100,13745.837822
-48089.560104,100,13746.050334
-38349.039955,100,13746.260946
-42812.139973,100,13746.474727
-46860.72998,100,13746.686874
-46546.690029,100,13746.893322
-52713.610134,100,13747.110832
-41556.990086,100,13747.324838
-54324.140011,100,13747.555556
-53867.899971,100,13747.777711
-48183.590164,100,13747.992468
-45937.860027,100,13748.2291
-45395.190052,100,13748.445762
-41442.890041,100,13748.65778
-42630.049995,100,13758.769478
-40302.40992,100,13759.262334
-44548.649944,100,13759.744967
-37467.980034,100,13760.228068
-46607.439995,100,13760.719399
-46224.509995,100,13761.206054
-40157.130085,100,13761.698392
-49044.959976,100,13762.180094
-48799.779919,100,13762.667657
-43783.899937,100,13763.150449
-41794.210045,100,13763.638206
-48086.130077,100,13764.121626
-44067.720016,100,13764.621063
-43703.340019,100,13765.119493
-44372.950035,100,13765.618383
-47913.010044,100,13766.105865
-47302.230057,100,13766.590143
-38443.669956,100,13767.073898
-40031.709991,100,13767.561829
-39630.669971,100,13768.057173
-42996.649902,100,13780.376589
-43431.770031,100,13780.875169
-46945.27005,100,13781.385184
-45741.199936,100,13781.869982
-49712.750008,100,13782.354256
-43284.819973,100,13782.837356
-40634.879993,100,13783.320086
-48949.870003,100,13783.810495
-48045.049934,100,13784.323154
-48910.429993,100,13784.845821
-52831.930031,100,13785.354968
-49075.579948,100,13785.853641
-45600.259972,100,13786.340357
-52229.910027,100,13786.826703
-41532.109993,100,13787.310652
-48298.600101,100,13787.801793
-49547.77,100,13788.290051
-51672.27002,100,13788.779619
-45206.339951,100,13789.267053
-47427.679985,100,13789.754178
-45621.200031,100,13790.238722
-39190.590046,100,13798.927985
-45175.31002,100,13799.169646
-41556.539948,100,13799.403852
-42914.769978,100,13799.631182
-51179.639961,100,13799.879424
-43469.260025,100,13800.104956
-44353.349964,100,13800.335971
-48373.459949,100,13800.571161
-48985.940006,100,13800.803177
-43116.970093,100,13801.278889
-47561.619987,100,13801.762191
-45965.619965,100,13802.236871
-45622.119995,100,13802.710829
-46388.100014,100,13803.184021
-44590.690075,100,13803.657017
-41710.270103,100,13804.132093
-46755.610012,100,13804.621465
-46837.790001,100,13805.117969
-46220.490036,100,13805.615498
-41493.159958,100,13806.096613
-47326.2001,100,13817.759439
-47099.70002,100,13818.421803
-40333.460041,100,13818.993699
-42605.039982,100,13819.631943
-44321.170044,100,13820.210471
-48944.28006,100,13820.705072
-43617.57996,100,13821.196609
-41141.059956,100,13821.69566
-41718.210011,100,13822.190552
-45512.420017,100,13822.680923
-44338.060043,100,13823.169425
-38262.369984,100,13823.666315
-42674.409992,100,13824.158556
-40647.779968,100,13824.655116
-47934.709972,100,13825.161825
-44541.690002,100,13825.702404
-46073.649979,100,13826.229688
-47325.010036,100,13826.737138
-44013.990013,100,13827.227354
-49049.360085,100,13827.719958
-36028.209984,100,13828.209659
-47673.899998,100,13837.556087
-45143.93,100,13838.061572
-47485.600101,100,13838.550776
-50403.209972,100,13839.035545
-46836.740002,100,13839.537197
-44798.130081,100,13840.025161
-42533.160034,100,13840.507574
-47609.35004,100,13840.992005
-44696.770023,100,13841.482718
-44986.590004,100,13841.972467
-41932.169983,100,13842.45996
-39596.149986,100,13842.942366
-42514.539948,100,13843.425428
-44014.099957,100,13843.921636
-38742.469971,100,13844.404252
-43982.990116,100,13844.917584
-47701.109966,100,13845.428159
-52509.41,100,13845.930087
-45026.800007,100,13846.420602
-40836.299976,100,13846.915433
-52059.750031,100,13859.612706
-51415.140007,100,13860.144514
-40857.279938,100,13860.996474
-49447.909996,100,13861.245799
-42632.589951,100,13861.492136
-37121.459984,100,13861.722653
-45547.489998,100,13861.937858
-42943.659939,100,13862.166518
-47505.699982,100,13862.378689
-44218.759983,100,13862.59184
-39640.999977,100,13862.796479
-51455.540039,100,13863.000313
-34881.039951,100,13863.215033
-47010.370007,100,13863.425926
-49375.240036,100,13863.633727
-44727.310024,100,13863.839953
-43095.809994,100,13864.046706
-45806.250019,100,13864.253595
-43437.709972,100,13864.477833
-50343.839989,100,13864.695142
-47815.780045,100,13864.919835
-51474.89006,100,13874.978386
-47033.450016,100,13875.486822
-50455.490059,100,13875.982893
-48568.400002,100,13876.472158
-44132.239986,100,13876.964432
-45804.759975,100,13877.450729
-44772.659977,100,13877.929729
-47112.850025,100,13878.420395
-50870.860043,100,13878.906402
-47261.269955,100,13879.39343
-48290.069969,100,13879.874854
-40363.150013,100,13880.355311
-44133.569962,100,13880.839586
-40623.999943,100,13881.319857
-45372.720024,100,13881.803858
-48153.91,100,13882.28739
-49562.259949,100,13882.770405
-44247.35001,100,13883.257216
-48485.09,100,13883.747787
-44918.850006,100,13884.227479
-39061.649937,100,13894.161147
-37706.26997,100,13894.661139
-41392.470028,100,13895.165096
-45355.559971,100,13895.668499
-39415.849957,100,13896.163664
-41171.850025,100,13896.654225
-43298.950008,100,13897.138741
-47590.670021,100,13897.62418
-49660.779922,100,13898.112014
-42915.179966,100,13898.598318
-53460.770031,100,13899.526608
-52776.509991,100,13900.560107
-44254.810036,100,13901.830649
-36462.929955,100,13945.659836
-43276.889942,100,13946.007255
-41476.229969,100,13946.268515
-55537.529991,100,13946.526206
-44898.419991,100,13946.773785
-40165.350006,100,13947.031748
-51304.91008,100,13947.282223
-42849.440033,100,13947.514477
-43870.03009,100,13956.846189
-46499.740074,100,13957.067632
-43081.689991,100,13957.277258
-44430.950039,100,13957.495019
-43606.249985,100,13957.705656
-46171.800014,100,13957.911223
-45442.110035,100,13958.125997
-46555.719963,100,13958.362602
-51398.120075,100,13958.576369
-43615.68996,100,13958.790545
-45364.189995,100,13959.003651
-43432.149998,100,13959.222959
-43845.480019,100,13959.432465
-41914.099979,100,13959.641098
-47783.020012,100,13959.847516
-46952.740028,100,13960.052152
-44455.719955,100,13960.258402
-40589.550087,100,13960.467744
-42715.900013,100,13960.679561
-41215.110027,100,13960.881315
-51978.320049,100,13970.850648
-39130.929996,100,13971.343966
-48244.969952,100,13971.828848
-42325.559994,100,13972.314982
-41686.550045,100,13972.806041
-38717.349972,100,13973.289022
-49232.810081,100,13973.781386
-48769.670082,100,13974.268915
-46393.70002,100,13974.772349
-41246.200108,100,13975.274209
-39751.259941,100,13975.769985
-54836.500015,100,13976.255384
-44401.360096,100,13976.739647
-39419.019981,100,13977.228883
-47048.229946,100,13977.711947
-42254.529961,100,13978.196848
-41612.349991,100,13978.717648
-45179.769962,100,13979.217059
-44625.649994,100,13979.7021
-46682.680069,100,13980.206829
-45469.32,100,13980.691572
-41430.349953,100,13993.512887
-45719.639973,100,13994.033724
-39977.46999,100,13994.536306
-40514.979942,100,13995.03444
-44639.209961,100,13995.540978
-44952.190052,100,13996.032104
-48323.979988,100,13996.515945
-45694.129971,100,13997.004076
-39292.98991,100,13997.491418
-34640.869961,100,13997.978048
-45041.749973,100,13998.482035
-38968.939976,100,13998.97274
-40874.52002,100,13999.464469
-47359.780014,100,13999.952266
-37813.759979,100,14000.439039
-43608.669949,100,14000.928027
-44414.910053,100,14001.412202
-47774.910076,100,14001.89999
-49640.399956,100,14002.387152
-43330.709976,100,14002.876796
-53787.759987,100,14013.027813
-47470.31004,100,14013.527054
-41292.18,100,14014.016327
-42474.029991,100,14014.501127
-40471.329979,100,14014.994942
-50520.06002,100,14015.494764
-45895.819988,100,14015.982643
-46529.700012,100,14016.465446
-45757.72002,100,14016.948878
-41159.970055,100,14017.434817
-39991.049965,100,14017.924224
-41661.529991,100,14018.415999
-40096.800022,100,14018.899821
-48764.120052,100,14019.387145
-40859.780014,100,14019.870515
-48559.280109,100,14020.359102
-44906.760021,100,14020.844449
-40086.900059,100,14021.343329
-48202.110081,100,14021.828303
-44724.799988,100,14022.312723
-47652.229927,100,14022.800441
-42935.019939,100,14034.248892
-43424.700047,100,14034.758085
-39859.940014,100,14035.311961
-55373.320061,100,14035.832107
-55207.640026,100,14036.325561
-39424.200008,100,14036.808478
-43467.260036,100,14037.292391
-47118.400002,100,14037.798024
-47880.929981,100,14038.283996
-48209.589958,100,14038.781552
-49363.890007,100,14039.27398
-44463.739975,100,14039.762894
-50005.120022,100,14040.247464
-46318.770195,100,14040.729577
-42392.439999,100,14041.210003
-53463.599976,100,14041.688895
-50597.71003,100,14042.171
-48513.73996,100,14042.663002
-49613.909996,100,14043.158941
-41644.219997,100,14043.65047
-48286.689999,100,14053.560266
-48364.860031,100,14054.063169
-45219.129948,100,14054.548534
-49358.070065,100,14055.049572
-42320.000046,100,14055.548042
-45069.589993,100,14056.039958
-40957.04995,100,14056.522132
-53470.209999,100,14057.039689
-45828.980057,100,14057.527786
-41365.59993,100,14058.012945
-46386.470024,100,14058.498313
-43773.520115,100,14058.984385
-45648.349979,100,14059.475092
-42575.309971,100,14059.962593
-46957.499943,100,14060.44762
-39138.87001,100,14060.935967
-49089.179981,100,14061.423372
-41977.699947,100,14061.90676
-49597.219994,100,14062.390557
-41132.570034,100,14062.877115
-47558.419998,100,14063.388335
-44475.149982,100,14075.683467
-45683.679935,100,14076.17985
-41972.729988,100,14076.706125
-42115.690014,100,14077.207385
-49646.070045,100,14077.697395
-44271.32996,100,14078.173594
-40989.599979,100,14078.651398
-37793.259968,100,14079.150098
-49937.9701,100,14079.636063
-39464.180103,100,14080.114185
-41880.619965,100,14080.5911
-48409.530025,100,14081.069889
-51546.150101,100,14081.545028
-45321.420013,100,14082.024321
-42477.660004,100,14082.505588
-50224.580021,100,14082.982022
-42131.690022,100,14083.466894
-51973.359993,100,14083.947767
-43916.000038,100,14084.422597
-47930.110054,100,14084.910729
-47363.359985,100,14093.747348
-45028.939968,100,14093.965121
-43078.619946,100,14094.180149
-45589.499973,100,14094.387246
-43538.789997,100,14094.618614
-44053.849995,100,14094.951013
-39201.389977,100,14095.264399
-47959.160011,100,14095.504163
-51830.020069,100,14095.7172
-46429.970013,100,14095.925093
-50246.810066,100,14096.150513
-45690.250038,100,14096.355639
-44363.470013,100,14096.56976
-48714.86998,100,14096.789853
-44142.54002,100,14097.001597
-41750.500069,100,14097.20873
-45814.969975,100,14097.422251
-48373.969978,100,14097.626869
-48331.669949,100,14097.840862
-42298.380058,100,14098.049431
-44445.410076,100,14098.255116
-50869.649933,100,14109.003658
-49066.79002,100,14109.960396
-46976.279984,100,14110.517237
-47423.949955,100,14111.020036
-40707.930016,100,14111.532114
-40131.080013,100,14112.083474
-43662.030037,100,14112.6854
-44365.540062,100,14113.247334
-46627.520092,100,14113.967041
-45705.78001,100,14114.198184
-47738.090012,100,14114.772986
-43400.010021,100,14115.284815
-44069.310081,100,14115.777951
-44356.409966,100,14116.259213
-45864.96994,100,14116.741953
-42504.830048,100,14117.233258
-35556.159962,100,14117.7241
-52662.130013,100,14118.224605
-41204.340069,100,14118.732531
-49864.999992,100,14119.229896
-46115.099972,100,14130.317857
-52595.959953,100,14130.812879
-48923.369972,100,14131.296743
-39973.539978,100,14131.78639
-44709.480007,100,14132.268587
-47086.210052,100,14132.769494
-54572.070049,100,14133.254897
-49049.060028,100,14133.7447
-42326.009987,100,14134.234335
-45319.880032,100,14134.720393
-47556.640015,100,14135.219864
-53414.680016,100,14135.718786
-48971.999981,100,14136.207061
-43608.529995,100,14136.687946
-43944.130039,100,14137.191533
-51091.7201,100,14137.675079
-45655.949966,100,14138.156653
-46114.749973,100,14138.638258
-49781.560024,100,14139.128255
-47857.829983,100,14139.615715
-46028.739975,100,14140.121847
-42405.109997,100,14152.329126
-43888.880074,100,14152.638361
-44167.819992,100,14152.997607
-46495.209984,100,14153.551461
-47474.059982,100,14154.04864
-48425.400043,100,14154.528952
-39656.08997,100,14155.025751
-49520.320076,100,14155.520193
-47626.290031,100,14156.004371
-45754.119999,100,14156.492125
-46799.650024,100,14156.96996
-42072.019981,100,14157.458472
-39308.249916,100,14157.938962
-46586.789982,100,14158.416764
-43560.679974,100,14158.892696
-46648.319954,100,14159.440862
-43996.329971,100,14159.995534
-45993.390038,100,14160.498204
-49575.329975,100,14160.982584
-41626.090034,100,14161.461524
-46213.050083,100,14171.676763
-40608.050018,100,14171.899428
-43269.889938,100,14172.113043
-45786.980034,100,14172.321711
-51048.720043,100,14172.531473
-51480.809929,100,14172.755749
-46432.340027,100,14172.972598
-42315.019993,100,14173.176736
-40202.189934,100,14173.381881
-47495.210018,100,14173.589418
-44674.879971,100,14173.817728
-40734.440014,100,14174.025352
-44713.949982,100,14174.22984
-48999.030014,100,14174.461381
-43130.700012,100,14174.679119
-44620.169968,100,14174.918607
-51233.980026,100,14175.151093
-47840.54002,100,14175.396608
-46895.729996,100,14175.633625
-38633.960014,100,14175.865616
-41197.409985,100,14176.088219
-53584.019955,100,14185.079066
-40458.13998,100,14185.339025
-43349.189987,100,14185.557958
-48526.149944,100,14185.761657
-54821.910141,100,14185.974584
-40862.180004,100,14186.191878
-36595.390003,100,14186.400397
-43088.769947,100,14186.615846
-37822.079983,100,14186.826087
-47887.769951,100,14187.040148
-50787.880013,100,14187.254043
-51262.199978,100,14187.461804
-50746.900017,100,14187.662005
-42890.179977,100,14187.871088
-45301.740025,100,14188.083354
-41071.190022,100,14188.292211
-44347.380039,100,14188.501215
-47852.390018,100,14188.708498
-39289.499973,100,14188.915643
-45507.649921,100,14189.129087
-38016.469994,100,14201.820488
-45210.959988,100,14202.083289
-49469.630066,100,14202.317031
-41903.870064,100,14202.540797
-49156.299992,100,14202.756557
-49236.829983,100,14202.967778
-38344.269966,100,14203.178072
-47869.410015,100,14203.395801
-47395.470036,100,14203.614156
-44124.830067,100,14203.832074
-46322.689991,100,14204.056182
-43184.06002,100,14204.274943
-40636.390022,100,14204.488916
-37647.669964,100,14204.718124
-47869.190098,100,14205.009395
-38767.410065,100,14205.51045
-48179.57996,100,14205.992424
-48201.249985,100,14206.466651
-47701.760006,100,14206.948591
-39399.84,100,14207.424875
-45408.340034,100,14207.902603
-35737.969952,100,14218.994566
-41239.800018,100,14219.489024
-39933.170002,100,14219.980816
-45935.779999,100,14220.502835
-52840.410011,100,14220.982968
-46251.039978,100,14221.468463
-54567.380077,100,14221.948307
-48424.370033,100,14222.430792
-50373.489994,100,14222.910347
-47644.629978,100,14223.389524
-48667.009945,100,14223.875055
-41673.709988,100,14224.386801
-45781.619942,100,14224.88551
-46638.640026,100,14225.386581
-46228.510006,100,14225.878551
-47443.049992,100,14226.378301
-43900.639973,100,14226.857846
-45026.359993,100,14227.34431
-41414.050079,100,14227.826324
-53038.870064,100,14228.320868
-43238.439991,100,14240.899568
-43187.589966,100,14241.383612
-48053.170048,100,14241.863618
-43479.910023,100,14242.340831
-42514.149963,100,14242.829147
-47308.720032,100,14243.332142
-42892.800068,100,14243.836982
-47165.960033,100,14244.320616
-56989.319977,100,14244.812617
-48206.400002,100,14245.315308
-44936.399937,100,14245.807486
-35153.979984,100,14246.284178
-47069.190022,100,14246.770792
-42082.490063,100,14247.247936
-38115.389954,100,14247.732152
-42778.43,100,14248.210671
-40696.610023,100,14248.691895
-41913.929996,100,14249.173089
-41912.559971,100,14249.653706
-52082.899994,100,14250.142886
-46251.629978,100,14250.628984
-49050.059963,100,14259.070524
-46230.960003,100,14259.561037
-41551.499969,100,14260.043105
-48636.760036,100,14260.524605
-38695.539982,100,14261.002885
-41386.309982,100,14261.478551
-46430.189964,100,14261.950991
-39201.429981,100,14262.443978
-41852.400024,100,14262.928847
-51676.980076,100,14263.410656
-45794.320019,100,14263.887321
-48191.95998,100,14264.366983
-43666.480042,100,14264.864197
-46766.550018,100,14265.370787
-45541.950035,100,14265.856637
-49317.280029,100,14266.335175
-37948.899979,100,14266.817767
-49816.120018,100,14267.291873
-48316.830101,100,14267.77284
-43368.54998,100,14268.249577
-41703.680023,100,14282.305829
-44137.349987,100,14282.797593
-48084.130058,100,14283.28994
-50110.550014,100,14283.773167
-40474.070053,100,14284.261881
-50549.169994,100,14285.317858
-51108.870029,100,14285.819821
-39773.619957,100,14286.311596
-44745.580032,100,14286.808064
-46384.939995,100,14287.291811
-38628.159996,100,14287.790314
-41962.879997,100,14288.280796
-45017.449913,100,14288.771472
-45423.149994,100,14289.253807
-47037.449963,100,14289.755033
-48118.27002,100,14290.245924
-37472.709999,100,14290.734111
-45761.699997,100,14291.226547
-43311.130047,100,14291.716157
-43759.950024,100,14292.197792
-46471.939999,100,14302.140322
-49051.259937,100,14302.646518
-43552.839954,100,14303.135318
-46265.549957,100,14303.624955
-43082.769981,100,14304.121129
-49763.870026,100,14304.612594
-48112.269978,100,14305.146247
-42525.659981,100,14305.654564
-43707.459969,100,14306.144683
-39410.189991,100,14306.636969
-43199.899982,100,14307.122574
-41342.039978,100,14307.607588
-40834.29998,100,14308.09291
-43558.19994,100,14308.590528
-41715.900047,100,14309.079348
-41345.839958,100,14309.571153
-47046.890034,100,14310.054215
-35751.760029,100,14310.543161
-44915.699989,100,14311.021997
-44681.529991,100,14311.499924
-50433.959965,100,14311.981141
-43815.679989,100,14325.33619
-45184.960014,100,14325.840065
-39435.789974,100,14326.343952
-43947.989979,100,14326.85934
-44177.819996,100,14327.370222
-41512.530014,100,14327.862535
-38740.899971,100,14328.347109
-49850.499954,100,14328.846032
-40780.269989,100,14329.341245
-44455.400036,100,14329.831609
-31592.88995,100,14330.315963
-44198.369995,100,14330.810079
-44817.650024,100,14331.298015
-40077.02998,100,14331.782603
-43683.769978,100,14332.267166
-43087.519886,100,14332.752795
-43561.560047,100,14333.238424
-45426.66003,100,14333.723108
-44740.620018,100,14334.209589
-46003.529995,100,14334.701081
-41210.72002,100,14345.063694
-39356.409973,100,14345.491479
-45782.699959,100,14345.992004
-43017.059956,100,14346.481924
-49838.700069,100,14346.968351
-45351.620003,100,14347.459122
-44010.440006,100,14347.945797
-50314.350037,100,14348.440749
-42108.439983,100,14348.928476
-40583.309956,100,14349.421425
-43918.999992,100,14349.912692
-48374.269962,100,14350.416426
-48134.589958,100,14350.914582
-46113.690006,100,14351.405405
-46092.499958,100,14351.89512
-54532.330029,100,14352.381889
-46501.700039,100,14352.863798
-47962.849972,100,14353.352297
-43914.770092,100,14353.848733
-49465.3801,100,14354.330645
-44324.18998,100,14354.825916
-51575.580116,100,14367.741241
-38912.669994,100,14368.246076
-47952.690052,100,14368.770905
-38716.64996,100,14369.271613
-49169.659985,100,14369.765484
-53323.400097,100,14370.252488
-46852.78001,100,14370.744925
-49247.890026,100,14371.233593
-44522.90007,100,14371.720795
-46068.599953,100,14372.206475
-41968.190006,100,14372.69555
-44934.350025,100,14373.18211
-48872.119965,100,14373.671523
-57052.470036,100,14374.176478
-49321.650063,100,14374.690426
-43577.170025,100,14375.188615
-50568.469982,100,14375.701805
-49170.599976,100,14376.184501
-45637.950012,100,14376.662481
-47542.35997,100,14377.144911
-45858.359947,100,14386.02367
-46943.39006,100,14386.528873
-44626.090012,100,14387.029031
-38933.620007,100,14387.52399
-42916.939999,100,14388.010897
-42578.129997,100,14388.49949
-46458.959949,100,14388.988883
-38616.059956,100,14389.47841
-43589.680019,100,14389.968817
-45670.579975,100,14390.459907
-52525.629986,100,14390.950676
-49675.839935,100,14391.436473
-44383.07,100,14391.92314
-45910.499928,100,14392.416299
-50078.350132,100,14392.908073
-43594.919933,100,14393.402152
-38206.430016,100,14393.896401
-46516.989998,100,14394.39082
-42592.409988,100,14394.877351
-41701.700005,100,14395.38457
-52040.240093,100,14395.885499
-46010.610004,100,14408.987331
-45660.000019,100,14409.879056
-44297.739964,100,14410.283491
-43551.160027,100,14410.730923
-36572.789955,100,14411.235937
-44579.310043,100,14411.733246
-44921.649979,100,14412.235856
-36520.959999,100,14412.732812
-36545.460072,100,14413.218798
-45322.270023,100,14413.70717
-43429.329979,100,14414.195246
-44198.490005,100,14414.678928
-43046.379967,100,14415.182001
-50399.379978,100,14415.679558
-51380.780014,100,14416.178844
-47746.989975,100,14416.672022
-40598.039986,100,14417.162551
-49260.75005,100,14417.648117
-51950.390018,100,14418.132171
-44320.060097,100,14418.615193
-47252.28997,100,14429.766943
-48489.77,100,14471.826951
-40644.829983,100,14472.042816
-42700.609974,100,14472.264456
-43809.000004,100,14472.483253
-40221.569927,100,14472.706196
-47550.589962,100,14472.929728
-47833.009991,100,14473.166899
-44382.269981,100,14473.396485
-49014.249969,100,14473.622727
-44417.930038,100,14473.850374
-44086.599991,100,14474.076398
-44737.119984,100,14474.296597
-49174.790073,100,14474.528965
-48096.370056,100,14474.777
-39279.529987,100,14475.051253
-40956.009998,100,14475.360754
-45320.930016,100,14475.594866
-47301.000084,100,14475.818925
-50439.819996,100,14476.043034
-34376.619957,100,14476.271436
-41359.519962,100,14488.34825
-40492.840038,100,14488.850982
-43981.369984,100,14489.340784
-48423.579979,100,14489.828104
-55598.670086,100,14490.317026
-45682.819962,100,14490.813549
-44735.480053,100,14491.302126
-51579.040012,100,14491.79057
-40168.060001,100,14492.27745
-44640.969944,100,14492.778171
-42215.659969,100,14493.286981
-39954.009975,100,14493.801936
-38620.059948,100,14494.295356
-42625.12001,100,14494.786506
-40543.110016,100,14495.29301
-43705.92004,100,14495.790934
-54179.69014,100,14496.279236
-44630.350014,100,14496.774163
-48108.850124,100,14497.291559
-44957.139977,100,14497.785537
-53954.620026,100,14507.977954
-51241.679989,100,14508.471603
-39132.599953,100,14508.954041
-48792.440136,100,14509.431538
-42576.509998,100,14509.914614
-46316.830044,100,14510.392956
-45747.079971,100,14510.880839
-40443.719975,100,14511.365727
-46790.19009,100,14511.840104
-50141.460011,100,14512.321838
-45580.660015,100,14512.795349
-45422.539989,100,14513.279305
-44729.12999,100,14513.755463
-43948.680004,100,14514.236443
-42302.319939,100,14514.732652
-35535.550007,100,14515.226912
-47482.370014,100,14515.725181
-49201.93,100,14516.200108
-44025.389996,100,14516.68083
-49863.009926,100,14517.168153
-39018.730003,100,14517.648645
-42092.939983,100,14530.480741
-47179.210041,100,14530.719096
-43160.349979,100,14530.943104
-47134.580036,100,14531.167916
-50024.380009,100,14531.395448
-47736.759968,100,14531.618898
-47044.579937,100,14531.847058
-38999.749954,100,14532.070107
-44581.889977,100,14532.292616
-45715.930077,100,14532.514894
-43588.70002,100,14532.753178
-42559.929962,100,14532.981236
-41529.069969,100,14533.211879
-45698.799961,100,14533.432512
-34088.51997,100,14533.654104
-46741.580067,100,14533.882824
-43970.119968,100,14534.112726
-36256.609959,100,14534.369801
-39603.139946,100,14534.695832
-47769.22007,100,14534.989921
-47596.699909,100,14545.734668
-43372.490021,100,14546.236098
-43192.32003,100,14546.720525
-40658.889973,100,14547.237937
-43590.849991,100,14547.726949
-48532.20002,100,14548.215148
-50143.669983,100,14548.702531
-42858.659992,100,14549.191029
-49444.009972,100,14549.676045
-40179.099979,100,14550.168087
-38519.82,100,14550.673094
-44161.070087,100,14551.194543
-47394.41996,100,14551.700131
-44980.170029,100,14552.206014
-44611.529995,100,14552.709067
-47508.600101,100,14553.209465
-42075.260002,100,14553.71008
-46121.330025,100,14554.213194
-43147.969997,100,14554.719577
-36527.690037,100,14555.246955
-42669.909977,100,14555.765949
-46875.98,100,14568.836309
-51750.930008,100,14569.575185
-50213.470005,100,14570.136913
-46149.330032,100,14570.75668
-48829.640041,100,14571.279769
-42093.840012,100,14571.766951
-49051.439976,100,14572.24206
-49231.090038,100,14572.725243
-45163.240108,100,14573.203845
-49057.660027,100,14573.684961
-43110.160019,100,14574.163427
-44493.459991,100,14574.641757
-46075.329971,100,14575.13484
-52141.860031,100,14575.629307
-43088.539993,100,14576.128018
-44304.950058,100,14576.636331
-42658.44001,100,14577.149044
-58522.040054,100,14577.638162
-51726.160179,100,14578.115147
-43266.960011,100,14578.593835
-43144.799957,100,14589.758875
-53974.040085,100,14589.994769
-44663.490002,100,14590.212561
-46537.450016,100,14590.432258
-45341.509972,100,14590.646259
-49345.039978,100,14590.85304
-44725.95993,100,14591.065766
-50277.290031,100,14591.28862
-45092.779961,100,14591.494626
-55560.659988,100,14591.698684
-50183.359959,100,14591.920735
-51164.640057,100,14592.132771
-47384.379967,100,14592.346922
-41281.769947,100,14592.562858
-51479.070015,100,14592.76911
-42428.829906,100,14592.980649
-44153.389999,100,14593.184193
-40428.019951,100,14593.403351
-42629.77998,100,14593.609806
-45714.070038,100,14593.810573
-39538.319969,100,14594.024443
-40867.269936,100,14604.445018
-41215.589939,100,14604.764479
-46867.220135,100,14605.084651
-44648.419983,100,14605.348957
-47513.590065,100,14605.587102
-48863.28014,100,14605.80739
-46991.860065,100,14606.01817
-44713.620033,100,14606.23274
-37322.45002,100,14606.454889
-38316.169937,100,14606.685356
-41395.609978,100,14607.112228
-43780.619984,100,14607.63116
-43405.270004,100,14607.885419
-50673.700005,100,14608.209925
-47101.509956,100,14608.473344
-42361.17997,100,14608.84709
-47003.269997,100,14609.669873
-51336.390038,100,14610.392588
-49785.230076,100,14610.935563
-45481.02,100,14611.510696
-47222.650009,100,14623.708236
-47889.480038,100,14624.200854
-42321.999996,100,14624.679748
-42850.200047,100,14625.207693
-42249.590015,100,14625.699213
-44157.499989,100,14626.173783
-49650.020046,100,14626.648542
-46842.719933,100,14627.126048
-43301.799999,100,14627.604463
-44292.339993,100,14628.08186
-47494.810051,100,14628.558154
-43205.63002,100,14629.048595
-41481.46999,100,14629.521341
-53524.509956,100,14629.992443
-45650.529999,100,14630.46821
-45946.059967,100,14630.946535
-49331.75,100,14631.419873
-46124.000061,100,14631.925244
-40140.37001,100,14632.400402
-44488.580029,100,14632.874297
-50280.340004,100,14633.348694
-49690.500015,100,14644.562914
-44502.869987,100,14645.073302
-46738.350014,100,14645.583681
-40260.019985,100,14646.077655
-42458.960068,100,14646.56792
-41724.439999,100,14647.055594
-39371.540039,100,14647.548035
-40089.310078,100,14648.041675
-42467.719959,100,14648.547461
-45258.680016,100,14649.198036
-48218.070004,100,14649.689717
-47079.820007,100,14649.94274
-49985.500053,100,14650.448133
-39507.599937,100,14650.727843
-50005.259995,100,14651.488321
-50280.689968,100,14651.81348
-45188.420021,100,14652.545988
-56517.869987,100,14653.10514
-41577.899921,100,14653.694431
-43970.179996,100,14654.29976
-45625.649986,100,14665.754356
-46368.990093,100,14666.2496
-44049.250019,100,14666.73039
-48165.739967,100,14667.211714
-43860.390022,100,14667.690336
-46098.460026,100,14668.194832
-42412.939945,100,14668.673614
-43618.469994,100,14669.158875
-40972.389957,100,14669.636909
-42528.85001,100,14670.132536
-40629.669968,100,14670.619721
-40126.329979,100,14671.106708
-39431.850067,100,14671.587675
-48375.699993,100,14672.071112
-49900.769978,100,14672.548917
-48161.810066,100,14673.026698
-41757.290047,100,14673.513668
-46327.839947,100,14674.030757
-47325.369976,100,14674.375648
-42199.329994,100,14674.618117
-44168.849998,100,14674.836078
-44115.590015,100,14684.820536
-38715.429993,100,14685.331137
-43997.289989,100,14685.832528
-43688.989944,100,14686.31894
-43505.609997,100,14686.801206
-53446.289986,100,14687.284526
-37894.739929,100,14687.770898
-49831.100067,100,14688.257427
-41450.18996,100,14688.766116
-45823.889996,100,14689.254456
-48814.359947,100,14689.740639
-46501.680035,100,14690.227165
-46873.470047,100,14690.721639
-34209.660007,100,14691.470479
-49238.449993,100,14691.718414
-44990.339947,100,14692.136922
-48259.460079,100,14693.220213
-50975.630074,100,14693.825731
-48397.729984,100,14694.46002
-45245.439957,100,14695.039958
-45124.879993,100,14706.77041
-48207.580017,100,14707.002364
-44881.950027,100,14707.220119
-44486.369995,100,14707.432977
-51463.190071,100,14707.641432
-40164.289989,100,14707.850052
-48034.839989,100,14708.296948
-47494.439987,100,14708.778316
-42059.929966,100,14709.265507
-40196.240005,100,14709.753465
-39893.219971,100,14710.239457
-47247.429955,100,14710.720928
-41919.749973,100,14711.197682
-43789.580006,100,14711.690222
-43405.320019,100,14712.172383
-44037.88995,100,14712.656434
-41030.999989,100,14713.065772
-44252.580051,100,14713.274323
-41846.669979,100,14713.481733
-37031.679985,100,14713.681589
-43541.300026,100,14713.889182
-39241.560017,100,14724.623887
-42179.639942,100,14724.896259
-47388.859947,100,14725.14287
-41029.559956,100,14725.390349
-43413.29002,100,14725.62883
-45043.069996,100,14725.853624
-51117.890022,100,14726.079797
-44797.550018,100,14726.303556
-42403.48996,100,14726.545057
-47466.10997,100,14726.775679
-43499.670025,100,14727.007851
-49457.640099,100,14727.236736
-40009.080048,100,14727.482879
-42950.820057,100,14727.708907
-48179.150024,100,14727.928394
-39186.769985,100,14728.148027
-52273.450085,100,14728.382922
-37933.249985,100,14728.606571
-47466.839989,100,14728.831442
-38830.869953,100,14729.057674
-44854.040028,100,14742.076547
-48636.339954,100,14742.567469
-41849.619953,100,14743.057024
-45215.079983,100,14743.560575
-43665.450005,100,14744.075743
-49874.149982,100,14744.575895
-44051.629959,100,14745.081166
-42866.63002,100,14745.582673
-40855.959984,100,14746.071098
-50032.779995,100,14746.559728
-44191.380009,100,14747.069186
-51267.859978,100,14747.560966
-40191.139973,100,14748.050194
-50941.970016,100,14748.541522
-39851.230019,100,14749.032115
-42488.529991,100,14749.516476
-47117.78001,100,14750.007945
-46016.51001,100,14750.497084
-36760.280014,100,14750.989009
-37729.499966,100,14751.491477
-48945.889992,100,14751.977154
-44797.659958,100,14762.924249
-42434.160011,100,14763.414589
-47204.829998,100,14763.907387
-34642.249992,100,14764.395067
-41556.219982,100,14764.886966
-47413.199986,100,14765.409639
-46860.129986,100,14765.907374
-37891.259972,100,14766.396704
-37061.770031,100,14766.888536
-41239.400009,100,14767.37787
-48018.899986,100,14767.871822
-42962.779957,100,14768.36087
-53222.070057,100,14768.851902
-47188.670109,100,14769.340398
-44178.779961,100,14769.837093
-45317.749981,100,14770.325137
-47588.919949,100,14770.82231
-45297.029984,100,14771.308738
-47026.539982,100,14771.800135
-46669.460022,100,14772.296538
-45207.089935,100,14786.378051
-45033.500053,100,14786.877185
-47100.189995,100,14787.366407
-44002.65992,100,14787.851048
-44430.089989,100,14788.334909
-42647.829948,100,14788.820229
-39769.809986,100,14789.303494
-52246.829998,100,14789.788212
-40774.840012,100,14790.280943
-50290.92001,100,14790.767053
-44572.81995,100,14791.2641
-37943.969986,100,14791.750115
-42236.869957,100,14792.241606
-41702.990032,100,14792.729595
-42460.279953,100,14793.214805
-45474.070023,100,14793.70143
-43831.780022,100,14794.189477
-41068.640045,100,14794.678786
-45140.609997,100,14795.168938
-45833.97998,100,14795.670116
-47215.919968,100,14796.175379
-40111.279961,100,14807.537008
-43487.379955,100,14808.026243
-42511.060047,100,14808.509194
-48973.27998,100,14808.990736
-44477.280083,100,14809.490203
-40456.050095,100,14809.980441
-49236.870098,100,14810.465965
-41439.689972,100,14810.95197
-38579.249977,100,14811.435824
-44336.070023,100,14811.921948
-38967.559998,100,14812.407387
-47446.550022,100,14812.896062
-41272.829975,100,14813.381028
-46394.740032,100,14813.866111
-43664.949986,100,14814.346102
-42822.459991,100,14814.828244
-41197.470039,100,14815.325722
-50276.28009,100,14815.827734
-41210.120007,100,14816.442405
-47963.46003,100,14817.226098
-46903.179974,100,14830.433152
-42294.99995,100,14830.929465
-43355.999973,100,14831.415757
-50191.199963,100,14831.897957
-43710.049953,100,14832.385549
-46494.770061,100,14832.884762
-46785.850037,100,14833.374811
-41864.139973,100,14833.862877
-50330.190048,100,14834.348041
-47695.26001,100,14834.835896
-49416.400063,100,14835.340183
-41260.829994,100,14835.835189
-40179.960018,100,14836.320498
-42436.030025,100,14836.805906
-46112.850029,100,14837.292768
-44077.709946,100,14837.774191
-50722.000015,100,14838.262926
-44933.010029,100,14838.75064
-46544.180004,100,14839.254599
-43219.0,100,14839.752082
-42488.44006,100,14850.400122
-46885.05006,100,14850.62346
-45153.610008,100,14850.837285
-43397.100044,100,14851.042384
-46525.220043,100,14851.24875
-48564.36998,100,14851.465347
-47135.079983,100,14851.677437
-46939.919964,100,14851.884642
-39498.099972,100,14852.088064
-48911.979973,100,14852.291435
-40922.270092,100,14852.520919
-37702.910004,100,14852.72376
-45427.390049,100,14852.934028
-44692.139942,100,14853.141988
-38506.819977,100,14853.350816
-42787.639938,100,14853.563116
-46680.430031,100,14853.770077
-48540.659973,100,14853.979874
-46905.169987,100,14854.181624
-52812.259953,100,14854.383046
-48222.98996,100,14854.607772
-42150.660065,100,14867.956881
-40279.929947,100,14868.445412
-44394.260006,100,14868.933964
-42489.829952,100,14869.44218
-44413.199902,100,14869.985506
-54070.500092,100,14870.479529
-36686.77002,100,14870.962448
-44267.29002,100,14871.436754
-41562.199993,100,14871.912592
-43420.309963,100,14872.404004
-48691.21991,100,14872.876663
-44624.580006,100,14873.353975
-43064.359982,100,14873.830316
-50598.399948,100,14874.306552
-46270.850033,100,14874.792647
-47419.590019,100,14875.286185
-35799.010025,100,14875.77422
-43420.790096,100,14876.258816
-47667.459972,100,14876.738493
-51665.660084,100,14877.220813
-46585.049988,100,14888.524895
-44314.080036,100,14889.031611
-42330.95998,100,14889.532039
-45686.929958,100,14890.007485
-43113.180115,100,14890.489964
-48855.080044,100,14890.973158
-47709.540039,100,14891.449691
-42979.160015,100,14891.924958
-46822.430111,100,14892.40239
-47536.60001,100,14892.888534
-56185.439999,100,14893.371142
-41482.480019,100,14893.851343
-46848.370064,100,14894.330176
-47776.550011,100,14894.816965
-38927.090023,100,14895.322696
-44454.680012,100,14895.833094
-44568.429939,100,14896.318906
-43261.080021,100,14896.809149
-47170.849991,100,14897.293768
-42528.669983,100,14897.78189
-45516.050014,100,14898.262744
-45028.900043,100,14911.264235
-46556.339966,100,14911.536018
-48187.529995,100,14911.787455
-43889.750088,100,14912.016642
-46968.44006,100,14912.231436
-44556.740017,100,14912.443173
-51176.259949,100,14912.647399
-47033.579956,100,14912.871764
-41827.469959,100,14913.087901
-46236.429981,100,14913.293813
-40387.709961,100,14913.49872
-43908.959976,100,14913.702468
-52878.420029,100,14913.920424
-47441.179981,100,14914.128393
-41435.740059,100,14914.335533
-43779.349945,100,14914.553705
-49665.469986,100,14914.775977
-46112.970001,100,14915.041327
-49281.000004,100,14915.267713
-47123.380051,100,14915.485437
-48009.160015,100,14924.645954
-44687.169945,100,14925.168842
-46111.649971,100,14925.673301
-39620.909966,100,14926.148465
-47286.399998,100,14926.634003
-43289.300014,100,14927.113965
-44493.599998,100,14927.591835
-40411.449997,100,14928.065814
-46906.019962,100,14928.540188
-38106.989975,100,14929.014338
-40511.330101,100,14929.486128
-45083.489948,100,14929.991108
-49190.150047,100,14930.473506
-48234.010105,100,14930.95615
-48673.600044,100,14931.434026
-45594.760014,100,14931.911998
-49943.999924,100,14932.389796
-45350.910072,100,14932.863665
-47973.160023,100,14933.336572
-44327.399979,100,14933.808238
-45959.310005,100,14934.301528
-53570.619915,100,14947.189538
-45300.100002,100,14947.680232
-43579.80003,100,14948.175945
-33027.709999,100,14948.658324
-46829.030071,100,14949.143987
-47983.94001,100,14949.626386
-43104.88995,100,14950.113343
-48650.109978,100,14950.603766
-44692.349998,100,14951.086659
-43163.900013,100,14980.461498
-42083.730026,100,14980.676695
-51496.290047,100,14980.889369
-43947.440006,100,14981.108486
-44492.380001,100,14981.318007
-52040.050049,100,14981.537098
-41690.350014,100,14981.75309
-42166.700062,100,14981.961203
-43437.740005,100,14982.1754
-44635.010044,100,14982.379798
-47128.190022,100,14982.60701
-40140.859985,100,14995.642071
-46701.010033,100,14996.154657
-41588.65995,100,14996.642554
-48592.279987,100,14997.129458
-44870.490028,100,14997.613134
-41151.429989,100,14998.099071
-42815.660011,100,14998.58295
-49732.409954,100,14999.066984
-47785.789963,100,14999.552088
-50877.140003,100,15000.038253
-49632.710091,100,15000.389574
-42113.170036,100,15000.596743
-58303.369984,100,15000.80418
-48226.310001,100,15001.014335
-43905.709988,100,15001.224054
-39952.710114,100,15001.428905
-44082.800133,100,15001.631137
-36839.940056,100,15001.833054
-49848.630024,100,15002.034671
-46671.280022,100,15002.254899
-52093.450035,100,15002.46935
-45319.910004,100,15013.052923
-49723.909981,100,15013.544595
-43840.339996,100,15014.033168
-41088.559929,100,15014.522732
-51800.940014,100,15015.009108
-45615.95005,100,15015.522159
-52529.95005,100,15016.014411
-49568.740005,100,15016.491893
-47730.419964,100,15016.994955
-36729.809986,100,15017.478709
-41606.86998,100,15017.959102
-49518.780025,100,15018.435725
-50821.389969,100,15018.914597
-41989.689968,100,15019.393909
-48639.030006,100,15019.870912
-54191.060055,100,15020.351144
-41327.069965,100,15020.849888
-45196.289997,100,15021.331913
-39450.440041,100,15021.817066
-41035.060028,100,15022.305911
-46928.429985,100,15036.294875
-44473.87006,100,15036.815175
-45409.870022,100,15037.261482
-43312.269978,100,15037.495863
-34257.449955,100,15037.707217
-49780.589981,100,15037.917001
-41985.130005,100,15038.12992
-47889.660004,100,15038.333468
-45273.620029,100,15038.549027
-51774.650028,100,15038.754437
-45864.010025,100,15038.957602
-42702.179928,100,15039.166141
-38678.360012,100,15039.373766
-47915.260021,100,15039.583131
-45577.53001,100,15039.790355
-50547.950027,100,15039.991913
-45408.61002,100,15040.200641
-37689.989944,100,15040.422266
-43266.340057,100,15040.634213
-45505.080025,100,15040.842392
-47399.989979,100,15041.052413
-43548.219955,100,15051.620993
-43146.290012,100,15052.132951
-47864.150017,100,15052.623719
-44004.549973,100,15053.10124
-43084.850033,100,15053.583702
-38668.209953,100,15054.059858
-46950.829926,100,15054.533833
-51938.569992,100,15055.02389
-44932.369946,100,15055.51688
-40811.560047,100,15055.992837
-50725.779999,100,15056.466791
-38682.389984,100,15056.972435
-46365.610035,100,15057.472422
-41687.300102,100,15057.960318
-45905.47995,100,15058.441194
-45846.809959,100,15058.951224
-40792.559971,100,15059.431626
-47296.889988,100,15059.917174
-40170.859974,100,15060.397615
-47026.239948,100,15060.935409
-47535.069965,100,15074.867414
-40662.459972,100,15075.455221
-39372.079975,100,15075.981486
-46905.150013,100,15076.487184
-41143.949951,100,15077.001446
-52304.919975,100,15077.492418
-52549.279953,100,15077.977502
-40550.730026,100,15078.483558
-47581.999992,100,15079.003783
-44200.869953,100,15079.502096
-42468.710022,100,15079.990137
-46980.719994,100,15080.474592
-40496.900013,100,15080.977734
-48488.139973,100,15081.475413
-49646.550007,100,15081.960522
-50827.21003,100,15082.445368
-44296.799992,100,15082.931651
-41010.669991,100,15083.405812
-41526.229996,100,15083.606038
-44247.32996,100,15083.807792
-44674.349972,100,15084.023466
-43269.64999,100,15094.440382
-48884.400074,100,15094.949127
-47124.510063,100,15095.455094
-36856.439972,100,15095.946764
-48588.719975,100,15096.431204
-50950.030022,100,15096.953297
-42350.160057,100,15097.441321
-42672.039982,100,15097.93284
-45105.939964,100,15098.418704
-46980.470047,100,15098.907556
-44090.299946,100,15099.391445
-49135.809998,100,15099.885957
-46286.320045,100,15100.370509
-39379.820019,100,15100.867967
-50666.699989,100,15101.378127
-39654.20005,100,15101.876057
-41608.759964,100,15102.363905
-46337.959972,100,15102.855884
-46891.450062,100,15103.343426
-51623.310093,100,15103.837879
-48226.690056,100,15116.042527
-38504.659954,100,15116.279465
-40750.429924,100,15116.499109
-41063.149967,100,15116.712549
-48654.36002,100,15116.920001
-42300.210014,100,15117.162299
-44209.39999,100,15117.367436
-46895.530006,100,15117.574305
-47984.670013,100,15117.776868
-45237.64003,100,15117.982449
-47019.649952,100,15118.193714
-42484.579964,100,15118.399491
-48423.670063,100,15118.602742
-43803.779949,100,15118.80824
-45022.019962,100,15119.019311
-39107.539993,100,15119.223578
-48039.350052,100,15119.456062
-44526.730053,100,15119.711055
-47220.440067,100,15119.948202
-49994.909946,100,15120.186258
-45316.359985,100,15120.441989
-50949.970131,100,15130.807452
-45896.460003,100,15131.299212
-51797.870033,100,15131.79674
-41391.270027,100,15132.263104
-43316.999973,100,15132.738792
-42435.179981,100,15133.205777
-39923.039993,100,15133.682157
-43162.259983,100,15134.153201
-39679.839951,100,15134.641997
-46293.199997,100,15135.133706
-53020.650021,100,15135.626964
-42821.39003,100,15136.109907
-51196.94001,100,15136.87384
-36512.930073,100,15137.358077
-45874.199993,100,15137.829668
-45265.690052,100,15138.293944
-48028.860062,100,15138.761387
-45597.699989,100,15139.227798
-43161.53009,100,15139.692856
-41838.240002,100,15140.166216
-48576.080112,100,15150.685776
-41898.689972,100,15151.639404
-39130.01004,100,15152.700312
-43555.249985,100,15153.63018
-50429.140049,100,15154.143778
-44492.99004,100,15154.662372
-40110.090031,100,15155.225197
-40494.200016,100,15155.791639
-46569.919964,100,15156.338155
-43726.420071,100,15156.840997
-46970.589996,100,15157.340208
-42469.170033,100,15157.826387
-56983.620018,100,15158.314339
-42582.190025,100,15158.795642
-52393.780029,100,15159.282074
-44854.229935,100,15159.76183
-53790.829926,100,15160.245366
-44200.87001,100,15160.728095
-42513.859962,100,15161.229813
-45125.319965,100,15161.746537
-48612.779999,100,15162.256929
-45195.139957,100,15173.085739
-48802.890057,100,15173.59152
-41790.259968,100,15174.088845
-45523.189983,100,15174.608945
-48153.810047,100,15175.11889
-48582.029968,100,15175.804545
-43836.649982,100,15176.305132
-47025.090061,100,15176.803651
-47994.980011,100,15177.324817
-44665.629978,100,15177.820384
-43142.249973,100,15178.305827
-42981.759998,100,15178.789049
-50356.860016,100,15179.275521
-44384.569969,100,15179.761503
-43123.709995,100,15180.249194
-39421.009933,100,15180.739134
-46691.999977,100,15181.250154
-47360.920017,100,15181.75
-47765.410091,100,15182.239406
-40251.530064,100,15182.729168
-43621.530029,100,15193.481341
-46514.82996,100,15193.9842
-40617.299969,100,15194.294806
-46120.960007,100,15194.933118
-41369.459995,100,15195.622202
-47007.620007,100,15196.056676
-38759.979958,100,15196.283125
-45289.530014,100,15196.567158
-47648.079941,100,15196.92096
-43776.119976,100,15197.214934
-44396.579952,100,15197.442619
-38780.51004,100,15197.65669
-44348.250076,100,15197.86785
-51983.759975,100,15198.091947
-41698.03997,100,15198.302605
-42002.490021,100,15198.516543
-43613.069935,100,15198.727071
-48429.119995,100,15198.937563
-49385.12999,100,15199.16851
-42586.639946,100,15199.38706
-44550.440041,100,15199.601669
-43667.409962,100,15209.023942
-37879.459995,100,15209.515493
-46524.959972,100,15210.003325
-44475.639969,100,15210.489366
-43965.759983,100,15210.978244
-44483.000004,100,15211.4821
-37620.40004,100,15211.969764
-47623.180042,100,15212.464201
-50918.939991,100,15212.950653
-47788.380016,100,15213.436408
-43467.729984,100,15213.923059
-43238.199978,100,15214.408658
-48900.930023,100,15214.919902
-39764.160042,100,15215.428018
-40391.19997,100,15215.91682
-34231.439972,100,15216.412116
-40806.520042,100,15216.905852
-49866.010025,100,15217.391703
-46478.560017,100,15217.879554
-43909.580048,100,15218.365733
-43295.749985,100,15228.392621
-57948.460007,100,15228.89517
-38903.199986,100,15229.382148
-49395.690018,100,15229.870153
-42252.199997,100,15230.356061
-51982.740002,100,15230.850605
-39533.749966,100,15231.335847
-48047.049992,100,15231.830126
-43780.479965,100,15232.320612
-43331.799999,100,15232.822096
-36888.60001,100,15233.315555
-48588.790005,100,15233.805464
-40934.590027,100,15234.290124
-49274.969959,100,15235.180999
-46524.970024,100,15235.477649
-39195.809986,100,15236.063648
-38087.289951,100,15236.795177
-41368.339977,100,15237.110197
-40456.920021,100,15237.75277
-45569.710033,100,15238.184054
-41529.289959,100,15238.506567
-38718.14996,100,15248.358244
-44701.289982,100,15248.584862
-40560.910004,100,15248.795622
-42173.159935,100,15249.01555
-44763.460018,100,15249.232544
-41343.950001,100,15249.448174
-49931.159931,100,15249.657866
-40095.449974,100,15249.863691
-52641.990116,100,15250.075776
-46089.050011,100,15250.283077
-41855.899998,100,15250.50343
-42383.670055,100,15250.718704
-42676.159992,100,15250.930185
-48520.370018,100,15251.142467
-44576.01997,100,15251.363305
-46141.339924,100,15251.577096
-52097.169937,100,15251.78644
-45543.89003,100,15251.991847
-48847.920002,100,15252.202077
-52568.650047,100,15252.429441
-44808.009995,100,15263.02173
-42173.379951,100,15263.519326
-42831.940025,100,15264.008862
-44603.350018,100,15264.486716
-46738.370026,100,15265.000448
-48724.180035,100,15265.499057
-43640.159893,100,15265.994349
-39993.190037,100,15266.49443
-47421.970024,100,15266.988889
-44931.130085,100,15267.472829
-42994.520039,100,15267.954233
-42173.480015,100,15268.434497
-45111.230019,100,15268.909243
-38828.289974,100,15269.38525
-42848.780033,100,15269.869048
-44059.959984,100,15270.350585
-40412.639973,100,15270.853465
-45449.890007,100,15271.33446
-45048.559982,100,15271.834942
-43975.420006,100,15272.315892
-38876.489971,100,15272.801912
-42198.969986,100,15286.999595
-37606.149929,100,15287.52001
-42765.230015,100,15288.025568
-52457.969982,100,15288.512261
-38877.759972,100,15288.997673
-45283.949993,100,15289.480719
-40227.010006,100,15289.964448
-40403.449986,100,15290.483124
-41645.809933,100,15290.977686
-47051.830044,100,15291.468244
-42177.729996,100,15291.958419
-47900.740017,100,15292.443437
-48782.850025,100,15292.935998
-43345.079967,100,15293.422593
-45619.069988,100,15293.90932
-52426.610104,100,15294.401714
-35315.559975,100,15294.904598
-47591.809982,100,15295.413359
-44691.850018,100,15295.910579
-40482.119972,100,15296.394359
-44343.770008,100,15307.74135
-42872.42997,100,15308.240606
-44136.220005,100,15308.733301
-39458.960003,100,15309.22287
-45430.240002,100,15309.73848
-49998.059956,100,15310.229604
-50058.659939,100,15310.715087
-50579.869987,100,15311.205172
-45818.109959,100,15311.70195
-49045.179985,100,15312.187042
-40742.110008,100,15312.686564
-45199.279987,100,15313.185892
-43335.219982,100,15313.661457
-44521.32003,100,15314.138134
-44409.309937,100,15314.609031
-39687.669964,100,15315.101735
-37434.220009,100,15315.598463
-47103.599941,100,15316.076231
-44746.959969,100,15316.550729
-41955.910038,100,15317.037996
-42785.620003,100,15317.513569
-41110.160042,100,15330.089069
-48970.380104,100,15330.584108
-41172.870056,100,15331.05899
-41419.830029,100,15331.554339
-46524.160015,100,15332.035559
-45411.340034,100,15332.511017
-50996.070007,100,15333.004507
-46088.610054,100,15333.485021
-51173.779964,100,15333.964239
-50982.220013,100,15334.442366
-47888.09008,100,15334.926246
-41541.23999,100,15335.4331
-42317.090031,100,15335.915419
-37879.769939,100,15336.411616
-51604.239994,100,15336.893808
-41672.399986,100,15337.379356
-49712.340046,100,15337.858721
-40635.410011,100,15338.332678
-47003.219978,100,15338.813363
-47608.190052,100,15339.288202
-48130.129967,100,15349.990426
-48608.220161,100,15350.223437
-46172.979977,100,15350.453294
-47793.489956,100,15350.707082
-38882.839981,100,15350.93689
-43022.919979,100,15351.169851
-48550.450092,100,15351.397785
-45800.12001,100,15351.623381
-46389.430058,100,15351.849963
-49293.519978,100,15352.076391
-40156.139954,100,15352.298875
-51188.840057,100,15352.520756
-50226.910034,100,15352.747241
-48214.000095,100,15352.975038
-44207.809975,100,15353.208195
-46120.800117,100,15353.438084
-42771.460129,100,15353.664099
-40587.16996,100,15353.893198
-39352.840042,100,15354.122385
-45922.189987,100,15354.343157
-39055.290047,100,15366.509036
-40382.729992,100,15366.734026
-46980.880028,100,15366.94469
-43884.93996,100,15367.159059
-40644.129951,100,15367.365451
-47975.109943,100,15367.57917
-40482.019966,100,15367.790109
-45162.289993,100,15367.996371
-43664.580002,100,15368.222517
-43302.280033,100,15368.437174
-47082.619995,100,15368.641336
-40634.079964,100,15368.840949
-47729.599953,100,15369.04892
-43376.78001,100,15369.259158
-48677.549942,100,15369.468414
-40109.830036,100,15369.673066
-42772.920006,100,15369.873442
-43344.239941,100,15370.079353
-50750.560009,100,15370.318708
-45563.199951,100,15371.466555
-40187.100014,100,15371.6908
-48230.179974,100,15380.341472
-44586.530098,100,15380.569694
-47356.189987,100,15380.785104
-48222.300068,100,15380.999655
-50951.110035,100,15381.210297
-42391.119999,100,15381.422887
-49458.549995,100,15381.641129
-48076.23999,100,15381.859675
-50447.310024,100,15382.06538
-47533.189957,100,15382.270334
-43269.909977,100,15382.481957
-46510.900009,100,15382.689028
-49528.179977,100,15382.894732
-36093.729916,100,15383.099297
-53880.509995,100,15383.308922
-43735.020073,100,15383.527987
-42702.819996,100,15383.740249
-35830.619953,100,15383.946313
-41968.60997,100,15384.153631
-39842.979946,100,15384.353645
-42562.939995,100,15392.610767
-47275.36998,100,15393.113983
-49485.760025,100,15393.604795
-37976.97998,100,15394.103884
-47833.480049,100,15394.585133
-46138.489979,100,15395.075313
-43667.719975,100,15395.570086
-41831.850075,100,15396.052746
-46260.029945,100,15396.528819
-49168.430023,100,15397.004496
-54644.800041,100,15397.479693
-37836.37001,100,15397.954734
-44792.290051,100,15398.425439
-43636.620094,100,15398.902528
-39819.069958,100,15399.437503
-43073.840019,100,15399.920686
-42760.929962,100,15400.400425
-40884.920067,100,15400.886624
-44105.139973,100,15401.370568
-47996.350002,100,15402.038196
-40308.830048,100,15402.595781
-52290.340015,100,15416.897258
-39311.139996,100,15417.139293
-43164.199936,100,15417.373123
-48392.65995,100,15417.623867
-44663.469948,100,15417.85351
-40690.919998,100,15418.077893
-45355.119995,100,15418.29586
-43217.110046,100,15418.526792
-42225.789997,100,15418.748101
-47404.660065,100,15418.970942
-41972.809986,100,15419.191956
-49206.219936,100,15419.414296
-43858.949982,100,15419.641299
-48546.310001,100,15419.872123
-46590.779995,100,15420.093721
-49691.8601,100,15420.316108
-46784.389923,100,15420.552309
-45018.270065,100,15420.798497
-41720.449989,100,15421.103712
-50109.880096,100,15421.591954
-50383.85997,100,15432.627946
-56267.809982,100,15433.133132
-48106.610031,100,15433.629055
-38794.679951,100,15434.12811
-49759.010105,100,15434.64941
-51121.099934,100,15435.144222
-42592.240021,100,15435.642171
-38347.969948,100,15436.134909
-32560.630001,100,15436.6197
-43254.230003,100,15437.10246
-43240.799965,100,15437.585127
-48496.500076,100,15438.061627
-31600.769951,100,15438.543943
-41809.439991,100,15439.033867
-38720.739956,100,15439.517898
-36699.989986,100,15439.996885
-40778.299953,100,15440.472659
-55909.16,100,15440.954154
-41104.709953,100,15482.954177
-46453.75996,100,15483.429391
-40801.250019,100,15483.901792
-41034.270008,100,15498.433852
-50870.299957,100,15498.921265
-40040.249962,100,15499.407734
-44588.359997,100,15499.898378
-49762.209957,100,15500.381007
-48692.289978,100,15500.868484
-43878.559937,100,15501.32139
-35797.870014,100,15501.833905
-47185.929977,100,15502.31993
-37737.919998,100,15502.806145
-43195.680058,100,15503.293787
-46077.259968,100,15503.778948
-46828.270016,100,15504.265871
-43673.730061,100,15504.756311
-40902.269985,100,15505.260711
-44193.700001,100,15505.763893
-44280.899975,100,15506.268394
-48480.440025,100,15506.763984
-42983.719955,100,15507.248251
-48648.859989,100,15507.738595
-44727.44997,100,15518.804005
-41347.490017,100,15519.307784
-46289.080036,100,15519.791978
-41504.329998,100,15520.278532
-42176.240078,100,15520.796175
-41800.759949,100,15521.290486
-52648.250004,100,15521.779667
-35571.400028,100,15522.264256
-40241.269985,100,15522.750154
-42191.269978,100,15523.239884
-40192.149982,100,15523.728734
-46675.880001,100,15524.215969
-51267.500084,100,15524.7045
-43987.110004,100,15525.215984
-39030.619987,100,15525.717487
-41568.02002,100,15526.208935
-46402.309982,100,15526.703541
-36483.45002,100,15527.193151
-52487.57999,100,15527.84752
-46877.189957,100,15528.645424
-34479.089962,100,15529.471363
-44654.830078,100,15541.982032
-44352.079983,100,15542.196341
-42004.920002,100,15542.416526
-46298.690037,100,15542.626754
-48092.20002,100,15542.842219
-46665.609974,100,15543.053136
-43112.849972,100,15543.25658
-49769.430038,100,15543.483832
-46330.359978,100,15543.693789
-49319.009975,100,15543.907647
-42784.949909,100,15544.115956
-54089.690144,100,15544.319818
-41176.940018,100,15544.614126
-41362.339985,100,15544.924557
-43201.92012,100,15545.205222
-45373.520004,100,15545.446028
-48559.570065,100,15545.661709
-43128.330063,100,15545.872712
-42450.110008,100,15546.081556
-47654.840065,100,15546.297587
-34833.059956,100,15555.774728
-44777.439976,100,15556.26538
-42436.599945,100,15556.517131
-45835.110004,100,15556.732516
-52310.320107,100,15556.95205
-39358.809986,100,15557.169234
-40159.559971,100,15557.386206
-45864.339985,100,15557.60677
-47280.639999,100,15557.87445
-42787.809967,100,15558.108094
-47095.589989,100,15558.322001
-44502.310051,100,15558.546378
-44773.939987,100,15558.757771
-40557.319977,100,15558.976518
-52280.139938,100,15559.190255
-49008.210007,100,15559.404215
-44701.870052,100,15559.617471
-48040.849957,100,15559.840313
-50652.020012,100,15560.047335
-45014.919979,100,15560.258142
-48806.400009,100,15560.476869
-43094.060036,100,15573.596622
-44467.749992,100,15574.113438
-40089.820034,100,15574.657109
-50254.190056,100,15575.248457
-41010.159966,100,15575.761625
-42202.870102,100,15576.26359
-40598.409977,100,15576.760798
-44574.579952,100,15577.248812
-41940.080006,100,15577.744617
-48073.620052,100,15578.229969
-48533.299992,100,15578.714695
-43269.58997,100,15579.200706
-45911.129948,100,15579.692861
-50025.370026,100,15580.18379
-51896.799938,100,15580.693504
-50510.169964,100,15581.19711
-42975.959969,100,15581.704105
-41677.419994,100,15582.201171
-41923.630005,100,15582.689051
-43025.779961,100,15583.176232
-45169.070007,100,15593.423357
-39038.329933,100,15593.641573
-42788.249954,100,15593.859842
-46490.849968,100,15594.067431
-45442.520042,100,15594.276736
-44550.520039,100,15594.485013
-40259.729961,100,15594.710428
-43641.219994,100,15594.943311
-46841.72002,100,15595.20684
-50542.010082,100,15595.434433
-41878.280052,100,15595.643965
-49278.739948,100,15595.853777
-48632.520004,100,15596.055179
-47727.689983,100,15596.272993
-46727.579987,100,15596.486
-46397.490078,100,15596.693137
-40889.719975,100,15596.915688
-38347.929985,100,15597.129433
-39870.709946,100,15597.340024
-41956.400051,100,15597.553941
-51177.10006,100,15597.756878
-45845.149994,100,15608.339017
-46165.540024,100,15608.591379
-50954.899952,100,15608.832725
-39815.919994,100,15609.056477
-39694.530025,100,15609.292449
-39955.959988,100,15609.520224
-40137.83997,100,15609.747709
-44972.840057,100,15609.973336
-40147.319973,100,15610.201101
-39078.909973,100,15610.42742
-48153.080059,100,15610.651409
-45177.499985,100,15610.880387
-42250.649967,100,15611.106133
-40563.56995,100,15611.362589
-51507.220081,100,15612.23956
-46334.360027,100,15612.784148
-46212.839993,100,15613.476505
-47319.400017,100,15614.138115
-39444.550034,100,15614.669894
-48063.42997,100,15615.944612
-41125.889919,100,15628.617935
-39856.200008,100,15629.111231
-43403.420025,100,15629.591562
-40571.770081,100,15630.069252
-42551.340084,100,15630.55689
-50142.089996,100,15631.047519
-53754.710106,100,15631.539541
-43661.789967,100,15632.022805
-50179.280045,100,15632.50511
-42685.690075,100,15632.989218
-45661.079948,100,15633.468092
-43976.199966,100,15633.946676
-43148.459969,100,15634.425383
-38474.790024,100,15634.914694
-38306.969978,100,15635.418601
-48145.579952,100,15635.927983
-40504.07996,100,15636.416419
-49838.879967,100,15636.903007
-42792.570049,100,15637.388125
-47383.319958,100,15637.875053
-40475.919952,100,15638.370107
-40261.98,100,15648.90511
-31768.550007,100,15649.393954
-55305.299995,100,15649.880476
-42799.499977,100,15650.370203
-41653.55003,100,15650.855004
-48638.319969,100,15651.346909
-46027.81992,100,15651.835306
-38578.199959,100,15652.333679
-38463.770096,100,15652.824152
-41614.050007,100,15653.312814
-43083.619972,100,15654.33589
-46593.46999,100,15654.888489
-46288.989979,100,15655.674011
-45021.650024,100,15656.446491
-59008.749989,100,15656.716779
-41338.590046,100,15657.029885
-42722.910007,100,15657.283822
-39817.61998,100,15657.524796
-52620.480019,100,15658.02281
-44918.809952,100,15658.313892
-51156.519997,100,15668.997817
-38106.159969,100,15669.499801
-41683.079983,100,15669.986036
-38168.68996,100,15670.471592
-41408.719986,100,15670.982423
-46159.190037,100,15671.470576
-38923.819984,100,15671.974435
-43589.17001,100,15672.457818
-40214.869976,100,15672.945246
-43173.420074,100,15673.432311
-44818.12999,100,15673.925944
-43807.610012,100,15674.407673
-49590.489979,100,15674.890707
-41706.55994,100,15675.397037
-47680.53997,100,15675.908498
-43522.739944,100,15676.399952
-47962.050068,100,15676.887475
-41469.059963,100,15677.383179
-36762.679939,100,15677.867134
-53158.740002,100,15678.355333
-57385.310017,100,15678.840312
-51269.909981,100,15689.334082
-45295.289982,100,15689.827375
-45482.989983,100,15690.313526
-43076.429977,100,15690.806993
-43211.74007,100,15691.318021
-48225.119934,100,15691.810107
-40316.709991,100,15692.299801
-40294.839981,100,15692.787512
-47198.419971,100,15693.27557
-45523.529942,100,15693.765961
-39930.060009,100,15694.257727
-46656.259998,100,15694.75089
-47736.000038,100,15695.251871
-46074.46003,100,15695.751469
-47320.559994,100,15696.670162
-48918.119949,100,15697.350488
-47919.200012,100,15698.042327
-49083.939968,100,15698.766308
-40718.399956,100,15699.419529
-38326.670013,100,15700.031661
-49232.119934,100,15711.127316
-46228.960022,100,15711.353259
-42448.490002,100,15711.571978
-42588.819973,100,15711.802704
-50987.290024,100,15712.020764
-41483.940083,100,15712.235682
-38807.060009,100,15712.445927
-51455.429993,100,15712.650759
-47205.179958,100,15712.867366
-47336.930073,100,15713.0793
-44153.879974,100,15713.289007
-41908.299988,100,15713.500341
-43602.479954,100,15713.700467
-41663.860001,100,15713.915328
-43383.609978,100,15714.12279
-43206.790012,100,15714.337804
-49338.210026,100,15714.612385
-49169.35004,100,15714.922392
-39199.160023,100,15715.210845
-45297.59996,100,15715.427985
-42351.529953,100,15715.641598
-37669.83004,100,15726.880224
-43009.169983,100,15727.396472
-51618.690044,100,15727.890247
-44074.639977,100,15728.378186
-36405.779957,100,15728.862864
-44427.050041,100,15729.349342
-45222.469978,100,15729.835637
-48754.250027,100,15730.322384
-51100.679989,100,15730.820451
-39643.570011,100,15731.310559
-37745.359917,100,15731.802347
-40650.199986,100,15732.287664
-47280.620007,100,15732.778117
-51552.970005,100,15733.265742
-37922.84,100,15733.749303
-45981.370007,100,15734.247763
-39945.85004,100,15734.740937
-40551.130123,100,15735.250597
-44533.559978,100,15735.750597
-39863.659977,100,15736.23679
-52914.369976,100,15749.269919
-41996.990051,100,15749.53831
-42083.829998,100,15749.905164
-45920.130024,100,15750.384988
-48245.449989,100,15750.879595
-50721.529999,100,15751.364236
-38586.109959,100,15751.84695
-42303.929989,100,15752.323069
-50231.130074,100,15752.800305
-38740.790001,100,15753.27749
-43969.879917,100,15753.759315
-44250.139988,100,15754.238165
-41687.179947,100,15754.721148
-48198.940037,100,15755.219767
-48880.279949,100,15755.714256
-44446.11002,100,15756.197223
-37569.029961,100,15756.671573
-41655.859997,100,15757.159404
-37635.069973,100,15757.646902
-44462.449963,100,15758.128669
-47890.290031,100,15758.608981
-43783.269993,100,15768.314865
-36807.920033,100,15768.527021
-47208.809959,100,15768.735081
-44021.570065,100,15768.947926
-46159.839985,100,15769.203325
-49307.430008,100,15769.410593
-40081.200001,100,15769.615777
-40387.960018,100,15769.825262
-42785.160015,100,15770.02658
-39219.529934,100,15770.235876
-45115.980019,100,15770.446261
-47671.469963,100,15770.651786
-45482.35997,100,15770.858294
-48765.730042,100,15771.073491
-48122.23999,100,15771.290945
-44351.800011,100,15771.505981
-43761.830002,100,15771.710447
-38855.810066,100,15771.917783
-46621.079964,100,15772.121733
-46637.129951,100,15772.333669
-46728.809978,100,15786.315198
-44340.509998,100,15786.899617
-55349.800091,100,15787.454404
-47217.14003,100,15787.962501
-40634.419975,100,15788.469905
-49633.499962,100,15788.969212
-43262.749973,100,15789.472605
-45338.83997,100,15789.970595
-48280.580036,100,15790.484952
-48172.750034,100,15791.032193
-44332.320015,100,15791.42919
-45130.300056,100,15791.650687
-49122.339981,100,15791.870697
-47710.889946,100,15792.096843
-45351.920067,100,15792.314366
-41804.949963,100,15792.527896
-35813.52,100,15792.738402
-46203.280025,100,15792.949644
-39479.269997,100,15793.17009
-44435.890015,100,15793.380064
-39784.440006,100,15793.59217
-46086.340107,100,15804.324616
-41787.819973,100,15804.816003
-49474.330002,100,15805.323352
-43759.679974,100,15805.835135
-39902.240036,100,15806.341646
-51885.860073,100,15806.872835
-43273.310001,100,15807.378513
-39536.900017,100,15807.901353
-36699.560047,100,15808.386771
-41594.349926,100,15808.872614
-46088.979984,100,15809.356179
-40729.179993,100,15809.83796
-45917.529991,100,15810.323919
-43195.070004,100,15810.816613
-55339.219975,100,15811.316528
-41722.920036,100,15811.814692
-49014.050011,100,15812.301986
-44975.269985,100,15812.786743
-46518.840023,100,15813.26872
-52265.26004,100,15813.753882
-47384.759991,100,15827.662438
-44423.790001,100,15828.167061
-45555.730053,100,15828.685233
-44799.429955,100,15829.176751
-45428.990032,100,15829.660621
-45411.629971,100,15830.142944
-44841.830017,100,15830.627476
-44155.700005,100,15831.113712
-45190.41,100,15831.595652
-49340.950108,100,15832.093911
-41167.800045,100,15832.614791
-40825.939922,100,15833.128508
-47492.490112,100,15833.617556
-48542.880032,100,15834.124385
-54478.739994,100,15834.609888
-45864.120018,100,15835.112718
-41693.089958,100,15835.618553
-45209.570034,100,15836.107491
-55240.379997,100,15836.594666
-45072.479984,100,15837.084563
-39455.309978,100,15837.564957
-45478.95002,100,15847.720585
-42444.139946,100,15848.22662
-42750.670025,100,15848.718861
-50229.579998,100,15849.207513
-43582.289989,100,15849.695011
-45197.900002,100,15850.183452
-45329.330006,100,15850.671308
-46050.590088,100,15851.158501
-42690.779972,100,15851.648482
-49311.329964,100,15852.137021
-41501.129967,100,15852.630047
-41933.890022,100,15853.121162
-53698.669983,100,15853.60943
-45017.410019,100,15854.096114
-44610.680046,100,15854.582768
-39918.280006,100,15855.082045
-45005.340004,100,15855.574856
-49212.509979,100,15856.066918
-41180.709961,100,15856.558146
-43887.19001,100,15857.050043
-42919.199978,100,15870.1722
-40922.809967,100,15870.669721
-43622.139961,100,15871.164073
-44756.030045,100,15871.653161
-40229.809975,100,15872.140914
-51514.919998,100,15872.634115
-53026.460052,100,15873.126483
-44866.819954,100,15873.624764
-41595.880089,100,15874.18176
-47781.970024,100,15874.704582
-46031.919952,100,15875.259619
-46864.940037,100,15875.775184
-44328.999958,100,15876.270696
-44801.449974,100,15876.771396
-44293.449963,100,15877.266078
-53213.400028,100,15877.763853
-50037.370052,100,15878.276914
-47684.900024,100,15878.761427
-56358.070137,100,15879.238965
-40484.199993,100,15879.70874
-44916.109943,100,15889.393169
-48998.249947,100,15889.90131
-47814.819992,100,15890.394096
-42404.529968,100,15890.879341
-48354.349941,100,15891.368069
-54487.569988,100,15891.853666
-43435.519993,100,15892.338686
-50353.049965,100,15892.821999
-42901.429985,100,15893.306856
-35110.899979,100,15893.791028
-50271.470085,100,15894.274986
-40663.789951,100,15894.761952
-45458.770012,100,15895.277945
-38224.089977,100,15895.774259
-51120.399998,100,15896.262161
-41676.959965,100,15896.745944
-43961.049976,100,15897.231773
-38141.39996,100,15897.726208
-49258.879971,100,15898.224328
-34156.889973,100,15898.722521
-39510.999981,100,15899.208531
-41541.919994,100,15912.24816
-48984.500027,100,15912.746166
-50343.509983,100,15913.269561
-41054.310043,100,15913.765676
-42381.289997,100,15914.255533
-45342.38007,100,15914.762216
-43726.850002,100,15915.81899
-42264.149979,100,15916.319338
-41116.239937,100,15916.818575
-51477.009964,100,15917.310377
-47806.610104,100,15917.815995
-38570.129967,100,15918.323648
-43114.350113,100,15918.818183
-44555.180035,100,15919.305377
-40009.089954,100,15919.799488
-43218.229954,100,15920.286392
-44513.540035,100,15920.784818
-46741.699963,100,15921.277106
-39448.030029,100,15921.773069
-47115.900024,100,15922.259491
-45123.080086,100,15932.91737
-45583.699982,100,15933.446672
-45054.169998,100,15933.932825
-50095.090023,100,15934.419361
-43960.419964,100,15934.906165
-36706.079967,100,15935.411523
-47469.100071,100,15935.900359
-43413.530071,100,15936.394685
-38692.500111,100,15936.879493
-51326.820049,100,15937.368885
-42155.420025,100,15937.852959
-50262.310066,100,15938.382021
-43873.01004,100,15938.877214
-41068.509933,100,15939.365233
-46310.749943,100,15939.857023
-44481.339947,100,15940.339921
-41355.429993,100,15940.829771
-39884.580013,100,15941.320974
-55534.170044,100,15941.811109
-52509.629951,100,15942.294371
-48139.080025,100,15942.782261
-40678.099937,100,15956.793921
-41820.329941,100,15957.308146
-50453.450035,100,15957.819217
-43995.159962,100,15958.319504
-54587.509975,100,15958.806899
-44689.379959,100,15959.290719
-48134.859966,100,15959.773873
-48292.190029,100,15960.255677
-53915.349983,100,15960.747802
-50212.240028,100,15961.229108
-46969.970062,100,15961.715732
-51558.920006,100,15962.195598
-50301.019928,100,15962.677439
-50621.36005,100,15963.16118
-41206.460022,100,15963.641794
-42842.679989,100,15964.150723
-42369.019966,100,15964.640439
-41028.230038,100,15965.129915
-43880.180004,100,15965.63561
-41402.519974,100,15966.120238
-44060.379993,100,15977.323246
-44919.179955,100,15977.830856
-49052.560009,100,15978.321034
-37670.970024,100,15978.818914
-41794.360092,100,15979.325121
-44607.690022,100,15979.812684
-46535.000053,100,16013.685201
-46790.590054,100,16014.177356
-43041.699989,100,16014.673043
-46260.479969,100,16015.176334
-43191.370007,100,16015.686184
-45581.199997,100,16016.175259
-48583.330002,100,16016.664395
-41076.559986,100,16017.150942
-48361.489964,100,16017.647128
-47577.100029,100,16018.134749
-49291.480042,100,16018.633524
-47831.989948,100,16019.131846
-43797.009991,100,16019.640628
-53615.230095,100,16020.131485
-42323.889961,100,16020.626662
-43516.819996,100,16033.014251
-46200.989986,100,16033.552716
-44707.450024,100,16034.107073
-49872.11005,100,16034.706368
-41009.140079,100,16035.226741
-43892.790066,100,16035.715994
-50572.480015,100,16036.188579
-48519.630074,100,16036.657563
-40435.949944,100,16037.145425
-36881.000023,100,16037.655545
-50593.119984,100,16038.127955
-45047.510014,100,16038.601494
-43149.119965,100,16039.090203
-50363.320145,100,16039.564426
-50411.119972,100,16040.059034
-38458.859936,100,16040.564023
-45312.979958,100,16041.055773
-43609.600014,100,16041.527697
-45914.91,100,16042.018994
-48192.620037,100,16042.49131
-49828.399998,100,16052.310127
-42978.02,100,16052.527955
-39744.949944,100,16052.733202
-43426.000019,100,16052.943336
-49826.219929,100,16053.148865
-48783.719971,100,16053.354371
-49770.529945,100,16053.5599
-45933.410076,100,16053.765386
-46196.540009,100,16053.970706
-44666.699978,100,16054.17084
-56604.710026,100,16054.378541
-48986.43998,100,16054.622092
-46399.230007,100,16054.869471
-48482.829948,100,16055.117926
-48808.290146,100,16055.364597
-41929.979939,100,16055.606598
-42818.520039,100,16055.828936
-44779.51009,100,16056.036498
-40305.629929,100,16056.248874
-55721.640057,100,16056.463881
-46031.88998,100,16056.679859
-46746.789959,100,16067.376738
-40641.239975,100,16067.595893
-40794.270012,100,16067.81146
-44563.799973,100,16068.024594
-53234.839962,100,16068.238125
-46060.959953,100,16068.45335
-49449.930035,100,16068.667931
-42719.229958,100,16068.886963
-41045.50996,100,16069.107969
-39639.810104,100,16069.315609
-42397.960079,100,16069.533754
-49716.140053,100,16069.755159
-37226.269962,100,16069.967757
-40286.739971,100,16070.183377
-55985.80999,100,16070.393665
-35662.899971,100,16070.663067
-37169.139954,100,16071.635189
-48709.950043,100,16072.341708
-47596.990025,100,16072.647037
-50704.470013,100,16073.192525
-45609.49004,100,16084.405505
-45696.720051,100,16084.908836
-44310.200001,100,16085.41192
-47300.490021,100,16085.905957
-47515.930107,100,16086.409193
-42269.979992,100,16086.89882
-43697.599995,100,16087.385477
-49088.600002,100,16087.880397
-43916.609955,100,16088.367408
-41788.570057,100,16088.859213
-50645.04995,100,16089.36113
-47504.070034,100,16089.848714
-46614.209991,100,16090.332753
-49449.36002,100,16090.827043
-48531.44997,100,16091.312425
-39317.22998,100,16091.804998
-44281.669987,100,16092.291953
-45015.759983,100,16092.784146
-54221.640053,100,16093.270907
-44817.489998,100,16093.757735
-44010.260033,100,16094.242465
-31808.45998,100,16104.033889
-41129.920082,100,16104.246431
-43921.779984,100,16104.461866
-39284.609951,100,16104.693039
-46390.109997,100,16104.91164
-44429.57,100,16105.138627
-49620.430054,100,16105.387157
-40361.990086,100,16105.609535
-51260.150009,100,16105.822769
-41275.590054,100,16106.031864
-41057.62001,100,16106.237114
-42497.429981,100,16106.453049
-44404.180042,100,16106.660286
-53673.440037,100,16106.865351
-45338.440029,100,16107.077685
-47522.929958,100,16107.29152
-45802.030006,100,16107.512825
-43472.860027,100,16107.722166
-40746.389996,100,16107.932724
-41632.399986,100,16108.14718
-42913.349976,100,16120.29087
-48197.980129,100,16120.789937
-38241.759972,100,16121.276572
-52919.390015,100,16121.762034
-46934.040085,100,16122.247481
-45147.049957,100,16122.731383
-50954.369965,100,16123.243122
-43207.720055,100,16123.757728
-46925.060013,100,16124.268033
-46151.799988,100,16124.767912
-46924.490021,100,16125.273155
-43155.83997,100,16125.773873
-45662.820038,100,16126.273532
-42966.27005,100,16126.772596
-43980.329971,100,16127.272549
-38184.829987,100,16127.768949
-37770.340012,100,16128.256515
-41965.440048,100,16128.744798
-41295.689957,100,16129.235
-45009.310005,100,16129.728667
-47751.279995,100,16130.220215
-41622.069977,100,16138.540655
-42332.619961,100,16138.756549
-44551.09,100,16138.982974
-40669.799961,100,16139.215578
-43449.660004,100,16139.456858
-43745.359974,100,16139.682498
-44169.159996,100,16139.901477
-42866.859974,100,16140.119778
-46173.520054,100,16140.355064
-44089.999992,100,16140.583643
-45981.370068,100,16140.793907
-40364.879993,100,16141.009887
-43636.93998,100,16141.215943
-36555.359997,100,16141.44077
-53276.59005,100,16141.690429
-41368.200001,100,16141.906184
-47992.479958,100,16142.126169
-48026.740005,100,16142.341046
-43237.309956,100,16142.55582
-49227.720081,100,16142.766185
-58098.850044,100,16152.237135
-44720.869987,100,16152.477804
-43145.829987,100,16152.708943
-47411.109982,100,16152.93133
-44149.040092,100,16153.15772
-40756.569984,100,16153.382785
-39980.100021,100,16153.608923
-47547.960041,100,16153.846087
-44290.469971,100,16154.616082
-46860.509983,100,16155.460935
-39965.770023,100,16156.026484
-40402.679958,100,16156.928206
-41167.48003,100,16157.385366
-41973.129997,100,16157.707163
-45308.419987,100,16157.965885
-41383.279961,100,16158.234925
-50675.469929,100,16158.592895
-42847.360058,100,16158.901141
-43832.429985,100,16159.137201
-53021.070091,100,16159.481305
-47379.300003,100,16159.742763
-38049.639957,100,16168.402074
-48604.940067,100,16168.639791
-44566.78997,100,16168.86724
-41270.469959,100,16169.094862
-38839.479958,100,16169.329446
-38529.470024,100,16169.552922
-41324.640022,100,16169.93431
-45244.120037,100,16170.409502
-44072.129982,100,16170.887068
-52220.280006,100,16171.361362
-45006.349987,100,16171.835564
-44354.689991,100,16172.311354
-41978.759949,100,16172.792935
-46875.990017,100,16173.266394
-46955.5,100,16173.741492
-42212.870003,100,16174.217394
-43164.519993,100,16174.693337
-41780.059998,100,16175.185314
-46466.130043,100,16175.680906
-45938.849991,100,16176.156841
-46011.73,100,16185.096707
-45283.729958,100,16185.613756
-45723.73003,100,16186.112961
-48328.04998,100,16186.59776
-41985.409958,100,16187.105598
-45632.350037,100,16187.588264
-52826.030102,100,16188.067443
-51948.530121,100,16188.549145
-43305.379974,100,16189.025106
-46525.040138,100,16189.504911
-48401.409977,100,16190.005612
-43802.510006,100,16190.486493
-47021.93,100,16190.966926
-42033.469975,100,16191.445345
-40703.239979,100,16191.922544
-45488.450001,100,16192.397266
-45223.430096,100,16192.879924
-41719.850033,100,16193.354322
-51671.180023,100,16193.831246
-45131.849968,100,16194.306231
-40296.340004,100,16194.790054
-42908.489925,100,16207.583004
-50349.790066,100,16208.104078
-45291.819969,100,16208.616743
-46009.429974,100,16209.158584
-54221.209969,100,16209.651572
-50697.919975,100,16210.139023
-43041.18,100,16210.630298
-34450.57,100,16211.112075
-49942.180058,100,16211.608532
-41894.679974,100,16212.09991
-38507.699966,100,16212.612043
-44816.350079,100,16213.081444
-47770.979946,100,16213.574758
-42016.900002,100,16214.052914
-42895.060009,100,16214.52616
-39696.55003,100,16215.003691
-45443.379993,100,16215.499223
-40184.679981,100,16215.976821
-42933.839966,100,16216.450023
-47821.490028,100,16216.927693
-43009.31004,100,16226.00479
-48021.290009,100,16226.494458
-40560.719978,100,16226.976327
-40779.419998,100,16227.449575
-42452.720043,100,16227.932178
-45271.77002,100,16228.409431
-45564.700012,100,16228.909698
-42847.620029,100,16229.387861
-38620.319984,100,16229.896785
-51096.44009,100,16230.375054
-45609.5401,100,16230.860848
-39344.580002,100,16231.337247
-49085.329967,100,16231.821682
-44696.530067,100,16232.299791
-47804.939957,100,16232.778429
-56119.120003,100,16233.253697
-39564.820072,100,16233.73454
-47935.71999,100,16234.214848
-41970.329994,100,16234.693811
-42661.620029,100,16235.192257
-49720.75008,100,16235.682165
-43944.580009,100,16246.922904
-43255.179962,100,16247.146117
-45227.699986,100,16247.357383
-35863.14999,100,16247.576933
-42687.049992,100,16247.784195
-43949.250023,100,16247.989204
-42906.189968,100,16248.207612
-45840.280045,100,16248.419218
-45118.600006,100,16248.635436
-45253.390079,100,16248.88138
-37913.249969,100,16249.132437
-36315.720005,100,16249.366116
-39282.579964,100,16249.644207
-48067.619907,100,16250.125059
-45467.639996,100,16250.609777
-46254.550026,100,16251.078951
-43404.319996,100,16251.550423
-47067.269974,100,16252.021865
-40930.870007,100,16252.501236
-49142.720036,100,16252.973159
-46869.799946,100,16262.709559
-47924.399933,100,16263.203083
-46069.48996,100,16263.708325
-37260.89999,100,16264.182553
-44799.649979,100,16264.664614
-39515.59005,100,16265.162788
-47936.180061,100,16265.664202
-43368.63007,100,16266.142038
-48948.299931,100,16266.616615
-48972.439987,100,16267.098583
-36530.409973,100,16267.575658
-45064.899971,100,16268.052591
-51119.820042,100,16268.524507
-41778.87994,100,16269.001993
-50264.889977,100,16269.475949
-43717.979965,100,16269.968344
-51614.459999,100,16270.445418
-42985.229965,100,16270.943751
-39433.75,100,16271.418961
-47078.739998,100,16271.897485
-42541.999935,100,16272.369055
-42185.259964,100,16283.627199
-42233.42001,100,16284.177732
-39697.789974,100,16284.831721
-40317.569965,100,16285.397977
-47428.300053,100,16285.903241
-44089.310001,100,16286.38393
-47851.78997,100,16286.860027
-51501.729942,100,16287.338828
-41814.98996,100,16287.813739
-48736.519955,100,16288.286993
-46944.069973,100,16288.759971
-42799.850037,100,16289.234902
-48023.609993,100,16289.704782
-36864.960022,100,16290.188086
-48524.740063,100,16290.690395
-55966.480095,100,16291.214226
-43666.859955,100,16291.704538
-43064.099991,100,16292.18059
-53926.199986,100,16292.656263
-50155.339954,100,16293.129952
-46566.320015,100,16302.603799
-52259.520054,100,16303.091216
-46207.570053,100,16303.574761
-46441.399956,100,16304.047778
-43124.780106,100,16304.522443
-40654.130013,100,16305.012341
-41628.870003,100,16305.507648
-43890.770054,100,16305.987834
-44419.440033,100,16306.485629
-44927.750011,100,16306.975733
-32770.869995,100,16307.455789
-45411.27005,100,16307.948076
-45806.230087,100,16308.425572
-48639.690083,100,16308.904891
-49209.630032,100,16309.376581
-43877.109947,100,16309.861024
-38214.65995,100,16310.343002
-51967.569965,100,16310.833518
-42813.539951,100,16311.320057
-46038.550011,100,16311.804435
-41622.930023,100,16312.278417
-37771.740025,100,16323.608681
-38360.389935,100,16324.476484
-40021.089966,100,16325.006305
-44910.269981,100,16325.520985
-45220.450069,100,16326.099713
-44777.939972,100,16326.676851
-47399.640022,100,16327.281451
-44764.889999,100,16327.786133
-49593.069954,100,16328.27179
-47531.969967,100,16328.759128
-44813.739922,100,16329.243029
-47098.080013,100,16329.730223
-52478.849983,100,16330.226042
-46394.649982,100,16330.718891
-49262.340027,100,16331.216853
-50506.240032,100,16331.707987
-45243.089954,100,16332.207198
-38058.39011,100,16332.72276
-39065.879993,100,16333.226973
-48475.720039,100,16333.714513
-42158.159985,100,16343.227117
-38510.339954,100,16343.715337
-44281.02002,100,16344.193056
-47815.220089,100,16344.672524
-44416.190018,100,16345.168657
-51347.750038,100,16345.666365
-45181.649986,100,16346.147156
-39938.180008,100,16346.630826
-36710.549934,100,16347.115639
-40496.609955,100,16347.596584
-46145.039982,100,16348.083563
-42757.440022,100,16348.569916
-41663.719963,100,16349.064653
-40073.769978,100,16349.548009
-47755.380051,100,16350.028466
-48171.089958,100,16350.542937
-49172.080059,100,16351.024637
-45685.910042,100,16351.539523
-44262.489983,100,16352.031754
-49118.669998,100,16352.519986
-43630.920055,100,16353.009224
-38293.339958,100,16363.372144
-47881.449959,100,16363.823186
-43385.250042,100,16364.088343
-46298.559998,100,16364.662118
-47492.040001,100,16365.070652
-46362.629997,100,16366.134485
-40788.939987,100,16366.644047
-45497.469986,100,16367.273577
-45874.649975,100,16367.611182
-45279.799992,100,16367.889752
-46418.280003,100,16368.155116
-40225.92004,100,16368.373345
-45401.809982,100,16368.585188
-44906.110107,100,16368.788997
-43557.29995,100,16369.000613
-33479.44001,100,16369.203321
-41300.139992,100,16369.407218
-39497.96999,100,16369.609738
-50944.410019,100,16369.815091
-37638.97002,100,16370.027762
-32671.799992,100,16380.04596
-45562.100044,100,16380.560386
-52705.470013,100,16381.050573
-47760.530022,100,16381.543879
-39352.869991,100,16382.050992
-47012.309978,100,16382.546582
-41723.449944,100,16383.032952
-45242.090015,100,16383.517003
-45406.32999,100,16384.002729
-40540.88995,100,16384.481781
-43239.529964,100,16384.974331
-38309.879986,100,16385.480114
-45145.159969,100,16385.973563
-44061.119965,100,16386.464124
-41985.139999,100,16386.952571
-40727.740005,100,16387.442157
-41999.459976,100,16387.932805
-43438.369949,100,16388.420642
-31760.129967,100,16388.905347
-43314.429993,100,16389.411072
-47404.939957,100,16401.385491
-41593.559971,100,16401.933656
-43303.220009,100,16402.44308
-55851.380032,100,16402.940234
-44884.250042,100,16403.43824
-38778.409973,100,16403.935901
-48389.890018,100,16404.420219
-44349.870029,100,16404.91311
-46958.980026,100,16406.024763
-39264.519978,100,16406.575729
-48381.169994,100,16407.476675
-47610.929966,100,16408.083842
-47677.790035,100,16408.319432
-41854.629971,100,16408.55202
-42126.189968,100,16408.781616
-47685.599991,100,16409.037266
-42450.799973,100,16409.751142
-50938.800064,100,16410.366799
-39011.019947,100,16410.881731
-42998.199932,100,16411.374465
-34127.549984,100,16411.865544
-46476.370068,100,16423.308299
-40239.559967,100,16423.800918
-48651.270077,100,16424.282707
-45067.960014,100,16424.771557
-49677.38002,100,16425.275154
-42059.710033,100,16425.774174
-38939.689957,100,16426.257639
-44952.279999,100,16426.739747
-51349.530037,100,16427.226704
-41618.749996,100,16427.711384
-44862.979923,100,16428.199241
-40025.309986,100,16428.682751
-43946.509979,100,16429.164553
-42778.669998,100,16429.645847
-42065.620029,100,16430.125385
-40235.169991,100,16430.612079
-48604.269936,100,16431.103899
-47176.410057,100,16431.592058
-40676.799992,100,16432.086494
-45848.590015,100,16432.573234
-44153.55999,100,16441.98105
-43460.040005,100,16442.495642
-53989.429996,100,16442.988949
-43123.199966,100,16443.473599
-49139.090073,100,16443.960256
-49114.099964,100,16444.448675
-44366.320011,100,16444.945672
-48322.009964,100,16445.450472
-40745.00996,100,16445.954508
-40415.789959,100,16446.446983
-47480.309994,100,16447.123622
-39131.709965,100,16447.925377
-44109.719959,100,16449.083858
-45040.580036,100,16449.667016
-43370.459972,100,16450.278705
-49084.680058,100,16451.311393
-38538.439972,100,16451.921461
-46602.419888,100,16452.183114
-58672.040039,100,16452.428794
-43006.220062,100,16452.662525
-41539.099998,100,16452.892801
-48720.010071,100,16463.897479
-48347.510029,100,16464.389225
-45017.47998,100,16464.892216
-48478.299965,100,16465.392122
-39929.969959,100,16465.883479
-42185.73,100,16466.369167
-51036.740025,100,16466.857408
-44087.719971,100,16467.360003
-45715.099998,100,16467.855071
-46453.059978,100,16468.345754
-46745.109985,100,16468.836357
-48449.490063,100,16469.322493
-41184.869972,100,16469.808101
-49646.93996,100,16470.292977
-50671.029987,100,16503.360064
-45763.489979,100,16503.583793
-50808.910126,100,16503.805025
-36286.070015,100,16504.026572
-45213.459991,100,16504.248435
-41897.709942,100,16504.507883
-47211.630028,100,16515.54136
-47402.460033,100,16516.046514
-45435.769966,100,16516.535806
-41259.009956,100,16517.017453
-44937.179955,100,16517.499485
-36814.230015,100,16517.982958
-42087.760044,100,16518.462907
-45076.060024,100,16518.948717
-44161.870029,100,16519.441768
-41377.939953,100,16519.934771
-58037.370087,100,16520.418754
-46981.910019,100,16520.952955
-43095.54995,100,16521.43335
-38312.380058,100,16521.914555
-41320.559975,100,16522.387866
-40778.810043,100,16522.87555
-44797.579967,100,16523.351313
-54736.339996,100,16523.840873
-50907.07999,100,16524.319222
-45678.93996,100,16524.803711
-39746.169991,100,16525.308054
-46154.959984,100,16538.819541
-47983.970028,100,16539.321715
-42932.91008,100,16539.806437
-42544.689995,100,16540.292757
-40528.759995,100,16540.792585
-40839.400059,100,16541.319881
-52559.020054,100,16541.847164
-45652.240009,100,16542.352004
-43700.709949,100,16542.843549
-41386.549999,100,16543.332925
-53969.210011,100,16543.818464
-48054.359985,100,16544.316065
-49751.750092,100,16544.804456
-54895.280056,100,16545.309487
-46153.709988,100,16545.801245
-45122.350025,100,16546.287971
-45272.900021,100,16546.7779
-46802.050041,100,16547.265147
-45222.649998,100,16547.749694
-44268.900047,100,16548.234138
-53017.860012,100,16557.72496
-40461.180019,100,16558.231979
-48670.17997,100,16558.72663
-41791.819973,100,16559.214009
-41892.979992,100,16559.703187
-46386.699978,100,16560.190001
-41704.569981,100,16560.675343
-47383.850021,100,16561.174102
-36231.930012,100,16561.674395
-37648.580051,100,16562.160147
-43667.860035,100,16562.663002
-50689.369999,100,16563.152508
-44133.359966,100,16563.630927
-47010.149944,100,16564.108674
-41529.54998,100,16564.585087
-48184.120007,100,16565.081048
-49271.890087,100,16565.578488
-43970.429939,100,16566.057504
-49138.420002,100,16566.538112
-44608.149994,100,16567.028988
-49969.089996,100,16567.519902
-42242.520016,100,16579.561891
-52112.990013,100,16580.051196
-45964.589989,100,16580.538014
-44680.219975,100,16581.029473
-39960.010036,100,16581.525611
-43638.799976,100,16582.008661
-40808.31002,100,16582.511344
-45948.139984,100,16583.03638
-43329.299938,100,16583.55372
-46998.299953,100,16584.05094
-45062.08997,100,16584.555766
-39957.690018,100,16585.045544
-42368.419949,100,16585.551837
-43837.570015,100,16586.03926
-42176.54007,100,16586.527992
-37546.560009,100,16587.01505
-48082.699963,100,16587.507988
-43382.099995,100,16587.99314
-43077.68005,100,16588.494024
-48379.599998,100,16588.984836
-50364.440022,100,16599.24945
-46177.799988,100,16599.49172
-36023.920052,100,16599.724491
-39655.219944,100,16599.948783
-50698.520096,100,16600.175009
-37930.19997,100,16600.397637
-43105.889957,100,16600.623126
-50942.280067,100,16600.850538
-41630.389977,100,16601.071573
-44444.959938,100,16601.294905
-48235.449993,100,16601.521882
-49493.740036,100,16601.778724
-38979.479969,100,16602.029652
-49749.859997,100,16602.502147
-47128.750042,100,16602.977008
-42954.120022,100,16603.451433
-43725.350067,100,16603.920958
-42738.700005,100,16604.460028
-42071.030014,100,16604.978872
-46645.61998,100,16605.473585
-42608.770115,100,16605.955075
-45496.290016,100,16618.571835
-45620.249989,100,16619.14058
-47836.369991,100,16619.628614
-50981.320019,100,16620.114934
-43918.439999,100,16620.602988
-50676.549965,100,16621.10695
-43480.469994,100,16621.594469
-53101.499989,100,16622.098667
-49004.410027,100,16622.594248
-43974.980011,100,16623.080316
-46944.56995,100,16623.566264
-44361.52005,100,16624.059581
-47853.33004,100,16624.570676
-48703.389988,100,16625.10386
-50891.930065,100,16625.615608
-37078.090008,100,16626.105496
-47285.360001,100,16626.593337
-43964.80999,100,16627.079146
-50710.110027,100,16627.570693
-45618.650055,100,16628.055598
-48666.810047,100,16637.418304
-48412.549995,100,16637.917671
-44312.200043,100,16638.401905
-41974.940014,100,16638.892537
-44899.279949,100,16639.380637
-44333.629971,100,16639.872816
-45657.099995,100,16640.364748
-44027.730007,100,16640.861331
-45732.799995,100,16641.345675
-50436.750076,100,16641.843967
-42000.400024,100,16642.337128
-50315.950001,100,16642.828086
-42603.119991,100,16643.314644
-33912.689983,100,16643.775041
-50086.579979,100,16644.237746
-48172.299927,100,16644.709262
-44570.539982,100,16645.20012
-40953.559967,100,16645.686002
-46267.05003,100,16646.153256
-37842.699982,100,16646.620891
-50461.790031,100,16647.091109
-41904.779984,100,16659.501163
-46572.699955,100,16660.114911
-39145.859947,100,16660.718429
-43778.889927,100,16661.223158
-47593.559963,100,16661.709508
-43097.539963,100,16662.217307
-41581.78997,100,16662.70397
-44264.859997,100,16663.192108
-53547.899971,100,16663.694886
-40312.239948,100,16664.184007
-42158.649963,100,16664.668629
-47772.030056,100,16665.163084
-46153.180061,100,16665.670453
-40630.140018,100,16666.177367
-50053.540005,100,16666.68394
-48563.12009,100,16667.178524
-47927.05003,100,16667.663872
-39802.469978,100,16668.179424
-51682.880016,100,16668.667865
-42127.969963,100,16669.168059
-44688.820023,100,16680.690016
-48191.220013,100,16680.908833
-43689.599949,100,16681.120311
-40551.809982,100,16681.324869
-42870.710033,100,16681.557233
-48678.279995,100,16681.764712
-43308.169952,100,16681.990072
-42236.56002,100,16682.194972
-44154.820023,100,16682.407735
-46388.240002,100,16682.617807
-46122.58004,100,16682.824241
-49099.450073,100,16683.045793
-54209.460056,100,16683.250025
-48324.190056,100,16683.456192
-51882.300037,100,16683.663845
-44221.040077,100,16683.878682
-45231.629974,100,16684.085717
-48419.179974,100,16684.288964
-52120.670063,100,16684.540906
-38181.539932,100,16684.844018
-56395.229977,100,16685.150243
-46532.500053,100,16695.591193
-51041.520023,100,16696.08303
-41711.340015,100,16696.770705
-46795.350132,100,16697.307755
-50170.16,100,16697.560187
-38937.040012,100,16697.901741
-42064.04995,100,16698.749425
-49336.040039,100,16699.725443
-44549.689957,100,16700.256684
-46088.830009,100,16700.781735
-40970.870083,100,16701.312842
-43595.750031,100,16701.795575
-45634.949936,100,16702.281118
-45074.089996,100,16702.766878
-52648.96006,100,16703.24438
-44448.029972,100,16703.721059
-43192.269974,100,16704.197953
-42378.490021,100,16704.683665
-46897.970024,100,16705.177224
-43002.169968,100,16705.67308
-43498.040009,100,16716.394994
-48365.770065,100,16716.621196
-54966.230003,100,16716.843005
-44650.619926,100,16717.075622
-43389.380009,100,16717.29761
-44444.299992,100,16717.512862
-49731.929996,100,16717.723226
-49464.449947,100,16717.930434
-41045.589947,100,16718.144614
-51751.739986,100,16718.355428
-44404.740028,100,16718.568224
-43738.820015,100,16718.773669
-39613.970097,100,16718.97769
-50437.600002,100,16719.179528
-43119.490009,100,16719.388889
-42894.979973,100,16719.599845
-45222.300053,100,16719.800476
-44090.980057,100,16720.002436
-54485.989983,100,16720.202206
-45543.540092,100,16720.415125
-49807.239971,100,16720.621253
-47873.360001,100,16730.094109
-46225.559967,100,16730.582942
-47462.60997,100,16731.067058
-53240.099979,100,16731.554831
-50204.879936,100,16732.043558
-43455.839981,100,16732.535153
-40282.14999,100,16733.061791
-35429.909958,100,16733.548584
-41944.249969,100,16734.034492
-47513.670036,100,16734.523857
-35189.770023,100,16735.019167
-44175.550049,100,16735.522527
-43347.68998,100,16736.0119
-49051.51001,100,16736.497672
-47766.819988,100,16736.993243
-46899.609982,100,16737.484674
-45529.970016,100,16737.97086
-48061.030003,100,16738.606692
-53105.550041,100,16739.339454
-45597.069927,100,16740.36313
-44754.809975,100,16752.47487
-47896.509979,100,16752.70872
-41555.199966,100,16752.939787
-40025.500008,100,16753.164855
-47594.599998,100,16753.397249
-40205.019997,100,16753.624303
-37274.690025,100,16753.847124
-47199.980011,100,16754.067521
-37603.599926,100,16754.328906
-45823.110001,100,16754.55955
-44180.569958,100,16754.793476
-47307.53001,100,16755.036091
-40345.539974,100,16755.305586
-47849.499985,100,16755.54239
-44718.199974,100,16755.770649
-44430.139927,100,16755.990993
-49579.219994,100,16756.214758
-47578.539967,100,16756.441117
-46170.690037,100,16756.664643
-43244.889999,100,16756.887369
-45356.10004,100,16757.113572
-48249.809959,100,16766.695637
-41807.800026,100,16766.920261
-47961.299969,100,16767.133459
-42079.85004,100,16767.350026
-42579.889992,100,16767.579173
-42893.45002,100,16767.790563
-39465.070038,100,16768.002352
-41440.429928,100,16768.218828
-47511.320045,100,16768.429335
-46400.110001,100,16768.644753
-42880.780006,100,16768.861161
-37570.109993,100,16769.073161
-40512.239994,100,16769.280643
-42545.210041,100,16769.512826
-50681.860012,100,16769.724746
-47572.140087,100,16769.932064
-46060.170044,100,16770.155866
-44290.889999,100,16770.363035
-50486.010044,100,16770.577399
-41242.770046,100,16770.791484
-50013.709961,100,16782.652765
-44772.830048,100,16783.046131
-45461.869949,100,16783.305019
-46346.170006,100,16783.548984
-49318.470043,100,16783.761606
-53505.820053,100,16783.97749
-43932.510033,100,16784.334889
-41270.819946,100,16784.810338
-43526.559937,100,16785.393435
-45006.469952,100,16785.805146
-48412.869987,100,16786.108005
-50321.460087,100,16786.370605
-38181.179955,100,16786.602023
-48877.779984,100,16786.818526
-43425.059948,100,16787.031519
-39813.479992,100,16787.250801
-43147.540012,100,16787.46425
-38870.919952,100,16787.673814
-43100.209995,100,16787.881817
-46407.990078,100,16788.091026
-47736.390095,100,16788.310397
-52481.030022,100,16799.70634
-40304.67009,100,16800.200079
-42698.310024,100,16800.685889
-44840.260025,100,16801.187041
-48177.590099,100,16801.673405
-47732.010006,100,16802.16543
-38799.779938,100,16802.662997
-48940.279964,100,16803.156018
-45119.859951,100,16803.648804
-38799.689934,100,16804.134879
-44112.839973,100,16804.619651
-45900.900047,100,16805.122001
-49123.850033,100,16805.627871
-43023.19997,100,16806.119185
-53164.829971,100,16806.608105
-41168.34996,100,16807.103352
-46463.469952,100,16807.602948
-42290.370102,100,16808.097124
-44064.840099,100,16808.599552
-38720.870003,100,16809.100543
-43183.900021,100,16816.791389
-48461.010071,100,16817.034048
-42667.770023,100,16817.248439
-46393.490044,100,16817.459639
-44304.500034,100,16817.663788
-38893.670139,100,16817.876995
-44265.890045,100,16818.084183
-51114.690014,100,16818.290916
-44155.389992,100,16818.501745
-39973.139954,100,16818.707951
-37470.680023,100,16818.918927
-49400.950077,100,16819.122823
-37104.179966,100,16819.325325
-30623.520012,100,16819.535968
-42772.200016,100,16819.745441
-45197.359985,100,16819.951232
-52785.440098,100,16820.160959
-43452.119953,100,16820.370885
-47231.490055,100,16820.586439
-46693.210018,100,16820.789748
-48098.769951,100,16820.994769
-44102.380051,100,16834.510536
-41118.81995,100,16835.021009
-45586.390022,100,16835.542621
-44475.980026,100,16836.035393
-41307.700008,100,16836.526448
-50899.110023,100,16837.018871
-40840.269962,100,16837.505553
-48372.999977,100,16837.994977
-49577.169937,100,16838.478919
-41076.87001,100,16838.972174
-48234.399967,100,16839.461561
-41954.630001,100,16839.951614
-52626.149979,100,16840.437647
-52430.020039,100,16840.926023
-40011.639973,100,16841.423195
-41883.759956,100,16841.919881
-42327.779961,100,16842.406385
-37837.139938,100,16842.899173
-42711.679966,100,16843.391312
-45560.940018,100,16843.875576
-40041.59,100,16854.01574
-46892.220058,100,16854.506157
-43694.299957,100,16854.99583
-41678.269993,100,16855.510503
-44556.970013,100,16856.011098
-38251.559971,100,16856.497774
-51035.989925,100,16856.985231
-50530.31012,100,16857.47494
-40844.209942,100,16857.958555
-42357.139965,100,16858.45216
-46243.010025,100,16858.935717
-47755.859985,100,16859.423424
-44598.969975,100,16859.907026
-35468.109989,100,16860.388639
-41926.779999,100,16860.882993
-40128.419952,100,16861.374639
-47310.079945,100,16861.858052
-49753.670002,100,16862.355607
-50786.490074,100,16862.887409
-45547.209991,100,16863.379937
-52602.770096,100,16863.863756
-39943.650059,100,16876.940647
-40522.609955,100,16877.15371
-40407.469978,100,16877.369933
-49225.179989,100,16877.586103
-45101.249969,100,16877.799229
-38481.450008,100,16878.008234
-47459.659946,100,16878.221981
-44786.669979,100,16878.446423
-46373.700024,100,16878.656412
-40101.400009,100,16878.871887
-45068.589993,100,16879.090475
-47164.680054,100,16879.301959
-40637.009983,100,16879.523512
-49494.880089,100,16879.737996
-47813.749989,100,16879.950505
-47516.070004,100,16880.161989
-44937.199966,100,16880.374484
-46884.879978,100,16880.595191
-39188.660007,100,16880.807821
-38323.689976,100,16881.018525
-45471.459988,100,16890.911646
-48656.38995,100,16891.405106
-44812.450012,100,16891.898398
-39510.380093,100,16892.379936
-49459.499966,100,16892.595821
-36161.589981,100,16892.803344
-50137.040054,100,16893.041868
-49874.289997,100,16893.249099
-47622.849964,100,16893.456967
-42959.830025,100,16893.659452
-49387.490067,100,16893.8674
-45258.440006,100,16894.066873
-34869.79007,100,16894.268212
-47041.079994,100,16894.486389
-44600.399967,100,16894.711936
-42950.319973,100,16894.944865
-44307.270027,100,16895.177253
-41718.670006,100,16895.407504
-34702.070057,100,16895.647713
-46568.959942,100,16895.865724
-42788.020031,100,16905.402628
-48166.479984,100,16905.913978
-42707.130089,100,16906.469615
-41539.250004,100,16906.821705
-44102.68008,100,16907.564759
-45888.029957,100,16908.104928
-44131.999985,100,16909.627067
-48876.690029,100,16910.33849
-51735.89011,100,16910.910139
-54304.950134,100,16911.421324
-42258.860012,100,16911.938931
-49164.22002,100,16912.515807
-35627.809956,100,16913.056174
-45495.130032,100,16913.544075
-49889.730152,100,16914.015038
-50741.500038,100,16914.484223
-42011.100021,100,16914.968863
-42515.599991,100,16915.461621
-48350.859989,100,16915.951879
-43277.449924,100,16916.43834
-40875.77,100,16916.924545
-42550.080025,100,16926.795153
-49982.629967,100,16927.021109
-47519.579971,100,16927.230957
-43369.659969,100,16927.443726
-38943.18998,100,16927.657588
-40133.710007,100,16927.864238
-39987.450001,100,16928.072837
-34294.829983,100,16928.273793
-42608.93993,100,16928.488171
-60088.43,100,16928.696955
-41703.440083,100,16928.897689
-42511.679974,100,16929.102972
-43585.959942,100,16929.305998
-44739.589973,100,16929.51711
-41136.620045,100,16929.721733
-48847.999996,100,16929.924518
-42795.920059,100,16930.12708
-50691.870022,100,16930.328712
-45576.850044,100,16930.541437
-41984.360008,100,16930.745905
-49260.820007,100,16941.617043
-52296.169975,100,16942.121729
-48802.499962,100,16942.61288
-48760.749992,100,16943.101792
-46825.060005,100,16943.597905
-37239.44997,100,16944.082221
-45231.96991,100,16944.565315
-52865.040031,100,16945.05709
-43629.179996,100,16945.55912
-46456.499962,100,16946.062227
-47266.980011,100,16946.55072
-39078.529991,100,16947.03886
-44334.740005,100,16947.523853
-44445.900009,100,16948.012445
-45309.360004,100,16948.967456
-44504.609974,100,16949.510646
-46041.560009,100,16950.14747
-53037.029991,100,16951.121597
-47339.120033,100,16951.802004
-42692.759972,100,16952.223583
-42979.869984,100,16952.497674
-46760.749985,100,16962.370093
-48091.459995,100,16962.870359
-50150.169994,100,16999.102824
-44318.129997,100,16999.316684
-41911.709969,100,16999.534527
-52700.820061,100,16999.741063
-48293.620037,100,16999.942778
-49748.500084,100,17000.147081
-37198.709972,100,17000.355769
-41978.069992,100,17000.634846
-51435.549969,100,17001.022723
-46725.160049,100,17001.377409
-44538.460037,100,17001.622442
-45016.92001,100,17001.856994
-41237.790009,100,17002.097939
-45371.85004,100,17002.324207
-44062.000008,100,17002.5535
-41981.780018,100,17002.770391
-42455.239971,100,17002.991075
-39632.929977,100,17003.206396
-43227.460007,100,17014.179336
-44559.13002,100,17014.70347
-40978.650013,100,17015.220263
-39532.809986,100,17015.738985
-50625.480003,100,17016.228661
-44755.679947,100,17016.710528
-42425.669971,100,17017.231223
-43640.390064,100,17017.723985
-48596.839973,100,17018.20996
-40460.729996,100,17018.699827
-44408.439991,100,17019.190495
-47491.370026,100,17019.676962
-46478.599926,100,17020.164051
-40024.979969,100,17020.65189
-48843.250034,100,17021.139089
-51842.310013,100,17021.631118
-52195.860001,100,17022.172418
-38756.059978,100,17022.660813
-45606.739994,100,17023.14617
-39084.80999,100,17023.633626
-46681.229984,100,17024.122686
-36646.219959,100,17037.515989
-47405.639977,100,17038.077535
-47742.199997,100,17038.57555
-44046.189999,100,17039.059915
-41652.500004,100,17039.549868
-46414.109978,100,17040.033775
-52341.100121,100,17040.52603
-38924.309975,100,17041.016133
-45440.749981,100,17041.525534
-41534.809956,100,17042.013513
-42262.540031,100,17042.504239
-53297.980057,100,17043.006898
-49082.670013,100,17043.52106
-38166.380032,100,17044.035239
-45882.940002,100,17044.538809
-40424.309959,100,17045.032124
-44102.440052,100,17045.54086
-42140.380024,100,17046.035903
-50688.840019,100,17046.569027
-46072.63998,100,17047.061029
-41984.67004,100,17057.532695
-49420.540089,100,17058.029937
-46037.199963,100,17058.515233
-48095.860039,100,17059.008362
-48983.319958,100,17059.498481
-43452.71999,100,17059.998926
-49181.550056,100,17060.486576
-42721.970058,100,17060.975603
-47334.820023,100,17061.461527
-49590.209995,100,17061.944459
-45596.229988,100,17062.430736
-43677.299999,100,17062.921628
-44733.57003,100,17063.403648
-47428.570026,100,17063.891105
-44546.940048,100,17064.372906
-48801.360092,100,17064.874527
-43181.479984,100,17065.380873
-53039.680019,100,17065.872933
-43562.959995,100,17066.36649
-42284.459988,100,17066.861259
-37329.409992,100,17067.346099
-46916.779942,100,17081.092224
-42861.620026,100,17081.572628
-41620.549946,100,17082.050966
-44680.770023,100,17082.528769
-42956.629997,100,17083.009137
-44814.819969,100,17083.496515
-37154.889938,100,17083.981182
-37835.230034,100,17084.484934
-50401.340015,100,17085.01087
-43750.490044,100,17085.527446
-50431.690063,100,17086.018873
-44561.239998,100,17086.500418
-47402.460052,100,17086.98778
-43136.780003,100,17087.473125
-49247.659988,100,17087.960109
-47596.740047,100,17088.439532
-46802.660042,100,17088.916617
-39302.86998,100,17089.393753
-38907.490051,100,17089.881453
-48018.440014,100,17090.357606
-46781.64011,100,17099.236003
-50253.749989,100,17099.732903
-39582.739956,100,17100.213761
-44840.299988,100,17100.702619
-45336.580021,100,17101.22513
-53574.760117,100,17101.705076
-40134.260025,100,17102.177096
-40508.029945,100,17102.667627
-48336.780052,100,17103.15512
-45661.330013,100,17103.632192
-40990.319973,100,17104.108935
-50068.230049,100,17104.576183
-37081.079967,100,17105.083525
-44969.200031,100,17105.57779
-36047.57,100,17106.065142
-43456.330009,100,17106.547255
-42397.229965,100,17107.027256
-49560.179974,100,17107.51663
-44318.21994,100,17107.994761
-38375.949963,100,17108.499082
-53422.24007,100,17108.991667
-46793.510082,100,17122.544933
-41154.780022,100,17123.024762
-44181.980015,100,17123.504887
-39981.09,100,17123.985334
-46912.320072,100,17124.455943
-40410.980003,100,17124.960165
-44842.22995,100,17125.449894
-50740.300026,100,17125.938805
-45342.799995,100,17126.436764
-44975.889961,100,17126.937593
-44889.620018,100,17127.42553
-49116.730011,100,17127.899041
-38840.800003,100,17128.376009
-47643.340008,100,17128.895092
-37741.029984,100,17129.375455
-47958.419964,100,17129.862087
-38597.830009,100,17130.339904
-40036.540012,100,17130.818205
-36156.66011,100,17131.29699
-42805.379978,100,17131.777453
-39505.629955,100,17142.420856
-59632.309994,100,17142.647439
-44832.669968,100,17142.863975
-47513.290009,100,17143.080459
-42945.129997,100,17143.300667
-43547.889996,100,17143.511421
-50639.77005,100,17143.723455
-56375.499992,100,17143.941046
-39940.810024,100,17144.148587
-44395.609989,100,17144.365214
-42944.59008,100,17144.585199
-39283.029968,100,17144.803647
-41045.03997,100,17145.045679
-39531.320026,100,17145.289785
-43311.249985,100,17145.513125
-45195.870079,100,17145.740864
-41631.799973,100,17145.953713
-41102.699997,100,17146.173198
-48278.719994,100,17146.384594
-45096.639992,100,17146.596064
-44649.050076,100,17146.81549
-48604.900002,100,17156.635494
-55483.320015,100,17157.420533
-42475.090153,100,17157.954877
-46912.170013,100,17158.504997
-38388.680038,100,17159.028837
-51184.310032,100,17159.442015
-44900.950058,100,17159.736881
-47492.099945,100,17159.967451
-43315.659988,100,17160.372081
-59652.389992,100,17160.873607
-43404.840061,100,17161.121904
-40188.189968,100,17161.375453
-53379.109962,100,17161.644627
-40690.059975,100,17161.98861
-41168.650005,100,17162.340504
-49421.759979,100,17162.583519
-52891.979969,100,17162.814839
-40737.72998,100,17163.029939
-34355.659958,100,17163.244728
-37411.679981,100,17163.454763
-44509.519966,100,17173.312728
-45003.009937,100,17173.528597
-41974.909988,100,17173.745418
-42998.239922,100,17173.973625
-42688.47998,100,17174.177251
-42323.659962,100,17174.433952
-41051.499954,100,17174.654675
-49000.010029,100,17174.883616
-39291.219955,100,17175.62365
-37831.179974,100,17175.83743
-43870.250076,100,17176.046384
-38757.09,100,17176.250951
-45840.559978,100,17176.460373
-45435.629959,100,17176.669868
-49172.140034,100,17176.889067
-39810.759995,100,17177.104125
-37790.439987,100,17177.311864
-42051.07008,100,17177.530659
-40237.459961,100,17177.742823
-40427.059944,100,17177.975142
-50810.370102,100,17178.188519
-42733.969986,100,17189.274808
-39344.330017,100,17189.761407
-42223.270016,100,17190.243573
-48432.139946,100,17190.724936
-42153.509979,100,17191.203641
-32997.999992,100,17191.68262
-43894.560028,100,17192.162548
-39448.450005,100,17192.640828
-38433.400002,100,17193.127743
-43997.969982,100,17193.61691
-47197.380032,100,17194.09802
-45536.660023,100,17194.593822
-41568.639992,100,17195.090536
-46759.749992,100,17195.588633
-40575.589981,100,17196.076481
-38654.379993,100,17196.557913
-34266.759995,100,17197.040203
-43420.720013,100,17197.520343
-43307.180012,100,17198.034306
-43332.839973,100,17198.514789
-43393.059971,100,17210.302233
-39650.299995,100,17210.808022
-43371.77,100,17211.291469
-43206.860004,100,17211.773956
-41012.539982,100,17212.258938
-44765.820026,100,17212.745376
-45453.639954,100,17213.248736
-42073.309967,100,17213.735534
-43116.88007,100,17214.225841
-43739.930019,100,17214.715644
-49563.860046,100,17215.218343
-42497.119957,100,17215.714243
-43848.749958,100,17216.21234
-47311.890018,100,17216.699452
-39456.400051,100,17217.191179
-46019.519947,100,17217.675784
-38092.899994,100,17218.214094
-41366.519962,100,17218.700603
-44452.999977,100,17219.188041
-40320.310028,100,17219.679897
-49030.150017,100,17220.165439
-46374.430042,100,17231.067038
-42854.89996,100,17231.310675
-43094.499981,100,17231.546617
-39672.339981,100,17231.771816
-45814.089993,100,17232.001462
-49946.280048,100,17232.227492
-45262.579971,100,17232.450517
-40920.649971,100,17232.682406
-46759.769955,100,17232.910495
-33225.23999,100,17233.136077
-45617.010071,100,17233.364536
-48829.939953,100,17233.587852
-42981.930042,100,17233.809957
-46824.549969,100,17234.028491
-40331.739971,100,17234.252175
-49768.860115,100,17234.914062
-39813.249962,100,17235.228547
-44284.230038,100,17235.505489
-51675.680031,100,17235.729304
-47160.530037,100,17235.952719
-41451.239994,100,17248.766044
-39580.210011,100,17249.258906
-48258.750072,100,17249.741388
-45306.849998,100,17250.224124
-48884.760033,100,17250.706878
-45523.019993,100,17251.224048
-38036.789951,100,17251.729655
-45400.429993,100,17252.229966
-47732.619961,100,17252.711355
-49947.709995,100,17253.197496
-42419.990036,100,17253.681095
-41632.520004,100,17254.166255
-49706.210056,100,17254.64832
-44418.109962,100,17255.150974
-42336.189964,100,17255.647532
-40738.010048,100,17256.135867
-41082.020027,100,17256.61832
-43650.229992,100,17257.127901
-43453.869949,100,17257.617935
-41891.660019,100,17258.107383
-45161.800114,100,17258.59995
-41421.21006,100,17268.395031
-47033.420101,100,17268.877495
-46941.529968,100,17269.378173
-47936.779964,100,17269.860633
-44718.000038,100,17270.338472
-41246.499958,100,17270.815891
-51148.970001,100,17271.292108
-43448.479965,100,17271.773708
-40103.769958,100,17272.247925
-39896.379955,100,17272.727263
-43108.009975,100,17273.201917
-40225.250015,100,17273.6785
-41541.570038,100,17274.153345
-41301.609974,100,17274.632162
-48262.049969,100,17275.132878
-48127.420055,100,17275.630394
-42393.179993,100,17276.111907
-42001.470009,100,17276.589093
-49601.040016,100,17277.066316
-37609.459984,100,17277.549455
-49617.170059,100,17289.909919
-51366.480125,100,17290.409857
-47715.279999,100,17290.911942
-41563.999973,100,17291.391339
-34914.909973,100,17291.875904
-42280.789974,100,17292.358388
-42659.91008,100,17292.86088
-45801.450012,100,17293.364876
-40787.010021,100,17293.856772
-47328.040066,100,17294.33476
-41643.720058,100,17294.868527
-40993.280048,100,17295.38142
-42635.400005,100,17295.868667
-48887.149994,100,17296.346719
-40371.740013,100,17296.827195
-39534.789978,100,17297.324798
-47780.099987,100,17297.800967
-39521.519993,100,17298.279817
-45318.719944,100,17298.761712
-48182.239967,100,17299.237463
-42528.369995,100,17299.71439
-51227.340042,100,17310.560621
-40935.509979,100,17310.79302
-41220.859966,100,17311.019534
-47319.879959,100,17311.264148
-41251.539993,100,17311.490009
-44962.089943,100,17311.715663
-50158.379997,100,17311.936962
-44660.23003,100,17312.160916
-44755.05999,100,17312.385782
-47020.030071,100,17312.611431
-52875.310127,100,17312.84534
-45753.340027,100,17313.081755
-49589.39003,100,17313.329022
-49179.570084,100,17313.558666
-41041.319992,100,17313.779979
-45888.389984,100,17314.002437
-57687.150028,100,17314.22182
-41864.56002,100,17314.463691
-47053.789959,100,17314.689055
-43979.859901,100,17314.920783
-46917.420002,100,17328.248077
-44010.380009,100,17328.820918
-49072.029968,100,17329.438949
-54518.800022,100,17329.991062
-38445.230038,100,17330.610325
-38931.920036,100,17331.116832
-42076.909981,100,17331.60239
-45481.290024,100,17332.084997
-41465.069969,100,17332.566522
-47326.789993,100,17333.050189
-44021.240013,100,17333.532717
-45050.700043,100,17334.029044
-43509.410049,100,17334.542836
-46183.17004,100,17335.092366
-40223.820038,100,17335.6153
-45457.000088,100,17336.105535
-44343.759979,100,17336.588536
-48366.319996,100,17337.074985
-42319.669971,100,17337.563722
-48203.079971,100,17338.048301
-38265.029938,100,17338.529181
-54854.519951,100,17350.181381
-41446.940025,100,17350.665021
-44453.419983,100,17351.139984
-49914.250057,100,17351.612041
-44894.719986,100,17352.086646
-51415.490002,100,17352.561457
-43440.560013,100,17353.044025
-48961.340004,100,17353.526063
-38249.449959,100,17354.002238
-42541.01997,100,17354.482263
-45514.520012,100,17354.991729
-44467.570011,100,17355.494779
-49545.12001,100,17355.983401
-40539.95998,100,17356.457952
-43927.320004,100,17356.937195
-44812.439938,100,17357.418166
-51513.600052,100,17357.894372
-49878.929974,100,17358.372819
-47374.769962,100,17358.853009
-51461.290062,100,17359.333067
-43813.599945,100,17371.999301
-40735.350014,100,17372.489478
-46029.549988,100,17372.987255
-42229.169994,100,17373.475969
-43257.889965,100,17373.959518
-48103.549965,100,17374.440897
-43125.870037,100,17374.928769
-48632.010033,100,17375.431161
-45111.21006,100,17375.969419
-41155.909962,100,17376.477162
-47485.330055,100,17376.969852
-42201.569992,100,17377.45851
-40742.319965,100,17377.947045
-46426.20005,100,17378.429185
-41826.509937,100,17378.930604
-48543.099972,100,17379.428481
-43157.200016,100,17379.912919
-44932.450089,100,17380.395736
-45405.949951,100,17380.883126
-44842.800007,100,17381.371052
-44003.350067,100,17381.854891
-51114.87994,100,17392.929596
-42958.940002,100,17393.417433
-37688.659996,100,17393.901703
-51672.030056,100,17394.386547
-40472.219936,100,17394.874105
-48278.100014,100,17395.382853
-37521.989971,100,17395.882123
-40777.949966,100,17396.373203
-51290.180004,100,17396.859434
-41973.330017,100,17397.349768
-46979.480057,100,17397.838672
-45344.450005,100,17398.339391
-42579.089977,100,17398.828163
-52096.519974,100,17399.320557
-49235.879978,100,17399.81544
-46651.409985,100,17400.304552
-43105.66993,100,17400.795076
-46188.839951,100,17401.283504
-44031.880024,100,17401.782443
-44928.979977,100,17402.273413
-43353.520004,100,17414.547754
-35882.230003,100,17415.052163
-42019.799931,100,17415.552806
-32865.780014,100,17416.049941
-44154.999981,100,17416.546788
-49754.120026,100,17417.052728
-44300.33997,100,17417.568135
-49867.569969,100,17418.072863
-40535.399963,100,17418.558848
-45301.680027,100,17419.044935
-40669.819931,100,17419.535894
-44460.490002,100,17420.024464
-47799.569973,100,17420.512579
-42084.12999,100,17420.995708
-44934.379936,100,17421.480655
-44893.70998,100,17421.965227
-43967.360023,100,17422.450081
-42198.719963,100,17422.937001
-37244.249977,100,17423.428591
-45763.259945,100,17423.920794
-44342.649952,100,17433.179493
-44184.580009,100,17433.685637
-44733.909973,100,17434.177921
-39523.970013,100,17434.666183
-44275.620003,100,17435.168017
-41863.799976,100,17435.668946
-44005.230003,100,17436.154261
-48543.120037,100,17436.656773
-48157.509998,100,17437.159122
-39686.500038,100,17437.666927
-42872.540031,100,17438.160258
-49462.779984,100,17438.644955
-46160.459965,100,17439.146015
-46305.559959,100,17439.636334
-39976.469997,100,17440.119923
-44950.690022,100,17440.623197
-39496.889996,100,17441.1066
-50028.220016,100,17441.590372
-46288.449978,100,17442.070316
-45546.329971,100,17442.550494
-42502.099998,100,17443.03322
-44055.140007,100,17455.956904
-43216.240044,100,17456.452729
-43920.600006,100,17456.952623
-40377.419964,100,17457.444505
-45680.919952,100,17457.931495
-42891.800014,100,17458.425857
-45132.230064,100,17458.933419
-51619.190018,100,17459.450926
-50293.620003,100,17459.963884
-51814.680054,100,17460.460113
-43164.470013,100,17460.947419
-42474.759987,100,17461.435028
-52672.799965,100,17461.922326
-44134.890049,100,17462.411088
-45299.310047,100,17462.904557
-48907.230045,100,17463.400227
-38294.699959,100,17463.884092
-43461.370033,100,17464.369936
-44990.010136,100,17464.875322
-51079.439938,100,17465.387508
-48178.759979,100,17476.355326
-41524.550056,100,17476.848249
-52026.77005,100,17477.328144
-53744.320023,100,17477.802991
-40375.33997,100,17478.291869
-46722.130062,100,17478.774903
-44465.039963,100,17479.255426
-41622.489956,100,17479.737005
-38474.349926,100,17480.21393
-49318.759995,100,17480.692716
-41358.909973,100,17481.166704
-40595.639988,100,17521.540653
-44233.940006,100,17521.756399
-44861.519962,100,17521.960983
-43706.750008,100,17522.179338
-42254.839993,100,17522.385327
-44226.149967,100,17522.594086
-46886.219955,100,17522.798387
-45893.069958,100,17523.005475
-43942.099983,100,17523.223544
-46093.200016,100,17523.443828
-44419.639984,100,17536.649971
-50835.490044,100,17537.14311
-39531.600002,100,17537.627008
-48726.970062,100,17538.110105
-41381.839985,100,17538.588555
-54873.840054,100,17539.075
-48289.619987,100,17539.555003
-44760.499958,100,17540.042894
-42960.329929,100,17540.559581
-45601.389954,100,17541.048443
-52760.530098,100,17541.552221
-42266.150002,100,17542.061982
-48049.899986,100,17542.559669
-49968.849991,100,17543.049425
-50884.940063,100,17543.534692
-43463.469978,100,17544.025384
-54915.220062,100,17544.506577
-37890.549953,100,17544.999879
-48106.530025,100,17545.500312
-49401.34,100,17546.001569
-37629.339958,100,17555.586107
-42340.099964,100,17555.816802
-46874.240021,100,17556.03643
-45380.869938,100,17556.254918
-43191.339977,100,17556.47851
-51466.409977,100,17556.687335
-47719.369991,100,17556.898325
-47191.0,100,17557.139748
-47605.470051,100,17557.356071
-47866.140041,100,17557.56806
-44691.669926,100,17557.788226
-45783.239971,100,17557.994099
-50256.980141,100,17558.206996
-44236.920044,100,17558.419683
-44721.890057,100,17558.624577
-39408.780075,100,17558.826049
-40948.419987,100,17559.032163
-37967.149975,100,17559.249162
-47134.259956,100,17559.459314
-34906.629982,100,17559.661482
-41860.669983,100,17559.869753
-42781.300041,100,17569.255487
-44630.900036,100,17569.760463
-45439.940041,100,17570.246928
-49391.180004,100,17570.755629
-43664.740028,100,17571.234872
-44189.399986,100,17571.708584
-40177.270061,100,17572.436874
-46778.260094,100,17573.185069
-46001.910019,100,17573.740992
-40217.489964,100,17574.906514
-42126.760075,100,17575.661842
-38564.060036,100,17576.201305
-46147.069996,100,17576.867111
-41698.749973,100,17577.503228
-51367.030045,100,17578.003423
-42774.86998,100,17578.487119
-43587.069992,100,17578.971753
-40058.609943,100,17579.458996
-42582.730068,100,17579.943659
-46379.919994,100,17580.4293
-46293.799988,100,17591.253543
-51236.900028,100,17591.753411
-44723.05999,100,17592.243791
-43511.909958,100,17592.728043
-48157.700043,100,17593.209118
-44087.480061,100,17593.706557
-41734.180069,100,17594.196908
-48394.899975,100,17594.682577
-47200.280045,100,17595.187206
-54784.260021,100,17595.691727
-43653.150013,100,17596.199965
-50929.579987,100,17596.688642
-44660.849998,100,17597.179602
-47243.370018,100,17597.661638
-45230.060036,100,17598.135533
-42239.049953,100,17598.617479
-43950.099957,100,17599.097905
-42826.860073,100,17599.585321
-41783.939964,100,17600.057221
-47320.599957,100,17600.544496
-41285.869984,100,17601.042022
-48123.920021,100,17611.833782
-39179.560013,100,17612.315035
-49305.890057,100,17612.795555
-48436.230034,100,17613.268224
-46419.630051,100,17613.747334
-56644.180016,100,17614.222898
-48741.510052,100,17615.29012
-41651.74992,100,17615.977983
-49558.010029,100,17617.143965
-40794.130013,100,17617.647797
-37850.239967,100,17617.921355
-51691.650063,100,17618.641335
-51080.600021,100,17618.968372
-45111.040016,100,17619.537527
-38008.989975,100,17620.083195
-40391.160049,100,17620.339144
-45349.689957,100,17620.57769
-43661.829994,100,17620.808345
-50607.950085,100,17621.090158
-40906.100101,100,17621.318475
-42633.589993,100,17632.198609
-46924.689983,100,17632.695796
-45253.529961,100,17633.180739
-44342.940006,100,17633.670423
-38898.109959,100,17634.152364
-47035.659996,100,17634.637033
-43324.040047,100,17635.136674
-44848.569977,100,17635.629403
-49398.059952,100,17636.121563
-40360.260059,100,17636.608374
-44016.860031,100,17637.111836
-43727.879974,100,17637.599845
-38402.089943,100,17638.084998
-49356.230003,100,17638.573628
-46450.479988,100,17639.059606
-42435.200073,100,17639.543914
-41094.650021,100,17640.030712
-42808.780037,100,17640.517169
-48774.980064,100,17640.893889
-42043.089973,100,17641.150348
-46046.200073,100,17641.372082
-51247.050098,100,17652.215971
-41458.550007,100,17652.712503
-35587.069984,100,17653.19849
-44632.000011,100,17653.702118
-50003.289997,100,17654.188111
-41851.279945,100,17654.673598
-47686.979965,100,17655.178004
-51720.639938,100,17655.676806
-49940.190033,100,17656.159682
-42565.630013,100,17656.65235
-47524.409981,100,17657.508639
-43166.980003,100,17657.739439
-46901.019958,100,17657.986248
-49268.609989,100,17658.550651
-49797.709976,100,17658.798979
-46574.130081,100,17659.395738
-50518.419998,100,17659.944623
-50349.669983,100,17660.690722
-44130.799961,100,17661.332881
-45028.259983,100,17661.914678
-43480.510025,100,17673.351934
-44683.62999,100,17673.845646
-41976.790066,100,17674.33195
-51839.449997,100,17674.806698
-46623.730057,100,17675.310106
-42080.969978,100,17675.801016
-47781.43998,100,17676.278393
-44877.420021,100,17676.757597
-44194.510078,100,17677.23718
-44620.690044,100,17677.716896
-42896.689987,100,17678.191667
-44560.910019,100,17678.670535
-45685.58997,100,17679.147503
-44018.619965,100,17679.652323
-41169.790005,100,17680.13116
-42264.569992,100,17680.614462
-37618.989971,100,17681.090446
-53755.740002,100,17681.574733
-42251.410038,100,17682.07033
-44519.77002,100,17682.57725
-41879.310005,100,17683.086417
-42063.22995,100,17694.331668
-46140.999989,100,17694.834366
-50540.41,100,17695.337842
-39305.519997,100,17695.832091
-54169.030102,100,17696.314469
-44828.849972,100,17696.806197
-36073.970005,100,17697.300402
-44107.320015,100,17697.793257
-44211.260002,100,17698.276558
-49626.689938,100,17698.761344
-45629.239952,100,17699.353312
-42904.490017,100,17699.879159
-54528.820065,100,17700.123492
-45106.780014,100,17700.757952
-45394.649967,100,17701.287811
-44608.229958,100,17701.618732
-58403.970009,100,17701.897129
-45419.899975,100,17702.362987
-41187.769947,100,17702.982095
-48847.459965,100,17703.652014
-45063.03001,100,17715.177928
-46974.470058,100,17715.689822
-56313.429913,100,17716.185956
-45084.80994,100,17716.670899
-45405.570034,100,17717.159612
-40640.250004,100,17717.654193
-44716.81995,100,17718.142009
-44639.259995,100,17718.624367
-44723.990051,100,17719.112328
-38949.409973,100,17719.594156
-38696.899986,100,17720.076967
-49269.359962,100,17720.560211
-48467.139992,100,17721.045214
-49331.550049,100,17721.527117
-38743.809978,100,17721.833989
-39718.380039,100,17722.040134
-39148.97002,100,17722.239666
-48524.869991,100,17722.447452
-42205.019981,100,17722.660872
-48870.139965,100,17722.868654
-42760.260033,100,17723.078314
-48419.790031,100,17732.285816
-43560.929974,100,17732.515785
-41431.209965,100,17732.733595
-51329.889961,100,17732.940355
-42923.729969,100,17733.143283
-44013.170082,100,17733.360805
-38938.569984,100,17733.571221
-49181.520016,100,17733.778
-40369.080017,100,17733.988829
-41173.819996,100,17734.189291
-50518.880047,100,17734.40251
-41445.69009,100,17734.609609
-47515.319977,100,17734.841078
-39597.20998,100,17735.058495
-50684.979973,100,17735.277297
-51133.00005,100,17735.504569
-39464.600014,100,17735.711112
-43978.039993,100,17735.911598
-44320.670025,100,17736.119827
-54458.859959,100,17736.325502
-37940.469948,100,17748.574302
-38051.249981,100,17749.068235
-38823.720123,100,17749.555025
-40803.690052,100,17750.040589
-42769.860062,100,17750.527145
-44088.640022,100,17751.011701
-51610.950005,100,17751.501059
-37374.679947,100,17752.025176
-48873.270031,100,17752.543235
-46562.560032,100,17753.045305
-51559.430126,100,17753.532115
-45398.670006,100,17754.022999
-45715.540039,100,17754.511789
-48276.920074,100,17755.010206
-44316.520046,100,17755.513584
-44091.570034,100,17756.014517
-43790.140068,100,17756.502502
-40109.560032,100,17757.002238
-44147.73,100,17757.497662
-44123.929966,100,17757.988803
-46971.109989,100,17758.474547
-43105.53001,100,17768.91815
-43619.739933,100,17769.157158
-37901.590046,100,17769.391213
-45617.659977,100,17769.619298
-45654.080006,100,17769.845858
-40614.929993,100,17770.070357
-46280.549988,100,17770.289792
-49000.629986,100,17770.52231
-42935.740025,100,17770.744724
-41955.019951,100,17770.96954
-37863.649994,100,17771.315463
-39388.169987,100,17771.796329
-42894.189987,100,17772.274869
-50919.140079,100,17772.750331
-48877.320011,100,17773.227108
-49639.530025,100,17773.714745
-44407.150032,100,17774.187565
-42912.269936,100,17774.672156
-44518.819962,100,17775.174638
-44009.090027,100,17775.674081
-44453.449959,100,17788.638648
-42523.669971,100,17789.136879
-49788.209946,100,17789.621864
-42507.639996,100,17790.105118
-45616.770023,100,17790.587246
-44071.909973,100,17791.072892
-44934.729931,100,17791.551197
-49253.250107,100,17792.049827
-46081.729954,100,17792.532978
-44169.959915,100,17793.023214
-48899.600052,100,17793.532501
-41031.780083,100,17794.047511
-57412.36998,100,17794.490751
-42903.499989,100,17794.737493
-39959.959949,100,17794.990916
-45603.42001,100,17795.245767
-48276.000046,100,17795.574676
-42675.099991,100,17796.05742
-42226.549965,100,17796.52504
-41984.520031,100,17797.013971
-39747.569958,100,17797.491201
-49030.679966,100,17807.991993
-51101.849998,100,17808.469037
-45244.660019,100,17808.943789
-44069.209991,100,17809.426424
-42732.310116,100,17809.906346
-43337.909992,100,17810.380836
-46152.209923,100,17810.854777
-44820.459984,100,17811.345188
-46042.310104,100,17811.827695
-43360.569965,100,17812.326379
-46759.310005,100,17812.811688
-37646.050014,100,17813.287381
-47175.10006,100,17813.769872
-45372.510033,100,17814.24758
-45058.990002,100,17814.727506
-51709.820007,100,17815.227839
-43002.84,100,17815.722625
-49618.770061,100,17816.201162
-46825.520031,100,17816.686931
-44912.119949,100,17817.16222
-48165.809998,100,17829.593069
-48469.68998,100,17830.103563
-49192.299984,100,17830.585827
-46748.519978,100,17831.067939
-52162.629951,100,17831.552167
-41878.740002,100,17832.034883
-46088.820068,100,17832.517983
-45087.950077,100,17832.999938
-39093.78997,100,17833.48488
-41870.630013,100,17833.971321
-39178.969963,100,17834.459063
-48766.969967,100,17835.153678
-42764.989937,100,17835.733155
-50656.739979,100,17836.153481
-45003.040051,100,17836.641493
-36320.810043,100,17837.120892
-40205.579987,100,17837.605795
-48080.520035,100,17838.106316
-42346.879982,100,17838.589036
-42869.590004,100,17839.073565
-49094.19997,100,17839.5562
-47465.039955,100,17849.186069
-42974.010075,100,17849.673906
-36563.66993,100,17850.164718
-47946.310047,100,17850.659162
-41334.289993,100,17851.149093
-42935.170002,100,17851.640117
-42438.989952,100,17852.127246
-46110.520061,100,17852.611353
-47234.399982,100,17853.097332
-46776.000046,100,17853.58901
-40685.549984,100,17854.074003
-46054.810036,100,17854.567254
-45171.000004,100,17855.061779
-43357.519989,100,17855.563937
-43258.54995,100,17856.052779
-50106.04002,100,17856.549326
-46402.039959,100,17857.03718
-44604.819969,100,17857.525812
-41692.519966,100,17858.012646
-41147.859997,100,17858.495435
-39534.190014,100,17872.682941
-43295.579967,100,17873.176824
-47848.030064,100,17873.663007
-46766.199963,100,17874.147406
-43989.229961,100,17874.633482
-47856.809975,100,17875.155114
-50670.290039,100,17875.661702
-47589.130028,100,17876.146945
-47962.110016,100,17876.637877
-43724.00005,100,17877.150201
-48094.44001,100,17877.673911
-39408.010002,100,17878.178613
-51073.330025,100,17878.667968
-54049.569977,100,17879.151582
-47481.250114,100,17879.637522
-40613.409973,100,17880.13153
-46033.249977,100,17880.627029
-43685.700005,100,17881.119456
-45631.27002,100,17881.607358
-45271.280018,100,17882.093694
-47142.580029,100,17882.582067
-46857.710026,100,17892.885348
-39664.699959,100,17893.391978
-49488.410046,100,17893.888412
-45262.579979,100,17894.376492
-40927.47998,100,17894.877249
-56493.460011,100,17895.378097
-35221.429989,100,17895.871556
-45688.699982,100,17896.353745
-41621.119976,100,17896.840955
-50520.739971,100,17897.323553
-41100.669941,100,17897.810445
-43565.429939,100,17898.315255
-49485.529987,100,17898.808716
-39791.279964,100,17899.291896
-43736.430004,100,17899.777055
-42978.999989,100,17900.261873
-49679.749969,100,17900.748116
-47438.340034,100,17901.232821
-44940.030022,100,17901.718705
-41443.530029,100,17902.202255
-44951.619961,100,17915.207599
-49043.040043,100,17915.710453
-43695.559982,100,17916.213778
-43425.740028,100,17916.697459
-40138.929939,100,17917.183673
-38242.85001,100,17917.667049
-43046.659992,100,17918.159097
-41238.81002,100,17918.666911
-49055.59996,100,17919.173141
-43022.829929,100,17919.662257
-48675.019997,100,17920.155209
-48075.190006,100,17920.641498
-42012.699959,100,17921.124601
-53164.46006,100,17921.607474
-48456.609989,100,17922.091033
-41529.369995,100,17922.577955
-42142.179966,100,17923.064414
-48986.290016,100,17923.565053
-43052.689987,100,17924.062207
-41446.979992,100,17924.55431
-41945.040043,100,17925.044238
-46780.630013,100,17934.440977
-48891.150002,100,17934.930196
-45249.819992,100,17935.431065
-46163.429989,100,17935.912914
-42159.640034,100,17936.385628
-39950.859955,100,17936.863979
-38903.179951,100,17937.340133
-44257.969982,100,17937.820065
-43210.429985,100,17938.291606
-36311.039978,100,17938.775025
-44093.570026,100,17939.254695
-48216.530045,100,17939.744145
-36360.429955,100,17940.21788
-46521.479927,100,17940.694578
-46422.170044,100,17941.165648
-48326.240047,100,17941.640434
-42012.380013,100,17942.120923
-45347.140034,100,17942.472852
-54396.300045,100,17942.681486
-39515.279995,100,17942.892662
-44709.260029,100,17954.572779
-45424.460011,100,17954.833358
-40569.039955,100,17955.093174
-40475.279968,100,17955.343905
-35578.989967,100,17955.5864
-49438.179977,100,17955.801996
-46203.049973,100,17956.011832
-47653.050056,100,17956.220305
-42508.510048,100,17956.431699
-47297.95998,100,17956.642079
-52066.57999,100,17956.857367
-39315.890026,100,17957.08366
-45812.079998,100,17957.29534
-37289.109962,100,17957.503428
-44115.250019,100,17957.722172
-44695.680069,100,17957.940293
-48613.82,100,17958.150835
-44136.760021,100,17958.380799
-48720.880047,100,17958.593818
-41055.669956,100,17958.799188
-52096.45002,100,17969.974079
-41370.130009,100,17970.48111
-37358.479961,100,17970.973175
-42843.829929,100,17971.459611
-43818.230026,100,17971.942621
-49978.310043,100,17972.425209
-44809.989948,100,17972.939979
-43240.89994,100,17973.459594
-47143.589977,100,17973.955368
-44006.239994,100,17974.442987
-44699.319984,100,17974.929806
-41623.969997,100,17975.444546
-41313.37999,100,17975.940176
-42944.099949,100,17976.434652
-38151.209949,100,17976.922142
-43878.640034,100,17977.419261
-47484.729984,100,17977.91274
-43028.369961,100,17978.338563
-46098.080025,100,17978.549208
-47108.719955,100,17978.762978
-47872.079971,100,17978.976625
-47295.299919,100,17990.154651
-41879.66,100,17990.654985
-44785.949966,100,17991.688232
-41696.939968,100,17992.23018
-47150.450077,100,17992.855539
-37041.479988,100,17993.769088
-47812.550034,100,17994.846609
-47356.900028,100,17995.610866
-37988.170013,100,17996.082458
-45668.029984,100,17996.68272
-41201.369991,100,17997.1752
-45958.82,100,17997.653549
-45728.26997,100,17998.129536
-41687.200069,100,17998.620152
-42303.549957,100,17999.093262
-49501.11998,100,17999.575368
-48469.070045,100,18000.048594
-41793.119972,100,18000.533877
-43897.720016,100,18001.00561
-42563.779991,100,18040.604568
-48342.339989,100,18051.525898
-45256.980019,100,18052.029461
-45289.939972,100,18052.520004
-44080.959965,100,18053.004215
-41352.130001,100,18053.492009
-39004.609997,100,18053.97945
-42539.869984,100,18054.4733
-42654.239971,100,18054.969097
-40221.429928,100,18055.487954
-45704.800064,100,18055.981976
-45609.669971,100,18056.46785
-47648.310001,100,18056.964024
-49007.890053,100,18057.454411
-40281.019947,100,18057.943801
-43061.280064,100,18058.450759
-48417.740051,100,18059.000565
-45615.559944,100,18059.504983
-37113.999966,100,18059.998726
-43829.759956,100,18060.497628
-45023.540001,100,18060.995049
-48386.609993,100,18061.48717
-46407.520042,100,18072.140757
-40599.240002,100,18072.637839
-42884.589962,100,18073.124363
-42767.839981,100,18073.615407
-43361.100044,100,18074.105108
-45387.670006,100,18074.940036
-42944.749962,100,18075.875002
-48934.93005,100,18077.167995
-42761.320011,100,18077.73309
-46681.96994,100,18078.372601
-44977.339996,100,18078.85512
-47838.420021,100,18079.395426
-38376.970036,100,18079.921518
-47013.170013,100,18080.439951
-42885.819946,100,18080.938383
-45596.559975,100,18081.425622
-44434.319927,100,18081.911555
-36367.650021,100,18082.393471
-47071.540066,100,18082.878762
-41899.620049,100,18083.363132
-39258.959991,100,18094.319742
-46399.060024,100,18094.836226
-48496.98003,100,18095.345115
-44260.910107,100,18095.83792
-40123.969978,100,18096.32107
-35075.519993,100,18096.805743
-46122.619976,100,18097.289777
-37883.099968,100,18097.775931
-44352.869976,100,18098.271573
-43097.71999,100,18098.756857
-43708.669991,100,18099.253108
-47060.270058,100,18099.738433
-45422.460045,100,18100.22297
-45461.50996,100,18100.713827
-43595.699993,100,18101.201022
-51111.309998,100,18101.686739
-40059.989983,100,18102.175508
-43878.949944,100,18102.658466
-46356.210003,100,18103.142627
-46284.930046,100,18103.634757
-53532.34005,100,18104.118015
-53534.17997,100,18115.246326
-47990.019989,100,18115.748125
-44039.609997,100,18116.237205
-47256.809959,100,18116.722436
-50729.539967,100,18117.602359
-43450.019978,100,18118.321672
-43481.600018,100,18119.05976
-44324.56002,100,18119.596859
-37183.619934,100,18119.866476
-52894.549999,100,18120.101874
-41913.260048,100,18120.673464
-50712.200027,100,18121.181349
-40967.579994,100,18121.705635
-50454.690014,100,18122.536064
-50042.290043,100,18123.043624
-50248.280037,100,18123.52787
-49287.780083,100,18124.019141
-42770.439911,100,18124.502559
-49060.099964,100,18125.003625
-45194.560032,100,18125.503874
-44170.389996,100,18135.66269
-41192.93,100,18136.173486
-44802.40992,100,18136.669552
-45212.359966,100,18137.194099
-43567.850128,100,18137.682382
-42909.220058,100,18138.177364
-51272.270031,100,18138.661081
-46090.699974,100,18139.152469
-50412.850037,100,18139.634832
-35709.569977,100,18140.120748
-44369.60997,100,18140.606607
-45948.539997,100,18141.092166
-45599.810066,100,18141.576952
-44865.63002,100,18142.057575
-48082.879974,100,18142.56457
-45335.459969,100,18143.056005
-47679.010033,100,18143.550774
-44647.259979,100,18144.052015
-45273.079994,100,18144.546522
-33956.729969,100,18145.068359
-42559.8801,100,18145.577453
-42066.780033,100,18154.730814
-49682.280052,100,18155.005973
-43613.050053,100,18155.241883
-45733.880112,100,18155.479994
-48408.600128,100,18155.705251
-48954.530006,100,18155.919706
-50750.31002,100,18156.128792
-44618.980003,100,18156.336936
-41056.220005,100,18156.554125
-40171.870075,100,18156.76049
-43659.280041,100,18156.996356
-39539.509995,100,18157.205621
-44016.300034,100,18157.410805
-42551.880001,100,18157.617863
-38393.849991,100,18157.832077
-52232.510075,100,18158.053335
-40691.880024,100,18158.257699
-39508.619942,100,18158.464077
-50902.559994,100,18158.671258
-43974.309959,100,18159.135603
-44423.300022,100,18172.215938
-47043.30994,100,18172.720594
-44389.649971,100,18173.206975
-44100.069969,100,18173.693866
-44145.119946,100,18174.182587
-40263.900108,100,18174.670235
-51389.930103,100,18175.168128
-41963.939949,100,18175.671986
-42550.030048,100,18176.157421
-39963.009949,100,18176.646163
-38399.379971,100,18177.137805
-37628.769997,100,18177.623382
-38048.780071,100,18178.114654
-40271.449982,100,18178.598398
-48851.220043,100,18179.086527
-42559.690037,100,18179.590168
-40601.310062,100,18180.076479
-43399.499943,100,18180.571708
-46556.189987,100,18181.05559
-42171.880112,100,18181.543519
-45871.599991,100,18182.031327
-49057.189945,100,18192.901938
-44358.089985,100,18193.393822
-39799.13998,100,18193.881399
-44856.110004,100,18194.366931
-42719.359993,100,18194.854557
-46421.859982,100,18195.359756
-40148.749947,100,18195.854699
-49798.319984,100,18196.339973
-41458.339973,100,18196.843349
-41703.080048,100,18197.333776
-59705.720074,100,18197.822368
-43667.670002,100,18198.307858
-38927.849991,100,18198.794528
-39717.48,100,18199.280646
-43430.820038,100,18199.800963
-53246.170025,100,18200.287688
-38075.509998,100,18200.778862
-47555.540176,100,18201.506724
-51571.179981,100,18201.762649
-45653.109955,100,18202.007686
-43823.099987,100,18214.633916
-47587.069981,100,18214.866594
-49734.600048,100,18215.122192
-44536.420033,100,18215.35015
-52852.259995,100,18215.591936
-52748.500011,100,18215.811055
-42188.510036,100,18216.136713
-43150.390064,100,18216.614924
-43398.349979,100,18217.103817
-44722.550079,100,18217.591971
-47676.520042,100,18218.078922
-45412.350079,100,18218.56109
-40029.730019,100,18219.041558
-48279.749973,100,18219.536497
-43270.1301,100,18220.024969
-46471.560177,100,18220.515606
-42097.880016,100,18220.998058
-43888.190018,100,18221.489072
-40447.920025,100,18221.976135
-41567.189941,100,18222.462627
-52491.579964,100,18222.947127
-42777.890011,100,18232.810704
-44390.780014,100,18233.028034
-47581.540009,100,18233.254373
-38680.820107,100,18233.491493
-40281.980019,100,18233.740502
-39423.729996,100,18233.99325
-39142.810051,100,18234.240936
-38643.659992,100,18234.494972
-47801.350117,100,18234.742679
-46358.610046,100,18234.967102
-41872.260014,100,18235.229078
-34975.139927,100,18235.499717
-40048.950008,100,18235.773462
-42969.619976,100,18236.03405
-37955.709969,100,18236.290032
-43786.729942,100,18236.538566
-39242.929958,100,18236.788855
-46098.399982,100,18237.039003
-44679.629963,100,18237.289972
-50611.500038,100,18237.539633
-40559.489967,100,18250.139149
-43385.359997,100,18250.639121
-47710.04995,100,18251.124614
-48369.429996,100,18251.608878
-47691.600044,100,18252.093333
-50110.409946,100,18252.579412
-47476.210041,100,18253.064766
-35569.309967,100,18253.557355
-47769.660042,100,18254.065704
-36866.890003,100,18254.574183
-41021.750004,100,18255.080971
-45347.370049,100,18255.586411
-41858.50005,100,18256.114185
-44444.980122,100,18256.605635
-42782.130066,100,18257.095021
-43259.650021,100,18257.584521
-39916.119965,100,18258.073961
-36318.899963,100,18258.560928
-43976.209953,100,18259.047633
-47610.150063,100,18259.533932
-48310.499985,100,18260.025088
-53011.479996,100,18271.172529
-43175.399967,100,18271.654709
-50112.249985,100,18272.136621
-37636.069958,100,18272.624108
-43138.62001,100,18273.108434
-40058.849995,100,18273.596472
-46824.579956,100,18274.090472
-44808.069984,100,18274.575932
-34610.859974,100,18275.082541
-49666.970024,100,18275.58389
-43598.249981,100,18276.07419
-44599.120026,100,18276.560197
-43295.529964,100,18277.043937
-45510.810074,100,18277.529415
-43316.510017,100,18278.016805
-48888.200138,100,18278.497737
-44882.690006,100,18278.98682
-40440.919994,100,18279.476491
-37805.56004,100,18279.961963
-48954.940025,100,18280.461582
-45302.489944,100,18294.493926
-43900.740009,100,18295.050801
-47609.060005,100,18295.586326
-54925.500004,100,18296.103181
-43952.879971,100,18296.602409
-45518.789967,100,18297.085546
-44562.310127,100,18297.567704
-45882.509998,100,18298.064199
-46997.000034,100,18298.558883
-47414.679981,100,18299.04293
-42666.970043,100,18299.525797
-45537.759956,100,18300.020537
-44711.439976,100,18300.510302
-40437.799965,100,18300.995557
-46096.440014,100,18301.478022
-40641.089989,100,18301.959357
-45999.370003,100,18302.441746
-41332.16996,100,18302.923364
-48166.890064,100,18303.41204
-39099.60004,100,18303.91355
-40350.669968,100,18304.409089
-46122.549969,100,18316.067664
-45412.19001,100,18316.598213
-43411.54998,100,18317.100534
-48758.370056,100,18317.597552
-49702.859978,100,18318.085608
-52208.05999,100,18318.57636
-46067.180061,100,18319.06584
-44087.86998,100,18319.552105
-39240.920048,100,18320.03896
-48080.060001,100,18320.537599
-45145.330029,100,18321.02794
-41850.399963,100,18321.51644
-46600.410011,100,18322.003972
-42500.539978,100,18322.489694
-42964.899986,100,18322.976744
-34555.419987,100,18323.464391
-47875.740105,100,18323.952593
-45283.649925,100,18324.447587
-49526.879982,100,18324.945812
-45048.740009,100,18325.4492
-47455.810017,100,18338.25491
-52292.030014,100,18338.485434
-46499.54995,100,18338.700635
-46336.749992,100,18338.910412
-39587.08009,100,18339.131318
-39744.889973,100,18339.339462
-44539.249977,100,18339.549865
-31710.519947,100,18339.753623
-42703.430008,100,18339.960008
-42680.299965,100,18340.19398
-47449.290031,100,18340.40315
-39210.189972,100,18340.613972
-46104.210022,100,18340.819037
-46093.879978,100,18341.023751
-43330.610073,100,18341.242301
-44687.249977,100,18341.453478
-49799.16,100,18341.660434
-42281.949986,100,18341.873208
-46510.959999,100,18342.087801
-50085.310101,100,18342.305742
-46737.400028,100,18342.520048
-49730.249992,100,18351.396434
-43474.449986,100,18351.610691
-42326.159962,100,18351.816955
-42201.570004,100,18352.02239
-44651.169994,100,18352.222562
-54267.640068,100,18352.431554
-41310.149929,100,18352.647664
-44837.430058,100,18352.855857
-40235.069981,100,18353.063674
-43642.550064,100,18353.274112
-40748.539959,100,18353.486801
-43979.509956,100,18353.6904
-42432.470024,100,18353.896143
-44358.009956,100,18354.11463
-42370.529999,100,18354.323732
-49187.060043,100,18354.577869
-41542.689976,100,18354.827614
-52741.189987,100,18355.07809
-44220.150043,100,18355.331898
-51222.37001,100,18355.583782
-46846.839962,100,18365.262537
-42143.589973,100,18365.51354
-45943.470024,100,18365.752722
-40136.480003,100,18365.985229
-42955.679981,100,18366.209524
-42013.840008,100,18366.430108
-41127.769966,100,18366.650132
-47174.319969,100,18366.892824
-46058.160011,100,18367.131461
-40788.720032,100,18367.351403
-51104.809994,100,18367.580192
-47576.129967,100,18367.801203
-43644.970028,100,18368.023448
-50076.690102,100,18368.242705
-46109.730007,100,18368.488139
-43070.819992,100,18369.24645
-43419.049995,100,18369.494845
-48733.400028,100,18369.826558
-37757.859978,100,18370.131717
-37754.690029,100,18370.438749
-44974.900002,100,18370.793677
-43685.449986,100,18382.428984
-45540.099972,100,18382.920646
-50483.460026,100,18383.41072
-36184.209999,100,18383.899332
-47973.239986,100,18384.390204
-39020.429951,100,18384.884964
-41206.440006,100,18385.391245
-41546.610008,100,18385.884926
-44591.249981,100,18386.372157
-36487.039982,100,18386.859977
-39904.750038,100,18387.373582
-37682.330017,100,18387.858367
-44883.13998,100,18388.34851
-45844.650051,100,18388.83263
-50137.840031,100,18389.317394
-45141.079967,100,18389.802089
-46987.43008,100,18390.316123
-47507.049995,100,18390.814185
-44672.389988,100,18391.302003
-53076.239967,100,18391.788324
-45191.579952,100,18403.215972
-43338.960022,100,18403.716447
-48882.700031,100,18404.201402
-45990.019993,100,18404.689024
-39493.409973,100,18405.186512
-37156.82,100,18405.68645
-47109.779968,100,18406.173125
-43349.459991,100,18406.657765
-50218.199936,100,18407.160882
-42895.309978,100,18407.648462
-45380.150047,100,18408.132205
-51193.189995,100,18408.619831
-43303.199963,100,18409.105658
-47848.380089,100,18409.5917
-39563.530048,100,18410.07411
-43422.029964,100,18410.796172
-53349.84,100,18411.550888
-42655.460022,100,18412.923777
-43366.450031,100,18413.46758
-41587.820045,100,18413.979853
-41126.159969,100,18415.331595
-48485.309959,100,18427.476948
-36192.469982,100,18427.967173
-43132.800011,100,18428.454831
-53548.850048,100,18428.942017
-41110.540009,100,18429.425745
-51940.479965,100,18429.906502
-50382.25005,100,18430.409377
-44938.480091,100,18430.905431
-38081.309994,100,18431.389629
-46083.359962,100,18431.875019
-40317.500034,100,18432.359936
-46130.839989,100,18432.845204
-36079.559998,100,18433.328616
-42446.999954,100,18433.814909
-45620.010056,100,18434.298861
-41928.559959,100,18434.80239
-45587.979954,100,18435.318537
-45367.509991,100,18435.842603
-46241.040001,100,18436.34501
-51226.47002,100,18436.839879
-45955.109997,100,18447.090744
-43380.439964,100,18447.405893
-47606.109982,100,18447.652746
-49426.02,100,18447.881374
-44916.279991,100,18448.107827
-43872.769955,100,18448.336243
-45722.269989,100,18448.559799
-33075.069992,100,18448.786151
-45883.059948,100,18449.003517
-44394.749969,100,18449.221762
-45530.619987,100,18449.444391
-47127.71994,100,18449.667678
-49955.72007,100,18449.889217
-46006.749947,100,18450.107963
-41602.390007,100,18450.355656
-43844.629951,100,18450.59749
-47555.450089,100,18450.822024
-46150.789955,100,18451.045598
-46385.490013,100,18451.268627
-37791.139999,100,18451.489453
-46277.41,100,18451.712765
-42810.839989,100,18466.19398
-51418.609974,100,18466.688478
-48481.969971,100,18467.175836
-47893.019989,100,18467.662549
-36572.579941,100,18468.144802
-46164.800007,100,18468.627527
-40047.729958,100,18469.110224
-45089.719955,100,18469.619091
-44609.159943,100,18470.099583
-45335.29998,100,18470.598883
-41820.720074,100,18471.085959
-45536.649967,100,18471.572222
-45477.419998,100,18472.055947
-42967.930035,100,18472.538245
-44529.500042,100,18473.018539
-42060.479969,100,18473.503345
-37485.67997,100,18473.984754
-43976.729965,100,18474.488699
-38585.019966,100,18474.98543
-38953.419994,100,18475.486408
-50120.079967,100,18486.89605
-43248.139992,100,18487.384578
-49076.960152,100,18487.870171
-42955.23999,100,18488.345099
-44771.309948,100,18488.86315
-35665.309994,100,18489.345165
-41828.289955,100,18489.825054
-44404.439991,100,18490.299162
-44248.600018,100,18490.799072
-43108.50996,100,18491.275403
-43915.840038,100,18491.760321
-48021.940006,100,18492.239718
-50642.059978,100,18492.720726
-42754.779938,100,18493.191245
-47101.350101,100,18493.660417
-40100.68,100,18494.140442
-46403.639992,100,18494.637754
-42810.599949,100,18495.730261
-40614.150005,100,18496.691546
-43049.01997,100,18497.315116
-37592.769962,100,18507.391118
-44456.879948,100,18507.898466
-49976.850002,100,18508.394003
-43374.679993,100,18508.868598
-47230.240021,100,18509.343199
-43697.989933,100,18509.823067
-46567.899994,100,18510.294872
-48725.160023,100,18510.792498
-40579.129986,100,18511.279685
-40268.859959,100,18511.763124
-39714.019997,100,18512.235928
-38672.590004,100,18512.715544
-39074.790012,100,18513.192014
-39970.890083,100,18513.670675
-43204.940056,100,18514.144406
-40004.300018,100,18514.654999
-47582.600117,100,18515.160807
-42919.850044,100,18515.659514
-36758.439972,100,18516.142803
-45193.729946,100,18516.628606
-41032.239975,100,18517.109246
-47021.070087,100,18528.264557
-44414.260052,100,18528.766609
-42188.490025,100,18529.255642
-43177.150021,100,18529.744024
-47200.780048,100,18530.220666
-51565.640007,100,18530.723011
-43912.560009,100,18531.216158
-43068.229958,100,18570.263854
-43765.019951,100,18570.553903
-39378.489964,100,18570.766605
-44986.86005,100,18570.984289
-48157.420109,100,18571.19319
-44666.59005,100,18571.409291
-33669.969994,100,18571.633195
-42219.370026,100,18571.844942
-44914.029968,100,18572.054749
-44092.339977,100,18572.259062
-43477.480015,100,18572.472484
-47143.630001,100,18572.680962
-43824.339962,100,18572.884616
-36297.699966,100,18585.693714
-44123.979977,100,18586.198799
-36106.679993,100,18586.683098
-41223.870037,100,18587.187235
-40247.809963,100,18587.676037
-39301.379978,100,18588.165371
-48661.040005,100,18588.65476
-40493.180077,100,18589.146964
-43302.989971,100,18589.652783
-43349.659969,100,18590.163017
-46053.479992,100,18590.660452
-35077.759949,100,18591.156144
-42683.279968,100,18591.656995
-45406.53994,100,18592.14346
-48050.709965,100,18592.628518
-37844.700092,100,18593.112462
-42300.469975,100,18593.599514
-46745.979996,100,18594.082598
-54898.850124,100,18594.573519
-48925.789989,100,18595.057952
-47667.939934,100,18595.560419
-42039.349937,100,18606.079501
-48705.390011,100,18606.571922
-41229.340027,100,18607.062394
-38891.419964,100,18607.560932
-48827.869957,100,18608.049247
-42577.380001,100,18608.539886
-45049.809959,100,18609.029137
-37825.489971,100,18609.535866
-45242.360016,100,18610.031365
-42965.370003,100,18610.520858
-50913.03006,100,18611.012964
-50097.07008,100,18611.52613
-46342.899979,100,18612.022543
-41947.420017,100,18612.508503
-53558.750023,100,18612.997989
-48760.150043,100,18613.48998
-47923.130009,100,18613.979027
-44619.73003,100,18614.474936
-41940.980042,100,18614.9843
-42554.739956,100,18615.492082
-47290.20002,100,18628.112076
-43877.319946,100,18628.339676
-46443.610008,100,18628.55713
-44996.060001,100,18628.783973
-43672.099976,100,18629.012217
-51709.119965,100,18629.226225
-43736.300053,100,18629.440133
-40352.209988,100,18629.651949
-45657.33997,100,18629.855765
-43013.709908,100,18630.066046
-43824.620049,100,18630.272091
-50277.359993,100,18630.505198
-41653.649967,100,18630.752178
-42794.480034,100,18631.007428
-55430.410015,100,18631.265132
-44999.679962,100,18631.528577
-38957.939938,100,18631.753851
-40478.060001,100,18631.96365
-55253.200066,100,18632.176824
-39374.65004,100,18632.385709
-42417.36998,100,18632.603717
-38390.629978,100,18642.552078
-41383.649986,100,18643.031883
-38812.140007,100,18643.511934
-47956.449978,100,18643.990199
-37147.679958,100,18644.487329
-42275.02998,100,18644.981769
-41402.790012,100,18645.524676
-45580.810005,100,18646.018185
-41893.179989,100,18646.50391
-38447.419956,100,18646.997048
-44616.060062,100,18647.489631
-48948.510033,100,18647.981506
-49144.279984,100,18648.467396
-45313.450001,100,18648.958442
-48303.289997,100,18649.445481
-49472.540054,100,18649.941574
-47056.150043,100,18650.430209
-48153.499985,100,18650.920234
-45078.349998,100,18651.429455
-45501.139973,100,18651.932588
-46289.600082,100,18665.802569
-41874.069996,100,18666.082454
-45225.510002,100,18666.349451
-40415.659943,100,18666.617388
-51478.979977,100,18667.263518
-45152.579987,100,18667.832888
-37408.289993,100,18668.317914
-38438.769943,100,18668.796825
-35735.460018,100,18669.27873
-42913.31995,100,18669.756573
-35813.060009,100,18670.234431
-43303.209965,100,18670.718622
-53126.52002,100,18671.204387
-42227.299999,100,18671.680083
-46334.090019,100,18672.167671
-47634.420059,100,18672.66803
-48406.139954,100,18673.172257
-47136.550007,100,18673.660522
-43340.91008,100,18674.135855
-43574.800034,100,18674.620858
-43655.02002,100,18675.112078
-50026.760025,100,18686.035094
-52185.250038,100,18686.247659
-48998.929996,100,18686.501383
-47947.919998,100,18686.715107
-39026.420048,100,18686.931996
-38658.639969,100,18687.143069
-47661.549976,100,18687.35069
-42615.549946,100,18687.567894
-41607.379951,100,18687.780645
-49124.100006,100,18687.991041
-44571.910027,100,18688.212258
-47614.609993,100,18688.426709
-45267.30006,100,18688.641638
-45397.55003,100,18688.860654
-55853.099991,100,18689.092024
-45864.460022,100,18689.2922
-44984.560001,100,18689.504992
-45320.999969,100,18689.717973
-39820.620014,100,18689.925662
-41308.110039,100,18690.129162
-38747.17997,100,18699.407655
-44563.469967,100,18699.900004
-37220.849968,100,18700.372675
-47150.340031,100,18700.857608
-50860.49004,100,18701.338457
-41354.650005,100,18701.820002
-37898.429993,100,18702.295773
-41460.379997,100,18702.769048
-44692.399963,100,18703.824448
-41823.230068,100,18704.438866
-42341.450001,100,18704.979859
-51291.459995,100,18705.862594
-43313.709995,100,18706.330104
-36274.270012,100,18706.854471
-48899.290062,100,18707.393951
-44103.830051,100,18707.935757
-42423.780029,100,18708.450735
-46867.889965,100,18708.939703
-46487.770058,100,18709.422642
-48319.630035,100,18709.903587
-42624.559948,100,18710.387608
-46294.580078,100,18720.863764
-43232.099983,100,18721.078961
-44985.689964,100,18721.302476
-47069.189934,100,18721.511544
-44237.190014,100,18721.736965
-45461.989975,100,18721.954044
-51092.490005,100,18722.157335
-41410.449955,100,18722.360517
-41885.770004,100,18722.577092
-46228.10997,100,18722.781239
-40106.189964,100,18722.987987
-46378.649994,100,18723.197594
-44860.000019,100,18723.409863
-42443.770004,100,18723.616575
-49100.600063,100,18723.824212
-45338.770084,100,18724.024882
-43487.479954,100,18724.227962
-42641.460072,100,18724.456358
-44093.490013,100,18724.761408
-43574.319996,100,18725.022315
-44539.30003,100,18734.51103
-40284.600002,100,18735.038956
-42600.210049,100,18735.543956
-47863.520061,100,18736.034784
-44328.049969,100,18736.520048
-51506.409958,100,18737.005755
-42422.549999,100,18737.491815
-42560.329964,100,18737.986723
-43155.360062,100,18738.473355
-45362.169998,100,18738.957658
-40811.569988,100,18739.455838
-46235.34,100,18739.958184
-52492.590065,100,18740.444593
-49625.080002,100,18740.930208
-51451.710022,100,18741.412733
-42085.810001,100,18741.899506
-45394.820034,100,18742.389221
-40793.680042,100,18742.874043
-47796.770088,100,18743.360994
-37871.999958,100,18743.845824
-49610.389942,100,18744.329438
-45584.870026,100,18757.562562
-48911.019978,100,18758.057234
-48478.57996,100,18758.541051
-44154.479946,100,18759.028446
-39691.810017,100,18759.538946
-35238.489964,100,18760.045651
-45219.420132,100,18760.539645
-47444.630051,100,18761.029057
-53137.340069,100,18761.515104
-41681.089993,100,18762.007454
-45315.469971,100,18762.496397
-49821.789951,100,18762.981166
-48324.080078,100,18763.47303
-45477.50996,100,18763.964023
-41887.159988,100,18764.468635
-47418.420071,100,18764.97175
-42578.319996,100,18765.475011
-38426.360001,100,18765.969365
-46505.039993,100,18766.456645
-40158.810036,100,18766.947087
-46817.71999,100,18777.398342
-50054.040039,100,18777.64652
-42193.659966,100,18777.881339
-48313.96999,100,18778.111515
-44015.590027,100,18778.337996
-41747.86002,100,18778.562093
-43567.749943,100,18778.789618
-47329.410007,100,18779.020308
-48321.160061,100,18779.239525
-41953.430019,100,18779.464041
-46350.420036,100,18779.684164
-47884.220024,100,18779.932326
-34237.659988,100,18780.160143
-40512.700008,100,18780.392227
-43391.850014,100,18780.619076
-41488.949955,100,18780.850121
-54279.400085,100,18781.077331
-42157.970036,100,18781.297504
-45850.359932,100,18781.516742
-41709.699928,100,18781.744493
-40263.799953,100,18781.993938
-43195.639946,100,18794.982328
-43080.64996,100,18795.476178
-49742.05999,100,18795.966458
-44672.42997,100,18796.447863
-40719.360023,100,18796.934224
-47277.440063,100,18797.443945
-42414.42001,100,18797.947172
-45950.119965,100,18798.457044
-50963.010025,100,18798.948197
-41808.299988,100,18799.431613
-53764.820034,100,18799.910411
-43845.900013,100,18800.397138
-40862.409943,100,18800.884713
-42840.379936,100,18801.37752
-45900.889977,100,18801.864878
-42118.670074,100,18802.350919
-43638.170052,100,18802.839574
-43861.740044,100,18803.320846
-43628.45002,100,18803.801023
-43250.459984,100,18804.282435
-45282.569992,100,18813.507597
-46639.080013,100,18814.0172
-38170.230003,100,18814.54263
-41844.559982,100,18815.631488
-37131.059952,100,18816.118181
-31687.559967,100,18816.600046
-45296.929993,100,18816.855161
-46628.260036,100,18817.078512
-47808.910076,100,18817.291368
-39024.139992,100,18817.500315
-43117.450001,100,18817.714484
-40859.759983,100,18817.938599
-41599.280014,100,18818.158378
-48656.089981,100,18818.393445
-50541.449974,100,18818.635089
-44728.709976,100,18818.851778
-47032.910004,100,18819.068307
-40300.149906,100,18819.281431
-45951.990055,100,18819.501159
-42268.909943,100,18819.714517
-44354.969952,100,18819.92694
-47436.840038,100,18832.643394
-43621.949944,100,18833.459628
-41847.029972,100,18834.007118
-38035.129959,100,18834.548795
-39460.739998,100,18835.072518
-46574.100037,100,18835.581679
-49702.309986,100,18836.074807
-50673.860073,100,18836.563458
-40975.339996,100,18837.054999
-40189.260021,100,18837.541592
-41089.929989,100,18838.025763
-48669.130024,100,18838.510946
-39792.949993,100,18839.001679
-42105.569981,100,18839.509223
-39950.169994,100,18840.021955
-43018.449944,100,18840.529427
-45280.060036,100,18841.026922
-38284.529995,100,18841.518135
-39402.419956,100,18842.006073
-39437.44997,100,18842.495658
-54552.450108,100,18854.001893
-40476.059944,100,18854.495697
-38463.609955,100,18855.004023
-44455.300106,100,18855.529722
-44329.41996,100,18856.049614
-43611.960011,100,18856.548972
-41692.329971,100,18857.051454
-45364.569981,100,18857.54978
-43048.709976,100,18858.051072
-49413.969971,100,18858.551034
-42623.02005,100,18859.050478
-46469.28997,100,18859.547816
-48632.29998,100,18860.047722
-44577.889961,100,18860.550122
-46599.950054,100,18861.232548
-44452.43998,100,18861.732939
-44680.959999,100,18862.230765
-38990.920002,100,18862.74035
-47933.700001,100,18863.230221
-51702.479984,100,18863.719772
-46862.130066,100,18864.202012
-37905.919956,100,18877.247928
-46700.080036,100,18877.730891
-46181.029984,100,18878.212766
-37853.399971,100,18878.69135
-50350.809975,100,18879.167425
-41700.510006,100,18879.643038
-53517.470013,100,18880.12014
-41981.309975,100,18880.607602
-47545.769917,100,18881.141166
-41851.299957,100,18881.637508
-46869.330097,100,18882.11445
-45735.560013,100,18882.625188
-42718.170025,100,18883.102016
-46081.829971,100,18883.579351
-44061.659977,100,18884.057106
-56184.970043,100,18884.538698
-50613.670048,100,18885.036404
-46539.120033,100,18885.538343
-46418.040024,100,18886.025818
-45492.189991,100,18886.530363
-36876.060017,100,18896.237253
-46839.130032,100,18896.737032
-42653.479916,100,18897.233796
-44599.25,100,18897.71772
-48478.079994,100,18898.199653
-39701.120007,100,18898.682686
-39582.730087,100,18899.165743
-41068.679974,100,18899.646494
-45748.290009,100,18900.129121
-40105.039955,100,18900.612537
-45860.979992,100,18901.155819
-42002.560024,100,18901.644224
-46208.719967,100,18902.126102
-44723.300034,100,18902.612199
-49669.939995,100,18903.099343
-45903.150032,100,18903.579526
-46351.239948,100,18904.073196
-41879.209942,100,18904.566702
-48849.610001,100,18905.064145
-43051.329979,100,18905.560835
-36742.539955,100,18906.06908
-42751.220032,100,18919.762578
-43339.429993,100,18920.245973
-38939.029957,100,18920.73003
-40810.319973,100,18921.229387
-43413.269985,100,18921.716615
-43892.019966,100,18922.216121
-41455.989971,100,18922.731857
-45294.48,100,18923.233121
-39502.479984,100,18923.732433
-44933.060043,100,18924.221761
-44766.980019,100,18924.713179
-46733.190014,100,18925.207133
-46636.220039,100,18925.708489
-36878.219975,100,18926.204921
-42410.780041,100,18926.696931
-52180.690014,100,18927.188942
-43359.049934,100,18927.676638
-51489.799999,100,18928.16014
-52515.929989,100,18928.645607
-44617.029964,100,18929.12815
-43350.389954,100,18940.825636
-50659.98003,100,18941.326113
-45756.829967,100,18941.810667
-47157.880005,100,18942.29182
-46759.389969,100,18942.794043
-43185.100029,100,18943.293486
-40026.809948,100,18943.776972
-45200.340031,100,18944.260316
-45805.470047,100,18944.745348
-37893.439968,100,18945.249904
-40401.569962,100,18945.74599
-44985.589931,100,18946.226553
-44425.159946,100,18946.707876
-38238.14999,100,18947.19959
-44279.120003,100,18947.682695
-48144.990002,100,18948.172155
-48378.07996,100,18948.654457
-47576.530025,100,18949.137317
-51187.77,100,18949.623725
-35855.940048,100,18950.108742
-49620.629971,100,18950.595465
-40248.209995,100,18962.761502
-54761.910019,100,18963.249891
-49065.779987,100,18963.755059
-47363.010036,100,18964.267318
-38420.990013,100,18964.766001
-42141.040039,100,18965.271069
-45578.849998,100,18965.771603
-36939.770008,100,18966.266404
-44750.470043,100,18966.757874
-44663.960068,100,18967.24402
-42501.340023,100,18967.73319
-44948.480011,100,18968.218062
-48296.060017,100,18968.700384
-46019.299976,100,18969.18512
-47199.36998,100,18969.666951
-46779.210102,100,18970.150422
-44329.119942,100,18970.632104
-50217.939983,100,18971.134715
-42313.10997,100,18971.625799
-46510.309978,100,18972.108898
-48691.499962,100,18981.848123
-39697.369934,100,18982.342859
-41073.09996,100,18982.832639
-44196.890007,100,18983.323106
-46291.980064,100,18983.812479
-40886.739956,100,18984.300714
-41291.920017,100,18984.7919
-47408.889935,100,18985.300638
-52585.750076,100,18985.816424
-51318.070122,100,18986.298963
-44350.990067,100,18986.772446
-43403.229984,100,18987.248078
-44998.869984,100,18987.720549
-46827.200005,100,18988.194865
-44785.30003,100,18988.668921
-39280.519951,100,18989.141142
-39074.359993,100,18989.613164
-42087.799911,100,18990.086512
-42400.330017,100,18990.565368
-45389.549976,100,18991.044224
-44656.589977,100,18991.523854
-49500.39003,100,19004.450119
-53682.349976,100,19005.030456
-37002.449989,100,19005.584645
-52876.520058,100,19006.107587
-47699.809986,100,19006.616146
-46648.429985,100,19007.105087
-40625.419952,100,19007.597341
-55180.540028,100,19008.088255
-39780.419964,100,19008.578384
-46659.579948,100,19009.065824
-39729.330082,100,19009.553077
-38729.449955,100,19010.041137
-46275.560135,100,19010.539475
-44365.160065,100,19011.028873
-40141.780041,100,19011.520423
-51155.000004,100,19012.015236
-32302.489964,100,19012.504256
-35724.730022,100,19013.007378
-41147.450008,100,19013.500258
-38555.289974,100,19013.989255
-47127.459969,100,19022.820016
-46050.560001,100,19023.058191
-48638.059959,100,19023.27445
-36824.739986,100,19023.495968
-43668.219967,100,19023.701629
-48149.610023,100,19023.908811
-42164.869934,100,19024.148418
-45673.329971,100,19024.356408
-40343.079948,100,19024.573707
-51616.380028,100,19024.806076
-39702.33997,100,19025.057113
-43314.27002,100,19025.331717
-48182.690025,100,19025.555084
-43803.11002,100,19025.773808
-47914.060085,100,19025.988923
-50067.439976,100,19026.199577
-46117.49995,100,19026.410424
-46152.43996,100,19026.617145
-45463.209969,100,19026.827185
-44634.630016,100,19027.043489
-46792.619942,100,19038.165178
-39855.680038,100,19038.776262
-50825.38998,100,19039.522989
-46999.98,100,19040.08072
-42048.639988,100,19040.601904
-46196.270035,100,19041.109006
-43601.830006,100,19041.600034
-43896.809967,100,19042.113005
-41009.999985,100,19042.600534
-41985.790024,100,19043.087504
-40646.150043,100,19043.59011
-45630.539955,100,19044.075311
-40302.040028,100,19044.558349
-30721.200005,100,19045.047113
-51494.589993,100,19045.554019
-46668.900021,100,19046.0421
-35416.559971,100,19087.351914
-43505.649967,100,19087.838591
-42988.379971,100,19088.341617
-45543.970062,100,19088.85366
-46198.919991,100,19089.350521
-43685.629932,100,19098.852784
-45249.900047,100,19099.069459
-41798.649956,100,19099.27645
-47491.350025,100,19099.493635
-45941.740082,100,19099.707889
-43622.220078,100,19099.91294
-48946.910023,100,19100.140563
-39675.199986,100,19100.349624
-45350.649948,100,19100.568218
-50726.810024,100,19100.770978
-39259.719955,100,19100.97363
-43040.339901,100,19101.188045
-39661.789936,100,19101.39631
-49410.94006,100,19101.608016
-53206.260014,100,19101.818807
-44218.939995,100,19102.027509
-41632.360016,100,19102.233198
-40139.469948,100,19102.463417
-44998.150043,100,19102.670453
-45918.959938,100,19102.877568
-49493.360039,100,19113.007938
-44029.339935,100,19113.50722
-41514.880028,100,19113.986123
-47470.220032,100,19114.47187
-44630.599979,100,19114.967043
-41785.370014,100,19115.469064
-40692.879955,100,19115.953813
-49299.85001,100,19116.43273
-40441.679996,100,19116.908884
-45801.590054,100,19117.384844
-48626.450062,100,19117.866169
-40108.230015,100,19118.347862
-46239.330002,100,19118.836646
-47360.420113,100,19119.766411
-45995.999989,100,19120.472432
-46221.989986,100,19121.182717
-44191.950062,100,19121.803707
-49894.850018,100,19122.466208
-46735.31002,100,19123.013496
-40148.219978,100,19123.548183
-37105.050034,100,19124.170738
-46321.210049,100,19134.925673
-44603.300098,100,19135.411106
-35527.019962,100,19135.897144
-44076.549976,100,19136.371249
-39024.159935,100,19136.84605
-39602.259937,100,19137.32714
-49460.590111,100,19137.812569
-48190.939964,100,19138.28681
-40463.549961,100,19138.769378
-41243.109966,100,19139.241948
-51178.360054,100,19139.733166
-40857.329998,100,19140.208082
-45890.089981,100,19140.688204
-48226.030006,100,19141.154825
-37496.430027,100,19141.633333
-41445.47002,100,19142.105108
-42507.499973,100,19142.582099
-49629.220051,100,19143.060547
-50801.659977,100,19143.547973
-51758.690052,100,19144.041774
-42565.190048,100,19155.346253
-50811.770042,100,19155.875561
-44469.819977,100,19156.3692
-40931.910015,100,19156.857995
-42165.810055,100,19157.343142
-42491.32996,100,19157.856016
-48344.78997,100,19158.346468
-36046.099991,100,19158.837912
-36329.369972,100,19159.327502
-48694.230095,100,19159.813547
-39830.879986,100,19160.300604
-45776.350006,100,19160.997661
-47532.900021,100,19161.737088
-41910.989956,100,19163.03953
-55138.880039,100,19163.804776
-45510.329945,100,19164.324726
-40832.489952,100,19164.848422
-53562.96006,100,19165.679507
-39480.260025,100,19166.219983
-52756.779999,100,19166.842546
-36521.979988,100,19167.383581
-42354.820057,100,19177.282288
-41387.37999,100,19177.507051
-40741.349926,100,19177.731865
-45621.520035,100,19177.945897
-38890.880001,100,19178.171093
-47242.510029,100,19178.387882
-38084.299953,100,19178.606163
-39509.329945,100,19178.828729
-45070.219955,100,19179.044444
-46299.420017,100,19179.268932
-46536.73011,100,19179.485803
-43936.680012,100,19179.699199
-42322.349987,100,19179.910843
-47593.390102,100,19180.125266
-37556.469933,100,19180.347109
-41595.939991,100,19180.56746
-45796.429974,100,19180.782217
-45331.780041,100,19180.996902
-49258.170094,100,19181.214375
-51050.159973,100,19181.436092
-41695.37999,100,19191.585595
-44238.879906,100,19191.845382
-48948.380016,100,19192.074125
-44785.379974,100,19192.293263
-44566.739922,100,19192.509945
-43128.839977,100,19192.724728
-45669.690048,100,19192.926162
-43695.869995,100,19193.157959
-39745.990017,100,19193.362437
-43910.990002,100,19193.567778
-37119.799976,100,19193.780117
-41722.579979,100,19193.992368
-38955.700001,100,19194.203668
-40599.529995,100,19194.412248
-50138.400005,100,19194.623855
-47641.610058,100,19194.844624
-43100.719994,100,19195.089033
-48439.14003,100,19195.31676
-43947.479935,100,19195.542578
-42805.460014,100,19195.755975
-46131.259998,100,19195.971962
-41361.780003,100,19205.277855
-40146.849987,100,19205.706331
-40585.940018,100,19206.107252
-39675.44009,100,19206.765584
-40291.010029,100,19207.33185
-47829.320019,100,19207.848966
-41135.199963,100,19208.394609
-45956.470078,100,19208.937333
-47614.919994,100,19209.43724
-43209.569973,100,19209.928083
-41819.799957,100,19210.405322
-37386.779957,100,19210.88033
-44024.990047,100,19211.365302
-42770.76997,100,19211.852864
-42213.430019,100,19212.341622
-42321.179962,100,19212.827888
-43848.610073,100,19213.358507
-43455.409977,100,19213.878941
-40273.729965,100,19214.390858
-43669.900078,100,19214.882517
-49026.460018,100,19225.904914
-39594.500015,100,19226.398484
-43322.369926,100,19226.905038
-45633.719982,100,19227.393966
-41616.090057,100,19227.887961
-43730.730015,100,19228.374226
-41665.910049,100,19228.868373
-50594.659969,100,19229.363005
-41117.779968,100,19229.860253
-44899.569996,100,19230.351934
-45814.950047,100,19230.845751
-40258.599972,100,19231.332974
-39930.339954,100,19231.822698
-50991.000031,100,19232.303228
-44112.689976,100,19232.780544
-44887.400002,100,19233.258186
-43278.250004,100,19233.750835
-42577.559971,100,19234.233651
-47924.759987,100,19234.595664
-48028.500042,100,19234.818399
-42916.139977,100,19235.050073
-47750.819988,100,19247.406499
-54257.940075,100,19247.975595
-48849.61005,100,19248.489518
-47861.409954,100,19249.076615
-52589.110004,100,19249.672678
-44531.280064,100,19250.181988
-42184.849987,100,19250.68147
-47036.760063,100,19251.170189
-52912.41008,100,19251.666068
-49121.200092,100,19252.17203
-37307.409977,100,19252.663583
-34673.640083,100,19253.158531
-48824.109989,100,19253.648589
-44791.52005,100,19254.164895
-53153.17009,100,19254.658967
-41092.859959,100,19255.367415
-40778.800007,100,19255.781936
-48506.210011,100,19256.152211
-41896.119984,100,19256.381061
-46764.289997,100,19256.609482
-52100.940063,100,19266.238624
-47496.920033,100,19266.740207
-56858.650105,100,19267.229787
-41339.910011,100,19267.726173
-47964.050022,100,19268.210967
-44820.580029,100,19268.694079
-53331.50008,100,19269.17681
-45503.619972,100,19269.664541
-49157.13995,100,19270.149471
-44483.919964,100,19270.632904
-43243.86998,100,19271.120527
-46477.660042,100,19271.614085
-39434.180061,100,19272.106987
-50034.549946,100,19272.593859
-39596.819973,100,19273.079656
-41187.339939,100,19273.581099
-39163.529991,100,19274.074378
-43811.989964,100,19274.566918
-41343.900005,100,19275.066124
-40568.929996,100,19275.570832
-39735.269997,100,19276.061257
-42397.759956,100,19285.604956
-46646.229996,100,19286.101477
-43637.769981,100,19287.071017
-47267.430023,100,19287.616992
-44076.569996,100,19288.687661
-50167.750069,100,19289.279691
-38904.019978,100,19289.791313
-46620.079952,100,19290.492113
-41299.089989,100,19291.203497
-47425.670067,100,19291.742836
-44541.060028,100,19292.24489
-38499.039982,100,19292.728818
-41662.819969,100,19293.212457
-50278.050041,100,19293.695896
-47157.960114,100,19294.177792
-42273.999985,100,19294.693365
-38869.600029,100,19295.186111
-36800.019955,100,19295.693516
-40862.14999,100,19296.175913
-43354.650017,100,19296.661583
-42235.439987,100,19307.899068
-43314.409954,100,19308.142109
-47749.239994,100,19308.37122
-52379.729992,100,19308.601823
-46577.420006,100,19308.822981
-43878.919937,100,19309.042009
-46570.700024,100,19309.261831
-48441.950008,100,19309.487475
-41482.529972,100,19309.714581
-43425.560013,100,19309.934445
-39567.080013,100,19310.15077
-48432.969933,100,19310.373141
-35175.049999,100,19310.593475
-38091.169975,100,19310.819331
-39384.340015,100,19311.041253
-39164.879951,100,19311.262836
-42600.980034,100,19311.491027
-37164.259972,100,19311.714462
-40595.94997,100,19311.939069
-47827.220066,100,19312.158103
-46828.800037,100,19312.37842
-42879.599968,100,19321.940581
-38805.939957,100,19322.159548
-43365.889931,100,19322.372211
-40523.360023,100,19322.600796
-43647.199997,100,19322.810112
-37138.599983,100,19323.031753
-49495.910053,100,19323.248675
-40369.130032,100,19323.469093
-46652.509975,100,19323.681622
-38701.560005,100,19323.907536
-40253.47998,100,19324.123292
-45704.829967,100,19324.337145
-40038.099934,100,19324.561241
-39179.279968,100,19324.799229
-36938.35997,100,19325.05174
-43248.220024,100,19325.300884
-41386.729969,100,19325.530905
-45334.200001,100,19325.750322
-42098.189926,100,19325.971234
-38245.679955,100,19326.183788
-41614.759998,100,19338.512702
-41149.460014,100,19338.773841
-37748.259953,100,19339.0371
-47376.770054,100,19339.29099
-41704.519936,100,19339.541611
-50008.180065,100,19339.777907
-37779.29998,100,19340.014564
-44160.509907,100,19340.240057
-45433.40004,100,19340.466864
-34655.53997,100,19340.685468
-43766.67997,100,19340.89645
-45928.50005,100,19341.105061
-48922.520023,100,19341.318138
-50200.729961,100,19341.557542
-46907.009949,100,19341.776916
-38599.909969,100,19341.993047
-45313.969955,100,19342.203448
-46861.770042,100,19342.425691
-47468.569992,100,19342.636581
-41934.049988,100,19342.845249
-39350.719986,100,19343.051778
-52771.009998,100,19353.276211
-53280.459995,100,19353.496854
-34873.100044,100,19353.702683
-54133.87009,100,19353.907186
-46291.100124,100,19354.114857
-37699.63998,100,19354.345825
-47853.309982,100,19354.590166
-37364.199978,100,19354.902158
-44228.669975,100,19355.225717
-44828.140015,100,19355.488478
-48275.020008,100,19355.707439
-41756.139957,100,19355.936262
-49903.360035,100,19356.144759
-46362.690006,100,19356.357692
-43966.780003,100,19356.564651
-46148.390045,100,19356.769257
-44338.969997,100,19356.98817
-55540.369949,100,19357.195855
-38638.859932,100,19357.413488
-45312.780056,100,19357.620016
-38620.259979,100,19367.899592
-40680.999966,100,19368.386225
-49263.939968,100,19368.864977
-39224.930031,100,19369.346867
-41000.129986,100,19369.823474
-54108.27,100,19370.681556
-46371.470009,100,19370.934155
-46504.849941,100,19371.161076
-51419.580036,100,19371.568178
-37146.240017,100,19372.018034
-43025.280064,100,19372.883641
-44330.07996,100,19373.427123
-44105.459999,100,19373.950076
-37851.799965,100,19375.101631
-50420.560036,100,19375.726598
-40559.779942,100,19376.219154
-50683.41996,100,19376.716262
-47539.09993,100,19377.198092
-33883.659988,100,19377.682834
-41651.949978,100,19378.162401
-41697.729961,100,19378.64148
-37682.850002,100,19388.605191
-42915.210007,100,19388.824839
-46151.820019,100,19389.040084
-50728.830006,100,19389.255084
-48772.479954,100,19389.47339
-38268.090137,100,19389.686454
-50308.669998,100,19389.898581
-42295.629978,100,19390.112165
-45087.439949,100,19390.319878
-47160.130085,100,19390.533404
-48867.769997,100,19390.758917
-49526.040054,100,19390.970918
-54063.610012,100,19391.189559
-39981.539982,100,19391.396482
-47408.790009,100,19391.624159
-45968.590004,100,19391.838911
-49097.560089,100,19392.047523
-39241.610023,100,19392.257245
-35820.589966,100,19392.468704
-39749.350002,100,19392.684833
-40936.609997,100,19402.131153
-46246.640041,100,19402.628504
-51677.600056,100,19403.117896
-36610.259937,100,19403.611397
-48492.759956,100,19404.100173
-52088.130074,100,19404.588648
-42178.67009,100,19405.113948
-42340.809971,100,19405.623235
-43676.710022,100,19406.137985
-48898.629967,100,19406.633137
-42493.32,100,19407.123802
-43333.54007,100,19407.617567
-50356.939934,100,19408.105543
-45997.030067,100,19408.596466
-51000.799976,100,19409.085861
-41055.189976,100,19409.574644
-46454.840088,100,19410.064431
-42261.349941,100,19410.570002
-50064.870075,100,19411.059937
-36779.949928,100,19411.549491
-51088.949997,100,19412.046707
-43330.829975,100,19425.588564
-42828.379978,100,19426.079041
-43957.540001,100,19426.557158
-39216.020031,100,19427.036974
-34904.289982,100,19427.513185
-35415.70998,100,19427.992747
-46991.809978,100,19428.469422
-39403.129974,100,19428.953186
-44533.180004,100,19429.427893
-41983.029987,100,19429.905047
-47683.17001,100,19430.380243
-46187.289963,100,19430.859951
-41040.150002,100,19431.350868
-45599.16996,100,19431.841499
-44019.429996,100,19432.318062
-45706.11998,100,19432.79326
-43951.089951,100,19433.274382
-45117.460026,100,19433.757262
-48466.859982,100,19434.232213
-43389.530064,100,19434.720641
-49586.039993,100,19446.263124
-42035.079956,100,19446.751631
-38439.490005,100,19447.233067
-47810.99004,100,19447.718544
-49879.819962,100,19448.199027
-42009.239971,100,19448.678679
-46859.530025,100,19449.18298
-44999.529995,100,19449.670963
-43362.610023,100,19450.155106
-43873.200047,100,19450.635749
-44835.160023,100,19451.11852
-39836.67997,100,19451.599187
-42144.399998,100,19452.085364
-43482.849991,100,19452.568764
-39644.910053,100,19453.049986
-45206.640099,100,19453.531195
-43513.949978,100,19454.014162
-40313.519924,100,19455.588233
-51213.989929,100,19456.417019
-44876.679935,100,19457.008386
-45548.640091,100,19457.794086
-43419.420017,100,19471.415331
-39742.380009,100,19471.917505
-42280.270081,100,19472.420008
-46171.329987,100,19472.922994
-45114.480003,100,19473.420924
-45568.53001,100,19473.921099
-47795.369972,100,19474.420825
-38443.620022,100,19474.962872
-44912.289951,100,19475.488929
-47188.839958,100,19475.995011
-38656.400002,100,19476.480766
-47790.559971,100,19476.967773
-38891.680046,100,19477.453006
-48718.900074,100,19477.939522
-45105.049995,100,19478.42704
-39023.629982,100,19478.919677
-42075.700008,100,19479.402369
-55876.530094,100,19479.887765
-41074.359978,100,19480.370938
-44950.320053,100,19480.865517
-46201.449989,100,19491.401548
-45885.500027,100,19491.634094
-46673.849945,100,19491.856582
-42327.850018,100,19492.082189
-53553.320019,100,19492.296072
-48988.700035,100,19492.516514
-45509.840008,100,19492.741621
-49034.209991,100,19492.955943
-49148.719982,100,19493.170361
-37424.100002,100,19493.378217
-35358.139984,100,19493.599207
-40515.849991,100,19493.819004
-42863.059971,100,19494.039291
-38920.209965,100,19494.25549
-36906.47002,100,19494.47236
-40452.870026,100,19494.701491
-45010.379967,100,19494.925474
-42745.149925,100,19495.186535
-43241.449955,100,19495.434387
-41024.899952,100,19495.671936
-42598.310036,100,19495.889925
-51084.710041,100,19508.964429
-51707.830013,100,19509.466377
-45011.660053,100,19509.951589
-44674.149963,100,19510.443688
-46433.88002,100,19510.939136
-43378.540031,100,19511.429595
-45172.190056,100,19511.922108
-51452.040096,100,19512.409818
-45698.450012,100,19512.898036
-48110.88002,100,19513.38151
-48967.170017,100,19513.875345
-43065.379971,100,19514.36025
-40110.319988,100,19514.849913
-41139.219959,100,19515.364987
-48671.800121,100,19515.863126
-35840.620022,100,19516.353558
-45081.229958,100,19516.845048
-50509.45005,100,19517.330598
-47146.070045,100,19517.817113
-45694.970081,100,19518.301078
-35256.049999,100,19528.32381
-40647.529949,100,19528.558412
-48503.07999,100,19528.785615
-44331.82999,100,19529.026794
-43468.640015,100,19529.25216
-39394.589954,100,19529.481696
-39243.050014,100,19529.708982
-52712.259979,100,19529.933744
-45014.129974,100,19530.161141
-41993.870007,100,19530.38925
-48356.989986,100,19530.614145
-41475.880074,100,19530.837786
-42866.429939,100,19531.060946
-36732.029953,100,19531.283029
-44685.669937,100,19531.50932
-43878.890022,100,19531.737124
-46268.779995,100,19531.958803
-40994.210018,100,19532.186371
-44908.800056,100,19532.408818
-49593.749969,100,19532.629725
-34879.719944,100,19544.777702
-53578.680012,100,19545.291025
-39099.049976,100,19545.816341
-41241.509995,100,19546.31557
-51376.60001,100,19588.642226
-46264.439972,100,19588.864041
-43312.129978,100,19589.084601
-48481.530048,100,19589.304919
-40827.609989,100,19589.527315
-40620.71999,100,19589.790628
-44850.839989,100,19590.201858
-37805.780006,100,19590.633947
-51574.600079,100,19591.047923
-38725.229961,100,19591.357961
-43484.700005,100,19591.613682
-44585.800049,100,19591.83895
-46415.340004,100,19592.062304
-43782.919983,100,19592.282942
-44555.570015,100,19592.514127
-49538.019943,100,19592.743707
-48982.959934,100,19592.971448
-47032.890087,100,19601.76413
-39700.329952,100,19601.989738
-48245.020012,100,19602.205438
-52865.900089,100,19602.420418
-51638.920029,100,19602.631552
-46862.970058,100,19602.84223
-47088.289974,100,19603.048912
-36537.59996,100,19603.254866
-39945.279999,100,19603.542924
-46973.970013,100,19604.01292
-47525.830051,100,19604.477892
-36478.549965,100,19604.961813
-50926.779942,100,19605.448603
-49607.729939,100,19605.935405
-37851.059975,100,19606.179908
-47337.540016,100,19606.393457
-37121.079967,100,19606.604021
-45093.319992,100,19606.838172
-37843.319935,100,19607.056826
-47928.450085,100,19607.268744
-40698.759937,100,19616.655979
-45340.07996,100,19617.173523
-43641.439983,100,19617.670444
-41460.939976,100,19618.157521
-39627.320004,100,19618.642687
-43186.070045,100,19619.132948
-42060.810051,100,19619.620637
-44136.590065,100,19620.112038
-47674.239994,100,19620.598338
-42231.470024,100,19621.083605
-48532.159988,100,19621.571765
-54885.480019,100,19622.55604
-52952.410015,100,19623.077631
-53502.120041,100,19624.010445
-42989.269989,100,19624.585933
-38938.099976,100,19625.597551
-57551.800079,100,19625.947302
-42983.959961,100,19626.23204
-42027.680016,100,19626.467772
-36425.069958,100,19626.727245
-41909.449993,100,19626.961855
-43388.880005,100,19636.840995
-47978.249966,100,19637.074306
-42446.289997,100,19637.285653
-52196.860069,100,19637.497336
-51622.050011,100,19637.708676
-42996.01004,100,19637.916619
-48116.469986,100,19638.130338
-46887.799992,100,19638.347107
-42402.639961,100,19638.562068
-37460.509964,100,19638.77909
-45303.279945,100,19638.992384
-48246.900055,100,19639.203213
-42050.559937,100,19639.415642
-46948.320034,100,19639.625052
-43282.669983,100,19639.838651
-37520.330032,100,19640.043362
-40542.689987,100,19640.250603
-46789.029987,100,19640.461322
-44351.470016,100,19640.670833
-45783.360035,100,19640.882601
-47724.279972,100,19651.270756
-48634.990128,100,19651.764834
-40361.269974,100,19652.242413
-50042.819977,100,19652.740969
-46410.360027,100,19653.221384
-43435.950001,100,19653.705073
-43235.460041,100,19654.183639
-43588.229954,100,19654.682839
-41939.660042,100,19655.166384
-39868.709972,100,19655.666427
-47987.679996,100,19656.155754
-45210.859962,100,19656.637064
-52684.92012,100,19657.137872
-45655.719997,100,19657.621314
-49606.639973,100,19658.105447
-39684.909985,100,19658.584938
-46967.219982,100,19659.078218
-35386.759995,100,19659.563637
-48814.170086,100,19660.044202
-47909.080002,100,19660.522772
-51621.370029,100,19661.004446
-44278.919983,100,19673.689984
-38144.660015,100,19673.919353
-32685.369976,100,19674.155179
-47806.279987,100,19674.467558
-42714.349987,100,19674.898609
-43958.090012,100,19675.336834
-41486.669956,100,19675.764408
-47373.640022,100,19676.060083
-40865.490002,100,19676.297816
-41036.23996,100,19676.526742
-49643.830017,100,19676.746399
-43235.679977,100,19677.00161
-42716.670029,100,19677.233999
-43686.260014,100,19677.45985
-36832.139996,100,19677.695125
-43053.820087,100,19677.920422
-52994.590069,100,19678.144581
-43356.829987,100,19678.363431
-39178.749985,100,19678.589796
-40961.949989,100,19678.814799
-49918.220001,100,19688.723792
-48050.250019,100,19688.965646
-43396.450016,100,19689.184585
-40122.929993,100,19689.397572
-38353.019985,100,19689.607929
-46799.859989,100,19689.810983
-47263.080013,100,19690.01819
-49162.520023,100,19690.224777
-41220.790062,100,19690.440144
-48803.310028,100,19690.648042
-43168.089947,100,19690.857821
-41716.709984,100,19691.075321
-47462.600071,100,19691.279758
-42302.300026,100,19691.48789
-45875.489983,100,19691.694064
-39161.059929,100,19691.914134
-48949.230038,100,19692.127362
-41854.860058,100,19692.336588
-43061.390018,100,19692.545112
-39593.269985,100,19692.751092
-49835.499992,100,19692.966561
-48206.600018,100,19703.578986
-44148.709976,100,19704.070958
-47530.27,100,19704.555159
-47394.529968,100,19705.067324
-44427.370075,100,19705.569885
-40435.03997,100,19706.089541
-41600.950024,100,19707.036177
-44804.389961,100,19707.691883
-41687.219975,100,19708.483747
-39402.949989,100,19708.760686
-46696.880047,100,19709.000948
-37510.059967,100,19709.443959
-43143.139946,100,19709.717129
-44428.699974,100,19710.026742
-42909.000011,100,19710.372887
-36754.729973,100,19710.668425
-45050.250015,100,19711.023166
-50485.890053,100,19711.305417
-46693.720085,100,19711.539593
-47325.479984,100,19711.756178
-44028.199978,100,19721.921665
-45953.559994,100,19722.410749
-43274.990078,100,19722.883308
-45743.820038,100,19723.35631
-45771.470016,100,19723.832582
-36710.119965,100,19724.307558
-39356.889957,100,19724.784743
-45573.30999,100,19725.276063
-45126.380051,100,19725.769034
-45526.78997,100,19726.253036
-39292.769966,100,19726.730138
-44414.540001,100,19727.23325
-42731.519943,100,19727.714661
-47506.229969,100,19728.189605
-48863.009972,100,19728.663425
-42608.799973,100,19729.142761
-40214.379993,100,19729.624524
-42288.830017,100,19730.100862
-39524.599972,100,19730.575646
-47123.780094,100,19731.051627
-43166.179989,100,19731.528829
-35672.97998,100,19740.861641
-38425.689983,100,19741.349065
-48912.059971,100,19741.832091
-42142.770042,100,19742.332923
-46341.950085,100,19742.815498
-37815.130001,100,19743.299135
-49099.880043,100,19743.789392
-40692.940037,100,19744.275913
-44301.319969,100,19744.816329
-49127.44001,100,19745.33002
-43728.590042,100,19745.826801
-43171.099998,100,19746.315808
-35855.149994,100,19746.806029
-44631.259949,100,19747.318548
-42423.849979,100,19747.819128
-54968.130043,100,19748.75086
-51039.490021,100,19749.475914
-37300.46994,100,19750.337674
-44190.890068,100,19750.940419
-48516.560059,100,19751.735659
-43089.75,100,19761.939103
-44543.259968,100,19762.435189
-41500.940048,100,19762.91177
-42943.399979,100,19763.386066
-52321.420166,100,19763.86055
-50581.610081,100,19764.335027
-55536.569946,100,19764.817659
-39688.720001,100,19765.310816
-45804.800133,100,19765.811377
-41767.189976,100,19766.293844
-45149.230026,100,19766.783458
-40559.319992,100,19767.262552
-47856.380013,100,19767.74052
-43624.660061,100,19768.220305
-40164.129982,100,19768.694872
-41058.27998,100,19769.177568
-43268.689983,100,19769.651915
-39961.370083,100,19770.136502
-39305.859962,100,19770.610675
-41190.160049,100,19771.087063
-37640.70005,100,19771.56094
-48232.57999,100,19781.001478
-42827.71006,100,19781.231028
-48457.409946,100,19781.452725
-49387.220024,100,19781.664605
-44486.700005,100,19781.871963
-49169.700069,100,19782.088795
-42584.18,100,19782.308007
-48485.939972,100,19782.521831
-37742.110001,100,19782.72903
-46051.469994,100,19782.930253
-44697.530033,100,19783.143384
-49832.089993,100,19783.361042
-37742.839973,100,19783.58766
-36243.660015,100,19783.796125
-40851.559982,100,19784.013037
-45534.770039,100,19784.220667
-41309.050022,100,19784.444702
-49424.840004,100,19784.666866
-46725.649994,100,19784.886372
-47043.690029,100,19785.124021
-46416.999973,100,19796.296004
-44048.749985,100,19796.802171
-45558.870041,100,19797.295567
-41966.480011,100,19797.786494
-53348.640022,100,19798.273193
-43290.800041,100,19798.770681
-37354.680031,100,19799.26149
-40705.21999,100,19799.751557
-50028.339939,100,19800.24493
-39421.529995,100,19800.738791
-48000.009975,100,19801.257007
-46246.800072,100,19801.776169
-44143.080029,100,19802.277124
-47307.799988,100,19802.767114
-46713.229973,100,19803.26534
-48329.569962,100,19803.771319
-42439.040047,100,19804.258662
-49827.549961,100,19804.7489
-42564.439949,100,19805.251052
-43371.699951,100,19805.751
-43129.720001,100,19806.238476
-40506.679996,100,19816.854243
-41090.499958,100,19817.355307
-35519.460007,100,19817.847393
-39725.589977,100,19818.360317
-42714.18998,100,19818.84659
-45201.030029,100,19819.333218
-41069.540058,100,19819.822991
-52681.879967,100,19820.310455
-45079.449974,100,19820.798603
-40931.489983,100,19821.291762
-46334.949974,100,19821.780998
-40734.640099,100,19822.265805
-49104.419979,100,19822.753863
-43441.149918,100,19823.242193
-50051.439972,100,19823.736982
-50959.860008,100,19824.225586
-42330.379982,100,19824.714096
-46126.509979,100,19825.212904
-46974.28994,100,19825.716151
-41070.910004,100,19826.207318
-42889.550011,100,19838.372004
-36546.200005,100,19838.596329
-39058.080013,100,19838.812608
-48275.35994,100,19839.028292
-43833.470005,100,19839.232333
-45811.100002,100,19839.444163
-44462.479969,100,19839.655792
-52935.420082,100,19839.862623
-54526.409943,100,19840.087018
-42350.400024,100,19840.303046
-45321.239937,100,19840.513121
-45276.280014,100,19840.722779
-42179.159962,100,19840.931084
-45229.73008,100,19841.145969
-49642.920025,100,19841.356799
-45438.190022,100,19841.566123
-40923.610073,100,19841.782587
-37400.060017,100,19841.992663
-51032.949993,100,19842.231712
-45688.320057,100,19842.604562
-42728.930008,100,19842.983416
-37876.560005,100,19853.133346
-39869.799931,100,19853.344567
-49430.989925,100,19853.555216
-42463.589958,100,19853.759807
-40158.0,100,19853.975422
-45096.139973,100,19854.187922
-48863.10997,100,19854.396097
-52422.230091,100,19854.608777
-36301.620064,100,19854.835947
-49122.570004,100,19855.091921
-41397.869965,100,19855.323615
-49353.019958,100,19855.549886
-44088.960033,100,19855.775862
-44567.749996,100,19855.988262
-41928.230019,100,19856.206111
-47656.399975,100,19856.419261
-42972.330013,100,19856.628256
-38305.919968,100,19856.837864
-40017.320007,100,19857.071081
-41358.97995,100,19857.284405
-44145.290024,100,19866.086105
-35419.789993,100,19866.32533
-43459.989941,100,19866.557362
-46297.969967,100,19866.784207
-42739.399975,100,19867.012146
-39286.340004,100,19867.245433
-40724.199982,100,19867.473735
-45790.650002,100,19867.700675
-45777.870106,100,19867.9267
-43148.240009,100,19868.143688
-40285.479958,100,19868.419095
-50648.769985,100,19868.904058
-46862.729988,100,19869.378517
-39866.02998,100,19869.855933
-48089.430027,100,19870.331601
-41078.799999,100,19870.807101
-41898.099983,100,19871.284377
-44413.510048,100,19871.763149
-42109.710041,100,19872.239481
-38787.779945,100,19872.723758
-43490.340008,100,19873.21357
-44975.110004,100,19886.3316
-50685.499939,100,19886.816369
-47714.989971,100,19887.314869
-42379.429935,100,19887.793598
-44958.520008,100,19888.273118
-45389.649933,100,19888.754918
-50289.649982,100,19889.232828
-48890.420033,100,19889.707555
-45913.280048,100,19890.186188
-44021.609997,100,19890.665612
-37525.340004,100,19891.140031
-41040.509983,100,19891.614893
-44889.610012,100,19892.0879
-46016.250023,100,19892.590174
-45692.099972,100,19893.065683
-42125.639969,100,19893.539571
-38276.729996,100,19894.011469
-35319.809933,100,19894.483592
-39502.799942,100,19894.970017
-40221.080086,100,19895.461659
-50805.960056,100,19905.925237
-41901.389977,100,19906.425609
-46657.709984,100,19906.915117
-38003.110001,100,19907.419093
-46158.479996,100,19907.910825
-50094.610004,100,19908.40662
-44497.830059,100,19908.902352
-37378.01001,100,19909.391587
-40323.680107,100,19909.881658
-48389.689922,100,19910.372173
-38428.37994,100,19910.862039
-53240.75005,100,19911.353594
-44391.87999,100,19911.842237
-39081.290054,100,19912.331107
-42898.889988,100,19912.822647
-43390.660004,100,19913.325463
-39072.000019,100,19913.819182
-38573.739937,100,19914.307783
-44335.84,100,19914.803476
-41576.090012,100,19915.306116
-43712.73008,100,19915.805532
-37844.289974,100,19929.009913
-43151.649998,100,19929.502111
-44007.200012,100,19929.986157
-52397.130066,100,19930.471169
-41134.719986,100,19930.96609
-43844.320034,100,19931.455856
-38553.529942,100,19931.938482
-45704.179974,100,19932.425521
-40394.350002,100,19932.905979
-50617.150009,100,19933.392566
-42092.380039,100,19933.878943
-42476.250027,100,19934.361872
-46175.289982,100,19934.861901
-39804.559956,100,19935.345578
-39816.259991,100,19935.844452
-38152.589966,100,19936.336797
-43438.159992,100,19936.825594
-45495.950043,100,19937.314989
-54673.350121,100,19937.800261
-52619.349968,100,19938.282312
-42704.000027,100,19949.717585
-44046.920006,100,19950.21357
-45492.429985,100,19950.705681
-43788.540001,100,19951.19732
-36962.209965,100,19951.688432
-45189.230038,100,19952.174945
-42460.689957,100,19952.660576
-41034.880028,100,19953.146792
-45016.349983,100,19953.636562
-42907.199966,100,19954.124086
-47420.029976,100,19954.616958
-33767.19997,100,19955.120098
-49876.479984,100,19955.620573
-40333.730007,100,19956.110921
-45347.429962,100,19956.603007
-45519.030071,100,19957.091778
-45507.439995,100,19957.590538
-44600.790009,100,19958.084953
-54328.089962,100,19958.900167
-48949.809994,100,19959.160522
-42804.51004,100,19959.460792
-43783.230076,100,19971.393692
-41801.340015,100,19971.883965
-44309.709995,100,19972.368427
-49717.790077,100,19972.853027
-40075.769989,100,19973.335162
-47452.249958,100,19973.81896
-43956.119949,100,19974.304317
-43799.029984,100,19974.811979
-40901.559971,100,19975.316803
-41851.790005,100,19975.815737
-40331.969955,100,19976.301427
-44701.07999,100,19976.792866
-44516.279995,100,19977.276152
-44359.460018,100,19977.766425
-45908.970001,100,19978.24894
-41588.050087,100,19978.740091
-47284.080013,100,19979.238899
-44923.59005,100,19979.747857
-49207.43005,100,19980.231635
-42210.350082,100,19980.725005
-52036.589993,100,19990.320868
-42726.290005,100,19990.553165
-51835.769989,100,19990.772623
-44861.079983,100,19990.984679
-38072.310093,100,19991.195999
-44953.39994,100,19991.416982
-42781.719952,100,19991.632456
-44140.700039,100,19991.847077
-44430.129906,100,19992.057086
-49165.570004,100,19992.274242
-40161.39996,100,19992.503315
-43167.699921,100,19992.719053
-41736.960037,100,19992.934088
-42925.830025,100,19993.162349
-45821.009964,100,19993.38641
-47487.710056,100,19993.605629
-35632.049999,100,19993.813157
-47906.810062,100,19994.023374
-47501.199955,100,19994.237559
-41762.95005,100,19994.485066
-39808.060078,100,19994.809864
-40785.579929,100,20006.57805
-43652.679993,100,20007.147184
-45381.879955,100,20007.641817
-45413.159981,100,20008.133662
-50242.429989,100,20008.621108
-40480.570011,100,20009.122163
-41371.290043,100,20009.608983
-46886.320107,100,20010.097099
-44561.340073,100,20010.58508
-45174.809998,100,20011.075083
-41336.449947,100,20011.581782
-48169.669971,100,20012.09414
-39473.870075,100,20012.599532
-44001.38998,100,20013.113537
-40279.020073,100,20013.606515
-55609.669994,100,20014.094928
-47703.890045,100,20014.582812
-42864.300018,100,20015.08154
-39284.960083,100,20015.584646
-44461.580021,100,20016.075478
-47376.959965,100,20026.764023
-40699.969997,100,20027.262651
-41154.449982,100,20027.755026
-51061.410007,100,20028.250107
-33165.510002,100,20028.740541
-51297.489922,100,20029.234124
-50222.250053,100,20029.73193
-49690.560051,100,20030.219581
-42366.38995,100,20030.718642
-47336.660015,100,20031.205508
-39033.599987,100,20031.693555
-45731.480007,100,20032.181766
-41776.660007,100,20073.850804
-40095.189964,100,20074.054533
-40743.86002,100,20074.258976
-48778.170044,100,20074.519046
-37267.409981,100,20074.826638
-45783.170013,100,20075.076297
-45726.879993,100,20075.30022
-42184.430046,100,20075.531159
