2026-04-18 13:26:24,358 [INFO] DGRL-v7: GNN Policy v3 params: 737,989
2026-04-18 13:26:24,358 [INFO] DGRL-v7: Training 2,000,000 timesteps...
========================================================================
  JO-VDPR DGRL Phase 7 — Static-Adj GNN + Adaptive Lagrangian Penalty
  Topology  : 10 DC Nodes (Hà Nội → Cần Thơ, latency địa lý thực)
  GNN       : Static Adjacency + LayerNorm + Dropout (v3 Policy)
  Reward    : Adaptive λ_msd (≈ Lagrangian Dual) + Switching Cost
  Env       : Processing Latency tỉ lệ MSD utilization
========================================================================
Using cpu device
Wrapping the env in a DummyVecEnv.
Logging to /home/hung8uandj/Study/CoreRouter/src/analytics/../../results/logs/dgrl_v7/PPO_1
---------------------------------
| rollout/           |          |
|    ep_len_mean     | 100      |
|    ep_rew_mean     | 618      |
| time/              |          |
|    fps             | 235      |
|    iterations      | 1        |
|    time_elapsed    | 8        |
|    total_timesteps | 2048     |
---------------------------------
2026-04-18 13:27:10,033 [INFO] DGRL-v7: [AdaptivePenalty] step=4,096 | viol_rate=0.067 (target=0.05) | λ_msd: -300.0 → -300.8
------------------------------------------
| rollout/                |              |
|    ep_len_mean          | 100          |
|    ep_rew_mean          | 935          |
| time/                   |              |
|    fps                  | 89           |
|    iterations           | 2            |
|    time_elapsed         | 45           |
|    total_timesteps      | 4096         |
| train/                  |              |
|    approx_kl            | 0.0080356365 |
|    clip_fraction        | 0.083        |
|    clip_range           | 0.2          |
|    entropy_loss         | -4.6         |
|    explained_variance   | 0.000139     |
|    learning_rate        | 0.0003       |
|    loss                 | 6.81e+04     |
|    n_updates            | 10           |
|    policy_gradient_loss | -0.0104      |
|    value_loss           | 1.5e+05      |
------------------------------------------
-----------------------------------------
| rollout/                |             |
|    ep_len_mean          | 100         |
|    ep_rew_mean          | 918         |
| time/                   |             |
|    fps                  | 76          |
|    iterations           | 3           |
|    time_elapsed         | 79          |
|    total_timesteps      | 6144        |
| train/                  |             |
|    approx_kl            | 0.008263483 |
|    clip_fraction        | 0.0633      |
|    clip_range           | 0.2         |
|    entropy_loss         | -4.59       |
|    explained_variance   | 0.0079      |
|    learning_rate        | 0.0003      |
|    loss                 | 6.08e+04    |
|    n_updates            | 20          |
|    policy_gradient_loss | -0.00796    |
|    value_loss           | 1.36e+05    |
-----------------------------------------
2026-04-18 13:28:16,838 [INFO] DGRL-v7: [AdaptivePenalty] step=8,192 | viol_rate=0.059 (target=0.05) | λ_msd: -300.8 → -301.3
-----------------------------------------
| rollout/                |             |
|    ep_len_mean          | 100         |
|    ep_rew_mean          | 916         |
| time/                   |             |
|    fps                  | 72          |
|    iterations           | 4           |
|    time_elapsed         | 112         |
|    total_timesteps      | 8192        |
| train/                  |             |
|    approx_kl            | 0.006221587 |
|    clip_fraction        | 0.0377      |
|    clip_range           | 0.2         |
|    entropy_loss         | -4.59       |
|    explained_variance   | 0.00105     |
|    learning_rate        | 0.0003      |
|    loss                 | 1.01e+05    |
|    n_updates            | 30          |
|    policy_gradient_loss | -0.00727    |
|    value_loss           | 1.82e+05    |
-----------------------------------------
-----------------------------------------
| rollout/                |             |
|    ep_len_mean          | 100         |
|    ep_rew_mean          | 996         |
| time/                   |             |
|    fps                  | 69          |
|    iterations           | 5           |
|    time_elapsed         | 147         |
|    total_timesteps      | 10240       |
| train/                  |             |
|    approx_kl            | 0.002486851 |
|    clip_fraction        | 0.000977    |
|    clip_range           | 0.2         |
|    entropy_loss         | -4.58       |
|    explained_variance   | 0.00284     |
|    learning_rate        | 0.0003      |
|    loss                 | 5.86e+04    |
|    n_updates            | 40          |
|    policy_gradient_loss | -0.004      |
|    value_loss           | 1.29e+05    |
-----------------------------------------
2026-04-18 13:29:23,671 [INFO] DGRL-v7: [AdaptivePenalty] step=12,288 | viol_rate=0.053 (target=0.05) | λ_msd: -301.3 → -301.4
----------------------------------------
| rollout/                |            |
|    ep_len_mean          | 100        |
|    ep_rew_mean          | 1.13e+03   |
| time/                   |            |
|    fps                  | 68         |
|    iterations           | 6          |
|    time_elapsed         | 179        |
|    total_timesteps      | 12288      |
| train/                  |            |
|    approx_kl            | 0.00725588 |
|    clip_fraction        | 0.0492     |
|    clip_range           | 0.2        |
|    entropy_loss         | -4.57      |
|    explained_variance   | 0.00143    |
|    learning_rate        | 0.0003     |
|    loss                 | 8.03e+04   |
|    n_updates            | 50         |
|    policy_gradient_loss | -0.00593   |
|    value_loss           | 1.35e+05   |
----------------------------------------
------------------------------------------
| rollout/                |              |
|    ep_len_mean          | 100          |
|    ep_rew_mean          | 1.11e+03     |
| time/                   |              |
|    fps                  | 65           |
|    iterations           | 7            |
|    time_elapsed         | 218          |
|    total_timesteps      | 14336        |
| train/                  |              |
|    approx_kl            | 0.0030521187 |
|    clip_fraction        | 0.0062       |
|    clip_range           | 0.2          |
|    entropy_loss         | -4.57        |
|    explained_variance   | 0.00229      |
|    learning_rate        | 0.0003       |
|    loss                 | 6.56e+04     |
|    n_updates            | 60           |
|    policy_gradient_loss | -0.00502     |
|    value_loss           | 1.53e+05     |
------------------------------------------
2026-04-18 13:30:42,050 [INFO] DGRL-v7: [AdaptivePenalty] step=16,384 | viol_rate=0.053 (target=0.05) | λ_msd: -301.4 → -301.6
------------------------------------------
| rollout/                |              |
|    ep_len_mean          | 100          |
|    ep_rew_mean          | 1.2e+03      |
| time/                   |              |
|    fps                  | 63           |
|    iterations           | 8            |
|    time_elapsed         | 257          |
|    total_timesteps      | 16384        |
| train/                  |              |
|    approx_kl            | 0.0040640384 |
|    clip_fraction        | 0.0335       |
|    clip_range           | 0.2          |
|    entropy_loss         | -4.58        |
|    explained_variance   | 0.0034       |
|    learning_rate        | 0.0003       |
|    loss                 | 6.37e+04     |
|    n_updates            | 70           |
|    policy_gradient_loss | -0.00192     |
|    value_loss           | 1.31e+05     |
------------------------------------------
------------------------------------------
| rollout/                |              |
|    ep_len_mean          | 100          |
|    ep_rew_mean          | 1.19e+03     |
| time/                   |              |
|    fps                  | 62           |
|    iterations           | 9            |
|    time_elapsed         | 294          |
|    total_timesteps      | 18432        |
| train/                  |              |
|    approx_kl            | 0.0021970777 |
|    clip_fraction        | 0.00327      |
|    clip_range           | 0.2          |
|    entropy_loss         | -4.58        |
|    explained_variance   | 0.00713      |
|    learning_rate        | 0.0003       |
|    loss                 | 7.47e+04     |
|    n_updates            | 80           |
|    policy_gradient_loss | -0.00235     |
|    value_loss           | 1.51e+05     |
------------------------------------------
2026-04-18 13:31:50,089 [INFO] DGRL-v7: [AdaptivePenalty] step=20,480 | viol_rate=0.052 (target=0.05) | λ_msd: -301.6 → -301.7
------------------------------------------
| rollout/                |              |
|    ep_len_mean          | 100          |
|    ep_rew_mean          | 1.17e+03     |
| time/                   |              |
|    fps                  | 62           |
|    iterations           | 10           |
|    time_elapsed         | 325          |
|    total_timesteps      | 20480        |
| train/                  |              |
|    approx_kl            | 0.0020401387 |
|    clip_fraction        | 0.00581      |
|    clip_range           | 0.2          |
|    entropy_loss         | -4.58        |
|    explained_variance   | 0.00826      |
|    learning_rate        | 0.0003       |
|    loss                 | 7.66e+04     |
|    n_updates            | 90           |
|    policy_gradient_loss | -0.000504    |
|    value_loss           | 1.45e+05     |
------------------------------------------
------------------------------------------
| rollout/                |              |
|    ep_len_mean          | 100          |
|    ep_rew_mean          | 1.16e+03     |
| time/                   |              |
|    fps                  | 62           |
|    iterations           | 11           |
|    time_elapsed         | 359          |
|    total_timesteps      | 22528        |
| train/                  |              |
|    approx_kl            | 0.0042759236 |
|    clip_fraction        | 0.0411       |
|    clip_range           | 0.2          |
|    entropy_loss         | -4.56        |
|    explained_variance   | 0.0119       |
|    learning_rate        | 0.0003       |
|    loss                 | 7.46e+04     |
|    n_updates            | 100          |
|    policy_gradient_loss | -0.00232     |
|    value_loss           | 1.39e+05     |
------------------------------------------
2026-04-18 13:32:57,592 [INFO] DGRL-v7: [AdaptivePenalty] step=24,576 | viol_rate=0.047 (target=0.05) | λ_msd: -301.7 → -301.5
------------------------------------------
| rollout/                |              |
|    ep_len_mean          | 100          |
|    ep_rew_mean          | 1.25e+03     |
| time/                   |              |
|    fps                  | 62           |
|    iterations           | 12           |
|    time_elapsed         | 393          |
|    total_timesteps      | 24576        |
| train/                  |              |
|    approx_kl            | 0.0060771224 |
|    clip_fraction        | 0.0316       |
|    clip_range           | 0.2          |
|    entropy_loss         | -4.56        |
|    explained_variance   | 0.00719      |
|    learning_rate        | 0.0003       |
|    loss                 | 7.06e+04     |
|    n_updates            | 110          |
|    policy_gradient_loss | -0.00715     |
|    value_loss           | 1.47e+05     |
------------------------------------------
------------------------------------------
| rollout/                |              |
|    ep_len_mean          | 100          |
|    ep_rew_mean          | 1.29e+03     |
| time/                   |              |
|    fps                  | 62           |
|    iterations           | 13           |
|    time_elapsed         | 428          |
|    total_timesteps      | 26624        |
| train/                  |              |
|    approx_kl            | 0.0033281276 |
|    clip_fraction        | 0.0119       |
|    clip_range           | 0.2          |
|    entropy_loss         | -4.56        |
|    explained_variance   | 0.0127       |
|    learning_rate        | 0.0003       |
|    loss                 | 7.44e+04     |
|    n_updates            | 120          |
|    policy_gradient_loss | -0.00307     |
|    value_loss           | 1.44e+05     |
------------------------------------------
2026-04-18 13:34:07,597 [INFO] DGRL-v7: [AdaptivePenalty] step=28,672 | viol_rate=0.048 (target=0.05) | λ_msd: -301.5 → -301.4
-----------------------------------------
| rollout/                |             |
|    ep_len_mean          | 100         |
|    ep_rew_mean          | 1.35e+03    |
| time/                   |             |
|    fps                  | 61          |
|    iterations           | 14          |
|    time_elapsed         | 463         |
|    total_timesteps      | 28672       |
| train/                  |             |
|    approx_kl            | 0.007918536 |
|    clip_fraction        | 0.0635      |
|    clip_range           | 0.2         |
|    entropy_loss         | -4.54       |
|    explained_variance   | 0.00163     |
|    learning_rate        | 0.0003      |
|    loss                 | 7.69e+04    |
|    n_updates            | 130         |
|    policy_gradient_loss | -0.00733    |
|    value_loss           | 1.34e+05    |
-----------------------------------------
-----------------------------------------
| rollout/                |             |
|    ep_len_mean          | 100         |
|    ep_rew_mean          | 1.28e+03    |
| time/                   |             |
|    fps                  | 62          |
|    iterations           | 15          |
|    time_elapsed         | 492         |
|    total_timesteps      | 30720       |
| train/                  |             |
|    approx_kl            | 0.006864352 |
|    clip_fraction        | 0.0319      |
|    clip_range           | 0.2         |
|    entropy_loss         | -4.54       |
|    explained_variance   | 4.47e-06    |
|    learning_rate        | 0.0003      |
|    loss                 | 8.11e+04    |
|    n_updates            | 140         |
|    policy_gradient_loss | 0.000159    |
|    value_loss           | 1.47e+05    |
-----------------------------------------
2026-04-18 13:35:10,816 [INFO] DGRL-v7: [AdaptivePenalty] step=32,768 | viol_rate=0.054 (target=0.05) | λ_msd: -301.4 → -301.6
------------------------------------------
| rollout/                |              |
|    ep_len_mean          | 100          |
|    ep_rew_mean          | 1.2e+03      |
| time/                   |              |
|    fps                  | 62           |
|    iterations           | 16           |
|    time_elapsed         | 526          |
|    total_timesteps      | 32768        |
| train/                  |              |
|    approx_kl            | 0.0013239041 |
|    clip_fraction        | 0.0041       |
|    clip_range           | 0.2          |
|    entropy_loss         | -4.56        |
|    explained_variance   | 0.0171       |
|    learning_rate        | 0.0003       |
|    loss                 | 6.91e+04     |
|    n_updates            | 150          |
|    policy_gradient_loss | -0.00119     |
|    value_loss           | 1.55e+05     |
------------------------------------------
-----------------------------------------
| rollout/                |             |
|    ep_len_mean          | 100         |
|    ep_rew_mean          | 1e+03       |
| time/                   |             |
|    fps                  | 62          |
|    iterations           | 17          |
|    time_elapsed         | 557         |
|    total_timesteps      | 34816       |
| train/                  |             |
|    approx_kl            | 0.003162741 |
|    clip_fraction        | 0.0206      |
|    clip_range           | 0.2         |
|    entropy_loss         | -4.56       |
|    explained_variance   | 0.0048      |
|    learning_rate        | 0.0003      |
|    loss                 | 6.82e+04    |
|    n_updates            | 160         |
|    policy_gradient_loss | -0.00274    |
|    value_loss           | 1.47e+05    |
-----------------------------------------
2026-04-18 13:36:17,453 [INFO] DGRL-v7: [AdaptivePenalty] step=36,864 | viol_rate=0.054 (target=0.05) | λ_msd: -301.6 → -301.9
----------------------------------------
| rollout/                |            |
|    ep_len_mean          | 100        |
|    ep_rew_mean          | 866        |
| time/                   |            |
|    fps                  | 62         |
|    iterations           | 18         |
|    time_elapsed         | 593        |
|    total_timesteps      | 36864      |
| train/                  |            |
|    approx_kl            | 0.00618189 |
|    clip_fraction        | 0.0439     |
|    clip_range           | 0.2        |
|    entropy_loss         | -4.57      |
|    explained_variance   | 0.00346    |
|    learning_rate        | 0.0003     |
|    loss                 | 9.09e+04   |
|    n_updates            | 170        |
|    policy_gradient_loss | 0.00149    |
|    value_loss           | 1.62e+05   |
----------------------------------------
------------------------------------------
| rollout/                |              |
|    ep_len_mean          | 100          |
|    ep_rew_mean          | 936          |
| time/                   |              |
|    fps                  | 61           |
|    iterations           | 19           |
|    time_elapsed         | 628          |
|    total_timesteps      | 38912        |
| train/                  |              |
|    approx_kl            | 0.0045186747 |
|    clip_fraction        | 0.0336       |
|    clip_range           | 0.2          |
|    entropy_loss         | -4.56        |
|    explained_variance   | 0.00441      |
|    learning_rate        | 0.0003       |
|    loss                 | 7.52e+04     |
|    n_updates            | 180          |
|    policy_gradient_loss | -0.00181     |
|    value_loss           | 1.44e+05     |
------------------------------------------
2026-04-18 13:37:25,108 [INFO] DGRL-v7: [AdaptivePenalty] step=40,960 | viol_rate=0.047 (target=0.05) | λ_msd: -301.9 → -301.7
------------------------------------------
| rollout/                |              |
|    ep_len_mean          | 100          |
|    ep_rew_mean          | 1.04e+03     |
| time/                   |              |
|    fps                  | 61           |
|    iterations           | 20           |
|    time_elapsed         | 660          |
|    total_timesteps      | 40960        |
| train/                  |              |
|    approx_kl            | 0.0039409287 |
|    clip_fraction        | 0.0327       |
|    clip_range           | 0.2          |
|    entropy_loss         | -4.56        |
|    explained_variance   | 0.0147       |
|    learning_rate        | 0.0003       |
|    loss                 | 8.13e+04     |
|    n_updates            | 190          |
|    policy_gradient_loss | -0.00204     |
|    value_loss           | 1.55e+05     |
------------------------------------------
-----------------------------------------
| rollout/                |             |
|    ep_len_mean          | 100         |
|    ep_rew_mean          | 1.11e+03    |
| time/                   |             |
|    fps                  | 62          |
|    iterations           | 21          |
|    time_elapsed         | 691         |
|    total_timesteps      | 43008       |
| train/                  |             |
|    approx_kl            | 0.008840393 |
|    clip_fraction        | 0.0918      |
|    clip_range           | 0.2         |
|    entropy_loss         | -4.55       |
|    explained_variance   | 0.00785     |
|    learning_rate        | 0.0003      |
|    loss                 | 6.87e+04    |
|    n_updates            | 200         |
|    policy_gradient_loss | -0.00806    |
|    value_loss           | 1.37e+05    |
-----------------------------------------
2026-04-18 13:38:31,681 [INFO] DGRL-v7: [AdaptivePenalty] step=45,056 | viol_rate=0.052 (target=0.05) | λ_msd: -301.7 → -301.8
-----------------------------------------
| rollout/                |             |
|    ep_len_mean          | 100         |
|    ep_rew_mean          | 1.24e+03    |
| time/                   |             |
|    fps                  | 61          |
|    iterations           | 22          |
|    time_elapsed         | 727         |
|    total_timesteps      | 45056       |
| train/                  |             |
|    approx_kl            | 0.008672321 |
|    clip_fraction        | 0.0662      |
|    clip_range           | 0.2         |
|    entropy_loss         | -4.55       |
|    explained_variance   | 0           |
|    learning_rate        | 0.0003      |
|    loss                 | 6.68e+04    |
|    n_updates            | 210         |
|    policy_gradient_loss | -0.0075     |
|    value_loss           | 1.24e+05    |
-----------------------------------------
-----------------------------------------
| rollout/                |             |
|    ep_len_mean          | 100         |
|    ep_rew_mean          | 1.31e+03    |
| time/                   |             |
|    fps                  | 62          |
|    iterations           | 23          |
|    time_elapsed         | 759         |
|    total_timesteps      | 47104       |
| train/                  |             |
|    approx_kl            | 0.010270248 |
|    clip_fraction        | 0.103       |
|    clip_range           | 0.2         |
|    entropy_loss         | -4.53       |
|    explained_variance   | 1.19e-07    |
|    learning_rate        | 0.0003      |
|    loss                 | 6.73e+04    |
|    n_updates            | 220         |
|    policy_gradient_loss | -0.0113     |
|    value_loss           | 1.41e+05    |
-----------------------------------------
2026-04-18 13:39:38,728 [INFO] DGRL-v7: [AdaptivePenalty] step=49,152 | viol_rate=0.043 (target=0.05) | λ_msd: -301.8 → -301.4
-----------------------------------------
| rollout/                |             |
|    ep_len_mean          | 100         |
|    ep_rew_mean          | 1.29e+03    |
| time/                   |             |
|    fps                  | 61          |
|    iterations           | 24          |
|    time_elapsed         | 794         |
|    total_timesteps      | 49152       |
| train/                  |             |
|    approx_kl            | 0.010155577 |
|    clip_fraction        | 0.0683      |
|    clip_range           | 0.2         |
|    entropy_loss         | -4.52       |
|    explained_variance   | 1.19e-07    |
|    learning_rate        | 0.0003      |
|    loss                 | 6.56e+04    |
|    n_updates            | 230         |
|    policy_gradient_loss | -0.00715    |
|    value_loss           | 1.32e+05    |
-----------------------------------------
/home/hung8uandj/.local/lib/python3.14/site-packages/stable_baselines3/common/evaluation.py:71: UserWarning: Evaluation environment is not wrapped with a ``Monitor`` wrapper. This may result in reporting modified episode lengths and rewards, if other wrappers happen to modify these. Consider wrapping environment first with ``Monitor`` wrapper.
  warnings.warn(
Eval num_timesteps=50000, episode_reward=-7342.75 +/- 1370.18
Episode length: 100.00 +/- 0.00
-----------------------------------------
| eval/                   |             |
|    mean_ep_length       | 100         |
|    mean_reward          | -7.34e+03   |
| time/                   |             |
|    total_timesteps      | 50000       |
| train/                  |             |
|    approx_kl            | 0.007556767 |
|    clip_fraction        | 0.0507      |
|    clip_range           | 0.2         |
|    entropy_loss         | -4.51       |
|    explained_variance   | 0           |
|    learning_rate        | 0.0003      |
|    loss                 | 6.93e+04    |
|    n_updates            | 240         |
|    policy_gradient_loss | -0.00627    |
|    value_loss           | 1.32e+05    |
-----------------------------------------
New best mean reward!
---------------------------------
| rollout/           |          |
|    ep_len_mean     | 100      |
|    ep_rew_mean     | 1.25e+03 |
| time/              |          |
|    fps             | 59       |
|    iterations      | 25       |
|    time_elapsed    | 858      |
|    total_timesteps | 51200    |
---------------------------------
2026-04-18 13:41:17,814 [INFO] DGRL-v7: [AdaptivePenalty] step=53,248 | viol_rate=0.044 (target=0.05) | λ_msd: -301.4 → -301.1
-----------------------------------------
| rollout/                |             |
|    ep_len_mean          | 100         |
|    ep_rew_mean          | 1.23e+03    |
| time/                   |             |
|    fps                  | 59          |
|    iterations           | 26          |
|    time_elapsed         | 893         |
|    total_timesteps      | 53248       |
| train/                  |             |
|    approx_kl            | 0.008237015 |
|    clip_fraction        | 0.085       |
|    clip_range           | 0.2         |
|    entropy_loss         | -4.51       |
|    explained_variance   | 0           |
|    learning_rate        | 0.0003      |
|    loss                 | 6.77e+04    |
|    n_updates            | 250         |
|    policy_gradient_loss | -0.00945    |
|    value_loss           | 1.31e+05    |
-----------------------------------------
-----------------------------------------
| rollout/                |             |
|    ep_len_mean          | 100         |
|    ep_rew_mean          | 1.27e+03    |
| time/                   |             |
|    fps                  | 59          |
|    iterations           | 27          |
|    time_elapsed         | 927         |
|    total_timesteps      | 55296       |
| train/                  |             |
|    approx_kl            | 0.012659669 |
|    clip_fraction        | 0.0884      |
|    clip_range           | 0.2         |
|    entropy_loss         | -4.51       |
|    explained_variance   | 5.96e-08    |
|    learning_rate        | 0.0003      |
|    loss                 | 5.9e+04     |
|    n_updates            | 260         |
|    policy_gradient_loss | -0.0117     |
|    value_loss           | 1.37e+05    |
-----------------------------------------
2026-04-18 13:42:27,510 [INFO] DGRL-v7: [AdaptivePenalty] step=57,344 | viol_rate=0.042 (target=0.05) | λ_msd: -301.1 → -300.7
----------------------------------------
| rollout/                |            |
|    ep_len_mean          | 100        |
|    ep_rew_mean          | 1.3e+03    |
| time/                   |            |
|    fps                  | 59         |
|    iterations           | 28         |
|    time_elapsed         | 963        |
|    total_timesteps      | 57344      |
| train/                  |            |
|    approx_kl            | 0.01120418 |
|    clip_fraction        | 0.105      |
|    clip_range           | 0.2        |
|    entropy_loss         | -4.51      |
|    explained_variance   | 5.96e-08   |
|    learning_rate        | 0.0003     |
|    loss                 | 6.29e+04   |
|    n_updates            | 270        |
|    policy_gradient_loss | -0.0109    |
|    value_loss           | 1.33e+05   |
----------------------------------------
-----------------------------------------
| rollout/                |             |
|    ep_len_mean          | 100         |
|    ep_rew_mean          | 1.29e+03    |
| time/                   |             |
|    fps                  | 59          |
|    iterations           | 29          |
|    time_elapsed         | 996         |
|    total_timesteps      | 59392       |
| train/                  |             |
|    approx_kl            | 0.007774014 |
|    clip_fraction        | 0.0357      |
|    clip_range           | 0.2         |
|    entropy_loss         | -4.51       |
|    explained_variance   | 5.96e-08    |
|    learning_rate        | 0.0003      |
|    loss                 | 6.04e+04    |
|    n_updates            | 280         |
|    policy_gradient_loss | -0.00484    |
|    value_loss           | 1.18e+05    |
-----------------------------------------
2026-04-18 13:43:35,525 [INFO] DGRL-v7: [AdaptivePenalty] step=61,440 | viol_rate=0.048 (target=0.05) | λ_msd: -300.7 → -300.6
-----------------------------------------
| rollout/                |             |
|    ep_len_mean          | 100         |
|    ep_rew_mean          | 1.3e+03     |
| time/                   |             |
|    fps                  | 59          |
|    iterations           | 30          |
|    time_elapsed         | 1031        |
|    total_timesteps      | 61440       |
| train/                  |             |
|    approx_kl            | 0.010476814 |
|    clip_fraction        | 0.0663      |
|    clip_range           | 0.2         |
|    entropy_loss         | -4.5        |
|    explained_variance   | 0           |
|    learning_rate        | 0.0003      |
|    loss                 | 6.69e+04    |
|    n_updates            | 290         |
|    policy_gradient_loss | -0.00893    |
|    value_loss           | 1.47e+05    |
-----------------------------------------
-----------------------------------------
| rollout/                |             |
|    ep_len_mean          | 100         |
|    ep_rew_mean          | 1.32e+03    |
| time/                   |             |
|    fps                  | 59          |
|    iterations           | 31          |
|    time_elapsed         | 1066        |
|    total_timesteps      | 63488       |
| train/                  |             |
|    approx_kl            | 0.008951539 |
|    clip_fraction        | 0.0532      |
|    clip_range           | 0.2         |
|    entropy_loss         | -4.49       |
|    explained_variance   | 0           |
|    learning_rate        | 0.0003      |
|    loss                 | 6.23e+04    |
|    n_updates            | 300         |
|    policy_gradient_loss | -0.00786    |
|    value_loss           | 1.31e+05    |
-----------------------------------------
2026-04-18 13:44:45,560 [INFO] DGRL-v7: [AdaptivePenalty] step=65,536 | viol_rate=0.045 (target=0.05) | λ_msd: -300.6 → -300.3
-----------------------------------------
| rollout/                |             |
|    ep_len_mean          | 100         |
|    ep_rew_mean          | 1.36e+03    |
| time/                   |             |
|    fps                  | 59          |
|    iterations           | 32          |
|    time_elapsed         | 1101        |
|    total_timesteps      | 65536       |
| train/                  |             |
|    approx_kl            | 0.010039046 |
|    clip_fraction        | 0.0661      |
|    clip_range           | 0.2         |
|    entropy_loss         | -4.48       |
|    explained_variance   | 5.96e-08    |
|    learning_rate        | 0.0003      |
|    loss                 | 6.24e+04    |
|    n_updates            | 310         |
|    policy_gradient_loss | -0.00793    |
|    value_loss           | 1.35e+05    |
-----------------------------------------
-----------------------------------------
| rollout/                |             |
|    ep_len_mean          | 100         |
|    ep_rew_mean          | 1.34e+03    |
| time/                   |             |
|    fps                  | 59          |
|    iterations           | 33          |
|    time_elapsed         | 1138        |
|    total_timesteps      | 67584       |
| train/                  |             |
|    approx_kl            | 0.009554049 |
|    clip_fraction        | 0.0733      |
|    clip_range           | 0.2         |
|    entropy_loss         | -4.46       |
|    explained_variance   | 0           |
|    learning_rate        | 0.0003      |
|    loss                 | 6.75e+04    |
|    n_updates            | 320         |
|    policy_gradient_loss | -0.00905    |
|    value_loss           | 1.34e+05    |
-----------------------------------------
2026-04-18 13:45:56,293 [INFO] DGRL-v7: [AdaptivePenalty] step=69,632 | viol_rate=0.041 (target=0.05) | λ_msd: -300.3 → -299.9
-----------------------------------------
| rollout/                |             |
|    ep_len_mean          | 100         |
|    ep_rew_mean          | 1.32e+03    |
| time/                   |             |
|    fps                  | 59          |
|    iterations           | 34          |
|    time_elapsed         | 1171        |
|    total_timesteps      | 69632       |
| train/                  |             |
|    approx_kl            | 0.010190392 |
|    clip_fraction        | 0.0721      |
|    clip_range           | 0.2         |
|    entropy_loss         | -4.45       |
|    explained_variance   | 0           |
|    learning_rate        | 0.0003      |
|    loss                 | 5.6e+04     |
|    n_updates            | 330         |
|    policy_gradient_loss | -0.00893    |
|    value_loss           | 1.06e+05    |
-----------------------------------------
-----------------------------------------
| rollout/                |             |
|    ep_len_mean          | 100         |
|    ep_rew_mean          | 1.36e+03    |
| time/                   |             |
|    fps                  | 59          |
|    iterations           | 35          |
|    time_elapsed         | 1205        |
|    total_timesteps      | 71680       |
| train/                  |             |
|    approx_kl            | 0.008045606 |
|    clip_fraction        | 0.0576      |
|    clip_range           | 0.2         |
|    entropy_loss         | -4.44       |
|    explained_variance   | 0           |
|    learning_rate        | 0.0003      |
|    loss                 | 7.06e+04    |
|    n_updates            | 340         |
|    policy_gradient_loss | -0.00659    |
|    value_loss           | 1.55e+05    |
-----------------------------------------
2026-04-18 13:47:01,761 [INFO] DGRL-v7: [AdaptivePenalty] step=73,728 | viol_rate=0.040 (target=0.05) | λ_msd: -299.9 → -299.4
----------------------------------------
| rollout/                |            |
|    ep_len_mean          | 100        |
|    ep_rew_mean          | 1.3e+03    |
| time/                   |            |
|    fps                  | 59         |
|    iterations           | 36         |
|    time_elapsed         | 1237       |
|    total_timesteps      | 73728      |
| train/                  |            |
|    approx_kl            | 0.00655347 |
|    clip_fraction        | 0.0326     |
|    clip_range           | 0.2        |
|    entropy_loss         | -4.44      |
|    explained_variance   | 0          |
|    learning_rate        | 0.0003     |
|    loss                 | 6.52e+04   |
|    n_updates            | 350        |
|    policy_gradient_loss | -0.0049    |
|    value_loss           | 1.36e+05   |
----------------------------------------
-----------------------------------------
| rollout/                |             |
|    ep_len_mean          | 100         |
|    ep_rew_mean          | 1.26e+03    |
| time/                   |             |
|    fps                  | 59          |
|    iterations           | 37          |
|    time_elapsed         | 1273        |
|    total_timesteps      | 75776       |
| train/                  |             |
|    approx_kl            | 0.008466598 |
|    clip_fraction        | 0.121       |
|    clip_range           | 0.2         |
|    entropy_loss         | -4.44       |
|    explained_variance   | 0           |
|    learning_rate        | 0.0003      |
|    loss                 | 7.5e+04     |
|    n_updates            | 360         |
|    policy_gradient_loss | -0.0078     |
|    value_loss           | 1.64e+05    |
-----------------------------------------
2026-04-18 13:48:13,611 [INFO] DGRL-v7: [AdaptivePenalty] step=77,824 | viol_rate=0.044 (target=0.05) | λ_msd: -299.4 → -299.1
------------------------------------------
| rollout/                |              |
|    ep_len_mean          | 100          |
|    ep_rew_mean          | 1.24e+03     |
| time/                   |              |
|    fps                  | 59           |
|    iterations           | 38           |
|    time_elapsed         | 1309         |
|    total_timesteps      | 77824        |
| train/                  |              |
|    approx_kl            | 0.0063691353 |
|    clip_fraction        | 0.108        |
|    clip_range           | 0.2          |
|    entropy_loss         | -4.41        |
|    explained_variance   | 5.96e-08     |
|    learning_rate        | 0.0003       |
|    loss                 | 6.14e+04     |
|    n_updates            | 370          |
|    policy_gradient_loss | -0.00218     |
|    value_loss           | 1.19e+05     |
------------------------------------------
------------------------------------------
| rollout/                |              |
|    ep_len_mean          | 100          |
|    ep_rew_mean          | 1.27e+03     |
| time/                   |              |
|    fps                  | 59           |
|    iterations           | 39           |
|    time_elapsed         | 1341         |
|    total_timesteps      | 79872        |
| train/                  |              |
|    approx_kl            | 0.0067566903 |
|    clip_fraction        | 0.0466       |
|    clip_range           | 0.2          |
|    entropy_loss         | -4.42        |
|    explained_variance   | 0            |
|    learning_rate        | 0.0003       |
|    loss                 | 7.26e+04     |
|    n_updates            | 380          |
|    policy_gradient_loss | -0.00572     |
|    value_loss           | 1.45e+05     |
------------------------------------------
2026-04-18 13:49:14,134 [INFO] DGRL-v7: [AdaptivePenalty] step=81,920 | viol_rate=0.042 (target=0.05) | λ_msd: -299.1 → -298.7
------------------------------------------
| rollout/                |              |
|    ep_len_mean          | 100          |
|    ep_rew_mean          | 1.16e+03     |
| time/                   |              |
|    fps                  | 59           |
|    iterations           | 40           |
|    time_elapsed         | 1369         |
|    total_timesteps      | 81920        |
| train/                  |              |
|    approx_kl            | 0.0073396205 |
|    clip_fraction        | 0.0382       |
|    clip_range           | 0.2          |
|    entropy_loss         | -4.45        |
|    explained_variance   | 0.000162     |
|    learning_rate        | 0.0003       |
|    loss                 | 5.65e+04     |
|    n_updates            | 390          |
|    policy_gradient_loss | -0.00516     |
|    value_loss           | 1.36e+05     |
------------------------------------------
----------------------------------------
| rollout/                |            |
|    ep_len_mean          | 100        |
|    ep_rew_mean          | 1.3e+03    |
| time/                   |            |
|    fps                  | 59         |
|    iterations           | 41         |
|    time_elapsed         | 1404       |
|    total_timesteps      | 83968      |
| train/                  |            |
|    approx_kl            | 0.00888258 |
|    clip_fraction        | 0.0791     |
|    clip_range           | 0.2        |
|    entropy_loss         | -4.46      |
|    explained_variance   | -1.19e-07  |
|    learning_rate        | 0.0003     |
|    loss                 | 6e+04      |
|    n_updates            | 400        |
|    policy_gradient_loss | -0.00942   |
|    value_loss           | 1.25e+05   |
----------------------------------------
2026-04-18 13:50:25,763 [INFO] DGRL-v7: [AdaptivePenalty] step=86,016 | viol_rate=0.038 (target=0.05) | λ_msd: -298.7 → -298.1
------------------------------------------
| rollout/                |              |
|    ep_len_mean          | 100          |
|    ep_rew_mean          | 1.4e+03      |
| time/                   |              |
|    fps                  | 59           |
|    iterations           | 42           |
|    time_elapsed         | 1441         |
|    total_timesteps      | 86016        |
| train/                  |              |
|    approx_kl            | 0.0067398045 |
|    clip_fraction        | 0.0165       |
|    clip_range           | 0.2          |
|    entropy_loss         | -4.45        |
|    explained_variance   | 5.96e-08     |
|    learning_rate        | 0.0003       |
|    loss                 | 6.36e+04     |
|    n_updates            | 410          |
|    policy_gradient_loss | -0.00498     |
|    value_loss           | 1.26e+05     |
------------------------------------------
-----------------------------------------
| rollout/                |             |
|    ep_len_mean          | 100         |
|    ep_rew_mean          | 1.38e+03    |
| time/                   |             |
|    fps                  | 59          |
|    iterations           | 43          |
|    time_elapsed         | 1477        |
|    total_timesteps      | 88064       |
| train/                  |             |
|    approx_kl            | 0.008770429 |
|    clip_fraction        | 0.037       |
|    clip_range           | 0.2         |
|    entropy_loss         | -4.44       |
|    explained_variance   | 0           |
|    learning_rate        | 0.0003      |
|    loss                 | 7.15e+04    |
|    n_updates            | 420         |
|    policy_gradient_loss | -0.00582    |
|    value_loss           | 1.44e+05    |
-----------------------------------------
2026-04-18 13:51:38,776 [INFO] DGRL-v7: [AdaptivePenalty] step=90,112 | viol_rate=0.036 (target=0.05) | λ_msd: -298.1 → -297.4
-----------------------------------------
| rollout/                |             |
|    ep_len_mean          | 100         |
|    ep_rew_mean          | 1.39e+03    |
| time/                   |             |
|    fps                  | 59          |
|    iterations           | 44          |
|    time_elapsed         | 1514        |
|    total_timesteps      | 90112       |
| train/                  |             |
|    approx_kl            | 0.007424063 |
|    clip_fraction        | 0.0818      |
|    clip_range           | 0.2         |
|    entropy_loss         | -4.46       |
|    explained_variance   | 0           |
|    learning_rate        | 0.0003      |
|    loss                 | 7.86e+04    |
|    n_updates            | 430         |
|    policy_gradient_loss | -0.00721    |
|    value_loss           | 1.41e+05    |
-----------------------------------------
------------------------------------------
| rollout/                |              |
|    ep_len_mean          | 100          |
|    ep_rew_mean          | 1.44e+03     |
| time/                   |              |
|    fps                  | 59           |
|    iterations           | 45           |
|    time_elapsed         | 1553         |
|    total_timesteps      | 92160        |
| train/                  |              |
|    approx_kl            | 0.0075500146 |
|    clip_fraction        | 0.0346       |
|    clip_range           | 0.2          |
|    entropy_loss         | -4.45        |
|    explained_variance   | 0            |
|    learning_rate        | 0.0003       |
|    loss                 | 7.09e+04     |
|    n_updates            | 440          |
|    policy_gradient_loss | -0.00623     |
|    value_loss           | 1.48e+05     |
------------------------------------------
2026-04-18 13:53:05,606 [INFO] DGRL-v7: [AdaptivePenalty] step=94,208 | viol_rate=0.037 (target=0.05) | λ_msd: -297.4 → -296.7
-----------------------------------------
| rollout/                |             |
|    ep_len_mean          | 100         |
|    ep_rew_mean          | 1.45e+03    |
| time/                   |             |
|    fps                  | 58          |
|    iterations           | 46          |
|    time_elapsed         | 1601        |
|    total_timesteps      | 94208       |
| train/                  |             |
|    approx_kl            | 0.010799116 |
|    clip_fraction        | 0.0779      |
|    clip_range           | 0.2         |
|    entropy_loss         | -4.44       |
|    explained_variance   | 0           |
|    learning_rate        | 0.0003      |
|    loss                 | 6.67e+04    |
|    n_updates            | 450         |
|    policy_gradient_loss | -0.0111     |
|    value_loss           | 1.4e+05     |
-----------------------------------------
------------------------------------------
| rollout/                |              |
|    ep_len_mean          | 100          |
|    ep_rew_mean          | 1.48e+03     |
| time/                   |              |
|    fps                  | 58           |
|    iterations           | 47           |
|    time_elapsed         | 1643         |
|    total_timesteps      | 96256        |
| train/                  |              |
|    approx_kl            | 0.0064388122 |
|    clip_fraction        | 0.0188       |
|    clip_range           | 0.2          |
|    entropy_loss         | -4.44        |
|    explained_variance   | -1.19e-07    |
|    learning_rate        | 0.0003       |
|    loss                 | 6.85e+04     |
|    n_updates            | 460          |
|    policy_gradient_loss | -0.00412     |
|    value_loss           | 1.23e+05     |
------------------------------------------
2026-04-18 13:54:28,348 [INFO] DGRL-v7: [AdaptivePenalty] step=98,304 | viol_rate=0.031 (target=0.05) | λ_msd: -296.7 → -295.8
------------------------------------------
| rollout/                |              |
|    ep_len_mean          | 100          |
|    ep_rew_mean          | 1.54e+03     |
| time/                   |              |
|    fps                  | 58           |
|    iterations           | 48           |
|    time_elapsed         | 1684         |
|    total_timesteps      | 98304        |
| train/                  |              |
|    approx_kl            | 0.0071579246 |
|    clip_fraction        | 0.0505       |
|    clip_range           | 0.2          |
|    entropy_loss         | -4.43        |
|    explained_variance   | 0            |
|    learning_rate        | 0.0003       |
|    loss                 | 6.18e+04     |
|    n_updates            | 470          |
|    policy_gradient_loss | -0.00632     |
|    value_loss           | 1.36e+05     |
------------------------------------------
/home/hung8uandj/.local/lib/python3.14/site-packages/stable_baselines3/common/evaluation.py:71: UserWarning: Evaluation environment is not wrapped with a ``Monitor`` wrapper. This may result in reporting modified episode lengths and rewards, if other wrappers happen to modify these. Consider wrapping environment first with ``Monitor`` wrapper.
  warnings.warn(
Eval num_timesteps=100000, episode_reward=-9235.36 +/- 1723.68
Episode length: 100.00 +/- 0.00
------------------------------------------
| eval/                   |              |
|    mean_ep_length       | 100          |
|    mean_reward          | -9.24e+03    |
| time/                   |              |
|    total_timesteps      | 100000       |
| train/                  |              |
|    approx_kl            | 0.0072057657 |
|    clip_fraction        | 0.0457       |
|    clip_range           | 0.2          |
|    entropy_loss         | -4.42        |
|    explained_variance   | 0            |
|    learning_rate        | 0.0003       |
|    loss                 | 6.25e+04     |
|    n_updates            | 480          |
|    policy_gradient_loss | -0.00498     |
|    value_loss           | 1.28e+05     |
------------------------------------------
---------------------------------
| rollout/           |          |
|    ep_len_mean     | 100      |
|    ep_rew_mean     | 1.53e+03 |
| time/              |          |
|    fps             | 56       |
|    iterations      | 49       |
|    time_elapsed    | 1785     |
|    total_timesteps | 100352   |
---------------------------------
2026-04-18 13:56:58,911 [INFO] DGRL-v7: [AdaptivePenalty] step=102,400 | viol_rate=0.041 (target=0.05) | λ_msd: -295.8 → -295.3
-----------------------------------------
| rollout/                |             |
|    ep_len_mean          | 100         |
|    ep_rew_mean          | 1.5e+03     |
| time/                   |             |
|    fps                  | 55          |
|    iterations           | 50          |
|    time_elapsed         | 1834        |
|    total_timesteps      | 102400      |
| train/                  |             |
|    approx_kl            | 0.008238485 |
|    clip_fraction        | 0.0741      |
|    clip_range           | 0.2         |
|    entropy_loss         | -4.44       |
|    explained_variance   | -1.19e-07   |
|    learning_rate        | 0.0003      |
|    loss                 | 5.67e+04    |
|    n_updates            | 490         |
|    policy_gradient_loss | -0.00662    |
|    value_loss           | 1.37e+05    |
-----------------------------------------
-----------------------------------------
| rollout/                |             |
|    ep_len_mean          | 100         |
|    ep_rew_mean          | 1.46e+03    |
| time/                   |             |
|    fps                  | 55          |
|    iterations           | 51          |
|    time_elapsed         | 1877        |
|    total_timesteps      | 104448      |
| train/                  |             |
|    approx_kl            | 0.008011984 |
|    clip_fraction        | 0.0584      |
|    clip_range           | 0.2         |
|    entropy_loss         | -4.44       |
|    explained_variance   | 0           |
|    learning_rate        | 0.0003      |
|    loss                 | 5.61e+04    |
|    n_updates            | 500         |
|    policy_gradient_loss | -0.00729    |
|    value_loss           | 1.17e+05    |
-----------------------------------------
2026-04-18 13:58:14,795 [INFO] DGRL-v7: [AdaptivePenalty] step=106,496 | viol_rate=0.035 (target=0.05) | λ_msd: -295.3 → -294.6
-----------------------------------------
| rollout/                |             |
|    ep_len_mean          | 100         |
|    ep_rew_mean          | 1.46e+03    |
| time/                   |             |
|    fps                  | 55          |
|    iterations           | 52          |
|    time_elapsed         | 1910        |
|    total_timesteps      | 106496      |
| train/                  |             |
|    approx_kl            | 0.008843262 |
|    clip_fraction        | 0.051       |
|    clip_range           | 0.2         |
|    entropy_loss         | -4.44       |
|    explained_variance   | 0           |
|    learning_rate        | 0.0003      |
|    loss                 | 6.1e+04     |
|    n_updates            | 510         |
|    policy_gradient_loss | -0.0066     |
|    value_loss           | 1.36e+05    |
-----------------------------------------
------------------------------------------
| rollout/                |              |
|    ep_len_mean          | 100          |
|    ep_rew_mean          | 1.42e+03     |
| time/                   |              |
|    fps                  | 55           |
|    iterations           | 53           |
|    time_elapsed         | 1947         |
|    total_timesteps      | 108544       |
| train/                  |              |
|    approx_kl            | 0.0066927485 |
|    clip_fraction        | 0.0408       |
|    clip_range           | 0.2          |
|    entropy_loss         | -4.43        |
|    explained_variance   | 0            |
|    learning_rate        | 0.0003       |
|    loss                 | 6.52e+04     |
|    n_updates            | 520          |
|    policy_gradient_loss | -0.00568     |
|    value_loss           | 1.39e+05     |
------------------------------------------
2026-04-18 13:59:35,128 [INFO] DGRL-v7: [AdaptivePenalty] step=110,592 | viol_rate=0.040 (target=0.05) | λ_msd: -294.6 → -294.1
-----------------------------------------
| rollout/                |             |
|    ep_len_mean          | 100         |
|    ep_rew_mean          | 1.46e+03    |
| time/                   |             |
|    fps                  | 55          |
|    iterations           | 54          |
|    time_elapsed         | 1990        |
|    total_timesteps      | 110592      |
| train/                  |             |
|    approx_kl            | 0.046923913 |
|    clip_fraction        | 0.163       |
|    clip_range           | 0.2         |
|    entropy_loss         | -4.39       |
|    explained_variance   | 0           |
|    learning_rate        | 0.0003      |
|    loss                 | 7.94e+04    |
|    n_updates            | 530         |
|    policy_gradient_loss | 0.00227     |
|    value_loss           | 1.6e+05     |
-----------------------------------------
-----------------------------------------
| rollout/                |             |
|    ep_len_mean          | 100         |
|    ep_rew_mean          | 1.47e+03    |
| time/                   |             |
|    fps                  | 55          |
|    iterations           | 55          |
|    time_elapsed         | 2034        |
|    total_timesteps      | 112640      |
| train/                  |             |
|    approx_kl            | 0.008174639 |
|    clip_fraction        | 0.0909      |
|    clip_range           | 0.2         |
|    entropy_loss         | -4.39       |
|    explained_variance   | 0           |
|    learning_rate        | 0.0003      |
|    loss                 | 5.3e+04     |
|    n_updates            | 540         |
|    policy_gradient_loss | -0.0076     |
|    value_loss           | 1.21e+05    |
-----------------------------------------
2026-04-18 14:01:01,702 [INFO] DGRL-v7: [AdaptivePenalty] step=114,688 | viol_rate=0.036 (target=0.05) | λ_msd: -294.1 → -293.4
------------------------------------------
| rollout/                |              |
|    ep_len_mean          | 100          |
|    ep_rew_mean          | 1.43e+03     |
| time/                   |              |
|    fps                  | 55           |
|    iterations           | 56           |
|    time_elapsed         | 2077         |
|    total_timesteps      | 114688       |
| train/                  |              |
|    approx_kl            | 0.0070570097 |
|    clip_fraction        | 0.0552       |
|    clip_range           | 0.2          |
|    entropy_loss         | -4.37        |
|    explained_variance   | 0            |
|    learning_rate        | 0.0003       |
|    loss                 | 7.27e+04     |
|    n_updates            | 550          |
|    policy_gradient_loss | -0.00732     |
|    value_loss           | 1.42e+05     |
------------------------------------------
-----------------------------------------
| rollout/                |             |
|    ep_len_mean          | 100         |
|    ep_rew_mean          | 1.36e+03    |
| time/                   |             |
|    fps                  | 55          |
|    iterations           | 57          |
|    time_elapsed         | 2121        |
|    total_timesteps      | 116736      |
| train/                  |             |
|    approx_kl            | 0.007697639 |
|    clip_fraction        | 0.0819      |
|    clip_range           | 0.2         |
|    entropy_loss         | -4.38       |
|    explained_variance   | 1.19e-07    |
|    learning_rate        | 0.0003      |
|    loss                 | 5.5e+04     |
|    n_updates            | 560         |
|    policy_gradient_loss | -0.00744    |
|    value_loss           | 1.26e+05    |
-----------------------------------------
2026-04-18 14:02:33,032 [INFO] DGRL-v7: [AdaptivePenalty] step=118,784 | viol_rate=0.028 (target=0.05) | λ_msd: -293.4 → -292.3
-----------------------------------------
| rollout/                |             |
|    ep_len_mean          | 100         |
|    ep_rew_mean          | 1.46e+03    |
| time/                   |             |
|    fps                  | 54          |
|    iterations           | 58          |
|    time_elapsed         | 2168        |
|    total_timesteps      | 118784      |
| train/                  |             |
|    approx_kl            | 0.007143124 |
|    clip_fraction        | 0.0774      |
|    clip_range           | 0.2         |
|    entropy_loss         | -4.37       |
|    explained_variance   | 0           |
|    learning_rate        | 0.0003      |
|    loss                 | 7.53e+04    |
|    n_updates            | 570         |
|    policy_gradient_loss | -0.00777    |
|    value_loss           | 1.56e+05    |
-----------------------------------------
-----------------------------------------
| rollout/                |             |
|    ep_len_mean          | 100         |
|    ep_rew_mean          | 1.48e+03    |
| time/                   |             |
|    fps                  | 54          |
|    iterations           | 59          |
|    time_elapsed         | 2209        |
|    total_timesteps      | 120832      |
| train/                  |             |
|    approx_kl            | 0.008257836 |
|    clip_fraction        | 0.0469      |
|    clip_range           | 0.2         |
|    entropy_loss         | -4.39       |
|    explained_variance   | 0           |
|    learning_rate        | 0.0003      |
|    loss                 | 4.6e+04     |
|    n_updates            | 580         |
|    policy_gradient_loss | -0.00548    |
|    value_loss           | 1.04e+05    |
-----------------------------------------
2026-04-18 14:03:47,901 [INFO] DGRL-v7: [AdaptivePenalty] step=122,880 | viol_rate=0.033 (target=0.05) | λ_msd: -292.3 → -291.4
----------------------------------------
| rollout/                |            |
|    ep_len_mean          | 100        |
|    ep_rew_mean          | 1.45e+03   |
| time/                   |            |
|    fps                  | 54         |
|    iterations           | 60         |
|    time_elapsed         | 2243       |
|    total_timesteps      | 122880     |
| train/                  |            |
|    approx_kl            | 0.00782823 |
|    clip_fraction        | 0.0315     |
|    clip_range           | 0.2        |
|    entropy_loss         | -4.4       |
|    explained_variance   | 5.96e-08   |
|    learning_rate        | 0.0003     |
|    loss                 | 6.76e+04   |
|    n_updates            | 590        |
|    policy_gradient_loss | -0.00432   |
|    value_loss           | 1.3e+05    |
----------------------------------------
-----------------------------------------
| rollout/                |             |
|    ep_len_mean          | 100         |
|    ep_rew_mean          | 1.54e+03    |
| time/                   |             |
|    fps                  | 54          |
|    iterations           | 61          |
|    time_elapsed         | 2278        |
|    total_timesteps      | 124928      |
| train/                  |             |
|    approx_kl            | 0.008966822 |
|    clip_fraction        | 0.096       |
|    clip_range           | 0.2         |
|    entropy_loss         | -4.41       |
|    explained_variance   | 0           |
|    learning_rate        | 0.0003      |
|    loss                 | 6.71e+04    |
|    n_updates            | 600         |
|    policy_gradient_loss | -0.01       |
|    value_loss           | 1.25e+05    |
-----------------------------------------
2026-04-18 14:05:07,793 [INFO] DGRL-v7: [AdaptivePenalty] step=126,976 | viol_rate=0.035 (target=0.05) | λ_msd: -291.4 → -290.7
----------------------------------------
| rollout/                |            |
|    ep_len_mean          | 100        |
|    ep_rew_mean          | 1.65e+03   |
| time/                   |            |
|    fps                  | 54         |
|    iterations           | 62         |
|    time_elapsed         | 2323       |
|    total_timesteps      | 126976     |
| train/                  |            |
|    approx_kl            | 0.00637614 |
|    clip_fraction        | 0.0244     |
|    clip_range           | 0.2        |
|    entropy_loss         | -4.41      |
|    explained_variance   | 5.96e-08   |
|    learning_rate        | 0.0003     |
|    loss                 | 6.23e+04   |
|    n_updates            | 610        |
|    policy_gradient_loss | -0.00433   |
|    value_loss           | 1.19e+05   |
----------------------------------------
-----------------------------------------
| rollout/                |             |
|    ep_len_mean          | 100         |
|    ep_rew_mean          | 1.59e+03    |
| time/                   |             |
|    fps                  | 54          |
|    iterations           | 63          |
|    time_elapsed         | 2367        |
|    total_timesteps      | 129024      |
| train/                  |             |
|    approx_kl            | 0.006867053 |
|    clip_fraction        | 0.0538      |
|    clip_range           | 0.2         |
|    entropy_loss         | -4.44       |
|    explained_variance   | -1.19e-07   |
|    learning_rate        | 0.0003      |
|    loss                 | 7.17e+04    |
|    n_updates            | 620         |
|    policy_gradient_loss | -0.00626    |
|    value_loss           | 1.39e+05    |
-----------------------------------------
2026-04-18 14:06:39,129 [INFO] DGRL-v7: [AdaptivePenalty] step=131,072 | viol_rate=0.043 (target=0.05) | λ_msd: -290.7 → -290.3
-----------------------------------------
| rollout/                |             |
|    ep_len_mean          | 100         |
|    ep_rew_mean          | 1.56e+03    |
| time/                   |             |
|    fps                  | 54          |
|    iterations           | 64          |
|    time_elapsed         | 2414        |
|    total_timesteps      | 131072      |
| train/                  |             |
|    approx_kl            | 0.008373551 |
|    clip_fraction        | 0.0834      |
|    clip_range           | 0.2         |
|    entropy_loss         | -4.45       |
|    explained_variance   | 0           |
|    learning_rate        | 0.0003      |
|    loss                 | 7.72e+04    |
|    n_updates            | 630         |
|    policy_gradient_loss | -0.00948    |
|    value_loss           | 1.43e+05    |
-----------------------------------------
-----------------------------------------
| rollout/                |             |
|    ep_len_mean          | 100         |
|    ep_rew_mean          | 1.49e+03    |
| time/                   |             |
|    fps                  | 54          |
|    iterations           | 65          |
|    time_elapsed         | 2459        |
|    total_timesteps      | 133120      |
| train/                  |             |
|    approx_kl            | 0.010029381 |
|    clip_fraction        | 0.0695      |
|    clip_range           | 0.2         |
|    entropy_loss         | -4.45       |
|    explained_variance   | 0           |
|    learning_rate        | 0.0003      |
|    loss                 | 5.77e+04    |
|    n_updates            | 640         |
|    policy_gradient_loss | -0.00842    |
|    value_loss           | 1.23e+05    |
-----------------------------------------
2026-04-18 14:08:04,142 [INFO] DGRL-v7: [AdaptivePenalty] step=135,168 | viol_rate=0.043 (target=0.05) | λ_msd: -290.3 → -290.0
-----------------------------------------
| rollout/                |             |
|    ep_len_mean          | 100         |
|    ep_rew_mean          | 1.38e+03    |
| time/                   |             |
|    fps                  | 54          |
|    iterations           | 66          |
|    time_elapsed         | 2499        |
|    total_timesteps      | 135168      |
| train/                  |             |
|    approx_kl            | 0.007266122 |
|    clip_fraction        | 0.0626      |
|    clip_range           | 0.2         |
|    entropy_loss         | -4.45       |
|    explained_variance   | 0           |
|    learning_rate        | 0.0003      |
|    loss                 | 4.7e+04     |
|    n_updates            | 650         |
|    policy_gradient_loss | -0.00664    |
|    value_loss           | 1.15e+05    |
-----------------------------------------
-----------------------------------------
| rollout/                |             |
|    ep_len_mean          | 100         |
|    ep_rew_mean          | 1.35e+03    |
| time/                   |             |
|    fps                  | 53          |
|    iterations           | 67          |
|    time_elapsed         | 2542        |
|    total_timesteps      | 137216      |
| train/                  |             |
|    approx_kl            | 0.007890411 |
|    clip_fraction        | 0.073       |
|    clip_range           | 0.2         |
|    entropy_loss         | -4.43       |
|    explained_variance   | 0           |
|    learning_rate        | 0.0003      |
|    loss                 | 5.59e+04    |
|    n_updates            | 660         |
|    policy_gradient_loss | -0.00753    |
|    value_loss           | 1.12e+05    |
-----------------------------------------
2026-04-18 14:09:27,627 [INFO] DGRL-v7: [AdaptivePenalty] step=139,264 | viol_rate=0.038 (target=0.05) | λ_msd: -290.0 → -289.4
-----------------------------------------
| rollout/                |             |
|    ep_len_mean          | 100         |
|    ep_rew_mean          | 1.42e+03    |
| time/                   |             |
|    fps                  | 53          |
|    iterations           | 68          |
|    time_elapsed         | 2583        |
|    total_timesteps      | 139264      |
| train/                  |             |
|    approx_kl            | 0.008015338 |
|    clip_fraction        | 0.0403      |
|    clip_range           | 0.2         |
|    entropy_loss         | -4.43       |
|    explained_variance   | 0           |
|    learning_rate        | 0.0003      |
|    loss                 | 6.35e+04    |
|    n_updates            | 670         |
|    policy_gradient_loss | -0.00518    |
|    value_loss           | 1.24e+05    |
-----------------------------------------
------------------------------------------
| rollout/                |              |
|    ep_len_mean          | 100          |
|    ep_rew_mean          | 1.49e+03     |
| time/                   |              |
|    fps                  | 53           |
|    iterations           | 69           |
|    time_elapsed         | 2623         |
|    total_timesteps      | 141312       |
| train/                  |              |
|    approx_kl            | 0.0075591654 |
|    clip_fraction        | 0.0502       |
|    clip_range           | 0.2          |
|    entropy_loss         | -4.44        |
|    explained_variance   | -1.19e-07    |
|    learning_rate        | 0.0003       |
|    loss                 | 7e+04        |
|    n_updates            | 680          |
|    policy_gradient_loss | -0.0054      |
|    value_loss           | 1.38e+05     |
------------------------------------------
2026-04-18 14:10:50,333 [INFO] DGRL-v7: [AdaptivePenalty] step=143,360 | viol_rate=0.036 (target=0.05) | λ_msd: -289.4 → -288.7
-----------------------------------------
| rollout/                |             |
|    ep_len_mean          | 100         |
|    ep_rew_mean          | 1.56e+03    |
| time/                   |             |
|    fps                  | 53          |
|    iterations           | 70          |
|    time_elapsed         | 2665        |
|    total_timesteps      | 143360      |
| train/                  |             |
|    approx_kl            | 0.009401826 |
|    clip_fraction        | 0.0455      |
|    clip_range           | 0.2         |
|    entropy_loss         | -4.44       |
|    explained_variance   | 0           |
|    learning_rate        | 0.0003      |
|    loss                 | 5.33e+04    |
|    n_updates            | 690         |
|    policy_gradient_loss | -0.00631    |
|    value_loss           | 1.23e+05    |
-----------------------------------------
------------------------------------------
| rollout/                |              |
|    ep_len_mean          | 100          |
|    ep_rew_mean          | 1.67e+03     |
| time/                   |              |
|    fps                  | 53           |
|    iterations           | 71           |
|    time_elapsed         | 2704         |
|    total_timesteps      | 145408       |
| train/                  |              |
|    approx_kl            | 0.0067707477 |
|    clip_fraction        | 0.0379       |
|    clip_range           | 0.2          |
|    entropy_loss         | -4.42        |
|    explained_variance   | -1.19e-07    |
|    learning_rate        | 0.0003       |
|    loss                 | 6.43e+04     |
|    n_updates            | 700          |
|    policy_gradient_loss | -0.00564     |
|    value_loss           | 1.34e+05     |
------------------------------------------
2026-04-18 14:12:13,064 [INFO] DGRL-v7: [AdaptivePenalty] step=147,456 | viol_rate=0.034 (target=0.05) | λ_msd: -288.7 → -287.9
------------------------------------------
| rollout/                |              |
|    ep_len_mean          | 100          |
|    ep_rew_mean          | 1.73e+03     |
| time/                   |              |
|    fps                  | 53           |
|    iterations           | 72           |
|    time_elapsed         | 2748         |
|    total_timesteps      | 147456       |
| train/                  |              |
|    approx_kl            | 0.0080775395 |
|    clip_fraction        | 0.0499       |
|    clip_range           | 0.2          |
|    entropy_loss         | -4.41        |
|    explained_variance   | 0            |
|    learning_rate        | 0.0003       |
|    loss                 | 6.42e+04     |
|    n_updates            | 710          |
|    policy_gradient_loss | -0.00599     |
|    value_loss           | 1.19e+05     |
------------------------------------------
--------------------------------------
| rollout/                |          |
|    ep_len_mean          | 100      |
|    ep_rew_mean          | 1.65e+03 |
| time/                   |          |
|    fps                  | 53       |
|    iterations           | 73       |
|    time_elapsed         | 2794     |
|    total_timesteps      | 149504   |
| train/                  |          |
|    approx_kl            | 0.008683 |
|    clip_fraction        | 0.0752   |
|    clip_range           | 0.2      |
|    entropy_loss         | -4.45    |
|    explained_variance   | 0        |
|    learning_rate        | 0.0003   |
|    loss                 | 6.26e+04 |
|    n_updates            | 720      |
|    policy_gradient_loss | -0.00673 |
|    value_loss           | 1.27e+05 |
--------------------------------------
Eval num_timesteps=150000, episode_reward=-9536.27 +/- 2124.89
Episode length: 100.00 +/- 0.00
-----------------------------------------
| eval/                   |             |
|    mean_ep_length       | 100         |
|    mean_reward          | -9.54e+03   |
| time/                   |             |
|    total_timesteps      | 150000      |
| train/                  |             |
|    approx_kl            | 0.010325596 |
|    clip_fraction        | 0.0833      |
|    clip_range           | 0.2         |
|    entropy_loss         | -4.44       |
|    explained_variance   | 0           |
|    learning_rate        | 0.0003      |
|    loss                 | 5.33e+04    |
|    n_updates            | 730         |
|    policy_gradient_loss | -0.00802    |
|    value_loss           | 1.13e+05    |
-----------------------------------------
2026-04-18 14:14:40,626 [INFO] DGRL-v7: [AdaptivePenalty] step=151,552 | viol_rate=0.037 (target=0.05) | λ_msd: -287.9 → -287.3
---------------------------------
| rollout/           |          |
|    ep_len_mean     | 100      |
|    ep_rew_mean     | 1.68e+03 |
| time/              |          |
|    fps             | 52       |
|    iterations      | 74       |
|    time_elapsed    | 2896     |
|    total_timesteps | 151552   |
---------------------------------
-----------------------------------------
| rollout/                |             |
|    ep_len_mean          | 100         |
|    ep_rew_mean          | 1.53e+03    |
| time/                   |             |
|    fps                  | 52          |
|    iterations           | 75          |
|    time_elapsed         | 2933        |
|    total_timesteps      | 153600      |
| train/                  |             |
|    approx_kl            | 0.025982736 |
|    clip_fraction        | 0.27        |
|    clip_range           | 0.2         |
|    entropy_loss         | -4.49       |
|    explained_variance   | 0           |
|    learning_rate        | 0.0003      |
|    loss                 | 7.49e+04    |
|    n_updates            | 740         |
|    policy_gradient_loss | 0.013       |
|    value_loss           | 1.65e+05    |
-----------------------------------------
2026-04-18 14:15:57,856 [INFO] DGRL-v7: [AdaptivePenalty] step=155,648 | viol_rate=0.045 (target=0.05) | λ_msd: -287.3 → -287.0
-----------------------------------------
| rollout/                |             |
|    ep_len_mean          | 100         |
|    ep_rew_mean          | 1.48e+03    |
| time/                   |             |
|    fps                  | 52          |
|    iterations           | 76          |
|    time_elapsed         | 2973        |
|    total_timesteps      | 155648      |
| train/                  |             |
|    approx_kl            | 0.010373777 |
|    clip_fraction        | 0.105       |
|    clip_range           | 0.2         |
|    entropy_loss         | -4.51       |
|    explained_variance   | 0.00109     |
|    learning_rate        | 0.0003      |
|    loss                 | 7.76e+04    |
|    n_updates            | 750         |
|    policy_gradient_loss | -0.00109    |
|    value_loss           | 1.42e+05    |
-----------------------------------------
-----------------------------------------
| rollout/                |             |
|    ep_len_mean          | 100         |
|    ep_rew_mean          | 1.35e+03    |
| time/                   |             |
|    fps                  | 52          |
|    iterations           | 77          |
|    time_elapsed         | 3015        |
|    total_timesteps      | 157696      |
| train/                  |             |
|    approx_kl            | 0.013145318 |
|    clip_fraction        | 0.182       |
|    clip_range           | 0.2         |
|    entropy_loss         | -4.53       |
|    explained_variance   | -0.0288     |
|    learning_rate        | 0.0003      |
|    loss                 | 6.59e+04    |
|    n_updates            | 760         |
|    policy_gradient_loss | 0.00242     |
|    value_loss           | 1.22e+05    |
-----------------------------------------
2026-04-18 14:17:23,897 [INFO] DGRL-v7: [AdaptivePenalty] step=159,744 | viol_rate=0.050 (target=0.05) | λ_msd: -287.0 → -287.0
----------------------------------------
| rollout/                |            |
|    ep_len_mean          | 100        |
|    ep_rew_mean          | 1.33e+03   |
| time/                   |            |
|    fps                  | 52         |
|    iterations           | 78         |
|    time_elapsed         | 3059       |
|    total_timesteps      | 159744     |
| train/                  |            |
|    approx_kl            | 0.05072952 |
|    clip_fraction        | 0.502      |
|    clip_range           | 0.2        |
|    entropy_loss         | -4.52      |
|    explained_variance   | 0          |
|    learning_rate        | 0.0003     |
|    loss                 | 6.06e+04   |
|    n_updates            | 770        |
|    policy_gradient_loss | 0.0527     |
|    value_loss           | 1.32e+05   |
----------------------------------------
----------------------------------------
| rollout/                |            |
|    ep_len_mean          | 100        |
|    ep_rew_mean          | 1.24e+03   |
| time/                   |            |
|    fps                  | 52         |
|    iterations           | 79         |
|    time_elapsed         | 3101       |
|    total_timesteps      | 161792     |
| train/                  |            |
|    approx_kl            | 0.00967784 |
|    clip_fraction        | 0.0682     |
|    clip_range           | 0.2        |
|    entropy_loss         | -4.56      |
|    explained_variance   | 0          |
|    learning_rate        | 0.0003     |
|    loss                 | 7.63e+04   |
|    n_updates            | 780        |
|    policy_gradient_loss | -0.00753   |
|    value_loss           | 1.39e+05   |
----------------------------------------
2026-04-18 14:18:48,331 [INFO] DGRL-v7: [AdaptivePenalty] step=163,840 | viol_rate=0.048 (target=0.05) | λ_msd: -287.0 → -287.0
-----------------------------------------
| rollout/                |             |
|    ep_len_mean          | 100         |
|    ep_rew_mean          | 1.28e+03    |
| time/                   |             |
|    fps                  | 52          |
|    iterations           | 80          |
|    time_elapsed         | 3144        |
|    total_timesteps      | 163840      |
| train/                  |             |
|    approx_kl            | 0.011112006 |
|    clip_fraction        | 0.0912      |
|    clip_range           | 0.2         |
|    entropy_loss         | -4.54       |
|    explained_variance   | 0           |
|    learning_rate        | 0.0003      |
|    loss                 | 5.72e+04    |
|    n_updates            | 790         |
|    policy_gradient_loss | -0.0116     |
|    value_loss           | 1.17e+05    |
-----------------------------------------
------------------------------------------
| rollout/                |              |
|    ep_len_mean          | 100          |
|    ep_rew_mean          | 1.3e+03      |
| time/                   |              |
|    fps                  | 52           |
|    iterations           | 81           |
|    time_elapsed         | 3181         |
|    total_timesteps      | 165888       |
| train/                  |              |
|    approx_kl            | 0.0077188634 |
|    clip_fraction        | 0.0823       |
|    clip_range           | 0.2          |
|    entropy_loss         | -4.51        |
|    explained_variance   | 0            |
|    learning_rate        | 0.0003       |
|    loss                 | 5.85e+04     |
|    n_updates            | 800          |
|    policy_gradient_loss | -0.01        |
|    value_loss           | 1.19e+05     |
------------------------------------------
2026-04-18 14:20:10,617 [INFO] DGRL-v7: [AdaptivePenalty] step=167,936 | viol_rate=0.044 (target=0.05) | λ_msd: -287.0 → -286.7
-----------------------------------------
| rollout/                |             |
|    ep_len_mean          | 100         |
|    ep_rew_mean          | 1.33e+03    |
| time/                   |             |
|    fps                  | 52          |
|    iterations           | 82          |
|    time_elapsed         | 3226        |
|    total_timesteps      | 167936      |
| train/                  |             |
|    approx_kl            | 0.009438269 |
|    clip_fraction        | 0.131       |
|    clip_range           | 0.2         |
|    entropy_loss         | -4.48       |
|    explained_variance   | 0           |
|    learning_rate        | 0.0003      |
|    loss                 | 7.59e+04    |
|    n_updates            | 810         |
|    policy_gradient_loss | -0.00927    |
|    value_loss           | 1.31e+05    |
-----------------------------------------
-----------------------------------------
| rollout/                |             |
|    ep_len_mean          | 100         |
|    ep_rew_mean          | 1.34e+03    |
| time/                   |             |
|    fps                  | 52          |
|    iterations           | 83          |
|    time_elapsed         | 3267        |
|    total_timesteps      | 169984      |
| train/                  |             |
|    approx_kl            | 0.008363828 |
|    clip_fraction        | 0.0456      |
|    clip_range           | 0.2         |
|    entropy_loss         | -4.49       |
|    explained_variance   | -1.19e-07   |
|    learning_rate        | 0.0003      |
|    loss                 | 6.65e+04    |
|    n_updates            | 820         |
|    policy_gradient_loss | -0.0058     |
|    value_loss           | 1.25e+05    |
-----------------------------------------
2026-04-18 14:21:36,981 [INFO] DGRL-v7: [AdaptivePenalty] step=172,032 | viol_rate=0.039 (target=0.05) | λ_msd: -286.7 → -286.1
-----------------------------------------
| rollout/                |             |
|    ep_len_mean          | 100         |
|    ep_rew_mean          | 1.38e+03    |
| time/                   |             |
|    fps                  | 51          |
|    iterations           | 84          |
|    time_elapsed         | 3312        |
|    total_timesteps      | 172032      |
| train/                  |             |
|    approx_kl            | 0.009596433 |
|    clip_fraction        | 0.0726      |
|    clip_range           | 0.2         |
|    entropy_loss         | -4.47       |
|    explained_variance   | 0           |
|    learning_rate        | 0.0003      |
|    loss                 | 6.68e+04    |
|    n_updates            | 830         |
|    policy_gradient_loss | -0.00781    |
|    value_loss           | 1.29e+05    |
-----------------------------------------
-----------------------------------------
| rollout/                |             |
|    ep_len_mean          | 100         |
|    ep_rew_mean          | 1.48e+03    |
| time/                   |             |
|    fps                  | 51          |
|    iterations           | 85          |
|    time_elapsed         | 3352        |
|    total_timesteps      | 174080      |
| train/                  |             |
|    approx_kl            | 0.008394731 |
|    clip_fraction        | 0.053       |
|    clip_range           | 0.2         |
|    entropy_loss         | -4.45       |
|    explained_variance   | 5.96e-08    |
|    learning_rate        | 0.0003      |
|    loss                 | 5.95e+04    |
|    n_updates            | 840         |
|    policy_gradient_loss | -0.00749    |
|    value_loss           | 1.21e+05    |
-----------------------------------------
2026-04-18 14:22:57,512 [INFO] DGRL-v7: [AdaptivePenalty] step=176,128 | viol_rate=0.039 (target=0.05) | λ_msd: -286.1 → -285.6
------------------------------------------
| rollout/                |              |
|    ep_len_mean          | 100          |
|    ep_rew_mean          | 1.48e+03     |
| time/                   |              |
|    fps                  | 51           |
|    iterations           | 86           |
|    time_elapsed         | 3393         |
|    total_timesteps      | 176128       |
| train/                  |              |
|    approx_kl            | 0.0067866566 |
|    clip_fraction        | 0.0323       |
|    clip_range           | 0.2          |
|    entropy_loss         | -4.42        |
|    explained_variance   | 5.96e-08     |
|    learning_rate        | 0.0003       |
|    loss                 | 6.05e+04     |
|    n_updates            | 850          |
|    policy_gradient_loss | -0.00572     |
|    value_loss           | 1.14e+05     |
------------------------------------------
-----------------------------------------
| rollout/                |             |
|    ep_len_mean          | 100         |
|    ep_rew_mean          | 1.6e+03     |
| time/                   |             |
|    fps                  | 51          |
|    iterations           | 87          |
|    time_elapsed         | 3439        |
|    total_timesteps      | 178176      |
| train/                  |             |
|    approx_kl            | 0.009771339 |
|    clip_fraction        | 0.0729      |
|    clip_range           | 0.2         |
|    entropy_loss         | -4.44       |
|    explained_variance   | 0           |
|    learning_rate        | 0.0003      |
|    loss                 | 5.1e+04     |
|    n_updates            | 860         |
|    policy_gradient_loss | -0.00676    |
|    value_loss           | 1.16e+05    |
-----------------------------------------
2026-04-18 14:24:29,180 [INFO] DGRL-v7: [AdaptivePenalty] step=180,224 | viol_rate=0.036 (target=0.05) | λ_msd: -285.6 → -284.9
------------------------------------------
| rollout/                |              |
|    ep_len_mean          | 100          |
|    ep_rew_mean          | 1.59e+03     |
| time/                   |              |
|    fps                  | 51           |
|    iterations           | 88           |
|    time_elapsed         | 3484         |
|    total_timesteps      | 180224       |
| train/                  |              |
|    approx_kl            | 0.0062710904 |
|    clip_fraction        | 0.017        |
|    clip_range           | 0.2          |
|    entropy_loss         | -4.45        |
|    explained_variance   | 0            |
|    learning_rate        | 0.0003       |
|    loss                 | 5.22e+04     |
|    n_updates            | 870          |
|    policy_gradient_loss | -0.0043      |
|    value_loss           | 1.11e+05     |
------------------------------------------
----------------------------------------
| rollout/                |            |
|    ep_len_mean          | 100        |
|    ep_rew_mean          | 1.52e+03   |
| time/                   |            |
|    fps                  | 51         |
|    iterations           | 89         |
|    time_elapsed         | 3527       |
|    total_timesteps      | 182272     |
| train/                  |            |
|    approx_kl            | 0.00829681 |
|    clip_fraction        | 0.0582     |
|    clip_range           | 0.2        |
|    entropy_loss         | -4.44      |
|    explained_variance   | 0          |
|    learning_rate        | 0.0003     |
|    loss                 | 5.36e+04   |
|    n_updates            | 880        |
|    policy_gradient_loss | -0.00721   |
|    value_loss           | 1.11e+05   |
----------------------------------------
2026-04-18 14:25:52,415 [INFO] DGRL-v7: [AdaptivePenalty] step=184,320 | viol_rate=0.038 (target=0.05) | λ_msd: -284.9 → -284.3
-----------------------------------------
| rollout/                |             |
|    ep_len_mean          | 100         |
|    ep_rew_mean          | 1.51e+03    |
| time/                   |             |
|    fps                  | 51          |
|    iterations           | 90          |
|    time_elapsed         | 3568        |
|    total_timesteps      | 184320      |
| train/                  |             |
|    approx_kl            | 0.012270164 |
|    clip_fraction        | 0.0694      |
|    clip_range           | 0.2         |
|    entropy_loss         | -4.42       |
|    explained_variance   | 0           |
|    learning_rate        | 0.0003      |
|    loss                 | 7.49e+04    |
|    n_updates            | 890         |
|    policy_gradient_loss | -0.00835    |
|    value_loss           | 1.31e+05    |
-----------------------------------------
------------------------------------------
| rollout/                |              |
|    ep_len_mean          | 100          |
|    ep_rew_mean          | 1.54e+03     |
| time/                   |              |
|    fps                  | 51           |
|    iterations           | 91           |
|    time_elapsed         | 3611         |
|    total_timesteps      | 186368       |
| train/                  |              |
|    approx_kl            | 0.0072823446 |
|    clip_fraction        | 0.0213       |
|    clip_range           | 0.2          |
|    entropy_loss         | -4.41        |
|    explained_variance   | 0            |
|    learning_rate        | 0.0003       |
|    loss                 | 5.68e+04     |
|    n_updates            | 900          |
|    policy_gradient_loss | -0.00463     |
|    value_loss           | 1.1e+05      |
------------------------------------------
2026-04-18 14:27:19,291 [INFO] DGRL-v7: [AdaptivePenalty] step=188,416 | viol_rate=0.042 (target=0.05) | λ_msd: -284.3 → -283.9
-----------------------------------------
| rollout/                |             |
|    ep_len_mean          | 100         |
|    ep_rew_mean          | 1.41e+03    |
| time/                   |             |
|    fps                  | 51          |
|    iterations           | 92          |
|    time_elapsed         | 3654        |
|    total_timesteps      | 188416      |
| train/                  |             |
|    approx_kl            | 0.007650272 |
|    clip_fraction        | 0.0633      |
|    clip_range           | 0.2         |
|    entropy_loss         | -4.43       |
|    explained_variance   | 0           |
|    learning_rate        | 0.0003      |
|    loss                 | 5.51e+04    |
|    n_updates            | 910         |
|    policy_gradient_loss | -0.00555    |
|    value_loss           | 1.14e+05    |
-----------------------------------------
-----------------------------------------
| rollout/                |             |
|    ep_len_mean          | 100         |
|    ep_rew_mean          | 1.37e+03    |
| time/                   |             |
|    fps                  | 51          |
|    iterations           | 93          |
|    time_elapsed         | 3698        |
|    total_timesteps      | 190464      |
| train/                  |             |
|    approx_kl            | 0.017521063 |
|    clip_fraction        | 0.119       |
|    clip_range           | 0.2         |
|    entropy_loss         | -4.41       |
|    explained_variance   | 0           |
|    learning_rate        | 0.0003      |
|    loss                 | 8.33e+04    |
|    n_updates            | 920         |
|    policy_gradient_loss | -0.00542    |
|    value_loss           | 1.39e+05    |
-----------------------------------------
2026-04-18 14:28:43,765 [INFO] DGRL-v7: [AdaptivePenalty] step=192,512 | viol_rate=0.041 (target=0.05) | λ_msd: -283.9 → -283.4
-----------------------------------------
| rollout/                |             |
|    ep_len_mean          | 100         |
|    ep_rew_mean          | 1.45e+03    |
| time/                   |             |
|    fps                  | 51          |
|    iterations           | 94          |
|    time_elapsed         | 3739        |
|    total_timesteps      | 192512      |
| train/                  |             |
|    approx_kl            | 0.008362999 |
|    clip_fraction        | 0.0722      |
|    clip_range           | 0.2         |
|    entropy_loss         | -4.35       |
|    explained_variance   | -1.19e-07   |
|    learning_rate        | 0.0003      |
|    loss                 | 6.71e+04    |
|    n_updates            | 930         |
|    policy_gradient_loss | -0.00449    |
|    value_loss           | 1.25e+05    |
-----------------------------------------
------------------------------------------
| rollout/                |              |
|    ep_len_mean          | 100          |
|    ep_rew_mean          | 1.42e+03     |
| time/                   |              |
|    fps                  | 51           |
|    iterations           | 95           |
|    time_elapsed         | 3783         |
|    total_timesteps      | 194560       |
| train/                  |              |
|    approx_kl            | 0.0076732743 |
|    clip_fraction        | 0.0536       |
|    clip_range           | 0.2          |
|    entropy_loss         | -4.34        |
|    explained_variance   | 0            |
|    learning_rate        | 0.0003       |
|    loss                 | 6.48e+04     |
|    n_updates            | 940          |
|    policy_gradient_loss | -0.00618     |
|    value_loss           | 1.39e+05     |
------------------------------------------
2026-04-18 14:30:08,527 [INFO] DGRL-v7: [AdaptivePenalty] step=196,608 | viol_rate=0.037 (target=0.05) | λ_msd: -283.4 → -282.7
-----------------------------------------
| rollout/                |             |
|    ep_len_mean          | 100         |
|    ep_rew_mean          | 1.41e+03    |
| time/                   |             |
|    fps                  | 51          |
|    iterations           | 96          |
|    time_elapsed         | 3824        |
|    total_timesteps      | 196608      |
| train/                  |             |
|    approx_kl            | 0.006701148 |
|    clip_fraction        | 0.0435      |
|    clip_range           | 0.2         |
|    entropy_loss         | -4.36       |
|    explained_variance   | 0           |
|    learning_rate        | 0.0003      |
|    loss                 | 4.91e+04    |
|    n_updates            | 950         |
|    policy_gradient_loss | -0.00438    |
|    value_loss           | 1.14e+05    |
-----------------------------------------
-----------------------------------------
| rollout/                |             |
|    ep_len_mean          | 100         |
|    ep_rew_mean          | 1.44e+03    |
| time/                   |             |
|    fps                  | 51          |
|    iterations           | 97          |
|    time_elapsed         | 3858        |
|    total_timesteps      | 198656      |
| train/                  |             |
|    approx_kl            | 0.013670074 |
|    clip_fraction        | 0.115       |
|    clip_range           | 0.2         |
|    entropy_loss         | -4.37       |
|    explained_variance   | 0           |
|    learning_rate        | 0.0003      |
|    loss                 | 7.07e+04    |
|    n_updates            | 960         |
|    policy_gradient_loss | -0.00335    |
|    value_loss           | 1.37e+05    |
-----------------------------------------
Eval num_timesteps=200000, episode_reward=-11502.66 +/- 2039.34
Episode length: 100.00 +/- 0.00
-----------------------------------------
| eval/                   |             |
|    mean_ep_length       | 100         |
|    mean_reward          | -1.15e+04   |
| time/                   |             |
|    total_timesteps      | 200000      |
| train/                  |             |
|    approx_kl            | 0.029211227 |
|    clip_fraction        | 0.461       |
|    clip_range           | 0.2         |
|    entropy_loss         | -4.39       |
|    explained_variance   | 0           |
|    learning_rate        | 0.0003      |
|    loss                 | 6.95e+04    |
|    n_updates            | 970         |
|    policy_gradient_loss | 0.0258      |
|    value_loss           | 1.39e+05    |
-----------------------------------------
2026-04-18 14:32:12,270 [INFO] DGRL-v7: [AdaptivePenalty] step=200,704 | viol_rate=0.037 (target=0.05) | λ_msd: -282.7 → -282.1
---------------------------------
| rollout/           |          |
|    ep_len_mean     | 100      |
|    ep_rew_mean     | 1.54e+03 |
| time/              |          |
|    fps             | 50       |
|    iterations      | 98       |
|    time_elapsed    | 3947     |
|    total_timesteps | 200704   |
---------------------------------
------------------------------------------
| rollout/                |              |
|    ep_len_mean          | 100          |
|    ep_rew_mean          | 1.55e+03     |
| time/                   |              |
|    fps                  | 50           |
|    iterations           | 99           |
|    time_elapsed         | 3990         |
|    total_timesteps      | 202752       |
| train/                  |              |
|    approx_kl            | 0.0076134964 |
|    clip_fraction        | 0.059        |
|    clip_range           | 0.2          |
|    entropy_loss         | -4.44        |
|    explained_variance   | 0            |
|    learning_rate        | 0.0003       |
|    loss                 | 7.39e+04     |
|    n_updates            | 980          |
|    policy_gradient_loss | -0.00743     |
|    value_loss           | 1.2e+05      |
------------------------------------------
2026-04-18 14:33:35,760 [INFO] DGRL-v7: [AdaptivePenalty] step=204,800 | viol_rate=0.039 (target=0.05) | λ_msd: -282.1 → -281.5
------------------------------------------
| rollout/                |              |
|    ep_len_mean          | 100          |
|    ep_rew_mean          | 1.52e+03     |
| time/                   |              |
|    fps                  | 50           |
|    iterations           | 100          |
|    time_elapsed         | 4031         |
|    total_timesteps      | 204800       |
| train/                  |              |
|    approx_kl            | 0.0059893574 |
|    clip_fraction        | 0.00869      |
|    clip_range           | 0.2          |
|    entropy_loss         | -4.46        |
|    explained_variance   | 0            |
|    learning_rate        | 0.0003       |
|    loss                 | 5.27e+04     |
|    n_updates            | 990          |
|    policy_gradient_loss | -0.00476     |
|    value_loss           | 1.08e+05     |
------------------------------------------
-----------------------------------------
| rollout/                |             |
|    ep_len_mean          | 100         |
|    ep_rew_mean          | 1.54e+03    |
| time/                   |             |
|    fps                  | 50          |
|    iterations           | 101         |
|    time_elapsed         | 4075        |
|    total_timesteps      | 206848      |
| train/                  |             |
|    approx_kl            | 0.007582783 |
|    clip_fraction        | 0.0251      |
|    clip_range           | 0.2         |
|    entropy_loss         | -4.45       |
|    explained_variance   | 0           |
|    learning_rate        | 0.0003      |
|    loss                 | 5.88e+04    |
|    n_updates            | 1000        |
|    policy_gradient_loss | -0.00526    |
|    value_loss           | 1.18e+05    |
-----------------------------------------
2026-04-18 14:35:02,066 [INFO] DGRL-v7: [AdaptivePenalty] step=208,896 | viol_rate=0.049 (target=0.05) | λ_msd: -281.5 → -281.5
------------------------------------------
| rollout/                |              |
|    ep_len_mean          | 100          |
|    ep_rew_mean          | 1.55e+03     |
| time/                   |              |
|    fps                  | 50           |
|    iterations           | 102          |
|    time_elapsed         | 4117         |
|    total_timesteps      | 208896       |
| train/                  |              |
|    approx_kl            | 0.0066143414 |
|    clip_fraction        | 0.0556       |
|    clip_range           | 0.2          |
|    entropy_loss         | -4.44        |
|    explained_variance   | 0            |
|    learning_rate        | 0.0003       |
|    loss                 | 6.82e+04     |
|    n_updates            | 1010         |
|    policy_gradient_loss | -0.00661     |
|    value_loss           | 1.37e+05     |
------------------------------------------
-----------------------------------------
| rollout/                |             |
|    ep_len_mean          | 100         |
|    ep_rew_mean          | 1.52e+03    |
| time/                   |             |
|    fps                  | 50          |
|    iterations           | 103         |
|    time_elapsed         | 4160        |
|    total_timesteps      | 210944      |
| train/                  |             |
|    approx_kl            | 0.009957943 |
|    clip_fraction        | 0.0785      |
|    clip_range           | 0.2         |
|    entropy_loss         | -4.44       |
|    explained_variance   | 5.96e-08    |
|    learning_rate        | 0.0003      |
|    loss                 | 6.13e+04    |
|    n_updates            | 1020        |
|    policy_gradient_loss | -0.0106     |
|    value_loss           | 1.14e+05    |
-----------------------------------------
2026-04-18 14:36:28,043 [INFO] DGRL-v7: [AdaptivePenalty] step=212,992 | viol_rate=0.042 (target=0.05) | λ_msd: -281.5 → -281.1
------------------------------------------
| rollout/                |              |
|    ep_len_mean          | 100          |
|    ep_rew_mean          | 1.5e+03      |
| time/                   |              |
|    fps                  | 50           |
|    iterations           | 104          |
|    time_elapsed         | 4203         |
|    total_timesteps      | 212992       |
| train/                  |              |
|    approx_kl            | 0.0062865755 |
|    clip_fraction        | 0.0382       |
|    clip_range           | 0.2          |
|    entropy_loss         | -4.45        |
|    explained_variance   | 1.19e-07     |
|    learning_rate        | 0.0003       |
|    loss                 | 7.16e+04     |
|    n_updates            | 1030         |
|    policy_gradient_loss | -0.00379     |
|    value_loss           | 1.38e+05     |
------------------------------------------
-----------------------------------------
| rollout/                |             |
|    ep_len_mean          | 100         |
|    ep_rew_mean          | 1.52e+03    |
| time/                   |             |
|    fps                  | 50          |
|    iterations           | 105         |
|    time_elapsed         | 4242        |
|    total_timesteps      | 215040      |
| train/                  |             |
|    approx_kl            | 0.009494107 |
|    clip_fraction        | 0.056       |
|    clip_range           | 0.2         |
|    entropy_loss         | -4.47       |
|    explained_variance   | 0           |
|    learning_rate        | 0.0003      |
|    loss                 | 5.41e+04    |
|    n_updates            | 1040        |
|    policy_gradient_loss | -0.0063     |
|    value_loss           | 1.15e+05    |
-----------------------------------------
2026-04-18 14:37:54,216 [INFO] DGRL-v7: [AdaptivePenalty] step=217,088 | viol_rate=0.043 (target=0.05) | λ_msd: -281.1 → -280.7
-----------------------------------------
| rollout/                |             |
|    ep_len_mean          | 100         |
|    ep_rew_mean          | 1.5e+03     |
| time/                   |             |
|    fps                  | 50          |
|    iterations           | 106         |
|    time_elapsed         | 4289        |
|    total_timesteps      | 217088      |
| train/                  |             |
|    approx_kl            | 0.008050568 |
|    clip_fraction        | 0.0507      |
|    clip_range           | 0.2         |
|    entropy_loss         | -4.44       |
|    explained_variance   | 0           |
|    learning_rate        | 0.0003      |
|    loss                 | 5.39e+04    |
|    n_updates            | 1050        |
|    policy_gradient_loss | -0.0079     |
|    value_loss           | 1.22e+05    |
-----------------------------------------
----------------------------------------
| rollout/                |            |
|    ep_len_mean          | 100        |
|    ep_rew_mean          | 1.48e+03   |
| time/                   |            |
|    fps                  | 50         |
|    iterations           | 107        |
|    time_elapsed         | 4332       |
|    total_timesteps      | 219136     |
| train/                  |            |
|    approx_kl            | 0.01152717 |
|    clip_fraction        | 0.315      |
|    clip_range           | 0.2        |
|    entropy_loss         | -4.44      |
|    explained_variance   | -1.19e-07  |
|    learning_rate        | 0.0003     |
|    loss                 | 6.42e+04   |
|    n_updates            | 1060       |
|    policy_gradient_loss | 0.0054     |
|    value_loss           | 1.28e+05   |
----------------------------------------
2026-04-18 14:39:14,542 [INFO] DGRL-v7: [AdaptivePenalty] step=221,184 | viol_rate=0.041 (target=0.05) | λ_msd: -280.7 → -280.3
-----------------------------------------
| rollout/                |             |
|    ep_len_mean          | 100         |
|    ep_rew_mean          | 1.51e+03    |
| time/                   |             |
|    fps                  | 50          |
|    iterations           | 108         |
|    time_elapsed         | 4370        |
|    total_timesteps      | 221184      |
| train/                  |             |
|    approx_kl            | 0.009064112 |
|    clip_fraction        | 0.0881      |
|    clip_range           | 0.2         |
|    entropy_loss         | -4.45       |
|    explained_variance   | 5.96e-08    |
|    learning_rate        | 0.0003      |
|    loss                 | 4.73e+04    |
|    n_updates            | 1070        |
|    policy_gradient_loss | -0.0077     |
|    value_loss           | 1e+05       |
-----------------------------------------
----------------------------------------
| rollout/                |            |
|    ep_len_mean          | 100        |
|    ep_rew_mean          | 1.48e+03   |
| time/                   |            |
|    fps                  | 50         |
|    iterations           | 109        |
|    time_elapsed         | 4408       |
|    total_timesteps      | 223232     |
| train/                  |            |
|    approx_kl            | 0.00735915 |
|    clip_fraction        | 0.0638     |
|    clip_range           | 0.2        |
|    entropy_loss         | -4.45      |
|    explained_variance   | 0          |
|    learning_rate        | 0.0003     |
|    loss                 | 6.49e+04   |
|    n_updates            | 1080       |
|    policy_gradient_loss | -0.00703   |
|    value_loss           | 1.28e+05   |
----------------------------------------
2026-04-18 14:40:20,210 [INFO] DGRL-v7: [AdaptivePenalty] step=225,280 | viol_rate=0.046 (target=0.05) | λ_msd: -280.3 → -280.1
-----------------------------------------
| rollout/                |             |
|    ep_len_mean          | 100         |
|    ep_rew_mean          | 1.48e+03    |
| time/                   |             |
|    fps                  | 50          |
|    iterations           | 110         |
|    time_elapsed         | 4435        |
|    total_timesteps      | 225280      |
| train/                  |             |
|    approx_kl            | 0.006289695 |
|    clip_fraction        | 0.0412      |
|    clip_range           | 0.2         |
|    entropy_loss         | -4.45       |
|    explained_variance   | 5.96e-08    |
|    learning_rate        | 0.0003      |
|    loss                 | 6.62e+04    |
|    n_updates            | 1090        |
|    policy_gradient_loss | -0.00386    |
|    value_loss           | 1.26e+05    |
-----------------------------------------
-----------------------------------------
| rollout/                |             |
|    ep_len_mean          | 100         |
|    ep_rew_mean          | 1.54e+03    |
| time/                   |             |
|    fps                  | 50          |
|    iterations           | 111         |
|    time_elapsed         | 4471        |
|    total_timesteps      | 227328      |
| train/                  |             |
|    approx_kl            | 0.007203291 |
|    clip_fraction        | 0.0524      |
|    clip_range           | 0.2         |
|    entropy_loss         | -4.48       |
|    explained_variance   | 5.96e-08    |
|    learning_rate        | 0.0003      |
|    loss                 | 5.23e+04    |
|    n_updates            | 1100        |
|    policy_gradient_loss | -0.00439    |
|    value_loss           | 1.09e+05    |
-----------------------------------------
2026-04-18 14:41:32,272 [INFO] DGRL-v7: [AdaptivePenalty] step=229,376 | viol_rate=0.044 (target=0.05) | λ_msd: -280.1 → -279.8
----------------------------------------
| rollout/                |            |
|    ep_len_mean          | 100        |
|    ep_rew_mean          | 1.51e+03   |
| time/                   |            |
|    fps                  | 50         |
|    iterations           | 112        |
|    time_elapsed         | 4507       |
|    total_timesteps      | 229376     |
| train/                  |            |
|    approx_kl            | 0.00795253 |
|    clip_fraction        | 0.075      |
|    clip_range           | 0.2        |
|    entropy_loss         | -4.48      |
|    explained_variance   | 5.96e-08   |
|    learning_rate        | 0.0003     |
|    loss                 | 5.98e+04   |
|    n_updates            | 1110       |
|    policy_gradient_loss | -0.00897   |
|    value_loss           | 1.1e+05    |
----------------------------------------
------------------------------------------
| rollout/                |              |
|    ep_len_mean          | 100          |
|    ep_rew_mean          | 1.52e+03     |
| time/                   |              |
|    fps                  | 50           |
|    iterations           | 113          |
|    time_elapsed         | 4539         |
|    total_timesteps      | 231424       |
| train/                  |              |
|    approx_kl            | 0.0071613546 |
|    clip_fraction        | 0.0876       |
|    clip_range           | 0.2          |
|    entropy_loss         | -4.47        |
|    explained_variance   | 0            |
|    learning_rate        | 0.0003       |
|    loss                 | 7.22e+04     |
|    n_updates            | 1120         |
|    policy_gradient_loss | -0.00677     |
|    value_loss           | 1.43e+05     |
------------------------------------------
2026-04-18 14:42:39,341 [INFO] DGRL-v7: [AdaptivePenalty] step=233,472 | viol_rate=0.042 (target=0.05) | λ_msd: -279.8 → -279.4
-----------------------------------------
| rollout/                |             |
|    ep_len_mean          | 100         |
|    ep_rew_mean          | 1.5e+03     |
| time/                   |             |
|    fps                  | 51          |
|    iterations           | 114         |
|    time_elapsed         | 4575        |
|    total_timesteps      | 233472      |
| train/                  |             |
|    approx_kl            | 0.008691534 |
|    clip_fraction        | 0.0489      |
|    clip_range           | 0.2         |
|    entropy_loss         | -4.46       |
|    explained_variance   | 0           |
|    learning_rate        | 0.0003      |
|    loss                 | 5.83e+04    |
|    n_updates            | 1130        |
|    policy_gradient_loss | -0.0078     |
|    value_loss           | 1e+05       |
-----------------------------------------
-----------------------------------------
| rollout/                |             |
|    ep_len_mean          | 100         |
|    ep_rew_mean          | 1.45e+03    |
| time/                   |             |
|    fps                  | 51          |
|    iterations           | 115         |
|    time_elapsed         | 4614        |
|    total_timesteps      | 235520      |
| train/                  |             |
|    approx_kl            | 0.008039239 |
|    clip_fraction        | 0.0828      |
|    clip_range           | 0.2         |
|    entropy_loss         | -4.44       |
|    explained_variance   | 0           |
|    learning_rate        | 0.0003      |
|    loss                 | 5.83e+04    |
|    n_updates            | 1140        |
|    policy_gradient_loss | -0.00879    |
|    value_loss           | 1.09e+05    |
-----------------------------------------
2026-04-18 14:43:54,949 [INFO] DGRL-v7: [AdaptivePenalty] step=237,568 | viol_rate=0.045 (target=0.05) | λ_msd: -279.4 → -279.1
-----------------------------------------
| rollout/                |             |
|    ep_len_mean          | 100         |
|    ep_rew_mean          | 1.47e+03    |
| time/                   |             |
|    fps                  | 51          |
|    iterations           | 116         |
|    time_elapsed         | 4650        |
|    total_timesteps      | 237568      |
| train/                  |             |
|    approx_kl            | 0.018412739 |
|    clip_fraction        | 0.0925      |
|    clip_range           | 0.2         |
|    entropy_loss         | -4.43       |
|    explained_variance   | -1.19e-07   |
|    learning_rate        | 0.0003      |
|    loss                 | 5.24e+04    |
|    n_updates            | 1150        |
|    policy_gradient_loss | -0.00341    |
|    value_loss           | 1.06e+05    |
-----------------------------------------
-----------------------------------------
| rollout/                |             |
|    ep_len_mean          | 100         |
|    ep_rew_mean          | 1.43e+03    |
| time/                   |             |
|    fps                  | 51          |
|    iterations           | 117         |
|    time_elapsed         | 4689        |
|    total_timesteps      | 239616      |
| train/                  |             |
|    approx_kl            | 0.006119293 |
|    clip_fraction        | 0.0518      |
|    clip_range           | 0.2         |
|    entropy_loss         | -4.43       |
|    explained_variance   | 5.96e-08    |
|    learning_rate        | 0.0003      |
|    loss                 | 5.72e+04    |
|    n_updates            | 1160        |
|    policy_gradient_loss | -0.00542    |
|    value_loss           | 1.21e+05    |
-----------------------------------------
2026-04-18 14:45:10,190 [INFO] DGRL-v7: [AdaptivePenalty] step=241,664 | viol_rate=0.045 (target=0.05) | λ_msd: -279.1 → -278.9
----------------------------------------
| rollout/                |            |
|    ep_len_mean          | 100        |
|    ep_rew_mean          | 1.38e+03   |
| time/                   |            |
|    fps                  | 51         |
|    iterations           | 118        |
|    time_elapsed         | 4725       |
|    total_timesteps      | 241664     |
| train/                  |            |
|    approx_kl            | 0.03007235 |
|    clip_fraction        | 0.213      |
|    clip_range           | 0.2        |
|    entropy_loss         | -4.43      |
|    explained_variance   | 0          |
|    learning_rate        | 0.0003     |
|    loss                 | 7.15e+04   |
|    n_updates            | 1170       |
|    policy_gradient_loss | -0.00219   |
|    value_loss           | 1.54e+05   |
----------------------------------------
-----------------------------------------
| rollout/                |             |
|    ep_len_mean          | 100         |
|    ep_rew_mean          | 1.32e+03    |
| time/                   |             |
|    fps                  | 51          |
|    iterations           | 119         |
|    time_elapsed         | 4760        |
|    total_timesteps      | 243712      |
| train/                  |             |
|    approx_kl            | 0.006867812 |
|    clip_fraction        | 0.188       |
|    clip_range           | 0.2         |
|    entropy_loss         | -4.44       |
|    explained_variance   | 0           |
|    learning_rate        | 0.0003      |
|    loss                 | 5.75e+04    |
|    n_updates            | 1180        |
|    policy_gradient_loss | -0.000489   |
|    value_loss           | 1.32e+05    |
-----------------------------------------
2026-04-18 14:46:20,039 [INFO] DGRL-v7: [AdaptivePenalty] step=245,760 | viol_rate=0.051 (target=0.05) | λ_msd: -278.9 → -278.9
----------------------------------------
| rollout/                |            |
|    ep_len_mean          | 100        |
|    ep_rew_mean          | 1.37e+03   |
| time/                   |            |
|    fps                  | 51         |
|    iterations           | 120        |
|    time_elapsed         | 4795       |
|    total_timesteps      | 245760     |
| train/                  |            |
|    approx_kl            | 0.00924871 |
|    clip_fraction        | 0.28       |
|    clip_range           | 0.2        |
|    entropy_loss         | -4.45      |
|    explained_variance   | 0          |
|    learning_rate        | 0.0003     |
|    loss                 | 7e+04      |
|    n_updates            | 1190       |
|    policy_gradient_loss | 0.00665    |
|    value_loss           | 1.32e+05   |
----------------------------------------
------------------------------------------
| rollout/                |              |
|    ep_len_mean          | 100          |
|    ep_rew_mean          | 1.31e+03     |
| time/                   |              |
|    fps                  | 51           |
|    iterations           | 121          |
|    time_elapsed         | 4829         |
|    total_timesteps      | 247808       |
| train/                  |              |
|    approx_kl            | 0.0069619236 |
|    clip_fraction        | 0.0334       |
|    clip_range           | 0.2          |
|    entropy_loss         | -4.47        |
|    explained_variance   | -1.19e-07    |
|    learning_rate        | 0.0003       |
|    loss                 | 5.41e+04     |
|    n_updates            | 1200         |
|    policy_gradient_loss | -0.00537     |
|    value_loss           | 1.2e+05      |
------------------------------------------
2026-04-18 14:47:29,949 [INFO] DGRL-v7: [AdaptivePenalty] step=249,856 | viol_rate=0.039 (target=0.05) | λ_msd: -278.9 → -278.4
-----------------------------------------
| rollout/                |             |
|    ep_len_mean          | 100         |
|    ep_rew_mean          | 1.51e+03    |
| time/                   |             |
|    fps                  | 51          |
|    iterations           | 122         |
|    time_elapsed         | 4865        |
|    total_timesteps      | 249856      |
| train/                  |             |
|    approx_kl            | 0.011235626 |
|    clip_fraction        | 0.118       |
|    clip_range           | 0.2         |
|    entropy_loss         | -4.47       |
|    explained_variance   | -1.19e-07   |
|    learning_rate        | 0.0003      |
|    loss                 | 6.44e+04    |
|    n_updates            | 1210        |
|    policy_gradient_loss | -0.0046     |
|    value_loss           | 1.46e+05    |
-----------------------------------------
Eval num_timesteps=250000, episode_reward=-7306.40 +/- 767.08
Episode length: 100.00 +/- 0.00
-----------------------------------------
| eval/                   |             |
|    mean_ep_length       | 100         |
|    mean_reward          | -7.31e+03   |
| time/                   |             |
|    total_timesteps      | 250000      |
| train/                  |             |
|    approx_kl            | 0.003323961 |
|    clip_fraction        | 0.000635    |
|    clip_range           | 0.2         |
|    entropy_loss         | -4.47       |
|    explained_variance   | 5.96e-08    |
|    learning_rate        | 0.0003      |
|    loss                 | 5.6e+04     |
|    n_updates            | 1220        |
|    policy_gradient_loss | -0.00368    |
|    value_loss           | 1.13e+05    |
-----------------------------------------
New best mean reward!
---------------------------------
| rollout/           |          |
|    ep_len_mean     | 100      |
|    ep_rew_mean     | 1.49e+03 |
| time/              |          |
|    fps             | 51       |
|    iterations      | 123      |
|    time_elapsed    | 4934     |
|    total_timesteps | 251904   |
---------------------------------
2026-04-18 14:49:14,605 [INFO] DGRL-v7: [AdaptivePenalty] step=253,952 | viol_rate=0.044 (target=0.05) | λ_msd: -278.4 → -278.1
-----------------------------------------
| rollout/                |             |
|    ep_len_mean          | 100         |
|    ep_rew_mean          | 1.47e+03    |
| time/                   |             |
|    fps                  | 51          |
|    iterations           | 124         |
|    time_elapsed         | 4970        |
|    total_timesteps      | 253952      |
| train/                  |             |
|    approx_kl            | 0.014715019 |
|    clip_fraction        | 0.256       |
|    clip_range           | 0.2         |
|    entropy_loss         | -4.46       |
|    explained_variance   | 0           |
|    learning_rate        | 0.0003      |
|    loss                 | 8.19e+04    |
|    n_updates            | 1230        |
|    policy_gradient_loss | 0.00313     |
|    value_loss           | 1.39e+05    |
-----------------------------------------
-----------------------------------------
| rollout/                |             |
|    ep_len_mean          | 100         |
|    ep_rew_mean          | 1.36e+03    |
| time/                   |             |
|    fps                  | 51          |
|    iterations           | 125         |
|    time_elapsed         | 5003        |
|    total_timesteps      | 256000      |
| train/                  |             |
|    approx_kl            | 0.013920768 |
|    clip_fraction        | 0.103       |
|    clip_range           | 0.2         |
|    entropy_loss         | -4.46       |
|    explained_variance   | 1.19e-07    |
|    learning_rate        | 0.0003      |
|    loss                 | 8.99e+04    |
|    n_updates            | 1240        |
|    policy_gradient_loss | -0.00546    |
|    value_loss           | 1.54e+05    |
-----------------------------------------
2026-04-18 14:50:21,297 [INFO] DGRL-v7: [AdaptivePenalty] step=258,048 | viol_rate=0.046 (target=0.05) | λ_msd: -278.1 → -277.9
----------------------------------------
| rollout/                |            |
|    ep_len_mean          | 100        |
|    ep_rew_mean          | 1.39e+03   |
| time/                   |            |
|    fps                  | 51         |
|    iterations           | 126        |
|    time_elapsed         | 5036       |
|    total_timesteps      | 258048     |
| train/                  |            |
|    approx_kl            | 0.07885742 |
|    clip_fraction        | 0.261      |
|    clip_range           | 0.2        |
|    entropy_loss         | -4.42      |
|    explained_variance   | 0          |
|    learning_rate        | 0.0003     |
|    loss                 | 5.73e+04   |
|    n_updates            | 1250       |
|    policy_gradient_loss | 0.0176     |
|    value_loss           | 1.03e+05   |
----------------------------------------
------------------------------------------
| rollout/                |              |
|    ep_len_mean          | 100          |
|    ep_rew_mean          | 1.28e+03     |
| time/                   |              |
|    fps                  | 51           |
|    iterations           | 127          |
|    time_elapsed         | 5073         |
|    total_timesteps      | 260096       |
| train/                  |              |
|    approx_kl            | 0.0070769927 |
|    clip_fraction        | 0.152        |
|    clip_range           | 0.2          |
|    entropy_loss         | -4.43        |
|    explained_variance   | -1.19e-07    |
|    learning_rate        | 0.0003       |
|    loss                 | 4.46e+04     |
|    n_updates            | 1260         |
|    policy_gradient_loss | -0.000456    |
|    value_loss           | 9.34e+04     |
------------------------------------------
2026-04-18 14:51:34,009 [INFO] DGRL-v7: [AdaptivePenalty] step=262,144 | viol_rate=0.040 (target=0.05) | λ_msd: -277.9 → -277.4
-----------------------------------------
| rollout/                |             |
|    ep_len_mean          | 100         |
|    ep_rew_mean          | 1.37e+03    |
| time/                   |             |
|    fps                  | 51          |
|    iterations           | 128         |
|    time_elapsed         | 5109        |
|    total_timesteps      | 262144      |
| train/                  |             |
|    approx_kl            | 0.006421986 |
|    clip_fraction        | 0.0158      |
|    clip_range           | 0.2         |
|    entropy_loss         | -4.44       |
|    explained_variance   | -1.19e-07   |
|    learning_rate        | 0.0003      |
|    loss                 | 5.3e+04     |
|    n_updates            | 1270        |
|    policy_gradient_loss | -0.00548    |
|    value_loss           | 1.16e+05    |
-----------------------------------------
-----------------------------------------
| rollout/                |             |
|    ep_len_mean          | 100         |
|    ep_rew_mean          | 1.32e+03    |
| time/                   |             |
|    fps                  | 51          |
|    iterations           | 129         |
|    time_elapsed         | 5144        |
|    total_timesteps      | 264192      |
| train/                  |             |
|    approx_kl            | 0.039085694 |
|    clip_fraction        | 0.0977      |
|    clip_range           | 0.2         |
|    entropy_loss         | -4.44       |
|    explained_variance   | 0           |
|    learning_rate        | 0.0003      |
|    loss                 | 5.54e+04    |
|    n_updates            | 1280        |
|    policy_gradient_loss | 0.00137     |
|    value_loss           | 1.04e+05    |
-----------------------------------------
2026-04-18 14:52:44,208 [INFO] DGRL-v7: [AdaptivePenalty] step=266,240 | viol_rate=0.048 (target=0.05) | λ_msd: -277.4 → -277.3
----------------------------------------
| rollout/                |            |
|    ep_len_mean          | 100        |
|    ep_rew_mean          | 1.41e+03   |
| time/                   |            |
|    fps                  | 51         |
|    iterations           | 130        |
|    time_elapsed         | 5179       |
|    total_timesteps      | 266240     |
| train/                  |            |
|    approx_kl            | 0.02360814 |
|    clip_fraction        | 0.178      |
|    clip_range           | 0.2        |
|    entropy_loss         | -4.43      |
|    explained_variance   | 1.19e-07   |
|    learning_rate        | 0.0003     |
|    loss                 | 5.82e+04   |
|    n_updates            | 1290       |
|    policy_gradient_loss | -0.00213   |
|    value_loss           | 1.23e+05   |
----------------------------------------
-----------------------------------------
| rollout/                |             |
|    ep_len_mean          | 100         |
|    ep_rew_mean          | 1.33e+03    |
| time/                   |             |
|    fps                  | 51          |
|    iterations           | 131         |
|    time_elapsed         | 5213        |
|    total_timesteps      | 268288      |
| train/                  |             |
|    approx_kl            | 0.003886769 |
|    clip_fraction        | 0.00469     |
|    clip_range           | 0.2         |
|    entropy_loss         | -4.43       |
|    explained_variance   | 0           |
|    learning_rate        | 0.0003      |
|    loss                 | 5.51e+04    |
|    n_updates            | 1300        |
|    policy_gradient_loss | -0.00312    |
|    value_loss           | 1.04e+05    |
-----------------------------------------
2026-04-18 14:53:54,651 [INFO] DGRL-v7: [AdaptivePenalty] step=270,336 | viol_rate=0.043 (target=0.05) | λ_msd: -277.3 → -276.9
-----------------------------------------
| rollout/                |             |
|    ep_len_mean          | 100         |
|    ep_rew_mean          | 1.4e+03     |
| time/                   |             |
|    fps                  | 51          |
|    iterations           | 132         |
|    time_elapsed         | 5250        |
|    total_timesteps      | 270336      |
| train/                  |             |
|    approx_kl            | 0.017185897 |
|    clip_fraction        | 0.189       |
|    clip_range           | 0.2         |
|    entropy_loss         | -4.44       |
|    explained_variance   | 0           |
|    learning_rate        | 0.0003      |
|    loss                 | 5.59e+04    |
|    n_updates            | 1310        |
|    policy_gradient_loss | -0.00627    |
|    value_loss           | 1.16e+05    |
-----------------------------------------
------------------------------------------
| rollout/                |              |
|    ep_len_mean          | 100          |
|    ep_rew_mean          | 1.36e+03     |
| time/                   |              |
|    fps                  | 51           |
|    iterations           | 133          |
|    time_elapsed         | 5286         |
|    total_timesteps      | 272384       |
| train/                  |              |
|    approx_kl            | 0.0027942075 |
|    clip_fraction        | 0            |
|    clip_range           | 0.2          |
|    entropy_loss         | -4.43        |
|    explained_variance   | 0            |
|    learning_rate        | 0.0003       |
|    loss                 | 5.98e+04     |
|    n_updates            | 1320         |
|    policy_gradient_loss | -0.000893    |
|    value_loss           | 1.19e+05     |
------------------------------------------
2026-04-18 14:55:07,561 [INFO] DGRL-v7: [AdaptivePenalty] step=274,432 | viol_rate=0.041 (target=0.05) | λ_msd: -276.9 → -276.5
-----------------------------------------
| rollout/                |             |
|    ep_len_mean          | 100         |
|    ep_rew_mean          | 1.46e+03    |
| time/                   |             |
|    fps                  | 51          |
|    iterations           | 134         |
|    time_elapsed         | 5323        |
|    total_timesteps      | 274432      |
| train/                  |             |
|    approx_kl            | 0.030985095 |
|    clip_fraction        | 0.276       |
|    clip_range           | 0.2         |
|    entropy_loss         | -4.42       |
|    explained_variance   | 0           |
|    learning_rate        | 0.0003      |
|    loss                 | 5.58e+04    |
|    n_updates            | 1330        |
|    policy_gradient_loss | 0.00765     |
|    value_loss           | 1.26e+05    |
-----------------------------------------
-----------------------------------------
| rollout/                |             |
|    ep_len_mean          | 100         |
|    ep_rew_mean          | 1.4e+03     |
| time/                   |             |
|    fps                  | 51          |
|    iterations           | 135         |
|    time_elapsed         | 5358        |
|    total_timesteps      | 276480      |
| train/                  |             |
|    approx_kl            | 0.006112396 |
|    clip_fraction        | 0.0447      |
|    clip_range           | 0.2         |
|    entropy_loss         | -4.49       |
|    explained_variance   | 0           |
|    learning_rate        | 0.0003      |
|    loss                 | 5.64e+04    |
|    n_updates            | 1340        |
|    policy_gradient_loss | -0.00178    |
|    value_loss           | 1.43e+05    |
-----------------------------------------
2026-04-18 14:56:14,722 [INFO] DGRL-v7: [AdaptivePenalty] step=278,528 | viol_rate=0.046 (target=0.05) | λ_msd: -276.5 → -276.3
-----------------------------------------
| rollout/                |             |
|    ep_len_mean          | 100         |
|    ep_rew_mean          | 1.42e+03    |
| time/                   |             |
|    fps                  | 51          |
|    iterations           | 136         |
|    time_elapsed         | 5390        |
|    total_timesteps      | 278528      |
| train/                  |             |
|    approx_kl            | 0.022577178 |
|    clip_fraction        | 0.378       |
|    clip_range           | 0.2         |
|    entropy_loss         | -4.47       |
|    explained_variance   | 0           |
|    learning_rate        | 0.0003      |
|    loss                 | 7.98e+04    |
|    n_updates            | 1350        |
|    policy_gradient_loss | 0.0222      |
|    value_loss           | 1.42e+05    |
-----------------------------------------
-----------------------------------------
| rollout/                |             |
|    ep_len_mean          | 100         |
|    ep_rew_mean          | 1.35e+03    |
| time/                   |             |
|    fps                  | 51          |
|    iterations           | 137         |
|    time_elapsed         | 5423        |
|    total_timesteps      | 280576      |
| train/                  |             |
|    approx_kl            | 0.027669614 |
|    clip_fraction        | 0.0909      |
|    clip_range           | 0.2         |
|    entropy_loss         | -4.5        |
|    explained_variance   | 0           |
|    learning_rate        | 0.0003      |
|    loss                 | 5.6e+04     |
|    n_updates            | 1360        |
|    policy_gradient_loss | -0.00762    |
|    value_loss           | 1.31e+05    |
-----------------------------------------
2026-04-18 14:57:17,610 [INFO] DGRL-v7: [AdaptivePenalty] step=282,624 | viol_rate=0.044 (target=0.05) | λ_msd: -276.3 → -275.9
-----------------------------------------
| rollout/                |             |
|    ep_len_mean          | 100         |
|    ep_rew_mean          | 1.38e+03    |
| time/                   |             |
|    fps                  | 51          |
|    iterations           | 138         |
|    time_elapsed         | 5453        |
|    total_timesteps      | 282624      |
| train/                  |             |
|    approx_kl            | 0.008756728 |
|    clip_fraction        | 0.141       |
|    clip_range           | 0.2         |
|    entropy_loss         | -4.5        |
|    explained_variance   | 1.19e-07    |
|    learning_rate        | 0.0003      |
|    loss                 | 5.16e+04    |
|    n_updates            | 1370        |
|    policy_gradient_loss | -0.000506   |
|    value_loss           | 1.2e+05     |
-----------------------------------------
------------------------------------------
| rollout/                |              |
|    ep_len_mean          | 100          |
|    ep_rew_mean          | 1.37e+03     |
| time/                   |              |
|    fps                  | 51           |
|    iterations           | 139          |
|    time_elapsed         | 5488         |
|    total_timesteps      | 284672       |
| train/                  |              |
|    approx_kl            | 0.0049263556 |
|    clip_fraction        | 0.0204       |
|    clip_range           | 0.2          |
|    entropy_loss         | -4.5         |
|    explained_variance   | 1.19e-07     |
|    learning_rate        | 0.0003       |
|    loss                 | 5.82e+04     |
|    n_updates            | 1380         |
|    policy_gradient_loss | -0.00365     |
|    value_loss           | 1.17e+05     |
------------------------------------------
2026-04-18 14:58:28,358 [INFO] DGRL-v7: [AdaptivePenalty] step=286,720 | viol_rate=0.044 (target=0.05) | λ_msd: -275.9 → -275.6
---------------------------------------
| rollout/                |           |
|    ep_len_mean          | 100       |
|    ep_rew_mean          | 1.33e+03  |
| time/                   |           |
|    fps                  | 51        |
|    iterations           | 140       |
|    time_elapsed         | 5524      |
|    total_timesteps      | 286720    |
| train/                  |           |
|    approx_kl            | 0.0297781 |
|    clip_fraction        | 0.331     |
|    clip_range           | 0.2       |
|    entropy_loss         | -4.51     |
|    explained_variance   | 0         |
|    learning_rate        | 0.0003    |
|    loss                 | 5.92e+04  |
|    n_updates            | 1390      |
|    policy_gradient_loss | 0.00261   |
|    value_loss           | 1.36e+05  |
---------------------------------------
-----------------------------------------
| rollout/                |             |
|    ep_len_mean          | 100         |
|    ep_rew_mean          | 1.37e+03    |
| time/                   |             |
|    fps                  | 51          |
|    iterations           | 141         |
|    time_elapsed         | 5556        |
|    total_timesteps      | 288768      |
| train/                  |             |
|    approx_kl            | 0.011786606 |
|    clip_fraction        | 0.127       |
|    clip_range           | 0.2         |
|    entropy_loss         | -4.55       |
|    explained_variance   | 0.0191      |
|    learning_rate        | 0.0003      |
|    loss                 | 5.37e+04    |
|    n_updates            | 1400        |
|    policy_gradient_loss | 0.00301     |
|    value_loss           | 1.24e+05    |
-----------------------------------------
2026-04-18 14:59:35,065 [INFO] DGRL-v7: [AdaptivePenalty] step=290,816 | viol_rate=0.043 (target=0.05) | λ_msd: -275.6 → -275.3
-----------------------------------------
| rollout/                |             |
|    ep_len_mean          | 100         |
|    ep_rew_mean          | 1.35e+03    |
| time/                   |             |
|    fps                  | 52          |
|    iterations           | 142         |
|    time_elapsed         | 5590        |
|    total_timesteps      | 290816      |
| train/                  |             |
|    approx_kl            | 0.007243274 |
|    clip_fraction        | 0.119       |
|    clip_range           | 0.2         |
|    entropy_loss         | -4.53       |
|    explained_variance   | -0.0292     |
|    learning_rate        | 0.0003      |
|    loss                 | 5.36e+04    |
|    n_updates            | 1410        |
|    policy_gradient_loss | 0.00295     |
|    value_loss           | 1.11e+05    |
-----------------------------------------
------------------------------------------
| rollout/                |              |
|    ep_len_mean          | 100          |
|    ep_rew_mean          | 1.25e+03     |
| time/                   |              |
|    fps                  | 52           |
|    iterations           | 143          |
|    time_elapsed         | 5620         |
|    total_timesteps      | 292864       |
| train/                  |              |
|    approx_kl            | 0.0077029914 |
|    clip_fraction        | 0.0857       |
|    clip_range           | 0.2          |
|    entropy_loss         | -4.55        |
|    explained_variance   | 0.0236       |
|    learning_rate        | 0.0003       |
|    loss                 | 5.79e+04     |
|    n_updates            | 1420         |
|    policy_gradient_loss | 0.00231      |
|    value_loss           | 1.23e+05     |
------------------------------------------
2026-04-18 15:00:38,811 [INFO] DGRL-v7: [AdaptivePenalty] step=294,912 | viol_rate=0.047 (target=0.05) | λ_msd: -275.3 → -275.2
------------------------------------------
| rollout/                |              |
|    ep_len_mean          | 100          |
|    ep_rew_mean          | 1.29e+03     |
| time/                   |              |
|    fps                  | 52           |
|    iterations           | 144          |
|    time_elapsed         | 5654         |
|    total_timesteps      | 294912       |
| train/                  |              |
|    approx_kl            | 0.0048355125 |
|    clip_fraction        | 0.0315       |
|    clip_range           | 0.2          |
|    entropy_loss         | -4.55        |
|    explained_variance   | 0.0335       |
|    learning_rate        | 0.0003       |
|    loss                 | 5.27e+04     |
|    n_updates            | 1430         |
|    policy_gradient_loss | 0.00366      |
|    value_loss           | 1.11e+05     |
------------------------------------------
------------------------------------------
| rollout/                |              |
|    ep_len_mean          | 100          |
|    ep_rew_mean          | 1.28e+03     |
| time/                   |              |
|    fps                  | 52           |
|    iterations           | 145          |
|    time_elapsed         | 5687         |
|    total_timesteps      | 296960       |
| train/                  |              |
|    approx_kl            | 0.0051208464 |
|    clip_fraction        | 0.0291       |
|    clip_range           | 0.2          |
|    entropy_loss         | -4.55        |
|    explained_variance   | 0.0787       |
|    learning_rate        | 0.0003       |
|    loss                 | 5.45e+04     |
|    n_updates            | 1440         |
|    policy_gradient_loss | 0.00107      |
|    value_loss           | 1.15e+05     |
------------------------------------------
2026-04-18 15:01:44,126 [INFO] DGRL-v7: [AdaptivePenalty] step=299,008 | viol_rate=0.044 (target=0.05) | λ_msd: -275.2 → -274.9
-----------------------------------------
| rollout/                |             |
|    ep_len_mean          | 100         |
|    ep_rew_mean          | 1.3e+03     |
| time/                   |             |
|    fps                  | 52          |
|    iterations           | 146         |
|    time_elapsed         | 5719        |
|    total_timesteps      | 299008      |
| train/                  |             |
|    approx_kl            | 0.006264136 |
|    clip_fraction        | 0.0476      |
|    clip_range           | 0.2         |
|    entropy_loss         | -4.56       |
|    explained_variance   | -0.0634     |
|    learning_rate        | 0.0003      |
|    loss                 | 4.68e+04    |
|    n_updates            | 1450        |
|    policy_gradient_loss | 0.00333     |
|    value_loss           | 1.02e+05    |
-----------------------------------------
Eval num_timesteps=300000, episode_reward=-7585.23 +/- 1326.67
Episode length: 100.00 +/- 0.00
------------------------------------------
| eval/                   |              |
|    mean_ep_length       | 100          |
|    mean_reward          | -7.59e+03    |
| time/                   |              |
|    total_timesteps      | 300000       |
| train/                  |              |
|    approx_kl            | 0.0051694848 |
|    clip_fraction        | 0.0316       |
|    clip_range           | 0.2          |
|    entropy_loss         | -4.55        |
|    explained_variance   | 0.0893       |
|    learning_rate        | 0.0003       |
|    loss                 | 4.28e+04     |
|    n_updates            | 1460         |
|    policy_gradient_loss | 0.000738     |
|    value_loss           | 1.01e+05     |
------------------------------------------
---------------------------------
| rollout/           |          |
|    ep_len_mean     | 100      |
|    ep_rew_mean     | 1.33e+03 |
| time/              |          |
|    fps             | 52       |
|    iterations      | 147      |
|    time_elapsed    | 5780     |
|    total_timesteps | 301056   |
---------------------------------
2026-04-18 15:03:17,241 [INFO] DGRL-v7: [AdaptivePenalty] step=303,104 | viol_rate=0.045 (target=0.05) | λ_msd: -274.9 → -274.6
-----------------------------------------
| rollout/                |             |
|    ep_len_mean          | 100         |
|    ep_rew_mean          | 1.34e+03    |
| time/                   |             |
|    fps                  | 52          |
|    iterations           | 148         |
|    time_elapsed         | 5812        |
|    total_timesteps      | 303104      |
| train/                  |             |
|    approx_kl            | 0.006014541 |
|    clip_fraction        | 0.0496      |
|    clip_range           | 0.2         |
|    entropy_loss         | -4.54       |
|    explained_variance   | 0.00231     |
|    learning_rate        | 0.0003      |
|    loss                 | 5.17e+04    |
|    n_updates            | 1470        |
|    policy_gradient_loss | -0.00048    |
|    value_loss           | 1.19e+05    |
-----------------------------------------
------------------------------------------
| rollout/                |              |
|    ep_len_mean          | 100          |
|    ep_rew_mean          | 1.35e+03     |
| time/                   |              |
|    fps                  | 52           |
|    iterations           | 149          |
|    time_elapsed         | 5846         |
|    total_timesteps      | 305152       |
| train/                  |              |
|    approx_kl            | 0.0037559045 |
|    clip_fraction        | 0.0251       |
|    clip_range           | 0.2          |
|    entropy_loss         | -4.55        |
|    explained_variance   | 0.111        |
|    learning_rate        | 0.0003       |
|    loss                 | 5.17e+04     |
|    n_updates            | 1480         |
|    policy_gradient_loss | 0.00144      |
|    value_loss           | 1.18e+05     |
------------------------------------------
2026-04-18 15:04:22,203 [INFO] DGRL-v7: [AdaptivePenalty] step=307,200 | viol_rate=0.045 (target=0.05) | λ_msd: -274.6 → -274.4
------------------------------------------
| rollout/                |              |
|    ep_len_mean          | 100          |
|    ep_rew_mean          | 1.44e+03     |
| time/                   |              |
|    fps                  | 52           |
|    iterations           | 150          |
|    time_elapsed         | 5877         |
|    total_timesteps      | 307200       |
| train/                  |              |
|    approx_kl            | 0.0031700963 |
|    clip_fraction        | 0.0146       |
|    clip_range           | 0.2          |
|    entropy_loss         | -4.55        |
|    explained_variance   | 0.0939       |
|    learning_rate        | 0.0003       |
|    loss                 | 5.37e+04     |
|    n_updates            | 1490         |
|    policy_gradient_loss | -0.00152     |
|    value_loss           | 1.06e+05     |
------------------------------------------
------------------------------------------
| rollout/                |              |
|    ep_len_mean          | 100          |
|    ep_rew_mean          | 1.43e+03     |
| time/                   |              |
|    fps                  | 52           |
|    iterations           | 151          |
|    time_elapsed         | 5912         |
|    total_timesteps      | 309248       |
| train/                  |              |
|    approx_kl            | 0.0039269086 |
|    clip_fraction        | 0.0317       |
|    clip_range           | 0.2          |
|    entropy_loss         | -4.56        |
|    explained_variance   | 0.0271       |
|    learning_rate        | 0.0003       |
|    loss                 | 4.2e+04      |
|    n_updates            | 1500         |
|    policy_gradient_loss | 0.00248      |
|    value_loss           | 9.18e+04     |
------------------------------------------
2026-04-18 15:05:32,623 [INFO] DGRL-v7: [AdaptivePenalty] step=311,296 | viol_rate=0.043 (target=0.05) | λ_msd: -274.4 → -274.1
------------------------------------------
| rollout/                |              |
|    ep_len_mean          | 100          |
|    ep_rew_mean          | 1.43e+03     |
| time/                   |              |
|    fps                  | 52           |
|    iterations           | 152          |
|    time_elapsed         | 5948         |
|    total_timesteps      | 311296       |
| train/                  |              |
|    approx_kl            | 0.0034810216 |
|    clip_fraction        | 0.0145       |
|    clip_range           | 0.2          |
|    entropy_loss         | -4.55        |
|    explained_variance   | 0.052        |
|    learning_rate        | 0.0003       |
|    loss                 | 4.89e+04     |
|    n_updates            | 1510         |
|    policy_gradient_loss | 0.00131      |
|    value_loss           | 1.19e+05     |
------------------------------------------
------------------------------------------
| rollout/                |              |
|    ep_len_mean          | 100          |
|    ep_rew_mean          | 1.51e+03     |
| time/                   |              |
|    fps                  | 52           |
|    iterations           | 153          |
|    time_elapsed         | 5982         |
|    total_timesteps      | 313344       |
| train/                  |              |
|    approx_kl            | 0.0029107495 |
|    clip_fraction        | 0.00811      |
|    clip_range           | 0.2          |
|    entropy_loss         | -4.56        |
|    explained_variance   | 0.0537       |
|    learning_rate        | 0.0003       |
|    loss                 | 4.5e+04      |
|    n_updates            | 1520         |
|    policy_gradient_loss | 0.00244      |
|    value_loss           | 1.03e+05     |
------------------------------------------
2026-04-18 15:06:42,288 [INFO] DGRL-v7: [AdaptivePenalty] step=315,392 | viol_rate=0.044 (target=0.05) | λ_msd: -274.1 → -273.8
------------------------------------------
| rollout/                |              |
|    ep_len_mean          | 100          |
|    ep_rew_mean          | 1.46e+03     |
| time/                   |              |
|    fps                  | 52           |
|    iterations           | 154          |
|    time_elapsed         | 6017         |
|    total_timesteps      | 315392       |
| train/                  |              |
|    approx_kl            | 0.0038747392 |
|    clip_fraction        | 0.0202       |
|    clip_range           | 0.2          |
|    entropy_loss         | -4.56        |
|    explained_variance   | -0.0848      |
|    learning_rate        | 0.0003       |
|    loss                 | 4.95e+04     |
|    n_updates            | 1530         |
|    policy_gradient_loss | 3.91e-05     |
|    value_loss           | 1.03e+05     |
------------------------------------------
------------------------------------------
| rollout/                |              |
|    ep_len_mean          | 100          |
|    ep_rew_mean          | 1.34e+03     |
| time/                   |              |
|    fps                  | 52           |
|    iterations           | 155          |
|    time_elapsed         | 6054         |
|    total_timesteps      | 317440       |
| train/                  |              |
|    approx_kl            | 0.0051614726 |
|    clip_fraction        | 0.0257       |
|    clip_range           | 0.2          |
|    entropy_loss         | -4.57        |
|    explained_variance   | -0.0337      |
|    learning_rate        | 0.0003       |
|    loss                 | 5.39e+04     |
|    n_updates            | 1540         |
|    policy_gradient_loss | 0.00221      |
|    value_loss           | 1.09e+05     |
------------------------------------------
2026-04-18 15:07:55,358 [INFO] DGRL-v7: [AdaptivePenalty] step=319,488 | viol_rate=0.046 (target=0.05) | λ_msd: -273.8 → -273.6
-----------------------------------------
| rollout/                |             |
|    ep_len_mean          | 100         |
|    ep_rew_mean          | 1.38e+03    |
| time/                   |             |
|    fps                  | 52          |
|    iterations           | 156         |
|    time_elapsed         | 6091        |
|    total_timesteps      | 319488      |
| train/                  |             |
|    approx_kl            | 0.003683351 |
|    clip_fraction        | 0.00962     |
|    clip_range           | 0.2         |
|    entropy_loss         | -4.57       |
|    explained_variance   | 0.00556     |
|    learning_rate        | 0.0003      |
|    loss                 | 4.19e+04    |
|    n_updates            | 1550        |
|    policy_gradient_loss | 8.51e-05    |
|    value_loss           | 1.07e+05    |
-----------------------------------------
------------------------------------------
| rollout/                |              |
|    ep_len_mean          | 100          |
|    ep_rew_mean          | 1.33e+03     |
| time/                   |              |
|    fps                  | 52           |
|    iterations           | 157          |
|    time_elapsed         | 6127         |
|    total_timesteps      | 321536       |
| train/                  |              |
|    approx_kl            | 0.0027625693 |
|    clip_fraction        | 0.0108       |
|    clip_range           | 0.2          |
|    entropy_loss         | -4.56        |
|    explained_variance   | 0.0143       |
|    learning_rate        | 0.0003       |
|    loss                 | 5.38e+04     |
|    n_updates            | 1560         |
|    policy_gradient_loss | -0.00172     |
|    value_loss           | 1.15e+05     |
------------------------------------------
2026-04-18 15:09:06,113 [INFO] DGRL-v7: [AdaptivePenalty] step=323,584 | viol_rate=0.049 (target=0.05) | λ_msd: -273.6 → -273.5
------------------------------------------
| rollout/                |              |
|    ep_len_mean          | 100          |
|    ep_rew_mean          | 1.26e+03     |
| time/                   |              |
|    fps                  | 52           |
|    iterations           | 158          |
|    time_elapsed         | 6161         |
|    total_timesteps      | 323584       |
| train/                  |              |
|    approx_kl            | 0.0021846138 |
|    clip_fraction        | 0.00444      |
|    clip_range           | 0.2          |
|    entropy_loss         | -4.56        |
|    explained_variance   | -0.0411      |
|    learning_rate        | 0.0003       |
|    loss                 | 3.79e+04     |
|    n_updates            | 1570         |
|    policy_gradient_loss | -0.000563    |
|    value_loss           | 9.01e+04     |
------------------------------------------
-----------------------------------------
| rollout/                |             |
|    ep_len_mean          | 100         |
|    ep_rew_mean          | 1.29e+03    |
| time/                   |             |
|    fps                  | 52          |
|    iterations           | 159         |
|    time_elapsed         | 6195        |
|    total_timesteps      | 325632      |
| train/                  |             |
|    approx_kl            | 0.001999644 |
|    clip_fraction        | 0.00166     |
|    clip_range           | 0.2         |
|    entropy_loss         | -4.56       |
|    explained_variance   | 0.00576     |
|    learning_rate        | 0.0003      |
|    loss                 | 4.21e+04    |
|    n_updates            | 1580        |
|    policy_gradient_loss | -0.00204    |
|    value_loss           | 8.48e+04    |
-----------------------------------------
2026-04-18 15:10:14,054 [INFO] DGRL-v7: [AdaptivePenalty] step=327,680 | viol_rate=0.050 (target=0.05) | λ_msd: -273.5 → -273.5
------------------------------------------
| rollout/                |              |
|    ep_len_mean          | 100          |
|    ep_rew_mean          | 1.33e+03     |
| time/                   |              |
|    fps                  | 52           |
|    iterations           | 160          |
|    time_elapsed         | 6229         |
|    total_timesteps      | 327680       |
| train/                  |              |
|    approx_kl            | 0.0020558164 |
|    clip_fraction        | 0.00332      |
|    clip_range           | 0.2          |
|    entropy_loss         | -4.56        |
|    explained_variance   | 0.0815       |
|    learning_rate        | 0.0003       |
|    loss                 | 4.27e+04     |
|    n_updates            | 1590         |
|    policy_gradient_loss | 0.000783     |
|    value_loss           | 9.33e+04     |
------------------------------------------
----------------------------------------
| rollout/                |            |
|    ep_len_mean          | 100        |
|    ep_rew_mean          | 1.35e+03   |
| time/                   |            |
|    fps                  | 52         |
|    iterations           | 161        |
|    time_elapsed         | 6265       |
|    total_timesteps      | 329728     |
| train/                  |            |
|    approx_kl            | 0.00287802 |
|    clip_fraction        | 0.00762    |
|    clip_range           | 0.2        |
|    entropy_loss         | -4.57      |
|    explained_variance   | 0.0384     |
|    learning_rate        | 0.0003     |
|    loss                 | 4.5e+04    |
|    n_updates            | 1600       |
|    policy_gradient_loss | 0.00183    |
|    value_loss           | 1.06e+05   |
----------------------------------------
2026-04-18 15:11:24,940 [INFO] DGRL-v7: [AdaptivePenalty] step=331,776 | viol_rate=0.046 (target=0.05) | λ_msd: -273.5 → -273.4
------------------------------------------
| rollout/                |              |
|    ep_len_mean          | 100          |
|    ep_rew_mean          | 1.34e+03     |
| time/                   |              |
|    fps                  | 52           |
|    iterations           | 162          |
|    time_elapsed         | 6300         |
|    total_timesteps      | 331776       |
| train/                  |              |
|    approx_kl            | 0.0026002557 |
|    clip_fraction        | 0.00698      |
|    clip_range           | 0.2          |
|    entropy_loss         | -4.56        |
|    explained_variance   | -0.0203      |
|    learning_rate        | 0.0003       |
|    loss                 | 5.46e+04     |
|    n_updates            | 1610         |
|    policy_gradient_loss | -0.000854    |
|    value_loss           | 1.07e+05     |
------------------------------------------
------------------------------------------
| rollout/                |              |
|    ep_len_mean          | 100          |
|    ep_rew_mean          | 1.38e+03     |
| time/                   |              |
|    fps                  | 52           |
|    iterations           | 163          |
|    time_elapsed         | 6332         |
|    total_timesteps      | 333824       |
| train/                  |              |
|    approx_kl            | 0.0052001914 |
|    clip_fraction        | 0.0345       |
|    clip_range           | 0.2          |
|    entropy_loss         | -4.57        |
|    explained_variance   | -0.0221      |
|    learning_rate        | 0.0003       |
|    loss                 | 4.7e+04      |
|    n_updates            | 1620         |
|    policy_gradient_loss | 0.000111     |
|    value_loss           | 1.1e+05      |
------------------------------------------
2026-04-18 15:12:26,987 [INFO] DGRL-v7: [AdaptivePenalty] step=335,872 | viol_rate=0.053 (target=0.05) | λ_msd: -273.4 → -273.5
------------------------------------------
| rollout/                |              |
|    ep_len_mean          | 100          |
|    ep_rew_mean          | 1.34e+03     |
| time/                   |              |
|    fps                  | 52           |
|    iterations           | 164          |
|    time_elapsed         | 6362         |
|    total_timesteps      | 335872       |
| train/                  |              |
|    approx_kl            | 0.0038667938 |
|    clip_fraction        | 0.0168       |
|    clip_range           | 0.2          |
|    entropy_loss         | -4.57        |
|    explained_variance   | 0.023        |
|    learning_rate        | 0.0003       |
|    loss                 | 5.07e+04     |
|    n_updates            | 1630         |
|    policy_gradient_loss | 0.00123      |
|    value_loss           | 1.1e+05      |
------------------------------------------
------------------------------------------
| rollout/                |              |
|    ep_len_mean          | 100          |
|    ep_rew_mean          | 1.3e+03      |
| time/                   |              |
|    fps                  | 52           |
|    iterations           | 165          |
|    time_elapsed         | 6398         |
|    total_timesteps      | 337920       |
| train/                  |              |
|    approx_kl            | 0.0025813065 |
|    clip_fraction        | 0.00737      |
|    clip_range           | 0.2          |
|    entropy_loss         | -4.57        |
|    explained_variance   | 0.00703      |
|    learning_rate        | 0.0003       |
|    loss                 | 4.67e+04     |
|    n_updates            | 1640         |
|    policy_gradient_loss | -0.000422    |
|    value_loss           | 1.11e+05     |
------------------------------------------
2026-04-18 15:13:37,467 [INFO] DGRL-v7: [AdaptivePenalty] step=339,968 | viol_rate=0.054 (target=0.05) | λ_msd: -273.5 → -273.7
------------------------------------------
| rollout/                |              |
|    ep_len_mean          | 100          |
|    ep_rew_mean          | 1.22e+03     |
| time/                   |              |
|    fps                  | 52           |
|    iterations           | 166          |
|    time_elapsed         | 6433         |
|    total_timesteps      | 339968       |
| train/                  |              |
|    approx_kl            | 0.0034632445 |
|    clip_fraction        | 0.0112       |
|    clip_range           | 0.2          |
|    entropy_loss         | -4.57        |
|    explained_variance   | 0.025        |
|    learning_rate        | 0.0003       |
|    loss                 | 5.48e+04     |
|    n_updates            | 1650         |
|    policy_gradient_loss | -0.00016     |
|    value_loss           | 1.3e+05      |
------------------------------------------
------------------------------------------
| rollout/                |              |
|    ep_len_mean          | 100          |
|    ep_rew_mean          | 1.23e+03     |
| time/                   |              |
|    fps                  | 52           |
|    iterations           | 167          |
|    time_elapsed         | 6467         |
|    total_timesteps      | 342016       |
| train/                  |              |
|    approx_kl            | 0.0035232082 |
|    clip_fraction        | 0.0106       |
|    clip_range           | 0.2          |
|    entropy_loss         | -4.57        |
|    explained_variance   | -0.0466      |
|    learning_rate        | 0.0003       |
|    loss                 | 3.75e+04     |
|    n_updates            | 1660         |
|    policy_gradient_loss | -0.0017      |
|    value_loss           | 9.35e+04     |
------------------------------------------
2026-04-18 15:14:45,565 [INFO] DGRL-v7: [AdaptivePenalty] step=344,064 | viol_rate=0.046 (target=0.05) | λ_msd: -273.7 → -273.5
------------------------------------------
| rollout/                |              |
|    ep_len_mean          | 100          |
|    ep_rew_mean          | 1.28e+03     |
| time/                   |              |
|    fps                  | 52           |
|    iterations           | 168          |
|    time_elapsed         | 6501         |
|    total_timesteps      | 344064       |
| train/                  |              |
|    approx_kl            | 0.0038633482 |
|    clip_fraction        | 0.0154       |
|    clip_range           | 0.2          |
|    entropy_loss         | -4.57        |
|    explained_variance   | -0.00383     |
|    learning_rate        | 0.0003       |
|    loss                 | 4.02e+04     |
|    n_updates            | 1670         |
|    policy_gradient_loss | -0.000156    |
|    value_loss           | 1.05e+05     |
------------------------------------------
------------------------------------------
| rollout/                |              |
|    ep_len_mean          | 100          |
|    ep_rew_mean          | 1.29e+03     |
| time/                   |              |
|    fps                  | 52           |
|    iterations           | 169          |
|    time_elapsed         | 6534         |
|    total_timesteps      | 346112       |
| train/                  |              |
|    approx_kl            | 0.0028018267 |
|    clip_fraction        | 0.00747      |
|    clip_range           | 0.2          |
|    entropy_loss         | -4.56        |
|    explained_variance   | 0.0476       |
|    learning_rate        | 0.0003       |
|    loss                 | 4.39e+04     |
|    n_updates            | 1680         |
|    policy_gradient_loss | 0.000302     |
|    value_loss           | 1.03e+05     |
------------------------------------------
2026-04-18 15:15:52,193 [INFO] DGRL-v7: [AdaptivePenalty] step=348,160 | viol_rate=0.046 (target=0.05) | λ_msd: -273.5 → -273.3
-----------------------------------------
| rollout/                |             |
|    ep_len_mean          | 100         |
|    ep_rew_mean          | 1.39e+03    |
| time/                   |             |
|    fps                  | 53          |
|    iterations           | 170         |
|    time_elapsed         | 6567        |
|    total_timesteps      | 348160      |
| train/                  |             |
|    approx_kl            | 0.002481488 |
|    clip_fraction        | 0.00586     |
|    clip_range           | 0.2         |
|    entropy_loss         | -4.57       |
|    explained_variance   | -0.0377     |
|    learning_rate        | 0.0003      |
|    loss                 | 4.16e+04    |
|    n_updates            | 1690        |
|    policy_gradient_loss | -0.000194   |
|    value_loss           | 9.62e+04    |
-----------------------------------------
Eval num_timesteps=350000, episode_reward=-5949.74 +/- 1232.31
Episode length: 100.00 +/- 0.00
------------------------------------------
| eval/                   |              |
|    mean_ep_length       | 100          |
|    mean_reward          | -5.95e+03    |
| time/                   |              |
|    total_timesteps      | 350000       |
| train/                  |              |
|    approx_kl            | 0.0027701946 |
|    clip_fraction        | 0.00527      |
|    clip_range           | 0.2          |
|    entropy_loss         | -4.57        |
|    explained_variance   | 0.0419       |
|    learning_rate        | 0.0003       |
|    loss                 | 4.85e+04     |
|    n_updates            | 1700         |
|    policy_gradient_loss | 0.000377     |
|    value_loss           | 1.29e+05     |
------------------------------------------
New best mean reward!
---------------------------------
| rollout/           |          |
|    ep_len_mean     | 100      |
|    ep_rew_mean     | 1.34e+03 |
| time/              |          |
|    fps             | 52       |
|    iterations      | 171      |
|    time_elapsed    | 6651     |
|    total_timesteps | 350208   |
---------------------------------
2026-04-18 15:17:51,433 [INFO] DGRL-v7: [AdaptivePenalty] step=352,256 | viol_rate=0.049 (target=0.05) | λ_msd: -273.3 → -273.3
------------------------------------------
| rollout/                |              |
|    ep_len_mean          | 100          |
|    ep_rew_mean          | 1.39e+03     |
| time/                   |              |
|    fps                  | 52           |
|    iterations           | 172          |
|    time_elapsed         | 6687         |
|    total_timesteps      | 352256       |
| train/                  |              |
|    approx_kl            | 0.0027247267 |
|    clip_fraction        | 0.00688      |
|    clip_range           | 0.2          |
|    entropy_loss         | -4.57        |
|    explained_variance   | 0.035        |
|    learning_rate        | 0.0003       |
|    loss                 | 4.4e+04      |
|    n_updates            | 1710         |
|    policy_gradient_loss | -0.000842    |
|    value_loss           | 1.09e+05     |
------------------------------------------
------------------------------------------
| rollout/                |              |
|    ep_len_mean          | 100          |
|    ep_rew_mean          | 1.34e+03     |
| time/                   |              |
|    fps                  | 52           |
|    iterations           | 173          |
|    time_elapsed         | 6726         |
|    total_timesteps      | 354304       |
| train/                  |              |
|    approx_kl            | 0.0031056101 |
|    clip_fraction        | 0.0137       |
|    clip_range           | 0.2          |
|    entropy_loss         | -4.57        |
|    explained_variance   | 0.0254       |
|    learning_rate        | 0.0003       |
|    loss                 | 3.75e+04     |
|    n_updates            | 1720         |
|    policy_gradient_loss | 0.000148     |
|    value_loss           | 9.59e+04     |
------------------------------------------
2026-04-18 15:19:01,505 [INFO] DGRL-v7: [AdaptivePenalty] step=356,352 | viol_rate=0.050 (target=0.05) | λ_msd: -273.3 → -273.3
-----------------------------------------
| rollout/                |             |
|    ep_len_mean          | 100         |
|    ep_rew_mean          | 1.3e+03     |
| time/                   |             |
|    fps                  | 52          |
|    iterations           | 174         |
|    time_elapsed         | 6757        |
|    total_timesteps      | 356352      |
| train/                  |             |
|    approx_kl            | 0.003558538 |
|    clip_fraction        | 0.0112      |
|    clip_range           | 0.2         |
|    entropy_loss         | -4.57       |
|    explained_variance   | -0.0894     |
|    learning_rate        | 0.0003      |
|    loss                 | 4.28e+04    |
|    n_updates            | 1730        |
|    policy_gradient_loss | -0.00165    |
|    value_loss           | 1.06e+05    |
-----------------------------------------
-----------------------------------------
| rollout/                |             |
|    ep_len_mean          | 100         |
|    ep_rew_mean          | 1.23e+03    |
| time/                   |             |
|    fps                  | 52          |
|    iterations           | 175         |
|    time_elapsed         | 6791        |
|    total_timesteps      | 358400      |
| train/                  |             |
|    approx_kl            | 0.002624928 |
|    clip_fraction        | 0.00566     |
|    clip_range           | 0.2         |
|    entropy_loss         | -4.56       |
|    explained_variance   | 0.0334      |
|    learning_rate        | 0.0003      |
|    loss                 | 5.26e+04    |
|    n_updates            | 1740        |
|    policy_gradient_loss | 0.00149     |
|    value_loss           | 1.27e+05    |
-----------------------------------------
2026-04-18 15:20:02,445 [INFO] DGRL-v7: [AdaptivePenalty] step=360,448 | viol_rate=0.053 (target=0.05) | λ_msd: -273.3 → -273.4
-----------------------------------------
| rollout/                |             |
|    ep_len_mean          | 100         |
|    ep_rew_mean          | 1.26e+03    |
| time/                   |             |
|    fps                  | 52          |
|    iterations           | 176         |
|    time_elapsed         | 6818        |
|    total_timesteps      | 360448      |
| train/                  |             |
|    approx_kl            | 0.002799086 |
|    clip_fraction        | 0.00806     |
|    clip_range           | 0.2         |
|    entropy_loss         | -4.57       |
|    explained_variance   | -0.0201     |
|    learning_rate        | 0.0003      |
|    loss                 | 4.62e+04    |
|    n_updates            | 1750        |
|    policy_gradient_loss | 0.00153     |
|    value_loss           | 1.15e+05    |
-----------------------------------------
------------------------------------------
| rollout/                |              |
|    ep_len_mean          | 100          |
|    ep_rew_mean          | 1.2e+03      |
| time/                   |              |
|    fps                  | 52           |
|    iterations           | 177          |
|    time_elapsed         | 6852         |
|    total_timesteps      | 362496       |
| train/                  |              |
|    approx_kl            | 0.0025256276 |
|    clip_fraction        | 0.00542      |
|    clip_range           | 0.2          |
|    entropy_loss         | -4.56        |
|    explained_variance   | 0.0132       |
|    learning_rate        | 0.0003       |
|    loss                 | 3.69e+04     |
|    n_updates            | 1760         |
|    policy_gradient_loss | -0.000289    |
|    value_loss           | 9.53e+04     |
------------------------------------------
2026-04-18 15:21:06,445 [INFO] DGRL-v7: [AdaptivePenalty] step=364,544 | viol_rate=0.044 (target=0.05) | λ_msd: -273.4 → -273.1
------------------------------------------
| rollout/                |              |
|    ep_len_mean          | 100          |
|    ep_rew_mean          | 1.29e+03     |
| time/                   |              |
|    fps                  | 52           |
|    iterations           | 178          |
|    time_elapsed         | 6882         |
|    total_timesteps      | 364544       |
| train/                  |              |
|    approx_kl            | 0.0017930142 |
|    clip_fraction        | 0.00166      |
|    clip_range           | 0.2          |
|    entropy_loss         | -4.56        |
|    explained_variance   | 0.0503       |
|    learning_rate        | 0.0003       |
|    loss                 | 5.42e+04     |
|    n_updates            | 1770         |
|    policy_gradient_loss | 0.000764     |
|    value_loss           | 1.19e+05     |
------------------------------------------
------------------------------------------
| rollout/                |              |
|    ep_len_mean          | 100          |
|    ep_rew_mean          | 1.35e+03     |
| time/                   |              |
|    fps                  | 53           |
|    iterations           | 179          |
|    time_elapsed         | 6914         |
|    total_timesteps      | 366592       |
| train/                  |              |
|    approx_kl            | 0.0031877172 |
|    clip_fraction        | 0.00923      |
|    clip_range           | 0.2          |
|    entropy_loss         | -4.56        |
|    explained_variance   | 0.134        |
|    learning_rate        | 0.0003       |
|    loss                 | 3.61e+04     |
|    n_updates            | 1780         |
|    policy_gradient_loss | -0.000173    |
|    value_loss           | 9.3e+04      |
------------------------------------------
2026-04-18 15:22:13,183 [INFO] DGRL-v7: [AdaptivePenalty] step=368,640 | viol_rate=0.052 (target=0.05) | λ_msd: -273.1 → -273.2
------------------------------------------
| rollout/                |              |
|    ep_len_mean          | 100          |
|    ep_rew_mean          | 1.43e+03     |
| time/                   |              |
|    fps                  | 53           |
|    iterations           | 180          |
|    time_elapsed         | 6948         |
|    total_timesteps      | 368640       |
| train/                  |              |
|    approx_kl            | 0.0024883873 |
|    clip_fraction        | 0.00483      |
|    clip_range           | 0.2          |
|    entropy_loss         | -4.57        |
|    explained_variance   | 0.0594       |
|    learning_rate        | 0.0003       |
|    loss                 | 4.37e+04     |
|    n_updates            | 1790         |
|    policy_gradient_loss | -8.06e-05    |
|    value_loss           | 1.08e+05     |
------------------------------------------
------------------------------------------
| rollout/                |              |
|    ep_len_mean          | 100          |
|    ep_rew_mean          | 1.43e+03     |
| time/                   |              |
|    fps                  | 53           |
|    iterations           | 181          |
|    time_elapsed         | 6982         |
|    total_timesteps      | 370688       |
| train/                  |              |
|    approx_kl            | 0.0029120024 |
|    clip_fraction        | 0.0115       |
|    clip_range           | 0.2          |
|    entropy_loss         | -4.56        |
|    explained_variance   | 0.0446       |
|    learning_rate        | 0.0003       |
|    loss                 | 4.11e+04     |
|    n_updates            | 1800         |
|    policy_gradient_loss | 0.000429     |
|    value_loss           | 9.57e+04     |
------------------------------------------
2026-04-18 15:23:21,220 [INFO] DGRL-v7: [AdaptivePenalty] step=372,736 | viol_rate=0.044 (target=0.05) | λ_msd: -273.2 → -272.9
------------------------------------------
| rollout/                |              |
|    ep_len_mean          | 100          |
|    ep_rew_mean          | 1.45e+03     |
| time/                   |              |
|    fps                  | 53           |
|    iterations           | 182          |
|    time_elapsed         | 7016         |
|    total_timesteps      | 372736       |
| train/                  |              |
|    approx_kl            | 0.0017747419 |
|    clip_fraction        | 0.00225      |
|    clip_range           | 0.2          |
|    entropy_loss         | -4.56        |
|    explained_variance   | 0.0374       |
|    learning_rate        | 0.0003       |
|    loss                 | 3.31e+04     |
|    n_updates            | 1810         |
|    policy_gradient_loss | 0.000615     |
|    value_loss           | 9.41e+04     |
------------------------------------------
-----------------------------------------
| rollout/                |             |
|    ep_len_mean          | 100         |
|    ep_rew_mean          | 1.39e+03    |
| time/                   |             |
|    fps                  | 53          |
|    iterations           | 183         |
|    time_elapsed         | 7048        |
|    total_timesteps      | 374784      |
| train/                  |             |
|    approx_kl            | 0.002401656 |
|    clip_fraction        | 0.00396     |
|    clip_range           | 0.2         |
|    entropy_loss         | -4.56       |
|    explained_variance   | 0.0632      |
|    learning_rate        | 0.0003      |
|    loss                 | 4.88e+04    |
|    n_updates            | 1820        |
|    policy_gradient_loss | 0.0016      |
|    value_loss           | 1.05e+05    |
-----------------------------------------
2026-04-18 15:24:25,386 [INFO] DGRL-v7: [AdaptivePenalty] step=376,832 | viol_rate=0.044 (target=0.05) | λ_msd: -272.9 → -272.6
------------------------------------------
| rollout/                |              |
|    ep_len_mean          | 100          |
|    ep_rew_mean          | 1.45e+03     |
| time/                   |              |
|    fps                  | 53           |
|    iterations           | 184          |
|    time_elapsed         | 7081         |
|    total_timesteps      | 376832       |
| train/                  |              |
|    approx_kl            | 0.0033355136 |
|    clip_fraction        | 0.0159       |
|    clip_range           | 0.2          |
|    entropy_loss         | -4.56        |
|    explained_variance   | 0.125        |
|    learning_rate        | 0.0003       |
|    loss                 | 5.28e+04     |
|    n_updates            | 1830         |
|    policy_gradient_loss | 0.000674     |
|    value_loss           | 1.18e+05     |
------------------------------------------
-----------------------------------------
| rollout/                |             |
|    ep_len_mean          | 100         |
|    ep_rew_mean          | 1.4e+03     |
| time/                   |             |
|    fps                  | 53          |
|    iterations           | 185         |
|    time_elapsed         | 7112        |
|    total_timesteps      | 378880      |
| train/                  |             |
|    approx_kl            | 0.003958893 |
|    clip_fraction        | 0.0174      |
|    clip_range           | 0.2         |
|    entropy_loss         | -4.57       |
|    explained_variance   | 0.0361      |
|    learning_rate        | 0.0003      |
|    loss                 | 3.18e+04    |
|    n_updates            | 1840        |
|    policy_gradient_loss | -3.6e-05    |
|    value_loss           | 8.48e+04    |
-----------------------------------------
2026-04-18 15:25:33,776 [INFO] DGRL-v7: [AdaptivePenalty] step=380,928 | viol_rate=0.049 (target=0.05) | λ_msd: -272.6 → -272.6
------------------------------------------
| rollout/                |              |
|    ep_len_mean          | 100          |
|    ep_rew_mean          | 1.41e+03     |
| time/                   |              |
|    fps                  | 53           |
|    iterations           | 186          |
|    time_elapsed         | 7149         |
|    total_timesteps      | 380928       |
| train/                  |              |
|    approx_kl            | 0.0035767844 |
|    clip_fraction        | 0.0123       |
|    clip_range           | 0.2          |
|    entropy_loss         | -4.56        |
|    explained_variance   | -0.0198      |
|    learning_rate        | 0.0003       |
|    loss                 | 4.04e+04     |
|    n_updates            | 1850         |
|    policy_gradient_loss | -0.0011      |
|    value_loss           | 1.01e+05     |
------------------------------------------
------------------------------------------
| rollout/                |              |
|    ep_len_mean          | 100          |
|    ep_rew_mean          | 1.4e+03      |
| time/                   |              |
|    fps                  | 53           |
|    iterations           | 187          |
|    time_elapsed         | 7185         |
|    total_timesteps      | 382976       |
| train/                  |              |
|    approx_kl            | 0.0024220722 |
|    clip_fraction        | 0.00352      |
|    clip_range           | 0.2          |
|    entropy_loss         | -4.56        |
|    explained_variance   | 0.0401       |
|    learning_rate        | 0.0003       |
|    loss                 | 4.21e+04     |
|    n_updates            | 1860         |
|    policy_gradient_loss | 0.000944     |
|    value_loss           | 1e+05        |
------------------------------------------
2026-04-18 15:26:45,294 [INFO] DGRL-v7: [AdaptivePenalty] step=385,024 | viol_rate=0.047 (target=0.05) | λ_msd: -272.6 → -272.4
------------------------------------------
| rollout/                |              |
|    ep_len_mean          | 100          |
|    ep_rew_mean          | 1.4e+03      |
| time/                   |              |
|    fps                  | 53           |
|    iterations           | 188          |
|    time_elapsed         | 7220         |
|    total_timesteps      | 385024       |
| train/                  |              |
|    approx_kl            | 0.0034265965 |
|    clip_fraction        | 0.00767      |
|    clip_range           | 0.2          |
|    entropy_loss         | -4.56        |
|    explained_variance   | -0.0526      |
|    learning_rate        | 0.0003       |
|    loss                 | 3.94e+04     |
|    n_updates            | 1870         |
|    policy_gradient_loss | -0.000844    |
|    value_loss           | 9.9e+04      |
------------------------------------------
------------------------------------------
| rollout/                |              |
|    ep_len_mean          | 100          |
|    ep_rew_mean          | 1.36e+03     |
| time/                   |              |
|    fps                  | 53           |
|    iterations           | 189          |
|    time_elapsed         | 7256         |
|    total_timesteps      | 387072       |
| train/                  |              |
|    approx_kl            | 0.0022048717 |
|    clip_fraction        | 0.00449      |
|    clip_range           | 0.2          |
|    entropy_loss         | -4.57        |
|    explained_variance   | 0.0276       |
|    learning_rate        | 0.0003       |
|    loss                 | 3.08e+04     |
|    n_updates            | 1880         |
|    policy_gradient_loss | 1.73e-05     |
|    value_loss           | 8.9e+04      |
------------------------------------------
2026-04-18 15:27:53,958 [INFO] DGRL-v7: [AdaptivePenalty] step=389,120 | viol_rate=0.051 (target=0.05) | λ_msd: -272.4 → -272.5
------------------------------------------
| rollout/                |              |
|    ep_len_mean          | 100          |
|    ep_rew_mean          | 1.44e+03     |
| time/                   |              |
|    fps                  | 53           |
|    iterations           | 190          |
|    time_elapsed         | 7289         |
|    total_timesteps      | 389120       |
| train/                  |              |
|    approx_kl            | 0.0030488619 |
|    clip_fraction        | 0.0106       |
|    clip_range           | 0.2          |
|    entropy_loss         | -4.56        |
|    explained_variance   | -0.0602      |
|    learning_rate        | 0.0003       |
|    loss                 | 3.96e+04     |
|    n_updates            | 1890         |
|    policy_gradient_loss | -0.00176     |
|    value_loss           | 1e+05        |
------------------------------------------
-----------------------------------------
| rollout/                |             |
|    ep_len_mean          | 100         |
|    ep_rew_mean          | 1.42e+03    |
| time/                   |             |
|    fps                  | 53          |
|    iterations           | 191         |
|    time_elapsed         | 7325        |
|    total_timesteps      | 391168      |
| train/                  |             |
|    approx_kl            | 0.002326481 |
|    clip_fraction        | 0.00659     |
|    clip_range           | 0.2         |
|    entropy_loss         | -4.57       |
|    explained_variance   | 0.00462     |
|    learning_rate        | 0.0003      |
|    loss                 | 3.28e+04    |
|    n_updates            | 1900        |
|    policy_gradient_loss | 0.000221    |
|    value_loss           | 8.81e+04    |
-----------------------------------------
2026-04-18 15:29:06,266 [INFO] DGRL-v7: [AdaptivePenalty] step=393,216 | viol_rate=0.054 (target=0.05) | λ_msd: -272.5 → -272.7
------------------------------------------
| rollout/                |              |
|    ep_len_mean          | 100          |
|    ep_rew_mean          | 1.41e+03     |
| time/                   |              |
|    fps                  | 53           |
|    iterations           | 192          |
|    time_elapsed         | 7361         |
|    total_timesteps      | 393216       |
| train/                  |              |
|    approx_kl            | 0.0022169729 |
|    clip_fraction        | 0.00425      |
|    clip_range           | 0.2          |
|    entropy_loss         | -4.57        |
|    explained_variance   | 0.0564       |
|    learning_rate        | 0.0003       |
|    loss                 | 3.61e+04     |
|    n_updates            | 1910         |
|    policy_gradient_loss | 0.000101     |
|    value_loss           | 8.42e+04     |
------------------------------------------
------------------------------------------
| rollout/                |              |
|    ep_len_mean          | 100          |
|    ep_rew_mean          | 1.43e+03     |
| time/                   |              |
|    fps                  | 53           |
|    iterations           | 193          |
|    time_elapsed         | 7397         |
|    total_timesteps      | 395264       |
| train/                  |              |
|    approx_kl            | 0.0028717557 |
|    clip_fraction        | 0.00596      |
|    clip_range           | 0.2          |
|    entropy_loss         | -4.56        |
|    explained_variance   | 0.131        |
|    learning_rate        | 0.0003       |
|    loss                 | 3.55e+04     |
|    n_updates            | 1920         |
|    policy_gradient_loss | 0.00131      |
|    value_loss           | 1.02e+05     |
------------------------------------------
2026-04-18 15:30:14,195 [INFO] DGRL-v7: [AdaptivePenalty] step=397,312 | viol_rate=0.049 (target=0.05) | λ_msd: -272.7 → -272.6
------------------------------------------
| rollout/                |              |
|    ep_len_mean          | 100          |
|    ep_rew_mean          | 1.36e+03     |
| time/                   |              |
|    fps                  | 53           |
|    iterations           | 194          |
|    time_elapsed         | 7429         |
|    total_timesteps      | 397312       |
| train/                  |              |
|    approx_kl            | 0.0023400146 |
|    clip_fraction        | 0.00703      |
|    clip_range           | 0.2          |
|    entropy_loss         | -4.55        |
|    explained_variance   | 0.054        |
|    learning_rate        | 0.0003       |
|    loss                 | 4.68e+04     |
|    n_updates            | 1930         |
|    policy_gradient_loss | 0.00198      |
|    value_loss           | 1.14e+05     |
------------------------------------------
-----------------------------------------
| rollout/                |             |
|    ep_len_mean          | 100         |
|    ep_rew_mean          | 1.23e+03    |
| time/                   |             |
|    fps                  | 53          |
|    iterations           | 195         |
|    time_elapsed         | 7464        |
|    total_timesteps      | 399360      |
| train/                  |             |
|    approx_kl            | 0.003872198 |
|    clip_fraction        | 0.0121      |
|    clip_range           | 0.2         |
|    entropy_loss         | -4.56       |
|    explained_variance   | 0.132       |
|    learning_rate        | 0.0003      |
|    loss                 | 3.78e+04    |
|    n_updates            | 1940        |
|    policy_gradient_loss | -4.46e-05   |
|    value_loss           | 9.02e+04    |
-----------------------------------------
Eval num_timesteps=400000, episode_reward=-8937.47 +/- 923.68
Episode length: 100.00 +/- 0.00
------------------------------------------
| eval/                   |              |
|    mean_ep_length       | 100          |
|    mean_reward          | -8.94e+03    |
| time/                   |              |
|    total_timesteps      | 400000       |
| train/                  |              |
|    approx_kl            | 0.0025827065 |
|    clip_fraction        | 0.00586      |
|    clip_range           | 0.2          |
|    entropy_loss         | -4.56        |
|    explained_variance   | 0.0211       |
|    learning_rate        | 0.0003       |
|    loss                 | 3.85e+04     |
|    n_updates            | 1950         |
|    policy_gradient_loss | 0.000565     |
|    value_loss           | 9.25e+04     |
------------------------------------------
2026-04-18 15:32:03,525 [INFO] DGRL-v7: [AdaptivePenalty] step=401,408 | viol_rate=0.047 (target=0.05) | λ_msd: -272.6 → -272.4
---------------------------------
| rollout/           |          |
|    ep_len_mean     | 100      |
|    ep_rew_mean     | 1.31e+03 |
| time/              |          |
|    fps             | 53       |
|    iterations      | 196      |
|    time_elapsed    | 7539     |
|    total_timesteps | 401408   |
---------------------------------
-----------------------------------------
| rollout/                |             |
|    ep_len_mean          | 100         |
|    ep_rew_mean          | 1.25e+03    |
| time/                   |             |
|    fps                  | 53          |
|    iterations           | 197         |
|    time_elapsed         | 7571        |
|    total_timesteps      | 403456      |
| train/                  |             |
|    approx_kl            | 0.003174787 |
|    clip_fraction        | 0.00879     |
|    clip_range           | 0.2         |
|    entropy_loss         | -4.56       |
|    explained_variance   | 0.0286      |
|    learning_rate        | 0.0003      |
|    loss                 | 3.46e+04    |
|    n_updates            | 1960        |
|    policy_gradient_loss | 0.000733    |
|    value_loss           | 9.78e+04    |
-----------------------------------------
2026-04-18 15:33:11,270 [INFO] DGRL-v7: [AdaptivePenalty] step=405,504 | viol_rate=0.051 (target=0.05) | λ_msd: -272.4 → -272.5
------------------------------------------
| rollout/                |              |
|    ep_len_mean          | 100          |
|    ep_rew_mean          | 1.18e+03     |
| time/                   |              |
|    fps                  | 53           |
|    iterations           | 198          |
|    time_elapsed         | 7606         |
|    total_timesteps      | 405504       |
| train/                  |              |
|    approx_kl            | 0.0022178877 |
|    clip_fraction        | 0.00313      |
|    clip_range           | 0.2          |
|    entropy_loss         | -4.56        |
|    explained_variance   | 0.0486       |
|    learning_rate        | 0.0003       |
|    loss                 | 3.91e+04     |
|    n_updates            | 1970         |
|    policy_gradient_loss | 0.00065      |
|    value_loss           | 9.22e+04     |
------------------------------------------
------------------------------------------
| rollout/                |              |
|    ep_len_mean          | 100          |
|    ep_rew_mean          | 1.25e+03     |
| time/                   |              |
|    fps                  | 53           |
|    iterations           | 199          |
|    time_elapsed         | 7640         |
|    total_timesteps      | 407552       |
| train/                  |              |
|    approx_kl            | 0.0024280138 |
|    clip_fraction        | 0.00332      |
|    clip_range           | 0.2          |
|    entropy_loss         | -4.56        |
|    explained_variance   | -0.104       |
|    learning_rate        | 0.0003       |
|    loss                 | 3.13e+04     |
|    n_updates            | 1980         |
|    policy_gradient_loss | 0.00234      |
|    value_loss           | 9.25e+04     |
------------------------------------------
2026-04-18 15:34:16,382 [INFO] DGRL-v7: [AdaptivePenalty] step=409,600 | viol_rate=0.053 (target=0.05) | λ_msd: -272.5 → -272.6
-----------------------------------------
| rollout/                |             |
|    ep_len_mean          | 100         |
|    ep_rew_mean          | 1.33e+03    |
| time/                   |             |
|    fps                  | 53          |
|    iterations           | 200         |
|    time_elapsed         | 7672        |
|    total_timesteps      | 409600      |
| train/                  |             |
|    approx_kl            | 0.002745957 |
|    clip_fraction        | 0.0084      |
|    clip_range           | 0.2         |
|    entropy_loss         | -4.57       |
|    explained_variance   | 0.0642      |
|    learning_rate        | 0.0003      |
|    loss                 | 3.54e+04    |
|    n_updates            | 1990        |
|    policy_gradient_loss | -0.00204    |
|    value_loss           | 9.29e+04    |
-----------------------------------------
------------------------------------------
| rollout/                |              |
|    ep_len_mean          | 100          |
|    ep_rew_mean          | 1.27e+03     |
| time/                   |              |
|    fps                  | 53           |
|    iterations           | 201          |
|    time_elapsed         | 7706         |
|    total_timesteps      | 411648       |
| train/                  |              |
|    approx_kl            | 0.0024305745 |
|    clip_fraction        | 0.00254      |
|    clip_range           | 0.2          |
|    entropy_loss         | -4.57        |
|    explained_variance   | 0.0772       |
|    learning_rate        | 0.0003       |
|    loss                 | 3.21e+04     |
|    n_updates            | 2000         |
|    policy_gradient_loss | 0.00142      |
|    value_loss           | 8e+04        |
------------------------------------------
2026-04-18 15:35:26,260 [INFO] DGRL-v7: [AdaptivePenalty] step=413,696 | viol_rate=0.053 (target=0.05) | λ_msd: -272.6 → -272.7
-----------------------------------------
| rollout/                |             |
|    ep_len_mean          | 100         |
|    ep_rew_mean          | 1.18e+03    |
| time/                   |             |
|    fps                  | 53          |
|    iterations           | 202         |
|    time_elapsed         | 7741        |
|    total_timesteps      | 413696      |
| train/                  |             |
|    approx_kl            | 0.002790897 |
|    clip_fraction        | 0.00776     |
|    clip_range           | 0.2         |
|    entropy_loss         | -4.56       |
|    explained_variance   | -0.0328     |
|    learning_rate        | 0.0003      |
|    loss                 | 3e+04       |
|    n_updates            | 2010        |
|    policy_gradient_loss | -0.000829   |
|    value_loss           | 9.12e+04    |
-----------------------------------------
-----------------------------------------
| rollout/                |             |
|    ep_len_mean          | 100         |
|    ep_rew_mean          | 1.28e+03    |
| time/                   |             |
|    fps                  | 53          |
|    iterations           | 203         |
|    time_elapsed         | 7776        |
|    total_timesteps      | 415744      |
| train/                  |             |
|    approx_kl            | 0.002929437 |
|    clip_fraction        | 0.0123      |
|    clip_range           | 0.2         |
|    entropy_loss         | -4.57       |
|    explained_variance   | 0.0925      |
|    learning_rate        | 0.0003      |
|    loss                 | 3.79e+04    |
|    n_updates            | 2020        |
|    policy_gradient_loss | 0.00128     |
|    value_loss           | 1.08e+05    |
-----------------------------------------
2026-04-18 15:36:33,981 [INFO] DGRL-v7: [AdaptivePenalty] step=417,792 | viol_rate=0.045 (target=0.05) | λ_msd: -272.7 → -272.5
-----------------------------------------
| rollout/                |             |
|    ep_len_mean          | 100         |
|    ep_rew_mean          | 1.23e+03    |
| time/                   |             |
|    fps                  | 53          |
|    iterations           | 204         |
|    time_elapsed         | 7809        |
|    total_timesteps      | 417792      |
| train/                  |             |
|    approx_kl            | 0.002868068 |
|    clip_fraction        | 0.00664     |
|    clip_range           | 0.2         |
|    entropy_loss         | -4.56       |
|    explained_variance   | 0.0916      |
|    learning_rate        | 0.0003      |
|    loss                 | 4.27e+04    |
|    n_updates            | 2030        |
|    policy_gradient_loss | 0.000631    |
|    value_loss           | 1.1e+05     |
-----------------------------------------
------------------------------------------
| rollout/                |              |
|    ep_len_mean          | 100          |
|    ep_rew_mean          | 1.24e+03     |
| time/                   |              |
|    fps                  | 53           |
|    iterations           | 205          |
|    time_elapsed         | 7838         |
|    total_timesteps      | 419840       |
| train/                  |              |
|    approx_kl            | 0.0033569238 |
|    clip_fraction        | 0.0148       |
|    clip_range           | 0.2          |
|    entropy_loss         | -4.57        |
|    explained_variance   | -0.00768     |
|    learning_rate        | 0.0003       |
|    loss                 | 3.95e+04     |
|    n_updates            | 2040         |
|    policy_gradient_loss | -0.000181    |
|    value_loss           | 9.39e+04     |
------------------------------------------
2026-04-18 15:37:38,362 [INFO] DGRL-v7: [AdaptivePenalty] step=421,888 | viol_rate=0.049 (target=0.05) | λ_msd: -272.5 → -272.5
------------------------------------------
| rollout/                |              |
|    ep_len_mean          | 100          |
|    ep_rew_mean          | 1.25e+03     |
| time/                   |              |
|    fps                  | 53           |
|    iterations           | 206          |
|    time_elapsed         | 7874         |
|    total_timesteps      | 421888       |
| train/                  |              |
|    approx_kl            | 0.0026202067 |
|    clip_fraction        | 0.00459      |
|    clip_range           | 0.2          |
|    entropy_loss         | -4.57        |
|    explained_variance   | 0.00587      |
|    learning_rate        | 0.0003       |
|    loss                 | 3.45e+04     |
|    n_updates            | 2050         |
|    policy_gradient_loss | 0.000988     |
|    value_loss           | 9.21e+04     |
------------------------------------------
------------------------------------------
| rollout/                |              |
|    ep_len_mean          | 100          |
|    ep_rew_mean          | 1.31e+03     |
| time/                   |              |
|    fps                  | 53           |
|    iterations           | 207          |
|    time_elapsed         | 7910         |
|    total_timesteps      | 423936       |
| train/                  |              |
|    approx_kl            | 0.0026261113 |
|    clip_fraction        | 0.00537      |
|    clip_range           | 0.2          |
|    entropy_loss         | -4.56        |
|    explained_variance   | -0.0403      |
|    learning_rate        | 0.0003       |
|    loss                 | 2.41e+04     |
|    n_updates            | 2060         |
|    policy_gradient_loss | 0.00122      |
|    value_loss           | 7.51e+04     |
------------------------------------------
2026-04-18 15:38:51,272 [INFO] DGRL-v7: [AdaptivePenalty] step=425,984 | viol_rate=0.048 (target=0.05) | λ_msd: -272.5 → -272.4
------------------------------------------
| rollout/                |              |
|    ep_len_mean          | 100          |
|    ep_rew_mean          | 1.29e+03     |
| time/                   |              |
|    fps                  | 53           |
|    iterations           | 208          |
|    time_elapsed         | 7946         |
|    total_timesteps      | 425984       |
| train/                  |              |
|    approx_kl            | 0.0027049412 |
|    clip_fraction        | 0.00737      |
|    clip_range           | 0.2          |
|    entropy_loss         | -4.55        |
|    explained_variance   | -0.00918     |
|    learning_rate        | 0.0003       |
|    loss                 | 2.78e+04     |
|    n_updates            | 2070         |
|    policy_gradient_loss | -0.00139     |
|    value_loss           | 8.18e+04     |
------------------------------------------
------------------------------------------
| rollout/                |              |
|    ep_len_mean          | 100          |
|    ep_rew_mean          | 1.44e+03     |
| time/                   |              |
|    fps                  | 53           |
|    iterations           | 209          |
|    time_elapsed         | 7977         |
|    total_timesteps      | 428032       |
| train/                  |              |
|    approx_kl            | 0.0022435542 |
|    clip_fraction        | 0.00278      |
|    clip_range           | 0.2          |
|    entropy_loss         | -4.55        |
|    explained_variance   | -0.0385      |
|    learning_rate        | 0.0003       |
|    loss                 | 3.29e+04     |
|    n_updates            | 2080         |
|    policy_gradient_loss | 0.00102      |
|    value_loss           | 8.67e+04     |
------------------------------------------
2026-04-18 15:39:55,165 [INFO] DGRL-v7: [AdaptivePenalty] step=430,080 | viol_rate=0.044 (target=0.05) | λ_msd: -272.4 → -272.1
------------------------------------------
| rollout/                |              |
|    ep_len_mean          | 100          |
|    ep_rew_mean          | 1.43e+03     |
| time/                   |              |
|    fps                  | 53           |
|    iterations           | 210          |
|    time_elapsed         | 8010         |
|    total_timesteps      | 430080       |
| train/                  |              |
|    approx_kl            | 0.0025389548 |
|    clip_fraction        | 0.00537      |
|    clip_range           | 0.2          |
|    entropy_loss         | -4.56        |
|    explained_variance   | -0.083       |
|    learning_rate        | 0.0003       |
|    loss                 | 4.35e+04     |
|    n_updates            | 2090         |
|    policy_gradient_loss | -0.00184     |
|    value_loss           | 9.35e+04     |
------------------------------------------
------------------------------------------
| rollout/                |              |
|    ep_len_mean          | 100          |
|    ep_rew_mean          | 1.4e+03      |
| time/                   |              |
|    fps                  | 53           |
|    iterations           | 211          |
|    time_elapsed         | 8045         |
|    total_timesteps      | 432128       |
| train/                  |              |
|    approx_kl            | 0.0025350903 |
|    clip_fraction        | 0.00615      |
|    clip_range           | 0.2          |
|    entropy_loss         | -4.56        |
|    explained_variance   | 0.0676       |
|    learning_rate        | 0.0003       |
|    loss                 | 3.65e+04     |
|    n_updates            | 2100         |
|    policy_gradient_loss | 0.000873     |
|    value_loss           | 8.75e+04     |
------------------------------------------
2026-04-18 15:41:04,692 [INFO] DGRL-v7: [AdaptivePenalty] step=434,176 | viol_rate=0.050 (target=0.05) | λ_msd: -272.1 → -272.1
------------------------------------------
| rollout/                |              |
|    ep_len_mean          | 100          |
|    ep_rew_mean          | 1.4e+03      |
| time/                   |              |
|    fps                  | 53           |
|    iterations           | 212          |
|    time_elapsed         | 8080         |
|    total_timesteps      | 434176       |
| train/                  |              |
|    approx_kl            | 0.0028906907 |
|    clip_fraction        | 0.00542      |
|    clip_range           | 0.2          |
|    entropy_loss         | -4.56        |
|    explained_variance   | 0.0509       |
|    learning_rate        | 0.0003       |
|    loss                 | 3.18e+04     |
|    n_updates            | 2110         |
|    policy_gradient_loss | 0.00181      |
|    value_loss           | 9.52e+04     |
------------------------------------------
------------------------------------------
| rollout/                |              |
|    ep_len_mean          | 100          |
|    ep_rew_mean          | 1.41e+03     |
| time/                   |              |
|    fps                  | 53           |
|    iterations           | 213          |
|    time_elapsed         | 8116         |
|    total_timesteps      | 436224       |
| train/                  |              |
|    approx_kl            | 0.0021398237 |
|    clip_fraction        | 0.00283      |
|    clip_range           | 0.2          |
|    entropy_loss         | -4.56        |
|    explained_variance   | 0.077        |
|    learning_rate        | 0.0003       |
|    loss                 | 3e+04        |
|    n_updates            | 2120         |
|    policy_gradient_loss | -0.00168     |
|    value_loss           | 8.47e+04     |
------------------------------------------
2026-04-18 15:42:14,472 [INFO] DGRL-v7: [AdaptivePenalty] step=438,272 | viol_rate=0.048 (target=0.05) | λ_msd: -272.1 → -272.0
-----------------------------------------
| rollout/                |             |
|    ep_len_mean          | 100         |
|    ep_rew_mean          | 1.32e+03    |
| time/                   |             |
|    fps                  | 53          |
|    iterations           | 214         |
|    time_elapsed         | 8150        |
|    total_timesteps      | 438272      |
| train/                  |             |
|    approx_kl            | 0.002372825 |
|    clip_fraction        | 0.0021      |
|    clip_range           | 0.2         |
|    entropy_loss         | -4.57       |
|    explained_variance   | 0.0982      |
|    learning_rate        | 0.0003      |
|    loss                 | 3.24e+04    |
|    n_updates            | 2130        |
|    policy_gradient_loss | -0.00212    |
|    value_loss           | 9.74e+04    |
-----------------------------------------
-----------------------------------------
| rollout/                |             |
|    ep_len_mean          | 100         |
|    ep_rew_mean          | 1.37e+03    |
| time/                   |             |
|    fps                  | 53          |
|    iterations           | 215         |
|    time_elapsed         | 8183        |
|    total_timesteps      | 440320      |
| train/                  |             |
|    approx_kl            | 0.002617068 |
|    clip_fraction        | 0.00508     |
|    clip_range           | 0.2         |
|    entropy_loss         | -4.57       |
|    explained_variance   | -0.0106     |
|    learning_rate        | 0.0003      |
|    loss                 | 2.74e+04    |
|    n_updates            | 2140        |
|    policy_gradient_loss | 0.00158     |
|    value_loss           | 8.03e+04    |
-----------------------------------------
2026-04-18 15:43:22,898 [INFO] DGRL-v7: [AdaptivePenalty] step=442,368 | viol_rate=0.050 (target=0.05) | λ_msd: -272.0 → -272.0
------------------------------------------
| rollout/                |              |
|    ep_len_mean          | 100          |
|    ep_rew_mean          | 1.39e+03     |
| time/                   |              |
|    fps                  | 53           |
|    iterations           | 216          |
|    time_elapsed         | 8218         |
|    total_timesteps      | 442368       |
| train/                  |              |
|    approx_kl            | 0.0019938785 |
|    clip_fraction        | 0.00396      |
|    clip_range           | 0.2          |
|    entropy_loss         | -4.57        |
|    explained_variance   | -0.0544      |
|    learning_rate        | 0.0003       |
|    loss                 | 3.07e+04     |
|    n_updates            | 2150         |
|    policy_gradient_loss | 0.000614     |
|    value_loss           | 8.22e+04     |
------------------------------------------
------------------------------------------
| rollout/                |              |
|    ep_len_mean          | 100          |
|    ep_rew_mean          | 1.39e+03     |
| time/                   |              |
|    fps                  | 53           |
|    iterations           | 217          |
|    time_elapsed         | 8253         |
|    total_timesteps      | 444416       |
| train/                  |              |
|    approx_kl            | 0.0022025974 |
|    clip_fraction        | 0.00317      |
|    clip_range           | 0.2          |
|    entropy_loss         | -4.57        |
|    explained_variance   | 0.0434       |
|    learning_rate        | 0.0003       |
|    loss                 | 3.58e+04     |
|    n_updates            | 2160         |
|    policy_gradient_loss | -0.000885    |
|    value_loss           | 9.02e+04     |
------------------------------------------
2026-04-18 15:44:34,016 [INFO] DGRL-v7: [AdaptivePenalty] step=446,464 | viol_rate=0.054 (target=0.05) | λ_msd: -272.0 → -272.2
------------------------------------------
| rollout/                |              |
|    ep_len_mean          | 100          |
|    ep_rew_mean          | 1.36e+03     |
| time/                   |              |
|    fps                  | 53           |
|    iterations           | 218          |
|    time_elapsed         | 8289         |
|    total_timesteps      | 446464       |
| train/                  |              |
|    approx_kl            | 0.0019209156 |
|    clip_fraction        | 0.000977     |
|    clip_range           | 0.2          |
|    entropy_loss         | -4.57        |
|    explained_variance   | 0.0577       |
|    learning_rate        | 0.0003       |
|    loss                 | 3.25e+04     |
|    n_updates            | 2170         |
|    policy_gradient_loss | 0.0015       |
|    value_loss           | 8.59e+04     |
------------------------------------------
-----------------------------------------
| rollout/                |             |
|    ep_len_mean          | 100         |
|    ep_rew_mean          | 1.35e+03    |
| time/                   |             |
|    fps                  | 53          |
|    iterations           | 219         |
|    time_elapsed         | 8322        |
|    total_timesteps      | 448512      |
| train/                  |             |
|    approx_kl            | 0.002589256 |
|    clip_fraction        | 0.00425     |
|    clip_range           | 0.2         |
|    entropy_loss         | -4.56       |
|    explained_variance   | 0.0575      |
|    learning_rate        | 0.0003      |
|    loss                 | 3.64e+04    |
|    n_updates            | 2180        |
|    policy_gradient_loss | -0.00176    |
|    value_loss           | 9.52e+04    |
-----------------------------------------
Eval num_timesteps=450000, episode_reward=-28048.66 +/- 4653.63
Episode length: 100.00 +/- 0.00
------------------------------------------
| eval/                   |              |
|    mean_ep_length       | 100          |
|    mean_reward          | -2.8e+04     |
| time/                   |              |
|    total_timesteps      | 450000       |
| train/                  |              |
|    approx_kl            | 0.0018871886 |
|    clip_fraction        | 0.00264      |
|    clip_range           | 0.2          |
|    entropy_loss         | -4.57        |
|    explained_variance   | 0.0893       |
|    learning_rate        | 0.0003       |
|    loss                 | 3.35e+04     |
|    n_updates            | 2190         |
|    policy_gradient_loss | 0.00108      |
|    value_loss           | 8.71e+04     |
------------------------------------------
2026-04-18 15:46:30,378 [INFO] DGRL-v7: [AdaptivePenalty] step=450,560 | viol_rate=0.044 (target=0.05) | λ_msd: -272.2 → -271.9
---------------------------------
| rollout/           |          |
|    ep_len_mean     | 100      |
|    ep_rew_mean     | 1.44e+03 |
| time/              |          |
|    fps             | 53       |
|    iterations      | 220      |
|    time_elapsed    | 8406     |
|    total_timesteps | 450560   |
---------------------------------
-----------------------------------------
| rollout/                |             |
|    ep_len_mean          | 100         |
|    ep_rew_mean          | 1.28e+03    |
| time/                   |             |
|    fps                  | 53          |
|    iterations           | 221         |
|    time_elapsed         | 8436        |
|    total_timesteps      | 452608      |
| train/                  |             |
|    approx_kl            | 0.002168695 |
|    clip_fraction        | 0.00391     |
|    clip_range           | 0.2         |
|    entropy_loss         | -4.56       |
|    explained_variance   | 0.00368     |
|    learning_rate        | 0.0003      |
|    loss                 | 3.16e+04    |
|    n_updates            | 2200        |
|    policy_gradient_loss | -0.0013     |
|    value_loss           | 7.73e+04    |
-----------------------------------------
2026-04-18 15:47:34,369 [INFO] DGRL-v7: [AdaptivePenalty] step=454,656 | viol_rate=0.052 (target=0.05) | λ_msd: -271.9 → -272.0
-----------------------------------------
| rollout/                |             |
|    ep_len_mean          | 100         |
|    ep_rew_mean          | 1.3e+03     |
| time/                   |             |
|    fps                  | 53          |
|    iterations           | 222         |
|    time_elapsed         | 8470        |
|    total_timesteps      | 454656      |
| train/                  |             |
|    approx_kl            | 0.002565662 |
|    clip_fraction        | 0.00776     |
|    clip_range           | 0.2         |
|    entropy_loss         | -4.56       |
|    explained_variance   | 0.0456      |
|    learning_rate        | 0.0003      |
|    loss                 | 2.91e+04    |
|    n_updates            | 2210        |
|    policy_gradient_loss | -0.00038    |
|    value_loss           | 7.69e+04    |
-----------------------------------------
------------------------------------------
| rollout/                |              |
|    ep_len_mean          | 100          |
|    ep_rew_mean          | 1.28e+03     |
| time/                   |              |
|    fps                  | 53           |
|    iterations           | 223          |
|    time_elapsed         | 8503         |
|    total_timesteps      | 456704       |
| train/                  |              |
|    approx_kl            | 0.0028119984 |
|    clip_fraction        | 0.00698      |
|    clip_range           | 0.2          |
|    entropy_loss         | -4.56        |
|    explained_variance   | 0.0231       |
|    learning_rate        | 0.0003       |
|    loss                 | 3.67e+04     |
|    n_updates            | 2220         |
|    policy_gradient_loss | -0.00121     |
|    value_loss           | 9.04e+04     |
------------------------------------------
2026-04-18 15:48:40,829 [INFO] DGRL-v7: [AdaptivePenalty] step=458,752 | viol_rate=0.046 (target=0.05) | λ_msd: -272.0 → -271.8
------------------------------------------
| rollout/                |              |
|    ep_len_mean          | 100          |
|    ep_rew_mean          | 1.35e+03     |
| time/                   |              |
|    fps                  | 53           |
|    iterations           | 224          |
|    time_elapsed         | 8536         |
|    total_timesteps      | 458752       |
| train/                  |              |
|    approx_kl            | 0.0019387399 |
|    clip_fraction        | 0.00181      |
|    clip_range           | 0.2          |
|    entropy_loss         | -4.56        |
|    explained_variance   | 0.0036       |
|    learning_rate        | 0.0003       |
|    loss                 | 2.47e+04     |
|    n_updates            | 2230         |
|    policy_gradient_loss | -0.000508    |
|    value_loss           | 7.41e+04     |
------------------------------------------
-----------------------------------------
| rollout/                |             |
|    ep_len_mean          | 100         |
|    ep_rew_mean          | 1.33e+03    |
| time/                   |             |
|    fps                  | 53          |
|    iterations           | 225         |
|    time_elapsed         | 8563        |
|    total_timesteps      | 460800      |
| train/                  |             |
|    approx_kl            | 0.001707459 |
|    clip_fraction        | 0.000684    |
|    clip_range           | 0.2         |
|    entropy_loss         | -4.56       |
|    explained_variance   | 0.0247      |
|    learning_rate        | 0.0003      |
|    loss                 | 3.25e+04    |
|    n_updates            | 2240        |
|    policy_gradient_loss | -0.000337   |
|    value_loss           | 8.75e+04    |
-----------------------------------------
2026-04-18 15:49:42,872 [INFO] DGRL-v7: [AdaptivePenalty] step=462,848 | viol_rate=0.046 (target=0.05) | λ_msd: -271.8 → -271.6
------------------------------------------
| rollout/                |              |
|    ep_len_mean          | 100          |
|    ep_rew_mean          | 1.46e+03     |
| time/                   |              |
|    fps                  | 53           |
|    iterations           | 226          |
|    time_elapsed         | 8598         |
|    total_timesteps      | 462848       |
| train/                  |              |
|    approx_kl            | 0.0021556858 |
|    clip_fraction        | 0.00381      |
|    clip_range           | 0.2          |
|    entropy_loss         | -4.56        |
|    explained_variance   | -0.0335      |
|    learning_rate        | 0.0003       |
|    loss                 | 3.08e+04     |
|    n_updates            | 2250         |
|    policy_gradient_loss | 0.000964     |
|    value_loss           | 7.36e+04     |
------------------------------------------
------------------------------------------
| rollout/                |              |
|    ep_len_mean          | 100          |
|    ep_rew_mean          | 1.45e+03     |
| time/                   |              |
|    fps                  | 53           |
|    iterations           | 227          |
|    time_elapsed         | 8633         |
|    total_timesteps      | 464896       |
| train/                  |              |
|    approx_kl            | 0.0017128739 |
|    clip_fraction        | 0.00176      |
|    clip_range           | 0.2          |
|    entropy_loss         | -4.56        |
|    explained_variance   | 0.0666       |
|    learning_rate        | 0.0003       |
|    loss                 | 3.48e+04     |
|    n_updates            | 2260         |
|    policy_gradient_loss | 0.000127     |
|    value_loss           | 8.01e+04     |
------------------------------------------
2026-04-18 15:50:52,031 [INFO] DGRL-v7: [AdaptivePenalty] step=466,944 | viol_rate=0.043 (target=0.05) | λ_msd: -271.6 → -271.2
------------------------------------------
| rollout/                |              |
|    ep_len_mean          | 100          |
|    ep_rew_mean          | 1.49e+03     |
| time/                   |              |
|    fps                  | 53           |
|    iterations           | 228          |
|    time_elapsed         | 8667         |
|    total_timesteps      | 466944       |
| train/                  |              |
|    approx_kl            | 0.0018528679 |
|    clip_fraction        | 0.00151      |
|    clip_range           | 0.2          |
|    entropy_loss         | -4.56        |
|    explained_variance   | 0.101        |
|    learning_rate        | 0.0003       |
|    loss                 | 4.34e+04     |
|    n_updates            | 2270         |
|    policy_gradient_loss | -0.000814    |
|    value_loss           | 8.45e+04     |
------------------------------------------
-----------------------------------------
| rollout/                |             |
|    ep_len_mean          | 100         |
|    ep_rew_mean          | 1.43e+03    |
| time/                   |             |
|    fps                  | 53          |
|    iterations           | 229         |
|    time_elapsed         | 8697        |
|    total_timesteps      | 468992      |
| train/                  |             |
|    approx_kl            | 0.001778048 |
|    clip_fraction        | 0.00142     |
|    clip_range           | 0.2         |
|    entropy_loss         | -4.56       |
|    explained_variance   | 0.000323    |
|    learning_rate        | 0.0003      |
|    loss                 | 2.88e+04    |
|    n_updates            | 2280        |
|    policy_gradient_loss | 0.000857    |
|    value_loss           | 8.01e+04    |
-----------------------------------------
2026-04-18 15:51:48,171 [INFO] DGRL-v7: [AdaptivePenalty] step=471,040 | viol_rate=0.049 (target=0.05) | λ_msd: -271.2 → -271.2
------------------------------------------
| rollout/                |              |
|    ep_len_mean          | 100          |
|    ep_rew_mean          | 1.35e+03     |
| time/                   |              |
|    fps                  | 53           |
|    iterations           | 230          |
|    time_elapsed         | 8723         |
|    total_timesteps      | 471040       |
| train/                  |              |
|    approx_kl            | 0.0016669101 |
|    clip_fraction        | 0.000928     |
|    clip_range           | 0.2          |
|    entropy_loss         | -4.56        |
|    explained_variance   | -0.0191      |
|    learning_rate        | 0.0003       |
|    loss                 | 2.68e+04     |
|    n_updates            | 2290         |
|    policy_gradient_loss | 2.69e-05     |
|    value_loss           | 9.03e+04     |
------------------------------------------
------------------------------------------
| rollout/                |              |
|    ep_len_mean          | 100          |
|    ep_rew_mean          | 1.39e+03     |
| time/                   |              |
|    fps                  | 54           |
|    iterations           | 231          |
|    time_elapsed         | 8760         |
|    total_timesteps      | 473088       |
| train/                  |              |
|    approx_kl            | 0.0023899383 |
|    clip_fraction        | 0.00718      |
|    clip_range           | 0.2          |
|    entropy_loss         | -4.55        |
|    explained_variance   | -0.0436      |
|    learning_rate        | 0.0003       |
|    loss                 | 3.17e+04     |
|    n_updates            | 2300         |
|    policy_gradient_loss | -0.000344    |
|    value_loss           | 8.57e+04     |
------------------------------------------
2026-04-18 15:52:57,835 [INFO] DGRL-v7: [AdaptivePenalty] step=475,136 | viol_rate=0.046 (target=0.05) | λ_msd: -271.2 → -271.0
------------------------------------------
| rollout/                |              |
|    ep_len_mean          | 100          |
|    ep_rew_mean          | 1.46e+03     |
| time/                   |              |
|    fps                  | 54           |
|    iterations           | 232          |
|    time_elapsed         | 8793         |
|    total_timesteps      | 475136       |
| train/                  |              |
|    approx_kl            | 0.0014728348 |
|    clip_fraction        | 0.000195     |
|    clip_range           | 0.2          |
|    entropy_loss         | -4.55        |
|    explained_variance   | 0.0511       |
|    learning_rate        | 0.0003       |
|    loss                 | 3.16e+04     |
|    n_updates            | 2310         |
|    policy_gradient_loss | -0.00114     |
|    value_loss           | 8.58e+04     |
------------------------------------------
------------------------------------------
| rollout/                |              |
|    ep_len_mean          | 100          |
|    ep_rew_mean          | 1.39e+03     |
| time/                   |              |
|    fps                  | 54           |
|    iterations           | 233          |
|    time_elapsed         | 8824         |
|    total_timesteps      | 477184       |
| train/                  |              |
|    approx_kl            | 0.0020702663 |
|    clip_fraction        | 0.00229      |
|    clip_range           | 0.2          |
|    entropy_loss         | -4.55        |
|    explained_variance   | 0.0973       |
|    learning_rate        | 0.0003       |
|    loss                 | 2.97e+04     |
|    n_updates            | 2320         |
|    policy_gradient_loss | -0.000855    |
|    value_loss           | 8.23e+04     |
------------------------------------------
2026-04-18 15:53:59,124 [INFO] DGRL-v7: [AdaptivePenalty] step=479,232 | viol_rate=0.051 (target=0.05) | λ_msd: -271.0 → -271.0
------------------------------------------
| rollout/                |              |
|    ep_len_mean          | 100          |
|    ep_rew_mean          | 1.38e+03     |
| time/                   |              |
|    fps                  | 54           |
|    iterations           | 234          |
|    time_elapsed         | 8854         |
|    total_timesteps      | 479232       |
| train/                  |              |
|    approx_kl            | 0.0018990624 |
|    clip_fraction        | 0.00117      |
|    clip_range           | 0.2          |
|    entropy_loss         | -4.56        |
|    explained_variance   | 0.0292       |
|    learning_rate        | 0.0003       |
|    loss                 | 3.47e+04     |
|    n_updates            | 2330         |
|    policy_gradient_loss | 0.00076      |
|    value_loss           | 9.02e+04     |
------------------------------------------
------------------------------------------
| rollout/                |              |
|    ep_len_mean          | 100          |
|    ep_rew_mean          | 1.45e+03     |
| time/                   |              |
|    fps                  | 54           |
|    iterations           | 235          |
|    time_elapsed         | 8884         |
|    total_timesteps      | 481280       |
| train/                  |              |
|    approx_kl            | 0.0018689989 |
|    clip_fraction        | 0.00117      |
|    clip_range           | 0.2          |
|    entropy_loss         | -4.56        |
|    explained_variance   | 0.106        |
|    learning_rate        | 0.0003       |
|    loss                 | 3.55e+04     |
|    n_updates            | 2340         |
|    policy_gradient_loss | 0.000243     |
|    value_loss           | 9.1e+04      |
------------------------------------------
2026-04-18 15:54:56,569 [INFO] DGRL-v7: [AdaptivePenalty] step=483,328 | viol_rate=0.042 (target=0.05) | λ_msd: -271.0 → -270.6
------------------------------------------
| rollout/                |              |
|    ep_len_mean          | 100          |
|    ep_rew_mean          | 1.43e+03     |
| time/                   |              |
|    fps                  | 54           |
|    iterations           | 236          |
|    time_elapsed         | 8912         |
|    total_timesteps      | 483328       |
| train/                  |              |
|    approx_kl            | 0.0018797392 |
|    clip_fraction        | 0.0022       |
|    clip_range           | 0.2          |
|    entropy_loss         | -4.56        |
|    explained_variance   | 0.00604      |
|    learning_rate        | 0.0003       |
|    loss                 | 4.04e+04     |
|    n_updates            | 2350         |
|    policy_gradient_loss | -0.000783    |
|    value_loss           | 9.94e+04     |
------------------------------------------
------------------------------------------
| rollout/                |              |
|    ep_len_mean          | 100          |
|    ep_rew_mean          | 1.41e+03     |
| time/                   |              |
|    fps                  | 54           |
|    iterations           | 237          |
|    time_elapsed         | 8936         |
|    total_timesteps      | 485376       |
| train/                  |              |
|    approx_kl            | 0.0018819467 |
|    clip_fraction        | 0.0021       |
|    clip_range           | 0.2          |
|    entropy_loss         | -4.56        |
|    explained_variance   | 0.0243       |
|    learning_rate        | 0.0003       |
|    loss                 | 2.83e+04     |
|    n_updates            | 2360         |
|    policy_gradient_loss | 0.000455     |
|    value_loss           | 7.93e+04     |
------------------------------------------
2026-04-18 15:55:47,711 [INFO] DGRL-v7: [AdaptivePenalty] step=487,424 | viol_rate=0.043 (target=0.05) | λ_msd: -270.6 → -270.3
----------------------------------------
| rollout/                |            |
|    ep_len_mean          | 100        |
|    ep_rew_mean          | 1.51e+03   |
| time/                   |            |
|    fps                  | 54         |
|    iterations           | 238        |
|    time_elapsed         | 8963       |
|    total_timesteps      | 487424     |
| train/                  |            |
|    approx_kl            | 0.00269798 |
|    clip_fraction        | 0.00635    |
|    clip_range           | 0.2        |
|    entropy_loss         | -4.56      |
|    explained_variance   | 0.0247     |
|    learning_rate        | 0.0003     |
|    loss                 | 3.27e+04   |
|    n_updates            | 2370       |
|    policy_gradient_loss | -0.000295  |
|    value_loss           | 7.32e+04   |
----------------------------------------
------------------------------------------
| rollout/                |              |
|    ep_len_mean          | 100          |
|    ep_rew_mean          | 1.56e+03     |
| time/                   |              |
|    fps                  | 54           |
|    iterations           | 239          |
|    time_elapsed         | 8992         |
|    total_timesteps      | 489472       |
| train/                  |              |
|    approx_kl            | 0.0021740654 |
|    clip_fraction        | 0.00176      |
|    clip_range           | 0.2          |
|    entropy_loss         | -4.55        |
|    explained_variance   | 0.056        |
|    learning_rate        | 0.0003       |
|    loss                 | 3.33e+04     |
|    n_updates            | 2380         |
|    policy_gradient_loss | -0.00123     |
|    value_loss           | 7.87e+04     |
------------------------------------------
2026-04-18 15:56:44,209 [INFO] DGRL-v7: [AdaptivePenalty] step=491,520 | viol_rate=0.049 (target=0.05) | λ_msd: -270.3 → -270.2
------------------------------------------
| rollout/                |              |
|    ep_len_mean          | 100          |
|    ep_rew_mean          | 1.46e+03     |
| time/                   |              |
|    fps                  | 54           |
|    iterations           | 240          |
|    time_elapsed         | 9019         |
|    total_timesteps      | 491520       |
| train/                  |              |
|    approx_kl            | 0.0018401425 |
|    clip_fraction        | 0.00117      |
|    clip_range           | 0.2          |
|    entropy_loss         | -4.55        |
|    explained_variance   | 0.119        |
|    learning_rate        | 0.0003       |
|    loss                 | 3.17e+04     |
|    n_updates            | 2390         |
|    policy_gradient_loss | -0.000455    |
|    value_loss           | 7.1e+04      |
------------------------------------------
------------------------------------------
| rollout/                |              |
|    ep_len_mean          | 100          |
|    ep_rew_mean          | 1.51e+03     |
| time/                   |              |
|    fps                  | 54           |
|    iterations           | 241          |
|    time_elapsed         | 9050         |
|    total_timesteps      | 493568       |
| train/                  |              |
|    approx_kl            | 0.0019515161 |
|    clip_fraction        | 0.0022       |
|    clip_range           | 0.2          |
|    entropy_loss         | -4.55        |
|    explained_variance   | 0.0262       |
|    learning_rate        | 0.0003       |
|    loss                 | 3.57e+04     |
|    n_updates            | 2400         |
|    policy_gradient_loss | -0.00182     |
|    value_loss           | 8.28e+04     |
------------------------------------------
2026-04-18 15:57:48,790 [INFO] DGRL-v7: [AdaptivePenalty] step=495,616 | viol_rate=0.044 (target=0.05) | λ_msd: -270.2 → -269.9
------------------------------------------
| rollout/                |              |
|    ep_len_mean          | 100          |
|    ep_rew_mean          | 1.43e+03     |
| time/                   |              |
|    fps                  | 54           |
|    iterations           | 242          |
|    time_elapsed         | 9084         |
|    total_timesteps      | 495616       |
| train/                  |              |
|    approx_kl            | 0.0017452731 |
|    clip_fraction        | 0.00127      |
|    clip_range           | 0.2          |
|    entropy_loss         | -4.55        |
|    explained_variance   | 0.113        |
|    learning_rate        | 0.0003       |
|    loss                 | 2.95e+04     |
|    n_updates            | 2410         |
|    policy_gradient_loss | 0.000857     |
|    value_loss           | 7.51e+04     |
------------------------------------------
------------------------------------------
| rollout/                |              |
|    ep_len_mean          | 100          |
|    ep_rew_mean          | 1.39e+03     |
| time/                   |              |
|    fps                  | 54           |
|    iterations           | 243          |
|    time_elapsed         | 9115         |
|    total_timesteps      | 497664       |
| train/                  |              |
|    approx_kl            | 0.0020189476 |
|    clip_fraction        | 0.00264      |
|    clip_range           | 0.2          |
|    entropy_loss         | -4.55        |
|    explained_variance   | -0.091       |
|    learning_rate        | 0.0003       |
|    loss                 | 2.72e+04     |
|    n_updates            | 2420         |
|    policy_gradient_loss | -0.00182     |
|    value_loss           | 6.58e+04     |
------------------------------------------
2026-04-18 15:58:49,815 [INFO] DGRL-v7: [AdaptivePenalty] step=499,712 | viol_rate=0.048 (target=0.05) | λ_msd: -269.9 → -269.8
----------------------------------------
| rollout/                |            |
|    ep_len_mean          | 100        |
|    ep_rew_mean          | 1.4e+03    |
| time/                   |            |
|    fps                  | 54         |
|    iterations           | 244        |
|    time_elapsed         | 9145       |
|    total_timesteps      | 499712     |
| train/                  |            |
|    approx_kl            | 0.00181037 |
|    clip_fraction        | 0.00132    |
|    clip_range           | 0.2        |
|    entropy_loss         | -4.55      |
|    explained_variance   | 0.061      |
|    learning_rate        | 0.0003     |
|    loss                 | 2.61e+04   |
|    n_updates            | 2430       |
|    policy_gradient_loss | 0.00039    |
|    value_loss           | 8.37e+04   |
----------------------------------------
Eval num_timesteps=500000, episode_reward=-10971.24 +/- 2599.36
Episode length: 100.00 +/- 0.00
------------------------------------------
| eval/                   |              |
|    mean_ep_length       | 100          |
|    mean_reward          | -1.1e+04     |
| time/                   |              |
|    total_timesteps      | 500000       |
| train/                  |              |
|    approx_kl            | 0.0018542465 |
|    clip_fraction        | 0.0021       |
|    clip_range           | 0.2          |
|    entropy_loss         | -4.56        |
|    explained_variance   | 0.0885       |
|    learning_rate        | 0.0003       |
|    loss                 | 3.02e+04     |
|    n_updates            | 2440         |
|    policy_gradient_loss | 0.00125      |
|    value_loss           | 7.9e+04      |
------------------------------------------
---------------------------------
| rollout/           |          |
|    ep_len_mean     | 100      |
|    ep_rew_mean     | 1.46e+03 |
| time/              |          |
|    fps             | 54       |
|    iterations      | 245      |
|    time_elapsed    | 9234     |
|    total_timesteps | 501760   |
---------------------------------
2026-04-18 16:00:50,345 [INFO] DGRL-v7: [AdaptivePenalty] step=503,808 | viol_rate=0.046 (target=0.05) | λ_msd: -269.8 → -269.6
------------------------------------------
| rollout/                |              |
|    ep_len_mean          | 100          |
|    ep_rew_mean          | 1.4e+03      |
| time/                   |              |
|    fps                  | 54           |
|    iterations           | 246          |
|    time_elapsed         | 9266         |
|    total_timesteps      | 503808       |
| train/                  |              |
|    approx_kl            | 0.0016125855 |
|    clip_fraction        | 0.000635     |
|    clip_range           | 0.2          |
|    entropy_loss         | -4.56        |
|    explained_variance   | 0.0782       |
|    learning_rate        | 0.0003       |
|    loss                 | 2.8e+04      |
|    n_updates            | 2450         |
|    policy_gradient_loss | 0.00127      |
|    value_loss           | 7.94e+04     |
------------------------------------------
------------------------------------------
| rollout/                |              |
|    ep_len_mean          | 100          |
|    ep_rew_mean          | 1.45e+03     |
| time/                   |              |
|    fps                  | 54           |
|    iterations           | 247          |
|    time_elapsed         | 9298         |
|    total_timesteps      | 505856       |
| train/                  |              |
|    approx_kl            | 0.0032617624 |
|    clip_fraction        | 0.00947      |
|    clip_range           | 0.2          |
|    entropy_loss         | -4.55        |
|    explained_variance   | 0.00682      |
|    learning_rate        | 0.0003       |
|    loss                 | 2.73e+04     |
|    n_updates            | 2460         |
|    policy_gradient_loss | 0.000259     |
|    value_loss           | 8.17e+04     |
------------------------------------------
2026-04-18 16:01:55,665 [INFO] DGRL-v7: [AdaptivePenalty] step=507,904 | viol_rate=0.051 (target=0.05) | λ_msd: -269.6 → -269.7
------------------------------------------
| rollout/                |              |
|    ep_len_mean          | 100          |
|    ep_rew_mean          | 1.43e+03     |
| time/                   |              |
|    fps                  | 54           |
|    iterations           | 248          |
|    time_elapsed         | 9331         |
|    total_timesteps      | 507904       |
| train/                  |              |
|    approx_kl            | 0.0021460042 |
|    clip_fraction        | 0.00229      |
|    clip_range           | 0.2          |
|    entropy_loss         | -4.55        |
|    explained_variance   | -0.0838      |
|    learning_rate        | 0.0003       |
|    loss                 | 4.16e+04     |
|    n_updates            | 2470         |
|    policy_gradient_loss | 0.00167      |
|    value_loss           | 8.76e+04     |
------------------------------------------
------------------------------------------
| rollout/                |              |
|    ep_len_mean          | 100          |
|    ep_rew_mean          | 1.43e+03     |
| time/                   |              |
|    fps                  | 54           |
|    iterations           | 249          |
|    time_elapsed         | 9361         |
|    total_timesteps      | 509952       |
| train/                  |              |
|    approx_kl            | 0.0019814798 |
|    clip_fraction        | 0.00288      |
|    clip_range           | 0.2          |
|    entropy_loss         | -4.56        |
|    explained_variance   | -0.0287      |
|    learning_rate        | 0.0003       |
|    loss                 | 2.94e+04     |
|    n_updates            | 2480         |
|    policy_gradient_loss | -0.000442    |
|    value_loss           | 6.77e+04     |
------------------------------------------
2026-04-18 16:03:00,203 [INFO] DGRL-v7: [AdaptivePenalty] step=512,000 | viol_rate=0.048 (target=0.05) | λ_msd: -269.7 → -269.6
------------------------------------------
| rollout/                |              |
|    ep_len_mean          | 100          |
|    ep_rew_mean          | 1.45e+03     |
| time/                   |              |
|    fps                  | 54           |
|    iterations           | 250          |
|    time_elapsed         | 9395         |
|    total_timesteps      | 512000       |
| train/                  |              |
|    approx_kl            | 0.0019995964 |
|    clip_fraction        | 0.00171      |
|    clip_range           | 0.2          |
|    entropy_loss         | -4.55        |
|    explained_variance   | -0.025       |
|    learning_rate        | 0.0003       |
|    loss                 | 2.74e+04     |
|    n_updates            | 2490         |
|    policy_gradient_loss | -0.0014      |
|    value_loss           | 7.98e+04     |
------------------------------------------
------------------------------------------
| rollout/                |              |
|    ep_len_mean          | 100          |
|    ep_rew_mean          | 1.39e+03     |
| time/                   |              |
|    fps                  | 54           |
|    iterations           | 251          |
|    time_elapsed         | 9429         |
|    total_timesteps      | 514048       |
| train/                  |              |
|    approx_kl            | 0.0019275844 |
|    clip_fraction        | 0.00195      |
|    clip_range           | 0.2          |
|    entropy_loss         | -4.55        |
|    explained_variance   | 0.0811       |
|    learning_rate        | 0.0003       |
|    loss                 | 3.3e+04      |
|    n_updates            | 2500         |
|    policy_gradient_loss | 0.000736     |
|    value_loss           | 7.96e+04     |
------------------------------------------
2026-04-18 16:04:03,663 [INFO] DGRL-v7: [AdaptivePenalty] step=516,096 | viol_rate=0.047 (target=0.05) | λ_msd: -269.6 → -269.4
------------------------------------------
| rollout/                |              |
|    ep_len_mean          | 100          |
|    ep_rew_mean          | 1.39e+03     |
| time/                   |              |
|    fps                  | 54           |
|    iterations           | 252          |
|    time_elapsed         | 9459         |
|    total_timesteps      | 516096       |
| train/                  |              |
|    approx_kl            | 0.0022999975 |
|    clip_fraction        | 0.00317      |
|    clip_range           | 0.2          |
|    entropy_loss         | -4.56        |
|    explained_variance   | 0.0393       |
|    learning_rate        | 0.0003       |
|    loss                 | 2.91e+04     |
|    n_updates            | 2510         |
|    policy_gradient_loss | 0.000326     |
|    value_loss           | 8.29e+04     |
------------------------------------------
-----------------------------------------
| rollout/                |             |
|    ep_len_mean          | 100         |
|    ep_rew_mean          | 1.37e+03    |
| time/                   |             |
|    fps                  | 54          |
|    iterations           | 253         |
|    time_elapsed         | 9482        |
|    total_timesteps      | 518144      |
| train/                  |             |
|    approx_kl            | 0.002010915 |
|    clip_fraction        | 0.00229     |
|    clip_range           | 0.2         |
|    entropy_loss         | -4.56       |
|    explained_variance   | -0.0839     |
|    learning_rate        | 0.0003      |
|    loss                 | 2.75e+04    |
|    n_updates            | 2520        |
|    policy_gradient_loss | -0.00022    |
|    value_loss           | 6.87e+04    |
-----------------------------------------
2026-04-18 16:04:58,580 [INFO] DGRL-v7: [AdaptivePenalty] step=520,192 | viol_rate=0.050 (target=0.05) | λ_msd: -269.4 → -269.4
-----------------------------------------
| rollout/                |             |
|    ep_len_mean          | 100         |
|    ep_rew_mean          | 1.42e+03    |
| time/                   |             |
|    fps                  | 54          |
|    iterations           | 254         |
|    time_elapsed         | 9514        |
|    total_timesteps      | 520192      |
| train/                  |             |
|    approx_kl            | 0.002275273 |
|    clip_fraction        | 0.00322     |
|    clip_range           | 0.2         |
|    entropy_loss         | -4.55       |
|    explained_variance   | 0.0208      |
|    learning_rate        | 0.0003      |
|    loss                 | 2.89e+04    |
|    n_updates            | 2530        |
|    policy_gradient_loss | -0.0013     |
|    value_loss           | 7.97e+04    |
-----------------------------------------
-----------------------------------------
| rollout/                |             |
|    ep_len_mean          | 100         |
|    ep_rew_mean          | 1.39e+03    |
| time/                   |             |
|    fps                  | 54          |
|    iterations           | 255         |
|    time_elapsed         | 9546        |
|    total_timesteps      | 522240      |
| train/                  |             |
|    approx_kl            | 0.002020473 |
|    clip_fraction        | 0.00244     |
|    clip_range           | 0.2         |
|    entropy_loss         | -4.55       |
|    explained_variance   | 0.0137      |
|    learning_rate        | 0.0003      |
|    loss                 | 3.69e+04    |
|    n_updates            | 2540        |
|    policy_gradient_loss | -0.000348   |
|    value_loss           | 9.44e+04    |
-----------------------------------------
2026-04-18 16:06:02,414 [INFO] DGRL-v7: [AdaptivePenalty] step=524,288 | viol_rate=0.050 (target=0.05) | λ_msd: -269.4 → -269.4
------------------------------------------
| rollout/                |              |
|    ep_len_mean          | 100          |
|    ep_rew_mean          | 1.39e+03     |
| time/                   |              |
|    fps                  | 54           |
|    iterations           | 256          |
|    time_elapsed         | 9578         |
|    total_timesteps      | 524288       |
| train/                  |              |
|    approx_kl            | 0.0025265126 |
|    clip_fraction        | 0.00225      |
|    clip_range           | 0.2          |
|    entropy_loss         | -4.56        |
|    explained_variance   | 0.00036      |
|    learning_rate        | 0.0003       |
|    loss                 | 2.78e+04     |
|    n_updates            | 2550         |
|    policy_gradient_loss | -0.000911    |
|    value_loss           | 7.5e+04      |
------------------------------------------
------------------------------------------
| rollout/                |              |
|    ep_len_mean          | 100          |
|    ep_rew_mean          | 1.43e+03     |
| time/                   |              |
|    fps                  | 54           |
|    iterations           | 257          |
|    time_elapsed         | 9611         |
|    total_timesteps      | 526336       |
| train/                  |              |
|    approx_kl            | 0.0020706626 |
|    clip_fraction        | 0.00283      |
|    clip_range           | 0.2          |
|    entropy_loss         | -4.56        |
|    explained_variance   | 0.00489      |
|    learning_rate        | 0.0003       |
|    loss                 | 2.93e+04     |
|    n_updates            | 2560         |
|    policy_gradient_loss | -0.00159     |
|    value_loss           | 7.72e+04     |
------------------------------------------
2026-04-18 16:07:08,820 [INFO] DGRL-v7: [AdaptivePenalty] step=528,384 | viol_rate=0.050 (target=0.05) | λ_msd: -269.4 → -269.4
-----------------------------------------
| rollout/                |             |
|    ep_len_mean          | 100         |
|    ep_rew_mean          | 1.41e+03    |
| time/                   |             |
|    fps                  | 54          |
|    iterations           | 258         |
|    time_elapsed         | 9644        |
|    total_timesteps      | 528384      |
| train/                  |             |
|    approx_kl            | 0.001606783 |
|    clip_fraction        | 0.000928    |
|    clip_range           | 0.2         |
|    entropy_loss         | -4.56       |
|    explained_variance   | -0.0744     |
|    learning_rate        | 0.0003      |
|    loss                 | 2.69e+04    |
|    n_updates            | 2570        |
|    policy_gradient_loss | 0.000192    |
|    value_loss           | 7.28e+04    |
-----------------------------------------
------------------------------------------
| rollout/                |              |
|    ep_len_mean          | 100          |
|    ep_rew_mean          | 1.35e+03     |
| time/                   |              |
|    fps                  | 54           |
|    iterations           | 259          |
|    time_elapsed         | 9674         |
|    total_timesteps      | 530432       |
| train/                  |              |
|    approx_kl            | 0.0021748494 |
|    clip_fraction        | 0.0043       |
|    clip_range           | 0.2          |
|    entropy_loss         | -4.56        |
|    explained_variance   | 0.0107       |
|    learning_rate        | 0.0003       |
|    loss                 | 3.08e+04     |
|    n_updates            | 2580         |
|    policy_gradient_loss | -0.000503    |
|    value_loss           | 8.24e+04     |
------------------------------------------
2026-04-18 16:08:10,546 [INFO] DGRL-v7: [AdaptivePenalty] step=532,480 | viol_rate=0.050 (target=0.05) | λ_msd: -269.4 → -269.4
------------------------------------------
| rollout/                |              |
|    ep_len_mean          | 100          |
|    ep_rew_mean          | 1.4e+03      |
| time/                   |              |
|    fps                  | 54           |
|    iterations           | 260          |
|    time_elapsed         | 9706         |
|    total_timesteps      | 532480       |
| train/                  |              |
|    approx_kl            | 0.0017981316 |
|    clip_fraction        | 0.00137      |
|    clip_range           | 0.2          |
|    entropy_loss         | -4.56        |
|    explained_variance   | 0.149        |
|    learning_rate        | 0.0003       |
|    loss                 | 3.24e+04     |
|    n_updates            | 2590         |
|    policy_gradient_loss | -0.000542    |
|    value_loss           | 8.28e+04     |
------------------------------------------
------------------------------------------
| rollout/                |              |
|    ep_len_mean          | 100          |
|    ep_rew_mean          | 1.4e+03      |
| time/                   |              |
|    fps                  | 54           |
|    iterations           | 261          |
|    time_elapsed         | 9739         |
|    total_timesteps      | 534528       |
| train/                  |              |
|    approx_kl            | 0.0022741698 |
|    clip_fraction        | 0.00391      |
|    clip_range           | 0.2          |
|    entropy_loss         | -4.56        |
|    explained_variance   | 0.0801       |
|    learning_rate        | 0.0003       |
|    loss                 | 3.1e+04      |
|    n_updates            | 2600         |
|    policy_gradient_loss | -0.000986    |
|    value_loss           | 8.48e+04     |
------------------------------------------
2026-04-18 16:09:11,647 [INFO] DGRL-v7: [AdaptivePenalty] step=536,576 | viol_rate=0.044 (target=0.05) | λ_msd: -269.4 → -269.1
-----------------------------------------
| rollout/                |             |
|    ep_len_mean          | 100         |
|    ep_rew_mean          | 1.44e+03    |
| time/                   |             |
|    fps                  | 54          |
|    iterations           | 262         |
|    time_elapsed         | 9767        |
|    total_timesteps      | 536576      |
| train/                  |             |
|    approx_kl            | 0.002006163 |
|    clip_fraction        | 0.00107     |
|    clip_range           | 0.2         |
|    entropy_loss         | -4.56       |
|    explained_variance   | 0.0773      |
|    learning_rate        | 0.0003      |
|    loss                 | 3.08e+04    |
|    n_updates            | 2610        |
|    policy_gradient_loss | 0.000178    |
|    value_loss           | 8.19e+04    |
-----------------------------------------
------------------------------------------
| rollout/                |              |
|    ep_len_mean          | 100          |
|    ep_rew_mean          | 1.42e+03     |
| time/                   |              |
|    fps                  | 54           |
|    iterations           | 263          |
|    time_elapsed         | 9800         |
|    total_timesteps      | 538624       |
| train/                  |              |
|    approx_kl            | 0.0017741662 |
|    clip_fraction        | 0.00127      |
|    clip_range           | 0.2          |
|    entropy_loss         | -4.55        |
|    explained_variance   | 0.0443       |
|    learning_rate        | 0.0003       |
|    loss                 | 3.06e+04     |
|    n_updates            | 2620         |
|    policy_gradient_loss | -0.000825    |
|    value_loss           | 7.17e+04     |
------------------------------------------
2026-04-18 16:10:15,604 [INFO] DGRL-v7: [AdaptivePenalty] step=540,672 | viol_rate=0.045 (target=0.05) | λ_msd: -269.1 → -268.9
-----------------------------------------
| rollout/                |             |
|    ep_len_mean          | 100         |
|    ep_rew_mean          | 1.52e+03    |
| time/                   |             |
|    fps                  | 54          |
|    iterations           | 264         |
|    time_elapsed         | 9831        |
|    total_timesteps      | 540672      |
| train/                  |             |
|    approx_kl            | 0.002597119 |
|    clip_fraction        | 0.00547     |
|    clip_range           | 0.2         |
|    entropy_loss         | -4.54       |
|    explained_variance   | 0.0528      |
|    learning_rate        | 0.0003      |
|    loss                 | 3.05e+04    |
|    n_updates            | 2630        |
|    policy_gradient_loss | 0.000541    |
|    value_loss           | 1.04e+05    |
-----------------------------------------
------------------------------------------
| rollout/                |              |
|    ep_len_mean          | 100          |
|    ep_rew_mean          | 1.52e+03     |
| time/                   |              |
|    fps                  | 55           |
|    iterations           | 265          |
|    time_elapsed         | 9864         |
|    total_timesteps      | 542720       |
| train/                  |              |
|    approx_kl            | 0.0028650211 |
|    clip_fraction        | 0.00879      |
|    clip_range           | 0.2          |
|    entropy_loss         | -4.55        |
|    explained_variance   | 0.0241       |
|    learning_rate        | 0.0003       |
|    loss                 | 3.49e+04     |
|    n_updates            | 2640         |
|    policy_gradient_loss | 0.000363     |
|    value_loss           | 8.6e+04      |
------------------------------------------
2026-04-18 16:11:22,625 [INFO] DGRL-v7: [AdaptivePenalty] step=544,768 | viol_rate=0.048 (target=0.05) | λ_msd: -268.9 → -268.7
-----------------------------------------
| rollout/                |             |
|    ep_len_mean          | 100         |
|    ep_rew_mean          | 1.46e+03    |
| time/                   |             |
|    fps                  | 55          |
|    iterations           | 266         |
|    time_elapsed         | 9898        |
|    total_timesteps      | 544768      |
| train/                  |             |
|    approx_kl            | 0.002518886 |
|    clip_fraction        | 0.00439     |
|    clip_range           | 0.2         |
|    entropy_loss         | -4.56       |
|    explained_variance   | -0.0109     |
|    learning_rate        | 0.0003      |
|    loss                 | 3.2e+04     |
|    n_updates            | 2650        |
|    policy_gradient_loss | -0.00109    |
|    value_loss           | 8.26e+04    |
-----------------------------------------
------------------------------------------
| rollout/                |              |
|    ep_len_mean          | 100          |
|    ep_rew_mean          | 1.39e+03     |
| time/                   |              |
|    fps                  | 55           |
|    iterations           | 267          |
|    time_elapsed         | 9931         |
|    total_timesteps      | 546816       |
| train/                  |              |
|    approx_kl            | 0.0019542612 |
|    clip_fraction        | 0.00176      |
|    clip_range           | 0.2          |
|    entropy_loss         | -4.56        |
|    explained_variance   | 0.0184       |
|    learning_rate        | 0.0003       |
|    loss                 | 3.42e+04     |
|    n_updates            | 2660         |
|    policy_gradient_loss | -0.000104    |
|    value_loss           | 7.81e+04     |
------------------------------------------
2026-04-18 16:12:25,880 [INFO] DGRL-v7: [AdaptivePenalty] step=548,864 | viol_rate=0.043 (target=0.05) | λ_msd: -268.7 → -268.4
-----------------------------------------
| rollout/                |             |
|    ep_len_mean          | 100         |
|    ep_rew_mean          | 1.48e+03    |
| time/                   |             |
|    fps                  | 55          |
|    iterations           | 268         |
|    time_elapsed         | 9961        |
|    total_timesteps      | 548864      |
| train/                  |             |
|    approx_kl            | 0.001725184 |
|    clip_fraction        | 0.000635    |
|    clip_range           | 0.2         |
|    entropy_loss         | -4.55       |
|    explained_variance   | 0.0977      |
|    learning_rate        | 0.0003      |
|    loss                 | 2.39e+04    |
|    n_updates            | 2670        |
|    policy_gradient_loss | -0.00157    |
|    value_loss           | 7.16e+04    |
-----------------------------------------
Eval num_timesteps=550000, episode_reward=-6786.30 +/- 880.41
Episode length: 100.00 +/- 0.00
------------------------------------------
| eval/                   |              |
|    mean_ep_length       | 100          |
|    mean_reward          | -6.79e+03    |
| time/                   |              |
|    total_timesteps      | 550000       |
| train/                  |              |
|    approx_kl            | 0.0018898632 |
|    clip_fraction        | 0.00103      |
|    clip_range           | 0.2          |
|    entropy_loss         | -4.55        |
|    explained_variance   | 0.00289      |
|    learning_rate        | 0.0003       |
|    loss                 | 2.93e+04     |
|    n_updates            | 2680         |
|    policy_gradient_loss | -0.000857    |
|    value_loss           | 7.37e+04     |
------------------------------------------
---------------------------------
| rollout/           |          |
|    ep_len_mean     | 100      |
|    ep_rew_mean     | 1.46e+03 |
| time/              |          |
|    fps             | 54       |
|    iterations      | 269      |
|    time_elapsed    | 10025    |
|    total_timesteps | 550912   |
---------------------------------
2026-04-18 16:13:56,876 [INFO] DGRL-v7: [AdaptivePenalty] step=552,960 | viol_rate=0.047 (target=0.05) | λ_msd: -268.4 → -268.3
------------------------------------------
| rollout/                |              |
|    ep_len_mean          | 100          |
|    ep_rew_mean          | 1.4e+03      |
| time/                   |              |
|    fps                  | 55           |
|    iterations           | 270          |
|    time_elapsed         | 10052        |
|    total_timesteps      | 552960       |
| train/                  |              |
|    approx_kl            | 0.0019044743 |
|    clip_fraction        | 0.00225      |
|    clip_range           | 0.2          |
|    entropy_loss         | -4.55        |
|    explained_variance   | 0.0662       |
|    learning_rate        | 0.0003       |
|    loss                 | 2.76e+04     |
|    n_updates            | 2690         |
|    policy_gradient_loss | 0.000178     |
|    value_loss           | 7.09e+04     |
------------------------------------------
------------------------------------------
| rollout/                |              |
|    ep_len_mean          | 100          |
|    ep_rew_mean          | 1.42e+03     |
| time/                   |              |
|    fps                  | 55           |
|    iterations           | 271          |
|    time_elapsed         | 10081        |
|    total_timesteps      | 555008       |
| train/                  |              |
|    approx_kl            | 0.0021315762 |
|    clip_fraction        | 0.00142      |
|    clip_range           | 0.2          |
|    entropy_loss         | -4.55        |
|    explained_variance   | 0.0443       |
|    learning_rate        | 0.0003       |
|    loss                 | 2.7e+04      |
|    n_updates            | 2700         |
|    policy_gradient_loss | 0.000418     |
|    value_loss           | 8.37e+04     |
------------------------------------------
2026-04-18 16:15:00,128 [INFO] DGRL-v7: [AdaptivePenalty] step=557,056 | viol_rate=0.046 (target=0.05) | λ_msd: -268.3 → -268.1
------------------------------------------
| rollout/                |              |
|    ep_len_mean          | 100          |
|    ep_rew_mean          | 1.46e+03     |
| time/                   |              |
|    fps                  | 55           |
|    iterations           | 272          |
|    time_elapsed         | 10115        |
|    total_timesteps      | 557056       |
| train/                  |              |
|    approx_kl            | 0.0020138123 |
|    clip_fraction        | 0.00142      |
|    clip_range           | 0.2          |
|    entropy_loss         | -4.55        |
|    explained_variance   | 0.0387       |
|    learning_rate        | 0.0003       |
|    loss                 | 2.62e+04     |
|    n_updates            | 2710         |
|    policy_gradient_loss | 2.83e-05     |
|    value_loss           | 6.87e+04     |
------------------------------------------
------------------------------------------
| rollout/                |              |
|    ep_len_mean          | 100          |
|    ep_rew_mean          | 1.37e+03     |
| time/                   |              |
|    fps                  | 55           |
|    iterations           | 273          |
|    time_elapsed         | 10144        |
|    total_timesteps      | 559104       |
| train/                  |              |
|    approx_kl            | 0.0021389767 |
|    clip_fraction        | 0.00225      |
|    clip_range           | 0.2          |
|    entropy_loss         | -4.55        |
|    explained_variance   | 0.0379       |
|    learning_rate        | 0.0003       |
|    loss                 | 2.94e+04     |
|    n_updates            | 2720         |
|    policy_gradient_loss | 0.000573     |
|    value_loss           | 7.72e+04     |
------------------------------------------
2026-04-18 16:16:01,943 [INFO] DGRL-v7: [AdaptivePenalty] step=561,152 | viol_rate=0.042 (target=0.05) | λ_msd: -268.1 → -267.7
------------------------------------------
| rollout/                |              |
|    ep_len_mean          | 100          |
|    ep_rew_mean          | 1.42e+03     |
| time/                   |              |
|    fps                  | 55           |
|    iterations           | 274          |
|    time_elapsed         | 10177        |
|    total_timesteps      | 561152       |
| train/                  |              |
|    approx_kl            | 0.0019912664 |
|    clip_fraction        | 0.00269      |
|    clip_range           | 0.2          |
|    entropy_loss         | -4.55        |
|    explained_variance   | 0.105        |
|    learning_rate        | 0.0003       |
|    loss                 | 3.38e+04     |
|    n_updates            | 2730         |
|    policy_gradient_loss | -0.000901    |
|    value_loss           | 8.66e+04     |
------------------------------------------
------------------------------------------
| rollout/                |              |
|    ep_len_mean          | 100          |
|    ep_rew_mean          | 1.44e+03     |
| time/                   |              |
|    fps                  | 55           |
|    iterations           | 275          |
|    time_elapsed         | 10208        |
|    total_timesteps      | 563200       |
| train/                  |              |
|    approx_kl            | 0.0022117337 |
|    clip_fraction        | 0.00259      |
|    clip_range           | 0.2          |
|    entropy_loss         | -4.55        |
|    explained_variance   | 0.0681       |
|    learning_rate        | 0.0003       |
|    loss                 | 3.46e+04     |
|    n_updates            | 2740         |
|    policy_gradient_loss | -0.000654    |
|    value_loss           | 9.02e+04     |
------------------------------------------
2026-04-18 16:17:05,594 [INFO] DGRL-v7: [AdaptivePenalty] step=565,248 | viol_rate=0.050 (target=0.05) | λ_msd: -267.7 → -267.7
-----------------------------------------
| rollout/                |             |
|    ep_len_mean          | 100         |
|    ep_rew_mean          | 1.5e+03     |
| time/                   |             |
|    fps                  | 55          |
|    iterations           | 276         |
|    time_elapsed         | 10241       |
|    total_timesteps      | 565248      |
| train/                  |             |
|    approx_kl            | 0.002356029 |
|    clip_fraction        | 0.00591     |
|    clip_range           | 0.2         |
|    entropy_loss         | -4.55       |
|    explained_variance   | 0.0306      |
|    learning_rate        | 0.0003      |
|    loss                 | 2.37e+04    |
|    n_updates            | 2750        |
|    policy_gradient_loss | 0.00176     |
|    value_loss           | 6.97e+04    |
-----------------------------------------
------------------------------------------
| rollout/                |              |
|    ep_len_mean          | 100          |
|    ep_rew_mean          | 1.49e+03     |
| time/                   |              |
|    fps                  | 55           |
|    iterations           | 277          |
|    time_elapsed         | 10274        |
|    total_timesteps      | 567296       |
| train/                  |              |
|    approx_kl            | 0.0018682425 |
|    clip_fraction        | 0.000781     |
|    clip_range           | 0.2          |
|    entropy_loss         | -4.55        |
|    explained_variance   | 0.0791       |
|    learning_rate        | 0.0003       |
|    loss                 | 3.14e+04     |
|    n_updates            | 2760         |
|    policy_gradient_loss | -0.00178     |
|    value_loss           | 7.74e+04     |
------------------------------------------
2026-04-18 16:18:10,902 [INFO] DGRL-v7: [AdaptivePenalty] step=569,344 | viol_rate=0.047 (target=0.05) | λ_msd: -267.7 → -267.5
------------------------------------------
| rollout/                |              |
|    ep_len_mean          | 100          |
|    ep_rew_mean          | 1.53e+03     |
| time/                   |              |
|    fps                  | 55           |
|    iterations           | 278          |
|    time_elapsed         | 10306        |
|    total_timesteps      | 569344       |
| train/                  |              |
|    approx_kl            | 0.0018505824 |
|    clip_fraction        | 0.00161      |
|    clip_range           | 0.2          |
|    entropy_loss         | -4.55        |
|    explained_variance   | 0.0927       |
|    learning_rate        | 0.0003       |
|    loss                 | 2.57e+04     |
|    n_updates            | 2770         |
|    policy_gradient_loss | 0.000569     |
|    value_loss           | 6.81e+04     |
------------------------------------------
------------------------------------------
| rollout/                |              |
|    ep_len_mean          | 100          |
|    ep_rew_mean          | 1.49e+03     |
| time/                   |              |
|    fps                  | 55           |
|    iterations           | 279          |
|    time_elapsed         | 10331        |
|    total_timesteps      | 571392       |
| train/                  |              |
|    approx_kl            | 0.0017898274 |
|    clip_fraction        | 0.00112      |
|    clip_range           | 0.2          |
|    entropy_loss         | -4.55        |
|    explained_variance   | 0.105        |
|    learning_rate        | 0.0003       |
|    loss                 | 3.55e+04     |
|    n_updates            | 2780         |
|    policy_gradient_loss | -0.00197     |
|    value_loss           | 8.33e+04     |
------------------------------------------
2026-04-18 16:19:09,692 [INFO] DGRL-v7: [AdaptivePenalty] step=573,440 | viol_rate=0.050 (target=0.05) | λ_msd: -267.5 → -267.5
------------------------------------------
| rollout/                |              |
|    ep_len_mean          | 100          |
|    ep_rew_mean          | 1.54e+03     |
| time/                   |              |
|    fps                  | 55           |
|    iterations           | 280          |
|    time_elapsed         | 10365        |
|    total_timesteps      | 573440       |
| train/                  |              |
|    approx_kl            | 0.0022782646 |
|    clip_fraction        | 0.00361      |
|    clip_range           | 0.2          |
|    entropy_loss         | -4.55        |
|    explained_variance   | 0.0701       |
|    learning_rate        | 0.0003       |
|    loss                 | 3.37e+04     |
|    n_updates            | 2790         |
|    policy_gradient_loss | -0.00102     |
|    value_loss           | 8.09e+04     |
------------------------------------------
------------------------------------------
| rollout/                |              |
|    ep_len_mean          | 100          |
|    ep_rew_mean          | 1.49e+03     |
| time/                   |              |
|    fps                  | 55           |
|    iterations           | 281          |
|    time_elapsed         | 10395        |
|    total_timesteps      | 575488       |
| train/                  |              |
|    approx_kl            | 0.0014532411 |
|    clip_fraction        | 0.000195     |
|    clip_range           | 0.2          |
|    entropy_loss         | -4.55        |
|    explained_variance   | 0.0536       |
|    learning_rate        | 0.0003       |
|    loss                 | 2.16e+04     |
|    n_updates            | 2800         |
|    policy_gradient_loss | 0.000161     |
|    value_loss           | 6.01e+04     |
------------------------------------------
2026-04-18 16:20:14,724 [INFO] DGRL-v7: [AdaptivePenalty] step=577,536 | viol_rate=0.043 (target=0.05) | λ_msd: -267.5 → -267.2
------------------------------------------
| rollout/                |              |
|    ep_len_mean          | 100          |
|    ep_rew_mean          | 1.46e+03     |
| time/                   |              |
|    fps                  | 55           |
|    iterations           | 282          |
|    time_elapsed         | 10430        |
|    total_timesteps      | 577536       |
| train/                  |              |
|    approx_kl            | 0.0017019666 |
|    clip_fraction        | 0.00112      |
|    clip_range           | 0.2          |
|    entropy_loss         | -4.55        |
|    explained_variance   | -0.0126      |
|    learning_rate        | 0.0003       |
|    loss                 | 2.46e+04     |
|    n_updates            | 2810         |
|    policy_gradient_loss | -0.00134     |
|    value_loss           | 6.91e+04     |
------------------------------------------
------------------------------------------
| rollout/                |              |
|    ep_len_mean          | 100          |
|    ep_rew_mean          | 1.5e+03      |
| time/                   |              |
|    fps                  | 55           |
|    iterations           | 283          |
|    time_elapsed         | 10460        |
|    total_timesteps      | 579584       |
| train/                  |              |
|    approx_kl            | 0.0014868353 |
|    clip_fraction        | 0.000781     |
|    clip_range           | 0.2          |
|    entropy_loss         | -4.55        |
|    explained_variance   | -0.0131      |
|    learning_rate        | 0.0003       |
|    loss                 | 2.26e+04     |
|    n_updates            | 2820         |
|    policy_gradient_loss | -0.000834    |
|    value_loss           | 7.15e+04     |
------------------------------------------
2026-04-18 16:21:19,149 [INFO] DGRL-v7: [AdaptivePenalty] step=581,632 | viol_rate=0.045 (target=0.05) | λ_msd: -267.2 → -266.9
------------------------------------------
| rollout/                |              |
|    ep_len_mean          | 100          |
|    ep_rew_mean          | 1.51e+03     |
| time/                   |              |
|    fps                  | 55           |
|    iterations           | 284          |
|    time_elapsed         | 10494        |
|    total_timesteps      | 581632       |
| train/                  |              |
|    approx_kl            | 0.0017645082 |
|    clip_fraction        | 0.00117      |
|    clip_range           | 0.2          |
|    entropy_loss         | -4.55        |
|    explained_variance   | 0.0185       |
|    learning_rate        | 0.0003       |
|    loss                 | 2.29e+04     |
|    n_updates            | 2830         |
|    policy_gradient_loss | -0.000293    |
|    value_loss           | 6.45e+04     |
------------------------------------------
------------------------------------------
| rollout/                |              |
|    ep_len_mean          | 100          |
|    ep_rew_mean          | 1.5e+03      |
| time/                   |              |
|    fps                  | 55           |
|    iterations           | 285          |
|    time_elapsed         | 10525        |
|    total_timesteps      | 583680       |
| train/                  |              |
|    approx_kl            | 0.0015574964 |
|    clip_fraction        | 0.00107      |
|    clip_range           | 0.2          |
|    entropy_loss         | -4.55        |
|    explained_variance   | 0.0667       |
|    learning_rate        | 0.0003       |
|    loss                 | 3.64e+04     |
|    n_updates            | 2840         |
|    policy_gradient_loss | -0.000277    |
|    value_loss           | 8.16e+04     |
------------------------------------------
2026-04-18 16:22:22,123 [INFO] DGRL-v7: [AdaptivePenalty] step=585,728 | viol_rate=0.049 (target=0.05) | λ_msd: -266.9 → -266.9
------------------------------------------
| rollout/                |              |
|    ep_len_mean          | 100          |
|    ep_rew_mean          | 1.5e+03      |
| time/                   |              |
|    fps                  | 55           |
|    iterations           | 286          |
|    time_elapsed         | 10557        |
|    total_timesteps      | 585728       |
| train/                  |              |
|    approx_kl            | 0.0023411168 |
|    clip_fraction        | 0.00479      |
|    clip_range           | 0.2          |
|    entropy_loss         | -4.55        |
|    explained_variance   | 0.0933       |
|    learning_rate        | 0.0003       |
|    loss                 | 2.73e+04     |
|    n_updates            | 2850         |
|    policy_gradient_loss | 0.000197     |
|    value_loss           | 7.21e+04     |
------------------------------------------
------------------------------------------
| rollout/                |              |
|    ep_len_mean          | 100          |
|    ep_rew_mean          | 1.52e+03     |
| time/                   |              |
|    fps                  | 55           |
|    iterations           | 287          |
|    time_elapsed         | 10589        |
|    total_timesteps      | 587776       |
| train/                  |              |
|    approx_kl            | 0.0015901724 |
|    clip_fraction        | 0.00083      |
|    clip_range           | 0.2          |
|    entropy_loss         | -4.55        |
|    explained_variance   | 0.0285       |
|    learning_rate        | 0.0003       |
|    loss                 | 2.57e+04     |
|    n_updates            | 2860         |
|    policy_gradient_loss | -0.000786    |
|    value_loss           | 7.71e+04     |
------------------------------------------
2026-04-18 16:23:26,877 [INFO] DGRL-v7: [AdaptivePenalty] step=589,824 | viol_rate=0.049 (target=0.05) | λ_msd: -266.9 → -266.8
------------------------------------------
| rollout/                |              |
|    ep_len_mean          | 100          |
|    ep_rew_mean          | 1.49e+03     |
| time/                   |              |
|    fps                  | 55           |
|    iterations           | 288          |
|    time_elapsed         | 10622        |
|    total_timesteps      | 589824       |
| train/                  |              |
|    approx_kl            | 0.0020778272 |
|    clip_fraction        | 0.00269      |
|    clip_range           | 0.2          |
|    entropy_loss         | -4.55        |
|    explained_variance   | -0.0243      |
|    learning_rate        | 0.0003       |
|    loss                 | 2.66e+04     |
|    n_updates            | 2870         |
|    policy_gradient_loss | -0.000195    |
|    value_loss           | 8.21e+04     |
------------------------------------------
------------------------------------------
| rollout/                |              |
|    ep_len_mean          | 100          |
|    ep_rew_mean          | 1.39e+03     |
| time/                   |              |
|    fps                  | 55           |
|    iterations           | 289          |
|    time_elapsed         | 10649        |
|    total_timesteps      | 591872       |
| train/                  |              |
|    approx_kl            | 0.0019726544 |
|    clip_fraction        | 0.00303      |
|    clip_range           | 0.2          |
|    entropy_loss         | -4.55        |
|    explained_variance   | -0.0367      |
|    learning_rate        | 0.0003       |
|    loss                 | 2.7e+04      |
|    n_updates            | 2880         |
|    policy_gradient_loss | -0.000953    |
|    value_loss           | 7.32e+04     |
------------------------------------------
2026-04-18 16:24:25,143 [INFO] DGRL-v7: [AdaptivePenalty] step=593,920 | viol_rate=0.040 (target=0.05) | λ_msd: -266.8 → -266.3
-----------------------------------------
| rollout/                |             |
|    ep_len_mean          | 100         |
|    ep_rew_mean          | 1.46e+03    |
| time/                   |             |
|    fps                  | 55          |
|    iterations           | 290         |
|    time_elapsed         | 10680       |
|    total_timesteps      | 593920      |
| train/                  |             |
|    approx_kl            | 0.001823449 |
|    clip_fraction        | 0.00171     |
|    clip_range           | 0.2         |
|    entropy_loss         | -4.55       |
|    explained_variance   | 0.0636      |
|    learning_rate        | 0.0003      |
|    loss                 | 2.81e+04    |
|    n_updates            | 2890        |
|    policy_gradient_loss | -0.00123    |
|    value_loss           | 8.4e+04     |
-----------------------------------------
-----------------------------------------
| rollout/                |             |
|    ep_len_mean          | 100         |
|    ep_rew_mean          | 1.52e+03    |
| time/                   |             |
|    fps                  | 55          |
|    iterations           | 291         |
|    time_elapsed         | 10713       |
|    total_timesteps      | 595968      |
| train/                  |             |
|    approx_kl            | 0.002074734 |
|    clip_fraction        | 0.00234     |
|    clip_range           | 0.2         |
|    entropy_loss         | -4.54       |
|    explained_variance   | -0.00473    |
|    learning_rate        | 0.0003      |
|    loss                 | 2.24e+04    |
|    n_updates            | 2900        |
|    policy_gradient_loss | -0.000332   |
|    value_loss           | 6.09e+04    |
-----------------------------------------
2026-04-18 16:25:31,253 [INFO] DGRL-v7: [AdaptivePenalty] step=598,016 | viol_rate=0.042 (target=0.05) | λ_msd: -266.3 → -265.9
------------------------------------------
| rollout/                |              |
|    ep_len_mean          | 100          |
|    ep_rew_mean          | 1.61e+03     |
| time/                   |              |
|    fps                  | 55           |
|    iterations           | 292          |
|    time_elapsed         | 10746        |
|    total_timesteps      | 598016       |
| train/                  |              |
|    approx_kl            | 0.0017945179 |
|    clip_fraction        | 0.00156      |
|    clip_range           | 0.2          |
|    entropy_loss         | -4.55        |
|    explained_variance   | 0.0394       |
|    learning_rate        | 0.0003       |
|    loss                 | 3.3e+04      |
|    n_updates            | 2910         |
|    policy_gradient_loss | -0.00282     |
|    value_loss           | 7.31e+04     |
------------------------------------------
Eval num_timesteps=600000, episode_reward=-7497.31 +/- 1615.92
Episode length: 100.00 +/- 0.00
------------------------------------------
| eval/                   |              |
|    mean_ep_length       | 100          |
|    mean_reward          | -7.5e+03     |
| time/                   |              |
|    total_timesteps      | 600000       |
| train/                  |              |
|    approx_kl            | 0.0026143147 |
|    clip_fraction        | 0.00439      |
|    clip_range           | 0.2          |
|    entropy_loss         | -4.55        |
|    explained_variance   | -0.039       |
|    learning_rate        | 0.0003       |
|    loss                 | 2.59e+04     |
|    n_updates            | 2920         |
|    policy_gradient_loss | -0.00158     |
|    value_loss           | 8.22e+04     |
------------------------------------------
---------------------------------
| rollout/           |          |
|    ep_len_mean     | 100      |
|    ep_rew_mean     | 1.67e+03 |
| time/              |          |
|    fps             | 55       |
|    iterations      | 293      |
|    time_elapsed    | 10818    |
|    total_timesteps | 600064   |
---------------------------------
2026-04-18 16:27:13,745 [INFO] DGRL-v7: [AdaptivePenalty] step=602,112 | viol_rate=0.044 (target=0.05) | λ_msd: -265.9 → -265.6
------------------------------------------
| rollout/                |              |
|    ep_len_mean          | 100          |
|    ep_rew_mean          | 1.7e+03      |
| time/                   |              |
|    fps                  | 55           |
|    iterations           | 294          |
|    time_elapsed         | 10849        |
|    total_timesteps      | 602112       |
| train/                  |              |
|    approx_kl            | 0.0017234327 |
|    clip_fraction        | 0.00103      |
|    clip_range           | 0.2          |
|    entropy_loss         | -4.54        |
|    explained_variance   | 0.0194       |
|    learning_rate        | 0.0003       |
|    loss                 | 3.27e+04     |
|    n_updates            | 2930         |
|    policy_gradient_loss | -0.000502    |
|    value_loss           | 7.98e+04     |
------------------------------------------
-----------------------------------------
| rollout/                |             |
|    ep_len_mean          | 100         |
|    ep_rew_mean          | 1.65e+03    |
| time/                   |             |
|    fps                  | 55          |
|    iterations           | 295         |
|    time_elapsed         | 10882       |
|    total_timesteps      | 604160      |
| train/                  |             |
|    approx_kl            | 0.002101642 |
|    clip_fraction        | 0.00273     |
|    clip_range           | 0.2         |
|    entropy_loss         | -4.54       |
|    explained_variance   | 0.0978      |
|    learning_rate        | 0.0003      |
|    loss                 | 3.12e+04    |
|    n_updates            | 2940        |
|    policy_gradient_loss | -0.00107    |
|    value_loss           | 9.5e+04     |
-----------------------------------------
2026-04-18 16:28:20,543 [INFO] DGRL-v7: [AdaptivePenalty] step=606,208 | viol_rate=0.049 (target=0.05) | λ_msd: -265.6 → -265.5
------------------------------------------
| rollout/                |              |
|    ep_len_mean          | 100          |
|    ep_rew_mean          | 1.52e+03     |
| time/                   |              |
|    fps                  | 55           |
|    iterations           | 296          |
|    time_elapsed         | 10916        |
|    total_timesteps      | 606208       |
| train/                  |              |
|    approx_kl            | 0.0017510875 |
|    clip_fraction        | 0.00142      |
|    clip_range           | 0.2          |
|    entropy_loss         | -4.55        |
|    explained_variance   | -0.0244      |
|    learning_rate        | 0.0003       |
|    loss                 | 2.85e+04     |
|    n_updates            | 2950         |
|    policy_gradient_loss | 0.000858     |
|    value_loss           | 7.39e+04     |
------------------------------------------
------------------------------------------
| rollout/                |              |
|    ep_len_mean          | 100          |
|    ep_rew_mean          | 1.48e+03     |
| time/                   |              |
|    fps                  | 55           |
|    iterations           | 297          |
|    time_elapsed         | 10950        |
|    total_timesteps      | 608256       |
| train/                  |              |
|    approx_kl            | 0.0020326837 |
|    clip_fraction        | 0.00288      |
|    clip_range           | 0.2          |
|    entropy_loss         | -4.54        |
|    explained_variance   | -0.0544      |
|    learning_rate        | 0.0003       |
|    loss                 | 2.59e+04     |
|    n_updates            | 2960         |
|    policy_gradient_loss | -0.000578    |
|    value_loss           | 7.14e+04     |
------------------------------------------
2026-04-18 16:29:26,640 [INFO] DGRL-v7: [AdaptivePenalty] step=610,304 | viol_rate=0.043 (target=0.05) | λ_msd: -265.5 → -265.1
------------------------------------------
| rollout/                |              |
|    ep_len_mean          | 100          |
|    ep_rew_mean          | 1.43e+03     |
| time/                   |              |
|    fps                  | 55           |
|    iterations           | 298          |
|    time_elapsed         | 10982        |
|    total_timesteps      | 610304       |
| train/                  |              |
|    approx_kl            | 0.0017935024 |
|    clip_fraction        | 0.000537     |
|    clip_range           | 0.2          |
|    entropy_loss         | -4.55        |
|    explained_variance   | 0.0704       |
|    learning_rate        | 0.0003       |
|    loss                 | 3.04e+04     |
|    n_updates            | 2970         |
|    policy_gradient_loss | 0.000117     |
|    value_loss           | 7.37e+04     |
------------------------------------------
-----------------------------------------
| rollout/                |             |
|    ep_len_mean          | 100         |
|    ep_rew_mean          | 1.46e+03    |
| time/                   |             |
|    fps                  | 55          |
|    iterations           | 299         |
|    time_elapsed         | 11018       |
|    total_timesteps      | 612352      |
| train/                  |             |
|    approx_kl            | 0.001875681 |
|    clip_fraction        | 0.00205     |
|    clip_range           | 0.2         |
|    entropy_loss         | -4.55       |
|    explained_variance   | 0.0445      |
|    learning_rate        | 0.0003      |
|    loss                 | 2.64e+04    |
|    n_updates            | 2980        |
|    policy_gradient_loss | -8.27e-05   |
|    value_loss           | 6.89e+04    |
-----------------------------------------
2026-04-18 16:30:40,023 [INFO] DGRL-v7: [AdaptivePenalty] step=614,400 | viol_rate=0.049 (target=0.05) | λ_msd: -265.1 → -265.1
------------------------------------------
| rollout/                |              |
|    ep_len_mean          | 100          |
|    ep_rew_mean          | 1.47e+03     |
| time/                   |              |
|    fps                  | 55           |
|    iterations           | 300          |
|    time_elapsed         | 11055        |
|    total_timesteps      | 614400       |
| train/                  |              |
|    approx_kl            | 0.0024946288 |
|    clip_fraction        | 0.00366      |
|    clip_range           | 0.2          |
|    entropy_loss         | -4.55        |
|    explained_variance   | 0.0691       |
|    learning_rate        | 0.0003       |
|    loss                 | 2.55e+04     |
|    n_updates            | 2990         |
|    policy_gradient_loss | -0.00189     |
|    value_loss           | 7.07e+04     |
------------------------------------------
------------------------------------------
| rollout/                |              |
|    ep_len_mean          | 100          |
|    ep_rew_mean          | 1.48e+03     |
| time/                   |              |
|    fps                  | 55           |
|    iterations           | 301          |
|    time_elapsed         | 11084        |
|    total_timesteps      | 616448       |
| train/                  |              |
|    approx_kl            | 0.0017366156 |
|    clip_fraction        | 0.00083      |
|    clip_range           | 0.2          |
|    entropy_loss         | -4.55        |
|    explained_variance   | 0.0557       |
|    learning_rate        | 0.0003       |
|    loss                 | 3.85e+04     |
|    n_updates            | 3000         |
|    policy_gradient_loss | 0.000686     |
|    value_loss           | 8.45e+04     |
------------------------------------------
2026-04-18 16:31:43,172 [INFO] DGRL-v7: [AdaptivePenalty] step=618,496 | viol_rate=0.047 (target=0.05) | λ_msd: -265.1 → -264.9
------------------------------------------
| rollout/                |              |
|    ep_len_mean          | 100          |
|    ep_rew_mean          | 1.54e+03     |
| time/                   |              |
|    fps                  | 55           |
|    iterations           | 302          |
|    time_elapsed         | 11118        |
|    total_timesteps      | 618496       |
| train/                  |              |
|    approx_kl            | 0.0019343289 |
|    clip_fraction        | 0.00176      |
|    clip_range           | 0.2          |
|    entropy_loss         | -4.55        |
|    explained_variance   | 0.0839       |
|    learning_rate        | 0.0003       |
|    loss                 | 3.8e+04      |
|    n_updates            | 3010         |
|    policy_gradient_loss | -3.01e-05    |
|    value_loss           | 9.08e+04     |
------------------------------------------
-----------------------------------------
| rollout/                |             |
|    ep_len_mean          | 100         |
|    ep_rew_mean          | 1.6e+03     |
| time/                   |             |
|    fps                  | 55          |
|    iterations           | 303         |
|    time_elapsed         | 11152       |
|    total_timesteps      | 620544      |
| train/                  |             |
|    approx_kl            | 0.002378711 |
|    clip_fraction        | 0.00327     |
|    clip_range           | 0.2         |
|    entropy_loss         | -4.55       |
|    explained_variance   | 0.0541      |
|    learning_rate        | 0.0003      |
|    loss                 | 2.9e+04     |
|    n_updates            | 3020        |
|    policy_gradient_loss | 8.75e-05    |
|    value_loss           | 8.08e+04    |
-----------------------------------------
2026-04-18 16:32:51,616 [INFO] DGRL-v7: [AdaptivePenalty] step=622,592 | viol_rate=0.044 (target=0.05) | λ_msd: -264.9 → -264.6
-----------------------------------------
| rollout/                |             |
|    ep_len_mean          | 100         |
|    ep_rew_mean          | 1.58e+03    |
| time/                   |             |
|    fps                  | 55          |
|    iterations           | 304         |
|    time_elapsed         | 11187       |
|    total_timesteps      | 622592      |
| train/                  |             |
|    approx_kl            | 0.002005632 |
|    clip_fraction        | 0.00127     |
|    clip_range           | 0.2         |
|    entropy_loss         | -4.54       |
|    explained_variance   | 0.022       |
|    learning_rate        | 0.0003      |
|    loss                 | 3.55e+04    |
|    n_updates            | 3030        |
|    policy_gradient_loss | -0.001      |
|    value_loss           | 8.34e+04    |
-----------------------------------------
------------------------------------------
| rollout/                |              |
|    ep_len_mean          | 100          |
|    ep_rew_mean          | 1.49e+03     |
| time/                   |              |
|    fps                  | 55           |
|    iterations           | 305          |
|    time_elapsed         | 11222        |
|    total_timesteps      | 624640       |
| train/                  |              |
|    approx_kl            | 0.0022208272 |
|    clip_fraction        | 0.0022       |
|    clip_range           | 0.2          |
|    entropy_loss         | -4.54        |
|    explained_variance   | 0.0782       |
|    learning_rate        | 0.0003       |
|    loss                 | 2.89e+04     |
|    n_updates            | 3040         |
|    policy_gradient_loss | 0.000228     |
|    value_loss           | 7.64e+04     |
------------------------------------------
2026-04-18 16:34:01,611 [INFO] DGRL-v7: [AdaptivePenalty] step=626,688 | viol_rate=0.050 (target=0.05) | λ_msd: -264.6 → -264.6
------------------------------------------
| rollout/                |              |
|    ep_len_mean          | 100          |
|    ep_rew_mean          | 1.55e+03     |
| time/                   |              |
|    fps                  | 55           |
|    iterations           | 306          |
|    time_elapsed         | 11257        |
|    total_timesteps      | 626688       |
| train/                  |              |
|    approx_kl            | 0.0018469873 |
|    clip_fraction        | 0.00171      |
|    clip_range           | 0.2          |
|    entropy_loss         | -4.55        |
|    explained_variance   | 0.102        |
|    learning_rate        | 0.0003       |
|    loss                 | 2.56e+04     |
|    n_updates            | 3050         |
|    policy_gradient_loss | -0.00103     |
|    value_loss           | 7.8e+04      |
------------------------------------------
------------------------------------------
| rollout/                |              |
|    ep_len_mean          | 100          |
|    ep_rew_mean          | 1.52e+03     |
| time/                   |              |
|    fps                  | 55           |
|    iterations           | 307          |
|    time_elapsed         | 11292        |
|    total_timesteps      | 628736       |
| train/                  |              |
|    approx_kl            | 0.0016371544 |
|    clip_fraction        | 0.000781     |
|    clip_range           | 0.2          |
|    entropy_loss         | -4.55        |
|    explained_variance   | 0.15         |
|    learning_rate        | 0.0003       |
|    loss                 | 3.38e+04     |
|    n_updates            | 3060         |
|    policy_gradient_loss | 0.000282     |
|    value_loss           | 8.21e+04     |
------------------------------------------
2026-04-18 16:35:10,950 [INFO] DGRL-v7: [AdaptivePenalty] step=630,784 | viol_rate=0.040 (target=0.05) | λ_msd: -264.6 → -264.1
------------------------------------------
| rollout/                |              |
|    ep_len_mean          | 100          |
|    ep_rew_mean          | 1.48e+03     |
| time/                   |              |
|    fps                  | 55           |
|    iterations           | 308          |
|    time_elapsed         | 11326        |
|    total_timesteps      | 630784       |
| train/                  |              |
|    approx_kl            | 0.0019021207 |
|    clip_fraction        | 0.00181      |
|    clip_range           | 0.2          |
|    entropy_loss         | -4.55        |
|    explained_variance   | 0.0798       |
|    learning_rate        | 0.0003       |
|    loss                 | 2.37e+04     |
|    n_updates            | 3070         |
|    policy_gradient_loss | -0.00179     |
|    value_loss           | 7.39e+04     |
------------------------------------------
------------------------------------------
| rollout/                |              |
|    ep_len_mean          | 100          |
|    ep_rew_mean          | 1.42e+03     |
| time/                   |              |
|    fps                  | 55           |
|    iterations           | 309          |
|    time_elapsed         | 11360        |
|    total_timesteps      | 632832       |
| train/                  |              |
|    approx_kl            | 0.0020934395 |
|    clip_fraction        | 0.00215      |
|    clip_range           | 0.2          |
|    entropy_loss         | -4.55        |
|    explained_variance   | -0.167       |
|    learning_rate        | 0.0003       |
|    loss                 | 3.04e+04     |
|    n_updates            | 3080         |
|    policy_gradient_loss | -0.000437    |
|    value_loss           | 7.75e+04     |
------------------------------------------
2026-04-18 16:36:18,337 [INFO] DGRL-v7: [AdaptivePenalty] step=634,880 | viol_rate=0.044 (target=0.05) | λ_msd: -264.1 → -263.8
------------------------------------------
| rollout/                |              |
|    ep_len_mean          | 100          |
|    ep_rew_mean          | 1.54e+03     |
| time/                   |              |
|    fps                  | 55           |
|    iterations           | 310          |
|    time_elapsed         | 11394        |
|    total_timesteps      | 634880       |
| train/                  |              |
|    approx_kl            | 0.0021635608 |
|    clip_fraction        | 0.00278      |
|    clip_range           | 0.2          |
|    entropy_loss         | -4.55        |
|    explained_variance   | -0.00583     |
|    learning_rate        | 0.0003       |
|    loss                 | 3.31e+04     |
|    n_updates            | 3090         |
|    policy_gradient_loss | -0.00143     |
|    value_loss           | 9.13e+04     |
------------------------------------------
------------------------------------------
| rollout/                |              |
|    ep_len_mean          | 100          |
|    ep_rew_mean          | 1.54e+03     |
| time/                   |              |
|    fps                  | 55           |
|    iterations           | 311          |
|    time_elapsed         | 11428        |
|    total_timesteps      | 636928       |
| train/                  |              |
|    approx_kl            | 0.0020587018 |
|    clip_fraction        | 0.00229      |
|    clip_range           | 0.2          |
|    entropy_loss         | -4.55        |
|    explained_variance   | 0.0222       |
|    learning_rate        | 0.0003       |
|    loss                 | 2.97e+04     |
|    n_updates            | 3100         |
|    policy_gradient_loss | -0.000319    |
|    value_loss           | 8.29e+04     |
------------------------------------------
2026-04-18 16:37:27,491 [INFO] DGRL-v7: [AdaptivePenalty] step=638,976 | viol_rate=0.047 (target=0.05) | λ_msd: -263.8 → -263.7
------------------------------------------
| rollout/                |              |
|    ep_len_mean          | 100          |
|    ep_rew_mean          | 1.54e+03     |
| time/                   |              |
|    fps                  | 55           |
|    iterations           | 312          |
|    time_elapsed         | 11463        |
|    total_timesteps      | 638976       |
| train/                  |              |
|    approx_kl            | 0.0021105348 |
|    clip_fraction        | 0.00186      |
|    clip_range           | 0.2          |
|    entropy_loss         | -4.55        |
|    explained_variance   | -0.137       |
|    learning_rate        | 0.0003       |
|    loss                 | 2.58e+04     |
|    n_updates            | 3110         |
|    policy_gradient_loss | 0.000601     |
|    value_loss           | 7.08e+04     |
------------------------------------------
-----------------------------------------
| rollout/                |             |
|    ep_len_mean          | 100         |
|    ep_rew_mean          | 1.5e+03     |
| time/                   |             |
|    fps                  | 55          |
|    iterations           | 313         |
|    time_elapsed         | 11489       |
|    total_timesteps      | 641024      |
| train/                  |             |
|    approx_kl            | 0.001776247 |
|    clip_fraction        | 0.00107     |
|    clip_range           | 0.2         |
|    entropy_loss         | -4.55       |
|    explained_variance   | 0.0572      |
|    learning_rate        | 0.0003      |
|    loss                 | 3.16e+04    |
|    n_updates            | 3120        |
|    policy_gradient_loss | -0.000414   |
|    value_loss           | 7.52e+04    |
-----------------------------------------
2026-04-18 16:38:30,578 [INFO] DGRL-v7: [AdaptivePenalty] step=643,072 | viol_rate=0.043 (target=0.05) | λ_msd: -263.7 → -263.3
------------------------------------------
| rollout/                |              |
|    ep_len_mean          | 100          |
|    ep_rew_mean          | 1.62e+03     |
| time/                   |              |
|    fps                  | 55           |
|    iterations           | 314          |
|    time_elapsed         | 11526        |
|    total_timesteps      | 643072       |
| train/                  |              |
|    approx_kl            | 0.0016824828 |
|    clip_fraction        | 0.00142      |
|    clip_range           | 0.2          |
|    entropy_loss         | -4.56        |
|    explained_variance   | 0.0275       |
|    learning_rate        | 0.0003       |
|    loss                 | 3.49e+04     |
|    n_updates            | 3130         |
|    policy_gradient_loss | 0.000472     |
|    value_loss           | 8.58e+04     |
------------------------------------------
------------------------------------------
| rollout/                |              |
|    ep_len_mean          | 100          |
|    ep_rew_mean          | 1.61e+03     |
| time/                   |              |
|    fps                  | 55           |
|    iterations           | 315          |
|    time_elapsed         | 11561        |
|    total_timesteps      | 645120       |
| train/                  |              |
|    approx_kl            | 0.0016883935 |
|    clip_fraction        | 0.000635     |
|    clip_range           | 0.2          |
|    entropy_loss         | -4.55        |
|    explained_variance   | 0.0653       |
|    learning_rate        | 0.0003       |
|    loss                 | 2.78e+04     |
|    n_updates            | 3140         |
|    policy_gradient_loss | -0.00198     |
|    value_loss           | 7.78e+04     |
------------------------------------------
2026-04-18 16:39:41,994 [INFO] DGRL-v7: [AdaptivePenalty] step=647,168 | viol_rate=0.046 (target=0.05) | λ_msd: -263.3 → -263.1
------------------------------------------
| rollout/                |              |
|    ep_len_mean          | 100          |
|    ep_rew_mean          | 1.62e+03     |
| time/                   |              |
|    fps                  | 55           |
|    iterations           | 316          |
|    time_elapsed         | 11597        |
|    total_timesteps      | 647168       |
| train/                  |              |
|    approx_kl            | 0.0016232316 |
|    clip_fraction        | 0.000977     |
|    clip_range           | 0.2          |
|    entropy_loss         | -4.55        |
|    explained_variance   | 0.0484       |
|    learning_rate        | 0.0003       |
|    loss                 | 2.88e+04     |
|    n_updates            | 3150         |
|    policy_gradient_loss | -9.99e-05    |
|    value_loss           | 7.86e+04     |
------------------------------------------
------------------------------------------
| rollout/                |              |
|    ep_len_mean          | 100          |
|    ep_rew_mean          | 1.67e+03     |
| time/                   |              |
|    fps                  | 55           |
|    iterations           | 317          |
|    time_elapsed         | 11631        |
|    total_timesteps      | 649216       |
| train/                  |              |
|    approx_kl            | 0.0021325778 |
|    clip_fraction        | 0.00205      |
|    clip_range           | 0.2          |
|    entropy_loss         | -4.55        |
|    explained_variance   | 0.108        |
|    learning_rate        | 0.0003       |
|    loss                 | 2.3e+04      |
|    n_updates            | 3160         |
|    policy_gradient_loss | -0.00157     |
|    value_loss           | 6.75e+04     |
------------------------------------------
Eval num_timesteps=650000, episode_reward=-9690.74 +/- 6361.08
Episode length: 100.00 +/- 0.00
------------------------------------------
| eval/                   |              |
|    mean_ep_length       | 100          |
|    mean_reward          | -9.69e+03    |
| time/                   |              |
|    total_timesteps      | 650000       |
| train/                  |              |
|    approx_kl            | 0.0016072146 |
|    clip_fraction        | 0.00122      |
|    clip_range           | 0.2          |
|    entropy_loss         | -4.55        |
|    explained_variance   | 0.0464       |
|    learning_rate        | 0.0003       |
|    loss                 | 3.12e+04     |
|    n_updates            | 3170         |
|    policy_gradient_loss | 2.71e-06     |
|    value_loss           | 7.9e+04      |
------------------------------------------
2026-04-18 16:41:37,075 [INFO] DGRL-v7: [AdaptivePenalty] step=651,264 | viol_rate=0.042 (target=0.05) | λ_msd: -263.1 → -262.7
---------------------------------
| rollout/           |          |
|    ep_len_mean     | 100      |
|    ep_rew_mean     | 1.67e+03 |
| time/              |          |
|    fps             | 55       |
|    iterations      | 318      |
|    time_elapsed    | 11712    |
|    total_timesteps | 651264   |
---------------------------------
------------------------------------------
| rollout/                |              |
|    ep_len_mean          | 100          |
|    ep_rew_mean          | 1.51e+03     |
| time/                   |              |
|    fps                  | 55           |
|    iterations           | 319          |
|    time_elapsed         | 11747        |
|    total_timesteps      | 653312       |
| train/                  |              |
|    approx_kl            | 0.0018882833 |
|    clip_fraction        | 0.00205      |
|    clip_range           | 0.2          |
|    entropy_loss         | -4.55        |
|    explained_variance   | 0.12         |
|    learning_rate        | 0.0003       |
|    loss                 | 3.99e+04     |
|    n_updates            | 3180         |
|    policy_gradient_loss | -0.00117     |
|    value_loss           | 9.7e+04      |
------------------------------------------
2026-04-18 16:42:46,080 [INFO] DGRL-v7: [AdaptivePenalty] step=655,360 | viol_rate=0.053 (target=0.05) | λ_msd: -262.7 → -262.8
-----------------------------------------
| rollout/                |             |
|    ep_len_mean          | 100         |
|    ep_rew_mean          | 1.44e+03    |
| time/                   |             |
|    fps                  | 55          |
|    iterations           | 320         |
|    time_elapsed         | 11781       |
|    total_timesteps      | 655360      |
| train/                  |             |
|    approx_kl            | 0.002396537 |
|    clip_fraction        | 0.00327     |
|    clip_range           | 0.2         |
|    entropy_loss         | -4.55       |
|    explained_variance   | 0.0672      |
|    learning_rate        | 0.0003      |
|    loss                 | 2.6e+04     |
|    n_updates            | 3190        |
|    policy_gradient_loss | -3.63e-05   |
|    value_loss           | 7.83e+04    |
-----------------------------------------
------------------------------------------
| rollout/                |              |
|    ep_len_mean          | 100          |
|    ep_rew_mean          | 1.45e+03     |
| time/                   |              |
|    fps                  | 55           |
|    iterations           | 321          |
|    time_elapsed         | 11816        |
|    total_timesteps      | 657408       |
| train/                  |              |
|    approx_kl            | 0.0015208828 |
|    clip_fraction        | 0.00103      |
|    clip_range           | 0.2          |
|    entropy_loss         | -4.55        |
|    explained_variance   | 0.0139       |
|    learning_rate        | 0.0003       |
|    loss                 | 2.8e+04      |
|    n_updates            | 3200         |
|    policy_gradient_loss | -0.000491    |
|    value_loss           | 7.94e+04     |
------------------------------------------
2026-04-18 16:43:56,587 [INFO] DGRL-v7: [AdaptivePenalty] step=659,456 | viol_rate=0.046 (target=0.05) | λ_msd: -262.8 → -262.6
------------------------------------------
| rollout/                |              |
|    ep_len_mean          | 100          |
|    ep_rew_mean          | 1.4e+03      |
| time/                   |              |
|    fps                  | 55           |
|    iterations           | 322          |
|    time_elapsed         | 11852        |
|    total_timesteps      | 659456       |
| train/                  |              |
|    approx_kl            | 0.0015692157 |
|    clip_fraction        | 0.00083      |
|    clip_range           | 0.2          |
|    entropy_loss         | -4.55        |
|    explained_variance   | 0.0857       |
|    learning_rate        | 0.0003       |
|    loss                 | 2.16e+04     |
|    n_updates            | 3210         |
|    policy_gradient_loss | 0.000147     |
|    value_loss           | 6.67e+04     |
------------------------------------------
------------------------------------------
| rollout/                |              |
|    ep_len_mean          | 100          |
|    ep_rew_mean          | 1.4e+03      |
| time/                   |              |
|    fps                  | 55           |
|    iterations           | 323          |
|    time_elapsed         | 11884        |
|    total_timesteps      | 661504       |
| train/                  |              |
|    approx_kl            | 0.0015963323 |
|    clip_fraction        | 0.000977     |
|    clip_range           | 0.2          |
|    entropy_loss         | -4.55        |
|    explained_variance   | 0.0527       |
|    learning_rate        | 0.0003       |
|    loss                 | 2.6e+04      |
|    n_updates            | 3220         |
|    policy_gradient_loss | -0.000228    |
|    value_loss           | 7.37e+04     |
------------------------------------------
2026-04-18 16:45:02,352 [INFO] DGRL-v7: [AdaptivePenalty] step=663,552 | viol_rate=0.045 (target=0.05) | λ_msd: -262.6 → -262.4
------------------------------------------
| rollout/                |              |
|    ep_len_mean          | 100          |
|    ep_rew_mean          | 1.42e+03     |
| time/                   |              |
|    fps                  | 55           |
|    iterations           | 324          |
|    time_elapsed         | 11918        |
|    total_timesteps      | 663552       |
| train/                  |              |
|    approx_kl            | 0.0016369144 |
|    clip_fraction        | 0.000586     |
|    clip_range           | 0.2          |
|    entropy_loss         | -4.55        |
|    explained_variance   | 0.057        |
|    learning_rate        | 0.0003       |
|    loss                 | 2.72e+04     |
|    n_updates            | 3230         |
|    policy_gradient_loss | -0.00121     |
|    value_loss           | 7.82e+04     |
------------------------------------------
------------------------------------------
| rollout/                |              |
|    ep_len_mean          | 100          |
|    ep_rew_mean          | 1.44e+03     |
| time/                   |              |
|    fps                  | 55           |
|    iterations           | 325          |
|    time_elapsed         | 11948        |
|    total_timesteps      | 665600       |
| train/                  |              |
|    approx_kl            | 0.0023241886 |
|    clip_fraction        | 0.00215      |
|    clip_range           | 0.2          |
|    entropy_loss         | -4.54        |
|    explained_variance   | 0.0787       |
|    learning_rate        | 0.0003       |
|    loss                 | 2.34e+04     |
|    n_updates            | 3240         |
|    policy_gradient_loss | -0.00173     |
|    value_loss           | 6.83e+04     |
------------------------------------------
2026-04-18 16:46:06,954 [INFO] DGRL-v7: [AdaptivePenalty] step=667,648 | viol_rate=0.043 (target=0.05) | λ_msd: -262.4 → -262.1
------------------------------------------
| rollout/                |              |
|    ep_len_mean          | 100          |
|    ep_rew_mean          | 1.47e+03     |
| time/                   |              |
|    fps                  | 55           |
|    iterations           | 326          |
|    time_elapsed         | 11982        |
|    total_timesteps      | 667648       |
| train/                  |              |
|    approx_kl            | 0.0018865925 |
|    clip_fraction        | 0.0022       |
|    clip_range           | 0.2          |
|    entropy_loss         | -4.55        |
|    explained_variance   | 0.106        |
|    learning_rate        | 0.0003       |
|    loss                 | 2.71e+04     |
|    n_updates            | 3250         |
|    policy_gradient_loss | -0.00204     |
|    value_loss           | 7.86e+04     |
------------------------------------------
------------------------------------------
| rollout/                |              |
|    ep_len_mean          | 100          |
|    ep_rew_mean          | 1.49e+03     |
| time/                   |              |
|    fps                  | 55           |
|    iterations           | 327          |
|    time_elapsed         | 12018        |
|    total_timesteps      | 669696       |
| train/                  |              |
|    approx_kl            | 0.0020006883 |
|    clip_fraction        | 0.00176      |
|    clip_range           | 0.2          |
|    entropy_loss         | -4.55        |
|    explained_variance   | 0.0886       |
|    learning_rate        | 0.0003       |
|    loss                 | 3.31e+04     |
|    n_updates            | 3260         |
|    policy_gradient_loss | 0.00163      |
|    value_loss           | 8.12e+04     |
------------------------------------------
2026-04-18 16:47:12,593 [INFO] DGRL-v7: [AdaptivePenalty] step=671,744 | viol_rate=0.044 (target=0.05) | λ_msd: -262.1 → -261.7
------------------------------------------
| rollout/                |              |
|    ep_len_mean          | 100          |
|    ep_rew_mean          | 1.55e+03     |
| time/                   |              |
|    fps                  | 55           |
|    iterations           | 328          |
|    time_elapsed         | 12048        |
|    total_timesteps      | 671744       |
| train/                  |              |
|    approx_kl            | 0.0015231175 |
|    clip_fraction        | 0.00142      |
|    clip_range           | 0.2          |
|    entropy_loss         | -4.54        |
|    explained_variance   | 0.111        |
|    learning_rate        | 0.0003       |
|    loss                 | 2.86e+04     |
|    n_updates            | 3270         |
|    policy_gradient_loss | 0.00106      |
|    value_loss           | 7.56e+04     |
------------------------------------------
------------------------------------------
| rollout/                |              |
|    ep_len_mean          | 100          |
|    ep_rew_mean          | 1.54e+03     |
| time/                   |              |
|    fps                  | 55           |
|    iterations           | 329          |
|    time_elapsed         | 12080        |
|    total_timesteps      | 673792       |
| train/                  |              |
|    approx_kl            | 0.0020716987 |
|    clip_fraction        | 0.00229      |
|    clip_range           | 0.2          |
|    entropy_loss         | -4.54        |
|    explained_variance   | 0.0477       |
|    learning_rate        | 0.0003       |
|    loss                 | 2.75e+04     |
|    n_updates            | 3280         |
|    policy_gradient_loss | -0.000195    |
|    value_loss           | 6.37e+04     |
------------------------------------------
2026-04-18 16:48:18,809 [INFO] DGRL-v7: [AdaptivePenalty] step=675,840 | viol_rate=0.044 (target=0.05) | λ_msd: -261.7 → -261.5
-----------------------------------------
| rollout/                |             |
|    ep_len_mean          | 100         |
|    ep_rew_mean          | 1.62e+03    |
| time/                   |             |
|    fps                  | 55          |
|    iterations           | 330         |
|    time_elapsed         | 12114       |
|    total_timesteps      | 675840      |
| train/                  |             |
|    approx_kl            | 0.001815879 |
|    clip_fraction        | 0.000586    |
|    clip_range           | 0.2         |
|    entropy_loss         | -4.54       |
|    explained_variance   | 0.00871     |
|    learning_rate        | 0.0003      |
|    loss                 | 2.69e+04    |
|    n_updates            | 3290        |
|    policy_gradient_loss | -0.000559   |
|    value_loss           | 9.17e+04    |
-----------------------------------------
------------------------------------------
| rollout/                |              |
|    ep_len_mean          | 100          |
|    ep_rew_mean          | 1.62e+03     |
| time/                   |              |
|    fps                  | 55           |
|    iterations           | 331          |
|    time_elapsed         | 12149        |
|    total_timesteps      | 677888       |
| train/                  |              |
|    approx_kl            | 0.0019139685 |
|    clip_fraction        | 0.000781     |
|    clip_range           | 0.2          |
|    entropy_loss         | -4.54        |
|    explained_variance   | 0.0303       |
|    learning_rate        | 0.0003       |
|    loss                 | 3.12e+04     |
|    n_updates            | 3300         |
|    policy_gradient_loss | 0.000259     |
|    value_loss           | 7.86e+04     |
------------------------------------------
2026-04-18 16:49:24,053 [INFO] DGRL-v7: [AdaptivePenalty] step=679,936 | viol_rate=0.041 (target=0.05) | λ_msd: -261.5 → -261.0
------------------------------------------
| rollout/                |              |
|    ep_len_mean          | 100          |
|    ep_rew_mean          | 1.57e+03     |
| time/                   |              |
|    fps                  | 55           |
|    iterations           | 332          |
|    time_elapsed         | 12179        |
|    total_timesteps      | 679936       |
| train/                  |              |
|    approx_kl            | 0.0016988193 |
|    clip_fraction        | 0.00161      |
|    clip_range           | 0.2          |
|    entropy_loss         | -4.54        |
|    explained_variance   | 0.00125      |
|    learning_rate        | 0.0003       |
|    loss                 | 2.94e+04     |
|    n_updates            | 3310         |
|    policy_gradient_loss | -0.00157     |
|    value_loss           | 7.06e+04     |
------------------------------------------
------------------------------------------
| rollout/                |              |
|    ep_len_mean          | 100          |
|    ep_rew_mean          | 1.56e+03     |
| time/                   |              |
|    fps                  | 55           |
|    iterations           | 333          |
|    time_elapsed         | 12213        |
|    total_timesteps      | 681984       |
| train/                  |              |
|    approx_kl            | 0.0015505118 |
|    clip_fraction        | 0.000391     |
|    clip_range           | 0.2          |
|    entropy_loss         | -4.54        |
|    explained_variance   | 0.104        |
|    learning_rate        | 0.0003       |
|    loss                 | 2.7e+04      |
|    n_updates            | 3320         |
|    policy_gradient_loss | -0.000553    |
|    value_loss           | 8.05e+04     |
------------------------------------------
2026-04-18 16:50:31,549 [INFO] DGRL-v7: [AdaptivePenalty] step=684,032 | viol_rate=0.045 (target=0.05) | λ_msd: -261.0 → -260.8
-----------------------------------------
| rollout/                |             |
|    ep_len_mean          | 100         |
|    ep_rew_mean          | 1.58e+03    |
| time/                   |             |
|    fps                  | 55          |
|    iterations           | 334         |
|    time_elapsed         | 12247       |
|    total_timesteps      | 684032      |
| train/                  |             |
|    approx_kl            | 0.002256514 |
|    clip_fraction        | 0.00288     |
|    clip_range           | 0.2         |
|    entropy_loss         | -4.54       |
|    explained_variance   | -0.225      |
|    learning_rate        | 0.0003      |
|    loss                 | 2.18e+04    |
|    n_updates            | 3330        |
|    policy_gradient_loss | -0.00129    |
|    value_loss           | 6.52e+04    |
-----------------------------------------
------------------------------------------
| rollout/                |              |
|    ep_len_mean          | 100          |
|    ep_rew_mean          | 1.6e+03      |
| time/                   |              |
|    fps                  | 55           |
|    iterations           | 335          |
|    time_elapsed         | 12284        |
|    total_timesteps      | 686080       |
| train/                  |              |
|    approx_kl            | 0.0018157052 |
|    clip_fraction        | 0.00166      |
|    clip_range           | 0.2          |
|    entropy_loss         | -4.54        |
|    explained_variance   | -0.0231      |
|    learning_rate        | 0.0003       |
|    loss                 | 2.73e+04     |
|    n_updates            | 3340         |
|    policy_gradient_loss | -0.000479    |
|    value_loss           | 7.75e+04     |
------------------------------------------
2026-04-18 16:51:45,137 [INFO] DGRL-v7: [AdaptivePenalty] step=688,128 | viol_rate=0.043 (target=0.05) | λ_msd: -260.8 → -260.4
------------------------------------------
| rollout/                |              |
|    ep_len_mean          | 100          |
|    ep_rew_mean          | 1.5e+03      |
| time/                   |              |
|    fps                  | 55           |
|    iterations           | 336          |
|    time_elapsed         | 12320        |
|    total_timesteps      | 688128       |
| train/                  |              |
|    approx_kl            | 0.0015944106 |
|    clip_fraction        | 0.000439     |
|    clip_range           | 0.2          |
|    entropy_loss         | -4.54        |
|    explained_variance   | 0.00885      |
|    learning_rate        | 0.0003       |
|    loss                 | 2.69e+04     |
|    n_updates            | 3350         |
|    policy_gradient_loss | -0.000922    |
|    value_loss           | 8.13e+04     |
------------------------------------------
------------------------------------------
| rollout/                |              |
|    ep_len_mean          | 100          |
|    ep_rew_mean          | 1.49e+03     |
| time/                   |              |
|    fps                  | 55           |
|    iterations           | 337          |
|    time_elapsed         | 12353        |
|    total_timesteps      | 690176       |
| train/                  |              |
|    approx_kl            | 0.0019420492 |
|    clip_fraction        | 0.00146      |
|    clip_range           | 0.2          |
|    entropy_loss         | -4.54        |
|    explained_variance   | 0.147        |
|    learning_rate        | 0.0003       |
|    loss                 | 2.51e+04     |
|    n_updates            | 3360         |
|    policy_gradient_loss | -0.000876    |
|    value_loss           | 7.52e+04     |
------------------------------------------
2026-04-18 16:52:51,828 [INFO] DGRL-v7: [AdaptivePenalty] step=692,224 | viol_rate=0.048 (target=0.05) | λ_msd: -260.4 → -260.3
------------------------------------------
| rollout/                |              |
|    ep_len_mean          | 100          |
|    ep_rew_mean          | 1.44e+03     |
| time/                   |              |
|    fps                  | 55           |
|    iterations           | 338          |
|    time_elapsed         | 12387        |
|    total_timesteps      | 692224       |
| train/                  |              |
|    approx_kl            | 0.0015868337 |
|    clip_fraction        | 0.000684     |
|    clip_range           | 0.2          |
|    entropy_loss         | -4.54        |
|    explained_variance   | 0.0259       |
|    learning_rate        | 0.0003       |
|    loss                 | 2.27e+04     |
|    n_updates            | 3370         |
|    policy_gradient_loss | 0.000633     |
|    value_loss           | 7.21e+04     |
------------------------------------------
------------------------------------------
| rollout/                |              |
|    ep_len_mean          | 100          |
|    ep_rew_mean          | 1.47e+03     |
| time/                   |              |
|    fps                  | 55           |
|    iterations           | 339          |
|    time_elapsed         | 12415        |
|    total_timesteps      | 694272       |
| train/                  |              |
|    approx_kl            | 0.0016626049 |
|    clip_fraction        | 0.00146      |
|    clip_range           | 0.2          |
|    entropy_loss         | -4.54        |
|    explained_variance   | 0.0657       |
|    learning_rate        | 0.0003       |
|    loss                 | 2.99e+04     |
|    n_updates            | 3380         |
|    policy_gradient_loss | -0.00108     |
|    value_loss           | 8.77e+04     |
------------------------------------------
2026-04-18 16:53:54,901 [INFO] DGRL-v7: [AdaptivePenalty] step=696,320 | viol_rate=0.044 (target=0.05) | λ_msd: -260.3 → -260.0
------------------------------------------
| rollout/                |              |
|    ep_len_mean          | 100          |
|    ep_rew_mean          | 1.4e+03      |
| time/                   |              |
|    fps                  | 55           |
|    iterations           | 340          |
|    time_elapsed         | 12450        |
|    total_timesteps      | 696320       |
| train/                  |              |
|    approx_kl            | 0.0013203374 |
|    clip_fraction        | 0.000391     |
|    clip_range           | 0.2          |
|    entropy_loss         | -4.54        |
|    explained_variance   | 0.0441       |
|    learning_rate        | 0.0003       |
|    loss                 | 2.11e+04     |
|    n_updates            | 3390         |
|    policy_gradient_loss | -0.00155     |
|    value_loss           | 6.95e+04     |
------------------------------------------
------------------------------------------
| rollout/                |              |
|    ep_len_mean          | 100          |
|    ep_rew_mean          | 1.41e+03     |
| time/                   |              |
|    fps                  | 55           |
|    iterations           | 341          |
|    time_elapsed         | 12486        |
|    total_timesteps      | 698368       |
| train/                  |              |
|    approx_kl            | 0.0018499093 |
|    clip_fraction        | 0.00166      |
|    clip_range           | 0.2          |
|    entropy_loss         | -4.54        |
|    explained_variance   | 0.0541       |
|    learning_rate        | 0.0003       |
|    loss                 | 2.48e+04     |
|    n_updates            | 3400         |
|    policy_gradient_loss | -0.000985    |
|    value_loss           | 7.25e+04     |
------------------------------------------
Eval num_timesteps=700000, episode_reward=-13979.13 +/- 2810.66
Episode length: 100.00 +/- 0.00
------------------------------------------
| eval/                   |              |
|    mean_ep_length       | 100          |
|    mean_reward          | -1.4e+04     |
| time/                   |              |
|    total_timesteps      | 700000       |
| train/                  |              |
|    approx_kl            | 0.0017662667 |
|    clip_fraction        | 0.000879     |
|    clip_range           | 0.2          |
|    entropy_loss         | -4.54        |
|    explained_variance   | -0.00549     |
|    learning_rate        | 0.0003       |
|    loss                 | 2.18e+04     |
|    n_updates            | 3410         |
|    policy_gradient_loss | -0.00116     |
|    value_loss           | 7.01e+04     |
------------------------------------------
2026-04-18 16:55:29,972 [INFO] DGRL-v7: [AdaptivePenalty] step=700,416 | viol_rate=0.045 (target=0.05) | λ_msd: -260.0 → -259.7
---------------------------------
| rollout/           |          |
|    ep_len_mean     | 100      |
|    ep_rew_mean     | 1.49e+03 |
| time/              |          |
|    fps             | 55       |
|    iterations      | 342      |
|    time_elapsed    | 12545    |
|    total_timesteps | 700416   |
---------------------------------
------------------------------------------
| rollout/                |              |
|    ep_len_mean          | 100          |
|    ep_rew_mean          | 1.43e+03     |
| time/                   |              |
|    fps                  | 55           |
|    iterations           | 343          |
|    time_elapsed         | 12580        |
|    total_timesteps      | 702464       |
| train/                  |              |
|    approx_kl            | 0.0013128599 |
|    clip_fraction        | 9.77e-05     |
|    clip_range           | 0.2          |
|    entropy_loss         | -4.54        |
|    explained_variance   | 0.103        |
|    learning_rate        | 0.0003       |
|    loss                 | 2.45e+04     |
|    n_updates            | 3420         |
|    policy_gradient_loss | 0.0012       |
|    value_loss           | 6.66e+04     |
------------------------------------------
2026-04-18 16:56:34,309 [INFO] DGRL-v7: [AdaptivePenalty] step=704,512 | viol_rate=0.043 (target=0.05) | λ_msd: -259.7 → -259.4
------------------------------------------
| rollout/                |              |
|    ep_len_mean          | 100          |
|    ep_rew_mean          | 1.45e+03     |
| time/                   |              |
|    fps                  | 55           |
|    iterations           | 344          |
|    time_elapsed         | 12609        |
|    total_timesteps      | 704512       |
| train/                  |              |
|    approx_kl            | 0.0015480432 |
|    clip_fraction        | 0.000537     |
|    clip_range           | 0.2          |
|    entropy_loss         | -4.54        |
|    explained_variance   | 0.147        |
|    learning_rate        | 0.0003       |
|    loss                 | 2.69e+04     |
|    n_updates            | 3430         |
|    policy_gradient_loss | -0.000756    |
|    value_loss           | 8.04e+04     |
------------------------------------------
------------------------------------------
| rollout/                |              |
|    ep_len_mean          | 100          |
|    ep_rew_mean          | 1.44e+03     |
| time/                   |              |
|    fps                  | 55           |
|    iterations           | 345          |
|    time_elapsed         | 12642        |
|    total_timesteps      | 706560       |
| train/                  |              |
|    approx_kl            | 0.0015620743 |
|    clip_fraction        | 0.00151      |
|    clip_range           | 0.2          |
|    entropy_loss         | -4.54        |
|    explained_variance   | -0.0507      |
|    learning_rate        | 0.0003       |
|    loss                 | 3.19e+04     |
|    n_updates            | 3440         |
|    policy_gradient_loss | 0.00128      |
|    value_loss           | 8.03e+04     |
------------------------------------------
2026-04-18 16:57:40,555 [INFO] DGRL-v7: [AdaptivePenalty] step=708,608 | viol_rate=0.044 (target=0.05) | λ_msd: -259.4 → -259.1
------------------------------------------
| rollout/                |              |
|    ep_len_mean          | 100          |
|    ep_rew_mean          | 1.56e+03     |
| time/                   |              |
|    fps                  | 55           |
|    iterations           | 346          |
|    time_elapsed         | 12676        |
|    total_timesteps      | 708608       |
| train/                  |              |
|    approx_kl            | 0.0019042641 |
|    clip_fraction        | 0.00269      |
|    clip_range           | 0.2          |
|    entropy_loss         | -4.54        |
|    explained_variance   | 0.00917      |
|    learning_rate        | 0.0003       |
|    loss                 | 2.45e+04     |
|    n_updates            | 3450         |
|    policy_gradient_loss | 0.000521     |
|    value_loss           | 7.13e+04     |
------------------------------------------
-----------------------------------------
| rollout/                |             |
|    ep_len_mean          | 100         |
|    ep_rew_mean          | 1.59e+03    |
| time/                   |             |
|    fps                  | 55          |
|    iterations           | 347         |
|    time_elapsed         | 12710       |
|    total_timesteps      | 710656      |
| train/                  |             |
|    approx_kl            | 0.001092798 |
|    clip_fraction        | 0           |
|    clip_range           | 0.2         |
|    entropy_loss         | -4.54       |
|    explained_variance   | 0.117       |
|    learning_rate        | 0.0003      |
|    loss                 | 2.15e+04    |
|    n_updates            | 3460        |
|    policy_gradient_loss | -0.000612   |
|    value_loss           | 6.92e+04    |
-----------------------------------------
2026-04-18 16:58:50,308 [INFO] DGRL-v7: [AdaptivePenalty] step=712,704 | viol_rate=0.044 (target=0.05) | λ_msd: -259.1 → -258.8
------------------------------------------
| rollout/                |              |
|    ep_len_mean          | 100          |
|    ep_rew_mean          | 1.59e+03     |
| time/                   |              |
|    fps                  | 55           |
|    iterations           | 348          |
|    time_elapsed         | 12745        |
|    total_timesteps      | 712704       |
| train/                  |              |
|    approx_kl            | 0.0018989358 |
|    clip_fraction        | 0.00142      |
|    clip_range           | 0.2          |
|    entropy_loss         | -4.53        |
|    explained_variance   | 0.0163       |
|    learning_rate        | 0.0003       |
|    loss                 | 2.19e+04     |
|    n_updates            | 3470         |
|    policy_gradient_loss | -0.00143     |
|    value_loss           | 7.42e+04     |
------------------------------------------
------------------------------------------
| rollout/                |              |
|    ep_len_mean          | 100          |
|    ep_rew_mean          | 1.61e+03     |
| time/                   |              |
|    fps                  | 55           |
|    iterations           | 349          |
|    time_elapsed         | 12780        |
|    total_timesteps      | 714752       |
| train/                  |              |
|    approx_kl            | 0.0016615794 |
|    clip_fraction        | 0.00107      |
|    clip_range           | 0.2          |
|    entropy_loss         | -4.53        |
|    explained_variance   | 0.0615       |
|    learning_rate        | 0.0003       |
|    loss                 | 2.77e+04     |
|    n_updates            | 3480         |
|    policy_gradient_loss | -0.00099     |
|    value_loss           | 8.03e+04     |
------------------------------------------
2026-04-18 16:59:58,142 [INFO] DGRL-v7: [AdaptivePenalty] step=716,800 | viol_rate=0.041 (target=0.05) | λ_msd: -258.8 → -258.4
------------------------------------------
| rollout/                |              |
|    ep_len_mean          | 100          |
|    ep_rew_mean          | 1.61e+03     |
| time/                   |              |
|    fps                  | 55           |
|    iterations           | 350          |
|    time_elapsed         | 12813        |
|    total_timesteps      | 716800       |
| train/                  |              |
|    approx_kl            | 0.0015457377 |
|    clip_fraction        | 0.000684     |
|    clip_range           | 0.2          |
|    entropy_loss         | -4.53        |
|    explained_variance   | 0.0849       |
|    learning_rate        | 0.0003       |
|    loss                 | 2.75e+04     |
|    n_updates            | 3490         |
|    policy_gradient_loss | -0.00109     |
|    value_loss           | 7.58e+04     |
------------------------------------------
------------------------------------------
| rollout/                |              |
|    ep_len_mean          | 100          |
|    ep_rew_mean          | 1.49e+03     |
| time/                   |              |
|    fps                  | 55           |
|    iterations           | 351          |
|    time_elapsed         | 12846        |
|    total_timesteps      | 718848       |
| train/                  |              |
|    approx_kl            | 0.0019976336 |
|    clip_fraction        | 0.00293      |
|    clip_range           | 0.2          |
|    entropy_loss         | -4.53        |
|    explained_variance   | 0.0377       |
|    learning_rate        | 0.0003       |
|    loss                 | 2.15e+04     |
|    n_updates            | 3500         |
|    policy_gradient_loss | -0.00154     |
|    value_loss           | 7.75e+04     |
------------------------------------------
2026-04-18 17:00:57,869 [INFO] DGRL-v7: [AdaptivePenalty] step=720,896 | viol_rate=0.042 (target=0.05) | λ_msd: -258.4 → -258.0
------------------------------------------
| rollout/                |              |
|    ep_len_mean          | 100          |
|    ep_rew_mean          | 1.52e+03     |
| time/                   |              |
|    fps                  | 55           |
|    iterations           | 352          |
|    time_elapsed         | 12873        |
|    total_timesteps      | 720896       |
| train/                  |              |
|    approx_kl            | 0.0015209715 |
|    clip_fraction        | 0.000342     |
|    clip_range           | 0.2          |
|    entropy_loss         | -4.52        |
|    explained_variance   | 0.11         |
|    learning_rate        | 0.0003       |
|    loss                 | 2.71e+04     |
|    n_updates            | 3510         |
|    policy_gradient_loss | 0.000707     |
|    value_loss           | 6.85e+04     |
------------------------------------------
-----------------------------------------
| rollout/                |             |
|    ep_len_mean          | 100         |
|    ep_rew_mean          | 1.53e+03    |
| time/                   |             |
|    fps                  | 56          |
|    iterations           | 353         |
|    time_elapsed         | 12909       |
|    total_timesteps      | 722944      |
| train/                  |             |
|    approx_kl            | 0.001694568 |
|    clip_fraction        | 0.000781    |
|    clip_range           | 0.2         |
|    entropy_loss         | -4.52       |
|    explained_variance   | 0.00894     |
|    learning_rate        | 0.0003      |
|    loss                 | 2.35e+04    |
|    n_updates            | 3520        |
|    policy_gradient_loss | -0.000926   |
|    value_loss           | 7.13e+04    |
-----------------------------------------
2026-04-18 17:02:06,654 [INFO] DGRL-v7: [AdaptivePenalty] step=724,992 | viol_rate=0.038 (target=0.05) | λ_msd: -258.0 → -257.4
------------------------------------------
| rollout/                |              |
|    ep_len_mean          | 100          |
|    ep_rew_mean          | 1.55e+03     |
| time/                   |              |
|    fps                  | 56           |
|    iterations           | 354          |
|    time_elapsed         | 12942        |
|    total_timesteps      | 724992       |
| train/                  |              |
|    approx_kl            | 0.0013802284 |
|    clip_fraction        | 0.000293     |
|    clip_range           | 0.2          |
|    entropy_loss         | -4.52        |
|    explained_variance   | 0.138        |
|    learning_rate        | 0.0003       |
|    loss                 | 2.58e+04     |
|    n_updates            | 3530         |
|    policy_gradient_loss | -0.000556    |
|    value_loss           | 6.88e+04     |
------------------------------------------
----------------------------------------
| rollout/                |            |
|    ep_len_mean          | 100        |
|    ep_rew_mean          | 1.5e+03    |
| time/                   |            |
|    fps                  | 56         |
|    iterations           | 355        |
|    time_elapsed         | 12974      |
|    total_timesteps      | 727040     |
| train/                  |            |
|    approx_kl            | 0.00169295 |
|    clip_fraction        | 0.000781   |
|    clip_range           | 0.2        |
|    entropy_loss         | -4.53      |
|    explained_variance   | 0.159      |
|    learning_rate        | 0.0003     |
|    loss                 | 2.74e+04   |
|    n_updates            | 3540       |
|    policy_gradient_loss | -0.00128   |
|    value_loss           | 7.62e+04   |
----------------------------------------
2026-04-18 17:03:13,413 [INFO] DGRL-v7: [AdaptivePenalty] step=729,088 | viol_rate=0.046 (target=0.05) | λ_msd: -257.4 → -257.2
------------------------------------------
| rollout/                |              |
|    ep_len_mean          | 100          |
|    ep_rew_mean          | 1.5e+03      |
| time/                   |              |
|    fps                  | 56           |
|    iterations           | 356          |
|    time_elapsed         | 13009        |
|    total_timesteps      | 729088       |
| train/                  |              |
|    approx_kl            | 0.0014859887 |
|    clip_fraction        | 0.000342     |
|    clip_range           | 0.2          |
|    entropy_loss         | -4.53        |
|    explained_variance   | 0.12         |
|    learning_rate        | 0.0003       |
|    loss                 | 2.55e+04     |
|    n_updates            | 3550         |
|    policy_gradient_loss | 0.00102      |
|    value_loss           | 7.17e+04     |
------------------------------------------
-----------------------------------------
| rollout/                |             |
|    ep_len_mean          | 100         |
|    ep_rew_mean          | 1.42e+03    |
| time/                   |             |
|    fps                  | 56          |
|    iterations           | 357         |
|    time_elapsed         | 13044       |
|    total_timesteps      | 731136      |
| train/                  |             |
|    approx_kl            | 0.001892154 |
|    clip_fraction        | 0.00161     |
|    clip_range           | 0.2         |
|    entropy_loss         | -4.52       |
|    explained_variance   | 0.157       |
|    learning_rate        | 0.0003      |
|    loss                 | 2.02e+04    |
|    n_updates            | 3560        |
|    policy_gradient_loss | 0.000397    |
|    value_loss           | 7.17e+04    |
-----------------------------------------
2026-04-18 17:04:18,209 [INFO] DGRL-v7: [AdaptivePenalty] step=733,184 | viol_rate=0.042 (target=0.05) | λ_msd: -257.2 → -256.7
------------------------------------------
| rollout/                |              |
|    ep_len_mean          | 100          |
|    ep_rew_mean          | 1.43e+03     |
| time/                   |              |
|    fps                  | 56           |
|    iterations           | 358          |
|    time_elapsed         | 13073        |
|    total_timesteps      | 733184       |
| train/                  |              |
|    approx_kl            | 0.0012867978 |
|    clip_fraction        | 0.000146     |
|    clip_range           | 0.2          |
|    entropy_loss         | -4.52        |
|    explained_variance   | 0.199        |
|    learning_rate        | 0.0003       |
|    loss                 | 2.21e+04     |
|    n_updates            | 3570         |
|    policy_gradient_loss | -0.000451    |
|    value_loss           | 6.73e+04     |
------------------------------------------
------------------------------------------
| rollout/                |              |
|    ep_len_mean          | 100          |
|    ep_rew_mean          | 1.41e+03     |
| time/                   |              |
|    fps                  | 56           |
|    iterations           | 359          |
|    time_elapsed         | 13109        |
|    total_timesteps      | 735232       |
| train/                  |              |
|    approx_kl            | 0.0014420245 |
|    clip_fraction        | 0.000879     |
|    clip_range           | 0.2          |
|    entropy_loss         | -4.52        |
|    explained_variance   | 0.218        |
|    learning_rate        | 0.0003       |
|    loss                 | 2.9e+04      |
|    n_updates            | 3580         |
|    policy_gradient_loss | -0.000948    |
|    value_loss           | 9.16e+04     |
------------------------------------------
2026-04-18 17:05:28,258 [INFO] DGRL-v7: [AdaptivePenalty] step=737,280 | viol_rate=0.043 (target=0.05) | λ_msd: -256.7 → -256.4
------------------------------------------
| rollout/                |              |
|    ep_len_mean          | 100          |
|    ep_rew_mean          | 1.4e+03      |
| time/                   |              |
|    fps                  | 56           |
|    iterations           | 360          |
|    time_elapsed         | 13143        |
|    total_timesteps      | 737280       |
| train/                  |              |
|    approx_kl            | 0.0014401324 |
|    clip_fraction        | 0.000879     |
|    clip_range           | 0.2          |
|    entropy_loss         | -4.52        |
|    explained_variance   | 0.0348       |
|    learning_rate        | 0.0003       |
|    loss                 | 2.43e+04     |
|    n_updates            | 3590         |
|    policy_gradient_loss | 0.000411     |
|    value_loss           | 7.04e+04     |
------------------------------------------
------------------------------------------
| rollout/                |              |
|    ep_len_mean          | 100          |
|    ep_rew_mean          | 1.46e+03     |
| time/                   |              |
|    fps                  | 56           |
|    iterations           | 361          |
|    time_elapsed         | 13177        |
|    total_timesteps      | 739328       |
| train/                  |              |
|    approx_kl            | 0.0014984452 |
|    clip_fraction        | 0.000342     |
|    clip_range           | 0.2          |
|    entropy_loss         | -4.52        |
|    explained_variance   | 0.165        |
|    learning_rate        | 0.0003       |
|    loss                 | 2.08e+04     |
|    n_updates            | 3600         |
|    policy_gradient_loss | -0.000465    |
|    value_loss           | 6.44e+04     |
------------------------------------------
2026-04-18 17:06:37,856 [INFO] DGRL-v7: [AdaptivePenalty] step=741,376 | viol_rate=0.042 (target=0.05) | λ_msd: -256.4 → -256.0
------------------------------------------
| rollout/                |              |
|    ep_len_mean          | 100          |
|    ep_rew_mean          | 1.52e+03     |
| time/                   |              |
|    fps                  | 56           |
|    iterations           | 362          |
|    time_elapsed         | 13213        |
|    total_timesteps      | 741376       |
| train/                  |              |
|    approx_kl            | 0.0017996143 |
|    clip_fraction        | 0.00112      |
|    clip_range           | 0.2          |
|    entropy_loss         | -4.51        |
|    explained_variance   | 0.0964       |
|    learning_rate        | 0.0003       |
|    loss                 | 2.45e+04     |
|    n_updates            | 3610         |
|    policy_gradient_loss | 0.000715     |
|    value_loss           | 6.75e+04     |
------------------------------------------
------------------------------------------
| rollout/                |              |
|    ep_len_mean          | 100          |
|    ep_rew_mean          | 1.5e+03      |
| time/                   |              |
|    fps                  | 56           |
|    iterations           | 363          |
|    time_elapsed         | 13243        |
|    total_timesteps      | 743424       |
| train/                  |              |
|    approx_kl            | 0.0015683257 |
|    clip_fraction        | 0.00117      |
|    clip_range           | 0.2          |
|    entropy_loss         | -4.51        |
|    explained_variance   | 0.067        |
|    learning_rate        | 0.0003       |
|    loss                 | 2.47e+04     |
|    n_updates            | 3620         |
|    policy_gradient_loss | 0.00126      |
|    value_loss           | 6.64e+04     |
------------------------------------------
2026-04-18 17:07:42,080 [INFO] DGRL-v7: [AdaptivePenalty] step=745,472 | viol_rate=0.040 (target=0.05) | λ_msd: -256.0 → -255.5
------------------------------------------
| rollout/                |              |
|    ep_len_mean          | 100          |
|    ep_rew_mean          | 1.56e+03     |
| time/                   |              |
|    fps                  | 56           |
|    iterations           | 364          |
|    time_elapsed         | 13277        |
|    total_timesteps      | 745472       |
| train/                  |              |
|    approx_kl            | 0.0016201937 |
|    clip_fraction        | 0.000781     |
|    clip_range           | 0.2          |
|    entropy_loss         | -4.51        |
|    explained_variance   | 0.045        |
|    learning_rate        | 0.0003       |
|    loss                 | 1.62e+04     |
|    n_updates            | 3630         |
|    policy_gradient_loss | -0.00117     |
|    value_loss           | 5.67e+04     |
------------------------------------------
------------------------------------------
| rollout/                |              |
|    ep_len_mean          | 100          |
|    ep_rew_mean          | 1.59e+03     |
| time/                   |              |
|    fps                  | 56           |
|    iterations           | 365          |
|    time_elapsed         | 13311        |
|    total_timesteps      | 747520       |
| train/                  |              |
|    approx_kl            | 0.0015205313 |
|    clip_fraction        | 0.00103      |
|    clip_range           | 0.2          |
|    entropy_loss         | -4.51        |
|    explained_variance   | 0.255        |
|    learning_rate        | 0.0003       |
|    loss                 | 2.21e+04     |
|    n_updates            | 3640         |
|    policy_gradient_loss | -0.000907    |
|    value_loss           | 6.56e+04     |
------------------------------------------
2026-04-18 17:08:50,096 [INFO] DGRL-v7: [AdaptivePenalty] step=749,568 | viol_rate=0.040 (target=0.05) | λ_msd: -255.5 → -255.0
------------------------------------------
| rollout/                |              |
|    ep_len_mean          | 100          |
|    ep_rew_mean          | 1.54e+03     |
| time/                   |              |
|    fps                  | 56           |
|    iterations           | 366          |
|    time_elapsed         | 13345        |
|    total_timesteps      | 749568       |
| train/                  |              |
|    approx_kl            | 0.0011838897 |
|    clip_fraction        | 0.000537     |
|    clip_range           | 0.2          |
|    entropy_loss         | -4.51        |
|    explained_variance   | 0.0134       |
|    learning_rate        | 0.0003       |
|    loss                 | 2.53e+04     |
|    n_updates            | 3650         |
|    policy_gradient_loss | -0.00111     |
|    value_loss           | 6.91e+04     |
------------------------------------------
Eval num_timesteps=750000, episode_reward=-9040.03 +/- 3809.98
Episode length: 100.00 +/- 0.00
-----------------------------------------
| eval/                   |             |
|    mean_ep_length       | 100         |
|    mean_reward          | -9.04e+03   |
| time/                   |             |
|    total_timesteps      | 750000      |
| train/                  |             |
|    approx_kl            | 0.001294048 |
|    clip_fraction        | 0.000244    |
|    clip_range           | 0.2         |
|    entropy_loss         | -4.51       |
|    explained_variance   | 0.0967      |
|    learning_rate        | 0.0003      |
|    loss                 | 2.17e+04    |
|    n_updates            | 3660        |
|    policy_gradient_loss | 0.000555    |
|    value_loss           | 7.37e+04    |
-----------------------------------------
---------------------------------
| rollout/           |          |
|    ep_len_mean     | 100      |
|    ep_rew_mean     | 1.44e+03 |
| time/              |          |
|    fps             | 56       |
|    iterations      | 367      |
|    time_elapsed    | 13420    |
|    total_timesteps | 751616   |
---------------------------------
2026-04-18 17:10:37,540 [INFO] DGRL-v7: [AdaptivePenalty] step=753,664 | viol_rate=0.051 (target=0.05) | λ_msd: -255.0 → -255.0
------------------------------------------
| rollout/                |              |
|    ep_len_mean          | 100          |
|    ep_rew_mean          | 1.49e+03     |
| time/                   |              |
|    fps                  | 56           |
|    iterations           | 368          |
|    time_elapsed         | 13453        |
|    total_timesteps      | 753664       |
| train/                  |              |
|    approx_kl            | 0.0014051956 |
|    clip_fraction        | 0.00083      |
|    clip_range           | 0.2          |
|    entropy_loss         | -4.51        |
|    explained_variance   | 0.0718       |
|    learning_rate        | 0.0003       |
|    loss                 | 2.34e+04     |
|    n_updates            | 3670         |
|    policy_gradient_loss | -0.000443    |
|    value_loss           | 6.9e+04      |
------------------------------------------
------------------------------------------
| rollout/                |              |
|    ep_len_mean          | 100          |
|    ep_rew_mean          | 1.44e+03     |
| time/                   |              |
|    fps                  | 56           |
|    iterations           | 369          |
|    time_elapsed         | 13478        |
|    total_timesteps      | 755712       |
| train/                  |              |
|    approx_kl            | 0.0014402072 |
|    clip_fraction        | 0.000293     |
|    clip_range           | 0.2          |
|    entropy_loss         | -4.51        |
|    explained_variance   | 0.0654       |
|    learning_rate        | 0.0003       |
|    loss                 | 2.52e+04     |
|    n_updates            | 3680         |
|    policy_gradient_loss | 0.00153      |
|    value_loss           | 7.45e+04     |
------------------------------------------
2026-04-18 17:11:39,620 [INFO] DGRL-v7: [AdaptivePenalty] step=757,760 | viol_rate=0.035 (target=0.05) | λ_msd: -255.0 → -254.3
------------------------------------------
| rollout/                |              |
|    ep_len_mean          | 100          |
|    ep_rew_mean          | 1.4e+03      |
| time/                   |              |
|    fps                  | 56           |
|    iterations           | 370          |
|    time_elapsed         | 13515        |
|    total_timesteps      | 757760       |
| train/                  |              |
|    approx_kl            | 0.0019182488 |
|    clip_fraction        | 0.000684     |
|    clip_range           | 0.2          |
|    entropy_loss         | -4.51        |
|    explained_variance   | 0.0638       |
|    learning_rate        | 0.0003       |
|    loss                 | 2.04e+04     |
|    n_updates            | 3690         |
|    policy_gradient_loss | -0.000557    |
|    value_loss           | 7.88e+04     |
------------------------------------------
------------------------------------------
| rollout/                |              |
|    ep_len_mean          | 100          |
|    ep_rew_mean          | 1.39e+03     |
| time/                   |              |
|    fps                  | 56           |
|    iterations           | 371          |
|    time_elapsed         | 13551        |
|    total_timesteps      | 759808       |
| train/                  |              |
|    approx_kl            | 0.0017707769 |
|    clip_fraction        | 0.00176      |
|    clip_range           | 0.2          |
|    entropy_loss         | -4.51        |
|    explained_variance   | 0.199        |
|    learning_rate        | 0.0003       |
|    loss                 | 2.78e+04     |
|    n_updates            | 3700         |
|    policy_gradient_loss | -0.00201     |
|    value_loss           | 8.45e+04     |
------------------------------------------
2026-04-18 17:12:50,272 [INFO] DGRL-v7: [AdaptivePenalty] step=761,856 | viol_rate=0.043 (target=0.05) | λ_msd: -254.3 → -253.9
------------------------------------------
| rollout/                |              |
|    ep_len_mean          | 100          |
|    ep_rew_mean          | 1.54e+03     |
| time/                   |              |
|    fps                  | 56           |
|    iterations           | 372          |
|    time_elapsed         | 13585        |
|    total_timesteps      | 761856       |
| train/                  |              |
|    approx_kl            | 0.0014299164 |
|    clip_fraction        | 0.000684     |
|    clip_range           | 0.2          |
|    entropy_loss         | -4.51        |
|    explained_variance   | -0.0063      |
|    learning_rate        | 0.0003       |
|    loss                 | 2.38e+04     |
|    n_updates            | 3710         |
|    policy_gradient_loss | -0.000722    |
|    value_loss           | 7.1e+04      |
------------------------------------------
------------------------------------------
| rollout/                |              |
|    ep_len_mean          | 100          |
|    ep_rew_mean          | 1.49e+03     |
| time/                   |              |
|    fps                  | 56           |
|    iterations           | 373          |
|    time_elapsed         | 13618        |
|    total_timesteps      | 763904       |
| train/                  |              |
|    approx_kl            | 0.0018220722 |
|    clip_fraction        | 0.00249      |
|    clip_range           | 0.2          |
|    entropy_loss         | -4.5         |
|    explained_variance   | 0.0689       |
|    learning_rate        | 0.0003       |
|    loss                 | 2.22e+04     |
|    n_updates            | 3720         |
|    policy_gradient_loss | -0.000463    |
|    value_loss           | 6.47e+04     |
------------------------------------------
2026-04-18 17:13:51,111 [INFO] DGRL-v7: [AdaptivePenalty] step=765,952 | viol_rate=0.045 (target=0.05) | λ_msd: -253.9 → -253.7
------------------------------------------
| rollout/                |              |
|    ep_len_mean          | 100          |
|    ep_rew_mean          | 1.46e+03     |
| time/                   |              |
|    fps                  | 56           |
|    iterations           | 374          |
|    time_elapsed         | 13646        |
|    total_timesteps      | 765952       |
| train/                  |              |
|    approx_kl            | 0.0014886372 |
|    clip_fraction        | 0.000928     |
|    clip_range           | 0.2          |
|    entropy_loss         | -4.49        |
|    explained_variance   | 0.111        |
|    learning_rate        | 0.0003       |
|    loss                 | 3.14e+04     |
|    n_updates            | 3730         |
|    policy_gradient_loss | 0.000143     |
|    value_loss           | 8.61e+04     |
------------------------------------------
------------------------------------------
| rollout/                |              |
|    ep_len_mean          | 100          |
|    ep_rew_mean          | 1.56e+03     |
| time/                   |              |
|    fps                  | 56           |
|    iterations           | 375          |
|    time_elapsed         | 13681        |
|    total_timesteps      | 768000       |
| train/                  |              |
|    approx_kl            | 0.0011790455 |
|    clip_fraction        | 0            |
|    clip_range           | 0.2          |
|    entropy_loss         | -4.49        |
|    explained_variance   | 0.122        |
|    learning_rate        | 0.0003       |
|    loss                 | 3.22e+04     |
|    n_updates            | 3740         |
|    policy_gradient_loss | -0.00107     |
|    value_loss           | 7.78e+04     |
------------------------------------------
2026-04-18 17:15:00,058 [INFO] DGRL-v7: [AdaptivePenalty] step=770,048 | viol_rate=0.038 (target=0.05) | λ_msd: -253.7 → -253.1
------------------------------------------
| rollout/                |              |
|    ep_len_mean          | 100          |
|    ep_rew_mean          | 1.58e+03     |
| time/                   |              |
|    fps                  | 56           |
|    iterations           | 376          |
|    time_elapsed         | 13715        |
|    total_timesteps      | 770048       |
| train/                  |              |
|    approx_kl            | 0.0021330314 |
|    clip_fraction        | 0.004        |
|    clip_range           | 0.2          |
|    entropy_loss         | -4.5         |
|    explained_variance   | 0.162        |
|    learning_rate        | 0.0003       |
|    loss                 | 2.69e+04     |
|    n_updates            | 3750         |
|    policy_gradient_loss | -0.00212     |
|    value_loss           | 6.82e+04     |
------------------------------------------
-----------------------------------------
| rollout/                |             |
|    ep_len_mean          | 100         |
|    ep_rew_mean          | 1.53e+03    |
| time/                   |             |
|    fps                  | 56          |
|    iterations           | 377         |
|    time_elapsed         | 13749       |
|    total_timesteps      | 772096      |
| train/                  |             |
|    approx_kl            | 0.001235696 |
|    clip_fraction        | 0           |
|    clip_range           | 0.2         |
|    entropy_loss         | -4.5        |
|    explained_variance   | 0.162       |
|    learning_rate        | 0.0003      |
|    loss                 | 2.4e+04     |
|    n_updates            | 3760        |
|    policy_gradient_loss | 0.000243    |
|    value_loss           | 6.64e+04    |
-----------------------------------------
2026-04-18 17:16:07,819 [INFO] DGRL-v7: [AdaptivePenalty] step=774,144 | viol_rate=0.036 (target=0.05) | λ_msd: -253.1 → -252.4
------------------------------------------
| rollout/                |              |
|    ep_len_mean          | 100          |
|    ep_rew_mean          | 1.53e+03     |
| time/                   |              |
|    fps                  | 56           |
|    iterations           | 378          |
|    time_elapsed         | 13783        |
|    total_timesteps      | 774144       |
| train/                  |              |
|    approx_kl            | 0.0014072801 |
|    clip_fraction        | 0.000781     |
|    clip_range           | 0.2          |
|    entropy_loss         | -4.5         |
|    explained_variance   | 0.0993       |
|    learning_rate        | 0.0003       |
|    loss                 | 2.91e+04     |
|    n_updates            | 3770         |
|    policy_gradient_loss | -0.000265    |
|    value_loss           | 8.59e+04     |
------------------------------------------
------------------------------------------
| rollout/                |              |
|    ep_len_mean          | 100          |
|    ep_rew_mean          | 1.54e+03     |
| time/                   |              |
|    fps                  | 56           |
|    iterations           | 379          |
|    time_elapsed         | 13818        |
|    total_timesteps      | 776192       |
| train/                  |              |
|    approx_kl            | 0.0012494164 |
|    clip_fraction        | 4.88e-05     |
|    clip_range           | 0.2          |
|    entropy_loss         | -4.5         |
|    explained_variance   | -0.0791      |
|    learning_rate        | 0.0003       |
|    loss                 | 2.75e+04     |
|    n_updates            | 3780         |
|    policy_gradient_loss | -0.000751    |
|    value_loss           | 7.81e+04     |
------------------------------------------
2026-04-18 17:17:17,327 [INFO] DGRL-v7: [AdaptivePenalty] step=778,240 | viol_rate=0.038 (target=0.05) | λ_msd: -252.4 → -251.8
------------------------------------------
| rollout/                |              |
|    ep_len_mean          | 100          |
|    ep_rew_mean          | 1.52e+03     |
| time/                   |              |
|    fps                  | 56           |
|    iterations           | 380          |
|    time_elapsed         | 13853        |
|    total_timesteps      | 778240       |
| train/                  |              |
|    approx_kl            | 0.0013014581 |
|    clip_fraction        | 0.000781     |
|    clip_range           | 0.2          |
|    entropy_loss         | -4.5         |
|    explained_variance   | 0.0844       |
|    learning_rate        | 0.0003       |
|    loss                 | 2.39e+04     |
|    n_updates            | 3790         |
|    policy_gradient_loss | -0.00132     |
|    value_loss           | 7.53e+04     |
------------------------------------------
------------------------------------------
| rollout/                |              |
|    ep_len_mean          | 100          |
|    ep_rew_mean          | 1.52e+03     |
| time/                   |              |
|    fps                  | 56           |
|    iterations           | 381          |
|    time_elapsed         | 13885        |
|    total_timesteps      | 780288       |
| train/                  |              |
|    approx_kl            | 0.0011616144 |
|    clip_fraction        | 0.000439     |
|    clip_range           | 0.2          |
|    entropy_loss         | -4.51        |
|    explained_variance   | 0.0763       |
|    learning_rate        | 0.0003       |
|    loss                 | 2.19e+04     |
|    n_updates            | 3800         |
|    policy_gradient_loss | 0.000446     |
|    value_loss           | 6.72e+04     |
------------------------------------------
2026-04-18 17:18:22,263 [INFO] DGRL-v7: [AdaptivePenalty] step=782,336 | viol_rate=0.042 (target=0.05) | λ_msd: -251.8 → -251.4
----------------------------------------
| rollout/                |            |
|    ep_len_mean          | 100        |
|    ep_rew_mean          | 1.58e+03   |
| time/                   |            |
|    fps                  | 56         |
|    iterations           | 382        |
|    time_elapsed         | 13917      |
|    total_timesteps      | 782336     |
| train/                  |            |
|    approx_kl            | 0.00114267 |
|    clip_fraction        | 0.000244   |
|    clip_range           | 0.2        |
|    entropy_loss         | -4.51      |
|    explained_variance   | 0.102      |
|    learning_rate        | 0.0003     |
|    loss                 | 2.21e+04   |
|    n_updates            | 3810       |
|    policy_gradient_loss | -0.00123   |
|    value_loss           | 6.72e+04   |
----------------------------------------
------------------------------------------
| rollout/                |              |
|    ep_len_mean          | 100          |
|    ep_rew_mean          | 1.56e+03     |
| time/                   |              |
|    fps                  | 56           |
|    iterations           | 383          |
|    time_elapsed         | 13950        |
|    total_timesteps      | 784384       |
| train/                  |              |
|    approx_kl            | 0.0012595516 |
|    clip_fraction        | 0.000293     |
|    clip_range           | 0.2          |
|    entropy_loss         | -4.51        |
|    explained_variance   | 0.185        |
|    learning_rate        | 0.0003       |
|    loss                 | 3.01e+04     |
|    n_updates            | 3820         |
|    policy_gradient_loss | -0.00124     |
|    value_loss           | 6.94e+04     |
------------------------------------------
2026-04-18 17:19:31,581 [INFO] DGRL-v7: [AdaptivePenalty] step=786,432 | viol_rate=0.040 (target=0.05) | λ_msd: -251.4 → -250.9
------------------------------------------
| rollout/                |              |
|    ep_len_mean          | 100          |
|    ep_rew_mean          | 1.57e+03     |
| time/                   |              |
|    fps                  | 56           |
|    iterations           | 384          |
|    time_elapsed         | 13987        |
|    total_timesteps      | 786432       |
| train/                  |              |
|    approx_kl            | 0.0013477679 |
|    clip_fraction        | 0.000439     |
|    clip_range           | 0.2          |
|    entropy_loss         | -4.51        |
|    explained_variance   | 0.0595       |
|    learning_rate        | 0.0003       |
|    loss                 | 3.06e+04     |
|    n_updates            | 3830         |
|    policy_gradient_loss | -0.0012      |
|    value_loss           | 8.66e+04     |
------------------------------------------
------------------------------------------
| rollout/                |              |
|    ep_len_mean          | 100          |
|    ep_rew_mean          | 1.59e+03     |
| time/                   |              |
|    fps                  | 56           |
|    iterations           | 385          |
|    time_elapsed         | 14022        |
|    total_timesteps      | 788480       |
| train/                  |              |
|    approx_kl            | 0.0019741496 |
|    clip_fraction        | 0.00308      |
|    clip_range           | 0.2          |
|    entropy_loss         | -4.51        |
|    explained_variance   | -0.148       |
|    learning_rate        | 0.0003       |
|    loss                 | 2.66e+04     |
|    n_updates            | 3840         |
|    policy_gradient_loss | -0.000262    |
|    value_loss           | 7.27e+04     |
------------------------------------------
2026-04-18 17:20:41,785 [INFO] DGRL-v7: [AdaptivePenalty] step=790,528 | viol_rate=0.044 (target=0.05) | λ_msd: -250.9 → -250.6
-----------------------------------------
| rollout/                |             |
|    ep_len_mean          | 100         |
|    ep_rew_mean          | 1.56e+03    |
| time/                   |             |
|    fps                  | 56          |
|    iterations           | 386         |
|    time_elapsed         | 14057       |
|    total_timesteps      | 790528      |
| train/                  |             |
|    approx_kl            | 0.001154317 |
|    clip_fraction        | 4.88e-05    |
|    clip_range           | 0.2         |
|    entropy_loss         | -4.51       |
|    explained_variance   | 0.197       |
|    learning_rate        | 0.0003      |
|    loss                 | 2.3e+04     |
|    n_updates            | 3850        |
|    policy_gradient_loss | -0.00134    |
|    value_loss           | 6.35e+04    |
-----------------------------------------
------------------------------------------
| rollout/                |              |
|    ep_len_mean          | 100          |
|    ep_rew_mean          | 1.55e+03     |
| time/                   |              |
|    fps                  | 56           |
|    iterations           | 387          |
|    time_elapsed         | 14091        |
|    total_timesteps      | 792576       |
| train/                  |              |
|    approx_kl            | 0.0012648394 |
|    clip_fraction        | 0.000391     |
|    clip_range           | 0.2          |
|    entropy_loss         | -4.51        |
|    explained_variance   | 0.113        |
|    learning_rate        | 0.0003       |
|    loss                 | 2.93e+04     |
|    n_updates            | 3860         |
|    policy_gradient_loss | 0.000344     |
|    value_loss           | 7.38e+04     |
------------------------------------------
2026-04-18 17:21:52,435 [INFO] DGRL-v7: [AdaptivePenalty] step=794,624 | viol_rate=0.043 (target=0.05) | λ_msd: -250.6 → -250.3
------------------------------------------
| rollout/                |              |
|    ep_len_mean          | 100          |
|    ep_rew_mean          | 1.56e+03     |
| time/                   |              |
|    fps                  | 56           |
|    iterations           | 388          |
|    time_elapsed         | 14128        |
|    total_timesteps      | 794624       |
| train/                  |              |
|    approx_kl            | 0.0013643974 |
|    clip_fraction        | 0.000293     |
|    clip_range           | 0.2          |
|    entropy_loss         | -4.51        |
|    explained_variance   | 0.131        |
|    learning_rate        | 0.0003       |
|    loss                 | 2.39e+04     |
|    n_updates            | 3870         |
|    policy_gradient_loss | -0.00049     |
|    value_loss           | 6.58e+04     |
------------------------------------------
------------------------------------------
| rollout/                |              |
|    ep_len_mean          | 100          |
|    ep_rew_mean          | 1.54e+03     |
| time/                   |              |
|    fps                  | 56           |
|    iterations           | 389          |
|    time_elapsed         | 14162        |
|    total_timesteps      | 796672       |
| train/                  |              |
|    approx_kl            | 0.0015123403 |
|    clip_fraction        | 0.000732     |
|    clip_range           | 0.2          |
|    entropy_loss         | -4.51        |
|    explained_variance   | 0.0995       |
|    learning_rate        | 0.0003       |
|    loss                 | 2.64e+04     |
|    n_updates            | 3880         |
|    policy_gradient_loss | 0.000426     |
|    value_loss           | 7.75e+04     |
------------------------------------------
2026-04-18 17:23:02,277 [INFO] DGRL-v7: [AdaptivePenalty] step=798,720 | viol_rate=0.043 (target=0.05) | λ_msd: -250.3 → -249.9
------------------------------------------
| rollout/                |              |
|    ep_len_mean          | 100          |
|    ep_rew_mean          | 1.45e+03     |
| time/                   |              |
|    fps                  | 56           |
|    iterations           | 390          |
|    time_elapsed         | 14197        |
|    total_timesteps      | 798720       |
| train/                  |              |
|    approx_kl            | 0.0012537903 |
|    clip_fraction        | 9.77e-05     |
|    clip_range           | 0.2          |
|    entropy_loss         | -4.51        |
|    explained_variance   | 0.138        |
|    learning_rate        | 0.0003       |
|    loss                 | 2.17e+04     |
|    n_updates            | 3890         |
|    policy_gradient_loss | 4.59e-05     |
|    value_loss           | 6.25e+04     |
------------------------------------------
Eval num_timesteps=800000, episode_reward=-6420.05 +/- 1498.94
Episode length: 100.00 +/- 0.00
------------------------------------------
| eval/                   |              |
|    mean_ep_length       | 100          |
|    mean_reward          | -6.42e+03    |
| time/                   |              |
|    total_timesteps      | 800000       |
| train/                  |              |
|    approx_kl            | 0.0013182303 |
|    clip_fraction        | 0.000244     |
|    clip_range           | 0.2          |
|    entropy_loss         | -4.51        |
|    explained_variance   | 0.102        |
|    learning_rate        | 0.0003       |
|    loss                 | 2.6e+04      |
|    n_updates            | 3900         |
|    policy_gradient_loss | -0.00202     |
|    value_loss           | 7.5e+04      |
------------------------------------------
---------------------------------
| rollout/           |          |
|    ep_len_mean     | 100      |
|    ep_rew_mean     | 1.52e+03 |
| time/              |          |
|    fps             | 56       |
|    iterations      | 391      |
|    time_elapsed    | 14268    |
|    total_timesteps | 800768   |
---------------------------------
2026-04-18 17:24:47,544 [INFO] DGRL-v7: [AdaptivePenalty] step=802,816 | viol_rate=0.037 (target=0.05) | λ_msd: -249.9 → -249.2
------------------------------------------
| rollout/                |              |
|    ep_len_mean          | 100          |
|    ep_rew_mean          | 1.64e+03     |
| time/                   |              |
|    fps                  | 56           |
|    iterations           | 392          |
|    time_elapsed         | 14303        |
|    total_timesteps      | 802816       |
| train/                  |              |
|    approx_kl            | 0.0016303833 |
|    clip_fraction        | 0.00107      |
|    clip_range           | 0.2          |
|    entropy_loss         | -4.5         |
|    explained_variance   | 0.144        |
|    learning_rate        | 0.0003       |
|    loss                 | 1.9e+04      |
|    n_updates            | 3910         |
|    policy_gradient_loss | -0.00105     |
|    value_loss           | 5.62e+04     |
------------------------------------------
------------------------------------------
| rollout/                |              |
|    ep_len_mean          | 100          |
|    ep_rew_mean          | 1.59e+03     |
| time/                   |              |
|    fps                  | 56           |
|    iterations           | 393          |
|    time_elapsed         | 14336        |
|    total_timesteps      | 804864       |
| train/                  |              |
|    approx_kl            | 0.0012714351 |
|    clip_fraction        | 0.000586     |
|    clip_range           | 0.2          |
|    entropy_loss         | -4.5         |
|    explained_variance   | 0.189        |
|    learning_rate        | 0.0003       |
|    loss                 | 1.86e+04     |
|    n_updates            | 3920         |
|    policy_gradient_loss | -8.73e-05    |
|    value_loss           | 5.57e+04     |
------------------------------------------
2026-04-18 17:25:48,851 [INFO] DGRL-v7: [AdaptivePenalty] step=806,912 | viol_rate=0.041 (target=0.05) | λ_msd: -249.2 → -248.8
------------------------------------------
| rollout/                |              |
|    ep_len_mean          | 100          |
|    ep_rew_mean          | 1.61e+03     |
| time/                   |              |
|    fps                  | 56           |
|    iterations           | 394          |
|    time_elapsed         | 14364        |
|    total_timesteps      | 806912       |
| train/                  |              |
|    approx_kl            | 0.0011493375 |
|    clip_fraction        | 0.000342     |
|    clip_range           | 0.2          |
|    entropy_loss         | -4.5         |
|    explained_variance   | 0.126        |
|    learning_rate        | 0.0003       |
|    loss                 | 2.94e+04     |
|    n_updates            | 3930         |
|    policy_gradient_loss | 0.000452     |
|    value_loss           | 8.16e+04     |
------------------------------------------
------------------------------------------
| rollout/                |              |
|    ep_len_mean          | 100          |
|    ep_rew_mean          | 1.64e+03     |
| time/                   |              |
|    fps                  | 56           |
|    iterations           | 395          |
|    time_elapsed         | 14399        |
|    total_timesteps      | 808960       |
| train/                  |              |
|    approx_kl            | 0.0012410273 |
|    clip_fraction        | 0.000635     |
|    clip_range           | 0.2          |
|    entropy_loss         | -4.5         |
|    explained_variance   | 0.205        |
|    learning_rate        | 0.0003       |
|    loss                 | 2.75e+04     |
|    n_updates            | 3940         |
|    policy_gradient_loss | -0.000485    |
|    value_loss           | 7.74e+04     |
------------------------------------------
2026-04-18 17:26:58,676 [INFO] DGRL-v7: [AdaptivePenalty] step=811,008 | viol_rate=0.034 (target=0.05) | λ_msd: -248.8 → -248.0
------------------------------------------
| rollout/                |              |
|    ep_len_mean          | 100          |
|    ep_rew_mean          | 1.63e+03     |
| time/                   |              |
|    fps                  | 56           |
|    iterations           | 396          |
|    time_elapsed         | 14434        |
|    total_timesteps      | 811008       |
| train/                  |              |
|    approx_kl            | 0.0011305421 |
|    clip_fraction        | 0.000293     |
|    clip_range           | 0.2          |
|    entropy_loss         | -4.5         |
|    explained_variance   | 0.187        |
|    learning_rate        | 0.0003       |
|    loss                 | 2.07e+04     |
|    n_updates            | 3950         |
|    policy_gradient_loss | -0.000374    |
|    value_loss           | 6.92e+04     |
------------------------------------------
------------------------------------------
| rollout/                |              |
|    ep_len_mean          | 100          |
|    ep_rew_mean          | 1.59e+03     |
| time/                   |              |
|    fps                  | 56           |
|    iterations           | 397          |
|    time_elapsed         | 14468        |
|    total_timesteps      | 813056       |
| train/                  |              |
|    approx_kl            | 0.0013159725 |
|    clip_fraction        | 0.000684     |
|    clip_range           | 0.2          |
|    entropy_loss         | -4.51        |
|    explained_variance   | 0.138        |
|    learning_rate        | 0.0003       |
|    loss                 | 2.13e+04     |
|    n_updates            | 3960         |
|    policy_gradient_loss | -0.00114     |
|    value_loss           | 6.22e+04     |
------------------------------------------
2026-04-18 17:27:59,745 [INFO] DGRL-v7: [AdaptivePenalty] step=815,104 | viol_rate=0.043 (target=0.05) | λ_msd: -248.0 → -247.7
------------------------------------------
| rollout/                |              |
|    ep_len_mean          | 100          |
|    ep_rew_mean          | 1.57e+03     |
| time/                   |              |
|    fps                  | 56           |
|    iterations           | 398          |
|    time_elapsed         | 14495        |
|    total_timesteps      | 815104       |
| train/                  |              |
|    approx_kl            | 0.0014409185 |
|    clip_fraction        | 0.000635     |
|    clip_range           | 0.2          |
|    entropy_loss         | -4.51        |
|    explained_variance   | 0.176        |
|    learning_rate        | 0.0003       |
|    loss                 | 2.14e+04     |
|    n_updates            | 3970         |
|    policy_gradient_loss | -0.000423    |
|    value_loss           | 6.79e+04     |
------------------------------------------
-----------------------------------------
| rollout/                |             |
|    ep_len_mean          | 100         |
|    ep_rew_mean          | 1.62e+03    |
| time/                   |             |
|    fps                  | 56          |
|    iterations           | 399         |
|    time_elapsed         | 14530       |
|    total_timesteps      | 817152      |
| train/                  |             |
|    approx_kl            | 0.001209178 |
|    clip_fraction        | 9.77e-05    |
|    clip_range           | 0.2         |
|    entropy_loss         | -4.51       |
|    explained_variance   | 0.0624      |
|    learning_rate        | 0.0003      |
|    loss                 | 2.64e+04    |
|    n_updates            | 3980        |
|    policy_gradient_loss | 0.0015      |
|    value_loss           | 6.81e+04    |
-----------------------------------------
2026-04-18 17:29:10,626 [INFO] DGRL-v7: [AdaptivePenalty] step=819,200 | viol_rate=0.039 (target=0.05) | λ_msd: -247.7 → -247.1
------------------------------------------
| rollout/                |              |
|    ep_len_mean          | 100          |
|    ep_rew_mean          | 1.61e+03     |
| time/                   |              |
|    fps                  | 56           |
|    iterations           | 400          |
|    time_elapsed         | 14566        |
|    total_timesteps      | 819200       |
| train/                  |              |
|    approx_kl            | 0.0015163578 |
|    clip_fraction        | 0.0021       |
|    clip_range           | 0.2          |
|    entropy_loss         | -4.5         |
|    explained_variance   | 0.182        |
|    learning_rate        | 0.0003       |
|    loss                 | 2.19e+04     |
|    n_updates            | 3990         |
|    policy_gradient_loss | -0.000644    |
|    value_loss           | 6.68e+04     |
------------------------------------------
------------------------------------------
| rollout/                |              |
|    ep_len_mean          | 100          |
|    ep_rew_mean          | 1.6e+03      |
| time/                   |              |
|    fps                  | 56           |
|    iterations           | 401          |
|    time_elapsed         | 14600        |
|    total_timesteps      | 821248       |
| train/                  |              |
|    approx_kl            | 0.0012309866 |
|    clip_fraction        | 0.000146     |
|    clip_range           | 0.2          |
|    entropy_loss         | -4.5         |
|    explained_variance   | 0.0733       |
|    learning_rate        | 0.0003       |
|    loss                 | 2.28e+04     |
|    n_updates            | 4000         |
|    policy_gradient_loss | 4.43e-05     |
|    value_loss           | 6.66e+04     |
------------------------------------------
2026-04-18 17:30:17,731 [INFO] DGRL-v7: [AdaptivePenalty] step=823,296 | viol_rate=0.042 (target=0.05) | λ_msd: -247.1 → -246.7
------------------------------------------
| rollout/                |              |
|    ep_len_mean          | 100          |
|    ep_rew_mean          | 1.59e+03     |
| time/                   |              |
|    fps                  | 56           |
|    iterations           | 402          |
|    time_elapsed         | 14633        |
|    total_timesteps      | 823296       |
| train/                  |              |
|    approx_kl            | 0.0012526625 |
|    clip_fraction        | 0.000293     |
|    clip_range           | 0.2          |
|    entropy_loss         | -4.51        |
|    explained_variance   | 0.229        |
|    learning_rate        | 0.0003       |
|    loss                 | 2.72e+04     |
|    n_updates            | 4010         |
|    policy_gradient_loss | -0.000551    |
|    value_loss           | 6.83e+04     |
------------------------------------------
-----------------------------------------
| rollout/                |             |
|    ep_len_mean          | 100         |
|    ep_rew_mean          | 1.65e+03    |
| time/                   |             |
|    fps                  | 56          |
|    iterations           | 403         |
|    time_elapsed         | 14665       |
|    total_timesteps      | 825344      |
| train/                  |             |
|    approx_kl            | 0.001317121 |
|    clip_fraction        | 0.000195    |
|    clip_range           | 0.2         |
|    entropy_loss         | -4.51       |
|    explained_variance   | 0.0134      |
|    learning_rate        | 0.0003      |
|    loss                 | 3.76e+04    |
|    n_updates            | 4020        |
|    policy_gradient_loss | 0.000197    |
|    value_loss           | 9.88e+04    |
-----------------------------------------
2026-04-18 17:31:25,002 [INFO] DGRL-v7: [AdaptivePenalty] step=827,392 | viol_rate=0.040 (target=0.05) | λ_msd: -246.7 → -246.2
-----------------------------------------
| rollout/                |             |
|    ep_len_mean          | 100         |
|    ep_rew_mean          | 1.61e+03    |
| time/                   |             |
|    fps                  | 56          |
|    iterations           | 404         |
|    time_elapsed         | 14700       |
|    total_timesteps      | 827392      |
| train/                  |             |
|    approx_kl            | 0.002174376 |
|    clip_fraction        | 0.00376     |
|    clip_range           | 0.2         |
|    entropy_loss         | -4.51       |
|    explained_variance   | 0.134       |
|    learning_rate        | 0.0003      |
|    loss                 | 2.78e+04    |
|    n_updates            | 4030        |
|    policy_gradient_loss | 0.000259    |
|    value_loss           | 7.96e+04    |
-----------------------------------------
------------------------------------------
| rollout/                |              |
|    ep_len_mean          | 100          |
|    ep_rew_mean          | 1.57e+03     |
| time/                   |              |
|    fps                  | 56           |
|    iterations           | 405          |
|    time_elapsed         | 14739        |
|    total_timesteps      | 829440       |
| train/                  |              |
|    approx_kl            | 0.0015227394 |
|    clip_fraction        | 0.000781     |
|    clip_range           | 0.2          |
|    entropy_loss         | -4.51        |
|    explained_variance   | 0.18         |
|    learning_rate        | 0.0003       |
|    loss                 | 2.8e+04      |
|    n_updates            | 4040         |
|    policy_gradient_loss | -0.00149     |
|    value_loss           | 7.38e+04     |
------------------------------------------
2026-04-18 17:32:38,625 [INFO] DGRL-v7: [AdaptivePenalty] step=831,488 | viol_rate=0.042 (target=0.05) | λ_msd: -246.2 → -245.8
------------------------------------------
| rollout/                |              |
|    ep_len_mean          | 100          |
|    ep_rew_mean          | 1.62e+03     |
| time/                   |              |
|    fps                  | 56           |
|    iterations           | 406          |
|    time_elapsed         | 14774        |
|    total_timesteps      | 831488       |
| train/                  |              |
|    approx_kl            | 0.0016559544 |
|    clip_fraction        | 0.00103      |
|    clip_range           | 0.2          |
|    entropy_loss         | -4.52        |
|    explained_variance   | 0.0788       |
|    learning_rate        | 0.0003       |
|    loss                 | 2.61e+04     |
|    n_updates            | 4050         |
|    policy_gradient_loss | -0.00117     |
|    value_loss           | 7.82e+04     |
------------------------------------------
------------------------------------------
| rollout/                |              |
|    ep_len_mean          | 100          |
|    ep_rew_mean          | 1.62e+03     |
| time/                   |              |
|    fps                  | 56           |
|    iterations           | 407          |
|    time_elapsed         | 14807        |
|    total_timesteps      | 833536       |
| train/                  |              |
|    approx_kl            | 0.0010999476 |
|    clip_fraction        | 9.77e-05     |
|    clip_range           | 0.2          |
|    entropy_loss         | -4.51        |
|    explained_variance   | 0.166        |
|    learning_rate        | 0.0003       |
|    loss                 | 2.32e+04     |
|    n_updates            | 4060         |
|    policy_gradient_loss | 0.000613     |
|    value_loss           | 6.37e+04     |
------------------------------------------
2026-04-18 17:33:45,097 [INFO] DGRL-v7: [AdaptivePenalty] step=835,584 | viol_rate=0.044 (target=0.05) | λ_msd: -245.8 → -245.5
------------------------------------------
| rollout/                |              |
|    ep_len_mean          | 100          |
|    ep_rew_mean          | 1.58e+03     |
| time/                   |              |
|    fps                  | 56           |
|    iterations           | 408          |
|    time_elapsed         | 14840        |
|    total_timesteps      | 835584       |
| train/                  |              |
|    approx_kl            | 0.0017716339 |
|    clip_fraction        | 0.00215      |
|    clip_range           | 0.2          |
|    entropy_loss         | -4.52        |
|    explained_variance   | 0.105        |
|    learning_rate        | 0.0003       |
|    loss                 | 2.84e+04     |
|    n_updates            | 4070         |
|    policy_gradient_loss | 0.00207      |
|    value_loss           | 8.11e+04     |
------------------------------------------
------------------------------------------
| rollout/                |              |
|    ep_len_mean          | 100          |
|    ep_rew_mean          | 1.63e+03     |
| time/                   |              |
|    fps                  | 56           |
|    iterations           | 409          |
|    time_elapsed         | 14876        |
|    total_timesteps      | 837632       |
| train/                  |              |
|    approx_kl            | 0.0016254797 |
|    clip_fraction        | 0.00161      |
|    clip_range           | 0.2          |
|    entropy_loss         | -4.52        |
|    explained_variance   | 0.0846       |
|    learning_rate        | 0.0003       |
|    loss                 | 2.23e+04     |
|    n_updates            | 4080         |
|    policy_gradient_loss | 0.000833     |
|    value_loss           | 6.95e+04     |
------------------------------------------
2026-04-18 17:34:48,966 [INFO] DGRL-v7: [AdaptivePenalty] step=839,680 | viol_rate=0.041 (target=0.05) | λ_msd: -245.5 → -245.0
------------------------------------------
| rollout/                |              |
|    ep_len_mean          | 100          |
|    ep_rew_mean          | 1.58e+03     |
| time/                   |              |
|    fps                  | 56           |
|    iterations           | 410          |
|    time_elapsed         | 14904        |
|    total_timesteps      | 839680       |
| train/                  |              |
|    approx_kl            | 0.0010581942 |
|    clip_fraction        | 4.88e-05     |
|    clip_range           | 0.2          |
|    entropy_loss         | -4.52        |
|    explained_variance   | 0.175        |
|    learning_rate        | 0.0003       |
|    loss                 | 2.17e+04     |
|    n_updates            | 4090         |
|    policy_gradient_loss | -0.000508    |
|    value_loss           | 6.32e+04     |
------------------------------------------
------------------------------------------
| rollout/                |              |
|    ep_len_mean          | 100          |
|    ep_rew_mean          | 1.52e+03     |
| time/                   |              |
|    fps                  | 56           |
|    iterations           | 411          |
|    time_elapsed         | 14933        |
|    total_timesteps      | 841728       |
| train/                  |              |
|    approx_kl            | 0.0014129549 |
|    clip_fraction        | 0.000977     |
|    clip_range           | 0.2          |
|    entropy_loss         | -4.53        |
|    explained_variance   | 0.178        |
|    learning_rate        | 0.0003       |
|    loss                 | 2.56e+04     |
|    n_updates            | 4100         |
|    policy_gradient_loss | -0.00112     |
|    value_loss           | 7.81e+04     |
------------------------------------------
2026-04-18 17:35:49,145 [INFO] DGRL-v7: [AdaptivePenalty] step=843,776 | viol_rate=0.046 (target=0.05) | λ_msd: -245.0 → -244.8
------------------------------------------
| rollout/                |              |
|    ep_len_mean          | 100          |
|    ep_rew_mean          | 1.63e+03     |
| time/                   |              |
|    fps                  | 56           |
|    iterations           | 412          |
|    time_elapsed         | 14964        |
|    total_timesteps      | 843776       |
| train/                  |              |
|    approx_kl            | 0.0010833336 |
|    clip_fraction        | 0.000146     |
|    clip_range           | 0.2          |
|    entropy_loss         | -4.53        |
|    explained_variance   | 0.103        |
|    learning_rate        | 0.0003       |
|    loss                 | 2.24e+04     |
|    n_updates            | 4110         |
|    policy_gradient_loss | -0.000325    |
|    value_loss           | 6.25e+04     |
------------------------------------------
-----------------------------------------
| rollout/                |             |
|    ep_len_mean          | 100         |
|    ep_rew_mean          | 1.58e+03    |
| time/                   |             |
|    fps                  | 56          |
|    iterations           | 413         |
|    time_elapsed         | 14998       |
|    total_timesteps      | 845824      |
| train/                  |             |
|    approx_kl            | 0.001242458 |
|    clip_fraction        | 0.000342    |
|    clip_range           | 0.2         |
|    entropy_loss         | -4.53       |
|    explained_variance   | 0.174       |
|    learning_rate        | 0.0003      |
|    loss                 | 2.59e+04    |
|    n_updates            | 4120        |
|    policy_gradient_loss | -0.00071    |
|    value_loss           | 6.05e+04    |
-----------------------------------------
2026-04-18 17:36:56,927 [INFO] DGRL-v7: [AdaptivePenalty] step=847,872 | viol_rate=0.046 (target=0.05) | λ_msd: -244.8 → -244.6
------------------------------------------
| rollout/                |              |
|    ep_len_mean          | 100          |
|    ep_rew_mean          | 1.57e+03     |
| time/                   |              |
|    fps                  | 56           |
|    iterations           | 414          |
|    time_elapsed         | 15032        |
|    total_timesteps      | 847872       |
| train/                  |              |
|    approx_kl            | 0.0015004786 |
|    clip_fraction        | 0.000635     |
|    clip_range           | 0.2          |
|    entropy_loss         | -4.53        |
|    explained_variance   | 0.145        |
|    learning_rate        | 0.0003       |
|    loss                 | 2.84e+04     |
|    n_updates            | 4130         |
|    policy_gradient_loss | 0.000922     |
|    value_loss           | 7.14e+04     |
------------------------------------------
------------------------------------------
| rollout/                |              |
|    ep_len_mean          | 100          |
|    ep_rew_mean          | 1.6e+03      |
| time/                   |              |
|    fps                  | 56           |
|    iterations           | 415          |
|    time_elapsed         | 15064        |
|    total_timesteps      | 849920       |
| train/                  |              |
|    approx_kl            | 0.0011358897 |
|    clip_fraction        | 4.88e-05     |
|    clip_range           | 0.2          |
|    entropy_loss         | -4.53        |
|    explained_variance   | 0.117        |
|    learning_rate        | 0.0003       |
|    loss                 | 2.43e+04     |
|    n_updates            | 4140         |
|    policy_gradient_loss | -0.000683    |
|    value_loss           | 6.17e+04     |
------------------------------------------
Eval num_timesteps=850000, episode_reward=-28029.19 +/- 4593.80
Episode length: 100.00 +/- 0.00
-----------------------------------------
| eval/                   |             |
|    mean_ep_length       | 100         |
|    mean_reward          | -2.8e+04    |
| time/                   |             |
|    total_timesteps      | 850000      |
| train/                  |             |
|    approx_kl            | 0.001988702 |
|    clip_fraction        | 0.00151     |
|    clip_range           | 0.2         |
|    entropy_loss         | -4.53       |
|    explained_variance   | 0.178       |
|    learning_rate        | 0.0003      |
|    loss                 | 3.06e+04    |
|    n_updates            | 4150        |
|    policy_gradient_loss | 0.000308    |
|    value_loss           | 7.96e+04    |
-----------------------------------------
2026-04-18 17:38:47,295 [INFO] DGRL-v7: [AdaptivePenalty] step=851,968 | viol_rate=0.042 (target=0.05) | λ_msd: -244.6 → -244.2
---------------------------------
| rollout/           |          |
|    ep_len_mean     | 100      |
|    ep_rew_mean     | 1.61e+03 |
| time/              |          |
|    fps             | 56       |
|    iterations      | 416      |
|    time_elapsed    | 15142    |
|    total_timesteps | 851968   |
---------------------------------
------------------------------------------
| rollout/                |              |
|    ep_len_mean          | 100          |
|    ep_rew_mean          | 1.63e+03     |
| time/                   |              |
|    fps                  | 56           |
|    iterations           | 417          |
|    time_elapsed         | 15169        |
|    total_timesteps      | 854016       |
| train/                  |              |
|    approx_kl            | 0.0013198629 |
|    clip_fraction        | 0.000684     |
|    clip_range           | 0.2          |
|    entropy_loss         | -4.53        |
|    explained_variance   | 0.19         |
|    learning_rate        | 0.0003       |
|    loss                 | 2.48e+04     |
|    n_updates            | 4160         |
|    policy_gradient_loss | 0.000798     |
|    value_loss           | 6.73e+04     |
------------------------------------------
2026-04-18 17:39:46,892 [INFO] DGRL-v7: [AdaptivePenalty] step=856,064 | viol_rate=0.040 (target=0.05) | λ_msd: -244.2 → -243.7
------------------------------------------
| rollout/                |              |
|    ep_len_mean          | 100          |
|    ep_rew_mean          | 1.67e+03     |
| time/                   |              |
|    fps                  | 56           |
|    iterations           | 418          |
|    time_elapsed         | 15202        |
|    total_timesteps      | 856064       |
| train/                  |              |
|    approx_kl            | 0.0009180323 |
|    clip_fraction        | 0.000293     |
|    clip_range           | 0.2          |
|    entropy_loss         | -4.53        |
|    explained_variance   | 0.117        |
|    learning_rate        | 0.0003       |
|    loss                 | 1.77e+04     |
|    n_updates            | 4170         |
|    policy_gradient_loss | -0.000689    |
|    value_loss           | 6.44e+04     |
------------------------------------------
------------------------------------------
| rollout/                |              |
|    ep_len_mean          | 100          |
|    ep_rew_mean          | 1.64e+03     |
| time/                   |              |
|    fps                  | 56           |
|    iterations           | 419          |
|    time_elapsed         | 15235        |
|    total_timesteps      | 858112       |
| train/                  |              |
|    approx_kl            | 0.0019104212 |
|    clip_fraction        | 0.00112      |
|    clip_range           | 0.2          |
|    entropy_loss         | -4.53        |
|    explained_variance   | 0.0928       |
|    learning_rate        | 0.0003       |
|    loss                 | 1.97e+04     |
|    n_updates            | 4180         |
|    policy_gradient_loss | -0.00125     |
|    value_loss           | 6.04e+04     |
------------------------------------------
2026-04-18 17:40:51,450 [INFO] DGRL-v7: [AdaptivePenalty] step=860,160 | viol_rate=0.049 (target=0.05) | λ_msd: -243.7 → -243.6
------------------------------------------
| rollout/                |              |
|    ep_len_mean          | 100          |
|    ep_rew_mean          | 1.64e+03     |
| time/                   |              |
|    fps                  | 56           |
|    iterations           | 420          |
|    time_elapsed         | 15267        |
|    total_timesteps      | 860160       |
| train/                  |              |
|    approx_kl            | 0.0016254766 |
|    clip_fraction        | 0.00107      |
|    clip_range           | 0.2          |
|    entropy_loss         | -4.53        |
|    explained_variance   | 0.144        |
|    learning_rate        | 0.0003       |
|    loss                 | 2.23e+04     |
|    n_updates            | 4190         |
|    policy_gradient_loss | -0.00131     |
|    value_loss           | 6.86e+04     |
------------------------------------------
------------------------------------------
| rollout/                |              |
|    ep_len_mean          | 100          |
|    ep_rew_mean          | 1.67e+03     |
| time/                   |              |
|    fps                  | 56           |
|    iterations           | 421          |
|    time_elapsed         | 15295        |
|    total_timesteps      | 862208       |
| train/                  |              |
|    approx_kl            | 0.0012101093 |
|    clip_fraction        | 9.77e-05     |
|    clip_range           | 0.2          |
|    entropy_loss         | -4.53        |
|    explained_variance   | 0.116        |
|    learning_rate        | 0.0003       |
|    loss                 | 2.11e+04     |
|    n_updates            | 4200         |
|    policy_gradient_loss | -0.000213    |
|    value_loss           | 7.2e+04      |
------------------------------------------
2026-04-18 17:41:49,178 [INFO] DGRL-v7: [AdaptivePenalty] step=864,256 | viol_rate=0.033 (target=0.05) | λ_msd: -243.6 → -242.8
------------------------------------------
| rollout/                |              |
|    ep_len_mean          | 100          |
|    ep_rew_mean          | 1.71e+03     |
| time/                   |              |
|    fps                  | 56           |
|    iterations           | 422          |
|    time_elapsed         | 15324        |
|    total_timesteps      | 864256       |
| train/                  |              |
|    approx_kl            | 0.0013566168 |
|    clip_fraction        | 0.000488     |
|    clip_range           | 0.2          |
|    entropy_loss         | -4.53        |
|    explained_variance   | 0.129        |
|    learning_rate        | 0.0003       |
|    loss                 | 2.41e+04     |
|    n_updates            | 4210         |
|    policy_gradient_loss | -0.000146    |
|    value_loss           | 6.99e+04     |
------------------------------------------
------------------------------------------
| rollout/                |              |
|    ep_len_mean          | 100          |
|    ep_rew_mean          | 1.8e+03      |
| time/                   |              |
|    fps                  | 56           |
|    iterations           | 423          |
|    time_elapsed         | 15360        |
|    total_timesteps      | 866304       |
| train/                  |              |
|    approx_kl            | 0.0022093907 |
|    clip_fraction        | 0.00322      |
|    clip_range           | 0.2          |
|    entropy_loss         | -4.53        |
|    explained_variance   | 0.0693       |
|    learning_rate        | 0.0003       |
|    loss                 | 2.47e+04     |
|    n_updates            | 4220         |
|    policy_gradient_loss | 8.14e-05     |
|    value_loss           | 6.24e+04     |
------------------------------------------
2026-04-18 17:42:57,191 [INFO] DGRL-v7: [AdaptivePenalty] step=868,352 | viol_rate=0.037 (target=0.05) | λ_msd: -242.8 → -242.1
------------------------------------------
| rollout/                |              |
|    ep_len_mean          | 100          |
|    ep_rew_mean          | 1.75e+03     |
| time/                   |              |
|    fps                  | 56           |
|    iterations           | 424          |
|    time_elapsed         | 15392        |
|    total_timesteps      | 868352       |
| train/                  |              |
|    approx_kl            | 0.0013999287 |
|    clip_fraction        | 0.000244     |
|    clip_range           | 0.2          |
|    entropy_loss         | -4.52        |
|    explained_variance   | 0.129        |
|    learning_rate        | 0.0003       |
|    loss                 | 2.5e+04      |
|    n_updates            | 4230         |
|    policy_gradient_loss | 5.11e-05     |
|    value_loss           | 6.77e+04     |
------------------------------------------
-----------------------------------------
| rollout/                |             |
|    ep_len_mean          | 100         |
|    ep_rew_mean          | 1.74e+03    |
| time/                   |             |
|    fps                  | 56          |
|    iterations           | 425         |
|    time_elapsed         | 15428       |
|    total_timesteps      | 870400      |
| train/                  |             |
|    approx_kl            | 0.001844933 |
|    clip_fraction        | 0.00166     |
|    clip_range           | 0.2         |
|    entropy_loss         | -4.52       |
|    explained_variance   | 0.249       |
|    learning_rate        | 0.0003      |
|    loss                 | 1.97e+04    |
|    n_updates            | 4240        |
|    policy_gradient_loss | -2.78e-05   |
|    value_loss           | 6.22e+04    |
-----------------------------------------
2026-04-18 17:44:03,472 [INFO] DGRL-v7: [AdaptivePenalty] step=872,448 | viol_rate=0.039 (target=0.05) | λ_msd: -242.1 → -241.6
------------------------------------------
| rollout/                |              |
|    ep_len_mean          | 100          |
|    ep_rew_mean          | 1.68e+03     |
| time/                   |              |
|    fps                  | 56           |
|    iterations           | 426          |
|    time_elapsed         | 15459        |
|    total_timesteps      | 872448       |
| train/                  |              |
|    approx_kl            | 0.0019908585 |
|    clip_fraction        | 0.00186      |
|    clip_range           | 0.2          |
|    entropy_loss         | -4.53        |
|    explained_variance   | 0.0108       |
|    learning_rate        | 0.0003       |
|    loss                 | 1.85e+04     |
|    n_updates            | 4250         |
|    policy_gradient_loss | -0.000276    |
|    value_loss           | 6.36e+04     |
------------------------------------------
------------------------------------------
| rollout/                |              |
|    ep_len_mean          | 100          |
|    ep_rew_mean          | 1.74e+03     |
| time/                   |              |
|    fps                  | 56           |
|    iterations           | 427          |
|    time_elapsed         | 15492        |
|    total_timesteps      | 874496       |
| train/                  |              |
|    approx_kl            | 0.0017117296 |
|    clip_fraction        | 0.00151      |
|    clip_range           | 0.2          |
|    entropy_loss         | -4.53        |
|    explained_variance   | 0.152        |
|    learning_rate        | 0.0003       |
|    loss                 | 2.46e+04     |
|    n_updates            | 4260         |
|    policy_gradient_loss | 0.000132     |
|    value_loss           | 6.76e+04     |
------------------------------------------
2026-04-18 17:45:09,004 [INFO] DGRL-v7: [AdaptivePenalty] step=876,544 | viol_rate=0.038 (target=0.05) | λ_msd: -241.6 → -240.9
------------------------------------------
| rollout/                |              |
|    ep_len_mean          | 100          |
|    ep_rew_mean          | 1.65e+03     |
| time/                   |              |
|    fps                  | 56           |
|    iterations           | 428          |
|    time_elapsed         | 15524        |
|    total_timesteps      | 876544       |
| train/                  |              |
|    approx_kl            | 0.0013150001 |
|    clip_fraction        | 0.000342     |
|    clip_range           | 0.2          |
|    entropy_loss         | -4.53        |
|    explained_variance   | 0.151        |
|    learning_rate        | 0.0003       |
|    loss                 | 2.3e+04      |
|    n_updates            | 4270         |
|    policy_gradient_loss | 0.00113      |
|    value_loss           | 6.52e+04     |
------------------------------------------
------------------------------------------
| rollout/                |              |
|    ep_len_mean          | 100          |
|    ep_rew_mean          | 1.69e+03     |
| time/                   |              |
|    fps                  | 56           |
|    iterations           | 429          |
|    time_elapsed         | 15559        |
|    total_timesteps      | 878592       |
| train/                  |              |
|    approx_kl            | 0.0014674864 |
|    clip_fraction        | 0.00112      |
|    clip_range           | 0.2          |
|    entropy_loss         | -4.52        |
|    explained_variance   | 0.179        |
|    learning_rate        | 0.0003       |
|    loss                 | 2.33e+04     |
|    n_updates            | 4280         |
|    policy_gradient_loss | -0.000859    |
|    value_loss           | 6.18e+04     |
------------------------------------------
2026-04-18 17:46:14,188 [INFO] DGRL-v7: [AdaptivePenalty] step=880,640 | viol_rate=0.040 (target=0.05) | λ_msd: -240.9 → -240.4
------------------------------------------
| rollout/                |              |
|    ep_len_mean          | 100          |
|    ep_rew_mean          | 1.73e+03     |
| time/                   |              |
|    fps                  | 56           |
|    iterations           | 430          |
|    time_elapsed         | 15589        |
|    total_timesteps      | 880640       |
| train/                  |              |
|    approx_kl            | 0.0012101496 |
|    clip_fraction        | 0.000586     |
|    clip_range           | 0.2          |
|    entropy_loss         | -4.52        |
|    explained_variance   | 0.0752       |
|    learning_rate        | 0.0003       |
|    loss                 | 2.44e+04     |
|    n_updates            | 4290         |
|    policy_gradient_loss | -3.11e-06    |
|    value_loss           | 6.81e+04     |
------------------------------------------
------------------------------------------
| rollout/                |              |
|    ep_len_mean          | 100          |
|    ep_rew_mean          | 1.71e+03     |
| time/                   |              |
|    fps                  | 56           |
|    iterations           | 431          |
|    time_elapsed         | 15624        |
|    total_timesteps      | 882688       |
| train/                  |              |
|    approx_kl            | 0.0014223922 |
|    clip_fraction        | 0.000879     |
|    clip_range           | 0.2          |
|    entropy_loss         | -4.52        |
|    explained_variance   | 0.204        |
|    learning_rate        | 0.0003       |
|    loss                 | 2.83e+04     |
|    n_updates            | 4300         |
|    policy_gradient_loss | 0.000785     |
|    value_loss           | 6.59e+04     |
------------------------------------------
2026-04-18 17:47:23,887 [INFO] DGRL-v7: [AdaptivePenalty] step=884,736 | viol_rate=0.042 (target=0.05) | λ_msd: -240.4 → -240.1
------------------------------------------
| rollout/                |              |
|    ep_len_mean          | 100          |
|    ep_rew_mean          | 1.68e+03     |
| time/                   |              |
|    fps                  | 56           |
|    iterations           | 432          |
|    time_elapsed         | 15659        |
|    total_timesteps      | 884736       |
| train/                  |              |
|    approx_kl            | 0.0014285278 |
|    clip_fraction        | 0.000586     |
|    clip_range           | 0.2          |
|    entropy_loss         | -4.52        |
|    explained_variance   | 0.177        |
|    learning_rate        | 0.0003       |
|    loss                 | 2.41e+04     |
|    n_updates            | 4310         |
|    policy_gradient_loss | -0.000735    |
|    value_loss           | 6.6e+04      |
------------------------------------------
------------------------------------------
| rollout/                |              |
|    ep_len_mean          | 100          |
|    ep_rew_mean          | 1.65e+03     |
| time/                   |              |
|    fps                  | 56           |
|    iterations           | 433          |
|    time_elapsed         | 15686        |
|    total_timesteps      | 886784       |
| train/                  |              |
|    approx_kl            | 0.0012727962 |
|    clip_fraction        | 0.000439     |
|    clip_range           | 0.2          |
|    entropy_loss         | -4.52        |
|    explained_variance   | 0.195        |
|    learning_rate        | 0.0003       |
|    loss                 | 2.51e+04     |
|    n_updates            | 4320         |
|    policy_gradient_loss | 0.00101      |
|    value_loss           | 6.05e+04     |
------------------------------------------
2026-04-18 17:48:24,658 [INFO] DGRL-v7: [AdaptivePenalty] step=888,832 | viol_rate=0.042 (target=0.05) | λ_msd: -240.1 → -239.7
------------------------------------------
| rollout/                |              |
|    ep_len_mean          | 100          |
|    ep_rew_mean          | 1.62e+03     |
| time/                   |              |
|    fps                  | 56           |
|    iterations           | 434          |
|    time_elapsed         | 15720        |
|    total_timesteps      | 888832       |
| train/                  |              |
|    approx_kl            | 0.0017982002 |
|    clip_fraction        | 0.00186      |
|    clip_range           | 0.2          |
|    entropy_loss         | -4.53        |
|    explained_variance   | 0.212        |
|    learning_rate        | 0.0003       |
|    loss                 | 1.87e+04     |
|    n_updates            | 4330         |
|    policy_gradient_loss | -0.0018      |
|    value_loss           | 5.42e+04     |
------------------------------------------
------------------------------------------
| rollout/                |              |
|    ep_len_mean          | 100          |
|    ep_rew_mean          | 1.55e+03     |
| time/                   |              |
|    fps                  | 56           |
|    iterations           | 435          |
|    time_elapsed         | 15755        |
|    total_timesteps      | 890880       |
| train/                  |              |
|    approx_kl            | 0.0017908835 |
|    clip_fraction        | 0.00112      |
|    clip_range           | 0.2          |
|    entropy_loss         | -4.53        |
|    explained_variance   | 0.162        |
|    learning_rate        | 0.0003       |
|    loss                 | 2.87e+04     |
|    n_updates            | 4340         |
|    policy_gradient_loss | -0.000276    |
|    value_loss           | 7e+04        |
------------------------------------------
2026-04-18 17:49:32,867 [INFO] DGRL-v7: [AdaptivePenalty] step=892,928 | viol_rate=0.040 (target=0.05) | λ_msd: -239.7 → -239.2
------------------------------------------
| rollout/                |              |
|    ep_len_mean          | 100          |
|    ep_rew_mean          | 1.57e+03     |
| time/                   |              |
|    fps                  | 56           |
|    iterations           | 436          |
|    time_elapsed         | 15788        |
|    total_timesteps      | 892928       |
| train/                  |              |
|    approx_kl            | 0.0020194012 |
|    clip_fraction        | 0.00166      |
|    clip_range           | 0.2          |
|    entropy_loss         | -4.53        |
|    explained_variance   | 0.0881       |
|    learning_rate        | 0.0003       |
|    loss                 | 2.59e+04     |
|    n_updates            | 4350         |
|    policy_gradient_loss | 0.00117      |
|    value_loss           | 7.08e+04     |
------------------------------------------
-----------------------------------------
| rollout/                |             |
|    ep_len_mean          | 100         |
|    ep_rew_mean          | 1.52e+03    |
| time/                   |             |
|    fps                  | 56          |
|    iterations           | 437         |
|    time_elapsed         | 15821       |
|    total_timesteps      | 894976      |
| train/                  |             |
|    approx_kl            | 0.001251111 |
|    clip_fraction        | 0.000244    |
|    clip_range           | 0.2         |
|    entropy_loss         | -4.54       |
|    explained_variance   | 0.13        |
|    learning_rate        | 0.0003      |
|    loss                 | 2.49e+04    |
|    n_updates            | 4360        |
|    policy_gradient_loss | 0.000397    |
|    value_loss           | 7.84e+04    |
-----------------------------------------
2026-04-18 17:50:35,107 [INFO] DGRL-v7: [AdaptivePenalty] step=897,024 | viol_rate=0.049 (target=0.05) | λ_msd: -239.2 → -239.1
-----------------------------------------
| rollout/                |             |
|    ep_len_mean          | 100         |
|    ep_rew_mean          | 1.53e+03    |
| time/                   |             |
|    fps                  | 56          |
|    iterations           | 438         |
|    time_elapsed         | 15850       |
|    total_timesteps      | 897024      |
| train/                  |             |
|    approx_kl            | 0.001301387 |
|    clip_fraction        | 0           |
|    clip_range           | 0.2         |
|    entropy_loss         | -4.54       |
|    explained_variance   | 0.228       |
|    learning_rate        | 0.0003      |
|    loss                 | 2.77e+04    |
|    n_updates            | 4370        |
|    policy_gradient_loss | -0.000485   |
|    value_loss           | 7.56e+04    |
-----------------------------------------
------------------------------------------
| rollout/                |              |
|    ep_len_mean          | 100          |
|    ep_rew_mean          | 1.61e+03     |
| time/                   |              |
|    fps                  | 56           |
|    iterations           | 439          |
|    time_elapsed         | 15886        |
|    total_timesteps      | 899072       |
| train/                  |              |
|    approx_kl            | 0.0014981662 |
|    clip_fraction        | 0.000732     |
|    clip_range           | 0.2          |
|    entropy_loss         | -4.54        |
|    explained_variance   | 0.178        |
|    learning_rate        | 0.0003       |
|    loss                 | 2.97e+04     |
|    n_updates            | 4380         |
|    policy_gradient_loss | -0.000798    |
|    value_loss           | 6.4e+04      |
------------------------------------------
Eval num_timesteps=900000, episode_reward=-15449.48 +/- 4459.34
Episode length: 100.00 +/- 0.00
------------------------------------------
| eval/                   |              |
|    mean_ep_length       | 100          |
|    mean_reward          | -1.54e+04    |
| time/                   |              |
|    total_timesteps      | 900000       |
| train/                  |              |
|    approx_kl            | 0.0021382743 |
|    clip_fraction        | 0.00225      |
|    clip_range           | 0.2          |
|    entropy_loss         | -4.54        |
|    explained_variance   | 0.0162       |
|    learning_rate        | 0.0003       |
|    loss                 | 2.53e+04     |
|    n_updates            | 4390         |
|    policy_gradient_loss | -0.000156    |
|    value_loss           | 5.89e+04     |
------------------------------------------
2026-04-18 17:52:35,132 [INFO] DGRL-v7: [AdaptivePenalty] step=901,120 | viol_rate=0.049 (target=0.05) | λ_msd: -239.1 → -239.0
---------------------------------
| rollout/           |          |
|    ep_len_mean     | 100      |
|    ep_rew_mean     | 1.58e+03 |
| time/              |          |
|    fps             | 56       |
|    iterations      | 440      |
|    time_elapsed    | 15970    |
|    total_timesteps | 901120   |
---------------------------------
------------------------------------------
| rollout/                |              |
|    ep_len_mean          | 100          |
|    ep_rew_mean          | 1.63e+03     |
| time/                   |              |
|    fps                  | 56           |
|    iterations           | 441          |
|    time_elapsed         | 15997        |
|    total_timesteps      | 903168       |
| train/                  |              |
|    approx_kl            | 0.0013643773 |
|    clip_fraction        | 0.000488     |
|    clip_range           | 0.2          |
|    entropy_loss         | -4.53        |
|    explained_variance   | 0.177        |
|    learning_rate        | 0.0003       |
|    loss                 | 2.17e+04     |
|    n_updates            | 4400         |
|    policy_gradient_loss | -0.00089     |
|    value_loss           | 7.08e+04     |
------------------------------------------
2026-04-18 17:53:36,239 [INFO] DGRL-v7: [AdaptivePenalty] step=905,216 | viol_rate=0.043 (target=0.05) | λ_msd: -239.0 → -238.7
------------------------------------------
| rollout/                |              |
|    ep_len_mean          | 100          |
|    ep_rew_mean          | 1.63e+03     |
| time/                   |              |
|    fps                  | 56           |
|    iterations           | 442          |
|    time_elapsed         | 16031        |
|    total_timesteps      | 905216       |
| train/                  |              |
|    approx_kl            | 0.0011153184 |
|    clip_fraction        | 0.000146     |
|    clip_range           | 0.2          |
|    entropy_loss         | -4.53        |
|    explained_variance   | 0.207        |
|    learning_rate        | 0.0003       |
|    loss                 | 2.51e+04     |
|    n_updates            | 4410         |
|    policy_gradient_loss | -0.00141     |
|    value_loss           | 6.51e+04     |
------------------------------------------
-----------------------------------------
| rollout/                |             |
|    ep_len_mean          | 100         |
|    ep_rew_mean          | 1.61e+03    |
| time/                   |             |
|    fps                  | 56          |
|    iterations           | 443         |
|    time_elapsed         | 16066       |
|    total_timesteps      | 907264      |
| train/                  |             |
|    approx_kl            | 0.001211642 |
|    clip_fraction        | 0.000244    |
|    clip_range           | 0.2         |
|    entropy_loss         | -4.53       |
|    explained_variance   | 0.31        |
|    learning_rate        | 0.0003      |
|    loss                 | 1.93e+04    |
|    n_updates            | 4420        |
|    policy_gradient_loss | 0.00197     |
|    value_loss           | 6.61e+04    |
-----------------------------------------
2026-04-18 17:54:44,220 [INFO] DGRL-v7: [AdaptivePenalty] step=909,312 | viol_rate=0.045 (target=0.05) | λ_msd: -238.7 → -238.4
------------------------------------------
| rollout/                |              |
|    ep_len_mean          | 100          |
|    ep_rew_mean          | 1.6e+03      |
| time/                   |              |
|    fps                  | 56           |
|    iterations           | 444          |
|    time_elapsed         | 16099        |
|    total_timesteps      | 909312       |
| train/                  |              |
|    approx_kl            | 0.0016135274 |
|    clip_fraction        | 0.000586     |
|    clip_range           | 0.2          |
|    entropy_loss         | -4.53        |
|    explained_variance   | 0.14         |
|    learning_rate        | 0.0003       |
|    loss                 | 2.56e+04     |
|    n_updates            | 4430         |
|    policy_gradient_loss | -0.000961    |
|    value_loss           | 8.29e+04     |
------------------------------------------
-----------------------------------------
| rollout/                |             |
|    ep_len_mean          | 100         |
|    ep_rew_mean          | 1.63e+03    |
| time/                   |             |
|    fps                  | 56          |
|    iterations           | 445         |
|    time_elapsed         | 16135       |
|    total_timesteps      | 911360      |
| train/                  |             |
|    approx_kl            | 0.001448683 |
|    clip_fraction        | 0.000879    |
|    clip_range           | 0.2         |
|    entropy_loss         | -4.52       |
|    explained_variance   | 0.216       |
|    learning_rate        | 0.0003      |
|    loss                 | 2.17e+04    |
|    n_updates            | 4440        |
|    policy_gradient_loss | -0.00161    |
|    value_loss           | 6.88e+04    |
-----------------------------------------
2026-04-18 17:55:52,980 [INFO] DGRL-v7: [AdaptivePenalty] step=913,408 | viol_rate=0.038 (target=0.05) | λ_msd: -238.4 → -237.8
-----------------------------------------
| rollout/                |             |
|    ep_len_mean          | 100         |
|    ep_rew_mean          | 1.6e+03     |
| time/                   |             |
|    fps                  | 56          |
|    iterations           | 446         |
|    time_elapsed         | 16168       |
|    total_timesteps      | 913408      |
| train/                  |             |
|    approx_kl            | 0.001273905 |
|    clip_fraction        | 0.000781    |
|    clip_range           | 0.2         |
|    entropy_loss         | -4.52       |
|    explained_variance   | 0.0587      |
|    learning_rate        | 0.0003      |
|    loss                 | 1.89e+04    |
|    n_updates            | 4450        |
|    policy_gradient_loss | 9.2e-05     |
|    value_loss           | 7.12e+04    |
-----------------------------------------
------------------------------------------
| rollout/                |              |
|    ep_len_mean          | 100          |
|    ep_rew_mean          | 1.55e+03     |
| time/                   |              |
|    fps                  | 56           |
|    iterations           | 447          |
|    time_elapsed         | 16194        |
|    total_timesteps      | 915456       |
| train/                  |              |
|    approx_kl            | 0.0012332659 |
|    clip_fraction        | 0.000342     |
|    clip_range           | 0.2          |
|    entropy_loss         | -4.52        |
|    explained_variance   | 0.146        |
|    learning_rate        | 0.0003       |
|    loss                 | 2.28e+04     |
|    n_updates            | 4460         |
|    policy_gradient_loss | 0.000146     |
|    value_loss           | 6.35e+04     |
------------------------------------------
2026-04-18 17:56:54,653 [INFO] DGRL-v7: [AdaptivePenalty] step=917,504 | viol_rate=0.045 (target=0.05) | λ_msd: -237.8 → -237.6
------------------------------------------
| rollout/                |              |
|    ep_len_mean          | 100          |
|    ep_rew_mean          | 1.53e+03     |
| time/                   |              |
|    fps                  | 56           |
|    iterations           | 448          |
|    time_elapsed         | 16230        |
|    total_timesteps      | 917504       |
| train/                  |              |
|    approx_kl            | 0.0014834125 |
|    clip_fraction        | 0.000244     |
|    clip_range           | 0.2          |
|    entropy_loss         | -4.53        |
|    explained_variance   | 0.142        |
|    learning_rate        | 0.0003       |
|    loss                 | 2.34e+04     |
|    n_updates            | 4470         |
|    policy_gradient_loss | 0.000122     |
|    value_loss           | 7.56e+04     |
------------------------------------------
------------------------------------------
| rollout/                |              |
|    ep_len_mean          | 100          |
|    ep_rew_mean          | 1.59e+03     |
| time/                   |              |
|    fps                  | 56           |
|    iterations           | 449          |
|    time_elapsed         | 16259        |
|    total_timesteps      | 919552       |
| train/                  |              |
|    approx_kl            | 0.0012372122 |
|    clip_fraction        | 4.88e-05     |
|    clip_range           | 0.2          |
|    entropy_loss         | -4.53        |
|    explained_variance   | 0.197        |
|    learning_rate        | 0.0003       |
|    loss                 | 3.19e+04     |
|    n_updates            | 4480         |
|    policy_gradient_loss | 0.000136     |
|    value_loss           | 9.02e+04     |
------------------------------------------
2026-04-18 17:57:54,216 [INFO] DGRL-v7: [AdaptivePenalty] step=921,600 | viol_rate=0.044 (target=0.05) | λ_msd: -237.6 → -237.3
------------------------------------------
| rollout/                |              |
|    ep_len_mean          | 100          |
|    ep_rew_mean          | 1.59e+03     |
| time/                   |              |
|    fps                  | 56           |
|    iterations           | 450          |
|    time_elapsed         | 16289        |
|    total_timesteps      | 921600       |
| train/                  |              |
|    approx_kl            | 0.0012931705 |
|    clip_fraction        | 0.00083      |
|    clip_range           | 0.2          |
|    entropy_loss         | -4.53        |
|    explained_variance   | 0.0562       |
|    learning_rate        | 0.0003       |
|    loss                 | 2.46e+04     |
|    n_updates            | 4490         |
|    policy_gradient_loss | -0.000497    |
|    value_loss           | 6.67e+04     |
------------------------------------------
------------------------------------------
| rollout/                |              |
|    ep_len_mean          | 100          |
|    ep_rew_mean          | 1.57e+03     |
| time/                   |              |
|    fps                  | 56           |
|    iterations           | 451          |
|    time_elapsed         | 16323        |
|    total_timesteps      | 923648       |
| train/                  |              |
|    approx_kl            | 0.0013731199 |
|    clip_fraction        | 0.000342     |
|    clip_range           | 0.2          |
|    entropy_loss         | -4.52        |
|    explained_variance   | 0.176        |
|    learning_rate        | 0.0003       |
|    loss                 | 2.3e+04      |
|    n_updates            | 4500         |
|    policy_gradient_loss | -0.00126     |
|    value_loss           | 5.98e+04     |
------------------------------------------
2026-04-18 17:59:03,217 [INFO] DGRL-v7: [AdaptivePenalty] step=925,696 | viol_rate=0.044 (target=0.05) | λ_msd: -237.3 → -237.0
------------------------------------------
| rollout/                |              |
|    ep_len_mean          | 100          |
|    ep_rew_mean          | 1.59e+03     |
| time/                   |              |
|    fps                  | 56           |
|    iterations           | 452          |
|    time_elapsed         | 16358        |
|    total_timesteps      | 925696       |
| train/                  |              |
|    approx_kl            | 0.0017931479 |
|    clip_fraction        | 0.00205      |
|    clip_range           | 0.2          |
|    entropy_loss         | -4.52        |
|    explained_variance   | 0.174        |
|    learning_rate        | 0.0003       |
|    loss                 | 2.68e+04     |
|    n_updates            | 4510         |
|    policy_gradient_loss | 0.000617     |
|    value_loss           | 7.22e+04     |
------------------------------------------
-----------------------------------------
| rollout/                |             |
|    ep_len_mean          | 100         |
|    ep_rew_mean          | 1.67e+03    |
| time/                   |             |
|    fps                  | 56          |
|    iterations           | 453         |
|    time_elapsed         | 16393       |
|    total_timesteps      | 927744      |
| train/                  |             |
|    approx_kl            | 0.002140837 |
|    clip_fraction        | 0.0021      |
|    clip_range           | 0.2         |
|    entropy_loss         | -4.53       |
|    explained_variance   | 0.225       |
|    learning_rate        | 0.0003      |
|    loss                 | 2.37e+04    |
|    n_updates            | 4520        |
|    policy_gradient_loss | -0.00134    |
|    value_loss           | 6.25e+04    |
-----------------------------------------
2026-04-18 18:00:09,584 [INFO] DGRL-v7: [AdaptivePenalty] step=929,792 | viol_rate=0.043 (target=0.05) | λ_msd: -237.0 → -236.7
-----------------------------------------
| rollout/                |             |
|    ep_len_mean          | 100         |
|    ep_rew_mean          | 1.6e+03     |
| time/                   |             |
|    fps                  | 56          |
|    iterations           | 454         |
|    time_elapsed         | 16425       |
|    total_timesteps      | 929792      |
| train/                  |             |
|    approx_kl            | 0.001286968 |
|    clip_fraction        | 4.88e-05    |
|    clip_range           | 0.2         |
|    entropy_loss         | -4.53       |
|    explained_variance   | 0.21        |
|    learning_rate        | 0.0003      |
|    loss                 | 2.63e+04    |
|    n_updates            | 4530        |
|    policy_gradient_loss | -0.000646   |
|    value_loss           | 6.48e+04    |
-----------------------------------------
------------------------------------------
| rollout/                |              |
|    ep_len_mean          | 100          |
|    ep_rew_mean          | 1.63e+03     |
| time/                   |              |
|    fps                  | 56           |
|    iterations           | 455          |
|    time_elapsed         | 16458        |
|    total_timesteps      | 931840       |
| train/                  |              |
|    approx_kl            | 0.0012079712 |
|    clip_fraction        | 0.000732     |
|    clip_range           | 0.2          |
|    entropy_loss         | -4.52        |
|    explained_variance   | 0.205        |
|    learning_rate        | 0.0003       |
|    loss                 | 2.29e+04     |
|    n_updates            | 4540         |
|    policy_gradient_loss | 0.000307     |
|    value_loss           | 7.61e+04     |
------------------------------------------
2026-04-18 18:01:16,041 [INFO] DGRL-v7: [AdaptivePenalty] step=933,888 | viol_rate=0.045 (target=0.05) | λ_msd: -236.7 → -236.4
------------------------------------------
| rollout/                |              |
|    ep_len_mean          | 100          |
|    ep_rew_mean          | 1.6e+03      |
| time/                   |              |
|    fps                  | 56           |
|    iterations           | 456          |
|    time_elapsed         | 16491        |
|    total_timesteps      | 933888       |
| train/                  |              |
|    approx_kl            | 0.0013715695 |
|    clip_fraction        | 0.000586     |
|    clip_range           | 0.2          |
|    entropy_loss         | -4.52        |
|    explained_variance   | 0.234        |
|    learning_rate        | 0.0003       |
|    loss                 | 3.16e+04     |
|    n_updates            | 4550         |
|    policy_gradient_loss | 0.000378     |
|    value_loss           | 8.34e+04     |
------------------------------------------
-----------------------------------------
| rollout/                |             |
|    ep_len_mean          | 100         |
|    ep_rew_mean          | 1.62e+03    |
| time/                   |             |
|    fps                  | 56          |
|    iterations           | 457         |
|    time_elapsed         | 16527       |
|    total_timesteps      | 935936      |
| train/                  |             |
|    approx_kl            | 0.001304815 |
|    clip_fraction        | 0.000293    |
|    clip_range           | 0.2         |
|    entropy_loss         | -4.53       |
|    explained_variance   | 0.163       |
|    learning_rate        | 0.0003      |
|    loss                 | 2.02e+04    |
|    n_updates            | 4560        |
|    policy_gradient_loss | -0.000828   |
|    value_loss           | 5.54e+04    |
-----------------------------------------
2026-04-18 18:02:25,485 [INFO] DGRL-v7: [AdaptivePenalty] step=937,984 | viol_rate=0.041 (target=0.05) | λ_msd: -236.4 → -236.0
------------------------------------------
| rollout/                |              |
|    ep_len_mean          | 100          |
|    ep_rew_mean          | 1.58e+03     |
| time/                   |              |
|    fps                  | 56           |
|    iterations           | 458          |
|    time_elapsed         | 16561        |
|    total_timesteps      | 937984       |
| train/                  |              |
|    approx_kl            | 0.0012139294 |
|    clip_fraction        | 0.000195     |
|    clip_range           | 0.2          |
|    entropy_loss         | -4.52        |
|    explained_variance   | 0.351        |
|    learning_rate        | 0.0003       |
|    loss                 | 1.77e+04     |
|    n_updates            | 4570         |
|    policy_gradient_loss | -0.000326    |
|    value_loss           | 5.35e+04     |
------------------------------------------
-----------------------------------------
| rollout/                |             |
|    ep_len_mean          | 100         |
|    ep_rew_mean          | 1.58e+03    |
| time/                   |             |
|    fps                  | 56          |
|    iterations           | 459         |
|    time_elapsed         | 16597       |
|    total_timesteps      | 940032      |
| train/                  |             |
|    approx_kl            | 0.001238168 |
|    clip_fraction        | 0.000586    |
|    clip_range           | 0.2         |
|    entropy_loss         | -4.52       |
|    explained_variance   | 0.115       |
|    learning_rate        | 0.0003      |
|    loss                 | 2.45e+04    |
|    n_updates            | 4580        |
|    policy_gradient_loss | 0.000779    |
|    value_loss           | 6.5e+04     |
-----------------------------------------
2026-04-18 18:03:36,574 [INFO] DGRL-v7: [AdaptivePenalty] step=942,080 | viol_rate=0.040 (target=0.05) | λ_msd: -236.0 → -235.5
------------------------------------------
| rollout/                |              |
|    ep_len_mean          | 100          |
|    ep_rew_mean          | 1.59e+03     |
| time/                   |              |
|    fps                  | 56           |
|    iterations           | 460          |
|    time_elapsed         | 16632        |
|    total_timesteps      | 942080       |
| train/                  |              |
|    approx_kl            | 0.0012955582 |
|    clip_fraction        | 0.000195     |
|    clip_range           | 0.2          |
|    entropy_loss         | -4.52        |
|    explained_variance   | 0.179        |
|    learning_rate        | 0.0003       |
|    loss                 | 2.62e+04     |
|    n_updates            | 4590         |
|    policy_gradient_loss | 0.000563     |
|    value_loss           | 6.25e+04     |
------------------------------------------
------------------------------------------
| rollout/                |              |
|    ep_len_mean          | 100          |
|    ep_rew_mean          | 1.62e+03     |
| time/                   |              |
|    fps                  | 56           |
|    iterations           | 461          |
|    time_elapsed         | 16667        |
|    total_timesteps      | 944128       |
| train/                  |              |
|    approx_kl            | 0.0014815356 |
|    clip_fraction        | 0.000439     |
|    clip_range           | 0.2          |
|    entropy_loss         | -4.52        |
|    explained_variance   | 0.242        |
|    learning_rate        | 0.0003       |
|    loss                 | 2.93e+04     |
|    n_updates            | 4600         |
|    policy_gradient_loss | 0.000479     |
|    value_loss           | 7.84e+04     |
------------------------------------------
2026-04-18 18:04:46,276 [INFO] DGRL-v7: [AdaptivePenalty] step=946,176 | viol_rate=0.040 (target=0.05) | λ_msd: -235.5 → -234.9
------------------------------------------
| rollout/                |              |
|    ep_len_mean          | 100          |
|    ep_rew_mean          | 1.6e+03      |
| time/                   |              |
|    fps                  | 56           |
|    iterations           | 462          |
|    time_elapsed         | 16701        |
|    total_timesteps      | 946176       |
| train/                  |              |
|    approx_kl            | 0.0012287516 |
|    clip_fraction        | 0.000342     |
|    clip_range           | 0.2          |
|    entropy_loss         | -4.52        |
|    explained_variance   | 0.183        |
|    learning_rate        | 0.0003       |
|    loss                 | 2.62e+04     |
|    n_updates            | 4610         |
|    policy_gradient_loss | -6.83e-05    |
|    value_loss           | 6.47e+04     |
------------------------------------------
------------------------------------------
| rollout/                |              |
|    ep_len_mean          | 100          |
|    ep_rew_mean          | 1.67e+03     |
| time/                   |              |
|    fps                  | 56           |
|    iterations           | 463          |
|    time_elapsed         | 16736        |
|    total_timesteps      | 948224       |
| train/                  |              |
|    approx_kl            | 0.0011712472 |
|    clip_fraction        | 0.000781     |
|    clip_range           | 0.2          |
|    entropy_loss         | -4.52        |
|    explained_variance   | 0.182        |
|    learning_rate        | 0.0003       |
|    loss                 | 2.56e+04     |
|    n_updates            | 4620         |
|    policy_gradient_loss | -0.000927    |
|    value_loss           | 6.7e+04      |
------------------------------------------
Eval num_timesteps=950000, episode_reward=-6818.73 +/- 2151.51
Episode length: 100.00 +/- 0.00
------------------------------------------
| eval/                   |              |
|    mean_ep_length       | 100          |
|    mean_reward          | -6.82e+03    |
| time/                   |              |
|    total_timesteps      | 950000       |
| train/                  |              |
|    approx_kl            | 0.0013981563 |
|    clip_fraction        | 0.000732     |
|    clip_range           | 0.2          |
|    entropy_loss         | -4.52        |
|    explained_variance   | 0.228        |
|    learning_rate        | 0.0003       |
|    loss                 | 2.16e+04     |
|    n_updates            | 4630         |
|    policy_gradient_loss | -0.000316    |
|    value_loss           | 6.14e+04     |
------------------------------------------
2026-04-18 18:06:45,580 [INFO] DGRL-v7: [AdaptivePenalty] step=950,272 | viol_rate=0.042 (target=0.05) | λ_msd: -234.9 → -234.6
---------------------------------
| rollout/           |          |
|    ep_len_mean     | 100      |
|    ep_rew_mean     | 1.64e+03 |
| time/              |          |
|    fps             | 56       |
|    iterations      | 464      |
|    time_elapsed    | 16821    |
|    total_timesteps | 950272   |
---------------------------------
------------------------------------------
| rollout/                |              |
|    ep_len_mean          | 100          |
|    ep_rew_mean          | 1.74e+03     |
| time/                   |              |
|    fps                  | 56           |
|    iterations           | 465          |
|    time_elapsed         | 16857        |
|    total_timesteps      | 952320       |
| train/                  |              |
|    approx_kl            | 0.0013653084 |
|    clip_fraction        | 0.000391     |
|    clip_range           | 0.2          |
|    entropy_loss         | -4.52        |
|    explained_variance   | 0.277        |
|    learning_rate        | 0.0003       |
|    loss                 | 2.37e+04     |
|    n_updates            | 4640         |
|    policy_gradient_loss | -0.00108     |
|    value_loss           | 6.82e+04     |
------------------------------------------
2026-04-18 18:07:55,496 [INFO] DGRL-v7: [AdaptivePenalty] step=954,368 | viol_rate=0.042 (target=0.05) | λ_msd: -234.6 → -234.2
------------------------------------------
| rollout/                |              |
|    ep_len_mean          | 100          |
|    ep_rew_mean          | 1.65e+03     |
| time/                   |              |
|    fps                  | 56           |
|    iterations           | 466          |
|    time_elapsed         | 16891        |
|    total_timesteps      | 954368       |
| train/                  |              |
|    approx_kl            | 0.0011818816 |
|    clip_fraction        | 0.000684     |
|    clip_range           | 0.2          |
|    entropy_loss         | -4.52        |
|    explained_variance   | 0.228        |
|    learning_rate        | 0.0003       |
|    loss                 | 2.06e+04     |
|    n_updates            | 4650         |
|    policy_gradient_loss | 4.61e-05     |
|    value_loss           | 5.51e+04     |
------------------------------------------
------------------------------------------
| rollout/                |              |
|    ep_len_mean          | 100          |
|    ep_rew_mean          | 1.65e+03     |
| time/                   |              |
|    fps                  | 56           |
|    iterations           | 467          |
|    time_elapsed         | 16923        |
|    total_timesteps      | 956416       |
| train/                  |              |
|    approx_kl            | 0.0016776818 |
|    clip_fraction        | 0.00146      |
|    clip_range           | 0.2          |
|    entropy_loss         | -4.52        |
|    explained_variance   | 0.196        |
|    learning_rate        | 0.0003       |
|    loss                 | 2.5e+04      |
|    n_updates            | 4660         |
|    policy_gradient_loss | 0.00145      |
|    value_loss           | 7.61e+04     |
------------------------------------------
2026-04-18 18:08:59,631 [INFO] DGRL-v7: [AdaptivePenalty] step=958,464 | viol_rate=0.043 (target=0.05) | λ_msd: -234.2 → -233.8
------------------------------------------
| rollout/                |              |
|    ep_len_mean          | 100          |
|    ep_rew_mean          | 1.61e+03     |
| time/                   |              |
|    fps                  | 56           |
|    iterations           | 468          |
|    time_elapsed         | 16955        |
|    total_timesteps      | 958464       |
| train/                  |              |
|    approx_kl            | 0.0014956456 |
|    clip_fraction        | 0.00083      |
|    clip_range           | 0.2          |
|    entropy_loss         | -4.53        |
|    explained_variance   | 0.223        |
|    learning_rate        | 0.0003       |
|    loss                 | 2.15e+04     |
|    n_updates            | 4670         |
|    policy_gradient_loss | -5.43e-05    |
|    value_loss           | 7e+04        |
------------------------------------------
------------------------------------------
| rollout/                |              |
|    ep_len_mean          | 100          |
|    ep_rew_mean          | 1.62e+03     |
| time/                   |              |
|    fps                  | 56           |
|    iterations           | 469          |
|    time_elapsed         | 16990        |
|    total_timesteps      | 960512       |
| train/                  |              |
|    approx_kl            | 0.0018249722 |
|    clip_fraction        | 0.000635     |
|    clip_range           | 0.2          |
|    entropy_loss         | -4.53        |
|    explained_variance   | 0.0436       |
|    learning_rate        | 0.0003       |
|    loss                 | 2.58e+04     |
|    n_updates            | 4680         |
|    policy_gradient_loss | 0.000458     |
|    value_loss           | 7.25e+04     |
------------------------------------------
2026-04-18 18:10:10,129 [INFO] DGRL-v7: [AdaptivePenalty] step=962,560 | viol_rate=0.046 (target=0.05) | λ_msd: -233.8 → -233.6
------------------------------------------
| rollout/                |              |
|    ep_len_mean          | 100          |
|    ep_rew_mean          | 1.55e+03     |
| time/                   |              |
|    fps                  | 56           |
|    iterations           | 470          |
|    time_elapsed         | 17025        |
|    total_timesteps      | 962560       |
| train/                  |              |
|    approx_kl            | 0.0013501464 |
|    clip_fraction        | 0.000732     |
|    clip_range           | 0.2          |
|    entropy_loss         | -4.53        |
|    explained_variance   | 0.183        |
|    learning_rate        | 0.0003       |
|    loss                 | 2.13e+04     |
|    n_updates            | 4690         |
|    policy_gradient_loss | 0.0016       |
|    value_loss           | 6.32e+04     |
------------------------------------------
------------------------------------------
| rollout/                |              |
|    ep_len_mean          | 100          |
|    ep_rew_mean          | 1.67e+03     |
| time/                   |              |
|    fps                  | 56           |
|    iterations           | 471          |
|    time_elapsed         | 17058        |
|    total_timesteps      | 964608       |
| train/                  |              |
|    approx_kl            | 0.0011646699 |
|    clip_fraction        | 4.88e-05     |
|    clip_range           | 0.2          |
|    entropy_loss         | -4.53        |
|    explained_variance   | 0.176        |
|    learning_rate        | 0.0003       |
|    loss                 | 2.56e+04     |
|    n_updates            | 4700         |
|    policy_gradient_loss | -0.00131     |
|    value_loss           | 6.41e+04     |
------------------------------------------
2026-04-18 18:11:16,582 [INFO] DGRL-v7: [AdaptivePenalty] step=966,656 | viol_rate=0.037 (target=0.05) | λ_msd: -233.6 → -233.0
------------------------------------------
| rollout/                |              |
|    ep_len_mean          | 100          |
|    ep_rew_mean          | 1.76e+03     |
| time/                   |              |
|    fps                  | 56           |
|    iterations           | 472          |
|    time_elapsed         | 17092        |
|    total_timesteps      | 966656       |
| train/                  |              |
|    approx_kl            | 0.0010679975 |
|    clip_fraction        | 0.000146     |
|    clip_range           | 0.2          |
|    entropy_loss         | -4.53        |
|    explained_variance   | 0.226        |
|    learning_rate        | 0.0003       |
|    loss                 | 2.49e+04     |
|    n_updates            | 4710         |
|    policy_gradient_loss | 0.000785     |
|    value_loss           | 6.11e+04     |
------------------------------------------
------------------------------------------
| rollout/                |              |
|    ep_len_mean          | 100          |
|    ep_rew_mean          | 1.82e+03     |
| time/                   |              |
|    fps                  | 56           |
|    iterations           | 473          |
|    time_elapsed         | 17122        |
|    total_timesteps      | 968704       |
| train/                  |              |
|    approx_kl            | 0.0011512003 |
|    clip_fraction        | 0.000146     |
|    clip_range           | 0.2          |
|    entropy_loss         | -4.53        |
|    explained_variance   | 0.271        |
|    learning_rate        | 0.0003       |
|    loss                 | 2.78e+04     |
|    n_updates            | 4720         |
|    policy_gradient_loss | -0.000415    |
|    value_loss           | 7.09e+04     |
------------------------------------------
2026-04-18 18:12:21,624 [INFO] DGRL-v7: [AdaptivePenalty] step=970,752 | viol_rate=0.042 (target=0.05) | λ_msd: -233.0 → -232.6
------------------------------------------
| rollout/                |              |
|    ep_len_mean          | 100          |
|    ep_rew_mean          | 1.84e+03     |
| time/                   |              |
|    fps                  | 56           |
|    iterations           | 474          |
|    time_elapsed         | 17157        |
|    total_timesteps      | 970752       |
| train/                  |              |
|    approx_kl            | 0.0012296889 |
|    clip_fraction        | 0.000586     |
|    clip_range           | 0.2          |
|    entropy_loss         | -4.52        |
|    explained_variance   | 0.27         |
|    learning_rate        | 0.0003       |
|    loss                 | 2.36e+04     |
|    n_updates            | 4730         |
|    policy_gradient_loss | -0.000823    |
|    value_loss           | 6.63e+04     |
------------------------------------------
-----------------------------------------
| rollout/                |             |
|    ep_len_mean          | 100         |
|    ep_rew_mean          | 1.82e+03    |
| time/                   |             |
|    fps                  | 56          |
|    iterations           | 475         |
|    time_elapsed         | 17192       |
|    total_timesteps      | 972800      |
| train/                  |             |
|    approx_kl            | 0.001471471 |
|    clip_fraction        | 0.00112     |
|    clip_range           | 0.2         |
|    entropy_loss         | -4.52       |
|    explained_variance   | 0.207       |
|    learning_rate        | 0.0003      |
|    loss                 | 2.43e+04    |
|    n_updates            | 4740        |
|    policy_gradient_loss | 0.00156     |
|    value_loss           | 6.83e+04    |
-----------------------------------------
2026-04-18 18:13:34,262 [INFO] DGRL-v7: [AdaptivePenalty] step=974,848 | viol_rate=0.039 (target=0.05) | λ_msd: -232.6 → -232.0
------------------------------------------
| rollout/                |              |
|    ep_len_mean          | 100          |
|    ep_rew_mean          | 1.79e+03     |
| time/                   |              |
|    fps                  | 56           |
|    iterations           | 476          |
|    time_elapsed         | 17229        |
|    total_timesteps      | 974848       |
| train/                  |              |
|    approx_kl            | 0.0015954233 |
|    clip_fraction        | 0.000732     |
|    clip_range           | 0.2          |
|    entropy_loss         | -4.53        |
|    explained_variance   | 0.221        |
|    learning_rate        | 0.0003       |
|    loss                 | 2.38e+04     |
|    n_updates            | 4750         |
|    policy_gradient_loss | -0.000873    |
|    value_loss           | 6.86e+04     |
------------------------------------------
-----------------------------------------
| rollout/                |             |
|    ep_len_mean          | 100         |
|    ep_rew_mean          | 1.7e+03     |
| time/                   |             |
|    fps                  | 56          |
|    iterations           | 477         |
|    time_elapsed         | 17263       |
|    total_timesteps      | 976896      |
| train/                  |             |
|    approx_kl            | 0.001494508 |
|    clip_fraction        | 0.000928    |
|    clip_range           | 0.2         |
|    entropy_loss         | -4.53       |
|    explained_variance   | 0.309       |
|    learning_rate        | 0.0003      |
|    loss                 | 1.96e+04    |
|    n_updates            | 4760        |
|    policy_gradient_loss | -0.000372   |
|    value_loss           | 6.29e+04    |
-----------------------------------------
2026-04-18 18:14:36,140 [INFO] DGRL-v7: [AdaptivePenalty] step=978,944 | viol_rate=0.039 (target=0.05) | λ_msd: -232.0 → -231.5
------------------------------------------
| rollout/                |              |
|    ep_len_mean          | 100          |
|    ep_rew_mean          | 1.64e+03     |
| time/                   |              |
|    fps                  | 56           |
|    iterations           | 478          |
|    time_elapsed         | 17291        |
|    total_timesteps      | 978944       |
| train/                  |              |
|    approx_kl            | 0.0012765032 |
|    clip_fraction        | 9.77e-05     |
|    clip_range           | 0.2          |
|    entropy_loss         | -4.54        |
|    explained_variance   | 0.241        |
|    learning_rate        | 0.0003       |
|    loss                 | 1.92e+04     |
|    n_updates            | 4770         |
|    policy_gradient_loss | 0.000641     |
|    value_loss           | 6.18e+04     |
------------------------------------------
------------------------------------------
| rollout/                |              |
|    ep_len_mean          | 100          |
|    ep_rew_mean          | 1.69e+03     |
| time/                   |              |
|    fps                  | 56           |
|    iterations           | 479          |
|    time_elapsed         | 17320        |
|    total_timesteps      | 980992       |
| train/                  |              |
|    approx_kl            | 0.0013286244 |
|    clip_fraction        | 0.000195     |
|    clip_range           | 0.2          |
|    entropy_loss         | -4.54        |
|    explained_variance   | 0.135        |
|    learning_rate        | 0.0003       |
|    loss                 | 2.58e+04     |
|    n_updates            | 4780         |
|    policy_gradient_loss | -0.00114     |
|    value_loss           | 7.01e+04     |
------------------------------------------
2026-04-18 18:15:39,398 [INFO] DGRL-v7: [AdaptivePenalty] step=983,040 | viol_rate=0.041 (target=0.05) | λ_msd: -231.5 → -231.0
------------------------------------------
| rollout/                |              |
|    ep_len_mean          | 100          |
|    ep_rew_mean          | 1.67e+03     |
| time/                   |              |
|    fps                  | 56           |
|    iterations           | 480          |
|    time_elapsed         | 17355        |
|    total_timesteps      | 983040       |
| train/                  |              |
|    approx_kl            | 0.0010423484 |
|    clip_fraction        | 0.000195     |
|    clip_range           | 0.2          |
|    entropy_loss         | -4.53        |
|    explained_variance   | 0.19         |
|    learning_rate        | 0.0003       |
|    loss                 | 2.2e+04      |
|    n_updates            | 4790         |
|    policy_gradient_loss | -0.000449    |
|    value_loss           | 6.79e+04     |
------------------------------------------
------------------------------------------
| rollout/                |              |
|    ep_len_mean          | 100          |
|    ep_rew_mean          | 1.62e+03     |
| time/                   |              |
|    fps                  | 56           |
|    iterations           | 481          |
|    time_elapsed         | 17388        |
|    total_timesteps      | 985088       |
| train/                  |              |
|    approx_kl            | 0.0011085889 |
|    clip_fraction        | 0.000146     |
|    clip_range           | 0.2          |
|    entropy_loss         | -4.53        |
|    explained_variance   | 0.312        |
|    learning_rate        | 0.0003       |
|    loss                 | 2.1e+04      |
|    n_updates            | 4800         |
|    policy_gradient_loss | -8.64e-06    |
|    value_loss           | 5.79e+04     |
------------------------------------------
2026-04-18 18:16:46,824 [INFO] DGRL-v7: [AdaptivePenalty] step=987,136 | viol_rate=0.041 (target=0.05) | λ_msd: -231.0 → -230.6
------------------------------------------
| rollout/                |              |
|    ep_len_mean          | 100          |
|    ep_rew_mean          | 1.68e+03     |
| time/                   |              |
|    fps                  | 56           |
|    iterations           | 482          |
|    time_elapsed         | 17422        |
|    total_timesteps      | 987136       |
| train/                  |              |
|    approx_kl            | 0.0009320915 |
|    clip_fraction        | 0.000146     |
|    clip_range           | 0.2          |
|    entropy_loss         | -4.53        |
|    explained_variance   | 0.126        |
|    learning_rate        | 0.0003       |
|    loss                 | 2.87e+04     |
|    n_updates            | 4810         |
|    policy_gradient_loss | -3.49e-05    |
|    value_loss           | 6.46e+04     |
------------------------------------------
------------------------------------------
| rollout/                |              |
|    ep_len_mean          | 100          |
|    ep_rew_mean          | 1.68e+03     |
| time/                   |              |
|    fps                  | 56           |
|    iterations           | 483          |
|    time_elapsed         | 17459        |
|    total_timesteps      | 989184       |
| train/                  |              |
|    approx_kl            | 0.0011408295 |
|    clip_fraction        | 0.000391     |
|    clip_range           | 0.2          |
|    entropy_loss         | -4.54        |
|    explained_variance   | 0.287        |
|    learning_rate        | 0.0003       |
|    loss                 | 1.81e+04     |
|    n_updates            | 4820         |
|    policy_gradient_loss | -0.000298    |
|    value_loss           | 5.3e+04      |
------------------------------------------
2026-04-18 18:17:58,445 [INFO] DGRL-v7: [AdaptivePenalty] step=991,232 | viol_rate=0.045 (target=0.05) | λ_msd: -230.6 → -230.3
------------------------------------------
| rollout/                |              |
|    ep_len_mean          | 100          |
|    ep_rew_mean          | 1.61e+03     |
| time/                   |              |
|    fps                  | 56           |
|    iterations           | 484          |
|    time_elapsed         | 17494        |
|    total_timesteps      | 991232       |
| train/                  |              |
|    approx_kl            | 0.0012020555 |
|    clip_fraction        | 0.000342     |
|    clip_range           | 0.2          |
|    entropy_loss         | -4.54        |
|    explained_variance   | 0.216        |
|    learning_rate        | 0.0003       |
|    loss                 | 1.88e+04     |
|    n_updates            | 4830         |
|    policy_gradient_loss | -0.000302    |
|    value_loss           | 6.77e+04     |
------------------------------------------
------------------------------------------
| rollout/                |              |
|    ep_len_mean          | 100          |
|    ep_rew_mean          | 1.58e+03     |
| time/                   |              |
|    fps                  | 56           |
|    iterations           | 485          |
|    time_elapsed         | 17529        |
|    total_timesteps      | 993280       |
| train/                  |              |
|    approx_kl            | 0.0012347801 |
|    clip_fraction        | 0.000293     |
|    clip_range           | 0.2          |
|    entropy_loss         | -4.53        |
|    explained_variance   | 0.357        |
|    learning_rate        | 0.0003       |
|    loss                 | 2.25e+04     |
|    n_updates            | 4840         |
|    policy_gradient_loss | -0.00153     |
|    value_loss           | 6.05e+04     |
------------------------------------------
2026-04-18 18:19:06,004 [INFO] DGRL-v7: [AdaptivePenalty] step=995,328 | viol_rate=0.047 (target=0.05) | λ_msd: -230.3 → -230.2
------------------------------------------
| rollout/                |              |
|    ep_len_mean          | 100          |
|    ep_rew_mean          | 1.56e+03     |
| time/                   |              |
|    fps                  | 56           |
|    iterations           | 486          |
|    time_elapsed         | 17561        |
|    total_timesteps      | 995328       |
| train/                  |              |
|    approx_kl            | 0.0014735485 |
|    clip_fraction        | 0.00132      |
|    clip_range           | 0.2          |
|    entropy_loss         | -4.54        |
|    explained_variance   | 0.241        |
|    learning_rate        | 0.0003       |
|    loss                 | 2.4e+04      |
|    n_updates            | 4850         |
|    policy_gradient_loss | 0.000744     |
|    value_loss           | 6.75e+04     |
------------------------------------------
------------------------------------------
| rollout/                |              |
|    ep_len_mean          | 100          |
|    ep_rew_mean          | 1.49e+03     |
| time/                   |              |
|    fps                  | 56           |
|    iterations           | 487          |
|    time_elapsed         | 17595        |
|    total_timesteps      | 997376       |
| train/                  |              |
|    approx_kl            | 0.0011309183 |
|    clip_fraction        | 9.77e-05     |
|    clip_range           | 0.2          |
|    entropy_loss         | -4.53        |
|    explained_variance   | 0.287        |
|    learning_rate        | 0.0003       |
|    loss                 | 2.17e+04     |
|    n_updates            | 4860         |
|    policy_gradient_loss | -0.000302    |
|    value_loss           | 6.28e+04     |
------------------------------------------
2026-04-18 18:20:13,689 [INFO] DGRL-v7: [AdaptivePenalty] step=999,424 | viol_rate=0.048 (target=0.05) | λ_msd: -230.2 → -230.1
------------------------------------------
| rollout/                |              |
|    ep_len_mean          | 100          |
|    ep_rew_mean          | 1.5e+03      |
| time/                   |              |
|    fps                  | 56           |
|    iterations           | 488          |
|    time_elapsed         | 17629        |
|    total_timesteps      | 999424       |
| train/                  |              |
|    approx_kl            | 0.0011441335 |
|    clip_fraction        | 0.000146     |
|    clip_range           | 0.2          |
|    entropy_loss         | -4.53        |
|    explained_variance   | 0.248        |
|    learning_rate        | 0.0003       |
|    loss                 | 2.41e+04     |
|    n_updates            | 4870         |
|    policy_gradient_loss | -0.000258    |
|    value_loss           | 6.28e+04     |
------------------------------------------
Eval num_timesteps=1000000, episode_reward=-9032.21 +/- 2133.24
Episode length: 100.00 +/- 0.00
------------------------------------------
| eval/                   |              |
|    mean_ep_length       | 100          |
|    mean_reward          | -9.03e+03    |
| time/                   |              |
|    total_timesteps      | 1000000      |
| train/                  |              |
|    approx_kl            | 0.0013871721 |
|    clip_fraction        | 0.00083      |
|    clip_range           | 0.2          |
|    entropy_loss         | -4.53        |
|    explained_variance   | 0.235        |
|    learning_rate        | 0.0003       |
|    loss                 | 2.4e+04      |
|    n_updates            | 4880         |
|    policy_gradient_loss | 0.000322     |
|    value_loss           | 6.77e+04     |
------------------------------------------
---------------------------------
| rollout/           |          |
|    ep_len_mean     | 100      |
|    ep_rew_mean     | 1.52e+03 |
| time/              |          |
|    fps             | 56       |
|    iterations      | 489      |
|    time_elapsed    | 17688    |
|    total_timesteps | 1001472  |
---------------------------------
2026-04-18 18:21:46,578 [INFO] DGRL-v7: [AdaptivePenalty] step=1,003,520 | viol_rate=0.046 (target=0.05) | λ_msd: -230.1 → -229.9
------------------------------------------
| rollout/                |              |
|    ep_len_mean          | 100          |
|    ep_rew_mean          | 1.53e+03     |
| time/                   |              |
|    fps                  | 56           |
|    iterations           | 490          |
|    time_elapsed         | 17722        |
|    total_timesteps      | 1003520      |
| train/                  |              |
|    approx_kl            | 0.0014406082 |
|    clip_fraction        | 0.00112      |
|    clip_range           | 0.2          |
|    entropy_loss         | -4.53        |
|    explained_variance   | 0.269        |
|    learning_rate        | 0.0003       |
|    loss                 | 2.5e+04      |
|    n_updates            | 4890         |
|    policy_gradient_loss | -0.000622    |
|    value_loss           | 6.64e+04     |
------------------------------------------
------------------------------------------
| rollout/                |              |
|    ep_len_mean          | 100          |
|    ep_rew_mean          | 1.58e+03     |
| time/                   |              |
|    fps                  | 56           |
|    iterations           | 491          |
|    time_elapsed         | 17755        |
|    total_timesteps      | 1005568      |
| train/                  |              |
|    approx_kl            | 0.0009998761 |
|    clip_fraction        | 0.000244     |
|    clip_range           | 0.2          |
|    entropy_loss         | -4.53        |
|    explained_variance   | 0.251        |
|    learning_rate        | 0.0003       |
|    loss                 | 2.08e+04     |
|    n_updates            | 4900         |
|    policy_gradient_loss | -0.000526    |
|    value_loss           | 6.38e+04     |
------------------------------------------
2026-04-18 18:22:56,047 [INFO] DGRL-v7: [AdaptivePenalty] step=1,007,616 | viol_rate=0.045 (target=0.05) | λ_msd: -229.9 → -229.6
------------------------------------------
| rollout/                |              |
|    ep_len_mean          | 100          |
|    ep_rew_mean          | 1.64e+03     |
| time/                   |              |
|    fps                  | 56           |
|    iterations           | 492          |
|    time_elapsed         | 17791        |
|    total_timesteps      | 1007616      |
| train/                  |              |
|    approx_kl            | 0.0010807432 |
|    clip_fraction        | 9.77e-05     |
|    clip_range           | 0.2          |
|    entropy_loss         | -4.53        |
|    explained_variance   | 0.189        |
|    learning_rate        | 0.0003       |
|    loss                 | 2.67e+04     |
|    n_updates            | 4910         |
|    policy_gradient_loss | -0.000725    |
|    value_loss           | 6.63e+04     |
------------------------------------------
------------------------------------------
| rollout/                |              |
|    ep_len_mean          | 100          |
|    ep_rew_mean          | 1.67e+03     |
| time/                   |              |
|    fps                  | 56           |
|    iterations           | 493          |
|    time_elapsed         | 17821        |
|    total_timesteps      | 1009664      |
| train/                  |              |
|    approx_kl            | 0.0012939668 |
|    clip_fraction        | 0.000391     |
|    clip_range           | 0.2          |
|    entropy_loss         | -4.54        |
|    explained_variance   | 0.239        |
|    learning_rate        | 0.0003       |
|    loss                 | 2.63e+04     |
|    n_updates            | 4920         |
|    policy_gradient_loss | -0.000255    |
|    value_loss           | 6.88e+04     |
------------------------------------------
2026-04-18 18:23:59,748 [INFO] DGRL-v7: [AdaptivePenalty] step=1,011,712 | viol_rate=0.041 (target=0.05) | λ_msd: -229.6 → -229.1
-----------------------------------------
| rollout/                |             |
|    ep_len_mean          | 100         |
|    ep_rew_mean          | 1.69e+03    |
| time/                   |             |
|    fps                  | 56          |
|    iterations           | 494         |
|    time_elapsed         | 17855       |
|    total_timesteps      | 1011712     |
| train/                  |             |
|    approx_kl            | 0.001129243 |
|    clip_fraction        | 0.000781    |
|    clip_range           | 0.2         |
|    entropy_loss         | -4.54       |
|    explained_variance   | 0.238       |
|    learning_rate        | 0.0003      |
|    loss                 | 2.63e+04    |
|    n_updates            | 4930        |
|    policy_gradient_loss | -0.000401   |
|    value_loss           | 6.04e+04    |
-----------------------------------------
------------------------------------------
| rollout/                |              |
|    ep_len_mean          | 100          |
|    ep_rew_mean          | 1.74e+03     |
| time/                   |              |
|    fps                  | 56           |
|    iterations           | 495          |
|    time_elapsed         | 17887        |
|    total_timesteps      | 1013760      |
| train/                  |              |
|    approx_kl            | 0.0011467219 |
|    clip_fraction        | 0.000342     |
|    clip_range           | 0.2          |
|    entropy_loss         | -4.54        |
|    explained_variance   | 0.182        |
|    learning_rate        | 0.0003       |
|    loss                 | 2.89e+04     |
|    n_updates            | 4940         |
|    policy_gradient_loss | -0.000409    |
|    value_loss           | 6.76e+04     |
------------------------------------------
2026-04-18 18:25:07,416 [INFO] DGRL-v7: [AdaptivePenalty] step=1,015,808 | viol_rate=0.048 (target=0.05) | λ_msd: -229.1 → -229.1
------------------------------------------
| rollout/                |              |
|    ep_len_mean          | 100          |
|    ep_rew_mean          | 1.61e+03     |
| time/                   |              |
|    fps                  | 56           |
|    iterations           | 496          |
|    time_elapsed         | 17923        |
|    total_timesteps      | 1015808      |
| train/                  |              |
|    approx_kl            | 0.0010217661 |
|    clip_fraction        | 0.000146     |
|    clip_range           | 0.2          |
|    entropy_loss         | -4.54        |
|    explained_variance   | 0.277        |
|    learning_rate        | 0.0003       |
|    loss                 | 2.42e+04     |
|    n_updates            | 4950         |
|    policy_gradient_loss | -0.000577    |
|    value_loss           | 6.12e+04     |
------------------------------------------
------------------------------------------
| rollout/                |              |
|    ep_len_mean          | 100          |
|    ep_rew_mean          | 1.58e+03     |
| time/                   |              |
|    fps                  | 56           |
|    iterations           | 497          |
|    time_elapsed         | 17958        |
|    total_timesteps      | 1017856      |
| train/                  |              |
|    approx_kl            | 0.0011757172 |
|    clip_fraction        | 0.000684     |
|    clip_range           | 0.2          |
|    entropy_loss         | -4.53        |
|    explained_variance   | 0.244        |
|    learning_rate        | 0.0003       |
|    loss                 | 2.99e+04     |
|    n_updates            | 4960         |
|    policy_gradient_loss | 0.000605     |
|    value_loss           | 7.64e+04     |
------------------------------------------
2026-04-18 18:26:18,616 [INFO] DGRL-v7: [AdaptivePenalty] step=1,019,904 | viol_rate=0.042 (target=0.05) | λ_msd: -229.1 → -228.7
------------------------------------------
| rollout/                |              |
|    ep_len_mean          | 100          |
|    ep_rew_mean          | 1.53e+03     |
| time/                   |              |
|    fps                  | 56           |
|    iterations           | 498          |
|    time_elapsed         | 17994        |
|    total_timesteps      | 1019904      |
| train/                  |              |
|    approx_kl            | 0.0010770692 |
|    clip_fraction        | 4.88e-05     |
|    clip_range           | 0.2          |
|    entropy_loss         | -4.54        |
|    explained_variance   | 0.142        |
|    learning_rate        | 0.0003       |
|    loss                 | 2.69e+04     |
|    n_updates            | 4970         |
|    policy_gradient_loss | -0.00125     |
|    value_loss           | 7.57e+04     |
------------------------------------------
------------------------------------------
| rollout/                |              |
|    ep_len_mean          | 100          |
|    ep_rew_mean          | 1.56e+03     |
| time/                   |              |
|    fps                  | 56           |
|    iterations           | 499          |
|    time_elapsed         | 18028        |
|    total_timesteps      | 1021952      |
| train/                  |              |
|    approx_kl            | 0.0009970726 |
|    clip_fraction        | 0            |
|    clip_range           | 0.2          |
|    entropy_loss         | -4.54        |
|    explained_variance   | 0.0619       |
|    learning_rate        | 0.0003       |
|    loss                 | 2.69e+04     |
|    n_updates            | 4980         |
|    policy_gradient_loss | -0.00142     |
|    value_loss           | 6.93e+04     |
------------------------------------------
2026-04-18 18:27:25,685 [INFO] DGRL-v7: [AdaptivePenalty] step=1,024,000 | viol_rate=0.040 (target=0.05) | λ_msd: -228.7 → -228.2
------------------------------------------
| rollout/                |              |
|    ep_len_mean          | 100          |
|    ep_rew_mean          | 1.61e+03     |
| time/                   |              |
|    fps                  | 56           |
|    iterations           | 500          |
|    time_elapsed         | 18061        |
|    total_timesteps      | 1024000      |
| train/                  |              |
|    approx_kl            | 0.0010935521 |
|    clip_fraction        | 0.000146     |
|    clip_range           | 0.2          |
|    entropy_loss         | -4.53        |
|    explained_variance   | 0.276        |
|    learning_rate        | 0.0003       |
|    loss                 | 2.23e+04     |
|    n_updates            | 4990         |
|    policy_gradient_loss | -0.000391    |
|    value_loss           | 6.42e+04     |
------------------------------------------
------------------------------------------
| rollout/                |              |
|    ep_len_mean          | 100          |
|    ep_rew_mean          | 1.68e+03     |
| time/                   |              |
|    fps                  | 56           |
|    iterations           | 501          |
|    time_elapsed         | 18096        |
|    total_timesteps      | 1026048      |
| train/                  |              |
|    approx_kl            | 0.0010471435 |
|    clip_fraction        | 0.000391     |
|    clip_range           | 0.2          |
|    entropy_loss         | -4.53        |
|    explained_variance   | 0.275        |
|    learning_rate        | 0.0003       |
|    loss                 | 2.9e+04      |
|    n_updates            | 5000         |
|    policy_gradient_loss | -0.00053     |
|    value_loss           | 7.14e+04     |
------------------------------------------
2026-04-18 18:28:35,359 [INFO] DGRL-v7: [AdaptivePenalty] step=1,028,096 | viol_rate=0.044 (target=0.05) | λ_msd: -228.2 → -227.9
------------------------------------------
| rollout/                |              |
|    ep_len_mean          | 100          |
|    ep_rew_mean          | 1.68e+03     |
| time/                   |              |
|    fps                  | 56           |
|    iterations           | 502          |
|    time_elapsed         | 18131        |
|    total_timesteps      | 1028096      |
| train/                  |              |
|    approx_kl            | 0.0010475789 |
|    clip_fraction        | 0.000244     |
|    clip_range           | 0.2          |
|    entropy_loss         | -4.54        |
|    explained_variance   | 0.229        |
|    learning_rate        | 0.0003       |
|    loss                 | 2.64e+04     |
|    n_updates            | 5010         |
|    policy_gradient_loss | -0.000441    |
|    value_loss           | 6.37e+04     |
------------------------------------------
-----------------------------------------
| rollout/                |             |
|    ep_len_mean          | 100         |
|    ep_rew_mean          | 1.66e+03    |
| time/                   |             |
|    fps                  | 56          |
|    iterations           | 503         |
|    time_elapsed         | 18164       |
|    total_timesteps      | 1030144     |
| train/                  |             |
|    approx_kl            | 0.000978643 |
|    clip_fraction        | 9.77e-05    |
|    clip_range           | 0.2         |
|    entropy_loss         | -4.54       |
|    explained_variance   | 0.238       |
|    learning_rate        | 0.0003      |
|    loss                 | 2.63e+04    |
|    n_updates            | 5020        |
|    policy_gradient_loss | -0.000505   |
|    value_loss           | 6.47e+04    |
-----------------------------------------
2026-04-18 18:29:41,533 [INFO] DGRL-v7: [AdaptivePenalty] step=1,032,192 | viol_rate=0.044 (target=0.05) | λ_msd: -227.9 → -227.6
------------------------------------------
| rollout/                |              |
|    ep_len_mean          | 100          |
|    ep_rew_mean          | 1.61e+03     |
| time/                   |              |
|    fps                  | 56           |
|    iterations           | 504          |
|    time_elapsed         | 18197        |
|    total_timesteps      | 1032192      |
| train/                  |              |
|    approx_kl            | 0.0009326154 |
|    clip_fraction        | 9.77e-05     |
|    clip_range           | 0.2          |
|    entropy_loss         | -4.54        |
|    explained_variance   | 0.226        |
|    learning_rate        | 0.0003       |
|    loss                 | 2.59e+04     |
|    n_updates            | 5030         |
|    policy_gradient_loss | 0.000723     |
|    value_loss           | 7.89e+04     |
------------------------------------------
------------------------------------------
| rollout/                |              |
|    ep_len_mean          | 100          |
|    ep_rew_mean          | 1.63e+03     |
| time/                   |              |
|    fps                  | 56           |
|    iterations           | 505          |
|    time_elapsed         | 18226        |
|    total_timesteps      | 1034240      |
| train/                  |              |
|    approx_kl            | 0.0012920246 |
|    clip_fraction        | 0.000195     |
|    clip_range           | 0.2          |
|    entropy_loss         | -4.54        |
|    explained_variance   | 0.18         |
|    learning_rate        | 0.0003       |
|    loss                 | 2.46e+04     |
|    n_updates            | 5040         |
|    policy_gradient_loss | -0.000294    |
|    value_loss           | 6.5e+04      |
------------------------------------------
2026-04-18 18:30:44,616 [INFO] DGRL-v7: [AdaptivePenalty] step=1,036,288 | viol_rate=0.044 (target=0.05) | λ_msd: -227.6 → -227.3
-----------------------------------------
| rollout/                |             |
|    ep_len_mean          | 100         |
|    ep_rew_mean          | 1.62e+03    |
| time/                   |             |
|    fps                  | 56          |
|    iterations           | 506         |
|    time_elapsed         | 18260       |
|    total_timesteps      | 1036288     |
| train/                  |             |
|    approx_kl            | 0.001361554 |
|    clip_fraction        | 0.000537    |
|    clip_range           | 0.2         |
|    entropy_loss         | -4.54       |
|    explained_variance   | 0.148       |
|    learning_rate        | 0.0003      |
|    loss                 | 2.33e+04    |
|    n_updates            | 5050        |
|    policy_gradient_loss | -0.00106    |
|    value_loss           | 6.44e+04    |
-----------------------------------------
------------------------------------------
| rollout/                |              |
|    ep_len_mean          | 100          |
|    ep_rew_mean          | 1.73e+03     |
| time/                   |              |
|    fps                  | 56           |
|    iterations           | 507          |
|    time_elapsed         | 18293        |
|    total_timesteps      | 1038336      |
| train/                  |              |
|    approx_kl            | 0.0011466935 |
|    clip_fraction        | 0.000244     |
|    clip_range           | 0.2          |
|    entropy_loss         | -4.54        |
|    explained_variance   | 0.154        |
|    learning_rate        | 0.0003       |
|    loss                 | 2.32e+04     |
|    n_updates            | 5060         |
|    policy_gradient_loss | -0.00194     |
|    value_loss           | 6.32e+04     |
------------------------------------------
2026-04-18 18:31:50,656 [INFO] DGRL-v7: [AdaptivePenalty] step=1,040,384 | viol_rate=0.049 (target=0.05) | λ_msd: -227.3 → -227.3
------------------------------------------
| rollout/                |              |
|    ep_len_mean          | 100          |
|    ep_rew_mean          | 1.68e+03     |
| time/                   |              |
|    fps                  | 56           |
|    iterations           | 508          |
|    time_elapsed         | 18326        |
|    total_timesteps      | 1040384      |
| train/                  |              |
|    approx_kl            | 0.0012614612 |
|    clip_fraction        | 0.00127      |
|    clip_range           | 0.2          |
|    entropy_loss         | -4.54        |
|    explained_variance   | 0.212        |
|    learning_rate        | 0.0003       |
|    loss                 | 2.16e+04     |
|    n_updates            | 5070         |
|    policy_gradient_loss | 0.0017       |
|    value_loss           | 6.36e+04     |
------------------------------------------
------------------------------------------
| rollout/                |              |
|    ep_len_mean          | 100          |
|    ep_rew_mean          | 1.63e+03     |
| time/                   |              |
|    fps                  | 56           |
|    iterations           | 509          |
|    time_elapsed         | 18360        |
|    total_timesteps      | 1042432      |
| train/                  |              |
|    approx_kl            | 0.0013047466 |
|    clip_fraction        | 0.000537     |
|    clip_range           | 0.2          |
|    entropy_loss         | -4.54        |
|    explained_variance   | 0.257        |
|    learning_rate        | 0.0003       |
|    loss                 | 3.39e+04     |
|    n_updates            | 5080         |
|    policy_gradient_loss | 0.000766     |
|    value_loss           | 8.29e+04     |
------------------------------------------
2026-04-18 18:32:53,449 [INFO] DGRL-v7: [AdaptivePenalty] step=1,044,480 | viol_rate=0.045 (target=0.05) | λ_msd: -227.3 → -227.0
------------------------------------------
| rollout/                |              |
|    ep_len_mean          | 100          |
|    ep_rew_mean          | 1.57e+03     |
| time/                   |              |
|    fps                  | 56           |
|    iterations           | 510          |
|    time_elapsed         | 18389        |
|    total_timesteps      | 1044480      |
| train/                  |              |
|    approx_kl            | 0.0013124798 |
|    clip_fraction        | 0.000635     |
|    clip_range           | 0.2          |
|    entropy_loss         | -4.54        |
|    explained_variance   | 0.234        |
|    learning_rate        | 0.0003       |
|    loss                 | 2.73e+04     |
|    n_updates            | 5090         |
|    policy_gradient_loss | 0.00105      |
|    value_loss           | 7.19e+04     |
------------------------------------------
------------------------------------------
| rollout/                |              |
|    ep_len_mean          | 100          |
|    ep_rew_mean          | 1.55e+03     |
| time/                   |              |
|    fps                  | 56           |
|    iterations           | 511          |
|    time_elapsed         | 18421        |
|    total_timesteps      | 1046528      |
| train/                  |              |
|    approx_kl            | 0.0010437784 |
|    clip_fraction        | 0.000195     |
|    clip_range           | 0.2          |
|    entropy_loss         | -4.54        |
|    explained_variance   | 0.294        |
|    learning_rate        | 0.0003       |
|    loss                 | 2.35e+04     |
|    n_updates            | 5100         |
|    policy_gradient_loss | -0.000822    |
|    value_loss           | 6.71e+04     |
------------------------------------------
2026-04-18 18:33:54,199 [INFO] DGRL-v7: [AdaptivePenalty] step=1,048,576 | viol_rate=0.045 (target=0.05) | λ_msd: -227.0 → -226.7
------------------------------------------
| rollout/                |              |
|    ep_len_mean          | 100          |
|    ep_rew_mean          | 1.44e+03     |
| time/                   |              |
|    fps                  | 56           |
|    iterations           | 512          |
|    time_elapsed         | 18449        |
|    total_timesteps      | 1048576      |
| train/                  |              |
|    approx_kl            | 0.0011544102 |
|    clip_fraction        | 9.77e-05     |
|    clip_range           | 0.2          |
|    entropy_loss         | -4.54        |
|    explained_variance   | 0.282        |
|    learning_rate        | 0.0003       |
|    loss                 | 3.03e+04     |
|    n_updates            | 5110         |
|    policy_gradient_loss | 0.000269     |
|    value_loss           | 7.57e+04     |
------------------------------------------
Eval num_timesteps=1050000, episode_reward=-6840.11 +/- 920.07
Episode length: 100.00 +/- 0.00
------------------------------------------
| eval/                   |              |
|    mean_ep_length       | 100          |
|    mean_reward          | -6.84e+03    |
| time/                   |              |
|    total_timesteps      | 1050000      |
| train/                  |              |
|    approx_kl            | 0.0011534737 |
|    clip_fraction        | 4.88e-05     |
|    clip_range           | 0.2          |
|    entropy_loss         | -4.54        |
|    explained_variance   | 0.16         |
|    learning_rate        | 0.0003       |
|    loss                 | 3.19e+04     |
|    n_updates            | 5120         |
|    policy_gradient_loss | 0.000166     |
|    value_loss           | 7.06e+04     |
------------------------------------------
---------------------------------
| rollout/           |          |
|    ep_len_mean     | 100      |
|    ep_rew_mean     | 1.51e+03 |
| time/              |          |
|    fps             | 56       |
|    iterations      | 513      |
|    time_elapsed    | 18518    |
|    total_timesteps | 1050624  |
---------------------------------
2026-04-18 18:35:37,672 [INFO] DGRL-v7: [AdaptivePenalty] step=1,052,672 | viol_rate=0.043 (target=0.05) | λ_msd: -226.7 → -226.4
------------------------------------------
| rollout/                |              |
|    ep_len_mean          | 100          |
|    ep_rew_mean          | 1.61e+03     |
| time/                   |              |
|    fps                  | 56           |
|    iterations           | 514          |
|    time_elapsed         | 18553        |
|    total_timesteps      | 1052672      |
| train/                  |              |
|    approx_kl            | 0.0009794561 |
|    clip_fraction        | 0.000195     |
|    clip_range           | 0.2          |
|    entropy_loss         | -4.54        |
|    explained_variance   | 0.243        |
|    learning_rate        | 0.0003       |
|    loss                 | 2.12e+04     |
|    n_updates            | 5130         |
|    policy_gradient_loss | -0.00183     |
|    value_loss           | 5.61e+04     |
------------------------------------------
------------------------------------------
| rollout/                |              |
|    ep_len_mean          | 100          |
|    ep_rew_mean          | 1.6e+03      |
| time/                   |              |
|    fps                  | 56           |
|    iterations           | 515          |
|    time_elapsed         | 18586        |
|    total_timesteps      | 1054720      |
| train/                  |              |
|    approx_kl            | 0.0010358767 |
|    clip_fraction        | 0.000195     |
|    clip_range           | 0.2          |
|    entropy_loss         | -4.54        |
|    explained_variance   | 0.213        |
|    learning_rate        | 0.0003       |
|    loss                 | 3.08e+04     |
|    n_updates            | 5140         |
|    policy_gradient_loss | -0.00068     |
|    value_loss           | 6.22e+04     |
------------------------------------------
2026-04-18 18:36:43,259 [INFO] DGRL-v7: [AdaptivePenalty] step=1,056,768 | viol_rate=0.043 (target=0.05) | λ_msd: -226.4 → -226.0
------------------------------------------
| rollout/                |              |
|    ep_len_mean          | 100          |
|    ep_rew_mean          | 1.69e+03     |
| time/                   |              |
|    fps                  | 56           |
|    iterations           | 516          |
|    time_elapsed         | 18618        |
|    total_timesteps      | 1056768      |
| train/                  |              |
|    approx_kl            | 0.0011986617 |
|    clip_fraction        | 0.000732     |
|    clip_range           | 0.2          |
|    entropy_loss         | -4.54        |
|    explained_variance   | 0.269        |
|    learning_rate        | 0.0003       |
|    loss                 | 2.94e+04     |
|    n_updates            | 5150         |
|    policy_gradient_loss | -4.53e-05    |
|    value_loss           | 7.13e+04     |
------------------------------------------
------------------------------------------
| rollout/                |              |
|    ep_len_mean          | 100          |
|    ep_rew_mean          | 1.79e+03     |
| time/                   |              |
|    fps                  | 56           |
|    iterations           | 517          |
|    time_elapsed         | 18646        |
|    total_timesteps      | 1058816      |
| train/                  |              |
|    approx_kl            | 0.0011995456 |
|    clip_fraction        | 0.000439     |
|    clip_range           | 0.2          |
|    entropy_loss         | -4.54        |
|    explained_variance   | 0.169        |
|    learning_rate        | 0.0003       |
|    loss                 | 2.91e+04     |
|    n_updates            | 5160         |
|    policy_gradient_loss | 0.000652     |
|    value_loss           | 7.62e+04     |
------------------------------------------
2026-04-18 18:37:43,800 [INFO] DGRL-v7: [AdaptivePenalty] step=1,060,864 | viol_rate=0.043 (target=0.05) | λ_msd: -226.0 → -225.6
------------------------------------------
| rollout/                |              |
|    ep_len_mean          | 100          |
|    ep_rew_mean          | 1.79e+03     |
| time/                   |              |
|    fps                  | 56           |
|    iterations           | 518          |
|    time_elapsed         | 18679        |
|    total_timesteps      | 1060864      |
| train/                  |              |
|    approx_kl            | 0.0013014181 |
|    clip_fraction        | 0.000244     |
|    clip_range           | 0.2          |
|    entropy_loss         | -4.55        |
|    explained_variance   | 0.194        |
|    learning_rate        | 0.0003       |
|    loss                 | 2.66e+04     |
|    n_updates            | 5170         |
|    policy_gradient_loss | -0.00187     |
|    value_loss           | 6.64e+04     |
------------------------------------------
------------------------------------------
| rollout/                |              |
|    ep_len_mean          | 100          |
|    ep_rew_mean          | 1.81e+03     |
| time/                   |              |
|    fps                  | 56           |
|    iterations           | 519          |
|    time_elapsed         | 18712        |
|    total_timesteps      | 1062912      |
| train/                  |              |
|    approx_kl            | 0.0010569375 |
|    clip_fraction        | 0.000146     |
|    clip_range           | 0.2          |
|    entropy_loss         | -4.55        |
|    explained_variance   | 0.324        |
|    learning_rate        | 0.0003       |
|    loss                 | 2.6e+04      |
|    n_updates            | 5180         |
|    policy_gradient_loss | 0.0003       |
|    value_loss           | 7.36e+04     |
------------------------------------------
2026-04-18 18:38:43,255 [INFO] DGRL-v7: [AdaptivePenalty] step=1,064,960 | viol_rate=0.046 (target=0.05) | λ_msd: -225.6 → -225.4
----------------------------------------
| rollout/                |            |
|    ep_len_mean          | 100        |
|    ep_rew_mean          | 1.77e+03   |
| time/                   |            |
|    fps                  | 56         |
|    iterations           | 520        |
|    time_elapsed         | 18738      |
|    total_timesteps      | 1064960    |
| train/                  |            |
|    approx_kl            | 0.00127282 |
|    clip_fraction        | 4.88e-05   |
|    clip_range           | 0.2        |
|    entropy_loss         | -4.54      |
|    explained_variance   | 0.243      |
|    learning_rate        | 0.0003     |
|    loss                 | 2.63e+04   |
|    n_updates            | 5190       |
|    policy_gradient_loss | 0.000133   |
|    value_loss           | 6.69e+04   |
----------------------------------------
------------------------------------------
| rollout/                |              |
|    ep_len_mean          | 100          |
|    ep_rew_mean          | 1.72e+03     |
| time/                   |              |
|    fps                  | 56           |
|    iterations           | 521          |
|    time_elapsed         | 18773        |
|    total_timesteps      | 1067008      |
| train/                  |              |
|    approx_kl            | 0.0011809701 |
|    clip_fraction        | 0.000342     |
|    clip_range           | 0.2          |
|    entropy_loss         | -4.55        |
|    explained_variance   | 0.213        |
|    learning_rate        | 0.0003       |
|    loss                 | 2.03e+04     |
|    n_updates            | 5200         |
|    policy_gradient_loss | -0.00109     |
|    value_loss           | 6.36e+04     |
------------------------------------------
2026-04-18 18:39:52,204 [INFO] DGRL-v7: [AdaptivePenalty] step=1,069,056 | viol_rate=0.041 (target=0.05) | λ_msd: -225.4 → -225.0
------------------------------------------
| rollout/                |              |
|    ep_len_mean          | 100          |
|    ep_rew_mean          | 1.67e+03     |
| time/                   |              |
|    fps                  | 56           |
|    iterations           | 522          |
|    time_elapsed         | 18807        |
|    total_timesteps      | 1069056      |
| train/                  |              |
|    approx_kl            | 0.0012862296 |
|    clip_fraction        | 0.000684     |
|    clip_range           | 0.2          |
|    entropy_loss         | -4.55        |
|    explained_variance   | 0.295        |
|    learning_rate        | 0.0003       |
|    loss                 | 2e+04        |
|    n_updates            | 5210         |
|    policy_gradient_loss | 1.86e-06     |
|    value_loss           | 7.18e+04     |
------------------------------------------
------------------------------------------
| rollout/                |              |
|    ep_len_mean          | 100          |
|    ep_rew_mean          | 1.63e+03     |
| time/                   |              |
|    fps                  | 56           |
|    iterations           | 523          |
|    time_elapsed         | 18842        |
|    total_timesteps      | 1071104      |
| train/                  |              |
|    approx_kl            | 0.0012799153 |
|    clip_fraction        | 9.77e-05     |
|    clip_range           | 0.2          |
|    entropy_loss         | -4.55        |
|    explained_variance   | 0.191        |
|    learning_rate        | 0.0003       |
|    loss                 | 2.05e+04     |
|    n_updates            | 5220         |
|    policy_gradient_loss | 4.04e-05     |
|    value_loss           | 6.46e+04     |
------------------------------------------
2026-04-18 18:40:56,293 [INFO] DGRL-v7: [AdaptivePenalty] step=1,073,152 | viol_rate=0.045 (target=0.05) | λ_msd: -225.0 → -224.7
------------------------------------------
| rollout/                |              |
|    ep_len_mean          | 100          |
|    ep_rew_mean          | 1.61e+03     |
| time/                   |              |
|    fps                  | 56           |
|    iterations           | 524          |
|    time_elapsed         | 18871        |
|    total_timesteps      | 1073152      |
| train/                  |              |
|    approx_kl            | 0.0012467162 |
|    clip_fraction        | 0.000342     |
|    clip_range           | 0.2          |
|    entropy_loss         | -4.55        |
|    explained_variance   | 0.283        |
|    learning_rate        | 0.0003       |
|    loss                 | 2.24e+04     |
|    n_updates            | 5230         |
|    policy_gradient_loss | -0.000347    |
|    value_loss           | 7.35e+04     |
------------------------------------------
------------------------------------------
| rollout/                |              |
|    ep_len_mean          | 100          |
|    ep_rew_mean          | 1.61e+03     |
| time/                   |              |
|    fps                  | 56           |
|    iterations           | 525          |
|    time_elapsed         | 18905        |
|    total_timesteps      | 1075200      |
| train/                  |              |
|    approx_kl            | 0.0014223241 |
|    clip_fraction        | 0.000684     |
|    clip_range           | 0.2          |
|    entropy_loss         | -4.55        |
|    explained_variance   | 0.172        |
|    learning_rate        | 0.0003       |
|    loss                 | 2.05e+04     |
|    n_updates            | 5240         |
|    policy_gradient_loss | -0.000635    |
|    value_loss           | 6.61e+04     |
------------------------------------------
2026-04-18 18:42:00,504 [INFO] DGRL-v7: [AdaptivePenalty] step=1,077,248 | viol_rate=0.041 (target=0.05) | λ_msd: -224.7 → -224.3
-----------------------------------------
| rollout/                |             |
|    ep_len_mean          | 100         |
|    ep_rew_mean          | 1.66e+03    |
| time/                   |             |
|    fps                  | 56          |
|    iterations           | 526         |
|    time_elapsed         | 18936       |
|    total_timesteps      | 1077248     |
| train/                  |             |
|    approx_kl            | 0.001344873 |
|    clip_fraction        | 0.000488    |
|    clip_range           | 0.2         |
|    entropy_loss         | -4.55       |
|    explained_variance   | 0.164       |
|    learning_rate        | 0.0003      |
|    loss                 | 2.23e+04    |
|    n_updates            | 5250        |
|    policy_gradient_loss | -0.00134    |
|    value_loss           | 6.79e+04    |
-----------------------------------------
------------------------------------------
| rollout/                |              |
|    ep_len_mean          | 100          |
|    ep_rew_mean          | 1.68e+03     |
| time/                   |              |
|    fps                  | 56           |
|    iterations           | 527          |
|    time_elapsed         | 18969        |
|    total_timesteps      | 1079296      |
| train/                  |              |
|    approx_kl            | 0.0014601229 |
|    clip_fraction        | 0.000537     |
|    clip_range           | 0.2          |
|    entropy_loss         | -4.55        |
|    explained_variance   | 0.168        |
|    learning_rate        | 0.0003       |
|    loss                 | 1.99e+04     |
|    n_updates            | 5260         |
|    policy_gradient_loss | 0.00139      |
|    value_loss           | 6.03e+04     |
------------------------------------------
2026-04-18 18:43:00,274 [INFO] DGRL-v7: [AdaptivePenalty] step=1,081,344 | viol_rate=0.046 (target=0.05) | λ_msd: -224.3 → -224.1
------------------------------------------
| rollout/                |              |
|    ep_len_mean          | 100          |
|    ep_rew_mean          | 1.73e+03     |
| time/                   |              |
|    fps                  | 56           |
|    iterations           | 528          |
|    time_elapsed         | 18995        |
|    total_timesteps      | 1081344      |
| train/                  |              |
|    approx_kl            | 0.0012195485 |
|    clip_fraction        | 0.000195     |
|    clip_range           | 0.2          |
|    entropy_loss         | -4.55        |
|    explained_variance   | 0.0373       |
|    learning_rate        | 0.0003       |
|    loss                 | 2.01e+04     |
|    n_updates            | 5270         |
|    policy_gradient_loss | -0.000463    |
|    value_loss           | 6.31e+04     |
------------------------------------------
------------------------------------------
| rollout/                |              |
|    ep_len_mean          | 100          |
|    ep_rew_mean          | 1.66e+03     |
| time/                   |              |
|    fps                  | 56           |
|    iterations           | 529          |
|    time_elapsed         | 19028        |
|    total_timesteps      | 1083392      |
| train/                  |              |
|    approx_kl            | 0.0015126083 |
|    clip_fraction        | 0.000732     |
|    clip_range           | 0.2          |
|    entropy_loss         | -4.56        |
|    explained_variance   | 0.31         |
|    learning_rate        | 0.0003       |
|    loss                 | 2.32e+04     |
|    n_updates            | 5280         |
|    policy_gradient_loss | 0.000332     |
|    value_loss           | 7.28e+04     |
------------------------------------------
2026-04-18 18:44:02,184 [INFO] DGRL-v7: [AdaptivePenalty] step=1,085,440 | viol_rate=0.050 (target=0.05) | λ_msd: -224.1 → -224.1
------------------------------------------
| rollout/                |              |
|    ep_len_mean          | 100          |
|    ep_rew_mean          | 1.67e+03     |
| time/                   |              |
|    fps                  | 56           |
|    iterations           | 530          |
|    time_elapsed         | 19057        |
|    total_timesteps      | 1085440      |
| train/                  |              |
|    approx_kl            | 0.0011248928 |
|    clip_fraction        | 0.000293     |
|    clip_range           | 0.2          |
|    entropy_loss         | -4.55        |
|    explained_variance   | 0.253        |
|    learning_rate        | 0.0003       |
|    loss                 | 3.12e+04     |
|    n_updates            | 5290         |
|    policy_gradient_loss | -0.000277    |
|    value_loss           | 7.66e+04     |
------------------------------------------
------------------------------------------
| rollout/                |              |
|    ep_len_mean          | 100          |
|    ep_rew_mean          | 1.54e+03     |
| time/                   |              |
|    fps                  | 56           |
|    iterations           | 531          |
|    time_elapsed         | 19090        |
|    total_timesteps      | 1087488      |
| train/                  |              |
|    approx_kl            | 0.0011502383 |
|    clip_fraction        | 0.000146     |
|    clip_range           | 0.2          |
|    entropy_loss         | -4.55        |
|    explained_variance   | 0.325        |
|    learning_rate        | 0.0003       |
|    loss                 | 2.63e+04     |
|    n_updates            | 5300         |
|    policy_gradient_loss | -0.000183    |
|    value_loss           | 6.89e+04     |
------------------------------------------
2026-04-18 18:45:08,780 [INFO] DGRL-v7: [AdaptivePenalty] step=1,089,536 | viol_rate=0.048 (target=0.05) | λ_msd: -224.1 → -224.0
------------------------------------------
| rollout/                |              |
|    ep_len_mean          | 100          |
|    ep_rew_mean          | 1.53e+03     |
| time/                   |              |
|    fps                  | 56           |
|    iterations           | 532          |
|    time_elapsed         | 19124        |
|    total_timesteps      | 1089536      |
| train/                  |              |
|    approx_kl            | 0.0013498913 |
|    clip_fraction        | 0.000781     |
|    clip_range           | 0.2          |
|    entropy_loss         | -4.56        |
|    explained_variance   | 0.14         |
|    learning_rate        | 0.0003       |
|    loss                 | 3.23e+04     |
|    n_updates            | 5310         |
|    policy_gradient_loss | 0.000493     |
|    value_loss           | 8.81e+04     |
------------------------------------------
----------------------------------------
| rollout/                |            |
|    ep_len_mean          | 100        |
|    ep_rew_mean          | 1.49e+03   |
| time/                   |            |
|    fps                  | 56         |
|    iterations           | 533        |
|    time_elapsed         | 19159      |
|    total_timesteps      | 1091584    |
| train/                  |            |
|    approx_kl            | 0.00129907 |
|    clip_fraction        | 0.000635   |
|    clip_range           | 0.2        |
|    entropy_loss         | -4.56      |
|    explained_variance   | 0.195      |
|    learning_rate        | 0.0003     |
|    loss                 | 2.29e+04   |
|    n_updates            | 5320       |
|    policy_gradient_loss | -5.25e-05  |
|    value_loss           | 7.28e+04   |
----------------------------------------
2026-04-18 18:46:17,686 [INFO] DGRL-v7: [AdaptivePenalty] step=1,093,632 | viol_rate=0.048 (target=0.05) | λ_msd: -224.0 → -223.9
------------------------------------------
| rollout/                |              |
|    ep_len_mean          | 100          |
|    ep_rew_mean          | 1.62e+03     |
| time/                   |              |
|    fps                  | 56           |
|    iterations           | 534          |
|    time_elapsed         | 19193        |
|    total_timesteps      | 1093632      |
| train/                  |              |
|    approx_kl            | 0.0012426032 |
|    clip_fraction        | 0.000195     |
|    clip_range           | 0.2          |
|    entropy_loss         | -4.55        |
|    explained_variance   | 0.278        |
|    learning_rate        | 0.0003       |
|    loss                 | 2.41e+04     |
|    n_updates            | 5330         |
|    policy_gradient_loss | -0.000837    |
|    value_loss           | 6.53e+04     |
------------------------------------------
------------------------------------------
| rollout/                |              |
|    ep_len_mean          | 100          |
|    ep_rew_mean          | 1.64e+03     |
| time/                   |              |
|    fps                  | 56           |
|    iterations           | 535          |
|    time_elapsed         | 19223        |
|    total_timesteps      | 1095680      |
| train/                  |              |
|    approx_kl            | 0.0011653933 |
|    clip_fraction        | 0.000293     |
|    clip_range           | 0.2          |
|    entropy_loss         | -4.55        |
|    explained_variance   | 0.125        |
|    learning_rate        | 0.0003       |
|    loss                 | 2.45e+04     |
|    n_updates            | 5340         |
|    policy_gradient_loss | 8.87e-05     |
|    value_loss           | 6.31e+04     |
------------------------------------------
2026-04-18 18:47:20,053 [INFO] DGRL-v7: [AdaptivePenalty] step=1,097,728 | viol_rate=0.045 (target=0.05) | λ_msd: -223.9 → -223.6
------------------------------------------
| rollout/                |              |
|    ep_len_mean          | 100          |
|    ep_rew_mean          | 1.72e+03     |
| time/                   |              |
|    fps                  | 57           |
|    iterations           | 536          |
|    time_elapsed         | 19255        |
|    total_timesteps      | 1097728      |
| train/                  |              |
|    approx_kl            | 0.0010925048 |
|    clip_fraction        | 0.000244     |
|    clip_range           | 0.2          |
|    entropy_loss         | -4.56        |
|    explained_variance   | 0.272        |
|    learning_rate        | 0.0003       |
|    loss                 | 1.75e+04     |
|    n_updates            | 5350         |
|    policy_gradient_loss | 0.000378     |
|    value_loss           | 5.27e+04     |
------------------------------------------
------------------------------------------
| rollout/                |              |
|    ep_len_mean          | 100          |
|    ep_rew_mean          | 1.75e+03     |
| time/                   |              |
|    fps                  | 57           |
|    iterations           | 537          |
|    time_elapsed         | 19290        |
|    total_timesteps      | 1099776      |
| train/                  |              |
|    approx_kl            | 0.0010809232 |
|    clip_fraction        | 4.88e-05     |
|    clip_range           | 0.2          |
|    entropy_loss         | -4.56        |
|    explained_variance   | 0.259        |
|    learning_rate        | 0.0003       |
|    loss                 | 2.41e+04     |
|    n_updates            | 5360         |
|    policy_gradient_loss | -4.39e-05    |
|    value_loss           | 7.12e+04     |
------------------------------------------
Eval num_timesteps=1100000, episode_reward=-7691.86 +/- 2461.25
Episode length: 100.00 +/- 0.00
------------------------------------------
| eval/                   |              |
|    mean_ep_length       | 100          |
|    mean_reward          | -7.69e+03    |
| time/                   |              |
|    total_timesteps      | 1100000      |
| train/                  |              |
|    approx_kl            | 0.0010811086 |
|    clip_fraction        | 9.77e-05     |
|    clip_range           | 0.2          |
|    entropy_loss         | -4.56        |
|    explained_variance   | 0.289        |
|    learning_rate        | 0.0003       |
|    loss                 | 1.75e+04     |
|    n_updates            | 5370         |
|    policy_gradient_loss | -0.000868    |
|    value_loss           | 6.24e+04     |
------------------------------------------
2026-04-18 18:49:21,209 [INFO] DGRL-v7: [AdaptivePenalty] step=1,101,824 | viol_rate=0.047 (target=0.05) | λ_msd: -223.6 → -223.5
---------------------------------
| rollout/           |          |
|    ep_len_mean     | 100      |
|    ep_rew_mean     | 1.72e+03 |
| time/              |          |
|    fps             | 56       |
|    iterations      | 538      |
|    time_elapsed    | 19376    |
|    total_timesteps | 1101824  |
---------------------------------
------------------------------------------
| rollout/                |              |
|    ep_len_mean          | 100          |
|    ep_rew_mean          | 1.7e+03      |
| time/                   |              |
|    fps                  | 56           |
|    iterations           | 539          |
|    time_elapsed         | 19412        |
|    total_timesteps      | 1103872      |
| train/                  |              |
|    approx_kl            | 0.0011991406 |
|    clip_fraction        | 0.000293     |
|    clip_range           | 0.2          |
|    entropy_loss         | -4.56        |
|    explained_variance   | 0.231        |
|    learning_rate        | 0.0003       |
|    loss                 | 2.12e+04     |
|    n_updates            | 5380         |
|    policy_gradient_loss | -0.000598    |
|    value_loss           | 5.64e+04     |
------------------------------------------
2026-04-18 18:50:30,351 [INFO] DGRL-v7: [AdaptivePenalty] step=1,105,920 | viol_rate=0.045 (target=0.05) | λ_msd: -223.5 → -223.2
------------------------------------------
| rollout/                |              |
|    ep_len_mean          | 100          |
|    ep_rew_mean          | 1.69e+03     |
| time/                   |              |
|    fps                  | 56           |
|    iterations           | 540          |
|    time_elapsed         | 19446        |
|    total_timesteps      | 1105920      |
| train/                  |              |
|    approx_kl            | 0.0011805224 |
|    clip_fraction        | 0.000195     |
|    clip_range           | 0.2          |
|    entropy_loss         | -4.55        |
|    explained_variance   | 0.255        |
|    learning_rate        | 0.0003       |
|    loss                 | 2.18e+04     |
|    n_updates            | 5390         |
|    policy_gradient_loss | 0.000551     |
|    value_loss           | 5.93e+04     |
------------------------------------------
-----------------------------------------
| rollout/                |             |
|    ep_len_mean          | 100         |
|    ep_rew_mean          | 1.66e+03    |
| time/                   |             |
|    fps                  | 56          |
|    iterations           | 541         |
|    time_elapsed         | 19477       |
|    total_timesteps      | 1107968     |
| train/                  |             |
|    approx_kl            | 0.001266527 |
|    clip_fraction        | 0.000439    |
|    clip_range           | 0.2         |
|    entropy_loss         | -4.55       |
|    explained_variance   | 0.189       |
|    learning_rate        | 0.0003      |
|    loss                 | 2.3e+04     |
|    n_updates            | 5400        |
|    policy_gradient_loss | -0.000475   |
|    value_loss           | 6.15e+04    |
-----------------------------------------
2026-04-18 18:51:33,863 [INFO] DGRL-v7: [AdaptivePenalty] step=1,110,016 | viol_rate=0.046 (target=0.05) | λ_msd: -223.2 → -223.0
-----------------------------------------
| rollout/                |             |
|    ep_len_mean          | 100         |
|    ep_rew_mean          | 1.69e+03    |
| time/                   |             |
|    fps                  | 56          |
|    iterations           | 542         |
|    time_elapsed         | 19509       |
|    total_timesteps      | 1110016     |
| train/                  |             |
|    approx_kl            | 0.001269439 |
|    clip_fraction        | 0.000244    |
|    clip_range           | 0.2         |
|    entropy_loss         | -4.55       |
|    explained_variance   | 0.25        |
|    learning_rate        | 0.0003      |
|    loss                 | 1.96e+04    |
|    n_updates            | 5410        |
|    policy_gradient_loss | 0.000515    |
|    value_loss           | 6.99e+04    |
-----------------------------------------
------------------------------------------
| rollout/                |              |
|    ep_len_mean          | 100          |
|    ep_rew_mean          | 1.68e+03     |
| time/                   |              |
|    fps                  | 56           |
|    iterations           | 543          |
|    time_elapsed         | 19544        |
|    total_timesteps      | 1112064      |
| train/                  |              |
|    approx_kl            | 0.0011530321 |
|    clip_fraction        | 0.000146     |
|    clip_range           | 0.2          |
|    entropy_loss         | -4.55        |
|    explained_variance   | 0.316        |
|    learning_rate        | 0.0003       |
|    loss                 | 2.07e+04     |
|    n_updates            | 5420         |
|    policy_gradient_loss | 0.00025      |
|    value_loss           | 6.26e+04     |
------------------------------------------
2026-04-18 18:52:44,461 [INFO] DGRL-v7: [AdaptivePenalty] step=1,114,112 | viol_rate=0.041 (target=0.05) | λ_msd: -223.0 → -222.5
------------------------------------------
| rollout/                |              |
|    ep_len_mean          | 100          |
|    ep_rew_mean          | 1.68e+03     |
| time/                   |              |
|    fps                  | 56           |
|    iterations           | 544          |
|    time_elapsed         | 19580        |
|    total_timesteps      | 1114112      |
| train/                  |              |
|    approx_kl            | 0.0011095606 |
|    clip_fraction        | 9.77e-05     |
|    clip_range           | 0.2          |
|    entropy_loss         | -4.55        |
|    explained_variance   | 0.145        |
|    learning_rate        | 0.0003       |
|    loss                 | 2.7e+04      |
|    n_updates            | 5430         |
|    policy_gradient_loss | -6.19e-05    |
|    value_loss           | 7.22e+04     |
------------------------------------------
------------------------------------------
| rollout/                |              |
|    ep_len_mean          | 100          |
|    ep_rew_mean          | 1.63e+03     |
| time/                   |              |
|    fps                  | 56           |
|    iterations           | 545          |
|    time_elapsed         | 19609        |
|    total_timesteps      | 1116160      |
| train/                  |              |
|    approx_kl            | 0.0012683799 |
|    clip_fraction        | 9.77e-05     |
|    clip_range           | 0.2          |
|    entropy_loss         | -4.54        |
|    explained_variance   | 0.225        |
|    learning_rate        | 0.0003       |
|    loss                 | 2.04e+04     |
|    n_updates            | 5440         |
|    policy_gradient_loss | 0.000343     |
|    value_loss           | 6.78e+04     |
------------------------------------------
2026-04-18 18:53:47,833 [INFO] DGRL-v7: [AdaptivePenalty] step=1,118,208 | viol_rate=0.045 (target=0.05) | λ_msd: -222.5 → -222.3
------------------------------------------
| rollout/                |              |
|    ep_len_mean          | 100          |
|    ep_rew_mean          | 1.64e+03     |
| time/                   |              |
|    fps                  | 56           |
|    iterations           | 546          |
|    time_elapsed         | 19643        |
|    total_timesteps      | 1118208      |
| train/                  |              |
|    approx_kl            | 0.0013953862 |
|    clip_fraction        | 0.000146     |
|    clip_range           | 0.2          |
|    entropy_loss         | -4.54        |
|    explained_variance   | 0.306        |
|    learning_rate        | 0.0003       |
|    loss                 | 2.3e+04      |
|    n_updates            | 5450         |
|    policy_gradient_loss | -0.0013      |
|    value_loss           | 6.92e+04     |
------------------------------------------
------------------------------------------
| rollout/                |              |
|    ep_len_mean          | 100          |
|    ep_rew_mean          | 1.58e+03     |
| time/                   |              |
|    fps                  | 56           |
|    iterations           | 547          |
|    time_elapsed         | 19676        |
|    total_timesteps      | 1120256      |
| train/                  |              |
|    approx_kl            | 0.0018589187 |
|    clip_fraction        | 0.00186      |
|    clip_range           | 0.2          |
|    entropy_loss         | -4.54        |
|    explained_variance   | 0.256        |
|    learning_rate        | 0.0003       |
|    loss                 | 2.27e+04     |
|    n_updates            | 5460         |
|    policy_gradient_loss | 0.00168      |
|    value_loss           | 8.02e+04     |
------------------------------------------
2026-04-18 18:54:58,372 [INFO] DGRL-v7: [AdaptivePenalty] step=1,122,304 | viol_rate=0.045 (target=0.05) | λ_msd: -222.3 → -222.1
------------------------------------------
| rollout/                |              |
|    ep_len_mean          | 100          |
|    ep_rew_mean          | 1.59e+03     |
| time/                   |              |
|    fps                  | 56           |
|    iterations           | 548          |
|    time_elapsed         | 19714        |
|    total_timesteps      | 1122304      |
| train/                  |              |
|    approx_kl            | 0.0015988813 |
|    clip_fraction        | 0.00107      |
|    clip_range           | 0.2          |
|    entropy_loss         | -4.55        |
|    explained_variance   | 0.126        |
|    learning_rate        | 0.0003       |
|    loss                 | 2.17e+04     |
|    n_updates            | 5470         |
|    policy_gradient_loss | 0.00117      |
|    value_loss           | 7.04e+04     |
------------------------------------------
------------------------------------------
| rollout/                |              |
|    ep_len_mean          | 100          |
|    ep_rew_mean          | 1.63e+03     |
| time/                   |              |
|    fps                  | 56           |
|    iterations           | 549          |
|    time_elapsed         | 19749        |
|    total_timesteps      | 1124352      |
| train/                  |              |
|    approx_kl            | 0.0019478902 |
|    clip_fraction        | 0.0021       |
|    clip_range           | 0.2          |
|    entropy_loss         | -4.55        |
|    explained_variance   | 0.196        |
|    learning_rate        | 0.0003       |
|    loss                 | 2.23e+04     |
|    n_updates            | 5480         |
|    policy_gradient_loss | -2.64e-05    |
|    value_loss           | 8.16e+04     |
------------------------------------------
2026-04-18 18:56:10,036 [INFO] DGRL-v7: [AdaptivePenalty] step=1,126,400 | viol_rate=0.043 (target=0.05) | λ_msd: -222.1 → -221.7
------------------------------------------
| rollout/                |              |
|    ep_len_mean          | 100          |
|    ep_rew_mean          | 1.72e+03     |
| time/                   |              |
|    fps                  | 56           |
|    iterations           | 550          |
|    time_elapsed         | 19785        |
|    total_timesteps      | 1126400      |
| train/                  |              |
|    approx_kl            | 0.0013972516 |
|    clip_fraction        | 0.00103      |
|    clip_range           | 0.2          |
|    entropy_loss         | -4.55        |
|    explained_variance   | 0.0025       |
|    learning_rate        | 0.0003       |
|    loss                 | 1.57e+04     |
|    n_updates            | 5490         |
|    policy_gradient_loss | 0.000603     |
|    value_loss           | 6.09e+04     |
------------------------------------------
------------------------------------------
| rollout/                |              |
|    ep_len_mean          | 100          |
|    ep_rew_mean          | 1.88e+03     |
| time/                   |              |
|    fps                  | 56           |
|    iterations           | 551          |
|    time_elapsed         | 19820        |
|    total_timesteps      | 1128448      |
| train/                  |              |
|    approx_kl            | 0.0011839157 |
|    clip_fraction        | 0.000684     |
|    clip_range           | 0.2          |
|    entropy_loss         | -4.55        |
|    explained_variance   | 0.278        |
|    learning_rate        | 0.0003       |
|    loss                 | 2.76e+04     |
|    n_updates            | 5500         |
|    policy_gradient_loss | -0.000561    |
|    value_loss           | 6.42e+04     |
------------------------------------------
2026-04-18 18:57:16,547 [INFO] DGRL-v7: [AdaptivePenalty] step=1,130,496 | viol_rate=0.042 (target=0.05) | λ_msd: -221.7 → -221.3
------------------------------------------
| rollout/                |              |
|    ep_len_mean          | 100          |
|    ep_rew_mean          | 1.92e+03     |
| time/                   |              |
|    fps                  | 56           |
|    iterations           | 552          |
|    time_elapsed         | 19852        |
|    total_timesteps      | 1130496      |
| train/                  |              |
|    approx_kl            | 0.0010730473 |
|    clip_fraction        | 4.88e-05     |
|    clip_range           | 0.2          |
|    entropy_loss         | -4.55        |
|    explained_variance   | 0.261        |
|    learning_rate        | 0.0003       |
|    loss                 | 3.13e+04     |
|    n_updates            | 5510         |
|    policy_gradient_loss | -0.000287    |
|    value_loss           | 6.29e+04     |
------------------------------------------
------------------------------------------
| rollout/                |              |
|    ep_len_mean          | 100          |
|    ep_rew_mean          | 1.96e+03     |
| time/                   |              |
|    fps                  | 56           |
|    iterations           | 553          |
|    time_elapsed         | 19887        |
|    total_timesteps      | 1132544      |
| train/                  |              |
|    approx_kl            | 0.0014163675 |
|    clip_fraction        | 0.000146     |
|    clip_range           | 0.2          |
|    entropy_loss         | -4.55        |
|    explained_variance   | 0.325        |
|    learning_rate        | 0.0003       |
|    loss                 | 1.99e+04     |
|    n_updates            | 5520         |
|    policy_gradient_loss | 0.000443     |
|    value_loss           | 5.39e+04     |
------------------------------------------
2026-04-18 18:58:25,849 [INFO] DGRL-v7: [AdaptivePenalty] step=1,134,592 | viol_rate=0.042 (target=0.05) | λ_msd: -221.3 → -220.9
------------------------------------------
| rollout/                |              |
|    ep_len_mean          | 100          |
|    ep_rew_mean          | 1.95e+03     |
| time/                   |              |
|    fps                  | 56           |
|    iterations           | 554          |
|    time_elapsed         | 19921        |
|    total_timesteps      | 1134592      |
| train/                  |              |
|    approx_kl            | 0.0013717064 |
|    clip_fraction        | 0.000342     |
|    clip_range           | 0.2          |
|    entropy_loss         | -4.56        |
|    explained_variance   | 0.268        |
|    learning_rate        | 0.0003       |
|    loss                 | 2.45e+04     |
|    n_updates            | 5530         |
|    policy_gradient_loss | 9.59e-05     |
|    value_loss           | 6.72e+04     |
------------------------------------------
------------------------------------------
| rollout/                |              |
|    ep_len_mean          | 100          |
|    ep_rew_mean          | 1.92e+03     |
| time/                   |              |
|    fps                  | 56           |
|    iterations           | 555          |
|    time_elapsed         | 19951        |
|    total_timesteps      | 1136640      |
| train/                  |              |
|    approx_kl            | 0.0010307222 |
|    clip_fraction        | 0.000244     |
|    clip_range           | 0.2          |
|    entropy_loss         | -4.56        |
|    explained_variance   | 0.326        |
|    learning_rate        | 0.0003       |
|    loss                 | 1.98e+04     |
|    n_updates            | 5540         |
|    policy_gradient_loss | 7.95e-05     |
|    value_loss           | 5.37e+04     |
------------------------------------------
2026-04-18 18:59:22,602 [INFO] DGRL-v7: [AdaptivePenalty] step=1,138,688 | viol_rate=0.041 (target=0.05) | λ_msd: -220.9 → -220.4
------------------------------------------
| rollout/                |              |
|    ep_len_mean          | 100          |
|    ep_rew_mean          | 1.77e+03     |
| time/                   |              |
|    fps                  | 56           |
|    iterations           | 556          |
|    time_elapsed         | 19978        |
|    total_timesteps      | 1138688      |
| train/                  |              |
|    approx_kl            | 0.0016344793 |
|    clip_fraction        | 0.00117      |
|    clip_range           | 0.2          |
|    entropy_loss         | -4.55        |
|    explained_variance   | 0.211        |
|    learning_rate        | 0.0003       |
|    loss                 | 3.76e+04     |
|    n_updates            | 5550         |
|    policy_gradient_loss | 0.000108     |
|    value_loss           | 8.1e+04      |
------------------------------------------
------------------------------------------
| rollout/                |              |
|    ep_len_mean          | 100          |
|    ep_rew_mean          | 1.66e+03     |
| time/                   |              |
|    fps                  | 56           |
|    iterations           | 557          |
|    time_elapsed         | 20014        |
|    total_timesteps      | 1140736      |
| train/                  |              |
|    approx_kl            | 0.0012964716 |
|    clip_fraction        | 0.000391     |
|    clip_range           | 0.2          |
|    entropy_loss         | -4.55        |
|    explained_variance   | 0.324        |
|    learning_rate        | 0.0003       |
|    loss                 | 2.39e+04     |
|    n_updates            | 5560         |
|    policy_gradient_loss | 0.000129     |
|    value_loss           | 6.98e+04     |
------------------------------------------
2026-04-18 19:00:34,628 [INFO] DGRL-v7: [AdaptivePenalty] step=1,142,784 | viol_rate=0.043 (target=0.05) | λ_msd: -220.4 → -220.1
------------------------------------------
| rollout/                |              |
|    ep_len_mean          | 100          |
|    ep_rew_mean          | 1.64e+03     |
| time/                   |              |
|    fps                  | 56           |
|    iterations           | 558          |
|    time_elapsed         | 20050        |
|    total_timesteps      | 1142784      |
| train/                  |              |
|    approx_kl            | 0.0015817364 |
|    clip_fraction        | 0.000977     |
|    clip_range           | 0.2          |
|    entropy_loss         | -4.55        |
|    explained_variance   | 0.254        |
|    learning_rate        | 0.0003       |
|    loss                 | 2.9e+04      |
|    n_updates            | 5570         |
|    policy_gradient_loss | 0.00134      |
|    value_loss           | 7.31e+04     |
------------------------------------------
------------------------------------------
| rollout/                |              |
|    ep_len_mean          | 100          |
|    ep_rew_mean          | 1.63e+03     |
| time/                   |              |
|    fps                  | 56           |
|    iterations           | 559          |
|    time_elapsed         | 20086        |
|    total_timesteps      | 1144832      |
| train/                  |              |
|    approx_kl            | 0.0011431677 |
|    clip_fraction        | 0            |
|    clip_range           | 0.2          |
|    entropy_loss         | -4.55        |
|    explained_variance   | 0.274        |
|    learning_rate        | 0.0003       |
|    loss                 | 2.41e+04     |
|    n_updates            | 5580         |
|    policy_gradient_loss | 0.000101     |
|    value_loss           | 6.69e+04     |
------------------------------------------
2026-04-18 19:01:41,433 [INFO] DGRL-v7: [AdaptivePenalty] step=1,146,880 | viol_rate=0.050 (target=0.05) | λ_msd: -220.1 → -220.1
------------------------------------------
| rollout/                |              |
|    ep_len_mean          | 100          |
|    ep_rew_mean          | 1.63e+03     |
| time/                   |              |
|    fps                  | 57           |
|    iterations           | 560          |
|    time_elapsed         | 20117        |
|    total_timesteps      | 1146880      |
| train/                  |              |
|    approx_kl            | 0.0012507659 |
|    clip_fraction        | 0.000195     |
|    clip_range           | 0.2          |
|    entropy_loss         | -4.55        |
|    explained_variance   | 0.253        |
|    learning_rate        | 0.0003       |
|    loss                 | 2.67e+04     |
|    n_updates            | 5590         |
|    policy_gradient_loss | 0.000572     |
|    value_loss           | 6.64e+04     |
------------------------------------------
----------------------------------------
| rollout/                |            |
|    ep_len_mean          | 100        |
|    ep_rew_mean          | 1.73e+03   |
| time/                   |            |
|    fps                  | 57         |
|    iterations           | 561        |
|    time_elapsed         | 20149      |
|    total_timesteps      | 1148928    |
| train/                  |            |
|    approx_kl            | 0.00118005 |
|    clip_fraction        | 0.000342   |
|    clip_range           | 0.2        |
|    entropy_loss         | -4.55      |
|    explained_variance   | 0.34       |
|    learning_rate        | 0.0003     |
|    loss                 | 2.56e+04   |
|    n_updates            | 5600       |
|    policy_gradient_loss | -0.000743  |
|    value_loss           | 6.45e+04   |
----------------------------------------
Eval num_timesteps=1150000, episode_reward=-17232.90 +/- 2145.56
Episode length: 100.00 +/- 0.00
------------------------------------------
| eval/                   |              |
|    mean_ep_length       | 100          |
|    mean_reward          | -1.72e+04    |
| time/                   |              |
|    total_timesteps      | 1150000      |
| train/                  |              |
|    approx_kl            | 0.0013754453 |
|    clip_fraction        | 0.000537     |
|    clip_range           | 0.2          |
|    entropy_loss         | -4.55        |
|    explained_variance   | 0.235        |
|    learning_rate        | 0.0003       |
|    loss                 | 2.29e+04     |
|    n_updates            | 5610         |
|    policy_gradient_loss | 0.000699     |
|    value_loss           | 6.74e+04     |
------------------------------------------
2026-04-18 19:03:39,083 [INFO] DGRL-v7: [AdaptivePenalty] step=1,150,976 | viol_rate=0.047 (target=0.05) | λ_msd: -220.1 → -219.9
---------------------------------
| rollout/           |          |
|    ep_len_mean     | 100      |
|    ep_rew_mean     | 1.78e+03 |
| time/              |          |
|    fps             | 56       |
|    iterations      | 562      |
|    time_elapsed    | 20234    |
|    total_timesteps | 1150976  |
---------------------------------
------------------------------------------
| rollout/                |              |
|    ep_len_mean          | 100          |
|    ep_rew_mean          | 1.76e+03     |
| time/                   |              |
|    fps                  | 56           |
|    iterations           | 563          |
|    time_elapsed         | 20269        |
|    total_timesteps      | 1153024      |
| train/                  |              |
|    approx_kl            | 0.0012425228 |
|    clip_fraction        | 0.000732     |
|    clip_range           | 0.2          |
|    entropy_loss         | -4.55        |
|    explained_variance   | 0.284        |
|    learning_rate        | 0.0003       |
|    loss                 | 2.46e+04     |
|    n_updates            | 5620         |
|    policy_gradient_loss | -0.00104     |
|    value_loss           | 6.18e+04     |
------------------------------------------
2026-04-18 19:04:52,218 [INFO] DGRL-v7: [AdaptivePenalty] step=1,155,072 | viol_rate=0.050 (target=0.05) | λ_msd: -219.9 → -220.0
------------------------------------------
| rollout/                |              |
|    ep_len_mean          | 100          |
|    ep_rew_mean          | 1.77e+03     |
| time/                   |              |
|    fps                  | 56           |
|    iterations           | 564          |
|    time_elapsed         | 20307        |
|    total_timesteps      | 1155072      |
| train/                  |              |
|    approx_kl            | 0.0018097195 |
|    clip_fraction        | 0.00366      |
|    clip_range           | 0.2          |
|    entropy_loss         | -4.56        |
|    explained_variance   | 0.237        |
|    learning_rate        | 0.0003       |
|    loss                 | 2.43e+04     |
|    n_updates            | 5630         |
|    policy_gradient_loss | 0.0014       |
|    value_loss           | 7.3e+04      |
------------------------------------------
------------------------------------------
| rollout/                |              |
|    ep_len_mean          | 100          |
|    ep_rew_mean          | 1.74e+03     |
| time/                   |              |
|    fps                  | 56           |
|    iterations           | 565          |
|    time_elapsed         | 20337        |
|    total_timesteps      | 1157120      |
| train/                  |              |
|    approx_kl            | 0.0013821402 |
|    clip_fraction        | 0.00117      |
|    clip_range           | 0.2          |
|    entropy_loss         | -4.56        |
|    explained_variance   | 0.178        |
|    learning_rate        | 0.0003       |
|    loss                 | 2.49e+04     |
|    n_updates            | 5640         |
|    policy_gradient_loss | -0.000701    |
|    value_loss           | 6.43e+04     |
------------------------------------------
2026-04-18 19:05:55,930 [INFO] DGRL-v7: [AdaptivePenalty] step=1,159,168 | viol_rate=0.049 (target=0.05) | λ_msd: -220.0 → -219.9
------------------------------------------
| rollout/                |              |
|    ep_len_mean          | 100          |
|    ep_rew_mean          | 1.7e+03      |
| time/                   |              |
|    fps                  | 56           |
|    iterations           | 566          |
|    time_elapsed         | 20371        |
|    total_timesteps      | 1159168      |
| train/                  |              |
|    approx_kl            | 0.0010170556 |
|    clip_fraction        | 4.88e-05     |
|    clip_range           | 0.2          |
|    entropy_loss         | -4.56        |
|    explained_variance   | 0.235        |
|    learning_rate        | 0.0003       |
|    loss                 | 1.93e+04     |
|    n_updates            | 5650         |
|    policy_gradient_loss | 0.000118     |
|    value_loss           | 5.56e+04     |
------------------------------------------
-----------------------------------------
| rollout/                |             |
|    ep_len_mean          | 100         |
|    ep_rew_mean          | 1.62e+03    |
| time/                   |             |
|    fps                  | 56          |
|    iterations           | 567         |
|    time_elapsed         | 20405       |
|    total_timesteps      | 1161216     |
| train/                  |             |
|    approx_kl            | 0.001079455 |
|    clip_fraction        | 0           |
|    clip_range           | 0.2         |
|    entropy_loss         | -4.56       |
|    explained_variance   | 0.236       |
|    learning_rate        | 0.0003      |
|    loss                 | 2.54e+04    |
|    n_updates            | 5660        |
|    policy_gradient_loss | -0.000366   |
|    value_loss           | 6.53e+04    |
-----------------------------------------
2026-04-18 19:07:05,254 [INFO] DGRL-v7: [AdaptivePenalty] step=1,163,264 | viol_rate=0.044 (target=0.05) | λ_msd: -219.9 → -219.6
------------------------------------------
| rollout/                |              |
|    ep_len_mean          | 100          |
|    ep_rew_mean          | 1.69e+03     |
| time/                   |              |
|    fps                  | 56           |
|    iterations           | 568          |
|    time_elapsed         | 20440        |
|    total_timesteps      | 1163264      |
| train/                  |              |
|    approx_kl            | 0.0010691816 |
|    clip_fraction        | 0.000244     |
|    clip_range           | 0.2          |
|    entropy_loss         | -4.55        |
|    explained_variance   | 0.307        |
|    learning_rate        | 0.0003       |
|    loss                 | 2.53e+04     |
|    n_updates            | 5670         |
|    policy_gradient_loss | -0.000598    |
|    value_loss           | 6.04e+04     |
------------------------------------------
------------------------------------------
| rollout/                |              |
|    ep_len_mean          | 100          |
|    ep_rew_mean          | 1.62e+03     |
| time/                   |              |
|    fps                  | 56           |
|    iterations           | 569          |
|    time_elapsed         | 20476        |
|    total_timesteps      | 1165312      |
| train/                  |              |
|    approx_kl            | 0.0010063439 |
|    clip_fraction        | 0.000244     |
|    clip_range           | 0.2          |
|    entropy_loss         | -4.56        |
|    explained_variance   | 0.408        |
|    learning_rate        | 0.0003       |
|    loss                 | 2.49e+04     |
|    n_updates            | 5680         |
|    policy_gradient_loss | 2.98e-05     |
|    value_loss           | 5.8e+04      |
------------------------------------------
2026-04-18 19:08:17,039 [INFO] DGRL-v7: [AdaptivePenalty] step=1,167,360 | viol_rate=0.044 (target=0.05) | λ_msd: -219.6 → -219.3
------------------------------------------
| rollout/                |              |
|    ep_len_mean          | 100          |
|    ep_rew_mean          | 1.71e+03     |
| time/                   |              |
|    fps                  | 56           |
|    iterations           | 570          |
|    time_elapsed         | 20512        |
|    total_timesteps      | 1167360      |
| train/                  |              |
|    approx_kl            | 0.0011016516 |
|    clip_fraction        | 0            |
|    clip_range           | 0.2          |
|    entropy_loss         | -4.56        |
|    explained_variance   | 0.211        |
|    learning_rate        | 0.0003       |
|    loss                 | 2.32e+04     |
|    n_updates            | 5690         |
|    policy_gradient_loss | 0.00122      |
|    value_loss           | 6.95e+04     |
------------------------------------------
------------------------------------------
| rollout/                |              |
|    ep_len_mean          | 100          |
|    ep_rew_mean          | 1.75e+03     |
| time/                   |              |
|    fps                  | 56           |
|    iterations           | 571          |
|    time_elapsed         | 20547        |
|    total_timesteps      | 1169408      |
| train/                  |              |
|    approx_kl            | 0.0009037017 |
|    clip_fraction        | 0            |
|    clip_range           | 0.2          |
|    entropy_loss         | -4.55        |
|    explained_variance   | 0.341        |
|    learning_rate        | 0.0003       |
|    loss                 | 2.1e+04      |
|    n_updates            | 5700         |
|    policy_gradient_loss | -0.000454    |
|    value_loss           | 5.22e+04     |
------------------------------------------
2026-04-18 19:09:26,422 [INFO] DGRL-v7: [AdaptivePenalty] step=1,171,456 | viol_rate=0.049 (target=0.05) | λ_msd: -219.3 → -219.2
------------------------------------------
| rollout/                |              |
|    ep_len_mean          | 100          |
|    ep_rew_mean          | 1.77e+03     |
| time/                   |              |
|    fps                  | 56           |
|    iterations           | 572          |
|    time_elapsed         | 20582        |
|    total_timesteps      | 1171456      |
| train/                  |              |
|    approx_kl            | 0.0010984421 |
|    clip_fraction        | 4.88e-05     |
|    clip_range           | 0.2          |
|    entropy_loss         | -4.55        |
|    explained_variance   | 0.194        |
|    learning_rate        | 0.0003       |
|    loss                 | 2.89e+04     |
|    n_updates            | 5710         |
|    policy_gradient_loss | 0.000305     |
|    value_loss           | 8.35e+04     |
------------------------------------------
------------------------------------------
| rollout/                |              |
|    ep_len_mean          | 100          |
|    ep_rew_mean          | 1.71e+03     |
| time/                   |              |
|    fps                  | 56           |
|    iterations           | 573          |
|    time_elapsed         | 20615        |
|    total_timesteps      | 1173504      |
| train/                  |              |
|    approx_kl            | 0.0010845764 |
|    clip_fraction        | 0.000293     |
|    clip_range           | 0.2          |
|    entropy_loss         | -4.55        |
|    explained_variance   | 0.164        |
|    learning_rate        | 0.0003       |
|    loss                 | 2.51e+04     |
|    n_updates            | 5720         |
|    policy_gradient_loss | -5.99e-06    |
|    value_loss           | 6.53e+04     |
------------------------------------------
2026-04-18 19:10:35,454 [INFO] DGRL-v7: [AdaptivePenalty] step=1,175,552 | viol_rate=0.044 (target=0.05) | λ_msd: -219.2 → -218.9
-------------------------------------------
| rollout/                |               |
|    ep_len_mean          | 100           |
|    ep_rew_mean          | 1.76e+03      |
| time/                   |               |
|    fps                  | 56            |
|    iterations           | 574           |
|    time_elapsed         | 20651         |
|    total_timesteps      | 1175552       |
| train/                  |               |
|    approx_kl            | 0.00076321163 |
|    clip_fraction        | 0.000146      |
|    clip_range           | 0.2           |
|    entropy_loss         | -4.55         |
|    explained_variance   | 0.376         |
|    learning_rate        | 0.0003        |
|    loss                 | 2.49e+04      |
|    n_updates            | 5730          |
|    policy_gradient_loss | -0.000213     |
|    value_loss           | 5.78e+04      |
-------------------------------------------
------------------------------------------
| rollout/                |              |
|    ep_len_mean          | 100          |
|    ep_rew_mean          | 1.71e+03     |
| time/                   |              |
|    fps                  | 56           |
|    iterations           | 575          |
|    time_elapsed         | 20687        |
|    total_timesteps      | 1177600      |
| train/                  |              |
|    approx_kl            | 0.0015031628 |
|    clip_fraction        | 0.00137      |
|    clip_range           | 0.2          |
|    entropy_loss         | -4.56        |
|    explained_variance   | 0.311        |
|    learning_rate        | 0.0003       |
|    loss                 | 2.28e+04     |
|    n_updates            | 5740         |
|    policy_gradient_loss | -6.15e-05    |
|    value_loss           | 5.83e+04     |
------------------------------------------
2026-04-18 19:11:46,724 [INFO] DGRL-v7: [AdaptivePenalty] step=1,179,648 | viol_rate=0.046 (target=0.05) | λ_msd: -218.9 → -218.7
------------------------------------------
| rollout/                |              |
|    ep_len_mean          | 100          |
|    ep_rew_mean          | 1.67e+03     |
| time/                   |              |
|    fps                  | 56           |
|    iterations           | 576          |
|    time_elapsed         | 20722        |
|    total_timesteps      | 1179648      |
| train/                  |              |
|    approx_kl            | 0.0011615527 |
|    clip_fraction        | 0.000244     |
|    clip_range           | 0.2          |
|    entropy_loss         | -4.56        |
|    explained_variance   | 0.127        |
|    learning_rate        | 0.0003       |
|    loss                 | 2.08e+04     |
|    n_updates            | 5750         |
|    policy_gradient_loss | -0.000544    |
|    value_loss           | 6.22e+04     |
------------------------------------------
------------------------------------------
| rollout/                |              |
|    ep_len_mean          | 100          |
|    ep_rew_mean          | 1.7e+03      |
| time/                   |              |
|    fps                  | 56           |
|    iterations           | 577          |
|    time_elapsed         | 20753        |
|    total_timesteps      | 1181696      |
| train/                  |              |
|    approx_kl            | 0.0011360166 |
|    clip_fraction        | 9.77e-05     |
|    clip_range           | 0.2          |
|    entropy_loss         | -4.55        |
|    explained_variance   | 0.261        |
|    learning_rate        | 0.0003       |
|    loss                 | 2.21e+04     |
|    n_updates            | 5760         |
|    policy_gradient_loss | -0.00241     |
|    value_loss           | 6.92e+04     |
------------------------------------------
2026-04-18 19:12:51,032 [INFO] DGRL-v7: [AdaptivePenalty] step=1,183,744 | viol_rate=0.047 (target=0.05) | λ_msd: -218.7 → -218.6
------------------------------------------
| rollout/                |              |
|    ep_len_mean          | 100          |
|    ep_rew_mean          | 1.71e+03     |
| time/                   |              |
|    fps                  | 56           |
|    iterations           | 578          |
|    time_elapsed         | 20786        |
|    total_timesteps      | 1183744      |
| train/                  |              |
|    approx_kl            | 0.0011260941 |
|    clip_fraction        | 0            |
|    clip_range           | 0.2          |
|    entropy_loss         | -4.56        |
|    explained_variance   | 0.297        |
|    learning_rate        | 0.0003       |
|    loss                 | 2.09e+04     |
|    n_updates            | 5770         |
|    policy_gradient_loss | -0.00082     |
|    value_loss           | 6.22e+04     |
------------------------------------------
------------------------------------------
| rollout/                |              |
|    ep_len_mean          | 100          |
|    ep_rew_mean          | 1.65e+03     |
| time/                   |              |
|    fps                  | 56           |
|    iterations           | 579          |
|    time_elapsed         | 20819        |
|    total_timesteps      | 1185792      |
| train/                  |              |
|    approx_kl            | 0.0011743007 |
|    clip_fraction        | 0.000293     |
|    clip_range           | 0.2          |
|    entropy_loss         | -4.56        |
|    explained_variance   | 0.303        |
|    learning_rate        | 0.0003       |
|    loss                 | 2.29e+04     |
|    n_updates            | 5780         |
|    policy_gradient_loss | -0.00078     |
|    value_loss           | 5.88e+04     |
------------------------------------------
2026-04-18 19:13:59,484 [INFO] DGRL-v7: [AdaptivePenalty] step=1,187,840 | viol_rate=0.046 (target=0.05) | λ_msd: -218.6 → -218.4
------------------------------------------
| rollout/                |              |
|    ep_len_mean          | 100          |
|    ep_rew_mean          | 1.7e+03      |
| time/                   |              |
|    fps                  | 56           |
|    iterations           | 580          |
|    time_elapsed         | 20855        |
|    total_timesteps      | 1187840      |
| train/                  |              |
|    approx_kl            | 0.0011699505 |
|    clip_fraction        | 0.000391     |
|    clip_range           | 0.2          |
|    entropy_loss         | -4.56        |
|    explained_variance   | 0.214        |
|    learning_rate        | 0.0003       |
|    loss                 | 2.45e+04     |
|    n_updates            | 5790         |
|    policy_gradient_loss | 0.000771     |
|    value_loss           | 8.48e+04     |
------------------------------------------
------------------------------------------
| rollout/                |              |
|    ep_len_mean          | 100          |
|    ep_rew_mean          | 1.71e+03     |
| time/                   |              |
|    fps                  | 56           |
|    iterations           | 581          |
|    time_elapsed         | 20890        |
|    total_timesteps      | 1189888      |
| train/                  |              |
|    approx_kl            | 0.0011022462 |
|    clip_fraction        | 0.000488     |
|    clip_range           | 0.2          |
|    entropy_loss         | -4.56        |
|    explained_variance   | 0.303        |
|    learning_rate        | 0.0003       |
|    loss                 | 2.1e+04      |
|    n_updates            | 5800         |
|    policy_gradient_loss | 0.00107      |
|    value_loss           | 5.79e+04     |
------------------------------------------
2026-04-18 19:15:09,490 [INFO] DGRL-v7: [AdaptivePenalty] step=1,191,936 | viol_rate=0.047 (target=0.05) | λ_msd: -218.4 → -218.2
------------------------------------------
| rollout/                |              |
|    ep_len_mean          | 100          |
|    ep_rew_mean          | 1.73e+03     |
| time/                   |              |
|    fps                  | 56           |
|    iterations           | 582          |
|    time_elapsed         | 20925        |
|    total_timesteps      | 1191936      |
| train/                  |              |
|    approx_kl            | 0.0008643308 |
|    clip_fraction        | 0.000293     |
|    clip_range           | 0.2          |
|    entropy_loss         | -4.55        |
|    explained_variance   | 0.259        |
|    learning_rate        | 0.0003       |
|    loss                 | 3.4e+04      |
|    n_updates            | 5810         |
|    policy_gradient_loss | 0.000419     |
|    value_loss           | 7.67e+04     |
------------------------------------------
------------------------------------------
| rollout/                |              |
|    ep_len_mean          | 100          |
|    ep_rew_mean          | 1.65e+03     |
| time/                   |              |
|    fps                  | 56           |
|    iterations           | 583          |
|    time_elapsed         | 20959        |
|    total_timesteps      | 1193984      |
| train/                  |              |
|    approx_kl            | 0.0011044224 |
|    clip_fraction        | 0.000244     |
|    clip_range           | 0.2          |
|    entropy_loss         | -4.55        |
|    explained_variance   | 0.329        |
|    learning_rate        | 0.0003       |
|    loss                 | 3.08e+04     |
|    n_updates            | 5820         |
|    policy_gradient_loss | -0.00152     |
|    value_loss           | 8.14e+04     |
------------------------------------------
2026-04-18 19:16:19,295 [INFO] DGRL-v7: [AdaptivePenalty] step=1,196,032 | viol_rate=0.051 (target=0.05) | λ_msd: -218.2 → -218.2
------------------------------------------
| rollout/                |              |
|    ep_len_mean          | 100          |
|    ep_rew_mean          | 1.67e+03     |
| time/                   |              |
|    fps                  | 56           |
|    iterations           | 584          |
|    time_elapsed         | 20994        |
|    total_timesteps      | 1196032      |
| train/                  |              |
|    approx_kl            | 0.0010969315 |
|    clip_fraction        | 4.88e-05     |
|    clip_range           | 0.2          |
|    entropy_loss         | -4.55        |
|    explained_variance   | 0.218        |
|    learning_rate        | 0.0003       |
|    loss                 | 2.96e+04     |
|    n_updates            | 5830         |
|    policy_gradient_loss | 0.000246     |
|    value_loss           | 8.72e+04     |
------------------------------------------
------------------------------------------
| rollout/                |              |
|    ep_len_mean          | 100          |
|    ep_rew_mean          | 1.59e+03     |
| time/                   |              |
|    fps                  | 56           |
|    iterations           | 585          |
|    time_elapsed         | 21030        |
|    total_timesteps      | 1198080      |
| train/                  |              |
|    approx_kl            | 0.0009612754 |
|    clip_fraction        | 0            |
|    clip_range           | 0.2          |
|    entropy_loss         | -4.55        |
|    explained_variance   | 0.29         |
|    learning_rate        | 0.0003       |
|    loss                 | 2.71e+04     |
|    n_updates            | 5840         |
|    policy_gradient_loss | -0.000151    |
|    value_loss           | 6.89e+04     |
------------------------------------------
Eval num_timesteps=1200000, episode_reward=-10003.79 +/- 2203.99
Episode length: 100.00 +/- 0.00
------------------------------------------
| eval/                   |              |
|    mean_ep_length       | 100          |
|    mean_reward          | -1e+04       |
| time/                   |              |
|    total_timesteps      | 1200000      |
| train/                  |              |
|    approx_kl            | 0.0011809759 |
|    clip_fraction        | 0.000342     |
|    clip_range           | 0.2          |
|    entropy_loss         | -4.55        |
|    explained_variance   | 0.348        |
|    learning_rate        | 0.0003       |
|    loss                 | 2.54e+04     |
|    n_updates            | 5850         |
|    policy_gradient_loss | 0.00013      |
|    value_loss           | 7.23e+04     |
------------------------------------------
2026-04-18 19:18:06,808 [INFO] DGRL-v7: [AdaptivePenalty] step=1,200,128 | viol_rate=0.045 (target=0.05) | λ_msd: -218.2 → -218.0
---------------------------------
| rollout/           |          |
|    ep_len_mean     | 100      |
|    ep_rew_mean     | 1.56e+03 |
| time/              |          |
|    fps             | 56       |
|    iterations      | 586      |
|    time_elapsed    | 21102    |
|    total_timesteps | 1200128  |
---------------------------------
------------------------------------------
| rollout/                |              |
|    ep_len_mean          | 100          |
|    ep_rew_mean          | 1.5e+03      |
| time/                   |              |
|    fps                  | 56           |
|    iterations           | 587          |
|    time_elapsed         | 21137        |
|    total_timesteps      | 1202176      |
| train/                  |              |
|    approx_kl            | 0.0012728251 |
|    clip_fraction        | 0.000635     |
|    clip_range           | 0.2          |
|    entropy_loss         | -4.55        |
|    explained_variance   | 0.166        |
|    learning_rate        | 0.0003       |
|    loss                 | 3.05e+04     |
|    n_updates            | 5860         |
|    policy_gradient_loss | -0.00109     |
|    value_loss           | 7.59e+04     |
------------------------------------------
2026-04-18 19:19:12,419 [INFO] DGRL-v7: [AdaptivePenalty] step=1,204,224 | viol_rate=0.047 (target=0.05) | λ_msd: -218.0 → -217.8
------------------------------------------
| rollout/                |              |
|    ep_len_mean          | 100          |
|    ep_rew_mean          | 1.65e+03     |
| time/                   |              |
|    fps                  | 56           |
|    iterations           | 588          |
|    time_elapsed         | 21168        |
|    total_timesteps      | 1204224      |
| train/                  |              |
|    approx_kl            | 0.0013955852 |
|    clip_fraction        | 0.000293     |
|    clip_range           | 0.2          |
|    entropy_loss         | -4.55        |
|    explained_variance   | 0.119        |
|    learning_rate        | 0.0003       |
|    loss                 | 2.37e+04     |
|    n_updates            | 5870         |
|    policy_gradient_loss | -0.0016      |
|    value_loss           | 6.93e+04     |
------------------------------------------
-------------------------------------------
| rollout/                |               |
|    ep_len_mean          | 100           |
|    ep_rew_mean          | 1.75e+03      |
| time/                   |               |
|    fps                  | 56            |
|    iterations           | 589           |
|    time_elapsed         | 21203         |
|    total_timesteps      | 1206272       |
| train/                  |               |
|    approx_kl            | 0.00085340836 |
|    clip_fraction        | 9.77e-05      |
|    clip_range           | 0.2           |
|    entropy_loss         | -4.55         |
|    explained_variance   | 0.356         |
|    learning_rate        | 0.0003        |
|    loss                 | 1.68e+04      |
|    n_updates            | 5880          |
|    policy_gradient_loss | -0.000386     |
|    value_loss           | 5.25e+04      |
-------------------------------------------
2026-04-18 19:20:23,705 [INFO] DGRL-v7: [AdaptivePenalty] step=1,208,320 | viol_rate=0.043 (target=0.05) | λ_msd: -217.8 → -217.4
------------------------------------------
| rollout/                |              |
|    ep_len_mean          | 100          |
|    ep_rew_mean          | 1.81e+03     |
| time/                   |              |
|    fps                  | 56           |
|    iterations           | 590          |
|    time_elapsed         | 21239        |
|    total_timesteps      | 1208320      |
| train/                  |              |
|    approx_kl            | 0.0014862195 |
|    clip_fraction        | 0.000342     |
|    clip_range           | 0.2          |
|    entropy_loss         | -4.55        |
|    explained_variance   | 0.306        |
|    learning_rate        | 0.0003       |
|    loss                 | 2.41e+04     |
|    n_updates            | 5890         |
|    policy_gradient_loss | -0.00132     |
|    value_loss           | 6.43e+04     |
------------------------------------------
------------------------------------------
| rollout/                |              |
|    ep_len_mean          | 100          |
|    ep_rew_mean          | 1.9e+03      |
| time/                   |              |
|    fps                  | 56           |
|    iterations           | 591          |
|    time_elapsed         | 21274        |
|    total_timesteps      | 1210368      |
| train/                  |              |
|    approx_kl            | 0.0010567701 |
|    clip_fraction        | 9.77e-05     |
|    clip_range           | 0.2          |
|    entropy_loss         | -4.55        |
|    explained_variance   | 0.418        |
|    learning_rate        | 0.0003       |
|    loss                 | 2.21e+04     |
|    n_updates            | 5900         |
|    policy_gradient_loss | -0.000729    |
|    value_loss           | 6.19e+04     |
------------------------------------------
2026-04-18 19:21:33,256 [INFO] DGRL-v7: [AdaptivePenalty] step=1,212,416 | viol_rate=0.042 (target=0.05) | λ_msd: -217.4 → -217.0
------------------------------------------
| rollout/                |              |
|    ep_len_mean          | 100          |
|    ep_rew_mean          | 1.97e+03     |
| time/                   |              |
|    fps                  | 56           |
|    iterations           | 592          |
|    time_elapsed         | 21308        |
|    total_timesteps      | 1212416      |
| train/                  |              |
|    approx_kl            | 0.0012231757 |
|    clip_fraction        | 0.000488     |
|    clip_range           | 0.2          |
|    entropy_loss         | -4.55        |
|    explained_variance   | 0.378        |
|    learning_rate        | 0.0003       |
|    loss                 | 1.51e+04     |
|    n_updates            | 5910         |
|    policy_gradient_loss | -0.00129     |
|    value_loss           | 5.38e+04     |
------------------------------------------
------------------------------------------
| rollout/                |              |
|    ep_len_mean          | 100          |
|    ep_rew_mean          | 1.83e+03     |
| time/                   |              |
|    fps                  | 56           |
|    iterations           | 593          |
|    time_elapsed         | 21335        |
|    total_timesteps      | 1214464      |
| train/                  |              |
|    approx_kl            | 0.0011227842 |
|    clip_fraction        | 0.000293     |
|    clip_range           | 0.2          |
|    entropy_loss         | -4.55        |
|    explained_variance   | 0.3          |
|    learning_rate        | 0.0003       |
|    loss                 | 1.61e+04     |
|    n_updates            | 5920         |
|    policy_gradient_loss | -0.00017     |
|    value_loss           | 4.48e+04     |
------------------------------------------
2026-04-18 19:22:35,316 [INFO] DGRL-v7: [AdaptivePenalty] step=1,216,512 | viol_rate=0.048 (target=0.05) | λ_msd: -217.0 → -216.9
------------------------------------------
| rollout/                |              |
|    ep_len_mean          | 100          |
|    ep_rew_mean          | 1.82e+03     |
| time/                   |              |
|    fps                  | 56           |
|    iterations           | 594          |
|    time_elapsed         | 21370        |
|    total_timesteps      | 1216512      |
| train/                  |              |
|    approx_kl            | 0.0011643383 |
|    clip_fraction        | 0.000146     |
|    clip_range           | 0.2          |
|    entropy_loss         | -4.55        |
|    explained_variance   | 0.295        |
|    learning_rate        | 0.0003       |
|    loss                 | 1.49e+04     |
|    n_updates            | 5930         |
|    policy_gradient_loss | 0.000133     |
|    value_loss           | 6.02e+04     |
------------------------------------------
------------------------------------------
| rollout/                |              |
|    ep_len_mean          | 100          |
|    ep_rew_mean          | 1.81e+03     |
| time/                   |              |
|    fps                  | 56           |
|    iterations           | 595          |
|    time_elapsed         | 21406        |
|    total_timesteps      | 1218560      |
| train/                  |              |
|    approx_kl            | 0.0013712529 |
|    clip_fraction        | 0.000244     |
|    clip_range           | 0.2          |
|    entropy_loss         | -4.55        |
|    explained_variance   | 0.332        |
|    learning_rate        | 0.0003       |
|    loss                 | 2.32e+04     |
|    n_updates            | 5940         |
|    policy_gradient_loss | 0.000927     |
|    value_loss           | 6.69e+04     |
------------------------------------------
2026-04-18 19:23:40,825 [INFO] DGRL-v7: [AdaptivePenalty] step=1,220,608 | viol_rate=0.044 (target=0.05) | λ_msd: -216.9 → -216.6
------------------------------------------
| rollout/                |              |
|    ep_len_mean          | 100          |
|    ep_rew_mean          | 1.75e+03     |
| time/                   |              |
|    fps                  | 56           |
|    iterations           | 596          |
|    time_elapsed         | 21436        |
|    total_timesteps      | 1220608      |
| train/                  |              |
|    approx_kl            | 0.0011119925 |
|    clip_fraction        | 4.88e-05     |
|    clip_range           | 0.2          |
|    entropy_loss         | -4.54        |
|    explained_variance   | 0.37         |
|    learning_rate        | 0.0003       |
|    loss                 | 2.68e+04     |
|    n_updates            | 5950         |
|    policy_gradient_loss | -0.000373    |
|    value_loss           | 6.99e+04     |
------------------------------------------
------------------------------------------
| rollout/                |              |
|    ep_len_mean          | 100          |
|    ep_rew_mean          | 1.72e+03     |
| time/                   |              |
|    fps                  | 56           |
|    iterations           | 597          |
|    time_elapsed         | 21469        |
|    total_timesteps      | 1222656      |
| train/                  |              |
|    approx_kl            | 0.0010492015 |
|    clip_fraction        | 0.000195     |
|    clip_range           | 0.2          |
|    entropy_loss         | -4.54        |
|    explained_variance   | 0.345        |
|    learning_rate        | 0.0003       |
|    loss                 | 1.65e+04     |
|    n_updates            | 5960         |
|    policy_gradient_loss | -0.000116    |
|    value_loss           | 5.11e+04     |
------------------------------------------
2026-04-18 19:24:47,543 [INFO] DGRL-v7: [AdaptivePenalty] step=1,224,704 | viol_rate=0.044 (target=0.05) | λ_msd: -216.6 → -216.3
------------------------------------------
| rollout/                |              |
|    ep_len_mean          | 100          |
|    ep_rew_mean          | 1.73e+03     |
| time/                   |              |
|    fps                  | 56           |
|    iterations           | 598          |
|    time_elapsed         | 21503        |
|    total_timesteps      | 1224704      |
| train/                  |              |
|    approx_kl            | 0.0011389805 |
|    clip_fraction        | 0.000439     |
|    clip_range           | 0.2          |
|    entropy_loss         | -4.54        |
|    explained_variance   | 0.191        |
|    learning_rate        | 0.0003       |
|    loss                 | 2.49e+04     |
|    n_updates            | 5970         |
|    policy_gradient_loss | -0.00153     |
|    value_loss           | 6.24e+04     |
------------------------------------------
------------------------------------------
| rollout/                |              |
|    ep_len_mean          | 100          |
|    ep_rew_mean          | 1.75e+03     |
| time/                   |              |
|    fps                  | 56           |
|    iterations           | 599          |
|    time_elapsed         | 21539        |
|    total_timesteps      | 1226752      |
| train/                  |              |
|    approx_kl            | 0.0017322425 |
|    clip_fraction        | 0.00278      |
|    clip_range           | 0.2          |
|    entropy_loss         | -4.55        |
|    explained_variance   | 0.27         |
|    learning_rate        | 0.0003       |
|    loss                 | 2.23e+04     |
|    n_updates            | 5980         |
|    policy_gradient_loss | -0.00162     |
|    value_loss           | 6.58e+04     |
------------------------------------------
2026-04-18 19:25:58,587 [INFO] DGRL-v7: [AdaptivePenalty] step=1,228,800 | viol_rate=0.047 (target=0.05) | λ_msd: -216.3 → -216.1
------------------------------------------
| rollout/                |              |
|    ep_len_mean          | 100          |
|    ep_rew_mean          | 1.75e+03     |
| time/                   |              |
|    fps                  | 56           |
|    iterations           | 600          |
|    time_elapsed         | 21574        |
|    total_timesteps      | 1228800      |
| train/                  |              |
|    approx_kl            | 0.0012336026 |
|    clip_fraction        | 0.000635     |
|    clip_range           | 0.2          |
|    entropy_loss         | -4.55        |
|    explained_variance   | 0.326        |
|    learning_rate        | 0.0003       |
|    loss                 | 1.7e+04      |
|    n_updates            | 5990         |
|    policy_gradient_loss | 2.53e-05     |
|    value_loss           | 5.96e+04     |
------------------------------------------
------------------------------------------
| rollout/                |              |
|    ep_len_mean          | 100          |
|    ep_rew_mean          | 1.76e+03     |
| time/                   |              |
|    fps                  | 56           |
|    iterations           | 601          |
|    time_elapsed         | 21605        |
|    total_timesteps      | 1230848      |
| train/                  |              |
|    approx_kl            | 0.0011097548 |
|    clip_fraction        | 0.000293     |
|    clip_range           | 0.2          |
|    entropy_loss         | -4.55        |
|    explained_variance   | 0.241        |
|    learning_rate        | 0.0003       |
|    loss                 | 2.06e+04     |
|    n_updates            | 6000         |
|    policy_gradient_loss | -0.000805    |
|    value_loss           | 5.04e+04     |
------------------------------------------
2026-04-18 19:27:04,043 [INFO] DGRL-v7: [AdaptivePenalty] step=1,232,896 | viol_rate=0.042 (target=0.05) | λ_msd: -216.1 → -215.7
-----------------------------------------
| rollout/                |             |
|    ep_len_mean          | 100         |
|    ep_rew_mean          | 1.72e+03    |
| time/                   |             |
|    fps                  | 56          |
|    iterations           | 602         |
|    time_elapsed         | 21639       |
|    total_timesteps      | 1232896     |
| train/                  |             |
|    approx_kl            | 0.001011478 |
|    clip_fraction        | 0.000244    |
|    clip_range           | 0.2         |
|    entropy_loss         | -4.55       |
|    explained_variance   | 0.341       |
|    learning_rate        | 0.0003      |
|    loss                 | 2.06e+04    |
|    n_updates            | 6010        |
|    policy_gradient_loss | -0.000383   |
|    value_loss           | 5.41e+04    |
-----------------------------------------
------------------------------------------
| rollout/                |              |
|    ep_len_mean          | 100          |
|    ep_rew_mean          | 1.81e+03     |
| time/                   |              |
|    fps                  | 56           |
|    iterations           | 603          |
|    time_elapsed         | 21674        |
|    total_timesteps      | 1234944      |
| train/                  |              |
|    approx_kl            | 0.0012724464 |
|    clip_fraction        | 0.000537     |
|    clip_range           | 0.2          |
|    entropy_loss         | -4.55        |
|    explained_variance   | 0.176        |
|    learning_rate        | 0.0003       |
|    loss                 | 2.08e+04     |
|    n_updates            | 6020         |
|    policy_gradient_loss | -0.000201    |
|    value_loss           | 6.85e+04     |
------------------------------------------
2026-04-18 19:28:13,303 [INFO] DGRL-v7: [AdaptivePenalty] step=1,236,992 | viol_rate=0.051 (target=0.05) | λ_msd: -215.7 → -215.8
------------------------------------------
| rollout/                |              |
|    ep_len_mean          | 100          |
|    ep_rew_mean          | 1.79e+03     |
| time/                   |              |
|    fps                  | 56           |
|    iterations           | 604          |
|    time_elapsed         | 21708        |
|    total_timesteps      | 1236992      |
| train/                  |              |
|    approx_kl            | 0.0011451469 |
|    clip_fraction        | 0.000146     |
|    clip_range           | 0.2          |
|    entropy_loss         | -4.55        |
|    explained_variance   | 0.304        |
|    learning_rate        | 0.0003       |
|    loss                 | 1.63e+04     |
|    n_updates            | 6030         |
|    policy_gradient_loss | -0.00106     |
|    value_loss           | 5.07e+04     |
------------------------------------------
------------------------------------------
| rollout/                |              |
|    ep_len_mean          | 100          |
|    ep_rew_mean          | 1.81e+03     |
| time/                   |              |
|    fps                  | 56           |
|    iterations           | 605          |
|    time_elapsed         | 21743        |
|    total_timesteps      | 1239040      |
| train/                  |              |
|    approx_kl            | 0.0010482129 |
|    clip_fraction        | 0.000391     |
|    clip_range           | 0.2          |
|    entropy_loss         | -4.55        |
|    explained_variance   | 0.318        |
|    learning_rate        | 0.0003       |
|    loss                 | 2.56e+04     |
|    n_updates            | 6040         |
|    policy_gradient_loss | 0.000248     |
|    value_loss           | 6.1e+04      |
------------------------------------------
2026-04-18 19:29:17,290 [INFO] DGRL-v7: [AdaptivePenalty] step=1,241,088 | viol_rate=0.044 (target=0.05) | λ_msd: -215.8 → -215.5
-----------------------------------------
| rollout/                |             |
|    ep_len_mean          | 100         |
|    ep_rew_mean          | 1.8e+03     |
| time/                   |             |
|    fps                  | 57          |
|    iterations           | 606         |
|    time_elapsed         | 21772       |
|    total_timesteps      | 1241088     |
| train/                  |             |
|    approx_kl            | 0.001102885 |
|    clip_fraction        | 0.000781    |
|    clip_range           | 0.2         |
|    entropy_loss         | -4.55       |
|    explained_variance   | 0.374       |
|    learning_rate        | 0.0003      |
|    loss                 | 1.91e+04    |
|    n_updates            | 6050        |
|    policy_gradient_loss | 0.000567    |
|    value_loss           | 5.03e+04    |
-----------------------------------------
------------------------------------------
| rollout/                |              |
|    ep_len_mean          | 100          |
|    ep_rew_mean          | 1.77e+03     |
| time/                   |              |
|    fps                  | 57           |
|    iterations           | 607          |
|    time_elapsed         | 21807        |
|    total_timesteps      | 1243136      |
| train/                  |              |
|    approx_kl            | 0.0012247222 |
|    clip_fraction        | 0.000488     |
|    clip_range           | 0.2          |
|    entropy_loss         | -4.55        |
|    explained_variance   | 0.167        |
|    learning_rate        | 0.0003       |
|    loss                 | 1.82e+04     |
|    n_updates            | 6060         |
|    policy_gradient_loss | 0.000551     |
|    value_loss           | 5.55e+04     |
------------------------------------------
2026-04-18 19:30:21,799 [INFO] DGRL-v7: [AdaptivePenalty] step=1,245,184 | viol_rate=0.047 (target=0.05) | λ_msd: -215.5 → -215.3
------------------------------------------
| rollout/                |              |
|    ep_len_mean          | 100          |
|    ep_rew_mean          | 1.72e+03     |
| time/                   |              |
|    fps                  | 57           |
|    iterations           | 608          |
|    time_elapsed         | 21837        |
|    total_timesteps      | 1245184      |
| train/                  |              |
|    approx_kl            | 0.0012784682 |
|    clip_fraction        | 0.000244     |
|    clip_range           | 0.2          |
|    entropy_loss         | -4.55        |
|    explained_variance   | 0.326        |
|    learning_rate        | 0.0003       |
|    loss                 | 2.24e+04     |
|    n_updates            | 6070         |
|    policy_gradient_loss | -0.000271    |
|    value_loss           | 5.89e+04     |
------------------------------------------
------------------------------------------
| rollout/                |              |
|    ep_len_mean          | 100          |
|    ep_rew_mean          | 1.71e+03     |
| time/                   |              |
|    fps                  | 57           |
|    iterations           | 609          |
|    time_elapsed         | 21873        |
|    total_timesteps      | 1247232      |
| train/                  |              |
|    approx_kl            | 0.0010816676 |
|    clip_fraction        | 0.000342     |
|    clip_range           | 0.2          |
|    entropy_loss         | -4.55        |
|    explained_variance   | 0.299        |
|    learning_rate        | 0.0003       |
|    loss                 | 2.05e+04     |
|    n_updates            | 6080         |
|    policy_gradient_loss | 9.41e-05     |
|    value_loss           | 5.61e+04     |
------------------------------------------
2026-04-18 19:31:32,689 [INFO] DGRL-v7: [AdaptivePenalty] step=1,249,280 | viol_rate=0.051 (target=0.05) | λ_msd: -215.3 → -215.3
------------------------------------------
| rollout/                |              |
|    ep_len_mean          | 100          |
|    ep_rew_mean          | 1.76e+03     |
| time/                   |              |
|    fps                  | 57           |
|    iterations           | 610          |
|    time_elapsed         | 21908        |
|    total_timesteps      | 1249280      |
| train/                  |              |
|    approx_kl            | 0.0017405164 |
|    clip_fraction        | 0.000928     |
|    clip_range           | 0.2          |
|    entropy_loss         | -4.55        |
|    explained_variance   | 0.287        |
|    learning_rate        | 0.0003       |
|    loss                 | 2.36e+04     |
|    n_updates            | 6090         |
|    policy_gradient_loss | 0.000619     |
|    value_loss           | 6.23e+04     |
------------------------------------------
Eval num_timesteps=1250000, episode_reward=-30782.02 +/- 8072.37
Episode length: 100.00 +/- 0.00
------------------------------------------
| eval/                   |              |
|    mean_ep_length       | 100          |
|    mean_reward          | -3.08e+04    |
| time/                   |              |
|    total_timesteps      | 1250000      |
| train/                  |              |
|    approx_kl            | 0.0013156502 |
|    clip_fraction        | 0.000537     |
|    clip_range           | 0.2          |
|    entropy_loss         | -4.55        |
|    explained_variance   | 0.217        |
|    learning_rate        | 0.0003       |
|    loss                 | 1.97e+04     |
|    n_updates            | 6100         |
|    policy_gradient_loss | 0.000469     |
|    value_loss           | 6.06e+04     |
------------------------------------------
---------------------------------
| rollout/           |          |
|    ep_len_mean     | 100      |
|    ep_rew_mean     | 1.72e+03 |
| time/              |          |
|    fps             | 56       |
|    iterations      | 611      |
|    time_elapsed    | 21968    |
|    total_timesteps | 1251328  |
---------------------------------
2026-04-18 19:33:06,922 [INFO] DGRL-v7: [AdaptivePenalty] step=1,253,376 | viol_rate=0.047 (target=0.05) | λ_msd: -215.3 → -215.2
------------------------------------------
| rollout/                |              |
|    ep_len_mean          | 100          |
|    ep_rew_mean          | 1.79e+03     |
| time/                   |              |
|    fps                  | 56           |
|    iterations           | 612          |
|    time_elapsed         | 22002        |
|    total_timesteps      | 1253376      |
| train/                  |              |
|    approx_kl            | 0.0011120694 |
|    clip_fraction        | 0.000537     |
|    clip_range           | 0.2          |
|    entropy_loss         | -4.55        |
|    explained_variance   | 0.33         |
|    learning_rate        | 0.0003       |
|    loss                 | 2.37e+04     |
|    n_updates            | 6110         |
|    policy_gradient_loss | 0.000845     |
|    value_loss           | 7.06e+04     |
------------------------------------------
-----------------------------------------
| rollout/                |             |
|    ep_len_mean          | 100         |
|    ep_rew_mean          | 1.73e+03    |
| time/                   |             |
|    fps                  | 56          |
|    iterations           | 613         |
|    time_elapsed         | 22033       |
|    total_timesteps      | 1255424     |
| train/                  |             |
|    approx_kl            | 0.001356049 |
|    clip_fraction        | 0.000439    |
|    clip_range           | 0.2         |
|    entropy_loss         | -4.55       |
|    explained_variance   | 0.312       |
|    learning_rate        | 0.0003      |
|    loss                 | 2.61e+04    |
|    n_updates            | 6120        |
|    policy_gradient_loss | 0.00136     |
|    value_loss           | 6.15e+04    |
-----------------------------------------
2026-04-18 19:34:10,539 [INFO] DGRL-v7: [AdaptivePenalty] step=1,257,472 | viol_rate=0.048 (target=0.05) | λ_msd: -215.2 → -215.1
------------------------------------------
| rollout/                |              |
|    ep_len_mean          | 100          |
|    ep_rew_mean          | 1.72e+03     |
| time/                   |              |
|    fps                  | 56           |
|    iterations           | 614          |
|    time_elapsed         | 22066        |
|    total_timesteps      | 1257472      |
| train/                  |              |
|    approx_kl            | 0.0010442262 |
|    clip_fraction        | 0.000635     |
|    clip_range           | 0.2          |
|    entropy_loss         | -4.55        |
|    explained_variance   | 0.375        |
|    learning_rate        | 0.0003       |
|    loss                 | 2.67e+04     |
|    n_updates            | 6130         |
|    policy_gradient_loss | -2.92e-05    |
|    value_loss           | 7.49e+04     |
------------------------------------------
------------------------------------------
| rollout/                |              |
|    ep_len_mean          | 100          |
|    ep_rew_mean          | 1.74e+03     |
| time/                   |              |
|    fps                  | 56           |
|    iterations           | 615          |
|    time_elapsed         | 22099        |
|    total_timesteps      | 1259520      |
| train/                  |              |
|    approx_kl            | 0.0010954663 |
|    clip_fraction        | 0.00083      |
|    clip_range           | 0.2          |
|    entropy_loss         | -4.55        |
|    explained_variance   | 0.155        |
|    learning_rate        | 0.0003       |
|    loss                 | 2.66e+04     |
|    n_updates            | 6140         |
|    policy_gradient_loss | -0.000622    |
|    value_loss           | 7.52e+04     |
------------------------------------------
2026-04-18 19:35:19,019 [INFO] DGRL-v7: [AdaptivePenalty] step=1,261,568 | viol_rate=0.044 (target=0.05) | λ_msd: -215.1 → -214.8
-------------------------------------------
| rollout/                |               |
|    ep_len_mean          | 100           |
|    ep_rew_mean          | 1.76e+03      |
| time/                   |               |
|    fps                  | 56            |
|    iterations           | 616           |
|    time_elapsed         | 22134         |
|    total_timesteps      | 1261568       |
| train/                  |               |
|    approx_kl            | 0.00094825064 |
|    clip_fraction        | 4.88e-05      |
|    clip_range           | 0.2           |
|    entropy_loss         | -4.55         |
|    explained_variance   | 0.314         |
|    learning_rate        | 0.0003        |
|    loss                 | 2.11e+04      |
|    n_updates            | 6150          |
|    policy_gradient_loss | -6.37e-05     |
|    value_loss           | 5.39e+04      |
-------------------------------------------
------------------------------------------
| rollout/                |              |
|    ep_len_mean          | 100          |
|    ep_rew_mean          | 1.73e+03     |
| time/                   |              |
|    fps                  | 56           |
|    iterations           | 617          |
|    time_elapsed         | 22171        |
|    total_timesteps      | 1263616      |
| train/                  |              |
|    approx_kl            | 0.0010490529 |
|    clip_fraction        | 9.77e-05     |
|    clip_range           | 0.2          |
|    entropy_loss         | -4.55        |
|    explained_variance   | 0.293        |
|    learning_rate        | 0.0003       |
|    loss                 | 2.33e+04     |
|    n_updates            | 6160         |
|    policy_gradient_loss | -0.000304    |
|    value_loss           | 6.18e+04     |
------------------------------------------
2026-04-18 19:36:32,410 [INFO] DGRL-v7: [AdaptivePenalty] step=1,265,664 | viol_rate=0.043 (target=0.05) | λ_msd: -214.8 → -214.4
------------------------------------------
| rollout/                |              |
|    ep_len_mean          | 100          |
|    ep_rew_mean          | 1.89e+03     |
| time/                   |              |
|    fps                  | 56           |
|    iterations           | 618          |
|    time_elapsed         | 22208        |
|    total_timesteps      | 1265664      |
| train/                  |              |
|    approx_kl            | 0.0010245179 |
|    clip_fraction        | 4.88e-05     |
|    clip_range           | 0.2          |
|    entropy_loss         | -4.55        |
|    explained_variance   | 0.334        |
|    learning_rate        | 0.0003       |
|    loss                 | 1.93e+04     |
|    n_updates            | 6170         |
|    policy_gradient_loss | -0.00148     |
|    value_loss           | 6.65e+04     |
------------------------------------------
------------------------------------------
| rollout/                |              |
|    ep_len_mean          | 100          |
|    ep_rew_mean          | 1.93e+03     |
| time/                   |              |
|    fps                  | 57           |
|    iterations           | 619          |
|    time_elapsed         | 22238        |
|    total_timesteps      | 1267712      |
| train/                  |              |
|    approx_kl            | 0.0010695572 |
|    clip_fraction        | 4.88e-05     |
|    clip_range           | 0.2          |
|    entropy_loss         | -4.55        |
|    explained_variance   | 0.298        |
|    learning_rate        | 0.0003       |
|    loss                 | 2.04e+04     |
|    n_updates            | 6180         |
|    policy_gradient_loss | -8.23e-05    |
|    value_loss           | 6.05e+04     |
------------------------------------------
2026-04-18 19:37:32,854 [INFO] DGRL-v7: [AdaptivePenalty] step=1,269,760 | viol_rate=0.048 (target=0.05) | λ_msd: -214.4 → -214.4
------------------------------------------
| rollout/                |              |
|    ep_len_mean          | 100          |
|    ep_rew_mean          | 1.78e+03     |
| time/                   |              |
|    fps                  | 57           |
|    iterations           | 620          |
|    time_elapsed         | 22268        |
|    total_timesteps      | 1269760      |
| train/                  |              |
|    approx_kl            | 0.0010251224 |
|    clip_fraction        | 9.77e-05     |
|    clip_range           | 0.2          |
|    entropy_loss         | -4.55        |
|    explained_variance   | 0.328        |
|    learning_rate        | 0.0003       |
|    loss                 | 1.99e+04     |
|    n_updates            | 6190         |
|    policy_gradient_loss | -0.000393    |
|    value_loss           | 4.93e+04     |
------------------------------------------
------------------------------------------
| rollout/                |              |
|    ep_len_mean          | 100          |
|    ep_rew_mean          | 1.78e+03     |
| time/                   |              |
|    fps                  | 57           |
|    iterations           | 621          |
|    time_elapsed         | 22304        |
|    total_timesteps      | 1271808      |
| train/                  |              |
|    approx_kl            | 0.0013272658 |
|    clip_fraction        | 0.000635     |
|    clip_range           | 0.2          |
|    entropy_loss         | -4.54        |
|    explained_variance   | 0.227        |
|    learning_rate        | 0.0003       |
|    loss                 | 3.07e+04     |
|    n_updates            | 6200         |
|    policy_gradient_loss | 0.000305     |
|    value_loss           | 7.2e+04      |
------------------------------------------
2026-04-18 19:38:44,414 [INFO] DGRL-v7: [AdaptivePenalty] step=1,273,856 | viol_rate=0.039 (target=0.05) | λ_msd: -214.4 → -213.8
------------------------------------------
| rollout/                |              |
|    ep_len_mean          | 100          |
|    ep_rew_mean          | 1.82e+03     |
| time/                   |              |
|    fps                  | 57           |
|    iterations           | 622          |
|    time_elapsed         | 22340        |
|    total_timesteps      | 1273856      |
| train/                  |              |
|    approx_kl            | 0.0012780268 |
|    clip_fraction        | 0.000732     |
|    clip_range           | 0.2          |
|    entropy_loss         | -4.54        |
|    explained_variance   | 0.27         |
|    learning_rate        | 0.0003       |
|    loss                 | 2.2e+04      |
|    n_updates            | 6210         |
|    policy_gradient_loss | 0.000452     |
|    value_loss           | 7.13e+04     |
------------------------------------------
------------------------------------------
| rollout/                |              |
|    ep_len_mean          | 100          |
|    ep_rew_mean          | 1.7e+03      |
| time/                   |              |
|    fps                  | 57           |
|    iterations           | 623          |
|    time_elapsed         | 22376        |
|    total_timesteps      | 1275904      |
| train/                  |              |
|    approx_kl            | 0.0016175783 |
|    clip_fraction        | 0.000781     |
|    clip_range           | 0.2          |
|    entropy_loss         | -4.55        |
|    explained_variance   | 0.327        |
|    learning_rate        | 0.0003       |
|    loss                 | 2.79e+04     |
|    n_updates            | 6220         |
|    policy_gradient_loss | -0.000158    |
|    value_loss           | 7.12e+04     |
------------------------------------------
2026-04-18 19:39:52,408 [INFO] DGRL-v7: [AdaptivePenalty] step=1,277,952 | viol_rate=0.050 (target=0.05) | λ_msd: -213.8 → -213.8
------------------------------------------
| rollout/                |              |
|    ep_len_mean          | 100          |
|    ep_rew_mean          | 1.66e+03     |
| time/                   |              |
|    fps                  | 57           |
|    iterations           | 624          |
|    time_elapsed         | 22408        |
|    total_timesteps      | 1277952      |
| train/                  |              |
|    approx_kl            | 0.0010061811 |
|    clip_fraction        | 0.000146     |
|    clip_range           | 0.2          |
|    entropy_loss         | -4.55        |
|    explained_variance   | 0.245        |
|    learning_rate        | 0.0003       |
|    loss                 | 2.17e+04     |
|    n_updates            | 6230         |
|    policy_gradient_loss | -0.000193    |
|    value_loss           | 5.72e+04     |
------------------------------------------
------------------------------------------
| rollout/                |              |
|    ep_len_mean          | 100          |
|    ep_rew_mean          | 1.61e+03     |
| time/                   |              |
|    fps                  | 57           |
|    iterations           | 625          |
|    time_elapsed         | 22437        |
|    total_timesteps      | 1280000      |
| train/                  |              |
|    approx_kl            | 0.0012023575 |
|    clip_fraction        | 0.000586     |
|    clip_range           | 0.2          |
|    entropy_loss         | -4.55        |
|    explained_variance   | 0.286        |
|    learning_rate        | 0.0003       |
|    loss                 | 2.56e+04     |
|    n_updates            | 6240         |
|    policy_gradient_loss | -0.000565    |
|    value_loss           | 6.23e+04     |
------------------------------------------
2026-04-18 19:40:51,698 [INFO] DGRL-v7: [AdaptivePenalty] step=1,282,048 | viol_rate=0.047 (target=0.05) | λ_msd: -213.8 → -213.7
-----------------------------------------
| rollout/                |             |
|    ep_len_mean          | 100         |
|    ep_rew_mean          | 1.65e+03    |
| time/                   |             |
|    fps                  | 57          |
|    iterations           | 626         |
|    time_elapsed         | 22467       |
|    total_timesteps      | 1282048     |
| train/                  |             |
|    approx_kl            | 0.001315738 |
|    clip_fraction        | 0.000391    |
|    clip_range           | 0.2         |
|    entropy_loss         | -4.55       |
|    explained_variance   | 0.284       |
|    learning_rate        | 0.0003      |
|    loss                 | 2.58e+04    |
|    n_updates            | 6250        |
|    policy_gradient_loss | 0.000201    |
|    value_loss           | 8.02e+04    |
-----------------------------------------
------------------------------------------
| rollout/                |              |
|    ep_len_mean          | 100          |
|    ep_rew_mean          | 1.67e+03     |
| time/                   |              |
|    fps                  | 57           |
|    iterations           | 627          |
|    time_elapsed         | 22502        |
|    total_timesteps      | 1284096      |
| train/                  |              |
|    approx_kl            | 0.0014704817 |
|    clip_fraction        | 0.00156      |
|    clip_range           | 0.2          |
|    entropy_loss         | -4.55        |
|    explained_variance   | 0.276        |
|    learning_rate        | 0.0003       |
|    loss                 | 2.2e+04      |
|    n_updates            | 6260         |
|    policy_gradient_loss | -0.000677    |
|    value_loss           | 5.56e+04     |
------------------------------------------
2026-04-18 19:42:01,440 [INFO] DGRL-v7: [AdaptivePenalty] step=1,286,144 | viol_rate=0.044 (target=0.05) | λ_msd: -213.7 → -213.4
------------------------------------------
| rollout/                |              |
|    ep_len_mean          | 100          |
|    ep_rew_mean          | 1.66e+03     |
| time/                   |              |
|    fps                  | 57           |
|    iterations           | 628          |
|    time_elapsed         | 22537        |
|    total_timesteps      | 1286144      |
| train/                  |              |
|    approx_kl            | 0.0015167976 |
|    clip_fraction        | 0.000732     |
|    clip_range           | 0.2          |
|    entropy_loss         | -4.55        |
|    explained_variance   | 0.278        |
|    learning_rate        | 0.0003       |
|    loss                 | 1.58e+04     |
|    n_updates            | 6270         |
|    policy_gradient_loss | -0.000214    |
|    value_loss           | 5.95e+04     |
------------------------------------------
-----------------------------------------
| rollout/                |             |
|    ep_len_mean          | 100         |
|    ep_rew_mean          | 1.73e+03    |
| time/                   |             |
|    fps                  | 57          |
|    iterations           | 629         |
|    time_elapsed         | 22570       |
|    total_timesteps      | 1288192     |
| train/                  |             |
|    approx_kl            | 0.001220489 |
|    clip_fraction        | 0.000391    |
|    clip_range           | 0.2         |
|    entropy_loss         | -4.55       |
|    explained_variance   | 0.29        |
|    learning_rate        | 0.0003      |
|    loss                 | 1.86e+04    |
|    n_updates            | 6280        |
|    policy_gradient_loss | 0.00148     |
|    value_loss           | 5.88e+04    |
-----------------------------------------
2026-04-18 19:43:10,611 [INFO] DGRL-v7: [AdaptivePenalty] step=1,290,240 | viol_rate=0.044 (target=0.05) | λ_msd: -213.4 → -213.1
------------------------------------------
| rollout/                |              |
|    ep_len_mean          | 100          |
|    ep_rew_mean          | 1.82e+03     |
| time/                   |              |
|    fps                  | 57           |
|    iterations           | 630          |
|    time_elapsed         | 22606        |
|    total_timesteps      | 1290240      |
| train/                  |              |
|    approx_kl            | 0.0012803043 |
|    clip_fraction        | 0.00146      |
|    clip_range           | 0.2          |
|    entropy_loss         | -4.55        |
|    explained_variance   | 0.371        |
|    learning_rate        | 0.0003       |
|    loss                 | 1.69e+04     |
|    n_updates            | 6290         |
|    policy_gradient_loss | -0.000452    |
|    value_loss           | 5.03e+04     |
------------------------------------------
------------------------------------------
| rollout/                |              |
|    ep_len_mean          | 100          |
|    ep_rew_mean          | 1.77e+03     |
| time/                   |              |
|    fps                  | 57           |
|    iterations           | 631          |
|    time_elapsed         | 22641        |
|    total_timesteps      | 1292288      |
| train/                  |              |
|    approx_kl            | 0.0010761146 |
|    clip_fraction        | 4.88e-05     |
|    clip_range           | 0.2          |
|    entropy_loss         | -4.56        |
|    explained_variance   | 0.324        |
|    learning_rate        | 0.0003       |
|    loss                 | 2.35e+04     |
|    n_updates            | 6300         |
|    policy_gradient_loss | 0.000125     |
|    value_loss           | 6.44e+04     |
------------------------------------------
2026-04-18 19:44:21,841 [INFO] DGRL-v7: [AdaptivePenalty] step=1,294,336 | viol_rate=0.047 (target=0.05) | λ_msd: -213.1 → -212.9
------------------------------------------
| rollout/                |              |
|    ep_len_mean          | 100          |
|    ep_rew_mean          | 1.79e+03     |
| time/                   |              |
|    fps                  | 57           |
|    iterations           | 632          |
|    time_elapsed         | 22677        |
|    total_timesteps      | 1294336      |
| train/                  |              |
|    approx_kl            | 0.0008814184 |
|    clip_fraction        | 0.000195     |
|    clip_range           | 0.2          |
|    entropy_loss         | -4.56        |
|    explained_variance   | 0.256        |
|    learning_rate        | 0.0003       |
|    loss                 | 1.92e+04     |
|    n_updates            | 6310         |
|    policy_gradient_loss | 0.00111      |
|    value_loss           | 5.23e+04     |
------------------------------------------
-----------------------------------------
| rollout/                |             |
|    ep_len_mean          | 100         |
|    ep_rew_mean          | 1.84e+03    |
| time/                   |             |
|    fps                  | 57          |
|    iterations           | 633         |
|    time_elapsed         | 22707       |
|    total_timesteps      | 1296384     |
| train/                  |             |
|    approx_kl            | 0.000934358 |
|    clip_fraction        | 0.000146    |
|    clip_range           | 0.2         |
|    entropy_loss         | -4.56       |
|    explained_variance   | 0.355       |
|    learning_rate        | 0.0003      |
|    loss                 | 1.82e+04    |
|    n_updates            | 6320        |
|    policy_gradient_loss | -0.000312   |
|    value_loss           | 5.58e+04    |
-----------------------------------------
2026-04-18 19:45:24,420 [INFO] DGRL-v7: [AdaptivePenalty] step=1,298,432 | viol_rate=0.050 (target=0.05) | λ_msd: -212.9 → -213.0
------------------------------------------
| rollout/                |              |
|    ep_len_mean          | 100          |
|    ep_rew_mean          | 1.84e+03     |
| time/                   |              |
|    fps                  | 57           |
|    iterations           | 634          |
|    time_elapsed         | 22740        |
|    total_timesteps      | 1298432      |
| train/                  |              |
|    approx_kl            | 0.0012298203 |
|    clip_fraction        | 0.000342     |
|    clip_range           | 0.2          |
|    entropy_loss         | -4.56        |
|    explained_variance   | 0.357        |
|    learning_rate        | 0.0003       |
|    loss                 | 2.09e+04     |
|    n_updates            | 6330         |
|    policy_gradient_loss | -0.000121    |
|    value_loss           | 5.32e+04     |
------------------------------------------
Eval num_timesteps=1300000, episode_reward=-17680.84 +/- 4373.86
Episode length: 100.00 +/- 0.00
------------------------------------------
| eval/                   |              |
|    mean_ep_length       | 100          |
|    mean_reward          | -1.77e+04    |
| time/                   |              |
|    total_timesteps      | 1300000      |
| train/                  |              |
|    approx_kl            | 0.0009781199 |
|    clip_fraction        | 0.000244     |
|    clip_range           | 0.2          |
|    entropy_loss         | -4.55        |
|    explained_variance   | 0.289        |
|    learning_rate        | 0.0003       |
|    loss                 | 2.03e+04     |
|    n_updates            | 6340         |
|    policy_gradient_loss | 0.00081      |
|    value_loss           | 6.39e+04     |
------------------------------------------
---------------------------------
| rollout/           |          |
|    ep_len_mean     | 100      |
|    ep_rew_mean     | 1.77e+03 |
| time/              |          |
|    fps             | 56       |
|    iterations      | 635      |
|    time_elapsed    | 22821    |
|    total_timesteps | 1300480  |
---------------------------------
2026-04-18 19:47:21,213 [INFO] DGRL-v7: [AdaptivePenalty] step=1,302,528 | viol_rate=0.044 (target=0.05) | λ_msd: -213.0 → -212.6
------------------------------------------
| rollout/                |              |
|    ep_len_mean          | 100          |
|    ep_rew_mean          | 1.75e+03     |
| time/                   |              |
|    fps                  | 56           |
|    iterations           | 636          |
|    time_elapsed         | 22856        |
|    total_timesteps      | 1302528      |
| train/                  |              |
|    approx_kl            | 0.0011568961 |
|    clip_fraction        | 9.77e-05     |
|    clip_range           | 0.2          |
|    entropy_loss         | -4.56        |
|    explained_variance   | 0.161        |
|    learning_rate        | 0.0003       |
|    loss                 | 2e+04        |
|    n_updates            | 6350         |
|    policy_gradient_loss | 0.000549     |
|    value_loss           | 6.27e+04     |
------------------------------------------
------------------------------------------
| rollout/                |              |
|    ep_len_mean          | 100          |
|    ep_rew_mean          | 1.69e+03     |
| time/                   |              |
|    fps                  | 56           |
|    iterations           | 637          |
|    time_elapsed         | 22891        |
|    total_timesteps      | 1304576      |
| train/                  |              |
|    approx_kl            | 0.0010152516 |
|    clip_fraction        | 9.77e-05     |
|    clip_range           | 0.2          |
|    entropy_loss         | -4.55        |
|    explained_variance   | 0.328        |
|    learning_rate        | 0.0003       |
|    loss                 | 2.19e+04     |
|    n_updates            | 6360         |
|    policy_gradient_loss | 0.00163      |
|    value_loss           | 5.93e+04     |
------------------------------------------
2026-04-18 19:48:30,955 [INFO] DGRL-v7: [AdaptivePenalty] step=1,306,624 | viol_rate=0.047 (target=0.05) | λ_msd: -212.6 → -212.5
------------------------------------------
| rollout/                |              |
|    ep_len_mean          | 100          |
|    ep_rew_mean          | 1.69e+03     |
| time/                   |              |
|    fps                  | 56           |
|    iterations           | 638          |
|    time_elapsed         | 22926        |
|    total_timesteps      | 1306624      |
| train/                  |              |
|    approx_kl            | 0.0012404092 |
|    clip_fraction        | 0.000293     |
|    clip_range           | 0.2          |
|    entropy_loss         | -4.55        |
|    explained_variance   | 0.282        |
|    learning_rate        | 0.0003       |
|    loss                 | 1.77e+04     |
|    n_updates            | 6370         |
|    policy_gradient_loss | -0.00134     |
|    value_loss           | 5.47e+04     |
------------------------------------------
------------------------------------------
| rollout/                |              |
|    ep_len_mean          | 100          |
|    ep_rew_mean          | 1.69e+03     |
| time/                   |              |
|    fps                  | 56           |
|    iterations           | 639          |
|    time_elapsed         | 22960        |
|    total_timesteps      | 1308672      |
| train/                  |              |
|    approx_kl            | 0.0012744598 |
|    clip_fraction        | 0.000342     |
|    clip_range           | 0.2          |
|    entropy_loss         | -4.56        |
|    explained_variance   | 0.238        |
|    learning_rate        | 0.0003       |
|    loss                 | 2.01e+04     |
|    n_updates            | 6380         |
|    policy_gradient_loss | -0.000658    |
|    value_loss           | 5.8e+04      |
------------------------------------------
2026-04-18 19:49:36,940 [INFO] DGRL-v7: [AdaptivePenalty] step=1,310,720 | viol_rate=0.043 (target=0.05) | λ_msd: -212.5 → -212.1
------------------------------------------
| rollout/                |              |
|    ep_len_mean          | 100          |
|    ep_rew_mean          | 1.72e+03     |
| time/                   |              |
|    fps                  | 57           |
|    iterations           | 640          |
|    time_elapsed         | 22992        |
|    total_timesteps      | 1310720      |
| train/                  |              |
|    approx_kl            | 0.0013357532 |
|    clip_fraction        | 0.000586     |
|    clip_range           | 0.2          |
|    entropy_loss         | -4.56        |
|    explained_variance   | 0.281        |
|    learning_rate        | 0.0003       |
|    loss                 | 2.28e+04     |
|    n_updates            | 6390         |
|    policy_gradient_loss | 0.000159     |
|    value_loss           | 6.1e+04      |
------------------------------------------
------------------------------------------
| rollout/                |              |
|    ep_len_mean          | 100          |
|    ep_rew_mean          | 1.74e+03     |
| time/                   |              |
|    fps                  | 57           |
|    iterations           | 641          |
|    time_elapsed         | 23028        |
|    total_timesteps      | 1312768      |
| train/                  |              |
|    approx_kl            | 0.0011039303 |
|    clip_fraction        | 0.000781     |
|    clip_range           | 0.2          |
|    entropy_loss         | -4.56        |
|    explained_variance   | 0.314        |
|    learning_rate        | 0.0003       |
|    loss                 | 1.6e+04      |
|    n_updates            | 6400         |
|    policy_gradient_loss | 0.000476     |
|    value_loss           | 4.91e+04     |
------------------------------------------
2026-04-18 19:50:48,152 [INFO] DGRL-v7: [AdaptivePenalty] step=1,314,816 | viol_rate=0.046 (target=0.05) | λ_msd: -212.1 → -212.0
------------------------------------------
| rollout/                |              |
|    ep_len_mean          | 100          |
|    ep_rew_mean          | 1.76e+03     |
| time/                   |              |
|    fps                  | 57           |
|    iterations           | 642          |
|    time_elapsed         | 23063        |
|    total_timesteps      | 1314816      |
| train/                  |              |
|    approx_kl            | 0.0015005443 |
|    clip_fraction        | 0.00142      |
|    clip_range           | 0.2          |
|    entropy_loss         | -4.56        |
|    explained_variance   | 0.317        |
|    learning_rate        | 0.0003       |
|    loss                 | 1.71e+04     |
|    n_updates            | 6410         |
|    policy_gradient_loss | 0.000883     |
|    value_loss           | 5.8e+04      |
------------------------------------------
------------------------------------------
| rollout/                |              |
|    ep_len_mean          | 100          |
|    ep_rew_mean          | 1.71e+03     |
| time/                   |              |
|    fps                  | 57           |
|    iterations           | 643          |
|    time_elapsed         | 23099        |
|    total_timesteps      | 1316864      |
| train/                  |              |
|    approx_kl            | 0.0012492099 |
|    clip_fraction        | 0.000293     |
|    clip_range           | 0.2          |
|    entropy_loss         | -4.55        |
|    explained_variance   | 0.288        |
|    learning_rate        | 0.0003       |
|    loss                 | 2.24e+04     |
|    n_updates            | 6420         |
|    policy_gradient_loss | -0.000491    |
|    value_loss           | 6.17e+04     |
------------------------------------------
2026-04-18 19:51:54,483 [INFO] DGRL-v7: [AdaptivePenalty] step=1,318,912 | viol_rate=0.051 (target=0.05) | λ_msd: -212.0 → -212.0
------------------------------------------
| rollout/                |              |
|    ep_len_mean          | 100          |
|    ep_rew_mean          | 1.75e+03     |
| time/                   |              |
|    fps                  | 57           |
|    iterations           | 644          |
|    time_elapsed         | 23130        |
|    total_timesteps      | 1318912      |
| train/                  |              |
|    approx_kl            | 0.0014306582 |
|    clip_fraction        | 0.000732     |
|    clip_range           | 0.2          |
|    entropy_loss         | -4.56        |
|    explained_variance   | 0.281        |
|    learning_rate        | 0.0003       |
|    loss                 | 2.38e+04     |
|    n_updates            | 6430         |
|    policy_gradient_loss | 5.57e-05     |
|    value_loss           | 6.79e+04     |
------------------------------------------
------------------------------------------
| rollout/                |              |
|    ep_len_mean          | 100          |
|    ep_rew_mean          | 1.73e+03     |
| time/                   |              |
|    fps                  | 57           |
|    iterations           | 645          |
|    time_elapsed         | 23158        |
|    total_timesteps      | 1320960      |
| train/                  |              |
|    approx_kl            | 0.0015542338 |
|    clip_fraction        | 0.00142      |
|    clip_range           | 0.2          |
|    entropy_loss         | -4.56        |
|    explained_variance   | 0.208        |
|    learning_rate        | 0.0003       |
|    loss                 | 2.28e+04     |
|    n_updates            | 6440         |
|    policy_gradient_loss | 0.00102      |
|    value_loss           | 6.25e+04     |
------------------------------------------
2026-04-18 19:52:58,423 [INFO] DGRL-v7: [AdaptivePenalty] step=1,323,008 | viol_rate=0.044 (target=0.05) | λ_msd: -212.0 → -211.7
------------------------------------------
| rollout/                |              |
|    ep_len_mean          | 100          |
|    ep_rew_mean          | 1.8e+03      |
| time/                   |              |
|    fps                  | 57           |
|    iterations           | 646          |
|    time_elapsed         | 23194        |
|    total_timesteps      | 1323008      |
| train/                  |              |
|    approx_kl            | 0.0010439913 |
|    clip_fraction        | 0.000195     |
|    clip_range           | 0.2          |
|    entropy_loss         | -4.56        |
|    explained_variance   | 0.277        |
|    learning_rate        | 0.0003       |
|    loss                 | 2.12e+04     |
|    n_updates            | 6450         |
|    policy_gradient_loss | 0.00128      |
|    value_loss           | 5.76e+04     |
------------------------------------------
------------------------------------------
| rollout/                |              |
|    ep_len_mean          | 100          |
|    ep_rew_mean          | 1.8e+03      |
| time/                   |              |
|    fps                  | 57           |
|    iterations           | 647          |
|    time_elapsed         | 23229        |
|    total_timesteps      | 1325056      |
| train/                  |              |
|    approx_kl            | 0.0012009823 |
|    clip_fraction        | 0.000195     |
|    clip_range           | 0.2          |
|    entropy_loss         | -4.56        |
|    explained_variance   | 0.37         |
|    learning_rate        | 0.0003       |
|    loss                 | 2e+04        |
|    n_updates            | 6460         |
|    policy_gradient_loss | -8.95e-05    |
|    value_loss           | 4.92e+04     |
------------------------------------------
2026-04-18 19:54:07,008 [INFO] DGRL-v7: [AdaptivePenalty] step=1,327,104 | viol_rate=0.052 (target=0.05) | λ_msd: -211.7 → -211.8
------------------------------------------
| rollout/                |              |
|    ep_len_mean          | 100          |
|    ep_rew_mean          | 1.79e+03     |
| time/                   |              |
|    fps                  | 57           |
|    iterations           | 648          |
|    time_elapsed         | 23262        |
|    total_timesteps      | 1327104      |
| train/                  |              |
|    approx_kl            | 0.0016820238 |
|    clip_fraction        | 0.000781     |
|    clip_range           | 0.2          |
|    entropy_loss         | -4.56        |
|    explained_variance   | 0.44         |
|    learning_rate        | 0.0003       |
|    loss                 | 1.45e+04     |
|    n_updates            | 6470         |
|    policy_gradient_loss | 0.000277     |
|    value_loss           | 4.59e+04     |
------------------------------------------
------------------------------------------
| rollout/                |              |
|    ep_len_mean          | 100          |
|    ep_rew_mean          | 1.74e+03     |
| time/                   |              |
|    fps                  | 57           |
|    iterations           | 649          |
|    time_elapsed         | 23297        |
|    total_timesteps      | 1329152      |
| train/                  |              |
|    approx_kl            | 0.0011897343 |
|    clip_fraction        | 0.000391     |
|    clip_range           | 0.2          |
|    entropy_loss         | -4.56        |
|    explained_variance   | 0.348        |
|    learning_rate        | 0.0003       |
|    loss                 | 1.87e+04     |
|    n_updates            | 6480         |
|    policy_gradient_loss | -0.00052     |
|    value_loss           | 5.33e+04     |
------------------------------------------
2026-04-18 19:55:15,048 [INFO] DGRL-v7: [AdaptivePenalty] step=1,331,200 | viol_rate=0.049 (target=0.05) | λ_msd: -211.8 → -211.8
------------------------------------------
| rollout/                |              |
|    ep_len_mean          | 100          |
|    ep_rew_mean          | 1.74e+03     |
| time/                   |              |
|    fps                  | 57           |
|    iterations           | 650          |
|    time_elapsed         | 23330        |
|    total_timesteps      | 1331200      |
| train/                  |              |
|    approx_kl            | 0.0013092608 |
|    clip_fraction        | 0.000537     |
|    clip_range           | 0.2          |
|    entropy_loss         | -4.57        |
|    explained_variance   | 0.336        |
|    learning_rate        | 0.0003       |
|    loss                 | 1.96e+04     |
|    n_updates            | 6490         |
|    policy_gradient_loss | -1.48e-05    |
|    value_loss           | 5.72e+04     |
------------------------------------------
------------------------------------------
| rollout/                |              |
|    ep_len_mean          | 100          |
|    ep_rew_mean          | 1.73e+03     |
| time/                   |              |
|    fps                  | 57           |
|    iterations           | 651          |
|    time_elapsed         | 23365        |
|    total_timesteps      | 1333248      |
| train/                  |              |
|    approx_kl            | 0.0011366582 |
|    clip_fraction        | 0.000635     |
|    clip_range           | 0.2          |
|    entropy_loss         | -4.56        |
|    explained_variance   | 0.238        |
|    learning_rate        | 0.0003       |
|    loss                 | 1.6e+04      |
|    n_updates            | 6500         |
|    policy_gradient_loss | 0.00168      |
|    value_loss           | 4.96e+04     |
------------------------------------------
2026-04-18 19:56:23,470 [INFO] DGRL-v7: [AdaptivePenalty] step=1,335,296 | viol_rate=0.040 (target=0.05) | λ_msd: -211.8 → -211.3
------------------------------------------
| rollout/                |              |
|    ep_len_mean          | 100          |
|    ep_rew_mean          | 1.83e+03     |
| time/                   |              |
|    fps                  | 57           |
|    iterations           | 652          |
|    time_elapsed         | 23399        |
|    total_timesteps      | 1335296      |
| train/                  |              |
|    approx_kl            | 0.0013136023 |
|    clip_fraction        | 0.000195     |
|    clip_range           | 0.2          |
|    entropy_loss         | -4.56        |
|    explained_variance   | 0.336        |
|    learning_rate        | 0.0003       |
|    loss                 | 2.02e+04     |
|    n_updates            | 6510         |
|    policy_gradient_loss | 0.000294     |
|    value_loss           | 5.54e+04     |
------------------------------------------
-----------------------------------------
| rollout/                |             |
|    ep_len_mean          | 100         |
|    ep_rew_mean          | 1.91e+03    |
| time/                   |             |
|    fps                  | 57          |
|    iterations           | 653         |
|    time_elapsed         | 23432       |
|    total_timesteps      | 1337344     |
| train/                  |             |
|    approx_kl            | 0.001147402 |
|    clip_fraction        | 0.000195    |
|    clip_range           | 0.2         |
|    entropy_loss         | -4.56       |
|    explained_variance   | 0.423       |
|    learning_rate        | 0.0003      |
|    loss                 | 1.74e+04    |
|    n_updates            | 6520        |
|    policy_gradient_loss | -0.00168    |
|    value_loss           | 4.97e+04    |
-----------------------------------------
2026-04-18 19:57:30,036 [INFO] DGRL-v7: [AdaptivePenalty] step=1,339,392 | viol_rate=0.047 (target=0.05) | λ_msd: -211.3 → -211.1
-----------------------------------------
| rollout/                |             |
|    ep_len_mean          | 100         |
|    ep_rew_mean          | 1.96e+03    |
| time/                   |             |
|    fps                  | 57          |
|    iterations           | 654         |
|    time_elapsed         | 23465       |
|    total_timesteps      | 1339392     |
| train/                  |             |
|    approx_kl            | 0.001150618 |
|    clip_fraction        | 0.000342    |
|    clip_range           | 0.2         |
|    entropy_loss         | -4.56       |
|    explained_variance   | 0.408       |
|    learning_rate        | 0.0003      |
|    loss                 | 1.84e+04    |
|    n_updates            | 6530        |
|    policy_gradient_loss | 3.5e-05     |
|    value_loss           | 5.09e+04    |
-----------------------------------------
-----------------------------------------
| rollout/                |             |
|    ep_len_mean          | 100         |
|    ep_rew_mean          | 1.88e+03    |
| time/                   |             |
|    fps                  | 57          |
|    iterations           | 655         |
|    time_elapsed         | 23499       |
|    total_timesteps      | 1341440     |
| train/                  |             |
|    approx_kl            | 0.001054799 |
|    clip_fraction        | 0           |
|    clip_range           | 0.2         |
|    entropy_loss         | -4.56       |
|    explained_variance   | 0.371       |
|    learning_rate        | 0.0003      |
|    loss                 | 1.93e+04    |
|    n_updates            | 6540        |
|    policy_gradient_loss | -0.00136    |
|    value_loss           | 4.85e+04    |
-----------------------------------------
2026-04-18 19:58:40,075 [INFO] DGRL-v7: [AdaptivePenalty] step=1,343,488 | viol_rate=0.048 (target=0.05) | λ_msd: -211.1 → -211.0
------------------------------------------
| rollout/                |              |
|    ep_len_mean          | 100          |
|    ep_rew_mean          | 1.82e+03     |
| time/                   |              |
|    fps                  | 57           |
|    iterations           | 656          |
|    time_elapsed         | 23535        |
|    total_timesteps      | 1343488      |
| train/                  |              |
|    approx_kl            | 0.0012194996 |
|    clip_fraction        | 0.000342     |
|    clip_range           | 0.2          |
|    entropy_loss         | -4.56        |
|    explained_variance   | 0.314        |
|    learning_rate        | 0.0003       |
|    loss                 | 1.98e+04     |
|    n_updates            | 6550         |
|    policy_gradient_loss | 0.000422     |
|    value_loss           | 6.03e+04     |
------------------------------------------
------------------------------------------
| rollout/                |              |
|    ep_len_mean          | 100          |
|    ep_rew_mean          | 1.66e+03     |
| time/                   |              |
|    fps                  | 57           |
|    iterations           | 657          |
|    time_elapsed         | 23570        |
|    total_timesteps      | 1345536      |
| train/                  |              |
|    approx_kl            | 0.0011353245 |
|    clip_fraction        | 0.000146     |
|    clip_range           | 0.2          |
|    entropy_loss         | -4.56        |
|    explained_variance   | 0.37         |
|    learning_rate        | 0.0003       |
|    loss                 | 2.02e+04     |
|    n_updates            | 6560         |
|    policy_gradient_loss | 0.000787     |
|    value_loss           | 5.78e+04     |
------------------------------------------
2026-04-18 19:59:50,907 [INFO] DGRL-v7: [AdaptivePenalty] step=1,347,584 | viol_rate=0.048 (target=0.05) | λ_msd: -211.0 → -210.9
------------------------------------------
| rollout/                |              |
|    ep_len_mean          | 100          |
|    ep_rew_mean          | 1.69e+03     |
| time/                   |              |
|    fps                  | 57           |
|    iterations           | 658          |
|    time_elapsed         | 23606        |
|    total_timesteps      | 1347584      |
| train/                  |              |
|    approx_kl            | 0.0014421305 |
|    clip_fraction        | 0.000391     |
|    clip_range           | 0.2          |
|    entropy_loss         | -4.56        |
|    explained_variance   | 0.32         |
|    learning_rate        | 0.0003       |
|    loss                 | 2.3e+04      |
|    n_updates            | 6570         |
|    policy_gradient_loss | -0.00227     |
|    value_loss           | 7.43e+04     |
------------------------------------------
------------------------------------------
| rollout/                |              |
|    ep_len_mean          | 100          |
|    ep_rew_mean          | 1.65e+03     |
| time/                   |              |
|    fps                  | 57           |
|    iterations           | 659          |
|    time_elapsed         | 23641        |
|    total_timesteps      | 1349632      |
| train/                  |              |
|    approx_kl            | 0.0011639943 |
|    clip_fraction        | 9.77e-05     |
|    clip_range           | 0.2          |
|    entropy_loss         | -4.56        |
|    explained_variance   | 0.478        |
|    learning_rate        | 0.0003       |
|    loss                 | 1.61e+04     |
|    n_updates            | 6580         |
|    policy_gradient_loss | -0.000153    |
|    value_loss           | 4.65e+04     |
------------------------------------------
Eval num_timesteps=1350000, episode_reward=-11721.76 +/- 6196.74
Episode length: 100.00 +/- 0.00
-----------------------------------------
| eval/                   |             |
|    mean_ep_length       | 100         |
|    mean_reward          | -1.17e+04   |
| time/                   |             |
|    total_timesteps      | 1350000     |
| train/                  |             |
|    approx_kl            | 0.001441943 |
|    clip_fraction        | 0.00117     |
|    clip_range           | 0.2         |
|    entropy_loss         | -4.55       |
|    explained_variance   | 0.387       |
|    learning_rate        | 0.0003      |
|    loss                 | 1.82e+04    |
|    n_updates            | 6590        |
|    policy_gradient_loss | 0.00145     |
|    value_loss           | 5.67e+04    |
-----------------------------------------
2026-04-18 20:01:47,505 [INFO] DGRL-v7: [AdaptivePenalty] step=1,351,680 | viol_rate=0.045 (target=0.05) | λ_msd: -210.9 → -210.6
---------------------------------
| rollout/           |          |
|    ep_len_mean     | 100      |
|    ep_rew_mean     | 1.64e+03 |
| time/              |          |
|    fps             | 56       |
|    iterations      | 660      |
|    time_elapsed    | 23723    |
|    total_timesteps | 1351680  |
---------------------------------
------------------------------------------
| rollout/                |              |
|    ep_len_mean          | 100          |
|    ep_rew_mean          | 1.69e+03     |
| time/                   |              |
|    fps                  | 56           |
|    iterations           | 661          |
|    time_elapsed         | 23756        |
|    total_timesteps      | 1353728      |
| train/                  |              |
|    approx_kl            | 0.0015667456 |
|    clip_fraction        | 0.00122      |
|    clip_range           | 0.2          |
|    entropy_loss         | -4.56        |
|    explained_variance   | 0.326        |
|    learning_rate        | 0.0003       |
|    loss                 | 2.17e+04     |
|    n_updates            | 6600         |
|    policy_gradient_loss | -0.000456    |
|    value_loss           | 6.39e+04     |
------------------------------------------
2026-04-18 20:02:54,372 [INFO] DGRL-v7: [AdaptivePenalty] step=1,355,776 | viol_rate=0.051 (target=0.05) | λ_msd: -210.6 → -210.7
------------------------------------------
| rollout/                |              |
|    ep_len_mean          | 100          |
|    ep_rew_mean          | 1.75e+03     |
| time/                   |              |
|    fps                  | 56           |
|    iterations           | 662          |
|    time_elapsed         | 23790        |
|    total_timesteps      | 1355776      |
| train/                  |              |
|    approx_kl            | 0.0011831762 |
|    clip_fraction        | 0.000488     |
|    clip_range           | 0.2          |
|    entropy_loss         | -4.56        |
|    explained_variance   | 0.179        |
|    learning_rate        | 0.0003       |
|    loss                 | 2.13e+04     |
|    n_updates            | 6610         |
|    policy_gradient_loss | -0.00154     |
|    value_loss           | 5.66e+04     |
------------------------------------------
------------------------------------------
| rollout/                |              |
|    ep_len_mean          | 100          |
|    ep_rew_mean          | 1.63e+03     |
| time/                   |              |
|    fps                  | 56           |
|    iterations           | 663          |
|    time_elapsed         | 23825        |
|    total_timesteps      | 1357824      |
| train/                  |              |
|    approx_kl            | 0.0011853229 |
|    clip_fraction        | 0.000146     |
|    clip_range           | 0.2          |
|    entropy_loss         | -4.56        |
|    explained_variance   | 0.323        |
|    learning_rate        | 0.0003       |
|    loss                 | 1.82e+04     |
|    n_updates            | 6620         |
|    policy_gradient_loss | 0.000194     |
|    value_loss           | 5.36e+04     |
------------------------------------------
2026-04-18 20:04:00,583 [INFO] DGRL-v7: [AdaptivePenalty] step=1,359,872 | viol_rate=0.049 (target=0.05) | λ_msd: -210.7 → -210.6
------------------------------------------
| rollout/                |              |
|    ep_len_mean          | 100          |
|    ep_rew_mean          | 1.65e+03     |
| time/                   |              |
|    fps                  | 57           |
|    iterations           | 664          |
|    time_elapsed         | 23856        |
|    total_timesteps      | 1359872      |
| train/                  |              |
|    approx_kl            | 0.0011903488 |
|    clip_fraction        | 0.000146     |
|    clip_range           | 0.2          |
|    entropy_loss         | -4.56        |
|    explained_variance   | 0.311        |
|    learning_rate        | 0.0003       |
|    loss                 | 2.62e+04     |
|    n_updates            | 6630         |
|    policy_gradient_loss | 0.001        |
|    value_loss           | 6.88e+04     |
------------------------------------------
------------------------------------------
| rollout/                |              |
|    ep_len_mean          | 100          |
|    ep_rew_mean          | 1.74e+03     |
| time/                   |              |
|    fps                  | 57           |
|    iterations           | 665          |
|    time_elapsed         | 23887        |
|    total_timesteps      | 1361920      |
| train/                  |              |
|    approx_kl            | 0.0017576579 |
|    clip_fraction        | 0.00146      |
|    clip_range           | 0.2          |
|    entropy_loss         | -4.56        |
|    explained_variance   | 0.226        |
|    learning_rate        | 0.0003       |
|    loss                 | 2.03e+04     |
|    n_updates            | 6640         |
|    policy_gradient_loss | -0.000905    |
|    value_loss           | 5.55e+04     |
------------------------------------------
2026-04-18 20:05:05,374 [INFO] DGRL-v7: [AdaptivePenalty] step=1,363,968 | viol_rate=0.047 (target=0.05) | λ_msd: -210.6 → -210.5
-----------------------------------------
| rollout/                |             |
|    ep_len_mean          | 100         |
|    ep_rew_mean          | 1.75e+03    |
| time/                   |             |
|    fps                  | 57          |
|    iterations           | 666         |
|    time_elapsed         | 23921       |
|    total_timesteps      | 1363968     |
| train/                  |             |
|    approx_kl            | 0.001344911 |
|    clip_fraction        | 0.000977    |
|    clip_range           | 0.2         |
|    entropy_loss         | -4.55       |
|    explained_variance   | 0.388       |
|    learning_rate        | 0.0003      |
|    loss                 | 2.05e+04    |
|    n_updates            | 6650        |
|    policy_gradient_loss | 0.000642    |
|    value_loss           | 5.14e+04    |
-----------------------------------------
------------------------------------------
| rollout/                |              |
|    ep_len_mean          | 100          |
|    ep_rew_mean          | 1.74e+03     |
| time/                   |              |
|    fps                  | 57           |
|    iterations           | 667          |
|    time_elapsed         | 23957        |
|    total_timesteps      | 1366016      |
| train/                  |              |
|    approx_kl            | 0.0016115818 |
|    clip_fraction        | 0.000635     |
|    clip_range           | 0.2          |
|    entropy_loss         | -4.55        |
|    explained_variance   | 0.398        |
|    learning_rate        | 0.0003       |
|    loss                 | 1.78e+04     |
|    n_updates            | 6660         |
|    policy_gradient_loss | -0.000327    |
|    value_loss           | 4.92e+04     |
------------------------------------------
2026-04-18 20:06:15,820 [INFO] DGRL-v7: [AdaptivePenalty] step=1,368,064 | viol_rate=0.041 (target=0.05) | λ_msd: -210.5 → -210.0
------------------------------------------
| rollout/                |              |
|    ep_len_mean          | 100          |
|    ep_rew_mean          | 1.82e+03     |
| time/                   |              |
|    fps                  | 57           |
|    iterations           | 668          |
|    time_elapsed         | 23991        |
|    total_timesteps      | 1368064      |
| train/                  |              |
|    approx_kl            | 0.0013532205 |
|    clip_fraction        | 0.000732     |
|    clip_range           | 0.2          |
|    entropy_loss         | -4.55        |
|    explained_variance   | 0.345        |
|    learning_rate        | 0.0003       |
|    loss                 | 2.6e+04      |
|    n_updates            | 6670         |
|    policy_gradient_loss | -0.000536    |
|    value_loss           | 6.43e+04     |
------------------------------------------
------------------------------------------
| rollout/                |              |
|    ep_len_mean          | 100          |
|    ep_rew_mean          | 1.74e+03     |
| time/                   |              |
|    fps                  | 57           |
|    iterations           | 669          |
|    time_elapsed         | 24022        |
|    total_timesteps      | 1370112      |
| train/                  |              |
|    approx_kl            | 0.0010546541 |
|    clip_fraction        | 0.000195     |
|    clip_range           | 0.2          |
|    entropy_loss         | -4.55        |
|    explained_variance   | 0.321        |
|    learning_rate        | 0.0003       |
|    loss                 | 2.08e+04     |
|    n_updates            | 6680         |
|    policy_gradient_loss | -0.000967    |
|    value_loss           | 5.71e+04     |
------------------------------------------
2026-04-18 20:07:20,732 [INFO] DGRL-v7: [AdaptivePenalty] step=1,372,160 | viol_rate=0.051 (target=0.05) | λ_msd: -210.0 → -210.1
------------------------------------------
| rollout/                |              |
|    ep_len_mean          | 100          |
|    ep_rew_mean          | 1.63e+03     |
| time/                   |              |
|    fps                  | 57           |
|    iterations           | 670          |
|    time_elapsed         | 24056        |
|    total_timesteps      | 1372160      |
| train/                  |              |
|    approx_kl            | 0.0011413447 |
|    clip_fraction        | 0.000488     |
|    clip_range           | 0.2          |
|    entropy_loss         | -4.55        |
|    explained_variance   | 0.251        |
|    learning_rate        | 0.0003       |
|    loss                 | 2.58e+04     |
|    n_updates            | 6690         |
|    policy_gradient_loss | 0.00158      |
|    value_loss           | 6.81e+04     |
------------------------------------------
------------------------------------------
| rollout/                |              |
|    ep_len_mean          | 100          |
|    ep_rew_mean          | 1.63e+03     |
| time/                   |              |
|    fps                  | 57           |
|    iterations           | 671          |
|    time_elapsed         | 24089        |
|    total_timesteps      | 1374208      |
| train/                  |              |
|    approx_kl            | 0.0011066473 |
|    clip_fraction        | 0.000244     |
|    clip_range           | 0.2          |
|    entropy_loss         | -4.55        |
|    explained_variance   | 0.264        |
|    learning_rate        | 0.0003       |
|    loss                 | 2.3e+04      |
|    n_updates            | 6700         |
|    policy_gradient_loss | -0.00011     |
|    value_loss           | 6.65e+04     |
------------------------------------------
2026-04-18 20:08:24,664 [INFO] DGRL-v7: [AdaptivePenalty] step=1,376,256 | viol_rate=0.046 (target=0.05) | λ_msd: -210.1 → -209.9
-----------------------------------------
| rollout/                |             |
|    ep_len_mean          | 100         |
|    ep_rew_mean          | 1.64e+03    |
| time/                   |             |
|    fps                  | 57          |
|    iterations           | 672         |
|    time_elapsed         | 24120       |
|    total_timesteps      | 1376256     |
| train/                  |             |
|    approx_kl            | 0.001021447 |
|    clip_fraction        | 9.77e-05    |
|    clip_range           | 0.2         |
|    entropy_loss         | -4.55       |
|    explained_variance   | 0.299       |
|    learning_rate        | 0.0003      |
|    loss                 | 2.35e+04    |
|    n_updates            | 6710        |
|    policy_gradient_loss | -0.00142    |
|    value_loss           | 6.2e+04     |
-----------------------------------------
------------------------------------------
| rollout/                |              |
|    ep_len_mean          | 100          |
|    ep_rew_mean          | 1.6e+03      |
| time/                   |              |
|    fps                  | 57           |
|    iterations           | 673          |
|    time_elapsed         | 24154        |
|    total_timesteps      | 1378304      |
| train/                  |              |
|    approx_kl            | 0.0012211921 |
|    clip_fraction        | 0.000146     |
|    clip_range           | 0.2          |
|    entropy_loss         | -4.55        |
|    explained_variance   | 0.281        |
|    learning_rate        | 0.0003       |
|    loss                 | 1.7e+04      |
|    n_updates            | 6720         |
|    policy_gradient_loss | -0.00079     |
|    value_loss           | 5.79e+04     |
------------------------------------------
2026-04-18 20:09:31,953 [INFO] DGRL-v7: [AdaptivePenalty] step=1,380,352 | viol_rate=0.047 (target=0.05) | λ_msd: -209.9 → -209.7
------------------------------------------
| rollout/                |              |
|    ep_len_mean          | 100          |
|    ep_rew_mean          | 1.68e+03     |
| time/                   |              |
|    fps                  | 57           |
|    iterations           | 674          |
|    time_elapsed         | 24187        |
|    total_timesteps      | 1380352      |
| train/                  |              |
|    approx_kl            | 0.0011302952 |
|    clip_fraction        | 0.000146     |
|    clip_range           | 0.2          |
|    entropy_loss         | -4.55        |
|    explained_variance   | 0.353        |
|    learning_rate        | 0.0003       |
|    loss                 | 1.92e+04     |
|    n_updates            | 6730         |
|    policy_gradient_loss | 0.000474     |
|    value_loss           | 5.58e+04     |
------------------------------------------
------------------------------------------
| rollout/                |              |
|    ep_len_mean          | 100          |
|    ep_rew_mean          | 1.7e+03      |
| time/                   |              |
|    fps                  | 57           |
|    iterations           | 675          |
|    time_elapsed         | 24221        |
|    total_timesteps      | 1382400      |
| train/                  |              |
|    approx_kl            | 0.0011229892 |
|    clip_fraction        | 0.000244     |
|    clip_range           | 0.2          |
|    entropy_loss         | -4.55        |
|    explained_variance   | 0.304        |
|    learning_rate        | 0.0003       |
|    loss                 | 1.99e+04     |
|    n_updates            | 6740         |
|    policy_gradient_loss | 1.03e-05     |
|    value_loss           | 6.3e+04      |
------------------------------------------
2026-04-18 20:10:39,486 [INFO] DGRL-v7: [AdaptivePenalty] step=1,384,448 | viol_rate=0.048 (target=0.05) | λ_msd: -209.7 → -209.6
------------------------------------------
| rollout/                |              |
|    ep_len_mean          | 100          |
|    ep_rew_mean          | 1.68e+03     |
| time/                   |              |
|    fps                  | 57           |
|    iterations           | 676          |
|    time_elapsed         | 24255        |
|    total_timesteps      | 1384448      |
| train/                  |              |
|    approx_kl            | 0.0014454259 |
|    clip_fraction        | 0.000537     |
|    clip_range           | 0.2          |
|    entropy_loss         | -4.55        |
|    explained_variance   | 0.26         |
|    learning_rate        | 0.0003       |
|    loss                 | 2.11e+04     |
|    n_updates            | 6750         |
|    policy_gradient_loss | 1.56e-05     |
|    value_loss           | 6.09e+04     |
------------------------------------------
------------------------------------------
| rollout/                |              |
|    ep_len_mean          | 100          |
|    ep_rew_mean          | 1.75e+03     |
| time/                   |              |
|    fps                  | 57           |
|    iterations           | 677          |
|    time_elapsed         | 24289        |
|    total_timesteps      | 1386496      |
| train/                  |              |
|    approx_kl            | 0.0009244295 |
|    clip_fraction        | 0            |
|    clip_range           | 0.2          |
|    entropy_loss         | -4.54        |
|    explained_variance   | 0.404        |
|    learning_rate        | 0.0003       |
|    loss                 | 2.16e+04     |
|    n_updates            | 6760         |
|    policy_gradient_loss | -0.00103     |
|    value_loss           | 5.16e+04     |
------------------------------------------
2026-04-18 20:11:50,659 [INFO] DGRL-v7: [AdaptivePenalty] step=1,388,544 | viol_rate=0.039 (target=0.05) | λ_msd: -209.6 → -209.1
-------------------------------------------
| rollout/                |               |
|    ep_len_mean          | 100           |
|    ep_rew_mean          | 1.79e+03      |
| time/                   |               |
|    fps                  | 57            |
|    iterations           | 678           |
|    time_elapsed         | 24326         |
|    total_timesteps      | 1388544       |
| train/                  |               |
|    approx_kl            | 0.00095031084 |
|    clip_fraction        | 0.000244      |
|    clip_range           | 0.2           |
|    entropy_loss         | -4.54         |
|    explained_variance   | 0.33          |
|    learning_rate        | 0.0003        |
|    loss                 | 2.02e+04      |
|    n_updates            | 6770          |
|    policy_gradient_loss | 0.000175      |
|    value_loss           | 5.23e+04      |
-------------------------------------------
------------------------------------------
| rollout/                |              |
|    ep_len_mean          | 100          |
|    ep_rew_mean          | 1.85e+03     |
| time/                   |              |
|    fps                  | 57           |
|    iterations           | 679          |
|    time_elapsed         | 24359        |
|    total_timesteps      | 1390592      |
| train/                  |              |
|    approx_kl            | 0.0008447511 |
|    clip_fraction        | 9.77e-05     |
|    clip_range           | 0.2          |
|    entropy_loss         | -4.54        |
|    explained_variance   | 0.392        |
|    learning_rate        | 0.0003       |
|    loss                 | 2.11e+04     |
|    n_updates            | 6780         |
|    policy_gradient_loss | 0.000139     |
|    value_loss           | 5.2e+04      |
------------------------------------------
2026-04-18 20:12:58,210 [INFO] DGRL-v7: [AdaptivePenalty] step=1,392,640 | viol_rate=0.042 (target=0.05) | λ_msd: -209.1 → -208.7
------------------------------------------
| rollout/                |              |
|    ep_len_mean          | 100          |
|    ep_rew_mean          | 1.88e+03     |
| time/                   |              |
|    fps                  | 57           |
|    iterations           | 680          |
|    time_elapsed         | 24393        |
|    total_timesteps      | 1392640      |
| train/                  |              |
|    approx_kl            | 0.0011290774 |
|    clip_fraction        | 0.000586     |
|    clip_range           | 0.2          |
|    entropy_loss         | -4.54        |
|    explained_variance   | 0.321        |
|    learning_rate        | 0.0003       |
|    loss                 | 1.93e+04     |
|    n_updates            | 6790         |
|    policy_gradient_loss | 0.000223     |
|    value_loss           | 5.25e+04     |
------------------------------------------
------------------------------------------
| rollout/                |              |
|    ep_len_mean          | 100          |
|    ep_rew_mean          | 1.9e+03      |
| time/                   |              |
|    fps                  | 57           |
|    iterations           | 681          |
|    time_elapsed         | 24426        |
|    total_timesteps      | 1394688      |
| train/                  |              |
|    approx_kl            | 0.0009987431 |
|    clip_fraction        | 0.000391     |
|    clip_range           | 0.2          |
|    entropy_loss         | -4.54        |
|    explained_variance   | 0.316        |
|    learning_rate        | 0.0003       |
|    loss                 | 1.87e+04     |
|    n_updates            | 6800         |
|    policy_gradient_loss | 0.00033      |
|    value_loss           | 5.82e+04     |
------------------------------------------
2026-04-18 20:14:06,551 [INFO] DGRL-v7: [AdaptivePenalty] step=1,396,736 | viol_rate=0.044 (target=0.05) | λ_msd: -208.7 → -208.4
-----------------------------------------
| rollout/                |             |
|    ep_len_mean          | 100         |
|    ep_rew_mean          | 1.82e+03    |
| time/                   |             |
|    fps                  | 57          |
|    iterations           | 682         |
|    time_elapsed         | 24462       |
|    total_timesteps      | 1396736     |
| train/                  |             |
|    approx_kl            | 0.000923909 |
|    clip_fraction        | 0.000244    |
|    clip_range           | 0.2         |
|    entropy_loss         | -4.54       |
|    explained_variance   | 0.41        |
|    learning_rate        | 0.0003      |
|    loss                 | 2.68e+04    |
|    n_updates            | 6810        |
|    policy_gradient_loss | -0.00109    |
|    value_loss           | 6.11e+04    |
-----------------------------------------
------------------------------------------
| rollout/                |              |
|    ep_len_mean          | 100          |
|    ep_rew_mean          | 1.79e+03     |
| time/                   |              |
|    fps                  | 57           |
|    iterations           | 683          |
|    time_elapsed         | 24497        |
|    total_timesteps      | 1398784      |
| train/                  |              |
|    approx_kl            | 0.0010701012 |
|    clip_fraction        | 0.000195     |
|    clip_range           | 0.2          |
|    entropy_loss         | -4.54        |
|    explained_variance   | 0.394        |
|    learning_rate        | 0.0003       |
|    loss                 | 2e+04        |
|    n_updates            | 6820         |
|    policy_gradient_loss | 0.000467     |
|    value_loss           | 6.43e+04     |
------------------------------------------
Eval num_timesteps=1400000, episode_reward=-6611.55 +/- 1207.04
Episode length: 100.00 +/- 0.00
------------------------------------------
| eval/                   |              |
|    mean_ep_length       | 100          |
|    mean_reward          | -6.61e+03    |
| time/                   |              |
|    total_timesteps      | 1400000      |
| train/                  |              |
|    approx_kl            | 0.0012121062 |
|    clip_fraction        | 0.000488     |
|    clip_range           | 0.2          |
|    entropy_loss         | -4.55        |
|    explained_variance   | 0.288        |
|    learning_rate        | 0.0003       |
|    loss                 | 2.48e+04     |
|    n_updates            | 6830         |
|    policy_gradient_loss | -0.00015     |
|    value_loss           | 6.93e+04     |
------------------------------------------
2026-04-18 20:15:42,779 [INFO] DGRL-v7: [AdaptivePenalty] step=1,400,832 | viol_rate=0.040 (target=0.05) | λ_msd: -208.4 → -207.9
---------------------------------
| rollout/           |          |
|    ep_len_mean     | 100      |
|    ep_rew_mean     | 1.8e+03  |
| time/              |          |
|    fps             | 57       |
|    iterations      | 684      |
|    time_elapsed    | 24558    |
|    total_timesteps | 1400832  |
---------------------------------
------------------------------------------
| rollout/                |              |
|    ep_len_mean          | 100          |
|    ep_rew_mean          | 1.8e+03      |
| time/                   |              |
|    fps                  | 57           |
|    iterations           | 685          |
|    time_elapsed         | 24594        |
|    total_timesteps      | 1402880      |
| train/                  |              |
|    approx_kl            | 0.0014085823 |
|    clip_fraction        | 0.000928     |
|    clip_range           | 0.2          |
|    entropy_loss         | -4.55        |
|    explained_variance   | 0.322        |
|    learning_rate        | 0.0003       |
|    loss                 | 2.29e+04     |
|    n_updates            | 6840         |
|    policy_gradient_loss | -0.0007      |
|    value_loss           | 6.57e+04     |
------------------------------------------
2026-04-18 20:16:49,923 [INFO] DGRL-v7: [AdaptivePenalty] step=1,404,928 | viol_rate=0.049 (target=0.05) | λ_msd: -207.9 → -207.9
------------------------------------------
| rollout/                |              |
|    ep_len_mean          | 100          |
|    ep_rew_mean          | 1.78e+03     |
| time/                   |              |
|    fps                  | 57           |
|    iterations           | 686          |
|    time_elapsed         | 24625        |
|    total_timesteps      | 1404928      |
| train/                  |              |
|    approx_kl            | 0.0010957127 |
|    clip_fraction        | 0.000195     |
|    clip_range           | 0.2          |
|    entropy_loss         | -4.55        |
|    explained_variance   | 0.177        |
|    learning_rate        | 0.0003       |
|    loss                 | 3.04e+04     |
|    n_updates            | 6850         |
|    policy_gradient_loss | -0.000511    |
|    value_loss           | 7.32e+04     |
------------------------------------------
------------------------------------------
| rollout/                |              |
|    ep_len_mean          | 100          |
|    ep_rew_mean          | 1.77e+03     |
| time/                   |              |
|    fps                  | 57           |
|    iterations           | 687          |
|    time_elapsed         | 24658        |
|    total_timesteps      | 1406976      |
| train/                  |              |
|    approx_kl            | 0.0011786106 |
|    clip_fraction        | 0.000342     |
|    clip_range           | 0.2          |
|    entropy_loss         | -4.55        |
|    explained_variance   | 0.314        |
|    learning_rate        | 0.0003       |
|    loss                 | 2.48e+04     |
|    n_updates            | 6860         |
|    policy_gradient_loss | -0.000284    |
|    value_loss           | 6.4e+04      |
------------------------------------------
2026-04-18 20:17:55,226 [INFO] DGRL-v7: [AdaptivePenalty] step=1,409,024 | viol_rate=0.049 (target=0.05) | λ_msd: -207.9 → -207.8
------------------------------------------
| rollout/                |              |
|    ep_len_mean          | 100          |
|    ep_rew_mean          | 1.73e+03     |
| time/                   |              |
|    fps                  | 57           |
|    iterations           | 688          |
|    time_elapsed         | 24690        |
|    total_timesteps      | 1409024      |
| train/                  |              |
|    approx_kl            | 0.0014061059 |
|    clip_fraction        | 0.000293     |
|    clip_range           | 0.2          |
|    entropy_loss         | -4.55        |
|    explained_variance   | 0.385        |
|    learning_rate        | 0.0003       |
|    loss                 | 2.18e+04     |
|    n_updates            | 6870         |
|    policy_gradient_loss | 0.00072      |
|    value_loss           | 5.68e+04     |
------------------------------------------
------------------------------------------
| rollout/                |              |
|    ep_len_mean          | 100          |
|    ep_rew_mean          | 1.77e+03     |
| time/                   |              |
|    fps                  | 57           |
|    iterations           | 689          |
|    time_elapsed         | 24727        |
|    total_timesteps      | 1411072      |
| train/                  |              |
|    approx_kl            | 0.0012546531 |
|    clip_fraction        | 0.000391     |
|    clip_range           | 0.2          |
|    entropy_loss         | -4.55        |
|    explained_variance   | 0.269        |
|    learning_rate        | 0.0003       |
|    loss                 | 2.07e+04     |
|    n_updates            | 6880         |
|    policy_gradient_loss | 0.000319     |
|    value_loss           | 6.45e+04     |
------------------------------------------
2026-04-18 20:18:59,815 [INFO] DGRL-v7: [AdaptivePenalty] step=1,413,120 | viol_rate=0.038 (target=0.05) | λ_msd: -207.8 → -207.2
------------------------------------------
| rollout/                |              |
|    ep_len_mean          | 100          |
|    ep_rew_mean          | 1.86e+03     |
| time/                   |              |
|    fps                  | 57           |
|    iterations           | 690          |
|    time_elapsed         | 24755        |
|    total_timesteps      | 1413120      |
| train/                  |              |
|    approx_kl            | 0.0011880647 |
|    clip_fraction        | 0.000195     |
|    clip_range           | 0.2          |
|    entropy_loss         | -4.55        |
|    explained_variance   | 0.4          |
|    learning_rate        | 0.0003       |
|    loss                 | 1.44e+04     |
|    n_updates            | 6890         |
|    policy_gradient_loss | -0.00022     |
|    value_loss           | 5.46e+04     |
------------------------------------------
------------------------------------------
| rollout/                |              |
|    ep_len_mean          | 100          |
|    ep_rew_mean          | 1.88e+03     |
| time/                   |              |
|    fps                  | 57           |
|    iterations           | 691          |
|    time_elapsed         | 24789        |
|    total_timesteps      | 1415168      |
| train/                  |              |
|    approx_kl            | 0.0012728011 |
|    clip_fraction        | 0.000586     |
|    clip_range           | 0.2          |
|    entropy_loss         | -4.55        |
|    explained_variance   | 0.354        |
|    learning_rate        | 0.0003       |
|    loss                 | 1.48e+04     |
|    n_updates            | 6900         |
|    policy_gradient_loss | -0.000643    |
|    value_loss           | 4.96e+04     |
------------------------------------------
2026-04-18 20:20:08,842 [INFO] DGRL-v7: [AdaptivePenalty] step=1,417,216 | viol_rate=0.044 (target=0.05) | λ_msd: -207.2 → -206.9
------------------------------------------
| rollout/                |              |
|    ep_len_mean          | 100          |
|    ep_rew_mean          | 1.93e+03     |
| time/                   |              |
|    fps                  | 57           |
|    iterations           | 692          |
|    time_elapsed         | 24824        |
|    total_timesteps      | 1417216      |
| train/                  |              |
|    approx_kl            | 0.0010582196 |
|    clip_fraction        | 4.88e-05     |
|    clip_range           | 0.2          |
|    entropy_loss         | -4.55        |
|    explained_variance   | 0.307        |
|    learning_rate        | 0.0003       |
|    loss                 | 2.07e+04     |
|    n_updates            | 6910         |
|    policy_gradient_loss | -3.08e-05    |
|    value_loss           | 5.57e+04     |
------------------------------------------
------------------------------------------
| rollout/                |              |
|    ep_len_mean          | 100          |
|    ep_rew_mean          | 1.93e+03     |
| time/                   |              |
|    fps                  | 57           |
|    iterations           | 693          |
|    time_elapsed         | 24858        |
|    total_timesteps      | 1419264      |
| train/                  |              |
|    approx_kl            | 0.0011460169 |
|    clip_fraction        | 0.000293     |
|    clip_range           | 0.2          |
|    entropy_loss         | -4.55        |
|    explained_variance   | 0.329        |
|    learning_rate        | 0.0003       |
|    loss                 | 2.31e+04     |
|    n_updates            | 6920         |
|    policy_gradient_loss | -0.00076     |
|    value_loss           | 6.49e+04     |
------------------------------------------
2026-04-18 20:21:17,616 [INFO] DGRL-v7: [AdaptivePenalty] step=1,421,312 | viol_rate=0.045 (target=0.05) | λ_msd: -206.9 → -206.6
------------------------------------------
| rollout/                |              |
|    ep_len_mean          | 100          |
|    ep_rew_mean          | 1.81e+03     |
| time/                   |              |
|    fps                  | 57           |
|    iterations           | 694          |
|    time_elapsed         | 24893        |
|    total_timesteps      | 1421312      |
| train/                  |              |
|    approx_kl            | 0.0013951755 |
|    clip_fraction        | 0.000439     |
|    clip_range           | 0.2          |
|    entropy_loss         | -4.55        |
|    explained_variance   | 0.235        |
|    learning_rate        | 0.0003       |
|    loss                 | 2.03e+04     |
|    n_updates            | 6930         |
|    policy_gradient_loss | -0.000904    |
|    value_loss           | 6.08e+04     |
------------------------------------------
------------------------------------------
| rollout/                |              |
|    ep_len_mean          | 100          |
|    ep_rew_mean          | 1.76e+03     |
| time/                   |              |
|    fps                  | 57           |
|    iterations           | 695          |
|    time_elapsed         | 24928        |
|    total_timesteps      | 1423360      |
| train/                  |              |
|    approx_kl            | 0.0012803355 |
|    clip_fraction        | 0.00107      |
|    clip_range           | 0.2          |
|    entropy_loss         | -4.55        |
|    explained_variance   | 0.305        |
|    learning_rate        | 0.0003       |
|    loss                 | 1.73e+04     |
|    n_updates            | 6940         |
|    policy_gradient_loss | -0.000926    |
|    value_loss           | 5.36e+04     |
------------------------------------------
2026-04-18 20:22:26,960 [INFO] DGRL-v7: [AdaptivePenalty] step=1,425,408 | viol_rate=0.043 (target=0.05) | λ_msd: -206.6 → -206.3
------------------------------------------
| rollout/                |              |
|    ep_len_mean          | 100          |
|    ep_rew_mean          | 1.72e+03     |
| time/                   |              |
|    fps                  | 57           |
|    iterations           | 696          |
|    time_elapsed         | 24962        |
|    total_timesteps      | 1425408      |
| train/                  |              |
|    approx_kl            | 0.0011303122 |
|    clip_fraction        | 9.77e-05     |
|    clip_range           | 0.2          |
|    entropy_loss         | -4.55        |
|    explained_variance   | 0.318        |
|    learning_rate        | 0.0003       |
|    loss                 | 1.89e+04     |
|    n_updates            | 6950         |
|    policy_gradient_loss | 0.000224     |
|    value_loss           | 5.34e+04     |
------------------------------------------
------------------------------------------
| rollout/                |              |
|    ep_len_mean          | 100          |
|    ep_rew_mean          | 1.73e+03     |
| time/                   |              |
|    fps                  | 57           |
|    iterations           | 697          |
|    time_elapsed         | 24998        |
|    total_timesteps      | 1427456      |
| train/                  |              |
|    approx_kl            | 0.0013348693 |
|    clip_fraction        | 0.00127      |
|    clip_range           | 0.2          |
|    entropy_loss         | -4.55        |
|    explained_variance   | 0.376        |
|    learning_rate        | 0.0003       |
|    loss                 | 2.58e+04     |
|    n_updates            | 6960         |
|    policy_gradient_loss | -0.000445    |
|    value_loss           | 6.97e+04     |
------------------------------------------
2026-04-18 20:23:36,565 [INFO] DGRL-v7: [AdaptivePenalty] step=1,429,504 | viol_rate=0.045 (target=0.05) | λ_msd: -206.3 → -206.0
------------------------------------------
| rollout/                |              |
|    ep_len_mean          | 100          |
|    ep_rew_mean          | 1.77e+03     |
| time/                   |              |
|    fps                  | 57           |
|    iterations           | 698          |
|    time_elapsed         | 25032        |
|    total_timesteps      | 1429504      |
| train/                  |              |
|    approx_kl            | 0.0014617934 |
|    clip_fraction        | 0.000732     |
|    clip_range           | 0.2          |
|    entropy_loss         | -4.55        |
|    explained_variance   | 0.217        |
|    learning_rate        | 0.0003       |
|    loss                 | 2.42e+04     |
|    n_updates            | 6970         |
|    policy_gradient_loss | -0.000312    |
|    value_loss           | 6.74e+04     |
------------------------------------------
-------------------------------------------
| rollout/                |               |
|    ep_len_mean          | 100           |
|    ep_rew_mean          | 1.8e+03       |
| time/                   |               |
|    fps                  | 57            |
|    iterations           | 699           |
|    time_elapsed         | 25067         |
|    total_timesteps      | 1431552       |
| train/                  |               |
|    approx_kl            | 0.00081652636 |
|    clip_fraction        | 0             |
|    clip_range           | 0.2           |
|    entropy_loss         | -4.54         |
|    explained_variance   | 0.318         |
|    learning_rate        | 0.0003        |
|    loss                 | 2.77e+04      |
|    n_updates            | 6980          |
|    policy_gradient_loss | -7.28e-05     |
|    value_loss           | 5.85e+04      |
-------------------------------------------
2026-04-18 20:24:48,367 [INFO] DGRL-v7: [AdaptivePenalty] step=1,433,600 | viol_rate=0.046 (target=0.05) | λ_msd: -206.0 → -205.8
------------------------------------------
| rollout/                |              |
|    ep_len_mean          | 100          |
|    ep_rew_mean          | 1.86e+03     |
| time/                   |              |
|    fps                  | 57           |
|    iterations           | 700          |
|    time_elapsed         | 25104        |
|    total_timesteps      | 1433600      |
| train/                  |              |
|    approx_kl            | 0.0011116087 |
|    clip_fraction        | 0.000195     |
|    clip_range           | 0.2          |
|    entropy_loss         | -4.55        |
|    explained_variance   | 0.295        |
|    learning_rate        | 0.0003       |
|    loss                 | 2.14e+04     |
|    n_updates            | 6990         |
|    policy_gradient_loss | 0.000504     |
|    value_loss           | 5.14e+04     |
------------------------------------------
------------------------------------------
| rollout/                |              |
|    ep_len_mean          | 100          |
|    ep_rew_mean          | 1.86e+03     |
| time/                   |              |
|    fps                  | 57           |
|    iterations           | 701          |
|    time_elapsed         | 25139        |
|    total_timesteps      | 1435648      |
| train/                  |              |
|    approx_kl            | 0.0009348767 |
|    clip_fraction        | 0.000244     |
|    clip_range           | 0.2          |
|    entropy_loss         | -4.55        |
|    explained_variance   | 0.384        |
|    learning_rate        | 0.0003       |
|    loss                 | 2.04e+04     |
|    n_updates            | 7000         |
|    policy_gradient_loss | 0.00153      |
|    value_loss           | 6.25e+04     |
------------------------------------------
2026-04-18 20:25:57,965 [INFO] DGRL-v7: [AdaptivePenalty] step=1,437,696 | viol_rate=0.048 (target=0.05) | λ_msd: -205.8 → -205.7
-------------------------------------------
| rollout/                |               |
|    ep_len_mean          | 100           |
|    ep_rew_mean          | 1.87e+03      |
| time/                   |               |
|    fps                  | 57            |
|    iterations           | 702           |
|    time_elapsed         | 25173         |
|    total_timesteps      | 1437696       |
| train/                  |               |
|    approx_kl            | 0.00082883536 |
|    clip_fraction        | 4.88e-05      |
|    clip_range           | 0.2           |
|    entropy_loss         | -4.55         |
|    explained_variance   | 0.342         |
|    learning_rate        | 0.0003        |
|    loss                 | 1.91e+04      |
|    n_updates            | 7010          |
|    policy_gradient_loss | 0.000258      |
|    value_loss           | 5.59e+04      |
-------------------------------------------
-------------------------------------------
| rollout/                |               |
|    ep_len_mean          | 100           |
|    ep_rew_mean          | 1.86e+03      |
| time/                   |               |
|    fps                  | 57            |
|    iterations           | 703           |
|    time_elapsed         | 25208         |
|    total_timesteps      | 1439744       |
| train/                  |               |
|    approx_kl            | 0.00093561166 |
|    clip_fraction        | 0.000391      |
|    clip_range           | 0.2           |
|    entropy_loss         | -4.55         |
|    explained_variance   | 0.287         |
|    learning_rate        | 0.0003        |
|    loss                 | 1.98e+04      |
|    n_updates            | 7020          |
|    policy_gradient_loss | -0.000648     |
|    value_loss           | 6.12e+04      |
-------------------------------------------
2026-04-18 20:27:02,966 [INFO] DGRL-v7: [AdaptivePenalty] step=1,441,792 | viol_rate=0.043 (target=0.05) | λ_msd: -205.7 → -205.4
------------------------------------------
| rollout/                |              |
|    ep_len_mean          | 100          |
|    ep_rew_mean          | 1.93e+03     |
| time/                   |              |
|    fps                  | 57           |
|    iterations           | 704          |
|    time_elapsed         | 25238        |
|    total_timesteps      | 1441792      |
| train/                  |              |
|    approx_kl            | 0.0012324183 |
|    clip_fraction        | 0.000342     |
|    clip_range           | 0.2          |
|    entropy_loss         | -4.55        |
|    explained_variance   | 0.35         |
|    learning_rate        | 0.0003       |
|    loss                 | 2.31e+04     |
|    n_updates            | 7030         |
|    policy_gradient_loss | 0.000679     |
|    value_loss           | 5.44e+04     |
------------------------------------------
-------------------------------------------
| rollout/                |               |
|    ep_len_mean          | 100           |
|    ep_rew_mean          | 1.89e+03      |
| time/                   |               |
|    fps                  | 57            |
|    iterations           | 705           |
|    time_elapsed         | 25270         |
|    total_timesteps      | 1443840       |
| train/                  |               |
|    approx_kl            | 0.00090182165 |
|    clip_fraction        | 0             |
|    clip_range           | 0.2           |
|    entropy_loss         | -4.55         |
|    explained_variance   | 0.302         |
|    learning_rate        | 0.0003        |
|    loss                 | 2.02e+04      |
|    n_updates            | 7040          |
|    policy_gradient_loss | 0.000267      |
|    value_loss           | 5.94e+04      |
-------------------------------------------
2026-04-18 20:28:08,459 [INFO] DGRL-v7: [AdaptivePenalty] step=1,445,888 | viol_rate=0.042 (target=0.05) | λ_msd: -205.4 → -205.0
----------------------------------------
| rollout/                |            |
|    ep_len_mean          | 100        |
|    ep_rew_mean          | 1.84e+03   |
| time/                   |            |
|    fps                  | 57         |
|    iterations           | 706        |
|    time_elapsed         | 25304      |
|    total_timesteps      | 1445888    |
| train/                  |            |
|    approx_kl            | 0.00120271 |
|    clip_fraction        | 0.000244   |
|    clip_range           | 0.2        |
|    entropy_loss         | -4.54      |
|    explained_variance   | 0.279      |
|    learning_rate        | 0.0003     |
|    loss                 | 2.57e+04   |
|    n_updates            | 7050       |
|    policy_gradient_loss | 0.000541   |
|    value_loss           | 6.28e+04   |
----------------------------------------
------------------------------------------
| rollout/                |              |
|    ep_len_mean          | 100          |
|    ep_rew_mean          | 1.81e+03     |
| time/                   |              |
|    fps                  | 57           |
|    iterations           | 707          |
|    time_elapsed         | 25339        |
|    total_timesteps      | 1447936      |
| train/                  |              |
|    approx_kl            | 0.0010797016 |
|    clip_fraction        | 0.000244     |
|    clip_range           | 0.2          |
|    entropy_loss         | -4.54        |
|    explained_variance   | 0.272        |
|    learning_rate        | 0.0003       |
|    loss                 | 2.23e+04     |
|    n_updates            | 7060         |
|    policy_gradient_loss | 0.000606     |
|    value_loss           | 5.9e+04      |
------------------------------------------
2026-04-18 20:29:09,396 [INFO] DGRL-v7: [AdaptivePenalty] step=1,449,984 | viol_rate=0.050 (target=0.05) | λ_msd: -205.0 → -205.0
------------------------------------------
| rollout/                |              |
|    ep_len_mean          | 100          |
|    ep_rew_mean          | 1.85e+03     |
| time/                   |              |
|    fps                  | 57           |
|    iterations           | 708          |
|    time_elapsed         | 25365        |
|    total_timesteps      | 1449984      |
| train/                  |              |
|    approx_kl            | 0.0010946803 |
|    clip_fraction        | 0.000439     |
|    clip_range           | 0.2          |
|    entropy_loss         | -4.55        |
|    explained_variance   | 0.452        |
|    learning_rate        | 0.0003       |
|    loss                 | 2.07e+04     |
|    n_updates            | 7070         |
|    policy_gradient_loss | 7.69e-05     |
|    value_loss           | 5.56e+04     |
------------------------------------------
Eval num_timesteps=1450000, episode_reward=-5747.69 +/- 1826.06
Episode length: 100.00 +/- 0.00
------------------------------------------
| eval/                   |              |
|    mean_ep_length       | 100          |
|    mean_reward          | -5.75e+03    |
| time/                   |              |
|    total_timesteps      | 1450000      |
| train/                  |              |
|    approx_kl            | 0.0010418207 |
|    clip_fraction        | 0.000244     |
|    clip_range           | 0.2          |
|    entropy_loss         | -4.55        |
|    explained_variance   | 0.322        |
|    learning_rate        | 0.0003       |
|    loss                 | 1.81e+04     |
|    n_updates            | 7080         |
|    policy_gradient_loss | 0.000337     |
|    value_loss           | 4.89e+04     |
------------------------------------------
New best mean reward!
---------------------------------
| rollout/           |          |
|    ep_len_mean     | 100      |
|    ep_rew_mean     | 1.81e+03 |
| time/              |          |
|    fps             | 57       |
|    iterations      | 709      |
|    time_elapsed    | 25432    |
|    total_timesteps | 1452032  |
---------------------------------
2026-04-18 20:30:50,913 [INFO] DGRL-v7: [AdaptivePenalty] step=1,454,080 | viol_rate=0.044 (target=0.05) | λ_msd: -205.0 → -204.7
------------------------------------------
| rollout/                |              |
|    ep_len_mean          | 100          |
|    ep_rew_mean          | 1.84e+03     |
| time/                   |              |
|    fps                  | 57           |
|    iterations           | 710          |
|    time_elapsed         | 25466        |
|    total_timesteps      | 1454080      |
| train/                  |              |
|    approx_kl            | 0.0009411358 |
|    clip_fraction        | 4.88e-05     |
|    clip_range           | 0.2          |
|    entropy_loss         | -4.55        |
|    explained_variance   | 0.387        |
|    learning_rate        | 0.0003       |
|    loss                 | 2.09e+04     |
|    n_updates            | 7090         |
|    policy_gradient_loss | -0.000421    |
|    value_loss           | 4.98e+04     |
------------------------------------------
------------------------------------------
| rollout/                |              |
|    ep_len_mean          | 100          |
|    ep_rew_mean          | 1.82e+03     |
| time/                   |              |
|    fps                  | 57           |
|    iterations           | 711          |
|    time_elapsed         | 25500        |
|    total_timesteps      | 1456128      |
| train/                  |              |
|    approx_kl            | 0.0010278925 |
|    clip_fraction        | 4.88e-05     |
|    clip_range           | 0.2          |
|    entropy_loss         | -4.55        |
|    explained_variance   | 0.32         |
|    learning_rate        | 0.0003       |
|    loss                 | 2.2e+04      |
|    n_updates            | 7100         |
|    policy_gradient_loss | 0.00102      |
|    value_loss           | 5.87e+04     |
------------------------------------------
2026-04-18 20:31:59,181 [INFO] DGRL-v7: [AdaptivePenalty] step=1,458,176 | viol_rate=0.046 (target=0.05) | λ_msd: -204.7 → -204.4
------------------------------------------
| rollout/                |              |
|    ep_len_mean          | 100          |
|    ep_rew_mean          | 1.84e+03     |
| time/                   |              |
|    fps                  | 57           |
|    iterations           | 712          |
|    time_elapsed         | 25534        |
|    total_timesteps      | 1458176      |
| train/                  |              |
|    approx_kl            | 0.0017256212 |
|    clip_fraction        | 0.0021       |
|    clip_range           | 0.2          |
|    entropy_loss         | -4.55        |
|    explained_variance   | 0.31         |
|    learning_rate        | 0.0003       |
|    loss                 | 2.36e+04     |
|    n_updates            | 7110         |
|    policy_gradient_loss | 0.000129     |
|    value_loss           | 7.63e+04     |
------------------------------------------
------------------------------------------
| rollout/                |              |
|    ep_len_mean          | 100          |
|    ep_rew_mean          | 1.79e+03     |
| time/                   |              |
|    fps                  | 57           |
|    iterations           | 713          |
|    time_elapsed         | 25563        |
|    total_timesteps      | 1460224      |
| train/                  |              |
|    approx_kl            | 0.0009637488 |
|    clip_fraction        | 0.000195     |
|    clip_range           | 0.2          |
|    entropy_loss         | -4.55        |
|    explained_variance   | 0.265        |
|    learning_rate        | 0.0003       |
|    loss                 | 2.11e+04     |
|    n_updates            | 7120         |
|    policy_gradient_loss | 0.000979     |
|    value_loss           | 5.84e+04     |
------------------------------------------
2026-04-18 20:32:57,770 [INFO] DGRL-v7: [AdaptivePenalty] step=1,462,272 | viol_rate=0.053 (target=0.05) | λ_msd: -204.4 → -204.6
------------------------------------------
| rollout/                |              |
|    ep_len_mean          | 100          |
|    ep_rew_mean          | 1.67e+03     |
| time/                   |              |
|    fps                  | 57           |
|    iterations           | 714          |
|    time_elapsed         | 25593        |
|    total_timesteps      | 1462272      |
| train/                  |              |
|    approx_kl            | 0.0012870298 |
|    clip_fraction        | 0.000586     |
|    clip_range           | 0.2          |
|    entropy_loss         | -4.55        |
|    explained_variance   | 0.311        |
|    learning_rate        | 0.0003       |
|    loss                 | 2.45e+04     |
|    n_updates            | 7130         |
|    policy_gradient_loss | 0.00116      |
|    value_loss           | 6.32e+04     |
------------------------------------------
------------------------------------------
| rollout/                |              |
|    ep_len_mean          | 100          |
|    ep_rew_mean          | 1.72e+03     |
| time/                   |              |
|    fps                  | 57           |
|    iterations           | 715          |
|    time_elapsed         | 25619        |
|    total_timesteps      | 1464320      |
| train/                  |              |
|    approx_kl            | 0.0015673473 |
|    clip_fraction        | 0.000977     |
|    clip_range           | 0.2          |
|    entropy_loss         | -4.55        |
|    explained_variance   | 0.211        |
|    learning_rate        | 0.0003       |
|    loss                 | 2.23e+04     |
|    n_updates            | 7140         |
|    policy_gradient_loss | -0.00164     |
|    value_loss           | 6.37e+04     |
------------------------------------------
2026-04-18 20:33:53,317 [INFO] DGRL-v7: [AdaptivePenalty] step=1,466,368 | viol_rate=0.044 (target=0.05) | λ_msd: -204.6 → -204.3
------------------------------------------
| rollout/                |              |
|    ep_len_mean          | 100          |
|    ep_rew_mean          | 1.8e+03      |
| time/                   |              |
|    fps                  | 57           |
|    iterations           | 716          |
|    time_elapsed         | 25648        |
|    total_timesteps      | 1466368      |
| train/                  |              |
|    approx_kl            | 0.0010231417 |
|    clip_fraction        | 4.88e-05     |
|    clip_range           | 0.2          |
|    entropy_loss         | -4.56        |
|    explained_variance   | 0.327        |
|    learning_rate        | 0.0003       |
|    loss                 | 2.22e+04     |
|    n_updates            | 7150         |
|    policy_gradient_loss | 0.00154      |
|    value_loss           | 5.22e+04     |
------------------------------------------
------------------------------------------
| rollout/                |              |
|    ep_len_mean          | 100          |
|    ep_rew_mean          | 1.78e+03     |
| time/                   |              |
|    fps                  | 57           |
|    iterations           | 717          |
|    time_elapsed         | 25678        |
|    total_timesteps      | 1468416      |
| train/                  |              |
|    approx_kl            | 0.0011085685 |
|    clip_fraction        | 0.000146     |
|    clip_range           | 0.2          |
|    entropy_loss         | -4.56        |
|    explained_variance   | 0.365        |
|    learning_rate        | 0.0003       |
|    loss                 | 1.35e+04     |
|    n_updates            | 7160         |
|    policy_gradient_loss | -0.000442    |
|    value_loss           | 4.7e+04      |
------------------------------------------
2026-04-18 20:34:55,135 [INFO] DGRL-v7: [AdaptivePenalty] step=1,470,464 | viol_rate=0.041 (target=0.05) | λ_msd: -204.3 → -203.8
------------------------------------------
| rollout/                |              |
|    ep_len_mean          | 100          |
|    ep_rew_mean          | 1.86e+03     |
| time/                   |              |
|    fps                  | 57           |
|    iterations           | 718          |
|    time_elapsed         | 25710        |
|    total_timesteps      | 1470464      |
| train/                  |              |
|    approx_kl            | 0.0014823703 |
|    clip_fraction        | 0.00112      |
|    clip_range           | 0.2          |
|    entropy_loss         | -4.55        |
|    explained_variance   | 0.381        |
|    learning_rate        | 0.0003       |
|    loss                 | 1.82e+04     |
|    n_updates            | 7170         |
|    policy_gradient_loss | 0.00133      |
|    value_loss           | 5.52e+04     |
------------------------------------------
------------------------------------------
| rollout/                |              |
|    ep_len_mean          | 100          |
|    ep_rew_mean          | 1.94e+03     |
| time/                   |              |
|    fps                  | 57           |
|    iterations           | 719          |
|    time_elapsed         | 25746        |
|    total_timesteps      | 1472512      |
| train/                  |              |
|    approx_kl            | 0.0009972706 |
|    clip_fraction        | 4.88e-05     |
|    clip_range           | 0.2          |
|    entropy_loss         | -4.55        |
|    explained_variance   | 0.377        |
|    learning_rate        | 0.0003       |
|    loss                 | 1.65e+04     |
|    n_updates            | 7180         |
|    policy_gradient_loss | 0.000304     |
|    value_loss           | 5.52e+04     |
------------------------------------------
2026-04-18 20:36:04,167 [INFO] DGRL-v7: [AdaptivePenalty] step=1,474,560 | viol_rate=0.049 (target=0.05) | λ_msd: -203.8 → -203.8
------------------------------------------
| rollout/                |              |
|    ep_len_mean          | 100          |
|    ep_rew_mean          | 1.94e+03     |
| time/                   |              |
|    fps                  | 57           |
|    iterations           | 720          |
|    time_elapsed         | 25779        |
|    total_timesteps      | 1474560      |
| train/                  |              |
|    approx_kl            | 0.0011026859 |
|    clip_fraction        | 9.77e-05     |
|    clip_range           | 0.2          |
|    entropy_loss         | -4.55        |
|    explained_variance   | 0.234        |
|    learning_rate        | 0.0003       |
|    loss                 | 2.32e+04     |
|    n_updates            | 7190         |
|    policy_gradient_loss | -0.000221    |
|    value_loss           | 6.52e+04     |
------------------------------------------
------------------------------------------
| rollout/                |              |
|    ep_len_mean          | 100          |
|    ep_rew_mean          | 1.9e+03      |
| time/                   |              |
|    fps                  | 57           |
|    iterations           | 721          |
|    time_elapsed         | 25812        |
|    total_timesteps      | 1476608      |
| train/                  |              |
|    approx_kl            | 0.0015963658 |
|    clip_fraction        | 0.00083      |
|    clip_range           | 0.2          |
|    entropy_loss         | -4.55        |
|    explained_variance   | 0.213        |
|    learning_rate        | 0.0003       |
|    loss                 | 2e+04        |
|    n_updates            | 7200         |
|    policy_gradient_loss | 0.000101     |
|    value_loss           | 5.81e+04     |
------------------------------------------
2026-04-18 20:37:10,776 [INFO] DGRL-v7: [AdaptivePenalty] step=1,478,656 | viol_rate=0.043 (target=0.05) | λ_msd: -203.8 → -203.4
------------------------------------------
| rollout/                |              |
|    ep_len_mean          | 100          |
|    ep_rew_mean          | 1.97e+03     |
| time/                   |              |
|    fps                  | 57           |
|    iterations           | 722          |
|    time_elapsed         | 25846        |
|    total_timesteps      | 1478656      |
| train/                  |              |
|    approx_kl            | 0.0011862542 |
|    clip_fraction        | 0.000244     |
|    clip_range           | 0.2          |
|    entropy_loss         | -4.54        |
|    explained_variance   | 0.378        |
|    learning_rate        | 0.0003       |
|    loss                 | 2.53e+04     |
|    n_updates            | 7210         |
|    policy_gradient_loss | -0.000315    |
|    value_loss           | 6.4e+04      |
------------------------------------------
------------------------------------------
| rollout/                |              |
|    ep_len_mean          | 100          |
|    ep_rew_mean          | 1.86e+03     |
| time/                   |              |
|    fps                  | 57           |
|    iterations           | 723          |
|    time_elapsed         | 25884        |
|    total_timesteps      | 1480704      |
| train/                  |              |
|    approx_kl            | 0.0011735021 |
|    clip_fraction        | 0.000732     |
|    clip_range           | 0.2          |
|    entropy_loss         | -4.55        |
|    explained_variance   | 0.488        |
|    learning_rate        | 0.0003       |
|    loss                 | 1.76e+04     |
|    n_updates            | 7220         |
|    policy_gradient_loss | -9.67e-05    |
|    value_loss           | 4.74e+04     |
------------------------------------------
2026-04-18 20:38:23,217 [INFO] DGRL-v7: [AdaptivePenalty] step=1,482,752 | viol_rate=0.049 (target=0.05) | λ_msd: -203.4 → -203.4
------------------------------------------
| rollout/                |              |
|    ep_len_mean          | 100          |
|    ep_rew_mean          | 1.81e+03     |
| time/                   |              |
|    fps                  | 57           |
|    iterations           | 724          |
|    time_elapsed         | 25918        |
|    total_timesteps      | 1482752      |
| train/                  |              |
|    approx_kl            | 0.0012138542 |
|    clip_fraction        | 0.000488     |
|    clip_range           | 0.2          |
|    entropy_loss         | -4.55        |
|    explained_variance   | 0.341        |
|    learning_rate        | 0.0003       |
|    loss                 | 2.15e+04     |
|    n_updates            | 7230         |
|    policy_gradient_loss | -0.00035     |
|    value_loss           | 6.24e+04     |
------------------------------------------
------------------------------------------
| rollout/                |              |
|    ep_len_mean          | 100          |
|    ep_rew_mean          | 1.74e+03     |
| time/                   |              |
|    fps                  | 57           |
|    iterations           | 725          |
|    time_elapsed         | 25953        |
|    total_timesteps      | 1484800      |
| train/                  |              |
|    approx_kl            | 0.0012688326 |
|    clip_fraction        | 0.000391     |
|    clip_range           | 0.2          |
|    entropy_loss         | -4.55        |
|    explained_variance   | 0.251        |
|    learning_rate        | 0.0003       |
|    loss                 | 1.76e+04     |
|    n_updates            | 7240         |
|    policy_gradient_loss | -0.000886    |
|    value_loss           | 5.63e+04     |
------------------------------------------
2026-04-18 20:39:33,131 [INFO] DGRL-v7: [AdaptivePenalty] step=1,486,848 | viol_rate=0.046 (target=0.05) | λ_msd: -203.4 → -203.2
------------------------------------------
| rollout/                |              |
|    ep_len_mean          | 100          |
|    ep_rew_mean          | 1.76e+03     |
| time/                   |              |
|    fps                  | 57           |
|    iterations           | 726          |
|    time_elapsed         | 25988        |
|    total_timesteps      | 1486848      |
| train/                  |              |
|    approx_kl            | 0.0013047444 |
|    clip_fraction        | 0.000342     |
|    clip_range           | 0.2          |
|    entropy_loss         | -4.55        |
|    explained_variance   | 0.228        |
|    learning_rate        | 0.0003       |
|    loss                 | 1.78e+04     |
|    n_updates            | 7250         |
|    policy_gradient_loss | -0.00238     |
|    value_loss           | 6.43e+04     |
------------------------------------------
------------------------------------------
| rollout/                |              |
|    ep_len_mean          | 100          |
|    ep_rew_mean          | 1.71e+03     |
| time/                   |              |
|    fps                  | 57           |
|    iterations           | 727          |
|    time_elapsed         | 26022        |
|    total_timesteps      | 1488896      |
| train/                  |              |
|    approx_kl            | 0.0010793884 |
|    clip_fraction        | 9.77e-05     |
|    clip_range           | 0.2          |
|    entropy_loss         | -4.55        |
|    explained_variance   | 0.406        |
|    learning_rate        | 0.0003       |
|    loss                 | 1.52e+04     |
|    n_updates            | 7260         |
|    policy_gradient_loss | -6.56e-05    |
|    value_loss           | 4.9e+04      |
------------------------------------------
2026-04-18 20:40:40,542 [INFO] DGRL-v7: [AdaptivePenalty] step=1,490,944 | viol_rate=0.045 (target=0.05) | λ_msd: -203.2 → -203.0
-----------------------------------------
| rollout/                |             |
|    ep_len_mean          | 100         |
|    ep_rew_mean          | 1.79e+03    |
| time/                   |             |
|    fps                  | 57          |
|    iterations           | 728         |
|    time_elapsed         | 26056       |
|    total_timesteps      | 1490944     |
| train/                  |             |
|    approx_kl            | 0.001420464 |
|    clip_fraction        | 0.000537    |
|    clip_range           | 0.2         |
|    entropy_loss         | -4.55       |
|    explained_variance   | 0.315       |
|    learning_rate        | 0.0003      |
|    loss                 | 2.11e+04    |
|    n_updates            | 7270        |
|    policy_gradient_loss | -0.000238   |
|    value_loss           | 5.61e+04    |
-----------------------------------------
------------------------------------------
| rollout/                |              |
|    ep_len_mean          | 100          |
|    ep_rew_mean          | 1.85e+03     |
| time/                   |              |
|    fps                  | 57           |
|    iterations           | 729          |
|    time_elapsed         | 26089        |
|    total_timesteps      | 1492992      |
| train/                  |              |
|    approx_kl            | 0.0009879272 |
|    clip_fraction        | 9.77e-05     |
|    clip_range           | 0.2          |
|    entropy_loss         | -4.54        |
|    explained_variance   | 0.312        |
|    learning_rate        | 0.0003       |
|    loss                 | 2.15e+04     |
|    n_updates            | 7280         |
|    policy_gradient_loss | -0.000608    |
|    value_loss           | 6.26e+04     |
------------------------------------------
2026-04-18 20:41:49,406 [INFO] DGRL-v7: [AdaptivePenalty] step=1,495,040 | viol_rate=0.043 (target=0.05) | λ_msd: -203.0 → -202.6
------------------------------------------
| rollout/                |              |
|    ep_len_mean          | 100          |
|    ep_rew_mean          | 1.81e+03     |
| time/                   |              |
|    fps                  | 57           |
|    iterations           | 730          |
|    time_elapsed         | 26125        |
|    total_timesteps      | 1495040      |
| train/                  |              |
|    approx_kl            | 0.0012300322 |
|    clip_fraction        | 0.000244     |
|    clip_range           | 0.2          |
|    entropy_loss         | -4.55        |
|    explained_variance   | 0.436        |
|    learning_rate        | 0.0003       |
|    loss                 | 1.87e+04     |
|    n_updates            | 7290         |
|    policy_gradient_loss | -0.000116    |
|    value_loss           | 5.71e+04     |
------------------------------------------
------------------------------------------
| rollout/                |              |
|    ep_len_mean          | 100          |
|    ep_rew_mean          | 1.82e+03     |
| time/                   |              |
|    fps                  | 57           |
|    iterations           | 731          |
|    time_elapsed         | 26159        |
|    total_timesteps      | 1497088      |
| train/                  |              |
|    approx_kl            | 0.0015570323 |
|    clip_fraction        | 0.000635     |
|    clip_range           | 0.2          |
|    entropy_loss         | -4.55        |
|    explained_variance   | 0.406        |
|    learning_rate        | 0.0003       |
|    loss                 | 2.13e+04     |
|    n_updates            | 7300         |
|    policy_gradient_loss | 0.000967     |
|    value_loss           | 6.66e+04     |
------------------------------------------
2026-04-18 20:42:58,892 [INFO] DGRL-v7: [AdaptivePenalty] step=1,499,136 | viol_rate=0.048 (target=0.05) | λ_msd: -202.6 → -202.5
-----------------------------------------
| rollout/                |             |
|    ep_len_mean          | 100         |
|    ep_rew_mean          | 1.85e+03    |
| time/                   |             |
|    fps                  | 57          |
|    iterations           | 732         |
|    time_elapsed         | 26194       |
|    total_timesteps      | 1499136     |
| train/                  |             |
|    approx_kl            | 0.001285166 |
|    clip_fraction        | 0.000146    |
|    clip_range           | 0.2         |
|    entropy_loss         | -4.55       |
|    explained_variance   | 0.339       |
|    learning_rate        | 0.0003      |
|    loss                 | 2.01e+04    |
|    n_updates            | 7310        |
|    policy_gradient_loss | 0.000334    |
|    value_loss           | 6.17e+04    |
-----------------------------------------
Eval num_timesteps=1500000, episode_reward=-6739.64 +/- 2244.22
Episode length: 100.00 +/- 0.00
------------------------------------------
| eval/                   |              |
|    mean_ep_length       | 100          |
|    mean_reward          | -6.74e+03    |
| time/                   |              |
|    total_timesteps      | 1500000      |
| train/                  |              |
|    approx_kl            | 0.0017494089 |
|    clip_fraction        | 0.0019       |
|    clip_range           | 0.2          |
|    entropy_loss         | -4.54        |
|    explained_variance   | 0.326        |
|    learning_rate        | 0.0003       |
|    loss                 | 1.98e+04     |
|    n_updates            | 7320         |
|    policy_gradient_loss | 0.000908     |
|    value_loss           | 7.26e+04     |
------------------------------------------
---------------------------------
| rollout/           |          |
|    ep_len_mean     | 100      |
|    ep_rew_mean     | 1.83e+03 |
| time/              |          |
|    fps             | 57       |
|    iterations      | 733      |
|    time_elapsed    | 26259    |
|    total_timesteps | 1501184  |
---------------------------------
2026-04-18 20:44:32,837 [INFO] DGRL-v7: [AdaptivePenalty] step=1,503,232 | viol_rate=0.040 (target=0.05) | λ_msd: -202.5 → -202.0
------------------------------------------
| rollout/                |              |
|    ep_len_mean          | 100          |
|    ep_rew_mean          | 1.78e+03     |
| time/                   |              |
|    fps                  | 57           |
|    iterations           | 734          |
|    time_elapsed         | 26288        |
|    total_timesteps      | 1503232      |
| train/                  |              |
|    approx_kl            | 0.0011536065 |
|    clip_fraction        | 0.000342     |
|    clip_range           | 0.2          |
|    entropy_loss         | -4.54        |
|    explained_variance   | 0.213        |
|    learning_rate        | 0.0003       |
|    loss                 | 1.9e+04      |
|    n_updates            | 7330         |
|    policy_gradient_loss | -0.00145     |
|    value_loss           | 5.94e+04     |
------------------------------------------
------------------------------------------
| rollout/                |              |
|    ep_len_mean          | 100          |
|    ep_rew_mean          | 1.88e+03     |
| time/                   |              |
|    fps                  | 57           |
|    iterations           | 735          |
|    time_elapsed         | 26322        |
|    total_timesteps      | 1505280      |
| train/                  |              |
|    approx_kl            | 0.0010669825 |
|    clip_fraction        | 0.000195     |
|    clip_range           | 0.2          |
|    entropy_loss         | -4.54        |
|    explained_variance   | 0.367        |
|    learning_rate        | 0.0003       |
|    loss                 | 1.97e+04     |
|    n_updates            | 7340         |
|    policy_gradient_loss | 0.000149     |
|    value_loss           | 5.57e+04     |
------------------------------------------
2026-04-18 20:45:38,430 [INFO] DGRL-v7: [AdaptivePenalty] step=1,507,328 | viol_rate=0.045 (target=0.05) | λ_msd: -202.0 → -201.8
------------------------------------------
| rollout/                |              |
|    ep_len_mean          | 100          |
|    ep_rew_mean          | 1.87e+03     |
| time/                   |              |
|    fps                  | 57           |
|    iterations           | 736          |
|    time_elapsed         | 26354        |
|    total_timesteps      | 1507328      |
| train/                  |              |
|    approx_kl            | 0.0011743738 |
|    clip_fraction        | 0.000879     |
|    clip_range           | 0.2          |
|    entropy_loss         | -4.54        |
|    explained_variance   | 0.358        |
|    learning_rate        | 0.0003       |
|    loss                 | 1.99e+04     |
|    n_updates            | 7350         |
|    policy_gradient_loss | 0.000976     |
|    value_loss           | 5.18e+04     |
------------------------------------------
------------------------------------------
| rollout/                |              |
|    ep_len_mean          | 100          |
|    ep_rew_mean          | 1.92e+03     |
| time/                   |              |
|    fps                  | 57           |
|    iterations           | 737          |
|    time_elapsed         | 26387        |
|    total_timesteps      | 1509376      |
| train/                  |              |
|    approx_kl            | 0.0013598248 |
|    clip_fraction        | 0.000781     |
|    clip_range           | 0.2          |
|    entropy_loss         | -4.55        |
|    explained_variance   | 0.276        |
|    learning_rate        | 0.0003       |
|    loss                 | 2.34e+04     |
|    n_updates            | 7360         |
|    policy_gradient_loss | 3.91e-05     |
|    value_loss           | 6.72e+04     |
------------------------------------------
2026-04-18 20:46:47,234 [INFO] DGRL-v7: [AdaptivePenalty] step=1,511,424 | viol_rate=0.047 (target=0.05) | λ_msd: -201.8 → -201.7
-----------------------------------------
| rollout/                |             |
|    ep_len_mean          | 100         |
|    ep_rew_mean          | 1.94e+03    |
| time/                   |             |
|    fps                  | 57          |
|    iterations           | 738         |
|    time_elapsed         | 26422       |
|    total_timesteps      | 1511424     |
| train/                  |             |
|    approx_kl            | 0.001561491 |
|    clip_fraction        | 0.002       |
|    clip_range           | 0.2         |
|    entropy_loss         | -4.54       |
|    explained_variance   | 0.305       |
|    learning_rate        | 0.0003      |
|    loss                 | 1.86e+04    |
|    n_updates            | 7370        |
|    policy_gradient_loss | 0.000306    |
|    value_loss           | 5.5e+04     |
-----------------------------------------
------------------------------------------
| rollout/                |              |
|    ep_len_mean          | 100          |
|    ep_rew_mean          | 1.97e+03     |
| time/                   |              |
|    fps                  | 57           |
|    iterations           | 739          |
|    time_elapsed         | 26458        |
|    total_timesteps      | 1513472      |
| train/                  |              |
|    approx_kl            | 0.0009399725 |
|    clip_fraction        | 4.88e-05     |
|    clip_range           | 0.2          |
|    entropy_loss         | -4.54        |
|    explained_variance   | 0.36         |
|    learning_rate        | 0.0003       |
|    loss                 | 1.89e+04     |
|    n_updates            | 7380         |
|    policy_gradient_loss | 0.00059      |
|    value_loss           | 6.15e+04     |
------------------------------------------
2026-04-18 20:48:01,255 [INFO] DGRL-v7: [AdaptivePenalty] step=1,515,520 | viol_rate=0.044 (target=0.05) | λ_msd: -201.7 → -201.4
------------------------------------------
| rollout/                |              |
|    ep_len_mean          | 100          |
|    ep_rew_mean          | 1.84e+03     |
| time/                   |              |
|    fps                  | 57           |
|    iterations           | 740          |
|    time_elapsed         | 26496        |
|    total_timesteps      | 1515520      |
| train/                  |              |
|    approx_kl            | 0.0010292537 |
|    clip_fraction        | 0.000146     |
|    clip_range           | 0.2          |
|    entropy_loss         | -4.54        |
|    explained_variance   | 0.353        |
|    learning_rate        | 0.0003       |
|    loss                 | 1.5e+04      |
|    n_updates            | 7390         |
|    policy_gradient_loss | -0.000781    |
|    value_loss           | 4.69e+04     |
------------------------------------------
------------------------------------------
| rollout/                |              |
|    ep_len_mean          | 100          |
|    ep_rew_mean          | 1.84e+03     |
| time/                   |              |
|    fps                  | 57           |
|    iterations           | 741          |
|    time_elapsed         | 26526        |
|    total_timesteps      | 1517568      |
| train/                  |              |
|    approx_kl            | 0.0009346005 |
|    clip_fraction        | 4.88e-05     |
|    clip_range           | 0.2          |
|    entropy_loss         | -4.54        |
|    explained_variance   | 0.224        |
|    learning_rate        | 0.0003       |
|    loss                 | 2.54e+04     |
|    n_updates            | 7400         |
|    policy_gradient_loss | 0.000209     |
|    value_loss           | 6.39e+04     |
------------------------------------------
2026-04-18 20:49:02,257 [INFO] DGRL-v7: [AdaptivePenalty] step=1,519,616 | viol_rate=0.048 (target=0.05) | λ_msd: -201.4 → -201.2
-----------------------------------------
| rollout/                |             |
|    ep_len_mean          | 100         |
|    ep_rew_mean          | 1.77e+03    |
| time/                   |             |
|    fps                  | 57          |
|    iterations           | 742         |
|    time_elapsed         | 26557       |
|    total_timesteps      | 1519616     |
| train/                  |             |
|    approx_kl            | 0.000859057 |
|    clip_fraction        | 4.88e-05    |
|    clip_range           | 0.2         |
|    entropy_loss         | -4.55       |
|    explained_variance   | 0.237       |
|    learning_rate        | 0.0003      |
|    loss                 | 2.09e+04    |
|    n_updates            | 7410        |
|    policy_gradient_loss | -0.000358   |
|    value_loss           | 5.81e+04    |
-----------------------------------------
------------------------------------------
| rollout/                |              |
|    ep_len_mean          | 100          |
|    ep_rew_mean          | 1.69e+03     |
| time/                   |              |
|    fps                  | 57           |
|    iterations           | 743          |
|    time_elapsed         | 26594        |
|    total_timesteps      | 1521664      |
| train/                  |              |
|    approx_kl            | 0.0008900154 |
|    clip_fraction        | 9.77e-05     |
|    clip_range           | 0.2          |
|    entropy_loss         | -4.55        |
|    explained_variance   | 0.363        |
|    learning_rate        | 0.0003       |
|    loss                 | 2.03e+04     |
|    n_updates            | 7420         |
|    policy_gradient_loss | -0.000436    |
|    value_loss           | 6.28e+04     |
------------------------------------------
2026-04-18 20:50:14,305 [INFO] DGRL-v7: [AdaptivePenalty] step=1,523,712 | viol_rate=0.052 (target=0.05) | λ_msd: -201.2 → -201.4
------------------------------------------
| rollout/                |              |
|    ep_len_mean          | 100          |
|    ep_rew_mean          | 1.65e+03     |
| time/                   |              |
|    fps                  | 57           |
|    iterations           | 744          |
|    time_elapsed         | 26629        |
|    total_timesteps      | 1523712      |
| train/                  |              |
|    approx_kl            | 0.0009982247 |
|    clip_fraction        | 4.88e-05     |
|    clip_range           | 0.2          |
|    entropy_loss         | -4.55        |
|    explained_variance   | 0.315        |
|    learning_rate        | 0.0003       |
|    loss                 | 1.79e+04     |
|    n_updates            | 7430         |
|    policy_gradient_loss | -0.000171    |
|    value_loss           | 5.39e+04     |
------------------------------------------
------------------------------------------
| rollout/                |              |
|    ep_len_mean          | 100          |
|    ep_rew_mean          | 1.71e+03     |
| time/                   |              |
|    fps                  | 57           |
|    iterations           | 745          |
|    time_elapsed         | 26665        |
|    total_timesteps      | 1525760      |
| train/                  |              |
|    approx_kl            | 0.0011402905 |
|    clip_fraction        | 0.000293     |
|    clip_range           | 0.2          |
|    entropy_loss         | -4.55        |
|    explained_variance   | 0.192        |
|    learning_rate        | 0.0003       |
|    loss                 | 2.48e+04     |
|    n_updates            | 7440         |
|    policy_gradient_loss | 0.000428     |
|    value_loss           | 6.42e+04     |
------------------------------------------
2026-04-18 20:51:19,545 [INFO] DGRL-v7: [AdaptivePenalty] step=1,527,808 | viol_rate=0.046 (target=0.05) | λ_msd: -201.4 → -201.2
------------------------------------------
| rollout/                |              |
|    ep_len_mean          | 100          |
|    ep_rew_mean          | 1.76e+03     |
| time/                   |              |
|    fps                  | 57           |
|    iterations           | 746          |
|    time_elapsed         | 26695        |
|    total_timesteps      | 1527808      |
| train/                  |              |
|    approx_kl            | 0.0013422165 |
|    clip_fraction        | 0.00103      |
|    clip_range           | 0.2          |
|    entropy_loss         | -4.55        |
|    explained_variance   | 0.3          |
|    learning_rate        | 0.0003       |
|    loss                 | 1.56e+04     |
|    n_updates            | 7450         |
|    policy_gradient_loss | 0.000168     |
|    value_loss           | 4.52e+04     |
------------------------------------------
------------------------------------------
| rollout/                |              |
|    ep_len_mean          | 100          |
|    ep_rew_mean          | 1.78e+03     |
| time/                   |              |
|    fps                  | 57           |
|    iterations           | 747          |
|    time_elapsed         | 26730        |
|    total_timesteps      | 1529856      |
| train/                  |              |
|    approx_kl            | 0.0008919058 |
|    clip_fraction        | 0.000195     |
|    clip_range           | 0.2          |
|    entropy_loss         | -4.55        |
|    explained_variance   | 0.266        |
|    learning_rate        | 0.0003       |
|    loss                 | 2.16e+04     |
|    n_updates            | 7460         |
|    policy_gradient_loss | -0.000236    |
|    value_loss           | 4.97e+04     |
------------------------------------------
2026-04-18 20:52:26,650 [INFO] DGRL-v7: [AdaptivePenalty] step=1,531,904 | viol_rate=0.044 (target=0.05) | λ_msd: -201.2 → -200.9
------------------------------------------
| rollout/                |              |
|    ep_len_mean          | 100          |
|    ep_rew_mean          | 1.77e+03     |
| time/                   |              |
|    fps                  | 57           |
|    iterations           | 748          |
|    time_elapsed         | 26762        |
|    total_timesteps      | 1531904      |
| train/                  |              |
|    approx_kl            | 0.0014763155 |
|    clip_fraction        | 0.00215      |
|    clip_range           | 0.2          |
|    entropy_loss         | -4.55        |
|    explained_variance   | 0.246        |
|    learning_rate        | 0.0003       |
|    loss                 | 1.94e+04     |
|    n_updates            | 7470         |
|    policy_gradient_loss | 0.00205      |
|    value_loss           | 5.94e+04     |
------------------------------------------
------------------------------------------
| rollout/                |              |
|    ep_len_mean          | 100          |
|    ep_rew_mean          | 1.77e+03     |
| time/                   |              |
|    fps                  | 57           |
|    iterations           | 749          |
|    time_elapsed         | 26797        |
|    total_timesteps      | 1533952      |
| train/                  |              |
|    approx_kl            | 0.0008686161 |
|    clip_fraction        | 4.88e-05     |
|    clip_range           | 0.2          |
|    entropy_loss         | -4.55        |
|    explained_variance   | 0.409        |
|    learning_rate        | 0.0003       |
|    loss                 | 2.15e+04     |
|    n_updates            | 7480         |
|    policy_gradient_loss | 0.000469     |
|    value_loss           | 6.15e+04     |
------------------------------------------
2026-04-18 20:53:33,589 [INFO] DGRL-v7: [AdaptivePenalty] step=1,536,000 | viol_rate=0.042 (target=0.05) | λ_msd: -200.9 → -200.5
------------------------------------------
| rollout/                |              |
|    ep_len_mean          | 100          |
|    ep_rew_mean          | 1.72e+03     |
| time/                   |              |
|    fps                  | 57           |
|    iterations           | 750          |
|    time_elapsed         | 26829        |
|    total_timesteps      | 1536000      |
| train/                  |              |
|    approx_kl            | 0.0010129074 |
|    clip_fraction        | 9.77e-05     |
|    clip_range           | 0.2          |
|    entropy_loss         | -4.55        |
|    explained_variance   | 0.301        |
|    learning_rate        | 0.0003       |
|    loss                 | 2.3e+04      |
|    n_updates            | 7490         |
|    policy_gradient_loss | -0.00123     |
|    value_loss           | 6.03e+04     |
------------------------------------------
------------------------------------------
| rollout/                |              |
|    ep_len_mean          | 100          |
|    ep_rew_mean          | 1.77e+03     |
| time/                   |              |
|    fps                  | 57           |
|    iterations           | 751          |
|    time_elapsed         | 26861        |
|    total_timesteps      | 1538048      |
| train/                  |              |
|    approx_kl            | 0.0010109574 |
|    clip_fraction        | 0.000391     |
|    clip_range           | 0.2          |
|    entropy_loss         | -4.55        |
|    explained_variance   | 0.309        |
|    learning_rate        | 0.0003       |
|    loss                 | 1.66e+04     |
|    n_updates            | 7500         |
|    policy_gradient_loss | -0.000248    |
|    value_loss           | 5.62e+04     |
------------------------------------------
2026-04-18 20:54:33,810 [INFO] DGRL-v7: [AdaptivePenalty] step=1,540,096 | viol_rate=0.047 (target=0.05) | λ_msd: -200.5 → -200.3
-------------------------------------------
| rollout/                |               |
|    ep_len_mean          | 100           |
|    ep_rew_mean          | 1.73e+03      |
| time/                   |               |
|    fps                  | 57            |
|    iterations           | 752           |
|    time_elapsed         | 26889         |
|    total_timesteps      | 1540096       |
| train/                  |               |
|    approx_kl            | 0.00086895167 |
|    clip_fraction        | 0.000293      |
|    clip_range           | 0.2           |
|    entropy_loss         | -4.55         |
|    explained_variance   | 0.384         |
|    learning_rate        | 0.0003        |
|    loss                 | 2.01e+04      |
|    n_updates            | 7510          |
|    policy_gradient_loss | -0.00116      |
|    value_loss           | 5.72e+04      |
-------------------------------------------
------------------------------------------
| rollout/                |              |
|    ep_len_mean          | 100          |
|    ep_rew_mean          | 1.79e+03     |
| time/                   |              |
|    fps                  | 57           |
|    iterations           | 753          |
|    time_elapsed         | 26921        |
|    total_timesteps      | 1542144      |
| train/                  |              |
|    approx_kl            | 0.0010005482 |
|    clip_fraction        | 0.000293     |
|    clip_range           | 0.2          |
|    entropy_loss         | -4.55        |
|    explained_variance   | 0.252        |
|    learning_rate        | 0.0003       |
|    loss                 | 1.78e+04     |
|    n_updates            | 7520         |
|    policy_gradient_loss | -0.000354    |
|    value_loss           | 6.2e+04      |
------------------------------------------
2026-04-18 20:55:39,951 [INFO] DGRL-v7: [AdaptivePenalty] step=1,544,192 | viol_rate=0.045 (target=0.05) | λ_msd: -200.3 → -200.1
------------------------------------------
| rollout/                |              |
|    ep_len_mean          | 100          |
|    ep_rew_mean          | 1.89e+03     |
| time/                   |              |
|    fps                  | 57           |
|    iterations           | 754          |
|    time_elapsed         | 26955        |
|    total_timesteps      | 1544192      |
| train/                  |              |
|    approx_kl            | 0.0012562315 |
|    clip_fraction        | 0.000293     |
|    clip_range           | 0.2          |
|    entropy_loss         | -4.55        |
|    explained_variance   | 0.359        |
|    learning_rate        | 0.0003       |
|    loss                 | 1.81e+04     |
|    n_updates            | 7530         |
|    policy_gradient_loss | -0.00163     |
|    value_loss           | 4.85e+04     |
------------------------------------------
------------------------------------------
| rollout/                |              |
|    ep_len_mean          | 100          |
|    ep_rew_mean          | 1.87e+03     |
| time/                   |              |
|    fps                  | 57           |
|    iterations           | 755          |
|    time_elapsed         | 26989        |
|    total_timesteps      | 1546240      |
| train/                  |              |
|    approx_kl            | 0.0012414712 |
|    clip_fraction        | 0.000391     |
|    clip_range           | 0.2          |
|    entropy_loss         | -4.55        |
|    explained_variance   | 0.317        |
|    learning_rate        | 0.0003       |
|    loss                 | 1.99e+04     |
|    n_updates            | 7540         |
|    policy_gradient_loss | -0.00161     |
|    value_loss           | 4.63e+04     |
------------------------------------------
2026-04-18 20:56:47,257 [INFO] DGRL-v7: [AdaptivePenalty] step=1,548,288 | viol_rate=0.045 (target=0.05) | λ_msd: -200.1 → -199.8
------------------------------------------
| rollout/                |              |
|    ep_len_mean          | 100          |
|    ep_rew_mean          | 1.83e+03     |
| time/                   |              |
|    fps                  | 57           |
|    iterations           | 756          |
|    time_elapsed         | 27022        |
|    total_timesteps      | 1548288      |
| train/                  |              |
|    approx_kl            | 0.0010457942 |
|    clip_fraction        | 0.000195     |
|    clip_range           | 0.2          |
|    entropy_loss         | -4.55        |
|    explained_variance   | 0.425        |
|    learning_rate        | 0.0003       |
|    loss                 | 1.82e+04     |
|    n_updates            | 7550         |
|    policy_gradient_loss | 0.000283     |
|    value_loss           | 5.5e+04      |
------------------------------------------
Eval num_timesteps=1550000, episode_reward=-19955.57 +/- 8128.35
Episode length: 100.00 +/- 0.00
------------------------------------------
| eval/                   |              |
|    mean_ep_length       | 100          |
|    mean_reward          | -2e+04       |
| time/                   |              |
|    total_timesteps      | 1550000      |
| train/                  |              |
|    approx_kl            | 0.0009808434 |
|    clip_fraction        | 0.000342     |
|    clip_range           | 0.2          |
|    entropy_loss         | -4.55        |
|    explained_variance   | 0.378        |
|    learning_rate        | 0.0003       |
|    loss                 | 1.48e+04     |
|    n_updates            | 7560         |
|    policy_gradient_loss | -0.000834    |
|    value_loss           | 5.37e+04     |
------------------------------------------
---------------------------------
| rollout/           |          |
|    ep_len_mean     | 100      |
|    ep_rew_mean     | 1.91e+03 |
| time/              |          |
|    fps             | 57       |
|    iterations      | 757      |
|    time_elapsed    | 27107    |
|    total_timesteps | 1550336  |
---------------------------------
2026-04-18 20:58:48,122 [INFO] DGRL-v7: [AdaptivePenalty] step=1,552,384 | viol_rate=0.050 (target=0.05) | λ_msd: -199.8 → -199.8
------------------------------------------
| rollout/                |              |
|    ep_len_mean          | 100          |
|    ep_rew_mean          | 1.82e+03     |
| time/                   |              |
|    fps                  | 57           |
|    iterations           | 758          |
|    time_elapsed         | 27143        |
|    total_timesteps      | 1552384      |
| train/                  |              |
|    approx_kl            | 0.0014106462 |
|    clip_fraction        | 0.000586     |
|    clip_range           | 0.2          |
|    entropy_loss         | -4.55        |
|    explained_variance   | 0.364        |
|    learning_rate        | 0.0003       |
|    loss                 | 2.08e+04     |
|    n_updates            | 7570         |
|    policy_gradient_loss | 0.000729     |
|    value_loss           | 5.43e+04     |
------------------------------------------
------------------------------------------
| rollout/                |              |
|    ep_len_mean          | 100          |
|    ep_rew_mean          | 1.75e+03     |
| time/                   |              |
|    fps                  | 57           |
|    iterations           | 759          |
|    time_elapsed         | 27179        |
|    total_timesteps      | 1554432      |
| train/                  |              |
|    approx_kl            | 0.0015639891 |
|    clip_fraction        | 0.000635     |
|    clip_range           | 0.2          |
|    entropy_loss         | -4.55        |
|    explained_variance   | 0.22         |
|    learning_rate        | 0.0003       |
|    loss                 | 2.69e+04     |
|    n_updates            | 7580         |
|    policy_gradient_loss | -1.28e-05    |
|    value_loss           | 8.01e+04     |
------------------------------------------
2026-04-18 20:59:58,678 [INFO] DGRL-v7: [AdaptivePenalty] step=1,556,480 | viol_rate=0.043 (target=0.05) | λ_msd: -199.8 → -199.4
------------------------------------------
| rollout/                |              |
|    ep_len_mean          | 100          |
|    ep_rew_mean          | 1.76e+03     |
| time/                   |              |
|    fps                  | 57           |
|    iterations           | 760          |
|    time_elapsed         | 27214        |
|    total_timesteps      | 1556480      |
| train/                  |              |
|    approx_kl            | 0.0012562085 |
|    clip_fraction        | 0.000928     |
|    clip_range           | 0.2          |
|    entropy_loss         | -4.55        |
|    explained_variance   | 0.262        |
|    learning_rate        | 0.0003       |
|    loss                 | 2.11e+04     |
|    n_updates            | 7590         |
|    policy_gradient_loss | 0.000528     |
|    value_loss           | 6.06e+04     |
------------------------------------------
------------------------------------------
| rollout/                |              |
|    ep_len_mean          | 100          |
|    ep_rew_mean          | 1.71e+03     |
| time/                   |              |
|    fps                  | 57           |
|    iterations           | 761          |
|    time_elapsed         | 27247        |
|    total_timesteps      | 1558528      |
| train/                  |              |
|    approx_kl            | 0.0015694732 |
|    clip_fraction        | 0.00083      |
|    clip_range           | 0.2          |
|    entropy_loss         | -4.54        |
|    explained_variance   | 0.303        |
|    learning_rate        | 0.0003       |
|    loss                 | 1.74e+04     |
|    n_updates            | 7600         |
|    policy_gradient_loss | -0.000504    |
|    value_loss           | 5.01e+04     |
------------------------------------------
2026-04-18 21:01:05,931 [INFO] DGRL-v7: [AdaptivePenalty] step=1,560,576 | viol_rate=0.047 (target=0.05) | λ_msd: -199.4 → -199.3
------------------------------------------
| rollout/                |              |
|    ep_len_mean          | 100          |
|    ep_rew_mean          | 1.69e+03     |
| time/                   |              |
|    fps                  | 57           |
|    iterations           | 762          |
|    time_elapsed         | 27281        |
|    total_timesteps      | 1560576      |
| train/                  |              |
|    approx_kl            | 0.0010224523 |
|    clip_fraction        | 0.000146     |
|    clip_range           | 0.2          |
|    entropy_loss         | -4.55        |
|    explained_variance   | 0.409        |
|    learning_rate        | 0.0003       |
|    loss                 | 1.58e+04     |
|    n_updates            | 7610         |
|    policy_gradient_loss | 0.000258     |
|    value_loss           | 5.52e+04     |
------------------------------------------
------------------------------------------
| rollout/                |              |
|    ep_len_mean          | 100          |
|    ep_rew_mean          | 1.72e+03     |
| time/                   |              |
|    fps                  | 57           |
|    iterations           | 763          |
|    time_elapsed         | 27315        |
|    total_timesteps      | 1562624      |
| train/                  |              |
|    approx_kl            | 0.0012116649 |
|    clip_fraction        | 0.000293     |
|    clip_range           | 0.2          |
|    entropy_loss         | -4.55        |
|    explained_variance   | 0.382        |
|    learning_rate        | 0.0003       |
|    loss                 | 1.81e+04     |
|    n_updates            | 7620         |
|    policy_gradient_loss | 0.000528     |
|    value_loss           | 5.4e+04      |
------------------------------------------
2026-04-18 21:02:09,247 [INFO] DGRL-v7: [AdaptivePenalty] step=1,564,672 | viol_rate=0.048 (target=0.05) | λ_msd: -199.3 → -199.2
------------------------------------------
| rollout/                |              |
|    ep_len_mean          | 100          |
|    ep_rew_mean          | 1.74e+03     |
| time/                   |              |
|    fps                  | 57           |
|    iterations           | 764          |
|    time_elapsed         | 27344        |
|    total_timesteps      | 1564672      |
| train/                  |              |
|    approx_kl            | 0.0011831212 |
|    clip_fraction        | 0.000146     |
|    clip_range           | 0.2          |
|    entropy_loss         | -4.55        |
|    explained_variance   | 0.38         |
|    learning_rate        | 0.0003       |
|    loss                 | 1.56e+04     |
|    n_updates            | 7630         |
|    policy_gradient_loss | -0.00277     |
|    value_loss           | 5.63e+04     |
------------------------------------------
------------------------------------------
| rollout/                |              |
|    ep_len_mean          | 100          |
|    ep_rew_mean          | 1.79e+03     |
| time/                   |              |
|    fps                  | 57           |
|    iterations           | 765          |
|    time_elapsed         | 27375        |
|    total_timesteps      | 1566720      |
| train/                  |              |
|    approx_kl            | 0.0011777122 |
|    clip_fraction        | 9.77e-05     |
|    clip_range           | 0.2          |
|    entropy_loss         | -4.54        |
|    explained_variance   | 0.263        |
|    learning_rate        | 0.0003       |
|    loss                 | 1.65e+04     |
|    n_updates            | 7640         |
|    policy_gradient_loss | -0.00121     |
|    value_loss           | 5.43e+04     |
------------------------------------------
2026-04-18 21:03:11,272 [INFO] DGRL-v7: [AdaptivePenalty] step=1,568,768 | viol_rate=0.051 (target=0.05) | λ_msd: -199.2 → -199.3
------------------------------------------
| rollout/                |              |
|    ep_len_mean          | 100          |
|    ep_rew_mean          | 1.79e+03     |
| time/                   |              |
|    fps                  | 57           |
|    iterations           | 766          |
|    time_elapsed         | 27406        |
|    total_timesteps      | 1568768      |
| train/                  |              |
|    approx_kl            | 0.0008477059 |
|    clip_fraction        | 9.77e-05     |
|    clip_range           | 0.2          |
|    entropy_loss         | -4.55        |
|    explained_variance   | 0.377        |
|    learning_rate        | 0.0003       |
|    loss                 | 1.67e+04     |
|    n_updates            | 7650         |
|    policy_gradient_loss | 7.58e-05     |
|    value_loss           | 4.91e+04     |
------------------------------------------
------------------------------------------
| rollout/                |              |
|    ep_len_mean          | 100          |
|    ep_rew_mean          | 1.75e+03     |
| time/                   |              |
|    fps                  | 57           |
|    iterations           | 767          |
|    time_elapsed         | 27441        |
|    total_timesteps      | 1570816      |
| train/                  |              |
|    approx_kl            | 0.0010493223 |
|    clip_fraction        | 0.000195     |
|    clip_range           | 0.2          |
|    entropy_loss         | -4.55        |
|    explained_variance   | 0.336        |
|    learning_rate        | 0.0003       |
|    loss                 | 3.15e+04     |
|    n_updates            | 7660         |
|    policy_gradient_loss | 0.000762     |
|    value_loss           | 7.87e+04     |
------------------------------------------
2026-04-18 21:04:20,938 [INFO] DGRL-v7: [AdaptivePenalty] step=1,572,864 | viol_rate=0.046 (target=0.05) | λ_msd: -199.3 → -199.1
------------------------------------------
| rollout/                |              |
|    ep_len_mean          | 100          |
|    ep_rew_mean          | 1.78e+03     |
| time/                   |              |
|    fps                  | 57           |
|    iterations           | 768          |
|    time_elapsed         | 27476        |
|    total_timesteps      | 1572864      |
| train/                  |              |
|    approx_kl            | 0.0011686515 |
|    clip_fraction        | 0.000293     |
|    clip_range           | 0.2          |
|    entropy_loss         | -4.55        |
|    explained_variance   | 0.267        |
|    learning_rate        | 0.0003       |
|    loss                 | 2.23e+04     |
|    n_updates            | 7670         |
|    policy_gradient_loss | 9.12e-05     |
|    value_loss           | 6.75e+04     |
------------------------------------------
------------------------------------------
| rollout/                |              |
|    ep_len_mean          | 100          |
|    ep_rew_mean          | 1.8e+03      |
| time/                   |              |
|    fps                  | 57           |
|    iterations           | 769          |
|    time_elapsed         | 27512        |
|    total_timesteps      | 1574912      |
| train/                  |              |
|    approx_kl            | 0.0012290808 |
|    clip_fraction        | 0.000342     |
|    clip_range           | 0.2          |
|    entropy_loss         | -4.55        |
|    explained_variance   | 0.323        |
|    learning_rate        | 0.0003       |
|    loss                 | 2.38e+04     |
|    n_updates            | 7680         |
|    policy_gradient_loss | 0.00114      |
|    value_loss           | 6.6e+04      |
------------------------------------------
2026-04-18 21:05:32,059 [INFO] DGRL-v7: [AdaptivePenalty] step=1,576,960 | viol_rate=0.042 (target=0.05) | λ_msd: -199.1 → -198.7
------------------------------------------
| rollout/                |              |
|    ep_len_mean          | 100          |
|    ep_rew_mean          | 1.7e+03      |
| time/                   |              |
|    fps                  | 57           |
|    iterations           | 770          |
|    time_elapsed         | 27547        |
|    total_timesteps      | 1576960      |
| train/                  |              |
|    approx_kl            | 0.0010063315 |
|    clip_fraction        | 0            |
|    clip_range           | 0.2          |
|    entropy_loss         | -4.55        |
|    explained_variance   | 0.377        |
|    learning_rate        | 0.0003       |
|    loss                 | 1.69e+04     |
|    n_updates            | 7690         |
|    policy_gradient_loss | -0.000871    |
|    value_loss           | 5.69e+04     |
------------------------------------------
------------------------------------------
| rollout/                |              |
|    ep_len_mean          | 100          |
|    ep_rew_mean          | 1.78e+03     |
| time/                   |              |
|    fps                  | 57           |
|    iterations           | 771          |
|    time_elapsed         | 27579        |
|    total_timesteps      | 1579008      |
| train/                  |              |
|    approx_kl            | 0.0010431749 |
|    clip_fraction        | 0.000146     |
|    clip_range           | 0.2          |
|    entropy_loss         | -4.55        |
|    explained_variance   | 0.399        |
|    learning_rate        | 0.0003       |
|    loss                 | 2.38e+04     |
|    n_updates            | 7700         |
|    policy_gradient_loss | -0.000314    |
|    value_loss           | 6.12e+04     |
------------------------------------------
2026-04-18 21:06:38,775 [INFO] DGRL-v7: [AdaptivePenalty] step=1,581,056 | viol_rate=0.045 (target=0.05) | λ_msd: -198.7 → -198.4
------------------------------------------
| rollout/                |              |
|    ep_len_mean          | 100          |
|    ep_rew_mean          | 1.83e+03     |
| time/                   |              |
|    fps                  | 57           |
|    iterations           | 772          |
|    time_elapsed         | 27614        |
|    total_timesteps      | 1581056      |
| train/                  |              |
|    approx_kl            | 0.0010506649 |
|    clip_fraction        | 4.88e-05     |
|    clip_range           | 0.2          |
|    entropy_loss         | -4.55        |
|    explained_variance   | 0.357        |
|    learning_rate        | 0.0003       |
|    loss                 | 1.69e+04     |
|    n_updates            | 7710         |
|    policy_gradient_loss | -0.00123     |
|    value_loss           | 5.15e+04     |
------------------------------------------
------------------------------------------
| rollout/                |              |
|    ep_len_mean          | 100          |
|    ep_rew_mean          | 1.87e+03     |
| time/                   |              |
|    fps                  | 57           |
|    iterations           | 773          |
|    time_elapsed         | 27649        |
|    total_timesteps      | 1583104      |
| train/                  |              |
|    approx_kl            | 0.0010706293 |
|    clip_fraction        | 0.000293     |
|    clip_range           | 0.2          |
|    entropy_loss         | -4.54        |
|    explained_variance   | 0.42         |
|    learning_rate        | 0.0003       |
|    loss                 | 2.05e+04     |
|    n_updates            | 7720         |
|    policy_gradient_loss | -1.34e-05    |
|    value_loss           | 4.68e+04     |
------------------------------------------
2026-04-18 21:07:49,217 [INFO] DGRL-v7: [AdaptivePenalty] step=1,585,152 | viol_rate=0.046 (target=0.05) | λ_msd: -198.4 → -198.2
------------------------------------------
| rollout/                |              |
|    ep_len_mean          | 100          |
|    ep_rew_mean          | 1.85e+03     |
| time/                   |              |
|    fps                  | 57           |
|    iterations           | 774          |
|    time_elapsed         | 27684        |
|    total_timesteps      | 1585152      |
| train/                  |              |
|    approx_kl            | 0.0009348041 |
|    clip_fraction        | 0            |
|    clip_range           | 0.2          |
|    entropy_loss         | -4.54        |
|    explained_variance   | 0.407        |
|    learning_rate        | 0.0003       |
|    loss                 | 2.04e+04     |
|    n_updates            | 7730         |
|    policy_gradient_loss | -0.000163    |
|    value_loss           | 4.64e+04     |
------------------------------------------
------------------------------------------
| rollout/                |              |
|    ep_len_mean          | 100          |
|    ep_rew_mean          | 1.82e+03     |
| time/                   |              |
|    fps                  | 57           |
|    iterations           | 775          |
|    time_elapsed         | 27720        |
|    total_timesteps      | 1587200      |
| train/                  |              |
|    approx_kl            | 0.0009253358 |
|    clip_fraction        | 0.000195     |
|    clip_range           | 0.2          |
|    entropy_loss         | -4.54        |
|    explained_variance   | 0.316        |
|    learning_rate        | 0.0003       |
|    loss                 | 2.55e+04     |
|    n_updates            | 7740         |
|    policy_gradient_loss | 0.000131     |
|    value_loss           | 7.08e+04     |
------------------------------------------
2026-04-18 21:09:00,882 [INFO] DGRL-v7: [AdaptivePenalty] step=1,589,248 | viol_rate=0.044 (target=0.05) | λ_msd: -198.2 → -197.9
------------------------------------------
| rollout/                |              |
|    ep_len_mean          | 100          |
|    ep_rew_mean          | 1.85e+03     |
| time/                   |              |
|    fps                  | 57           |
|    iterations           | 776          |
|    time_elapsed         | 27756        |
|    total_timesteps      | 1589248      |
| train/                  |              |
|    approx_kl            | 0.0011312831 |
|    clip_fraction        | 0.000293     |
|    clip_range           | 0.2          |
|    entropy_loss         | -4.54        |
|    explained_variance   | 0.378        |
|    learning_rate        | 0.0003       |
|    loss                 | 1.86e+04     |
|    n_updates            | 7750         |
|    policy_gradient_loss | -0.00163     |
|    value_loss           | 5.61e+04     |
------------------------------------------
------------------------------------------
| rollout/                |              |
|    ep_len_mean          | 100          |
|    ep_rew_mean          | 1.8e+03      |
| time/                   |              |
|    fps                  | 57           |
|    iterations           | 777          |
|    time_elapsed         | 27789        |
|    total_timesteps      | 1591296      |
| train/                  |              |
|    approx_kl            | 0.0008475835 |
|    clip_fraction        | 4.88e-05     |
|    clip_range           | 0.2          |
|    entropy_loss         | -4.55        |
|    explained_variance   | 0.395        |
|    learning_rate        | 0.0003       |
|    loss                 | 2.86e+04     |
|    n_updates            | 7760         |
|    policy_gradient_loss | 0.000441     |
|    value_loss           | 6.92e+04     |
------------------------------------------
2026-04-18 21:10:07,599 [INFO] DGRL-v7: [AdaptivePenalty] step=1,593,344 | viol_rate=0.041 (target=0.05) | λ_msd: -197.9 → -197.4
------------------------------------------
| rollout/                |              |
|    ep_len_mean          | 100          |
|    ep_rew_mean          | 1.81e+03     |
| time/                   |              |
|    fps                  | 57           |
|    iterations           | 778          |
|    time_elapsed         | 27823        |
|    total_timesteps      | 1593344      |
| train/                  |              |
|    approx_kl            | 0.0009350196 |
|    clip_fraction        | 9.77e-05     |
|    clip_range           | 0.2          |
|    entropy_loss         | -4.55        |
|    explained_variance   | 0.439        |
|    learning_rate        | 0.0003       |
|    loss                 | 1.68e+04     |
|    n_updates            | 7770         |
|    policy_gradient_loss | 0.00026      |
|    value_loss           | 4.64e+04     |
------------------------------------------
------------------------------------------
| rollout/                |              |
|    ep_len_mean          | 100          |
|    ep_rew_mean          | 1.85e+03     |
| time/                   |              |
|    fps                  | 57           |
|    iterations           | 779          |
|    time_elapsed         | 27858        |
|    total_timesteps      | 1595392      |
| train/                  |              |
|    approx_kl            | 0.0009889308 |
|    clip_fraction        | 9.77e-05     |
|    clip_range           | 0.2          |
|    entropy_loss         | -4.55        |
|    explained_variance   | 0.366        |
|    learning_rate        | 0.0003       |
|    loss                 | 1.63e+04     |
|    n_updates            | 7780         |
|    policy_gradient_loss | -0.00039     |
|    value_loss           | 5.55e+04     |
------------------------------------------
2026-04-18 21:11:18,880 [INFO] DGRL-v7: [AdaptivePenalty] step=1,597,440 | viol_rate=0.046 (target=0.05) | λ_msd: -197.4 → -197.2
------------------------------------------
| rollout/                |              |
|    ep_len_mean          | 100          |
|    ep_rew_mean          | 1.91e+03     |
| time/                   |              |
|    fps                  | 57           |
|    iterations           | 780          |
|    time_elapsed         | 27894        |
|    total_timesteps      | 1597440      |
| train/                  |              |
|    approx_kl            | 0.0015932521 |
|    clip_fraction        | 0.00083      |
|    clip_range           | 0.2          |
|    entropy_loss         | -4.55        |
|    explained_variance   | 0.393        |
|    learning_rate        | 0.0003       |
|    loss                 | 1.98e+04     |
|    n_updates            | 7790         |
|    policy_gradient_loss | 0.0014       |
|    value_loss           | 5.93e+04     |
------------------------------------------
------------------------------------------
| rollout/                |              |
|    ep_len_mean          | 100          |
|    ep_rew_mean          | 1.9e+03      |
| time/                   |              |
|    fps                  | 57           |
|    iterations           | 781          |
|    time_elapsed         | 27931        |
|    total_timesteps      | 1599488      |
| train/                  |              |
|    approx_kl            | 0.0009611773 |
|    clip_fraction        | 4.88e-05     |
|    clip_range           | 0.2          |
|    entropy_loss         | -4.55        |
|    explained_variance   | 0.356        |
|    learning_rate        | 0.0003       |
|    loss                 | 1.79e+04     |
|    n_updates            | 7800         |
|    policy_gradient_loss | -0.000248    |
|    value_loss           | 5.38e+04     |
------------------------------------------
Eval num_timesteps=1600000, episode_reward=-5251.91 +/- 1617.37
Episode length: 100.00 +/- 0.00
-------------------------------------------
| eval/                   |               |
|    mean_ep_length       | 100           |
|    mean_reward          | -5.25e+03     |
| time/                   |               |
|    total_timesteps      | 1600000       |
| train/                  |               |
|    approx_kl            | 0.00096843805 |
|    clip_fraction        | 9.77e-05      |
|    clip_range           | 0.2           |
|    entropy_loss         | -4.55         |
|    explained_variance   | 0.414         |
|    learning_rate        | 0.0003        |
|    loss                 | 1.55e+04      |
|    n_updates            | 7810          |
|    policy_gradient_loss | -0.000298     |
|    value_loss           | 4.75e+04      |
-------------------------------------------
2026-04-18 21:12:50,055 [INFO] DGRL-v7: [AdaptivePenalty] step=1,601,536 | viol_rate=0.046 (target=0.05) | λ_msd: -197.2 → -197.0
New best mean reward!
---------------------------------
| rollout/           |          |
|    ep_len_mean     | 100      |
|    ep_rew_mean     | 1.89e+03 |
| time/              |          |
|    fps             | 57       |
|    iterations      | 782      |
|    time_elapsed    | 27985    |
|    total_timesteps | 1601536  |
---------------------------------
-------------------------------------------
| rollout/                |               |
|    ep_len_mean          | 100           |
|    ep_rew_mean          | 1.83e+03      |
| time/                   |               |
|    fps                  | 57            |
|    iterations           | 783           |
|    time_elapsed         | 28021         |
|    total_timesteps      | 1603584       |
| train/                  |               |
|    approx_kl            | 0.00095496833 |
|    clip_fraction        | 0.000146      |
|    clip_range           | 0.2           |
|    entropy_loss         | -4.55         |
|    explained_variance   | 0.389         |
|    learning_rate        | 0.0003        |
|    loss                 | 2.11e+04      |
|    n_updates            | 7820          |
|    policy_gradient_loss | 0.000163      |
|    value_loss           | 6e+04         |
-------------------------------------------
2026-04-18 21:14:01,252 [INFO] DGRL-v7: [AdaptivePenalty] step=1,605,632 | viol_rate=0.047 (target=0.05) | λ_msd: -197.0 → -196.9
------------------------------------------
| rollout/                |              |
|    ep_len_mean          | 100          |
|    ep_rew_mean          | 1.81e+03     |
| time/                   |              |
|    fps                  | 57           |
|    iterations           | 784          |
|    time_elapsed         | 28056        |
|    total_timesteps      | 1605632      |
| train/                  |              |
|    approx_kl            | 0.0012808235 |
|    clip_fraction        | 0.000342     |
|    clip_range           | 0.2          |
|    entropy_loss         | -4.55        |
|    explained_variance   | 0.235        |
|    learning_rate        | 0.0003       |
|    loss                 | 2.17e+04     |
|    n_updates            | 7830         |
|    policy_gradient_loss | -0.00157     |
|    value_loss           | 6.06e+04     |
------------------------------------------
------------------------------------------
| rollout/                |              |
|    ep_len_mean          | 100          |
|    ep_rew_mean          | 1.86e+03     |
| time/                   |              |
|    fps                  | 57           |
|    iterations           | 785          |
|    time_elapsed         | 28089        |
|    total_timesteps      | 1607680      |
| train/                  |              |
|    approx_kl            | 0.0012283789 |
|    clip_fraction        | 9.77e-05     |
|    clip_range           | 0.2          |
|    entropy_loss         | -4.55        |
|    explained_variance   | 0.315        |
|    learning_rate        | 0.0003       |
|    loss                 | 1.72e+04     |
|    n_updates            | 7840         |
|    policy_gradient_loss | -0.00122     |
|    value_loss           | 5.9e+04      |
------------------------------------------
2026-04-18 21:15:00,865 [INFO] DGRL-v7: [AdaptivePenalty] step=1,609,728 | viol_rate=0.047 (target=0.05) | λ_msd: -196.9 → -196.7
------------------------------------------
| rollout/                |              |
|    ep_len_mean          | 100          |
|    ep_rew_mean          | 1.8e+03      |
| time/                   |              |
|    fps                  | 57           |
|    iterations           | 786          |
|    time_elapsed         | 28116        |
|    total_timesteps      | 1609728      |
| train/                  |              |
|    approx_kl            | 0.0011129455 |
|    clip_fraction        | 0.000195     |
|    clip_range           | 0.2          |
|    entropy_loss         | -4.55        |
|    explained_variance   | 0.317        |
|    learning_rate        | 0.0003       |
|    loss                 | 1.6e+04      |
|    n_updates            | 7850         |
|    policy_gradient_loss | 0.000492     |
|    value_loss           | 4.75e+04     |
------------------------------------------
------------------------------------------
| rollout/                |              |
|    ep_len_mean          | 100          |
|    ep_rew_mean          | 1.82e+03     |
| time/                   |              |
|    fps                  | 57           |
|    iterations           | 787          |
|    time_elapsed         | 28151        |
|    total_timesteps      | 1611776      |
| train/                  |              |
|    approx_kl            | 0.0013226296 |
|    clip_fraction        | 0.000342     |
|    clip_range           | 0.2          |
|    entropy_loss         | -4.55        |
|    explained_variance   | 0.327        |
|    learning_rate        | 0.0003       |
|    loss                 | 1.82e+04     |
|    n_updates            | 7860         |
|    policy_gradient_loss | -0.00184     |
|    value_loss           | 5.01e+04     |
------------------------------------------
2026-04-18 21:16:11,484 [INFO] DGRL-v7: [AdaptivePenalty] step=1,613,824 | viol_rate=0.046 (target=0.05) | λ_msd: -196.7 → -196.5
------------------------------------------
| rollout/                |              |
|    ep_len_mean          | 100          |
|    ep_rew_mean          | 1.9e+03      |
| time/                   |              |
|    fps                  | 57           |
|    iterations           | 788          |
|    time_elapsed         | 28187        |
|    total_timesteps      | 1613824      |
| train/                  |              |
|    approx_kl            | 0.0012348704 |
|    clip_fraction        | 0.000391     |
|    clip_range           | 0.2          |
|    entropy_loss         | -4.55        |
|    explained_variance   | 0.335        |
|    learning_rate        | 0.0003       |
|    loss                 | 1.73e+04     |
|    n_updates            | 7870         |
|    policy_gradient_loss | -0.0013      |
|    value_loss           | 4.59e+04     |
------------------------------------------
------------------------------------------
| rollout/                |              |
|    ep_len_mean          | 100          |
|    ep_rew_mean          | 1.91e+03     |
| time/                   |              |
|    fps                  | 57           |
|    iterations           | 789          |
|    time_elapsed         | 28222        |
|    total_timesteps      | 1615872      |
| train/                  |              |
|    approx_kl            | 0.0010919959 |
|    clip_fraction        | 0.000146     |
|    clip_range           | 0.2          |
|    entropy_loss         | -4.55        |
|    explained_variance   | 0.375        |
|    learning_rate        | 0.0003       |
|    loss                 | 1.42e+04     |
|    n_updates            | 7880         |
|    policy_gradient_loss | 0.00035      |
|    value_loss           | 4.81e+04     |
------------------------------------------
2026-04-18 21:17:22,497 [INFO] DGRL-v7: [AdaptivePenalty] step=1,617,920 | viol_rate=0.049 (target=0.05) | λ_msd: -196.5 → -196.5
------------------------------------------
| rollout/                |              |
|    ep_len_mean          | 100          |
|    ep_rew_mean          | 1.84e+03     |
| time/                   |              |
|    fps                  | 57           |
|    iterations           | 790          |
|    time_elapsed         | 28258        |
|    total_timesteps      | 1617920      |
| train/                  |              |
|    approx_kl            | 0.0009924097 |
|    clip_fraction        | 9.77e-05     |
|    clip_range           | 0.2          |
|    entropy_loss         | -4.55        |
|    explained_variance   | 0.39         |
|    learning_rate        | 0.0003       |
|    loss                 | 1.69e+04     |
|    n_updates            | 7890         |
|    policy_gradient_loss | -7.08e-05    |
|    value_loss           | 4.84e+04     |
------------------------------------------
-------------------------------------------
| rollout/                |               |
|    ep_len_mean          | 100           |
|    ep_rew_mean          | 1.9e+03       |
| time/                   |               |
|    fps                  | 57            |
|    iterations           | 791           |
|    time_elapsed         | 28285         |
|    total_timesteps      | 1619968       |
| train/                  |               |
|    approx_kl            | 0.00077760033 |
|    clip_fraction        | 0             |
|    clip_range           | 0.2           |
|    entropy_loss         | -4.55         |
|    explained_variance   | 0.398         |
|    learning_rate        | 0.0003        |
|    loss                 | 1.91e+04      |
|    n_updates            | 7900          |
|    policy_gradient_loss | -0.000809     |
|    value_loss           | 6.14e+04      |
-------------------------------------------
2026-04-18 21:18:23,143 [INFO] DGRL-v7: [AdaptivePenalty] step=1,622,016 | viol_rate=0.045 (target=0.05) | λ_msd: -196.5 → -196.2
------------------------------------------
| rollout/                |              |
|    ep_len_mean          | 100          |
|    ep_rew_mean          | 1.9e+03      |
| time/                   |              |
|    fps                  | 57           |
|    iterations           | 792          |
|    time_elapsed         | 28318        |
|    total_timesteps      | 1622016      |
| train/                  |              |
|    approx_kl            | 0.0011355267 |
|    clip_fraction        | 0.000195     |
|    clip_range           | 0.2          |
|    entropy_loss         | -4.55        |
|    explained_variance   | 0.431        |
|    learning_rate        | 0.0003       |
|    loss                 | 1.98e+04     |
|    n_updates            | 7910         |
|    policy_gradient_loss | 0.000368     |
|    value_loss           | 6.04e+04     |
------------------------------------------
-------------------------------------------
| rollout/                |               |
|    ep_len_mean          | 100           |
|    ep_rew_mean          | 1.9e+03       |
| time/                   |               |
|    fps                  | 57            |
|    iterations           | 793           |
|    time_elapsed         | 28351         |
|    total_timesteps      | 1624064       |
| train/                  |               |
|    approx_kl            | 0.00091931946 |
|    clip_fraction        | 0.000293      |
|    clip_range           | 0.2           |
|    entropy_loss         | -4.55         |
|    explained_variance   | 0.336         |
|    learning_rate        | 0.0003        |
|    loss                 | 1.89e+04      |
|    n_updates            | 7920          |
|    policy_gradient_loss | -0.000421     |
|    value_loss           | 5.25e+04      |
-------------------------------------------
2026-04-18 21:19:30,665 [INFO] DGRL-v7: [AdaptivePenalty] step=1,626,112 | viol_rate=0.043 (target=0.05) | λ_msd: -196.2 → -195.9
------------------------------------------
| rollout/                |              |
|    ep_len_mean          | 100          |
|    ep_rew_mean          | 1.89e+03     |
| time/                   |              |
|    fps                  | 57           |
|    iterations           | 794          |
|    time_elapsed         | 28386        |
|    total_timesteps      | 1626112      |
| train/                  |              |
|    approx_kl            | 0.0010096434 |
|    clip_fraction        | 4.88e-05     |
|    clip_range           | 0.2          |
|    entropy_loss         | -4.55        |
|    explained_variance   | 0.285        |
|    learning_rate        | 0.0003       |
|    loss                 | 2.2e+04      |
|    n_updates            | 7930         |
|    policy_gradient_loss | -0.00032     |
|    value_loss           | 6.23e+04     |
------------------------------------------
------------------------------------------
| rollout/                |              |
|    ep_len_mean          | 100          |
|    ep_rew_mean          | 1.9e+03      |
| time/                   |              |
|    fps                  | 57           |
|    iterations           | 795          |
|    time_elapsed         | 28419        |
|    total_timesteps      | 1628160      |
| train/                  |              |
|    approx_kl            | 0.0009520226 |
|    clip_fraction        | 0.000195     |
|    clip_range           | 0.2          |
|    entropy_loss         | -4.55        |
|    explained_variance   | 0.396        |
|    learning_rate        | 0.0003       |
|    loss                 | 2.43e+04     |
|    n_updates            | 7940         |
|    policy_gradient_loss | 9.87e-05     |
|    value_loss           | 6.67e+04     |
------------------------------------------
2026-04-18 21:20:39,150 [INFO] DGRL-v7: [AdaptivePenalty] step=1,630,208 | viol_rate=0.058 (target=0.05) | λ_msd: -195.9 → -196.2
-------------------------------------------
| rollout/                |               |
|    ep_len_mean          | 100           |
|    ep_rew_mean          | 1.82e+03      |
| time/                   |               |
|    fps                  | 57            |
|    iterations           | 796           |
|    time_elapsed         | 28454         |
|    total_timesteps      | 1630208       |
| train/                  |               |
|    approx_kl            | 0.00089893315 |
|    clip_fraction        | 0.000146      |
|    clip_range           | 0.2           |
|    entropy_loss         | -4.55         |
|    explained_variance   | 0.351         |
|    learning_rate        | 0.0003        |
|    loss                 | 2.51e+04      |
|    n_updates            | 7950          |
|    policy_gradient_loss | -0.000219     |
|    value_loss           | 6.33e+04      |
-------------------------------------------
-------------------------------------------
| rollout/                |               |
|    ep_len_mean          | 100           |
|    ep_rew_mean          | 1.81e+03      |
| time/                   |               |
|    fps                  | 57            |
|    iterations           | 797           |
|    time_elapsed         | 28490         |
|    total_timesteps      | 1632256       |
| train/                  |               |
|    approx_kl            | 0.00086899055 |
|    clip_fraction        | 4.88e-05      |
|    clip_range           | 0.2           |
|    entropy_loss         | -4.55         |
|    explained_variance   | 0.436         |
|    learning_rate        | 0.0003        |
|    loss                 | 2.02e+04      |
|    n_updates            | 7960          |
|    policy_gradient_loss | -0.000702     |
|    value_loss           | 5.65e+04      |
-------------------------------------------
2026-04-18 21:21:47,131 [INFO] DGRL-v7: [AdaptivePenalty] step=1,634,304 | viol_rate=0.050 (target=0.05) | λ_msd: -196.2 → -196.3
-------------------------------------------
| rollout/                |               |
|    ep_len_mean          | 100           |
|    ep_rew_mean          | 1.76e+03      |
| time/                   |               |
|    fps                  | 57            |
|    iterations           | 798           |
|    time_elapsed         | 28522         |
|    total_timesteps      | 1634304       |
| train/                  |               |
|    approx_kl            | 0.00091121503 |
|    clip_fraction        | 9.77e-05      |
|    clip_range           | 0.2           |
|    entropy_loss         | -4.55         |
|    explained_variance   | 0.275         |
|    learning_rate        | 0.0003        |
|    loss                 | 2.38e+04      |
|    n_updates            | 7970          |
|    policy_gradient_loss | 0.000495      |
|    value_loss           | 5.89e+04      |
-------------------------------------------
------------------------------------------
| rollout/                |              |
|    ep_len_mean          | 100          |
|    ep_rew_mean          | 1.78e+03     |
| time/                   |              |
|    fps                  | 57           |
|    iterations           | 799          |
|    time_elapsed         | 28557        |
|    total_timesteps      | 1636352      |
| train/                  |              |
|    approx_kl            | 0.0008502753 |
|    clip_fraction        | 0            |
|    clip_range           | 0.2          |
|    entropy_loss         | -4.55        |
|    explained_variance   | 0.385        |
|    learning_rate        | 0.0003       |
|    loss                 | 1.69e+04     |
|    n_updates            | 7980         |
|    policy_gradient_loss | -0.000312    |
|    value_loss           | 5.21e+04     |
------------------------------------------
2026-04-18 21:22:54,665 [INFO] DGRL-v7: [AdaptivePenalty] step=1,638,400 | viol_rate=0.045 (target=0.05) | λ_msd: -196.3 → -196.0
------------------------------------------
| rollout/                |              |
|    ep_len_mean          | 100          |
|    ep_rew_mean          | 1.88e+03     |
| time/                   |              |
|    fps                  | 57           |
|    iterations           | 800          |
|    time_elapsed         | 28590        |
|    total_timesteps      | 1638400      |
| train/                  |              |
|    approx_kl            | 0.0008902749 |
|    clip_fraction        | 0            |
|    clip_range           | 0.2          |
|    entropy_loss         | -4.55        |
|    explained_variance   | 0.266        |
|    learning_rate        | 0.0003       |
|    loss                 | 2.08e+04     |
|    n_updates            | 7990         |
|    policy_gradient_loss | 4.45e-05     |
|    value_loss           | 5.89e+04     |
------------------------------------------
-------------------------------------------
| rollout/                |               |
|    ep_len_mean          | 100           |
|    ep_rew_mean          | 1.9e+03       |
| time/                   |               |
|    fps                  | 57            |
|    iterations           | 801           |
|    time_elapsed         | 28625         |
|    total_timesteps      | 1640448       |
| train/                  |               |
|    approx_kl            | 0.00087170466 |
|    clip_fraction        | 9.77e-05      |
|    clip_range           | 0.2           |
|    entropy_loss         | -4.55         |
|    explained_variance   | 0.397         |
|    learning_rate        | 0.0003        |
|    loss                 | 1.41e+04      |
|    n_updates            | 8000          |
|    policy_gradient_loss | -1.99e-05     |
|    value_loss           | 4.96e+04      |
-------------------------------------------
2026-04-18 21:24:05,785 [INFO] DGRL-v7: [AdaptivePenalty] step=1,642,496 | viol_rate=0.048 (target=0.05) | λ_msd: -196.0 → -195.9
-------------------------------------------
| rollout/                |               |
|    ep_len_mean          | 100           |
|    ep_rew_mean          | 1.87e+03      |
| time/                   |               |
|    fps                  | 57            |
|    iterations           | 802           |
|    time_elapsed         | 28661         |
|    total_timesteps      | 1642496       |
| train/                  |               |
|    approx_kl            | 0.00083783467 |
|    clip_fraction        | 9.77e-05      |
|    clip_range           | 0.2           |
|    entropy_loss         | -4.55         |
|    explained_variance   | 0.398         |
|    learning_rate        | 0.0003        |
|    loss                 | 2.35e+04      |
|    n_updates            | 8010          |
|    policy_gradient_loss | -0.000483     |
|    value_loss           | 6.03e+04      |
-------------------------------------------
------------------------------------------
| rollout/                |              |
|    ep_len_mean          | 100          |
|    ep_rew_mean          | 1.9e+03      |
| time/                   |              |
|    fps                  | 57           |
|    iterations           | 803          |
|    time_elapsed         | 28696        |
|    total_timesteps      | 1644544      |
| train/                  |              |
|    approx_kl            | 0.0007270939 |
|    clip_fraction        | 0            |
|    clip_range           | 0.2          |
|    entropy_loss         | -4.55        |
|    explained_variance   | 0.376        |
|    learning_rate        | 0.0003       |
|    loss                 | 1.98e+04     |
|    n_updates            | 8020         |
|    policy_gradient_loss | 4.44e-05     |
|    value_loss           | 5.64e+04     |
------------------------------------------
2026-04-18 21:25:15,708 [INFO] DGRL-v7: [AdaptivePenalty] step=1,646,592 | viol_rate=0.051 (target=0.05) | λ_msd: -195.9 → -195.9
------------------------------------------
| rollout/                |              |
|    ep_len_mean          | 100          |
|    ep_rew_mean          | 1.8e+03      |
| time/                   |              |
|    fps                  | 57           |
|    iterations           | 804          |
|    time_elapsed         | 28731        |
|    total_timesteps      | 1646592      |
| train/                  |              |
|    approx_kl            | 0.0010899534 |
|    clip_fraction        | 0.000781     |
|    clip_range           | 0.2          |
|    entropy_loss         | -4.55        |
|    explained_variance   | 0.334        |
|    learning_rate        | 0.0003       |
|    loss                 | 1.77e+04     |
|    n_updates            | 8030         |
|    policy_gradient_loss | -0.000497    |
|    value_loss           | 5.68e+04     |
------------------------------------------
------------------------------------------
| rollout/                |              |
|    ep_len_mean          | 100          |
|    ep_rew_mean          | 1.79e+03     |
| time/                   |              |
|    fps                  | 57           |
|    iterations           | 805          |
|    time_elapsed         | 28765        |
|    total_timesteps      | 1648640      |
| train/                  |              |
|    approx_kl            | 0.0009727875 |
|    clip_fraction        | 0.000195     |
|    clip_range           | 0.2          |
|    entropy_loss         | -4.55        |
|    explained_variance   | 0.326        |
|    learning_rate        | 0.0003       |
|    loss                 | 1.86e+04     |
|    n_updates            | 8040         |
|    policy_gradient_loss | 0.000172     |
|    value_loss           | 6.54e+04     |
------------------------------------------
Eval num_timesteps=1650000, episode_reward=-5225.69 +/- 1561.33
Episode length: 100.00 +/- 0.00
-------------------------------------------
| eval/                   |               |
|    mean_ep_length       | 100           |
|    mean_reward          | -5.23e+03     |
| time/                   |               |
|    total_timesteps      | 1650000       |
| train/                  |               |
|    approx_kl            | 0.00092845276 |
|    clip_fraction        | 0.000244      |
|    clip_range           | 0.2           |
|    entropy_loss         | -4.55         |
|    explained_variance   | 0.419         |
|    learning_rate        | 0.0003        |
|    loss                 | 2.2e+04       |
|    n_updates            | 8050          |
|    policy_gradient_loss | -0.00034      |
|    value_loss           | 4.95e+04      |
-------------------------------------------
2026-04-18 21:27:03,525 [INFO] DGRL-v7: [AdaptivePenalty] step=1,650,688 | viol_rate=0.041 (target=0.05) | λ_msd: -195.9 → -195.5
New best mean reward!
---------------------------------
| rollout/           |          |
|    ep_len_mean     | 100      |
|    ep_rew_mean     | 1.79e+03 |
| time/              |          |
|    fps             | 57       |
|    iterations      | 806      |
|    time_elapsed    | 28839    |
|    total_timesteps | 1650688  |
---------------------------------
-------------------------------------------
| rollout/                |               |
|    ep_len_mean          | 100           |
|    ep_rew_mean          | 1.84e+03      |
| time/                   |               |
|    fps                  | 57            |
|    iterations           | 807           |
|    time_elapsed         | 28874         |
|    total_timesteps      | 1652736       |
| train/                  |               |
|    approx_kl            | 0.00095927616 |
|    clip_fraction        | 4.88e-05      |
|    clip_range           | 0.2           |
|    entropy_loss         | -4.55         |
|    explained_variance   | 0.256         |
|    learning_rate        | 0.0003        |
|    loss                 | 1.87e+04      |
|    n_updates            | 8060          |
|    policy_gradient_loss | 0.000183      |
|    value_loss           | 5.31e+04      |
-------------------------------------------
2026-04-18 21:28:09,032 [INFO] DGRL-v7: [AdaptivePenalty] step=1,654,784 | viol_rate=0.044 (target=0.05) | λ_msd: -195.5 → -195.2
------------------------------------------
| rollout/                |              |
|    ep_len_mean          | 100          |
|    ep_rew_mean          | 1.89e+03     |
| time/                   |              |
|    fps                  | 57           |
|    iterations           | 808          |
|    time_elapsed         | 28904        |
|    total_timesteps      | 1654784      |
| train/                  |              |
|    approx_kl            | 0.0012512857 |
|    clip_fraction        | 0            |
|    clip_range           | 0.2          |
|    entropy_loss         | -4.55        |
|    explained_variance   | 0.391        |
|    learning_rate        | 0.0003       |
|    loss                 | 1.89e+04     |
|    n_updates            | 8070         |
|    policy_gradient_loss | -0.00126     |
|    value_loss           | 5.95e+04     |
------------------------------------------
------------------------------------------
| rollout/                |              |
|    ep_len_mean          | 100          |
|    ep_rew_mean          | 1.97e+03     |
| time/                   |              |
|    fps                  | 57           |
|    iterations           | 809          |
|    time_elapsed         | 28937        |
|    total_timesteps      | 1656832      |
| train/                  |              |
|    approx_kl            | 0.0008861317 |
|    clip_fraction        | 0.000195     |
|    clip_range           | 0.2          |
|    entropy_loss         | -4.55        |
|    explained_variance   | 0.481        |
|    learning_rate        | 0.0003       |
|    loss                 | 1.86e+04     |
|    n_updates            | 8080         |
|    policy_gradient_loss | -0.000116    |
|    value_loss           | 5.42e+04     |
------------------------------------------
2026-04-18 21:29:14,956 [INFO] DGRL-v7: [AdaptivePenalty] step=1,658,880 | viol_rate=0.051 (target=0.05) | λ_msd: -195.2 → -195.2
------------------------------------------
| rollout/                |              |
|    ep_len_mean          | 100          |
|    ep_rew_mean          | 1.87e+03     |
| time/                   |              |
|    fps                  | 57           |
|    iterations           | 810          |
|    time_elapsed         | 28970        |
|    total_timesteps      | 1658880      |
| train/                  |              |
|    approx_kl            | 0.0011551392 |
|    clip_fraction        | 0.000342     |
|    clip_range           | 0.2          |
|    entropy_loss         | -4.55        |
|    explained_variance   | 0.381        |
|    learning_rate        | 0.0003       |
|    loss                 | 1.72e+04     |
|    n_updates            | 8090         |
|    policy_gradient_loss | -0.000552    |
|    value_loss           | 6.04e+04     |
------------------------------------------
-------------------------------------------
| rollout/                |               |
|    ep_len_mean          | 100           |
|    ep_rew_mean          | 1.78e+03      |
| time/                   |               |
|    fps                  | 57            |
|    iterations           | 811           |
|    time_elapsed         | 29006         |
|    total_timesteps      | 1660928       |
| train/                  |               |
|    approx_kl            | 0.00096086785 |
|    clip_fraction        | 0.000488      |
|    clip_range           | 0.2           |
|    entropy_loss         | -4.55         |
|    explained_variance   | 0.365         |
|    learning_rate        | 0.0003        |
|    loss                 | 1.54e+04      |
|    n_updates            | 8100          |
|    policy_gradient_loss | -0.000978     |
|    value_loss           | 4.68e+04      |
-------------------------------------------
2026-04-18 21:30:26,298 [INFO] DGRL-v7: [AdaptivePenalty] step=1,662,976 | viol_rate=0.047 (target=0.05) | λ_msd: -195.2 → -195.1
------------------------------------------
| rollout/                |              |
|    ep_len_mean          | 100          |
|    ep_rew_mean          | 1.8e+03      |
| time/                   |              |
|    fps                  | 57           |
|    iterations           | 812          |
|    time_elapsed         | 29041        |
|    total_timesteps      | 1662976      |
| train/                  |              |
|    approx_kl            | 0.0008982094 |
|    clip_fraction        | 9.77e-05     |
|    clip_range           | 0.2          |
|    entropy_loss         | -4.55        |
|    explained_variance   | 0.448        |
|    learning_rate        | 0.0003       |
|    loss                 | 1.84e+04     |
|    n_updates            | 8110         |
|    policy_gradient_loss | -0.00149     |
|    value_loss           | 4.97e+04     |
------------------------------------------
------------------------------------------
| rollout/                |              |
|    ep_len_mean          | 100          |
|    ep_rew_mean          | 1.76e+03     |
| time/                   |              |
|    fps                  | 57           |
|    iterations           | 813          |
|    time_elapsed         | 29075        |
|    total_timesteps      | 1665024      |
| train/                  |              |
|    approx_kl            | 0.0007961432 |
|    clip_fraction        | 4.88e-05     |
|    clip_range           | 0.2          |
|    entropy_loss         | -4.55        |
|    explained_variance   | 0.385        |
|    learning_rate        | 0.0003       |
|    loss                 | 2.03e+04     |
|    n_updates            | 8120         |
|    policy_gradient_loss | -0.000203    |
|    value_loss           | 5.11e+04     |
------------------------------------------
2026-04-18 21:31:34,810 [INFO] DGRL-v7: [AdaptivePenalty] step=1,667,072 | viol_rate=0.044 (target=0.05) | λ_msd: -195.1 → -194.8
------------------------------------------
| rollout/                |              |
|    ep_len_mean          | 100          |
|    ep_rew_mean          | 1.89e+03     |
| time/                   |              |
|    fps                  | 57           |
|    iterations           | 814          |
|    time_elapsed         | 29110        |
|    total_timesteps      | 1667072      |
| train/                  |              |
|    approx_kl            | 0.0011557019 |
|    clip_fraction        | 0.000244     |
|    clip_range           | 0.2          |
|    entropy_loss         | -4.56        |
|    explained_variance   | 0.378        |
|    learning_rate        | 0.0003       |
|    loss                 | 1.69e+04     |
|    n_updates            | 8130         |
|    policy_gradient_loss | 0.000907     |
|    value_loss           | 5.48e+04     |
------------------------------------------
------------------------------------------
| rollout/                |              |
|    ep_len_mean          | 100          |
|    ep_rew_mean          | 1.86e+03     |
| time/                   |              |
|    fps                  | 57           |
|    iterations           | 815          |
|    time_elapsed         | 29145        |
|    total_timesteps      | 1669120      |
| train/                  |              |
|    approx_kl            | 0.0009531692 |
|    clip_fraction        | 9.77e-05     |
|    clip_range           | 0.2          |
|    entropy_loss         | -4.56        |
|    explained_variance   | 0.411        |
|    learning_rate        | 0.0003       |
|    loss                 | 1.76e+04     |
|    n_updates            | 8140         |
|    policy_gradient_loss | 0.000141     |
|    value_loss           | 4.62e+04     |
------------------------------------------
2026-04-18 21:32:42,600 [INFO] DGRL-v7: [AdaptivePenalty] step=1,671,168 | viol_rate=0.049 (target=0.05) | λ_msd: -194.8 → -194.7
-------------------------------------------
| rollout/                |               |
|    ep_len_mean          | 100           |
|    ep_rew_mean          | 1.92e+03      |
| time/                   |               |
|    fps                  | 57            |
|    iterations           | 816           |
|    time_elapsed         | 29178         |
|    total_timesteps      | 1671168       |
| train/                  |               |
|    approx_kl            | 0.00077459164 |
|    clip_fraction        | 0.000195      |
|    clip_range           | 0.2           |
|    entropy_loss         | -4.56         |
|    explained_variance   | 0.338         |
|    learning_rate        | 0.0003        |
|    loss                 | 2.26e+04      |
|    n_updates            | 8150          |
|    policy_gradient_loss | -0.000117     |
|    value_loss           | 6.57e+04      |
-------------------------------------------
------------------------------------------
| rollout/                |              |
|    ep_len_mean          | 100          |
|    ep_rew_mean          | 1.94e+03     |
| time/                   |              |
|    fps                  | 57           |
|    iterations           | 817          |
|    time_elapsed         | 29214        |
|    total_timesteps      | 1673216      |
| train/                  |              |
|    approx_kl            | 0.0008796808 |
|    clip_fraction        | 0            |
|    clip_range           | 0.2          |
|    entropy_loss         | -4.56        |
|    explained_variance   | 0.31         |
|    learning_rate        | 0.0003       |
|    loss                 | 1.96e+04     |
|    n_updates            | 8160         |
|    policy_gradient_loss | -6.35e-05    |
|    value_loss           | 5.94e+04     |
------------------------------------------
2026-04-18 21:33:48,893 [INFO] DGRL-v7: [AdaptivePenalty] step=1,675,264 | viol_rate=0.045 (target=0.05) | λ_msd: -194.7 → -194.5
-------------------------------------------
| rollout/                |               |
|    ep_len_mean          | 100           |
|    ep_rew_mean          | 1.88e+03      |
| time/                   |               |
|    fps                  | 57            |
|    iterations           | 818           |
|    time_elapsed         | 29244         |
|    total_timesteps      | 1675264       |
| train/                  |               |
|    approx_kl            | 0.00091045233 |
|    clip_fraction        | 9.77e-05      |
|    clip_range           | 0.2           |
|    entropy_loss         | -4.56         |
|    explained_variance   | 0.351         |
|    learning_rate        | 0.0003        |
|    loss                 | 2.1e+04       |
|    n_updates            | 8170          |
|    policy_gradient_loss | 0.000328      |
|    value_loss           | 4.61e+04      |
-------------------------------------------
------------------------------------------
| rollout/                |              |
|    ep_len_mean          | 100          |
|    ep_rew_mean          | 1.81e+03     |
| time/                   |              |
|    fps                  | 57           |
|    iterations           | 819          |
|    time_elapsed         | 29277        |
|    total_timesteps      | 1677312      |
| train/                  |              |
|    approx_kl            | 0.0008336948 |
|    clip_fraction        | 4.88e-05     |
|    clip_range           | 0.2          |
|    entropy_loss         | -4.56        |
|    explained_variance   | 0.375        |
|    learning_rate        | 0.0003       |
|    loss                 | 2.13e+04     |
|    n_updates            | 8180         |
|    policy_gradient_loss | 0.000697     |
|    value_loss           | 5.5e+04      |
------------------------------------------
2026-04-18 21:34:55,404 [INFO] DGRL-v7: [AdaptivePenalty] step=1,679,360 | viol_rate=0.047 (target=0.05) | λ_msd: -194.5 → -194.3
------------------------------------------
| rollout/                |              |
|    ep_len_mean          | 100          |
|    ep_rew_mean          | 1.88e+03     |
| time/                   |              |
|    fps                  | 57           |
|    iterations           | 820          |
|    time_elapsed         | 29311        |
|    total_timesteps      | 1679360      |
| train/                  |              |
|    approx_kl            | 0.0009646956 |
|    clip_fraction        | 4.88e-05     |
|    clip_range           | 0.2          |
|    entropy_loss         | -4.56        |
|    explained_variance   | 0.345        |
|    learning_rate        | 0.0003       |
|    loss                 | 2.1e+04      |
|    n_updates            | 8190         |
|    policy_gradient_loss | 0.000227     |
|    value_loss           | 5.74e+04     |
------------------------------------------
------------------------------------------
| rollout/                |              |
|    ep_len_mean          | 100          |
|    ep_rew_mean          | 1.92e+03     |
| time/                   |              |
|    fps                  | 57           |
|    iterations           | 821          |
|    time_elapsed         | 29344        |
|    total_timesteps      | 1681408      |
| train/                  |              |
|    approx_kl            | 0.0009088623 |
|    clip_fraction        | 0.000195     |
|    clip_range           | 0.2          |
|    entropy_loss         | -4.56        |
|    explained_variance   | 0.465        |
|    learning_rate        | 0.0003       |
|    loss                 | 1.75e+04     |
|    n_updates            | 8200         |
|    policy_gradient_loss | -0.000384    |
|    value_loss           | 4.74e+04     |
------------------------------------------
2026-04-18 21:36:03,981 [INFO] DGRL-v7: [AdaptivePenalty] step=1,683,456 | viol_rate=0.043 (target=0.05) | λ_msd: -194.3 → -193.9
-------------------------------------------
| rollout/                |               |
|    ep_len_mean          | 100           |
|    ep_rew_mean          | 1.94e+03      |
| time/                   |               |
|    fps                  | 57            |
|    iterations           | 822           |
|    time_elapsed         | 29379         |
|    total_timesteps      | 1683456       |
| train/                  |               |
|    approx_kl            | 0.00065924186 |
|    clip_fraction        | 9.77e-05      |
|    clip_range           | 0.2           |
|    entropy_loss         | -4.56         |
|    explained_variance   | 0.434         |
|    learning_rate        | 0.0003        |
|    loss                 | 1.62e+04      |
|    n_updates            | 8210          |
|    policy_gradient_loss | 0.00127       |
|    value_loss           | 4.67e+04      |
-------------------------------------------
------------------------------------------
| rollout/                |              |
|    ep_len_mean          | 100          |
|    ep_rew_mean          | 1.94e+03     |
| time/                   |              |
|    fps                  | 57           |
|    iterations           | 823          |
|    time_elapsed         | 29409        |
|    total_timesteps      | 1685504      |
| train/                  |              |
|    approx_kl            | 0.0012846068 |
|    clip_fraction        | 0.000146     |
|    clip_range           | 0.2          |
|    entropy_loss         | -4.56        |
|    explained_variance   | 0.462        |
|    learning_rate        | 0.0003       |
|    loss                 | 1.65e+04     |
|    n_updates            | 8220         |
|    policy_gradient_loss | -0.00236     |
|    value_loss           | 4.36e+04     |
------------------------------------------
2026-04-18 21:37:07,861 [INFO] DGRL-v7: [AdaptivePenalty] step=1,687,552 | viol_rate=0.047 (target=0.05) | λ_msd: -193.9 → -193.8
------------------------------------------
| rollout/                |              |
|    ep_len_mean          | 100          |
|    ep_rew_mean          | 1.96e+03     |
| time/                   |              |
|    fps                  | 57           |
|    iterations           | 824          |
|    time_elapsed         | 29443        |
|    total_timesteps      | 1687552      |
| train/                  |              |
|    approx_kl            | 0.0007465991 |
|    clip_fraction        | 0            |
|    clip_range           | 0.2          |
|    entropy_loss         | -4.55        |
|    explained_variance   | 0.431        |
|    learning_rate        | 0.0003       |
|    loss                 | 2.12e+04     |
|    n_updates            | 8230         |
|    policy_gradient_loss | -0.000122    |
|    value_loss           | 6e+04        |
------------------------------------------
------------------------------------------
| rollout/                |              |
|    ep_len_mean          | 100          |
|    ep_rew_mean          | 1.95e+03     |
| time/                   |              |
|    fps                  | 57           |
|    iterations           | 825          |
|    time_elapsed         | 29476        |
|    total_timesteps      | 1689600      |
| train/                  |              |
|    approx_kl            | 0.0008860386 |
|    clip_fraction        | 9.77e-05     |
|    clip_range           | 0.2          |
|    entropy_loss         | -4.55        |
|    explained_variance   | 0.349        |
|    learning_rate        | 0.0003       |
|    loss                 | 1.86e+04     |
|    n_updates            | 8240         |
|    policy_gradient_loss | 0.000397     |
|    value_loss           | 5.56e+04     |
------------------------------------------
2026-04-18 21:38:16,346 [INFO] DGRL-v7: [AdaptivePenalty] step=1,691,648 | viol_rate=0.049 (target=0.05) | λ_msd: -193.8 → -193.8
-------------------------------------------
| rollout/                |               |
|    ep_len_mean          | 100           |
|    ep_rew_mean          | 1.85e+03      |
| time/                   |               |
|    fps                  | 57            |
|    iterations           | 826           |
|    time_elapsed         | 29512         |
|    total_timesteps      | 1691648       |
| train/                  |               |
|    approx_kl            | 0.00097014953 |
|    clip_fraction        | 0.000195      |
|    clip_range           | 0.2           |
|    entropy_loss         | -4.56         |
|    explained_variance   | 0.407         |
|    learning_rate        | 0.0003        |
|    loss                 | 1.64e+04      |
|    n_updates            | 8250          |
|    policy_gradient_loss | -0.000469     |
|    value_loss           | 4.67e+04      |
-------------------------------------------
-----------------------------------------
| rollout/                |             |
|    ep_len_mean          | 100         |
|    ep_rew_mean          | 1.79e+03    |
| time/                   |             |
|    fps                  | 57          |
|    iterations           | 827         |
|    time_elapsed         | 29548       |
|    total_timesteps      | 1693696     |
| train/                  |             |
|    approx_kl            | 0.001364875 |
|    clip_fraction        | 0.000439    |
|    clip_range           | 0.2         |
|    entropy_loss         | -4.55       |
|    explained_variance   | 0.375       |
|    learning_rate        | 0.0003      |
|    loss                 | 1.79e+04    |
|    n_updates            | 8260        |
|    policy_gradient_loss | -0.000447   |
|    value_loss           | 5.12e+04    |
-----------------------------------------
2026-04-18 21:39:23,645 [INFO] DGRL-v7: [AdaptivePenalty] step=1,695,744 | viol_rate=0.044 (target=0.05) | λ_msd: -193.8 → -193.5
------------------------------------------
| rollout/                |              |
|    ep_len_mean          | 100          |
|    ep_rew_mean          | 1.88e+03     |
| time/                   |              |
|    fps                  | 57           |
|    iterations           | 828          |
|    time_elapsed         | 29579        |
|    total_timesteps      | 1695744      |
| train/                  |              |
|    approx_kl            | 0.0014236671 |
|    clip_fraction        | 0.000879     |
|    clip_range           | 0.2          |
|    entropy_loss         | -4.56        |
|    explained_variance   | 0.291        |
|    learning_rate        | 0.0003       |
|    loss                 | 1.89e+04     |
|    n_updates            | 8270         |
|    policy_gradient_loss | 0.00043      |
|    value_loss           | 6.33e+04     |
------------------------------------------
------------------------------------------
| rollout/                |              |
|    ep_len_mean          | 100          |
|    ep_rew_mean          | 1.79e+03     |
| time/                   |              |
|    fps                  | 57           |
|    iterations           | 829          |
|    time_elapsed         | 29612        |
|    total_timesteps      | 1697792      |
| train/                  |              |
|    approx_kl            | 0.0012019968 |
|    clip_fraction        | 0.000684     |
|    clip_range           | 0.2          |
|    entropy_loss         | -4.56        |
|    explained_variance   | 0.378        |
|    learning_rate        | 0.0003       |
|    loss                 | 2e+04        |
|    n_updates            | 8280         |
|    policy_gradient_loss | -0.00109     |
|    value_loss           | 5.28e+04     |
------------------------------------------
2026-04-18 21:40:24,252 [INFO] DGRL-v7: [AdaptivePenalty] step=1,699,840 | viol_rate=0.052 (target=0.05) | λ_msd: -193.5 → -193.6
------------------------------------------
| rollout/                |              |
|    ep_len_mean          | 100          |
|    ep_rew_mean          | 1.77e+03     |
| time/                   |              |
|    fps                  | 57           |
|    iterations           | 830          |
|    time_elapsed         | 29639        |
|    total_timesteps      | 1699840      |
| train/                  |              |
|    approx_kl            | 0.0011045269 |
|    clip_fraction        | 0.000195     |
|    clip_range           | 0.2          |
|    entropy_loss         | -4.55        |
|    explained_variance   | 0.416        |
|    learning_rate        | 0.0003       |
|    loss                 | 1.5e+04      |
|    n_updates            | 8290         |
|    policy_gradient_loss | -0.000949    |
|    value_loss           | 5.02e+04     |
------------------------------------------
Eval num_timesteps=1700000, episode_reward=-10699.93 +/- 2753.55
Episode length: 100.00 +/- 0.00
------------------------------------------
| eval/                   |              |
|    mean_ep_length       | 100          |
|    mean_reward          | -1.07e+04    |
| time/                   |              |
|    total_timesteps      | 1700000      |
| train/                  |              |
|    approx_kl            | 0.0013886022 |
|    clip_fraction        | 0.000146     |
|    clip_range           | 0.2          |
|    entropy_loss         | -4.55        |
|    explained_variance   | 0.217        |
|    learning_rate        | 0.0003       |
|    loss                 | 1.69e+04     |
|    n_updates            | 8300         |
|    policy_gradient_loss | -0.000576    |
|    value_loss           | 5.82e+04     |
------------------------------------------
---------------------------------
| rollout/           |          |
|    ep_len_mean     | 100      |
|    ep_rew_mean     | 1.74e+03 |
| time/              |          |
|    fps             | 57       |
|    iterations      | 831      |
|    time_elapsed    | 29717    |
|    total_timesteps | 1701888  |
---------------------------------
2026-04-18 21:42:15,612 [INFO] DGRL-v7: [AdaptivePenalty] step=1,703,936 | viol_rate=0.046 (target=0.05) | λ_msd: -193.6 → -193.4
------------------------------------------
| rollout/                |              |
|    ep_len_mean          | 100          |
|    ep_rew_mean          | 1.79e+03     |
| time/                   |              |
|    fps                  | 57           |
|    iterations           | 832          |
|    time_elapsed         | 29751        |
|    total_timesteps      | 1703936      |
| train/                  |              |
|    approx_kl            | 0.0008588086 |
|    clip_fraction        | 4.88e-05     |
|    clip_range           | 0.2          |
|    entropy_loss         | -4.55        |
|    explained_variance   | 0.384        |
|    learning_rate        | 0.0003       |
|    loss                 | 1.82e+04     |
|    n_updates            | 8310         |
|    policy_gradient_loss | -0.000732    |
|    value_loss           | 5.17e+04     |
------------------------------------------
------------------------------------------
| rollout/                |              |
|    ep_len_mean          | 100          |
|    ep_rew_mean          | 1.76e+03     |
| time/                   |              |
|    fps                  | 57           |
|    iterations           | 833          |
|    time_elapsed         | 29785        |
|    total_timesteps      | 1705984      |
| train/                  |              |
|    approx_kl            | 0.0012067471 |
|    clip_fraction        | 0.000195     |
|    clip_range           | 0.2          |
|    entropy_loss         | -4.55        |
|    explained_variance   | 0.498        |
|    learning_rate        | 0.0003       |
|    loss                 | 1.44e+04     |
|    n_updates            | 8320         |
|    policy_gradient_loss | -0.00117     |
|    value_loss           | 4.69e+04     |
------------------------------------------
2026-04-18 21:43:23,019 [INFO] DGRL-v7: [AdaptivePenalty] step=1,708,032 | viol_rate=0.047 (target=0.05) | λ_msd: -193.4 → -193.2
------------------------------------------
| rollout/                |              |
|    ep_len_mean          | 100          |
|    ep_rew_mean          | 1.79e+03     |
| time/                   |              |
|    fps                  | 57           |
|    iterations           | 834          |
|    time_elapsed         | 29818        |
|    total_timesteps      | 1708032      |
| train/                  |              |
|    approx_kl            | 0.0010538122 |
|    clip_fraction        | 0.000342     |
|    clip_range           | 0.2          |
|    entropy_loss         | -4.55        |
|    explained_variance   | 0.409        |
|    learning_rate        | 0.0003       |
|    loss                 | 1.29e+04     |
|    n_updates            | 8330         |
|    policy_gradient_loss | 0.00054      |
|    value_loss           | 5.07e+04     |
------------------------------------------
-----------------------------------------
| rollout/                |             |
|    ep_len_mean          | 100         |
|    ep_rew_mean          | 1.85e+03    |
| time/                   |             |
|    fps                  | 57          |
|    iterations           | 835         |
|    time_elapsed         | 29851       |
|    total_timesteps      | 1710080     |
| train/                  |             |
|    approx_kl            | 0.001100017 |
|    clip_fraction        | 0.000195    |
|    clip_range           | 0.2         |
|    entropy_loss         | -4.55       |
|    explained_variance   | 0.413       |
|    learning_rate        | 0.0003      |
|    loss                 | 1.48e+04    |
|    n_updates            | 8340        |
|    policy_gradient_loss | 7.92e-05    |
|    value_loss           | 5.78e+04    |
-----------------------------------------
2026-04-18 21:44:25,670 [INFO] DGRL-v7: [AdaptivePenalty] step=1,712,128 | viol_rate=0.046 (target=0.05) | λ_msd: -193.2 → -193.0
------------------------------------------
| rollout/                |              |
|    ep_len_mean          | 100          |
|    ep_rew_mean          | 1.85e+03     |
| time/                   |              |
|    fps                  | 57           |
|    iterations           | 836          |
|    time_elapsed         | 29881        |
|    total_timesteps      | 1712128      |
| train/                  |              |
|    approx_kl            | 0.0013852301 |
|    clip_fraction        | 4.88e-05     |
|    clip_range           | 0.2          |
|    entropy_loss         | -4.56        |
|    explained_variance   | 0.372        |
|    learning_rate        | 0.0003       |
|    loss                 | 1.75e+04     |
|    n_updates            | 8350         |
|    policy_gradient_loss | -0.000954    |
|    value_loss           | 5.63e+04     |
------------------------------------------
-------------------------------------------
| rollout/                |               |
|    ep_len_mean          | 100           |
|    ep_rew_mean          | 1.79e+03      |
| time/                   |               |
|    fps                  | 57            |
|    iterations           | 837           |
|    time_elapsed         | 29913         |
|    total_timesteps      | 1714176       |
| train/                  |               |
|    approx_kl            | 0.00081342016 |
|    clip_fraction        | 4.88e-05      |
|    clip_range           | 0.2           |
|    entropy_loss         | -4.56         |
|    explained_variance   | 0.396         |
|    learning_rate        | 0.0003        |
|    loss                 | 2.16e+04      |
|    n_updates            | 8360          |
|    policy_gradient_loss | 0.000436      |
|    value_loss           | 6.25e+04      |
-------------------------------------------
2026-04-18 21:45:30,604 [INFO] DGRL-v7: [AdaptivePenalty] step=1,716,224 | viol_rate=0.052 (target=0.05) | λ_msd: -193.0 → -193.1
------------------------------------------
| rollout/                |              |
|    ep_len_mean          | 100          |
|    ep_rew_mean          | 1.75e+03     |
| time/                   |              |
|    fps                  | 57           |
|    iterations           | 838          |
|    time_elapsed         | 29946        |
|    total_timesteps      | 1716224      |
| train/                  |              |
|    approx_kl            | 0.0015546022 |
|    clip_fraction        | 0.00151      |
|    clip_range           | 0.2          |
|    entropy_loss         | -4.55        |
|    explained_variance   | 0.281        |
|    learning_rate        | 0.0003       |
|    loss                 | 1.83e+04     |
|    n_updates            | 8370         |
|    policy_gradient_loss | 0.000194     |
|    value_loss           | 6.26e+04     |
------------------------------------------
------------------------------------------
| rollout/                |              |
|    ep_len_mean          | 100          |
|    ep_rew_mean          | 1.79e+03     |
| time/                   |              |
|    fps                  | 57           |
|    iterations           | 839          |
|    time_elapsed         | 29979        |
|    total_timesteps      | 1718272      |
| train/                  |              |
|    approx_kl            | 0.0010892504 |
|    clip_fraction        | 0.000439     |
|    clip_range           | 0.2          |
|    entropy_loss         | -4.55        |
|    explained_variance   | 0.295        |
|    learning_rate        | 0.0003       |
|    loss                 | 1.87e+04     |
|    n_updates            | 8380         |
|    policy_gradient_loss | -0.000451    |
|    value_loss           | 5.39e+04     |
------------------------------------------
2026-04-18 21:46:39,630 [INFO] DGRL-v7: [AdaptivePenalty] step=1,720,320 | viol_rate=0.049 (target=0.05) | λ_msd: -193.1 → -193.1
------------------------------------------
| rollout/                |              |
|    ep_len_mean          | 100          |
|    ep_rew_mean          | 1.75e+03     |
| time/                   |              |
|    fps                  | 57           |
|    iterations           | 840          |
|    time_elapsed         | 30015        |
|    total_timesteps      | 1720320      |
| train/                  |              |
|    approx_kl            | 0.0010024111 |
|    clip_fraction        | 0.000195     |
|    clip_range           | 0.2          |
|    entropy_loss         | -4.55        |
|    explained_variance   | 0.255        |
|    learning_rate        | 0.0003       |
|    loss                 | 2.67e+04     |
|    n_updates            | 8390         |
|    policy_gradient_loss | -0.000319    |
|    value_loss           | 5.77e+04     |
------------------------------------------
------------------------------------------
| rollout/                |              |
|    ep_len_mean          | 100          |
|    ep_rew_mean          | 1.8e+03      |
| time/                   |              |
|    fps                  | 57           |
|    iterations           | 841          |
|    time_elapsed         | 30050        |
|    total_timesteps      | 1722368      |
| train/                  |              |
|    approx_kl            | 0.0013201494 |
|    clip_fraction        | 0.000293     |
|    clip_range           | 0.2          |
|    entropy_loss         | -4.56        |
|    explained_variance   | 0.313        |
|    learning_rate        | 0.0003       |
|    loss                 | 1.56e+04     |
|    n_updates            | 8400         |
|    policy_gradient_loss | -0.000649    |
|    value_loss           | 5.8e+04      |
------------------------------------------
2026-04-18 21:47:50,249 [INFO] DGRL-v7: [AdaptivePenalty] step=1,724,416 | viol_rate=0.040 (target=0.05) | λ_msd: -193.1 → -192.6
------------------------------------------
| rollout/                |              |
|    ep_len_mean          | 100          |
|    ep_rew_mean          | 1.88e+03     |
| time/                   |              |
|    fps                  | 57           |
|    iterations           | 842          |
|    time_elapsed         | 30085        |
|    total_timesteps      | 1724416      |
| train/                  |              |
|    approx_kl            | 0.0010724266 |
|    clip_fraction        | 0            |
|    clip_range           | 0.2          |
|    entropy_loss         | -4.56        |
|    explained_variance   | 0.423        |
|    learning_rate        | 0.0003       |
|    loss                 | 1.98e+04     |
|    n_updates            | 8410         |
|    policy_gradient_loss | 0.000823     |
|    value_loss           | 6.21e+04     |
------------------------------------------
------------------------------------------
| rollout/                |              |
|    ep_len_mean          | 100          |
|    ep_rew_mean          | 1.83e+03     |
| time/                   |              |
|    fps                  | 57           |
|    iterations           | 843          |
|    time_elapsed         | 30118        |
|    total_timesteps      | 1726464      |
| train/                  |              |
|    approx_kl            | 0.0010090219 |
|    clip_fraction        | 0.000195     |
|    clip_range           | 0.2          |
|    entropy_loss         | -4.55        |
|    explained_variance   | 0.208        |
|    learning_rate        | 0.0003       |
|    loss                 | 1.78e+04     |
|    n_updates            | 8420         |
|    policy_gradient_loss | 0.000107     |
|    value_loss           | 5.35e+04     |
------------------------------------------
2026-04-18 21:48:55,815 [INFO] DGRL-v7: [AdaptivePenalty] step=1,728,512 | viol_rate=0.052 (target=0.05) | λ_msd: -192.6 → -192.7
-------------------------------------------
| rollout/                |               |
|    ep_len_mean          | 100           |
|    ep_rew_mean          | 1.87e+03      |
| time/                   |               |
|    fps                  | 57            |
|    iterations           | 844           |
|    time_elapsed         | 30151         |
|    total_timesteps      | 1728512       |
| train/                  |               |
|    approx_kl            | 0.00085364236 |
|    clip_fraction        | 9.77e-05      |
|    clip_range           | 0.2           |
|    entropy_loss         | -4.55         |
|    explained_variance   | 0.444         |
|    learning_rate        | 0.0003        |
|    loss                 | 1.74e+04      |
|    n_updates            | 8430          |
|    policy_gradient_loss | 0.0004        |
|    value_loss           | 5.56e+04      |
-------------------------------------------
------------------------------------------
| rollout/                |              |
|    ep_len_mean          | 100          |
|    ep_rew_mean          | 1.92e+03     |
| time/                   |              |
|    fps                  | 57           |
|    iterations           | 845          |
|    time_elapsed         | 30186        |
|    total_timesteps      | 1730560      |
| train/                  |              |
|    approx_kl            | 0.0009421145 |
|    clip_fraction        | 0.000244     |
|    clip_range           | 0.2          |
|    entropy_loss         | -4.55        |
|    explained_variance   | 0.326        |
|    learning_rate        | 0.0003       |
|    loss                 | 2.16e+04     |
|    n_updates            | 8440         |
|    policy_gradient_loss | 0.000122     |
|    value_loss           | 5.44e+04     |
------------------------------------------
2026-04-18 21:50:09,568 [INFO] DGRL-v7: [AdaptivePenalty] step=1,732,608 | viol_rate=0.044 (target=0.05) | λ_msd: -192.7 → -192.4
-------------------------------------------
| rollout/                |               |
|    ep_len_mean          | 100           |
|    ep_rew_mean          | 1.92e+03      |
| time/                   |               |
|    fps                  | 57            |
|    iterations           | 846           |
|    time_elapsed         | 30225         |
|    total_timesteps      | 1732608       |
| train/                  |               |
|    approx_kl            | 0.00078368554 |
|    clip_fraction        | 0.000195      |
|    clip_range           | 0.2           |
|    entropy_loss         | -4.55         |
|    explained_variance   | 0.475         |
|    learning_rate        | 0.0003        |
|    loss                 | 1.89e+04      |
|    n_updates            | 8450          |
|    policy_gradient_loss | 0.000554      |
|    value_loss           | 4.46e+04      |
-------------------------------------------
------------------------------------------
| rollout/                |              |
|    ep_len_mean          | 100          |
|    ep_rew_mean          | 1.94e+03     |
| time/                   |              |
|    fps                  | 57           |
|    iterations           | 847          |
|    time_elapsed         | 30259        |
|    total_timesteps      | 1734656      |
| train/                  |              |
|    approx_kl            | 0.0009566839 |
|    clip_fraction        | 9.77e-05     |
|    clip_range           | 0.2          |
|    entropy_loss         | -4.56        |
|    explained_variance   | 0.365        |
|    learning_rate        | 0.0003       |
|    loss                 | 2.12e+04     |
|    n_updates            | 8460         |
|    policy_gradient_loss | -0.000296    |
|    value_loss           | 5.4e+04      |
------------------------------------------
2026-04-18 21:51:15,938 [INFO] DGRL-v7: [AdaptivePenalty] step=1,736,704 | viol_rate=0.044 (target=0.05) | λ_msd: -192.4 → -192.1
------------------------------------------
| rollout/                |              |
|    ep_len_mean          | 100          |
|    ep_rew_mean          | 1.96e+03     |
| time/                   |              |
|    fps                  | 57           |
|    iterations           | 848          |
|    time_elapsed         | 30291        |
|    total_timesteps      | 1736704      |
| train/                  |              |
|    approx_kl            | 0.0010344321 |
|    clip_fraction        | 0            |
|    clip_range           | 0.2          |
|    entropy_loss         | -4.56        |
|    explained_variance   | 0.439        |
|    learning_rate        | 0.0003       |
|    loss                 | 2.01e+04     |
|    n_updates            | 8470         |
|    policy_gradient_loss | -0.000133    |
|    value_loss           | 5.2e+04      |
------------------------------------------
------------------------------------------
| rollout/                |              |
|    ep_len_mean          | 100          |
|    ep_rew_mean          | 1.93e+03     |
| time/                   |              |
|    fps                  | 57           |
|    iterations           | 849          |
|    time_elapsed         | 30325        |
|    total_timesteps      | 1738752      |
| train/                  |              |
|    approx_kl            | 0.0008323792 |
|    clip_fraction        | 9.77e-05     |
|    clip_range           | 0.2          |
|    entropy_loss         | -4.55        |
|    explained_variance   | 0.421        |
|    learning_rate        | 0.0003       |
|    loss                 | 2.01e+04     |
|    n_updates            | 8480         |
|    policy_gradient_loss | -0.000786    |
|    value_loss           | 5.78e+04     |
------------------------------------------
2026-04-18 21:52:23,350 [INFO] DGRL-v7: [AdaptivePenalty] step=1,740,800 | viol_rate=0.048 (target=0.05) | λ_msd: -192.1 → -192.0
------------------------------------------
| rollout/                |              |
|    ep_len_mean          | 100          |
|    ep_rew_mean          | 1.94e+03     |
| time/                   |              |
|    fps                  | 57           |
|    iterations           | 850          |
|    time_elapsed         | 30359        |
|    total_timesteps      | 1740800      |
| train/                  |              |
|    approx_kl            | 0.0014491008 |
|    clip_fraction        | 0.000244     |
|    clip_range           | 0.2          |
|    entropy_loss         | -4.55        |
|    explained_variance   | 0.348        |
|    learning_rate        | 0.0003       |
|    loss                 | 1.78e+04     |
|    n_updates            | 8490         |
|    policy_gradient_loss | -0.000951    |
|    value_loss           | 5.85e+04     |
------------------------------------------
------------------------------------------
| rollout/                |              |
|    ep_len_mean          | 100          |
|    ep_rew_mean          | 1.9e+03      |
| time/                   |              |
|    fps                  | 57           |
|    iterations           | 851          |
|    time_elapsed         | 30394        |
|    total_timesteps      | 1742848      |
| train/                  |              |
|    approx_kl            | 0.0009284018 |
|    clip_fraction        | 9.77e-05     |
|    clip_range           | 0.2          |
|    entropy_loss         | -4.55        |
|    explained_variance   | 0.398        |
|    learning_rate        | 0.0003       |
|    loss                 | 1.73e+04     |
|    n_updates            | 8500         |
|    policy_gradient_loss | 0.000352     |
|    value_loss           | 4.85e+04     |
------------------------------------------
2026-04-18 21:53:34,393 [INFO] DGRL-v7: [AdaptivePenalty] step=1,744,896 | viol_rate=0.049 (target=0.05) | λ_msd: -192.0 → -191.9
-----------------------------------------
| rollout/                |             |
|    ep_len_mean          | 100         |
|    ep_rew_mean          | 1.84e+03    |
| time/                   |             |
|    fps                  | 57          |
|    iterations           | 852         |
|    time_elapsed         | 30430       |
|    total_timesteps      | 1744896     |
| train/                  |             |
|    approx_kl            | 0.001049167 |
|    clip_fraction        | 0.000244    |
|    clip_range           | 0.2         |
|    entropy_loss         | -4.56       |
|    explained_variance   | 0.37        |
|    learning_rate        | 0.0003      |
|    loss                 | 2.47e+04    |
|    n_updates            | 8510        |
|    policy_gradient_loss | 0.000164    |
|    value_loss           | 5.71e+04    |
-----------------------------------------
------------------------------------------
| rollout/                |              |
|    ep_len_mean          | 100          |
|    ep_rew_mean          | 1.85e+03     |
| time/                   |              |
|    fps                  | 57           |
|    iterations           | 853          |
|    time_elapsed         | 30463        |
|    total_timesteps      | 1746944      |
| train/                  |              |
|    approx_kl            | 0.0009114899 |
|    clip_fraction        | 4.88e-05     |
|    clip_range           | 0.2          |
|    entropy_loss         | -4.55        |
|    explained_variance   | 0.425        |
|    learning_rate        | 0.0003       |
|    loss                 | 1.61e+04     |
|    n_updates            | 8520         |
|    policy_gradient_loss | -0.000241    |
|    value_loss           | 5.17e+04     |
------------------------------------------
2026-04-18 21:54:39,874 [INFO] DGRL-v7: [AdaptivePenalty] step=1,748,992 | viol_rate=0.044 (target=0.05) | λ_msd: -191.9 → -191.6
------------------------------------------
| rollout/                |              |
|    ep_len_mean          | 100          |
|    ep_rew_mean          | 1.81e+03     |
| time/                   |              |
|    fps                  | 57           |
|    iterations           | 854          |
|    time_elapsed         | 30495        |
|    total_timesteps      | 1748992      |
| train/                  |              |
|    approx_kl            | 0.0012157653 |
|    clip_fraction        | 0.000488     |
|    clip_range           | 0.2          |
|    entropy_loss         | -4.56        |
|    explained_variance   | 0.446        |
|    learning_rate        | 0.0003       |
|    loss                 | 1.64e+04     |
|    n_updates            | 8530         |
|    policy_gradient_loss | -0.000518    |
|    value_loss           | 4.84e+04     |
------------------------------------------
Eval num_timesteps=1750000, episode_reward=-11967.97 +/- 3021.78
Episode length: 100.00 +/- 0.00
------------------------------------------
| eval/                   |              |
|    mean_ep_length       | 100          |
|    mean_reward          | -1.2e+04     |
| time/                   |              |
|    total_timesteps      | 1750000      |
| train/                  |              |
|    approx_kl            | 0.0010747233 |
|    clip_fraction        | 0.000391     |
|    clip_range           | 0.2          |
|    entropy_loss         | -4.55        |
|    explained_variance   | 0.429        |
|    learning_rate        | 0.0003       |
|    loss                 | 1.74e+04     |
|    n_updates            | 8540         |
|    policy_gradient_loss | 0.000581     |
|    value_loss           | 5.79e+04     |
------------------------------------------
---------------------------------
| rollout/           |          |
|    ep_len_mean     | 100      |
|    ep_rew_mean     | 1.83e+03 |
| time/              |          |
|    fps             | 57       |
|    iterations      | 855      |
|    time_elapsed    | 30562    |
|    total_timesteps | 1751040  |
---------------------------------
2026-04-18 21:56:21,274 [INFO] DGRL-v7: [AdaptivePenalty] step=1,753,088 | viol_rate=0.041 (target=0.05) | λ_msd: -191.6 → -191.2
------------------------------------------
| rollout/                |              |
|    ep_len_mean          | 100          |
|    ep_rew_mean          | 1.9e+03      |
| time/                   |              |
|    fps                  | 57           |
|    iterations           | 856          |
|    time_elapsed         | 30596        |
|    total_timesteps      | 1753088      |
| train/                  |              |
|    approx_kl            | 0.0007815494 |
|    clip_fraction        | 0.000293     |
|    clip_range           | 0.2          |
|    entropy_loss         | -4.55        |
|    explained_variance   | 0.401        |
|    learning_rate        | 0.0003       |
|    loss                 | 1.85e+04     |
|    n_updates            | 8550         |
|    policy_gradient_loss | 0.000714     |
|    value_loss           | 4.87e+04     |
------------------------------------------
------------------------------------------
| rollout/                |              |
|    ep_len_mean          | 100          |
|    ep_rew_mean          | 1.86e+03     |
| time/                   |              |
|    fps                  | 57           |
|    iterations           | 857          |
|    time_elapsed         | 30628        |
|    total_timesteps      | 1755136      |
| train/                  |              |
|    approx_kl            | 0.0010779826 |
|    clip_fraction        | 0.000195     |
|    clip_range           | 0.2          |
|    entropy_loss         | -4.55        |
|    explained_variance   | 0.404        |
|    learning_rate        | 0.0003       |
|    loss                 | 1.45e+04     |
|    n_updates            | 8560         |
|    policy_gradient_loss | -0.000241    |
|    value_loss           | 4.55e+04     |
------------------------------------------
2026-04-18 21:57:26,782 [INFO] DGRL-v7: [AdaptivePenalty] step=1,757,184 | viol_rate=0.049 (target=0.05) | λ_msd: -191.2 → -191.2
------------------------------------------
| rollout/                |              |
|    ep_len_mean          | 100          |
|    ep_rew_mean          | 1.92e+03     |
| time/                   |              |
|    fps                  | 57           |
|    iterations           | 858          |
|    time_elapsed         | 30662        |
|    total_timesteps      | 1757184      |
| train/                  |              |
|    approx_kl            | 0.0010678328 |
|    clip_fraction        | 9.77e-05     |
|    clip_range           | 0.2          |
|    entropy_loss         | -4.56        |
|    explained_variance   | 0.288        |
|    learning_rate        | 0.0003       |
|    loss                 | 2.07e+04     |
|    n_updates            | 8570         |
|    policy_gradient_loss | -0.000168    |
|    value_loss           | 6.47e+04     |
------------------------------------------
------------------------------------------
| rollout/                |              |
|    ep_len_mean          | 100          |
|    ep_rew_mean          | 1.97e+03     |
| time/                   |              |
|    fps                  | 57           |
|    iterations           | 859          |
|    time_elapsed         | 30695        |
|    total_timesteps      | 1759232      |
| train/                  |              |
|    approx_kl            | 0.0010594815 |
|    clip_fraction        | 0.000146     |
|    clip_range           | 0.2          |
|    entropy_loss         | -4.56        |
|    explained_variance   | 0.382        |
|    learning_rate        | 0.0003       |
|    loss                 | 1.57e+04     |
|    n_updates            | 8580         |
|    policy_gradient_loss | -0.000443    |
|    value_loss           | 5.14e+04     |
------------------------------------------
2026-04-18 21:58:35,264 [INFO] DGRL-v7: [AdaptivePenalty] step=1,761,280 | viol_rate=0.041 (target=0.05) | λ_msd: -191.2 → -190.7
------------------------------------------
| rollout/                |              |
|    ep_len_mean          | 100          |
|    ep_rew_mean          | 1.97e+03     |
| time/                   |              |
|    fps                  | 57           |
|    iterations           | 860          |
|    time_elapsed         | 30730        |
|    total_timesteps      | 1761280      |
| train/                  |              |
|    approx_kl            | 0.0011743564 |
|    clip_fraction        | 0.000195     |
|    clip_range           | 0.2          |
|    entropy_loss         | -4.56        |
|    explained_variance   | 0.404        |
|    learning_rate        | 0.0003       |
|    loss                 | 1.35e+04     |
|    n_updates            | 8590         |
|    policy_gradient_loss | -0.00163     |
|    value_loss           | 4.64e+04     |
------------------------------------------
-------------------------------------------
| rollout/                |               |
|    ep_len_mean          | 100           |
|    ep_rew_mean          | 1.98e+03      |
| time/                   |               |
|    fps                  | 57            |
|    iterations           | 861           |
|    time_elapsed         | 30766         |
|    total_timesteps      | 1763328       |
| train/                  |               |
|    approx_kl            | 0.00078507594 |
|    clip_fraction        | 0.000146      |
|    clip_range           | 0.2           |
|    entropy_loss         | -4.56         |
|    explained_variance   | 0.406         |
|    learning_rate        | 0.0003        |
|    loss                 | 1.84e+04      |
|    n_updates            | 8600          |
|    policy_gradient_loss | -0.000395     |
|    value_loss           | 5.65e+04      |
-------------------------------------------
2026-04-18 21:59:46,596 [INFO] DGRL-v7: [AdaptivePenalty] step=1,765,376 | viol_rate=0.044 (target=0.05) | λ_msd: -190.7 → -190.4
-------------------------------------------
| rollout/                |               |
|    ep_len_mean          | 100           |
|    ep_rew_mean          | 2.03e+03      |
| time/                   |               |
|    fps                  | 57            |
|    iterations           | 862           |
|    time_elapsed         | 30802         |
|    total_timesteps      | 1765376       |
| train/                  |               |
|    approx_kl            | 0.00086419785 |
|    clip_fraction        | 0.000342      |
|    clip_range           | 0.2           |
|    entropy_loss         | -4.56         |
|    explained_variance   | 0.389         |
|    learning_rate        | 0.0003        |
|    loss                 | 1.58e+04      |
|    n_updates            | 8610          |
|    policy_gradient_loss | -0.000537     |
|    value_loss           | 5.51e+04      |
-------------------------------------------
-------------------------------------------
| rollout/                |               |
|    ep_len_mean          | 100           |
|    ep_rew_mean          | 2e+03         |
| time/                   |               |
|    fps                  | 57            |
|    iterations           | 863           |
|    time_elapsed         | 30839         |
|    total_timesteps      | 1767424       |
| train/                  |               |
|    approx_kl            | 0.00067230884 |
|    clip_fraction        | 0             |
|    clip_range           | 0.2           |
|    entropy_loss         | -4.56         |
|    explained_variance   | 0.426         |
|    learning_rate        | 0.0003        |
|    loss                 | 1.61e+04      |
|    n_updates            | 8620          |
|    policy_gradient_loss | -0.000756     |
|    value_loss           | 4.81e+04      |
-------------------------------------------
2026-04-18 22:00:49,016 [INFO] DGRL-v7: [AdaptivePenalty] step=1,769,472 | viol_rate=0.041 (target=0.05) | λ_msd: -190.4 → -190.0
------------------------------------------
| rollout/                |              |
|    ep_len_mean          | 100          |
|    ep_rew_mean          | 1.99e+03     |
| time/                   |              |
|    fps                  | 57           |
|    iterations           | 864          |
|    time_elapsed         | 30864        |
|    total_timesteps      | 1769472      |
| train/                  |              |
|    approx_kl            | 0.0007538163 |
|    clip_fraction        | 4.88e-05     |
|    clip_range           | 0.2          |
|    entropy_loss         | -4.56        |
|    explained_variance   | 0.399        |
|    learning_rate        | 0.0003       |
|    loss                 | 1.9e+04      |
|    n_updates            | 8630         |
|    policy_gradient_loss | 0.000311     |
|    value_loss           | 5.55e+04     |
------------------------------------------
------------------------------------------
| rollout/                |              |
|    ep_len_mean          | 100          |
|    ep_rew_mean          | 1.98e+03     |
| time/                   |              |
|    fps                  | 57           |
|    iterations           | 865          |
|    time_elapsed         | 30894        |
|    total_timesteps      | 1771520      |
| train/                  |              |
|    approx_kl            | 0.0007796738 |
|    clip_fraction        | 4.88e-05     |
|    clip_range           | 0.2          |
|    entropy_loss         | -4.55        |
|    explained_variance   | 0.353        |
|    learning_rate        | 0.0003       |
|    loss                 | 1.71e+04     |
|    n_updates            | 8640         |
|    policy_gradient_loss | -0.00023     |
|    value_loss           | 5.37e+04     |
------------------------------------------
2026-04-18 22:01:53,992 [INFO] DGRL-v7: [AdaptivePenalty] step=1,773,568 | viol_rate=0.045 (target=0.05) | λ_msd: -190.0 → -189.7
-------------------------------------------
| rollout/                |               |
|    ep_len_mean          | 100           |
|    ep_rew_mean          | 1.97e+03      |
| time/                   |               |
|    fps                  | 57            |
|    iterations           | 866           |
|    time_elapsed         | 30929         |
|    total_timesteps      | 1773568       |
| train/                  |               |
|    approx_kl            | 0.00071716483 |
|    clip_fraction        | 0             |
|    clip_range           | 0.2           |
|    entropy_loss         | -4.55         |
|    explained_variance   | 0.426         |
|    learning_rate        | 0.0003        |
|    loss                 | 2.28e+04      |
|    n_updates            | 8650          |
|    policy_gradient_loss | -0.00103      |
|    value_loss           | 5.45e+04      |
-------------------------------------------
------------------------------------------
| rollout/                |              |
|    ep_len_mean          | 100          |
|    ep_rew_mean          | 1.97e+03     |
| time/                   |              |
|    fps                  | 57           |
|    iterations           | 867          |
|    time_elapsed         | 30959        |
|    total_timesteps      | 1775616      |
| train/                  |              |
|    approx_kl            | 0.0008624816 |
|    clip_fraction        | 9.77e-05     |
|    clip_range           | 0.2          |
|    entropy_loss         | -4.55        |
|    explained_variance   | 0.349        |
|    learning_rate        | 0.0003       |
|    loss                 | 1.79e+04     |
|    n_updates            | 8660         |
|    policy_gradient_loss | -0.00106     |
|    value_loss           | 5.55e+04     |
------------------------------------------
2026-04-18 22:02:58,038 [INFO] DGRL-v7: [AdaptivePenalty] step=1,777,664 | viol_rate=0.046 (target=0.05) | λ_msd: -189.7 → -189.5
------------------------------------------
| rollout/                |              |
|    ep_len_mean          | 100          |
|    ep_rew_mean          | 1.98e+03     |
| time/                   |              |
|    fps                  | 57           |
|    iterations           | 868          |
|    time_elapsed         | 30993        |
|    total_timesteps      | 1777664      |
| train/                  |              |
|    approx_kl            | 0.0007521581 |
|    clip_fraction        | 0.000146     |
|    clip_range           | 0.2          |
|    entropy_loss         | -4.55        |
|    explained_variance   | 0.398        |
|    learning_rate        | 0.0003       |
|    loss                 | 2.14e+04     |
|    n_updates            | 8670         |
|    policy_gradient_loss | 0.000321     |
|    value_loss           | 5.61e+04     |
------------------------------------------
------------------------------------------
| rollout/                |              |
|    ep_len_mean          | 100          |
|    ep_rew_mean          | 1.94e+03     |
| time/                   |              |
|    fps                  | 57           |
|    iterations           | 869          |
|    time_elapsed         | 31027        |
|    total_timesteps      | 1779712      |
| train/                  |              |
|    approx_kl            | 0.0012855681 |
|    clip_fraction        | 0.000146     |
|    clip_range           | 0.2          |
|    entropy_loss         | -4.56        |
|    explained_variance   | 0.382        |
|    learning_rate        | 0.0003       |
|    loss                 | 2.24e+04     |
|    n_updates            | 8680         |
|    policy_gradient_loss | -0.000663    |
|    value_loss           | 5.87e+04     |
------------------------------------------
2026-04-18 22:04:07,671 [INFO] DGRL-v7: [AdaptivePenalty] step=1,781,760 | viol_rate=0.051 (target=0.05) | λ_msd: -189.5 → -189.5
------------------------------------------
| rollout/                |              |
|    ep_len_mean          | 100          |
|    ep_rew_mean          | 1.81e+03     |
| time/                   |              |
|    fps                  | 57           |
|    iterations           | 870          |
|    time_elapsed         | 31063        |
|    total_timesteps      | 1781760      |
| train/                  |              |
|    approx_kl            | 0.0008896487 |
|    clip_fraction        | 0.000342     |
|    clip_range           | 0.2          |
|    entropy_loss         | -4.56        |
|    explained_variance   | 0.321        |
|    learning_rate        | 0.0003       |
|    loss                 | 1.76e+04     |
|    n_updates            | 8690         |
|    policy_gradient_loss | -0.000433    |
|    value_loss           | 5.53e+04     |
------------------------------------------
------------------------------------------
| rollout/                |              |
|    ep_len_mean          | 100          |
|    ep_rew_mean          | 1.7e+03      |
| time/                   |              |
|    fps                  | 57           |
|    iterations           | 871          |
|    time_elapsed         | 31096        |
|    total_timesteps      | 1783808      |
| train/                  |              |
|    approx_kl            | 0.0010351249 |
|    clip_fraction        | 0.000244     |
|    clip_range           | 0.2          |
|    entropy_loss         | -4.56        |
|    explained_variance   | 0.346        |
|    learning_rate        | 0.0003       |
|    loss                 | 2.06e+04     |
|    n_updates            | 8700         |
|    policy_gradient_loss | 2.51e-05     |
|    value_loss           | 6.25e+04     |
------------------------------------------
2026-04-18 22:05:15,721 [INFO] DGRL-v7: [AdaptivePenalty] step=1,785,856 | viol_rate=0.052 (target=0.05) | λ_msd: -189.5 → -189.7
-------------------------------------------
| rollout/                |               |
|    ep_len_mean          | 100           |
|    ep_rew_mean          | 1.66e+03      |
| time/                   |               |
|    fps                  | 57            |
|    iterations           | 872           |
|    time_elapsed         | 31131         |
|    total_timesteps      | 1785856       |
| train/                  |               |
|    approx_kl            | 0.00075229525 |
|    clip_fraction        | 9.77e-05      |
|    clip_range           | 0.2           |
|    entropy_loss         | -4.56         |
|    explained_variance   | 0.443         |
|    learning_rate        | 0.0003        |
|    loss                 | 1.71e+04      |
|    n_updates            | 8710          |
|    policy_gradient_loss | -0.00101      |
|    value_loss           | 5.55e+04      |
-------------------------------------------
------------------------------------------
| rollout/                |              |
|    ep_len_mean          | 100          |
|    ep_rew_mean          | 1.65e+03     |
| time/                   |              |
|    fps                  | 57           |
|    iterations           | 873          |
|    time_elapsed         | 31158        |
|    total_timesteps      | 1787904      |
| train/                  |              |
|    approx_kl            | 0.0009053283 |
|    clip_fraction        | 4.88e-05     |
|    clip_range           | 0.2          |
|    entropy_loss         | -4.55        |
|    explained_variance   | 0.378        |
|    learning_rate        | 0.0003       |
|    loss                 | 1.86e+04     |
|    n_updates            | 8720         |
|    policy_gradient_loss | -8.04e-05    |
|    value_loss           | 5.4e+04      |
------------------------------------------
2026-04-18 22:06:18,551 [INFO] DGRL-v7: [AdaptivePenalty] step=1,789,952 | viol_rate=0.044 (target=0.05) | λ_msd: -189.7 → -189.3
------------------------------------------
| rollout/                |              |
|    ep_len_mean          | 100          |
|    ep_rew_mean          | 1.69e+03     |
| time/                   |              |
|    fps                  | 57           |
|    iterations           | 874          |
|    time_elapsed         | 31194        |
|    total_timesteps      | 1789952      |
| train/                  |              |
|    approx_kl            | 0.0008723531 |
|    clip_fraction        | 9.77e-05     |
|    clip_range           | 0.2          |
|    entropy_loss         | -4.55        |
|    explained_variance   | 0.42         |
|    learning_rate        | 0.0003       |
|    loss                 | 1.34e+04     |
|    n_updates            | 8730         |
|    policy_gradient_loss | -1.43e-06    |
|    value_loss           | 4.81e+04     |
------------------------------------------
-----------------------------------------
| rollout/                |             |
|    ep_len_mean          | 100         |
|    ep_rew_mean          | 1.79e+03    |
| time/                   |             |
|    fps                  | 57          |
|    iterations           | 875         |
|    time_elapsed         | 31229       |
|    total_timesteps      | 1792000     |
| train/                  |             |
|    approx_kl            | 0.000969277 |
|    clip_fraction        | 4.88e-05    |
|    clip_range           | 0.2         |
|    entropy_loss         | -4.56       |
|    explained_variance   | 0.332       |
|    learning_rate        | 0.0003      |
|    loss                 | 1.18e+04    |
|    n_updates            | 8740        |
|    policy_gradient_loss | -0.00026    |
|    value_loss           | 4.17e+04    |
-----------------------------------------
2026-04-18 22:07:29,297 [INFO] DGRL-v7: [AdaptivePenalty] step=1,794,048 | viol_rate=0.043 (target=0.05) | λ_msd: -189.3 → -189.0
-------------------------------------------
| rollout/                |               |
|    ep_len_mean          | 100           |
|    ep_rew_mean          | 1.86e+03      |
| time/                   |               |
|    fps                  | 57            |
|    iterations           | 876           |
|    time_elapsed         | 31264         |
|    total_timesteps      | 1794048       |
| train/                  |               |
|    approx_kl            | 0.00082582526 |
|    clip_fraction        | 4.88e-05      |
|    clip_range           | 0.2           |
|    entropy_loss         | -4.56         |
|    explained_variance   | 0.318         |
|    learning_rate        | 0.0003        |
|    loss                 | 2.33e+04      |
|    n_updates            | 8750          |
|    policy_gradient_loss | -0.000876     |
|    value_loss           | 5.81e+04      |
-------------------------------------------
------------------------------------------
| rollout/                |              |
|    ep_len_mean          | 100          |
|    ep_rew_mean          | 1.92e+03     |
| time/                   |              |
|    fps                  | 57           |
|    iterations           | 877          |
|    time_elapsed         | 31298        |
|    total_timesteps      | 1796096      |
| train/                  |              |
|    approx_kl            | 0.0007139924 |
|    clip_fraction        | 0            |
|    clip_range           | 0.2          |
|    entropy_loss         | -4.56        |
|    explained_variance   | 0.325        |
|    learning_rate        | 0.0003       |
|    loss                 | 1.9e+04      |
|    n_updates            | 8760         |
|    policy_gradient_loss | 0.000797     |
|    value_loss           | 6.44e+04     |
------------------------------------------
2026-04-18 22:08:35,946 [INFO] DGRL-v7: [AdaptivePenalty] step=1,798,144 | viol_rate=0.048 (target=0.05) | λ_msd: -189.0 → -188.9
------------------------------------------
| rollout/                |              |
|    ep_len_mean          | 100          |
|    ep_rew_mean          | 1.94e+03     |
| time/                   |              |
|    fps                  | 57           |
|    iterations           | 878          |
|    time_elapsed         | 31331        |
|    total_timesteps      | 1798144      |
| train/                  |              |
|    approx_kl            | 0.0007482628 |
|    clip_fraction        | 4.88e-05     |
|    clip_range           | 0.2          |
|    entropy_loss         | -4.55        |
|    explained_variance   | 0.352        |
|    learning_rate        | 0.0003       |
|    loss                 | 1.86e+04     |
|    n_updates            | 8770         |
|    policy_gradient_loss | -0.000888    |
|    value_loss           | 4.88e+04     |
------------------------------------------
Eval num_timesteps=1800000, episode_reward=-6625.78 +/- 1924.14
Episode length: 100.00 +/- 0.00
-------------------------------------------
| eval/                   |               |
|    mean_ep_length       | 100           |
|    mean_reward          | -6.63e+03     |
| time/                   |               |
|    total_timesteps      | 1800000       |
| train/                  |               |
|    approx_kl            | 0.00060495187 |
|    clip_fraction        | 4.88e-05      |
|    clip_range           | 0.2           |
|    entropy_loss         | -4.55         |
|    explained_variance   | 0.389         |
|    learning_rate        | 0.0003        |
|    loss                 | 3.22e+04      |
|    n_updates            | 8780          |
|    policy_gradient_loss | -0.000185     |
|    value_loss           | 7.1e+04       |
-------------------------------------------
---------------------------------
| rollout/           |          |
|    ep_len_mean     | 100      |
|    ep_rew_mean     | 1.95e+03 |
| time/              |          |
|    fps             | 57       |
|    iterations      | 879      |
|    time_elapsed    | 31393    |
|    total_timesteps | 1800192  |
---------------------------------
2026-04-18 22:10:09,760 [INFO] DGRL-v7: [AdaptivePenalty] step=1,802,240 | viol_rate=0.046 (target=0.05) | λ_msd: -188.9 → -188.7
------------------------------------------
| rollout/                |              |
|    ep_len_mean          | 100          |
|    ep_rew_mean          | 1.89e+03     |
| time/                   |              |
|    fps                  | 57           |
|    iterations           | 880          |
|    time_elapsed         | 31425        |
|    total_timesteps      | 1802240      |
| train/                  |              |
|    approx_kl            | 0.0007271437 |
|    clip_fraction        | 0            |
|    clip_range           | 0.2          |
|    entropy_loss         | -4.55        |
|    explained_variance   | 0.421        |
|    learning_rate        | 0.0003       |
|    loss                 | 1.41e+04     |
|    n_updates            | 8790         |
|    policy_gradient_loss | -0.00063     |
|    value_loss           | 4.95e+04     |
------------------------------------------
-------------------------------------------
| rollout/                |               |
|    ep_len_mean          | 100           |
|    ep_rew_mean          | 1.84e+03      |
| time/                   |               |
|    fps                  | 57            |
|    iterations           | 881           |
|    time_elapsed         | 31461         |
|    total_timesteps      | 1804288       |
| train/                  |               |
|    approx_kl            | 0.00075706013 |
|    clip_fraction        | 4.88e-05      |
|    clip_range           | 0.2           |
|    entropy_loss         | -4.55         |
|    explained_variance   | 0.433         |
|    learning_rate        | 0.0003        |
|    loss                 | 1.92e+04      |
|    n_updates            | 8800          |
|    policy_gradient_loss | -0.000349     |
|    value_loss           | 5.05e+04      |
-------------------------------------------
2026-04-18 22:11:18,894 [INFO] DGRL-v7: [AdaptivePenalty] step=1,806,336 | viol_rate=0.049 (target=0.05) | λ_msd: -188.7 → -188.6
-------------------------------------------
| rollout/                |               |
|    ep_len_mean          | 100           |
|    ep_rew_mean          | 1.86e+03      |
| time/                   |               |
|    fps                  | 57            |
|    iterations           | 882           |
|    time_elapsed         | 31494         |
|    total_timesteps      | 1806336       |
| train/                  |               |
|    approx_kl            | 0.00097652874 |
|    clip_fraction        | 0             |
|    clip_range           | 0.2           |
|    entropy_loss         | -4.55         |
|    explained_variance   | 0.44          |
|    learning_rate        | 0.0003        |
|    loss                 | 2.02e+04      |
|    n_updates            | 8810          |
|    policy_gradient_loss | -0.00109      |
|    value_loss           | 5.49e+04      |
-------------------------------------------
------------------------------------------
| rollout/                |              |
|    ep_len_mean          | 100          |
|    ep_rew_mean          | 1.88e+03     |
| time/                   |              |
|    fps                  | 57           |
|    iterations           | 883          |
|    time_elapsed         | 31530        |
|    total_timesteps      | 1808384      |
| train/                  |              |
|    approx_kl            | 0.0008779904 |
|    clip_fraction        | 0.000146     |
|    clip_range           | 0.2          |
|    entropy_loss         | -4.55        |
|    explained_variance   | 0.454        |
|    learning_rate        | 0.0003       |
|    loss                 | 1.41e+04     |
|    n_updates            | 8820         |
|    policy_gradient_loss | 0.000155     |
|    value_loss           | 4.92e+04     |
------------------------------------------
2026-04-18 22:12:22,117 [INFO] DGRL-v7: [AdaptivePenalty] step=1,810,432 | viol_rate=0.042 (target=0.05) | λ_msd: -188.6 → -188.2
------------------------------------------
| rollout/                |              |
|    ep_len_mean          | 100          |
|    ep_rew_mean          | 1.88e+03     |
| time/                   |              |
|    fps                  | 57           |
|    iterations           | 884          |
|    time_elapsed         | 31557        |
|    total_timesteps      | 1810432      |
| train/                  |              |
|    approx_kl            | 0.0009416939 |
|    clip_fraction        | 4.88e-05     |
|    clip_range           | 0.2          |
|    entropy_loss         | -4.56        |
|    explained_variance   | 0.39         |
|    learning_rate        | 0.0003       |
|    loss                 | 1.67e+04     |
|    n_updates            | 8830         |
|    policy_gradient_loss | -0.000285    |
|    value_loss           | 5.01e+04     |
------------------------------------------
-------------------------------------------
| rollout/                |               |
|    ep_len_mean          | 100           |
|    ep_rew_mean          | 1.84e+03      |
| time/                   |               |
|    fps                  | 57            |
|    iterations           | 885           |
|    time_elapsed         | 31591         |
|    total_timesteps      | 1812480       |
| train/                  |               |
|    approx_kl            | 0.00093603437 |
|    clip_fraction        | 0             |
|    clip_range           | 0.2           |
|    entropy_loss         | -4.55         |
|    explained_variance   | 0.224         |
|    learning_rate        | 0.0003        |
|    loss                 | 1.74e+04      |
|    n_updates            | 8840          |
|    policy_gradient_loss | 0.000526      |
|    value_loss           | 5.95e+04      |
-------------------------------------------
2026-04-18 22:13:29,062 [INFO] DGRL-v7: [AdaptivePenalty] step=1,814,528 | viol_rate=0.044 (target=0.05) | λ_msd: -188.2 → -187.9
-------------------------------------------
| rollout/                |               |
|    ep_len_mean          | 100           |
|    ep_rew_mean          | 1.9e+03       |
| time/                   |               |
|    fps                  | 57            |
|    iterations           | 886           |
|    time_elapsed         | 31624         |
|    total_timesteps      | 1814528       |
| train/                  |               |
|    approx_kl            | 0.00090298906 |
|    clip_fraction        | 0.000146      |
|    clip_range           | 0.2           |
|    entropy_loss         | -4.55         |
|    explained_variance   | 0.391         |
|    learning_rate        | 0.0003        |
|    loss                 | 2.66e+04      |
|    n_updates            | 8850          |
|    policy_gradient_loss | 0.00022       |
|    value_loss           | 6.44e+04      |
-------------------------------------------
------------------------------------------
| rollout/                |              |
|    ep_len_mean          | 100          |
|    ep_rew_mean          | 1.87e+03     |
| time/                   |              |
|    fps                  | 57           |
|    iterations           | 887          |
|    time_elapsed         | 31657        |
|    total_timesteps      | 1816576      |
| train/                  |              |
|    approx_kl            | 0.0007906442 |
|    clip_fraction        | 0            |
|    clip_range           | 0.2          |
|    entropy_loss         | -4.55        |
|    explained_variance   | 0.358        |
|    learning_rate        | 0.0003       |
|    loss                 | 1.78e+04     |
|    n_updates            | 8860         |
|    policy_gradient_loss | 0.00042      |
|    value_loss           | 5.09e+04     |
------------------------------------------
2026-04-18 22:14:36,063 [INFO] DGRL-v7: [AdaptivePenalty] step=1,818,624 | viol_rate=0.050 (target=0.05) | λ_msd: -187.9 → -187.9
------------------------------------------
| rollout/                |              |
|    ep_len_mean          | 100          |
|    ep_rew_mean          | 1.81e+03     |
| time/                   |              |
|    fps                  | 57           |
|    iterations           | 888          |
|    time_elapsed         | 31691        |
|    total_timesteps      | 1818624      |
| train/                  |              |
|    approx_kl            | 0.0007400923 |
|    clip_fraction        | 0            |
|    clip_range           | 0.2          |
|    entropy_loss         | -4.55        |
|    explained_variance   | 0.392        |
|    learning_rate        | 0.0003       |
|    loss                 | 1.49e+04     |
|    n_updates            | 8870         |
|    policy_gradient_loss | -0.00146     |
|    value_loss           | 4.95e+04     |
------------------------------------------
-------------------------------------------
| rollout/                |               |
|    ep_len_mean          | 100           |
|    ep_rew_mean          | 1.77e+03      |
| time/                   |               |
|    fps                  | 57            |
|    iterations           | 889           |
|    time_elapsed         | 31725         |
|    total_timesteps      | 1820672       |
| train/                  |               |
|    approx_kl            | 0.00079550885 |
|    clip_fraction        | 0             |
|    clip_range           | 0.2           |
|    entropy_loss         | -4.55         |
|    explained_variance   | 0.398         |
|    learning_rate        | 0.0003        |
|    loss                 | 1.85e+04      |
|    n_updates            | 8880          |
|    policy_gradient_loss | -0.000274     |
|    value_loss           | 6.5e+04       |
-------------------------------------------
2026-04-18 22:15:42,254 [INFO] DGRL-v7: [AdaptivePenalty] step=1,822,720 | viol_rate=0.053 (target=0.05) | λ_msd: -187.9 → -188.0
------------------------------------------
| rollout/                |              |
|    ep_len_mean          | 100          |
|    ep_rew_mean          | 1.79e+03     |
| time/                   |              |
|    fps                  | 57           |
|    iterations           | 890          |
|    time_elapsed         | 31757        |
|    total_timesteps      | 1822720      |
| train/                  |              |
|    approx_kl            | 0.0010473556 |
|    clip_fraction        | 9.77e-05     |
|    clip_range           | 0.2          |
|    entropy_loss         | -4.55        |
|    explained_variance   | 0.279        |
|    learning_rate        | 0.0003       |
|    loss                 | 1.78e+04     |
|    n_updates            | 8890         |
|    policy_gradient_loss | 0.000945     |
|    value_loss           | 6.17e+04     |
------------------------------------------
------------------------------------------
| rollout/                |              |
|    ep_len_mean          | 100          |
|    ep_rew_mean          | 1.82e+03     |
| time/                   |              |
|    fps                  | 57           |
|    iterations           | 891          |
|    time_elapsed         | 31791        |
|    total_timesteps      | 1824768      |
| train/                  |              |
|    approx_kl            | 0.0009851322 |
|    clip_fraction        | 9.77e-05     |
|    clip_range           | 0.2          |
|    entropy_loss         | -4.55        |
|    explained_variance   | 0.366        |
|    learning_rate        | 0.0003       |
|    loss                 | 1.75e+04     |
|    n_updates            | 8900         |
|    policy_gradient_loss | -0.000997    |
|    value_loss           | 5.18e+04     |
------------------------------------------
2026-04-18 22:16:47,211 [INFO] DGRL-v7: [AdaptivePenalty] step=1,826,816 | viol_rate=0.044 (target=0.05) | λ_msd: -188.0 → -187.8
-------------------------------------------
| rollout/                |               |
|    ep_len_mean          | 100           |
|    ep_rew_mean          | 1.94e+03      |
| time/                   |               |
|    fps                  | 57            |
|    iterations           | 892           |
|    time_elapsed         | 31822         |
|    total_timesteps      | 1826816       |
| train/                  |               |
|    approx_kl            | 0.00093160605 |
|    clip_fraction        | 4.88e-05      |
|    clip_range           | 0.2           |
|    entropy_loss         | -4.55         |
|    explained_variance   | 0.307         |
|    learning_rate        | 0.0003        |
|    loss                 | 1.61e+04      |
|    n_updates            | 8910          |
|    policy_gradient_loss | 0.000855      |
|    value_loss           | 4.87e+04      |
-------------------------------------------
------------------------------------------
| rollout/                |              |
|    ep_len_mean          | 100          |
|    ep_rew_mean          | 1.92e+03     |
| time/                   |              |
|    fps                  | 57           |
|    iterations           | 893          |
|    time_elapsed         | 31858        |
|    total_timesteps      | 1828864      |
| train/                  |              |
|    approx_kl            | 0.0008809649 |
|    clip_fraction        | 0            |
|    clip_range           | 0.2          |
|    entropy_loss         | -4.55        |
|    explained_variance   | 0.434        |
|    learning_rate        | 0.0003       |
|    loss                 | 1.32e+04     |
|    n_updates            | 8920         |
|    policy_gradient_loss | -0.000727    |
|    value_loss           | 4.38e+04     |
------------------------------------------
2026-04-18 22:17:51,986 [INFO] DGRL-v7: [AdaptivePenalty] step=1,830,912 | viol_rate=0.047 (target=0.05) | λ_msd: -187.8 → -187.6
------------------------------------------
| rollout/                |              |
|    ep_len_mean          | 100          |
|    ep_rew_mean          | 1.99e+03     |
| time/                   |              |
|    fps                  | 57           |
|    iterations           | 894          |
|    time_elapsed         | 31887        |
|    total_timesteps      | 1830912      |
| train/                  |              |
|    approx_kl            | 0.0008050086 |
|    clip_fraction        | 4.88e-05     |
|    clip_range           | 0.2          |
|    entropy_loss         | -4.55        |
|    explained_variance   | 0.388        |
|    learning_rate        | 0.0003       |
|    loss                 | 1.77e+04     |
|    n_updates            | 8930         |
|    policy_gradient_loss | 0.00076      |
|    value_loss           | 5.41e+04     |
------------------------------------------
-------------------------------------------
| rollout/                |               |
|    ep_len_mean          | 100           |
|    ep_rew_mean          | 1.95e+03      |
| time/                   |               |
|    fps                  | 57            |
|    iterations           | 895           |
|    time_elapsed         | 31917         |
|    total_timesteps      | 1832960       |
| train/                  |               |
|    approx_kl            | 0.00059027376 |
|    clip_fraction        | 4.88e-05      |
|    clip_range           | 0.2           |
|    entropy_loss         | -4.55         |
|    explained_variance   | 0.461         |
|    learning_rate        | 0.0003        |
|    loss                 | 1.47e+04      |
|    n_updates            | 8940          |
|    policy_gradient_loss | -0.00108      |
|    value_loss           | 4.71e+04      |
-------------------------------------------
2026-04-18 22:18:56,089 [INFO] DGRL-v7: [AdaptivePenalty] step=1,835,008 | viol_rate=0.043 (target=0.05) | λ_msd: -187.6 → -187.3
------------------------------------------
| rollout/                |              |
|    ep_len_mean          | 100          |
|    ep_rew_mean          | 2.02e+03     |
| time/                   |              |
|    fps                  | 57           |
|    iterations           | 896          |
|    time_elapsed         | 31951        |
|    total_timesteps      | 1835008      |
| train/                  |              |
|    approx_kl            | 0.0011296547 |
|    clip_fraction        | 0            |
|    clip_range           | 0.2          |
|    entropy_loss         | -4.55        |
|    explained_variance   | 0.36         |
|    learning_rate        | 0.0003       |
|    loss                 | 1.44e+04     |
|    n_updates            | 8950         |
|    policy_gradient_loss | -0.00037     |
|    value_loss           | 4.98e+04     |
------------------------------------------
------------------------------------------
| rollout/                |              |
|    ep_len_mean          | 100          |
|    ep_rew_mean          | 1.98e+03     |
| time/                   |              |
|    fps                  | 57           |
|    iterations           | 897          |
|    time_elapsed         | 31986        |
|    total_timesteps      | 1837056      |
| train/                  |              |
|    approx_kl            | 0.0009523836 |
|    clip_fraction        | 0.000146     |
|    clip_range           | 0.2          |
|    entropy_loss         | -4.55        |
|    explained_variance   | 0.412        |
|    learning_rate        | 0.0003       |
|    loss                 | 1.34e+04     |
|    n_updates            | 8960         |
|    policy_gradient_loss | -0.000621    |
|    value_loss           | 4.68e+04     |
------------------------------------------
2026-04-18 22:20:01,220 [INFO] DGRL-v7: [AdaptivePenalty] step=1,839,104 | viol_rate=0.047 (target=0.05) | λ_msd: -187.3 → -187.1
-----------------------------------------
| rollout/                |             |
|    ep_len_mean          | 100         |
|    ep_rew_mean          | 1.94e+03    |
| time/                   |             |
|    fps                  | 57          |
|    iterations           | 898         |
|    time_elapsed         | 32016       |
|    total_timesteps      | 1839104     |
| train/                  |             |
|    approx_kl            | 0.000801758 |
|    clip_fraction        | 9.77e-05    |
|    clip_range           | 0.2         |
|    entropy_loss         | -4.55       |
|    explained_variance   | 0.369       |
|    learning_rate        | 0.0003      |
|    loss                 | 1.68e+04    |
|    n_updates            | 8970        |
|    policy_gradient_loss | -0.0012     |
|    value_loss           | 5.24e+04    |
-----------------------------------------
------------------------------------------
| rollout/                |              |
|    ep_len_mean          | 100          |
|    ep_rew_mean          | 1.99e+03     |
| time/                   |              |
|    fps                  | 57           |
|    iterations           | 899          |
|    time_elapsed         | 32048        |
|    total_timesteps      | 1841152      |
| train/                  |              |
|    approx_kl            | 0.0006380535 |
|    clip_fraction        | 0            |
|    clip_range           | 0.2          |
|    entropy_loss         | -4.55        |
|    explained_variance   | 0.411        |
|    learning_rate        | 0.0003       |
|    loss                 | 1.68e+04     |
|    n_updates            | 8980         |
|    policy_gradient_loss | -0.00137     |
|    value_loss           | 5.81e+04     |
------------------------------------------
2026-04-18 22:21:02,412 [INFO] DGRL-v7: [AdaptivePenalty] step=1,843,200 | viol_rate=0.044 (target=0.05) | λ_msd: -187.1 → -186.8
-------------------------------------------
| rollout/                |               |
|    ep_len_mean          | 100           |
|    ep_rew_mean          | 2.02e+03      |
| time/                   |               |
|    fps                  | 57            |
|    iterations           | 900           |
|    time_elapsed         | 32078         |
|    total_timesteps      | 1843200       |
| train/                  |               |
|    approx_kl            | 0.00059847976 |
|    clip_fraction        | 4.88e-05      |
|    clip_range           | 0.2           |
|    entropy_loss         | -4.54         |
|    explained_variance   | 0.427         |
|    learning_rate        | 0.0003        |
|    loss                 | 1.36e+04      |
|    n_updates            | 8990          |
|    policy_gradient_loss | -0.00107      |
|    value_loss           | 4.2e+04       |
-------------------------------------------
-------------------------------------------
| rollout/                |               |
|    ep_len_mean          | 100           |
|    ep_rew_mean          | 1.95e+03      |
| time/                   |               |
|    fps                  | 57            |
|    iterations           | 901           |
|    time_elapsed         | 32113         |
|    total_timesteps      | 1845248       |
| train/                  |               |
|    approx_kl            | 0.00073679315 |
|    clip_fraction        | 4.88e-05      |
|    clip_range           | 0.2           |
|    entropy_loss         | -4.54         |
|    explained_variance   | 0.41          |
|    learning_rate        | 0.0003        |
|    loss                 | 1.7e+04       |
|    n_updates            | 9000          |
|    policy_gradient_loss | 0.000743      |
|    value_loss           | 4.42e+04      |
-------------------------------------------
2026-04-18 22:22:07,611 [INFO] DGRL-v7: [AdaptivePenalty] step=1,847,296 | viol_rate=0.049 (target=0.05) | λ_msd: -186.8 → -186.7
------------------------------------------
| rollout/                |              |
|    ep_len_mean          | 100          |
|    ep_rew_mean          | 1.9e+03      |
| time/                   |              |
|    fps                  | 57           |
|    iterations           | 902          |
|    time_elapsed         | 32143        |
|    total_timesteps      | 1847296      |
| train/                  |              |
|    approx_kl            | 0.0006656706 |
|    clip_fraction        | 0            |
|    clip_range           | 0.2          |
|    entropy_loss         | -4.54        |
|    explained_variance   | 0.483        |
|    learning_rate        | 0.0003       |
|    loss                 | 1.61e+04     |
|    n_updates            | 9010         |
|    policy_gradient_loss | 0.000569     |
|    value_loss           | 4.28e+04     |
------------------------------------------
------------------------------------------
| rollout/                |              |
|    ep_len_mean          | 100          |
|    ep_rew_mean          | 1.91e+03     |
| time/                   |              |
|    fps                  | 57           |
|    iterations           | 903          |
|    time_elapsed         | 32175        |
|    total_timesteps      | 1849344      |
| train/                  |              |
|    approx_kl            | 0.0008533406 |
|    clip_fraction        | 0.000488     |
|    clip_range           | 0.2          |
|    entropy_loss         | -4.54        |
|    explained_variance   | 0.373        |
|    learning_rate        | 0.0003       |
|    loss                 | 1.6e+04      |
|    n_updates            | 9020         |
|    policy_gradient_loss | -0.000774    |
|    value_loss           | 6.14e+04     |
------------------------------------------
Eval num_timesteps=1850000, episode_reward=-5238.74 +/- 1473.14
Episode length: 100.00 +/- 0.00
-------------------------------------------
| eval/                   |               |
|    mean_ep_length       | 100           |
|    mean_reward          | -5.24e+03     |
| time/                   |               |
|    total_timesteps      | 1850000       |
| train/                  |               |
|    approx_kl            | 0.00097154157 |
|    clip_fraction        | 0.000342      |
|    clip_range           | 0.2           |
|    entropy_loss         | -4.55         |
|    explained_variance   | 0.338         |
|    learning_rate        | 0.0003        |
|    loss                 | 2.01e+04      |
|    n_updates            | 9030          |
|    policy_gradient_loss | -0.000676     |
|    value_loss           | 5.79e+04      |
-------------------------------------------
2026-04-18 22:23:47,959 [INFO] DGRL-v7: [AdaptivePenalty] step=1,851,392 | viol_rate=0.046 (target=0.05) | λ_msd: -186.7 → -186.5
---------------------------------
| rollout/           |          |
|    ep_len_mean     | 100      |
|    ep_rew_mean     | 1.81e+03 |
| time/              |          |
|    fps             | 57       |
|    iterations      | 904      |
|    time_elapsed    | 32243    |
|    total_timesteps | 1851392  |
---------------------------------
------------------------------------------
| rollout/                |              |
|    ep_len_mean          | 100          |
|    ep_rew_mean          | 1.82e+03     |
| time/                   |              |
|    fps                  | 57           |
|    iterations           | 905          |
|    time_elapsed         | 32277        |
|    total_timesteps      | 1853440      |
| train/                  |              |
|    approx_kl            | 0.0010854066 |
|    clip_fraction        | 0.000391     |
|    clip_range           | 0.2          |
|    entropy_loss         | -4.55        |
|    explained_variance   | 0.381        |
|    learning_rate        | 0.0003       |
|    loss                 | 1.75e+04     |
|    n_updates            | 9040         |
|    policy_gradient_loss | -0.00142     |
|    value_loss           | 5.27e+04     |
------------------------------------------
2026-04-18 22:24:53,214 [INFO] DGRL-v7: [AdaptivePenalty] step=1,855,488 | viol_rate=0.044 (target=0.05) | λ_msd: -186.5 → -186.3
-----------------------------------------
| rollout/                |             |
|    ep_len_mean          | 100         |
|    ep_rew_mean          | 1.78e+03    |
| time/                   |             |
|    fps                  | 57          |
|    iterations           | 906         |
|    time_elapsed         | 32308       |
|    total_timesteps      | 1855488     |
| train/                  |             |
|    approx_kl            | 0.000763112 |
|    clip_fraction        | 0           |
|    clip_range           | 0.2         |
|    entropy_loss         | -4.55       |
|    explained_variance   | 0.448       |
|    learning_rate        | 0.0003      |
|    loss                 | 1.19e+04    |
|    n_updates            | 9050        |
|    policy_gradient_loss | -0.000526   |
|    value_loss           | 3.85e+04    |
-----------------------------------------
-----------------------------------------
| rollout/                |             |
|    ep_len_mean          | 100         |
|    ep_rew_mean          | 1.82e+03    |
| time/                   |             |
|    fps                  | 57          |
|    iterations           | 907         |
|    time_elapsed         | 32341       |
|    total_timesteps      | 1857536     |
| train/                  |             |
|    approx_kl            | 0.000677852 |
|    clip_fraction        | 0.000146    |
|    clip_range           | 0.2         |
|    entropy_loss         | -4.55       |
|    explained_variance   | 0.415       |
|    learning_rate        | 0.0003      |
|    loss                 | 1.11e+04    |
|    n_updates            | 9060        |
|    policy_gradient_loss | -0.00024    |
|    value_loss           | 4.19e+04    |
-----------------------------------------
2026-04-18 22:25:59,922 [INFO] DGRL-v7: [AdaptivePenalty] step=1,859,584 | viol_rate=0.037 (target=0.05) | λ_msd: -186.3 → -185.6
-------------------------------------------
| rollout/                |               |
|    ep_len_mean          | 100           |
|    ep_rew_mean          | 1.91e+03      |
| time/                   |               |
|    fps                  | 57            |
|    iterations           | 908           |
|    time_elapsed         | 32375         |
|    total_timesteps      | 1859584       |
| train/                  |               |
|    approx_kl            | 0.00068804796 |
|    clip_fraction        | 0             |
|    clip_range           | 0.2           |
|    entropy_loss         | -4.54         |
|    explained_variance   | 0.437         |
|    learning_rate        | 0.0003        |
|    loss                 | 1.69e+04      |
|    n_updates            | 9070          |
|    policy_gradient_loss | -0.000222     |
|    value_loss           | 4.89e+04      |
-------------------------------------------
------------------------------------------
| rollout/                |              |
|    ep_len_mean          | 100          |
|    ep_rew_mean          | 1.9e+03      |
| time/                   |              |
|    fps                  | 57           |
|    iterations           | 909          |
|    time_elapsed         | 32409        |
|    total_timesteps      | 1861632      |
| train/                  |              |
|    approx_kl            | 0.0007913668 |
|    clip_fraction        | 4.88e-05     |
|    clip_range           | 0.2          |
|    entropy_loss         | -4.55        |
|    explained_variance   | 0.434        |
|    learning_rate        | 0.0003       |
|    loss                 | 2e+04        |
|    n_updates            | 9080         |
|    policy_gradient_loss | -0.00104     |
|    value_loss           | 6.08e+04     |
------------------------------------------
2026-04-18 22:27:04,796 [INFO] DGRL-v7: [AdaptivePenalty] step=1,863,680 | viol_rate=0.047 (target=0.05) | λ_msd: -185.6 → -185.5
-------------------------------------------
| rollout/                |               |
|    ep_len_mean          | 100           |
|    ep_rew_mean          | 1.81e+03      |
| time/                   |               |
|    fps                  | 57            |
|    iterations           | 910           |
|    time_elapsed         | 32440         |
|    total_timesteps      | 1863680       |
| train/                  |               |
|    approx_kl            | 0.00090677175 |
|    clip_fraction        | 0             |
|    clip_range           | 0.2           |
|    entropy_loss         | -4.55         |
|    explained_variance   | 0.272         |
|    learning_rate        | 0.0003        |
|    loss                 | 1.9e+04       |
|    n_updates            | 9090          |
|    policy_gradient_loss | 0.00118       |
|    value_loss           | 5.86e+04      |
-------------------------------------------
------------------------------------------
| rollout/                |              |
|    ep_len_mean          | 100          |
|    ep_rew_mean          | 1.82e+03     |
| time/                   |              |
|    fps                  | 57           |
|    iterations           | 911          |
|    time_elapsed         | 32471        |
|    total_timesteps      | 1865728      |
| train/                  |              |
|    approx_kl            | 0.0010389441 |
|    clip_fraction        | 0.000391     |
|    clip_range           | 0.2          |
|    entropy_loss         | -4.55        |
|    explained_variance   | 0.414        |
|    learning_rate        | 0.0003       |
|    loss                 | 1.77e+04     |
|    n_updates            | 9100         |
|    policy_gradient_loss | -0.000435    |
|    value_loss           | 5.32e+04     |
------------------------------------------
2026-04-18 22:28:09,960 [INFO] DGRL-v7: [AdaptivePenalty] step=1,867,776 | viol_rate=0.047 (target=0.05) | λ_msd: -185.5 → -185.3
-------------------------------------------
| rollout/                |               |
|    ep_len_mean          | 100           |
|    ep_rew_mean          | 1.75e+03      |
| time/                   |               |
|    fps                  | 57            |
|    iterations           | 912           |
|    time_elapsed         | 32505         |
|    total_timesteps      | 1867776       |
| train/                  |               |
|    approx_kl            | 0.00093316496 |
|    clip_fraction        | 0             |
|    clip_range           | 0.2           |
|    entropy_loss         | -4.54         |
|    explained_variance   | 0.378         |
|    learning_rate        | 0.0003        |
|    loss                 | 1.34e+04      |
|    n_updates            | 9110          |
|    policy_gradient_loss | -0.000905     |
|    value_loss           | 4.52e+04      |
-------------------------------------------
-------------------------------------------
| rollout/                |               |
|    ep_len_mean          | 100           |
|    ep_rew_mean          | 1.72e+03      |
| time/                   |               |
|    fps                  | 57            |
|    iterations           | 913           |
|    time_elapsed         | 32540         |
|    total_timesteps      | 1869824       |
| train/                  |               |
|    approx_kl            | 0.00094033167 |
|    clip_fraction        | 0             |
|    clip_range           | 0.2           |
|    entropy_loss         | -4.54         |
|    explained_variance   | 0.319         |
|    learning_rate        | 0.0003        |
|    loss                 | 1.71e+04      |
|    n_updates            | 9120          |
|    policy_gradient_loss | -0.00022      |
|    value_loss           | 5.86e+04      |
-------------------------------------------
2026-04-18 22:29:17,200 [INFO] DGRL-v7: [AdaptivePenalty] step=1,871,872 | viol_rate=0.042 (target=0.05) | λ_msd: -185.3 → -184.9
------------------------------------------
| rollout/                |              |
|    ep_len_mean          | 100          |
|    ep_rew_mean          | 1.71e+03     |
| time/                   |              |
|    fps                  | 57           |
|    iterations           | 914          |
|    time_elapsed         | 32572        |
|    total_timesteps      | 1871872      |
| train/                  |              |
|    approx_kl            | 0.0010081563 |
|    clip_fraction        | 9.77e-05     |
|    clip_range           | 0.2          |
|    entropy_loss         | -4.55        |
|    explained_variance   | 0.303        |
|    learning_rate        | 0.0003       |
|    loss                 | 1.44e+04     |
|    n_updates            | 9130         |
|    policy_gradient_loss | 0.000791     |
|    value_loss           | 4.58e+04     |
------------------------------------------
------------------------------------------
| rollout/                |              |
|    ep_len_mean          | 100          |
|    ep_rew_mean          | 1.77e+03     |
| time/                   |              |
|    fps                  | 57           |
|    iterations           | 915          |
|    time_elapsed         | 32605        |
|    total_timesteps      | 1873920      |
| train/                  |              |
|    approx_kl            | 0.0013681167 |
|    clip_fraction        | 0.00122      |
|    clip_range           | 0.2          |
|    entropy_loss         | -4.55        |
|    explained_variance   | 0.216        |
|    learning_rate        | 0.0003       |
|    loss                 | 1.59e+04     |
|    n_updates            | 9140         |
|    policy_gradient_loss | -0.000573    |
|    value_loss           | 5.89e+04     |
------------------------------------------
2026-04-18 22:30:24,244 [INFO] DGRL-v7: [AdaptivePenalty] step=1,875,968 | viol_rate=0.050 (target=0.05) | λ_msd: -184.9 → -184.9
-----------------------------------------
| rollout/                |             |
|    ep_len_mean          | 100         |
|    ep_rew_mean          | 1.73e+03    |
| time/                   |             |
|    fps                  | 57          |
|    iterations           | 916         |
|    time_elapsed         | 32639       |
|    total_timesteps      | 1875968     |
| train/                  |             |
|    approx_kl            | 0.001064987 |
|    clip_fraction        | 9.77e-05    |
|    clip_range           | 0.2         |
|    entropy_loss         | -4.55       |
|    explained_variance   | 0.376       |
|    learning_rate        | 0.0003      |
|    loss                 | 1.43e+04    |
|    n_updates            | 9150        |
|    policy_gradient_loss | -0.000651   |
|    value_loss           | 4.51e+04    |
-----------------------------------------
------------------------------------------
| rollout/                |              |
|    ep_len_mean          | 100          |
|    ep_rew_mean          | 1.81e+03     |
| time/                   |              |
|    fps                  | 57           |
|    iterations           | 917          |
|    time_elapsed         | 32676        |
|    total_timesteps      | 1878016      |
| train/                  |              |
|    approx_kl            | 0.0012084122 |
|    clip_fraction        | 0.000293     |
|    clip_range           | 0.2          |
|    entropy_loss         | -4.55        |
|    explained_variance   | 0.304        |
|    learning_rate        | 0.0003       |
|    loss                 | 1.72e+04     |
|    n_updates            | 9160         |
|    policy_gradient_loss | -0.000421    |
|    value_loss           | 5.67e+04     |
------------------------------------------
2026-04-18 22:31:33,281 [INFO] DGRL-v7: [AdaptivePenalty] step=1,880,064 | viol_rate=0.045 (target=0.05) | λ_msd: -184.9 → -184.7
------------------------------------------
| rollout/                |              |
|    ep_len_mean          | 100          |
|    ep_rew_mean          | 1.74e+03     |
| time/                   |              |
|    fps                  | 57           |
|    iterations           | 918          |
|    time_elapsed         | 32708        |
|    total_timesteps      | 1880064      |
| train/                  |              |
|    approx_kl            | 0.0007871191 |
|    clip_fraction        | 0.000146     |
|    clip_range           | 0.2          |
|    entropy_loss         | -4.55        |
|    explained_variance   | 0.34         |
|    learning_rate        | 0.0003       |
|    loss                 | 1.58e+04     |
|    n_updates            | 9170         |
|    policy_gradient_loss | 0.000444     |
|    value_loss           | 4.28e+04     |
------------------------------------------
------------------------------------------
| rollout/                |              |
|    ep_len_mean          | 100          |
|    ep_rew_mean          | 1.73e+03     |
| time/                   |              |
|    fps                  | 57           |
|    iterations           | 919          |
|    time_elapsed         | 32739        |
|    total_timesteps      | 1882112      |
| train/                  |              |
|    approx_kl            | 0.0010041397 |
|    clip_fraction        | 9.77e-05     |
|    clip_range           | 0.2          |
|    entropy_loss         | -4.55        |
|    explained_variance   | 0.291        |
|    learning_rate        | 0.0003       |
|    loss                 | 1.99e+04     |
|    n_updates            | 9180         |
|    policy_gradient_loss | -0.000907    |
|    value_loss           | 5.55e+04     |
------------------------------------------
2026-04-18 22:32:35,806 [INFO] DGRL-v7: [AdaptivePenalty] step=1,884,160 | viol_rate=0.043 (target=0.05) | λ_msd: -184.7 → -184.4
------------------------------------------
| rollout/                |              |
|    ep_len_mean          | 100          |
|    ep_rew_mean          | 1.69e+03     |
| time/                   |              |
|    fps                  | 57           |
|    iterations           | 920          |
|    time_elapsed         | 32771        |
|    total_timesteps      | 1884160      |
| train/                  |              |
|    approx_kl            | 0.0009966384 |
|    clip_fraction        | 0.000439     |
|    clip_range           | 0.2          |
|    entropy_loss         | -4.55        |
|    explained_variance   | 0.368        |
|    learning_rate        | 0.0003       |
|    loss                 | 1.37e+04     |
|    n_updates            | 9190         |
|    policy_gradient_loss | -0.00131     |
|    value_loss           | 4.59e+04     |
------------------------------------------
------------------------------------------
| rollout/                |              |
|    ep_len_mean          | 100          |
|    ep_rew_mean          | 1.68e+03     |
| time/                   |              |
|    fps                  | 57           |
|    iterations           | 921          |
|    time_elapsed         | 32806        |
|    total_timesteps      | 1886208      |
| train/                  |              |
|    approx_kl            | 0.0009277408 |
|    clip_fraction        | 0            |
|    clip_range           | 0.2          |
|    entropy_loss         | -4.55        |
|    explained_variance   | 0.407        |
|    learning_rate        | 0.0003       |
|    loss                 | 1.38e+04     |
|    n_updates            | 9200         |
|    policy_gradient_loss | -0.000365    |
|    value_loss           | 4.2e+04      |
------------------------------------------
2026-04-18 22:33:46,695 [INFO] DGRL-v7: [AdaptivePenalty] step=1,888,256 | viol_rate=0.053 (target=0.05) | λ_msd: -184.4 → -184.5
------------------------------------------
| rollout/                |              |
|    ep_len_mean          | 100          |
|    ep_rew_mean          | 1.68e+03     |
| time/                   |              |
|    fps                  | 57           |
|    iterations           | 922          |
|    time_elapsed         | 32842        |
|    total_timesteps      | 1888256      |
| train/                  |              |
|    approx_kl            | 0.0011977359 |
|    clip_fraction        | 0.000293     |
|    clip_range           | 0.2          |
|    entropy_loss         | -4.55        |
|    explained_variance   | 0.397        |
|    learning_rate        | 0.0003       |
|    loss                 | 1.38e+04     |
|    n_updates            | 9210         |
|    policy_gradient_loss | -0.000938    |
|    value_loss           | 5.28e+04     |
------------------------------------------
------------------------------------------
| rollout/                |              |
|    ep_len_mean          | 100          |
|    ep_rew_mean          | 1.66e+03     |
| time/                   |              |
|    fps                  | 57           |
|    iterations           | 923          |
|    time_elapsed         | 32877        |
|    total_timesteps      | 1890304      |
| train/                  |              |
|    approx_kl            | 0.0011359393 |
|    clip_fraction        | 0.000293     |
|    clip_range           | 0.2          |
|    entropy_loss         | -4.55        |
|    explained_variance   | 0.274        |
|    learning_rate        | 0.0003       |
|    loss                 | 1.59e+04     |
|    n_updates            | 9220         |
|    policy_gradient_loss | -0.00081     |
|    value_loss           | 5.21e+04     |
------------------------------------------
2026-04-18 22:34:53,498 [INFO] DGRL-v7: [AdaptivePenalty] step=1,892,352 | viol_rate=0.047 (target=0.05) | λ_msd: -184.5 → -184.4
------------------------------------------
| rollout/                |              |
|    ep_len_mean          | 100          |
|    ep_rew_mean          | 1.75e+03     |
| time/                   |              |
|    fps                  | 57           |
|    iterations           | 924          |
|    time_elapsed         | 32909        |
|    total_timesteps      | 1892352      |
| train/                  |              |
|    approx_kl            | 0.0010921066 |
|    clip_fraction        | 0.000342     |
|    clip_range           | 0.2          |
|    entropy_loss         | -4.55        |
|    explained_variance   | 0.241        |
|    learning_rate        | 0.0003       |
|    loss                 | 1.23e+04     |
|    n_updates            | 9230         |
|    policy_gradient_loss | -0.000311    |
|    value_loss           | 4.71e+04     |
------------------------------------------
------------------------------------------
| rollout/                |              |
|    ep_len_mean          | 100          |
|    ep_rew_mean          | 1.73e+03     |
| time/                   |              |
|    fps                  | 57           |
|    iterations           | 925          |
|    time_elapsed         | 32941        |
|    total_timesteps      | 1894400      |
| train/                  |              |
|    approx_kl            | 0.0009590724 |
|    clip_fraction        | 0.000293     |
|    clip_range           | 0.2          |
|    entropy_loss         | -4.55        |
|    explained_variance   | 0.339        |
|    learning_rate        | 0.0003       |
|    loss                 | 1.61e+04     |
|    n_updates            | 9240         |
|    policy_gradient_loss | 0.00137      |
|    value_loss           | 4.71e+04     |
------------------------------------------
2026-04-18 22:36:01,056 [INFO] DGRL-v7: [AdaptivePenalty] step=1,896,448 | viol_rate=0.043 (target=0.05) | λ_msd: -184.4 → -184.0
------------------------------------------
| rollout/                |              |
|    ep_len_mean          | 100          |
|    ep_rew_mean          | 1.8e+03      |
| time/                   |              |
|    fps                  | 57           |
|    iterations           | 926          |
|    time_elapsed         | 32976        |
|    total_timesteps      | 1896448      |
| train/                  |              |
|    approx_kl            | 0.0010072088 |
|    clip_fraction        | 4.88e-05     |
|    clip_range           | 0.2          |
|    entropy_loss         | -4.55        |
|    explained_variance   | 0.429        |
|    learning_rate        | 0.0003       |
|    loss                 | 1.8e+04      |
|    n_updates            | 9250         |
|    policy_gradient_loss | -6.46e-06    |
|    value_loss           | 5.1e+04      |
------------------------------------------
-----------------------------------------
| rollout/                |             |
|    ep_len_mean          | 100         |
|    ep_rew_mean          | 1.88e+03    |
| time/                   |             |
|    fps                  | 57          |
|    iterations           | 927         |
|    time_elapsed         | 33010       |
|    total_timesteps      | 1898496     |
| train/                  |             |
|    approx_kl            | 0.000832765 |
|    clip_fraction        | 4.88e-05    |
|    clip_range           | 0.2         |
|    entropy_loss         | -4.55       |
|    explained_variance   | 0.346       |
|    learning_rate        | 0.0003      |
|    loss                 | 1.62e+04    |
|    n_updates            | 9260        |
|    policy_gradient_loss | -0.00151    |
|    value_loss           | 4.71e+04    |
-----------------------------------------
Eval num_timesteps=1900000, episode_reward=-7020.41 +/- 1894.17
Episode length: 100.00 +/- 0.00
-------------------------------------------
| eval/                   |               |
|    mean_ep_length       | 100           |
|    mean_reward          | -7.02e+03     |
| time/                   |               |
|    total_timesteps      | 1900000       |
| train/                  |               |
|    approx_kl            | 0.00089494453 |
|    clip_fraction        | 0             |
|    clip_range           | 0.2           |
|    entropy_loss         | -4.54         |
|    explained_variance   | 0.376         |
|    learning_rate        | 0.0003        |
|    loss                 | 1.47e+04      |
|    n_updates            | 9270          |
|    policy_gradient_loss | 0.000426      |
|    value_loss           | 5.03e+04      |
-------------------------------------------
2026-04-18 22:37:29,276 [INFO] DGRL-v7: [AdaptivePenalty] step=1,900,544 | viol_rate=0.045 (target=0.05) | λ_msd: -184.0 → -183.8
---------------------------------
| rollout/           |          |
|    ep_len_mean     | 100      |
|    ep_rew_mean     | 1.97e+03 |
| time/              |          |
|    fps             | 57       |
|    iterations      | 928      |
|    time_elapsed    | 33064    |
|    total_timesteps | 1900544  |
---------------------------------
------------------------------------------
| rollout/                |              |
|    ep_len_mean          | 100          |
|    ep_rew_mean          | 1.96e+03     |
| time/                   |              |
|    fps                  | 57           |
|    iterations           | 929          |
|    time_elapsed         | 33099        |
|    total_timesteps      | 1902592      |
| train/                  |              |
|    approx_kl            | 0.0007558331 |
|    clip_fraction        | 0            |
|    clip_range           | 0.2          |
|    entropy_loss         | -4.54        |
|    explained_variance   | 0.425        |
|    learning_rate        | 0.0003       |
|    loss                 | 1.7e+04      |
|    n_updates            | 9280         |
|    policy_gradient_loss | -0.000317    |
|    value_loss           | 4.43e+04     |
------------------------------------------
2026-04-18 22:38:38,719 [INFO] DGRL-v7: [AdaptivePenalty] step=1,904,640 | viol_rate=0.043 (target=0.05) | λ_msd: -183.8 → -183.4
-------------------------------------------
| rollout/                |               |
|    ep_len_mean          | 100           |
|    ep_rew_mean          | 1.99e+03      |
| time/                   |               |
|    fps                  | 57            |
|    iterations           | 930           |
|    time_elapsed         | 33134         |
|    total_timesteps      | 1904640       |
| train/                  |               |
|    approx_kl            | 0.00077680533 |
|    clip_fraction        | 0             |
|    clip_range           | 0.2           |
|    entropy_loss         | -4.53         |
|    explained_variance   | 0.409         |
|    learning_rate        | 0.0003        |
|    loss                 | 1.71e+04      |
|    n_updates            | 9290          |
|    policy_gradient_loss | 0.000425      |
|    value_loss           | 5.11e+04      |
-------------------------------------------
-----------------------------------------
| rollout/                |             |
|    ep_len_mean          | 100         |
|    ep_rew_mean          | 2.04e+03    |
| time/                   |             |
|    fps                  | 57          |
|    iterations           | 931         |
|    time_elapsed         | 33168       |
|    total_timesteps      | 1906688     |
| train/                  |             |
|    approx_kl            | 0.001308426 |
|    clip_fraction        | 0.000195    |
|    clip_range           | 0.2         |
|    entropy_loss         | -4.54       |
|    explained_variance   | 0.376       |
|    learning_rate        | 0.0003      |
|    loss                 | 1.87e+04    |
|    n_updates            | 9300        |
|    policy_gradient_loss | -0.00167    |
|    value_loss           | 5.77e+04    |
-----------------------------------------
2026-04-18 22:39:46,933 [INFO] DGRL-v7: [AdaptivePenalty] step=1,908,736 | viol_rate=0.045 (target=0.05) | λ_msd: -183.4 → -183.2
------------------------------------------
| rollout/                |              |
|    ep_len_mean          | 100          |
|    ep_rew_mean          | 2e+03        |
| time/                   |              |
|    fps                  | 57           |
|    iterations           | 932          |
|    time_elapsed         | 33202        |
|    total_timesteps      | 1908736      |
| train/                  |              |
|    approx_kl            | 0.0007223345 |
|    clip_fraction        | 0.000146     |
|    clip_range           | 0.2          |
|    entropy_loss         | -4.54        |
|    explained_variance   | 0.477        |
|    learning_rate        | 0.0003       |
|    loss                 | 1.61e+04     |
|    n_updates            | 9310         |
|    policy_gradient_loss | -0.000405    |
|    value_loss           | 5.14e+04     |
------------------------------------------
-------------------------------------------
| rollout/                |               |
|    ep_len_mean          | 100           |
|    ep_rew_mean          | 1.95e+03      |
| time/                   |               |
|    fps                  | 57            |
|    iterations           | 933           |
|    time_elapsed         | 33235         |
|    total_timesteps      | 1910784       |
| train/                  |               |
|    approx_kl            | 0.00091631385 |
|    clip_fraction        | 0.000537      |
|    clip_range           | 0.2           |
|    entropy_loss         | -4.54         |
|    explained_variance   | 0.453         |
|    learning_rate        | 0.0003        |
|    loss                 | 1.43e+04      |
|    n_updates            | 9320          |
|    policy_gradient_loss | 0.000105      |
|    value_loss           | 4.52e+04      |
-------------------------------------------
2026-04-18 22:40:49,331 [INFO] DGRL-v7: [AdaptivePenalty] step=1,912,832 | viol_rate=0.046 (target=0.05) | λ_msd: -183.2 → -183.0
------------------------------------------
| rollout/                |              |
|    ep_len_mean          | 100          |
|    ep_rew_mean          | 1.92e+03     |
| time/                   |              |
|    fps                  | 57           |
|    iterations           | 934          |
|    time_elapsed         | 33264        |
|    total_timesteps      | 1912832      |
| train/                  |              |
|    approx_kl            | 0.0006683413 |
|    clip_fraction        | 0            |
|    clip_range           | 0.2          |
|    entropy_loss         | -4.54        |
|    explained_variance   | 0.457        |
|    learning_rate        | 0.0003       |
|    loss                 | 1.49e+04     |
|    n_updates            | 9330         |
|    policy_gradient_loss | -0.000888    |
|    value_loss           | 4.59e+04     |
------------------------------------------
------------------------------------------
| rollout/                |              |
|    ep_len_mean          | 100          |
|    ep_rew_mean          | 1.92e+03     |
| time/                   |              |
|    fps                  | 57           |
|    iterations           | 935          |
|    time_elapsed         | 33300        |
|    total_timesteps      | 1914880      |
| train/                  |              |
|    approx_kl            | 0.0008497313 |
|    clip_fraction        | 9.77e-05     |
|    clip_range           | 0.2          |
|    entropy_loss         | -4.54        |
|    explained_variance   | 0.486        |
|    learning_rate        | 0.0003       |
|    loss                 | 1.4e+04      |
|    n_updates            | 9340         |
|    policy_gradient_loss | 0.000156     |
|    value_loss           | 4.53e+04     |
------------------------------------------
2026-04-18 22:42:00,102 [INFO] DGRL-v7: [AdaptivePenalty] step=1,916,928 | viol_rate=0.047 (target=0.05) | λ_msd: -183.0 → -182.8
-----------------------------------------
| rollout/                |             |
|    ep_len_mean          | 100         |
|    ep_rew_mean          | 1.86e+03    |
| time/                   |             |
|    fps                  | 57          |
|    iterations           | 936         |
|    time_elapsed         | 33335       |
|    total_timesteps      | 1916928     |
| train/                  |             |
|    approx_kl            | 0.001108001 |
|    clip_fraction        | 0.000488    |
|    clip_range           | 0.2         |
|    entropy_loss         | -4.54       |
|    explained_variance   | 0.37        |
|    learning_rate        | 0.0003      |
|    loss                 | 1.67e+04    |
|    n_updates            | 9350        |
|    policy_gradient_loss | -0.000576   |
|    value_loss           | 4.93e+04    |
-----------------------------------------
------------------------------------------
| rollout/                |              |
|    ep_len_mean          | 100          |
|    ep_rew_mean          | 1.83e+03     |
| time/                   |              |
|    fps                  | 57           |
|    iterations           | 937          |
|    time_elapsed         | 33363        |
|    total_timesteps      | 1918976      |
| train/                  |              |
|    approx_kl            | 0.0010563489 |
|    clip_fraction        | 0.000244     |
|    clip_range           | 0.2          |
|    entropy_loss         | -4.54        |
|    explained_variance   | 0.346        |
|    learning_rate        | 0.0003       |
|    loss                 | 2.04e+04     |
|    n_updates            | 9360         |
|    policy_gradient_loss | 1.05e-05     |
|    value_loss           | 5.17e+04     |
------------------------------------------
2026-04-18 22:43:02,661 [INFO] DGRL-v7: [AdaptivePenalty] step=1,921,024 | viol_rate=0.042 (target=0.05) | λ_msd: -182.8 → -182.4
-------------------------------------------
| rollout/                |               |
|    ep_len_mean          | 100           |
|    ep_rew_mean          | 1.88e+03      |
| time/                   |               |
|    fps                  | 57            |
|    iterations           | 938           |
|    time_elapsed         | 33398         |
|    total_timesteps      | 1921024       |
| train/                  |               |
|    approx_kl            | 0.00094184803 |
|    clip_fraction        | 9.77e-05      |
|    clip_range           | 0.2           |
|    entropy_loss         | -4.54         |
|    explained_variance   | 0.27          |
|    learning_rate        | 0.0003        |
|    loss                 | 1.67e+04      |
|    n_updates            | 9370          |
|    policy_gradient_loss | -0.000765     |
|    value_loss           | 5.23e+04      |
-------------------------------------------
------------------------------------------
| rollout/                |              |
|    ep_len_mean          | 100          |
|    ep_rew_mean          | 1.88e+03     |
| time/                   |              |
|    fps                  | 57           |
|    iterations           | 939          |
|    time_elapsed         | 33433        |
|    total_timesteps      | 1923072      |
| train/                  |              |
|    approx_kl            | 0.0011552407 |
|    clip_fraction        | 9.77e-05     |
|    clip_range           | 0.2          |
|    entropy_loss         | -4.54        |
|    explained_variance   | 0.261        |
|    learning_rate        | 0.0003       |
|    loss                 | 1.64e+04     |
|    n_updates            | 9380         |
|    policy_gradient_loss | -0.00069     |
|    value_loss           | 5.22e+04     |
------------------------------------------
2026-04-18 22:44:12,371 [INFO] DGRL-v7: [AdaptivePenalty] step=1,925,120 | viol_rate=0.040 (target=0.05) | λ_msd: -182.4 → -181.9
------------------------------------------
| rollout/                |              |
|    ep_len_mean          | 100          |
|    ep_rew_mean          | 1.91e+03     |
| time/                   |              |
|    fps                  | 57           |
|    iterations           | 940          |
|    time_elapsed         | 33468        |
|    total_timesteps      | 1925120      |
| train/                  |              |
|    approx_kl            | 0.0009297207 |
|    clip_fraction        | 9.77e-05     |
|    clip_range           | 0.2          |
|    entropy_loss         | -4.54        |
|    explained_variance   | 0.459        |
|    learning_rate        | 0.0003       |
|    loss                 | 1.88e+04     |
|    n_updates            | 9390         |
|    policy_gradient_loss | 0.000168     |
|    value_loss           | 5.37e+04     |
------------------------------------------
-------------------------------------------
| rollout/                |               |
|    ep_len_mean          | 100           |
|    ep_rew_mean          | 1.91e+03      |
| time/                   |               |
|    fps                  | 57            |
|    iterations           | 941           |
|    time_elapsed         | 33501         |
|    total_timesteps      | 1927168       |
| train/                  |               |
|    approx_kl            | 0.00075257744 |
|    clip_fraction        | 0             |
|    clip_range           | 0.2           |
|    entropy_loss         | -4.54         |
|    explained_variance   | 0.438         |
|    learning_rate        | 0.0003        |
|    loss                 | 1.67e+04      |
|    n_updates            | 9400          |
|    policy_gradient_loss | -0.0011       |
|    value_loss           | 4.88e+04      |
-------------------------------------------
2026-04-18 22:45:19,885 [INFO] DGRL-v7: [AdaptivePenalty] step=1,929,216 | viol_rate=0.045 (target=0.05) | λ_msd: -181.9 → -181.7
------------------------------------------
| rollout/                |              |
|    ep_len_mean          | 100          |
|    ep_rew_mean          | 1.9e+03      |
| time/                   |              |
|    fps                  | 57           |
|    iterations           | 942          |
|    time_elapsed         | 33535        |
|    total_timesteps      | 1929216      |
| train/                  |              |
|    approx_kl            | 0.0006872112 |
|    clip_fraction        | 0            |
|    clip_range           | 0.2          |
|    entropy_loss         | -4.54        |
|    explained_variance   | 0.366        |
|    learning_rate        | 0.0003       |
|    loss                 | 1.79e+04     |
|    n_updates            | 9410         |
|    policy_gradient_loss | -9.38e-05    |
|    value_loss           | 4.38e+04     |
------------------------------------------
-------------------------------------------
| rollout/                |               |
|    ep_len_mean          | 100           |
|    ep_rew_mean          | 1.88e+03      |
| time/                   |               |
|    fps                  | 57            |
|    iterations           | 943           |
|    time_elapsed         | 33569         |
|    total_timesteps      | 1931264       |
| train/                  |               |
|    approx_kl            | 0.00084797863 |
|    clip_fraction        | 4.88e-05      |
|    clip_range           | 0.2           |
|    entropy_loss         | -4.54         |
|    explained_variance   | 0.331         |
|    learning_rate        | 0.0003        |
|    loss                 | 1.4e+04       |
|    n_updates            | 9420          |
|    policy_gradient_loss | -0.000833     |
|    value_loss           | 4.63e+04      |
-------------------------------------------
2026-04-18 22:46:29,017 [INFO] DGRL-v7: [AdaptivePenalty] step=1,933,312 | viol_rate=0.043 (target=0.05) | λ_msd: -181.7 → -181.3
-------------------------------------------
| rollout/                |               |
|    ep_len_mean          | 100           |
|    ep_rew_mean          | 1.92e+03      |
| time/                   |               |
|    fps                  | 57            |
|    iterations           | 944           |
|    time_elapsed         | 33604         |
|    total_timesteps      | 1933312       |
| train/                  |               |
|    approx_kl            | 0.00094204943 |
|    clip_fraction        | 0.000244      |
|    clip_range           | 0.2           |
|    entropy_loss         | -4.54         |
|    explained_variance   | 0.329         |
|    learning_rate        | 0.0003        |
|    loss                 | 1.53e+04      |
|    n_updates            | 9430          |
|    policy_gradient_loss | -0.000188     |
|    value_loss           | 5.29e+04      |
-------------------------------------------
-----------------------------------------
| rollout/                |             |
|    ep_len_mean          | 100         |
|    ep_rew_mean          | 1.86e+03    |
| time/                   |             |
|    fps                  | 57          |
|    iterations           | 945         |
|    time_elapsed         | 33638       |
|    total_timesteps      | 1935360     |
| train/                  |             |
|    approx_kl            | 0.000866532 |
|    clip_fraction        | 0.000391    |
|    clip_range           | 0.2         |
|    entropy_loss         | -4.54       |
|    explained_variance   | 0.337       |
|    learning_rate        | 0.0003      |
|    loss                 | 1.52e+04    |
|    n_updates            | 9440        |
|    policy_gradient_loss | 0.000426    |
|    value_loss           | 4.1e+04     |
-----------------------------------------
2026-04-18 22:47:36,478 [INFO] DGRL-v7: [AdaptivePenalty] step=1,937,408 | viol_rate=0.041 (target=0.05) | λ_msd: -181.3 → -180.9
-------------------------------------------
| rollout/                |               |
|    ep_len_mean          | 100           |
|    ep_rew_mean          | 1.92e+03      |
| time/                   |               |
|    fps                  | 57            |
|    iterations           | 946           |
|    time_elapsed         | 33672         |
|    total_timesteps      | 1937408       |
| train/                  |               |
|    approx_kl            | 0.00084414985 |
|    clip_fraction        | 9.77e-05      |
|    clip_range           | 0.2           |
|    entropy_loss         | -4.55         |
|    explained_variance   | 0.429         |
|    learning_rate        | 0.0003        |
|    loss                 | 1.46e+04      |
|    n_updates            | 9450          |
|    policy_gradient_loss | -0.000565     |
|    value_loss           | 5e+04         |
-------------------------------------------
-------------------------------------------
| rollout/                |               |
|    ep_len_mean          | 100           |
|    ep_rew_mean          | 1.93e+03      |
| time/                   |               |
|    fps                  | 57            |
|    iterations           | 947           |
|    time_elapsed         | 33704         |
|    total_timesteps      | 1939456       |
| train/                  |               |
|    approx_kl            | 0.00077848276 |
|    clip_fraction        | 0             |
|    clip_range           | 0.2           |
|    entropy_loss         | -4.54         |
|    explained_variance   | 0.424         |
|    learning_rate        | 0.0003        |
|    loss                 | 1.32e+04      |
|    n_updates            | 9460          |
|    policy_gradient_loss | 0.00018       |
|    value_loss           | 4.08e+04      |
-------------------------------------------
2026-04-18 22:48:44,065 [INFO] DGRL-v7: [AdaptivePenalty] step=1,941,504 | viol_rate=0.050 (target=0.05) | λ_msd: -180.9 → -180.8
------------------------------------------
| rollout/                |              |
|    ep_len_mean          | 100          |
|    ep_rew_mean          | 1.88e+03     |
| time/                   |              |
|    fps                  | 57           |
|    iterations           | 948          |
|    time_elapsed         | 33739        |
|    total_timesteps      | 1941504      |
| train/                  |              |
|    approx_kl            | 0.0008515533 |
|    clip_fraction        | 0.000244     |
|    clip_range           | 0.2          |
|    entropy_loss         | -4.54        |
|    explained_variance   | 0.433        |
|    learning_rate        | 0.0003       |
|    loss                 | 1.64e+04     |
|    n_updates            | 9470         |
|    policy_gradient_loss | 6.92e-05     |
|    value_loss           | 5.74e+04     |
------------------------------------------
------------------------------------------
| rollout/                |              |
|    ep_len_mean          | 100          |
|    ep_rew_mean          | 1.86e+03     |
| time/                   |              |
|    fps                  | 57           |
|    iterations           | 949          |
|    time_elapsed         | 33775        |
|    total_timesteps      | 1943552      |
| train/                  |              |
|    approx_kl            | 0.0006865824 |
|    clip_fraction        | 0            |
|    clip_range           | 0.2          |
|    entropy_loss         | -4.54        |
|    explained_variance   | 0.416        |
|    learning_rate        | 0.0003       |
|    loss                 | 1.49e+04     |
|    n_updates            | 9480         |
|    policy_gradient_loss | -0.000537    |
|    value_loss           | 5.37e+04     |
------------------------------------------
2026-04-18 22:49:53,317 [INFO] DGRL-v7: [AdaptivePenalty] step=1,945,600 | viol_rate=0.045 (target=0.05) | λ_msd: -180.8 → -180.6
-------------------------------------------
| rollout/                |               |
|    ep_len_mean          | 100           |
|    ep_rew_mean          | 1.92e+03      |
| time/                   |               |
|    fps                  | 57            |
|    iterations           | 950           |
|    time_elapsed         | 33808         |
|    total_timesteps      | 1945600       |
| train/                  |               |
|    approx_kl            | 0.00074135524 |
|    clip_fraction        | 4.88e-05      |
|    clip_range           | 0.2           |
|    entropy_loss         | -4.54         |
|    explained_variance   | 0.328         |
|    learning_rate        | 0.0003        |
|    loss                 | 2.01e+04      |
|    n_updates            | 9490          |
|    policy_gradient_loss | 0.0011        |
|    value_loss           | 5.79e+04      |
-------------------------------------------
-------------------------------------------
| rollout/                |               |
|    ep_len_mean          | 100           |
|    ep_rew_mean          | 1.93e+03      |
| time/                   |               |
|    fps                  | 57            |
|    iterations           | 951           |
|    time_elapsed         | 33841         |
|    total_timesteps      | 1947648       |
| train/                  |               |
|    approx_kl            | 0.00081624475 |
|    clip_fraction        | 4.88e-05      |
|    clip_range           | 0.2           |
|    entropy_loss         | -4.54         |
|    explained_variance   | 0.33          |
|    learning_rate        | 0.0003        |
|    loss                 | 1.03e+04      |
|    n_updates            | 9500          |
|    policy_gradient_loss | -0.000904     |
|    value_loss           | 4.17e+04      |
-------------------------------------------
2026-04-18 22:50:57,919 [INFO] DGRL-v7: [AdaptivePenalty] step=1,949,696 | viol_rate=0.049 (target=0.05) | λ_msd: -180.6 → -180.6
-------------------------------------------
| rollout/                |               |
|    ep_len_mean          | 100           |
|    ep_rew_mean          | 1.89e+03      |
| time/                   |               |
|    fps                  | 57            |
|    iterations           | 952           |
|    time_elapsed         | 33873         |
|    total_timesteps      | 1949696       |
| train/                  |               |
|    approx_kl            | 0.00094813976 |
|    clip_fraction        | 4.88e-05      |
|    clip_range           | 0.2           |
|    entropy_loss         | -4.54         |
|    explained_variance   | 0.415         |
|    learning_rate        | 0.0003        |
|    loss                 | 1.34e+04      |
|    n_updates            | 9510          |
|    policy_gradient_loss | -0.000803     |
|    value_loss           | 3.9e+04       |
-------------------------------------------
Eval num_timesteps=1950000, episode_reward=-5168.56 +/- 1035.60
Episode length: 100.00 +/- 0.00
------------------------------------------
| eval/                   |              |
|    mean_ep_length       | 100          |
|    mean_reward          | -5.17e+03    |
| time/                   |              |
|    total_timesteps      | 1950000      |
| train/                  |              |
|    approx_kl            | 0.0010061649 |
|    clip_fraction        | 0.000146     |
|    clip_range           | 0.2          |
|    entropy_loss         | -4.54        |
|    explained_variance   | 0.467        |
|    learning_rate        | 0.0003       |
|    loss                 | 1.32e+04     |
|    n_updates            | 9520         |
|    policy_gradient_loss | -0.00128     |
|    value_loss           | 3.99e+04     |
------------------------------------------
New best mean reward!
---------------------------------
| rollout/           |          |
|    ep_len_mean     | 100      |
|    ep_rew_mean     | 1.89e+03 |
| time/              |          |
|    fps             | 57       |
|    iterations      | 953      |
|    time_elapsed    | 33955    |
|    total_timesteps | 1951744  |
---------------------------------
2026-04-18 22:52:49,407 [INFO] DGRL-v7: [AdaptivePenalty] step=1,953,792 | viol_rate=0.049 (target=0.05) | λ_msd: -180.6 → -180.5
-------------------------------------------
| rollout/                |               |
|    ep_len_mean          | 100           |
|    ep_rew_mean          | 1.83e+03      |
| time/                   |               |
|    fps                  | 57            |
|    iterations           | 954           |
|    time_elapsed         | 33985         |
|    total_timesteps      | 1953792       |
| train/                  |               |
|    approx_kl            | 0.00096875906 |
|    clip_fraction        | 9.77e-05      |
|    clip_range           | 0.2           |
|    entropy_loss         | -4.54         |
|    explained_variance   | 0.316         |
|    learning_rate        | 0.0003        |
|    loss                 | 1.62e+04      |
|    n_updates            | 9530          |
|    policy_gradient_loss | -0.000391     |
|    value_loss           | 5.64e+04      |
-------------------------------------------
-------------------------------------------
| rollout/                |               |
|    ep_len_mean          | 100           |
|    ep_rew_mean          | 1.85e+03      |
| time/                   |               |
|    fps                  | 57            |
|    iterations           | 955           |
|    time_elapsed         | 34019         |
|    total_timesteps      | 1955840       |
| train/                  |               |
|    approx_kl            | 0.00079937314 |
|    clip_fraction        | 0             |
|    clip_range           | 0.2           |
|    entropy_loss         | -4.54         |
|    explained_variance   | 0.368         |
|    learning_rate        | 0.0003        |
|    loss                 | 1.59e+04      |
|    n_updates            | 9540          |
|    policy_gradient_loss | 2.02e-05      |
|    value_loss           | 5.04e+04      |
-------------------------------------------
2026-04-18 22:53:55,922 [INFO] DGRL-v7: [AdaptivePenalty] step=1,957,888 | viol_rate=0.044 (target=0.05) | λ_msd: -180.5 → -180.2
-------------------------------------------
| rollout/                |               |
|    ep_len_mean          | 100           |
|    ep_rew_mean          | 1.85e+03      |
| time/                   |               |
|    fps                  | 57            |
|    iterations           | 956           |
|    time_elapsed         | 34051         |
|    total_timesteps      | 1957888       |
| train/                  |               |
|    approx_kl            | 0.00086129876 |
|    clip_fraction        | 0             |
|    clip_range           | 0.2           |
|    entropy_loss         | -4.54         |
|    explained_variance   | 0.426         |
|    learning_rate        | 0.0003        |
|    loss                 | 1.34e+04      |
|    n_updates            | 9550          |
|    policy_gradient_loss | -0.0005       |
|    value_loss           | 4.51e+04      |
-------------------------------------------
-------------------------------------------
| rollout/                |               |
|    ep_len_mean          | 100           |
|    ep_rew_mean          | 1.92e+03      |
| time/                   |               |
|    fps                  | 57            |
|    iterations           | 957           |
|    time_elapsed         | 34087         |
|    total_timesteps      | 1959936       |
| train/                  |               |
|    approx_kl            | 0.00073252653 |
|    clip_fraction        | 4.88e-05      |
|    clip_range           | 0.2           |
|    entropy_loss         | -4.54         |
|    explained_variance   | 0.409         |
|    learning_rate        | 0.0003        |
|    loss                 | 1.48e+04      |
|    n_updates            | 9560          |
|    policy_gradient_loss | -0.000181     |
|    value_loss           | 4.71e+04      |
-------------------------------------------
2026-04-18 22:55:06,574 [INFO] DGRL-v7: [AdaptivePenalty] step=1,961,984 | viol_rate=0.045 (target=0.05) | λ_msd: -180.2 → -180.0
------------------------------------------
| rollout/                |              |
|    ep_len_mean          | 100          |
|    ep_rew_mean          | 1.97e+03     |
| time/                   |              |
|    fps                  | 57           |
|    iterations           | 958          |
|    time_elapsed         | 34122        |
|    total_timesteps      | 1961984      |
| train/                  |              |
|    approx_kl            | 0.0009648749 |
|    clip_fraction        | 0.000146     |
|    clip_range           | 0.2          |
|    entropy_loss         | -4.54        |
|    explained_variance   | 0.466        |
|    learning_rate        | 0.0003       |
|    loss                 | 1.44e+04     |
|    n_updates            | 9570         |
|    policy_gradient_loss | -8.3e-05     |
|    value_loss           | 3.8e+04      |
------------------------------------------
------------------------------------------
| rollout/                |              |
|    ep_len_mean          | 100          |
|    ep_rew_mean          | 1.95e+03     |
| time/                   |              |
|    fps                  | 57           |
|    iterations           | 959          |
|    time_elapsed         | 34155        |
|    total_timesteps      | 1964032      |
| train/                  |              |
|    approx_kl            | 0.0009585286 |
|    clip_fraction        | 0.000146     |
|    clip_range           | 0.2          |
|    entropy_loss         | -4.54        |
|    explained_variance   | 0.325        |
|    learning_rate        | 0.0003       |
|    loss                 | 1.77e+04     |
|    n_updates            | 9580         |
|    policy_gradient_loss | -0.000248    |
|    value_loss           | 5.21e+04     |
------------------------------------------
2026-04-18 22:56:12,019 [INFO] DGRL-v7: [AdaptivePenalty] step=1,966,080 | viol_rate=0.043 (target=0.05) | λ_msd: -180.0 → -179.7
------------------------------------------
| rollout/                |              |
|    ep_len_mean          | 100          |
|    ep_rew_mean          | 1.98e+03     |
| time/                   |              |
|    fps                  | 57           |
|    iterations           | 960          |
|    time_elapsed         | 34187        |
|    total_timesteps      | 1966080      |
| train/                  |              |
|    approx_kl            | 0.0007008604 |
|    clip_fraction        | 0            |
|    clip_range           | 0.2          |
|    entropy_loss         | -4.54        |
|    explained_variance   | 0.412        |
|    learning_rate        | 0.0003       |
|    loss                 | 1.69e+04     |
|    n_updates            | 9590         |
|    policy_gradient_loss | 0.000384     |
|    value_loss           | 5.16e+04     |
------------------------------------------
-------------------------------------------
| rollout/                |               |
|    ep_len_mean          | 100           |
|    ep_rew_mean          | 2.05e+03      |
| time/                   |               |
|    fps                  | 57            |
|    iterations           | 961           |
|    time_elapsed         | 34221         |
|    total_timesteps      | 1968128       |
| train/                  |               |
|    approx_kl            | 0.00074347644 |
|    clip_fraction        | 0             |
|    clip_range           | 0.2           |
|    entropy_loss         | -4.54         |
|    explained_variance   | 0.407         |
|    learning_rate        | 0.0003        |
|    loss                 | 1.45e+04      |
|    n_updates            | 9600          |
|    policy_gradient_loss | 0.0011        |
|    value_loss           | 4.83e+04      |
-------------------------------------------
2026-04-18 22:57:20,176 [INFO] DGRL-v7: [AdaptivePenalty] step=1,970,176 | viol_rate=0.043 (target=0.05) | λ_msd: -179.7 → -179.3
------------------------------------------
| rollout/                |              |
|    ep_len_mean          | 100          |
|    ep_rew_mean          | 2e+03        |
| time/                   |              |
|    fps                  | 57           |
|    iterations           | 962          |
|    time_elapsed         | 34255        |
|    total_timesteps      | 1970176      |
| train/                  |              |
|    approx_kl            | 0.0006998117 |
|    clip_fraction        | 0.000146     |
|    clip_range           | 0.2          |
|    entropy_loss         | -4.54        |
|    explained_variance   | 0.404        |
|    learning_rate        | 0.0003       |
|    loss                 | 1.22e+04     |
|    n_updates            | 9610         |
|    policy_gradient_loss | 0.000907     |
|    value_loss           | 3.83e+04     |
------------------------------------------
-------------------------------------------
| rollout/                |               |
|    ep_len_mean          | 100           |
|    ep_rew_mean          | 2.03e+03      |
| time/                   |               |
|    fps                  | 57            |
|    iterations           | 963           |
|    time_elapsed         | 34291         |
|    total_timesteps      | 1972224       |
| train/                  |               |
|    approx_kl            | 0.00066587166 |
|    clip_fraction        | 0             |
|    clip_range           | 0.2           |
|    entropy_loss         | -4.54         |
|    explained_variance   | 0.458         |
|    learning_rate        | 0.0003        |
|    loss                 | 1.48e+04      |
|    n_updates            | 9620          |
|    policy_gradient_loss | -0.000942     |
|    value_loss           | 4.53e+04      |
-------------------------------------------
2026-04-18 22:58:23,569 [INFO] DGRL-v7: [AdaptivePenalty] step=1,974,272 | viol_rate=0.038 (target=0.05) | λ_msd: -179.3 → -178.7
------------------------------------------
| rollout/                |              |
|    ep_len_mean          | 100          |
|    ep_rew_mean          | 2.03e+03     |
| time/                   |              |
|    fps                  | 57           |
|    iterations           | 964          |
|    time_elapsed         | 34319        |
|    total_timesteps      | 1974272      |
| train/                  |              |
|    approx_kl            | 0.0008713475 |
|    clip_fraction        | 0.000293     |
|    clip_range           | 0.2          |
|    entropy_loss         | -4.54        |
|    explained_variance   | 0.362        |
|    learning_rate        | 0.0003       |
|    loss                 | 1.51e+04     |
|    n_updates            | 9630         |
|    policy_gradient_loss | -0.000179    |
|    value_loss           | 4.44e+04     |
------------------------------------------
------------------------------------------
| rollout/                |              |
|    ep_len_mean          | 100          |
|    ep_rew_mean          | 2e+03        |
| time/                   |              |
|    fps                  | 57           |
|    iterations           | 965          |
|    time_elapsed         | 34344        |
|    total_timesteps      | 1976320      |
| train/                  |              |
|    approx_kl            | 0.0011076692 |
|    clip_fraction        | 0.000146     |
|    clip_range           | 0.2          |
|    entropy_loss         | -4.54        |
|    explained_variance   | 0.373        |
|    learning_rate        | 0.0003       |
|    loss                 | 1.54e+04     |
|    n_updates            | 9640         |
|    policy_gradient_loss | -0.000342    |
|    value_loss           | 4.75e+04     |
------------------------------------------
2026-04-18 22:59:24,574 [INFO] DGRL-v7: [AdaptivePenalty] step=1,978,368 | viol_rate=0.042 (target=0.05) | λ_msd: -178.7 → -178.3
-------------------------------------------
| rollout/                |               |
|    ep_len_mean          | 100           |
|    ep_rew_mean          | 1.89e+03      |
| time/                   |               |
|    fps                  | 57            |
|    iterations           | 966           |
|    time_elapsed         | 34380         |
|    total_timesteps      | 1978368       |
| train/                  |               |
|    approx_kl            | 0.00091744604 |
|    clip_fraction        | 4.88e-05      |
|    clip_range           | 0.2           |
|    entropy_loss         | -4.54         |
|    explained_variance   | 0.404         |
|    learning_rate        | 0.0003        |
|    loss                 | 1.44e+04      |
|    n_updates            | 9650          |
|    policy_gradient_loss | -0.000983     |
|    value_loss           | 4.73e+04      |
-------------------------------------------
-------------------------------------------
| rollout/                |               |
|    ep_len_mean          | 100           |
|    ep_rew_mean          | 1.88e+03      |
| time/                   |               |
|    fps                  | 57            |
|    iterations           | 967           |
|    time_elapsed         | 34414         |
|    total_timesteps      | 1980416       |
| train/                  |               |
|    approx_kl            | 0.00071979145 |
|    clip_fraction        | 0             |
|    clip_range           | 0.2           |
|    entropy_loss         | -4.55         |
|    explained_variance   | 0.384         |
|    learning_rate        | 0.0003        |
|    loss                 | 1.95e+04      |
|    n_updates            | 9660          |
|    policy_gradient_loss | -0.000177     |
|    value_loss           | 5.82e+04      |
-------------------------------------------
2026-04-18 23:00:31,569 [INFO] DGRL-v7: [AdaptivePenalty] step=1,982,464 | viol_rate=0.043 (target=0.05) | λ_msd: -178.3 → -177.9
------------------------------------------
| rollout/                |              |
|    ep_len_mean          | 100          |
|    ep_rew_mean          | 1.84e+03     |
| time/                   |              |
|    fps                  | 57           |
|    iterations           | 968          |
|    time_elapsed         | 34447        |
|    total_timesteps      | 1982464      |
| train/                  |              |
|    approx_kl            | 0.0006866053 |
|    clip_fraction        | 0            |
|    clip_range           | 0.2          |
|    entropy_loss         | -4.54        |
|    explained_variance   | 0.383        |
|    learning_rate        | 0.0003       |
|    loss                 | 1.37e+04     |
|    n_updates            | 9670         |
|    policy_gradient_loss | -0.00147     |
|    value_loss           | 4.61e+04     |
------------------------------------------
-------------------------------------------
| rollout/                |               |
|    ep_len_mean          | 100           |
|    ep_rew_mean          | 1.84e+03      |
| time/                   |               |
|    fps                  | 57            |
|    iterations           | 969           |
|    time_elapsed         | 34480         |
|    total_timesteps      | 1984512       |
| train/                  |               |
|    approx_kl            | 0.00081195997 |
|    clip_fraction        | 4.88e-05      |
|    clip_range           | 0.2           |
|    entropy_loss         | -4.55         |
|    explained_variance   | 0.317         |
|    learning_rate        | 0.0003        |
|    loss                 | 1.99e+04      |
|    n_updates            | 9680          |
|    policy_gradient_loss | 0.000518      |
|    value_loss           | 5.85e+04      |
-------------------------------------------
2026-04-18 23:01:39,246 [INFO] DGRL-v7: [AdaptivePenalty] step=1,986,560 | viol_rate=0.047 (target=0.05) | λ_msd: -177.9 → -177.8
------------------------------------------
| rollout/                |              |
|    ep_len_mean          | 100          |
|    ep_rew_mean          | 1.81e+03     |
| time/                   |              |
|    fps                  | 57           |
|    iterations           | 970          |
|    time_elapsed         | 34514        |
|    total_timesteps      | 1986560      |
| train/                  |              |
|    approx_kl            | 0.0007820772 |
|    clip_fraction        | 0.000439     |
|    clip_range           | 0.2          |
|    entropy_loss         | -4.55        |
|    explained_variance   | 0.284        |
|    learning_rate        | 0.0003       |
|    loss                 | 1.57e+04     |
|    n_updates            | 9690         |
|    policy_gradient_loss | -0.00103     |
|    value_loss           | 4.38e+04     |
------------------------------------------
------------------------------------------
| rollout/                |              |
|    ep_len_mean          | 100          |
|    ep_rew_mean          | 1.81e+03     |
| time/                   |              |
|    fps                  | 57           |
|    iterations           | 971          |
|    time_elapsed         | 34553        |
|    total_timesteps      | 1988608      |
| train/                  |              |
|    approx_kl            | 0.0007234621 |
|    clip_fraction        | 0.000342     |
|    clip_range           | 0.2          |
|    entropy_loss         | -4.55        |
|    explained_variance   | 0.42         |
|    learning_rate        | 0.0003       |
|    loss                 | 1.73e+04     |
|    n_updates            | 9700         |
|    policy_gradient_loss | 0.00116      |
|    value_loss           | 4.7e+04      |
------------------------------------------
2026-04-18 23:02:45,719 [INFO] DGRL-v7: [AdaptivePenalty] step=1,990,656 | viol_rate=0.042 (target=0.05) | λ_msd: -177.8 → -177.4
-------------------------------------------
| rollout/                |               |
|    ep_len_mean          | 100           |
|    ep_rew_mean          | 1.9e+03       |
| time/                   |               |
|    fps                  | 57            |
|    iterations           | 972           |
|    time_elapsed         | 34581         |
|    total_timesteps      | 1990656       |
| train/                  |               |
|    approx_kl            | 0.00085054175 |
|    clip_fraction        | 4.88e-05      |
|    clip_range           | 0.2           |
|    entropy_loss         | -4.55         |
|    explained_variance   | 0.423         |
|    learning_rate        | 0.0003        |
|    loss                 | 1.51e+04      |
|    n_updates            | 9710          |
|    policy_gradient_loss | 0.000262      |
|    value_loss           | 4.69e+04      |
-------------------------------------------
-------------------------------------------
| rollout/                |               |
|    ep_len_mean          | 100           |
|    ep_rew_mean          | 1.93e+03      |
| time/                   |               |
|    fps                  | 57            |
|    iterations           | 973           |
|    time_elapsed         | 34615         |
|    total_timesteps      | 1992704       |
| train/                  |               |
|    approx_kl            | 0.00088655145 |
|    clip_fraction        | 4.88e-05      |
|    clip_range           | 0.2           |
|    entropy_loss         | -4.55         |
|    explained_variance   | 0.382         |
|    learning_rate        | 0.0003        |
|    loss                 | 1.51e+04      |
|    n_updates            | 9720          |
|    policy_gradient_loss | -0.000479     |
|    value_loss           | 5.26e+04      |
-------------------------------------------
2026-04-18 23:03:52,348 [INFO] DGRL-v7: [AdaptivePenalty] step=1,994,752 | viol_rate=0.046 (target=0.05) | λ_msd: -177.4 → -177.2
------------------------------------------
| rollout/                |              |
|    ep_len_mean          | 100          |
|    ep_rew_mean          | 2e+03        |
| time/                   |              |
|    fps                  | 57           |
|    iterations           | 974          |
|    time_elapsed         | 34648        |
|    total_timesteps      | 1994752      |
| train/                  |              |
|    approx_kl            | 0.0006535357 |
|    clip_fraction        | 0            |
|    clip_range           | 0.2          |
|    entropy_loss         | -4.55        |
|    explained_variance   | 0.452        |
|    learning_rate        | 0.0003       |
|    loss                 | 1.12e+04     |
|    n_updates            | 9730         |
|    policy_gradient_loss | 0.000517     |
|    value_loss           | 4.38e+04     |
------------------------------------------
------------------------------------------
| rollout/                |              |
|    ep_len_mean          | 100          |
|    ep_rew_mean          | 1.95e+03     |
| time/                   |              |
|    fps                  | 57           |
|    iterations           | 975          |
|    time_elapsed         | 34683        |
|    total_timesteps      | 1996800      |
| train/                  |              |
|    approx_kl            | 0.0010039597 |
|    clip_fraction        | 0.000342     |
|    clip_range           | 0.2          |
|    entropy_loss         | -4.55        |
|    explained_variance   | 0.31         |
|    learning_rate        | 0.0003       |
|    loss                 | 1.47e+04     |
|    n_updates            | 9740         |
|    policy_gradient_loss | -0.00116     |
|    value_loss           | 5.14e+04     |
------------------------------------------
2026-04-18 23:04:57,973 [INFO] DGRL-v7: [AdaptivePenalty] step=1,998,848 | viol_rate=0.049 (target=0.05) | λ_msd: -177.2 → -177.1
------------------------------------------
| rollout/                |              |
|    ep_len_mean          | 100          |
|    ep_rew_mean          | 1.94e+03     |
| time/                   |              |
|    fps                  | 57           |
|    iterations           | 976          |
|    time_elapsed         | 34713        |
|    total_timesteps      | 1998848      |
| train/                  |              |
|    approx_kl            | 0.0007737493 |
|    clip_fraction        | 4.88e-05     |
|    clip_range           | 0.2          |
|    entropy_loss         | -4.54        |
|    explained_variance   | 0.424        |
|    learning_rate        | 0.0003       |
|    loss                 | 1.45e+04     |
|    n_updates            | 9750         |
|    policy_gradient_loss | -0.000669    |
|    value_loss           | 4.81e+04     |
------------------------------------------
Eval num_timesteps=2000000, episode_reward=-5468.90 +/- 1198.07
Episode length: 100.00 +/- 0.00
-----------------------------------------
| eval/                   |             |
|    mean_ep_length       | 100         |
|    mean_reward          | -5.47e+03   |
| time/                   |             |
|    total_timesteps      | 2000000     |
| train/                  |             |
|    approx_kl            | 0.000679812 |
|    clip_fraction        | 0           |
|    clip_range           | 0.2         |
|    entropy_loss         | -4.54       |
|    explained_variance   | 0.417       |
|    learning_rate        | 0.0003      |
|    loss                 | 1.77e+04    |
|    n_updates            | 9760        |
|    policy_gradient_loss | 0.000118    |
|    value_loss           | 5.59e+04    |
-----------------------------------------
---------------------------------
| rollout/           |          |
|    ep_len_mean     | 100      |
|    ep_rew_mean     | 1.94e+03 |
| time/              |          |
|    fps             | 57       |
|    iterations      | 977      |
|    time_elapsed    | 34793    |
|    total_timesteps | 2000896  |
---------------------------------
2026-04-18 23:06:35,825 [INFO] DGRL-v7: ✅ Model Phase 7 saved: /home/hung8uandj/Study/CoreRouter/src/analytics/../../results/models/dgrl_v7.zip

🎉 Training DGRL v7 complete! Model: /home/hung8uandj/Study/CoreRouter/src/analytics/../../results/models/dgrl_v7.zip
