2026-04-18 11:22:59,931 [INFO] DGRL-v6: Dataset: 50000 flows từ /home/hung8uandj/Study/CoreRouter/src/analytics/../../data/real_telecom_combined.csv
2026-04-18 11:23:00,055 [INFO] DGRL-v6: Dataset: 50000 flows từ /home/hung8uandj/Study/CoreRouter/src/analytics/../../data/real_telecom_combined.csv
2026-04-18 11:23:00,938 [INFO] DGRL-v6: GNN Policy params: 737,477
2026-04-18 11:23:00,938 [INFO] DGRL-v6: Training 2,000,000 timesteps... (ước tính ~2-3 giờ trên CPU)
======================================================================
  JO-VDPR DGRL Phase 6 — MSD-Aware Dynamic GNN
  Topology: 10 DC Nodes (Hà Nội → Cần Thơ, latency địa lý thực)
  GNN: Dynamic Adjacency + Residual Skip-Connection
======================================================================
Using cpu device
Wrapping the env in a DummyVecEnv.
Logging to /home/hung8uandj/Study/CoreRouter/src/analytics/../../results/logs/dgrl_v6/PPO_1
---------------------------------
| rollout/           |          |
|    ep_len_mean     | 100      |
|    ep_rew_mean     | 78.4     |
| time/              |          |
|    fps             | 171      |
|    iterations      | 1        |
|    time_elapsed    | 11       |
|    total_timesteps | 2048     |
---------------------------------
------------------------------------------
| rollout/                |              |
|    ep_len_mean          | 100          |
|    ep_rew_mean          | 383          |
| time/                   |              |
|    fps                  | 60           |
|    iterations           | 2            |
|    time_elapsed         | 67           |
|    total_timesteps      | 4096         |
| train/                  |              |
|    approx_kl            | 0.0051878905 |
|    clip_fraction        | 0.0366       |
|    clip_range           | 0.2          |
|    entropy_loss         | -4.6         |
|    explained_variance   | -8.23e-06    |
|    learning_rate        | 0.0003       |
|    loss                 | 1.53e+05     |
|    n_updates            | 10           |
|    policy_gradient_loss | -0.0121      |
|    value_loss           | 3.08e+05     |
------------------------------------------
------------------------------------------
| rollout/                |              |
|    ep_len_mean          | 100          |
|    ep_rew_mean          | 447          |
| time/                   |              |
|    fps                  | 61           |
|    iterations           | 3            |
|    time_elapsed         | 99           |
|    total_timesteps      | 6144         |
| train/                  |              |
|    approx_kl            | 0.0013896103 |
|    clip_fraction        | 0            |
|    clip_range           | 0.2          |
|    entropy_loss         | -4.6         |
|    explained_variance   | 0.00351      |
|    learning_rate        | 0.0003       |
|    loss                 | 1.6e+05      |
|    n_updates            | 20           |
|    policy_gradient_loss | -0.00384     |
|    value_loss           | 2.6e+05      |
------------------------------------------
------------------------------------------
| rollout/                |              |
|    ep_len_mean          | 100          |
|    ep_rew_mean          | 535          |
| time/                   |              |
|    fps                  | 58           |
|    iterations           | 4            |
|    time_elapsed         | 140          |
|    total_timesteps      | 8192         |
| train/                  |              |
|    approx_kl            | 0.0008588673 |
|    clip_fraction        | 0            |
|    clip_range           | 0.2          |
|    entropy_loss         | -4.6         |
|    explained_variance   | 0.00413      |
|    learning_rate        | 0.0003       |
|    loss                 | 1.78e+05     |
|    n_updates            | 30           |
|    policy_gradient_loss | -0.00245     |
|    value_loss           | 3.06e+05     |
------------------------------------------
-----------------------------------------
| rollout/                |             |
|    ep_len_mean          | 100         |
|    ep_rew_mean          | 700         |
| time/                   |             |
|    fps                  | 56          |
|    iterations           | 5           |
|    time_elapsed         | 180         |
|    total_timesteps      | 10240       |
| train/                  |             |
|    approx_kl            | 0.004783533 |
|    clip_fraction        | 0.015       |
|    clip_range           | 0.2         |
|    entropy_loss         | -4.59       |
|    explained_variance   | 0.00203     |
|    learning_rate        | 0.0003      |
|    loss                 | 1.12e+05    |
|    n_updates            | 40          |
|    policy_gradient_loss | -0.00677    |
|    value_loss           | 2.35e+05    |
-----------------------------------------
------------------------------------------
| rollout/                |              |
|    ep_len_mean          | 100          |
|    ep_rew_mean          | 825          |
| time/                   |              |
|    fps                  | 55           |
|    iterations           | 6            |
|    time_elapsed         | 221          |
|    total_timesteps      | 12288        |
| train/                  |              |
|    approx_kl            | 0.0038642837 |
|    clip_fraction        | 0.00415      |
|    clip_range           | 0.2          |
|    entropy_loss         | -4.58        |
|    explained_variance   | 0.00286      |
|    learning_rate        | 0.0003       |
|    loss                 | 1.29e+05     |
|    n_updates            | 50           |
|    policy_gradient_loss | -0.00514     |
|    value_loss           | 2.64e+05     |
------------------------------------------
------------------------------------------
| rollout/                |              |
|    ep_len_mean          | 100          |
|    ep_rew_mean          | 974          |
| time/                   |              |
|    fps                  | 54           |
|    iterations           | 7            |
|    time_elapsed         | 264          |
|    total_timesteps      | 14336        |
| train/                  |              |
|    approx_kl            | 0.0016550398 |
|    clip_fraction        | 0.000391     |
|    clip_range           | 0.2          |
|    entropy_loss         | -4.57        |
|    explained_variance   | 0.0042       |
|    learning_rate        | 0.0003       |
|    loss                 | 1.15e+05     |
|    n_updates            | 60           |
|    policy_gradient_loss | -0.00206     |
|    value_loss           | 2.51e+05     |
------------------------------------------
----------------------------------------
| rollout/                |            |
|    ep_len_mean          | 100        |
|    ep_rew_mean          | 999        |
| time/                   |            |
|    fps                  | 52         |
|    iterations           | 8          |
|    time_elapsed         | 310        |
|    total_timesteps      | 16384      |
| train/                  |            |
|    approx_kl            | 0.00355778 |
|    clip_fraction        | 0.00796    |
|    clip_range           | 0.2        |
|    entropy_loss         | -4.56      |
|    explained_variance   | 0.0089     |
|    learning_rate        | 0.0003     |
|    loss                 | 1.11e+05   |
|    n_updates            | 70         |
|    policy_gradient_loss | -0.00384   |
|    value_loss           | 2.21e+05   |
----------------------------------------
------------------------------------------
| rollout/                |              |
|    ep_len_mean          | 100          |
|    ep_rew_mean          | 1.19e+03     |
| time/                   |              |
|    fps                  | 53           |
|    iterations           | 9            |
|    time_elapsed         | 345          |
|    total_timesteps      | 18432        |
| train/                  |              |
|    approx_kl            | 0.0014968968 |
|    clip_fraction        | 0.00132      |
|    clip_range           | 0.2          |
|    entropy_loss         | -4.55        |
|    explained_variance   | 0.00339      |
|    learning_rate        | 0.0003       |
|    loss                 | 1.1e+05      |
|    n_updates            | 80           |
|    policy_gradient_loss | -0.0014      |
|    value_loss           | 2.47e+05     |
------------------------------------------
-----------------------------------------
| rollout/                |             |
|    ep_len_mean          | 100         |
|    ep_rew_mean          | 1.25e+03    |
| time/                   |             |
|    fps                  | 53          |
|    iterations           | 10          |
|    time_elapsed         | 380         |
|    total_timesteps      | 20480       |
| train/                  |             |
|    approx_kl            | 0.008764575 |
|    clip_fraction        | 0.0813      |
|    clip_range           | 0.2         |
|    entropy_loss         | -4.53       |
|    explained_variance   | -0.000259   |
|    learning_rate        | 0.0003      |
|    loss                 | 1.16e+05    |
|    n_updates            | 90          |
|    policy_gradient_loss | -0.00718    |
|    value_loss           | 2.33e+05    |
-----------------------------------------
-----------------------------------------
| rollout/                |             |
|    ep_len_mean          | 100         |
|    ep_rew_mean          | 1.37e+03    |
| time/                   |             |
|    fps                  | 54          |
|    iterations           | 11          |
|    time_elapsed         | 415         |
|    total_timesteps      | 22528       |
| train/                  |             |
|    approx_kl            | 0.009517487 |
|    clip_fraction        | 0.0594      |
|    clip_range           | 0.2         |
|    entropy_loss         | -4.51       |
|    explained_variance   | 0           |
|    learning_rate        | 0.0003      |
|    loss                 | 1.13e+05    |
|    n_updates            | 100         |
|    policy_gradient_loss | -0.00827    |
|    value_loss           | 2.3e+05     |
-----------------------------------------
------------------------------------------
| rollout/                |              |
|    ep_len_mean          | 100          |
|    ep_rew_mean          | 1.4e+03      |
| time/                   |              |
|    fps                  | 54           |
|    iterations           | 12           |
|    time_elapsed         | 448          |
|    total_timesteps      | 24576        |
| train/                  |              |
|    approx_kl            | 0.0068619894 |
|    clip_fraction        | 0.0248       |
|    clip_range           | 0.2          |
|    entropy_loss         | -4.49        |
|    explained_variance   | 1.19e-07     |
|    learning_rate        | 0.0003       |
|    loss                 | 8.64e+04     |
|    n_updates            | 110          |
|    policy_gradient_loss | -0.00543     |
|    value_loss           | 1.94e+05     |
------------------------------------------
------------------------------------------
| rollout/                |              |
|    ep_len_mean          | 100          |
|    ep_rew_mean          | 1.62e+03     |
| time/                   |              |
|    fps                  | 55           |
|    iterations           | 13           |
|    time_elapsed         | 482          |
|    total_timesteps      | 26624        |
| train/                  |              |
|    approx_kl            | 0.0077417595 |
|    clip_fraction        | 0.0588       |
|    clip_range           | 0.2          |
|    entropy_loss         | -4.46        |
|    explained_variance   | 0            |
|    learning_rate        | 0.0003       |
|    loss                 | 1.11e+05     |
|    n_updates            | 120          |
|    policy_gradient_loss | -0.00844     |
|    value_loss           | 2.15e+05     |
------------------------------------------
------------------------------------------
| rollout/                |              |
|    ep_len_mean          | 100          |
|    ep_rew_mean          | 1.5e+03      |
| time/                   |              |
|    fps                  | 55           |
|    iterations           | 14           |
|    time_elapsed         | 519          |
|    total_timesteps      | 28672        |
| train/                  |              |
|    approx_kl            | 0.0061918544 |
|    clip_fraction        | 0.0282       |
|    clip_range           | 0.2          |
|    entropy_loss         | -4.46        |
|    explained_variance   | 0            |
|    learning_rate        | 0.0003       |
|    loss                 | 1.23e+05     |
|    n_updates            | 130          |
|    policy_gradient_loss | -0.0054      |
|    value_loss           | 2.15e+05     |
------------------------------------------
-----------------------------------------
| rollout/                |             |
|    ep_len_mean          | 100         |
|    ep_rew_mean          | 1.52e+03    |
| time/                   |             |
|    fps                  | 55          |
|    iterations           | 15          |
|    time_elapsed         | 554         |
|    total_timesteps      | 30720       |
| train/                  |             |
|    approx_kl            | 0.011862634 |
|    clip_fraction        | 0.27        |
|    clip_range           | 0.2         |
|    entropy_loss         | -4.46       |
|    explained_variance   | 2.38e-07    |
|    learning_rate        | 0.0003      |
|    loss                 | 1.39e+05    |
|    n_updates            | 140         |
|    policy_gradient_loss | -0.00103    |
|    value_loss           | 2.56e+05    |
-----------------------------------------
------------------------------------------
| rollout/                |              |
|    ep_len_mean          | 100          |
|    ep_rew_mean          | 1.48e+03     |
| time/                   |              |
|    fps                  | 55           |
|    iterations           | 16           |
|    time_elapsed         | 589          |
|    total_timesteps      | 32768        |
| train/                  |              |
|    approx_kl            | 0.0025852346 |
|    clip_fraction        | 0.00771      |
|    clip_range           | 0.2          |
|    entropy_loss         | -4.47        |
|    explained_variance   | 0.00723      |
|    learning_rate        | 0.0003       |
|    loss                 | 1.15e+05     |
|    n_updates            | 150          |
|    policy_gradient_loss | -0.00378     |
|    value_loss           | 2.2e+05      |
------------------------------------------
-----------------------------------------
| rollout/                |             |
|    ep_len_mean          | 100         |
|    ep_rew_mean          | 1.47e+03    |
| time/                   |             |
|    fps                  | 55          |
|    iterations           | 17          |
|    time_elapsed         | 625         |
|    total_timesteps      | 34816       |
| train/                  |             |
|    approx_kl            | 0.008727845 |
|    clip_fraction        | 0.0443      |
|    clip_range           | 0.2         |
|    entropy_loss         | -4.47       |
|    explained_variance   | 0.00122     |
|    learning_rate        | 0.0003      |
|    loss                 | 1.2e+05     |
|    n_updates            | 160         |
|    policy_gradient_loss | -0.0049     |
|    value_loss           | 2.49e+05    |
-----------------------------------------
------------------------------------------
| rollout/                |              |
|    ep_len_mean          | 100          |
|    ep_rew_mean          | 1.4e+03      |
| time/                   |              |
|    fps                  | 55           |
|    iterations           | 18           |
|    time_elapsed         | 662          |
|    total_timesteps      | 36864        |
| train/                  |              |
|    approx_kl            | 0.0052555734 |
|    clip_fraction        | 0.00752      |
|    clip_range           | 0.2          |
|    entropy_loss         | -4.46        |
|    explained_variance   | 0            |
|    learning_rate        | 0.0003       |
|    loss                 | 1.02e+05     |
|    n_updates            | 170          |
|    policy_gradient_loss | -0.00469     |
|    value_loss           | 1.84e+05     |
------------------------------------------
------------------------------------------
| rollout/                |              |
|    ep_len_mean          | 100          |
|    ep_rew_mean          | 1.5e+03      |
| time/                   |              |
|    fps                  | 56           |
|    iterations           | 19           |
|    time_elapsed         | 692          |
|    total_timesteps      | 38912        |
| train/                  |              |
|    approx_kl            | 0.0041610156 |
|    clip_fraction        | 0.00679      |
|    clip_range           | 0.2          |
|    entropy_loss         | -4.44        |
|    explained_variance   | 0            |
|    learning_rate        | 0.0003       |
|    loss                 | 9.4e+04      |
|    n_updates            | 180          |
|    policy_gradient_loss | -0.00403     |
|    value_loss           | 1.77e+05     |
------------------------------------------
-----------------------------------------
| rollout/                |             |
|    ep_len_mean          | 100         |
|    ep_rew_mean          | 1.56e+03    |
| time/                   |             |
|    fps                  | 56          |
|    iterations           | 20          |
|    time_elapsed         | 728         |
|    total_timesteps      | 40960       |
| train/                  |             |
|    approx_kl            | 0.007969442 |
|    clip_fraction        | 0.0249      |
|    clip_range           | 0.2         |
|    entropy_loss         | -4.46       |
|    explained_variance   | 0.000123    |
|    learning_rate        | 0.0003      |
|    loss                 | 9.96e+04    |
|    n_updates            | 190         |
|    policy_gradient_loss | -0.00126    |
|    value_loss           | 2.25e+05    |
-----------------------------------------
-----------------------------------------
| rollout/                |             |
|    ep_len_mean          | 100         |
|    ep_rew_mean          | 1.53e+03    |
| time/                   |             |
|    fps                  | 55          |
|    iterations           | 21          |
|    time_elapsed         | 773         |
|    total_timesteps      | 43008       |
| train/                  |             |
|    approx_kl            | 0.003035205 |
|    clip_fraction        | 0.0234      |
|    clip_range           | 0.2         |
|    entropy_loss         | -4.48       |
|    explained_variance   | 0.016       |
|    learning_rate        | 0.0003      |
|    loss                 | 1.21e+05    |
|    n_updates            | 200         |
|    policy_gradient_loss | -0.000261   |
|    value_loss           | 2.18e+05    |
-----------------------------------------
-----------------------------------------
| rollout/                |             |
|    ep_len_mean          | 100         |
|    ep_rew_mean          | 1.54e+03    |
| time/                   |             |
|    fps                  | 55          |
|    iterations           | 22          |
|    time_elapsed         | 813         |
|    total_timesteps      | 45056       |
| train/                  |             |
|    approx_kl            | 0.005234402 |
|    clip_fraction        | 0.0125      |
|    clip_range           | 0.2         |
|    entropy_loss         | -4.46       |
|    explained_variance   | -0.000785   |
|    learning_rate        | 0.0003      |
|    loss                 | 8.14e+04    |
|    n_updates            | 210         |
|    policy_gradient_loss | -0.00409    |
|    value_loss           | 1.86e+05    |
-----------------------------------------
------------------------------------------
| rollout/                |              |
|    ep_len_mean          | 100          |
|    ep_rew_mean          | 1.63e+03     |
| time/                   |              |
|    fps                  | 55           |
|    iterations           | 23           |
|    time_elapsed         | 852          |
|    total_timesteps      | 47104        |
| train/                  |              |
|    approx_kl            | 0.0064760996 |
|    clip_fraction        | 0.0152       |
|    clip_range           | 0.2          |
|    entropy_loss         | -4.45        |
|    explained_variance   | -1.19e-07    |
|    learning_rate        | 0.0003       |
|    loss                 | 1.06e+05     |
|    n_updates            | 220          |
|    policy_gradient_loss | -0.00569     |
|    value_loss           | 2.27e+05     |
------------------------------------------
-----------------------------------------
| rollout/                |             |
|    ep_len_mean          | 100         |
|    ep_rew_mean          | 1.67e+03    |
| time/                   |             |
|    fps                  | 55          |
|    iterations           | 24          |
|    time_elapsed         | 889         |
|    total_timesteps      | 49152       |
| train/                  |             |
|    approx_kl            | 0.004973531 |
|    clip_fraction        | 0.00737     |
|    clip_range           | 0.2         |
|    entropy_loss         | -4.45       |
|    explained_variance   | 4.77e-06    |
|    learning_rate        | 0.0003      |
|    loss                 | 1.14e+05    |
|    n_updates            | 230         |
|    policy_gradient_loss | -0.00473    |
|    value_loss           | 2.07e+05    |
-----------------------------------------
/home/hung8uandj/.local/lib/python3.14/site-packages/stable_baselines3/common/evaluation.py:71: UserWarning: Evaluation environment is not wrapped with a ``Monitor`` wrapper. This may result in reporting modified episode lengths and rewards, if other wrappers happen to modify these. Consider wrapping environment first with ``Monitor`` wrapper.
  warnings.warn(
Eval num_timesteps=50000, episode_reward=-14963.15 +/- 3352.45
Episode length: 100.00 +/- 0.00
------------------------------------------
| eval/                   |              |
|    mean_ep_length       | 100          |
|    mean_reward          | -1.5e+04     |
| time/                   |              |
|    total_timesteps      | 50000        |
| train/                  |              |
|    approx_kl            | 0.0015450614 |
|    clip_fraction        | 0.0084       |
|    clip_range           | 0.2          |
|    entropy_loss         | -4.45        |
|    explained_variance   | 0.00912      |
|    learning_rate        | 0.0003       |
|    loss                 | 9.48e+04     |
|    n_updates            | 240          |
|    policy_gradient_loss | 0.00221      |
|    value_loss           | 1.89e+05     |
------------------------------------------
New best mean reward!
---------------------------------
| rollout/           |          |
|    ep_len_mean     | 100      |
|    ep_rew_mean     | 1.78e+03 |
| time/              |          |
|    fps             | 52       |
|    iterations      | 25       |
|    time_elapsed    | 978      |
|    total_timesteps | 51200    |
---------------------------------
-----------------------------------------
| rollout/                |             |
|    ep_len_mean          | 100         |
|    ep_rew_mean          | 1.83e+03    |
| time/                   |             |
|    fps                  | 52          |
|    iterations           | 26          |
|    time_elapsed         | 1013        |
|    total_timesteps      | 53248       |
| train/                  |             |
|    approx_kl            | 0.006979946 |
|    clip_fraction        | 0.0386      |
|    clip_range           | 0.2         |
|    entropy_loss         | -4.44       |
|    explained_variance   | -0.00246    |
|    learning_rate        | 0.0003      |
|    loss                 | 1.03e+05    |
|    n_updates            | 250         |
|    policy_gradient_loss | -0.00491    |
|    value_loss           | 2.14e+05    |
-----------------------------------------
-----------------------------------------
| rollout/                |             |
|    ep_len_mean          | 100         |
|    ep_rew_mean          | 1.77e+03    |
| time/                   |             |
|    fps                  | 52          |
|    iterations           | 27          |
|    time_elapsed         | 1043        |
|    total_timesteps      | 55296       |
| train/                  |             |
|    approx_kl            | 0.008393686 |
|    clip_fraction        | 0.0439      |
|    clip_range           | 0.2         |
|    entropy_loss         | -4.46       |
|    explained_variance   | 0           |
|    learning_rate        | 0.0003      |
|    loss                 | 8.89e+04    |
|    n_updates            | 260         |
|    policy_gradient_loss | -0.00664    |
|    value_loss           | 2.06e+05    |
-----------------------------------------
------------------------------------------
| rollout/                |              |
|    ep_len_mean          | 100          |
|    ep_rew_mean          | 1.77e+03     |
| time/                   |              |
|    fps                  | 52           |
|    iterations           | 28           |
|    time_elapsed         | 1082         |
|    total_timesteps      | 57344        |
| train/                  |              |
|    approx_kl            | 0.0065930355 |
|    clip_fraction        | 0.0291       |
|    clip_range           | 0.2          |
|    entropy_loss         | -4.45        |
|    explained_variance   | -1.19e-07    |
|    learning_rate        | 0.0003       |
|    loss                 | 1.27e+05     |
|    n_updates            | 270          |
|    policy_gradient_loss | -0.00646     |
|    value_loss           | 2.39e+05     |
------------------------------------------
-----------------------------------------
| rollout/                |             |
|    ep_len_mean          | 100         |
|    ep_rew_mean          | 1.69e+03    |
| time/                   |             |
|    fps                  | 52          |
|    iterations           | 29          |
|    time_elapsed         | 1121        |
|    total_timesteps      | 59392       |
| train/                  |             |
|    approx_kl            | 0.007028803 |
|    clip_fraction        | 0.0344      |
|    clip_range           | 0.2         |
|    entropy_loss         | -4.44       |
|    explained_variance   | -1.19e-07   |
|    learning_rate        | 0.0003      |
|    loss                 | 7.9e+04     |
|    n_updates            | 280         |
|    policy_gradient_loss | -0.00762    |
|    value_loss           | 1.84e+05    |
-----------------------------------------
-----------------------------------------
| rollout/                |             |
|    ep_len_mean          | 100         |
|    ep_rew_mean          | 1.62e+03    |
| time/                   |             |
|    fps                  | 52          |
|    iterations           | 30          |
|    time_elapsed         | 1163        |
|    total_timesteps      | 61440       |
| train/                  |             |
|    approx_kl            | 0.008346399 |
|    clip_fraction        | 0.0542      |
|    clip_range           | 0.2         |
|    entropy_loss         | -4.42       |
|    explained_variance   | 0           |
|    learning_rate        | 0.0003      |
|    loss                 | 9.49e+04    |
|    n_updates            | 290         |
|    policy_gradient_loss | -0.0074     |
|    value_loss           | 1.98e+05    |
-----------------------------------------
----------------------------------------
| rollout/                |            |
|    ep_len_mean          | 100        |
|    ep_rew_mean          | 1.55e+03   |
| time/                   |            |
|    fps                  | 52         |
|    iterations           | 31         |
|    time_elapsed         | 1201       |
|    total_timesteps      | 63488      |
| train/                  |            |
|    approx_kl            | 0.00893874 |
|    clip_fraction        | 0.0674     |
|    clip_range           | 0.2        |
|    entropy_loss         | -4.42      |
|    explained_variance   | 0          |
|    learning_rate        | 0.0003     |
|    loss                 | 1.1e+05    |
|    n_updates            | 300        |
|    policy_gradient_loss | -0.00956   |
|    value_loss           | 2.04e+05   |
----------------------------------------
-----------------------------------------
| rollout/                |             |
|    ep_len_mean          | 100         |
|    ep_rew_mean          | 1.53e+03    |
| time/                   |             |
|    fps                  | 52          |
|    iterations           | 32          |
|    time_elapsed         | 1245        |
|    total_timesteps      | 65536       |
| train/                  |             |
|    approx_kl            | 0.007069935 |
|    clip_fraction        | 0.0349      |
|    clip_range           | 0.2         |
|    entropy_loss         | -4.4        |
|    explained_variance   | 0           |
|    learning_rate        | 0.0003      |
|    loss                 | 1.23e+05    |
|    n_updates            | 310         |
|    policy_gradient_loss | -0.00596    |
|    value_loss           | 2.12e+05    |
-----------------------------------------
-----------------------------------------
| rollout/                |             |
|    ep_len_mean          | 100         |
|    ep_rew_mean          | 1.48e+03    |
| time/                   |             |
|    fps                  | 52          |
|    iterations           | 33          |
|    time_elapsed         | 1281        |
|    total_timesteps      | 67584       |
| train/                  |             |
|    approx_kl            | 0.010577692 |
|    clip_fraction        | 0.0489      |
|    clip_range           | 0.2         |
|    entropy_loss         | -4.39       |
|    explained_variance   | 0           |
|    learning_rate        | 0.0003      |
|    loss                 | 1.26e+05    |
|    n_updates            | 320         |
|    policy_gradient_loss | -0.00894    |
|    value_loss           | 2.38e+05    |
-----------------------------------------
-----------------------------------------
| rollout/                |             |
|    ep_len_mean          | 100         |
|    ep_rew_mean          | 1.51e+03    |
| time/                   |             |
|    fps                  | 52          |
|    iterations           | 34          |
|    time_elapsed         | 1315        |
|    total_timesteps      | 69632       |
| train/                  |             |
|    approx_kl            | 0.007523072 |
|    clip_fraction        | 0.0516      |
|    clip_range           | 0.2         |
|    entropy_loss         | -4.4        |
|    explained_variance   | 0           |
|    learning_rate        | 0.0003      |
|    loss                 | 7.35e+04    |
|    n_updates            | 330         |
|    policy_gradient_loss | -0.00645    |
|    value_loss           | 1.64e+05    |
-----------------------------------------
-----------------------------------------
| rollout/                |             |
|    ep_len_mean          | 100         |
|    ep_rew_mean          | 1.6e+03     |
| time/                   |             |
|    fps                  | 52          |
|    iterations           | 35          |
|    time_elapsed         | 1360        |
|    total_timesteps      | 71680       |
| train/                  |             |
|    approx_kl            | 0.008717418 |
|    clip_fraction        | 0.0632      |
|    clip_range           | 0.2         |
|    entropy_loss         | -4.39       |
|    explained_variance   | -1.19e-07   |
|    learning_rate        | 0.0003      |
|    loss                 | 8.26e+04    |
|    n_updates            | 340         |
|    policy_gradient_loss | -0.0084     |
|    value_loss           | 1.84e+05    |
-----------------------------------------
-----------------------------------------
| rollout/                |             |
|    ep_len_mean          | 100         |
|    ep_rew_mean          | 1.48e+03    |
| time/                   |             |
|    fps                  | 52          |
|    iterations           | 36          |
|    time_elapsed         | 1397        |
|    total_timesteps      | 73728       |
| train/                  |             |
|    approx_kl            | 0.008854063 |
|    clip_fraction        | 0.0375      |
|    clip_range           | 0.2         |
|    entropy_loss         | -4.4        |
|    explained_variance   | 0           |
|    learning_rate        | 0.0003      |
|    loss                 | 9.04e+04    |
|    n_updates            | 350         |
|    policy_gradient_loss | -0.00628    |
|    value_loss           | 1.81e+05    |
-----------------------------------------
-----------------------------------------
| rollout/                |             |
|    ep_len_mean          | 100         |
|    ep_rew_mean          | 1.47e+03    |
| time/                   |             |
|    fps                  | 53          |
|    iterations           | 37          |
|    time_elapsed         | 1428        |
|    total_timesteps      | 75776       |
| train/                  |             |
|    approx_kl            | 0.009429608 |
|    clip_fraction        | 0.111       |
|    clip_range           | 0.2         |
|    entropy_loss         | -4.42       |
|    explained_variance   | 0           |
|    learning_rate        | 0.0003      |
|    loss                 | 9.81e+04    |
|    n_updates            | 360         |
|    policy_gradient_loss | -0.0122     |
|    value_loss           | 1.97e+05    |
-----------------------------------------
-----------------------------------------
| rollout/                |             |
|    ep_len_mean          | 100         |
|    ep_rew_mean          | 1.58e+03    |
| time/                   |             |
|    fps                  | 52          |
|    iterations           | 38          |
|    time_elapsed         | 1484        |
|    total_timesteps      | 77824       |
| train/                  |             |
|    approx_kl            | 0.011097444 |
|    clip_fraction        | 0.058       |
|    clip_range           | 0.2         |
|    entropy_loss         | -4.44       |
|    explained_variance   | 0           |
|    learning_rate        | 0.0003      |
|    loss                 | 1.1e+05     |
|    n_updates            | 370         |
|    policy_gradient_loss | -0.00717    |
|    value_loss           | 2.01e+05    |
-----------------------------------------
-----------------------------------------
| rollout/                |             |
|    ep_len_mean          | 100         |
|    ep_rew_mean          | 1.57e+03    |
| time/                   |             |
|    fps                  | 52          |
|    iterations           | 39          |
|    time_elapsed         | 1530        |
|    total_timesteps      | 79872       |
| train/                  |             |
|    approx_kl            | 0.004329471 |
|    clip_fraction        | 0.00972     |
|    clip_range           | 0.2         |
|    entropy_loss         | -4.45       |
|    explained_variance   | 0           |
|    learning_rate        | 0.0003      |
|    loss                 | 1.05e+05    |
|    n_updates            | 380         |
|    policy_gradient_loss | -0.00351    |
|    value_loss           | 2.11e+05    |
-----------------------------------------
-----------------------------------------
| rollout/                |             |
|    ep_len_mean          | 100         |
|    ep_rew_mean          | 1.53e+03    |
| time/                   |             |
|    fps                  | 52          |
|    iterations           | 40          |
|    time_elapsed         | 1574        |
|    total_timesteps      | 81920       |
| train/                  |             |
|    approx_kl            | 0.008415764 |
|    clip_fraction        | 0.0531      |
|    clip_range           | 0.2         |
|    entropy_loss         | -4.45       |
|    explained_variance   | 0           |
|    learning_rate        | 0.0003      |
|    loss                 | 1.14e+05    |
|    n_updates            | 390         |
|    policy_gradient_loss | -0.00683    |
|    value_loss           | 2.25e+05    |
-----------------------------------------
-----------------------------------------
| rollout/                |             |
|    ep_len_mean          | 100         |
|    ep_rew_mean          | 1.63e+03    |
| time/                   |             |
|    fps                  | 52          |
|    iterations           | 41          |
|    time_elapsed         | 1613        |
|    total_timesteps      | 83968       |
| train/                  |             |
|    approx_kl            | 0.007716299 |
|    clip_fraction        | 0.0487      |
|    clip_range           | 0.2         |
|    entropy_loss         | -4.42       |
|    explained_variance   | 0           |
|    learning_rate        | 0.0003      |
|    loss                 | 1.02e+05    |
|    n_updates            | 400         |
|    policy_gradient_loss | -0.00779    |
|    value_loss           | 1.95e+05    |
-----------------------------------------
-----------------------------------------
| rollout/                |             |
|    ep_len_mean          | 100         |
|    ep_rew_mean          | 1.59e+03    |
| time/                   |             |
|    fps                  | 51          |
|    iterations           | 42          |
|    time_elapsed         | 1656        |
|    total_timesteps      | 86016       |
| train/                  |             |
|    approx_kl            | 0.008441208 |
|    clip_fraction        | 0.0318      |
|    clip_range           | 0.2         |
|    entropy_loss         | -4.42       |
|    explained_variance   | 0           |
|    learning_rate        | 0.0003      |
|    loss                 | 9.62e+04    |
|    n_updates            | 410         |
|    policy_gradient_loss | -0.00557    |
|    value_loss           | 1.72e+05    |
-----------------------------------------
------------------------------------------
| rollout/                |              |
|    ep_len_mean          | 100          |
|    ep_rew_mean          | 1.52e+03     |
| time/                   |              |
|    fps                  | 52           |
|    iterations           | 43           |
|    time_elapsed         | 1687         |
|    total_timesteps      | 88064        |
| train/                  |              |
|    approx_kl            | 0.0075835427 |
|    clip_fraction        | 0.066        |
|    clip_range           | 0.2          |
|    entropy_loss         | -4.42        |
|    explained_variance   | 0            |
|    learning_rate        | 0.0003       |
|    loss                 | 1.09e+05     |
|    n_updates            | 420          |
|    policy_gradient_loss | -0.00782     |
|    value_loss           | 1.93e+05     |
------------------------------------------
-----------------------------------------
| rollout/                |             |
|    ep_len_mean          | 100         |
|    ep_rew_mean          | 1.75e+03    |
| time/                   |             |
|    fps                  | 52          |
|    iterations           | 44          |
|    time_elapsed         | 1726        |
|    total_timesteps      | 90112       |
| train/                  |             |
|    approx_kl            | 0.007814867 |
|    clip_fraction        | 0.0385      |
|    clip_range           | 0.2         |
|    entropy_loss         | -4.41       |
|    explained_variance   | 0           |
|    learning_rate        | 0.0003      |
|    loss                 | 1.17e+05    |
|    n_updates            | 430         |
|    policy_gradient_loss | -0.0065     |
|    value_loss           | 2.28e+05    |
-----------------------------------------
-----------------------------------------
| rollout/                |             |
|    ep_len_mean          | 100         |
|    ep_rew_mean          | 1.69e+03    |
| time/                   |             |
|    fps                  | 51          |
|    iterations           | 45          |
|    time_elapsed         | 1774        |
|    total_timesteps      | 92160       |
| train/                  |             |
|    approx_kl            | 0.005958114 |
|    clip_fraction        | 0.0139      |
|    clip_range           | 0.2         |
|    entropy_loss         | -4.4        |
|    explained_variance   | 0           |
|    learning_rate        | 0.0003      |
|    loss                 | 8.76e+04    |
|    n_updates            | 440         |
|    policy_gradient_loss | -0.00459    |
|    value_loss           | 1.87e+05    |
-----------------------------------------
------------------------------------------
| rollout/                |              |
|    ep_len_mean          | 100          |
|    ep_rew_mean          | 1.71e+03     |
| time/                   |              |
|    fps                  | 51           |
|    iterations           | 46           |
|    time_elapsed         | 1818         |
|    total_timesteps      | 94208        |
| train/                  |              |
|    approx_kl            | 0.0069390805 |
|    clip_fraction        | 0.0307       |
|    clip_range           | 0.2          |
|    entropy_loss         | -4.38        |
|    explained_variance   | 5.96e-08     |
|    learning_rate        | 0.0003       |
|    loss                 | 1.09e+05     |
|    n_updates            | 450          |
|    policy_gradient_loss | -0.00512     |
|    value_loss           | 2.28e+05     |
------------------------------------------
------------------------------------------
| rollout/                |              |
|    ep_len_mean          | 100          |
|    ep_rew_mean          | 1.69e+03     |
| time/                   |              |
|    fps                  | 51           |
|    iterations           | 47           |
|    time_elapsed         | 1872         |
|    total_timesteps      | 96256        |
| train/                  |              |
|    approx_kl            | 0.0069382885 |
|    clip_fraction        | 0.0389       |
|    clip_range           | 0.2          |
|    entropy_loss         | -4.37        |
|    explained_variance   | 0            |
|    learning_rate        | 0.0003       |
|    loss                 | 1.02e+05     |
|    n_updates            | 460          |
|    policy_gradient_loss | -0.0065      |
|    value_loss           | 2.02e+05     |
------------------------------------------
-----------------------------------------
| rollout/                |             |
|    ep_len_mean          | 100         |
|    ep_rew_mean          | 1.69e+03    |
| time/                   |             |
|    fps                  | 51          |
|    iterations           | 48          |
|    time_elapsed         | 1921        |
|    total_timesteps      | 98304       |
| train/                  |             |
|    approx_kl            | 0.009654099 |
|    clip_fraction        | 0.0884      |
|    clip_range           | 0.2         |
|    entropy_loss         | -4.39       |
|    explained_variance   | 0           |
|    learning_rate        | 0.0003      |
|    loss                 | 7.84e+04    |
|    n_updates            | 470         |
|    policy_gradient_loss | -0.0102     |
|    value_loss           | 1.84e+05    |
-----------------------------------------
/home/hung8uandj/.local/lib/python3.14/site-packages/stable_baselines3/common/evaluation.py:71: UserWarning: Evaluation environment is not wrapped with a ``Monitor`` wrapper. This may result in reporting modified episode lengths and rewards, if other wrappers happen to modify these. Consider wrapping environment first with ``Monitor`` wrapper.
  warnings.warn(
Eval num_timesteps=100000, episode_reward=-10623.19 +/- 1273.06
Episode length: 100.00 +/- 0.00
-----------------------------------------
| eval/                   |             |
|    mean_ep_length       | 100         |
|    mean_reward          | -1.06e+04   |
| time/                   |             |
|    total_timesteps      | 100000      |
| train/                  |             |
|    approx_kl            | 0.010556369 |
|    clip_fraction        | 0.0682      |
|    clip_range           | 0.2         |
|    entropy_loss         | -4.41       |
|    explained_variance   | 0           |
|    learning_rate        | 0.0003      |
|    loss                 | 1e+05       |
|    n_updates            | 480         |
|    policy_gradient_loss | -0.00899    |
|    value_loss           | 1.88e+05    |
-----------------------------------------
New best mean reward!
---------------------------------
| rollout/           |          |
|    ep_len_mean     | 100      |
|    ep_rew_mean     | 1.63e+03 |
| time/              |          |
|    fps             | 49       |
|    iterations      | 49       |
|    time_elapsed    | 2014     |
|    total_timesteps | 100352   |
---------------------------------
-----------------------------------------
| rollout/                |             |
|    ep_len_mean          | 100         |
|    ep_rew_mean          | 1.58e+03    |
| time/                   |             |
|    fps                  | 50          |
|    iterations           | 50          |
|    time_elapsed         | 2043        |
|    total_timesteps      | 102400      |
| train/                  |             |
|    approx_kl            | 0.008451277 |
|    clip_fraction        | 0.0376      |
|    clip_range           | 0.2         |
|    entropy_loss         | -4.4        |
|    explained_variance   | 0           |
|    learning_rate        | 0.0003      |
|    loss                 | 9.17e+04    |
|    n_updates            | 490         |
|    policy_gradient_loss | -0.0075     |
|    value_loss           | 1.85e+05    |
-----------------------------------------
----------------------------------------
| rollout/                |            |
|    ep_len_mean          | 100        |
|    ep_rew_mean          | 1.53e+03   |
| time/                   |            |
|    fps                  | 50         |
|    iterations           | 51         |
|    time_elapsed         | 2082       |
|    total_timesteps      | 104448     |
| train/                  |            |
|    approx_kl            | 0.01280787 |
|    clip_fraction        | 0.0965     |
|    clip_range           | 0.2        |
|    entropy_loss         | -4.4       |
|    explained_variance   | -1.19e-07  |
|    learning_rate        | 0.0003     |
|    loss                 | 9.85e+04   |
|    n_updates            | 500        |
|    policy_gradient_loss | -0.00836   |
|    value_loss           | 1.94e+05   |
----------------------------------------
-----------------------------------------
| rollout/                |             |
|    ep_len_mean          | 100         |
|    ep_rew_mean          | 1.55e+03    |
| time/                   |             |
|    fps                  | 50          |
|    iterations           | 52          |
|    time_elapsed         | 2122        |
|    total_timesteps      | 106496      |
| train/                  |             |
|    approx_kl            | 0.010170158 |
|    clip_fraction        | 0.0742      |
|    clip_range           | 0.2         |
|    entropy_loss         | -4.4        |
|    explained_variance   | 0           |
|    learning_rate        | 0.0003      |
|    loss                 | 1.08e+05    |
|    n_updates            | 510         |
|    policy_gradient_loss | -0.0079     |
|    value_loss           | 2.17e+05    |
-----------------------------------------
-----------------------------------------
| rollout/                |             |
|    ep_len_mean          | 100         |
|    ep_rew_mean          | 1.59e+03    |
| time/                   |             |
|    fps                  | 50          |
|    iterations           | 53          |
|    time_elapsed         | 2159        |
|    total_timesteps      | 108544      |
| train/                  |             |
|    approx_kl            | 0.008762352 |
|    clip_fraction        | 0.0662      |
|    clip_range           | 0.2         |
|    entropy_loss         | -4.37       |
|    explained_variance   | 0           |
|    learning_rate        | 0.0003      |
|    loss                 | 8.66e+04    |
|    n_updates            | 520         |
|    policy_gradient_loss | -0.00926    |
|    value_loss           | 1.86e+05    |
-----------------------------------------
----------------------------------------
| rollout/                |            |
|    ep_len_mean          | 100        |
|    ep_rew_mean          | 1.65e+03   |
| time/                   |            |
|    fps                  | 50         |
|    iterations           | 54         |
|    time_elapsed         | 2195       |
|    total_timesteps      | 110592     |
| train/                  |            |
|    approx_kl            | 0.00573193 |
|    clip_fraction        | 0.0182     |
|    clip_range           | 0.2        |
|    entropy_loss         | -4.37      |
|    explained_variance   | 0          |
|    learning_rate        | 0.0003     |
|    loss                 | 8.06e+04   |
|    n_updates            | 530        |
|    policy_gradient_loss | -0.00456   |
|    value_loss           | 1.67e+05   |
----------------------------------------
----------------------------------------
| rollout/                |            |
|    ep_len_mean          | 100        |
|    ep_rew_mean          | 1.82e+03   |
| time/                   |            |
|    fps                  | 50         |
|    iterations           | 55         |
|    time_elapsed         | 2233       |
|    total_timesteps      | 112640     |
| train/                  |            |
|    approx_kl            | 0.00659413 |
|    clip_fraction        | 0.0267     |
|    clip_range           | 0.2        |
|    entropy_loss         | -4.38      |
|    explained_variance   | 0          |
|    learning_rate        | 0.0003     |
|    loss                 | 1.11e+05   |
|    n_updates            | 540        |
|    policy_gradient_loss | -0.00615   |
|    value_loss           | 2.08e+05   |
----------------------------------------
------------------------------------------
| rollout/                |              |
|    ep_len_mean          | 100          |
|    ep_rew_mean          | 1.93e+03     |
| time/                   |              |
|    fps                  | 50           |
|    iterations           | 56           |
|    time_elapsed         | 2279         |
|    total_timesteps      | 114688       |
| train/                  |              |
|    approx_kl            | 0.0074211005 |
|    clip_fraction        | 0.0275       |
|    clip_range           | 0.2          |
|    entropy_loss         | -4.39        |
|    explained_variance   | -1.19e-07    |
|    learning_rate        | 0.0003       |
|    loss                 | 9.29e+04     |
|    n_updates            | 550          |
|    policy_gradient_loss | -0.00615     |
|    value_loss           | 1.8e+05      |
------------------------------------------
------------------------------------------
| rollout/                |              |
|    ep_len_mean          | 100          |
|    ep_rew_mean          | 2e+03        |
| time/                   |              |
|    fps                  | 50           |
|    iterations           | 57           |
|    time_elapsed         | 2317         |
|    total_timesteps      | 116736       |
| train/                  |              |
|    approx_kl            | 0.0064815436 |
|    clip_fraction        | 0.0191       |
|    clip_range           | 0.2          |
|    entropy_loss         | -4.4         |
|    explained_variance   | -1.19e-07    |
|    learning_rate        | 0.0003       |
|    loss                 | 9.11e+04     |
|    n_updates            | 560          |
|    policy_gradient_loss | -0.00385     |
|    value_loss           | 1.71e+05     |
------------------------------------------
-----------------------------------------
| rollout/                |             |
|    ep_len_mean          | 100         |
|    ep_rew_mean          | 2.05e+03    |
| time/                   |             |
|    fps                  | 50          |
|    iterations           | 58          |
|    time_elapsed         | 2351        |
|    total_timesteps      | 118784      |
| train/                  |             |
|    approx_kl            | 0.006558787 |
|    clip_fraction        | 0.0304      |
|    clip_range           | 0.2         |
|    entropy_loss         | -4.4        |
|    explained_variance   | 0           |
|    learning_rate        | 0.0003      |
|    loss                 | 1.11e+05    |
|    n_updates            | 570         |
|    policy_gradient_loss | -0.00569    |
|    value_loss           | 2.03e+05    |
-----------------------------------------
-----------------------------------------
| rollout/                |             |
|    ep_len_mean          | 100         |
|    ep_rew_mean          | 1.96e+03    |
| time/                   |             |
|    fps                  | 50          |
|    iterations           | 59          |
|    time_elapsed         | 2386        |
|    total_timesteps      | 120832      |
| train/                  |             |
|    approx_kl            | 0.005608895 |
|    clip_fraction        | 0.0146      |
|    clip_range           | 0.2         |
|    entropy_loss         | -4.41       |
|    explained_variance   | 0           |
|    learning_rate        | 0.0003      |
|    loss                 | 1.08e+05    |
|    n_updates            | 580         |
|    policy_gradient_loss | -0.00464    |
|    value_loss           | 1.99e+05    |
-----------------------------------------
------------------------------------------
| rollout/                |              |
|    ep_len_mean          | 100          |
|    ep_rew_mean          | 1.84e+03     |
| time/                   |              |
|    fps                  | 50           |
|    iterations           | 60           |
|    time_elapsed         | 2420         |
|    total_timesteps      | 122880       |
| train/                  |              |
|    approx_kl            | 0.0054601044 |
|    clip_fraction        | 0.00947      |
|    clip_range           | 0.2          |
|    entropy_loss         | -4.41        |
|    explained_variance   | 0            |
|    learning_rate        | 0.0003       |
|    loss                 | 8.54e+04     |
|    n_updates            | 590          |
|    policy_gradient_loss | -0.00406     |
|    value_loss           | 1.82e+05     |
------------------------------------------
------------------------------------------
| rollout/                |              |
|    ep_len_mean          | 100          |
|    ep_rew_mean          | 1.79e+03     |
| time/                   |              |
|    fps                  | 50           |
|    iterations           | 61           |
|    time_elapsed         | 2456         |
|    total_timesteps      | 124928       |
| train/                  |              |
|    approx_kl            | 0.0068106013 |
|    clip_fraction        | 0.0487       |
|    clip_range           | 0.2          |
|    entropy_loss         | -4.4         |
|    explained_variance   | -1.19e-07    |
|    learning_rate        | 0.0003       |
|    loss                 | 6.88e+04     |
|    n_updates            | 600          |
|    policy_gradient_loss | -0.00834     |
|    value_loss           | 1.57e+05     |
------------------------------------------
-----------------------------------------
| rollout/                |             |
|    ep_len_mean          | 100         |
|    ep_rew_mean          | 1.83e+03    |
| time/                   |             |
|    fps                  | 50          |
|    iterations           | 62          |
|    time_elapsed         | 2492        |
|    total_timesteps      | 126976      |
| train/                  |             |
|    approx_kl            | 0.007492996 |
|    clip_fraction        | 0.0482      |
|    clip_range           | 0.2         |
|    entropy_loss         | -4.41       |
|    explained_variance   | 0           |
|    learning_rate        | 0.0003      |
|    loss                 | 8.04e+04    |
|    n_updates            | 610         |
|    policy_gradient_loss | -0.00682    |
|    value_loss           | 1.84e+05    |
-----------------------------------------
-----------------------------------------
| rollout/                |             |
|    ep_len_mean          | 100         |
|    ep_rew_mean          | 1.84e+03    |
| time/                   |             |
|    fps                  | 51          |
|    iterations           | 63          |
|    time_elapsed         | 2527        |
|    total_timesteps      | 129024      |
| train/                  |             |
|    approx_kl            | 0.005339074 |
|    clip_fraction        | 0.0137      |
|    clip_range           | 0.2         |
|    entropy_loss         | -4.41       |
|    explained_variance   | 0           |
|    learning_rate        | 0.0003      |
|    loss                 | 1.06e+05    |
|    n_updates            | 620         |
|    policy_gradient_loss | -0.00499    |
|    value_loss           | 1.98e+05    |
-----------------------------------------
------------------------------------------
| rollout/                |              |
|    ep_len_mean          | 100          |
|    ep_rew_mean          | 1.78e+03     |
| time/                   |              |
|    fps                  | 51           |
|    iterations           | 64           |
|    time_elapsed         | 2555         |
|    total_timesteps      | 131072       |
| train/                  |              |
|    approx_kl            | 0.0072230715 |
|    clip_fraction        | 0.0392       |
|    clip_range           | 0.2          |
|    entropy_loss         | -4.39        |
|    explained_variance   | 0            |
|    learning_rate        | 0.0003       |
|    loss                 | 9.43e+04     |
|    n_updates            | 630          |
|    policy_gradient_loss | -0.00811     |
|    value_loss           | 2.06e+05     |
------------------------------------------
------------------------------------------
| rollout/                |              |
|    ep_len_mean          | 100          |
|    ep_rew_mean          | 1.82e+03     |
| time/                   |              |
|    fps                  | 51           |
|    iterations           | 65           |
|    time_elapsed         | 2591         |
|    total_timesteps      | 133120       |
| train/                  |              |
|    approx_kl            | 0.0067531066 |
|    clip_fraction        | 0.0593       |
|    clip_range           | 0.2          |
|    entropy_loss         | -4.39        |
|    explained_variance   | 0            |
|    learning_rate        | 0.0003       |
|    loss                 | 1.03e+05     |
|    n_updates            | 640          |
|    policy_gradient_loss | -0.00867     |
|    value_loss           | 1.99e+05     |
------------------------------------------
-----------------------------------------
| rollout/                |             |
|    ep_len_mean          | 100         |
|    ep_rew_mean          | 1.87e+03    |
| time/                   |             |
|    fps                  | 51          |
|    iterations           | 66          |
|    time_elapsed         | 2627        |
|    total_timesteps      | 135168      |
| train/                  |             |
|    approx_kl            | 0.008663361 |
|    clip_fraction        | 0.0745      |
|    clip_range           | 0.2         |
|    entropy_loss         | -4.41       |
|    explained_variance   | 0           |
|    learning_rate        | 0.0003      |
|    loss                 | 8.25e+04    |
|    n_updates            | 650         |
|    policy_gradient_loss | -0.00982    |
|    value_loss           | 1.82e+05    |
-----------------------------------------
-----------------------------------------
| rollout/                |             |
|    ep_len_mean          | 100         |
|    ep_rew_mean          | 1.81e+03    |
| time/                   |             |
|    fps                  | 51          |
|    iterations           | 67          |
|    time_elapsed         | 2661        |
|    total_timesteps      | 137216      |
| train/                  |             |
|    approx_kl            | 0.007254669 |
|    clip_fraction        | 0.0354      |
|    clip_range           | 0.2         |
|    entropy_loss         | -4.41       |
|    explained_variance   | 0           |
|    learning_rate        | 0.0003      |
|    loss                 | 1e+05       |
|    n_updates            | 660         |
|    policy_gradient_loss | -0.00713    |
|    value_loss           | 2.23e+05    |
-----------------------------------------
------------------------------------------
| rollout/                |              |
|    ep_len_mean          | 100          |
|    ep_rew_mean          | 1.76e+03     |
| time/                   |              |
|    fps                  | 51           |
|    iterations           | 68           |
|    time_elapsed         | 2697         |
|    total_timesteps      | 139264       |
| train/                  |              |
|    approx_kl            | 0.0079282485 |
|    clip_fraction        | 0.0369       |
|    clip_range           | 0.2          |
|    entropy_loss         | -4.38        |
|    explained_variance   | 0            |
|    learning_rate        | 0.0003       |
|    loss                 | 9.67e+04     |
|    n_updates            | 670          |
|    policy_gradient_loss | -0.00792     |
|    value_loss           | 1.9e+05      |
------------------------------------------
------------------------------------------
| rollout/                |              |
|    ep_len_mean          | 100          |
|    ep_rew_mean          | 1.81e+03     |
| time/                   |              |
|    fps                  | 51           |
|    iterations           | 69           |
|    time_elapsed         | 2731         |
|    total_timesteps      | 141312       |
| train/                  |              |
|    approx_kl            | 0.0060463487 |
|    clip_fraction        | 0.0268       |
|    clip_range           | 0.2          |
|    entropy_loss         | -4.37        |
|    explained_variance   | -1.19e-07    |
|    learning_rate        | 0.0003       |
|    loss                 | 1.07e+05     |
|    n_updates            | 680          |
|    policy_gradient_loss | -0.00521     |
|    value_loss           | 2.11e+05     |
------------------------------------------
-----------------------------------------
| rollout/                |             |
|    ep_len_mean          | 100         |
|    ep_rew_mean          | 1.88e+03    |
| time/                   |             |
|    fps                  | 51          |
|    iterations           | 70          |
|    time_elapsed         | 2765        |
|    total_timesteps      | 143360      |
| train/                  |             |
|    approx_kl            | 0.008345643 |
|    clip_fraction        | 0.0505      |
|    clip_range           | 0.2         |
|    entropy_loss         | -4.35       |
|    explained_variance   | 0           |
|    learning_rate        | 0.0003      |
|    loss                 | 1.12e+05    |
|    n_updates            | 690         |
|    policy_gradient_loss | -0.00843    |
|    value_loss           | 2.25e+05    |
-----------------------------------------
------------------------------------------
| rollout/                |              |
|    ep_len_mean          | 100          |
|    ep_rew_mean          | 1.84e+03     |
| time/                   |              |
|    fps                  | 51           |
|    iterations           | 71           |
|    time_elapsed         | 2800         |
|    total_timesteps      | 145408       |
| train/                  |              |
|    approx_kl            | 0.0060464162 |
|    clip_fraction        | 0.0419       |
|    clip_range           | 0.2          |
|    entropy_loss         | -4.36        |
|    explained_variance   | 0            |
|    learning_rate        | 0.0003       |
|    loss                 | 8.8e+04      |
|    n_updates            | 700          |
|    policy_gradient_loss | -0.00649     |
|    value_loss           | 1.68e+05     |
------------------------------------------
-----------------------------------------
| rollout/                |             |
|    ep_len_mean          | 100         |
|    ep_rew_mean          | 1.9e+03     |
| time/                   |             |
|    fps                  | 52          |
|    iterations           | 72          |
|    time_elapsed         | 2832        |
|    total_timesteps      | 147456      |
| train/                  |             |
|    approx_kl            | 0.008649557 |
|    clip_fraction        | 0.0684      |
|    clip_range           | 0.2         |
|    entropy_loss         | -4.39       |
|    explained_variance   | 5.96e-08    |
|    learning_rate        | 0.0003      |
|    loss                 | 1.14e+05    |
|    n_updates            | 710         |
|    policy_gradient_loss | -0.00812    |
|    value_loss           | 2.11e+05    |
-----------------------------------------
------------------------------------------
| rollout/                |              |
|    ep_len_mean          | 100          |
|    ep_rew_mean          | 1.93e+03     |
| time/                   |              |
|    fps                  | 52           |
|    iterations           | 73           |
|    time_elapsed         | 2865         |
|    total_timesteps      | 149504       |
| train/                  |              |
|    approx_kl            | 0.0078666825 |
|    clip_fraction        | 0.0526       |
|    clip_range           | 0.2          |
|    entropy_loss         | -4.41        |
|    explained_variance   | 0            |
|    learning_rate        | 0.0003       |
|    loss                 | 9.19e+04     |
|    n_updates            | 720          |
|    policy_gradient_loss | -0.00804     |
|    value_loss           | 1.82e+05     |
------------------------------------------
Eval num_timesteps=150000, episode_reward=1871.22 +/- 539.53
Episode length: 100.00 +/- 0.00
-----------------------------------------
| eval/                   |             |
|    mean_ep_length       | 100         |
|    mean_reward          | 1.87e+03    |
| time/                   |             |
|    total_timesteps      | 150000      |
| train/                  |             |
|    approx_kl            | 0.006728655 |
|    clip_fraction        | 0.0434      |
|    clip_range           | 0.2         |
|    entropy_loss         | -4.42       |
|    explained_variance   | 0           |
|    learning_rate        | 0.0003      |
|    loss                 | 1.04e+05    |
|    n_updates            | 730         |
|    policy_gradient_loss | -0.0067     |
|    value_loss           | 1.92e+05    |
-----------------------------------------
New best mean reward!
---------------------------------
| rollout/           |          |
|    ep_len_mean     | 100      |
|    ep_rew_mean     | 1.98e+03 |
| time/              |          |
|    fps             | 51       |
|    iterations      | 74       |
|    time_elapsed    | 2934     |
|    total_timesteps | 151552   |
---------------------------------
-----------------------------------------
| rollout/                |             |
|    ep_len_mean          | 100         |
|    ep_rew_mean          | 2.03e+03    |
| time/                   |             |
|    fps                  | 51          |
|    iterations           | 75          |
|    time_elapsed         | 2969        |
|    total_timesteps      | 153600      |
| train/                  |             |
|    approx_kl            | 0.007983176 |
|    clip_fraction        | 0.0675      |
|    clip_range           | 0.2         |
|    entropy_loss         | -4.41       |
|    explained_variance   | 0           |
|    learning_rate        | 0.0003      |
|    loss                 | 8.23e+04    |
|    n_updates            | 740         |
|    policy_gradient_loss | -0.00962    |
|    value_loss           | 1.78e+05    |
-----------------------------------------
------------------------------------------
| rollout/                |              |
|    ep_len_mean          | 100          |
|    ep_rew_mean          | 2.02e+03     |
| time/                   |              |
|    fps                  | 51           |
|    iterations           | 76           |
|    time_elapsed         | 3002         |
|    total_timesteps      | 155648       |
| train/                  |              |
|    approx_kl            | 0.0063735414 |
|    clip_fraction        | 0.018        |
|    clip_range           | 0.2          |
|    entropy_loss         | -4.4         |
|    explained_variance   | 0            |
|    learning_rate        | 0.0003       |
|    loss                 | 8.11e+04     |
|    n_updates            | 750          |
|    policy_gradient_loss | -0.00506     |
|    value_loss           | 1.74e+05     |
------------------------------------------
------------------------------------------
| rollout/                |              |
|    ep_len_mean          | 100          |
|    ep_rew_mean          | 1.96e+03     |
| time/                   |              |
|    fps                  | 51           |
|    iterations           | 77           |
|    time_elapsed         | 3033         |
|    total_timesteps      | 157696       |
| train/                  |              |
|    approx_kl            | 0.0060777436 |
|    clip_fraction        | 0.0225       |
|    clip_range           | 0.2          |
|    entropy_loss         | -4.4         |
|    explained_variance   | 0            |
|    learning_rate        | 0.0003       |
|    loss                 | 1.01e+05     |
|    n_updates            | 760          |
|    policy_gradient_loss | -0.00567     |
|    value_loss           | 1.8e+05      |
------------------------------------------
------------------------------------------
| rollout/                |              |
|    ep_len_mean          | 100          |
|    ep_rew_mean          | 1.97e+03     |
| time/                   |              |
|    fps                  | 52           |
|    iterations           | 78           |
|    time_elapsed         | 3067         |
|    total_timesteps      | 159744       |
| train/                  |              |
|    approx_kl            | 0.0073357616 |
|    clip_fraction        | 0.0666       |
|    clip_range           | 0.2          |
|    entropy_loss         | -4.39        |
|    explained_variance   | 0            |
|    learning_rate        | 0.0003       |
|    loss                 | 9.18e+04     |
|    n_updates            | 770          |
|    policy_gradient_loss | -0.00948     |
|    value_loss           | 1.72e+05     |
------------------------------------------
------------------------------------------
| rollout/                |              |
|    ep_len_mean          | 100          |
|    ep_rew_mean          | 2.04e+03     |
| time/                   |              |
|    fps                  | 52           |
|    iterations           | 79           |
|    time_elapsed         | 3101         |
|    total_timesteps      | 161792       |
| train/                  |              |
|    approx_kl            | 0.0065551996 |
|    clip_fraction        | 0.0484       |
|    clip_range           | 0.2          |
|    entropy_loss         | -4.4         |
|    explained_variance   | 0            |
|    learning_rate        | 0.0003       |
|    loss                 | 1.05e+05     |
|    n_updates            | 780          |
|    policy_gradient_loss | -0.00741     |
|    value_loss           | 2.22e+05     |
------------------------------------------
-----------------------------------------
| rollout/                |             |
|    ep_len_mean          | 100         |
|    ep_rew_mean          | 2.02e+03    |
| time/                   |             |
|    fps                  | 52          |
|    iterations           | 80          |
|    time_elapsed         | 3129        |
|    total_timesteps      | 163840      |
| train/                  |             |
|    approx_kl            | 0.006219928 |
|    clip_fraction        | 0.0313      |
|    clip_range           | 0.2         |
|    entropy_loss         | -4.4        |
|    explained_variance   | 0           |
|    learning_rate        | 0.0003      |
|    loss                 | 9.4e+04     |
|    n_updates            | 790         |
|    policy_gradient_loss | -0.00672    |
|    value_loss           | 1.95e+05    |
-----------------------------------------
-----------------------------------------
| rollout/                |             |
|    ep_len_mean          | 100         |
|    ep_rew_mean          | 2.12e+03    |
| time/                   |             |
|    fps                  | 52          |
|    iterations           | 81          |
|    time_elapsed         | 3154        |
|    total_timesteps      | 165888      |
| train/                  |             |
|    approx_kl            | 0.006682525 |
|    clip_fraction        | 0.0424      |
|    clip_range           | 0.2         |
|    entropy_loss         | -4.39       |
|    explained_variance   | 0           |
|    learning_rate        | 0.0003      |
|    loss                 | 8.81e+04    |
|    n_updates            | 800         |
|    policy_gradient_loss | -0.00701    |
|    value_loss           | 1.91e+05    |
-----------------------------------------
-----------------------------------------
| rollout/                |             |
|    ep_len_mean          | 100         |
|    ep_rew_mean          | 2.22e+03    |
| time/                   |             |
|    fps                  | 52          |
|    iterations           | 82          |
|    time_elapsed         | 3187        |
|    total_timesteps      | 167936      |
| train/                  |             |
|    approx_kl            | 0.008719654 |
|    clip_fraction        | 0.0722      |
|    clip_range           | 0.2         |
|    entropy_loss         | -4.39       |
|    explained_variance   | -1.19e-07   |
|    learning_rate        | 0.0003      |
|    loss                 | 8.41e+04    |
|    n_updates            | 810         |
|    policy_gradient_loss | -0.00865    |
|    value_loss           | 1.62e+05    |
-----------------------------------------
------------------------------------------
| rollout/                |              |
|    ep_len_mean          | 100          |
|    ep_rew_mean          | 2.21e+03     |
| time/                   |              |
|    fps                  | 52           |
|    iterations           | 83           |
|    time_elapsed         | 3220         |
|    total_timesteps      | 169984       |
| train/                  |              |
|    approx_kl            | 0.0054685865 |
|    clip_fraction        | 0.0313       |
|    clip_range           | 0.2          |
|    entropy_loss         | -4.37        |
|    explained_variance   | 0            |
|    learning_rate        | 0.0003       |
|    loss                 | 8.49e+04     |
|    n_updates            | 820          |
|    policy_gradient_loss | -0.00646     |
|    value_loss           | 1.98e+05     |
------------------------------------------
------------------------------------------
| rollout/                |              |
|    ep_len_mean          | 100          |
|    ep_rew_mean          | 2.26e+03     |
| time/                   |              |
|    fps                  | 52           |
|    iterations           | 84           |
|    time_elapsed         | 3256         |
|    total_timesteps      | 172032       |
| train/                  |              |
|    approx_kl            | 0.0044098636 |
|    clip_fraction        | 0.0138       |
|    clip_range           | 0.2          |
|    entropy_loss         | -4.39        |
|    explained_variance   | 0            |
|    learning_rate        | 0.0003       |
|    loss                 | 8.32e+04     |
|    n_updates            | 830          |
|    policy_gradient_loss | -0.00394     |
|    value_loss           | 1.74e+05     |
------------------------------------------
------------------------------------------
| rollout/                |              |
|    ep_len_mean          | 100          |
|    ep_rew_mean          | 2.14e+03     |
| time/                   |              |
|    fps                  | 52           |
|    iterations           | 85           |
|    time_elapsed         | 3288         |
|    total_timesteps      | 174080       |
| train/                  |              |
|    approx_kl            | 0.0068017365 |
|    clip_fraction        | 0.0327       |
|    clip_range           | 0.2          |
|    entropy_loss         | -4.38        |
|    explained_variance   | -1.19e-07    |
|    learning_rate        | 0.0003       |
|    loss                 | 9.97e+04     |
|    n_updates            | 840          |
|    policy_gradient_loss | -0.00582     |
|    value_loss           | 1.9e+05      |
------------------------------------------
-----------------------------------------
| rollout/                |             |
|    ep_len_mean          | 100         |
|    ep_rew_mean          | 2.11e+03    |
| time/                   |             |
|    fps                  | 52          |
|    iterations           | 86          |
|    time_elapsed         | 3323        |
|    total_timesteps      | 176128      |
| train/                  |             |
|    approx_kl            | 0.008358153 |
|    clip_fraction        | 0.0665      |
|    clip_range           | 0.2         |
|    entropy_loss         | -4.37       |
|    explained_variance   | 0           |
|    learning_rate        | 0.0003      |
|    loss                 | 9.03e+04    |
|    n_updates            | 850         |
|    policy_gradient_loss | -0.00963    |
|    value_loss           | 1.79e+05    |
-----------------------------------------
-----------------------------------------
| rollout/                |             |
|    ep_len_mean          | 100         |
|    ep_rew_mean          | 2.06e+03    |
| time/                   |             |
|    fps                  | 53          |
|    iterations           | 87          |
|    time_elapsed         | 3358        |
|    total_timesteps      | 178176      |
| train/                  |             |
|    approx_kl            | 0.006060019 |
|    clip_fraction        | 0.018       |
|    clip_range           | 0.2         |
|    entropy_loss         | -4.37       |
|    explained_variance   | 1.19e-07    |
|    learning_rate        | 0.0003      |
|    loss                 | 9.93e+04    |
|    n_updates            | 860         |
|    policy_gradient_loss | -0.00515    |
|    value_loss           | 1.88e+05    |
-----------------------------------------
----------------------------------------
| rollout/                |            |
|    ep_len_mean          | 100        |
|    ep_rew_mean          | 2.09e+03   |
| time/                   |            |
|    fps                  | 53         |
|    iterations           | 88         |
|    time_elapsed         | 3390       |
|    total_timesteps      | 180224     |
| train/                  |            |
|    approx_kl            | 0.00697342 |
|    clip_fraction        | 0.0498     |
|    clip_range           | 0.2        |
|    entropy_loss         | -4.34      |
|    explained_variance   | 5.96e-08   |
|    learning_rate        | 0.0003     |
|    loss                 | 1.06e+05   |
|    n_updates            | 870        |
|    policy_gradient_loss | -0.0105    |
|    value_loss           | 1.93e+05   |
----------------------------------------
------------------------------------------
| rollout/                |              |
|    ep_len_mean          | 100          |
|    ep_rew_mean          | 2.06e+03     |
| time/                   |              |
|    fps                  | 53           |
|    iterations           | 89           |
|    time_elapsed         | 3428         |
|    total_timesteps      | 182272       |
| train/                  |              |
|    approx_kl            | 0.0066915923 |
|    clip_fraction        | 0.0453       |
|    clip_range           | 0.2          |
|    entropy_loss         | -4.34        |
|    explained_variance   | 0            |
|    learning_rate        | 0.0003       |
|    loss                 | 8.37e+04     |
|    n_updates            | 880          |
|    policy_gradient_loss | -0.00774     |
|    value_loss           | 1.7e+05      |
------------------------------------------
-----------------------------------------
| rollout/                |             |
|    ep_len_mean          | 100         |
|    ep_rew_mean          | 2.23e+03    |
| time/                   |             |
|    fps                  | 53          |
|    iterations           | 90          |
|    time_elapsed         | 3462        |
|    total_timesteps      | 184320      |
| train/                  |             |
|    approx_kl            | 0.006669027 |
|    clip_fraction        | 0.0501      |
|    clip_range           | 0.2         |
|    entropy_loss         | -4.38       |
|    explained_variance   | -1.19e-07   |
|    learning_rate        | 0.0003      |
|    loss                 | 9.02e+04    |
|    n_updates            | 890         |
|    policy_gradient_loss | -0.00677    |
|    value_loss           | 1.85e+05    |
-----------------------------------------
-----------------------------------------
| rollout/                |             |
|    ep_len_mean          | 100         |
|    ep_rew_mean          | 2.22e+03    |
| time/                   |             |
|    fps                  | 53          |
|    iterations           | 91          |
|    time_elapsed         | 3495        |
|    total_timesteps      | 186368      |
| train/                  |             |
|    approx_kl            | 0.007124946 |
|    clip_fraction        | 0.0481      |
|    clip_range           | 0.2         |
|    entropy_loss         | -4.38       |
|    explained_variance   | 0           |
|    learning_rate        | 0.0003      |
|    loss                 | 7.75e+04    |
|    n_updates            | 900         |
|    policy_gradient_loss | -0.00883    |
|    value_loss           | 1.83e+05    |
-----------------------------------------
-----------------------------------------
| rollout/                |             |
|    ep_len_mean          | 100         |
|    ep_rew_mean          | 2.19e+03    |
| time/                   |             |
|    fps                  | 53          |
|    iterations           | 92          |
|    time_elapsed         | 3531        |
|    total_timesteps      | 188416      |
| train/                  |             |
|    approx_kl            | 0.006262945 |
|    clip_fraction        | 0.033       |
|    clip_range           | 0.2         |
|    entropy_loss         | -4.37       |
|    explained_variance   | 1.19e-07    |
|    learning_rate        | 0.0003      |
|    loss                 | 9.35e+04    |
|    n_updates            | 910         |
|    policy_gradient_loss | -0.00655    |
|    value_loss           | 1.81e+05    |
-----------------------------------------
-----------------------------------------
| rollout/                |             |
|    ep_len_mean          | 100         |
|    ep_rew_mean          | 2.14e+03    |
| time/                   |             |
|    fps                  | 53          |
|    iterations           | 93          |
|    time_elapsed         | 3565        |
|    total_timesteps      | 190464      |
| train/                  |             |
|    approx_kl            | 0.016772944 |
|    clip_fraction        | 0.141       |
|    clip_range           | 0.2         |
|    entropy_loss         | -4.39       |
|    explained_variance   | 1.19e-07    |
|    learning_rate        | 0.0003      |
|    loss                 | 7.97e+04    |
|    n_updates            | 920         |
|    policy_gradient_loss | -0.000841   |
|    value_loss           | 1.76e+05    |
-----------------------------------------
-----------------------------------------
| rollout/                |             |
|    ep_len_mean          | 100         |
|    ep_rew_mean          | 1.91e+03    |
| time/                   |             |
|    fps                  | 53          |
|    iterations           | 94          |
|    time_elapsed         | 3597        |
|    total_timesteps      | 192512      |
| train/                  |             |
|    approx_kl            | 0.014406906 |
|    clip_fraction        | 0.229       |
|    clip_range           | 0.2         |
|    entropy_loss         | -4.38       |
|    explained_variance   | -0.0194     |
|    learning_rate        | 0.0003      |
|    loss                 | 1.03e+05    |
|    n_updates            | 930         |
|    policy_gradient_loss | 0.0112      |
|    value_loss           | 1.91e+05    |
-----------------------------------------
-----------------------------------------
| rollout/                |             |
|    ep_len_mean          | 100         |
|    ep_rew_mean          | 1.86e+03    |
| time/                   |             |
|    fps                  | 53          |
|    iterations           | 95          |
|    time_elapsed         | 3639        |
|    total_timesteps      | 194560      |
| train/                  |             |
|    approx_kl            | 0.007841826 |
|    clip_fraction        | 0.048       |
|    clip_range           | 0.2         |
|    entropy_loss         | -4.4        |
|    explained_variance   | 0           |
|    learning_rate        | 0.0003      |
|    loss                 | 1.11e+05    |
|    n_updates            | 940         |
|    policy_gradient_loss | -0.00509    |
|    value_loss           | 2.02e+05    |
-----------------------------------------
------------------------------------------
| rollout/                |              |
|    ep_len_mean          | 100          |
|    ep_rew_mean          | 1.81e+03     |
| time/                   |              |
|    fps                  | 53           |
|    iterations           | 96           |
|    time_elapsed         | 3670         |
|    total_timesteps      | 196608       |
| train/                  |              |
|    approx_kl            | 0.0116831735 |
|    clip_fraction        | 0.0615       |
|    clip_range           | 0.2          |
|    entropy_loss         | -4.4         |
|    explained_variance   | 0            |
|    learning_rate        | 0.0003       |
|    loss                 | 9.15e+04     |
|    n_updates            | 950          |
|    policy_gradient_loss | -0.00857     |
|    value_loss           | 1.72e+05     |
------------------------------------------
------------------------------------------
| rollout/                |              |
|    ep_len_mean          | 100          |
|    ep_rew_mean          | 1.69e+03     |
| time/                   |              |
|    fps                  | 53           |
|    iterations           | 97           |
|    time_elapsed         | 3704         |
|    total_timesteps      | 198656       |
| train/                  |              |
|    approx_kl            | 0.0094824005 |
|    clip_fraction        | 0.0527       |
|    clip_range           | 0.2          |
|    entropy_loss         | -4.37        |
|    explained_variance   | 1.19e-07     |
|    learning_rate        | 0.0003       |
|    loss                 | 9.74e+04     |
|    n_updates            | 960          |
|    policy_gradient_loss | -0.00889     |
|    value_loss           | 1.94e+05     |
------------------------------------------
Eval num_timesteps=200000, episode_reward=-16906.32 +/- 2922.51
Episode length: 100.00 +/- 0.00
----------------------------------------
| eval/                   |            |
|    mean_ep_length       | 100        |
|    mean_reward          | -1.69e+04  |
| time/                   |            |
|    total_timesteps      | 200000     |
| train/                  |            |
|    approx_kl            | 0.02077631 |
|    clip_fraction        | 0.529      |
|    clip_range           | 0.2        |
|    entropy_loss         | -4.31      |
|    explained_variance   | 5.96e-08   |
|    learning_rate        | 0.0003     |
|    loss                 | 1.19e+05   |
|    n_updates            | 970        |
|    policy_gradient_loss | 0.0619     |
|    value_loss           | 2.14e+05   |
----------------------------------------
---------------------------------
| rollout/           |          |
|    ep_len_mean     | 100      |
|    ep_rew_mean     | 1.57e+03 |
| time/              |          |
|    fps             | 53       |
|    iterations      | 98       |
|    time_elapsed    | 3774     |
|    total_timesteps | 200704   |
---------------------------------
-----------------------------------------
| rollout/                |             |
|    ep_len_mean          | 100         |
|    ep_rew_mean          | 1.58e+03    |
| time/                   |             |
|    fps                  | 53          |
|    iterations           | 99          |
|    time_elapsed         | 3802        |
|    total_timesteps      | 202752      |
| train/                  |             |
|    approx_kl            | 0.010664434 |
|    clip_fraction        | 0.065       |
|    clip_range           | 0.2         |
|    entropy_loss         | -4.41       |
|    explained_variance   | -1.19e-07   |
|    learning_rate        | 0.0003      |
|    loss                 | 9.83e+04    |
|    n_updates            | 980         |
|    policy_gradient_loss | -0.00235    |
|    value_loss           | 2.01e+05    |
-----------------------------------------
------------------------------------------
| rollout/                |              |
|    ep_len_mean          | 100          |
|    ep_rew_mean          | 1.49e+03     |
| time/                   |              |
|    fps                  | 53           |
|    iterations           | 100          |
|    time_elapsed         | 3833         |
|    total_timesteps      | 204800       |
| train/                  |              |
|    approx_kl            | 0.0025416259 |
|    clip_fraction        | 0.0019       |
|    clip_range           | 0.2          |
|    entropy_loss         | -4.4         |
|    explained_variance   | 1.19e-07     |
|    learning_rate        | 0.0003       |
|    loss                 | 7.63e+04     |
|    n_updates            | 990          |
|    policy_gradient_loss | -0.0025      |
|    value_loss           | 1.71e+05     |
------------------------------------------
----------------------------------------
| rollout/                |            |
|    ep_len_mean          | 100        |
|    ep_rew_mean          | 1.3e+03    |
| time/                   |            |
|    fps                  | 53         |
|    iterations           | 101        |
|    time_elapsed         | 3872       |
|    total_timesteps      | 206848     |
| train/                  |            |
|    approx_kl            | 0.06979633 |
|    clip_fraction        | 0.134      |
|    clip_range           | 0.2        |
|    entropy_loss         | -4.41      |
|    explained_variance   | 0          |
|    learning_rate        | 0.0003     |
|    loss                 | 9.11e+04   |
|    n_updates            | 1000       |
|    policy_gradient_loss | 0.000974   |
|    value_loss           | 2.01e+05   |
----------------------------------------
-----------------------------------------
| rollout/                |             |
|    ep_len_mean          | 100         |
|    ep_rew_mean          | 1.23e+03    |
| time/                   |             |
|    fps                  | 53          |
|    iterations           | 102         |
|    time_elapsed         | 3908        |
|    total_timesteps      | 208896      |
| train/                  |             |
|    approx_kl            | 0.037194178 |
|    clip_fraction        | 0.394       |
|    clip_range           | 0.2         |
|    entropy_loss         | -4.27       |
|    explained_variance   | 0           |
|    learning_rate        | 0.0003      |
|    loss                 | 1.14e+05    |
|    n_updates            | 1010        |
|    policy_gradient_loss | 0.0165      |
|    value_loss           | 2.19e+05    |
-----------------------------------------
-----------------------------------------
| rollout/                |             |
|    ep_len_mean          | 100         |
|    ep_rew_mean          | 1.32e+03    |
| time/                   |             |
|    fps                  | 53          |
|    iterations           | 103         |
|    time_elapsed         | 3944        |
|    total_timesteps      | 210944      |
| train/                  |             |
|    approx_kl            | 0.025550067 |
|    clip_fraction        | 0.374       |
|    clip_range           | 0.2         |
|    entropy_loss         | -4.3        |
|    explained_variance   | 0           |
|    learning_rate        | 0.0003      |
|    loss                 | 1.06e+05    |
|    n_updates            | 1020        |
|    policy_gradient_loss | 0.0224      |
|    value_loss           | 2.02e+05    |
-----------------------------------------
------------------------------------------
| rollout/                |              |
|    ep_len_mean          | 100          |
|    ep_rew_mean          | 1.22e+03     |
| time/                   |              |
|    fps                  | 53           |
|    iterations           | 104          |
|    time_elapsed         | 3977         |
|    total_timesteps      | 212992       |
| train/                  |              |
|    approx_kl            | 0.0042761476 |
|    clip_fraction        | 0.0134       |
|    clip_range           | 0.2          |
|    entropy_loss         | -4.33        |
|    explained_variance   | 0            |
|    learning_rate        | 0.0003       |
|    loss                 | 8.11e+04     |
|    n_updates            | 1030         |
|    policy_gradient_loss | 0.000373     |
|    value_loss           | 1.66e+05     |
------------------------------------------
-----------------------------------------
| rollout/                |             |
|    ep_len_mean          | 100         |
|    ep_rew_mean          | 1.24e+03    |
| time/                   |             |
|    fps                  | 53          |
|    iterations           | 105         |
|    time_elapsed         | 4012        |
|    total_timesteps      | 215040      |
| train/                  |             |
|    approx_kl            | 0.011014694 |
|    clip_fraction        | 0.0663      |
|    clip_range           | 0.2         |
|    entropy_loss         | -4.35       |
|    explained_variance   | 0           |
|    learning_rate        | 0.0003      |
|    loss                 | 1.22e+05    |
|    n_updates            | 1040        |
|    policy_gradient_loss | -0.00465    |
|    value_loss           | 1.93e+05    |
-----------------------------------------
------------------------------------------
| rollout/                |              |
|    ep_len_mean          | 100          |
|    ep_rew_mean          | 1.38e+03     |
| time/                   |              |
|    fps                  | 53           |
|    iterations           | 106          |
|    time_elapsed         | 4045         |
|    total_timesteps      | 217088       |
| train/                  |              |
|    approx_kl            | 0.0060008736 |
|    clip_fraction        | 0.0111       |
|    clip_range           | 0.2          |
|    entropy_loss         | -4.37        |
|    explained_variance   | 0            |
|    learning_rate        | 0.0003       |
|    loss                 | 1.03e+05     |
|    n_updates            | 1050         |
|    policy_gradient_loss | -0.00288     |
|    value_loss           | 1.88e+05     |
------------------------------------------
------------------------------------------
| rollout/                |              |
|    ep_len_mean          | 100          |
|    ep_rew_mean          | 1.49e+03     |
| time/                   |              |
|    fps                  | 53           |
|    iterations           | 107          |
|    time_elapsed         | 4082         |
|    total_timesteps      | 219136       |
| train/                  |              |
|    approx_kl            | 0.0050598024 |
|    clip_fraction        | 0.0507       |
|    clip_range           | 0.2          |
|    entropy_loss         | -4.35        |
|    explained_variance   | 0            |
|    learning_rate        | 0.0003       |
|    loss                 | 1.05e+05     |
|    n_updates            | 1060         |
|    policy_gradient_loss | -0.00519     |
|    value_loss           | 2.02e+05     |
------------------------------------------
------------------------------------------
| rollout/                |              |
|    ep_len_mean          | 100          |
|    ep_rew_mean          | 1.36e+03     |
| time/                   |              |
|    fps                  | 53           |
|    iterations           | 108          |
|    time_elapsed         | 4116         |
|    total_timesteps      | 221184       |
| train/                  |              |
|    approx_kl            | 0.0060637505 |
|    clip_fraction        | 0.0297       |
|    clip_range           | 0.2          |
|    entropy_loss         | -4.37        |
|    explained_variance   | 0            |
|    learning_rate        | 0.0003       |
|    loss                 | 8.88e+04     |
|    n_updates            | 1070         |
|    policy_gradient_loss | -0.00496     |
|    value_loss           | 1.72e+05     |
------------------------------------------
-----------------------------------------
| rollout/                |             |
|    ep_len_mean          | 100         |
|    ep_rew_mean          | 1.43e+03    |
| time/                   |             |
|    fps                  | 53          |
|    iterations           | 109         |
|    time_elapsed         | 4152        |
|    total_timesteps      | 223232      |
| train/                  |             |
|    approx_kl            | 0.019623637 |
|    clip_fraction        | 0.488       |
|    clip_range           | 0.2         |
|    entropy_loss         | -4.27       |
|    explained_variance   | 0           |
|    learning_rate        | 0.0003      |
|    loss                 | 1.11e+05    |
|    n_updates            | 1080        |
|    policy_gradient_loss | 0.0432      |
|    value_loss           | 1.95e+05    |
-----------------------------------------
------------------------------------------
| rollout/                |              |
|    ep_len_mean          | 100          |
|    ep_rew_mean          | 1.46e+03     |
| time/                   |              |
|    fps                  | 53           |
|    iterations           | 110          |
|    time_elapsed         | 4187         |
|    total_timesteps      | 225280       |
| train/                  |              |
|    approx_kl            | 0.0058621485 |
|    clip_fraction        | 0.0753       |
|    clip_range           | 0.2          |
|    entropy_loss         | -4.35        |
|    explained_variance   | 0            |
|    learning_rate        | 0.0003       |
|    loss                 | 7.16e+04     |
|    n_updates            | 1090         |
|    policy_gradient_loss | -0.00405     |
|    value_loss           | 1.54e+05     |
------------------------------------------
-------------------------------------------
| rollout/                |               |
|    ep_len_mean          | 100           |
|    ep_rew_mean          | 1.48e+03      |
| time/                   |               |
|    fps                  | 53            |
|    iterations           | 111           |
|    time_elapsed         | 4223          |
|    total_timesteps      | 227328        |
| train/                  |               |
|    approx_kl            | 0.00079614366 |
|    clip_fraction        | 0             |
|    clip_range           | 0.2           |
|    entropy_loss         | -4.35         |
|    explained_variance   | 0             |
|    learning_rate        | 0.0003        |
|    loss                 | 7.86e+04      |
|    n_updates            | 1100          |
|    policy_gradient_loss | -0.00159      |
|    value_loss           | 1.59e+05      |
-------------------------------------------
------------------------------------------
| rollout/                |              |
|    ep_len_mean          | 100          |
|    ep_rew_mean          | 1.49e+03     |
| time/                   |              |
|    fps                  | 53           |
|    iterations           | 112          |
|    time_elapsed         | 4263         |
|    total_timesteps      | 229376       |
| train/                  |              |
|    approx_kl            | 0.0038817509 |
|    clip_fraction        | 0.000879     |
|    clip_range           | 0.2          |
|    entropy_loss         | -4.33        |
|    explained_variance   | 5.96e-08     |
|    learning_rate        | 0.0003       |
|    loss                 | 1.05e+05     |
|    n_updates            | 1110         |
|    policy_gradient_loss | -0.00481     |
|    value_loss           | 2e+05        |
------------------------------------------
------------------------------------------
| rollout/                |              |
|    ep_len_mean          | 100          |
|    ep_rew_mean          | 1.68e+03     |
| time/                   |              |
|    fps                  | 53           |
|    iterations           | 113          |
|    time_elapsed         | 4303         |
|    total_timesteps      | 231424       |
| train/                  |              |
|    approx_kl            | 0.0033136788 |
|    clip_fraction        | 0.00239      |
|    clip_range           | 0.2          |
|    entropy_loss         | -4.32        |
|    explained_variance   | 0            |
|    learning_rate        | 0.0003       |
|    loss                 | 9.54e+04     |
|    n_updates            | 1120         |
|    policy_gradient_loss | -0.00418     |
|    value_loss           | 1.72e+05     |
------------------------------------------
------------------------------------------
| rollout/                |              |
|    ep_len_mean          | 100          |
|    ep_rew_mean          | 1.72e+03     |
| time/                   |              |
|    fps                  | 53           |
|    iterations           | 114          |
|    time_elapsed         | 4340         |
|    total_timesteps      | 233472       |
| train/                  |              |
|    approx_kl            | 0.0006558561 |
|    clip_fraction        | 0            |
|    clip_range           | 0.2          |
|    entropy_loss         | -4.34        |
|    explained_variance   | 0            |
|    learning_rate        | 0.0003       |
|    loss                 | 1.02e+05     |
|    n_updates            | 1130         |
|    policy_gradient_loss | -0.00134     |
|    value_loss           | 1.79e+05     |
------------------------------------------
-------------------------------------------
| rollout/                |               |
|    ep_len_mean          | 100           |
|    ep_rew_mean          | 1.78e+03      |
| time/                   |               |
|    fps                  | 53            |
|    iterations           | 115           |
|    time_elapsed         | 4371          |
|    total_timesteps      | 235520        |
| train/                  |               |
|    approx_kl            | 0.00072161795 |
|    clip_fraction        | 0             |
|    clip_range           | 0.2           |
|    entropy_loss         | -4.34         |
|    explained_variance   | 0             |
|    learning_rate        | 0.0003        |
|    loss                 | 7.16e+04      |
|    n_updates            | 1140          |
|    policy_gradient_loss | -0.00127      |
|    value_loss           | 1.81e+05      |
-------------------------------------------
------------------------------------------
| rollout/                |              |
|    ep_len_mean          | 100          |
|    ep_rew_mean          | 1.78e+03     |
| time/                   |              |
|    fps                  | 53           |
|    iterations           | 116          |
|    time_elapsed         | 4406         |
|    total_timesteps      | 237568       |
| train/                  |              |
|    approx_kl            | 0.0006334331 |
|    clip_fraction        | 0            |
|    clip_range           | 0.2          |
|    entropy_loss         | -4.35        |
|    explained_variance   | 0            |
|    learning_rate        | 0.0003       |
|    loss                 | 8.3e+04      |
|    n_updates            | 1150         |
|    policy_gradient_loss | -0.00126     |
|    value_loss           | 1.79e+05     |
------------------------------------------
------------------------------------------
| rollout/                |              |
|    ep_len_mean          | 100          |
|    ep_rew_mean          | 1.83e+03     |
| time/                   |              |
|    fps                  | 53           |
|    iterations           | 117          |
|    time_elapsed         | 4452         |
|    total_timesteps      | 239616       |
| train/                  |              |
|    approx_kl            | 0.0077906963 |
|    clip_fraction        | 0.0466       |
|    clip_range           | 0.2          |
|    entropy_loss         | -4.35        |
|    explained_variance   | 0            |
|    learning_rate        | 0.0003       |
|    loss                 | 7.39e+04     |
|    n_updates            | 1160         |
|    policy_gradient_loss | -0.00608     |
|    value_loss           | 1.68e+05     |
------------------------------------------
------------------------------------------
| rollout/                |              |
|    ep_len_mean          | 100          |
|    ep_rew_mean          | 1.72e+03     |
| time/                   |              |
|    fps                  | 53           |
|    iterations           | 118          |
|    time_elapsed         | 4494         |
|    total_timesteps      | 241664       |
| train/                  |              |
|    approx_kl            | 0.0012776863 |
|    clip_fraction        | 0            |
|    clip_range           | 0.2          |
|    entropy_loss         | -4.34        |
|    explained_variance   | -2.38e-07    |
|    learning_rate        | 0.0003       |
|    loss                 | 8.6e+04      |
|    n_updates            | 1170         |
|    policy_gradient_loss | -0.00202     |
|    value_loss           | 1.64e+05     |
------------------------------------------
-----------------------------------------
| rollout/                |             |
|    ep_len_mean          | 100         |
|    ep_rew_mean          | 1.62e+03    |
| time/                   |             |
|    fps                  | 53          |
|    iterations           | 119         |
|    time_elapsed         | 4529        |
|    total_timesteps      | 243712      |
| train/                  |             |
|    approx_kl            | 0.008161918 |
|    clip_fraction        | 0.028       |
|    clip_range           | 0.2         |
|    entropy_loss         | -4.33       |
|    explained_variance   | 0           |
|    learning_rate        | 0.0003      |
|    loss                 | 1.12e+05    |
|    n_updates            | 1180        |
|    policy_gradient_loss | -0.00505    |
|    value_loss           | 2.02e+05    |
-----------------------------------------
-----------------------------------------
| rollout/                |             |
|    ep_len_mean          | 100         |
|    ep_rew_mean          | 1.59e+03    |
| time/                   |             |
|    fps                  | 53          |
|    iterations           | 120         |
|    time_elapsed         | 4560        |
|    total_timesteps      | 245760      |
| train/                  |             |
|    approx_kl            | 0.007982969 |
|    clip_fraction        | 0.0542      |
|    clip_range           | 0.2         |
|    entropy_loss         | -4.35       |
|    explained_variance   | 0           |
|    learning_rate        | 0.0003      |
|    loss                 | 9.19e+04    |
|    n_updates            | 1190        |
|    policy_gradient_loss | -0.00592    |
|    value_loss           | 1.78e+05    |
-----------------------------------------
------------------------------------------
| rollout/                |              |
|    ep_len_mean          | 100          |
|    ep_rew_mean          | 1.64e+03     |
| time/                   |              |
|    fps                  | 53           |
|    iterations           | 121          |
|    time_elapsed         | 4595         |
|    total_timesteps      | 247808       |
| train/                  |              |
|    approx_kl            | 0.0014850156 |
|    clip_fraction        | 0            |
|    clip_range           | 0.2          |
|    entropy_loss         | -4.36        |
|    explained_variance   | 0            |
|    learning_rate        | 0.0003       |
|    loss                 | 9.09e+04     |
|    n_updates            | 1200         |
|    policy_gradient_loss | -0.00215     |
|    value_loss           | 1.5e+05      |
------------------------------------------
-----------------------------------------
| rollout/                |             |
|    ep_len_mean          | 100         |
|    ep_rew_mean          | 1.59e+03    |
| time/                   |             |
|    fps                  | 53          |
|    iterations           | 122         |
|    time_elapsed         | 4630        |
|    total_timesteps      | 249856      |
| train/                  |             |
|    approx_kl            | 0.005187756 |
|    clip_fraction        | 0.00815     |
|    clip_range           | 0.2         |
|    entropy_loss         | -4.37       |
|    explained_variance   | 0           |
|    learning_rate        | 0.0003      |
|    loss                 | 8.32e+04    |
|    n_updates            | 1210        |
|    policy_gradient_loss | -0.0031     |
|    value_loss           | 1.68e+05    |
-----------------------------------------
Eval num_timesteps=250000, episode_reward=-11147.03 +/- 1593.58
Episode length: 100.00 +/- 0.00
------------------------------------------
| eval/                   |              |
|    mean_ep_length       | 100          |
|    mean_reward          | -1.11e+04    |
| time/                   |              |
|    total_timesteps      | 250000       |
| train/                  |              |
|    approx_kl            | 0.0026905276 |
|    clip_fraction        | 0.00122      |
|    clip_range           | 0.2          |
|    entropy_loss         | -4.4         |
|    explained_variance   | 0            |
|    learning_rate        | 0.0003       |
|    loss                 | 1e+05        |
|    n_updates            | 1220         |
|    policy_gradient_loss | -0.00201     |
|    value_loss           | 1.83e+05     |
------------------------------------------
---------------------------------
| rollout/           |          |
|    ep_len_mean     | 100      |
|    ep_rew_mean     | 1.56e+03 |
| time/              |          |
|    fps             | 53       |
|    iterations      | 123      |
|    time_elapsed    | 4708     |
|    total_timesteps | 251904   |
---------------------------------
-----------------------------------------
| rollout/                |             |
|    ep_len_mean          | 100         |
|    ep_rew_mean          | 1.56e+03    |
| time/                   |             |
|    fps                  | 53          |
|    iterations           | 124         |
|    time_elapsed         | 4739        |
|    total_timesteps      | 253952      |
| train/                  |             |
|    approx_kl            | 0.061651006 |
|    clip_fraction        | 0.657       |
|    clip_range           | 0.2         |
|    entropy_loss         | -4.16       |
|    explained_variance   | 0           |
|    learning_rate        | 0.0003      |
|    loss                 | 1.06e+05    |
|    n_updates            | 1230        |
|    policy_gradient_loss | 0.0767      |
|    value_loss           | 2.01e+05    |
-----------------------------------------
-----------------------------------------
| rollout/                |             |
|    ep_len_mean          | 100         |
|    ep_rew_mean          | 1.56e+03    |
| time/                   |             |
|    fps                  | 53          |
|    iterations           | 125         |
|    time_elapsed         | 4774        |
|    total_timesteps      | 256000      |
| train/                  |             |
|    approx_kl            | 0.007504067 |
|    clip_fraction        | 0.0688      |
|    clip_range           | 0.2         |
|    entropy_loss         | -4.36       |
|    explained_variance   | 0           |
|    learning_rate        | 0.0003      |
|    loss                 | 9.65e+04    |
|    n_updates            | 1240        |
|    policy_gradient_loss | -0.0031     |
|    value_loss           | 2.03e+05    |
-----------------------------------------
------------------------------------------
| rollout/                |              |
|    ep_len_mean          | 100          |
|    ep_rew_mean          | 1.59e+03     |
| time/                   |              |
|    fps                  | 53           |
|    iterations           | 126          |
|    time_elapsed         | 4809         |
|    total_timesteps      | 258048       |
| train/                  |              |
|    approx_kl            | 0.0023939488 |
|    clip_fraction        | 0.000439     |
|    clip_range           | 0.2          |
|    entropy_loss         | -4.36        |
|    explained_variance   | 0            |
|    learning_rate        | 0.0003       |
|    loss                 | 7.5e+04      |
|    n_updates            | 1250         |
|    policy_gradient_loss | -0.00267     |
|    value_loss           | 1.67e+05     |
------------------------------------------
-------------------------------------------
| rollout/                |               |
|    ep_len_mean          | 100           |
|    ep_rew_mean          | 1.58e+03      |
| time/                   |               |
|    fps                  | 53            |
|    iterations           | 127           |
|    time_elapsed         | 4843          |
|    total_timesteps      | 260096        |
| train/                  |               |
|    approx_kl            | 0.00086741033 |
|    clip_fraction        | 0             |
|    clip_range           | 0.2           |
|    entropy_loss         | -4.37         |
|    explained_variance   | 0             |
|    learning_rate        | 0.0003        |
|    loss                 | 9.61e+04      |
|    n_updates            | 1260          |
|    policy_gradient_loss | -0.00136      |
|    value_loss           | 1.98e+05      |
-------------------------------------------
-----------------------------------------
| rollout/                |             |
|    ep_len_mean          | 100         |
|    ep_rew_mean          | 1.56e+03    |
| time/                   |             |
|    fps                  | 53          |
|    iterations           | 128         |
|    time_elapsed         | 4876        |
|    total_timesteps      | 262144      |
| train/                  |             |
|    approx_kl            | 0.007747044 |
|    clip_fraction        | 0.0174      |
|    clip_range           | 0.2         |
|    entropy_loss         | -4.36       |
|    explained_variance   | 0           |
|    learning_rate        | 0.0003      |
|    loss                 | 9.16e+04    |
|    n_updates            | 1270        |
|    policy_gradient_loss | -0.00325    |
|    value_loss           | 1.92e+05    |
-----------------------------------------
-----------------------------------------
| rollout/                |             |
|    ep_len_mean          | 100         |
|    ep_rew_mean          | 1.52e+03    |
| time/                   |             |
|    fps                  | 53          |
|    iterations           | 129         |
|    time_elapsed         | 4909        |
|    total_timesteps      | 264192      |
| train/                  |             |
|    approx_kl            | 0.015847908 |
|    clip_fraction        | 0.297       |
|    clip_range           | 0.2         |
|    entropy_loss         | -4.35       |
|    explained_variance   | 0           |
|    learning_rate        | 0.0003      |
|    loss                 | 8.95e+04    |
|    n_updates            | 1280        |
|    policy_gradient_loss | 0.0114      |
|    value_loss           | 2.14e+05    |
-----------------------------------------
-----------------------------------------
| rollout/                |             |
|    ep_len_mean          | 100         |
|    ep_rew_mean          | 1.5e+03     |
| time/                   |             |
|    fps                  | 53          |
|    iterations           | 130         |
|    time_elapsed         | 4944        |
|    total_timesteps      | 266240      |
| train/                  |             |
|    approx_kl            | 0.014081648 |
|    clip_fraction        | 0.123       |
|    clip_range           | 0.2         |
|    entropy_loss         | -4.35       |
|    explained_variance   | 0           |
|    learning_rate        | 0.0003      |
|    loss                 | 1.11e+05    |
|    n_updates            | 1290        |
|    policy_gradient_loss | -0.00318    |
|    value_loss           | 2.23e+05    |
-----------------------------------------
-----------------------------------------
| rollout/                |             |
|    ep_len_mean          | 100         |
|    ep_rew_mean          | 1.37e+03    |
| time/                   |             |
|    fps                  | 53          |
|    iterations           | 131         |
|    time_elapsed         | 4978        |
|    total_timesteps      | 268288      |
| train/                  |             |
|    approx_kl            | 0.005206647 |
|    clip_fraction        | 0.00625     |
|    clip_range           | 0.2         |
|    entropy_loss         | -4.35       |
|    explained_variance   | 1.19e-07    |
|    learning_rate        | 0.0003      |
|    loss                 | 7.98e+04    |
|    n_updates            | 1300        |
|    policy_gradient_loss | -0.0038     |
|    value_loss           | 1.63e+05    |
-----------------------------------------
-----------------------------------------
| rollout/                |             |
|    ep_len_mean          | 100         |
|    ep_rew_mean          | 1.32e+03    |
| time/                   |             |
|    fps                  | 53          |
|    iterations           | 132         |
|    time_elapsed         | 5011        |
|    total_timesteps      | 270336      |
| train/                  |             |
|    approx_kl            | 0.009605342 |
|    clip_fraction        | 0.218       |
|    clip_range           | 0.2         |
|    entropy_loss         | -4.33       |
|    explained_variance   | 0           |
|    learning_rate        | 0.0003      |
|    loss                 | 9.72e+04    |
|    n_updates            | 1310        |
|    policy_gradient_loss | -0.000496   |
|    value_loss           | 2.01e+05    |
-----------------------------------------
-----------------------------------------
| rollout/                |             |
|    ep_len_mean          | 100         |
|    ep_rew_mean          | 1.33e+03    |
| time/                   |             |
|    fps                  | 53          |
|    iterations           | 133         |
|    time_elapsed         | 5047        |
|    total_timesteps      | 272384      |
| train/                  |             |
|    approx_kl            | 0.055064388 |
|    clip_fraction        | 0.368       |
|    clip_range           | 0.2         |
|    entropy_loss         | -4.31       |
|    explained_variance   | 0           |
|    learning_rate        | 0.0003      |
|    loss                 | 8.04e+04    |
|    n_updates            | 1320        |
|    policy_gradient_loss | 0.0175      |
|    value_loss           | 1.7e+05     |
-----------------------------------------
-----------------------------------------
| rollout/                |             |
|    ep_len_mean          | 100         |
|    ep_rew_mean          | 1.47e+03    |
| time/                   |             |
|    fps                  | 54          |
|    iterations           | 134         |
|    time_elapsed         | 5081        |
|    total_timesteps      | 274432      |
| train/                  |             |
|    approx_kl            | 0.010532483 |
|    clip_fraction        | 0.128       |
|    clip_range           | 0.2         |
|    entropy_loss         | -4.3        |
|    explained_variance   | 0           |
|    learning_rate        | 0.0003      |
|    loss                 | 8.32e+04    |
|    n_updates            | 1330        |
|    policy_gradient_loss | -0.00568    |
|    value_loss           | 1.88e+05    |
-----------------------------------------
------------------------------------------
| rollout/                |              |
|    ep_len_mean          | 100          |
|    ep_rew_mean          | 1.46e+03     |
| time/                   |              |
|    fps                  | 54           |
|    iterations           | 135          |
|    time_elapsed         | 5115         |
|    total_timesteps      | 276480       |
| train/                  |              |
|    approx_kl            | 0.0004354578 |
|    clip_fraction        | 0            |
|    clip_range           | 0.2          |
|    entropy_loss         | -4.3         |
|    explained_variance   | 0            |
|    learning_rate        | 0.0003       |
|    loss                 | 7.31e+04     |
|    n_updates            | 1340         |
|    policy_gradient_loss | -0.000926    |
|    value_loss           | 1.44e+05     |
------------------------------------------
------------------------------------------
| rollout/                |              |
|    ep_len_mean          | 100          |
|    ep_rew_mean          | 1.54e+03     |
| time/                   |              |
|    fps                  | 53           |
|    iterations           | 136          |
|    time_elapsed         | 5169         |
|    total_timesteps      | 278528       |
| train/                  |              |
|    approx_kl            | 0.0023170505 |
|    clip_fraction        | 0            |
|    clip_range           | 0.2          |
|    entropy_loss         | -4.3         |
|    explained_variance   | 0            |
|    learning_rate        | 0.0003       |
|    loss                 | 8.53e+04     |
|    n_updates            | 1350         |
|    policy_gradient_loss | -0.00223     |
|    value_loss           | 1.76e+05     |
------------------------------------------
------------------------------------------
| rollout/                |              |
|    ep_len_mean          | 100          |
|    ep_rew_mean          | 1.55e+03     |
| time/                   |              |
|    fps                  | 53           |
|    iterations           | 137          |
|    time_elapsed         | 5224         |
|    total_timesteps      | 280576       |
| train/                  |              |
|    approx_kl            | 0.0061456226 |
|    clip_fraction        | 0.0229       |
|    clip_range           | 0.2          |
|    entropy_loss         | -4.31        |
|    explained_variance   | 0            |
|    learning_rate        | 0.0003       |
|    loss                 | 8.11e+04     |
|    n_updates            | 1360         |
|    policy_gradient_loss | -0.00391     |
|    value_loss           | 1.78e+05     |
------------------------------------------
-----------------------------------------
| rollout/                |             |
|    ep_len_mean          | 100         |
|    ep_rew_mean          | 1.58e+03    |
| time/                   |             |
|    fps                  | 53          |
|    iterations           | 138         |
|    time_elapsed         | 5263        |
|    total_timesteps      | 282624      |
| train/                  |             |
|    approx_kl            | 0.046139292 |
|    clip_fraction        | 0.68        |
|    clip_range           | 0.2         |
|    entropy_loss         | -4.21       |
|    explained_variance   | 5.96e-08    |
|    learning_rate        | 0.0003      |
|    loss                 | 1.02e+05    |
|    n_updates            | 1370        |
|    policy_gradient_loss | 0.081       |
|    value_loss           | 2.5e+05     |
-----------------------------------------
-----------------------------------------
| rollout/                |             |
|    ep_len_mean          | 100         |
|    ep_rew_mean          | 1.48e+03    |
| time/                   |             |
|    fps                  | 53          |
|    iterations           | 139         |
|    time_elapsed         | 5299        |
|    total_timesteps      | 284672      |
| train/                  |             |
|    approx_kl            | 0.009597461 |
|    clip_fraction        | 0.0766      |
|    clip_range           | 0.2         |
|    entropy_loss         | -4.29       |
|    explained_variance   | 5.96e-08    |
|    learning_rate        | 0.0003      |
|    loss                 | 1.04e+05    |
|    n_updates            | 1380        |
|    policy_gradient_loss | -0.00766    |
|    value_loss           | 1.95e+05    |
-----------------------------------------
-----------------------------------------
| rollout/                |             |
|    ep_len_mean          | 100         |
|    ep_rew_mean          | 1.43e+03    |
| time/                   |             |
|    fps                  | 53          |
|    iterations           | 140         |
|    time_elapsed         | 5336        |
|    total_timesteps      | 286720      |
| train/                  |             |
|    approx_kl            | 0.024474982 |
|    clip_fraction        | 0.322       |
|    clip_range           | 0.2         |
|    entropy_loss         | -4.32       |
|    explained_variance   | 0           |
|    learning_rate        | 0.0003      |
|    loss                 | 9.68e+04    |
|    n_updates            | 1390        |
|    policy_gradient_loss | 0.0173      |
|    value_loss           | 1.76e+05    |
-----------------------------------------
----------------------------------------
| rollout/                |            |
|    ep_len_mean          | 100        |
|    ep_rew_mean          | 1.43e+03   |
| time/                   |            |
|    fps                  | 53         |
|    iterations           | 141        |
|    time_elapsed         | 5372       |
|    total_timesteps      | 288768     |
| train/                  |            |
|    approx_kl            | 0.17390242 |
|    clip_fraction        | 0.733      |
|    clip_range           | 0.2        |
|    entropy_loss         | -4.1       |
|    explained_variance   | 0          |
|    learning_rate        | 0.0003     |
|    loss                 | 9.31e+04   |
|    n_updates            | 1400       |
|    policy_gradient_loss | 0.0883     |
|    value_loss           | 1.8e+05    |
----------------------------------------
-----------------------------------------
| rollout/                |             |
|    ep_len_mean          | 100         |
|    ep_rew_mean          | 1.31e+03    |
| time/                   |             |
|    fps                  | 53          |
|    iterations           | 142         |
|    time_elapsed         | 5407        |
|    total_timesteps      | 290816      |
| train/                  |             |
|    approx_kl            | 0.019985795 |
|    clip_fraction        | 0.117       |
|    clip_range           | 0.2         |
|    entropy_loss         | -4.23       |
|    explained_variance   | 5.96e-08    |
|    learning_rate        | 0.0003      |
|    loss                 | 9.54e+04    |
|    n_updates            | 1410        |
|    policy_gradient_loss | -0.00581    |
|    value_loss           | 2.11e+05    |
-----------------------------------------
------------------------------------------
| rollout/                |              |
|    ep_len_mean          | 100          |
|    ep_rew_mean          | 1.31e+03     |
| time/                   |              |
|    fps                  | 53           |
|    iterations           | 143          |
|    time_elapsed         | 5447         |
|    total_timesteps      | 292864       |
| train/                  |              |
|    approx_kl            | 0.0074400916 |
|    clip_fraction        | 0.096        |
|    clip_range           | 0.2          |
|    entropy_loss         | -4.17        |
|    explained_variance   | -1.19e-07    |
|    learning_rate        | 0.0003       |
|    loss                 | 1.05e+05     |
|    n_updates            | 1420         |
|    policy_gradient_loss | -0.00705     |
|    value_loss           | 1.93e+05     |
------------------------------------------
-----------------------------------------
| rollout/                |             |
|    ep_len_mean          | 100         |
|    ep_rew_mean          | 1.43e+03    |
| time/                   |             |
|    fps                  | 53          |
|    iterations           | 144         |
|    time_elapsed         | 5488        |
|    total_timesteps      | 294912      |
| train/                  |             |
|    approx_kl            | 0.015217196 |
|    clip_fraction        | 0.0836      |
|    clip_range           | 0.2         |
|    entropy_loss         | -4.21       |
|    explained_variance   | 0           |
|    learning_rate        | 0.0003      |
|    loss                 | 8.84e+04    |
|    n_updates            | 1430        |
|    policy_gradient_loss | -0.00408    |
|    value_loss           | 1.96e+05    |
-----------------------------------------
------------------------------------------
| rollout/                |              |
|    ep_len_mean          | 100          |
|    ep_rew_mean          | 1.36e+03     |
| time/                   |              |
|    fps                  | 53           |
|    iterations           | 145          |
|    time_elapsed         | 5520         |
|    total_timesteps      | 296960       |
| train/                  |              |
|    approx_kl            | 0.0005847843 |
|    clip_fraction        | 0            |
|    clip_range           | 0.2          |
|    entropy_loss         | -4.23        |
|    explained_variance   | 0            |
|    learning_rate        | 0.0003       |
|    loss                 | 7.97e+04     |
|    n_updates            | 1440         |
|    policy_gradient_loss | -0.000273    |
|    value_loss           | 1.51e+05     |
------------------------------------------
---------------------------------------
| rollout/                |           |
|    ep_len_mean          | 100       |
|    ep_rew_mean          | 1.45e+03  |
| time/                   |           |
|    fps                  | 53        |
|    iterations           | 146       |
|    time_elapsed         | 5557      |
|    total_timesteps      | 299008    |
| train/                  |           |
|    approx_kl            | 0.0086239 |
|    clip_fraction        | 0.0804    |
|    clip_range           | 0.2       |
|    entropy_loss         | -4.24     |
|    explained_variance   | 0         |
|    learning_rate        | 0.0003    |
|    loss                 | 1.02e+05  |
|    n_updates            | 1450      |
|    policy_gradient_loss | -0.00649  |
|    value_loss           | 2.07e+05  |
---------------------------------------
Eval num_timesteps=300000, episode_reward=-13320.49 +/- 659.50
Episode length: 100.00 +/- 0.00
------------------------------------------
| eval/                   |              |
|    mean_ep_length       | 100          |
|    mean_reward          | -1.33e+04    |
| time/                   |              |
|    total_timesteps      | 300000       |
| train/                  |              |
|    approx_kl            | 0.0011027051 |
|    clip_fraction        | 0            |
|    clip_range           | 0.2          |
|    entropy_loss         | -4.23        |
|    explained_variance   | 0            |
|    learning_rate        | 0.0003       |
|    loss                 | 1e+05        |
|    n_updates            | 1460         |
|    policy_gradient_loss | -0.00214     |
|    value_loss           | 1.84e+05     |
------------------------------------------
---------------------------------
| rollout/           |          |
|    ep_len_mean     | 100      |
|    ep_rew_mean     | 1.58e+03 |
| time/              |          |
|    fps             | 53       |
|    iterations      | 147      |
|    time_elapsed    | 5638     |
|    total_timesteps | 301056   |
---------------------------------
------------------------------------------
| rollout/                |              |
|    ep_len_mean          | 100          |
|    ep_rew_mean          | 1.67e+03     |
| time/                   |              |
|    fps                  | 53           |
|    iterations           | 148          |
|    time_elapsed         | 5673         |
|    total_timesteps      | 303104       |
| train/                  |              |
|    approx_kl            | 0.0029724096 |
|    clip_fraction        | 0.000977     |
|    clip_range           | 0.2          |
|    entropy_loss         | -4.25        |
|    explained_variance   | 0            |
|    learning_rate        | 0.0003       |
|    loss                 | 6.93e+04     |
|    n_updates            | 1470         |
|    policy_gradient_loss | -0.00328     |
|    value_loss           | 1.46e+05     |
------------------------------------------
-------------------------------------------
| rollout/                |               |
|    ep_len_mean          | 100           |
|    ep_rew_mean          | 1.67e+03      |
| time/                   |               |
|    fps                  | 53            |
|    iterations           | 149           |
|    time_elapsed         | 5700          |
|    total_timesteps      | 305152        |
| train/                  |               |
|    approx_kl            | 0.00022752385 |
|    clip_fraction        | 0             |
|    clip_range           | 0.2           |
|    entropy_loss         | -4.27         |
|    explained_variance   | 0             |
|    learning_rate        | 0.0003        |
|    loss                 | 6.64e+04      |
|    n_updates            | 1480          |
|    policy_gradient_loss | -0.000458     |
|    value_loss           | 1.44e+05      |
-------------------------------------------
------------------------------------------
| rollout/                |              |
|    ep_len_mean          | 100          |
|    ep_rew_mean          | 1.75e+03     |
| time/                   |              |
|    fps                  | 53           |
|    iterations           | 150          |
|    time_elapsed         | 5725         |
|    total_timesteps      | 307200       |
| train/                  |              |
|    approx_kl            | 0.0043470887 |
|    clip_fraction        | 0.0022       |
|    clip_range           | 0.2          |
|    entropy_loss         | -4.27        |
|    explained_variance   | 5.96e-08     |
|    learning_rate        | 0.0003       |
|    loss                 | 9.97e+04     |
|    n_updates            | 1490         |
|    policy_gradient_loss | -0.00541     |
|    value_loss           | 1.98e+05     |
------------------------------------------
------------------------------------------
| rollout/                |              |
|    ep_len_mean          | 100          |
|    ep_rew_mean          | 1.68e+03     |
| time/                   |              |
|    fps                  | 53           |
|    iterations           | 151          |
|    time_elapsed         | 5761         |
|    total_timesteps      | 309248       |
| train/                  |              |
|    approx_kl            | 0.0009944317 |
|    clip_fraction        | 0            |
|    clip_range           | 0.2          |
|    entropy_loss         | -4.27        |
|    explained_variance   | 1.19e-07     |
|    learning_rate        | 0.0003       |
|    loss                 | 9.25e+04     |
|    n_updates            | 1500         |
|    policy_gradient_loss | -0.00123     |
|    value_loss           | 1.79e+05     |
------------------------------------------
------------------------------------------
| rollout/                |              |
|    ep_len_mean          | 100          |
|    ep_rew_mean          | 1.61e+03     |
| time/                   |              |
|    fps                  | 53           |
|    iterations           | 152          |
|    time_elapsed         | 5797         |
|    total_timesteps      | 311296       |
| train/                  |              |
|    approx_kl            | 0.0024208054 |
|    clip_fraction        | 0.00171      |
|    clip_range           | 0.2          |
|    entropy_loss         | -4.29        |
|    explained_variance   | 0            |
|    learning_rate        | 0.0003       |
|    loss                 | 6.34e+04     |
|    n_updates            | 1510         |
|    policy_gradient_loss | -0.00205     |
|    value_loss           | 1.35e+05     |
------------------------------------------
----------------------------------------
| rollout/                |            |
|    ep_len_mean          | 100        |
|    ep_rew_mean          | 1.48e+03   |
| time/                   |            |
|    fps                  | 53         |
|    iterations           | 153        |
|    time_elapsed         | 5827       |
|    total_timesteps      | 313344     |
| train/                  |            |
|    approx_kl            | 0.13035098 |
|    clip_fraction        | 0.48       |
|    clip_range           | 0.2        |
|    entropy_loss         | -4.2       |
|    explained_variance   | 0          |
|    learning_rate        | 0.0003     |
|    loss                 | 1.04e+05   |
|    n_updates            | 1520       |
|    policy_gradient_loss | 0.0559     |
|    value_loss           | 1.89e+05   |
----------------------------------------
-----------------------------------------
| rollout/                |             |
|    ep_len_mean          | 100         |
|    ep_rew_mean          | 1.42e+03    |
| time/                   |             |
|    fps                  | 53          |
|    iterations           | 154         |
|    time_elapsed         | 5852        |
|    total_timesteps      | 315392      |
| train/                  |             |
|    approx_kl            | 0.035680227 |
|    clip_fraction        | 0.436       |
|    clip_range           | 0.2         |
|    entropy_loss         | -4.22       |
|    explained_variance   | 0           |
|    learning_rate        | 0.0003      |
|    loss                 | 9.02e+04    |
|    n_updates            | 1530        |
|    policy_gradient_loss | 0.0284      |
|    value_loss           | 1.96e+05    |
-----------------------------------------
-----------------------------------------
| rollout/                |             |
|    ep_len_mean          | 100         |
|    ep_rew_mean          | 1.33e+03    |
| time/                   |             |
|    fps                  | 53          |
|    iterations           | 155         |
|    time_elapsed         | 5887        |
|    total_timesteps      | 317440      |
| train/                  |             |
|    approx_kl            | 0.007138477 |
|    clip_fraction        | 0.0759      |
|    clip_range           | 0.2         |
|    entropy_loss         | -4.22       |
|    explained_variance   | 0           |
|    learning_rate        | 0.0003      |
|    loss                 | 8.88e+04    |
|    n_updates            | 1540        |
|    policy_gradient_loss | -0.00516    |
|    value_loss           | 1.86e+05    |
-----------------------------------------
-----------------------------------------
| rollout/                |             |
|    ep_len_mean          | 100         |
|    ep_rew_mean          | 1.25e+03    |
| time/                   |             |
|    fps                  | 53          |
|    iterations           | 156         |
|    time_elapsed         | 5923        |
|    total_timesteps      | 319488      |
| train/                  |             |
|    approx_kl            | 0.061772496 |
|    clip_fraction        | 0.256       |
|    clip_range           | 0.2         |
|    entropy_loss         | -4.17       |
|    explained_variance   | 5.96e-08    |
|    learning_rate        | 0.0003      |
|    loss                 | 1.02e+05    |
|    n_updates            | 1550        |
|    policy_gradient_loss | 0.012       |
|    value_loss           | 1.87e+05    |
-----------------------------------------
-----------------------------------------
| rollout/                |             |
|    ep_len_mean          | 100         |
|    ep_rew_mean          | 1.15e+03    |
| time/                   |             |
|    fps                  | 53          |
|    iterations           | 157         |
|    time_elapsed         | 5959        |
|    total_timesteps      | 321536      |
| train/                  |             |
|    approx_kl            | 0.012852885 |
|    clip_fraction        | 0.166       |
|    clip_range           | 0.2         |
|    entropy_loss         | -4.18       |
|    explained_variance   | 0           |
|    learning_rate        | 0.0003      |
|    loss                 | 1.06e+05    |
|    n_updates            | 1560        |
|    policy_gradient_loss | -0.0119     |
|    value_loss           | 1.91e+05    |
-----------------------------------------
-----------------------------------------
| rollout/                |             |
|    ep_len_mean          | 100         |
|    ep_rew_mean          | 1.21e+03    |
| time/                   |             |
|    fps                  | 53          |
|    iterations           | 158         |
|    time_elapsed         | 5993        |
|    total_timesteps      | 323584      |
| train/                  |             |
|    approx_kl            | 0.022075642 |
|    clip_fraction        | 0.252       |
|    clip_range           | 0.2         |
|    entropy_loss         | -4.18       |
|    explained_variance   | 0           |
|    learning_rate        | 0.0003      |
|    loss                 | 1.23e+05    |
|    n_updates            | 1570        |
|    policy_gradient_loss | 0.00163     |
|    value_loss           | 2.17e+05    |
-----------------------------------------
-----------------------------------------
| rollout/                |             |
|    ep_len_mean          | 100         |
|    ep_rew_mean          | 1.31e+03    |
| time/                   |             |
|    fps                  | 54          |
|    iterations           | 159         |
|    time_elapsed         | 6024        |
|    total_timesteps      | 325632      |
| train/                  |             |
|    approx_kl            | 0.009795556 |
|    clip_fraction        | 0.0623      |
|    clip_range           | 0.2         |
|    entropy_loss         | -4.2        |
|    explained_variance   | 0           |
|    learning_rate        | 0.0003      |
|    loss                 | 7.69e+04    |
|    n_updates            | 1580        |
|    policy_gradient_loss | -0.00472    |
|    value_loss           | 1.74e+05    |
-----------------------------------------
------------------------------------------
| rollout/                |              |
|    ep_len_mean          | 100          |
|    ep_rew_mean          | 1.43e+03     |
| time/                   |              |
|    fps                  | 54           |
|    iterations           | 160          |
|    time_elapsed         | 6060         |
|    total_timesteps      | 327680       |
| train/                  |              |
|    approx_kl            | 0.0009681436 |
|    clip_fraction        | 0            |
|    clip_range           | 0.2          |
|    entropy_loss         | -4.2         |
|    explained_variance   | 0            |
|    learning_rate        | 0.0003       |
|    loss                 | 7.22e+04     |
|    n_updates            | 1590         |
|    policy_gradient_loss | -0.00225     |
|    value_loss           | 1.43e+05     |
------------------------------------------
------------------------------------------
| rollout/                |              |
|    ep_len_mean          | 100          |
|    ep_rew_mean          | 1.57e+03     |
| time/                   |              |
|    fps                  | 54           |
|    iterations           | 161          |
|    time_elapsed         | 6097         |
|    total_timesteps      | 329728       |
| train/                  |              |
|    approx_kl            | 0.0007004086 |
|    clip_fraction        | 0            |
|    clip_range           | 0.2          |
|    entropy_loss         | -4.2         |
|    explained_variance   | 0            |
|    learning_rate        | 0.0003       |
|    loss                 | 6.29e+04     |
|    n_updates            | 1600         |
|    policy_gradient_loss | -0.00158     |
|    value_loss           | 1.43e+05     |
------------------------------------------
-----------------------------------------
| rollout/                |             |
|    ep_len_mean          | 100         |
|    ep_rew_mean          | 1.75e+03    |
| time/                   |             |
|    fps                  | 54          |
|    iterations           | 162         |
|    time_elapsed         | 6129        |
|    total_timesteps      | 331776      |
| train/                  |             |
|    approx_kl            | 0.027786415 |
|    clip_fraction        | 0.445       |
|    clip_range           | 0.2         |
|    entropy_loss         | -4.25       |
|    explained_variance   | 5.96e-08    |
|    learning_rate        | 0.0003      |
|    loss                 | 7.79e+04    |
|    n_updates            | 1610        |
|    policy_gradient_loss | 0.0297      |
|    value_loss           | 1.89e+05    |
-----------------------------------------
------------------------------------------
| rollout/                |              |
|    ep_len_mean          | 100          |
|    ep_rew_mean          | 1.83e+03     |
| time/                   |              |
|    fps                  | 54           |
|    iterations           | 163          |
|    time_elapsed         | 6159         |
|    total_timesteps      | 333824       |
| train/                  |              |
|    approx_kl            | 0.0009365974 |
|    clip_fraction        | 0            |
|    clip_range           | 0.2          |
|    entropy_loss         | -4.24        |
|    explained_variance   | 5.96e-08     |
|    learning_rate        | 0.0003       |
|    loss                 | 9.85e+04     |
|    n_updates            | 1620         |
|    policy_gradient_loss | -0.000646    |
|    value_loss           | 1.85e+05     |
------------------------------------------
------------------------------------------
| rollout/                |              |
|    ep_len_mean          | 100          |
|    ep_rew_mean          | 1.84e+03     |
| time/                   |              |
|    fps                  | 54           |
|    iterations           | 164          |
|    time_elapsed         | 6189         |
|    total_timesteps      | 335872       |
| train/                  |              |
|    approx_kl            | 0.0005235435 |
|    clip_fraction        | 0            |
|    clip_range           | 0.2          |
|    entropy_loss         | -4.25        |
|    explained_variance   | 0            |
|    learning_rate        | 0.0003       |
|    loss                 | 9.48e+04     |
|    n_updates            | 1630         |
|    policy_gradient_loss | -0.00153     |
|    value_loss           | 1.67e+05     |
------------------------------------------
-------------------------------------------
| rollout/                |               |
|    ep_len_mean          | 100           |
|    ep_rew_mean          | 1.84e+03      |
| time/                   |               |
|    fps                  | 54            |
|    iterations           | 165           |
|    time_elapsed         | 6226          |
|    total_timesteps      | 337920        |
| train/                  |               |
|    approx_kl            | 0.00038753723 |
|    clip_fraction        | 0             |
|    clip_range           | 0.2           |
|    entropy_loss         | -4.25         |
|    explained_variance   | 0             |
|    learning_rate        | 0.0003        |
|    loss                 | 8.2e+04       |
|    n_updates            | 1640          |
|    policy_gradient_loss | -0.0011       |
|    value_loss           | 1.6e+05       |
-------------------------------------------
------------------------------------------
| rollout/                |              |
|    ep_len_mean          | 100          |
|    ep_rew_mean          | 1.92e+03     |
| time/                   |              |
|    fps                  | 54           |
|    iterations           | 166          |
|    time_elapsed         | 6255         |
|    total_timesteps      | 339968       |
| train/                  |              |
|    approx_kl            | 0.0015729987 |
|    clip_fraction        | 0            |
|    clip_range           | 0.2          |
|    entropy_loss         | -4.25        |
|    explained_variance   | 0            |
|    learning_rate        | 0.0003       |
|    loss                 | 8.12e+04     |
|    n_updates            | 1650         |
|    policy_gradient_loss | -0.00264     |
|    value_loss           | 1.68e+05     |
------------------------------------------
------------------------------------------
| rollout/                |              |
|    ep_len_mean          | 100          |
|    ep_rew_mean          | 1.94e+03     |
| time/                   |              |
|    fps                  | 54           |
|    iterations           | 167          |
|    time_elapsed         | 6288         |
|    total_timesteps      | 342016       |
| train/                  |              |
|    approx_kl            | 0.0008121694 |
|    clip_fraction        | 0            |
|    clip_range           | 0.2          |
|    entropy_loss         | -4.25        |
|    explained_variance   | 0            |
|    learning_rate        | 0.0003       |
|    loss                 | 7.29e+04     |
|    n_updates            | 1660         |
|    policy_gradient_loss | -0.00154     |
|    value_loss           | 1.39e+05     |
------------------------------------------
------------------------------------------
| rollout/                |              |
|    ep_len_mean          | 100          |
|    ep_rew_mean          | 1.87e+03     |
| time/                   |              |
|    fps                  | 54           |
|    iterations           | 168          |
|    time_elapsed         | 6318         |
|    total_timesteps      | 344064       |
| train/                  |              |
|    approx_kl            | 0.0002883798 |
|    clip_fraction        | 0            |
|    clip_range           | 0.2          |
|    entropy_loss         | -4.25        |
|    explained_variance   | 0            |
|    learning_rate        | 0.0003       |
|    loss                 | 7.29e+04     |
|    n_updates            | 1670         |
|    policy_gradient_loss | -0.000743    |
|    value_loss           | 1.29e+05     |
------------------------------------------
-----------------------------------------
| rollout/                |             |
|    ep_len_mean          | 100         |
|    ep_rew_mean          | 1.78e+03    |
| time/                   |             |
|    fps                  | 54          |
|    iterations           | 169         |
|    time_elapsed         | 6354        |
|    total_timesteps      | 346112      |
| train/                  |             |
|    approx_kl            | 0.008526049 |
|    clip_fraction        | 0.0924      |
|    clip_range           | 0.2         |
|    entropy_loss         | -4.24       |
|    explained_variance   | 0           |
|    learning_rate        | 0.0003      |
|    loss                 | 8.73e+04    |
|    n_updates            | 1680        |
|    policy_gradient_loss | -0.00236    |
|    value_loss           | 1.63e+05    |
-----------------------------------------
-----------------------------------------
| rollout/                |             |
|    ep_len_mean          | 100         |
|    ep_rew_mean          | 1.76e+03    |
| time/                   |             |
|    fps                  | 54          |
|    iterations           | 170         |
|    time_elapsed         | 6384        |
|    total_timesteps      | 348160      |
| train/                  |             |
|    approx_kl            | 0.023561973 |
|    clip_fraction        | 0.142       |
|    clip_range           | 0.2         |
|    entropy_loss         | -4.25       |
|    explained_variance   | 1.19e-07    |
|    learning_rate        | 0.0003      |
|    loss                 | 8.75e+04    |
|    n_updates            | 1690        |
|    policy_gradient_loss | -0.00468    |
|    value_loss           | 1.66e+05    |
-----------------------------------------
Eval num_timesteps=350000, episode_reward=-11384.58 +/- 1708.20
Episode length: 100.00 +/- 0.00
------------------------------------------
| eval/                   |              |
|    mean_ep_length       | 100          |
|    mean_reward          | -1.14e+04    |
| time/                   |              |
|    total_timesteps      | 350000       |
| train/                  |              |
|    approx_kl            | 0.0023821807 |
|    clip_fraction        | 0            |
|    clip_range           | 0.2          |
|    entropy_loss         | -4.25        |
|    explained_variance   | 0            |
|    learning_rate        | 0.0003       |
|    loss                 | 6.94e+04     |
|    n_updates            | 1700         |
|    policy_gradient_loss | -0.0014      |
|    value_loss           | 1.71e+05     |
------------------------------------------
---------------------------------
| rollout/           |          |
|    ep_len_mean     | 100      |
|    ep_rew_mean     | 1.76e+03 |
| time/              |          |
|    fps             | 54       |
|    iterations      | 171      |
|    time_elapsed    | 6442     |
|    total_timesteps | 350208   |
---------------------------------
------------------------------------------
| rollout/                |              |
|    ep_len_mean          | 100          |
|    ep_rew_mean          | 1.66e+03     |
| time/                   |              |
|    fps                  | 54           |
|    iterations           | 172          |
|    time_elapsed         | 6470         |
|    total_timesteps      | 352256       |
| train/                  |              |
|    approx_kl            | 0.0073334742 |
|    clip_fraction        | 0.0457       |
|    clip_range           | 0.2          |
|    entropy_loss         | -4.25        |
|    explained_variance   | 1.19e-07     |
|    learning_rate        | 0.0003       |
|    loss                 | 8.48e+04     |
|    n_updates            | 1710         |
|    policy_gradient_loss | -0.00741     |
|    value_loss           | 1.73e+05     |
------------------------------------------
-----------------------------------------
| rollout/                |             |
|    ep_len_mean          | 100         |
|    ep_rew_mean          | 1.76e+03    |
| time/                   |             |
|    fps                  | 54          |
|    iterations           | 173         |
|    time_elapsed         | 6500        |
|    total_timesteps      | 354304      |
| train/                  |             |
|    approx_kl            | 0.008592621 |
|    clip_fraction        | 0.0409      |
|    clip_range           | 0.2         |
|    entropy_loss         | -4.24       |
|    explained_variance   | 0           |
|    learning_rate        | 0.0003      |
|    loss                 | 8.13e+04    |
|    n_updates            | 1720        |
|    policy_gradient_loss | -0.00507    |
|    value_loss           | 1.53e+05    |
-----------------------------------------
------------------------------------------
| rollout/                |              |
|    ep_len_mean          | 100          |
|    ep_rew_mean          | 1.8e+03      |
| time/                   |              |
|    fps                  | 54           |
|    iterations           | 174          |
|    time_elapsed         | 6533         |
|    total_timesteps      | 356352       |
| train/                  |              |
|    approx_kl            | 0.0009214709 |
|    clip_fraction        | 0            |
|    clip_range           | 0.2          |
|    entropy_loss         | -4.24        |
|    explained_variance   | -1.19e-07    |
|    learning_rate        | 0.0003       |
|    loss                 | 8.79e+04     |
|    n_updates            | 1730         |
|    policy_gradient_loss | -0.00163     |
|    value_loss           | 1.66e+05     |
------------------------------------------
-----------------------------------------
| rollout/                |             |
|    ep_len_mean          | 100         |
|    ep_rew_mean          | 1.85e+03    |
| time/                   |             |
|    fps                  | 54          |
|    iterations           | 175         |
|    time_elapsed         | 6569        |
|    total_timesteps      | 358400      |
| train/                  |             |
|    approx_kl            | 0.004718579 |
|    clip_fraction        | 0.0198      |
|    clip_range           | 0.2         |
|    entropy_loss         | -4.23       |
|    explained_variance   | 0           |
|    learning_rate        | 0.0003      |
|    loss                 | 7.7e+04     |
|    n_updates            | 1740        |
|    policy_gradient_loss | -0.00518    |
|    value_loss           | 1.56e+05    |
-----------------------------------------
------------------------------------------
| rollout/                |              |
|    ep_len_mean          | 100          |
|    ep_rew_mean          | 1.85e+03     |
| time/                   |              |
|    fps                  | 54           |
|    iterations           | 176          |
|    time_elapsed         | 6604         |
|    total_timesteps      | 360448       |
| train/                  |              |
|    approx_kl            | 0.0009662503 |
|    clip_fraction        | 0            |
|    clip_range           | 0.2          |
|    entropy_loss         | -4.23        |
|    explained_variance   | 0            |
|    learning_rate        | 0.0003       |
|    loss                 | 8.73e+04     |
|    n_updates            | 1750         |
|    policy_gradient_loss | -0.00176     |
|    value_loss           | 1.68e+05     |
------------------------------------------
------------------------------------------
| rollout/                |              |
|    ep_len_mean          | 100          |
|    ep_rew_mean          | 1.83e+03     |
| time/                   |              |
|    fps                  | 54           |
|    iterations           | 177          |
|    time_elapsed         | 6640         |
|    total_timesteps      | 362496       |
| train/                  |              |
|    approx_kl            | 0.0044382443 |
|    clip_fraction        | 0.00469      |
|    clip_range           | 0.2          |
|    entropy_loss         | -4.25        |
|    explained_variance   | 0            |
|    learning_rate        | 0.0003       |
|    loss                 | 7.82e+04     |
|    n_updates            | 1760         |
|    policy_gradient_loss | -0.0031      |
|    value_loss           | 1.45e+05     |
------------------------------------------
------------------------------------------
| rollout/                |              |
|    ep_len_mean          | 100          |
|    ep_rew_mean          | 1.69e+03     |
| time/                   |              |
|    fps                  | 54           |
|    iterations           | 178          |
|    time_elapsed         | 6671         |
|    total_timesteps      | 364544       |
| train/                  |              |
|    approx_kl            | 0.0075804847 |
|    clip_fraction        | 0.0617       |
|    clip_range           | 0.2          |
|    entropy_loss         | -4.27        |
|    explained_variance   | 0            |
|    learning_rate        | 0.0003       |
|    loss                 | 8.92e+04     |
|    n_updates            | 1770         |
|    policy_gradient_loss | -0.00501     |
|    value_loss           | 1.78e+05     |
------------------------------------------
-----------------------------------------
| rollout/                |             |
|    ep_len_mean          | 100         |
|    ep_rew_mean          | 1.76e+03    |
| time/                   |             |
|    fps                  | 54          |
|    iterations           | 179         |
|    time_elapsed         | 6701        |
|    total_timesteps      | 366592      |
| train/                  |             |
|    approx_kl            | 0.008384284 |
|    clip_fraction        | 0.0854      |
|    clip_range           | 0.2         |
|    entropy_loss         | -4.28       |
|    explained_variance   | 0           |
|    learning_rate        | 0.0003      |
|    loss                 | 7.8e+04     |
|    n_updates            | 1780        |
|    policy_gradient_loss | -0.00741    |
|    value_loss           | 1.58e+05    |
-----------------------------------------
------------------------------------------
| rollout/                |              |
|    ep_len_mean          | 100          |
|    ep_rew_mean          | 1.6e+03      |
| time/                   |              |
|    fps                  | 54           |
|    iterations           | 180          |
|    time_elapsed         | 6744         |
|    total_timesteps      | 368640       |
| train/                  |              |
|    approx_kl            | 0.0056829313 |
|    clip_fraction        | 0.023        |
|    clip_range           | 0.2          |
|    entropy_loss         | -4.31        |
|    explained_variance   | 0            |
|    learning_rate        | 0.0003       |
|    loss                 | 9.94e+04     |
|    n_updates            | 1790         |
|    policy_gradient_loss | -0.0012      |
|    value_loss           | 1.8e+05      |
------------------------------------------
------------------------------------------
| rollout/                |              |
|    ep_len_mean          | 100          |
|    ep_rew_mean          | 1.47e+03     |
| time/                   |              |
|    fps                  | 54           |
|    iterations           | 181          |
|    time_elapsed         | 6778         |
|    total_timesteps      | 370688       |
| train/                  |              |
|    approx_kl            | 0.0146202445 |
|    clip_fraction        | 0.3          |
|    clip_range           | 0.2          |
|    entropy_loss         | -4.28        |
|    explained_variance   | 1.19e-07     |
|    learning_rate        | 0.0003       |
|    loss                 | 7.79e+04     |
|    n_updates            | 1800         |
|    policy_gradient_loss | 0.00964      |
|    value_loss           | 1.68e+05     |
------------------------------------------
-----------------------------------------
| rollout/                |             |
|    ep_len_mean          | 100         |
|    ep_rew_mean          | 1.44e+03    |
| time/                   |             |
|    fps                  | 54          |
|    iterations           | 182         |
|    time_elapsed         | 6816        |
|    total_timesteps      | 372736      |
| train/                  |             |
|    approx_kl            | 0.009829788 |
|    clip_fraction        | 0.144       |
|    clip_range           | 0.2         |
|    entropy_loss         | -4.3        |
|    explained_variance   | 0           |
|    learning_rate        | 0.0003      |
|    loss                 | 1.08e+05    |
|    n_updates            | 1810        |
|    policy_gradient_loss | -0.00679    |
|    value_loss           | 1.95e+05    |
-----------------------------------------
---------------------------------------
| rollout/                |           |
|    ep_len_mean          | 100       |
|    ep_rew_mean          | 1.38e+03  |
| time/                   |           |
|    fps                  | 54        |
|    iterations           | 183       |
|    time_elapsed         | 6851      |
|    total_timesteps      | 374784    |
| train/                  |           |
|    approx_kl            | 0.1838185 |
|    clip_fraction        | 0.396     |
|    clip_range           | 0.2       |
|    entropy_loss         | -4.24     |
|    explained_variance   | 0         |
|    learning_rate        | 0.0003    |
|    loss                 | 8.29e+04  |
|    n_updates            | 1820      |
|    policy_gradient_loss | 0.0318    |
|    value_loss           | 1.81e+05  |
---------------------------------------
------------------------------------------
| rollout/                |              |
|    ep_len_mean          | 100          |
|    ep_rew_mean          | 1.27e+03     |
| time/                   |              |
|    fps                  | 54           |
|    iterations           | 184          |
|    time_elapsed         | 6890         |
|    total_timesteps      | 376832       |
| train/                  |              |
|    approx_kl            | 0.0121014435 |
|    clip_fraction        | 0.128        |
|    clip_range           | 0.2          |
|    entropy_loss         | -4.25        |
|    explained_variance   | 0            |
|    learning_rate        | 0.0003       |
|    loss                 | 9.26e+04     |
|    n_updates            | 1830         |
|    policy_gradient_loss | -0.0069      |
|    value_loss           | 2.15e+05     |
------------------------------------------
-----------------------------------------
| rollout/                |             |
|    ep_len_mean          | 100         |
|    ep_rew_mean          | 1.29e+03    |
| time/                   |             |
|    fps                  | 54          |
|    iterations           | 185         |
|    time_elapsed         | 6930        |
|    total_timesteps      | 378880      |
| train/                  |             |
|    approx_kl            | 0.014178924 |
|    clip_fraction        | 0.234       |
|    clip_range           | 0.2         |
|    entropy_loss         | -4.22       |
|    explained_variance   | 0           |
|    learning_rate        | 0.0003      |
|    loss                 | 8.59e+04    |
|    n_updates            | 1840        |
|    policy_gradient_loss | 0.0024      |
|    value_loss           | 1.66e+05    |
-----------------------------------------
-----------------------------------------
| rollout/                |             |
|    ep_len_mean          | 100         |
|    ep_rew_mean          | 1.3e+03     |
| time/                   |             |
|    fps                  | 54          |
|    iterations           | 186         |
|    time_elapsed         | 6976        |
|    total_timesteps      | 380928      |
| train/                  |             |
|    approx_kl            | 0.109206095 |
|    clip_fraction        | 0.491       |
|    clip_range           | 0.2         |
|    entropy_loss         | -4.15       |
|    explained_variance   | 0           |
|    learning_rate        | 0.0003      |
|    loss                 | 1.04e+05    |
|    n_updates            | 1850        |
|    policy_gradient_loss | 0.0434      |
|    value_loss           | 1.92e+05    |
-----------------------------------------
-----------------------------------------
| rollout/                |             |
|    ep_len_mean          | 100         |
|    ep_rew_mean          | 1.41e+03    |
| time/                   |             |
|    fps                  | 54          |
|    iterations           | 187         |
|    time_elapsed         | 7011        |
|    total_timesteps      | 382976      |
| train/                  |             |
|    approx_kl            | 0.013521417 |
|    clip_fraction        | 0.139       |
|    clip_range           | 0.2         |
|    entropy_loss         | -4.13       |
|    explained_variance   | 0           |
|    learning_rate        | 0.0003      |
|    loss                 | 1.11e+05    |
|    n_updates            | 1860        |
|    policy_gradient_loss | -0.00144    |
|    value_loss           | 2.22e+05    |
-----------------------------------------
------------------------------------------
| rollout/                |              |
|    ep_len_mean          | 100          |
|    ep_rew_mean          | 1.62e+03     |
| time/                   |              |
|    fps                  | 54           |
|    iterations           | 188          |
|    time_elapsed         | 7044         |
|    total_timesteps      | 385024       |
| train/                  |              |
|    approx_kl            | 0.0027197476 |
|    clip_fraction        | 0.00439      |
|    clip_range           | 0.2          |
|    entropy_loss         | -4.14        |
|    explained_variance   | -1.19e-07    |
|    learning_rate        | 0.0003       |
|    loss                 | 9.61e+04     |
|    n_updates            | 1870         |
|    policy_gradient_loss | -0.0021      |
|    value_loss           | 1.87e+05     |
------------------------------------------
------------------------------------------
| rollout/                |              |
|    ep_len_mean          | 100          |
|    ep_rew_mean          | 1.69e+03     |
| time/                   |              |
|    fps                  | 54           |
|    iterations           | 189          |
|    time_elapsed         | 7082         |
|    total_timesteps      | 387072       |
| train/                  |              |
|    approx_kl            | 0.0009379883 |
|    clip_fraction        | 0            |
|    clip_range           | 0.2          |
|    entropy_loss         | -4.16        |
|    explained_variance   | 0            |
|    learning_rate        | 0.0003       |
|    loss                 | 9.03e+04     |
|    n_updates            | 1880         |
|    policy_gradient_loss | -0.00176     |
|    value_loss           | 1.74e+05     |
------------------------------------------
-----------------------------------------
| rollout/                |             |
|    ep_len_mean          | 100         |
|    ep_rew_mean          | 1.66e+03    |
| time/                   |             |
|    fps                  | 54          |
|    iterations           | 190         |
|    time_elapsed         | 7118        |
|    total_timesteps      | 389120      |
| train/                  |             |
|    approx_kl            | 0.007853674 |
|    clip_fraction        | 0.103       |
|    clip_range           | 0.2         |
|    entropy_loss         | -4.15       |
|    explained_variance   | 0           |
|    learning_rate        | 0.0003      |
|    loss                 | 8.9e+04     |
|    n_updates            | 1890        |
|    policy_gradient_loss | -0.00467    |
|    value_loss           | 1.96e+05    |
-----------------------------------------
----------------------------------------
| rollout/                |            |
|    ep_len_mean          | 100        |
|    ep_rew_mean          | 1.65e+03   |
| time/                   |            |
|    fps                  | 54         |
|    iterations           | 191        |
|    time_elapsed         | 7151       |
|    total_timesteps      | 391168     |
| train/                  |            |
|    approx_kl            | 0.14252567 |
|    clip_fraction        | 0.324      |
|    clip_range           | 0.2        |
|    entropy_loss         | -4.03      |
|    explained_variance   | 0          |
|    learning_rate        | 0.0003     |
|    loss                 | 8.89e+04   |
|    n_updates            | 1900       |
|    policy_gradient_loss | 0.0448     |
|    value_loss           | 1.6e+05    |
----------------------------------------
/usr/lib64/python3.14/multiprocessing/resource_tracker.py:396: UserWarning: resource_tracker: There appear to be 1 leaked semaphore objects to clean up at shutdown: {'/mp-ogpiich7'}
  warnings.warn(
