2026-04-18 01:23:32,601 [INFO] DGRL-Trainer: Dataset loaded: 50000 flows from /home/hung8uandj/Study/CoreRouter/src/analytics/../../data/real_telecom_combined.csv
2026-04-18 01:23:32,711 [INFO] DGRL-Trainer: Dataset loaded: 50000 flows from /home/hung8uandj/Study/CoreRouter/src/analytics/../../data/real_telecom_combined.csv
2026-04-18 01:23:33,350 [INFO] DGRL-Trainer: Số tham số GNN Policy: 570,139
2026-04-18 01:23:33,350 [INFO] DGRL-Trainer: Bắt đầu huấn luyện cường độ cao 2,000,000 timesteps...
=================================================================
  JO-VDPR DGRL — Deep Graph Reinforcement Learning (Phase 5 - Hyper)
  Kiến trúc: Graph Attention Network → Actor-Critic (PPO)
  Cải tiến: Phạt nặng MSD violation, Tăng thời gian Exploration.
=================================================================
Using cpu device
Wrapping the env in a DummyVecEnv.
Logging to /home/hung8uandj/Study/CoreRouter/src/analytics/../../results/logs/dgrl_hyper/PPO_1
----------------------------------
| rollout/           |           |
|    ep_len_mean     | 100       |
|    ep_rew_mean     | -5.23e+04 |
| time/              |           |
|    fps             | 270       |
|    iterations      | 1         |
|    time_elapsed    | 7         |
|    total_timesteps | 2048      |
----------------------------------
-------------------------------------------
| rollout/                |               |
|    ep_len_mean          | 100           |
|    ep_rew_mean          | -5.23e+04     |
| time/                   |               |
|    fps                  | 139           |
|    iterations           | 2             |
|    time_elapsed         | 29            |
|    total_timesteps      | 4096          |
| train/                  |               |
|    approx_kl            | 0.00013631809 |
|    clip_fraction        | 0             |
|    clip_range           | 0.2           |
|    entropy_loss         | -3.22         |
|    explained_variance   | 4.77e-07      |
|    learning_rate        | 0.0003        |
|    loss                 | 3.33e+07      |
|    n_updates            | 10            |
|    policy_gradient_loss | -0.000503     |
|    value_loss           | 6.33e+07      |
-------------------------------------------
-------------------------------------------
| rollout/                |               |
|    ep_len_mean          | 100           |
|    ep_rew_mean          | -5.3e+04      |
| time/                   |               |
|    fps                  | 117           |
|    iterations           | 3             |
|    time_elapsed         | 52            |
|    total_timesteps      | 6144          |
| train/                  |               |
|    approx_kl            | 0.00018906328 |
|    clip_fraction        | 0             |
|    clip_range           | 0.2           |
|    entropy_loss         | -3.22         |
|    explained_variance   | -8.34e-07     |
|    learning_rate        | 0.0003        |
|    loss                 | 3.19e+07      |
|    n_updates            | 20            |
|    policy_gradient_loss | -0.000738     |
|    value_loss           | 6.19e+07      |
-------------------------------------------
------------------------------------------
| rollout/                |              |
|    ep_len_mean          | 100          |
|    ep_rew_mean          | -5.26e+04    |
| time/                   |              |
|    fps                  | 115          |
|    iterations           | 4            |
|    time_elapsed         | 71           |
|    total_timesteps      | 8192         |
| train/                  |              |
|    approx_kl            | 0.0003149115 |
|    clip_fraction        | 0            |
|    clip_range           | 0.2          |
|    entropy_loss         | -3.22        |
|    explained_variance   | -4.77e-07    |
|    learning_rate        | 0.0003       |
|    loss                 | 3.27e+07     |
|    n_updates            | 30           |
|    policy_gradient_loss | -0.0013      |
|    value_loss           | 6.86e+07     |
------------------------------------------
-------------------------------------------
| rollout/                |               |
|    ep_len_mean          | 100           |
|    ep_rew_mean          | -5.26e+04     |
| time/                   |               |
|    fps                  | 118           |
|    iterations           | 5             |
|    time_elapsed         | 86            |
|    total_timesteps      | 10240         |
| train/                  |               |
|    approx_kl            | 0.00035760834 |
|    clip_fraction        | 0             |
|    clip_range           | 0.2           |
|    entropy_loss         | -3.22         |
|    explained_variance   | -2.38e-07     |
|    learning_rate        | 0.0003        |
|    loss                 | 3.01e+07      |
|    n_updates            | 40            |
|    policy_gradient_loss | -0.00133      |
|    value_loss           | 6.02e+07      |
-------------------------------------------
-------------------------------------------
| rollout/                |               |
|    ep_len_mean          | 100           |
|    ep_rew_mean          | -5.21e+04     |
| time/                   |               |
|    fps                  | 116           |
|    iterations           | 6             |
|    time_elapsed         | 105           |
|    total_timesteps      | 12288         |
| train/                  |               |
|    approx_kl            | 0.00022379402 |
|    clip_fraction        | 0             |
|    clip_range           | 0.2           |
|    entropy_loss         | -3.22         |
|    explained_variance   | -1.19e-07     |
|    learning_rate        | 0.0003        |
|    loss                 | 3.16e+07      |
|    n_updates            | 50            |
|    policy_gradient_loss | -0.00084      |
|    value_loss           | 6.35e+07      |
-------------------------------------------
----------------------------------------
| rollout/                |            |
|    ep_len_mean          | 100        |
|    ep_rew_mean          | -5.22e+04  |
| time/                   |            |
|    fps                  | 111        |
|    iterations           | 7          |
|    time_elapsed         | 128        |
|    total_timesteps      | 14336      |
| train/                  |            |
|    approx_kl            | 0.00043383 |
|    clip_fraction        | 0          |
|    clip_range           | 0.2        |
|    entropy_loss         | -3.21      |
|    explained_variance   | -2.38e-07  |
|    learning_rate        | 0.0003     |
|    loss                 | 2.87e+07   |
|    n_updates            | 60         |
|    policy_gradient_loss | -0.00154   |
|    value_loss           | 5.94e+07   |
----------------------------------------
------------------------------------------
| rollout/                |              |
|    ep_len_mean          | 100          |
|    ep_rew_mean          | -5.14e+04    |
| time/                   |              |
|    fps                  | 109          |
|    iterations           | 8            |
|    time_elapsed         | 149          |
|    total_timesteps      | 16384        |
| train/                  |              |
|    approx_kl            | 0.0002989731 |
|    clip_fraction        | 0            |
|    clip_range           | 0.2          |
|    entropy_loss         | -3.21        |
|    explained_variance   | -1.19e-07    |
|    learning_rate        | 0.0003       |
|    loss                 | 3.14e+07     |
|    n_updates            | 70           |
|    policy_gradient_loss | -0.00117     |
|    value_loss           | 6.25e+07     |
------------------------------------------
-----------------------------------------
| rollout/                |             |
|    ep_len_mean          | 100         |
|    ep_rew_mean          | -5.11e+04   |
| time/                   |             |
|    fps                  | 105         |
|    iterations           | 9           |
|    time_elapsed         | 174         |
|    total_timesteps      | 18432       |
| train/                  |             |
|    approx_kl            | 0.000247584 |
|    clip_fraction        | 0           |
|    clip_range           | 0.2         |
|    entropy_loss         | -3.21       |
|    explained_variance   | 0           |
|    learning_rate        | 0.0003      |
|    loss                 | 2.93e+07    |
|    n_updates            | 80          |
|    policy_gradient_loss | -0.0009     |
|    value_loss           | 5.86e+07    |
-----------------------------------------
-------------------------------------------
| rollout/                |               |
|    ep_len_mean          | 100           |
|    ep_rew_mean          | -5.08e+04     |
| time/                   |               |
|    fps                  | 106           |
|    iterations           | 10            |
|    time_elapsed         | 192           |
|    total_timesteps      | 20480         |
| train/                  |               |
|    approx_kl            | 0.00020971394 |
|    clip_fraction        | 0             |
|    clip_range           | 0.2           |
|    entropy_loss         | -3.21         |
|    explained_variance   | -2.38e-07     |
|    learning_rate        | 0.0003        |
|    loss                 | 2.92e+07      |
|    n_updates            | 90            |
|    policy_gradient_loss | -0.000791     |
|    value_loss           | 5.67e+07      |
-------------------------------------------
-------------------------------------------
| rollout/                |               |
|    ep_len_mean          | 100           |
|    ep_rew_mean          | -5.08e+04     |
| time/                   |               |
|    fps                  | 107           |
|    iterations           | 11            |
|    time_elapsed         | 209           |
|    total_timesteps      | 22528         |
| train/                  |               |
|    approx_kl            | 0.00025615652 |
|    clip_fraction        | 0             |
|    clip_range           | 0.2           |
|    entropy_loss         | -3.21         |
|    explained_variance   | 1.79e-07      |
|    learning_rate        | 0.0003        |
|    loss                 | 2.86e+07      |
|    n_updates            | 100           |
|    policy_gradient_loss | -0.000963     |
|    value_loss           | 5.96e+07      |
-------------------------------------------
------------------------------------------
| rollout/                |              |
|    ep_len_mean          | 100          |
|    ep_rew_mean          | -5.06e+04    |
| time/                   |              |
|    fps                  | 109          |
|    iterations           | 12           |
|    time_elapsed         | 223          |
|    total_timesteps      | 24576        |
| train/                  |              |
|    approx_kl            | 0.0005597845 |
|    clip_fraction        | 0            |
|    clip_range           | 0.2          |
|    entropy_loss         | -3.2         |
|    explained_variance   | 1.19e-07     |
|    learning_rate        | 0.0003       |
|    loss                 | 2.9e+07      |
|    n_updates            | 110          |
|    policy_gradient_loss | -0.00188     |
|    value_loss           | 5.83e+07     |
------------------------------------------
------------------------------------------
| rollout/                |              |
|    ep_len_mean          | 100          |
|    ep_rew_mean          | -5.02e+04    |
| time/                   |              |
|    fps                  | 109          |
|    iterations           | 13           |
|    time_elapsed         | 244          |
|    total_timesteps      | 26624        |
| train/                  |              |
|    approx_kl            | 0.0003017686 |
|    clip_fraction        | 0            |
|    clip_range           | 0.2          |
|    entropy_loss         | -3.2         |
|    explained_variance   | 0            |
|    learning_rate        | 0.0003       |
|    loss                 | 3.06e+07     |
|    n_updates            | 120          |
|    policy_gradient_loss | -0.00106     |
|    value_loss           | 5.96e+07     |
------------------------------------------
-------------------------------------------
| rollout/                |               |
|    ep_len_mean          | 100           |
|    ep_rew_mean          | -5.01e+04     |
| time/                   |               |
|    fps                  | 111           |
|    iterations           | 14            |
|    time_elapsed         | 256           |
|    total_timesteps      | 28672         |
| train/                  |               |
|    approx_kl            | 0.00026379444 |
|    clip_fraction        | 0             |
|    clip_range           | 0.2           |
|    entropy_loss         | -3.2          |
|    explained_variance   | 0             |
|    learning_rate        | 0.0003        |
|    loss                 | 2.64e+07      |
|    n_updates            | 130           |
|    policy_gradient_loss | -0.000873     |
|    value_loss           | 5.49e+07      |
-------------------------------------------
-------------------------------------------
| rollout/                |               |
|    ep_len_mean          | 100           |
|    ep_rew_mean          | -5.01e+04     |
| time/                   |               |
|    fps                  | 111           |
|    iterations           | 15            |
|    time_elapsed         | 275           |
|    total_timesteps      | 30720         |
| train/                  |               |
|    approx_kl            | 0.00029398815 |
|    clip_fraction        | 0             |
|    clip_range           | 0.2           |
|    entropy_loss         | -3.2          |
|    explained_variance   | 0             |
|    learning_rate        | 0.0003        |
|    loss                 | 2.83e+07      |
|    n_updates            | 140           |
|    policy_gradient_loss | -0.00114      |
|    value_loss           | 5.85e+07      |
-------------------------------------------
-------------------------------------------
| rollout/                |               |
|    ep_len_mean          | 100           |
|    ep_rew_mean          | -4.98e+04     |
| time/                   |               |
|    fps                  | 110           |
|    iterations           | 16            |
|    time_elapsed         | 296           |
|    total_timesteps      | 32768         |
| train/                  |               |
|    approx_kl            | 0.00011543554 |
|    clip_fraction        | 0             |
|    clip_range           | 0.2           |
|    entropy_loss         | -3.19         |
|    explained_variance   | 0             |
|    learning_rate        | 0.0003        |
|    loss                 | 2.73e+07      |
|    n_updates            | 150           |
|    policy_gradient_loss | -0.000376     |
|    value_loss           | 5.62e+07      |
-------------------------------------------
-------------------------------------------
| rollout/                |               |
|    ep_len_mean          | 100           |
|    ep_rew_mean          | -4.95e+04     |
| time/                   |               |
|    fps                  | 110           |
|    iterations           | 17            |
|    time_elapsed         | 315           |
|    total_timesteps      | 34816         |
| train/                  |               |
|    approx_kl            | 3.6643032e-05 |
|    clip_fraction        | 0             |
|    clip_range           | 0.2           |
|    entropy_loss         | -3.19         |
|    explained_variance   | 0             |
|    learning_rate        | 0.0003        |
|    loss                 | 2.81e+07      |
|    n_updates            | 160           |
|    policy_gradient_loss | -9.57e-05     |
|    value_loss           | 5.74e+07      |
-------------------------------------------
------------------------------------------
| rollout/                |              |
|    ep_len_mean          | 100          |
|    ep_rew_mean          | -4.96e+04    |
| time/                   |              |
|    fps                  | 109          |
|    iterations           | 18           |
|    time_elapsed         | 336          |
|    total_timesteps      | 36864        |
| train/                  |              |
|    approx_kl            | 0.0001017632 |
|    clip_fraction        | 0            |
|    clip_range           | 0.2          |
|    entropy_loss         | -3.19        |
|    explained_variance   | 0            |
|    learning_rate        | 0.0003       |
|    loss                 | 3.01e+07     |
|    n_updates            | 170          |
|    policy_gradient_loss | -0.000333    |
|    value_loss           | 5.51e+07     |
------------------------------------------
-----------------------------------------
| rollout/                |             |
|    ep_len_mean          | 100         |
|    ep_rew_mean          | -4.94e+04   |
| time/                   |             |
|    fps                  | 110         |
|    iterations           | 19          |
|    time_elapsed         | 350         |
|    total_timesteps      | 38912       |
| train/                  |             |
|    approx_kl            | 0.000357454 |
|    clip_fraction        | 0           |
|    clip_range           | 0.2         |
|    entropy_loss         | -3.19       |
|    explained_variance   | 0           |
|    learning_rate        | 0.0003      |
|    loss                 | 3.14e+07    |
|    n_updates            | 180         |
|    policy_gradient_loss | -0.00129    |
|    value_loss           | 5.71e+07    |
-----------------------------------------
-------------------------------------------
| rollout/                |               |
|    ep_len_mean          | 100           |
|    ep_rew_mean          | -4.94e+04     |
| time/                   |               |
|    fps                  | 110           |
|    iterations           | 20            |
|    time_elapsed         | 369           |
|    total_timesteps      | 40960         |
| train/                  |               |
|    approx_kl            | 0.00049736653 |
|    clip_fraction        | 0             |
|    clip_range           | 0.2           |
|    entropy_loss         | -3.19         |
|    explained_variance   | 1.19e-07      |
|    learning_rate        | 0.0003        |
|    loss                 | 2.61e+07      |
|    n_updates            | 190           |
|    policy_gradient_loss | -0.00192      |
|    value_loss           | 5.59e+07      |
-------------------------------------------
-------------------------------------------
| rollout/                |               |
|    ep_len_mean          | 100           |
|    ep_rew_mean          | -4.96e+04     |
| time/                   |               |
|    fps                  | 112           |
|    iterations           | 21            |
|    time_elapsed         | 383           |
|    total_timesteps      | 43008         |
| train/                  |               |
|    approx_kl            | 0.00016219303 |
|    clip_fraction        | 0             |
|    clip_range           | 0.2           |
|    entropy_loss         | -3.18         |
|    explained_variance   | 0             |
|    learning_rate        | 0.0003        |
|    loss                 | 2.71e+07      |
|    n_updates            | 200           |
|    policy_gradient_loss | -0.000577     |
|    value_loss           | 5.79e+07      |
-------------------------------------------
-------------------------------------------
| rollout/                |               |
|    ep_len_mean          | 100           |
|    ep_rew_mean          | -4.94e+04     |
| time/                   |               |
|    fps                  | 112           |
|    iterations           | 22            |
|    time_elapsed         | 399           |
|    total_timesteps      | 45056         |
| train/                  |               |
|    approx_kl            | 0.00020937322 |
|    clip_fraction        | 0             |
|    clip_range           | 0.2           |
|    entropy_loss         | -3.18         |
|    explained_variance   | 0             |
|    learning_rate        | 0.0003        |
|    loss                 | 3.03e+07      |
|    n_updates            | 210           |
|    policy_gradient_loss | -0.000793     |
|    value_loss           | 5.9e+07       |
-------------------------------------------
-----------------------------------------
| rollout/                |             |
|    ep_len_mean          | 100         |
|    ep_rew_mean          | -4.93e+04   |
| time/                   |             |
|    fps                  | 111         |
|    iterations           | 23          |
|    time_elapsed         | 421         |
|    total_timesteps      | 47104       |
| train/                  |             |
|    approx_kl            | 9.01148e-05 |
|    clip_fraction        | 0           |
|    clip_range           | 0.2         |
|    entropy_loss         | -3.17       |
|    explained_variance   | -1.19e-07   |
|    learning_rate        | 0.0003      |
|    loss                 | 2.69e+07    |
|    n_updates            | 220         |
|    policy_gradient_loss | -0.000351   |
|    value_loss           | 5.4e+07     |
-----------------------------------------
-------------------------------------------
| rollout/                |               |
|    ep_len_mean          | 100           |
|    ep_rew_mean          | -4.91e+04     |
| time/                   |               |
|    fps                  | 111           |
|    iterations           | 24            |
|    time_elapsed         | 440           |
|    total_timesteps      | 49152         |
| train/                  |               |
|    approx_kl            | 0.00017566976 |
|    clip_fraction        | 0             |
|    clip_range           | 0.2           |
|    entropy_loss         | -3.17         |
|    explained_variance   | 0             |
|    learning_rate        | 0.0003        |
|    loss                 | 2.86e+07      |
|    n_updates            | 230           |
|    policy_gradient_loss | -0.000528     |
|    value_loss           | 5.58e+07      |
-------------------------------------------
/home/hung8uandj/.local/lib/python3.14/site-packages/stable_baselines3/common/evaluation.py:71: UserWarning: Evaluation environment is not wrapped with a ``Monitor`` wrapper. This may result in reporting modified episode lengths and rewards, if other wrappers happen to modify these. Consider wrapping environment first with ``Monitor`` wrapper.
  warnings.warn(
Eval num_timesteps=50000, episode_reward=-131638.16 +/- 8978.67
Episode length: 100.00 +/- 0.00
-------------------------------------------
| eval/                   |               |
|    mean_ep_length       | 100           |
|    mean_reward          | -1.32e+05     |
| time/                   |               |
|    total_timesteps      | 50000         |
| train/                  |               |
|    approx_kl            | 0.00013351359 |
|    clip_fraction        | 0             |
|    clip_range           | 0.2           |
|    entropy_loss         | -3.17         |
|    explained_variance   | 0             |
|    learning_rate        | 0.0003        |
|    loss                 | 2.64e+07      |
|    n_updates            | 240           |
|    policy_gradient_loss | -0.000467     |
|    value_loss           | 5.46e+07      |
-------------------------------------------
New best mean reward!
----------------------------------
| rollout/           |           |
|    ep_len_mean     | 100       |
|    ep_rew_mean     | -4.88e+04 |
| time/              |           |
|    fps             | 102       |
|    iterations      | 25        |
|    time_elapsed    | 501       |
|    total_timesteps | 51200     |
----------------------------------
-------------------------------------------
| rollout/                |               |
|    ep_len_mean          | 100           |
|    ep_rew_mean          | -4.8e+04      |
| time/                   |               |
|    fps                  | 102           |
|    iterations           | 26            |
|    time_elapsed         | 518           |
|    total_timesteps      | 53248         |
| train/                  |               |
|    approx_kl            | 0.00020154536 |
|    clip_fraction        | 0             |
|    clip_range           | 0.2           |
|    entropy_loss         | -3.17         |
|    explained_variance   | 0             |
|    learning_rate        | 0.0003        |
|    loss                 | 2.62e+07      |
|    n_updates            | 250           |
|    policy_gradient_loss | -0.000534     |
|    value_loss           | 5.4e+07       |
-------------------------------------------
-------------------------------------------
| rollout/                |               |
|    ep_len_mean          | 100           |
|    ep_rew_mean          | -4.8e+04      |
| time/                   |               |
|    fps                  | 102           |
|    iterations           | 27            |
|    time_elapsed         | 537           |
|    total_timesteps      | 55296         |
| train/                  |               |
|    approx_kl            | 0.00036660818 |
|    clip_fraction        | 0             |
|    clip_range           | 0.2           |
|    entropy_loss         | -3.17         |
|    explained_variance   | 0             |
|    learning_rate        | 0.0003        |
|    loss                 | 2.62e+07      |
|    n_updates            | 260           |
|    policy_gradient_loss | -0.00112      |
|    value_loss           | 5.14e+07      |
-------------------------------------------
-------------------------------------------
| rollout/                |               |
|    ep_len_mean          | 100           |
|    ep_rew_mean          | -4.77e+04     |
| time/                   |               |
|    fps                  | 103           |
|    iterations           | 28            |
|    time_elapsed         | 555           |
|    total_timesteps      | 57344         |
| train/                  |               |
|    approx_kl            | 8.3432096e-05 |
|    clip_fraction        | 0             |
|    clip_range           | 0.2           |
|    entropy_loss         | -3.16         |
|    explained_variance   | 1.19e-07      |
|    learning_rate        | 0.0003        |
|    loss                 | 2.98e+07      |
|    n_updates            | 270           |
|    policy_gradient_loss | -0.000348     |
|    value_loss           | 5.23e+07      |
-------------------------------------------
-------------------------------------------
| rollout/                |               |
|    ep_len_mean          | 100           |
|    ep_rew_mean          | -4.75e+04     |
| time/                   |               |
|    fps                  | 104           |
|    iterations           | 29            |
|    time_elapsed         | 568           |
|    total_timesteps      | 59392         |
| train/                  |               |
|    approx_kl            | 0.00014977477 |
|    clip_fraction        | 0             |
|    clip_range           | 0.2           |
|    entropy_loss         | -3.16         |
|    explained_variance   | 0             |
|    learning_rate        | 0.0003        |
|    loss                 | 2.29e+07      |
|    n_updates            | 280           |
|    policy_gradient_loss | -0.000535     |
|    value_loss           | 5.21e+07      |
-------------------------------------------
------------------------------------------
| rollout/                |              |
|    ep_len_mean          | 100          |
|    ep_rew_mean          | -4.77e+04    |
| time/                   |              |
|    fps                  | 104          |
|    iterations           | 30           |
|    time_elapsed         | 589          |
|    total_timesteps      | 61440        |
| train/                  |              |
|    approx_kl            | 0.0001774948 |
|    clip_fraction        | 0            |
|    clip_range           | 0.2          |
|    entropy_loss         | -3.16        |
|    explained_variance   | 0            |
|    learning_rate        | 0.0003       |
|    loss                 | 2.34e+07     |
|    n_updates            | 290          |
|    policy_gradient_loss | -0.000612    |
|    value_loss           | 5.26e+07     |
------------------------------------------
------------------------------------------
| rollout/                |              |
|    ep_len_mean          | 100          |
|    ep_rew_mean          | -4.84e+04    |
| time/                   |              |
|    fps                  | 104          |
|    iterations           | 31           |
|    time_elapsed         | 607          |
|    total_timesteps      | 63488        |
| train/                  |              |
|    approx_kl            | 0.0005134907 |
|    clip_fraction        | 0            |
|    clip_range           | 0.2          |
|    entropy_loss         | -3.16        |
|    explained_variance   | 1.79e-07     |
|    learning_rate        | 0.0003       |
|    loss                 | 3.13e+07     |
|    n_updates            | 300          |
|    policy_gradient_loss | -0.00162     |
|    value_loss           | 5.47e+07     |
------------------------------------------
-------------------------------------------
| rollout/                |               |
|    ep_len_mean          | 100           |
|    ep_rew_mean          | -4.87e+04     |
| time/                   |               |
|    fps                  | 104           |
|    iterations           | 32            |
|    time_elapsed         | 628           |
|    total_timesteps      | 65536         |
| train/                  |               |
|    approx_kl            | 0.00011388591 |
|    clip_fraction        | 0             |
|    clip_range           | 0.2           |
|    entropy_loss         | -3.16         |
|    explained_variance   | 1.19e-07      |
|    learning_rate        | 0.0003        |
|    loss                 | 3.15e+07      |
|    n_updates            | 310           |
|    policy_gradient_loss | -0.000457     |
|    value_loss           | 5.98e+07      |
-------------------------------------------
-------------------------------------------
| rollout/                |               |
|    ep_len_mean          | 100           |
|    ep_rew_mean          | -4.86e+04     |
| time/                   |               |
|    fps                  | 105           |
|    iterations           | 33            |
|    time_elapsed         | 642           |
|    total_timesteps      | 67584         |
| train/                  |               |
|    approx_kl            | 0.00012817708 |
|    clip_fraction        | 0             |
|    clip_range           | 0.2           |
|    entropy_loss         | -3.16         |
|    explained_variance   | 0             |
|    learning_rate        | 0.0003        |
|    loss                 | 2.64e+07      |
|    n_updates            | 320           |
|    policy_gradient_loss | -0.000522     |
|    value_loss           | 5.57e+07      |
-------------------------------------------
-------------------------------------------
| rollout/                |               |
|    ep_len_mean          | 100           |
|    ep_rew_mean          | -4.87e+04     |
| time/                   |               |
|    fps                  | 105           |
|    iterations           | 34            |
|    time_elapsed         | 659           |
|    total_timesteps      | 69632         |
| train/                  |               |
|    approx_kl            | 0.00045081272 |
|    clip_fraction        | 0             |
|    clip_range           | 0.2           |
|    entropy_loss         | -3.15         |
|    explained_variance   | 0             |
|    learning_rate        | 0.0003        |
|    loss                 | 2.83e+07      |
|    n_updates            | 330           |
|    policy_gradient_loss | -0.00131      |
|    value_loss           | 5.26e+07      |
-------------------------------------------
-------------------------------------------
| rollout/                |               |
|    ep_len_mean          | 100           |
|    ep_rew_mean          | -4.8e+04      |
| time/                   |               |
|    fps                  | 106           |
|    iterations           | 35            |
|    time_elapsed         | 673           |
|    total_timesteps      | 71680         |
| train/                  |               |
|    approx_kl            | 0.00016784706 |
|    clip_fraction        | 0             |
|    clip_range           | 0.2           |
|    entropy_loss         | -3.15         |
|    explained_variance   | 0             |
|    learning_rate        | 0.0003        |
|    loss                 | 2.44e+07      |
|    n_updates            | 340           |
|    policy_gradient_loss | -0.000624     |
|    value_loss           | 5.26e+07      |
-------------------------------------------
-------------------------------------------
| rollout/                |               |
|    ep_len_mean          | 100           |
|    ep_rew_mean          | -4.74e+04     |
| time/                   |               |
|    fps                  | 106           |
|    iterations           | 36            |
|    time_elapsed         | 691           |
|    total_timesteps      | 73728         |
| train/                  |               |
|    approx_kl            | 0.00024592198 |
|    clip_fraction        | 0             |
|    clip_range           | 0.2           |
|    entropy_loss         | -3.15         |
|    explained_variance   | 0             |
|    learning_rate        | 0.0003        |
|    loss                 | 2.39e+07      |
|    n_updates            | 350           |
|    policy_gradient_loss | -0.000656     |
|    value_loss           | 4.94e+07      |
-------------------------------------------
-------------------------------------------
| rollout/                |               |
|    ep_len_mean          | 100           |
|    ep_rew_mean          | -4.76e+04     |
| time/                   |               |
|    fps                  | 106           |
|    iterations           | 37            |
|    time_elapsed         | 713           |
|    total_timesteps      | 75776         |
| train/                  |               |
|    approx_kl            | 0.00012737527 |
|    clip_fraction        | 0             |
|    clip_range           | 0.2           |
|    entropy_loss         | -3.15         |
|    explained_variance   | -1.19e-07     |
|    learning_rate        | 0.0003        |
|    loss                 | 2.69e+07      |
|    n_updates            | 360           |
|    policy_gradient_loss | -0.000275     |
|    value_loss           | 5.04e+07      |
-------------------------------------------
-------------------------------------------
| rollout/                |               |
|    ep_len_mean          | 100           |
|    ep_rew_mean          | -4.78e+04     |
| time/                   |               |
|    fps                  | 106           |
|    iterations           | 38            |
|    time_elapsed         | 729           |
|    total_timesteps      | 77824         |
| train/                  |               |
|    approx_kl            | 8.8364526e-05 |
|    clip_fraction        | 0             |
|    clip_range           | 0.2           |
|    entropy_loss         | -3.15         |
|    explained_variance   | 1.19e-07      |
|    learning_rate        | 0.0003        |
|    loss                 | 3.03e+07      |
|    n_updates            | 370           |
|    policy_gradient_loss | -0.000319     |
|    value_loss           | 5.45e+07      |
-------------------------------------------
-------------------------------------------
| rollout/                |               |
|    ep_len_mean          | 100           |
|    ep_rew_mean          | -4.77e+04     |
| time/                   |               |
|    fps                  | 106           |
|    iterations           | 39            |
|    time_elapsed         | 747           |
|    total_timesteps      | 79872         |
| train/                  |               |
|    approx_kl            | 0.00028797908 |
|    clip_fraction        | 0             |
|    clip_range           | 0.2           |
|    entropy_loss         | -3.15         |
|    explained_variance   | 0             |
|    learning_rate        | 0.0003        |
|    loss                 | 2.69e+07      |
|    n_updates            | 380           |
|    policy_gradient_loss | -0.000908     |
|    value_loss           | 5.44e+07      |
-------------------------------------------
-------------------------------------------
| rollout/                |               |
|    ep_len_mean          | 100           |
|    ep_rew_mean          | -4.81e+04     |
| time/                   |               |
|    fps                  | 107           |
|    iterations           | 40            |
|    time_elapsed         | 760           |
|    total_timesteps      | 81920         |
| train/                  |               |
|    approx_kl            | 0.00014869394 |
|    clip_fraction        | 0             |
|    clip_range           | 0.2           |
|    entropy_loss         | -3.15         |
|    explained_variance   | 0             |
|    learning_rate        | 0.0003        |
|    loss                 | 2.47e+07      |
|    n_updates            | 390           |
|    policy_gradient_loss | -0.000437     |
|    value_loss           | 5.17e+07      |
-------------------------------------------
--------------------------------------------
| rollout/                |                |
|    ep_len_mean          | 100            |
|    ep_rew_mean          | -4.78e+04      |
| time/                   |                |
|    fps                  | 107            |
|    iterations           | 41             |
|    time_elapsed         | 780            |
|    total_timesteps      | 83968          |
| train/                  |                |
|    approx_kl            | 0.000118732016 |
|    clip_fraction        | 0              |
|    clip_range           | 0.2            |
|    entropy_loss         | -3.15          |
|    explained_variance   | 0              |
|    learning_rate        | 0.0003         |
|    loss                 | 2.47e+07       |
|    n_updates            | 400            |
|    policy_gradient_loss | -0.000263      |
|    value_loss           | 5.29e+07       |
--------------------------------------------
------------------------------------------
| rollout/                |              |
|    ep_len_mean          | 100          |
|    ep_rew_mean          | -4.74e+04    |
| time/                   |              |
|    fps                  | 107          |
|    iterations           | 42           |
|    time_elapsed         | 803          |
|    total_timesteps      | 86016        |
| train/                  |              |
|    approx_kl            | 0.0001386101 |
|    clip_fraction        | 0            |
|    clip_range           | 0.2          |
|    entropy_loss         | -3.15        |
|    explained_variance   | -1.19e-07    |
|    learning_rate        | 0.0003       |
|    loss                 | 2.67e+07     |
|    n_updates            | 410          |
|    policy_gradient_loss | -0.000464    |
|    value_loss           | 5.04e+07     |
------------------------------------------
-------------------------------------------
| rollout/                |               |
|    ep_len_mean          | 100           |
|    ep_rew_mean          | -4.71e+04     |
| time/                   |               |
|    fps                  | 106           |
|    iterations           | 43            |
|    time_elapsed         | 823           |
|    total_timesteps      | 88064         |
| train/                  |               |
|    approx_kl            | 0.00018996824 |
|    clip_fraction        | 0             |
|    clip_range           | 0.2           |
|    entropy_loss         | -3.15         |
|    explained_variance   | 0             |
|    learning_rate        | 0.0003        |
|    loss                 | 2.55e+07      |
|    n_updates            | 420           |
|    policy_gradient_loss | -0.000585     |
|    value_loss           | 5.02e+07      |
-------------------------------------------
-------------------------------------------
| rollout/                |               |
|    ep_len_mean          | 100           |
|    ep_rew_mean          | -4.71e+04     |
| time/                   |               |
|    fps                  | 106           |
|    iterations           | 44            |
|    time_elapsed         | 845           |
|    total_timesteps      | 90112         |
| train/                  |               |
|    approx_kl            | 0.00022588897 |
|    clip_fraction        | 0             |
|    clip_range           | 0.2           |
|    entropy_loss         | -3.15         |
|    explained_variance   | -1.19e-07     |
|    learning_rate        | 0.0003        |
|    loss                 | 2.35e+07      |
|    n_updates            | 430           |
|    policy_gradient_loss | -0.000566     |
|    value_loss           | 5.1e+07       |
-------------------------------------------
-----------------------------------------
| rollout/                |             |
|    ep_len_mean          | 100         |
|    ep_rew_mean          | -4.74e+04   |
| time/                   |             |
|    fps                  | 106         |
|    iterations           | 45          |
|    time_elapsed         | 867         |
|    total_timesteps      | 92160       |
| train/                  |             |
|    approx_kl            | 0.000137075 |
|    clip_fraction        | 0           |
|    clip_range           | 0.2         |
|    entropy_loss         | -3.15       |
|    explained_variance   | 1.19e-07    |
|    learning_rate        | 0.0003      |
|    loss                 | 2.49e+07    |
|    n_updates            | 440         |
|    policy_gradient_loss | -0.000501   |
|    value_loss           | 5.42e+07    |
-----------------------------------------
------------------------------------------
| rollout/                |              |
|    ep_len_mean          | 100          |
|    ep_rew_mean          | -4.74e+04    |
| time/                   |              |
|    fps                  | 106          |
|    iterations           | 46           |
|    time_elapsed         | 888          |
|    total_timesteps      | 94208        |
| train/                  |              |
|    approx_kl            | 0.0004165315 |
|    clip_fraction        | 0            |
|    clip_range           | 0.2          |
|    entropy_loss         | -3.14        |
|    explained_variance   | 1.19e-07     |
|    learning_rate        | 0.0003       |
|    loss                 | 2.86e+07     |
|    n_updates            | 450          |
|    policy_gradient_loss | -0.00115     |
|    value_loss           | 5.55e+07     |
------------------------------------------
------------------------------------------
| rollout/                |              |
|    ep_len_mean          | 100          |
|    ep_rew_mean          | -4.74e+04    |
| time/                   |              |
|    fps                  | 106          |
|    iterations           | 47           |
|    time_elapsed         | 907          |
|    total_timesteps      | 96256        |
| train/                  |              |
|    approx_kl            | 0.0001564188 |
|    clip_fraction        | 0            |
|    clip_range           | 0.2          |
|    entropy_loss         | -3.14        |
|    explained_variance   | 0            |
|    learning_rate        | 0.0003       |
|    loss                 | 2.36e+07     |
|    n_updates            | 460          |
|    policy_gradient_loss | -0.000431    |
|    value_loss           | 4.91e+07     |
------------------------------------------
-------------------------------------------
| rollout/                |               |
|    ep_len_mean          | 100           |
|    ep_rew_mean          | -4.78e+04     |
| time/                   |               |
|    fps                  | 105           |
|    iterations           | 48            |
|    time_elapsed         | 928           |
|    total_timesteps      | 98304         |
| train/                  |               |
|    approx_kl            | 0.00019642882 |
|    clip_fraction        | 0             |
|    clip_range           | 0.2           |
|    entropy_loss         | -3.14         |
|    explained_variance   | 0             |
|    learning_rate        | 0.0003        |
|    loss                 | 2.42e+07      |
|    n_updates            | 470           |
|    policy_gradient_loss | -0.0006       |
|    value_loss           | 5.06e+07      |
-------------------------------------------
/home/hung8uandj/.local/lib/python3.14/site-packages/stable_baselines3/common/evaluation.py:71: UserWarning: Evaluation environment is not wrapped with a ``Monitor`` wrapper. This may result in reporting modified episode lengths and rewards, if other wrappers happen to modify these. Consider wrapping environment first with ``Monitor`` wrapper.
  warnings.warn(
Eval num_timesteps=100000, episode_reward=-131116.35 +/- 8613.87
Episode length: 100.00 +/- 0.00
-------------------------------------------
| eval/                   |               |
|    mean_ep_length       | 100           |
|    mean_reward          | -1.31e+05     |
| time/                   |               |
|    total_timesteps      | 100000        |
| train/                  |               |
|    approx_kl            | 0.00036753743 |
|    clip_fraction        | 0             |
|    clip_range           | 0.2           |
|    entropy_loss         | -3.14         |
|    explained_variance   | 0             |
|    learning_rate        | 0.0003        |
|    loss                 | 2.6e+07       |
|    n_updates            | 480           |
|    policy_gradient_loss | -0.00107      |
|    value_loss           | 5.26e+07      |
-------------------------------------------
New best mean reward!
----------------------------------
| rollout/           |           |
|    ep_len_mean     | 100       |
|    ep_rew_mean     | -4.78e+04 |
| time/              |           |
|    fps             | 101       |
|    iterations      | 49        |
|    time_elapsed    | 985       |
|    total_timesteps | 100352    |
----------------------------------
-------------------------------------------
| rollout/                |               |
|    ep_len_mean          | 100           |
|    ep_rew_mean          | -4.77e+04     |
| time/                   |               |
|    fps                  | 101           |
|    iterations           | 50            |
|    time_elapsed         | 1006          |
|    total_timesteps      | 102400        |
| train/                  |               |
|    approx_kl            | 8.5788575e-05 |
|    clip_fraction        | 0             |
|    clip_range           | 0.2           |
|    entropy_loss         | -3.14         |
|    explained_variance   | -1.19e-07     |
|    learning_rate        | 0.0003        |
|    loss                 | 2.87e+07      |
|    n_updates            | 490           |
|    policy_gradient_loss | -0.000344     |
|    value_loss           | 5.66e+07      |
-------------------------------------------
--------------------------------------------
| rollout/                |                |
|    ep_len_mean          | 100            |
|    ep_rew_mean          | -4.76e+04      |
| time/                   |                |
|    fps                  | 101            |
|    iterations           | 51             |
|    time_elapsed         | 1026           |
|    total_timesteps      | 104448         |
| train/                  |                |
|    approx_kl            | 0.000103588216 |
|    clip_fraction        | 0              |
|    clip_range           | 0.2            |
|    entropy_loss         | -3.13          |
|    explained_variance   | -1.19e-07      |
|    learning_rate        | 0.0003         |
|    loss                 | 2.51e+07       |
|    n_updates            | 500            |
|    policy_gradient_loss | -0.000333      |
|    value_loss           | 5.25e+07       |
--------------------------------------------
-------------------------------------------
| rollout/                |               |
|    ep_len_mean          | 100           |
|    ep_rew_mean          | -4.75e+04     |
| time/                   |               |
|    fps                  | 101           |
|    iterations           | 52            |
|    time_elapsed         | 1046          |
|    total_timesteps      | 106496        |
| train/                  |               |
|    approx_kl            | 0.00016138758 |
|    clip_fraction        | 0             |
|    clip_range           | 0.2           |
|    entropy_loss         | -3.13         |
|    explained_variance   | 0             |
|    learning_rate        | 0.0003        |
|    loss                 | 2.14e+07      |
|    n_updates            | 510           |
|    policy_gradient_loss | -0.000525     |
|    value_loss           | 5.04e+07      |
-------------------------------------------
------------------------------------------
| rollout/                |              |
|    ep_len_mean          | 100          |
|    ep_rew_mean          | -4.71e+04    |
| time/                   |              |
|    fps                  | 102          |
|    iterations           | 53           |
|    time_elapsed         | 1060         |
|    total_timesteps      | 108544       |
| train/                  |              |
|    approx_kl            | 0.0005168705 |
|    clip_fraction        | 0            |
|    clip_range           | 0.2          |
|    entropy_loss         | -3.13        |
|    explained_variance   | 0            |
|    learning_rate        | 0.0003       |
|    loss                 | 2.6e+07      |
|    n_updates            | 520          |
|    policy_gradient_loss | -0.00101     |
|    value_loss           | 5.03e+07     |
------------------------------------------
-------------------------------------------
| rollout/                |               |
|    ep_len_mean          | 100           |
|    ep_rew_mean          | -4.71e+04     |
| time/                   |               |
|    fps                  | 102           |
|    iterations           | 54            |
|    time_elapsed         | 1075          |
|    total_timesteps      | 110592        |
| train/                  |               |
|    approx_kl            | 0.00018006959 |
|    clip_fraction        | 0             |
|    clip_range           | 0.2           |
|    entropy_loss         | -3.14         |
|    explained_variance   | 1.19e-07      |
|    learning_rate        | 0.0003        |
|    loss                 | 2.58e+07      |
|    n_updates            | 530           |
|    policy_gradient_loss | -0.000683     |
|    value_loss           | 4.88e+07      |
-------------------------------------------
------------------------------------------
| rollout/                |              |
|    ep_len_mean          | 100          |
|    ep_rew_mean          | -4.68e+04    |
| time/                   |              |
|    fps                  | 102          |
|    iterations           | 55           |
|    time_elapsed         | 1094         |
|    total_timesteps      | 112640       |
| train/                  |              |
|    approx_kl            | 0.0001390824 |
|    clip_fraction        | 0            |
|    clip_range           | 0.2          |
|    entropy_loss         | -3.13        |
|    explained_variance   | 0            |
|    learning_rate        | 0.0003       |
|    loss                 | 2.73e+07     |
|    n_updates            | 540          |
|    policy_gradient_loss | -0.000522    |
|    value_loss           | 5.2e+07      |
------------------------------------------
-------------------------------------------
| rollout/                |               |
|    ep_len_mean          | 100           |
|    ep_rew_mean          | -4.68e+04     |
| time/                   |               |
|    fps                  | 103           |
|    iterations           | 56            |
|    time_elapsed         | 1108          |
|    total_timesteps      | 114688        |
| train/                  |               |
|    approx_kl            | 0.00018885388 |
|    clip_fraction        | 0             |
|    clip_range           | 0.2           |
|    entropy_loss         | -3.13         |
|    explained_variance   | 0             |
|    learning_rate        | 0.0003        |
|    loss                 | 2.58e+07      |
|    n_updates            | 550           |
|    policy_gradient_loss | -0.000584     |
|    value_loss           | 5.17e+07      |
-------------------------------------------
------------------------------------------
| rollout/                |              |
|    ep_len_mean          | 100          |
|    ep_rew_mean          | -4.7e+04     |
| time/                   |              |
|    fps                  | 103          |
|    iterations           | 57           |
|    time_elapsed         | 1123         |
|    total_timesteps      | 116736       |
| train/                  |              |
|    approx_kl            | 0.0001964214 |
|    clip_fraction        | 0            |
|    clip_range           | 0.2          |
|    entropy_loss         | -3.12        |
|    explained_variance   | 0            |
|    learning_rate        | 0.0003       |
|    loss                 | 2.65e+07     |
|    n_updates            | 560          |
|    policy_gradient_loss | -0.000748    |
|    value_loss           | 5.1e+07      |
------------------------------------------
-------------------------------------------
| rollout/                |               |
|    ep_len_mean          | 100           |
|    ep_rew_mean          | -4.7e+04      |
| time/                   |               |
|    fps                  | 103           |
|    iterations           | 58            |
|    time_elapsed         | 1143          |
|    total_timesteps      | 118784        |
| train/                  |               |
|    approx_kl            | 0.00012163882 |
|    clip_fraction        | 0             |
|    clip_range           | 0.2           |
|    entropy_loss         | -3.12         |
|    explained_variance   | -1.19e-07     |
|    learning_rate        | 0.0003        |
|    loss                 | 2.35e+07      |
|    n_updates            | 570           |
|    policy_gradient_loss | -0.000455     |
|    value_loss           | 5.05e+07      |
-------------------------------------------
-------------------------------------------
| rollout/                |               |
|    ep_len_mean          | 100           |
|    ep_rew_mean          | -4.67e+04     |
| time/                   |               |
|    fps                  | 103           |
|    iterations           | 59            |
|    time_elapsed         | 1164          |
|    total_timesteps      | 120832        |
| train/                  |               |
|    approx_kl            | 0.00018339537 |
|    clip_fraction        | 0             |
|    clip_range           | 0.2           |
|    entropy_loss         | -3.12         |
|    explained_variance   | 1.19e-07      |
|    learning_rate        | 0.0003        |
|    loss                 | 2.47e+07      |
|    n_updates            | 580           |
|    policy_gradient_loss | -0.000408     |
|    value_loss           | 4.94e+07      |
-------------------------------------------
------------------------------------------
| rollout/                |              |
|    ep_len_mean          | 100          |
|    ep_rew_mean          | -4.68e+04    |
| time/                   |              |
|    fps                  | 103          |
|    iterations           | 60           |
|    time_elapsed         | 1183         |
|    total_timesteps      | 122880       |
| train/                  |              |
|    approx_kl            | 0.0002994895 |
|    clip_fraction        | 0            |
|    clip_range           | 0.2          |
|    entropy_loss         | -3.12        |
|    explained_variance   | 1.19e-07     |
|    learning_rate        | 0.0003       |
|    loss                 | 2.39e+07     |
|    n_updates            | 590          |
|    policy_gradient_loss | -0.000805    |
|    value_loss           | 4.81e+07     |
------------------------------------------
-------------------------------------------
| rollout/                |               |
|    ep_len_mean          | 100           |
|    ep_rew_mean          | -4.68e+04     |
| time/                   |               |
|    fps                  | 103           |
|    iterations           | 61            |
|    time_elapsed         | 1201          |
|    total_timesteps      | 124928        |
| train/                  |               |
|    approx_kl            | 0.00044711446 |
|    clip_fraction        | 0             |
|    clip_range           | 0.2           |
|    entropy_loss         | -3.12         |
|    explained_variance   | 0             |
|    learning_rate        | 0.0003        |
|    loss                 | 2.34e+07      |
|    n_updates            | 600           |
|    policy_gradient_loss | -0.000959     |
|    value_loss           | 5.29e+07      |
-------------------------------------------
-------------------------------------------
| rollout/                |               |
|    ep_len_mean          | 100           |
|    ep_rew_mean          | -4.69e+04     |
| time/                   |               |
|    fps                  | 104           |
|    iterations           | 62            |
|    time_elapsed         | 1218          |
|    total_timesteps      | 126976        |
| train/                  |               |
|    approx_kl            | 0.00043497505 |
|    clip_fraction        | 0             |
|    clip_range           | 0.2           |
|    entropy_loss         | -3.12         |
|    explained_variance   | 1.19e-07      |
|    learning_rate        | 0.0003        |
|    loss                 | 2.51e+07      |
|    n_updates            | 610           |
|    policy_gradient_loss | -0.00109      |
|    value_loss           | 4.97e+07      |
-------------------------------------------
-------------------------------------------
| rollout/                |               |
|    ep_len_mean          | 100           |
|    ep_rew_mean          | -4.67e+04     |
| time/                   |               |
|    fps                  | 104           |
|    iterations           | 63            |
|    time_elapsed         | 1237          |
|    total_timesteps      | 129024        |
| train/                  |               |
|    approx_kl            | 0.00017705694 |
|    clip_fraction        | 0             |
|    clip_range           | 0.2           |
|    entropy_loss         | -3.12         |
|    explained_variance   | 0             |
|    learning_rate        | 0.0003        |
|    loss                 | 2.52e+07      |
|    n_updates            | 620           |
|    policy_gradient_loss | -0.000641     |
|    value_loss           | 5.18e+07      |
-------------------------------------------
------------------------------------------
| rollout/                |              |
|    ep_len_mean          | 100          |
|    ep_rew_mean          | -4.71e+04    |
| time/                   |              |
|    fps                  | 104          |
|    iterations           | 64           |
|    time_elapsed         | 1260         |
|    total_timesteps      | 131072       |
| train/                  |              |
|    approx_kl            | 9.121516e-05 |
|    clip_fraction        | 0            |
|    clip_range           | 0.2          |
|    entropy_loss         | -3.12        |
|    explained_variance   | -1.19e-07    |
|    learning_rate        | 0.0003       |
|    loss                 | 2.44e+07     |
|    n_updates            | 630          |
|    policy_gradient_loss | -0.000274    |
|    value_loss           | 4.78e+07     |
------------------------------------------
-------------------------------------------
| rollout/                |               |
|    ep_len_mean          | 100           |
|    ep_rew_mean          | -4.67e+04     |
| time/                   |               |
|    fps                  | 104           |
|    iterations           | 65            |
|    time_elapsed         | 1273          |
|    total_timesteps      | 133120        |
| train/                  |               |
|    approx_kl            | 0.00016141828 |
|    clip_fraction        | 0             |
|    clip_range           | 0.2           |
|    entropy_loss         | -3.12         |
|    explained_variance   | -1.19e-07     |
|    learning_rate        | 0.0003        |
|    loss                 | 2.8e+07       |
|    n_updates            | 640           |
|    policy_gradient_loss | -0.000596     |
|    value_loss           | 5.31e+07      |
-------------------------------------------
------------------------------------------
| rollout/                |              |
|    ep_len_mean          | 100          |
|    ep_rew_mean          | -4.66e+04    |
| time/                   |              |
|    fps                  | 104          |
|    iterations           | 66           |
|    time_elapsed         | 1292         |
|    total_timesteps      | 135168       |
| train/                  |              |
|    approx_kl            | 0.0005860148 |
|    clip_fraction        | 0            |
|    clip_range           | 0.2          |
|    entropy_loss         | -3.12        |
|    explained_variance   | 1.79e-07     |
|    learning_rate        | 0.0003       |
|    loss                 | 1.85e+07     |
|    n_updates            | 650          |
|    policy_gradient_loss | -0.00116     |
|    value_loss           | 4.74e+07     |
------------------------------------------
------------------------------------------
| rollout/                |              |
|    ep_len_mean          | 100          |
|    ep_rew_mean          | -4.63e+04    |
| time/                   |              |
|    fps                  | 105          |
|    iterations           | 67           |
|    time_elapsed         | 1305         |
|    total_timesteps      | 137216       |
| train/                  |              |
|    approx_kl            | 0.0005025029 |
|    clip_fraction        | 0            |
|    clip_range           | 0.2          |
|    entropy_loss         | -3.12        |
|    explained_variance   | 1.19e-07     |
|    learning_rate        | 0.0003       |
|    loss                 | 2.59e+07     |
|    n_updates            | 660          |
|    policy_gradient_loss | -0.00139     |
|    value_loss           | 4.93e+07     |
------------------------------------------
------------------------------------------
| rollout/                |              |
|    ep_len_mean          | 100          |
|    ep_rew_mean          | -4.66e+04    |
| time/                   |              |
|    fps                  | 105          |
|    iterations           | 68           |
|    time_elapsed         | 1318         |
|    total_timesteps      | 139264       |
| train/                  |              |
|    approx_kl            | 9.135666e-05 |
|    clip_fraction        | 0            |
|    clip_range           | 0.2          |
|    entropy_loss         | -3.12        |
|    explained_variance   | 1.19e-07     |
|    learning_rate        | 0.0003       |
|    loss                 | 2.64e+07     |
|    n_updates            | 670          |
|    policy_gradient_loss | -0.000204    |
|    value_loss           | 4.82e+07     |
------------------------------------------
------------------------------------------
| rollout/                |              |
|    ep_len_mean          | 100          |
|    ep_rew_mean          | -4.65e+04    |
| time/                   |              |
|    fps                  | 105          |
|    iterations           | 69           |
|    time_elapsed         | 1335         |
|    total_timesteps      | 141312       |
| train/                  |              |
|    approx_kl            | 0.0005005845 |
|    clip_fraction        | 0            |
|    clip_range           | 0.2          |
|    entropy_loss         | -3.12        |
|    explained_variance   | 0            |
|    learning_rate        | 0.0003       |
|    loss                 | 2.95e+07     |
|    n_updates            | 680          |
|    policy_gradient_loss | -0.00111     |
|    value_loss           | 5.18e+07     |
------------------------------------------
-------------------------------------------
| rollout/                |               |
|    ep_len_mean          | 100           |
|    ep_rew_mean          | -4.69e+04     |
| time/                   |               |
|    fps                  | 105           |
|    iterations           | 70            |
|    time_elapsed         | 1354          |
|    total_timesteps      | 143360        |
| train/                  |               |
|    approx_kl            | 0.00022294067 |
|    clip_fraction        | 0             |
|    clip_range           | 0.2           |
|    entropy_loss         | -3.12         |
|    explained_variance   | 0             |
|    learning_rate        | 0.0003        |
|    loss                 | 2.59e+07      |
|    n_updates            | 690           |
|    policy_gradient_loss | -0.000784     |
|    value_loss           | 5.14e+07      |
-------------------------------------------
-------------------------------------------
| rollout/                |               |
|    ep_len_mean          | 100           |
|    ep_rew_mean          | -4.73e+04     |
| time/                   |               |
|    fps                  | 105           |
|    iterations           | 71            |
|    time_elapsed         | 1373          |
|    total_timesteps      | 145408        |
| train/                  |               |
|    approx_kl            | 0.00017453884 |
|    clip_fraction        | 0             |
|    clip_range           | 0.2           |
|    entropy_loss         | -3.11         |
|    explained_variance   | -1.19e-07     |
|    learning_rate        | 0.0003        |
|    loss                 | 2.59e+07      |
|    n_updates            | 700           |
|    policy_gradient_loss | -0.00069      |
|    value_loss           | 5.2e+07       |
-------------------------------------------
-------------------------------------------
| rollout/                |               |
|    ep_len_mean          | 100           |
|    ep_rew_mean          | -4.74e+04     |
| time/                   |               |
|    fps                  | 105           |
|    iterations           | 72            |
|    time_elapsed         | 1395          |
|    total_timesteps      | 147456        |
| train/                  |               |
|    approx_kl            | 0.00016314711 |
|    clip_fraction        | 0             |
|    clip_range           | 0.2           |
|    entropy_loss         | -3.11         |
|    explained_variance   | -1.19e-07     |
|    learning_rate        | 0.0003        |
|    loss                 | 2.89e+07      |
|    n_updates            | 710           |
|    policy_gradient_loss | -0.000659     |
|    value_loss           | 5.24e+07      |
-------------------------------------------
-------------------------------------------
| rollout/                |               |
|    ep_len_mean          | 100           |
|    ep_rew_mean          | -4.68e+04     |
| time/                   |               |
|    fps                  | 105           |
|    iterations           | 73            |
|    time_elapsed         | 1417          |
|    total_timesteps      | 149504        |
| train/                  |               |
|    approx_kl            | 0.00021918505 |
|    clip_fraction        | 0             |
|    clip_range           | 0.2           |
|    entropy_loss         | -3.1          |
|    explained_variance   | 1.19e-07      |
|    learning_rate        | 0.0003        |
|    loss                 | 2.26e+07      |
|    n_updates            | 720           |
|    policy_gradient_loss | -0.000664     |
|    value_loss           | 5e+07         |
-------------------------------------------
Eval num_timesteps=150000, episode_reward=-130870.78 +/- 9632.16
Episode length: 100.00 +/- 0.00
-------------------------------------------
| eval/                   |               |
|    mean_ep_length       | 100           |
|    mean_reward          | -1.31e+05     |
| time/                   |               |
|    total_timesteps      | 150000        |
| train/                  |               |
|    approx_kl            | 0.00030610527 |
|    clip_fraction        | 0             |
|    clip_range           | 0.2           |
|    entropy_loss         | -3.1          |
|    explained_variance   | 1.19e-07      |
|    learning_rate        | 0.0003        |
|    loss                 | 2.24e+07      |
|    n_updates            | 730           |
|    policy_gradient_loss | -0.000671     |
|    value_loss           | 4.6e+07       |
-------------------------------------------
New best mean reward!
----------------------------------
| rollout/           |           |
|    ep_len_mean     | 100       |
|    ep_rew_mean     | -4.64e+04 |
| time/              |           |
|    fps             | 103       |
|    iterations      | 74        |
|    time_elapsed    | 1470      |
|    total_timesteps | 151552    |
----------------------------------
------------------------------------------
| rollout/                |              |
|    ep_len_mean          | 100          |
|    ep_rew_mean          | -4.62e+04    |
| time/                   |              |
|    fps                  | 103          |
|    iterations           | 75           |
|    time_elapsed         | 1490         |
|    total_timesteps      | 153600       |
| train/                  |              |
|    approx_kl            | 0.0002313448 |
|    clip_fraction        | 0            |
|    clip_range           | 0.2          |
|    entropy_loss         | -3.1         |
|    explained_variance   | 0            |
|    learning_rate        | 0.0003       |
|    loss                 | 2.51e+07     |
|    n_updates            | 740          |
|    policy_gradient_loss | -0.000857    |
|    value_loss           | 4.63e+07     |
------------------------------------------
-------------------------------------------
| rollout/                |               |
|    ep_len_mean          | 100           |
|    ep_rew_mean          | -4.56e+04     |
| time/                   |               |
|    fps                  | 103           |
|    iterations           | 76            |
|    time_elapsed         | 1509          |
|    total_timesteps      | 155648        |
| train/                  |               |
|    approx_kl            | 0.00049715454 |
|    clip_fraction        | 0             |
|    clip_range           | 0.2           |
|    entropy_loss         | -3.1          |
|    explained_variance   | 0             |
|    learning_rate        | 0.0003        |
|    loss                 | 2.34e+07      |
|    n_updates            | 750           |
|    policy_gradient_loss | -0.00118      |
|    value_loss           | 4.9e+07       |
-------------------------------------------
------------------------------------------
| rollout/                |              |
|    ep_len_mean          | 100          |
|    ep_rew_mean          | -4.58e+04    |
| time/                   |              |
|    fps                  | 103          |
|    iterations           | 77           |
|    time_elapsed         | 1529         |
|    total_timesteps      | 157696       |
| train/                  |              |
|    approx_kl            | 0.0003530503 |
|    clip_fraction        | 0            |
|    clip_range           | 0.2          |
|    entropy_loss         | -3.11        |
|    explained_variance   | 0            |
|    learning_rate        | 0.0003       |
|    loss                 | 2.11e+07     |
|    n_updates            | 760          |
|    policy_gradient_loss | -0.0008      |
|    value_loss           | 4.62e+07     |
------------------------------------------
------------------------------------------
| rollout/                |              |
|    ep_len_mean          | 100          |
|    ep_rew_mean          | -4.57e+04    |
| time/                   |              |
|    fps                  | 102          |
|    iterations           | 78           |
|    time_elapsed         | 1551         |
|    total_timesteps      | 159744       |
| train/                  |              |
|    approx_kl            | 0.0002830588 |
|    clip_fraction        | 0            |
|    clip_range           | 0.2          |
|    entropy_loss         | -3.11        |
|    explained_variance   | -1.19e-07    |
|    learning_rate        | 0.0003       |
|    loss                 | 2.33e+07     |
|    n_updates            | 770          |
|    policy_gradient_loss | -0.000804    |
|    value_loss           | 5.01e+07     |
------------------------------------------
-------------------------------------------
| rollout/                |               |
|    ep_len_mean          | 100           |
|    ep_rew_mean          | -4.63e+04     |
| time/                   |               |
|    fps                  | 102           |
|    iterations           | 79            |
|    time_elapsed         | 1571          |
|    total_timesteps      | 161792        |
| train/                  |               |
|    approx_kl            | 0.00031329313 |
|    clip_fraction        | 0             |
|    clip_range           | 0.2           |
|    entropy_loss         | -3.11         |
|    explained_variance   | -2.38e-07     |
|    learning_rate        | 0.0003        |
|    loss                 | 2.35e+07      |
|    n_updates            | 780           |
|    policy_gradient_loss | -0.000551     |
|    value_loss           | 4.42e+07      |
-------------------------------------------
-------------------------------------------
| rollout/                |               |
|    ep_len_mean          | 100           |
|    ep_rew_mean          | -4.64e+04     |
| time/                   |               |
|    fps                  | 102           |
|    iterations           | 80            |
|    time_elapsed         | 1594          |
|    total_timesteps      | 163840        |
| train/                  |               |
|    approx_kl            | 0.00011204323 |
|    clip_fraction        | 0             |
|    clip_range           | 0.2           |
|    entropy_loss         | -3.12         |
|    explained_variance   | -1.19e-07     |
|    learning_rate        | 0.0003        |
|    loss                 | 3.09e+07      |
|    n_updates            | 790           |
|    policy_gradient_loss | -0.000311     |
|    value_loss           | 5.41e+07      |
-------------------------------------------
-------------------------------------------
| rollout/                |               |
|    ep_len_mean          | 100           |
|    ep_rew_mean          | -4.66e+04     |
| time/                   |               |
|    fps                  | 103           |
|    iterations           | 81            |
|    time_elapsed         | 1609          |
|    total_timesteps      | 165888        |
| train/                  |               |
|    approx_kl            | 0.00045245263 |
|    clip_fraction        | 0             |
|    clip_range           | 0.2           |
|    entropy_loss         | -3.11         |
|    explained_variance   | 0             |
|    learning_rate        | 0.0003        |
|    loss                 | 2.4e+07       |
|    n_updates            | 800           |
|    policy_gradient_loss | -0.00125      |
|    value_loss           | 4.92e+07      |
-------------------------------------------
-------------------------------------------
| rollout/                |               |
|    ep_len_mean          | 100           |
|    ep_rew_mean          | -4.65e+04     |
| time/                   |               |
|    fps                  | 103           |
|    iterations           | 82            |
|    time_elapsed         | 1628          |
|    total_timesteps      | 167936        |
| train/                  |               |
|    approx_kl            | 5.1259936e-05 |
|    clip_fraction        | 0             |
|    clip_range           | 0.2           |
|    entropy_loss         | -3.11         |
|    explained_variance   | 1.79e-07      |
|    learning_rate        | 0.0003        |
|    loss                 | 2.48e+07      |
|    n_updates            | 810           |
|    policy_gradient_loss | -0.000191     |
|    value_loss           | 4.96e+07      |
-------------------------------------------
-------------------------------------------
| rollout/                |               |
|    ep_len_mean          | 100           |
|    ep_rew_mean          | -4.72e+04     |
| time/                   |               |
|    fps                  | 103           |
|    iterations           | 83            |
|    time_elapsed         | 1647          |
|    total_timesteps      | 169984        |
| train/                  |               |
|    approx_kl            | 0.00015080936 |
|    clip_fraction        | 0             |
|    clip_range           | 0.2           |
|    entropy_loss         | -3.11         |
|    explained_variance   | 0             |
|    learning_rate        | 0.0003        |
|    loss                 | 2.57e+07      |
|    n_updates            | 820           |
|    policy_gradient_loss | -0.000317     |
|    value_loss           | 4.87e+07      |
-------------------------------------------
-------------------------------------------
| rollout/                |               |
|    ep_len_mean          | 100           |
|    ep_rew_mean          | -4.68e+04     |
| time/                   |               |
|    fps                  | 103           |
|    iterations           | 84            |
|    time_elapsed         | 1662          |
|    total_timesteps      | 172032        |
| train/                  |               |
|    approx_kl            | 0.00021313483 |
|    clip_fraction        | 0             |
|    clip_range           | 0.2           |
|    entropy_loss         | -3.11         |
|    explained_variance   | -1.19e-07     |
|    learning_rate        | 0.0003        |
|    loss                 | 2.69e+07      |
|    n_updates            | 830           |
|    policy_gradient_loss | -0.000648     |
|    value_loss           | 5.32e+07      |
-------------------------------------------
-------------------------------------------
| rollout/                |               |
|    ep_len_mean          | 100           |
|    ep_rew_mean          | -4.69e+04     |
| time/                   |               |
|    fps                  | 103           |
|    iterations           | 85            |
|    time_elapsed         | 1685          |
|    total_timesteps      | 174080        |
| train/                  |               |
|    approx_kl            | 0.00017098503 |
|    clip_fraction        | 0             |
|    clip_range           | 0.2           |
|    entropy_loss         | -3.11         |
|    explained_variance   | -1.19e-07     |
|    learning_rate        | 0.0003        |
|    loss                 | 2.55e+07      |
|    n_updates            | 840           |
|    policy_gradient_loss | -0.000476     |
|    value_loss           | 4.97e+07      |
-------------------------------------------
-------------------------------------------
| rollout/                |               |
|    ep_len_mean          | 100           |
|    ep_rew_mean          | -4.71e+04     |
| time/                   |               |
|    fps                  | 103           |
|    iterations           | 86            |
|    time_elapsed         | 1698          |
|    total_timesteps      | 176128        |
| train/                  |               |
|    approx_kl            | 0.00021756586 |
|    clip_fraction        | 0             |
|    clip_range           | 0.2           |
|    entropy_loss         | -3.11         |
|    explained_variance   | 0             |
|    learning_rate        | 0.0003        |
|    loss                 | 2.49e+07      |
|    n_updates            | 850           |
|    policy_gradient_loss | -0.000634     |
|    value_loss           | 4.97e+07      |
-------------------------------------------
-------------------------------------------
| rollout/                |               |
|    ep_len_mean          | 100           |
|    ep_rew_mean          | -4.71e+04     |
| time/                   |               |
|    fps                  | 103           |
|    iterations           | 87            |
|    time_elapsed         | 1715          |
|    total_timesteps      | 178176        |
| train/                  |               |
|    approx_kl            | 0.00021349333 |
|    clip_fraction        | 0             |
|    clip_range           | 0.2           |
|    entropy_loss         | -3.11         |
|    explained_variance   | -2.38e-07     |
|    learning_rate        | 0.0003        |
|    loss                 | 2.38e+07      |
|    n_updates            | 860           |
|    policy_gradient_loss | -0.000617     |
|    value_loss           | 5.05e+07      |
-------------------------------------------
------------------------------------------
| rollout/                |              |
|    ep_len_mean          | 100          |
|    ep_rew_mean          | -4.65e+04    |
| time/                   |              |
|    fps                  | 104          |
|    iterations           | 88           |
|    time_elapsed         | 1729         |
|    total_timesteps      | 180224       |
| train/                  |              |
|    approx_kl            | 0.0003856418 |
|    clip_fraction        | 0            |
|    clip_range           | 0.2          |
|    entropy_loss         | -3.11        |
|    explained_variance   | 0            |
|    learning_rate        | 0.0003       |
|    loss                 | 2.46e+07     |
|    n_updates            | 870          |
|    policy_gradient_loss | -0.000993    |
|    value_loss           | 5.02e+07     |
------------------------------------------
-------------------------------------------
| rollout/                |               |
|    ep_len_mean          | 100           |
|    ep_rew_mean          | -4.63e+04     |
| time/                   |               |
|    fps                  | 104           |
|    iterations           | 89            |
|    time_elapsed         | 1742          |
|    total_timesteps      | 182272        |
| train/                  |               |
|    approx_kl            | 0.00025233172 |
|    clip_fraction        | 0             |
|    clip_range           | 0.2           |
|    entropy_loss         | -3.11         |
|    explained_variance   | 0             |
|    learning_rate        | 0.0003        |
|    loss                 | 2.54e+07      |
|    n_updates            | 880           |
|    policy_gradient_loss | -0.000763     |
|    value_loss           | 4.62e+07      |
-------------------------------------------
------------------------------------------
| rollout/                |              |
|    ep_len_mean          | 100          |
|    ep_rew_mean          | -4.61e+04    |
| time/                   |              |
|    fps                  | 104          |
|    iterations           | 90           |
|    time_elapsed         | 1758         |
|    total_timesteps      | 184320       |
| train/                  |              |
|    approx_kl            | 0.0001361054 |
|    clip_fraction        | 0            |
|    clip_range           | 0.2          |
|    entropy_loss         | -3.1         |
|    explained_variance   | 0            |
|    learning_rate        | 0.0003       |
|    loss                 | 2.27e+07     |
|    n_updates            | 890          |
|    policy_gradient_loss | -0.000374    |
|    value_loss           | 4.7e+07      |
------------------------------------------
-------------------------------------------
| rollout/                |               |
|    ep_len_mean          | 100           |
|    ep_rew_mean          | -4.55e+04     |
| time/                   |               |
|    fps                  | 104           |
|    iterations           | 91            |
|    time_elapsed         | 1778          |
|    total_timesteps      | 186368        |
| train/                  |               |
|    approx_kl            | 0.00036024023 |
|    clip_fraction        | 0             |
|    clip_range           | 0.2           |
|    entropy_loss         | -3.1          |
|    explained_variance   | 0             |
|    learning_rate        | 0.0003        |
|    loss                 | 2.43e+07      |
|    n_updates            | 900           |
|    policy_gradient_loss | -0.00108      |
|    value_loss           | 4.66e+07      |
-------------------------------------------
-------------------------------------------
| rollout/                |               |
|    ep_len_mean          | 100           |
|    ep_rew_mean          | -4.57e+04     |
| time/                   |               |
|    fps                  | 104           |
|    iterations           | 92            |
|    time_elapsed         | 1798          |
|    total_timesteps      | 188416        |
| train/                  |               |
|    approx_kl            | 0.00060826715 |
|    clip_fraction        | 0             |
|    clip_range           | 0.2           |
|    entropy_loss         | -3.1          |
|    explained_variance   | 0             |
|    learning_rate        | 0.0003        |
|    loss                 | 2.09e+07      |
|    n_updates            | 910           |
|    policy_gradient_loss | -0.00151      |
|    value_loss           | 4.54e+07      |
-------------------------------------------
-------------------------------------------
| rollout/                |               |
|    ep_len_mean          | 100           |
|    ep_rew_mean          | -4.61e+04     |
| time/                   |               |
|    fps                  | 104           |
|    iterations           | 93            |
|    time_elapsed         | 1817          |
|    total_timesteps      | 190464        |
| train/                  |               |
|    approx_kl            | 0.00028720114 |
|    clip_fraction        | 0             |
|    clip_range           | 0.2           |
|    entropy_loss         | -3.09         |
|    explained_variance   | 0             |
|    learning_rate        | 0.0003        |
|    loss                 | 2.58e+07      |
|    n_updates            | 920           |
|    policy_gradient_loss | -0.000905     |
|    value_loss           | 5.09e+07      |
-------------------------------------------
-------------------------------------------
| rollout/                |               |
|    ep_len_mean          | 100           |
|    ep_rew_mean          | -4.63e+04     |
| time/                   |               |
|    fps                  | 104           |
|    iterations           | 94            |
|    time_elapsed         | 1833          |
|    total_timesteps      | 192512        |
| train/                  |               |
|    approx_kl            | 0.00032909072 |
|    clip_fraction        | 0             |
|    clip_range           | 0.2           |
|    entropy_loss         | -3.09         |
|    explained_variance   | 1.19e-07      |
|    learning_rate        | 0.0003        |
|    loss                 | 2.31e+07      |
|    n_updates            | 930           |
|    policy_gradient_loss | -0.000748     |
|    value_loss           | 4.98e+07      |
-------------------------------------------
-------------------------------------------
| rollout/                |               |
|    ep_len_mean          | 100           |
|    ep_rew_mean          | -4.61e+04     |
| time/                   |               |
|    fps                  | 105           |
|    iterations           | 95            |
|    time_elapsed         | 1851          |
|    total_timesteps      | 194560        |
| train/                  |               |
|    approx_kl            | 0.00018327014 |
|    clip_fraction        | 0             |
|    clip_range           | 0.2           |
|    entropy_loss         | -3.09         |
|    explained_variance   | 1.19e-07      |
|    learning_rate        | 0.0003        |
|    loss                 | 2.51e+07      |
|    n_updates            | 940           |
|    policy_gradient_loss | -0.000573     |
|    value_loss           | 5.08e+07      |
-------------------------------------------
-------------------------------------------
| rollout/                |               |
|    ep_len_mean          | 100           |
|    ep_rew_mean          | -4.61e+04     |
| time/                   |               |
|    fps                  | 105           |
|    iterations           | 96            |
|    time_elapsed         | 1871          |
|    total_timesteps      | 196608        |
| train/                  |               |
|    approx_kl            | 0.00024607632 |
|    clip_fraction        | 0             |
|    clip_range           | 0.2           |
|    entropy_loss         | -3.09         |
|    explained_variance   | 1.79e-07      |
|    learning_rate        | 0.0003        |
|    loss                 | 2.46e+07      |
|    n_updates            | 950           |
|    policy_gradient_loss | -0.000569     |
|    value_loss           | 4.53e+07      |
-------------------------------------------
-------------------------------------------
| rollout/                |               |
|    ep_len_mean          | 100           |
|    ep_rew_mean          | -4.62e+04     |
| time/                   |               |
|    fps                  | 104           |
|    iterations           | 97            |
|    time_elapsed         | 1902          |
|    total_timesteps      | 198656        |
| train/                  |               |
|    approx_kl            | 0.00026194108 |
|    clip_fraction        | 0             |
|    clip_range           | 0.2           |
|    entropy_loss         | -3.1          |
|    explained_variance   | 0             |
|    learning_rate        | 0.0003        |
|    loss                 | 2.18e+07      |
|    n_updates            | 960           |
|    policy_gradient_loss | -0.00059      |
|    value_loss           | 4.68e+07      |
-------------------------------------------
Eval num_timesteps=200000, episode_reward=-131803.54 +/- 8663.72
Episode length: 100.00 +/- 0.00
-------------------------------------------
| eval/                   |               |
|    mean_ep_length       | 100           |
|    mean_reward          | -1.32e+05     |
| time/                   |               |
|    total_timesteps      | 200000        |
| train/                  |               |
|    approx_kl            | 0.00017269026 |
|    clip_fraction        | 0             |
|    clip_range           | 0.2           |
|    entropy_loss         | -3.1          |
|    explained_variance   | -1.19e-07     |
|    learning_rate        | 0.0003        |
|    loss                 | 2.49e+07      |
|    n_updates            | 970           |
|    policy_gradient_loss | -0.000651     |
|    value_loss           | 5.23e+07      |
-------------------------------------------
----------------------------------
| rollout/           |           |
|    ep_len_mean     | 100       |
|    ep_rew_mean     | -4.62e+04 |
| time/              |           |
|    fps             | 101       |
|    iterations      | 98        |
|    time_elapsed    | 1971      |
|    total_timesteps | 200704    |
----------------------------------
------------------------------------------
| rollout/                |              |
|    ep_len_mean          | 100          |
|    ep_rew_mean          | -4.59e+04    |
| time/                   |              |
|    fps                  | 101          |
|    iterations           | 99           |
|    time_elapsed         | 1995         |
|    total_timesteps      | 202752       |
| train/                  |              |
|    approx_kl            | 0.0004897893 |
|    clip_fraction        | 0            |
|    clip_range           | 0.2          |
|    entropy_loss         | -3.09        |
|    explained_variance   | 1.19e-07     |
|    learning_rate        | 0.0003       |
|    loss                 | 2.47e+07     |
|    n_updates            | 980          |
|    policy_gradient_loss | -0.00123     |
|    value_loss           | 4.82e+07     |
------------------------------------------
------------------------------------------
| rollout/                |              |
|    ep_len_mean          | 100          |
|    ep_rew_mean          | -4.62e+04    |
| time/                   |              |
|    fps                  | 101          |
|    iterations           | 100          |
|    time_elapsed         | 2017         |
|    total_timesteps      | 204800       |
| train/                  |              |
|    approx_kl            | 0.0007179777 |
|    clip_fraction        | 0            |
|    clip_range           | 0.2          |
|    entropy_loss         | -3.09        |
|    explained_variance   | -1.19e-07    |
|    learning_rate        | 0.0003       |
|    loss                 | 2.24e+07     |
|    n_updates            | 990          |
|    policy_gradient_loss | -0.002       |
|    value_loss           | 4.81e+07     |
------------------------------------------
-------------------------------------------
| rollout/                |               |
|    ep_len_mean          | 100           |
|    ep_rew_mean          | -4.64e+04     |
| time/                   |               |
|    fps                  | 101           |
|    iterations           | 101           |
|    time_elapsed         | 2036          |
|    total_timesteps      | 206848        |
| train/                  |               |
|    approx_kl            | 0.00025963903 |
|    clip_fraction        | 0             |
|    clip_range           | 0.2           |
|    entropy_loss         | -3.08         |
|    explained_variance   | 0             |
|    learning_rate        | 0.0003        |
|    loss                 | 2.54e+07      |
|    n_updates            | 1000          |
|    policy_gradient_loss | -0.000774     |
|    value_loss           | 4.79e+07      |
-------------------------------------------
-------------------------------------------
| rollout/                |               |
|    ep_len_mean          | 100           |
|    ep_rew_mean          | -4.61e+04     |
| time/                   |               |
|    fps                  | 101           |
|    iterations           | 102           |
|    time_elapsed         | 2052          |
|    total_timesteps      | 208896        |
| train/                  |               |
|    approx_kl            | 0.00011547882 |
|    clip_fraction        | 0             |
|    clip_range           | 0.2           |
|    entropy_loss         | -3.08         |
|    explained_variance   | 0             |
|    learning_rate        | 0.0003        |
|    loss                 | 2.52e+07      |
|    n_updates            | 1010          |
|    policy_gradient_loss | -0.000442     |
|    value_loss           | 4.92e+07      |
-------------------------------------------
------------------------------------------
| rollout/                |              |
|    ep_len_mean          | 100          |
|    ep_rew_mean          | -4.59e+04    |
| time/                   |              |
|    fps                  | 101          |
|    iterations           | 103          |
|    time_elapsed         | 2073         |
|    total_timesteps      | 210944       |
| train/                  |              |
|    approx_kl            | 8.848941e-05 |
|    clip_fraction        | 0            |
|    clip_range           | 0.2          |
|    entropy_loss         | -3.07        |
|    explained_variance   | 0            |
|    learning_rate        | 0.0003       |
|    loss                 | 2.22e+07     |
|    n_updates            | 1020         |
|    policy_gradient_loss | -0.000318    |
|    value_loss           | 4.67e+07     |
------------------------------------------
-------------------------------------------
| rollout/                |               |
|    ep_len_mean          | 100           |
|    ep_rew_mean          | -4.6e+04      |
| time/                   |               |
|    fps                  | 101           |
|    iterations           | 104           |
|    time_elapsed         | 2091          |
|    total_timesteps      | 212992        |
| train/                  |               |
|    approx_kl            | 0.00054288015 |
|    clip_fraction        | 0             |
|    clip_range           | 0.2           |
|    entropy_loss         | -3.07         |
|    explained_variance   | 0             |
|    learning_rate        | 0.0003        |
|    loss                 | 2.41e+07      |
|    n_updates            | 1030          |
|    policy_gradient_loss | -0.00125      |
|    value_loss           | 4.72e+07      |
-------------------------------------------
-------------------------------------------
| rollout/                |               |
|    ep_len_mean          | 100           |
|    ep_rew_mean          | -4.59e+04     |
| time/                   |               |
|    fps                  | 101           |
|    iterations           | 105           |
|    time_elapsed         | 2109          |
|    total_timesteps      | 215040        |
| train/                  |               |
|    approx_kl            | 0.00036656344 |
|    clip_fraction        | 0             |
|    clip_range           | 0.2           |
|    entropy_loss         | -3.07         |
|    explained_variance   | 0             |
|    learning_rate        | 0.0003        |
|    loss                 | 2.67e+07      |
|    n_updates            | 1040          |
|    policy_gradient_loss | -0.000962     |
|    value_loss           | 5.12e+07      |
-------------------------------------------
------------------------------------------
| rollout/                |              |
|    ep_len_mean          | 100          |
|    ep_rew_mean          | -4.54e+04    |
| time/                   |              |
|    fps                  | 101          |
|    iterations           | 106          |
|    time_elapsed         | 2129         |
|    total_timesteps      | 217088       |
| train/                  |              |
|    approx_kl            | 0.0005372986 |
|    clip_fraction        | 0            |
|    clip_range           | 0.2          |
|    entropy_loss         | -3.06        |
|    explained_variance   | 0            |
|    learning_rate        | 0.0003       |
|    loss                 | 2.24e+07     |
|    n_updates            | 1050         |
|    policy_gradient_loss | -0.00114     |
|    value_loss           | 4.7e+07      |
------------------------------------------
-------------------------------------------
| rollout/                |               |
|    ep_len_mean          | 100           |
|    ep_rew_mean          | -4.57e+04     |
| time/                   |               |
|    fps                  | 101           |
|    iterations           | 107           |
|    time_elapsed         | 2149          |
|    total_timesteps      | 219136        |
| train/                  |               |
|    approx_kl            | 9.6013304e-05 |
|    clip_fraction        | 0             |
|    clip_range           | 0.2           |
|    entropy_loss         | -3.07         |
|    explained_variance   | 0             |
|    learning_rate        | 0.0003        |
|    loss                 | 2.39e+07      |
|    n_updates            | 1060          |
|    policy_gradient_loss | -0.000232     |
|    value_loss           | 4.57e+07      |
-------------------------------------------
-------------------------------------------
| rollout/                |               |
|    ep_len_mean          | 100           |
|    ep_rew_mean          | -4.54e+04     |
| time/                   |               |
|    fps                  | 102           |
|    iterations           | 108           |
|    time_elapsed         | 2167          |
|    total_timesteps      | 221184        |
| train/                  |               |
|    approx_kl            | 0.00012588291 |
|    clip_fraction        | 0             |
|    clip_range           | 0.2           |
|    entropy_loss         | -3.07         |
|    explained_variance   | -1.19e-07     |
|    learning_rate        | 0.0003        |
|    loss                 | 2.14e+07      |
|    n_updates            | 1070          |
|    policy_gradient_loss | -0.000405     |
|    value_loss           | 4.6e+07       |
-------------------------------------------
-------------------------------------------
| rollout/                |               |
|    ep_len_mean          | 100           |
|    ep_rew_mean          | -4.54e+04     |
| time/                   |               |
|    fps                  | 102           |
|    iterations           | 109           |
|    time_elapsed         | 2183          |
|    total_timesteps      | 223232        |
| train/                  |               |
|    approx_kl            | 0.00010958107 |
|    clip_fraction        | 0             |
|    clip_range           | 0.2           |
|    entropy_loss         | -3.07         |
|    explained_variance   | 1.19e-07      |
|    learning_rate        | 0.0003        |
|    loss                 | 2.16e+07      |
|    n_updates            | 1080          |
|    policy_gradient_loss | -0.00024      |
|    value_loss           | 4.64e+07      |
-------------------------------------------
-------------------------------------------
| rollout/                |               |
|    ep_len_mean          | 100           |
|    ep_rew_mean          | -4.53e+04     |
| time/                   |               |
|    fps                  | 102           |
|    iterations           | 110           |
|    time_elapsed         | 2197          |
|    total_timesteps      | 225280        |
| train/                  |               |
|    approx_kl            | 0.00031051014 |
|    clip_fraction        | 0             |
|    clip_range           | 0.2           |
|    entropy_loss         | -3.06         |
|    explained_variance   | 1.19e-07      |
|    learning_rate        | 0.0003        |
|    loss                 | 2.43e+07      |
|    n_updates            | 1090          |
|    policy_gradient_loss | -0.000862     |
|    value_loss           | 4.77e+07      |
-------------------------------------------
------------------------------------------
| rollout/                |              |
|    ep_len_mean          | 100          |
|    ep_rew_mean          | -4.56e+04    |
| time/                   |              |
|    fps                  | 102          |
|    iterations           | 111          |
|    time_elapsed         | 2218         |
|    total_timesteps      | 227328       |
| train/                  |              |
|    approx_kl            | 0.0001337732 |
|    clip_fraction        | 0            |
|    clip_range           | 0.2          |
|    entropy_loss         | -3.06        |
|    explained_variance   | 1.19e-07     |
|    learning_rate        | 0.0003       |
|    loss                 | 2.22e+07     |
|    n_updates            | 1100         |
|    policy_gradient_loss | -0.000473    |
|    value_loss           | 4.63e+07     |
------------------------------------------
-------------------------------------------
| rollout/                |               |
|    ep_len_mean          | 100           |
|    ep_rew_mean          | -4.55e+04     |
| time/                   |               |
|    fps                  | 102           |
|    iterations           | 112           |
|    time_elapsed         | 2237          |
|    total_timesteps      | 229376        |
| train/                  |               |
|    approx_kl            | 0.00012773694 |
|    clip_fraction        | 0             |
|    clip_range           | 0.2           |
|    entropy_loss         | -3.06         |
|    explained_variance   | 0             |
|    learning_rate        | 0.0003        |
|    loss                 | 2.23e+07      |
|    n_updates            | 1110          |
|    policy_gradient_loss | -0.000253     |
|    value_loss           | 4.69e+07      |
-------------------------------------------
-------------------------------------------
| rollout/                |               |
|    ep_len_mean          | 100           |
|    ep_rew_mean          | -4.55e+04     |
| time/                   |               |
|    fps                  | 102           |
|    iterations           | 113           |
|    time_elapsed         | 2258          |
|    total_timesteps      | 231424        |
| train/                  |               |
|    approx_kl            | 0.00034126826 |
|    clip_fraction        | 0             |
|    clip_range           | 0.2           |
|    entropy_loss         | -3.06         |
|    explained_variance   | 0             |
|    learning_rate        | 0.0003        |
|    loss                 | 2.51e+07      |
|    n_updates            | 1120          |
|    policy_gradient_loss | -0.000852     |
|    value_loss           | 4.66e+07      |
-------------------------------------------
----------------------------------------
| rollout/                |            |
|    ep_len_mean          | 100        |
|    ep_rew_mean          | -4.49e+04  |
| time/                   |            |
|    fps                  | 102        |
|    iterations           | 114        |
|    time_elapsed         | 2278       |
|    total_timesteps      | 233472     |
| train/                  |            |
|    approx_kl            | 8.0586e-05 |
|    clip_fraction        | 0          |
|    clip_range           | 0.2        |
|    entropy_loss         | -3.07      |
|    explained_variance   | -1.19e-07  |
|    learning_rate        | 0.0003     |
|    loss                 | 2.31e+07   |
|    n_updates            | 1130       |
|    policy_gradient_loss | -0.000125  |
|    value_loss           | 4.61e+07   |
----------------------------------------
-------------------------------------------
| rollout/                |               |
|    ep_len_mean          | 100           |
|    ep_rew_mean          | -4.48e+04     |
| time/                   |               |
|    fps                  | 102           |
|    iterations           | 115           |
|    time_elapsed         | 2299          |
|    total_timesteps      | 235520        |
| train/                  |               |
|    approx_kl            | 0.00024686448 |
|    clip_fraction        | 0             |
|    clip_range           | 0.2           |
|    entropy_loss         | -3.07         |
|    explained_variance   | -2.38e-07     |
|    learning_rate        | 0.0003        |
|    loss                 | 2.22e+07      |
|    n_updates            | 1140          |
|    policy_gradient_loss | -0.0006       |
|    value_loss           | 4.18e+07      |
-------------------------------------------
-------------------------------------------
| rollout/                |               |
|    ep_len_mean          | 100           |
|    ep_rew_mean          | -4.49e+04     |
| time/                   |               |
|    fps                  | 102           |
|    iterations           | 116           |
|    time_elapsed         | 2319          |
|    total_timesteps      | 237568        |
| train/                  |               |
|    approx_kl            | 0.00024044552 |
|    clip_fraction        | 0             |
|    clip_range           | 0.2           |
|    entropy_loss         | -3.07         |
|    explained_variance   | 1.19e-07      |
|    learning_rate        | 0.0003        |
|    loss                 | 2.32e+07      |
|    n_updates            | 1150          |
|    policy_gradient_loss | -0.000664     |
|    value_loss           | 4.66e+07      |
-------------------------------------------
-----------------------------------------
| rollout/                |             |
|    ep_len_mean          | 100         |
|    ep_rew_mean          | -4.5e+04    |
| time/                   |             |
|    fps                  | 102         |
|    iterations           | 117         |
|    time_elapsed         | 2332        |
|    total_timesteps      | 239616      |
| train/                  |             |
|    approx_kl            | 0.000465232 |
|    clip_fraction        | 0           |
|    clip_range           | 0.2         |
|    entropy_loss         | -3.06       |
|    explained_variance   | 1.19e-07    |
|    learning_rate        | 0.0003      |
|    loss                 | 2.43e+07    |
|    n_updates            | 1160        |
|    policy_gradient_loss | -0.00108    |
|    value_loss           | 4.79e+07    |
-----------------------------------------
-------------------------------------------
| rollout/                |               |
|    ep_len_mean          | 100           |
|    ep_rew_mean          | -4.54e+04     |
| time/                   |               |
|    fps                  | 103           |
|    iterations           | 118           |
|    time_elapsed         | 2346          |
|    total_timesteps      | 241664        |
| train/                  |               |
|    approx_kl            | 0.00015139082 |
|    clip_fraction        | 0             |
|    clip_range           | 0.2           |
|    entropy_loss         | -3.06         |
|    explained_variance   | 1.19e-07      |
|    learning_rate        | 0.0003        |
|    loss                 | 2.18e+07      |
|    n_updates            | 1170          |
|    policy_gradient_loss | -0.000248     |
|    value_loss           | 4.56e+07      |
-------------------------------------------
-------------------------------------------
| rollout/                |               |
|    ep_len_mean          | 100           |
|    ep_rew_mean          | -4.6e+04      |
| time/                   |               |
|    fps                  | 103           |
|    iterations           | 119           |
|    time_elapsed         | 2364          |
|    total_timesteps      | 243712        |
| train/                  |               |
|    approx_kl            | 0.00010595372 |
|    clip_fraction        | 0             |
|    clip_range           | 0.2           |
|    entropy_loss         | -3.06         |
|    explained_variance   | 0             |
|    learning_rate        | 0.0003        |
|    loss                 | 2.57e+07      |
|    n_updates            | 1180          |
|    policy_gradient_loss | -0.000291     |
|    value_loss           | 4.95e+07      |
-------------------------------------------
------------------------------------------
| rollout/                |              |
|    ep_len_mean          | 100          |
|    ep_rew_mean          | -4.6e+04     |
| time/                   |              |
|    fps                  | 103          |
|    iterations           | 120          |
|    time_elapsed         | 2376         |
|    total_timesteps      | 245760       |
| train/                  |              |
|    approx_kl            | 0.0003621334 |
|    clip_fraction        | 0            |
|    clip_range           | 0.2          |
|    entropy_loss         | -3.06        |
|    explained_variance   | -1.19e-07    |
|    learning_rate        | 0.0003       |
|    loss                 | 2.26e+07     |
|    n_updates            | 1190         |
|    policy_gradient_loss | -0.00106     |
|    value_loss           | 4.69e+07     |
------------------------------------------
-------------------------------------------
| rollout/                |               |
|    ep_len_mean          | 100           |
|    ep_rew_mean          | -4.6e+04      |
| time/                   |               |
|    fps                  | 103           |
|    iterations           | 121           |
|    time_elapsed         | 2398          |
|    total_timesteps      | 247808        |
| train/                  |               |
|    approx_kl            | 0.00028082804 |
|    clip_fraction        | 0             |
|    clip_range           | 0.2           |
|    entropy_loss         | -3.06         |
|    explained_variance   | 0             |
|    learning_rate        | 0.0003        |
|    loss                 | 2.55e+07      |
|    n_updates            | 1200          |
|    policy_gradient_loss | -0.000565     |
|    value_loss           | 4.77e+07      |
-------------------------------------------
-------------------------------------------
| rollout/                |               |
|    ep_len_mean          | 100           |
|    ep_rew_mean          | -4.58e+04     |
| time/                   |               |
|    fps                  | 103           |
|    iterations           | 122           |
|    time_elapsed         | 2418          |
|    total_timesteps      | 249856        |
| train/                  |               |
|    approx_kl            | 0.00019931086 |
|    clip_fraction        | 0             |
|    clip_range           | 0.2           |
|    entropy_loss         | -3.06         |
|    explained_variance   | -2.38e-07     |
|    learning_rate        | 0.0003        |
|    loss                 | 2.5e+07       |
|    n_updates            | 1210          |
|    policy_gradient_loss | -0.000378     |
|    value_loss           | 4.47e+07      |
-------------------------------------------
Eval num_timesteps=250000, episode_reward=-130767.12 +/- 10451.44
Episode length: 100.00 +/- 0.00
-------------------------------------------
| eval/                   |               |
|    mean_ep_length       | 100           |
|    mean_reward          | -1.31e+05     |
| time/                   |               |
|    total_timesteps      | 250000        |
| train/                  |               |
|    approx_kl            | 0.00025355179 |
|    clip_fraction        | 0             |
|    clip_range           | 0.2           |
|    entropy_loss         | -3.07         |
|    explained_variance   | 1.19e-07      |
|    learning_rate        | 0.0003        |
|    loss                 | 2.16e+07      |
|    n_updates            | 1220          |
|    policy_gradient_loss | -0.000466     |
|    value_loss           | 4.69e+07      |
-------------------------------------------
New best mean reward!
----------------------------------
| rollout/           |           |
|    ep_len_mean     | 100       |
|    ep_rew_mean     | -4.56e+04 |
| time/              |           |
|    fps             | 101       |
|    iterations      | 123       |
|    time_elapsed    | 2476      |
|    total_timesteps | 251904    |
----------------------------------
-------------------------------------------
| rollout/                |               |
|    ep_len_mean          | 100           |
|    ep_rew_mean          | -4.57e+04     |
| time/                   |               |
|    fps                  | 101           |
|    iterations           | 124           |
|    time_elapsed         | 2490          |
|    total_timesteps      | 253952        |
| train/                  |               |
|    approx_kl            | 0.00029637085 |
|    clip_fraction        | 0             |
|    clip_range           | 0.2           |
|    entropy_loss         | -3.07         |
|    explained_variance   | 1.19e-07      |
|    learning_rate        | 0.0003        |
|    loss                 | 2.45e+07      |
|    n_updates            | 1230          |
|    policy_gradient_loss | -0.000764     |
|    value_loss           | 4.79e+07      |
-------------------------------------------
-------------------------------------------
| rollout/                |               |
|    ep_len_mean          | 100           |
|    ep_rew_mean          | -4.56e+04     |
| time/                   |               |
|    fps                  | 101           |
|    iterations           | 125           |
|    time_elapsed         | 2511          |
|    total_timesteps      | 256000        |
| train/                  |               |
|    approx_kl            | 0.00021452742 |
|    clip_fraction        | 0             |
|    clip_range           | 0.2           |
|    entropy_loss         | -3.07         |
|    explained_variance   | 1.79e-07      |
|    learning_rate        | 0.0003        |
|    loss                 | 2.27e+07      |
|    n_updates            | 1240          |
|    policy_gradient_loss | -0.000537     |
|    value_loss           | 4.74e+07      |
-------------------------------------------
-------------------------------------------
| rollout/                |               |
|    ep_len_mean          | 100           |
|    ep_rew_mean          | -4.57e+04     |
| time/                   |               |
|    fps                  | 102           |
|    iterations           | 126           |
|    time_elapsed         | 2525          |
|    total_timesteps      | 258048        |
| train/                  |               |
|    approx_kl            | 0.00045066973 |
|    clip_fraction        | 0             |
|    clip_range           | 0.2           |
|    entropy_loss         | -3.07         |
|    explained_variance   | 0             |
|    learning_rate        | 0.0003        |
|    loss                 | 2.24e+07      |
|    n_updates            | 1250          |
|    policy_gradient_loss | -0.00108      |
|    value_loss           | 4.5e+07       |
-------------------------------------------
-------------------------------------------
| rollout/                |               |
|    ep_len_mean          | 100           |
|    ep_rew_mean          | -4.53e+04     |
| time/                   |               |
|    fps                  | 102           |
|    iterations           | 127           |
|    time_elapsed         | 2545          |
|    total_timesteps      | 260096        |
| train/                  |               |
|    approx_kl            | 0.00018130566 |
|    clip_fraction        | 0             |
|    clip_range           | 0.2           |
|    entropy_loss         | -3.06         |
|    explained_variance   | 0             |
|    learning_rate        | 0.0003        |
|    loss                 | 2.66e+07      |
|    n_updates            | 1260          |
|    policy_gradient_loss | -0.000637     |
|    value_loss           | 4.67e+07      |
-------------------------------------------
--------------------------------------------
| rollout/                |                |
|    ep_len_mean          | 100            |
|    ep_rew_mean          | -4.52e+04      |
| time/                   |                |
|    fps                  | 102            |
|    iterations           | 128            |
|    time_elapsed         | 2566           |
|    total_timesteps      | 262144         |
| train/                  |                |
|    approx_kl            | 0.000113588845 |
|    clip_fraction        | 0              |
|    clip_range           | 0.2            |
|    entropy_loss         | -3.06          |
|    explained_variance   | -1.19e-07      |
|    learning_rate        | 0.0003         |
|    loss                 | 2.32e+07       |
|    n_updates            | 1270           |
|    policy_gradient_loss | -0.000228      |
|    value_loss           | 4.35e+07       |
--------------------------------------------
-------------------------------------------
| rollout/                |               |
|    ep_len_mean          | 100           |
|    ep_rew_mean          | -4.53e+04     |
| time/                   |               |
|    fps                  | 102           |
|    iterations           | 129           |
|    time_elapsed         | 2579          |
|    total_timesteps      | 264192        |
| train/                  |               |
|    approx_kl            | 0.00034075143 |
|    clip_fraction        | 0             |
|    clip_range           | 0.2           |
|    entropy_loss         | -3.06         |
|    explained_variance   | -1.19e-07     |
|    learning_rate        | 0.0003        |
|    loss                 | 2.47e+07      |
|    n_updates            | 1280          |
|    policy_gradient_loss | -0.000841     |
|    value_loss           | 4.71e+07      |
-------------------------------------------
-------------------------------------------
| rollout/                |               |
|    ep_len_mean          | 100           |
|    ep_rew_mean          | -4.57e+04     |
| time/                   |               |
|    fps                  | 102           |
|    iterations           | 130           |
|    time_elapsed         | 2600          |
|    total_timesteps      | 266240        |
| train/                  |               |
|    approx_kl            | 0.00025919348 |
|    clip_fraction        | 0             |
|    clip_range           | 0.2           |
|    entropy_loss         | -3.06         |
|    explained_variance   | 1.19e-07      |
|    learning_rate        | 0.0003        |
|    loss                 | 2.48e+07      |
|    n_updates            | 1290          |
|    policy_gradient_loss | -0.000586     |
|    value_loss           | 4.91e+07      |
-------------------------------------------
-----------------------------------------
| rollout/                |             |
|    ep_len_mean          | 100         |
|    ep_rew_mean          | -4.55e+04   |
| time/                   |             |
|    fps                  | 102         |
|    iterations           | 131         |
|    time_elapsed         | 2618        |
|    total_timesteps      | 268288      |
| train/                  |             |
|    approx_kl            | 6.45761e-05 |
|    clip_fraction        | 0           |
|    clip_range           | 0.2         |
|    entropy_loss         | -3.07       |
|    explained_variance   | 1.19e-07    |
|    learning_rate        | 0.0003      |
|    loss                 | 1.96e+07    |
|    n_updates            | 1300        |
|    policy_gradient_loss | -0.000137   |
|    value_loss           | 4.77e+07    |
-----------------------------------------
------------------------------------------
| rollout/                |              |
|    ep_len_mean          | 100          |
|    ep_rew_mean          | -4.57e+04    |
| time/                   |              |
|    fps                  | 102          |
|    iterations           | 132          |
|    time_elapsed         | 2634         |
|    total_timesteps      | 270336       |
| train/                  |              |
|    approx_kl            | 0.0009156114 |
|    clip_fraction        | 0            |
|    clip_range           | 0.2          |
|    entropy_loss         | -3.07        |
|    explained_variance   | 1.19e-07     |
|    learning_rate        | 0.0003       |
|    loss                 | 2.14e+07     |
|    n_updates            | 1310         |
|    policy_gradient_loss | -0.00165     |
|    value_loss           | 4.44e+07     |
------------------------------------------
------------------------------------------
| rollout/                |              |
|    ep_len_mean          | 100          |
|    ep_rew_mean          | -4.57e+04    |
| time/                   |              |
|    fps                  | 102          |
|    iterations           | 133          |
|    time_elapsed         | 2654         |
|    total_timesteps      | 272384       |
| train/                  |              |
|    approx_kl            | 0.0004675475 |
|    clip_fraction        | 0            |
|    clip_range           | 0.2          |
|    entropy_loss         | -3.08        |
|    explained_variance   | 0            |
|    learning_rate        | 0.0003       |
|    loss                 | 2.45e+07     |
|    n_updates            | 1320         |
|    policy_gradient_loss | -0.000822    |
|    value_loss           | 4.52e+07     |
------------------------------------------
------------------------------------------
| rollout/                |              |
|    ep_len_mean          | 100          |
|    ep_rew_mean          | -4.54e+04    |
| time/                   |              |
|    fps                  | 102          |
|    iterations           | 134          |
|    time_elapsed         | 2667         |
|    total_timesteps      | 274432       |
| train/                  |              |
|    approx_kl            | 0.0002104344 |
|    clip_fraction        | 0            |
|    clip_range           | 0.2          |
|    entropy_loss         | -3.08        |
|    explained_variance   | 0            |
|    learning_rate        | 0.0003       |
|    loss                 | 2.12e+07     |
|    n_updates            | 1330         |
|    policy_gradient_loss | -0.000617    |
|    value_loss           | 4.56e+07     |
------------------------------------------
-------------------------------------------
| rollout/                |               |
|    ep_len_mean          | 100           |
|    ep_rew_mean          | -4.57e+04     |
| time/                   |               |
|    fps                  | 102           |
|    iterations           | 135           |
|    time_elapsed         | 2685          |
|    total_timesteps      | 276480        |
| train/                  |               |
|    approx_kl            | 0.00036466095 |
|    clip_fraction        | 0             |
|    clip_range           | 0.2           |
|    entropy_loss         | -3.08         |
|    explained_variance   | -1.19e-07     |
|    learning_rate        | 0.0003        |
|    loss                 | 2.32e+07      |
|    n_updates            | 1340          |
|    policy_gradient_loss | -0.000948     |
|    value_loss           | 4.63e+07      |
-------------------------------------------
-------------------------------------------
| rollout/                |               |
|    ep_len_mean          | 100           |
|    ep_rew_mean          | -4.64e+04     |
| time/                   |               |
|    fps                  | 103           |
|    iterations           | 136           |
|    time_elapsed         | 2700          |
|    total_timesteps      | 278528        |
| train/                  |               |
|    approx_kl            | 0.00040807502 |
|    clip_fraction        | 0             |
|    clip_range           | 0.2           |
|    entropy_loss         | -3.08         |
|    explained_variance   | -1.19e-07     |
|    learning_rate        | 0.0003        |
|    loss                 | 2.59e+07      |
|    n_updates            | 1350          |
|    policy_gradient_loss | -0.00107      |
|    value_loss           | 5.04e+07      |
-------------------------------------------
-------------------------------------------
| rollout/                |               |
|    ep_len_mean          | 100           |
|    ep_rew_mean          | -4.63e+04     |
| time/                   |               |
|    fps                  | 103           |
|    iterations           | 137           |
|    time_elapsed         | 2719          |
|    total_timesteps      | 280576        |
| train/                  |               |
|    approx_kl            | 0.00015891108 |
|    clip_fraction        | 0             |
|    clip_range           | 0.2           |
|    entropy_loss         | -3.07         |
|    explained_variance   | 1.19e-07      |
|    learning_rate        | 0.0003        |
|    loss                 | 2.33e+07      |
|    n_updates            | 1360          |
|    policy_gradient_loss | -0.000492     |
|    value_loss           | 5e+07         |
-------------------------------------------
-----------------------------------------
| rollout/                |             |
|    ep_len_mean          | 100         |
|    ep_rew_mean          | -4.66e+04   |
| time/                   |             |
|    fps                  | 103         |
|    iterations           | 138         |
|    time_elapsed         | 2736        |
|    total_timesteps      | 282624      |
| train/                  |             |
|    approx_kl            | 0.000154937 |
|    clip_fraction        | 0           |
|    clip_range           | 0.2         |
|    entropy_loss         | -3.07       |
|    explained_variance   | 1.19e-07    |
|    learning_rate        | 0.0003      |
|    loss                 | 2.32e+07    |
|    n_updates            | 1370        |
|    policy_gradient_loss | -0.000401   |
|    value_loss           | 4.53e+07    |
-----------------------------------------
-----------------------------------------
| rollout/                |             |
|    ep_len_mean          | 100         |
|    ep_rew_mean          | -4.68e+04   |
| time/                   |             |
|    fps                  | 103         |
|    iterations           | 139         |
|    time_elapsed         | 2755        |
|    total_timesteps      | 284672      |
| train/                  |             |
|    approx_kl            | 0.000296133 |
|    clip_fraction        | 0           |
|    clip_range           | 0.2         |
|    entropy_loss         | -3.07       |
|    explained_variance   | 5.96e-08    |
|    learning_rate        | 0.0003      |
|    loss                 | 2.18e+07    |
|    n_updates            | 1380        |
|    policy_gradient_loss | -0.000874   |
|    value_loss           | 4.97e+07    |
-----------------------------------------
------------------------------------------
| rollout/                |              |
|    ep_len_mean          | 100          |
|    ep_rew_mean          | -4.62e+04    |
| time/                   |              |
|    fps                  | 103          |
|    iterations           | 140          |
|    time_elapsed         | 2777         |
|    total_timesteps      | 286720       |
| train/                  |              |
|    approx_kl            | 0.0001591708 |
|    clip_fraction        | 0            |
|    clip_range           | 0.2          |
|    entropy_loss         | -3.07        |
|    explained_variance   | 0            |
|    learning_rate        | 0.0003       |
|    loss                 | 2.31e+07     |
|    n_updates            | 1390         |
|    policy_gradient_loss | -0.000546    |
|    value_loss           | 4.76e+07     |
------------------------------------------
-------------------------------------------
| rollout/                |               |
|    ep_len_mean          | 100           |
|    ep_rew_mean          | -4.57e+04     |
| time/                   |               |
|    fps                  | 103           |
|    iterations           | 141           |
|    time_elapsed         | 2796          |
|    total_timesteps      | 288768        |
| train/                  |               |
|    approx_kl            | 0.00033558227 |
|    clip_fraction        | 0             |
|    clip_range           | 0.2           |
|    entropy_loss         | -3.07         |
|    explained_variance   | 0             |
|    learning_rate        | 0.0003        |
|    loss                 | 2.48e+07      |
|    n_updates            | 1400          |
|    policy_gradient_loss | -0.000869     |
|    value_loss           | 4.66e+07      |
-------------------------------------------
-------------------------------------------
| rollout/                |               |
|    ep_len_mean          | 100           |
|    ep_rew_mean          | -4.6e+04      |
| time/                   |               |
|    fps                  | 103           |
|    iterations           | 142           |
|    time_elapsed         | 2819          |
|    total_timesteps      | 290816        |
| train/                  |               |
|    approx_kl            | 0.00028070243 |
|    clip_fraction        | 0             |
|    clip_range           | 0.2           |
|    entropy_loss         | -3.07         |
|    explained_variance   | 0             |
|    learning_rate        | 0.0003        |
|    loss                 | 2.26e+07      |
|    n_updates            | 1410          |
|    policy_gradient_loss | -0.000648     |
|    value_loss           | 4.68e+07      |
-------------------------------------------
------------------------------------------
| rollout/                |              |
|    ep_len_mean          | 100          |
|    ep_rew_mean          | -4.56e+04    |
| time/                   |              |
|    fps                  | 103          |
|    iterations           | 143          |
|    time_elapsed         | 2838         |
|    total_timesteps      | 292864       |
| train/                  |              |
|    approx_kl            | 0.0004746874 |
|    clip_fraction        | 0            |
|    clip_range           | 0.2          |
|    entropy_loss         | -3.08        |
|    explained_variance   | -1.19e-07    |
|    learning_rate        | 0.0003       |
|    loss                 | 2.44e+07     |
|    n_updates            | 1420         |
|    policy_gradient_loss | -0.000777    |
|    value_loss           | 4.66e+07     |
------------------------------------------
------------------------------------------
| rollout/                |              |
|    ep_len_mean          | 100          |
|    ep_rew_mean          | -4.57e+04    |
| time/                   |              |
|    fps                  | 103          |
|    iterations           | 144          |
|    time_elapsed         | 2856         |
|    total_timesteps      | 294912       |
| train/                  |              |
|    approx_kl            | 8.221014e-05 |
|    clip_fraction        | 0            |
|    clip_range           | 0.2          |
|    entropy_loss         | -3.08        |
|    explained_variance   | 0            |
|    learning_rate        | 0.0003       |
|    loss                 | 2.33e+07     |
|    n_updates            | 1430         |
|    policy_gradient_loss | -0.000256    |
|    value_loss           | 4.49e+07     |
------------------------------------------
-------------------------------------------
| rollout/                |               |
|    ep_len_mean          | 100           |
|    ep_rew_mean          | -4.57e+04     |
| time/                   |               |
|    fps                  | 103           |
|    iterations           | 145           |
|    time_elapsed         | 2871          |
|    total_timesteps      | 296960        |
| train/                  |               |
|    approx_kl            | 4.6183617e-05 |
|    clip_fraction        | 0             |
|    clip_range           | 0.2           |
|    entropy_loss         | -3.08         |
|    explained_variance   | 0             |
|    learning_rate        | 0.0003        |
|    loss                 | 2.46e+07      |
|    n_updates            | 1440          |
|    policy_gradient_loss | -0.000179     |
|    value_loss           | 4.91e+07      |
-------------------------------------------
------------------------------------------
| rollout/                |              |
|    ep_len_mean          | 100          |
|    ep_rew_mean          | -4.56e+04    |
| time/                   |              |
|    fps                  | 103          |
|    iterations           | 146          |
|    time_elapsed         | 2890         |
|    total_timesteps      | 299008       |
| train/                  |              |
|    approx_kl            | 7.900476e-05 |
|    clip_fraction        | 0            |
|    clip_range           | 0.2          |
|    entropy_loss         | -3.07        |
|    explained_variance   | 0            |
|    learning_rate        | 0.0003       |
|    loss                 | 2.06e+07     |
|    n_updates            | 1450         |
|    policy_gradient_loss | -0.000188    |
|    value_loss           | 4.71e+07     |
------------------------------------------
Eval num_timesteps=300000, episode_reward=-60707.21 +/- 4566.32
Episode length: 100.00 +/- 0.00
------------------------------------------
| eval/                   |              |
|    mean_ep_length       | 100          |
|    mean_reward          | -6.07e+04    |
| time/                   |              |
|    total_timesteps      | 300000       |
| train/                  |              |
|    approx_kl            | 0.0002628196 |
|    clip_fraction        | 0            |
|    clip_range           | 0.2          |
|    entropy_loss         | -3.07        |
|    explained_variance   | 0            |
|    learning_rate        | 0.0003       |
|    loss                 | 2.17e+07     |
|    n_updates            | 1460         |
|    policy_gradient_loss | -0.000702    |
|    value_loss           | 4.67e+07     |
------------------------------------------
New best mean reward!
----------------------------------
| rollout/           |           |
|    ep_len_mean     | 100       |
|    ep_rew_mean     | -4.59e+04 |
| time/              |           |
|    fps             | 102       |
|    iterations      | 147       |
|    time_elapsed    | 2941      |
|    total_timesteps | 301056    |
----------------------------------
-------------------------------------------
| rollout/                |               |
|    ep_len_mean          | 100           |
|    ep_rew_mean          | -4.63e+04     |
| time/                   |               |
|    fps                  | 102           |
|    iterations           | 148           |
|    time_elapsed         | 2953          |
|    total_timesteps      | 303104        |
| train/                  |               |
|    approx_kl            | 0.00019579788 |
|    clip_fraction        | 0             |
|    clip_range           | 0.2           |
|    entropy_loss         | -3.07         |
|    explained_variance   | 0             |
|    learning_rate        | 0.0003        |
|    loss                 | 2.44e+07      |
|    n_updates            | 1470          |
|    policy_gradient_loss | -0.000533     |
|    value_loss           | 4.82e+07      |
-------------------------------------------
------------------------------------------
| rollout/                |              |
|    ep_len_mean          | 100          |
|    ep_rew_mean          | -4.6e+04     |
| time/                   |              |
|    fps                  | 102          |
|    iterations           | 149          |
|    time_elapsed         | 2966         |
|    total_timesteps      | 305152       |
| train/                  |              |
|    approx_kl            | 0.0003651641 |
|    clip_fraction        | 0            |
|    clip_range           | 0.2          |
|    entropy_loss         | -3.07        |
|    explained_variance   | -1.19e-07    |
|    learning_rate        | 0.0003       |
|    loss                 | 2.53e+07     |
|    n_updates            | 1480         |
|    policy_gradient_loss | -0.000816    |
|    value_loss           | 4.75e+07     |
------------------------------------------
------------------------------------------
| rollout/                |              |
|    ep_len_mean          | 100          |
|    ep_rew_mean          | -4.59e+04    |
| time/                   |              |
|    fps                  | 102          |
|    iterations           | 150          |
|    time_elapsed         | 2987         |
|    total_timesteps      | 307200       |
| train/                  |              |
|    approx_kl            | 0.0002564825 |
|    clip_fraction        | 0            |
|    clip_range           | 0.2          |
|    entropy_loss         | -3.07        |
|    explained_variance   | -1.19e-07    |
|    learning_rate        | 0.0003       |
|    loss                 | 2.41e+07     |
|    n_updates            | 1490         |
|    policy_gradient_loss | -0.000716    |
|    value_loss           | 4.67e+07     |
------------------------------------------
------------------------------------------
| rollout/                |              |
|    ep_len_mean          | 100          |
|    ep_rew_mean          | -4.55e+04    |
| time/                   |              |
|    fps                  | 102          |
|    iterations           | 151          |
|    time_elapsed         | 3007         |
|    total_timesteps      | 309248       |
| train/                  |              |
|    approx_kl            | 0.0003117002 |
|    clip_fraction        | 0            |
|    clip_range           | 0.2          |
|    entropy_loss         | -3.07        |
|    explained_variance   | 1.19e-07     |
|    learning_rate        | 0.0003       |
|    loss                 | 2.12e+07     |
|    n_updates            | 1500         |
|    policy_gradient_loss | -0.000744    |
|    value_loss           | 4.21e+07     |
------------------------------------------
------------------------------------------
| rollout/                |              |
|    ep_len_mean          | 100          |
|    ep_rew_mean          | -4.51e+04    |
| time/                   |              |
|    fps                  | 102          |
|    iterations           | 152          |
|    time_elapsed         | 3023         |
|    total_timesteps      | 311296       |
| train/                  |              |
|    approx_kl            | 0.0002763903 |
|    clip_fraction        | 0            |
|    clip_range           | 0.2          |
|    entropy_loss         | -3.07        |
|    explained_variance   | 1.19e-07     |
|    learning_rate        | 0.0003       |
|    loss                 | 2.29e+07     |
|    n_updates            | 1510         |
|    policy_gradient_loss | -0.000628    |
|    value_loss           | 4.34e+07     |
------------------------------------------
-------------------------------------------
| rollout/                |               |
|    ep_len_mean          | 100           |
|    ep_rew_mean          | -4.51e+04     |
| time/                   |               |
|    fps                  | 102           |
|    iterations           | 153           |
|    time_elapsed         | 3043          |
|    total_timesteps      | 313344        |
| train/                  |               |
|    approx_kl            | 0.00019101342 |
|    clip_fraction        | 0             |
|    clip_range           | 0.2           |
|    entropy_loss         | -3.07         |
|    explained_variance   | 0             |
|    learning_rate        | 0.0003        |
|    loss                 | 2.15e+07      |
|    n_updates            | 1520          |
|    policy_gradient_loss | -0.00055      |
|    value_loss           | 4.63e+07      |
-------------------------------------------
-----------------------------------------
| rollout/                |             |
|    ep_len_mean          | 100         |
|    ep_rew_mean          | -4.52e+04   |
| time/                   |             |
|    fps                  | 102         |
|    iterations           | 154         |
|    time_elapsed         | 3063        |
|    total_timesteps      | 315392      |
| train/                  |             |
|    approx_kl            | 0.000410696 |
|    clip_fraction        | 0           |
|    clip_range           | 0.2         |
|    entropy_loss         | -3.07       |
|    explained_variance   | 0           |
|    learning_rate        | 0.0003      |
|    loss                 | 2.45e+07    |
|    n_updates            | 1530        |
|    policy_gradient_loss | -0.00114    |
|    value_loss           | 4.73e+07    |
-----------------------------------------
-------------------------------------------
| rollout/                |               |
|    ep_len_mean          | 100           |
|    ep_rew_mean          | -4.52e+04     |
| time/                   |               |
|    fps                  | 102           |
|    iterations           | 155           |
|    time_elapsed         | 3083          |
|    total_timesteps      | 317440        |
| train/                  |               |
|    approx_kl            | 0.00031823647 |
|    clip_fraction        | 0             |
|    clip_range           | 0.2           |
|    entropy_loss         | -3.06         |
|    explained_variance   | 0             |
|    learning_rate        | 0.0003        |
|    loss                 | 2.27e+07      |
|    n_updates            | 1540          |
|    policy_gradient_loss | -0.000824     |
|    value_loss           | 4.91e+07      |
-------------------------------------------
------------------------------------------
| rollout/                |              |
|    ep_len_mean          | 100          |
|    ep_rew_mean          | -4.59e+04    |
| time/                   |              |
|    fps                  | 103          |
|    iterations           | 156          |
|    time_elapsed         | 3098         |
|    total_timesteps      | 319488       |
| train/                  |              |
|    approx_kl            | 0.0004393449 |
|    clip_fraction        | 0            |
|    clip_range           | 0.2          |
|    entropy_loss         | -3.06        |
|    explained_variance   | 0            |
|    learning_rate        | 0.0003       |
|    loss                 | 1.89e+07     |
|    n_updates            | 1550         |
|    policy_gradient_loss | -0.00123     |
|    value_loss           | 4.19e+07     |
------------------------------------------
-------------------------------------------
| rollout/                |               |
|    ep_len_mean          | 100           |
|    ep_rew_mean          | -4.58e+04     |
| time/                   |               |
|    fps                  | 103           |
|    iterations           | 157           |
|    time_elapsed         | 3116          |
|    total_timesteps      | 321536        |
| train/                  |               |
|    approx_kl            | 0.00033817883 |
|    clip_fraction        | 0             |
|    clip_range           | 0.2           |
|    entropy_loss         | -3.06         |
|    explained_variance   | -1.19e-07     |
|    learning_rate        | 0.0003        |
|    loss                 | 2.75e+07      |
|    n_updates            | 1560          |
|    policy_gradient_loss | -0.000605     |
|    value_loss           | 5.1e+07       |
-------------------------------------------
-------------------------------------------
| rollout/                |               |
|    ep_len_mean          | 100           |
|    ep_rew_mean          | -4.56e+04     |
| time/                   |               |
|    fps                  | 103           |
|    iterations           | 158           |
|    time_elapsed         | 3138          |
|    total_timesteps      | 323584        |
| train/                  |               |
|    approx_kl            | 0.00047323835 |
|    clip_fraction        | 0             |
|    clip_range           | 0.2           |
|    entropy_loss         | -3.07         |
|    explained_variance   | 1.79e-07      |
|    learning_rate        | 0.0003        |
|    loss                 | 2.48e+07      |
|    n_updates            | 1570          |
|    policy_gradient_loss | -0.000926     |
|    value_loss           | 4.57e+07      |
-------------------------------------------
------------------------------------------
| rollout/                |              |
|    ep_len_mean          | 100          |
|    ep_rew_mean          | -4.56e+04    |
| time/                   |              |
|    fps                  | 103          |
|    iterations           | 159          |
|    time_elapsed         | 3158         |
|    total_timesteps      | 325632       |
| train/                  |              |
|    approx_kl            | 0.0002476046 |
|    clip_fraction        | 0            |
|    clip_range           | 0.2          |
|    entropy_loss         | -3.07        |
|    explained_variance   | 1.19e-07     |
|    learning_rate        | 0.0003       |
|    loss                 | 2.13e+07     |
|    n_updates            | 1580         |
|    policy_gradient_loss | -0.000622    |
|    value_loss           | 4.36e+07     |
------------------------------------------
-------------------------------------------
| rollout/                |               |
|    ep_len_mean          | 100           |
|    ep_rew_mean          | -4.59e+04     |
| time/                   |               |
|    fps                  | 103           |
|    iterations           | 160           |
|    time_elapsed         | 3176          |
|    total_timesteps      | 327680        |
| train/                  |               |
|    approx_kl            | 0.00016998962 |
|    clip_fraction        | 0             |
|    clip_range           | 0.2           |
|    entropy_loss         | -3.07         |
|    explained_variance   | 1.79e-07      |
|    learning_rate        | 0.0003        |
|    loss                 | 2.67e+07      |
|    n_updates            | 1590          |
|    policy_gradient_loss | -0.000475     |
|    value_loss           | 4.9e+07       |
-------------------------------------------
-------------------------------------------
| rollout/                |               |
|    ep_len_mean          | 100           |
|    ep_rew_mean          | -4.56e+04     |
| time/                   |               |
|    fps                  | 103           |
|    iterations           | 161           |
|    time_elapsed         | 3198          |
|    total_timesteps      | 329728        |
| train/                  |               |
|    approx_kl            | 0.00028793293 |
|    clip_fraction        | 0             |
|    clip_range           | 0.2           |
|    entropy_loss         | -3.07         |
|    explained_variance   | 0             |
|    learning_rate        | 0.0003        |
|    loss                 | 2.33e+07      |
|    n_updates            | 1600          |
|    policy_gradient_loss | -0.000633     |
|    value_loss           | 4.7e+07       |
-------------------------------------------
-------------------------------------------
| rollout/                |               |
|    ep_len_mean          | 100           |
|    ep_rew_mean          | -4.56e+04     |
| time/                   |               |
|    fps                  | 103           |
|    iterations           | 162           |
|    time_elapsed         | 3217          |
|    total_timesteps      | 331776        |
| train/                  |               |
|    approx_kl            | 0.00015579519 |
|    clip_fraction        | 0             |
|    clip_range           | 0.2           |
|    entropy_loss         | -3.06         |
|    explained_variance   | 1.19e-07      |
|    learning_rate        | 0.0003        |
|    loss                 | 2.34e+07      |
|    n_updates            | 1610          |
|    policy_gradient_loss | -0.000611     |
|    value_loss           | 4.47e+07      |
-------------------------------------------
-------------------------------------------
| rollout/                |               |
|    ep_len_mean          | 100           |
|    ep_rew_mean          | -4.6e+04      |
| time/                   |               |
|    fps                  | 103           |
|    iterations           | 163           |
|    time_elapsed         | 3239          |
|    total_timesteps      | 333824        |
| train/                  |               |
|    approx_kl            | 0.00011972964 |
|    clip_fraction        | 0             |
|    clip_range           | 0.2           |
|    entropy_loss         | -3.06         |
|    explained_variance   | 0             |
|    learning_rate        | 0.0003        |
|    loss                 | 2.4e+07       |
|    n_updates            | 1620          |
|    policy_gradient_loss | -0.000123     |
|    value_loss           | 4.75e+07      |
-------------------------------------------
-------------------------------------------
| rollout/                |               |
|    ep_len_mean          | 100           |
|    ep_rew_mean          | -4.57e+04     |
| time/                   |               |
|    fps                  | 103           |
|    iterations           | 164           |
|    time_elapsed         | 3253          |
|    total_timesteps      | 335872        |
| train/                  |               |
|    approx_kl            | 0.00038891364 |
|    clip_fraction        | 0             |
|    clip_range           | 0.2           |
|    entropy_loss         | -3.06         |
|    explained_variance   | 0             |
|    learning_rate        | 0.0003        |
|    loss                 | 2.07e+07      |
|    n_updates            | 1630          |
|    policy_gradient_loss | -0.000992     |
|    value_loss           | 4.45e+07      |
-------------------------------------------
-------------------------------------------
| rollout/                |               |
|    ep_len_mean          | 100           |
|    ep_rew_mean          | -4.55e+04     |
| time/                   |               |
|    fps                  | 103           |
|    iterations           | 165           |
|    time_elapsed         | 3271          |
|    total_timesteps      | 337920        |
| train/                  |               |
|    approx_kl            | 0.00015767282 |
|    clip_fraction        | 0             |
|    clip_range           | 0.2           |
|    entropy_loss         | -3.06         |
|    explained_variance   | 0             |
|    learning_rate        | 0.0003        |
|    loss                 | 2.44e+07      |
|    n_updates            | 1640          |
|    policy_gradient_loss | -0.000447     |
|    value_loss           | 4.77e+07      |
-------------------------------------------
-------------------------------------------
| rollout/                |               |
|    ep_len_mean          | 100           |
|    ep_rew_mean          | -4.55e+04     |
| time/                   |               |
|    fps                  | 103           |
|    iterations           | 166           |
|    time_elapsed         | 3290          |
|    total_timesteps      | 339968        |
| train/                  |               |
|    approx_kl            | 0.00021895434 |
|    clip_fraction        | 0             |
|    clip_range           | 0.2           |
|    entropy_loss         | -3.06         |
|    explained_variance   | 1.19e-07      |
|    learning_rate        | 0.0003        |
|    loss                 | 2.32e+07      |
|    n_updates            | 1650          |
|    policy_gradient_loss | -0.000574     |
|    value_loss           | 4.36e+07      |
-------------------------------------------
-------------------------------------------
| rollout/                |               |
|    ep_len_mean          | 100           |
|    ep_rew_mean          | -4.53e+04     |
| time/                   |               |
|    fps                  | 103           |
|    iterations           | 167           |
|    time_elapsed         | 3311          |
|    total_timesteps      | 342016        |
| train/                  |               |
|    approx_kl            | 0.00038458212 |
|    clip_fraction        | 0             |
|    clip_range           | 0.2           |
|    entropy_loss         | -3.05         |
|    explained_variance   | 1.19e-07      |
|    learning_rate        | 0.0003        |
|    loss                 | 2.28e+07      |
|    n_updates            | 1660          |
|    policy_gradient_loss | -0.000961     |
|    value_loss           | 4.57e+07      |
-------------------------------------------
-------------------------------------------
| rollout/                |               |
|    ep_len_mean          | 100           |
|    ep_rew_mean          | -4.51e+04     |
| time/                   |               |
|    fps                  | 103           |
|    iterations           | 168           |
|    time_elapsed         | 3331          |
|    total_timesteps      | 344064        |
| train/                  |               |
|    approx_kl            | 0.00035224447 |
|    clip_fraction        | 0             |
|    clip_range           | 0.2           |
|    entropy_loss         | -3.05         |
|    explained_variance   | 0             |
|    learning_rate        | 0.0003        |
|    loss                 | 2e+07         |
|    n_updates            | 1670          |
|    policy_gradient_loss | -0.000651     |
|    value_loss           | 4.4e+07       |
-------------------------------------------
-------------------------------------------
| rollout/                |               |
|    ep_len_mean          | 100           |
|    ep_rew_mean          | -4.53e+04     |
| time/                   |               |
|    fps                  | 103           |
|    iterations           | 169           |
|    time_elapsed         | 3345          |
|    total_timesteps      | 346112        |
| train/                  |               |
|    approx_kl            | 0.00045008067 |
|    clip_fraction        | 0             |
|    clip_range           | 0.2           |
|    entropy_loss         | -3.06         |
|    explained_variance   | 1.79e-07      |
|    learning_rate        | 0.0003        |
|    loss                 | 2.34e+07      |
|    n_updates            | 1680          |
|    policy_gradient_loss | -0.000882     |
|    value_loss           | 4.64e+07      |
-------------------------------------------
-------------------------------------------
| rollout/                |               |
|    ep_len_mean          | 100           |
|    ep_rew_mean          | -4.53e+04     |
| time/                   |               |
|    fps                  | 103           |
|    iterations           | 170           |
|    time_elapsed         | 3366          |
|    total_timesteps      | 348160        |
| train/                  |               |
|    approx_kl            | 5.9476995e-05 |
|    clip_fraction        | 0             |
|    clip_range           | 0.2           |
|    entropy_loss         | -3.06         |
|    explained_variance   | 1.19e-07      |
|    learning_rate        | 0.0003        |
|    loss                 | 2.37e+07      |
|    n_updates            | 1690          |
|    policy_gradient_loss | -0.000188     |
|    value_loss           | 4.71e+07      |
-------------------------------------------
Eval num_timesteps=350000, episode_reward=-132990.99 +/- 7835.71
Episode length: 100.00 +/- 0.00
-------------------------------------------
| eval/                   |               |
|    mean_ep_length       | 100           |
|    mean_reward          | -1.33e+05     |
| time/                   |               |
|    total_timesteps      | 350000        |
| train/                  |               |
|    approx_kl            | 0.00027473102 |
|    clip_fraction        | 0             |
|    clip_range           | 0.2           |
|    entropy_loss         | -3.05         |
|    explained_variance   | 1.19e-07      |
|    learning_rate        | 0.0003        |
|    loss                 | 2.36e+07      |
|    n_updates            | 1700          |
|    policy_gradient_loss | -0.000896     |
|    value_loss           | 4.33e+07      |
-------------------------------------------
----------------------------------
| rollout/           |           |
|    ep_len_mean     | 100       |
|    ep_rew_mean     | -4.55e+04 |
| time/              |           |
|    fps             | 102       |
|    iterations      | 171       |
|    time_elapsed    | 3410      |
|    total_timesteps | 350208    |
----------------------------------
-------------------------------------------
| rollout/                |               |
|    ep_len_mean          | 100           |
|    ep_rew_mean          | -4.55e+04     |
| time/                   |               |
|    fps                  | 102           |
|    iterations           | 172           |
|    time_elapsed         | 3424          |
|    total_timesteps      | 352256        |
| train/                  |               |
|    approx_kl            | 0.00016933761 |
|    clip_fraction        | 0             |
|    clip_range           | 0.2           |
|    entropy_loss         | -3.05         |
|    explained_variance   | 0             |
|    learning_rate        | 0.0003        |
|    loss                 | 2.06e+07      |
|    n_updates            | 1710          |
|    policy_gradient_loss | -0.000488     |
|    value_loss           | 4.58e+07      |
-------------------------------------------
-------------------------------------------
| rollout/                |               |
|    ep_len_mean          | 100           |
|    ep_rew_mean          | -4.57e+04     |
| time/                   |               |
|    fps                  | 102           |
|    iterations           | 173           |
|    time_elapsed         | 3443          |
|    total_timesteps      | 354304        |
| train/                  |               |
|    approx_kl            | 0.00020949502 |
|    clip_fraction        | 0             |
|    clip_range           | 0.2           |
|    entropy_loss         | -3.04         |
|    explained_variance   | 0             |
|    learning_rate        | 0.0003        |
|    loss                 | 2.12e+07      |
|    n_updates            | 1720          |
|    policy_gradient_loss | -0.000498     |
|    value_loss           | 4.52e+07      |
-------------------------------------------
------------------------------------------
| rollout/                |              |
|    ep_len_mean          | 100          |
|    ep_rew_mean          | -4.54e+04    |
| time/                   |              |
|    fps                  | 102          |
|    iterations           | 174          |
|    time_elapsed         | 3462         |
|    total_timesteps      | 356352       |
| train/                  |              |
|    approx_kl            | 8.996439e-05 |
|    clip_fraction        | 0            |
|    clip_range           | 0.2          |
|    entropy_loss         | -3.04        |
|    explained_variance   | 1.19e-07     |
|    learning_rate        | 0.0003       |
|    loss                 | 2.41e+07     |
|    n_updates            | 1730         |
|    policy_gradient_loss | -0.000367    |
|    value_loss           | 4.84e+07     |
------------------------------------------
------------------------------------------
| rollout/                |              |
|    ep_len_mean          | 100          |
|    ep_rew_mean          | -4.57e+04    |
| time/                   |              |
|    fps                  | 103          |
|    iterations           | 175          |
|    time_elapsed         | 3479         |
|    total_timesteps      | 358400       |
| train/                  |              |
|    approx_kl            | 0.0003362853 |
|    clip_fraction        | 0            |
|    clip_range           | 0.2          |
|    entropy_loss         | -3.04        |
|    explained_variance   | 0            |
|    learning_rate        | 0.0003       |
|    loss                 | 2.62e+07     |
|    n_updates            | 1740         |
|    policy_gradient_loss | -0.000642    |
|    value_loss           | 4.42e+07     |
------------------------------------------
------------------------------------------
| rollout/                |              |
|    ep_len_mean          | 100          |
|    ep_rew_mean          | -4.54e+04    |
| time/                   |              |
|    fps                  | 102          |
|    iterations           | 176          |
|    time_elapsed         | 3499         |
|    total_timesteps      | 360448       |
| train/                  |              |
|    approx_kl            | 0.0002268558 |
|    clip_fraction        | 0            |
|    clip_range           | 0.2          |
|    entropy_loss         | -3.04        |
|    explained_variance   | 0            |
|    learning_rate        | 0.0003       |
|    loss                 | 2.36e+07     |
|    n_updates            | 1750         |
|    policy_gradient_loss | -0.000636    |
|    value_loss           | 4.65e+07     |
------------------------------------------
-------------------------------------------
| rollout/                |               |
|    ep_len_mean          | 100           |
|    ep_rew_mean          | -4.53e+04     |
| time/                   |               |
|    fps                  | 102           |
|    iterations           | 177           |
|    time_elapsed         | 3520          |
|    total_timesteps      | 362496        |
| train/                  |               |
|    approx_kl            | 0.00019710496 |
|    clip_fraction        | 0             |
|    clip_range           | 0.2           |
|    entropy_loss         | -3.04         |
|    explained_variance   | 0             |
|    learning_rate        | 0.0003        |
|    loss                 | 2.32e+07      |
|    n_updates            | 1760          |
|    policy_gradient_loss | -0.000494     |
|    value_loss           | 4.39e+07      |
-------------------------------------------
-------------------------------------------
| rollout/                |               |
|    ep_len_mean          | 100           |
|    ep_rew_mean          | -4.52e+04     |
| time/                   |               |
|    fps                  | 102           |
|    iterations           | 178           |
|    time_elapsed         | 3539          |
|    total_timesteps      | 364544        |
| train/                  |               |
|    approx_kl            | 0.00024922297 |
|    clip_fraction        | 0             |
|    clip_range           | 0.2           |
|    entropy_loss         | -3.04         |
|    explained_variance   | -1.19e-07     |
|    learning_rate        | 0.0003        |
|    loss                 | 2.43e+07      |
|    n_updates            | 1770          |
|    policy_gradient_loss | -0.000492     |
|    value_loss           | 4.46e+07      |
-------------------------------------------
------------------------------------------
| rollout/                |              |
|    ep_len_mean          | 100          |
|    ep_rew_mean          | -4.51e+04    |
| time/                   |              |
|    fps                  | 102          |
|    iterations           | 179          |
|    time_elapsed         | 3560         |
|    total_timesteps      | 366592       |
| train/                  |              |
|    approx_kl            | 9.907858e-05 |
|    clip_fraction        | 0            |
|    clip_range           | 0.2          |
|    entropy_loss         | -3.05        |
|    explained_variance   | 0            |
|    learning_rate        | 0.0003       |
|    loss                 | 2.34e+07     |
|    n_updates            | 1780         |
|    policy_gradient_loss | -0.000264    |
|    value_loss           | 4.66e+07     |
------------------------------------------
-------------------------------------------
| rollout/                |               |
|    ep_len_mean          | 100           |
|    ep_rew_mean          | -4.53e+04     |
| time/                   |               |
|    fps                  | 102           |
|    iterations           | 180           |
|    time_elapsed         | 3579          |
|    total_timesteps      | 368640        |
| train/                  |               |
|    approx_kl            | 0.00019948857 |
|    clip_fraction        | 0             |
|    clip_range           | 0.2           |
|    entropy_loss         | -3.05         |
|    explained_variance   | 0             |
|    learning_rate        | 0.0003        |
|    loss                 | 2.01e+07      |
|    n_updates            | 1790          |
|    policy_gradient_loss | -0.000335     |
|    value_loss           | 4.38e+07      |
-------------------------------------------
------------------------------------------
| rollout/                |              |
|    ep_len_mean          | 100          |
|    ep_rew_mean          | -4.56e+04    |
| time/                   |              |
|    fps                  | 102          |
|    iterations           | 181          |
|    time_elapsed         | 3599         |
|    total_timesteps      | 370688       |
| train/                  |              |
|    approx_kl            | 0.0001878539 |
|    clip_fraction        | 0            |
|    clip_range           | 0.2          |
|    entropy_loss         | -3.05        |
|    explained_variance   | 0            |
|    learning_rate        | 0.0003       |
|    loss                 | 2.27e+07     |
|    n_updates            | 1800         |
|    policy_gradient_loss | -0.000383    |
|    value_loss           | 4.81e+07     |
------------------------------------------
-------------------------------------------
| rollout/                |               |
|    ep_len_mean          | 100           |
|    ep_rew_mean          | -4.54e+04     |
| time/                   |               |
|    fps                  | 102           |
|    iterations           | 182           |
|    time_elapsed         | 3620          |
|    total_timesteps      | 372736        |
| train/                  |               |
|    approx_kl            | 0.00043523035 |
|    clip_fraction        | 0             |
|    clip_range           | 0.2           |
|    entropy_loss         | -3.05         |
|    explained_variance   | 0             |
|    learning_rate        | 0.0003        |
|    loss                 | 2.49e+07      |
|    n_updates            | 1810          |
|    policy_gradient_loss | -0.00106      |
|    value_loss           | 4.81e+07      |
-------------------------------------------
-------------------------------------------
| rollout/                |               |
|    ep_len_mean          | 100           |
|    ep_rew_mean          | -4.54e+04     |
| time/                   |               |
|    fps                  | 103           |
|    iterations           | 183           |
|    time_elapsed         | 3633          |
|    total_timesteps      | 374784        |
| train/                  |               |
|    approx_kl            | 0.00028295413 |
|    clip_fraction        | 0             |
|    clip_range           | 0.2           |
|    entropy_loss         | -3.05         |
|    explained_variance   | -1.19e-07     |
|    learning_rate        | 0.0003        |
|    loss                 | 1.9e+07       |
|    n_updates            | 1820          |
|    policy_gradient_loss | -0.000442     |
|    value_loss           | 3.97e+07      |
-------------------------------------------
-------------------------------------------
| rollout/                |               |
|    ep_len_mean          | 100           |
|    ep_rew_mean          | -4.54e+04     |
| time/                   |               |
|    fps                  | 103           |
|    iterations           | 184           |
|    time_elapsed         | 3655          |
|    total_timesteps      | 376832        |
| train/                  |               |
|    approx_kl            | 0.00035333514 |
|    clip_fraction        | 0             |
|    clip_range           | 0.2           |
|    entropy_loss         | -3.05         |
|    explained_variance   | 1.19e-07      |
|    learning_rate        | 0.0003        |
|    loss                 | 2.25e+07      |
|    n_updates            | 1830          |
|    policy_gradient_loss | -0.000991     |
|    value_loss           | 4.64e+07      |
-------------------------------------------
------------------------------------------
| rollout/                |              |
|    ep_len_mean          | 100          |
|    ep_rew_mean          | -4.53e+04    |
| time/                   |              |
|    fps                  | 103          |
|    iterations           | 185          |
|    time_elapsed         | 3668         |
|    total_timesteps      | 378880       |
| train/                  |              |
|    approx_kl            | 0.0004087729 |
|    clip_fraction        | 0            |
|    clip_range           | 0.2          |
|    entropy_loss         | -3.05        |
|    explained_variance   | 0            |
|    learning_rate        | 0.0003       |
|    loss                 | 2.23e+07     |
|    n_updates            | 1840         |
|    policy_gradient_loss | -0.000736    |
|    value_loss           | 4.65e+07     |
------------------------------------------
------------------------------------------
| rollout/                |              |
|    ep_len_mean          | 100          |
|    ep_rew_mean          | -4.51e+04    |
| time/                   |              |
|    fps                  | 103          |
|    iterations           | 186          |
|    time_elapsed         | 3690         |
|    total_timesteps      | 380928       |
| train/                  |              |
|    approx_kl            | 0.0004750096 |
|    clip_fraction        | 0            |
|    clip_range           | 0.2          |
|    entropy_loss         | -3.06        |
|    explained_variance   | 0            |
|    learning_rate        | 0.0003       |
|    loss                 | 2.44e+07     |
|    n_updates            | 1850         |
|    policy_gradient_loss | -0.0011      |
|    value_loss           | 4.69e+07     |
------------------------------------------
-------------------------------------------
| rollout/                |               |
|    ep_len_mean          | 100           |
|    ep_rew_mean          | -4.5e+04      |
| time/                   |               |
|    fps                  | 103           |
|    iterations           | 187           |
|    time_elapsed         | 3710          |
|    total_timesteps      | 382976        |
| train/                  |               |
|    approx_kl            | 0.00018946489 |
|    clip_fraction        | 0             |
|    clip_range           | 0.2           |
|    entropy_loss         | -3.06         |
|    explained_variance   | -1.19e-07     |
|    learning_rate        | 0.0003        |
|    loss                 | 2.14e+07      |
|    n_updates            | 1860          |
|    policy_gradient_loss | -0.000567     |
|    value_loss           | 4.38e+07      |
-------------------------------------------
------------------------------------------
| rollout/                |              |
|    ep_len_mean          | 100          |
|    ep_rew_mean          | -4.48e+04    |
| time/                   |              |
|    fps                  | 103          |
|    iterations           | 188          |
|    time_elapsed         | 3727         |
|    total_timesteps      | 385024       |
| train/                  |              |
|    approx_kl            | 0.0005546523 |
|    clip_fraction        | 0            |
|    clip_range           | 0.2          |
|    entropy_loss         | -3.06        |
|    explained_variance   | 1.79e-07     |
|    learning_rate        | 0.0003       |
|    loss                 | 2.19e+07     |
|    n_updates            | 1870         |
|    policy_gradient_loss | -0.00115     |
|    value_loss           | 4.21e+07     |
------------------------------------------
-------------------------------------------
| rollout/                |               |
|    ep_len_mean          | 100           |
|    ep_rew_mean          | -4.44e+04     |
| time/                   |               |
|    fps                  | 103           |
|    iterations           | 189           |
|    time_elapsed         | 3747          |
|    total_timesteps      | 387072        |
| train/                  |               |
|    approx_kl            | 0.00016000774 |
|    clip_fraction        | 0             |
|    clip_range           | 0.2           |
|    entropy_loss         | -3.06         |
|    explained_variance   | 0             |
|    learning_rate        | 0.0003        |
|    loss                 | 1.98e+07      |
|    n_updates            | 1880          |
|    policy_gradient_loss | -0.000487     |
|    value_loss           | 4.36e+07      |
-------------------------------------------
-------------------------------------------
| rollout/                |               |
|    ep_len_mean          | 100           |
|    ep_rew_mean          | -4.43e+04     |
| time/                   |               |
|    fps                  | 103           |
|    iterations           | 190           |
|    time_elapsed         | 3768          |
|    total_timesteps      | 389120        |
| train/                  |               |
|    approx_kl            | 0.00058770506 |
|    clip_fraction        | 0             |
|    clip_range           | 0.2           |
|    entropy_loss         | -3.05         |
|    explained_variance   | 0             |
|    learning_rate        | 0.0003        |
|    loss                 | 2.34e+07      |
|    n_updates            | 1890          |
|    policy_gradient_loss | -0.00138      |
|    value_loss           | 4.45e+07      |
-------------------------------------------
------------------------------------------
| rollout/                |              |
|    ep_len_mean          | 100          |
|    ep_rew_mean          | -4.45e+04    |
| time/                   |              |
|    fps                  | 103          |
|    iterations           | 191          |
|    time_elapsed         | 3789         |
|    total_timesteps      | 391168       |
| train/                  |              |
|    approx_kl            | 0.0002896821 |
|    clip_fraction        | 0            |
|    clip_range           | 0.2          |
|    entropy_loss         | -3.05        |
|    explained_variance   | 0            |
|    learning_rate        | 0.0003       |
|    loss                 | 2.23e+07     |
|    n_updates            | 1900         |
|    policy_gradient_loss | -0.000767    |
|    value_loss           | 4.38e+07     |
------------------------------------------
-------------------------------------------
| rollout/                |               |
|    ep_len_mean          | 100           |
|    ep_rew_mean          | -4.48e+04     |
| time/                   |               |
|    fps                  | 103           |
|    iterations           | 192           |
|    time_elapsed         | 3807          |
|    total_timesteps      | 393216        |
| train/                  |               |
|    approx_kl            | 0.00047293695 |
|    clip_fraction        | 0             |
|    clip_range           | 0.2           |
|    entropy_loss         | -3.05         |
|    explained_variance   | 1.19e-07      |
|    learning_rate        | 0.0003        |
|    loss                 | 2.39e+07      |
|    n_updates            | 1910          |
|    policy_gradient_loss | -0.00112      |
|    value_loss           | 4.73e+07      |
-------------------------------------------
-------------------------------------------
| rollout/                |               |
|    ep_len_mean          | 100           |
|    ep_rew_mean          | -4.5e+04      |
| time/                   |               |
|    fps                  | 103           |
|    iterations           | 193           |
|    time_elapsed         | 3824          |
|    total_timesteps      | 395264        |
| train/                  |               |
|    approx_kl            | 0.00020501809 |
|    clip_fraction        | 0             |
|    clip_range           | 0.2           |
|    entropy_loss         | -3.05         |
|    explained_variance   | 1.19e-07      |
|    learning_rate        | 0.0003        |
|    loss                 | 2.37e+07      |
|    n_updates            | 1920          |
|    policy_gradient_loss | -0.00038      |
|    value_loss           | 4.41e+07      |
-------------------------------------------
------------------------------------------
| rollout/                |              |
|    ep_len_mean          | 100          |
|    ep_rew_mean          | -4.49e+04    |
| time/                   |              |
|    fps                  | 103          |
|    iterations           | 194          |
|    time_elapsed         | 3843         |
|    total_timesteps      | 397312       |
| train/                  |              |
|    approx_kl            | 0.0006856834 |
|    clip_fraction        | 0            |
|    clip_range           | 0.2          |
|    entropy_loss         | -3.05        |
|    explained_variance   | 1.19e-07     |
|    learning_rate        | 0.0003       |
|    loss                 | 2.22e+07     |
|    n_updates            | 1930         |
|    policy_gradient_loss | -0.00156     |
|    value_loss           | 4.54e+07     |
------------------------------------------
-------------------------------------------
| rollout/                |               |
|    ep_len_mean          | 100           |
|    ep_rew_mean          | -4.52e+04     |
| time/                   |               |
|    fps                  | 103           |
|    iterations           | 195           |
|    time_elapsed         | 3865          |
|    total_timesteps      | 399360        |
| train/                  |               |
|    approx_kl            | 0.00030889022 |
|    clip_fraction        | 0             |
|    clip_range           | 0.2           |
|    entropy_loss         | -3.05         |
|    explained_variance   | -2.38e-07     |
|    learning_rate        | 0.0003        |
|    loss                 | 1.89e+07      |
|    n_updates            | 1940          |
|    policy_gradient_loss | -0.000796     |
|    value_loss           | 4.35e+07      |
-------------------------------------------
Eval num_timesteps=400000, episode_reward=-131447.46 +/- 9836.96
Episode length: 100.00 +/- 0.00
-------------------------------------------
| eval/                   |               |
|    mean_ep_length       | 100           |
|    mean_reward          | -1.31e+05     |
| time/                   |               |
|    total_timesteps      | 400000        |
| train/                  |               |
|    approx_kl            | 0.00021265991 |
|    clip_fraction        | 0             |
|    clip_range           | 0.2           |
|    entropy_loss         | -3.05         |
|    explained_variance   | -1.19e-07     |
|    learning_rate        | 0.0003        |
|    loss                 | 2.37e+07      |
|    n_updates            | 1950          |
|    policy_gradient_loss | -0.000533     |
|    value_loss           | 4.54e+07      |
-------------------------------------------
---------------------------------
| rollout/           |          |
|    ep_len_mean     | 100      |
|    ep_rew_mean     | -4.5e+04 |
| time/              |          |
|    fps             | 102      |
|    iterations      | 196      |
|    time_elapsed    | 3909     |
|    total_timesteps | 401408   |
---------------------------------
-------------------------------------------
| rollout/                |               |
|    ep_len_mean          | 100           |
|    ep_rew_mean          | -4.54e+04     |
| time/                   |               |
|    fps                  | 102           |
|    iterations           | 197           |
|    time_elapsed         | 3923          |
|    total_timesteps      | 403456        |
| train/                  |               |
|    approx_kl            | 0.00011335607 |
|    clip_fraction        | 0             |
|    clip_range           | 0.2           |
|    entropy_loss         | -3.05         |
|    explained_variance   | 1.19e-07      |
|    learning_rate        | 0.0003        |
|    loss                 | 2.14e+07      |
|    n_updates            | 1960          |
|    policy_gradient_loss | -0.000243     |
|    value_loss           | 4.61e+07      |
-------------------------------------------
-------------------------------------------
| rollout/                |               |
|    ep_len_mean          | 100           |
|    ep_rew_mean          | -4.53e+04     |
| time/                   |               |
|    fps                  | 102           |
|    iterations           | 198           |
|    time_elapsed         | 3943          |
|    total_timesteps      | 405504        |
| train/                  |               |
|    approx_kl            | 0.00024070119 |
|    clip_fraction        | 0             |
|    clip_range           | 0.2           |
|    entropy_loss         | -3.05         |
|    explained_variance   | 5.96e-08      |
|    learning_rate        | 0.0003        |
|    loss                 | 2.4e+07       |
|    n_updates            | 1970          |
|    policy_gradient_loss | -0.000632     |
|    value_loss           | 4.84e+07      |
-------------------------------------------
-------------------------------------------
| rollout/                |               |
|    ep_len_mean          | 100           |
|    ep_rew_mean          | -4.55e+04     |
| time/                   |               |
|    fps                  | 102           |
|    iterations           | 199           |
|    time_elapsed         | 3963          |
|    total_timesteps      | 407552        |
| train/                  |               |
|    approx_kl            | 0.00017478026 |
|    clip_fraction        | 0             |
|    clip_range           | 0.2           |
|    entropy_loss         | -3.05         |
|    explained_variance   | 0             |
|    learning_rate        | 0.0003        |
|    loss                 | 2.23e+07      |
|    n_updates            | 1980          |
|    policy_gradient_loss | -0.00039      |
|    value_loss           | 4.29e+07      |
-------------------------------------------
------------------------------------------
| rollout/                |              |
|    ep_len_mean          | 100          |
|    ep_rew_mean          | -4.56e+04    |
| time/                   |              |
|    fps                  | 102          |
|    iterations           | 200          |
|    time_elapsed         | 3983         |
|    total_timesteps      | 409600       |
| train/                  |              |
|    approx_kl            | 0.0001759202 |
|    clip_fraction        | 0            |
|    clip_range           | 0.2          |
|    entropy_loss         | -3.05        |
|    explained_variance   | 0            |
|    learning_rate        | 0.0003       |
|    loss                 | 2.28e+07     |
|    n_updates            | 1990         |
|    policy_gradient_loss | -0.000387    |
|    value_loss           | 4.55e+07     |
------------------------------------------
-------------------------------------------
| rollout/                |               |
|    ep_len_mean          | 100           |
|    ep_rew_mean          | -4.55e+04     |
| time/                   |               |
|    fps                  | 102           |
|    iterations           | 201           |
|    time_elapsed         | 4003          |
|    total_timesteps      | 411648        |
| train/                  |               |
|    approx_kl            | 0.00034959952 |
|    clip_fraction        | 0             |
|    clip_range           | 0.2           |
|    entropy_loss         | -3.05         |
|    explained_variance   | -1.19e-07     |
|    learning_rate        | 0.0003        |
|    loss                 | 2.41e+07      |
|    n_updates            | 2000          |
|    policy_gradient_loss | -0.00091      |
|    value_loss           | 4.87e+07      |
-------------------------------------------
------------------------------------------
| rollout/                |              |
|    ep_len_mean          | 100          |
|    ep_rew_mean          | -4.54e+04    |
| time/                   |              |
|    fps                  | 102          |
|    iterations           | 202          |
|    time_elapsed         | 4025         |
|    total_timesteps      | 413696       |
| train/                  |              |
|    approx_kl            | 0.0001350501 |
|    clip_fraction        | 0            |
|    clip_range           | 0.2          |
|    entropy_loss         | -3.05        |
|    explained_variance   | 1.19e-07     |
|    learning_rate        | 0.0003       |
|    loss                 | 2.26e+07     |
|    n_updates            | 2010         |
|    policy_gradient_loss | -0.000283    |
|    value_loss           | 4.23e+07     |
------------------------------------------
-------------------------------------------
| rollout/                |               |
|    ep_len_mean          | 100           |
|    ep_rew_mean          | -4.53e+04     |
| time/                   |               |
|    fps                  | 102           |
|    iterations           | 203           |
|    time_elapsed         | 4039          |
|    total_timesteps      | 415744        |
| train/                  |               |
|    approx_kl            | 0.00026174003 |
|    clip_fraction        | 0             |
|    clip_range           | 0.2           |
|    entropy_loss         | -3.04         |
|    explained_variance   | 0             |
|    learning_rate        | 0.0003        |
|    loss                 | 2.34e+07      |
|    n_updates            | 2020          |
|    policy_gradient_loss | -0.000779     |
|    value_loss           | 4.66e+07      |
-------------------------------------------
--------------------------------------------
| rollout/                |                |
|    ep_len_mean          | 100            |
|    ep_rew_mean          | -4.52e+04      |
| time/                   |                |
|    fps                  | 102            |
|    iterations           | 204            |
|    time_elapsed         | 4059           |
|    total_timesteps      | 417792         |
| train/                  |                |
|    approx_kl            | 0.000101274636 |
|    clip_fraction        | 0              |
|    clip_range           | 0.2            |
|    entropy_loss         | -3.04          |
|    explained_variance   | 0              |
|    learning_rate        | 0.0003         |
|    loss                 | 2.34e+07       |
|    n_updates            | 2030           |
|    policy_gradient_loss | -9.15e-05      |
|    value_loss           | 4.39e+07       |
--------------------------------------------
-------------------------------------------
| rollout/                |               |
|    ep_len_mean          | 100           |
|    ep_rew_mean          | -4.5e+04      |
| time/                   |               |
|    fps                  | 102           |
|    iterations           | 205           |
|    time_elapsed         | 4076          |
|    total_timesteps      | 419840        |
| train/                  |               |
|    approx_kl            | 0.00039754424 |
|    clip_fraction        | 0             |
|    clip_range           | 0.2           |
|    entropy_loss         | -3.04         |
|    explained_variance   | -1.19e-07     |
|    learning_rate        | 0.0003        |
|    loss                 | 2.41e+07      |
|    n_updates            | 2040          |
|    policy_gradient_loss | -0.00112      |
|    value_loss           | 4.47e+07      |
-------------------------------------------
-------------------------------------------
| rollout/                |               |
|    ep_len_mean          | 100           |
|    ep_rew_mean          | -4.56e+04     |
| time/                   |               |
|    fps                  | 102           |
|    iterations           | 206           |
|    time_elapsed         | 4096          |
|    total_timesteps      | 421888        |
| train/                  |               |
|    approx_kl            | 0.00065208867 |
|    clip_fraction        | 0             |
|    clip_range           | 0.2           |
|    entropy_loss         | -3.04         |
|    explained_variance   | -1.19e-07     |
|    learning_rate        | 0.0003        |
|    loss                 | 2.32e+07      |
|    n_updates            | 2050          |
|    policy_gradient_loss | -0.00172      |
|    value_loss           | 4.65e+07      |
-------------------------------------------
-------------------------------------------
| rollout/                |               |
|    ep_len_mean          | 100           |
|    ep_rew_mean          | -4.53e+04     |
| time/                   |               |
|    fps                  | 102           |
|    iterations           | 207           |
|    time_elapsed         | 4119          |
|    total_timesteps      | 423936        |
| train/                  |               |
|    approx_kl            | 0.00020891716 |
|    clip_fraction        | 0             |
|    clip_range           | 0.2           |
|    entropy_loss         | -3.03         |
|    explained_variance   | 0             |
|    learning_rate        | 0.0003        |
|    loss                 | 2.33e+07      |
|    n_updates            | 2060          |
|    policy_gradient_loss | -0.000523     |
|    value_loss           | 4.79e+07      |
-------------------------------------------
-------------------------------------------
| rollout/                |               |
|    ep_len_mean          | 100           |
|    ep_rew_mean          | -4.53e+04     |
| time/                   |               |
|    fps                  | 102           |
|    iterations           | 208           |
|    time_elapsed         | 4139          |
|    total_timesteps      | 425984        |
| train/                  |               |
|    approx_kl            | 0.00027478416 |
|    clip_fraction        | 0             |
|    clip_range           | 0.2           |
|    entropy_loss         | -3.04         |
|    explained_variance   | 0             |
|    learning_rate        | 0.0003        |
|    loss                 | 2.12e+07      |
|    n_updates            | 2070          |
|    policy_gradient_loss | -0.000623     |
|    value_loss           | 4.38e+07      |
-------------------------------------------
-------------------------------------------
| rollout/                |               |
|    ep_len_mean          | 100           |
|    ep_rew_mean          | -4.55e+04     |
| time/                   |               |
|    fps                  | 102           |
|    iterations           | 209           |
|    time_elapsed         | 4162          |
|    total_timesteps      | 428032        |
| train/                  |               |
|    approx_kl            | 0.00042357785 |
|    clip_fraction        | 0             |
|    clip_range           | 0.2           |
|    entropy_loss         | -3.04         |
|    explained_variance   | -2.38e-07     |
|    learning_rate        | 0.0003        |
|    loss                 | 2.03e+07      |
|    n_updates            | 2080          |
|    policy_gradient_loss | -0.00115      |
|    value_loss           | 4.32e+07      |
-------------------------------------------
-------------------------------------------
| rollout/                |               |
|    ep_len_mean          | 100           |
|    ep_rew_mean          | -4.49e+04     |
| time/                   |               |
|    fps                  | 102           |
|    iterations           | 210           |
|    time_elapsed         | 4178          |
|    total_timesteps      | 430080        |
| train/                  |               |
|    approx_kl            | 0.00023959027 |
|    clip_fraction        | 0             |
|    clip_range           | 0.2           |
|    entropy_loss         | -3.04         |
|    explained_variance   | 0             |
|    learning_rate        | 0.0003        |
|    loss                 | 2.48e+07      |
|    n_updates            | 2090          |
|    policy_gradient_loss | -0.000653     |
|    value_loss           | 4.54e+07      |
-------------------------------------------
-------------------------------------------
| rollout/                |               |
|    ep_len_mean          | 100           |
|    ep_rew_mean          | -4.41e+04     |
| time/                   |               |
|    fps                  | 102           |
|    iterations           | 211           |
|    time_elapsed         | 4195          |
|    total_timesteps      | 432128        |
| train/                  |               |
|    approx_kl            | 0.00035220993 |
|    clip_fraction        | 0             |
|    clip_range           | 0.2           |
|    entropy_loss         | -3.04         |
|    explained_variance   | 1.79e-07      |
|    learning_rate        | 0.0003        |
|    loss                 | 1.87e+07      |
|    n_updates            | 2100          |
|    policy_gradient_loss | -0.00086      |
|    value_loss           | 3.96e+07      |
-------------------------------------------
------------------------------------------
| rollout/                |              |
|    ep_len_mean          | 100          |
|    ep_rew_mean          | -4.44e+04    |
| time/                   |              |
|    fps                  | 102          |
|    iterations           | 212          |
|    time_elapsed         | 4215         |
|    total_timesteps      | 434176       |
| train/                  |              |
|    approx_kl            | 8.996134e-05 |
|    clip_fraction        | 0            |
|    clip_range           | 0.2          |
|    entropy_loss         | -3.03        |
|    explained_variance   | 0            |
|    learning_rate        | 0.0003       |
|    loss                 | 2.03e+07     |
|    n_updates            | 2110         |
|    policy_gradient_loss | -0.000215    |
|    value_loss           | 4.14e+07     |
------------------------------------------
-------------------------------------------
| rollout/                |               |
|    ep_len_mean          | 100           |
|    ep_rew_mean          | -4.48e+04     |
| time/                   |               |
|    fps                  | 102           |
|    iterations           | 213           |
|    time_elapsed         | 4236          |
|    total_timesteps      | 436224        |
| train/                  |               |
|    approx_kl            | 0.00033949374 |
|    clip_fraction        | 0             |
|    clip_range           | 0.2           |
|    entropy_loss         | -3.03         |
|    explained_variance   | 0             |
|    learning_rate        | 0.0003        |
|    loss                 | 2.22e+07      |
|    n_updates            | 2120          |
|    policy_gradient_loss | -0.000728     |
|    value_loss           | 4.52e+07      |
-------------------------------------------
------------------------------------------
| rollout/                |              |
|    ep_len_mean          | 100          |
|    ep_rew_mean          | -4.42e+04    |
| time/                   |              |
|    fps                  | 102          |
|    iterations           | 214          |
|    time_elapsed         | 4256         |
|    total_timesteps      | 438272       |
| train/                  |              |
|    approx_kl            | 0.0007462967 |
|    clip_fraction        | 0            |
|    clip_range           | 0.2          |
|    entropy_loss         | -3.04        |
|    explained_variance   | 0            |
|    learning_rate        | 0.0003       |
|    loss                 | 2.46e+07     |
|    n_updates            | 2130         |
|    policy_gradient_loss | -0.00129     |
|    value_loss           | 4.49e+07     |
------------------------------------------
-------------------------------------------
| rollout/                |               |
|    ep_len_mean          | 100           |
|    ep_rew_mean          | -4.43e+04     |
| time/                   |               |
|    fps                  | 102           |
|    iterations           | 215           |
|    time_elapsed         | 4278          |
|    total_timesteps      | 440320        |
| train/                  |               |
|    approx_kl            | 0.00022075645 |
|    clip_fraction        | 0             |
|    clip_range           | 0.2           |
|    entropy_loss         | -3.05         |
|    explained_variance   | 0             |
|    learning_rate        | 0.0003        |
|    loss                 | 2.26e+07      |
|    n_updates            | 2140          |
|    policy_gradient_loss | -0.000492     |
|    value_loss           | 4.07e+07      |
-------------------------------------------
------------------------------------------
| rollout/                |              |
|    ep_len_mean          | 100          |
|    ep_rew_mean          | -4.45e+04    |
| time/                   |              |
|    fps                  | 102          |
|    iterations           | 216          |
|    time_elapsed         | 4298         |
|    total_timesteps      | 442368       |
| train/                  |              |
|    approx_kl            | 0.0002410486 |
|    clip_fraction        | 0            |
|    clip_range           | 0.2          |
|    entropy_loss         | -3.04        |
|    explained_variance   | 1.19e-07     |
|    learning_rate        | 0.0003       |
|    loss                 | 1.85e+07     |
|    n_updates            | 2150         |
|    policy_gradient_loss | -0.000612    |
|    value_loss           | 4.1e+07      |
------------------------------------------
-----------------------------------------
| rollout/                |             |
|    ep_len_mean          | 100         |
|    ep_rew_mean          | -4.42e+04   |
| time/                   |             |
|    fps                  | 102         |
|    iterations           | 217         |
|    time_elapsed         | 4315        |
|    total_timesteps      | 444416      |
| train/                  |             |
|    approx_kl            | 0.000245684 |
|    clip_fraction        | 0           |
|    clip_range           | 0.2         |
|    entropy_loss         | -3.04       |
|    explained_variance   | 0           |
|    learning_rate        | 0.0003      |
|    loss                 | 2.17e+07    |
|    n_updates            | 2160        |
|    policy_gradient_loss | -0.000574   |
|    value_loss           | 4.28e+07    |
-----------------------------------------
-------------------------------------------
| rollout/                |               |
|    ep_len_mean          | 100           |
|    ep_rew_mean          | -4.4e+04      |
| time/                   |               |
|    fps                  | 103           |
|    iterations           | 218           |
|    time_elapsed         | 4328          |
|    total_timesteps      | 446464        |
| train/                  |               |
|    approx_kl            | 0.00026027954 |
|    clip_fraction        | 0             |
|    clip_range           | 0.2           |
|    entropy_loss         | -3.04         |
|    explained_variance   | 0             |
|    learning_rate        | 0.0003        |
|    loss                 | 2.15e+07      |
|    n_updates            | 2170          |
|    policy_gradient_loss | -0.000555     |
|    value_loss           | 4.24e+07      |
-------------------------------------------
-------------------------------------------
| rollout/                |               |
|    ep_len_mean          | 100           |
|    ep_rew_mean          | -4.46e+04     |
| time/                   |               |
|    fps                  | 103           |
|    iterations           | 219           |
|    time_elapsed         | 4341          |
|    total_timesteps      | 448512        |
| train/                  |               |
|    approx_kl            | 0.00014091172 |
|    clip_fraction        | 0             |
|    clip_range           | 0.2           |
|    entropy_loss         | -3.04         |
|    explained_variance   | 0             |
|    learning_rate        | 0.0003        |
|    loss                 | 2.23e+07      |
|    n_updates            | 2180          |
|    policy_gradient_loss | -0.000376     |
|    value_loss           | 4.34e+07      |
-------------------------------------------
Eval num_timesteps=450000, episode_reward=-131561.53 +/- 10114.18
Episode length: 100.00 +/- 0.00
-------------------------------------------
| eval/                   |               |
|    mean_ep_length       | 100           |
|    mean_reward          | -1.32e+05     |
| time/                   |               |
|    total_timesteps      | 450000        |
| train/                  |               |
|    approx_kl            | 0.00014072686 |
|    clip_fraction        | 0             |
|    clip_range           | 0.2           |
|    entropy_loss         | -3.04         |
|    explained_variance   | 0             |
|    learning_rate        | 0.0003        |
|    loss                 | 2.17e+07      |
|    n_updates            | 2190          |
|    policy_gradient_loss | -0.000478     |
|    value_loss           | 4.54e+07      |
-------------------------------------------
---------------------------------
| rollout/           |          |
|    ep_len_mean     | 100      |
|    ep_rew_mean     | -4.5e+04 |
| time/              |          |
|    fps             | 102      |
|    iterations      | 220      |
|    time_elapsed    | 4399     |
|    total_timesteps | 450560   |
---------------------------------
-------------------------------------------
| rollout/                |               |
|    ep_len_mean          | 100           |
|    ep_rew_mean          | -4.5e+04      |
| time/                   |               |
|    fps                  | 102           |
|    iterations           | 221           |
|    time_elapsed         | 4414          |
|    total_timesteps      | 452608        |
| train/                  |               |
|    approx_kl            | 0.00023756179 |
|    clip_fraction        | 0             |
|    clip_range           | 0.2           |
|    entropy_loss         | -3.03         |
|    explained_variance   | 0             |
|    learning_rate        | 0.0003        |
|    loss                 | 2.58e+07      |
|    n_updates            | 2200          |
|    policy_gradient_loss | -0.00055      |
|    value_loss           | 4.76e+07      |
-------------------------------------------
-------------------------------------------
| rollout/                |               |
|    ep_len_mean          | 100           |
|    ep_rew_mean          | -4.49e+04     |
| time/                   |               |
|    fps                  | 102           |
|    iterations           | 222           |
|    time_elapsed         | 4428          |
|    total_timesteps      | 454656        |
| train/                  |               |
|    approx_kl            | 0.00022238208 |
|    clip_fraction        | 0             |
|    clip_range           | 0.2           |
|    entropy_loss         | -3.04         |
|    explained_variance   | 0             |
|    learning_rate        | 0.0003        |
|    loss                 | 2.06e+07      |
|    n_updates            | 2210          |
|    policy_gradient_loss | -0.000586     |
|    value_loss           | 4.33e+07      |
-------------------------------------------
------------------------------------------
| rollout/                |              |
|    ep_len_mean          | 100          |
|    ep_rew_mean          | -4.49e+04    |
| time/                   |              |
|    fps                  | 102          |
|    iterations           | 223          |
|    time_elapsed         | 4449         |
|    total_timesteps      | 456704       |
| train/                  |              |
|    approx_kl            | 0.0008593302 |
|    clip_fraction        | 0            |
|    clip_range           | 0.2          |
|    entropy_loss         | -3.04        |
|    explained_variance   | 0            |
|    learning_rate        | 0.0003       |
|    loss                 | 2.01e+07     |
|    n_updates            | 2220         |
|    policy_gradient_loss | -0.00169     |
|    value_loss           | 4.11e+07     |
------------------------------------------
-------------------------------------------
| rollout/                |               |
|    ep_len_mean          | 100           |
|    ep_rew_mean          | -4.47e+04     |
| time/                   |               |
|    fps                  | 102           |
|    iterations           | 224           |
|    time_elapsed         | 4468          |
|    total_timesteps      | 458752        |
| train/                  |               |
|    approx_kl            | 0.00017535567 |
|    clip_fraction        | 0             |
|    clip_range           | 0.2           |
|    entropy_loss         | -3.04         |
|    explained_variance   | -1.19e-07     |
|    learning_rate        | 0.0003        |
|    loss                 | 2.12e+07      |
|    n_updates            | 2230          |
|    policy_gradient_loss | -0.000455     |
|    value_loss           | 4.32e+07      |
-------------------------------------------
-------------------------------------------
| rollout/                |               |
|    ep_len_mean          | 100           |
|    ep_rew_mean          | -4.44e+04     |
| time/                   |               |
|    fps                  | 102           |
|    iterations           | 225           |
|    time_elapsed         | 4488          |
|    total_timesteps      | 460800        |
| train/                  |               |
|    approx_kl            | 0.00016989573 |
|    clip_fraction        | 0             |
|    clip_range           | 0.2           |
|    entropy_loss         | -3.05         |
|    explained_variance   | 1.19e-07      |
|    learning_rate        | 0.0003        |
|    loss                 | 2.24e+07      |
|    n_updates            | 2240          |
|    policy_gradient_loss | -0.000304     |
|    value_loss           | 4.51e+07      |
-------------------------------------------
-------------------------------------------
| rollout/                |               |
|    ep_len_mean          | 100           |
|    ep_rew_mean          | -4.44e+04     |
| time/                   |               |
|    fps                  | 102           |
|    iterations           | 226           |
|    time_elapsed         | 4507          |
|    total_timesteps      | 462848        |
| train/                  |               |
|    approx_kl            | 0.00036962656 |
|    clip_fraction        | 0             |
|    clip_range           | 0.2           |
|    entropy_loss         | -3.05         |
|    explained_variance   | 1.19e-07      |
|    learning_rate        | 0.0003        |
|    loss                 | 2.15e+07      |
|    n_updates            | 2250          |
|    policy_gradient_loss | -0.000918     |
|    value_loss           | 4.41e+07      |
-------------------------------------------
------------------------------------------
| rollout/                |              |
|    ep_len_mean          | 100          |
|    ep_rew_mean          | -4.48e+04    |
| time/                   |              |
|    fps                  | 102          |
|    iterations           | 227          |
|    time_elapsed         | 4524         |
|    total_timesteps      | 464896       |
| train/                  |              |
|    approx_kl            | 0.0004776848 |
|    clip_fraction        | 0            |
|    clip_range           | 0.2          |
|    entropy_loss         | -3.05        |
|    explained_variance   | -2.38e-07    |
|    learning_rate        | 0.0003       |
|    loss                 | 2.25e+07     |
|    n_updates            | 2260         |
|    policy_gradient_loss | -0.000797    |
|    value_loss           | 4.24e+07     |
------------------------------------------
-------------------------------------------
| rollout/                |               |
|    ep_len_mean          | 100           |
|    ep_rew_mean          | -4.54e+04     |
| time/                   |               |
|    fps                  | 102           |
|    iterations           | 228           |
|    time_elapsed         | 4544          |
|    total_timesteps      | 466944        |
| train/                  |               |
|    approx_kl            | 5.9793994e-05 |
|    clip_fraction        | 0             |
|    clip_range           | 0.2           |
|    entropy_loss         | -3.06         |
|    explained_variance   | 0             |
|    learning_rate        | 0.0003        |
|    loss                 | 2.08e+07      |
|    n_updates            | 2270          |
|    policy_gradient_loss | -0.000213     |
|    value_loss           | 4.52e+07      |
-------------------------------------------
------------------------------------------
| rollout/                |              |
|    ep_len_mean          | 100          |
|    ep_rew_mean          | -4.54e+04    |
| time/                   |              |
|    fps                  | 102          |
|    iterations           | 229          |
|    time_elapsed         | 4565         |
|    total_timesteps      | 468992       |
| train/                  |              |
|    approx_kl            | 0.0001968919 |
|    clip_fraction        | 0            |
|    clip_range           | 0.2          |
|    entropy_loss         | -3.06        |
|    explained_variance   | -1.19e-07    |
|    learning_rate        | 0.0003       |
|    loss                 | 2.54e+07     |
|    n_updates            | 2280         |
|    policy_gradient_loss | -0.000451    |
|    value_loss           | 4.85e+07     |
------------------------------------------
------------------------------------------
| rollout/                |              |
|    ep_len_mean          | 100          |
|    ep_rew_mean          | -4.55e+04    |
| time/                   |              |
|    fps                  | 102          |
|    iterations           | 230          |
|    time_elapsed         | 4584         |
|    total_timesteps      | 471040       |
| train/                  |              |
|    approx_kl            | 0.0001475807 |
|    clip_fraction        | 0            |
|    clip_range           | 0.2          |
|    entropy_loss         | -3.06        |
|    explained_variance   | 1.79e-07     |
|    learning_rate        | 0.0003       |
|    loss                 | 2.27e+07     |
|    n_updates            | 2290         |
|    policy_gradient_loss | -0.00038     |
|    value_loss           | 4.4e+07      |
------------------------------------------
-------------------------------------------
| rollout/                |               |
|    ep_len_mean          | 100           |
|    ep_rew_mean          | -4.59e+04     |
| time/                   |               |
|    fps                  | 102           |
|    iterations           | 231           |
|    time_elapsed         | 4605          |
|    total_timesteps      | 473088        |
| train/                  |               |
|    approx_kl            | 0.00032140812 |
|    clip_fraction        | 0             |
|    clip_range           | 0.2           |
|    entropy_loss         | -3.06         |
|    explained_variance   | 0             |
|    learning_rate        | 0.0003        |
|    loss                 | 2.18e+07      |
|    n_updates            | 2300          |
|    policy_gradient_loss | -0.000678     |
|    value_loss           | 4.46e+07      |
-------------------------------------------
------------------------------------------
| rollout/                |              |
|    ep_len_mean          | 100          |
|    ep_rew_mean          | -4.58e+04    |
| time/                   |              |
|    fps                  | 102          |
|    iterations           | 232          |
|    time_elapsed         | 4625         |
|    total_timesteps      | 475136       |
| train/                  |              |
|    approx_kl            | 9.026029e-05 |
|    clip_fraction        | 0            |
|    clip_range           | 0.2          |
|    entropy_loss         | -3.06        |
|    explained_variance   | -1.19e-07    |
|    learning_rate        | 0.0003       |
|    loss                 | 2.06e+07     |
|    n_updates            | 2310         |
|    policy_gradient_loss | -0.000278    |
|    value_loss           | 4.46e+07     |
------------------------------------------
-------------------------------------------
| rollout/                |               |
|    ep_len_mean          | 100           |
|    ep_rew_mean          | -4.52e+04     |
| time/                   |               |
|    fps                  | 102           |
|    iterations           | 233           |
|    time_elapsed         | 4645          |
|    total_timesteps      | 477184        |
| train/                  |               |
|    approx_kl            | 0.00021029223 |
|    clip_fraction        | 0             |
|    clip_range           | 0.2           |
|    entropy_loss         | -3.06         |
|    explained_variance   | 0             |
|    learning_rate        | 0.0003        |
|    loss                 | 2.21e+07      |
|    n_updates            | 2320          |
|    policy_gradient_loss | -0.000504     |
|    value_loss           | 4.5e+07       |
-------------------------------------------
-------------------------------------------
| rollout/                |               |
|    ep_len_mean          | 100           |
|    ep_rew_mean          | -4.54e+04     |
| time/                   |               |
|    fps                  | 102           |
|    iterations           | 234           |
|    time_elapsed         | 4667          |
|    total_timesteps      | 479232        |
| train/                  |               |
|    approx_kl            | 0.00015227566 |
|    clip_fraction        | 0             |
|    clip_range           | 0.2           |
|    entropy_loss         | -3.06         |
|    explained_variance   | 1.19e-07      |
|    learning_rate        | 0.0003        |
|    loss                 | 2.1e+07       |
|    n_updates            | 2330          |
|    policy_gradient_loss | -0.000478     |
|    value_loss           | 4.3e+07       |
-------------------------------------------
-------------------------------------------
| rollout/                |               |
|    ep_len_mean          | 100           |
|    ep_rew_mean          | -4.52e+04     |
| time/                   |               |
|    fps                  | 102           |
|    iterations           | 235           |
|    time_elapsed         | 4687          |
|    total_timesteps      | 481280        |
| train/                  |               |
|    approx_kl            | 0.00028523625 |
|    clip_fraction        | 0             |
|    clip_range           | 0.2           |
|    entropy_loss         | -3.06         |
|    explained_variance   | 0             |
|    learning_rate        | 0.0003        |
|    loss                 | 2.07e+07      |
|    n_updates            | 2340          |
|    policy_gradient_loss | -0.000797     |
|    value_loss           | 4.37e+07      |
-------------------------------------------
-------------------------------------------
| rollout/                |               |
|    ep_len_mean          | 100           |
|    ep_rew_mean          | -4.6e+04      |
| time/                   |               |
|    fps                  | 102           |
|    iterations           | 236           |
|    time_elapsed         | 4708          |
|    total_timesteps      | 483328        |
| train/                  |               |
|    approx_kl            | 0.00032271064 |
|    clip_fraction        | 0             |
|    clip_range           | 0.2           |
|    entropy_loss         | -3.06         |
|    explained_variance   | 0             |
|    learning_rate        | 0.0003        |
|    loss                 | 2.37e+07      |
|    n_updates            | 2350          |
|    policy_gradient_loss | -0.000883     |
|    value_loss           | 4.54e+07      |
-------------------------------------------
-------------------------------------------
| rollout/                |               |
|    ep_len_mean          | 100           |
|    ep_rew_mean          | -4.6e+04      |
| time/                   |               |
|    fps                  | 102           |
|    iterations           | 237           |
|    time_elapsed         | 4729          |
|    total_timesteps      | 485376        |
| train/                  |               |
|    approx_kl            | 5.6318677e-05 |
|    clip_fraction        | 0             |
|    clip_range           | 0.2           |
|    entropy_loss         | -3.05         |
|    explained_variance   | -1.19e-07     |
|    learning_rate        | 0.0003        |
|    loss                 | 2.48e+07      |
|    n_updates            | 2360          |
|    policy_gradient_loss | -0.000155     |
|    value_loss           | 4.98e+07      |
-------------------------------------------
-----------------------------------------
| rollout/                |             |
|    ep_len_mean          | 100         |
|    ep_rew_mean          | -4.6e+04    |
| time/                   |             |
|    fps                  | 102         |
|    iterations           | 238         |
|    time_elapsed         | 4751        |
|    total_timesteps      | 487424      |
| train/                  |             |
|    approx_kl            | 0.000478426 |
|    clip_fraction        | 0           |
|    clip_range           | 0.2         |
|    entropy_loss         | -3.05       |
|    explained_variance   | 0           |
|    learning_rate        | 0.0003      |
|    loss                 | 2.02e+07    |
|    n_updates            | 2370        |
|    policy_gradient_loss | -0.00123    |
|    value_loss           | 4.47e+07    |
-----------------------------------------
-------------------------------------------
| rollout/                |               |
|    ep_len_mean          | 100           |
|    ep_rew_mean          | -4.56e+04     |
| time/                   |               |
|    fps                  | 102           |
|    iterations           | 239           |
|    time_elapsed         | 4770          |
|    total_timesteps      | 489472        |
| train/                  |               |
|    approx_kl            | 0.00013127024 |
|    clip_fraction        | 0             |
|    clip_range           | 0.2           |
|    entropy_loss         | -3.05         |
|    explained_variance   | 0             |
|    learning_rate        | 0.0003        |
|    loss                 | 2.11e+07      |
|    n_updates            | 2380          |
|    policy_gradient_loss | -0.000251     |
|    value_loss           | 4.27e+07      |
-------------------------------------------
-------------------------------------------
| rollout/                |               |
|    ep_len_mean          | 100           |
|    ep_rew_mean          | -4.51e+04     |
| time/                   |               |
|    fps                  | 102           |
|    iterations           | 240           |
|    time_elapsed         | 4791          |
|    total_timesteps      | 491520        |
| train/                  |               |
|    approx_kl            | 0.00016650622 |
|    clip_fraction        | 0             |
|    clip_range           | 0.2           |
|    entropy_loss         | -3.05         |
|    explained_variance   | 0             |
|    learning_rate        | 0.0003        |
|    loss                 | 2.01e+07      |
|    n_updates            | 2390          |
|    policy_gradient_loss | -0.000373     |
|    value_loss           | 4.2e+07       |
-------------------------------------------
------------------------------------------
| rollout/                |              |
|    ep_len_mean          | 100          |
|    ep_rew_mean          | -4.46e+04    |
| time/                   |              |
|    fps                  | 102          |
|    iterations           | 241          |
|    time_elapsed         | 4805         |
|    total_timesteps      | 493568       |
| train/                  |              |
|    approx_kl            | 0.0003391668 |
|    clip_fraction        | 0            |
|    clip_range           | 0.2          |
|    entropy_loss         | -3.05        |
|    explained_variance   | 0            |
|    learning_rate        | 0.0003       |
|    loss                 | 2.19e+07     |
|    n_updates            | 2400         |
|    policy_gradient_loss | -0.000795    |
|    value_loss           | 4.17e+07     |
------------------------------------------
-------------------------------------------
| rollout/                |               |
|    ep_len_mean          | 100           |
|    ep_rew_mean          | -4.42e+04     |
| time/                   |               |
|    fps                  | 102           |
|    iterations           | 242           |
|    time_elapsed         | 4827          |
|    total_timesteps      | 495616        |
| train/                  |               |
|    approx_kl            | 0.00037865838 |
|    clip_fraction        | 0             |
|    clip_range           | 0.2           |
|    entropy_loss         | -3.05         |
|    explained_variance   | 0             |
|    learning_rate        | 0.0003        |
|    loss                 | 2.02e+07      |
|    n_updates            | 2410          |
|    policy_gradient_loss | -0.000868     |
|    value_loss           | 4.45e+07      |
-------------------------------------------
-------------------------------------------
| rollout/                |               |
|    ep_len_mean          | 100           |
|    ep_rew_mean          | -4.45e+04     |
| time/                   |               |
|    fps                  | 102           |
|    iterations           | 243           |
|    time_elapsed         | 4847          |
|    total_timesteps      | 497664        |
| train/                  |               |
|    approx_kl            | 0.00022813742 |
|    clip_fraction        | 0             |
|    clip_range           | 0.2           |
|    entropy_loss         | -3.05         |
|    explained_variance   | 0             |
|    learning_rate        | 0.0003        |
|    loss                 | 2e+07         |
|    n_updates            | 2420          |
|    policy_gradient_loss | -0.000434     |
|    value_loss           | 4.05e+07      |
-------------------------------------------
-------------------------------------------
| rollout/                |               |
|    ep_len_mean          | 100           |
|    ep_rew_mean          | -4.48e+04     |
| time/                   |               |
|    fps                  | 102           |
|    iterations           | 244           |
|    time_elapsed         | 4869          |
|    total_timesteps      | 499712        |
| train/                  |               |
|    approx_kl            | 0.00022914106 |
|    clip_fraction        | 0             |
|    clip_range           | 0.2           |
|    entropy_loss         | -3.05         |
|    explained_variance   | 0             |
|    learning_rate        | 0.0003        |
|    loss                 | 2.17e+07      |
|    n_updates            | 2430          |
|    policy_gradient_loss | -0.000576     |
|    value_loss           | 4.62e+07      |
-------------------------------------------
Eval num_timesteps=500000, episode_reward=-131585.99 +/- 9600.46
Episode length: 100.00 +/- 0.00
-------------------------------------------
| eval/                   |               |
|    mean_ep_length       | 100           |
|    mean_reward          | -1.32e+05     |
| time/                   |               |
|    total_timesteps      | 500000        |
| train/                  |               |
|    approx_kl            | 0.00036320294 |
|    clip_fraction        | 0             |
|    clip_range           | 0.2           |
|    entropy_loss         | -3.05         |
|    explained_variance   | 0             |
|    learning_rate        | 0.0003        |
|    loss                 | 1.93e+07      |
|    n_updates            | 2440          |
|    policy_gradient_loss | -0.000938     |
|    value_loss           | 4.28e+07      |
-------------------------------------------
----------------------------------
| rollout/           |           |
|    ep_len_mean     | 100       |
|    ep_rew_mean     | -4.52e+04 |
| time/              |           |
|    fps             | 101       |
|    iterations      | 245       |
|    time_elapsed    | 4930      |
|    total_timesteps | 501760    |
----------------------------------
-------------------------------------------
| rollout/                |               |
|    ep_len_mean          | 100           |
|    ep_rew_mean          | -4.5e+04      |
| time/                   |               |
|    fps                  | 101           |
|    iterations           | 246           |
|    time_elapsed         | 4948          |
|    total_timesteps      | 503808        |
| train/                  |               |
|    approx_kl            | 0.00016146436 |
|    clip_fraction        | 0             |
|    clip_range           | 0.2           |
|    entropy_loss         | -3.04         |
|    explained_variance   | 0             |
|    learning_rate        | 0.0003        |
|    loss                 | 1.93e+07      |
|    n_updates            | 2450          |
|    policy_gradient_loss | -0.000328     |
|    value_loss           | 4.36e+07      |
-------------------------------------------
------------------------------------------
| rollout/                |              |
|    ep_len_mean          | 100          |
|    ep_rew_mean          | -4.53e+04    |
| time/                   |              |
|    fps                  | 101          |
|    iterations           | 247          |
|    time_elapsed         | 4969         |
|    total_timesteps      | 505856       |
| train/                  |              |
|    approx_kl            | 0.0004503242 |
|    clip_fraction        | 0            |
|    clip_range           | 0.2          |
|    entropy_loss         | -3.05        |
|    explained_variance   | -1.19e-07    |
|    learning_rate        | 0.0003       |
|    loss                 | 2.39e+07     |
|    n_updates            | 2460         |
|    policy_gradient_loss | -0.000744    |
|    value_loss           | 4.44e+07     |
------------------------------------------
------------------------------------------
| rollout/                |              |
|    ep_len_mean          | 100          |
|    ep_rew_mean          | -4.51e+04    |
| time/                   |              |
|    fps                  | 101          |
|    iterations           | 248          |
|    time_elapsed         | 4989         |
|    total_timesteps      | 507904       |
| train/                  |              |
|    approx_kl            | 0.0003640239 |
|    clip_fraction        | 0            |
|    clip_range           | 0.2          |
|    entropy_loss         | -3.05        |
|    explained_variance   | 1.19e-07     |
|    learning_rate        | 0.0003       |
|    loss                 | 2.21e+07     |
|    n_updates            | 2470         |
|    policy_gradient_loss | -0.000642    |
|    value_loss           | 4.5e+07      |
------------------------------------------
-------------------------------------------
| rollout/                |               |
|    ep_len_mean          | 100           |
|    ep_rew_mean          | -4.51e+04     |
| time/                   |               |
|    fps                  | 101           |
|    iterations           | 249           |
|    time_elapsed         | 5009          |
|    total_timesteps      | 509952        |
| train/                  |               |
|    approx_kl            | 0.00038274837 |
|    clip_fraction        | 0             |
|    clip_range           | 0.2           |
|    entropy_loss         | -3.05         |
|    explained_variance   | 0             |
|    learning_rate        | 0.0003        |
|    loss                 | 2.1e+07       |
|    n_updates            | 2480          |
|    policy_gradient_loss | -0.000883     |
|    value_loss           | 4.27e+07      |
-------------------------------------------
-------------------------------------------
| rollout/                |               |
|    ep_len_mean          | 100           |
|    ep_rew_mean          | -4.53e+04     |
| time/                   |               |
|    fps                  | 101           |
|    iterations           | 250           |
|    time_elapsed         | 5028          |
|    total_timesteps      | 512000        |
| train/                  |               |
|    approx_kl            | 0.00025123064 |
|    clip_fraction        | 0             |
|    clip_range           | 0.2           |
|    entropy_loss         | -3.05         |
|    explained_variance   | 0             |
|    learning_rate        | 0.0003        |
|    loss                 | 2.32e+07      |
|    n_updates            | 2490          |
|    policy_gradient_loss | -0.00072      |
|    value_loss           | 4.51e+07      |
-------------------------------------------
-----------------------------------------
| rollout/                |             |
|    ep_len_mean          | 100         |
|    ep_rew_mean          | -4.55e+04   |
| time/                   |             |
|    fps                  | 101         |
|    iterations           | 251         |
|    time_elapsed         | 5047        |
|    total_timesteps      | 514048      |
| train/                  |             |
|    approx_kl            | 0.000192885 |
|    clip_fraction        | 0           |
|    clip_range           | 0.2         |
|    entropy_loss         | -3.05       |
|    explained_variance   | -1.19e-07   |
|    learning_rate        | 0.0003      |
|    loss                 | 1.91e+07    |
|    n_updates            | 2500        |
|    policy_gradient_loss | -0.000604   |
|    value_loss           | 4.54e+07    |
-----------------------------------------
-------------------------------------------
| rollout/                |               |
|    ep_len_mean          | 100           |
|    ep_rew_mean          | -4.54e+04     |
| time/                   |               |
|    fps                  | 101           |
|    iterations           | 252           |
|    time_elapsed         | 5068          |
|    total_timesteps      | 516096        |
| train/                  |               |
|    approx_kl            | 0.00024149686 |
|    clip_fraction        | 0             |
|    clip_range           | 0.2           |
|    entropy_loss         | -3.05         |
|    explained_variance   | 0             |
|    learning_rate        | 0.0003        |
|    loss                 | 2.38e+07      |
|    n_updates            | 2510          |
|    policy_gradient_loss | -0.000629     |
|    value_loss           | 4.52e+07      |
-------------------------------------------
------------------------------------------
| rollout/                |              |
|    ep_len_mean          | 100          |
|    ep_rew_mean          | -4.62e+04    |
| time/                   |              |
|    fps                  | 101          |
|    iterations           | 253          |
|    time_elapsed         | 5082         |
|    total_timesteps      | 518144       |
| train/                  |              |
|    approx_kl            | 0.0005375341 |
|    clip_fraction        | 0            |
|    clip_range           | 0.2          |
|    entropy_loss         | -3.05        |
|    explained_variance   | 5.96e-08     |
|    learning_rate        | 0.0003       |
|    loss                 | 2.31e+07     |
|    n_updates            | 2520         |
|    policy_gradient_loss | -0.00125     |
|    value_loss           | 4.53e+07     |
------------------------------------------
------------------------------------------
| rollout/                |              |
|    ep_len_mean          | 100          |
|    ep_rew_mean          | -4.62e+04    |
| time/                   |              |
|    fps                  | 101          |
|    iterations           | 254          |
|    time_elapsed         | 5100         |
|    total_timesteps      | 520192       |
| train/                  |              |
|    approx_kl            | 0.0003506938 |
|    clip_fraction        | 0            |
|    clip_range           | 0.2          |
|    entropy_loss         | -3.04        |
|    explained_variance   | 0            |
|    learning_rate        | 0.0003       |
|    loss                 | 2.86e+07     |
|    n_updates            | 2530         |
|    policy_gradient_loss | -0.000906    |
|    value_loss           | 5.11e+07     |
------------------------------------------
------------------------------------------
| rollout/                |              |
|    ep_len_mean          | 100          |
|    ep_rew_mean          | -4.61e+04    |
| time/                   |              |
|    fps                  | 101          |
|    iterations           | 255          |
|    time_elapsed         | 5122         |
|    total_timesteps      | 522240       |
| train/                  |              |
|    approx_kl            | 0.0002464006 |
|    clip_fraction        | 0            |
|    clip_range           | 0.2          |
|    entropy_loss         | -3.04        |
|    explained_variance   | -1.19e-07    |
|    learning_rate        | 0.0003       |
|    loss                 | 2.09e+07     |
|    n_updates            | 2540         |
|    policy_gradient_loss | -0.000541    |
|    value_loss           | 4.53e+07     |
------------------------------------------
-------------------------------------------
| rollout/                |               |
|    ep_len_mean          | 100           |
|    ep_rew_mean          | -4.64e+04     |
| time/                   |               |
|    fps                  | 101           |
|    iterations           | 256           |
|    time_elapsed         | 5142          |
|    total_timesteps      | 524288        |
| train/                  |               |
|    approx_kl            | 0.00039845792 |
|    clip_fraction        | 0             |
|    clip_range           | 0.2           |
|    entropy_loss         | -3.05         |
|    explained_variance   | 1.19e-07      |
|    learning_rate        | 0.0003        |
|    loss                 | 2.19e+07      |
|    n_updates            | 2550          |
|    policy_gradient_loss | -0.000948     |
|    value_loss           | 4.28e+07      |
-------------------------------------------
-------------------------------------------
| rollout/                |               |
|    ep_len_mean          | 100           |
|    ep_rew_mean          | -4.62e+04     |
| time/                   |               |
|    fps                  | 102           |
|    iterations           | 257           |
|    time_elapsed         | 5158          |
|    total_timesteps      | 526336        |
| train/                  |               |
|    approx_kl            | 0.00019862081 |
|    clip_fraction        | 0             |
|    clip_range           | 0.2           |
|    entropy_loss         | -3.04         |
|    explained_variance   | 5.96e-08      |
|    learning_rate        | 0.0003        |
|    loss                 | 2.04e+07      |
|    n_updates            | 2560          |
|    policy_gradient_loss | -0.000602     |
|    value_loss           | 4.72e+07      |
-------------------------------------------
-------------------------------------------
| rollout/                |               |
|    ep_len_mean          | 100           |
|    ep_rew_mean          | -4.58e+04     |
| time/                   |               |
|    fps                  | 102           |
|    iterations           | 258           |
|    time_elapsed         | 5177          |
|    total_timesteps      | 528384        |
| train/                  |               |
|    approx_kl            | 0.00042031702 |
|    clip_fraction        | 0             |
|    clip_range           | 0.2           |
|    entropy_loss         | -3.04         |
|    explained_variance   | 5.96e-08      |
|    learning_rate        | 0.0003        |
|    loss                 | 2.29e+07      |
|    n_updates            | 2570          |
|    policy_gradient_loss | -0.00106      |
|    value_loss           | 4.56e+07      |
-------------------------------------------
------------------------------------------
| rollout/                |              |
|    ep_len_mean          | 100          |
|    ep_rew_mean          | -4.59e+04    |
| time/                   |              |
|    fps                  | 102          |
|    iterations           | 259          |
|    time_elapsed         | 5195         |
|    total_timesteps      | 530432       |
| train/                  |              |
|    approx_kl            | 0.0005179644 |
|    clip_fraction        | 0            |
|    clip_range           | 0.2          |
|    entropy_loss         | -3.04        |
|    explained_variance   | 0            |
|    learning_rate        | 0.0003       |
|    loss                 | 2.16e+07     |
|    n_updates            | 2580         |
|    policy_gradient_loss | -0.00132     |
|    value_loss           | 4.48e+07     |
------------------------------------------
------------------------------------------
| rollout/                |              |
|    ep_len_mean          | 100          |
|    ep_rew_mean          | -4.59e+04    |
| time/                   |              |
|    fps                  | 102          |
|    iterations           | 260          |
|    time_elapsed         | 5211         |
|    total_timesteps      | 532480       |
| train/                  |              |
|    approx_kl            | 6.514089e-05 |
|    clip_fraction        | 0            |
|    clip_range           | 0.2          |
|    entropy_loss         | -3.04        |
|    explained_variance   | 0            |
|    learning_rate        | 0.0003       |
|    loss                 | 2.35e+07     |
|    n_updates            | 2590         |
|    policy_gradient_loss | -0.000195    |
|    value_loss           | 4.73e+07     |
------------------------------------------
-------------------------------------------
| rollout/                |               |
|    ep_len_mean          | 100           |
|    ep_rew_mean          | -4.57e+04     |
| time/                   |               |
|    fps                  | 102           |
|    iterations           | 261           |
|    time_elapsed         | 5231          |
|    total_timesteps      | 534528        |
| train/                  |               |
|    approx_kl            | 0.00012239505 |
|    clip_fraction        | 0             |
|    clip_range           | 0.2           |
|    entropy_loss         | -3.03         |
|    explained_variance   | 1.79e-07      |
|    learning_rate        | 0.0003        |
|    loss                 | 2.33e+07      |
|    n_updates            | 2600          |
|    policy_gradient_loss | -0.000315     |
|    value_loss           | 4.35e+07      |
-------------------------------------------
-------------------------------------------
| rollout/                |               |
|    ep_len_mean          | 100           |
|    ep_rew_mean          | -4.55e+04     |
| time/                   |               |
|    fps                  | 102           |
|    iterations           | 262           |
|    time_elapsed         | 5252          |
|    total_timesteps      | 536576        |
| train/                  |               |
|    approx_kl            | 0.00038740964 |
|    clip_fraction        | 0             |
|    clip_range           | 0.2           |
|    entropy_loss         | -3.03         |
|    explained_variance   | 1.19e-07      |
|    learning_rate        | 0.0003        |
|    loss                 | 2.09e+07      |
|    n_updates            | 2610          |
|    policy_gradient_loss | -0.000889     |
|    value_loss           | 4.26e+07      |
-------------------------------------------
------------------------------------------
| rollout/                |              |
|    ep_len_mean          | 100          |
|    ep_rew_mean          | -4.52e+04    |
| time/                   |              |
|    fps                  | 102          |
|    iterations           | 263          |
|    time_elapsed         | 5273         |
|    total_timesteps      | 538624       |
| train/                  |              |
|    approx_kl            | 0.0006609708 |
|    clip_fraction        | 0            |
|    clip_range           | 0.2          |
|    entropy_loss         | -3.03        |
|    explained_variance   | 0            |
|    learning_rate        | 0.0003       |
|    loss                 | 2.26e+07     |
|    n_updates            | 2620         |
|    policy_gradient_loss | -0.00145     |
|    value_loss           | 4.39e+07     |
------------------------------------------
------------------------------------------
| rollout/                |              |
|    ep_len_mean          | 100          |
|    ep_rew_mean          | -4.51e+04    |
| time/                   |              |
|    fps                  | 102          |
|    iterations           | 264          |
|    time_elapsed         | 5294         |
|    total_timesteps      | 540672       |
| train/                  |              |
|    approx_kl            | 6.680717e-05 |
|    clip_fraction        | 0            |
|    clip_range           | 0.2          |
|    entropy_loss         | -3.02        |
|    explained_variance   | 0            |
|    learning_rate        | 0.0003       |
|    loss                 | 2.43e+07     |
|    n_updates            | 2630         |
|    policy_gradient_loss | -9.02e-05    |
|    value_loss           | 4.23e+07     |
------------------------------------------
------------------------------------------
| rollout/                |              |
|    ep_len_mean          | 100          |
|    ep_rew_mean          | -4.49e+04    |
| time/                   |              |
|    fps                  | 102          |
|    iterations           | 265          |
|    time_elapsed         | 5308         |
|    total_timesteps      | 542720       |
| train/                  |              |
|    approx_kl            | 0.0003672752 |
|    clip_fraction        | 0            |
|    clip_range           | 0.2          |
|    entropy_loss         | -3.03        |
|    explained_variance   | -1.19e-07    |
|    learning_rate        | 0.0003       |
|    loss                 | 2.27e+07     |
|    n_updates            | 2640         |
|    policy_gradient_loss | -0.000703    |
|    value_loss           | 4.49e+07     |
------------------------------------------
------------------------------------------
| rollout/                |              |
|    ep_len_mean          | 100          |
|    ep_rew_mean          | -4.48e+04    |
| time/                   |              |
|    fps                  | 102          |
|    iterations           | 266          |
|    time_elapsed         | 5329         |
|    total_timesteps      | 544768       |
| train/                  |              |
|    approx_kl            | 0.0003277606 |
|    clip_fraction        | 0            |
|    clip_range           | 0.2          |
|    entropy_loss         | -3.03        |
|    explained_variance   | 5.96e-08     |
|    learning_rate        | 0.0003       |
|    loss                 | 2e+07        |
|    n_updates            | 2650         |
|    policy_gradient_loss | -0.000509    |
|    value_loss           | 4.23e+07     |
------------------------------------------
------------------------------------------
| rollout/                |              |
|    ep_len_mean          | 100          |
|    ep_rew_mean          | -4.51e+04    |
| time/                   |              |
|    fps                  | 102          |
|    iterations           | 267          |
|    time_elapsed         | 5350         |
|    total_timesteps      | 546816       |
| train/                  |              |
|    approx_kl            | 0.0008062568 |
|    clip_fraction        | 0            |
|    clip_range           | 0.2          |
|    entropy_loss         | -3.03        |
|    explained_variance   | 0            |
|    learning_rate        | 0.0003       |
|    loss                 | 2.09e+07     |
|    n_updates            | 2660         |
|    policy_gradient_loss | -0.00177     |
|    value_loss           | 4.29e+07     |
------------------------------------------
------------------------------------------
| rollout/                |              |
|    ep_len_mean          | 100          |
|    ep_rew_mean          | -4.51e+04    |
| time/                   |              |
|    fps                  | 102          |
|    iterations           | 268          |
|    time_elapsed         | 5373         |
|    total_timesteps      | 548864       |
| train/                  |              |
|    approx_kl            | 0.0001648915 |
|    clip_fraction        | 0            |
|    clip_range           | 0.2          |
|    entropy_loss         | -3.03        |
|    explained_variance   | 0            |
|    learning_rate        | 0.0003       |
|    loss                 | 2.33e+07     |
|    n_updates            | 2670         |
|    policy_gradient_loss | -0.000465    |
|    value_loss           | 4.63e+07     |
------------------------------------------
Eval num_timesteps=550000, episode_reward=-130776.74 +/- 10842.62
Episode length: 100.00 +/- 0.00
-------------------------------------------
| eval/                   |               |
|    mean_ep_length       | 100           |
|    mean_reward          | -1.31e+05     |
| time/                   |               |
|    total_timesteps      | 550000        |
| train/                  |               |
|    approx_kl            | 0.00063172914 |
|    clip_fraction        | 0             |
|    clip_range           | 0.2           |
|    entropy_loss         | -3.03         |
|    explained_variance   | -1.19e-07     |
|    learning_rate        | 0.0003        |
|    loss                 | 1.93e+07      |
|    n_updates            | 2680          |
|    policy_gradient_loss | -0.00149      |
|    value_loss           | 4.3e+07       |
-------------------------------------------
----------------------------------
| rollout/           |           |
|    ep_len_mean     | 100       |
|    ep_rew_mean     | -4.48e+04 |
| time/              |           |
|    fps             | 101       |
|    iterations      | 269       |
|    time_elapsed    | 5425      |
|    total_timesteps | 550912    |
----------------------------------
-------------------------------------------
| rollout/                |               |
|    ep_len_mean          | 100           |
|    ep_rew_mean          | -4.5e+04      |
| time/                   |               |
|    fps                  | 101           |
|    iterations           | 270           |
|    time_elapsed         | 5438          |
|    total_timesteps      | 552960        |
| train/                  |               |
|    approx_kl            | 0.00040837488 |
|    clip_fraction        | 0             |
|    clip_range           | 0.2           |
|    entropy_loss         | -3.03         |
|    explained_variance   | 0             |
|    learning_rate        | 0.0003        |
|    loss                 | 2.4e+07       |
|    n_updates            | 2690          |
|    policy_gradient_loss | -0.00102      |
|    value_loss           | 4.3e+07       |
-------------------------------------------
-------------------------------------------
| rollout/                |               |
|    ep_len_mean          | 100           |
|    ep_rew_mean          | -4.5e+04      |
| time/                   |               |
|    fps                  | 101           |
|    iterations           | 271           |
|    time_elapsed         | 5455          |
|    total_timesteps      | 555008        |
| train/                  |               |
|    approx_kl            | 0.00024772037 |
|    clip_fraction        | 0             |
|    clip_range           | 0.2           |
|    entropy_loss         | -3.03         |
|    explained_variance   | 0             |
|    learning_rate        | 0.0003        |
|    loss                 | 2.27e+07      |
|    n_updates            | 2700          |
|    policy_gradient_loss | -0.000602     |
|    value_loss           | 4.36e+07      |
-------------------------------------------
-----------------------------------------
| rollout/                |             |
|    ep_len_mean          | 100         |
|    ep_rew_mean          | -4.47e+04   |
| time/                   |             |
|    fps                  | 101         |
|    iterations           | 272         |
|    time_elapsed         | 5468        |
|    total_timesteps      | 557056      |
| train/                  |             |
|    approx_kl            | 0.000679611 |
|    clip_fraction        | 0           |
|    clip_range           | 0.2         |
|    entropy_loss         | -3.03       |
|    explained_variance   | 0           |
|    learning_rate        | 0.0003      |
|    loss                 | 1.81e+07    |
|    n_updates            | 2710        |
|    policy_gradient_loss | -0.00112    |
|    value_loss           | 4.21e+07    |
-----------------------------------------
-------------------------------------------
| rollout/                |               |
|    ep_len_mean          | 100           |
|    ep_rew_mean          | -4.47e+04     |
| time/                   |               |
|    fps                  | 101           |
|    iterations           | 273           |
|    time_elapsed         | 5484          |
|    total_timesteps      | 559104        |
| train/                  |               |
|    approx_kl            | 0.00040367933 |
|    clip_fraction        | 0             |
|    clip_range           | 0.2           |
|    entropy_loss         | -3.04         |
|    explained_variance   | -2.38e-07     |
|    learning_rate        | 0.0003        |
|    loss                 | 2.13e+07      |
|    n_updates            | 2720          |
|    policy_gradient_loss | -0.000934     |
|    value_loss           | 4.27e+07      |
-------------------------------------------
-------------------------------------------
| rollout/                |               |
|    ep_len_mean          | 100           |
|    ep_rew_mean          | -4.47e+04     |
| time/                   |               |
|    fps                  | 101           |
|    iterations           | 274           |
|    time_elapsed         | 5505          |
|    total_timesteps      | 561152        |
| train/                  |               |
|    approx_kl            | 0.00038964176 |
|    clip_fraction        | 0             |
|    clip_range           | 0.2           |
|    entropy_loss         | -3.04         |
|    explained_variance   | 0             |
|    learning_rate        | 0.0003        |
|    loss                 | 2.2e+07       |
|    n_updates            | 2730          |
|    policy_gradient_loss | -0.000837     |
|    value_loss           | 4.01e+07      |
-------------------------------------------
-------------------------------------------
| rollout/                |               |
|    ep_len_mean          | 100           |
|    ep_rew_mean          | -4.45e+04     |
| time/                   |               |
|    fps                  | 102           |
|    iterations           | 275           |
|    time_elapsed         | 5520          |
|    total_timesteps      | 563200        |
| train/                  |               |
|    approx_kl            | 0.00012351759 |
|    clip_fraction        | 0             |
|    clip_range           | 0.2           |
|    entropy_loss         | -3.04         |
|    explained_variance   | 5.96e-08      |
|    learning_rate        | 0.0003        |
|    loss                 | 2.2e+07       |
|    n_updates            | 2740          |
|    policy_gradient_loss | -0.000403     |
|    value_loss           | 4.34e+07      |
-------------------------------------------
-------------------------------------------
| rollout/                |               |
|    ep_len_mean          | 100           |
|    ep_rew_mean          | -4.45e+04     |
| time/                   |               |
|    fps                  | 101           |
|    iterations           | 276           |
|    time_elapsed         | 5542          |
|    total_timesteps      | 565248        |
| train/                  |               |
|    approx_kl            | 0.00019546802 |
|    clip_fraction        | 0             |
|    clip_range           | 0.2           |
|    entropy_loss         | -3.04         |
|    explained_variance   | 0             |
|    learning_rate        | 0.0003        |
|    loss                 | 2.11e+07      |
|    n_updates            | 2750          |
|    policy_gradient_loss | -0.000221     |
|    value_loss           | 4.3e+07       |
-------------------------------------------
------------------------------------------
| rollout/                |              |
|    ep_len_mean          | 100          |
|    ep_rew_mean          | -4.49e+04    |
| time/                   |              |
|    fps                  | 102          |
|    iterations           | 277          |
|    time_elapsed         | 5556         |
|    total_timesteps      | 567296       |
| train/                  |              |
|    approx_kl            | 0.0006675016 |
|    clip_fraction        | 0            |
|    clip_range           | 0.2          |
|    entropy_loss         | -3.04        |
|    explained_variance   | 0            |
|    learning_rate        | 0.0003       |
|    loss                 | 1.95e+07     |
|    n_updates            | 2760         |
|    policy_gradient_loss | -0.00164     |
|    value_loss           | 4.27e+07     |
------------------------------------------
-------------------------------------------
| rollout/                |               |
|    ep_len_mean          | 100           |
|    ep_rew_mean          | -4.49e+04     |
| time/                   |               |
|    fps                  | 102           |
|    iterations           | 278           |
|    time_elapsed         | 5579          |
|    total_timesteps      | 569344        |
| train/                  |               |
|    approx_kl            | 0.00034487044 |
|    clip_fraction        | 0             |
|    clip_range           | 0.2           |
|    entropy_loss         | -3.04         |
|    explained_variance   | 0             |
|    learning_rate        | 0.0003        |
|    loss                 | 2.17e+07      |
|    n_updates            | 2770          |
|    policy_gradient_loss | -0.000732     |
|    value_loss           | 4.54e+07      |
-------------------------------------------
------------------------------------------
| rollout/                |              |
|    ep_len_mean          | 100          |
|    ep_rew_mean          | -4.49e+04    |
| time/                   |              |
|    fps                  | 102          |
|    iterations           | 279          |
|    time_elapsed         | 5593         |
|    total_timesteps      | 571392       |
| train/                  |              |
|    approx_kl            | 0.0002809736 |
|    clip_fraction        | 0            |
|    clip_range           | 0.2          |
|    entropy_loss         | -3.04        |
|    explained_variance   | 0            |
|    learning_rate        | 0.0003       |
|    loss                 | 2.08e+07     |
|    n_updates            | 2780         |
|    policy_gradient_loss | -0.000726    |
|    value_loss           | 4.23e+07     |
------------------------------------------
------------------------------------------
| rollout/                |              |
|    ep_len_mean          | 100          |
|    ep_rew_mean          | -4.5e+04     |
| time/                   |              |
|    fps                  | 102          |
|    iterations           | 280          |
|    time_elapsed         | 5614         |
|    total_timesteps      | 573440       |
| train/                  |              |
|    approx_kl            | 0.0003089525 |
|    clip_fraction        | 0            |
|    clip_range           | 0.2          |
|    entropy_loss         | -3.04        |
|    explained_variance   | 5.96e-08     |
|    learning_rate        | 0.0003       |
|    loss                 | 2.15e+07     |
|    n_updates            | 2790         |
|    policy_gradient_loss | -0.000404    |
|    value_loss           | 4.29e+07     |
------------------------------------------
-------------------------------------------
| rollout/                |               |
|    ep_len_mean          | 100           |
|    ep_rew_mean          | -4.51e+04     |
| time/                   |               |
|    fps                  | 102           |
|    iterations           | 281           |
|    time_elapsed         | 5627          |
|    total_timesteps      | 575488        |
| train/                  |               |
|    approx_kl            | 0.00018712296 |
|    clip_fraction        | 0             |
|    clip_range           | 0.2           |
|    entropy_loss         | -3.05         |
|    explained_variance   | 0             |
|    learning_rate        | 0.0003        |
|    loss                 | 2.05e+07      |
|    n_updates            | 2800          |
|    policy_gradient_loss | -0.000263     |
|    value_loss           | 4.34e+07      |
-------------------------------------------
-------------------------------------------
| rollout/                |               |
|    ep_len_mean          | 100           |
|    ep_rew_mean          | -4.48e+04     |
| time/                   |               |
|    fps                  | 102           |
|    iterations           | 282           |
|    time_elapsed         | 5646          |
|    total_timesteps      | 577536        |
| train/                  |               |
|    approx_kl            | 0.00043745278 |
|    clip_fraction        | 0             |
|    clip_range           | 0.2           |
|    entropy_loss         | -3.05         |
|    explained_variance   | 0             |
|    learning_rate        | 0.0003        |
|    loss                 | 2.14e+07      |
|    n_updates            | 2810          |
|    policy_gradient_loss | -0.000998     |
|    value_loss           | 4.17e+07      |
-------------------------------------------
-------------------------------------------
| rollout/                |               |
|    ep_len_mean          | 100           |
|    ep_rew_mean          | -4.47e+04     |
| time/                   |               |
|    fps                  | 102           |
|    iterations           | 283           |
|    time_elapsed         | 5669          |
|    total_timesteps      | 579584        |
| train/                  |               |
|    approx_kl            | 0.00050013873 |
|    clip_fraction        | 0             |
|    clip_range           | 0.2           |
|    entropy_loss         | -3.05         |
|    explained_variance   | 0             |
|    learning_rate        | 0.0003        |
|    loss                 | 2.06e+07      |
|    n_updates            | 2820          |
|    policy_gradient_loss | -0.000938     |
|    value_loss           | 3.93e+07      |
-------------------------------------------
------------------------------------------
| rollout/                |              |
|    ep_len_mean          | 100          |
|    ep_rew_mean          | -4.45e+04    |
| time/                   |              |
|    fps                  | 102          |
|    iterations           | 284          |
|    time_elapsed         | 5689         |
|    total_timesteps      | 581632       |
| train/                  |              |
|    approx_kl            | 7.205707e-05 |
|    clip_fraction        | 0            |
|    clip_range           | 0.2          |
|    entropy_loss         | -3.05        |
|    explained_variance   | 1.79e-07     |
|    learning_rate        | 0.0003       |
|    loss                 | 2.13e+07     |
|    n_updates            | 2830         |
|    policy_gradient_loss | -0.000154    |
|    value_loss           | 4.16e+07     |
------------------------------------------
-------------------------------------------
| rollout/                |               |
|    ep_len_mean          | 100           |
|    ep_rew_mean          | -4.45e+04     |
| time/                   |               |
|    fps                  | 102           |
|    iterations           | 285           |
|    time_elapsed         | 5711          |
|    total_timesteps      | 583680        |
| train/                  |               |
|    approx_kl            | 0.00022977233 |
|    clip_fraction        | 0             |
|    clip_range           | 0.2           |
|    entropy_loss         | -3.05         |
|    explained_variance   | 0             |
|    learning_rate        | 0.0003        |
|    loss                 | 2.25e+07      |
|    n_updates            | 2840          |
|    policy_gradient_loss | -0.000536     |
|    value_loss           | 4.32e+07      |
-------------------------------------------
------------------------------------------
| rollout/                |              |
|    ep_len_mean          | 100          |
|    ep_rew_mean          | -4.48e+04    |
| time/                   |              |
|    fps                  | 102          |
|    iterations           | 286          |
|    time_elapsed         | 5731         |
|    total_timesteps      | 585728       |
| train/                  |              |
|    approx_kl            | 0.0003901157 |
|    clip_fraction        | 0            |
|    clip_range           | 0.2          |
|    entropy_loss         | -3.05        |
|    explained_variance   | 0            |
|    learning_rate        | 0.0003       |
|    loss                 | 2.36e+07     |
|    n_updates            | 2850         |
|    policy_gradient_loss | -0.000902    |
|    value_loss           | 4.4e+07      |
------------------------------------------
-------------------------------------------
| rollout/                |               |
|    ep_len_mean          | 100           |
|    ep_rew_mean          | -4.52e+04     |
| time/                   |               |
|    fps                  | 102           |
|    iterations           | 287           |
|    time_elapsed         | 5750          |
|    total_timesteps      | 587776        |
| train/                  |               |
|    approx_kl            | 0.00038261083 |
|    clip_fraction        | 0             |
|    clip_range           | 0.2           |
|    entropy_loss         | -3.04         |
|    explained_variance   | 0             |
|    learning_rate        | 0.0003        |
|    loss                 | 2.17e+07      |
|    n_updates            | 2860          |
|    policy_gradient_loss | -0.001        |
|    value_loss           | 4.44e+07      |
-------------------------------------------
-------------------------------------------
| rollout/                |               |
|    ep_len_mean          | 100           |
|    ep_rew_mean          | -4.49e+04     |
| time/                   |               |
|    fps                  | 102           |
|    iterations           | 288           |
|    time_elapsed         | 5764          |
|    total_timesteps      | 589824        |
| train/                  |               |
|    approx_kl            | 0.00038269168 |
|    clip_fraction        | 0             |
|    clip_range           | 0.2           |
|    entropy_loss         | -3.04         |
|    explained_variance   | 0             |
|    learning_rate        | 0.0003        |
|    loss                 | 1.98e+07      |
|    n_updates            | 2870          |
|    policy_gradient_loss | -0.000924     |
|    value_loss           | 4.25e+07      |
-------------------------------------------
-------------------------------------------
| rollout/                |               |
|    ep_len_mean          | 100           |
|    ep_rew_mean          | -4.47e+04     |
| time/                   |               |
|    fps                  | 102           |
|    iterations           | 289           |
|    time_elapsed         | 5781          |
|    total_timesteps      | 591872        |
| train/                  |               |
|    approx_kl            | 0.00019002601 |
|    clip_fraction        | 0             |
|    clip_range           | 0.2           |
|    entropy_loss         | -3.04         |
|    explained_variance   | 0             |
|    learning_rate        | 0.0003        |
|    loss                 | 1.86e+07      |
|    n_updates            | 2880          |
|    policy_gradient_loss | -0.000407     |
|    value_loss           | 3.92e+07      |
-------------------------------------------
-------------------------------------------
| rollout/                |               |
|    ep_len_mean          | 100           |
|    ep_rew_mean          | -4.45e+04     |
| time/                   |               |
|    fps                  | 102           |
|    iterations           | 290           |
|    time_elapsed         | 5795          |
|    total_timesteps      | 593920        |
| train/                  |               |
|    approx_kl            | 0.00012613912 |
|    clip_fraction        | 0             |
|    clip_range           | 0.2           |
|    entropy_loss         | -3.04         |
|    explained_variance   | 1.19e-07      |
|    learning_rate        | 0.0003        |
|    loss                 | 2.25e+07      |
|    n_updates            | 2890          |
|    policy_gradient_loss | -0.000311     |
|    value_loss           | 4.25e+07      |
-------------------------------------------
------------------------------------------
| rollout/                |              |
|    ep_len_mean          | 100          |
|    ep_rew_mean          | -4.44e+04    |
| time/                   |              |
|    fps                  | 102          |
|    iterations           | 291          |
|    time_elapsed         | 5813         |
|    total_timesteps      | 595968       |
| train/                  |              |
|    approx_kl            | 0.0004034239 |
|    clip_fraction        | 0            |
|    clip_range           | 0.2          |
|    entropy_loss         | -3.04        |
|    explained_variance   | 0            |
|    learning_rate        | 0.0003       |
|    loss                 | 2.16e+07     |
|    n_updates            | 2900         |
|    policy_gradient_loss | -0.00106     |
|    value_loss           | 4.2e+07      |
------------------------------------------
-------------------------------------------
| rollout/                |               |
|    ep_len_mean          | 100           |
|    ep_rew_mean          | -4.5e+04      |
| time/                   |               |
|    fps                  | 102           |
|    iterations           | 292           |
|    time_elapsed         | 5835          |
|    total_timesteps      | 598016        |
| train/                  |               |
|    approx_kl            | 0.00017516577 |
|    clip_fraction        | 0             |
|    clip_range           | 0.2           |
|    entropy_loss         | -3.04         |
|    explained_variance   | -1.19e-07     |
|    learning_rate        | 0.0003        |
|    loss                 | 2.47e+07      |
|    n_updates            | 2910          |
|    policy_gradient_loss | -0.00024      |
|    value_loss           | 4.4e+07       |
-------------------------------------------
Eval num_timesteps=600000, episode_reward=-130363.54 +/- 10718.57
Episode length: 100.00 +/- 0.00
-------------------------------------------
| eval/                   |               |
|    mean_ep_length       | 100           |
|    mean_reward          | -1.3e+05      |
| time/                   |               |
|    total_timesteps      | 600000        |
| train/                  |               |
|    approx_kl            | 0.00047144917 |
|    clip_fraction        | 0             |
|    clip_range           | 0.2           |
|    entropy_loss         | -3.04         |
|    explained_variance   | -1.19e-07     |
|    learning_rate        | 0.0003        |
|    loss                 | 2.02e+07      |
|    n_updates            | 2920          |
|    policy_gradient_loss | -0.0011       |
|    value_loss           | 4.66e+07      |
-------------------------------------------
----------------------------------
| rollout/           |           |
|    ep_len_mean     | 100       |
|    ep_rew_mean     | -4.54e+04 |
| time/              |           |
|    fps             | 101       |
|    iterations      | 293       |
|    time_elapsed    | 5893      |
|    total_timesteps | 600064    |
----------------------------------
------------------------------------------
| rollout/                |              |
|    ep_len_mean          | 100          |
|    ep_rew_mean          | -4.52e+04    |
| time/                   |              |
|    fps                  | 101          |
|    iterations           | 294          |
|    time_elapsed         | 5915         |
|    total_timesteps      | 602112       |
| train/                  |              |
|    approx_kl            | 0.0002890422 |
|    clip_fraction        | 0            |
|    clip_range           | 0.2          |
|    entropy_loss         | -3.04        |
|    explained_variance   | 0            |
|    learning_rate        | 0.0003       |
|    loss                 | 2.23e+07     |
|    n_updates            | 2930         |
|    policy_gradient_loss | -0.000718    |
|    value_loss           | 4.57e+07     |
------------------------------------------
-------------------------------------------
| rollout/                |               |
|    ep_len_mean          | 100           |
|    ep_rew_mean          | -4.54e+04     |
| time/                   |               |
|    fps                  | 101           |
|    iterations           | 295           |
|    time_elapsed         | 5936          |
|    total_timesteps      | 604160        |
| train/                  |               |
|    approx_kl            | 0.00055207143 |
|    clip_fraction        | 0             |
|    clip_range           | 0.2           |
|    entropy_loss         | -3.04         |
|    explained_variance   | 0             |
|    learning_rate        | 0.0003        |
|    loss                 | 1.87e+07      |
|    n_updates            | 2940          |
|    policy_gradient_loss | -0.000897     |
|    value_loss           | 4.03e+07      |
-------------------------------------------
-------------------------------------------
| rollout/                |               |
|    ep_len_mean          | 100           |
|    ep_rew_mean          | -4.57e+04     |
| time/                   |               |
|    fps                  | 101           |
|    iterations           | 296           |
|    time_elapsed         | 5959          |
|    total_timesteps      | 606208        |
| train/                  |               |
|    approx_kl            | 0.00011760066 |
|    clip_fraction        | 0             |
|    clip_range           | 0.2           |
|    entropy_loss         | -3.04         |
|    explained_variance   | -1.19e-07     |
|    learning_rate        | 0.0003        |
|    loss                 | 1.95e+07      |
|    n_updates            | 2950          |
|    policy_gradient_loss | -0.000225     |
|    value_loss           | 4.27e+07      |
-------------------------------------------
-------------------------------------------
| rollout/                |               |
|    ep_len_mean          | 100           |
|    ep_rew_mean          | -4.52e+04     |
| time/                   |               |
|    fps                  | 101           |
|    iterations           | 297           |
|    time_elapsed         | 5979          |
|    total_timesteps      | 608256        |
| train/                  |               |
|    approx_kl            | 0.00012725638 |
|    clip_fraction        | 0             |
|    clip_range           | 0.2           |
|    entropy_loss         | -3.04         |
|    explained_variance   | -1.19e-07     |
|    learning_rate        | 0.0003        |
|    loss                 | 2.34e+07      |
|    n_updates            | 2960          |
|    policy_gradient_loss | -0.000317     |
|    value_loss           | 4.6e+07       |
-------------------------------------------
-------------------------------------------
| rollout/                |               |
|    ep_len_mean          | 100           |
|    ep_rew_mean          | -4.5e+04      |
| time/                   |               |
|    fps                  | 101           |
|    iterations           | 298           |
|    time_elapsed         | 6002          |
|    total_timesteps      | 610304        |
| train/                  |               |
|    approx_kl            | 0.00032322295 |
|    clip_fraction        | 0             |
|    clip_range           | 0.2           |
|    entropy_loss         | -3.04         |
|    explained_variance   | 1.19e-07      |
|    learning_rate        | 0.0003        |
|    loss                 | 2.17e+07      |
|    n_updates            | 2970          |
|    policy_gradient_loss | -0.000726     |
|    value_loss           | 4.22e+07      |
-------------------------------------------
-------------------------------------------
| rollout/                |               |
|    ep_len_mean          | 100           |
|    ep_rew_mean          | -4.56e+04     |
| time/                   |               |
|    fps                  | 101           |
|    iterations           | 299           |
|    time_elapsed         | 6022          |
|    total_timesteps      | 612352        |
| train/                  |               |
|    approx_kl            | 0.00017763095 |
|    clip_fraction        | 0             |
|    clip_range           | 0.2           |
|    entropy_loss         | -3.04         |
|    explained_variance   | 0             |
|    learning_rate        | 0.0003        |
|    loss                 | 2.03e+07      |
|    n_updates            | 2980          |
|    policy_gradient_loss | -0.000536     |
|    value_loss           | 4.23e+07      |
-------------------------------------------
------------------------------------------
| rollout/                |              |
|    ep_len_mean          | 100          |
|    ep_rew_mean          | -4.52e+04    |
| time/                   |              |
|    fps                  | 101          |
|    iterations           | 300          |
|    time_elapsed         | 6039         |
|    total_timesteps      | 614400       |
| train/                  |              |
|    approx_kl            | 0.0005442315 |
|    clip_fraction        | 0            |
|    clip_range           | 0.2          |
|    entropy_loss         | -3.04        |
|    explained_variance   | 0            |
|    learning_rate        | 0.0003       |
|    loss                 | 2.12e+07     |
|    n_updates            | 2990         |
|    policy_gradient_loss | -0.00074     |
|    value_loss           | 4.57e+07     |
------------------------------------------
-------------------------------------------
| rollout/                |               |
|    ep_len_mean          | 100           |
|    ep_rew_mean          | -4.49e+04     |
| time/                   |               |
|    fps                  | 101           |
|    iterations           | 301           |
|    time_elapsed         | 6054          |
|    total_timesteps      | 616448        |
| train/                  |               |
|    approx_kl            | 0.00029289362 |
|    clip_fraction        | 0             |
|    clip_range           | 0.2           |
|    entropy_loss         | -3.04         |
|    explained_variance   | -1.19e-07     |
|    learning_rate        | 0.0003        |
|    loss                 | 2.03e+07      |
|    n_updates            | 3000          |
|    policy_gradient_loss | -0.000871     |
|    value_loss           | 4.15e+07      |
-------------------------------------------
------------------------------------------
| rollout/                |              |
|    ep_len_mean          | 100          |
|    ep_rew_mean          | -4.51e+04    |
| time/                   |              |
|    fps                  | 101          |
|    iterations           | 302          |
|    time_elapsed         | 6073         |
|    total_timesteps      | 618496       |
| train/                  |              |
|    approx_kl            | 0.0001316567 |
|    clip_fraction        | 0            |
|    clip_range           | 0.2          |
|    entropy_loss         | -3.04        |
|    explained_variance   | 1.79e-07     |
|    learning_rate        | 0.0003       |
|    loss                 | 1.98e+07     |
|    n_updates            | 3010         |
|    policy_gradient_loss | -0.000426    |
|    value_loss           | 4.25e+07     |
------------------------------------------
-------------------------------------------
| rollout/                |               |
|    ep_len_mean          | 100           |
|    ep_rew_mean          | -4.52e+04     |
| time/                   |               |
|    fps                  | 101           |
|    iterations           | 303           |
|    time_elapsed         | 6093          |
|    total_timesteps      | 620544        |
| train/                  |               |
|    approx_kl            | 0.00052819186 |
|    clip_fraction        | 0             |
|    clip_range           | 0.2           |
|    entropy_loss         | -3.04         |
|    explained_variance   | 0             |
|    learning_rate        | 0.0003        |
|    loss                 | 2.15e+07      |
|    n_updates            | 3020          |
|    policy_gradient_loss | -0.00106      |
|    value_loss           | 4.43e+07      |
-------------------------------------------
------------------------------------------
| rollout/                |              |
|    ep_len_mean          | 100          |
|    ep_rew_mean          | -4.55e+04    |
| time/                   |              |
|    fps                  | 101          |
|    iterations           | 304          |
|    time_elapsed         | 6113         |
|    total_timesteps      | 622592       |
| train/                  |              |
|    approx_kl            | 0.0004643312 |
|    clip_fraction        | 0            |
|    clip_range           | 0.2          |
|    entropy_loss         | -3.04        |
|    explained_variance   | 0            |
|    learning_rate        | 0.0003       |
|    loss                 | 2.24e+07     |
|    n_updates            | 3030         |
|    policy_gradient_loss | -0.00106     |
|    value_loss           | 4.31e+07     |
------------------------------------------
------------------------------------------
| rollout/                |              |
|    ep_len_mean          | 100          |
|    ep_rew_mean          | -4.58e+04    |
| time/                   |              |
|    fps                  | 101          |
|    iterations           | 305          |
|    time_elapsed         | 6134         |
|    total_timesteps      | 624640       |
| train/                  |              |
|    approx_kl            | 0.0001146759 |
|    clip_fraction        | 0            |
|    clip_range           | 0.2          |
|    entropy_loss         | -3.04        |
|    explained_variance   | 0            |
|    learning_rate        | 0.0003       |
|    loss                 | 2.41e+07     |
|    n_updates            | 3040         |
|    policy_gradient_loss | -0.00039     |
|    value_loss           | 4.73e+07     |
------------------------------------------
-------------------------------------------
| rollout/                |               |
|    ep_len_mean          | 100           |
|    ep_rew_mean          | -4.6e+04      |
| time/                   |               |
|    fps                  | 101           |
|    iterations           | 306           |
|    time_elapsed         | 6155          |
|    total_timesteps      | 626688        |
| train/                  |               |
|    approx_kl            | 0.00020997901 |
|    clip_fraction        | 0             |
|    clip_range           | 0.2           |
|    entropy_loss         | -3.04         |
|    explained_variance   | 0             |
|    learning_rate        | 0.0003        |
|    loss                 | 1.97e+07      |
|    n_updates            | 3050          |
|    policy_gradient_loss | -0.000614     |
|    value_loss           | 4.5e+07       |
-------------------------------------------
-------------------------------------------
| rollout/                |               |
|    ep_len_mean          | 100           |
|    ep_rew_mean          | -4.61e+04     |
| time/                   |               |
|    fps                  | 101           |
|    iterations           | 307           |
|    time_elapsed         | 6175          |
|    total_timesteps      | 628736        |
| train/                  |               |
|    approx_kl            | 0.00028486643 |
|    clip_fraction        | 0             |
|    clip_range           | 0.2           |
|    entropy_loss         | -3.03         |
|    explained_variance   | 5.96e-08      |
|    learning_rate        | 0.0003        |
|    loss                 | 2.13e+07      |
|    n_updates            | 3060          |
|    policy_gradient_loss | -0.00068      |
|    value_loss           | 4.3e+07       |
-------------------------------------------
-------------------------------------------
| rollout/                |               |
|    ep_len_mean          | 100           |
|    ep_rew_mean          | -4.59e+04     |
| time/                   |               |
|    fps                  | 101           |
|    iterations           | 308           |
|    time_elapsed         | 6189          |
|    total_timesteps      | 630784        |
| train/                  |               |
|    approx_kl            | 0.00018615139 |
|    clip_fraction        | 0             |
|    clip_range           | 0.2           |
|    entropy_loss         | -3.03         |
|    explained_variance   | 1.79e-07      |
|    learning_rate        | 0.0003        |
|    loss                 | 1.77e+07      |
|    n_updates            | 3070          |
|    policy_gradient_loss | -0.00036      |
|    value_loss           | 4.59e+07      |
-------------------------------------------
-------------------------------------------
| rollout/                |               |
|    ep_len_mean          | 100           |
|    ep_rew_mean          | -4.57e+04     |
| time/                   |               |
|    fps                  | 101           |
|    iterations           | 309           |
|    time_elapsed         | 6208          |
|    total_timesteps      | 632832        |
| train/                  |               |
|    approx_kl            | 0.00024029784 |
|    clip_fraction        | 0             |
|    clip_range           | 0.2           |
|    entropy_loss         | -3.04         |
|    explained_variance   | 0             |
|    learning_rate        | 0.0003        |
|    loss                 | 2.15e+07      |
|    n_updates            | 3080          |
|    policy_gradient_loss | -0.000491     |
|    value_loss           | 4.41e+07      |
-------------------------------------------
-------------------------------------------
| rollout/                |               |
|    ep_len_mean          | 100           |
|    ep_rew_mean          | -4.51e+04     |
| time/                   |               |
|    fps                  | 101           |
|    iterations           | 310           |
|    time_elapsed         | 6228          |
|    total_timesteps      | 634880        |
| train/                  |               |
|    approx_kl            | 0.00017051725 |
|    clip_fraction        | 0             |
|    clip_range           | 0.2           |
|    entropy_loss         | -3.04         |
|    explained_variance   | -1.19e-07     |
|    learning_rate        | 0.0003        |
|    loss                 | 2.37e+07      |
|    n_updates            | 3090          |
|    policy_gradient_loss | -0.000638     |
|    value_loss           | 4.47e+07      |
-------------------------------------------
-------------------------------------------
| rollout/                |               |
|    ep_len_mean          | 100           |
|    ep_rew_mean          | -4.58e+04     |
| time/                   |               |
|    fps                  | 101           |
|    iterations           | 311           |
|    time_elapsed         | 6249          |
|    total_timesteps      | 636928        |
| train/                  |               |
|    approx_kl            | 0.00027558577 |
|    clip_fraction        | 0             |
|    clip_range           | 0.2           |
|    entropy_loss         | -3.03         |
|    explained_variance   | -1.19e-07     |
|    learning_rate        | 0.0003        |
|    loss                 | 2.11e+07      |
|    n_updates            | 3100          |
|    policy_gradient_loss | -0.000718     |
|    value_loss           | 4.19e+07      |
-------------------------------------------
------------------------------------------
| rollout/                |              |
|    ep_len_mean          | 100          |
|    ep_rew_mean          | -4.55e+04    |
| time/                   |              |
|    fps                  | 102          |
|    iterations           | 312          |
|    time_elapsed         | 6263         |
|    total_timesteps      | 638976       |
| train/                  |              |
|    approx_kl            | 0.0001548221 |
|    clip_fraction        | 0            |
|    clip_range           | 0.2          |
|    entropy_loss         | -3.03        |
|    explained_variance   | 0            |
|    learning_rate        | 0.0003       |
|    loss                 | 2.33e+07     |
|    n_updates            | 3110         |
|    policy_gradient_loss | -0.000219    |
|    value_loss           | 4.81e+07     |
------------------------------------------
-----------------------------------------
| rollout/                |             |
|    ep_len_mean          | 100         |
|    ep_rew_mean          | -4.55e+04   |
| time/                   |             |
|    fps                  | 102         |
|    iterations           | 313         |
|    time_elapsed         | 6282        |
|    total_timesteps      | 641024      |
| train/                  |             |
|    approx_kl            | 0.000526972 |
|    clip_fraction        | 0           |
|    clip_range           | 0.2         |
|    entropy_loss         | -3.03       |
|    explained_variance   | 0           |
|    learning_rate        | 0.0003      |
|    loss                 | 2.41e+07    |
|    n_updates            | 3120        |
|    policy_gradient_loss | -0.00145    |
|    value_loss           | 4.45e+07    |
-----------------------------------------
--------------------------------------------
| rollout/                |                |
|    ep_len_mean          | 100            |
|    ep_rew_mean          | -4.55e+04      |
| time/                   |                |
|    fps                  | 102            |
|    iterations           | 314            |
|    time_elapsed         | 6296           |
|    total_timesteps      | 643072         |
| train/                  |                |
|    approx_kl            | 0.000108841894 |
|    clip_fraction        | 0              |
|    clip_range           | 0.2            |
|    entropy_loss         | -3.03          |
|    explained_variance   | 0              |
|    learning_rate        | 0.0003         |
|    loss                 | 1.68e+07       |
|    n_updates            | 3130           |
|    policy_gradient_loss | -0.000172      |
|    value_loss           | 4.15e+07       |
--------------------------------------------
------------------------------------------
| rollout/                |              |
|    ep_len_mean          | 100          |
|    ep_rew_mean          | -4.56e+04    |
| time/                   |              |
|    fps                  | 102          |
|    iterations           | 315          |
|    time_elapsed         | 6316         |
|    total_timesteps      | 645120       |
| train/                  |              |
|    approx_kl            | 0.0004261717 |
|    clip_fraction        | 0            |
|    clip_range           | 0.2          |
|    entropy_loss         | -3.03        |
|    explained_variance   | -1.19e-07    |
|    learning_rate        | 0.0003       |
|    loss                 | 2.32e+07     |
|    n_updates            | 3140         |
|    policy_gradient_loss | -0.00096     |
|    value_loss           | 4.34e+07     |
------------------------------------------
------------------------------------------
| rollout/                |              |
|    ep_len_mean          | 100          |
|    ep_rew_mean          | -4.49e+04    |
| time/                   |              |
|    fps                  | 102          |
|    iterations           | 316          |
|    time_elapsed         | 6338         |
|    total_timesteps      | 647168       |
| train/                  |              |
|    approx_kl            | 0.0003967094 |
|    clip_fraction        | 0            |
|    clip_range           | 0.2          |
|    entropy_loss         | -3.03        |
|    explained_variance   | 0            |
|    learning_rate        | 0.0003       |
|    loss                 | 2.13e+07     |
|    n_updates            | 3150         |
|    policy_gradient_loss | -0.000926    |
|    value_loss           | 4.24e+07     |
------------------------------------------
-------------------------------------------
| rollout/                |               |
|    ep_len_mean          | 100           |
|    ep_rew_mean          | -4.45e+04     |
| time/                   |               |
|    fps                  | 102           |
|    iterations           | 317           |
|    time_elapsed         | 6358          |
|    total_timesteps      | 649216        |
| train/                  |               |
|    approx_kl            | 0.00020894245 |
|    clip_fraction        | 0             |
|    clip_range           | 0.2           |
|    entropy_loss         | -3.03         |
|    explained_variance   | 5.96e-08      |
|    learning_rate        | 0.0003        |
|    loss                 | 2.41e+07      |
|    n_updates            | 3160          |
|    policy_gradient_loss | -0.000371     |
|    value_loss           | 4.2e+07       |
-------------------------------------------
Eval num_timesteps=650000, episode_reward=-131615.95 +/- 8539.53
Episode length: 100.00 +/- 0.00
-------------------------------------------
| eval/                   |               |
|    mean_ep_length       | 100           |
|    mean_reward          | -1.32e+05     |
| time/                   |               |
|    total_timesteps      | 650000        |
| train/                  |               |
|    approx_kl            | 0.00041264785 |
|    clip_fraction        | 0             |
|    clip_range           | 0.2           |
|    entropy_loss         | -3.02         |
|    explained_variance   | 0             |
|    learning_rate        | 0.0003        |
|    loss                 | 2.19e+07      |
|    n_updates            | 3170          |
|    policy_gradient_loss | -0.000982     |
|    value_loss           | 3.85e+07      |
-------------------------------------------
----------------------------------
| rollout/           |           |
|    ep_len_mean     | 100       |
|    ep_rew_mean     | -4.42e+04 |
| time/              |           |
|    fps             | 101       |
|    iterations      | 318       |
|    time_elapsed    | 6420      |
|    total_timesteps | 651264    |
----------------------------------
-------------------------------------------
| rollout/                |               |
|    ep_len_mean          | 100           |
|    ep_rew_mean          | -4.44e+04     |
| time/                   |               |
|    fps                  | 101           |
|    iterations           | 319           |
|    time_elapsed         | 6434          |
|    total_timesteps      | 653312        |
| train/                  |               |
|    approx_kl            | 0.00024151875 |
|    clip_fraction        | 0             |
|    clip_range           | 0.2           |
|    entropy_loss         | -3.02         |
|    explained_variance   | 0             |
|    learning_rate        | 0.0003        |
|    loss                 | 2.17e+07      |
|    n_updates            | 3180          |
|    policy_gradient_loss | -0.000413     |
|    value_loss           | 4.13e+07      |
-------------------------------------------
-------------------------------------------
| rollout/                |               |
|    ep_len_mean          | 100           |
|    ep_rew_mean          | -4.4e+04      |
| time/                   |               |
|    fps                  | 101           |
|    iterations           | 320           |
|    time_elapsed         | 6450          |
|    total_timesteps      | 655360        |
| train/                  |               |
|    approx_kl            | 0.00032243854 |
|    clip_fraction        | 0             |
|    clip_range           | 0.2           |
|    entropy_loss         | -3.03         |
|    explained_variance   | 5.96e-08      |
|    learning_rate        | 0.0003        |
|    loss                 | 2.11e+07      |
|    n_updates            | 3190          |
|    policy_gradient_loss | -0.000657     |
|    value_loss           | 4.39e+07      |
-------------------------------------------
------------------------------------------
| rollout/                |              |
|    ep_len_mean          | 100          |
|    ep_rew_mean          | -4.42e+04    |
| time/                   |              |
|    fps                  | 101          |
|    iterations           | 321          |
|    time_elapsed         | 6464         |
|    total_timesteps      | 657408       |
| train/                  |              |
|    approx_kl            | 0.0006942908 |
|    clip_fraction        | 0            |
|    clip_range           | 0.2          |
|    entropy_loss         | -3.03        |
|    explained_variance   | 1.19e-07     |
|    learning_rate        | 0.0003       |
|    loss                 | 1.9e+07      |
|    n_updates            | 3200         |
|    policy_gradient_loss | -0.00173     |
|    value_loss           | 4.03e+07     |
------------------------------------------
-------------------------------------------
| rollout/                |               |
|    ep_len_mean          | 100           |
|    ep_rew_mean          | -4.41e+04     |
| time/                   |               |
|    fps                  | 101           |
|    iterations           | 322           |
|    time_elapsed         | 6484          |
|    total_timesteps      | 659456        |
| train/                  |               |
|    approx_kl            | 0.00018337386 |
|    clip_fraction        | 0             |
|    clip_range           | 0.2           |
|    entropy_loss         | -3.03         |
|    explained_variance   | 1.19e-07      |
|    learning_rate        | 0.0003        |
|    loss                 | 2.2e+07       |
|    n_updates            | 3210          |
|    policy_gradient_loss | -0.000207     |
|    value_loss           | 4.15e+07      |
-------------------------------------------
------------------------------------------
| rollout/                |              |
|    ep_len_mean          | 100          |
|    ep_rew_mean          | -4.43e+04    |
| time/                   |              |
|    fps                  | 101          |
|    iterations           | 323          |
|    time_elapsed         | 6500         |
|    total_timesteps      | 661504       |
| train/                  |              |
|    approx_kl            | 0.0007506698 |
|    clip_fraction        | 0            |
|    clip_range           | 0.2          |
|    entropy_loss         | -3.03        |
|    explained_variance   | 0            |
|    learning_rate        | 0.0003       |
|    loss                 | 1.81e+07     |
|    n_updates            | 3220         |
|    policy_gradient_loss | -0.00143     |
|    value_loss           | 3.94e+07     |
------------------------------------------
-------------------------------------------
| rollout/                |               |
|    ep_len_mean          | 100           |
|    ep_rew_mean          | -4.44e+04     |
| time/                   |               |
|    fps                  | 101           |
|    iterations           | 324           |
|    time_elapsed         | 6519          |
|    total_timesteps      | 663552        |
| train/                  |               |
|    approx_kl            | 0.00018614513 |
|    clip_fraction        | 0             |
|    clip_range           | 0.2           |
|    entropy_loss         | -3.03         |
|    explained_variance   | -1.19e-07     |
|    learning_rate        | 0.0003        |
|    loss                 | 2.14e+07      |
|    n_updates            | 3230          |
|    policy_gradient_loss | -0.0005       |
|    value_loss           | 4.32e+07      |
-------------------------------------------
-------------------------------------------
| rollout/                |               |
|    ep_len_mean          | 100           |
|    ep_rew_mean          | -4.5e+04      |
| time/                   |               |
|    fps                  | 101           |
|    iterations           | 325           |
|    time_elapsed         | 6540          |
|    total_timesteps      | 665600        |
| train/                  |               |
|    approx_kl            | 0.00035950597 |
|    clip_fraction        | 0             |
|    clip_range           | 0.2           |
|    entropy_loss         | -3.03         |
|    explained_variance   | 0             |
|    learning_rate        | 0.0003        |
|    loss                 | 2.01e+07      |
|    n_updates            | 3240          |
|    policy_gradient_loss | -0.000844     |
|    value_loss           | 4.35e+07      |
-------------------------------------------
-------------------------------------------
| rollout/                |               |
|    ep_len_mean          | 100           |
|    ep_rew_mean          | -4.49e+04     |
| time/                   |               |
|    fps                  | 101           |
|    iterations           | 326           |
|    time_elapsed         | 6561          |
|    total_timesteps      | 667648        |
| train/                  |               |
|    approx_kl            | 0.00012538131 |
|    clip_fraction        | 0             |
|    clip_range           | 0.2           |
|    entropy_loss         | -3.03         |
|    explained_variance   | 0             |
|    learning_rate        | 0.0003        |
|    loss                 | 2.51e+07      |
|    n_updates            | 3250          |
|    policy_gradient_loss | -0.000295     |
|    value_loss           | 4.59e+07      |
-------------------------------------------
-------------------------------------------
| rollout/                |               |
|    ep_len_mean          | 100           |
|    ep_rew_mean          | -4.51e+04     |
| time/                   |               |
|    fps                  | 101           |
|    iterations           | 327           |
|    time_elapsed         | 6583          |
|    total_timesteps      | 669696        |
| train/                  |               |
|    approx_kl            | 0.00043624142 |
|    clip_fraction        | 0             |
|    clip_range           | 0.2           |
|    entropy_loss         | -3.03         |
|    explained_variance   | 5.96e-08      |
|    learning_rate        | 0.0003        |
|    loss                 | 2.14e+07      |
|    n_updates            | 3260          |
|    policy_gradient_loss | -0.00112      |
|    value_loss           | 4.23e+07      |
-------------------------------------------
------------------------------------------
| rollout/                |              |
|    ep_len_mean          | 100          |
|    ep_rew_mean          | -4.53e+04    |
| time/                   |              |
|    fps                  | 101          |
|    iterations           | 328          |
|    time_elapsed         | 6603         |
|    total_timesteps      | 671744       |
| train/                  |              |
|    approx_kl            | 0.0005509452 |
|    clip_fraction        | 0            |
|    clip_range           | 0.2          |
|    entropy_loss         | -3.03        |
|    explained_variance   | -1.19e-07    |
|    learning_rate        | 0.0003       |
|    loss                 | 2.11e+07     |
|    n_updates            | 3270         |
|    policy_gradient_loss | -0.00119     |
|    value_loss           | 4.09e+07     |
------------------------------------------
-------------------------------------------
| rollout/                |               |
|    ep_len_mean          | 100           |
|    ep_rew_mean          | -4.51e+04     |
| time/                   |               |
|    fps                  | 101           |
|    iterations           | 329           |
|    time_elapsed         | 6620          |
|    total_timesteps      | 673792        |
| train/                  |               |
|    approx_kl            | 0.00019387284 |
|    clip_fraction        | 0             |
|    clip_range           | 0.2           |
|    entropy_loss         | -3.03         |
|    explained_variance   | 0             |
|    learning_rate        | 0.0003        |
|    loss                 | 2.32e+07      |
|    n_updates            | 3280          |
|    policy_gradient_loss | -0.000527     |
|    value_loss           | 4.45e+07      |
-------------------------------------------
-------------------------------------------
| rollout/                |               |
|    ep_len_mean          | 100           |
|    ep_rew_mean          | -4.45e+04     |
| time/                   |               |
|    fps                  | 101           |
|    iterations           | 330           |
|    time_elapsed         | 6640          |
|    total_timesteps      | 675840        |
| train/                  |               |
|    approx_kl            | 0.00030506012 |
|    clip_fraction        | 0             |
|    clip_range           | 0.2           |
|    entropy_loss         | -3.03         |
|    explained_variance   | 0             |
|    learning_rate        | 0.0003        |
|    loss                 | 2.08e+07      |
|    n_updates            | 3290          |
|    policy_gradient_loss | -0.000493     |
|    value_loss           | 4.04e+07      |
-------------------------------------------
------------------------------------------
| rollout/                |              |
|    ep_len_mean          | 100          |
|    ep_rew_mean          | -4.47e+04    |
| time/                   |              |
|    fps                  | 101          |
|    iterations           | 331          |
|    time_elapsed         | 6657         |
|    total_timesteps      | 677888       |
| train/                  |              |
|    approx_kl            | 0.0004841074 |
|    clip_fraction        | 0            |
|    clip_range           | 0.2          |
|    entropy_loss         | -3.03        |
|    explained_variance   | 0            |
|    learning_rate        | 0.0003       |
|    loss                 | 1.77e+07     |
|    n_updates            | 3300         |
|    policy_gradient_loss | -0.00109     |
|    value_loss           | 4e+07        |
------------------------------------------
-------------------------------------------
| rollout/                |               |
|    ep_len_mean          | 100           |
|    ep_rew_mean          | -4.5e+04      |
| time/                   |               |
|    fps                  | 101           |
|    iterations           | 332           |
|    time_elapsed         | 6677          |
|    total_timesteps      | 679936        |
| train/                  |               |
|    approx_kl            | 0.00022765246 |
|    clip_fraction        | 0             |
|    clip_range           | 0.2           |
|    entropy_loss         | -3.03         |
|    explained_variance   | 0             |
|    learning_rate        | 0.0003        |
|    loss                 | 2.12e+07      |
|    n_updates            | 3310          |
|    policy_gradient_loss | -0.000606     |
|    value_loss           | 4.42e+07      |
-------------------------------------------
------------------------------------------
| rollout/                |              |
|    ep_len_mean          | 100          |
|    ep_rew_mean          | -4.51e+04    |
| time/                   |              |
|    fps                  | 101          |
|    iterations           | 333          |
|    time_elapsed         | 6698         |
|    total_timesteps      | 681984       |
| train/                  |              |
|    approx_kl            | 6.903018e-05 |
|    clip_fraction        | 0            |
|    clip_range           | 0.2          |
|    entropy_loss         | -3.03        |
|    explained_variance   | 0            |
|    learning_rate        | 0.0003       |
|    loss                 | 2.21e+07     |
|    n_updates            | 3320         |
|    policy_gradient_loss | -5.78e-05    |
|    value_loss           | 4.26e+07     |
------------------------------------------
------------------------------------------
| rollout/                |              |
|    ep_len_mean          | 100          |
|    ep_rew_mean          | -4.55e+04    |
| time/                   |              |
|    fps                  | 101          |
|    iterations           | 334          |
|    time_elapsed         | 6712         |
|    total_timesteps      | 684032       |
| train/                  |              |
|    approx_kl            | 0.0003073008 |
|    clip_fraction        | 0            |
|    clip_range           | 0.2          |
|    entropy_loss         | -3.03        |
|    explained_variance   | 0            |
|    learning_rate        | 0.0003       |
|    loss                 | 2.27e+07     |
|    n_updates            | 3330         |
|    policy_gradient_loss | -0.000859    |
|    value_loss           | 4.65e+07     |
------------------------------------------
------------------------------------------
| rollout/                |              |
|    ep_len_mean          | 100          |
|    ep_rew_mean          | -4.57e+04    |
| time/                   |              |
|    fps                  | 101          |
|    iterations           | 335          |
|    time_elapsed         | 6732         |
|    total_timesteps      | 686080       |
| train/                  |              |
|    approx_kl            | 0.0005169241 |
|    clip_fraction        | 0            |
|    clip_range           | 0.2          |
|    entropy_loss         | -3.03        |
|    explained_variance   | 5.96e-08     |
|    learning_rate        | 0.0003       |
|    loss                 | 1.93e+07     |
|    n_updates            | 3340         |
|    policy_gradient_loss | -0.00129     |
|    value_loss           | 4.25e+07     |
------------------------------------------
------------------------------------------
| rollout/                |              |
|    ep_len_mean          | 100          |
|    ep_rew_mean          | -4.54e+04    |
| time/                   |              |
|    fps                  | 101          |
|    iterations           | 336          |
|    time_elapsed         | 6751         |
|    total_timesteps      | 688128       |
| train/                  |              |
|    approx_kl            | 0.0006947655 |
|    clip_fraction        | 0            |
|    clip_range           | 0.2          |
|    entropy_loss         | -3.03        |
|    explained_variance   | 0            |
|    learning_rate        | 0.0003       |
|    loss                 | 2.1e+07      |
|    n_updates            | 3350         |
|    policy_gradient_loss | -0.00163     |
|    value_loss           | 4.45e+07     |
------------------------------------------
-------------------------------------------
| rollout/                |               |
|    ep_len_mean          | 100           |
|    ep_rew_mean          | -4.54e+04     |
| time/                   |               |
|    fps                  | 102           |
|    iterations           | 337           |
|    time_elapsed         | 6766          |
|    total_timesteps      | 690176        |
| train/                  |               |
|    approx_kl            | 4.6362722e-05 |
|    clip_fraction        | 0             |
|    clip_range           | 0.2           |
|    entropy_loss         | -3.03         |
|    explained_variance   | 5.96e-08      |
|    learning_rate        | 0.0003        |
|    loss                 | 1.96e+07      |
|    n_updates            | 3360          |
|    policy_gradient_loss | -0.000122     |
|    value_loss           | 4.18e+07      |
-------------------------------------------
-------------------------------------------
| rollout/                |               |
|    ep_len_mean          | 100           |
|    ep_rew_mean          | -4.49e+04     |
| time/                   |               |
|    fps                  | 101           |
|    iterations           | 338           |
|    time_elapsed         | 6787          |
|    total_timesteps      | 692224        |
| train/                  |               |
|    approx_kl            | 9.5719995e-05 |
|    clip_fraction        | 0             |
|    clip_range           | 0.2           |
|    entropy_loss         | -3.03         |
|    explained_variance   | 0             |
|    learning_rate        | 0.0003        |
|    loss                 | 1.95e+07      |
|    n_updates            | 3370          |
|    policy_gradient_loss | -0.000212     |
|    value_loss           | 4.38e+07      |
-------------------------------------------
------------------------------------------
| rollout/                |              |
|    ep_len_mean          | 100          |
|    ep_rew_mean          | -4.49e+04    |
| time/                   |              |
|    fps                  | 102          |
|    iterations           | 339          |
|    time_elapsed         | 6801         |
|    total_timesteps      | 694272       |
| train/                  |              |
|    approx_kl            | 9.124057e-05 |
|    clip_fraction        | 0            |
|    clip_range           | 0.2          |
|    entropy_loss         | -3.04        |
|    explained_variance   | 0            |
|    learning_rate        | 0.0003       |
|    loss                 | 1.95e+07     |
|    n_updates            | 3380         |
|    policy_gradient_loss | -0.000244    |
|    value_loss           | 4.2e+07      |
------------------------------------------
-------------------------------------------
| rollout/                |               |
|    ep_len_mean          | 100           |
|    ep_rew_mean          | -4.49e+04     |
| time/                   |               |
|    fps                  | 102           |
|    iterations           | 340           |
|    time_elapsed         | 6817          |
|    total_timesteps      | 696320        |
| train/                  |               |
|    approx_kl            | 0.00043777458 |
|    clip_fraction        | 0             |
|    clip_range           | 0.2           |
|    entropy_loss         | -3.03         |
|    explained_variance   | 0             |
|    learning_rate        | 0.0003        |
|    loss                 | 1.95e+07      |
|    n_updates            | 3390          |
|    policy_gradient_loss | -0.000983     |
|    value_loss           | 4.08e+07      |
-------------------------------------------
-------------------------------------------
| rollout/                |               |
|    ep_len_mean          | 100           |
|    ep_rew_mean          | -4.47e+04     |
| time/                   |               |
|    fps                  | 102           |
|    iterations           | 341           |
|    time_elapsed         | 6832          |
|    total_timesteps      | 698368        |
| train/                  |               |
|    approx_kl            | 0.00093745155 |
|    clip_fraction        | 0             |
|    clip_range           | 0.2           |
|    entropy_loss         | -3.03         |
|    explained_variance   | 0             |
|    learning_rate        | 0.0003        |
|    loss                 | 2.27e+07      |
|    n_updates            | 3400          |
|    policy_gradient_loss | -0.00211      |
|    value_loss           | 4.44e+07      |
-------------------------------------------
Eval num_timesteps=700000, episode_reward=-131169.89 +/- 9161.23
Episode length: 100.00 +/- 0.00
-------------------------------------------
| eval/                   |               |
|    mean_ep_length       | 100           |
|    mean_reward          | -1.31e+05     |
| time/                   |               |
|    total_timesteps      | 700000        |
| train/                  |               |
|    approx_kl            | 0.00041623943 |
|    clip_fraction        | 0             |
|    clip_range           | 0.2           |
|    entropy_loss         | -3.04         |
|    explained_variance   | 0             |
|    learning_rate        | 0.0003        |
|    loss                 | 1.91e+07      |
|    n_updates            | 3410          |
|    policy_gradient_loss | -0.000688     |
|    value_loss           | 4.12e+07      |
-------------------------------------------
----------------------------------
| rollout/           |           |
|    ep_len_mean     | 100       |
|    ep_rew_mean     | -4.46e+04 |
| time/              |           |
|    fps             | 101       |
|    iterations      | 342       |
|    time_elapsed    | 6893      |
|    total_timesteps | 700416    |
----------------------------------
------------------------------------------
| rollout/                |              |
|    ep_len_mean          | 100          |
|    ep_rew_mean          | -4.46e+04    |
| time/                   |              |
|    fps                  | 101          |
|    iterations           | 343          |
|    time_elapsed         | 6911         |
|    total_timesteps      | 702464       |
| train/                  |              |
|    approx_kl            | 0.0001300518 |
|    clip_fraction        | 0            |
|    clip_range           | 0.2          |
|    entropy_loss         | -3.04        |
|    explained_variance   | 0            |
|    learning_rate        | 0.0003       |
|    loss                 | 1.98e+07     |
|    n_updates            | 3420         |
|    policy_gradient_loss | -0.000294    |
|    value_loss           | 4.07e+07     |
------------------------------------------
-------------------------------------------
| rollout/                |               |
|    ep_len_mean          | 100           |
|    ep_rew_mean          | -4.47e+04     |
| time/                   |               |
|    fps                  | 101           |
|    iterations           | 344           |
|    time_elapsed         | 6931          |
|    total_timesteps      | 704512        |
| train/                  |               |
|    approx_kl            | 0.00024634568 |
|    clip_fraction        | 0             |
|    clip_range           | 0.2           |
|    entropy_loss         | -3.05         |
|    explained_variance   | -1.19e-07     |
|    learning_rate        | 0.0003        |
|    loss                 | 2.09e+07      |
|    n_updates            | 3430          |
|    policy_gradient_loss | -0.000615     |
|    value_loss           | 4.22e+07      |
-------------------------------------------
-------------------------------------------
| rollout/                |               |
|    ep_len_mean          | 100           |
|    ep_rew_mean          | -4.48e+04     |
| time/                   |               |
|    fps                  | 101           |
|    iterations           | 345           |
|    time_elapsed         | 6951          |
|    total_timesteps      | 706560        |
| train/                  |               |
|    approx_kl            | 0.00034039037 |
|    clip_fraction        | 0             |
|    clip_range           | 0.2           |
|    entropy_loss         | -3.05         |
|    explained_variance   | 0             |
|    learning_rate        | 0.0003        |
|    loss                 | 1.84e+07      |
|    n_updates            | 3440          |
|    policy_gradient_loss | -0.000647     |
|    value_loss           | 4.27e+07      |
-------------------------------------------
------------------------------------------
| rollout/                |              |
|    ep_len_mean          | 100          |
|    ep_rew_mean          | -4.55e+04    |
| time/                   |              |
|    fps                  | 101          |
|    iterations           | 346          |
|    time_elapsed         | 6966         |
|    total_timesteps      | 708608       |
| train/                  |              |
|    approx_kl            | 0.0003049498 |
|    clip_fraction        | 0            |
|    clip_range           | 0.2          |
|    entropy_loss         | -3.04        |
|    explained_variance   | -1.19e-07    |
|    learning_rate        | 0.0003       |
|    loss                 | 2.38e+07     |
|    n_updates            | 3450         |
|    policy_gradient_loss | -0.00079     |
|    value_loss           | 4.46e+07     |
------------------------------------------
-------------------------------------------
| rollout/                |               |
|    ep_len_mean          | 100           |
|    ep_rew_mean          | -4.53e+04     |
| time/                   |               |
|    fps                  | 101           |
|    iterations           | 347           |
|    time_elapsed         | 6985          |
|    total_timesteps      | 710656        |
| train/                  |               |
|    approx_kl            | 0.00037167524 |
|    clip_fraction        | 0             |
|    clip_range           | 0.2           |
|    entropy_loss         | -3.04         |
|    explained_variance   | -1.19e-07     |
|    learning_rate        | 0.0003        |
|    loss                 | 2.21e+07      |
|    n_updates            | 3460          |
|    policy_gradient_loss | -0.000871     |
|    value_loss           | 4.67e+07      |
-------------------------------------------
------------------------------------------
| rollout/                |              |
|    ep_len_mean          | 100          |
|    ep_rew_mean          | -4.55e+04    |
| time/                   |              |
|    fps                  | 101          |
|    iterations           | 348          |
|    time_elapsed         | 7007         |
|    total_timesteps      | 712704       |
| train/                  |              |
|    approx_kl            | 0.0007989714 |
|    clip_fraction        | 0            |
|    clip_range           | 0.2          |
|    entropy_loss         | -3.04        |
|    explained_variance   | 0            |
|    learning_rate        | 0.0003       |
|    loss                 | 2.05e+07     |
|    n_updates            | 3470         |
|    policy_gradient_loss | -0.0014      |
|    value_loss           | 3.85e+07     |
------------------------------------------
------------------------------------------
| rollout/                |              |
|    ep_len_mean          | 100          |
|    ep_rew_mean          | -4.52e+04    |
| time/                   |              |
|    fps                  | 101          |
|    iterations           | 349          |
|    time_elapsed         | 7027         |
|    total_timesteps      | 714752       |
| train/                  |              |
|    approx_kl            | 0.0006305243 |
|    clip_fraction        | 0            |
|    clip_range           | 0.2          |
|    entropy_loss         | -3.04        |
|    explained_variance   | -1.19e-07    |
|    learning_rate        | 0.0003       |
|    loss                 | 1.98e+07     |
|    n_updates            | 3480         |
|    policy_gradient_loss | -0.0012      |
|    value_loss           | 4.25e+07     |
------------------------------------------
-------------------------------------------
| rollout/                |               |
|    ep_len_mean          | 100           |
|    ep_rew_mean          | -4.49e+04     |
| time/                   |               |
|    fps                  | 101           |
|    iterations           | 350           |
|    time_elapsed         | 7051          |
|    total_timesteps      | 716800        |
| train/                  |               |
|    approx_kl            | 0.00017939715 |
|    clip_fraction        | 0             |
|    clip_range           | 0.2           |
|    entropy_loss         | -3.04         |
|    explained_variance   | 0             |
|    learning_rate        | 0.0003        |
|    loss                 | 2.21e+07      |
|    n_updates            | 3490          |
|    policy_gradient_loss | -0.000543     |
|    value_loss           | 4.08e+07      |
-------------------------------------------
-------------------------------------------
| rollout/                |               |
|    ep_len_mean          | 100           |
|    ep_rew_mean          | -4.47e+04     |
| time/                   |               |
|    fps                  | 101           |
|    iterations           | 351           |
|    time_elapsed         | 7071          |
|    total_timesteps      | 718848        |
| train/                  |               |
|    approx_kl            | 0.00015703848 |
|    clip_fraction        | 0             |
|    clip_range           | 0.2           |
|    entropy_loss         | -3.04         |
|    explained_variance   | -1.19e-07     |
|    learning_rate        | 0.0003        |
|    loss                 | 2.32e+07      |
|    n_updates            | 3500          |
|    policy_gradient_loss | -0.00036      |
|    value_loss           | 4.18e+07      |
-------------------------------------------
-------------------------------------------
| rollout/                |               |
|    ep_len_mean          | 100           |
|    ep_rew_mean          | -4.46e+04     |
| time/                   |               |
|    fps                  | 101           |
|    iterations           | 352           |
|    time_elapsed         | 7090          |
|    total_timesteps      | 720896        |
| train/                  |               |
|    approx_kl            | 0.00018364217 |
|    clip_fraction        | 0             |
|    clip_range           | 0.2           |
|    entropy_loss         | -3.04         |
|    explained_variance   | 0             |
|    learning_rate        | 0.0003        |
|    loss                 | 2.14e+07      |
|    n_updates            | 3510          |
|    policy_gradient_loss | -0.00049      |
|    value_loss           | 4.44e+07      |
-------------------------------------------
-----------------------------------------
| rollout/                |             |
|    ep_len_mean          | 100         |
|    ep_rew_mean          | -4.47e+04   |
| time/                   |             |
|    fps                  | 101         |
|    iterations           | 353         |
|    time_elapsed         | 7104        |
|    total_timesteps      | 722944      |
| train/                  |             |
|    approx_kl            | 0.000442024 |
|    clip_fraction        | 0           |
|    clip_range           | 0.2         |
|    entropy_loss         | -3.03       |
|    explained_variance   | 1.19e-07    |
|    learning_rate        | 0.0003      |
|    loss                 | 1.96e+07    |
|    n_updates            | 3520        |
|    policy_gradient_loss | -0.00116    |
|    value_loss           | 3.85e+07    |
-----------------------------------------
-------------------------------------------
| rollout/                |               |
|    ep_len_mean          | 100           |
|    ep_rew_mean          | -4.44e+04     |
| time/                   |               |
|    fps                  | 101           |
|    iterations           | 354           |
|    time_elapsed         | 7121          |
|    total_timesteps      | 724992        |
| train/                  |               |
|    approx_kl            | 0.00030834877 |
|    clip_fraction        | 0             |
|    clip_range           | 0.2           |
|    entropy_loss         | -3.03         |
|    explained_variance   | 5.96e-08      |
|    learning_rate        | 0.0003        |
|    loss                 | 2.27e+07      |
|    n_updates            | 3530          |
|    policy_gradient_loss | -0.000751     |
|    value_loss           | 4.52e+07      |
-------------------------------------------
-------------------------------------------
| rollout/                |               |
|    ep_len_mean          | 100           |
|    ep_rew_mean          | -4.45e+04     |
| time/                   |               |
|    fps                  | 101           |
|    iterations           | 355           |
|    time_elapsed         | 7142          |
|    total_timesteps      | 727040        |
| train/                  |               |
|    approx_kl            | 0.00019905032 |
|    clip_fraction        | 0             |
|    clip_range           | 0.2           |
|    entropy_loss         | -3.03         |
|    explained_variance   | 0             |
|    learning_rate        | 0.0003        |
|    loss                 | 2.04e+07      |
|    n_updates            | 3540          |
|    policy_gradient_loss | -0.000489     |
|    value_loss           | 3.93e+07      |
-------------------------------------------
-------------------------------------------
| rollout/                |               |
|    ep_len_mean          | 100           |
|    ep_rew_mean          | -4.42e+04     |
| time/                   |               |
|    fps                  | 101           |
|    iterations           | 356           |
|    time_elapsed         | 7163          |
|    total_timesteps      | 729088        |
| train/                  |               |
|    approx_kl            | 0.00010770341 |
|    clip_fraction        | 0             |
|    clip_range           | 0.2           |
|    entropy_loss         | -3.03         |
|    explained_variance   | 5.96e-08      |
|    learning_rate        | 0.0003        |
|    loss                 | 1.82e+07      |
|    n_updates            | 3550          |
|    policy_gradient_loss | -0.000232     |
|    value_loss           | 3.98e+07      |
-------------------------------------------
-------------------------------------------
| rollout/                |               |
|    ep_len_mean          | 100           |
|    ep_rew_mean          | -4.49e+04     |
| time/                   |               |
|    fps                  | 101           |
|    iterations           | 357           |
|    time_elapsed         | 7180          |
|    total_timesteps      | 731136        |
| train/                  |               |
|    approx_kl            | 0.00026041895 |
|    clip_fraction        | 0             |
|    clip_range           | 0.2           |
|    entropy_loss         | -3.03         |
|    explained_variance   | 0             |
|    learning_rate        | 0.0003        |
|    loss                 | 2.02e+07      |
|    n_updates            | 3560          |
|    policy_gradient_loss | -0.000556     |
|    value_loss           | 4.23e+07      |
-------------------------------------------
-------------------------------------------
| rollout/                |               |
|    ep_len_mean          | 100           |
|    ep_rew_mean          | -4.46e+04     |
| time/                   |               |
|    fps                  | 101           |
|    iterations           | 358           |
|    time_elapsed         | 7194          |
|    total_timesteps      | 733184        |
| train/                  |               |
|    approx_kl            | 0.00032347292 |
|    clip_fraction        | 0             |
|    clip_range           | 0.2           |
|    entropy_loss         | -3.03         |
|    explained_variance   | 0             |
|    learning_rate        | 0.0003        |
|    loss                 | 2.19e+07      |
|    n_updates            | 3570          |
|    policy_gradient_loss | -0.000622     |
|    value_loss           | 4.31e+07      |
-------------------------------------------
-------------------------------------------
| rollout/                |               |
|    ep_len_mean          | 100           |
|    ep_rew_mean          | -4.46e+04     |
| time/                   |               |
|    fps                  | 101           |
|    iterations           | 359           |
|    time_elapsed         | 7217          |
|    total_timesteps      | 735232        |
| train/                  |               |
|    approx_kl            | 0.00029817224 |
|    clip_fraction        | 0             |
|    clip_range           | 0.2           |
|    entropy_loss         | -3.03         |
|    explained_variance   | 0             |
|    learning_rate        | 0.0003        |
|    loss                 | 2.04e+07      |
|    n_updates            | 3580          |
|    policy_gradient_loss | -0.000736     |
|    value_loss           | 4.15e+07      |
-------------------------------------------
------------------------------------------
| rollout/                |              |
|    ep_len_mean          | 100          |
|    ep_rew_mean          | -4.49e+04    |
| time/                   |              |
|    fps                  | 101          |
|    iterations           | 360          |
|    time_elapsed         | 7237         |
|    total_timesteps      | 737280       |
| train/                  |              |
|    approx_kl            | 0.0003210825 |
|    clip_fraction        | 0            |
|    clip_range           | 0.2          |
|    entropy_loss         | -3.03        |
|    explained_variance   | 0            |
|    learning_rate        | 0.0003       |
|    loss                 | 1.81e+07     |
|    n_updates            | 3590         |
|    policy_gradient_loss | -0.000411    |
|    value_loss           | 4e+07        |
------------------------------------------
-------------------------------------------
| rollout/                |               |
|    ep_len_mean          | 100           |
|    ep_rew_mean          | -4.54e+04     |
| time/                   |               |
|    fps                  | 101           |
|    iterations           | 361           |
|    time_elapsed         | 7259          |
|    total_timesteps      | 739328        |
| train/                  |               |
|    approx_kl            | 0.00018710451 |
|    clip_fraction        | 0             |
|    clip_range           | 0.2           |
|    entropy_loss         | -3.04         |
|    explained_variance   | -1.19e-07     |
|    learning_rate        | 0.0003        |
|    loss                 | 2.24e+07      |
|    n_updates            | 3600          |
|    policy_gradient_loss | -0.000373     |
|    value_loss           | 4.45e+07      |
-------------------------------------------
------------------------------------------
| rollout/                |              |
|    ep_len_mean          | 100          |
|    ep_rew_mean          | -4.52e+04    |
| time/                   |              |
|    fps                  | 101          |
|    iterations           | 362          |
|    time_elapsed         | 7273         |
|    total_timesteps      | 741376       |
| train/                  |              |
|    approx_kl            | 0.0006240255 |
|    clip_fraction        | 0            |
|    clip_range           | 0.2          |
|    entropy_loss         | -3.04        |
|    explained_variance   | 0            |
|    learning_rate        | 0.0003       |
|    loss                 | 2.33e+07     |
|    n_updates            | 3610         |
|    policy_gradient_loss | -0.00145     |
|    value_loss           | 4.46e+07     |
------------------------------------------
-------------------------------------------
| rollout/                |               |
|    ep_len_mean          | 100           |
|    ep_rew_mean          | -4.56e+04     |
| time/                   |               |
|    fps                  | 101           |
|    iterations           | 363           |
|    time_elapsed         | 7290          |
|    total_timesteps      | 743424        |
| train/                  |               |
|    approx_kl            | 0.00030996386 |
|    clip_fraction        | 0             |
|    clip_range           | 0.2           |
|    entropy_loss         | -3.03         |
|    explained_variance   | 1.79e-07      |
|    learning_rate        | 0.0003        |
|    loss                 | 2.12e+07      |
|    n_updates            | 3620          |
|    policy_gradient_loss | -0.000727     |
|    value_loss           | 4.25e+07      |
-------------------------------------------
--------------------------------------------
| rollout/                |                |
|    ep_len_mean          | 100            |
|    ep_rew_mean          | -4.59e+04      |
| time/                   |                |
|    fps                  | 102            |
|    iterations           | 364            |
|    time_elapsed         | 7307           |
|    total_timesteps      | 745472         |
| train/                  |                |
|    approx_kl            | 0.000111252506 |
|    clip_fraction        | 0              |
|    clip_range           | 0.2            |
|    entropy_loss         | -3.04          |
|    explained_variance   | -1.19e-07      |
|    learning_rate        | 0.0003         |
|    loss                 | 2.2e+07        |
|    n_updates            | 3630           |
|    policy_gradient_loss | -0.000182      |
|    value_loss           | 4.31e+07       |
--------------------------------------------
------------------------------------------
| rollout/                |              |
|    ep_len_mean          | 100          |
|    ep_rew_mean          | -4.59e+04    |
| time/                   |              |
|    fps                  | 102          |
|    iterations           | 365          |
|    time_elapsed         | 7322         |
|    total_timesteps      | 747520       |
| train/                  |              |
|    approx_kl            | 0.0001502159 |
|    clip_fraction        | 0            |
|    clip_range           | 0.2          |
|    entropy_loss         | -3.04        |
|    explained_variance   | 1.79e-07     |
|    learning_rate        | 0.0003       |
|    loss                 | 2.45e+07     |
|    n_updates            | 3640         |
|    policy_gradient_loss | -0.000352    |
|    value_loss           | 4.55e+07     |
------------------------------------------
------------------------------------------
| rollout/                |              |
|    ep_len_mean          | 100          |
|    ep_rew_mean          | -4.56e+04    |
| time/                   |              |
|    fps                  | 102          |
|    iterations           | 366          |
|    time_elapsed         | 7339         |
|    total_timesteps      | 749568       |
| train/                  |              |
|    approx_kl            | 0.0003553607 |
|    clip_fraction        | 0            |
|    clip_range           | 0.2          |
|    entropy_loss         | -3.04        |
|    explained_variance   | -1.19e-07    |
|    learning_rate        | 0.0003       |
|    loss                 | 2.38e+07     |
|    n_updates            | 3650         |
|    policy_gradient_loss | -0.000767    |
|    value_loss           | 4.5e+07      |
------------------------------------------
Eval num_timesteps=750000, episode_reward=-131650.07 +/- 9587.36
Episode length: 100.00 +/- 0.00
-------------------------------------------
| eval/                   |               |
|    mean_ep_length       | 100           |
|    mean_reward          | -1.32e+05     |
| time/                   |               |
|    total_timesteps      | 750000        |
| train/                  |               |
|    approx_kl            | 0.00083105644 |
|    clip_fraction        | 0             |
|    clip_range           | 0.2           |
|    entropy_loss         | -3.05         |
|    explained_variance   | 5.96e-08      |
|    learning_rate        | 0.0003        |
|    loss                 | 1.88e+07      |
|    n_updates            | 3660          |
|    policy_gradient_loss | -0.00128      |
|    value_loss           | 4.25e+07      |
-------------------------------------------
----------------------------------
| rollout/           |           |
|    ep_len_mean     | 100       |
|    ep_rew_mean     | -4.59e+04 |
| time/              |           |
|    fps             | 101       |
|    iterations      | 367       |
|    time_elapsed    | 7401      |
|    total_timesteps | 751616    |
----------------------------------
-------------------------------------------
| rollout/                |               |
|    ep_len_mean          | 100           |
|    ep_rew_mean          | -4.55e+04     |
| time/                   |               |
|    fps                  | 101           |
|    iterations           | 368           |
|    time_elapsed         | 7424          |
|    total_timesteps      | 753664        |
| train/                  |               |
|    approx_kl            | 0.00023647168 |
|    clip_fraction        | 0             |
|    clip_range           | 0.2           |
|    entropy_loss         | -3.05         |
|    explained_variance   | 0             |
|    learning_rate        | 0.0003        |
|    loss                 | 2.1e+07       |
|    n_updates            | 3670          |
|    policy_gradient_loss | -0.000649     |
|    value_loss           | 4.34e+07      |
-------------------------------------------
-------------------------------------------
| rollout/                |               |
|    ep_len_mean          | 100           |
|    ep_rew_mean          | -4.52e+04     |
| time/                   |               |
|    fps                  | 101           |
|    iterations           | 369           |
|    time_elapsed         | 7442          |
|    total_timesteps      | 755712        |
| train/                  |               |
|    approx_kl            | 0.00033777425 |
|    clip_fraction        | 0             |
|    clip_range           | 0.2           |
|    entropy_loss         | -3.05         |
|    explained_variance   | 0             |
|    learning_rate        | 0.0003        |
|    loss                 | 2.06e+07      |
|    n_updates            | 3680          |
|    policy_gradient_loss | -0.000721     |
|    value_loss           | 4.16e+07      |
-------------------------------------------
------------------------------------------
| rollout/                |              |
|    ep_len_mean          | 100          |
|    ep_rew_mean          | -4.5e+04     |
| time/                   |              |
|    fps                  | 101          |
|    iterations           | 370          |
|    time_elapsed         | 7464         |
|    total_timesteps      | 757760       |
| train/                  |              |
|    approx_kl            | 0.0004766892 |
|    clip_fraction        | 0            |
|    clip_range           | 0.2          |
|    entropy_loss         | -3.05        |
|    explained_variance   | 1.79e-07     |
|    learning_rate        | 0.0003       |
|    loss                 | 2.28e+07     |
|    n_updates            | 3690         |
|    policy_gradient_loss | -0.000786    |
|    value_loss           | 4.21e+07     |
------------------------------------------
-------------------------------------------
| rollout/                |               |
|    ep_len_mean          | 100           |
|    ep_rew_mean          | -4.49e+04     |
| time/                   |               |
|    fps                  | 101           |
|    iterations           | 371           |
|    time_elapsed         | 7485          |
|    total_timesteps      | 759808        |
| train/                  |               |
|    approx_kl            | 0.00033024288 |
|    clip_fraction        | 0             |
|    clip_range           | 0.2           |
|    entropy_loss         | -3.05         |
|    explained_variance   | 0             |
|    learning_rate        | 0.0003        |
|    loss                 | 2.1e+07       |
|    n_updates            | 3700          |
|    policy_gradient_loss | -0.000733     |
|    value_loss           | 4.43e+07      |
-------------------------------------------
-------------------------------------------
| rollout/                |               |
|    ep_len_mean          | 100           |
|    ep_rew_mean          | -4.47e+04     |
| time/                   |               |
|    fps                  | 101           |
|    iterations           | 372           |
|    time_elapsed         | 7506          |
|    total_timesteps      | 761856        |
| train/                  |               |
|    approx_kl            | 0.00018698821 |
|    clip_fraction        | 0             |
|    clip_range           | 0.2           |
|    entropy_loss         | -3.06         |
|    explained_variance   | 0             |
|    learning_rate        | 0.0003        |
|    loss                 | 2.02e+07      |
|    n_updates            | 3710          |
|    policy_gradient_loss | -0.000337     |
|    value_loss           | 3.98e+07      |
-------------------------------------------
-------------------------------------------
| rollout/                |               |
|    ep_len_mean          | 100           |
|    ep_rew_mean          | -4.47e+04     |
| time/                   |               |
|    fps                  | 101           |
|    iterations           | 373           |
|    time_elapsed         | 7520          |
|    total_timesteps      | 763904        |
| train/                  |               |
|    approx_kl            | 0.00048165873 |
|    clip_fraction        | 0             |
|    clip_range           | 0.2           |
|    entropy_loss         | -3.05         |
|    explained_variance   | 0             |
|    learning_rate        | 0.0003        |
|    loss                 | 2.17e+07      |
|    n_updates            | 3720          |
|    policy_gradient_loss | -0.000986     |
|    value_loss           | 4.28e+07      |
-------------------------------------------
------------------------------------------
| rollout/                |              |
|    ep_len_mean          | 100          |
|    ep_rew_mean          | -4.47e+04    |
| time/                   |              |
|    fps                  | 101          |
|    iterations           | 374          |
|    time_elapsed         | 7538         |
|    total_timesteps      | 765952       |
| train/                  |              |
|    approx_kl            | 0.0005340713 |
|    clip_fraction        | 0            |
|    clip_range           | 0.2          |
|    entropy_loss         | -3.05        |
|    explained_variance   | 0            |
|    learning_rate        | 0.0003       |
|    loss                 | 1.93e+07     |
|    n_updates            | 3730         |
|    policy_gradient_loss | -0.00108     |
|    value_loss           | 3.98e+07     |
------------------------------------------
-------------------------------------------
| rollout/                |               |
|    ep_len_mean          | 100           |
|    ep_rew_mean          | -4.44e+04     |
| time/                   |               |
|    fps                  | 101           |
|    iterations           | 375           |
|    time_elapsed         | 7552          |
|    total_timesteps      | 768000        |
| train/                  |               |
|    approx_kl            | 0.00022588097 |
|    clip_fraction        | 0             |
|    clip_range           | 0.2           |
|    entropy_loss         | -3.05         |
|    explained_variance   | 0             |
|    learning_rate        | 0.0003        |
|    loss                 | 2.21e+07      |
|    n_updates            | 3740          |
|    policy_gradient_loss | -0.000595     |
|    value_loss           | 4.12e+07      |
-------------------------------------------
-------------------------------------------
| rollout/                |               |
|    ep_len_mean          | 100           |
|    ep_rew_mean          | -4.49e+04     |
| time/                   |               |
|    fps                  | 101           |
|    iterations           | 376           |
|    time_elapsed         | 7572          |
|    total_timesteps      | 770048        |
| train/                  |               |
|    approx_kl            | 0.00014759228 |
|    clip_fraction        | 0             |
|    clip_range           | 0.2           |
|    entropy_loss         | -3.05         |
|    explained_variance   | -1.19e-07     |
|    learning_rate        | 0.0003        |
|    loss                 | 2.1e+07       |
|    n_updates            | 3750          |
|    policy_gradient_loss | -0.000335     |
|    value_loss           | 4.08e+07      |
-------------------------------------------
-------------------------------------------
| rollout/                |               |
|    ep_len_mean          | 100           |
|    ep_rew_mean          | -4.46e+04     |
| time/                   |               |
|    fps                  | 101           |
|    iterations           | 377           |
|    time_elapsed         | 7594          |
|    total_timesteps      | 772096        |
| train/                  |               |
|    approx_kl            | 0.00032035066 |
|    clip_fraction        | 0             |
|    clip_range           | 0.2           |
|    entropy_loss         | -3.05         |
|    explained_variance   | -1.19e-07     |
|    learning_rate        | 0.0003        |
|    loss                 | 2.12e+07      |
|    n_updates            | 3760          |
|    policy_gradient_loss | -0.000672     |
|    value_loss           | 4.44e+07      |
-------------------------------------------
------------------------------------------
| rollout/                |              |
|    ep_len_mean          | 100          |
|    ep_rew_mean          | -4.47e+04    |
| time/                   |              |
|    fps                  | 101          |
|    iterations           | 378          |
|    time_elapsed         | 7613         |
|    total_timesteps      | 774144       |
| train/                  |              |
|    approx_kl            | 0.0005280406 |
|    clip_fraction        | 0            |
|    clip_range           | 0.2          |
|    entropy_loss         | -3.05        |
|    explained_variance   | 0            |
|    learning_rate        | 0.0003       |
|    loss                 | 1.9e+07      |
|    n_updates            | 3770         |
|    policy_gradient_loss | -0.00106     |
|    value_loss           | 4.09e+07     |
------------------------------------------
-------------------------------------------
| rollout/                |               |
|    ep_len_mean          | 100           |
|    ep_rew_mean          | -4.5e+04      |
| time/                   |               |
|    fps                  | 101           |
|    iterations           | 379           |
|    time_elapsed         | 7636          |
|    total_timesteps      | 776192        |
| train/                  |               |
|    approx_kl            | 0.00029158633 |
|    clip_fraction        | 0             |
|    clip_range           | 0.2           |
|    entropy_loss         | -3.05         |
|    explained_variance   | -1.19e-07     |
|    learning_rate        | 0.0003        |
|    loss                 | 2.19e+07      |
|    n_updates            | 3780          |
|    policy_gradient_loss | -0.000641     |
|    value_loss           | 4.03e+07      |
-------------------------------------------
-------------------------------------------
| rollout/                |               |
|    ep_len_mean          | 100           |
|    ep_rew_mean          | -4.54e+04     |
| time/                   |               |
|    fps                  | 101           |
|    iterations           | 380           |
|    time_elapsed         | 7655          |
|    total_timesteps      | 778240        |
| train/                  |               |
|    approx_kl            | 0.00015414733 |
|    clip_fraction        | 0             |
|    clip_range           | 0.2           |
|    entropy_loss         | -3.05         |
|    explained_variance   | 0             |
|    learning_rate        | 0.0003        |
|    loss                 | 2.38e+07      |
|    n_updates            | 3790          |
|    policy_gradient_loss | -0.000351     |
|    value_loss           | 4.63e+07      |
-------------------------------------------
-------------------------------------------
| rollout/                |               |
|    ep_len_mean          | 100           |
|    ep_rew_mean          | -4.51e+04     |
| time/                   |               |
|    fps                  | 101           |
|    iterations           | 381           |
|    time_elapsed         | 7678          |
|    total_timesteps      | 780288        |
| train/                  |               |
|    approx_kl            | 0.00069139997 |
|    clip_fraction        | 0             |
|    clip_range           | 0.2           |
|    entropy_loss         | -3.05         |
|    explained_variance   | 0             |
|    learning_rate        | 0.0003        |
|    loss                 | 2.16e+07      |
|    n_updates            | 3800          |
|    policy_gradient_loss | -0.00109      |
|    value_loss           | 4.29e+07      |
-------------------------------------------
-------------------------------------------
| rollout/                |               |
|    ep_len_mean          | 100           |
|    ep_rew_mean          | -4.53e+04     |
| time/                   |               |
|    fps                  | 101           |
|    iterations           | 382           |
|    time_elapsed         | 7698          |
|    total_timesteps      | 782336        |
| train/                  |               |
|    approx_kl            | 0.00023808924 |
|    clip_fraction        | 0             |
|    clip_range           | 0.2           |
|    entropy_loss         | -3.05         |
|    explained_variance   | 1.79e-07      |
|    learning_rate        | 0.0003        |
|    loss                 | 1.96e+07      |
|    n_updates            | 3810          |
|    policy_gradient_loss | -0.000677     |
|    value_loss           | 4.13e+07      |
-------------------------------------------
-------------------------------------------
| rollout/                |               |
|    ep_len_mean          | 100           |
|    ep_rew_mean          | -4.51e+04     |
| time/                   |               |
|    fps                  | 101           |
|    iterations           | 383           |
|    time_elapsed         | 7714          |
|    total_timesteps      | 784384        |
| train/                  |               |
|    approx_kl            | 0.00034373708 |
|    clip_fraction        | 0             |
|    clip_range           | 0.2           |
|    entropy_loss         | -3.05         |
|    explained_variance   | -1.19e-07     |
|    learning_rate        | 0.0003        |
|    loss                 | 1.92e+07      |
|    n_updates            | 3820          |
|    policy_gradient_loss | -0.000844     |
|    value_loss           | 4.16e+07      |
-------------------------------------------
-------------------------------------------
| rollout/                |               |
|    ep_len_mean          | 100           |
|    ep_rew_mean          | -4.5e+04      |
| time/                   |               |
|    fps                  | 101           |
|    iterations           | 384           |
|    time_elapsed         | 7726          |
|    total_timesteps      | 786432        |
| train/                  |               |
|    approx_kl            | 0.00014463151 |
|    clip_fraction        | 0             |
|    clip_range           | 0.2           |
|    entropy_loss         | -3.05         |
|    explained_variance   | 5.96e-08      |
|    learning_rate        | 0.0003        |
|    loss                 | 2.08e+07      |
|    n_updates            | 3830          |
|    policy_gradient_loss | -0.000222     |
|    value_loss           | 3.86e+07      |
-------------------------------------------
------------------------------------------
| rollout/                |              |
|    ep_len_mean          | 100          |
|    ep_rew_mean          | -4.48e+04    |
| time/                   |              |
|    fps                  | 101          |
|    iterations           | 385          |
|    time_elapsed         | 7749         |
|    total_timesteps      | 788480       |
| train/                  |              |
|    approx_kl            | 0.0002812874 |
|    clip_fraction        | 0            |
|    clip_range           | 0.2          |
|    entropy_loss         | -3.05        |
|    explained_variance   | 5.96e-08     |
|    learning_rate        | 0.0003       |
|    loss                 | 1.94e+07     |
|    n_updates            | 3840         |
|    policy_gradient_loss | -0.000465    |
|    value_loss           | 4.49e+07     |
------------------------------------------
-------------------------------------------
| rollout/                |               |
|    ep_len_mean          | 100           |
|    ep_rew_mean          | -4.49e+04     |
| time/                   |               |
|    fps                  | 101           |
|    iterations           | 386           |
|    time_elapsed         | 7768          |
|    total_timesteps      | 790528        |
| train/                  |               |
|    approx_kl            | 0.00019005412 |
|    clip_fraction        | 0             |
|    clip_range           | 0.2           |
|    entropy_loss         | -3.06         |
|    explained_variance   | 1.19e-07      |
|    learning_rate        | 0.0003        |
|    loss                 | 1.88e+07      |
|    n_updates            | 3850          |
|    policy_gradient_loss | -0.000425     |
|    value_loss           | 4.05e+07      |
-------------------------------------------
-------------------------------------------
| rollout/                |               |
|    ep_len_mean          | 100           |
|    ep_rew_mean          | -4.47e+04     |
| time/                   |               |
|    fps                  | 101           |
|    iterations           | 387           |
|    time_elapsed         | 7791          |
|    total_timesteps      | 792576        |
| train/                  |               |
|    approx_kl            | 0.00030401233 |
|    clip_fraction        | 0             |
|    clip_range           | 0.2           |
|    entropy_loss         | -3.06         |
|    explained_variance   | 0             |
|    learning_rate        | 0.0003        |
|    loss                 | 2.12e+07      |
|    n_updates            | 3860          |
|    policy_gradient_loss | -0.000687     |
|    value_loss           | 4.21e+07      |
-------------------------------------------
-------------------------------------------
| rollout/                |               |
|    ep_len_mean          | 100           |
|    ep_rew_mean          | -4.54e+04     |
| time/                   |               |
|    fps                  | 101           |
|    iterations           | 388           |
|    time_elapsed         | 7806          |
|    total_timesteps      | 794624        |
| train/                  |               |
|    approx_kl            | 0.00024517925 |
|    clip_fraction        | 0             |
|    clip_range           | 0.2           |
|    entropy_loss         | -3.06         |
|    explained_variance   | 0             |
|    learning_rate        | 0.0003        |
|    loss                 | 1.96e+07      |
|    n_updates            | 3870          |
|    policy_gradient_loss | -0.000486     |
|    value_loss           | 4.09e+07      |
-------------------------------------------
-------------------------------------------
| rollout/                |               |
|    ep_len_mean          | 100           |
|    ep_rew_mean          | -4.51e+04     |
| time/                   |               |
|    fps                  | 101           |
|    iterations           | 389           |
|    time_elapsed         | 7826          |
|    total_timesteps      | 796672        |
| train/                  |               |
|    approx_kl            | 0.00027242381 |
|    clip_fraction        | 0             |
|    clip_range           | 0.2           |
|    entropy_loss         | -3.06         |
|    explained_variance   | 0             |
|    learning_rate        | 0.0003        |
|    loss                 | 2.06e+07      |
|    n_updates            | 3880          |
|    policy_gradient_loss | -0.000744     |
|    value_loss           | 4.29e+07      |
-------------------------------------------
------------------------------------------
| rollout/                |              |
|    ep_len_mean          | 100          |
|    ep_rew_mean          | -4.51e+04    |
| time/                   |              |
|    fps                  | 101          |
|    iterations           | 390          |
|    time_elapsed         | 7849         |
|    total_timesteps      | 798720       |
| train/                  |              |
|    approx_kl            | 0.0007145735 |
|    clip_fraction        | 0            |
|    clip_range           | 0.2          |
|    entropy_loss         | -3.05        |
|    explained_variance   | 0            |
|    learning_rate        | 0.0003       |
|    loss                 | 1.91e+07     |
|    n_updates            | 3890         |
|    policy_gradient_loss | -0.00167     |
|    value_loss           | 4.13e+07     |
------------------------------------------
Eval num_timesteps=800000, episode_reward=-131960.73 +/- 8773.66
Episode length: 100.00 +/- 0.00
-------------------------------------------
| eval/                   |               |
|    mean_ep_length       | 100           |
|    mean_reward          | -1.32e+05     |
| time/                   |               |
|    total_timesteps      | 800000        |
| train/                  |               |
|    approx_kl            | 0.00068742153 |
|    clip_fraction        | 0             |
|    clip_range           | 0.2           |
|    entropy_loss         | -3.05         |
|    explained_variance   | 0             |
|    learning_rate        | 0.0003        |
|    loss                 | 1.96e+07      |
|    n_updates            | 3900          |
|    policy_gradient_loss | -0.00118      |
|    value_loss           | 4.09e+07      |
-------------------------------------------
----------------------------------
| rollout/           |           |
|    ep_len_mean     | 100       |
|    ep_rew_mean     | -4.51e+04 |
| time/              |           |
|    fps             | 101       |
|    iterations      | 391       |
|    time_elapsed    | 7891      |
|    total_timesteps | 800768    |
----------------------------------
------------------------------------------
| rollout/                |              |
|    ep_len_mean          | 100          |
|    ep_rew_mean          | -4.54e+04    |
| time/                   |              |
|    fps                  | 101          |
|    iterations           | 392          |
|    time_elapsed         | 7904         |
|    total_timesteps      | 802816       |
| train/                  |              |
|    approx_kl            | 0.0006556692 |
|    clip_fraction        | 0            |
|    clip_range           | 0.2          |
|    entropy_loss         | -3.06        |
|    explained_variance   | 0            |
|    learning_rate        | 0.0003       |
|    loss                 | 2.07e+07     |
|    n_updates            | 3910         |
|    policy_gradient_loss | -0.00133     |
|    value_loss           | 4.17e+07     |
------------------------------------------
-------------------------------------------
| rollout/                |               |
|    ep_len_mean          | 100           |
|    ep_rew_mean          | -4.53e+04     |
| time/                   |               |
|    fps                  | 101           |
|    iterations           | 393           |
|    time_elapsed         | 7926          |
|    total_timesteps      | 804864        |
| train/                  |               |
|    approx_kl            | 0.00034401432 |
|    clip_fraction        | 0             |
|    clip_range           | 0.2           |
|    entropy_loss         | -3.06         |
|    explained_variance   | -1.19e-07     |
|    learning_rate        | 0.0003        |
|    loss                 | 2.27e+07      |
|    n_updates            | 3920          |
|    policy_gradient_loss | -0.000814     |
|    value_loss           | 4.45e+07      |
-------------------------------------------
------------------------------------------
| rollout/                |              |
|    ep_len_mean          | 100          |
|    ep_rew_mean          | -4.55e+04    |
| time/                   |              |
|    fps                  | 101          |
|    iterations           | 394          |
|    time_elapsed         | 7941         |
|    total_timesteps      | 806912       |
| train/                  |              |
|    approx_kl            | 0.0001762688 |
|    clip_fraction        | 0            |
|    clip_range           | 0.2          |
|    entropy_loss         | -3.06        |
|    explained_variance   | 0            |
|    learning_rate        | 0.0003       |
|    loss                 | 1.97e+07     |
|    n_updates            | 3930         |
|    policy_gradient_loss | -0.000488    |
|    value_loss           | 4.23e+07     |
------------------------------------------
-------------------------------------------
| rollout/                |               |
|    ep_len_mean          | 100           |
|    ep_rew_mean          | -4.58e+04     |
| time/                   |               |
|    fps                  | 101           |
|    iterations           | 395           |
|    time_elapsed         | 7958          |
|    total_timesteps      | 808960        |
| train/                  |               |
|    approx_kl            | 0.00074598973 |
|    clip_fraction        | 0             |
|    clip_range           | 0.2           |
|    entropy_loss         | -3.06         |
|    explained_variance   | 5.96e-08      |
|    learning_rate        | 0.0003        |
|    loss                 | 2.15e+07      |
|    n_updates            | 3940          |
|    policy_gradient_loss | -0.00132      |
|    value_loss           | 4.11e+07      |
-------------------------------------------
-------------------------------------------
| rollout/                |               |
|    ep_len_mean          | 100           |
|    ep_rew_mean          | -4.62e+04     |
| time/                   |               |
|    fps                  | 101           |
|    iterations           | 396           |
|    time_elapsed         | 7973          |
|    total_timesteps      | 811008        |
| train/                  |               |
|    approx_kl            | 0.00038741386 |
|    clip_fraction        | 0             |
|    clip_range           | 0.2           |
|    entropy_loss         | -3.07         |
|    explained_variance   | -1.19e-07     |
|    learning_rate        | 0.0003        |
|    loss                 | 2.16e+07      |
|    n_updates            | 3950          |
|    policy_gradient_loss | -0.000761     |
|    value_loss           | 4.47e+07      |
-------------------------------------------
-------------------------------------------
| rollout/                |               |
|    ep_len_mean          | 100           |
|    ep_rew_mean          | -4.59e+04     |
| time/                   |               |
|    fps                  | 101           |
|    iterations           | 397           |
|    time_elapsed         | 7994          |
|    total_timesteps      | 813056        |
| train/                  |               |
|    approx_kl            | 0.00013264979 |
|    clip_fraction        | 0             |
|    clip_range           | 0.2           |
|    entropy_loss         | -3.07         |
|    explained_variance   | 5.96e-08      |
|    learning_rate        | 0.0003        |
|    loss                 | 2.44e+07      |
|    n_updates            | 3960          |
|    policy_gradient_loss | -0.000375     |
|    value_loss           | 4.5e+07       |
-------------------------------------------
-------------------------------------------
| rollout/                |               |
|    ep_len_mean          | 100           |
|    ep_rew_mean          | -4.6e+04      |
| time/                   |               |
|    fps                  | 101           |
|    iterations           | 398           |
|    time_elapsed         | 8017          |
|    total_timesteps      | 815104        |
| train/                  |               |
|    approx_kl            | 0.00015554627 |
|    clip_fraction        | 0             |
|    clip_range           | 0.2           |
|    entropy_loss         | -3.08         |
|    explained_variance   | 0             |
|    learning_rate        | 0.0003        |
|    loss                 | 2.27e+07      |
|    n_updates            | 3970          |
|    policy_gradient_loss | -0.00036      |
|    value_loss           | 4.19e+07      |
-------------------------------------------
------------------------------------------
| rollout/                |              |
|    ep_len_mean          | 100          |
|    ep_rew_mean          | -4.61e+04    |
| time/                   |              |
|    fps                  | 101          |
|    iterations           | 399          |
|    time_elapsed         | 8040         |
|    total_timesteps      | 817152       |
| train/                  |              |
|    approx_kl            | 0.0001248658 |
|    clip_fraction        | 0            |
|    clip_range           | 0.2          |
|    entropy_loss         | -3.08        |
|    explained_variance   | 5.96e-08     |
|    learning_rate        | 0.0003       |
|    loss                 | 1.94e+07     |
|    n_updates            | 3980         |
|    policy_gradient_loss | -0.000219    |
|    value_loss           | 4.2e+07      |
------------------------------------------
-------------------------------------------
| rollout/                |               |
|    ep_len_mean          | 100           |
|    ep_rew_mean          | -4.59e+04     |
| time/                   |               |
|    fps                  | 101           |
|    iterations           | 400           |
|    time_elapsed         | 8055          |
|    total_timesteps      | 819200        |
| train/                  |               |
|    approx_kl            | 0.00027041428 |
|    clip_fraction        | 0             |
|    clip_range           | 0.2           |
|    entropy_loss         | -3.08         |
|    explained_variance   | 1.79e-07      |
|    learning_rate        | 0.0003        |
|    loss                 | 2.22e+07      |
|    n_updates            | 3990          |
|    policy_gradient_loss | -0.000636     |
|    value_loss           | 4.3e+07       |
-------------------------------------------
-------------------------------------------
| rollout/                |               |
|    ep_len_mean          | 100           |
|    ep_rew_mean          | -4.56e+04     |
| time/                   |               |
|    fps                  | 101           |
|    iterations           | 401           |
|    time_elapsed         | 8069          |
|    total_timesteps      | 821248        |
| train/                  |               |
|    approx_kl            | 0.00032382447 |
|    clip_fraction        | 0             |
|    clip_range           | 0.2           |
|    entropy_loss         | -3.08         |
|    explained_variance   | 0             |
|    learning_rate        | 0.0003        |
|    loss                 | 2.03e+07      |
|    n_updates            | 4000          |
|    policy_gradient_loss | -0.000826     |
|    value_loss           | 4.51e+07      |
-------------------------------------------
------------------------------------------
| rollout/                |              |
|    ep_len_mean          | 100          |
|    ep_rew_mean          | -4.59e+04    |
| time/                   |              |
|    fps                  | 101          |
|    iterations           | 402          |
|    time_elapsed         | 8087         |
|    total_timesteps      | 823296       |
| train/                  |              |
|    approx_kl            | 0.0002725114 |
|    clip_fraction        | 0            |
|    clip_range           | 0.2          |
|    entropy_loss         | -3.08        |
|    explained_variance   | 5.96e-08     |
|    learning_rate        | 0.0003       |
|    loss                 | 2.32e+07     |
|    n_updates            | 4010         |
|    policy_gradient_loss | -0.000572    |
|    value_loss           | 4.28e+07     |
------------------------------------------
-------------------------------------------
| rollout/                |               |
|    ep_len_mean          | 100           |
|    ep_rew_mean          | -4.59e+04     |
| time/                   |               |
|    fps                  | 101           |
|    iterations           | 403           |
|    time_elapsed         | 8109          |
|    total_timesteps      | 825344        |
| train/                  |               |
|    approx_kl            | 0.00020792452 |
|    clip_fraction        | 0             |
|    clip_range           | 0.2           |
|    entropy_loss         | -3.08         |
|    explained_variance   | 0             |
|    learning_rate        | 0.0003        |
|    loss                 | 2.3e+07       |
|    n_updates            | 4020          |
|    policy_gradient_loss | -0.000358     |
|    value_loss           | 4.47e+07      |
-------------------------------------------
-------------------------------------------
| rollout/                |               |
|    ep_len_mean          | 100           |
|    ep_rew_mean          | -4.61e+04     |
| time/                   |               |
|    fps                  | 101           |
|    iterations           | 404           |
|    time_elapsed         | 8132          |
|    total_timesteps      | 827392        |
| train/                  |               |
|    approx_kl            | 8.2245766e-05 |
|    clip_fraction        | 0             |
|    clip_range           | 0.2           |
|    entropy_loss         | -3.08         |
|    explained_variance   | 5.96e-08      |
|    learning_rate        | 0.0003        |
|    loss                 | 2.14e+07      |
|    n_updates            | 4030          |
|    policy_gradient_loss | -0.000199     |
|    value_loss           | 4.31e+07      |
-------------------------------------------
--------------------------------------------
| rollout/                |                |
|    ep_len_mean          | 100            |
|    ep_rew_mean          | -4.59e+04      |
| time/                   |                |
|    fps                  | 101            |
|    iterations           | 405            |
|    time_elapsed         | 8152           |
|    total_timesteps      | 829440         |
| train/                  |                |
|    approx_kl            | 0.000119618606 |
|    clip_fraction        | 0              |
|    clip_range           | 0.2            |
|    entropy_loss         | -3.08          |
|    explained_variance   | 0              |
|    learning_rate        | 0.0003         |
|    loss                 | 2.2e+07        |
|    n_updates            | 4040           |
|    policy_gradient_loss | -0.000291      |
|    value_loss           | 4.34e+07       |
--------------------------------------------
------------------------------------------
| rollout/                |              |
|    ep_len_mean          | 100          |
|    ep_rew_mean          | -4.59e+04    |
| time/                   |              |
|    fps                  | 101          |
|    iterations           | 406          |
|    time_elapsed         | 8168         |
|    total_timesteps      | 831488       |
| train/                  |              |
|    approx_kl            | 0.0003144902 |
|    clip_fraction        | 0            |
|    clip_range           | 0.2          |
|    entropy_loss         | -3.08        |
|    explained_variance   | 0            |
|    learning_rate        | 0.0003       |
|    loss                 | 1.97e+07     |
|    n_updates            | 4050         |
|    policy_gradient_loss | -0.00067     |
|    value_loss           | 4.07e+07     |
------------------------------------------
------------------------------------------
| rollout/                |              |
|    ep_len_mean          | 100          |
|    ep_rew_mean          | -4.57e+04    |
| time/                   |              |
|    fps                  | 101          |
|    iterations           | 407          |
|    time_elapsed         | 8183         |
|    total_timesteps      | 833536       |
| train/                  |              |
|    approx_kl            | 0.0005650358 |
|    clip_fraction        | 0            |
|    clip_range           | 0.2          |
|    entropy_loss         | -3.08        |
|    explained_variance   | 0            |
|    learning_rate        | 0.0003       |
|    loss                 | 2.12e+07     |
|    n_updates            | 4060         |
|    policy_gradient_loss | -0.00136     |
|    value_loss           | 4.29e+07     |
------------------------------------------
------------------------------------------
| rollout/                |              |
|    ep_len_mean          | 100          |
|    ep_rew_mean          | -4.59e+04    |
| time/                   |              |
|    fps                  | 101          |
|    iterations           | 408          |
|    time_elapsed         | 8201         |
|    total_timesteps      | 835584       |
| train/                  |              |
|    approx_kl            | 0.0009860182 |
|    clip_fraction        | 0            |
|    clip_range           | 0.2          |
|    entropy_loss         | -3.08        |
|    explained_variance   | -1.19e-07    |
|    learning_rate        | 0.0003       |
|    loss                 | 2.19e+07     |
|    n_updates            | 4070         |
|    policy_gradient_loss | -0.00197     |
|    value_loss           | 4.24e+07     |
------------------------------------------
----------------------------------------
| rollout/                |            |
|    ep_len_mean          | 100        |
|    ep_rew_mean          | -4.59e+04  |
| time/                   |            |
|    fps                  | 101        |
|    iterations           | 409        |
|    time_elapsed         | 8223       |
|    total_timesteps      | 837632     |
| train/                  |            |
|    approx_kl            | 0.00041456 |
|    clip_fraction        | 0          |
|    clip_range           | 0.2        |
|    entropy_loss         | -3.08      |
|    explained_variance   | -1.19e-07  |
|    learning_rate        | 0.0003     |
|    loss                 | 2.37e+07   |
|    n_updates            | 4080       |
|    policy_gradient_loss | -0.00104   |
|    value_loss           | 4.45e+07   |
----------------------------------------
-------------------------------------------
| rollout/                |               |
|    ep_len_mean          | 100           |
|    ep_rew_mean          | -4.58e+04     |
| time/                   |               |
|    fps                  | 101           |
|    iterations           | 410           |
|    time_elapsed         | 8242          |
|    total_timesteps      | 839680        |
| train/                  |               |
|    approx_kl            | 0.00021046147 |
|    clip_fraction        | 0             |
|    clip_range           | 0.2           |
|    entropy_loss         | -3.08         |
|    explained_variance   | 0             |
|    learning_rate        | 0.0003        |
|    loss                 | 2.1e+07       |
|    n_updates            | 4090          |
|    policy_gradient_loss | -0.000592     |
|    value_loss           | 4.41e+07      |
-------------------------------------------
-------------------------------------------
| rollout/                |               |
|    ep_len_mean          | 100           |
|    ep_rew_mean          | -4.54e+04     |
| time/                   |               |
|    fps                  | 101           |
|    iterations           | 411           |
|    time_elapsed         | 8266          |
|    total_timesteps      | 841728        |
| train/                  |               |
|    approx_kl            | 0.00027449874 |
|    clip_fraction        | 0             |
|    clip_range           | 0.2           |
|    entropy_loss         | -3.07         |
|    explained_variance   | -1.19e-07     |
|    learning_rate        | 0.0003        |
|    loss                 | 1.85e+07      |
|    n_updates            | 4100          |
|    policy_gradient_loss | -0.000715     |
|    value_loss           | 4.03e+07      |
-------------------------------------------
------------------------------------------
| rollout/                |              |
|    ep_len_mean          | 100          |
|    ep_rew_mean          | -4.54e+04    |
| time/                   |              |
|    fps                  | 101          |
|    iterations           | 412          |
|    time_elapsed         | 8287         |
|    total_timesteps      | 843776       |
| train/                  |              |
|    approx_kl            | 0.0001803349 |
|    clip_fraction        | 0            |
|    clip_range           | 0.2          |
|    entropy_loss         | -3.07        |
|    explained_variance   | 1.79e-07     |
|    learning_rate        | 0.0003       |
|    loss                 | 1.79e+07     |
|    n_updates            | 4110         |
|    policy_gradient_loss | -0.000302    |
|    value_loss           | 3.88e+07     |
------------------------------------------
------------------------------------------
| rollout/                |              |
|    ep_len_mean          | 100          |
|    ep_rew_mean          | -4.49e+04    |
| time/                   |              |
|    fps                  | 101          |
|    iterations           | 413          |
|    time_elapsed         | 8309         |
|    total_timesteps      | 845824       |
| train/                  |              |
|    approx_kl            | 0.0015271291 |
|    clip_fraction        | 0            |
|    clip_range           | 0.2          |
|    entropy_loss         | -3.07        |
|    explained_variance   | -1.19e-07    |
|    learning_rate        | 0.0003       |
|    loss                 | 2.21e+07     |
|    n_updates            | 4120         |
|    policy_gradient_loss | -0.00355     |
|    value_loss           | 4.42e+07     |
------------------------------------------
-------------------------------------------
| rollout/                |               |
|    ep_len_mean          | 100           |
|    ep_rew_mean          | -4.47e+04     |
| time/                   |               |
|    fps                  | 101           |
|    iterations           | 414           |
|    time_elapsed         | 8331          |
|    total_timesteps      | 847872        |
| train/                  |               |
|    approx_kl            | 0.00035863664 |
|    clip_fraction        | 0             |
|    clip_range           | 0.2           |
|    entropy_loss         | -3.06         |
|    explained_variance   | 5.96e-08      |
|    learning_rate        | 0.0003        |
|    loss                 | 1.99e+07      |
|    n_updates            | 4130          |
|    policy_gradient_loss | -0.000756     |
|    value_loss           | 4.04e+07      |
-------------------------------------------
-------------------------------------------
| rollout/                |               |
|    ep_len_mean          | 100           |
|    ep_rew_mean          | -4.49e+04     |
| time/                   |               |
|    fps                  | 101           |
|    iterations           | 415           |
|    time_elapsed         | 8345          |
|    total_timesteps      | 849920        |
| train/                  |               |
|    approx_kl            | 0.00014183536 |
|    clip_fraction        | 0             |
|    clip_range           | 0.2           |
|    entropy_loss         | -3.06         |
|    explained_variance   | 0             |
|    learning_rate        | 0.0003        |
|    loss                 | 2.15e+07      |
|    n_updates            | 4140          |
|    policy_gradient_loss | -0.000398     |
|    value_loss           | 4.19e+07      |
-------------------------------------------
Eval num_timesteps=850000, episode_reward=-131097.20 +/- 9626.23
Episode length: 100.00 +/- 0.00
-------------------------------------------
| eval/                   |               |
|    mean_ep_length       | 100           |
|    mean_reward          | -1.31e+05     |
| time/                   |               |
|    total_timesteps      | 850000        |
| train/                  |               |
|    approx_kl            | 0.00015540255 |
|    clip_fraction        | 0             |
|    clip_range           | 0.2           |
|    entropy_loss         | -3.06         |
|    explained_variance   | 0             |
|    learning_rate        | 0.0003        |
|    loss                 | 2.16e+07      |
|    n_updates            | 4150          |
|    policy_gradient_loss | -0.000368     |
|    value_loss           | 4.16e+07      |
-------------------------------------------
----------------------------------
| rollout/           |           |
|    ep_len_mean     | 100       |
|    ep_rew_mean     | -4.51e+04 |
| time/              |           |
|    fps             | 101       |
|    iterations      | 416       |
|    time_elapsed    | 8401      |
|    total_timesteps | 851968    |
----------------------------------
-------------------------------------------
| rollout/                |               |
|    ep_len_mean          | 100           |
|    ep_rew_mean          | -4.49e+04     |
| time/                   |               |
|    fps                  | 101           |
|    iterations           | 417           |
|    time_elapsed         | 8422          |
|    total_timesteps      | 854016        |
| train/                  |               |
|    approx_kl            | 0.00040444251 |
|    clip_fraction        | 0             |
|    clip_range           | 0.2           |
|    entropy_loss         | -3.06         |
|    explained_variance   | 0             |
|    learning_rate        | 0.0003        |
|    loss                 | 2.31e+07      |
|    n_updates            | 4160          |
|    policy_gradient_loss | -0.000795     |
|    value_loss           | 4.23e+07      |
-------------------------------------------
------------------------------------------
| rollout/                |              |
|    ep_len_mean          | 100          |
|    ep_rew_mean          | -4.49e+04    |
| time/                   |              |
|    fps                  | 101          |
|    iterations           | 418          |
|    time_elapsed         | 8437         |
|    total_timesteps      | 856064       |
| train/                  |              |
|    approx_kl            | 0.0004312467 |
|    clip_fraction        | 0            |
|    clip_range           | 0.2          |
|    entropy_loss         | -3.07        |
|    explained_variance   | 0            |
|    learning_rate        | 0.0003       |
|    loss                 | 1.73e+07     |
|    n_updates            | 4170         |
|    policy_gradient_loss | -0.000576    |
|    value_loss           | 3.98e+07     |
------------------------------------------
-------------------------------------------
| rollout/                |               |
|    ep_len_mean          | 100           |
|    ep_rew_mean          | -4.48e+04     |
| time/                   |               |
|    fps                  | 101           |
|    iterations           | 419           |
|    time_elapsed         | 8457          |
|    total_timesteps      | 858112        |
| train/                  |               |
|    approx_kl            | 0.00055956136 |
|    clip_fraction        | 0             |
|    clip_range           | 0.2           |
|    entropy_loss         | -3.07         |
|    explained_variance   | 0             |
|    learning_rate        | 0.0003        |
|    loss                 | 2.06e+07      |
|    n_updates            | 4180          |
|    policy_gradient_loss | -0.00156      |
|    value_loss           | 4.1e+07       |
-------------------------------------------
------------------------------------------
| rollout/                |              |
|    ep_len_mean          | 100          |
|    ep_rew_mean          | -4.47e+04    |
| time/                   |              |
|    fps                  | 101          |
|    iterations           | 420          |
|    time_elapsed         | 8478         |
|    total_timesteps      | 860160       |
| train/                  |              |
|    approx_kl            | 0.0003744259 |
|    clip_fraction        | 0            |
|    clip_range           | 0.2          |
|    entropy_loss         | -3.06        |
|    explained_variance   | 0            |
|    learning_rate        | 0.0003       |
|    loss                 | 1.84e+07     |
|    n_updates            | 4190         |
|    policy_gradient_loss | -0.00102     |
|    value_loss           | 3.95e+07     |
------------------------------------------
-------------------------------------------
| rollout/                |               |
|    ep_len_mean          | 100           |
|    ep_rew_mean          | -4.47e+04     |
| time/                   |               |
|    fps                  | 101           |
|    iterations           | 421           |
|    time_elapsed         | 8499          |
|    total_timesteps      | 862208        |
| train/                  |               |
|    approx_kl            | 0.00038285766 |
|    clip_fraction        | 0             |
|    clip_range           | 0.2           |
|    entropy_loss         | -3.06         |
|    explained_variance   | 0             |
|    learning_rate        | 0.0003        |
|    loss                 | 2.14e+07      |
|    n_updates            | 4200          |
|    policy_gradient_loss | -0.00084      |
|    value_loss           | 4.18e+07      |
-------------------------------------------
------------------------------------------
| rollout/                |              |
|    ep_len_mean          | 100          |
|    ep_rew_mean          | -4.49e+04    |
| time/                   |              |
|    fps                  | 101          |
|    iterations           | 422          |
|    time_elapsed         | 8520         |
|    total_timesteps      | 864256       |
| train/                  |              |
|    approx_kl            | 0.0005117181 |
|    clip_fraction        | 0            |
|    clip_range           | 0.2          |
|    entropy_loss         | -3.06        |
|    explained_variance   | 0            |
|    learning_rate        | 0.0003       |
|    loss                 | 2.19e+07     |
|    n_updates            | 4210         |
|    policy_gradient_loss | -0.00085     |
|    value_loss           | 4.03e+07     |
------------------------------------------
-------------------------------------------
| rollout/                |               |
|    ep_len_mean          | 100           |
|    ep_rew_mean          | -4.54e+04     |
| time/                   |               |
|    fps                  | 101           |
|    iterations           | 423           |
|    time_elapsed         | 8534          |
|    total_timesteps      | 866304        |
| train/                  |               |
|    approx_kl            | 0.00023414652 |
|    clip_fraction        | 0             |
|    clip_range           | 0.2           |
|    entropy_loss         | -3.07         |
|    explained_variance   | 0             |
|    learning_rate        | 0.0003        |
|    loss                 | 2.23e+07      |
|    n_updates            | 4220          |
|    policy_gradient_loss | -0.000312     |
|    value_loss           | 4.18e+07      |
-------------------------------------------
-------------------------------------------
| rollout/                |               |
|    ep_len_mean          | 100           |
|    ep_rew_mean          | -4.55e+04     |
| time/                   |               |
|    fps                  | 101           |
|    iterations           | 424           |
|    time_elapsed         | 8557          |
|    total_timesteps      | 868352        |
| train/                  |               |
|    approx_kl            | 0.00024177594 |
|    clip_fraction        | 0             |
|    clip_range           | 0.2           |
|    entropy_loss         | -3.07         |
|    explained_variance   | -1.19e-07     |
|    learning_rate        | 0.0003        |
|    loss                 | 2.15e+07      |
|    n_updates            | 4230          |
|    policy_gradient_loss | -0.000588     |
|    value_loss           | 4.46e+07      |
-------------------------------------------
-------------------------------------------
| rollout/                |               |
|    ep_len_mean          | 100           |
|    ep_rew_mean          | -4.58e+04     |
| time/                   |               |
|    fps                  | 101           |
|    iterations           | 425           |
|    time_elapsed         | 8576          |
|    total_timesteps      | 870400        |
| train/                  |               |
|    approx_kl            | 0.00016693113 |
|    clip_fraction        | 0             |
|    clip_range           | 0.2           |
|    entropy_loss         | -3.07         |
|    explained_variance   | -1.19e-07     |
|    learning_rate        | 0.0003        |
|    loss                 | 2.02e+07      |
|    n_updates            | 4240          |
|    policy_gradient_loss | -0.000427     |
|    value_loss           | 4.1e+07       |
-------------------------------------------
------------------------------------------
| rollout/                |              |
|    ep_len_mean          | 100          |
|    ep_rew_mean          | -4.59e+04    |
| time/                   |              |
|    fps                  | 101          |
|    iterations           | 426          |
|    time_elapsed         | 8599         |
|    total_timesteps      | 872448       |
| train/                  |              |
|    approx_kl            | 0.0002052123 |
|    clip_fraction        | 0            |
|    clip_range           | 0.2          |
|    entropy_loss         | -3.06        |
|    explained_variance   | 0            |
|    learning_rate        | 0.0003       |
|    loss                 | 2.16e+07     |
|    n_updates            | 4250         |
|    policy_gradient_loss | -0.000512    |
|    value_loss           | 4.34e+07     |
------------------------------------------
-------------------------------------------
| rollout/                |               |
|    ep_len_mean          | 100           |
|    ep_rew_mean          | -4.53e+04     |
| time/                   |               |
|    fps                  | 101           |
|    iterations           | 427           |
|    time_elapsed         | 8619          |
|    total_timesteps      | 874496        |
| train/                  |               |
|    approx_kl            | 0.00031514387 |
|    clip_fraction        | 0             |
|    clip_range           | 0.2           |
|    entropy_loss         | -3.06         |
|    explained_variance   | 0             |
|    learning_rate        | 0.0003        |
|    loss                 | 2.02e+07      |
|    n_updates            | 4260          |
|    policy_gradient_loss | -0.000752     |
|    value_loss           | 4.04e+07      |
-------------------------------------------
-------------------------------------------
| rollout/                |               |
|    ep_len_mean          | 100           |
|    ep_rew_mean          | -4.5e+04      |
| time/                   |               |
|    fps                  | 101           |
|    iterations           | 428           |
|    time_elapsed         | 8643          |
|    total_timesteps      | 876544        |
| train/                  |               |
|    approx_kl            | 0.00017971781 |
|    clip_fraction        | 0             |
|    clip_range           | 0.2           |
|    entropy_loss         | -3.06         |
|    explained_variance   | -1.19e-07     |
|    learning_rate        | 0.0003        |
|    loss                 | 2.12e+07      |
|    n_updates            | 4270          |
|    policy_gradient_loss | -0.000432     |
|    value_loss           | 4.11e+07      |
-------------------------------------------
------------------------------------------
| rollout/                |              |
|    ep_len_mean          | 100          |
|    ep_rew_mean          | -4.48e+04    |
| time/                   |              |
|    fps                  | 101          |
|    iterations           | 429          |
|    time_elapsed         | 8664         |
|    total_timesteps      | 878592       |
| train/                  |              |
|    approx_kl            | 0.0004174803 |
|    clip_fraction        | 0            |
|    clip_range           | 0.2          |
|    entropy_loss         | -3.06        |
|    explained_variance   | 5.96e-08     |
|    learning_rate        | 0.0003       |
|    loss                 | 1.93e+07     |
|    n_updates            | 4280         |
|    policy_gradient_loss | -0.000659    |
|    value_loss           | 3.96e+07     |
------------------------------------------
-------------------------------------------
| rollout/                |               |
|    ep_len_mean          | 100           |
|    ep_rew_mean          | -4.47e+04     |
| time/                   |               |
|    fps                  | 101           |
|    iterations           | 430           |
|    time_elapsed         | 8685          |
|    total_timesteps      | 880640        |
| train/                  |               |
|    approx_kl            | 0.00046664447 |
|    clip_fraction        | 0             |
|    clip_range           | 0.2           |
|    entropy_loss         | -3.06         |
|    explained_variance   | -1.19e-07     |
|    learning_rate        | 0.0003        |
|    loss                 | 1.89e+07      |
|    n_updates            | 4290          |
|    policy_gradient_loss | -0.000895     |
|    value_loss           | 3.93e+07      |
-------------------------------------------
-------------------------------------------
| rollout/                |               |
|    ep_len_mean          | 100           |
|    ep_rew_mean          | -4.47e+04     |
| time/                   |               |
|    fps                  | 101           |
|    iterations           | 431           |
|    time_elapsed         | 8708          |
|    total_timesteps      | 882688        |
| train/                  |               |
|    approx_kl            | 0.00015472277 |
|    clip_fraction        | 0             |
|    clip_range           | 0.2           |
|    entropy_loss         | -3.07         |
|    explained_variance   | 5.96e-08      |
|    learning_rate        | 0.0003        |
|    loss                 | 2.05e+07      |
|    n_updates            | 4300          |
|    policy_gradient_loss | -0.000264     |
|    value_loss           | 4.33e+07      |
-------------------------------------------
-------------------------------------------
| rollout/                |               |
|    ep_len_mean          | 100           |
|    ep_rew_mean          | -4.52e+04     |
| time/                   |               |
|    fps                  | 101           |
|    iterations           | 432           |
|    time_elapsed         | 8728          |
|    total_timesteps      | 884736        |
| train/                  |               |
|    approx_kl            | 0.00010415315 |
|    clip_fraction        | 0             |
|    clip_range           | 0.2           |
|    entropy_loss         | -3.07         |
|    explained_variance   | 0             |
|    learning_rate        | 0.0003        |
|    loss                 | 2.03e+07      |
|    n_updates            | 4310          |
|    policy_gradient_loss | -0.00022      |
|    value_loss           | 4.33e+07      |
-------------------------------------------
-------------------------------------------
| rollout/                |               |
|    ep_len_mean          | 100           |
|    ep_rew_mean          | -4.57e+04     |
| time/                   |               |
|    fps                  | 101           |
|    iterations           | 433           |
|    time_elapsed         | 8748          |
|    total_timesteps      | 886784        |
| train/                  |               |
|    approx_kl            | 0.00033247547 |
|    clip_fraction        | 0             |
|    clip_range           | 0.2           |
|    entropy_loss         | -3.07         |
|    explained_variance   | 5.96e-08      |
|    learning_rate        | 0.0003        |
|    loss                 | 1.83e+07      |
|    n_updates            | 4320          |
|    policy_gradient_loss | -0.000866     |
|    value_loss           | 4.19e+07      |
-------------------------------------------
------------------------------------------
| rollout/                |              |
|    ep_len_mean          | 100          |
|    ep_rew_mean          | -4.59e+04    |
| time/                   |              |
|    fps                  | 101          |
|    iterations           | 434          |
|    time_elapsed         | 8770         |
|    total_timesteps      | 888832       |
| train/                  |              |
|    approx_kl            | 0.0003504118 |
|    clip_fraction        | 0            |
|    clip_range           | 0.2          |
|    entropy_loss         | -3.06        |
|    explained_variance   | 0            |
|    learning_rate        | 0.0003       |
|    loss                 | 2.53e+07     |
|    n_updates            | 4330         |
|    policy_gradient_loss | -0.000894    |
|    value_loss           | 4.58e+07     |
------------------------------------------
-----------------------------------------
| rollout/                |             |
|    ep_len_mean          | 100         |
|    ep_rew_mean          | -4.58e+04   |
| time/                   |             |
|    fps                  | 101         |
|    iterations           | 435         |
|    time_elapsed         | 8790        |
|    total_timesteps      | 890880      |
| train/                  |             |
|    approx_kl            | 0.000466637 |
|    clip_fraction        | 0           |
|    clip_range           | 0.2         |
|    entropy_loss         | -3.06       |
|    explained_variance   | 0           |
|    learning_rate        | 0.0003      |
|    loss                 | 2.37e+07    |
|    n_updates            | 4340        |
|    policy_gradient_loss | -0.000918   |
|    value_loss           | 4.29e+07    |
-----------------------------------------
-------------------------------------------
| rollout/                |               |
|    ep_len_mean          | 100           |
|    ep_rew_mean          | -4.57e+04     |
| time/                   |               |
|    fps                  | 101           |
|    iterations           | 436           |
|    time_elapsed         | 8809          |
|    total_timesteps      | 892928        |
| train/                  |               |
|    approx_kl            | 0.00014207888 |
|    clip_fraction        | 0             |
|    clip_range           | 0.2           |
|    entropy_loss         | -3.07         |
|    explained_variance   | 0             |
|    learning_rate        | 0.0003        |
|    loss                 | 1.98e+07      |
|    n_updates            | 4350          |
|    policy_gradient_loss | -0.000306     |
|    value_loss           | 3.96e+07      |
-------------------------------------------
-------------------------------------------
| rollout/                |               |
|    ep_len_mean          | 100           |
|    ep_rew_mean          | -4.56e+04     |
| time/                   |               |
|    fps                  | 101           |
|    iterations           | 437           |
|    time_elapsed         | 8830          |
|    total_timesteps      | 894976        |
| train/                  |               |
|    approx_kl            | 0.00046446073 |
|    clip_fraction        | 0             |
|    clip_range           | 0.2           |
|    entropy_loss         | -3.06         |
|    explained_variance   | 0             |
|    learning_rate        | 0.0003        |
|    loss                 | 1.94e+07      |
|    n_updates            | 4360          |
|    policy_gradient_loss | -0.00105      |
|    value_loss           | 3.97e+07      |
-------------------------------------------
------------------------------------------
| rollout/                |              |
|    ep_len_mean          | 100          |
|    ep_rew_mean          | -4.54e+04    |
| time/                   |              |
|    fps                  | 101          |
|    iterations           | 438          |
|    time_elapsed         | 8847         |
|    total_timesteps      | 897024       |
| train/                  |              |
|    approx_kl            | 0.0004061676 |
|    clip_fraction        | 0            |
|    clip_range           | 0.2          |
|    entropy_loss         | -3.06        |
|    explained_variance   | 0            |
|    learning_rate        | 0.0003       |
|    loss                 | 2.47e+07     |
|    n_updates            | 4370         |
|    policy_gradient_loss | -0.001       |
|    value_loss           | 4.4e+07      |
------------------------------------------
------------------------------------------
| rollout/                |              |
|    ep_len_mean          | 100          |
|    ep_rew_mean          | -4.55e+04    |
| time/                   |              |
|    fps                  | 101          |
|    iterations           | 439          |
|    time_elapsed         | 8865         |
|    total_timesteps      | 899072       |
| train/                  |              |
|    approx_kl            | 0.0004910468 |
|    clip_fraction        | 0            |
|    clip_range           | 0.2          |
|    entropy_loss         | -3.05        |
|    explained_variance   | 0            |
|    learning_rate        | 0.0003       |
|    loss                 | 2.53e+07     |
|    n_updates            | 4380         |
|    policy_gradient_loss | -0.00101     |
|    value_loss           | 4.19e+07     |
------------------------------------------
Eval num_timesteps=900000, episode_reward=-132479.21 +/- 8382.74
Episode length: 100.00 +/- 0.00
-------------------------------------------
| eval/                   |               |
|    mean_ep_length       | 100           |
|    mean_reward          | -1.32e+05     |
| time/                   |               |
|    total_timesteps      | 900000        |
| train/                  |               |
|    approx_kl            | 0.00018671769 |
|    clip_fraction        | 0             |
|    clip_range           | 0.2           |
|    entropy_loss         | -3.05         |
|    explained_variance   | 0             |
|    learning_rate        | 0.0003        |
|    loss                 | 2.08e+07      |
|    n_updates            | 4390          |
|    policy_gradient_loss | -0.00048      |
|    value_loss           | 4.19e+07      |
-------------------------------------------
----------------------------------
| rollout/           |           |
|    ep_len_mean     | 100       |
|    ep_rew_mean     | -4.55e+04 |
| time/              |           |
|    fps             | 101       |
|    iterations      | 440       |
|    time_elapsed    | 8902      |
|    total_timesteps | 901120    |
----------------------------------
-------------------------------------------
| rollout/                |               |
|    ep_len_mean          | 100           |
|    ep_rew_mean          | -4.55e+04     |
| time/                   |               |
|    fps                  | 101           |
|    iterations           | 441           |
|    time_elapsed         | 8925          |
|    total_timesteps      | 903168        |
| train/                  |               |
|    approx_kl            | 0.00014640062 |
|    clip_fraction        | 0             |
|    clip_range           | 0.2           |
|    entropy_loss         | -3.05         |
|    explained_variance   | 0             |
|    learning_rate        | 0.0003        |
|    loss                 | 1.63e+07      |
|    n_updates            | 4400          |
|    policy_gradient_loss | -0.000375     |
|    value_loss           | 3.94e+07      |
-------------------------------------------
-------------------------------------------
| rollout/                |               |
|    ep_len_mean          | 100           |
|    ep_rew_mean          | -4.53e+04     |
| time/                   |               |
|    fps                  | 101           |
|    iterations           | 442           |
|    time_elapsed         | 8944          |
|    total_timesteps      | 905216        |
| train/                  |               |
|    approx_kl            | 0.00020635937 |
|    clip_fraction        | 0             |
|    clip_range           | 0.2           |
|    entropy_loss         | -3.05         |
|    explained_variance   | -1.19e-07     |
|    learning_rate        | 0.0003        |
|    loss                 | 1.94e+07      |
|    n_updates            | 4410          |
|    policy_gradient_loss | -0.000579     |
|    value_loss           | 4.12e+07      |
-------------------------------------------
-------------------------------------------
| rollout/                |               |
|    ep_len_mean          | 100           |
|    ep_rew_mean          | -4.51e+04     |
| time/                   |               |
|    fps                  | 101           |
|    iterations           | 443           |
|    time_elapsed         | 8960          |
|    total_timesteps      | 907264        |
| train/                  |               |
|    approx_kl            | 0.00022359824 |
|    clip_fraction        | 0             |
|    clip_range           | 0.2           |
|    entropy_loss         | -3.04         |
|    explained_variance   | -1.19e-07     |
|    learning_rate        | 0.0003        |
|    loss                 | 2.31e+07      |
|    n_updates            | 4420          |
|    policy_gradient_loss | -0.000404     |
|    value_loss           | 4.14e+07      |
-------------------------------------------
-------------------------------------------
| rollout/                |               |
|    ep_len_mean          | 100           |
|    ep_rew_mean          | -4.47e+04     |
| time/                   |               |
|    fps                  | 101           |
|    iterations           | 444           |
|    time_elapsed         | 8982          |
|    total_timesteps      | 909312        |
| train/                  |               |
|    approx_kl            | 0.00019684865 |
|    clip_fraction        | 0             |
|    clip_range           | 0.2           |
|    entropy_loss         | -3.04         |
|    explained_variance   | 5.96e-08      |
|    learning_rate        | 0.0003        |
|    loss                 | 2.02e+07      |
|    n_updates            | 4430          |
|    policy_gradient_loss | -0.000501     |
|    value_loss           | 4.12e+07      |
-------------------------------------------
------------------------------------------
| rollout/                |              |
|    ep_len_mean          | 100          |
|    ep_rew_mean          | -4.48e+04    |
| time/                   |              |
|    fps                  | 101          |
|    iterations           | 445          |
|    time_elapsed         | 9002         |
|    total_timesteps      | 911360       |
| train/                  |              |
|    approx_kl            | 0.0005464923 |
|    clip_fraction        | 0            |
|    clip_range           | 0.2          |
|    entropy_loss         | -3.05        |
|    explained_variance   | -1.19e-07    |
|    learning_rate        | 0.0003       |
|    loss                 | 1.71e+07     |
|    n_updates            | 4440         |
|    policy_gradient_loss | -0.000892    |
|    value_loss           | 3.81e+07     |
------------------------------------------
------------------------------------------
| rollout/                |              |
|    ep_len_mean          | 100          |
|    ep_rew_mean          | -4.44e+04    |
| time/                   |              |
|    fps                  | 101          |
|    iterations           | 446          |
|    time_elapsed         | 9025         |
|    total_timesteps      | 913408       |
| train/                  |              |
|    approx_kl            | 0.0005898209 |
|    clip_fraction        | 0            |
|    clip_range           | 0.2          |
|    entropy_loss         | -3.05        |
|    explained_variance   | 5.96e-08     |
|    learning_rate        | 0.0003       |
|    loss                 | 2.14e+07     |
|    n_updates            | 4450         |
|    policy_gradient_loss | -0.00132     |
|    value_loss           | 4.22e+07     |
------------------------------------------
------------------------------------------
| rollout/                |              |
|    ep_len_mean          | 100          |
|    ep_rew_mean          | -4.4e+04     |
| time/                   |              |
|    fps                  | 101          |
|    iterations           | 447          |
|    time_elapsed         | 9046         |
|    total_timesteps      | 915456       |
| train/                  |              |
|    approx_kl            | 0.0001291912 |
|    clip_fraction        | 0            |
|    clip_range           | 0.2          |
|    entropy_loss         | -3.05        |
|    explained_variance   | 0            |
|    learning_rate        | 0.0003       |
|    loss                 | 1.7e+07      |
|    n_updates            | 4460         |
|    policy_gradient_loss | -0.000281    |
|    value_loss           | 3.57e+07     |
------------------------------------------
-------------------------------------------
| rollout/                |               |
|    ep_len_mean          | 100           |
|    ep_rew_mean          | -4.41e+04     |
| time/                   |               |
|    fps                  | 101           |
|    iterations           | 448           |
|    time_elapsed         | 9067          |
|    total_timesteps      | 917504        |
| train/                  |               |
|    approx_kl            | 0.00044738292 |
|    clip_fraction        | 0             |
|    clip_range           | 0.2           |
|    entropy_loss         | -3.04         |
|    explained_variance   | 0             |
|    learning_rate        | 0.0003        |
|    loss                 | 1.9e+07       |
|    n_updates            | 4470          |
|    policy_gradient_loss | -0.00109      |
|    value_loss           | 3.7e+07       |
-------------------------------------------
------------------------------------------
| rollout/                |              |
|    ep_len_mean          | 100          |
|    ep_rew_mean          | -4.45e+04    |
| time/                   |              |
|    fps                  | 101          |
|    iterations           | 449          |
|    time_elapsed         | 9088         |
|    total_timesteps      | 919552       |
| train/                  |              |
|    approx_kl            | 4.131638e-05 |
|    clip_fraction        | 0            |
|    clip_range           | 0.2          |
|    entropy_loss         | -3.04        |
|    explained_variance   | 0            |
|    learning_rate        | 0.0003       |
|    loss                 | 2.11e+07     |
|    n_updates            | 4480         |
|    policy_gradient_loss | -7.28e-05    |
|    value_loss           | 4.14e+07     |
------------------------------------------
-------------------------------------------
| rollout/                |               |
|    ep_len_mean          | 100           |
|    ep_rew_mean          | -4.42e+04     |
| time/                   |               |
|    fps                  | 101           |
|    iterations           | 450           |
|    time_elapsed         | 9108          |
|    total_timesteps      | 921600        |
| train/                  |               |
|    approx_kl            | 0.00036225616 |
|    clip_fraction        | 0             |
|    clip_range           | 0.2           |
|    entropy_loss         | -3.04         |
|    explained_variance   | 5.96e-08      |
|    learning_rate        | 0.0003        |
|    loss                 | 2.03e+07      |
|    n_updates            | 4490          |
|    policy_gradient_loss | -0.000594     |
|    value_loss           | 4.08e+07      |
-------------------------------------------
-------------------------------------------
| rollout/                |               |
|    ep_len_mean          | 100           |
|    ep_rew_mean          | -4.46e+04     |
| time/                   |               |
|    fps                  | 101           |
|    iterations           | 451           |
|    time_elapsed         | 9122          |
|    total_timesteps      | 923648        |
| train/                  |               |
|    approx_kl            | 0.00019654538 |
|    clip_fraction        | 0             |
|    clip_range           | 0.2           |
|    entropy_loss         | -3.04         |
|    explained_variance   | 0             |
|    learning_rate        | 0.0003        |
|    loss                 | 1.86e+07      |
|    n_updates            | 4500          |
|    policy_gradient_loss | -0.000476     |
|    value_loss           | 3.82e+07      |
-------------------------------------------
------------------------------------------
| rollout/                |              |
|    ep_len_mean          | 100          |
|    ep_rew_mean          | -4.51e+04    |
| time/                   |              |
|    fps                  | 101          |
|    iterations           | 452          |
|    time_elapsed         | 9144         |
|    total_timesteps      | 925696       |
| train/                  |              |
|    approx_kl            | 0.0004292429 |
|    clip_fraction        | 0            |
|    clip_range           | 0.2          |
|    entropy_loss         | -3.04        |
|    explained_variance   | 5.96e-08     |
|    learning_rate        | 0.0003       |
|    loss                 | 2.16e+07     |
|    n_updates            | 4510         |
|    policy_gradient_loss | -0.000919    |
|    value_loss           | 4.17e+07     |
------------------------------------------
-------------------------------------------
| rollout/                |               |
|    ep_len_mean          | 100           |
|    ep_rew_mean          | -4.47e+04     |
| time/                   |               |
|    fps                  | 101           |
|    iterations           | 453           |
|    time_elapsed         | 9164          |
|    total_timesteps      | 927744        |
| train/                  |               |
|    approx_kl            | 0.00046364032 |
|    clip_fraction        | 0             |
|    clip_range           | 0.2           |
|    entropy_loss         | -3.05         |
|    explained_variance   | 0             |
|    learning_rate        | 0.0003        |
|    loss                 | 1.89e+07      |
|    n_updates            | 4520          |
|    policy_gradient_loss | -0.00097      |
|    value_loss           | 4.27e+07      |
-------------------------------------------
-------------------------------------------
| rollout/                |               |
|    ep_len_mean          | 100           |
|    ep_rew_mean          | -4.46e+04     |
| time/                   |               |
|    fps                  | 101           |
|    iterations           | 454           |
|    time_elapsed         | 9186          |
|    total_timesteps      | 929792        |
| train/                  |               |
|    approx_kl            | 0.00022511659 |
|    clip_fraction        | 0             |
|    clip_range           | 0.2           |
|    entropy_loss         | -3.04         |
|    explained_variance   | 0             |
|    learning_rate        | 0.0003        |
|    loss                 | 1.82e+07      |
|    n_updates            | 4530          |
|    policy_gradient_loss | -0.000448     |
|    value_loss           | 3.78e+07      |
-------------------------------------------
-------------------------------------------
| rollout/                |               |
|    ep_len_mean          | 100           |
|    ep_rew_mean          | -4.45e+04     |
| time/                   |               |
|    fps                  | 101           |
|    iterations           | 455           |
|    time_elapsed         | 9206          |
|    total_timesteps      | 931840        |
| train/                  |               |
|    approx_kl            | 0.00030115846 |
|    clip_fraction        | 0             |
|    clip_range           | 0.2           |
|    entropy_loss         | -3.04         |
|    explained_variance   | 0             |
|    learning_rate        | 0.0003        |
|    loss                 | 2.35e+07      |
|    n_updates            | 4540          |
|    policy_gradient_loss | -0.000712     |
|    value_loss           | 3.97e+07      |
-------------------------------------------
------------------------------------------
| rollout/                |              |
|    ep_len_mean          | 100          |
|    ep_rew_mean          | -4.45e+04    |
| time/                   |              |
|    fps                  | 101          |
|    iterations           | 456          |
|    time_elapsed         | 9228         |
|    total_timesteps      | 933888       |
| train/                  |              |
|    approx_kl            | 0.0006639892 |
|    clip_fraction        | 0            |
|    clip_range           | 0.2          |
|    entropy_loss         | -3.04        |
|    explained_variance   | -1.19e-07    |
|    learning_rate        | 0.0003       |
|    loss                 | 1.9e+07      |
|    n_updates            | 4550         |
|    policy_gradient_loss | -0.00148     |
|    value_loss           | 3.81e+07     |
------------------------------------------
-------------------------------------------
| rollout/                |               |
|    ep_len_mean          | 100           |
|    ep_rew_mean          | -4.46e+04     |
| time/                   |               |
|    fps                  | 101           |
|    iterations           | 457           |
|    time_elapsed         | 9246          |
|    total_timesteps      | 935936        |
| train/                  |               |
|    approx_kl            | 0.00028817577 |
|    clip_fraction        | 0             |
|    clip_range           | 0.2           |
|    entropy_loss         | -3.04         |
|    explained_variance   | 0             |
|    learning_rate        | 0.0003        |
|    loss                 | 2.16e+07      |
|    n_updates            | 4560          |
|    policy_gradient_loss | -0.000471     |
|    value_loss           | 4.21e+07      |
-------------------------------------------
-------------------------------------------
| rollout/                |               |
|    ep_len_mean          | 100           |
|    ep_rew_mean          | -4.46e+04     |
| time/                   |               |
|    fps                  | 101           |
|    iterations           | 458           |
|    time_elapsed         | 9269          |
|    total_timesteps      | 937984        |
| train/                  |               |
|    approx_kl            | 0.00023265588 |
|    clip_fraction        | 0             |
|    clip_range           | 0.2           |
|    entropy_loss         | -3.04         |
|    explained_variance   | -1.19e-07     |
|    learning_rate        | 0.0003        |
|    loss                 | 2.07e+07      |
|    n_updates            | 4570          |
|    policy_gradient_loss | -0.000498     |
|    value_loss           | 4.04e+07      |
-------------------------------------------
-------------------------------------------
| rollout/                |               |
|    ep_len_mean          | 100           |
|    ep_rew_mean          | -4.45e+04     |
| time/                   |               |
|    fps                  | 101           |
|    iterations           | 459           |
|    time_elapsed         | 9283          |
|    total_timesteps      | 940032        |
| train/                  |               |
|    approx_kl            | 0.00053520576 |
|    clip_fraction        | 0             |
|    clip_range           | 0.2           |
|    entropy_loss         | -3.04         |
|    explained_variance   | 1.79e-07      |
|    learning_rate        | 0.0003        |
|    loss                 | 1.77e+07      |
|    n_updates            | 4580          |
|    policy_gradient_loss | -0.00117      |
|    value_loss           | 3.86e+07      |
-------------------------------------------
-------------------------------------------
| rollout/                |               |
|    ep_len_mean          | 100           |
|    ep_rew_mean          | -4.49e+04     |
| time/                   |               |
|    fps                  | 101           |
|    iterations           | 460           |
|    time_elapsed         | 9303          |
|    total_timesteps      | 942080        |
| train/                  |               |
|    approx_kl            | 0.00020142505 |
|    clip_fraction        | 0             |
|    clip_range           | 0.2           |
|    entropy_loss         | -3.04         |
|    explained_variance   | -1.19e-07     |
|    learning_rate        | 0.0003        |
|    loss                 | 1.71e+07      |
|    n_updates            | 4590          |
|    policy_gradient_loss | -0.000455     |
|    value_loss           | 3.75e+07      |
-------------------------------------------
-------------------------------------------
| rollout/                |               |
|    ep_len_mean          | 100           |
|    ep_rew_mean          | -4.51e+04     |
| time/                   |               |
|    fps                  | 101           |
|    iterations           | 461           |
|    time_elapsed         | 9323          |
|    total_timesteps      | 944128        |
| train/                  |               |
|    approx_kl            | 0.00024021801 |
|    clip_fraction        | 0             |
|    clip_range           | 0.2           |
|    entropy_loss         | -3.04         |
|    explained_variance   | 5.96e-08      |
|    learning_rate        | 0.0003        |
|    loss                 | 2.17e+07      |
|    n_updates            | 4600          |
|    policy_gradient_loss | -0.000371     |
|    value_loss           | 4.23e+07      |
-------------------------------------------
------------------------------------------
| rollout/                |              |
|    ep_len_mean          | 100          |
|    ep_rew_mean          | -4.5e+04     |
| time/                   |              |
|    fps                  | 101          |
|    iterations           | 462          |
|    time_elapsed         | 9345         |
|    total_timesteps      | 946176       |
| train/                  |              |
|    approx_kl            | 0.0004030031 |
|    clip_fraction        | 0            |
|    clip_range           | 0.2          |
|    entropy_loss         | -3.04        |
|    explained_variance   | -1.19e-07    |
|    learning_rate        | 0.0003       |
|    loss                 | 2.2e+07      |
|    n_updates            | 4610         |
|    policy_gradient_loss | -0.000665    |
|    value_loss           | 4.37e+07     |
------------------------------------------
------------------------------------------
| rollout/                |              |
|    ep_len_mean          | 100          |
|    ep_rew_mean          | -4.52e+04    |
| time/                   |              |
|    fps                  | 101          |
|    iterations           | 463          |
|    time_elapsed         | 9360         |
|    total_timesteps      | 948224       |
| train/                  |              |
|    approx_kl            | 0.0005549785 |
|    clip_fraction        | 0            |
|    clip_range           | 0.2          |
|    entropy_loss         | -3.05        |
|    explained_variance   | 5.96e-08     |
|    learning_rate        | 0.0003       |
|    loss                 | 2.01e+07     |
|    n_updates            | 4620         |
|    policy_gradient_loss | -0.00104     |
|    value_loss           | 4.1e+07      |
------------------------------------------
Eval num_timesteps=950000, episode_reward=-130717.71 +/- 10116.50
Episode length: 100.00 +/- 0.00
-------------------------------------------
| eval/                   |               |
|    mean_ep_length       | 100           |
|    mean_reward          | -1.31e+05     |
| time/                   |               |
|    total_timesteps      | 950000        |
| train/                  |               |
|    approx_kl            | 0.00028057472 |
|    clip_fraction        | 0             |
|    clip_range           | 0.2           |
|    entropy_loss         | -3.06         |
|    explained_variance   | 5.96e-08      |
|    learning_rate        | 0.0003        |
|    loss                 | 1.97e+07      |
|    n_updates            | 4630          |
|    policy_gradient_loss | -0.00076      |
|    value_loss           | 3.96e+07      |
-------------------------------------------
----------------------------------
| rollout/           |           |
|    ep_len_mean     | 100       |
|    ep_rew_mean     | -4.56e+04 |
| time/              |           |
|    fps             | 100       |
|    iterations      | 464       |
|    time_elapsed    | 9425      |
|    total_timesteps | 950272    |
----------------------------------
------------------------------------------
| rollout/                |              |
|    ep_len_mean          | 100          |
|    ep_rew_mean          | -4.5e+04     |
| time/                   |              |
|    fps                  | 100          |
|    iterations           | 465          |
|    time_elapsed         | 9439         |
|    total_timesteps      | 952320       |
| train/                  |              |
|    approx_kl            | 0.0002671504 |
|    clip_fraction        | 0            |
|    clip_range           | 0.2          |
|    entropy_loss         | -3.06        |
|    explained_variance   | 5.96e-08     |
|    learning_rate        | 0.0003       |
|    loss                 | 2.06e+07     |
|    n_updates            | 4640         |
|    policy_gradient_loss | -0.000539    |
|    value_loss           | 4.03e+07     |
------------------------------------------
-------------------------------------------
| rollout/                |               |
|    ep_len_mean          | 100           |
|    ep_rew_mean          | -4.49e+04     |
| time/                   |               |
|    fps                  | 100           |
|    iterations           | 466           |
|    time_elapsed         | 9452          |
|    total_timesteps      | 954368        |
| train/                  |               |
|    approx_kl            | 0.00057350297 |
|    clip_fraction        | 0             |
|    clip_range           | 0.2           |
|    entropy_loss         | -3.06         |
|    explained_variance   | 5.96e-08      |
|    learning_rate        | 0.0003        |
|    loss                 | 1.78e+07      |
|    n_updates            | 4650          |
|    policy_gradient_loss | -0.00137      |
|    value_loss           | 3.92e+07      |
-------------------------------------------
-------------------------------------------
| rollout/                |               |
|    ep_len_mean          | 100           |
|    ep_rew_mean          | -4.48e+04     |
| time/                   |               |
|    fps                  | 100           |
|    iterations           | 467           |
|    time_elapsed         | 9472          |
|    total_timesteps      | 956416        |
| train/                  |               |
|    approx_kl            | 0.00050796877 |
|    clip_fraction        | 0             |
|    clip_range           | 0.2           |
|    entropy_loss         | -3.06         |
|    explained_variance   | 5.96e-08      |
|    learning_rate        | 0.0003        |
|    loss                 | 2.02e+07      |
|    n_updates            | 4660          |
|    policy_gradient_loss | -0.00116      |
|    value_loss           | 4.28e+07      |
-------------------------------------------
------------------------------------------
| rollout/                |              |
|    ep_len_mean          | 100          |
|    ep_rew_mean          | -4.47e+04    |
| time/                   |              |
|    fps                  | 100          |
|    iterations           | 468          |
|    time_elapsed         | 9492         |
|    total_timesteps      | 958464       |
| train/                  |              |
|    approx_kl            | 0.0001678406 |
|    clip_fraction        | 0            |
|    clip_range           | 0.2          |
|    entropy_loss         | -3.06        |
|    explained_variance   | 0            |
|    learning_rate        | 0.0003       |
|    loss                 | 1.8e+07      |
|    n_updates            | 4670         |
|    policy_gradient_loss | -0.00034     |
|    value_loss           | 4.06e+07     |
------------------------------------------
------------------------------------------
| rollout/                |              |
|    ep_len_mean          | 100          |
|    ep_rew_mean          | -4.5e+04     |
| time/                   |              |
|    fps                  | 101          |
|    iterations           | 469          |
|    time_elapsed         | 9509         |
|    total_timesteps      | 960512       |
| train/                  |              |
|    approx_kl            | 0.0001327327 |
|    clip_fraction        | 0            |
|    clip_range           | 0.2          |
|    entropy_loss         | -3.06        |
|    explained_variance   | 0            |
|    learning_rate        | 0.0003       |
|    loss                 | 2.16e+07     |
|    n_updates            | 4680         |
|    policy_gradient_loss | -0.000303    |
|    value_loss           | 4.04e+07     |
------------------------------------------
-------------------------------------------
| rollout/                |               |
|    ep_len_mean          | 100           |
|    ep_rew_mean          | -4.53e+04     |
| time/                   |               |
|    fps                  | 101           |
|    iterations           | 470           |
|    time_elapsed         | 9530          |
|    total_timesteps      | 962560        |
| train/                  |               |
|    approx_kl            | 0.00037021266 |
|    clip_fraction        | 0             |
|    clip_range           | 0.2           |
|    entropy_loss         | -3.06         |
|    explained_variance   | 0             |
|    learning_rate        | 0.0003        |
|    loss                 | 1.89e+07      |
|    n_updates            | 4690          |
|    policy_gradient_loss | -0.000669     |
|    value_loss           | 3.95e+07      |
-------------------------------------------
-------------------------------------------
| rollout/                |               |
|    ep_len_mean          | 100           |
|    ep_rew_mean          | -4.53e+04     |
| time/                   |               |
|    fps                  | 100           |
|    iterations           | 471           |
|    time_elapsed         | 9551          |
|    total_timesteps      | 964608        |
| train/                  |               |
|    approx_kl            | 0.00020419908 |
|    clip_fraction        | 0             |
|    clip_range           | 0.2           |
|    entropy_loss         | -3.07         |
|    explained_variance   | 0             |
|    learning_rate        | 0.0003        |
|    loss                 | 2.04e+07      |
|    n_updates            | 4700          |
|    policy_gradient_loss | -0.000299     |
|    value_loss           | 4.1e+07       |
-------------------------------------------
------------------------------------------
| rollout/                |              |
|    ep_len_mean          | 100          |
|    ep_rew_mean          | -4.52e+04    |
| time/                   |              |
|    fps                  | 101          |
|    iterations           | 472          |
|    time_elapsed         | 9566         |
|    total_timesteps      | 966656       |
| train/                  |              |
|    approx_kl            | 0.0004059521 |
|    clip_fraction        | 0            |
|    clip_range           | 0.2          |
|    entropy_loss         | -3.07        |
|    explained_variance   | 0            |
|    learning_rate        | 0.0003       |
|    loss                 | 2.28e+07     |
|    n_updates            | 4710         |
|    policy_gradient_loss | -0.000721    |
|    value_loss           | 4.14e+07     |
------------------------------------------
-----------------------------------------
| rollout/                |             |
|    ep_len_mean          | 100         |
|    ep_rew_mean          | -4.5e+04    |
| time/                   |             |
|    fps                  | 101         |
|    iterations           | 473         |
|    time_elapsed         | 9579        |
|    total_timesteps      | 968704      |
| train/                  |             |
|    approx_kl            | 0.000343661 |
|    clip_fraction        | 0           |
|    clip_range           | 0.2         |
|    entropy_loss         | -3.07       |
|    explained_variance   | -1.19e-07   |
|    learning_rate        | 0.0003      |
|    loss                 | 2.03e+07    |
|    n_updates            | 4720        |
|    policy_gradient_loss | -0.000714   |
|    value_loss           | 4.06e+07    |
-----------------------------------------
-------------------------------------------
| rollout/                |               |
|    ep_len_mean          | 100           |
|    ep_rew_mean          | -4.52e+04     |
| time/                   |               |
|    fps                  | 101           |
|    iterations           | 474           |
|    time_elapsed         | 9600          |
|    total_timesteps      | 970752        |
| train/                  |               |
|    approx_kl            | 0.00025542604 |
|    clip_fraction        | 0             |
|    clip_range           | 0.2           |
|    entropy_loss         | -3.07         |
|    explained_variance   | -1.19e-07     |
|    learning_rate        | 0.0003        |
|    loss                 | 2.04e+07      |
|    n_updates            | 4730          |
|    policy_gradient_loss | -0.000756     |
|    value_loss           | 3.99e+07      |
-------------------------------------------
------------------------------------------
| rollout/                |              |
|    ep_len_mean          | 100          |
|    ep_rew_mean          | -4.51e+04    |
| time/                   |              |
|    fps                  | 101          |
|    iterations           | 475          |
|    time_elapsed         | 9621         |
|    total_timesteps      | 972800       |
| train/                  |              |
|    approx_kl            | 0.0003304871 |
|    clip_fraction        | 0            |
|    clip_range           | 0.2          |
|    entropy_loss         | -3.06        |
|    explained_variance   | -1.19e-07    |
|    learning_rate        | 0.0003       |
|    loss                 | 1.88e+07     |
|    n_updates            | 4740         |
|    policy_gradient_loss | -0.00093     |
|    value_loss           | 4.2e+07      |
------------------------------------------
-------------------------------------------
| rollout/                |               |
|    ep_len_mean          | 100           |
|    ep_rew_mean          | -4.52e+04     |
| time/                   |               |
|    fps                  | 101           |
|    iterations           | 476           |
|    time_elapsed         | 9643          |
|    total_timesteps      | 974848        |
| train/                  |               |
|    approx_kl            | 0.00030071946 |
|    clip_fraction        | 0             |
|    clip_range           | 0.2           |
|    entropy_loss         | -3.06         |
|    explained_variance   | 0             |
|    learning_rate        | 0.0003        |
|    loss                 | 2.15e+07      |
|    n_updates            | 4750          |
|    policy_gradient_loss | -0.000579     |
|    value_loss           | 4.04e+07      |
-------------------------------------------
-----------------------------------------
| rollout/                |             |
|    ep_len_mean          | 100         |
|    ep_rew_mean          | -4.54e+04   |
| time/                   |             |
|    fps                  | 101         |
|    iterations           | 477         |
|    time_elapsed         | 9662        |
|    total_timesteps      | 976896      |
| train/                  |             |
|    approx_kl            | 0.000466548 |
|    clip_fraction        | 0           |
|    clip_range           | 0.2         |
|    entropy_loss         | -3.07       |
|    explained_variance   | 0           |
|    learning_rate        | 0.0003      |
|    loss                 | 1.85e+07    |
|    n_updates            | 4760        |
|    policy_gradient_loss | -0.00102    |
|    value_loss           | 4.12e+07    |
-----------------------------------------
-------------------------------------------
| rollout/                |               |
|    ep_len_mean          | 100           |
|    ep_rew_mean          | -4.62e+04     |
| time/                   |               |
|    fps                  | 101           |
|    iterations           | 478           |
|    time_elapsed         | 9685          |
|    total_timesteps      | 978944        |
| train/                  |               |
|    approx_kl            | 0.00022258054 |
|    clip_fraction        | 0             |
|    clip_range           | 0.2           |
|    entropy_loss         | -3.07         |
|    explained_variance   | 0             |
|    learning_rate        | 0.0003        |
|    loss                 | 2.08e+07      |
|    n_updates            | 4770          |
|    policy_gradient_loss | -0.000426     |
|    value_loss           | 4.26e+07      |
-------------------------------------------
------------------------------------------
| rollout/                |              |
|    ep_len_mean          | 100          |
|    ep_rew_mean          | -4.6e+04     |
| time/                   |              |
|    fps                  | 101          |
|    iterations           | 479          |
|    time_elapsed         | 9703         |
|    total_timesteps      | 980992       |
| train/                  |              |
|    approx_kl            | 6.617457e-05 |
|    clip_fraction        | 0            |
|    clip_range           | 0.2          |
|    entropy_loss         | -3.07        |
|    explained_variance   | -1.19e-07    |
|    learning_rate        | 0.0003       |
|    loss                 | 2.22e+07     |
|    n_updates            | 4780         |
|    policy_gradient_loss | -0.000132    |
|    value_loss           | 4.67e+07     |
------------------------------------------
------------------------------------------
| rollout/                |              |
|    ep_len_mean          | 100          |
|    ep_rew_mean          | -4.6e+04     |
| time/                   |              |
|    fps                  | 101          |
|    iterations           | 480          |
|    time_elapsed         | 9725         |
|    total_timesteps      | 983040       |
| train/                  |              |
|    approx_kl            | 0.0010660389 |
|    clip_fraction        | 0            |
|    clip_range           | 0.2          |
|    entropy_loss         | -3.07        |
|    explained_variance   | 0            |
|    learning_rate        | 0.0003       |
|    loss                 | 2.09e+07     |
|    n_updates            | 4790         |
|    policy_gradient_loss | -0.00203     |
|    value_loss           | 4.03e+07     |
------------------------------------------
-------------------------------------------
| rollout/                |               |
|    ep_len_mean          | 100           |
|    ep_rew_mean          | -4.59e+04     |
| time/                   |               |
|    fps                  | 101           |
|    iterations           | 481           |
|    time_elapsed         | 9736          |
|    total_timesteps      | 985088        |
| train/                  |               |
|    approx_kl            | 0.00019642251 |
|    clip_fraction        | 0             |
|    clip_range           | 0.2           |
|    entropy_loss         | -3.06         |
|    explained_variance   | 5.96e-08      |
|    learning_rate        | 0.0003        |
|    loss                 | 1.84e+07      |
|    n_updates            | 4800          |
|    policy_gradient_loss | -0.000487     |
|    value_loss           | 3.93e+07      |
-------------------------------------------
------------------------------------------
| rollout/                |              |
|    ep_len_mean          | 100          |
|    ep_rew_mean          | -4.6e+04     |
| time/                   |              |
|    fps                  | 101          |
|    iterations           | 482          |
|    time_elapsed         | 9755         |
|    total_timesteps      | 987136       |
| train/                  |              |
|    approx_kl            | 8.942053e-05 |
|    clip_fraction        | 0            |
|    clip_range           | 0.2          |
|    entropy_loss         | -3.06        |
|    explained_variance   | 5.96e-08     |
|    learning_rate        | 0.0003       |
|    loss                 | 2.07e+07     |
|    n_updates            | 4810         |
|    policy_gradient_loss | -0.000112    |
|    value_loss           | 4.18e+07     |
------------------------------------------
-------------------------------------------
| rollout/                |               |
|    ep_len_mean          | 100           |
|    ep_rew_mean          | -4.57e+04     |
| time/                   |               |
|    fps                  | 101           |
|    iterations           | 483           |
|    time_elapsed         | 9770          |
|    total_timesteps      | 989184        |
| train/                  |               |
|    approx_kl            | 0.00045517454 |
|    clip_fraction        | 0             |
|    clip_range           | 0.2           |
|    entropy_loss         | -3.07         |
|    explained_variance   | 0             |
|    learning_rate        | 0.0003        |
|    loss                 | 2e+07         |
|    n_updates            | 4820          |
|    policy_gradient_loss | -0.0011       |
|    value_loss           | 4.31e+07      |
-------------------------------------------
-------------------------------------------
| rollout/                |               |
|    ep_len_mean          | 100           |
|    ep_rew_mean          | -4.57e+04     |
| time/                   |               |
|    fps                  | 101           |
|    iterations           | 484           |
|    time_elapsed         | 9790          |
|    total_timesteps      | 991232        |
| train/                  |               |
|    approx_kl            | 4.6612113e-05 |
|    clip_fraction        | 0             |
|    clip_range           | 0.2           |
|    entropy_loss         | -3.07         |
|    explained_variance   | 5.96e-08      |
|    learning_rate        | 0.0003        |
|    loss                 | 2.21e+07      |
|    n_updates            | 4830          |
|    policy_gradient_loss | -0.000115     |
|    value_loss           | 4.48e+07      |
-------------------------------------------
-------------------------------------------
| rollout/                |               |
|    ep_len_mean          | 100           |
|    ep_rew_mean          | -4.56e+04     |
| time/                   |               |
|    fps                  | 101           |
|    iterations           | 485           |
|    time_elapsed         | 9807          |
|    total_timesteps      | 993280        |
| train/                  |               |
|    approx_kl            | 0.00012456818 |
|    clip_fraction        | 0             |
|    clip_range           | 0.2           |
|    entropy_loss         | -3.07         |
|    explained_variance   | 0             |
|    learning_rate        | 0.0003        |
|    loss                 | 2.09e+07      |
|    n_updates            | 4840          |
|    policy_gradient_loss | -0.000276     |
|    value_loss           | 4.05e+07      |
-------------------------------------------
------------------------------------------
| rollout/                |              |
|    ep_len_mean          | 100          |
|    ep_rew_mean          | -4.52e+04    |
| time/                   |              |
|    fps                  | 101          |
|    iterations           | 486          |
|    time_elapsed         | 9821         |
|    total_timesteps      | 995328       |
| train/                  |              |
|    approx_kl            | 0.0002614234 |
|    clip_fraction        | 0            |
|    clip_range           | 0.2          |
|    entropy_loss         | -3.07        |
|    explained_variance   | 0            |
|    learning_rate        | 0.0003       |
|    loss                 | 2.07e+07     |
|    n_updates            | 4850         |
|    policy_gradient_loss | -0.000469    |
|    value_loss           | 3.93e+07     |
------------------------------------------
-------------------------------------------
| rollout/                |               |
|    ep_len_mean          | 100           |
|    ep_rew_mean          | -4.48e+04     |
| time/                   |               |
|    fps                  | 101           |
|    iterations           | 487           |
|    time_elapsed         | 9843          |
|    total_timesteps      | 997376        |
| train/                  |               |
|    approx_kl            | 0.00033382716 |
|    clip_fraction        | 0             |
|    clip_range           | 0.2           |
|    entropy_loss         | -3.07         |
|    explained_variance   | 0             |
|    learning_rate        | 0.0003        |
|    loss                 | 1.67e+07      |
|    n_updates            | 4860          |
|    policy_gradient_loss | -0.000593     |
|    value_loss           | 3.57e+07      |
-------------------------------------------
-------------------------------------------
| rollout/                |               |
|    ep_len_mean          | 100           |
|    ep_rew_mean          | -4.48e+04     |
| time/                   |               |
|    fps                  | 101           |
|    iterations           | 488           |
|    time_elapsed         | 9864          |
|    total_timesteps      | 999424        |
| train/                  |               |
|    approx_kl            | 0.00031892423 |
|    clip_fraction        | 0             |
|    clip_range           | 0.2           |
|    entropy_loss         | -3.07         |
|    explained_variance   | -1.19e-07     |
|    learning_rate        | 0.0003        |
|    loss                 | 2.17e+07      |
|    n_updates            | 4870          |
|    policy_gradient_loss | -0.000732     |
|    value_loss           | 4.22e+07      |
-------------------------------------------
Eval num_timesteps=1000000, episode_reward=-132817.71 +/- 8526.61
Episode length: 100.00 +/- 0.00
-------------------------------------------
| eval/                   |               |
|    mean_ep_length       | 100           |
|    mean_reward          | -1.33e+05     |
| time/                   |               |
|    total_timesteps      | 1000000       |
| train/                  |               |
|    approx_kl            | 0.00029307255 |
|    clip_fraction        | 0             |
|    clip_range           | 0.2           |
|    entropy_loss         | -3.07         |
|    explained_variance   | -1.19e-07     |
|    learning_rate        | 0.0003        |
|    loss                 | 2.01e+07      |
|    n_updates            | 4880          |
|    policy_gradient_loss | -0.000732     |
|    value_loss           | 4.1e+07       |
-------------------------------------------
----------------------------------
| rollout/           |           |
|    ep_len_mean     | 100       |
|    ep_rew_mean     | -4.43e+04 |
| time/              |           |
|    fps             | 100       |
|    iterations      | 489       |
|    time_elapsed    | 9916      |
|    total_timesteps | 1001472   |
----------------------------------
-------------------------------------------
| rollout/                |               |
|    ep_len_mean          | 100           |
|    ep_rew_mean          | -4.45e+04     |
| time/                   |               |
|    fps                  | 100           |
|    iterations           | 490           |
|    time_elapsed         | 9939          |
|    total_timesteps      | 1003520       |
| train/                  |               |
|    approx_kl            | 0.00018751956 |
|    clip_fraction        | 0             |
|    clip_range           | 0.2           |
|    entropy_loss         | -3.07         |
|    explained_variance   | -1.19e-07     |
|    learning_rate        | 0.0003        |
|    loss                 | 1.93e+07      |
|    n_updates            | 4890          |
|    policy_gradient_loss | -0.000405     |
|    value_loss           | 3.71e+07      |
-------------------------------------------
-------------------------------------------
| rollout/                |               |
|    ep_len_mean          | 100           |
|    ep_rew_mean          | -4.53e+04     |
| time/                   |               |
|    fps                  | 100           |
|    iterations           | 491           |
|    time_elapsed         | 9961          |
|    total_timesteps      | 1005568       |
| train/                  |               |
|    approx_kl            | 0.00032818224 |
|    clip_fraction        | 0             |
|    clip_range           | 0.2           |
|    entropy_loss         | -3.07         |
|    explained_variance   | 0             |
|    learning_rate        | 0.0003        |
|    loss                 | 2e+07         |
|    n_updates            | 4900          |
|    policy_gradient_loss | -0.000591     |
|    value_loss           | 4e+07         |
-------------------------------------------
-------------------------------------------
| rollout/                |               |
|    ep_len_mean          | 100           |
|    ep_rew_mean          | -4.55e+04     |
| time/                   |               |
|    fps                  | 101           |
|    iterations           | 492           |
|    time_elapsed         | 9975          |
|    total_timesteps      | 1007616       |
| train/                  |               |
|    approx_kl            | 0.00011889014 |
|    clip_fraction        | 0             |
|    clip_range           | 0.2           |
|    entropy_loss         | -3.07         |
|    explained_variance   | 0             |
|    learning_rate        | 0.0003        |
|    loss                 | 1.99e+07      |
|    n_updates            | 4910          |
|    policy_gradient_loss | -0.000292     |
|    value_loss           | 4.34e+07      |
-------------------------------------------
-------------------------------------------
| rollout/                |               |
|    ep_len_mean          | 100           |
|    ep_rew_mean          | -4.52e+04     |
| time/                   |               |
|    fps                  | 101           |
|    iterations           | 493           |
|    time_elapsed         | 9995          |
|    total_timesteps      | 1009664       |
| train/                  |               |
|    approx_kl            | 0.00020425371 |
|    clip_fraction        | 0             |
|    clip_range           | 0.2           |
|    entropy_loss         | -3.08         |
|    explained_variance   | 5.96e-08      |
|    learning_rate        | 0.0003        |
|    loss                 | 2.15e+07      |
|    n_updates            | 4920          |
|    policy_gradient_loss | -0.000399     |
|    value_loss           | 4.23e+07      |
-------------------------------------------
------------------------------------------
| rollout/                |              |
|    ep_len_mean          | 100          |
|    ep_rew_mean          | -4.56e+04    |
| time/                   |              |
|    fps                  | 100          |
|    iterations           | 494          |
|    time_elapsed         | 10017        |
|    total_timesteps      | 1011712      |
| train/                  |              |
|    approx_kl            | 0.0007575907 |
|    clip_fraction        | 0            |
|    clip_range           | 0.2          |
|    entropy_loss         | -3.08        |
|    explained_variance   | 0            |
|    learning_rate        | 0.0003       |
|    loss                 | 1.69e+07     |
|    n_updates            | 4930         |
|    policy_gradient_loss | -0.00136     |
|    value_loss           | 3.77e+07     |
------------------------------------------
-------------------------------------------
| rollout/                |               |
|    ep_len_mean          | 100           |
|    ep_rew_mean          | -4.58e+04     |
| time/                   |               |
|    fps                  | 100           |
|    iterations           | 495           |
|    time_elapsed         | 10037         |
|    total_timesteps      | 1013760       |
| train/                  |               |
|    approx_kl            | 0.00016680532 |
|    clip_fraction        | 0             |
|    clip_range           | 0.2           |
|    entropy_loss         | -3.09         |
|    explained_variance   | 5.96e-08      |
|    learning_rate        | 0.0003        |
|    loss                 | 2.11e+07      |
|    n_updates            | 4940          |
|    policy_gradient_loss | -0.000338     |
|    value_loss           | 4.13e+07      |
-------------------------------------------
--------------------------------------------
| rollout/                |                |
|    ep_len_mean          | 100            |
|    ep_rew_mean          | -4.55e+04      |
| time/                   |                |
|    fps                  | 101            |
|    iterations           | 496            |
|    time_elapsed         | 10055          |
|    total_timesteps      | 1015808        |
| train/                  |                |
|    approx_kl            | 0.000118914904 |
|    clip_fraction        | 0              |
|    clip_range           | 0.2            |
|    entropy_loss         | -3.08          |
|    explained_variance   | 5.96e-08       |
|    learning_rate        | 0.0003         |
|    loss                 | 2.31e+07       |
|    n_updates            | 4950           |
|    policy_gradient_loss | -0.000348      |
|    value_loss           | 4.18e+07       |
--------------------------------------------
------------------------------------------
| rollout/                |              |
|    ep_len_mean          | 100          |
|    ep_rew_mean          | -4.54e+04    |
| time/                   |              |
|    fps                  | 101          |
|    iterations           | 497          |
|    time_elapsed         | 10069        |
|    total_timesteps      | 1017856      |
| train/                  |              |
|    approx_kl            | 0.0007741193 |
|    clip_fraction        | 0            |
|    clip_range           | 0.2          |
|    entropy_loss         | -3.08        |
|    explained_variance   | 0            |
|    learning_rate        | 0.0003       |
|    loss                 | 2.07e+07     |
|    n_updates            | 4960         |
|    policy_gradient_loss | -0.0019      |
|    value_loss           | 4.24e+07     |
------------------------------------------
-------------------------------------------
| rollout/                |               |
|    ep_len_mean          | 100           |
|    ep_rew_mean          | -4.59e+04     |
| time/                   |               |
|    fps                  | 101           |
|    iterations           | 498           |
|    time_elapsed         | 10090         |
|    total_timesteps      | 1019904       |
| train/                  |               |
|    approx_kl            | 0.00035808285 |
|    clip_fraction        | 0             |
|    clip_range           | 0.2           |
|    entropy_loss         | -3.08         |
|    explained_variance   | 5.96e-08      |
|    learning_rate        | 0.0003        |
|    loss                 | 2.14e+07      |
|    n_updates            | 4970          |
|    policy_gradient_loss | -0.000675     |
|    value_loss           | 4.19e+07      |
-------------------------------------------
-------------------------------------------
| rollout/                |               |
|    ep_len_mean          | 100           |
|    ep_rew_mean          | -4.59e+04     |
| time/                   |               |
|    fps                  | 101           |
|    iterations           | 499           |
|    time_elapsed         | 10105         |
|    total_timesteps      | 1021952       |
| train/                  |               |
|    approx_kl            | 0.00033988786 |
|    clip_fraction        | 0             |
|    clip_range           | 0.2           |
|    entropy_loss         | -3.08         |
|    explained_variance   | 0             |
|    learning_rate        | 0.0003        |
|    loss                 | 2.07e+07      |
|    n_updates            | 4980          |
|    policy_gradient_loss | -0.000759     |
|    value_loss           | 4.17e+07      |
-------------------------------------------
--------------------------------------------
| rollout/                |                |
|    ep_len_mean          | 100            |
|    ep_rew_mean          | -4.61e+04      |
| time/                   |                |
|    fps                  | 101            |
|    iterations           | 500            |
|    time_elapsed         | 10118          |
|    total_timesteps      | 1024000        |
| train/                  |                |
|    approx_kl            | 0.000108966575 |
|    clip_fraction        | 0              |
|    clip_range           | 0.2            |
|    entropy_loss         | -3.08          |
|    explained_variance   | 0              |
|    learning_rate        | 0.0003         |
|    loss                 | 2.22e+07       |
|    n_updates            | 4990           |
|    policy_gradient_loss | -0.000349      |
|    value_loss           | 4.15e+07       |
--------------------------------------------
-------------------------------------------
| rollout/                |               |
|    ep_len_mean          | 100           |
|    ep_rew_mean          | -4.6e+04      |
| time/                   |               |
|    fps                  | 101           |
|    iterations           | 501           |
|    time_elapsed         | 10135         |
|    total_timesteps      | 1026048       |
| train/                  |               |
|    approx_kl            | 0.00033211504 |
|    clip_fraction        | 0             |
|    clip_range           | 0.2           |
|    entropy_loss         | -3.08         |
|    explained_variance   | 0             |
|    learning_rate        | 0.0003        |
|    loss                 | 2.31e+07      |
|    n_updates            | 5000          |
|    policy_gradient_loss | -0.000796     |
|    value_loss           | 4.05e+07      |
-------------------------------------------
-------------------------------------------
| rollout/                |               |
|    ep_len_mean          | 100           |
|    ep_rew_mean          | -4.6e+04      |
| time/                   |               |
|    fps                  | 101           |
|    iterations           | 502           |
|    time_elapsed         | 10156         |
|    total_timesteps      | 1028096       |
| train/                  |               |
|    approx_kl            | 0.00017119237 |
|    clip_fraction        | 0             |
|    clip_range           | 0.2           |
|    entropy_loss         | -3.07         |
|    explained_variance   | 0             |
|    learning_rate        | 0.0003        |
|    loss                 | 2.28e+07      |
|    n_updates            | 5010          |
|    policy_gradient_loss | -0.000354     |
|    value_loss           | 4.16e+07      |
-------------------------------------------
------------------------------------------
| rollout/                |              |
|    ep_len_mean          | 100          |
|    ep_rew_mean          | -4.6e+04     |
| time/                   |              |
|    fps                  | 101          |
|    iterations           | 503          |
|    time_elapsed         | 10178        |
|    total_timesteps      | 1030144      |
| train/                  |              |
|    approx_kl            | 0.0002574906 |
|    clip_fraction        | 0            |
|    clip_range           | 0.2          |
|    entropy_loss         | -3.07        |
|    explained_variance   | 0            |
|    learning_rate        | 0.0003       |
|    loss                 | 2.18e+07     |
|    n_updates            | 5020         |
|    policy_gradient_loss | -0.000602    |
|    value_loss           | 4.31e+07     |
------------------------------------------
-------------------------------------------
| rollout/                |               |
|    ep_len_mean          | 100           |
|    ep_rew_mean          | -4.58e+04     |
| time/                   |               |
|    fps                  | 101           |
|    iterations           | 504           |
|    time_elapsed         | 10192         |
|    total_timesteps      | 1032192       |
| train/                  |               |
|    approx_kl            | 0.00013692555 |
|    clip_fraction        | 0             |
|    clip_range           | 0.2           |
|    entropy_loss         | -3.08         |
|    explained_variance   | -1.19e-07     |
|    learning_rate        | 0.0003        |
|    loss                 | 2.2e+07       |
|    n_updates            | 5030          |
|    policy_gradient_loss | -0.000313     |
|    value_loss           | 4.29e+07      |
-------------------------------------------
-------------------------------------------
| rollout/                |               |
|    ep_len_mean          | 100           |
|    ep_rew_mean          | -4.55e+04     |
| time/                   |               |
|    fps                  | 101           |
|    iterations           | 505           |
|    time_elapsed         | 10205         |
|    total_timesteps      | 1034240       |
| train/                  |               |
|    approx_kl            | 0.00029816182 |
|    clip_fraction        | 0             |
|    clip_range           | 0.2           |
|    entropy_loss         | -3.07         |
|    explained_variance   | 0             |
|    learning_rate        | 0.0003        |
|    loss                 | 1.78e+07      |
|    n_updates            | 5040          |
|    policy_gradient_loss | -0.000826     |
|    value_loss           | 3.87e+07      |
-------------------------------------------
-------------------------------------------
| rollout/                |               |
|    ep_len_mean          | 100           |
|    ep_rew_mean          | -4.56e+04     |
| time/                   |               |
|    fps                  | 101           |
|    iterations           | 506           |
|    time_elapsed         | 10221         |
|    total_timesteps      | 1036288       |
| train/                  |               |
|    approx_kl            | 0.00037504634 |
|    clip_fraction        | 0             |
|    clip_range           | 0.2           |
|    entropy_loss         | -3.07         |
|    explained_variance   | 0             |
|    learning_rate        | 0.0003        |
|    loss                 | 2.22e+07      |
|    n_updates            | 5050          |
|    policy_gradient_loss | -0.000916     |
|    value_loss           | 4.05e+07      |
-------------------------------------------
-------------------------------------------
| rollout/                |               |
|    ep_len_mean          | 100           |
|    ep_rew_mean          | -4.55e+04     |
| time/                   |               |
|    fps                  | 101           |
|    iterations           | 507           |
|    time_elapsed         | 10242         |
|    total_timesteps      | 1038336       |
| train/                  |               |
|    approx_kl            | 0.00014003084 |
|    clip_fraction        | 0             |
|    clip_range           | 0.2           |
|    entropy_loss         | -3.07         |
|    explained_variance   | 0             |
|    learning_rate        | 0.0003        |
|    loss                 | 2.25e+07      |
|    n_updates            | 5060          |
|    policy_gradient_loss | -0.000275     |
|    value_loss           | 4.15e+07      |
-------------------------------------------
------------------------------------------
| rollout/                |              |
|    ep_len_mean          | 100          |
|    ep_rew_mean          | -4.53e+04    |
| time/                   |              |
|    fps                  | 101          |
|    iterations           | 508          |
|    time_elapsed         | 10267        |
|    total_timesteps      | 1040384      |
| train/                  |              |
|    approx_kl            | 4.817004e-05 |
|    clip_fraction        | 0            |
|    clip_range           | 0.2          |
|    entropy_loss         | -3.07        |
|    explained_variance   | 1.19e-07     |
|    learning_rate        | 0.0003       |
|    loss                 | 2.29e+07     |
|    n_updates            | 5070         |
|    policy_gradient_loss | -6.35e-05    |
|    value_loss           | 4.29e+07     |
------------------------------------------
------------------------------------------
| rollout/                |              |
|    ep_len_mean          | 100          |
|    ep_rew_mean          | -4.53e+04    |
| time/                   |              |
|    fps                  | 101          |
|    iterations           | 509          |
|    time_elapsed         | 10285        |
|    total_timesteps      | 1042432      |
| train/                  |              |
|    approx_kl            | 0.0004237693 |
|    clip_fraction        | 0            |
|    clip_range           | 0.2          |
|    entropy_loss         | -3.07        |
|    explained_variance   | 0            |
|    learning_rate        | 0.0003       |
|    loss                 | 2.25e+07     |
|    n_updates            | 5080         |
|    policy_gradient_loss | -0.00103     |
|    value_loss           | 4.09e+07     |
------------------------------------------
-------------------------------------------
| rollout/                |               |
|    ep_len_mean          | 100           |
|    ep_rew_mean          | -4.51e+04     |
| time/                   |               |
|    fps                  | 101           |
|    iterations           | 510           |
|    time_elapsed         | 10307         |
|    total_timesteps      | 1044480       |
| train/                  |               |
|    approx_kl            | 0.00027249788 |
|    clip_fraction        | 0             |
|    clip_range           | 0.2           |
|    entropy_loss         | -3.07         |
|    explained_variance   | 5.96e-08      |
|    learning_rate        | 0.0003        |
|    loss                 | 2.28e+07      |
|    n_updates            | 5090          |
|    policy_gradient_loss | -0.000579     |
|    value_loss           | 3.91e+07      |
-------------------------------------------
-------------------------------------------
| rollout/                |               |
|    ep_len_mean          | 100           |
|    ep_rew_mean          | -4.49e+04     |
| time/                   |               |
|    fps                  | 101           |
|    iterations           | 511           |
|    time_elapsed         | 10323         |
|    total_timesteps      | 1046528       |
| train/                  |               |
|    approx_kl            | 0.00013614015 |
|    clip_fraction        | 0             |
|    clip_range           | 0.2           |
|    entropy_loss         | -3.07         |
|    explained_variance   | 0             |
|    learning_rate        | 0.0003        |
|    loss                 | 1.87e+07      |
|    n_updates            | 5100          |
|    policy_gradient_loss | -0.000385     |
|    value_loss           | 3.88e+07      |
-------------------------------------------
-------------------------------------------
| rollout/                |               |
|    ep_len_mean          | 100           |
|    ep_rew_mean          | -4.46e+04     |
| time/                   |               |
|    fps                  | 101           |
|    iterations           | 512           |
|    time_elapsed         | 10341         |
|    total_timesteps      | 1048576       |
| train/                  |               |
|    approx_kl            | 0.00046665315 |
|    clip_fraction        | 0             |
|    clip_range           | 0.2           |
|    entropy_loss         | -3.07         |
|    explained_variance   | 5.96e-08      |
|    learning_rate        | 0.0003        |
|    loss                 | 2.19e+07      |
|    n_updates            | 5110          |
|    policy_gradient_loss | -0.000941     |
|    value_loss           | 3.93e+07      |
-------------------------------------------
Eval num_timesteps=1050000, episode_reward=-134059.68 +/- 6623.66
Episode length: 100.00 +/- 0.00
------------------------------------------
| eval/                   |              |
|    mean_ep_length       | 100          |
|    mean_reward          | -1.34e+05    |
| time/                   |              |
|    total_timesteps      | 1050000      |
| train/                  |              |
|    approx_kl            | 0.0001864701 |
|    clip_fraction        | 0            |
|    clip_range           | 0.2          |
|    entropy_loss         | -3.07        |
|    explained_variance   | 0            |
|    learning_rate        | 0.0003       |
|    loss                 | 2.14e+07     |
|    n_updates            | 5120         |
|    policy_gradient_loss | -0.000359    |
|    value_loss           | 3.97e+07     |
------------------------------------------
----------------------------------
| rollout/           |           |
|    ep_len_mean     | 100       |
|    ep_rew_mean     | -4.47e+04 |
| time/              |           |
|    fps             | 101       |
|    iterations      | 513       |
|    time_elapsed    | 10394     |
|    total_timesteps | 1050624   |
----------------------------------
-------------------------------------------
| rollout/                |               |
|    ep_len_mean          | 100           |
|    ep_rew_mean          | -4.5e+04      |
| time/                   |               |
|    fps                  | 101           |
|    iterations           | 514           |
|    time_elapsed         | 10414         |
|    total_timesteps      | 1052672       |
| train/                  |               |
|    approx_kl            | 0.00039305678 |
|    clip_fraction        | 0             |
|    clip_range           | 0.2           |
|    entropy_loss         | -3.07         |
|    explained_variance   | 1.19e-07      |
|    learning_rate        | 0.0003        |
|    loss                 | 2.08e+07      |
|    n_updates            | 5130          |
|    policy_gradient_loss | -0.000735     |
|    value_loss           | 4.27e+07      |
-------------------------------------------
-------------------------------------------
| rollout/                |               |
|    ep_len_mean          | 100           |
|    ep_rew_mean          | -4.54e+04     |
| time/                   |               |
|    fps                  | 101           |
|    iterations           | 515           |
|    time_elapsed         | 10438         |
|    total_timesteps      | 1054720       |
| train/                  |               |
|    approx_kl            | 0.00017598362 |
|    clip_fraction        | 0             |
|    clip_range           | 0.2           |
|    entropy_loss         | -3.07         |
|    explained_variance   | 0             |
|    learning_rate        | 0.0003        |
|    loss                 | 1.85e+07      |
|    n_updates            | 5140          |
|    policy_gradient_loss | -0.000393     |
|    value_loss           | 4.02e+07      |
-------------------------------------------
-------------------------------------------
| rollout/                |               |
|    ep_len_mean          | 100           |
|    ep_rew_mean          | -4.58e+04     |
| time/                   |               |
|    fps                  | 101           |
|    iterations           | 516           |
|    time_elapsed         | 10459         |
|    total_timesteps      | 1056768       |
| train/                  |               |
|    approx_kl            | 0.00021041615 |
|    clip_fraction        | 0             |
|    clip_range           | 0.2           |
|    entropy_loss         | -3.08         |
|    explained_variance   | 5.96e-08      |
|    learning_rate        | 0.0003        |
|    loss                 | 2.15e+07      |
|    n_updates            | 5150          |
|    policy_gradient_loss | -0.000312     |
|    value_loss           | 4.28e+07      |
-------------------------------------------
------------------------------------------
| rollout/                |              |
|    ep_len_mean          | 100          |
|    ep_rew_mean          | -4.61e+04    |
| time/                   |              |
|    fps                  | 101          |
|    iterations           | 517          |
|    time_elapsed         | 10482        |
|    total_timesteps      | 1058816      |
| train/                  |              |
|    approx_kl            | 0.0004327664 |
|    clip_fraction        | 0            |
|    clip_range           | 0.2          |
|    entropy_loss         | -3.08        |
|    explained_variance   | 5.96e-08     |
|    learning_rate        | 0.0003       |
|    loss                 | 2.44e+07     |
|    n_updates            | 5160         |
|    policy_gradient_loss | -0.000927    |
|    value_loss           | 4.55e+07     |
------------------------------------------
-------------------------------------------
| rollout/                |               |
|    ep_len_mean          | 100           |
|    ep_rew_mean          | -4.58e+04     |
| time/                   |               |
|    fps                  | 101           |
|    iterations           | 518           |
|    time_elapsed         | 10501         |
|    total_timesteps      | 1060864       |
| train/                  |               |
|    approx_kl            | 0.00019458588 |
|    clip_fraction        | 0             |
|    clip_range           | 0.2           |
|    entropy_loss         | -3.08         |
|    explained_variance   | 0             |
|    learning_rate        | 0.0003        |
|    loss                 | 2.1e+07       |
|    n_updates            | 5170          |
|    policy_gradient_loss | -0.000419     |
|    value_loss           | 3.99e+07      |
-------------------------------------------
-------------------------------------------
| rollout/                |               |
|    ep_len_mean          | 100           |
|    ep_rew_mean          | -4.57e+04     |
| time/                   |               |
|    fps                  | 100           |
|    iterations           | 519           |
|    time_elapsed         | 10525         |
|    total_timesteps      | 1062912       |
| train/                  |               |
|    approx_kl            | 8.1627484e-05 |
|    clip_fraction        | 0             |
|    clip_range           | 0.2           |
|    entropy_loss         | -3.08         |
|    explained_variance   | 0             |
|    learning_rate        | 0.0003        |
|    loss                 | 1.96e+07      |
|    n_updates            | 5180          |
|    policy_gradient_loss | -0.000131     |
|    value_loss           | 4.12e+07      |
-------------------------------------------
-------------------------------------------
| rollout/                |               |
|    ep_len_mean          | 100           |
|    ep_rew_mean          | -4.56e+04     |
| time/                   |               |
|    fps                  | 100           |
|    iterations           | 520           |
|    time_elapsed         | 10544         |
|    total_timesteps      | 1064960       |
| train/                  |               |
|    approx_kl            | 0.00030181542 |
|    clip_fraction        | 0             |
|    clip_range           | 0.2           |
|    entropy_loss         | -3.08         |
|    explained_variance   | -1.19e-07     |
|    learning_rate        | 0.0003        |
|    loss                 | 1.87e+07      |
|    n_updates            | 5190          |
|    policy_gradient_loss | -0.000755     |
|    value_loss           | 3.8e+07       |
-------------------------------------------
------------------------------------------
| rollout/                |              |
|    ep_len_mean          | 100          |
|    ep_rew_mean          | -4.5e+04     |
| time/                   |              |
|    fps                  | 101          |
|    iterations           | 521          |
|    time_elapsed         | 10561        |
|    total_timesteps      | 1067008      |
| train/                  |              |
|    approx_kl            | 0.0004662474 |
|    clip_fraction        | 0            |
|    clip_range           | 0.2          |
|    entropy_loss         | -3.08        |
|    explained_variance   | -1.19e-07    |
|    learning_rate        | 0.0003       |
|    loss                 | 2.1e+07      |
|    n_updates            | 5200         |
|    policy_gradient_loss | -0.00109     |
|    value_loss           | 4.17e+07     |
------------------------------------------
-------------------------------------------
| rollout/                |               |
|    ep_len_mean          | 100           |
|    ep_rew_mean          | -4.51e+04     |
| time/                   |               |
|    fps                  | 101           |
|    iterations           | 522           |
|    time_elapsed         | 10581         |
|    total_timesteps      | 1069056       |
| train/                  |               |
|    approx_kl            | 0.00025543792 |
|    clip_fraction        | 0             |
|    clip_range           | 0.2           |
|    entropy_loss         | -3.07         |
|    explained_variance   | 0             |
|    learning_rate        | 0.0003        |
|    loss                 | 2.16e+07      |
|    n_updates            | 5210          |
|    policy_gradient_loss | -0.000635     |
|    value_loss           | 3.76e+07      |
-------------------------------------------
-------------------------------------------
| rollout/                |               |
|    ep_len_mean          | 100           |
|    ep_rew_mean          | -4.49e+04     |
| time/                   |               |
|    fps                  | 101           |
|    iterations           | 523           |
|    time_elapsed         | 10599         |
|    total_timesteps      | 1071104       |
| train/                  |               |
|    approx_kl            | 0.00032821958 |
|    clip_fraction        | 0             |
|    clip_range           | 0.2           |
|    entropy_loss         | -3.07         |
|    explained_variance   | 0             |
|    learning_rate        | 0.0003        |
|    loss                 | 2.07e+07      |
|    n_updates            | 5220          |
|    policy_gradient_loss | -0.000681     |
|    value_loss           | 4.09e+07      |
-------------------------------------------
-------------------------------------------
| rollout/                |               |
|    ep_len_mean          | 100           |
|    ep_rew_mean          | -4.46e+04     |
| time/                   |               |
|    fps                  | 101           |
|    iterations           | 524           |
|    time_elapsed         | 10613         |
|    total_timesteps      | 1073152       |
| train/                  |               |
|    approx_kl            | 0.00012404099 |
|    clip_fraction        | 0             |
|    clip_range           | 0.2           |
|    entropy_loss         | -3.07         |
|    explained_variance   | -1.19e-07     |
|    learning_rate        | 0.0003        |
|    loss                 | 1.79e+07      |
|    n_updates            | 5230          |
|    policy_gradient_loss | -0.000297     |
|    value_loss           | 4e+07         |
-------------------------------------------
------------------------------------------
| rollout/                |              |
|    ep_len_mean          | 100          |
|    ep_rew_mean          | -4.44e+04    |
| time/                   |              |
|    fps                  | 101          |
|    iterations           | 525          |
|    time_elapsed         | 10632        |
|    total_timesteps      | 1075200      |
| train/                  |              |
|    approx_kl            | 8.709001e-05 |
|    clip_fraction        | 0            |
|    clip_range           | 0.2          |
|    entropy_loss         | -3.07        |
|    explained_variance   | 0            |
|    learning_rate        | 0.0003       |
|    loss                 | 1.64e+07     |
|    n_updates            | 5240         |
|    policy_gradient_loss | -0.000204    |
|    value_loss           | 3.42e+07     |
------------------------------------------
------------------------------------------
| rollout/                |              |
|    ep_len_mean          | 100          |
|    ep_rew_mean          | -4.46e+04    |
| time/                   |              |
|    fps                  | 101          |
|    iterations           | 526          |
|    time_elapsed         | 10654        |
|    total_timesteps      | 1077248      |
| train/                  |              |
|    approx_kl            | 0.0002219363 |
|    clip_fraction        | 0            |
|    clip_range           | 0.2          |
|    entropy_loss         | -3.07        |
|    explained_variance   | 0            |
|    learning_rate        | 0.0003       |
|    loss                 | 2.17e+07     |
|    n_updates            | 5250         |
|    policy_gradient_loss | -0.00049     |
|    value_loss           | 4.07e+07     |
------------------------------------------
-------------------------------------------
| rollout/                |               |
|    ep_len_mean          | 100           |
|    ep_rew_mean          | -4.48e+04     |
| time/                   |               |
|    fps                  | 101           |
|    iterations           | 527           |
|    time_elapsed         | 10676         |
|    total_timesteps      | 1079296       |
| train/                  |               |
|    approx_kl            | 0.00017899979 |
|    clip_fraction        | 0             |
|    clip_range           | 0.2           |
|    entropy_loss         | -3.07         |
|    explained_variance   | 5.96e-08      |
|    learning_rate        | 0.0003        |
|    loss                 | 2.06e+07      |
|    n_updates            | 5260          |
|    policy_gradient_loss | -0.000311     |
|    value_loss           | 4.06e+07      |
-------------------------------------------
------------------------------------------
| rollout/                |              |
|    ep_len_mean          | 100          |
|    ep_rew_mean          | -4.52e+04    |
| time/                   |              |
|    fps                  | 101          |
|    iterations           | 528          |
|    time_elapsed         | 10696        |
|    total_timesteps      | 1081344      |
| train/                  |              |
|    approx_kl            | 0.0003561296 |
|    clip_fraction        | 0            |
|    clip_range           | 0.2          |
|    entropy_loss         | -3.07        |
|    explained_variance   | 0            |
|    learning_rate        | 0.0003       |
|    loss                 | 2.2e+07      |
|    n_updates            | 5270         |
|    policy_gradient_loss | -0.000806    |
|    value_loss           | 4.18e+07     |
------------------------------------------
-------------------------------------------
| rollout/                |               |
|    ep_len_mean          | 100           |
|    ep_rew_mean          | -4.59e+04     |
| time/                   |               |
|    fps                  | 101           |
|    iterations           | 529           |
|    time_elapsed         | 10712         |
|    total_timesteps      | 1083392       |
| train/                  |               |
|    approx_kl            | 0.00030766788 |
|    clip_fraction        | 0             |
|    clip_range           | 0.2           |
|    entropy_loss         | -3.07         |
|    explained_variance   | 0             |
|    learning_rate        | 0.0003        |
|    loss                 | 2.11e+07      |
|    n_updates            | 5280          |
|    policy_gradient_loss | -0.000666     |
|    value_loss           | 4.22e+07      |
-------------------------------------------
------------------------------------------
| rollout/                |              |
|    ep_len_mean          | 100          |
|    ep_rew_mean          | -4.61e+04    |
| time/                   |              |
|    fps                  | 101          |
|    iterations           | 530          |
|    time_elapsed         | 10730        |
|    total_timesteps      | 1085440      |
| train/                  |              |
|    approx_kl            | 8.661696e-05 |
|    clip_fraction        | 0            |
|    clip_range           | 0.2          |
|    entropy_loss         | -3.07        |
|    explained_variance   | 1.79e-07     |
|    learning_rate        | 0.0003       |
|    loss                 | 2.07e+07     |
|    n_updates            | 5290         |
|    policy_gradient_loss | -0.000157    |
|    value_loss           | 4.27e+07     |
------------------------------------------
-------------------------------------------
| rollout/                |               |
|    ep_len_mean          | 100           |
|    ep_rew_mean          | -4.6e+04      |
| time/                   |               |
|    fps                  | 101           |
|    iterations           | 531           |
|    time_elapsed         | 10744         |
|    total_timesteps      | 1087488       |
| train/                  |               |
|    approx_kl            | 0.00069793564 |
|    clip_fraction        | 0             |
|    clip_range           | 0.2           |
|    entropy_loss         | -3.08         |
|    explained_variance   | 0             |
|    learning_rate        | 0.0003        |
|    loss                 | 2.08e+07      |
|    n_updates            | 5300          |
|    policy_gradient_loss | -0.00142      |
|    value_loss           | 4.1e+07       |
-------------------------------------------
-------------------------------------------
| rollout/                |               |
|    ep_len_mean          | 100           |
|    ep_rew_mean          | -4.59e+04     |
| time/                   |               |
|    fps                  | 101           |
|    iterations           | 532           |
|    time_elapsed         | 10766         |
|    total_timesteps      | 1089536       |
| train/                  |               |
|    approx_kl            | 0.00017009949 |
|    clip_fraction        | 0             |
|    clip_range           | 0.2           |
|    entropy_loss         | -3.08         |
|    explained_variance   | -1.19e-07     |
|    learning_rate        | 0.0003        |
|    loss                 | 1.87e+07      |
|    n_updates            | 5310          |
|    policy_gradient_loss | -0.000402     |
|    value_loss           | 4e+07         |
-------------------------------------------
------------------------------------------
| rollout/                |              |
|    ep_len_mean          | 100          |
|    ep_rew_mean          | -4.6e+04     |
| time/                   |              |
|    fps                  | 101          |
|    iterations           | 533          |
|    time_elapsed         | 10787        |
|    total_timesteps      | 1091584      |
| train/                  |              |
|    approx_kl            | 0.0003697958 |
|    clip_fraction        | 0            |
|    clip_range           | 0.2          |
|    entropy_loss         | -3.08        |
|    explained_variance   | 0            |
|    learning_rate        | 0.0003       |
|    loss                 | 2.04e+07     |
|    n_updates            | 5320         |
|    policy_gradient_loss | -0.000952    |
|    value_loss           | 4.18e+07     |
------------------------------------------
-------------------------------------------
| rollout/                |               |
|    ep_len_mean          | 100           |
|    ep_rew_mean          | -4.57e+04     |
| time/                   |               |
|    fps                  | 101           |
|    iterations           | 534           |
|    time_elapsed         | 10810         |
|    total_timesteps      | 1093632       |
| train/                  |               |
|    approx_kl            | 0.00064056646 |
|    clip_fraction        | 0             |
|    clip_range           | 0.2           |
|    entropy_loss         | -3.08         |
|    explained_variance   | -1.19e-07     |
|    learning_rate        | 0.0003        |
|    loss                 | 2.26e+07      |
|    n_updates            | 5330          |
|    policy_gradient_loss | -0.00104      |
|    value_loss           | 4.33e+07      |
-------------------------------------------
-------------------------------------------
| rollout/                |               |
|    ep_len_mean          | 100           |
|    ep_rew_mean          | -4.52e+04     |
| time/                   |               |
|    fps                  | 101           |
|    iterations           | 535           |
|    time_elapsed         | 10830         |
|    total_timesteps      | 1095680       |
| train/                  |               |
|    approx_kl            | 0.00052497396 |
|    clip_fraction        | 0             |
|    clip_range           | 0.2           |
|    entropy_loss         | -3.08         |
|    explained_variance   | -1.19e-07     |
|    learning_rate        | 0.0003        |
|    loss                 | 2.05e+07      |
|    n_updates            | 5340          |
|    policy_gradient_loss | -0.00101      |
|    value_loss           | 3.96e+07      |
-------------------------------------------
-------------------------------------------
| rollout/                |               |
|    ep_len_mean          | 100           |
|    ep_rew_mean          | -4.55e+04     |
| time/                   |               |
|    fps                  | 101           |
|    iterations           | 536           |
|    time_elapsed         | 10847         |
|    total_timesteps      | 1097728       |
| train/                  |               |
|    approx_kl            | 0.00040652018 |
|    clip_fraction        | 0             |
|    clip_range           | 0.2           |
|    entropy_loss         | -3.08         |
|    explained_variance   | 5.96e-08      |
|    learning_rate        | 0.0003        |
|    loss                 | 2e+07         |
|    n_updates            | 5350          |
|    policy_gradient_loss | -0.000821     |
|    value_loss           | 3.92e+07      |
-------------------------------------------
------------------------------------------
| rollout/                |              |
|    ep_len_mean          | 100          |
|    ep_rew_mean          | -4.54e+04    |
| time/                   |              |
|    fps                  | 101          |
|    iterations           | 537          |
|    time_elapsed         | 10867        |
|    total_timesteps      | 1099776      |
| train/                  |              |
|    approx_kl            | 0.0005920165 |
|    clip_fraction        | 0            |
|    clip_range           | 0.2          |
|    entropy_loss         | -3.08        |
|    explained_variance   | -1.19e-07    |
|    learning_rate        | 0.0003       |
|    loss                 | 2.23e+07     |
|    n_updates            | 5360         |
|    policy_gradient_loss | -0.00123     |
|    value_loss           | 4.23e+07     |
------------------------------------------
Eval num_timesteps=1100000, episode_reward=-128918.27 +/- 9033.25
Episode length: 100.00 +/- 0.00
-------------------------------------------
| eval/                   |               |
|    mean_ep_length       | 100           |
|    mean_reward          | -1.29e+05     |
| time/                   |               |
|    total_timesteps      | 1100000       |
| train/                  |               |
|    approx_kl            | 0.00030604686 |
|    clip_fraction        | 0             |
|    clip_range           | 0.2           |
|    entropy_loss         | -3.08         |
|    explained_variance   | 5.96e-08      |
|    learning_rate        | 0.0003        |
|    loss                 | 2.11e+07      |
|    n_updates            | 5370          |
|    policy_gradient_loss | -0.000867     |
|    value_loss           | 4.12e+07      |
-------------------------------------------
----------------------------------
| rollout/           |           |
|    ep_len_mean     | 100       |
|    ep_rew_mean     | -4.58e+04 |
| time/              |           |
|    fps             | 100       |
|    iterations      | 538       |
|    time_elapsed    | 10909     |
|    total_timesteps | 1101824   |
----------------------------------
-------------------------------------------
| rollout/                |               |
|    ep_len_mean          | 100           |
|    ep_rew_mean          | -4.62e+04     |
| time/                   |               |
|    fps                  | 101           |
|    iterations           | 539           |
|    time_elapsed         | 10929         |
|    total_timesteps      | 1103872       |
| train/                  |               |
|    approx_kl            | 0.00035826178 |
|    clip_fraction        | 0             |
|    clip_range           | 0.2           |
|    entropy_loss         | -3.08         |
|    explained_variance   | -1.19e-07     |
|    learning_rate        | 0.0003        |
|    loss                 | 2.21e+07      |
|    n_updates            | 5380          |
|    policy_gradient_loss | -0.000816     |
|    value_loss           | 4.5e+07       |
-------------------------------------------
-------------------------------------------
| rollout/                |               |
|    ep_len_mean          | 100           |
|    ep_rew_mean          | -4.64e+04     |
| time/                   |               |
|    fps                  | 101           |
|    iterations           | 540           |
|    time_elapsed         | 10948         |
|    total_timesteps      | 1105920       |
| train/                  |               |
|    approx_kl            | 0.00015864577 |
|    clip_fraction        | 0             |
|    clip_range           | 0.2           |
|    entropy_loss         | -3.08         |
|    explained_variance   | 5.96e-08      |
|    learning_rate        | 0.0003        |
|    loss                 | 2.02e+07      |
|    n_updates            | 5390          |
|    policy_gradient_loss | -0.000345     |
|    value_loss           | 4.23e+07      |
-------------------------------------------
------------------------------------------
| rollout/                |              |
|    ep_len_mean          | 100          |
|    ep_rew_mean          | -4.62e+04    |
| time/                   |              |
|    fps                  | 101          |
|    iterations           | 541          |
|    time_elapsed         | 10963        |
|    total_timesteps      | 1107968      |
| train/                  |              |
|    approx_kl            | 0.0003992775 |
|    clip_fraction        | 0            |
|    clip_range           | 0.2          |
|    entropy_loss         | -3.08        |
|    explained_variance   | 5.96e-08     |
|    learning_rate        | 0.0003       |
|    loss                 | 1.95e+07     |
|    n_updates            | 5400         |
|    policy_gradient_loss | -0.00093     |
|    value_loss           | 4.04e+07     |
------------------------------------------
------------------------------------------
| rollout/                |              |
|    ep_len_mean          | 100          |
|    ep_rew_mean          | -4.63e+04    |
| time/                   |              |
|    fps                  | 101          |
|    iterations           | 542          |
|    time_elapsed         | 10979        |
|    total_timesteps      | 1110016      |
| train/                  |              |
|    approx_kl            | 0.0005781764 |
|    clip_fraction        | 0            |
|    clip_range           | 0.2          |
|    entropy_loss         | -3.07        |
|    explained_variance   | 5.96e-08     |
|    learning_rate        | 0.0003       |
|    loss                 | 1.78e+07     |
|    n_updates            | 5410         |
|    policy_gradient_loss | -0.00129     |
|    value_loss           | 4.21e+07     |
------------------------------------------
------------------------------------------
| rollout/                |              |
|    ep_len_mean          | 100          |
|    ep_rew_mean          | -4.57e+04    |
| time/                   |              |
|    fps                  | 101          |
|    iterations           | 543          |
|    time_elapsed         | 10999        |
|    total_timesteps      | 1112064      |
| train/                  |              |
|    approx_kl            | 0.0003989505 |
|    clip_fraction        | 0            |
|    clip_range           | 0.2          |
|    entropy_loss         | -3.07        |
|    explained_variance   | 0            |
|    learning_rate        | 0.0003       |
|    loss                 | 2.36e+07     |
|    n_updates            | 5420         |
|    policy_gradient_loss | -0.000858    |
|    value_loss           | 4.09e+07     |
------------------------------------------
----------------------------------------
| rollout/                |            |
|    ep_len_mean          | 100        |
|    ep_rew_mean          | -4.51e+04  |
| time/                   |            |
|    fps                  | 101        |
|    iterations           | 544        |
|    time_elapsed         | 11022      |
|    total_timesteps      | 1114112    |
| train/                  |            |
|    approx_kl            | 0.00050023 |
|    clip_fraction        | 0          |
|    clip_range           | 0.2        |
|    entropy_loss         | -3.07      |
|    explained_variance   | 0          |
|    learning_rate        | 0.0003     |
|    loss                 | 2.05e+07   |
|    n_updates            | 5430       |
|    policy_gradient_loss | -0.0012    |
|    value_loss           | 4.13e+07   |
----------------------------------------
-------------------------------------------
| rollout/                |               |
|    ep_len_mean          | 100           |
|    ep_rew_mean          | -4.5e+04      |
| time/                   |               |
|    fps                  | 101           |
|    iterations           | 545           |
|    time_elapsed         | 11042         |
|    total_timesteps      | 1116160       |
| train/                  |               |
|    approx_kl            | 0.00089496095 |
|    clip_fraction        | 0             |
|    clip_range           | 0.2           |
|    entropy_loss         | -3.06         |
|    explained_variance   | 0             |
|    learning_rate        | 0.0003        |
|    loss                 | 1.92e+07      |
|    n_updates            | 5440          |
|    policy_gradient_loss | -0.00204      |
|    value_loss           | 3.68e+07      |
-------------------------------------------
-------------------------------------------
| rollout/                |               |
|    ep_len_mean          | 100           |
|    ep_rew_mean          | -4.45e+04     |
| time/                   |               |
|    fps                  | 101           |
|    iterations           | 546           |
|    time_elapsed         | 11059         |
|    total_timesteps      | 1118208       |
| train/                  |               |
|    approx_kl            | 0.00043322446 |
|    clip_fraction        | 0             |
|    clip_range           | 0.2           |
|    entropy_loss         | -3.07         |
|    explained_variance   | 0             |
|    learning_rate        | 0.0003        |
|    loss                 | 1.65e+07      |
|    n_updates            | 5450          |
|    policy_gradient_loss | -0.000614     |
|    value_loss           | 3.77e+07      |
-------------------------------------------
-------------------------------------------
| rollout/                |               |
|    ep_len_mean          | 100           |
|    ep_rew_mean          | -4.46e+04     |
| time/                   |               |
|    fps                  | 101           |
|    iterations           | 547           |
|    time_elapsed         | 11078         |
|    total_timesteps      | 1120256       |
| train/                  |               |
|    approx_kl            | 0.00050571735 |
|    clip_fraction        | 0             |
|    clip_range           | 0.2           |
|    entropy_loss         | -3.07         |
|    explained_variance   | 0             |
|    learning_rate        | 0.0003        |
|    loss                 | 1.98e+07      |
|    n_updates            | 5460          |
|    policy_gradient_loss | -0.00113      |
|    value_loss           | 3.8e+07       |
-------------------------------------------
------------------------------------------
| rollout/                |              |
|    ep_len_mean          | 100          |
|    ep_rew_mean          | -4.46e+04    |
| time/                   |              |
|    fps                  | 101          |
|    iterations           | 548          |
|    time_elapsed         | 11097        |
|    total_timesteps      | 1122304      |
| train/                  |              |
|    approx_kl            | 0.0005158635 |
|    clip_fraction        | 0            |
|    clip_range           | 0.2          |
|    entropy_loss         | -3.07        |
|    explained_variance   | -1.19e-07    |
|    learning_rate        | 0.0003       |
|    loss                 | 2.24e+07     |
|    n_updates            | 5470         |
|    policy_gradient_loss | -0.00125     |
|    value_loss           | 4.05e+07     |
------------------------------------------
------------------------------------------
| rollout/                |              |
|    ep_len_mean          | 100          |
|    ep_rew_mean          | -4.5e+04     |
| time/                   |              |
|    fps                  | 101          |
|    iterations           | 549          |
|    time_elapsed         | 11110        |
|    total_timesteps      | 1124352      |
| train/                  |              |
|    approx_kl            | 0.0002732378 |
|    clip_fraction        | 0            |
|    clip_range           | 0.2          |
|    entropy_loss         | -3.07        |
|    explained_variance   | 0            |
|    learning_rate        | 0.0003       |
|    loss                 | 1.96e+07     |
|    n_updates            | 5480         |
|    policy_gradient_loss | -0.000614    |
|    value_loss           | 3.97e+07     |
------------------------------------------
-----------------------------------------
| rollout/                |             |
|    ep_len_mean          | 100         |
|    ep_rew_mean          | -4.51e+04   |
| time/                   |             |
|    fps                  | 101         |
|    iterations           | 550         |
|    time_elapsed         | 11127       |
|    total_timesteps      | 1126400     |
| train/                  |             |
|    approx_kl            | 0.000297128 |
|    clip_fraction        | 0           |
|    clip_range           | 0.2         |
|    entropy_loss         | -3.07       |
|    explained_variance   | -1.19e-07   |
|    learning_rate        | 0.0003      |
|    loss                 | 1.89e+07    |
|    n_updates            | 5490        |
|    policy_gradient_loss | -0.00071    |
|    value_loss           | 3.97e+07    |
-----------------------------------------
------------------------------------------
| rollout/                |              |
|    ep_len_mean          | 100          |
|    ep_rew_mean          | -4.49e+04    |
| time/                   |              |
|    fps                  | 101          |
|    iterations           | 551          |
|    time_elapsed         | 11148        |
|    total_timesteps      | 1128448      |
| train/                  |              |
|    approx_kl            | 0.0004937735 |
|    clip_fraction        | 0            |
|    clip_range           | 0.2          |
|    entropy_loss         | -3.07        |
|    explained_variance   | 5.96e-08     |
|    learning_rate        | 0.0003       |
|    loss                 | 1.91e+07     |
|    n_updates            | 5500         |
|    policy_gradient_loss | -0.00101     |
|    value_loss           | 4.02e+07     |
------------------------------------------
------------------------------------------
| rollout/                |              |
|    ep_len_mean          | 100          |
|    ep_rew_mean          | -4.46e+04    |
| time/                   |              |
|    fps                  | 101          |
|    iterations           | 552          |
|    time_elapsed         | 11168        |
|    total_timesteps      | 1130496      |
| train/                  |              |
|    approx_kl            | 0.0007640269 |
|    clip_fraction        | 0            |
|    clip_range           | 0.2          |
|    entropy_loss         | -3.07        |
|    explained_variance   | -1.19e-07    |
|    learning_rate        | 0.0003       |
|    loss                 | 1.94e+07     |
|    n_updates            | 5510         |
|    policy_gradient_loss | -0.00134     |
|    value_loss           | 3.83e+07     |
------------------------------------------
-------------------------------------------
| rollout/                |               |
|    ep_len_mean          | 100           |
|    ep_rew_mean          | -4.47e+04     |
| time/                   |               |
|    fps                  | 101           |
|    iterations           | 553           |
|    time_elapsed         | 11189         |
|    total_timesteps      | 1132544       |
| train/                  |               |
|    approx_kl            | 0.00022845683 |
|    clip_fraction        | 0             |
|    clip_range           | 0.2           |
|    entropy_loss         | -3.07         |
|    explained_variance   | 0             |
|    learning_rate        | 0.0003        |
|    loss                 | 1.79e+07      |
|    n_updates            | 5520          |
|    policy_gradient_loss | -0.000508     |
|    value_loss           | 3.78e+07      |
-------------------------------------------
------------------------------------------
| rollout/                |              |
|    ep_len_mean          | 100          |
|    ep_rew_mean          | -4.49e+04    |
| time/                   |              |
|    fps                  | 101          |
|    iterations           | 554          |
|    time_elapsed         | 11208        |
|    total_timesteps      | 1134592      |
| train/                  |              |
|    approx_kl            | 0.0003900392 |
|    clip_fraction        | 0            |
|    clip_range           | 0.2          |
|    entropy_loss         | -3.07        |
|    explained_variance   | 0            |
|    learning_rate        | 0.0003       |
|    loss                 | 2.3e+07      |
|    n_updates            | 5530         |
|    policy_gradient_loss | -0.000714    |
|    value_loss           | 4.27e+07     |
------------------------------------------
-------------------------------------------
| rollout/                |               |
|    ep_len_mean          | 100           |
|    ep_rew_mean          | -4.52e+04     |
| time/                   |               |
|    fps                  | 101           |
|    iterations           | 555           |
|    time_elapsed         | 11231         |
|    total_timesteps      | 1136640       |
| train/                  |               |
|    approx_kl            | 0.00090443745 |
|    clip_fraction        | 0             |
|    clip_range           | 0.2           |
|    entropy_loss         | -3.07         |
|    explained_variance   | 1.19e-07      |
|    learning_rate        | 0.0003        |
|    loss                 | 1.91e+07      |
|    n_updates            | 5540          |
|    policy_gradient_loss | -0.00201      |
|    value_loss           | 4.24e+07      |
-------------------------------------------
-------------------------------------------
| rollout/                |               |
|    ep_len_mean          | 100           |
|    ep_rew_mean          | -4.52e+04     |
| time/                   |               |
|    fps                  | 101           |
|    iterations           | 556           |
|    time_elapsed         | 11247         |
|    total_timesteps      | 1138688       |
| train/                  |               |
|    approx_kl            | 0.00022861696 |
|    clip_fraction        | 0             |
|    clip_range           | 0.2           |
|    entropy_loss         | -3.07         |
|    explained_variance   | 0             |
|    learning_rate        | 0.0003        |
|    loss                 | 2.03e+07      |
|    n_updates            | 5550          |
|    policy_gradient_loss | -0.000635     |
|    value_loss           | 4.09e+07      |
-------------------------------------------
------------------------------------------
| rollout/                |              |
|    ep_len_mean          | 100          |
|    ep_rew_mean          | -4.58e+04    |
| time/                   |              |
|    fps                  | 101          |
|    iterations           | 557          |
|    time_elapsed         | 11265        |
|    total_timesteps      | 1140736      |
| train/                  |              |
|    approx_kl            | 0.0014599874 |
|    clip_fraction        | 0            |
|    clip_range           | 0.2          |
|    entropy_loss         | -3.06        |
|    explained_variance   | 0            |
|    learning_rate        | 0.0003       |
|    loss                 | 1.98e+07     |
|    n_updates            | 5560         |
|    policy_gradient_loss | -0.00276     |
|    value_loss           | 3.93e+07     |
------------------------------------------
-------------------------------------------
| rollout/                |               |
|    ep_len_mean          | 100           |
|    ep_rew_mean          | -4.54e+04     |
| time/                   |               |
|    fps                  | 101           |
|    iterations           | 558           |
|    time_elapsed         | 11279         |
|    total_timesteps      | 1142784       |
| train/                  |               |
|    approx_kl            | 0.00038773275 |
|    clip_fraction        | 0             |
|    clip_range           | 0.2           |
|    entropy_loss         | -3.06         |
|    explained_variance   | 1.19e-07      |
|    learning_rate        | 0.0003        |
|    loss                 | 2.19e+07      |
|    n_updates            | 5570          |
|    policy_gradient_loss | -0.000663     |
|    value_loss           | 4.13e+07      |
-------------------------------------------
-------------------------------------------
| rollout/                |               |
|    ep_len_mean          | 100           |
|    ep_rew_mean          | -4.51e+04     |
| time/                   |               |
|    fps                  | 101           |
|    iterations           | 559           |
|    time_elapsed         | 11302         |
|    total_timesteps      | 1144832       |
| train/                  |               |
|    approx_kl            | 0.00025533105 |
|    clip_fraction        | 0             |
|    clip_range           | 0.2           |
|    entropy_loss         | -3.06         |
|    explained_variance   | 0             |
|    learning_rate        | 0.0003        |
|    loss                 | 1.95e+07      |
|    n_updates            | 5580          |
|    policy_gradient_loss | -0.00052      |
|    value_loss           | 4.07e+07      |
-------------------------------------------
-------------------------------------------
| rollout/                |               |
|    ep_len_mean          | 100           |
|    ep_rew_mean          | -4.48e+04     |
| time/                   |               |
|    fps                  | 101           |
|    iterations           | 560           |
|    time_elapsed         | 11323         |
|    total_timesteps      | 1146880       |
| train/                  |               |
|    approx_kl            | 0.00010388286 |
|    clip_fraction        | 0             |
|    clip_range           | 0.2           |
|    entropy_loss         | -3.06         |
|    explained_variance   | 0             |
|    learning_rate        | 0.0003        |
|    loss                 | 1.64e+07      |
|    n_updates            | 5590          |
|    policy_gradient_loss | -0.000243     |
|    value_loss           | 3.64e+07      |
-------------------------------------------
-------------------------------------------
| rollout/                |               |
|    ep_len_mean          | 100           |
|    ep_rew_mean          | -4.48e+04     |
| time/                   |               |
|    fps                  | 101           |
|    iterations           | 561           |
|    time_elapsed         | 11346         |
|    total_timesteps      | 1148928       |
| train/                  |               |
|    approx_kl            | 0.00026087294 |
|    clip_fraction        | 0             |
|    clip_range           | 0.2           |
|    entropy_loss         | -3.06         |
|    explained_variance   | 0             |
|    learning_rate        | 0.0003        |
|    loss                 | 1.92e+07      |
|    n_updates            | 5600          |
|    policy_gradient_loss | -0.000525     |
|    value_loss           | 3.76e+07      |
-------------------------------------------
Eval num_timesteps=1150000, episode_reward=-131355.35 +/- 10374.36
Episode length: 100.00 +/- 0.00
-------------------------------------------
| eval/                   |               |
|    mean_ep_length       | 100           |
|    mean_reward          | -1.31e+05     |
| time/                   |               |
|    total_timesteps      | 1150000       |
| train/                  |               |
|    approx_kl            | 0.00016773268 |
|    clip_fraction        | 0             |
|    clip_range           | 0.2           |
|    entropy_loss         | -3.06         |
|    explained_variance   | 0             |
|    learning_rate        | 0.0003        |
|    loss                 | 2.39e+07      |
|    n_updates            | 5610          |
|    policy_gradient_loss | -0.000591     |
|    value_loss           | 4.04e+07      |
-------------------------------------------
----------------------------------
| rollout/           |           |
|    ep_len_mean     | 100       |
|    ep_rew_mean     | -4.48e+04 |
| time/              |           |
|    fps             | 101       |
|    iterations      | 562       |
|    time_elapsed    | 11379     |
|    total_timesteps | 1150976   |
----------------------------------
------------------------------------------
| rollout/                |              |
|    ep_len_mean          | 100          |
|    ep_rew_mean          | -4.48e+04    |
| time/                   |              |
|    fps                  | 101          |
|    iterations           | 563          |
|    time_elapsed         | 11402        |
|    total_timesteps      | 1153024      |
| train/                  |              |
|    approx_kl            | 0.0005867564 |
|    clip_fraction        | 0            |
|    clip_range           | 0.2          |
|    entropy_loss         | -3.06        |
|    explained_variance   | 0            |
|    learning_rate        | 0.0003       |
|    loss                 | 1.81e+07     |
|    n_updates            | 5620         |
|    policy_gradient_loss | -0.0013      |
|    value_loss           | 3.97e+07     |
------------------------------------------
-------------------------------------------
| rollout/                |               |
|    ep_len_mean          | 100           |
|    ep_rew_mean          | -4.51e+04     |
| time/                   |               |
|    fps                  | 101           |
|    iterations           | 564           |
|    time_elapsed         | 11423         |
|    total_timesteps      | 1155072       |
| train/                  |               |
|    approx_kl            | 0.00045565914 |
|    clip_fraction        | 0             |
|    clip_range           | 0.2           |
|    entropy_loss         | -3.06         |
|    explained_variance   | -1.19e-07     |
|    learning_rate        | 0.0003        |
|    loss                 | 2.08e+07      |
|    n_updates            | 5630          |
|    policy_gradient_loss | -0.000952     |
|    value_loss           | 4.03e+07      |
-------------------------------------------
-------------------------------------------
| rollout/                |               |
|    ep_len_mean          | 100           |
|    ep_rew_mean          | -4.53e+04     |
| time/                   |               |
|    fps                  | 101           |
|    iterations           | 565           |
|    time_elapsed         | 11441         |
|    total_timesteps      | 1157120       |
| train/                  |               |
|    approx_kl            | 0.00040756876 |
|    clip_fraction        | 0             |
|    clip_range           | 0.2           |
|    entropy_loss         | -3.06         |
|    explained_variance   | -1.19e-07     |
|    learning_rate        | 0.0003        |
|    loss                 | 2.15e+07      |
|    n_updates            | 5640          |
|    policy_gradient_loss | -0.000626     |
|    value_loss           | 3.97e+07      |
-------------------------------------------
------------------------------------------
| rollout/                |              |
|    ep_len_mean          | 100          |
|    ep_rew_mean          | -4.52e+04    |
| time/                   |              |
|    fps                  | 101          |
|    iterations           | 566          |
|    time_elapsed         | 11459        |
|    total_timesteps      | 1159168      |
| train/                  |              |
|    approx_kl            | 0.0002060048 |
|    clip_fraction        | 0            |
|    clip_range           | 0.2          |
|    entropy_loss         | -3.07        |
|    explained_variance   | 0            |
|    learning_rate        | 0.0003       |
|    loss                 | 2.19e+07     |
|    n_updates            | 5650         |
|    policy_gradient_loss | -0.00039     |
|    value_loss           | 4.06e+07     |
------------------------------------------
-------------------------------------------
| rollout/                |               |
|    ep_len_mean          | 100           |
|    ep_rew_mean          | -4.5e+04      |
| time/                   |               |
|    fps                  | 101           |
|    iterations           | 567           |
|    time_elapsed         | 11485         |
|    total_timesteps      | 1161216       |
| train/                  |               |
|    approx_kl            | 0.00016665741 |
|    clip_fraction        | 0             |
|    clip_range           | 0.2           |
|    entropy_loss         | -3.07         |
|    explained_variance   | -1.19e-07     |
|    learning_rate        | 0.0003        |
|    loss                 | 1.75e+07      |
|    n_updates            | 5660          |
|    policy_gradient_loss | -0.00039      |
|    value_loss           | 3.91e+07      |
-------------------------------------------
-------------------------------------------
| rollout/                |               |
|    ep_len_mean          | 100           |
|    ep_rew_mean          | -4.49e+04     |
| time/                   |               |
|    fps                  | 101           |
|    iterations           | 568           |
|    time_elapsed         | 11505         |
|    total_timesteps      | 1163264       |
| train/                  |               |
|    approx_kl            | 0.00028761185 |
|    clip_fraction        | 0             |
|    clip_range           | 0.2           |
|    entropy_loss         | -3.06         |
|    explained_variance   | 0             |
|    learning_rate        | 0.0003        |
|    loss                 | 2.08e+07      |
|    n_updates            | 5670          |
|    policy_gradient_loss | -0.000625     |
|    value_loss           | 3.85e+07      |
-------------------------------------------
------------------------------------------
| rollout/                |              |
|    ep_len_mean          | 100          |
|    ep_rew_mean          | -4.49e+04    |
| time/                   |              |
|    fps                  | 101          |
|    iterations           | 569          |
|    time_elapsed         | 11521        |
|    total_timesteps      | 1165312      |
| train/                  |              |
|    approx_kl            | 0.0010849487 |
|    clip_fraction        | 0            |
|    clip_range           | 0.2          |
|    entropy_loss         | -3.07        |
|    explained_variance   | -1.19e-07    |
|    learning_rate        | 0.0003       |
|    loss                 | 1.82e+07     |
|    n_updates            | 5680         |
|    policy_gradient_loss | -0.0016      |
|    value_loss           | 3.8e+07      |
------------------------------------------
-------------------------------------------
| rollout/                |               |
|    ep_len_mean          | 100           |
|    ep_rew_mean          | -4.5e+04      |
| time/                   |               |
|    fps                  | 101           |
|    iterations           | 570           |
|    time_elapsed         | 11540         |
|    total_timesteps      | 1167360       |
| train/                  |               |
|    approx_kl            | 0.00066309015 |
|    clip_fraction        | 0             |
|    clip_range           | 0.2           |
|    entropy_loss         | -3.07         |
|    explained_variance   | 0             |
|    learning_rate        | 0.0003        |
|    loss                 | 1.79e+07      |
|    n_updates            | 5690          |
|    policy_gradient_loss | -0.00149      |
|    value_loss           | 3.91e+07      |
-------------------------------------------
--------------------------------------------
| rollout/                |                |
|    ep_len_mean          | 100            |
|    ep_rew_mean          | -4.52e+04      |
| time/                   |                |
|    fps                  | 101            |
|    iterations           | 571            |
|    time_elapsed         | 11558          |
|    total_timesteps      | 1169408        |
| train/                  |                |
|    approx_kl            | 0.000118544674 |
|    clip_fraction        | 0              |
|    clip_range           | 0.2            |
|    entropy_loss         | -3.08          |
|    explained_variance   | -1.19e-07      |
|    learning_rate        | 0.0003         |
|    loss                 | 2.1e+07        |
|    n_updates            | 5700           |
|    policy_gradient_loss | -0.000263      |
|    value_loss           | 4.03e+07       |
--------------------------------------------
-------------------------------------------
| rollout/                |               |
|    ep_len_mean          | 100           |
|    ep_rew_mean          | -4.54e+04     |
| time/                   |               |
|    fps                  | 101           |
|    iterations           | 572           |
|    time_elapsed         | 11578         |
|    total_timesteps      | 1171456       |
| train/                  |               |
|    approx_kl            | 0.00052838516 |
|    clip_fraction        | 0             |
|    clip_range           | 0.2           |
|    entropy_loss         | -3.07         |
|    explained_variance   | -1.19e-07     |
|    learning_rate        | 0.0003        |
|    loss                 | 1.94e+07      |
|    n_updates            | 5710          |
|    policy_gradient_loss | -0.00125      |
|    value_loss           | 3.96e+07      |
-------------------------------------------
-------------------------------------------
| rollout/                |               |
|    ep_len_mean          | 100           |
|    ep_rew_mean          | -4.52e+04     |
| time/                   |               |
|    fps                  | 101           |
|    iterations           | 573           |
|    time_elapsed         | 11600         |
|    total_timesteps      | 1173504       |
| train/                  |               |
|    approx_kl            | 0.00010387626 |
|    clip_fraction        | 0             |
|    clip_range           | 0.2           |
|    entropy_loss         | -3.07         |
|    explained_variance   | 0             |
|    learning_rate        | 0.0003        |
|    loss                 | 1.86e+07      |
|    n_updates            | 5720          |
|    policy_gradient_loss | -0.00015      |
|    value_loss           | 4e+07         |
-------------------------------------------
-------------------------------------------
| rollout/                |               |
|    ep_len_mean          | 100           |
|    ep_rew_mean          | -4.49e+04     |
| time/                   |               |
|    fps                  | 101           |
|    iterations           | 574           |
|    time_elapsed         | 11620         |
|    total_timesteps      | 1175552       |
| train/                  |               |
|    approx_kl            | 0.00034429872 |
|    clip_fraction        | 0             |
|    clip_range           | 0.2           |
|    entropy_loss         | -3.07         |
|    explained_variance   | 0             |
|    learning_rate        | 0.0003        |
|    loss                 | 1.67e+07      |
|    n_updates            | 5730          |
|    policy_gradient_loss | -0.000754     |
|    value_loss           | 3.73e+07      |
-------------------------------------------
-------------------------------------------
| rollout/                |               |
|    ep_len_mean          | 100           |
|    ep_rew_mean          | -4.48e+04     |
| time/                   |               |
|    fps                  | 101           |
|    iterations           | 575           |
|    time_elapsed         | 11634         |
|    total_timesteps      | 1177600       |
| train/                  |               |
|    approx_kl            | 0.00019871487 |
|    clip_fraction        | 0             |
|    clip_range           | 0.2           |
|    entropy_loss         | -3.07         |
|    explained_variance   | 0             |
|    learning_rate        | 0.0003        |
|    loss                 | 2.04e+07      |
|    n_updates            | 5740          |
|    policy_gradient_loss | -0.000434     |
|    value_loss           | 3.73e+07      |
-------------------------------------------
------------------------------------------
| rollout/                |              |
|    ep_len_mean          | 100          |
|    ep_rew_mean          | -4.5e+04     |
| time/                   |              |
|    fps                  | 101          |
|    iterations           | 576          |
|    time_elapsed         | 11655        |
|    total_timesteps      | 1179648      |
| train/                  |              |
|    approx_kl            | 0.0009441207 |
|    clip_fraction        | 0            |
|    clip_range           | 0.2          |
|    entropy_loss         | -3.07        |
|    explained_variance   | 0            |
|    learning_rate        | 0.0003       |
|    loss                 | 2.12e+07     |
|    n_updates            | 5750         |
|    policy_gradient_loss | -0.00167     |
|    value_loss           | 4.04e+07     |
------------------------------------------
-------------------------------------------
| rollout/                |               |
|    ep_len_mean          | 100           |
|    ep_rew_mean          | -4.47e+04     |
| time/                   |               |
|    fps                  | 101           |
|    iterations           | 577           |
|    time_elapsed         | 11675         |
|    total_timesteps      | 1181696       |
| train/                  |               |
|    approx_kl            | 0.00022519726 |
|    clip_fraction        | 0             |
|    clip_range           | 0.2           |
|    entropy_loss         | -3.07         |
|    explained_variance   | 0             |
|    learning_rate        | 0.0003        |
|    loss                 | 2.21e+07      |
|    n_updates            | 5760          |
|    policy_gradient_loss | -0.000233     |
|    value_loss           | 4.27e+07      |
-------------------------------------------
-------------------------------------------
| rollout/                |               |
|    ep_len_mean          | 100           |
|    ep_rew_mean          | -4.49e+04     |
| time/                   |               |
|    fps                  | 101           |
|    iterations           | 578           |
|    time_elapsed         | 11696         |
|    total_timesteps      | 1183744       |
| train/                  |               |
|    approx_kl            | 0.00068366213 |
|    clip_fraction        | 0             |
|    clip_range           | 0.2           |
|    entropy_loss         | -3.08         |
|    explained_variance   | 0             |
|    learning_rate        | 0.0003        |
|    loss                 | 1.97e+07      |
|    n_updates            | 5770          |
|    policy_gradient_loss | -0.0011       |
|    value_loss           | 3.72e+07      |
-------------------------------------------
-------------------------------------------
| rollout/                |               |
|    ep_len_mean          | 100           |
|    ep_rew_mean          | -4.55e+04     |
| time/                   |               |
|    fps                  | 101           |
|    iterations           | 579           |
|    time_elapsed         | 11717         |
|    total_timesteps      | 1185792       |
| train/                  |               |
|    approx_kl            | 0.00016575528 |
|    clip_fraction        | 0             |
|    clip_range           | 0.2           |
|    entropy_loss         | -3.09         |
|    explained_variance   | 0             |
|    learning_rate        | 0.0003        |
|    loss                 | 1.97e+07      |
|    n_updates            | 5780          |
|    policy_gradient_loss | -0.000247     |
|    value_loss           | 3.91e+07      |
-------------------------------------------
-----------------------------------------
| rollout/                |             |
|    ep_len_mean          | 100         |
|    ep_rew_mean          | -4.53e+04   |
| time/                   |             |
|    fps                  | 101         |
|    iterations           | 580         |
|    time_elapsed         | 11739       |
|    total_timesteps      | 1187840     |
| train/                  |             |
|    approx_kl            | 0.000623744 |
|    clip_fraction        | 0           |
|    clip_range           | 0.2         |
|    entropy_loss         | -3.08       |
|    explained_variance   | 0           |
|    learning_rate        | 0.0003      |
|    loss                 | 1.94e+07    |
|    n_updates            | 5790        |
|    policy_gradient_loss | -0.00158    |
|    value_loss           | 4.01e+07    |
-----------------------------------------
------------------------------------------
| rollout/                |              |
|    ep_len_mean          | 100          |
|    ep_rew_mean          | -4.47e+04    |
| time/                   |              |
|    fps                  | 101          |
|    iterations           | 581          |
|    time_elapsed         | 11761        |
|    total_timesteps      | 1189888      |
| train/                  |              |
|    approx_kl            | 0.0004653229 |
|    clip_fraction        | 0            |
|    clip_range           | 0.2          |
|    entropy_loss         | -3.08        |
|    explained_variance   | 0            |
|    learning_rate        | 0.0003       |
|    loss                 | 1.93e+07     |
|    n_updates            | 5800         |
|    policy_gradient_loss | -0.000915    |
|    value_loss           | 3.8e+07      |
------------------------------------------
------------------------------------------
| rollout/                |              |
|    ep_len_mean          | 100          |
|    ep_rew_mean          | -4.48e+04    |
| time/                   |              |
|    fps                  | 101          |
|    iterations           | 582          |
|    time_elapsed         | 11782        |
|    total_timesteps      | 1191936      |
| train/                  |              |
|    approx_kl            | 0.0009244103 |
|    clip_fraction        | 0            |
|    clip_range           | 0.2          |
|    entropy_loss         | -3.09        |
|    explained_variance   | -1.19e-07    |
|    learning_rate        | 0.0003       |
|    loss                 | 1.83e+07     |
|    n_updates            | 5810         |
|    policy_gradient_loss | -0.0019      |
|    value_loss           | 3.79e+07     |
------------------------------------------
-------------------------------------------
| rollout/                |               |
|    ep_len_mean          | 100           |
|    ep_rew_mean          | -4.45e+04     |
| time/                   |               |
|    fps                  | 101           |
|    iterations           | 583           |
|    time_elapsed         | 11804         |
|    total_timesteps      | 1193984       |
| train/                  |               |
|    approx_kl            | 0.00045310592 |
|    clip_fraction        | 0             |
|    clip_range           | 0.2           |
|    entropy_loss         | -3.09         |
|    explained_variance   | 5.96e-08      |
|    learning_rate        | 0.0003        |
|    loss                 | 1.94e+07      |
|    n_updates            | 5820          |
|    policy_gradient_loss | -0.000916     |
|    value_loss           | 3.85e+07      |
-------------------------------------------
------------------------------------------
| rollout/                |              |
|    ep_len_mean          | 100          |
|    ep_rew_mean          | -4.44e+04    |
| time/                   |              |
|    fps                  | 101          |
|    iterations           | 584          |
|    time_elapsed         | 11819        |
|    total_timesteps      | 1196032      |
| train/                  |              |
|    approx_kl            | 0.0005367956 |
|    clip_fraction        | 0            |
|    clip_range           | 0.2          |
|    entropy_loss         | -3.09        |
|    explained_variance   | -1.19e-07    |
|    learning_rate        | 0.0003       |
|    loss                 | 1.84e+07     |
|    n_updates            | 5830         |
|    policy_gradient_loss | -0.000866    |
|    value_loss           | 3.69e+07     |
------------------------------------------
-------------------------------------------
| rollout/                |               |
|    ep_len_mean          | 100           |
|    ep_rew_mean          | -4.49e+04     |
| time/                   |               |
|    fps                  | 101           |
|    iterations           | 585           |
|    time_elapsed         | 11840         |
|    total_timesteps      | 1198080       |
| train/                  |               |
|    approx_kl            | 0.00051464885 |
|    clip_fraction        | 0             |
|    clip_range           | 0.2           |
|    entropy_loss         | -3.09         |
|    explained_variance   | 0             |
|    learning_rate        | 0.0003        |
|    loss                 | 2.04e+07      |
|    n_updates            | 5840          |
|    policy_gradient_loss | -0.000987     |
|    value_loss           | 3.97e+07      |
-------------------------------------------
Eval num_timesteps=1200000, episode_reward=-129096.82 +/- 7153.29
Episode length: 100.00 +/- 0.00
------------------------------------------
| eval/                   |              |
|    mean_ep_length       | 100          |
|    mean_reward          | -1.29e+05    |
| time/                   |              |
|    total_timesteps      | 1200000      |
| train/                  |              |
|    approx_kl            | 0.0003328815 |
|    clip_fraction        | 0            |
|    clip_range           | 0.2          |
|    entropy_loss         | -3.09        |
|    explained_variance   | 0            |
|    learning_rate        | 0.0003       |
|    loss                 | 1.9e+07      |
|    n_updates            | 5850         |
|    policy_gradient_loss | -0.000849    |
|    value_loss           | 4.09e+07     |
------------------------------------------
---------------------------------
| rollout/           |          |
|    ep_len_mean     | 100      |
|    ep_rew_mean     | -4.5e+04 |
| time/              |          |
|    fps             | 101      |
|    iterations      | 586      |
|    time_elapsed    | 11880    |
|    total_timesteps | 1200128  |
---------------------------------
------------------------------------------
| rollout/                |              |
|    ep_len_mean          | 100          |
|    ep_rew_mean          | -4.57e+04    |
| time/                   |              |
|    fps                  | 101          |
|    iterations           | 587          |
|    time_elapsed         | 11899        |
|    total_timesteps      | 1202176      |
| train/                  |              |
|    approx_kl            | 0.0005139699 |
|    clip_fraction        | 0            |
|    clip_range           | 0.2          |
|    entropy_loss         | -3.09        |
|    explained_variance   | 5.96e-08     |
|    learning_rate        | 0.0003       |
|    loss                 | 1.91e+07     |
|    n_updates            | 5860         |
|    policy_gradient_loss | -0.00134     |
|    value_loss           | 3.95e+07     |
------------------------------------------
-------------------------------------------
| rollout/                |               |
|    ep_len_mean          | 100           |
|    ep_rew_mean          | -4.62e+04     |
| time/                   |               |
|    fps                  | 101           |
|    iterations           | 588           |
|    time_elapsed         | 11913         |
|    total_timesteps      | 1204224       |
| train/                  |               |
|    approx_kl            | 0.00034043324 |
|    clip_fraction        | 0             |
|    clip_range           | 0.2           |
|    entropy_loss         | -3.09         |
|    explained_variance   | 0             |
|    learning_rate        | 0.0003        |
|    loss                 | 2.19e+07      |
|    n_updates            | 5870          |
|    policy_gradient_loss | -0.000764     |
|    value_loss           | 4.5e+07       |
-------------------------------------------
-------------------------------------------
| rollout/                |               |
|    ep_len_mean          | 100           |
|    ep_rew_mean          | -4.61e+04     |
| time/                   |               |
|    fps                  | 101           |
|    iterations           | 589           |
|    time_elapsed         | 11928         |
|    total_timesteps      | 1206272       |
| train/                  |               |
|    approx_kl            | 0.00021589504 |
|    clip_fraction        | 0             |
|    clip_range           | 0.2           |
|    entropy_loss         | -3.08         |
|    explained_variance   | 5.96e-08      |
|    learning_rate        | 0.0003        |
|    loss                 | 1.77e+07      |
|    n_updates            | 5880          |
|    policy_gradient_loss | -0.000447     |
|    value_loss           | 4.04e+07      |
-------------------------------------------
-------------------------------------------
| rollout/                |               |
|    ep_len_mean          | 100           |
|    ep_rew_mean          | -4.61e+04     |
| time/                   |               |
|    fps                  | 101           |
|    iterations           | 590           |
|    time_elapsed         | 11950         |
|    total_timesteps      | 1208320       |
| train/                  |               |
|    approx_kl            | 0.00022636983 |
|    clip_fraction        | 0             |
|    clip_range           | 0.2           |
|    entropy_loss         | -3.09         |
|    explained_variance   | 0             |
|    learning_rate        | 0.0003        |
|    loss                 | 1.85e+07      |
|    n_updates            | 5890          |
|    policy_gradient_loss | -0.000478     |
|    value_loss           | 3.99e+07      |
-------------------------------------------
-------------------------------------------
| rollout/                |               |
|    ep_len_mean          | 100           |
|    ep_rew_mean          | -4.61e+04     |
| time/                   |               |
|    fps                  | 101           |
|    iterations           | 591           |
|    time_elapsed         | 11971         |
|    total_timesteps      | 1210368       |
| train/                  |               |
|    approx_kl            | 0.00018077143 |
|    clip_fraction        | 0             |
|    clip_range           | 0.2           |
|    entropy_loss         | -3.09         |
|    explained_variance   | 0             |
|    learning_rate        | 0.0003        |
|    loss                 | 2.05e+07      |
|    n_updates            | 5900          |
|    policy_gradient_loss | -0.000455     |
|    value_loss           | 4.1e+07       |
-------------------------------------------
-------------------------------------------
| rollout/                |               |
|    ep_len_mean          | 100           |
|    ep_rew_mean          | -4.6e+04      |
| time/                   |               |
|    fps                  | 101           |
|    iterations           | 592           |
|    time_elapsed         | 11993         |
|    total_timesteps      | 1212416       |
| train/                  |               |
|    approx_kl            | 0.00024449266 |
|    clip_fraction        | 0             |
|    clip_range           | 0.2           |
|    entropy_loss         | -3.09         |
|    explained_variance   | 0             |
|    learning_rate        | 0.0003        |
|    loss                 | 1.95e+07      |
|    n_updates            | 5910          |
|    policy_gradient_loss | -0.000515     |
|    value_loss           | 3.96e+07      |
-------------------------------------------
-------------------------------------------
| rollout/                |               |
|    ep_len_mean          | 100           |
|    ep_rew_mean          | -4.58e+04     |
| time/                   |               |
|    fps                  | 101           |
|    iterations           | 593           |
|    time_elapsed         | 12008         |
|    total_timesteps      | 1214464       |
| train/                  |               |
|    approx_kl            | 5.6990073e-05 |
|    clip_fraction        | 0             |
|    clip_range           | 0.2           |
|    entropy_loss         | -3.09         |
|    explained_variance   | 0             |
|    learning_rate        | 0.0003        |
|    loss                 | 1.79e+07      |
|    n_updates            | 5920          |
|    policy_gradient_loss | -0.000235     |
|    value_loss           | 4.15e+07      |
-------------------------------------------
------------------------------------------
| rollout/                |              |
|    ep_len_mean          | 100          |
|    ep_rew_mean          | -4.52e+04    |
| time/                   |              |
|    fps                  | 101          |
|    iterations           | 594          |
|    time_elapsed         | 12030        |
|    total_timesteps      | 1216512      |
| train/                  |              |
|    approx_kl            | 0.0002440834 |
|    clip_fraction        | 0            |
|    clip_range           | 0.2          |
|    entropy_loss         | -3.09        |
|    explained_variance   | 0            |
|    learning_rate        | 0.0003       |
|    loss                 | 2.1e+07      |
|    n_updates            | 5930         |
|    policy_gradient_loss | -0.000648    |
|    value_loss           | 4.01e+07     |
------------------------------------------
------------------------------------------
| rollout/                |              |
|    ep_len_mean          | 100          |
|    ep_rew_mean          | -4.48e+04    |
| time/                   |              |
|    fps                  | 101          |
|    iterations           | 595          |
|    time_elapsed         | 12052        |
|    total_timesteps      | 1218560      |
| train/                  |              |
|    approx_kl            | 0.0012713005 |
|    clip_fraction        | 0            |
|    clip_range           | 0.2          |
|    entropy_loss         | -3.08        |
|    explained_variance   | 0            |
|    learning_rate        | 0.0003       |
|    loss                 | 1.86e+07     |
|    n_updates            | 5940         |
|    policy_gradient_loss | -0.00306     |
|    value_loss           | 3.65e+07     |
------------------------------------------
------------------------------------------
| rollout/                |              |
|    ep_len_mean          | 100          |
|    ep_rew_mean          | -4.49e+04    |
| time/                   |              |
|    fps                  | 101          |
|    iterations           | 596          |
|    time_elapsed         | 12068        |
|    total_timesteps      | 1220608      |
| train/                  |              |
|    approx_kl            | 7.957942e-05 |
|    clip_fraction        | 0            |
|    clip_range           | 0.2          |
|    entropy_loss         | -3.07        |
|    explained_variance   | 0            |
|    learning_rate        | 0.0003       |
|    loss                 | 2.03e+07     |
|    n_updates            | 5950         |
|    policy_gradient_loss | -0.000175    |
|    value_loss           | 3.89e+07     |
------------------------------------------
-------------------------------------------
| rollout/                |               |
|    ep_len_mean          | 100           |
|    ep_rew_mean          | -4.47e+04     |
| time/                   |               |
|    fps                  | 101           |
|    iterations           | 597           |
|    time_elapsed         | 12082         |
|    total_timesteps      | 1222656       |
| train/                  |               |
|    approx_kl            | 0.00030622893 |
|    clip_fraction        | 0             |
|    clip_range           | 0.2           |
|    entropy_loss         | -3.08         |
|    explained_variance   | 0             |
|    learning_rate        | 0.0003        |
|    loss                 | 1.8e+07       |
|    n_updates            | 5960          |
|    policy_gradient_loss | -0.000775     |
|    value_loss           | 3.92e+07      |
-------------------------------------------
-------------------------------------------
| rollout/                |               |
|    ep_len_mean          | 100           |
|    ep_rew_mean          | -4.49e+04     |
| time/                   |               |
|    fps                  | 101           |
|    iterations           | 598           |
|    time_elapsed         | 12106         |
|    total_timesteps      | 1224704       |
| train/                  |               |
|    approx_kl            | 0.00080412964 |
|    clip_fraction        | 0             |
|    clip_range           | 0.2           |
|    entropy_loss         | -3.08         |
|    explained_variance   | 0             |
|    learning_rate        | 0.0003        |
|    loss                 | 1.87e+07      |
|    n_updates            | 5970          |
|    policy_gradient_loss | -0.00167      |
|    value_loss           | 3.86e+07      |
-------------------------------------------
-------------------------------------------
| rollout/                |               |
|    ep_len_mean          | 100           |
|    ep_rew_mean          | -4.52e+04     |
| time/                   |               |
|    fps                  | 101           |
|    iterations           | 599           |
|    time_elapsed         | 12126         |
|    total_timesteps      | 1226752       |
| train/                  |               |
|    approx_kl            | 0.00017475593 |
|    clip_fraction        | 0             |
|    clip_range           | 0.2           |
|    entropy_loss         | -3.07         |
|    explained_variance   | -1.19e-07     |
|    learning_rate        | 0.0003        |
|    loss                 | 1.92e+07      |
|    n_updates            | 5980          |
|    policy_gradient_loss | -0.000421     |
|    value_loss           | 4.08e+07      |
-------------------------------------------
-------------------------------------------
| rollout/                |               |
|    ep_len_mean          | 100           |
|    ep_rew_mean          | -4.55e+04     |
| time/                   |               |
|    fps                  | 101           |
|    iterations           | 600           |
|    time_elapsed         | 12144         |
|    total_timesteps      | 1228800       |
| train/                  |               |
|    approx_kl            | 0.00022526036 |
|    clip_fraction        | 0             |
|    clip_range           | 0.2           |
|    entropy_loss         | -3.07         |
|    explained_variance   | 1.19e-07      |
|    learning_rate        | 0.0003        |
|    loss                 | 2.09e+07      |
|    n_updates            | 5990          |
|    policy_gradient_loss | -0.000537     |
|    value_loss           | 3.96e+07      |
-------------------------------------------
-------------------------------------------
| rollout/                |               |
|    ep_len_mean          | 100           |
|    ep_rew_mean          | -4.57e+04     |
| time/                   |               |
|    fps                  | 101           |
|    iterations           | 601           |
|    time_elapsed         | 12164         |
|    total_timesteps      | 1230848       |
| train/                  |               |
|    approx_kl            | 0.00032116726 |
|    clip_fraction        | 0             |
|    clip_range           | 0.2           |
|    entropy_loss         | -3.07         |
|    explained_variance   | -1.19e-07     |
|    learning_rate        | 0.0003        |
|    loss                 | 1.98e+07      |
|    n_updates            | 6000          |
|    policy_gradient_loss | -0.000684     |
|    value_loss           | 4.01e+07      |
-------------------------------------------
-------------------------------------------
| rollout/                |               |
|    ep_len_mean          | 100           |
|    ep_rew_mean          | -4.59e+04     |
| time/                   |               |
|    fps                  | 101           |
|    iterations           | 602           |
|    time_elapsed         | 12186         |
|    total_timesteps      | 1232896       |
| train/                  |               |
|    approx_kl            | 0.00015592529 |
|    clip_fraction        | 0             |
|    clip_range           | 0.2           |
|    entropy_loss         | -3.07         |
|    explained_variance   | 5.96e-08      |
|    learning_rate        | 0.0003        |
|    loss                 | 1.91e+07      |
|    n_updates            | 6010          |
|    policy_gradient_loss | -0.000287     |
|    value_loss           | 4.12e+07      |
-------------------------------------------
------------------------------------------
| rollout/                |              |
|    ep_len_mean          | 100          |
|    ep_rew_mean          | -4.58e+04    |
| time/                   |              |
|    fps                  | 101          |
|    iterations           | 603          |
|    time_elapsed         | 12208        |
|    total_timesteps      | 1234944      |
| train/                  |              |
|    approx_kl            | 0.0006618195 |
|    clip_fraction        | 0            |
|    clip_range           | 0.2          |
|    entropy_loss         | -3.07        |
|    explained_variance   | -1.19e-07    |
|    learning_rate        | 0.0003       |
|    loss                 | 2.24e+07     |
|    n_updates            | 6020         |
|    policy_gradient_loss | -0.00137     |
|    value_loss           | 4.06e+07     |
------------------------------------------
-------------------------------------------
| rollout/                |               |
|    ep_len_mean          | 100           |
|    ep_rew_mean          | -4.59e+04     |
| time/                   |               |
|    fps                  | 101           |
|    iterations           | 604           |
|    time_elapsed         | 12225         |
|    total_timesteps      | 1236992       |
| train/                  |               |
|    approx_kl            | 0.00021050184 |
|    clip_fraction        | 0             |
|    clip_range           | 0.2           |
|    entropy_loss         | -3.07         |
|    explained_variance   | 0             |
|    learning_rate        | 0.0003        |
|    loss                 | 1.93e+07      |
|    n_updates            | 6030          |
|    policy_gradient_loss | -0.000642     |
|    value_loss           | 4.02e+07      |
-------------------------------------------
-------------------------------------------
| rollout/                |               |
|    ep_len_mean          | 100           |
|    ep_rew_mean          | -4.59e+04     |
| time/                   |               |
|    fps                  | 101           |
|    iterations           | 605           |
|    time_elapsed         | 12245         |
|    total_timesteps      | 1239040       |
| train/                  |               |
|    approx_kl            | 0.00048259972 |
|    clip_fraction        | 0             |
|    clip_range           | 0.2           |
|    entropy_loss         | -3.08         |
|    explained_variance   | 0             |
|    learning_rate        | 0.0003        |
|    loss                 | 2.08e+07      |
|    n_updates            | 6040          |
|    policy_gradient_loss | -0.000835     |
|    value_loss           | 4.03e+07      |
-------------------------------------------
--------------------------------------------
| rollout/                |                |
|    ep_len_mean          | 100            |
|    ep_rew_mean          | -4.58e+04      |
| time/                   |                |
|    fps                  | 101            |
|    iterations           | 606            |
|    time_elapsed         | 12260          |
|    total_timesteps      | 1241088        |
| train/                  |                |
|    approx_kl            | 0.000112873764 |
|    clip_fraction        | 0              |
|    clip_range           | 0.2            |
|    entropy_loss         | -3.08          |
|    explained_variance   | 0              |
|    learning_rate        | 0.0003         |
|    loss                 | 1.95e+07       |
|    n_updates            | 6050           |
|    policy_gradient_loss | -0.000233      |
|    value_loss           | 4.03e+07       |
--------------------------------------------
-------------------------------------------
| rollout/                |               |
|    ep_len_mean          | 100           |
|    ep_rew_mean          | -4.55e+04     |
| time/                   |               |
|    fps                  | 101           |
|    iterations           | 607           |
|    time_elapsed         | 12284         |
|    total_timesteps      | 1243136       |
| train/                  |               |
|    approx_kl            | 0.00016505492 |
|    clip_fraction        | 0             |
|    clip_range           | 0.2           |
|    entropy_loss         | -3.08         |
|    explained_variance   | 0             |
|    learning_rate        | 0.0003        |
|    loss                 | 1.92e+07      |
|    n_updates            | 6060          |
|    policy_gradient_loss | -0.000438     |
|    value_loss           | 3.96e+07      |
-------------------------------------------
-------------------------------------------
| rollout/                |               |
|    ep_len_mean          | 100           |
|    ep_rew_mean          | -4.53e+04     |
| time/                   |               |
|    fps                  | 101           |
|    iterations           | 608           |
|    time_elapsed         | 12299         |
|    total_timesteps      | 1245184       |
| train/                  |               |
|    approx_kl            | 0.00022028844 |
|    clip_fraction        | 0             |
|    clip_range           | 0.2           |
|    entropy_loss         | -3.08         |
|    explained_variance   | 0             |
|    learning_rate        | 0.0003        |
|    loss                 | 2.02e+07      |
|    n_updates            | 6070          |
|    policy_gradient_loss | -0.000478     |
|    value_loss           | 3.79e+07      |
-------------------------------------------
-------------------------------------------
| rollout/                |               |
|    ep_len_mean          | 100           |
|    ep_rew_mean          | -4.51e+04     |
| time/                   |               |
|    fps                  | 101           |
|    iterations           | 609           |
|    time_elapsed         | 12320         |
|    total_timesteps      | 1247232       |
| train/                  |               |
|    approx_kl            | 0.00025386226 |
|    clip_fraction        | 0             |
|    clip_range           | 0.2           |
|    entropy_loss         | -3.08         |
|    explained_variance   | 0             |
|    learning_rate        | 0.0003        |
|    loss                 | 1.91e+07      |
|    n_updates            | 6080          |
|    policy_gradient_loss | -0.000642     |
|    value_loss           | 3.87e+07      |
-------------------------------------------
-------------------------------------------
| rollout/                |               |
|    ep_len_mean          | 100           |
|    ep_rew_mean          | -4.47e+04     |
| time/                   |               |
|    fps                  | 101           |
|    iterations           | 610           |
|    time_elapsed         | 12336         |
|    total_timesteps      | 1249280       |
| train/                  |               |
|    approx_kl            | 0.00028330312 |
|    clip_fraction        | 0             |
|    clip_range           | 0.2           |
|    entropy_loss         | -3.07         |
|    explained_variance   | 0             |
|    learning_rate        | 0.0003        |
|    loss                 | 1.59e+07      |
|    n_updates            | 6090          |
|    policy_gradient_loss | -0.000714     |
|    value_loss           | 3.69e+07      |
-------------------------------------------
Eval num_timesteps=1250000, episode_reward=-133136.88 +/- 7170.43
Episode length: 100.00 +/- 0.00
------------------------------------------
| eval/                   |              |
|    mean_ep_length       | 100          |
|    mean_reward          | -1.33e+05    |
| time/                   |              |
|    total_timesteps      | 1250000      |
| train/                  |              |
|    approx_kl            | 0.0009087466 |
|    clip_fraction        | 0            |
|    clip_range           | 0.2          |
|    entropy_loss         | -3.07        |
|    explained_variance   | -1.19e-07    |
|    learning_rate        | 0.0003       |
|    loss                 | 1.8e+07      |
|    n_updates            | 6100         |
|    policy_gradient_loss | -0.00161     |
|    value_loss           | 3.87e+07     |
------------------------------------------
----------------------------------
| rollout/           |           |
|    ep_len_mean     | 100       |
|    ep_rew_mean     | -4.46e+04 |
| time/              |           |
|    fps             | 101       |
|    iterations      | 611       |
|    time_elapsed    | 12384     |
|    total_timesteps | 1251328   |
----------------------------------
------------------------------------------
| rollout/                |              |
|    ep_len_mean          | 100          |
|    ep_rew_mean          | -4.47e+04    |
| time/                   |              |
|    fps                  | 101          |
|    iterations           | 612          |
|    time_elapsed         | 12407        |
|    total_timesteps      | 1253376      |
| train/                  |              |
|    approx_kl            | 0.0014985431 |
|    clip_fraction        | 0            |
|    clip_range           | 0.2          |
|    entropy_loss         | -3.08        |
|    explained_variance   | -1.19e-07    |
|    learning_rate        | 0.0003       |
|    loss                 | 1.82e+07     |
|    n_updates            | 6110         |
|    policy_gradient_loss | -0.00282     |
|    value_loss           | 3.85e+07     |
------------------------------------------
------------------------------------------
| rollout/                |              |
|    ep_len_mean          | 100          |
|    ep_rew_mean          | -4.54e+04    |
| time/                   |              |
|    fps                  | 101          |
|    iterations           | 613          |
|    time_elapsed         | 12423        |
|    total_timesteps      | 1255424      |
| train/                  |              |
|    approx_kl            | 0.0002389912 |
|    clip_fraction        | 0            |
|    clip_range           | 0.2          |
|    entropy_loss         | -3.07        |
|    explained_variance   | -1.19e-07    |
|    learning_rate        | 0.0003       |
|    loss                 | 1.93e+07     |
|    n_updates            | 6120         |
|    policy_gradient_loss | -0.000572    |
|    value_loss           | 4.04e+07     |
------------------------------------------
-------------------------------------------
| rollout/                |               |
|    ep_len_mean          | 100           |
|    ep_rew_mean          | -4.55e+04     |
| time/                   |               |
|    fps                  | 101           |
|    iterations           | 614           |
|    time_elapsed         | 12444         |
|    total_timesteps      | 1257472       |
| train/                  |               |
|    approx_kl            | 0.00023795594 |
|    clip_fraction        | 0             |
|    clip_range           | 0.2           |
|    entropy_loss         | -3.07         |
|    explained_variance   | -1.19e-07     |
|    learning_rate        | 0.0003        |
|    loss                 | 2.2e+07       |
|    n_updates            | 6130          |
|    policy_gradient_loss | -0.00043      |
|    value_loss           | 4.12e+07      |
-------------------------------------------
-------------------------------------------
| rollout/                |               |
|    ep_len_mean          | 100           |
|    ep_rew_mean          | -4.58e+04     |
| time/                   |               |
|    fps                  | 101           |
|    iterations           | 615           |
|    time_elapsed         | 12464         |
|    total_timesteps      | 1259520       |
| train/                  |               |
|    approx_kl            | 0.00023704406 |
|    clip_fraction        | 0             |
|    clip_range           | 0.2           |
|    entropy_loss         | -3.07         |
|    explained_variance   | 5.96e-08      |
|    learning_rate        | 0.0003        |
|    loss                 | 1.96e+07      |
|    n_updates            | 6140          |
|    policy_gradient_loss | -0.000532     |
|    value_loss           | 3.98e+07      |
-------------------------------------------
------------------------------------------
| rollout/                |              |
|    ep_len_mean          | 100          |
|    ep_rew_mean          | -4.61e+04    |
| time/                   |              |
|    fps                  | 101          |
|    iterations           | 616          |
|    time_elapsed         | 12481        |
|    total_timesteps      | 1261568      |
| train/                  |              |
|    approx_kl            | 6.624611e-05 |
|    clip_fraction        | 0            |
|    clip_range           | 0.2          |
|    entropy_loss         | -3.08        |
|    explained_variance   | -1.19e-07    |
|    learning_rate        | 0.0003       |
|    loss                 | 2e+07        |
|    n_updates            | 6150         |
|    policy_gradient_loss | -9.13e-05    |
|    value_loss           | 4.08e+07     |
------------------------------------------
-------------------------------------------
| rollout/                |               |
|    ep_len_mean          | 100           |
|    ep_rew_mean          | -4.63e+04     |
| time/                   |               |
|    fps                  | 101           |
|    iterations           | 617           |
|    time_elapsed         | 12502         |
|    total_timesteps      | 1263616       |
| train/                  |               |
|    approx_kl            | 0.00046894915 |
|    clip_fraction        | 0             |
|    clip_range           | 0.2           |
|    entropy_loss         | -3.08         |
|    explained_variance   | 0             |
|    learning_rate        | 0.0003        |
|    loss                 | 2.23e+07      |
|    n_updates            | 6160          |
|    policy_gradient_loss | -0.000907     |
|    value_loss           | 4.1e+07       |
-------------------------------------------
------------------------------------------
| rollout/                |              |
|    ep_len_mean          | 100          |
|    ep_rew_mean          | -4.59e+04    |
| time/                   |              |
|    fps                  | 101          |
|    iterations           | 618          |
|    time_elapsed         | 12519        |
|    total_timesteps      | 1265664      |
| train/                  |              |
|    approx_kl            | 0.0009768389 |
|    clip_fraction        | 0            |
|    clip_range           | 0.2          |
|    entropy_loss         | -3.08        |
|    explained_variance   | -1.19e-07    |
|    learning_rate        | 0.0003       |
|    loss                 | 2.14e+07     |
|    n_updates            | 6170         |
|    policy_gradient_loss | -0.00199     |
|    value_loss           | 4.12e+07     |
------------------------------------------
-------------------------------------------
| rollout/                |               |
|    ep_len_mean          | 100           |
|    ep_rew_mean          | -4.58e+04     |
| time/                   |               |
|    fps                  | 101           |
|    iterations           | 619           |
|    time_elapsed         | 12540         |
|    total_timesteps      | 1267712       |
| train/                  |               |
|    approx_kl            | 0.00072349375 |
|    clip_fraction        | 0             |
|    clip_range           | 0.2           |
|    entropy_loss         | -3.08         |
|    explained_variance   | 0             |
|    learning_rate        | 0.0003        |
|    loss                 | 1.93e+07      |
|    n_updates            | 6180          |
|    policy_gradient_loss | -0.00176      |
|    value_loss           | 3.89e+07      |
-------------------------------------------
-------------------------------------------
| rollout/                |               |
|    ep_len_mean          | 100           |
|    ep_rew_mean          | -4.58e+04     |
| time/                   |               |
|    fps                  | 101           |
|    iterations           | 620           |
|    time_elapsed         | 12561         |
|    total_timesteps      | 1269760       |
| train/                  |               |
|    approx_kl            | 0.00028770094 |
|    clip_fraction        | 0             |
|    clip_range           | 0.2           |
|    entropy_loss         | -3.07         |
|    explained_variance   | 0             |
|    learning_rate        | 0.0003        |
|    loss                 | 2.11e+07      |
|    n_updates            | 6190          |
|    policy_gradient_loss | -0.000798     |
|    value_loss           | 3.91e+07      |
-------------------------------------------
------------------------------------------
| rollout/                |              |
|    ep_len_mean          | 100          |
|    ep_rew_mean          | -4.59e+04    |
| time/                   |              |
|    fps                  | 101          |
|    iterations           | 621          |
|    time_elapsed         | 12580        |
|    total_timesteps      | 1271808      |
| train/                  |              |
|    approx_kl            | 0.0005124237 |
|    clip_fraction        | 0            |
|    clip_range           | 0.2          |
|    entropy_loss         | -3.07        |
|    explained_variance   | 0            |
|    learning_rate        | 0.0003       |
|    loss                 | 2.16e+07     |
|    n_updates            | 6200         |
|    policy_gradient_loss | -0.00114     |
|    value_loss           | 4.28e+07     |
------------------------------------------
------------------------------------------
| rollout/                |              |
|    ep_len_mean          | 100          |
|    ep_rew_mean          | -4.58e+04    |
| time/                   |              |
|    fps                  | 101          |
|    iterations           | 622          |
|    time_elapsed         | 12601        |
|    total_timesteps      | 1273856      |
| train/                  |              |
|    approx_kl            | 0.0001922914 |
|    clip_fraction        | 0            |
|    clip_range           | 0.2          |
|    entropy_loss         | -3.07        |
|    explained_variance   | 0            |
|    learning_rate        | 0.0003       |
|    loss                 | 2.08e+07     |
|    n_updates            | 6210         |
|    policy_gradient_loss | -0.000413    |
|    value_loss           | 3.98e+07     |
------------------------------------------
------------------------------------------
| rollout/                |              |
|    ep_len_mean          | 100          |
|    ep_rew_mean          | -4.55e+04    |
| time/                   |              |
|    fps                  | 101          |
|    iterations           | 623          |
|    time_elapsed         | 12623        |
|    total_timesteps      | 1275904      |
| train/                  |              |
|    approx_kl            | 0.0004536423 |
|    clip_fraction        | 0            |
|    clip_range           | 0.2          |
|    entropy_loss         | -3.07        |
|    explained_variance   | 0            |
|    learning_rate        | 0.0003       |
|    loss                 | 2.1e+07      |
|    n_updates            | 6220         |
|    policy_gradient_loss | -0.00101     |
|    value_loss           | 4.09e+07     |
------------------------------------------
-------------------------------------------
| rollout/                |               |
|    ep_len_mean          | 100           |
|    ep_rew_mean          | -4.62e+04     |
| time/                   |               |
|    fps                  | 101           |
|    iterations           | 624           |
|    time_elapsed         | 12644         |
|    total_timesteps      | 1277952       |
| train/                  |               |
|    approx_kl            | 0.00038134685 |
|    clip_fraction        | 0             |
|    clip_range           | 0.2           |
|    entropy_loss         | -3.07         |
|    explained_variance   | 0             |
|    learning_rate        | 0.0003        |
|    loss                 | 1.89e+07      |
|    n_updates            | 6230          |
|    policy_gradient_loss | -0.000748     |
|    value_loss           | 3.65e+07      |
-------------------------------------------
------------------------------------------
| rollout/                |              |
|    ep_len_mean          | 100          |
|    ep_rew_mean          | -4.58e+04    |
| time/                   |              |
|    fps                  | 101          |
|    iterations           | 625          |
|    time_elapsed         | 12659        |
|    total_timesteps      | 1280000      |
| train/                  |              |
|    approx_kl            | 0.0004896425 |
|    clip_fraction        | 0            |
|    clip_range           | 0.2          |
|    entropy_loss         | -3.07        |
|    explained_variance   | 0            |
|    learning_rate        | 0.0003       |
|    loss                 | 2.12e+07     |
|    n_updates            | 6240         |
|    policy_gradient_loss | -0.000975    |
|    value_loss           | 4.5e+07      |
------------------------------------------
------------------------------------------
| rollout/                |              |
|    ep_len_mean          | 100          |
|    ep_rew_mean          | -4.57e+04    |
| time/                   |              |
|    fps                  | 101          |
|    iterations           | 626          |
|    time_elapsed         | 12679        |
|    total_timesteps      | 1282048      |
| train/                  |              |
|    approx_kl            | 0.0006569957 |
|    clip_fraction        | 0            |
|    clip_range           | 0.2          |
|    entropy_loss         | -3.07        |
|    explained_variance   | 0            |
|    learning_rate        | 0.0003       |
|    loss                 | 1.84e+07     |
|    n_updates            | 6250         |
|    policy_gradient_loss | -0.00131     |
|    value_loss           | 3.71e+07     |
------------------------------------------
-------------------------------------------
| rollout/                |               |
|    ep_len_mean          | 100           |
|    ep_rew_mean          | -4.57e+04     |
| time/                   |               |
|    fps                  | 101           |
|    iterations           | 627           |
|    time_elapsed         | 12696         |
|    total_timesteps      | 1284096       |
| train/                  |               |
|    approx_kl            | 0.00021784948 |
|    clip_fraction        | 0             |
|    clip_range           | 0.2           |
|    entropy_loss         | -3.06         |
|    explained_variance   | 0             |
|    learning_rate        | 0.0003        |
|    loss                 | 1.93e+07      |
|    n_updates            | 6260          |
|    policy_gradient_loss | -0.000477     |
|    value_loss           | 4.12e+07      |
-------------------------------------------
-------------------------------------------
| rollout/                |               |
|    ep_len_mean          | 100           |
|    ep_rew_mean          | -4.57e+04     |
| time/                   |               |
|    fps                  | 101           |
|    iterations           | 628           |
|    time_elapsed         | 12713         |
|    total_timesteps      | 1286144       |
| train/                  |               |
|    approx_kl            | 0.00017492438 |
|    clip_fraction        | 0             |
|    clip_range           | 0.2           |
|    entropy_loss         | -3.06         |
|    explained_variance   | -1.19e-07     |
|    learning_rate        | 0.0003        |
|    loss                 | 2.03e+07      |
|    n_updates            | 6270          |
|    policy_gradient_loss | -0.00038      |
|    value_loss           | 4.01e+07      |
-------------------------------------------
------------------------------------------
| rollout/                |              |
|    ep_len_mean          | 100          |
|    ep_rew_mean          | -4.54e+04    |
| time/                   |              |
|    fps                  | 101          |
|    iterations           | 629          |
|    time_elapsed         | 12735        |
|    total_timesteps      | 1288192      |
| train/                  |              |
|    approx_kl            | 0.0004704635 |
|    clip_fraction        | 0            |
|    clip_range           | 0.2          |
|    entropy_loss         | -3.06        |
|    explained_variance   | 0            |
|    learning_rate        | 0.0003       |
|    loss                 | 1.98e+07     |
|    n_updates            | 6280         |
|    policy_gradient_loss | -0.000983    |
|    value_loss           | 3.95e+07     |
------------------------------------------
------------------------------------------
| rollout/                |              |
|    ep_len_mean          | 100          |
|    ep_rew_mean          | -4.54e+04    |
| time/                   |              |
|    fps                  | 101          |
|    iterations           | 630          |
|    time_elapsed         | 12755        |
|    total_timesteps      | 1290240      |
| train/                  |              |
|    approx_kl            | 0.0005926551 |
|    clip_fraction        | 0            |
|    clip_range           | 0.2          |
|    entropy_loss         | -3.07        |
|    explained_variance   | -1.19e-07    |
|    learning_rate        | 0.0003       |
|    loss                 | 1.8e+07      |
|    n_updates            | 6290         |
|    policy_gradient_loss | -0.000992    |
|    value_loss           | 4.02e+07     |
------------------------------------------
-------------------------------------------
| rollout/                |               |
|    ep_len_mean          | 100           |
|    ep_rew_mean          | -4.5e+04      |
| time/                   |               |
|    fps                  | 101           |
|    iterations           | 631           |
|    time_elapsed         | 12776         |
|    total_timesteps      | 1292288       |
| train/                  |               |
|    approx_kl            | 0.00014157343 |
|    clip_fraction        | 0             |
|    clip_range           | 0.2           |
|    entropy_loss         | -3.07         |
|    explained_variance   | -1.19e-07     |
|    learning_rate        | 0.0003        |
|    loss                 | 1.92e+07      |
|    n_updates            | 6300          |
|    policy_gradient_loss | -0.000315     |
|    value_loss           | 3.78e+07      |
-------------------------------------------
-------------------------------------------
| rollout/                |               |
|    ep_len_mean          | 100           |
|    ep_rew_mean          | -4.51e+04     |
| time/                   |               |
|    fps                  | 101           |
|    iterations           | 632           |
|    time_elapsed         | 12797         |
|    total_timesteps      | 1294336       |
| train/                  |               |
|    approx_kl            | 0.00022290152 |
|    clip_fraction        | 0             |
|    clip_range           | 0.2           |
|    entropy_loss         | -3.06         |
|    explained_variance   | 0             |
|    learning_rate        | 0.0003        |
|    loss                 | 2.07e+07      |
|    n_updates            | 6310          |
|    policy_gradient_loss | -0.000569     |
|    value_loss           | 3.82e+07      |
-------------------------------------------
-------------------------------------------
| rollout/                |               |
|    ep_len_mean          | 100           |
|    ep_rew_mean          | -4.49e+04     |
| time/                   |               |
|    fps                  | 101           |
|    iterations           | 633           |
|    time_elapsed         | 12817         |
|    total_timesteps      | 1296384       |
| train/                  |               |
|    approx_kl            | 0.00032113088 |
|    clip_fraction        | 0             |
|    clip_range           | 0.2           |
|    entropy_loss         | -3.06         |
|    explained_variance   | -1.19e-07     |
|    learning_rate        | 0.0003        |
|    loss                 | 1.9e+07       |
|    n_updates            | 6320          |
|    policy_gradient_loss | -0.000825     |
|    value_loss           | 4.06e+07      |
-------------------------------------------
-------------------------------------------
| rollout/                |               |
|    ep_len_mean          | 100           |
|    ep_rew_mean          | -4.49e+04     |
| time/                   |               |
|    fps                  | 101           |
|    iterations           | 634           |
|    time_elapsed         | 12838         |
|    total_timesteps      | 1298432       |
| train/                  |               |
|    approx_kl            | 0.00049149536 |
|    clip_fraction        | 0             |
|    clip_range           | 0.2           |
|    entropy_loss         | -3.06         |
|    explained_variance   | 0             |
|    learning_rate        | 0.0003        |
|    loss                 | 1.72e+07      |
|    n_updates            | 6330          |
|    policy_gradient_loss | -0.000675     |
|    value_loss           | 3.75e+07      |
-------------------------------------------
Eval num_timesteps=1300000, episode_reward=-124320.76 +/- 12077.69
Episode length: 100.00 +/- 0.00
-------------------------------------------
| eval/                   |               |
|    mean_ep_length       | 100           |
|    mean_reward          | -1.24e+05     |
| time/                   |               |
|    total_timesteps      | 1300000       |
| train/                  |               |
|    approx_kl            | 0.00021194771 |
|    clip_fraction        | 0             |
|    clip_range           | 0.2           |
|    entropy_loss         | -3.07         |
|    explained_variance   | -1.19e-07     |
|    learning_rate        | 0.0003        |
|    loss                 | 1.95e+07      |
|    n_updates            | 6340          |
|    policy_gradient_loss | -0.000453     |
|    value_loss           | 3.89e+07      |
-------------------------------------------
----------------------------------
| rollout/           |           |
|    ep_len_mean     | 100       |
|    ep_rew_mean     | -4.52e+04 |
| time/              |           |
|    fps             | 100       |
|    iterations      | 635       |
|    time_elapsed    | 12900     |
|    total_timesteps | 1300480   |
----------------------------------
-------------------------------------------
| rollout/                |               |
|    ep_len_mean          | 100           |
|    ep_rew_mean          | -4.53e+04     |
| time/                   |               |
|    fps                  | 100           |
|    iterations           | 636           |
|    time_elapsed         | 12914         |
|    total_timesteps      | 1302528       |
| train/                  |               |
|    approx_kl            | 0.00021111773 |
|    clip_fraction        | 0             |
|    clip_range           | 0.2           |
|    entropy_loss         | -3.07         |
|    explained_variance   | 0             |
|    learning_rate        | 0.0003        |
|    loss                 | 2.13e+07      |
|    n_updates            | 6350          |
|    policy_gradient_loss | -0.00032      |
|    value_loss           | 3.98e+07      |
-------------------------------------------
-------------------------------------------
| rollout/                |               |
|    ep_len_mean          | 100           |
|    ep_rew_mean          | -4.53e+04     |
| time/                   |               |
|    fps                  | 100           |
|    iterations           | 637           |
|    time_elapsed         | 12931         |
|    total_timesteps      | 1304576       |
| train/                  |               |
|    approx_kl            | 0.00048757993 |
|    clip_fraction        | 0             |
|    clip_range           | 0.2           |
|    entropy_loss         | -3.07         |
|    explained_variance   | 0             |
|    learning_rate        | 0.0003        |
|    loss                 | 1.83e+07      |
|    n_updates            | 6360          |
|    policy_gradient_loss | -0.000995     |
|    value_loss           | 3.97e+07      |
-------------------------------------------
------------------------------------------
| rollout/                |              |
|    ep_len_mean          | 100          |
|    ep_rew_mean          | -4.56e+04    |
| time/                   |              |
|    fps                  | 100          |
|    iterations           | 638          |
|    time_elapsed         | 12953        |
|    total_timesteps      | 1306624      |
| train/                  |              |
|    approx_kl            | 0.0003897825 |
|    clip_fraction        | 0            |
|    clip_range           | 0.2          |
|    entropy_loss         | -3.07        |
|    explained_variance   | 0            |
|    learning_rate        | 0.0003       |
|    loss                 | 2.18e+07     |
|    n_updates            | 6370         |
|    policy_gradient_loss | -0.000955    |
|    value_loss           | 3.99e+07     |
------------------------------------------
------------------------------------------
| rollout/                |              |
|    ep_len_mean          | 100          |
|    ep_rew_mean          | -4.53e+04    |
| time/                   |              |
|    fps                  | 100          |
|    iterations           | 639          |
|    time_elapsed         | 12975        |
|    total_timesteps      | 1308672      |
| train/                  |              |
|    approx_kl            | 0.0005194767 |
|    clip_fraction        | 0            |
|    clip_range           | 0.2          |
|    entropy_loss         | -3.07        |
|    explained_variance   | 0            |
|    learning_rate        | 0.0003       |
|    loss                 | 1.86e+07     |
|    n_updates            | 6380         |
|    policy_gradient_loss | -0.000991    |
|    value_loss           | 3.93e+07     |
------------------------------------------
-------------------------------------------
| rollout/                |               |
|    ep_len_mean          | 100           |
|    ep_rew_mean          | -4.52e+04     |
| time/                   |               |
|    fps                  | 100           |
|    iterations           | 640           |
|    time_elapsed         | 12990         |
|    total_timesteps      | 1310720       |
| train/                  |               |
|    approx_kl            | 0.00036263015 |
|    clip_fraction        | 0             |
|    clip_range           | 0.2           |
|    entropy_loss         | -3.07         |
|    explained_variance   | 5.96e-08      |
|    learning_rate        | 0.0003        |
|    loss                 | 1.71e+07      |
|    n_updates            | 6390          |
|    policy_gradient_loss | -0.000814     |
|    value_loss           | 3.84e+07      |
-------------------------------------------
-------------------------------------------
| rollout/                |               |
|    ep_len_mean          | 100           |
|    ep_rew_mean          | -4.51e+04     |
| time/                   |               |
|    fps                  | 100           |
|    iterations           | 641           |
|    time_elapsed         | 13009         |
|    total_timesteps      | 1312768       |
| train/                  |               |
|    approx_kl            | 0.00037433018 |
|    clip_fraction        | 0             |
|    clip_range           | 0.2           |
|    entropy_loss         | -3.06         |
|    explained_variance   | 0             |
|    learning_rate        | 0.0003        |
|    loss                 | 1.69e+07      |
|    n_updates            | 6400          |
|    policy_gradient_loss | -0.000745     |
|    value_loss           | 3.86e+07      |
-------------------------------------------
-------------------------------------------
| rollout/                |               |
|    ep_len_mean          | 100           |
|    ep_rew_mean          | -4.48e+04     |
| time/                   |               |
|    fps                  | 100           |
|    iterations           | 642           |
|    time_elapsed         | 13032         |
|    total_timesteps      | 1314816       |
| train/                  |               |
|    approx_kl            | 0.00033913052 |
|    clip_fraction        | 0             |
|    clip_range           | 0.2           |
|    entropy_loss         | -3.06         |
|    explained_variance   | 0             |
|    learning_rate        | 0.0003        |
|    loss                 | 1.98e+07      |
|    n_updates            | 6410          |
|    policy_gradient_loss | -0.000788     |
|    value_loss           | 3.77e+07      |
-------------------------------------------
------------------------------------------
| rollout/                |              |
|    ep_len_mean          | 100          |
|    ep_rew_mean          | -4.45e+04    |
| time/                   |              |
|    fps                  | 100          |
|    iterations           | 643          |
|    time_elapsed         | 13052        |
|    total_timesteps      | 1316864      |
| train/                  |              |
|    approx_kl            | 0.0002861462 |
|    clip_fraction        | 0            |
|    clip_range           | 0.2          |
|    entropy_loss         | -3.05        |
|    explained_variance   | 0            |
|    learning_rate        | 0.0003       |
|    loss                 | 2.05e+07     |
|    n_updates            | 6420         |
|    policy_gradient_loss | -0.000712    |
|    value_loss           | 3.61e+07     |
------------------------------------------
------------------------------------------
| rollout/                |              |
|    ep_len_mean          | 100          |
|    ep_rew_mean          | -4.47e+04    |
| time/                   |              |
|    fps                  | 100          |
|    iterations           | 644          |
|    time_elapsed         | 13075        |
|    total_timesteps      | 1318912      |
| train/                  |              |
|    approx_kl            | 0.0007288714 |
|    clip_fraction        | 0            |
|    clip_range           | 0.2          |
|    entropy_loss         | -3.05        |
|    explained_variance   | -1.19e-07    |
|    learning_rate        | 0.0003       |
|    loss                 | 1.83e+07     |
|    n_updates            | 6430         |
|    policy_gradient_loss | -0.00157     |
|    value_loss           | 3.85e+07     |
------------------------------------------
-------------------------------------------
| rollout/                |               |
|    ep_len_mean          | 100           |
|    ep_rew_mean          | -4.49e+04     |
| time/                   |               |
|    fps                  | 100           |
|    iterations           | 645           |
|    time_elapsed         | 13095         |
|    total_timesteps      | 1320960       |
| train/                  |               |
|    approx_kl            | 0.00028298458 |
|    clip_fraction        | 0             |
|    clip_range           | 0.2           |
|    entropy_loss         | -3.04         |
|    explained_variance   | -1.19e-07     |
|    learning_rate        | 0.0003        |
|    loss                 | 1.62e+07      |
|    n_updates            | 6440          |
|    policy_gradient_loss | -0.000553     |
|    value_loss           | 3.88e+07      |
-------------------------------------------
-------------------------------------------
| rollout/                |               |
|    ep_len_mean          | 100           |
|    ep_rew_mean          | -4.51e+04     |
| time/                   |               |
|    fps                  | 100           |
|    iterations           | 646           |
|    time_elapsed         | 13118         |
|    total_timesteps      | 1323008       |
| train/                  |               |
|    approx_kl            | 0.00015317579 |
|    clip_fraction        | 0             |
|    clip_range           | 0.2           |
|    entropy_loss         | -3.04         |
|    explained_variance   | -1.19e-07     |
|    learning_rate        | 0.0003        |
|    loss                 | 1.86e+07      |
|    n_updates            | 6450          |
|    policy_gradient_loss | -0.000356     |
|    value_loss           | 3.85e+07      |
-------------------------------------------
-------------------------------------------
| rollout/                |               |
|    ep_len_mean          | 100           |
|    ep_rew_mean          | -4.55e+04     |
| time/                   |               |
|    fps                  | 100           |
|    iterations           | 647           |
|    time_elapsed         | 13138         |
|    total_timesteps      | 1325056       |
| train/                  |               |
|    approx_kl            | 0.00043450753 |
|    clip_fraction        | 0             |
|    clip_range           | 0.2           |
|    entropy_loss         | -3.04         |
|    explained_variance   | 5.96e-08      |
|    learning_rate        | 0.0003        |
|    loss                 | 2.03e+07      |
|    n_updates            | 6460          |
|    policy_gradient_loss | -0.0005       |
|    value_loss           | 3.98e+07      |
-------------------------------------------
-------------------------------------------
| rollout/                |               |
|    ep_len_mean          | 100           |
|    ep_rew_mean          | -4.57e+04     |
| time/                   |               |
|    fps                  | 100           |
|    iterations           | 648           |
|    time_elapsed         | 13162         |
|    total_timesteps      | 1327104       |
| train/                  |               |
|    approx_kl            | 0.00039290971 |
|    clip_fraction        | 0             |
|    clip_range           | 0.2           |
|    entropy_loss         | -3.05         |
|    explained_variance   | 0             |
|    learning_rate        | 0.0003        |
|    loss                 | 1.86e+07      |
|    n_updates            | 6470          |
|    policy_gradient_loss | -0.000894     |
|    value_loss           | 4.03e+07      |
-------------------------------------------
-------------------------------------------
| rollout/                |               |
|    ep_len_mean          | 100           |
|    ep_rew_mean          | -4.57e+04     |
| time/                   |               |
|    fps                  | 100           |
|    iterations           | 649           |
|    time_elapsed         | 13182         |
|    total_timesteps      | 1329152       |
| train/                  |               |
|    approx_kl            | 0.00039389444 |
|    clip_fraction        | 0             |
|    clip_range           | 0.2           |
|    entropy_loss         | -3.05         |
|    explained_variance   | 0             |
|    learning_rate        | 0.0003        |
|    loss                 | 2.2e+07       |
|    n_updates            | 6480          |
|    policy_gradient_loss | -0.000869     |
|    value_loss           | 4.13e+07      |
-------------------------------------------
------------------------------------------
| rollout/                |              |
|    ep_len_mean          | 100          |
|    ep_rew_mean          | -4.58e+04    |
| time/                   |              |
|    fps                  | 100          |
|    iterations           | 650          |
|    time_elapsed         | 13206        |
|    total_timesteps      | 1331200      |
| train/                  |              |
|    approx_kl            | 0.0005937265 |
|    clip_fraction        | 0            |
|    clip_range           | 0.2          |
|    entropy_loss         | -3.04        |
|    explained_variance   | 0            |
|    learning_rate        | 0.0003       |
|    loss                 | 1.91e+07     |
|    n_updates            | 6490         |
|    policy_gradient_loss | -0.00118     |
|    value_loss           | 3.86e+07     |
------------------------------------------
------------------------------------------
| rollout/                |              |
|    ep_len_mean          | 100          |
|    ep_rew_mean          | -4.5e+04     |
| time/                   |              |
|    fps                  | 100          |
|    iterations           | 651          |
|    time_elapsed         | 13222        |
|    total_timesteps      | 1333248      |
| train/                  |              |
|    approx_kl            | 0.0004147426 |
|    clip_fraction        | 0            |
|    clip_range           | 0.2          |
|    entropy_loss         | -3.04        |
|    explained_variance   | 5.96e-08     |
|    learning_rate        | 0.0003       |
|    loss                 | 2.08e+07     |
|    n_updates            | 6500         |
|    policy_gradient_loss | -0.000518    |
|    value_loss           | 3.99e+07     |
------------------------------------------
-------------------------------------------
| rollout/                |               |
|    ep_len_mean          | 100           |
|    ep_rew_mean          | -4.45e+04     |
| time/                   |               |
|    fps                  | 100           |
|    iterations           | 652           |
|    time_elapsed         | 13245         |
|    total_timesteps      | 1335296       |
| train/                  |               |
|    approx_kl            | 0.00030778613 |
|    clip_fraction        | 0             |
|    clip_range           | 0.2           |
|    entropy_loss         | -3.05         |
|    explained_variance   | 5.96e-08      |
|    learning_rate        | 0.0003        |
|    loss                 | 1.73e+07      |
|    n_updates            | 6510          |
|    policy_gradient_loss | -0.000314     |
|    value_loss           | 3.43e+07      |
-------------------------------------------
-------------------------------------------
| rollout/                |               |
|    ep_len_mean          | 100           |
|    ep_rew_mean          | -4.41e+04     |
| time/                   |               |
|    fps                  | 100           |
|    iterations           | 653           |
|    time_elapsed         | 13265         |
|    total_timesteps      | 1337344       |
| train/                  |               |
|    approx_kl            | 0.00057663565 |
|    clip_fraction        | 0             |
|    clip_range           | 0.2           |
|    entropy_loss         | -3.06         |
|    explained_variance   | 1.19e-07      |
|    learning_rate        | 0.0003        |
|    loss                 | 1.84e+07      |
|    n_updates            | 6520          |
|    policy_gradient_loss | -0.00092      |
|    value_loss           | 3.72e+07      |
-------------------------------------------
------------------------------------------
| rollout/                |              |
|    ep_len_mean          | 100          |
|    ep_rew_mean          | -4.43e+04    |
| time/                   |              |
|    fps                  | 100          |
|    iterations           | 654          |
|    time_elapsed         | 13288        |
|    total_timesteps      | 1339392      |
| train/                  |              |
|    approx_kl            | 0.0005769469 |
|    clip_fraction        | 0            |
|    clip_range           | 0.2          |
|    entropy_loss         | -3.07        |
|    explained_variance   | 0            |
|    learning_rate        | 0.0003       |
|    loss                 | 1.7e+07      |
|    n_updates            | 6530         |
|    policy_gradient_loss | -0.001       |
|    value_loss           | 3.7e+07      |
------------------------------------------
----------------------------------------
| rollout/                |            |
|    ep_len_mean          | 100        |
|    ep_rew_mean          | -4.45e+04  |
| time/                   |            |
|    fps                  | 100        |
|    iterations           | 655        |
|    time_elapsed         | 13309      |
|    total_timesteps      | 1341440    |
| train/                  |            |
|    approx_kl            | 0.00024048 |
|    clip_fraction        | 0          |
|    clip_range           | 0.2        |
|    entropy_loss         | -3.07      |
|    explained_variance   | -1.19e-07  |
|    learning_rate        | 0.0003     |
|    loss                 | 1.94e+07   |
|    n_updates            | 6540       |
|    policy_gradient_loss | -0.000445  |
|    value_loss           | 4.04e+07   |
----------------------------------------
------------------------------------------
| rollout/                |              |
|    ep_len_mean          | 100          |
|    ep_rew_mean          | -4.5e+04     |
| time/                   |              |
|    fps                  | 100          |
|    iterations           | 656          |
|    time_elapsed         | 13331        |
|    total_timesteps      | 1343488      |
| train/                  |              |
|    approx_kl            | 0.0011206471 |
|    clip_fraction        | 0            |
|    clip_range           | 0.2          |
|    entropy_loss         | -3.07        |
|    explained_variance   | 0            |
|    learning_rate        | 0.0003       |
|    loss                 | 1.89e+07     |
|    n_updates            | 6550         |
|    policy_gradient_loss | -0.002       |
|    value_loss           | 3.98e+07     |
------------------------------------------
-------------------------------------------
| rollout/                |               |
|    ep_len_mean          | 100           |
|    ep_rew_mean          | -4.53e+04     |
| time/                   |               |
|    fps                  | 100           |
|    iterations           | 657           |
|    time_elapsed         | 13352         |
|    total_timesteps      | 1345536       |
| train/                  |               |
|    approx_kl            | 0.00016693005 |
|    clip_fraction        | 0             |
|    clip_range           | 0.2           |
|    entropy_loss         | -3.07         |
|    explained_variance   | -1.19e-07     |
|    learning_rate        | 0.0003        |
|    loss                 | 2.1e+07       |
|    n_updates            | 6560          |
|    policy_gradient_loss | -0.000353     |
|    value_loss           | 4.13e+07      |
-------------------------------------------
-------------------------------------------
| rollout/                |               |
|    ep_len_mean          | 100           |
|    ep_rew_mean          | -4.57e+04     |
| time/                   |               |
|    fps                  | 100           |
|    iterations           | 658           |
|    time_elapsed         | 13373         |
|    total_timesteps      | 1347584       |
| train/                  |               |
|    approx_kl            | 0.00026968447 |
|    clip_fraction        | 0             |
|    clip_range           | 0.2           |
|    entropy_loss         | -3.07         |
|    explained_variance   | 0             |
|    learning_rate        | 0.0003        |
|    loss                 | 1.82e+07      |
|    n_updates            | 6570          |
|    policy_gradient_loss | -0.000608     |
|    value_loss           | 3.72e+07      |
-------------------------------------------
-------------------------------------------
| rollout/                |               |
|    ep_len_mean          | 100           |
|    ep_rew_mean          | -4.56e+04     |
| time/                   |               |
|    fps                  | 100           |
|    iterations           | 659           |
|    time_elapsed         | 13396         |
|    total_timesteps      | 1349632       |
| train/                  |               |
|    approx_kl            | 0.00015153296 |
|    clip_fraction        | 0             |
|    clip_range           | 0.2           |
|    entropy_loss         | -3.07         |
|    explained_variance   | 0             |
|    learning_rate        | 0.0003        |
|    loss                 | 1.94e+07      |
|    n_updates            | 6580          |
|    policy_gradient_loss | -0.000451     |
|    value_loss           | 3.95e+07      |
-------------------------------------------
Eval num_timesteps=1350000, episode_reward=-132117.22 +/- 8399.79
Episode length: 100.00 +/- 0.00
-------------------------------------------
| eval/                   |               |
|    mean_ep_length       | 100           |
|    mean_reward          | -1.32e+05     |
| time/                   |               |
|    total_timesteps      | 1350000       |
| train/                  |               |
|    approx_kl            | 0.00029400765 |
|    clip_fraction        | 0             |
|    clip_range           | 0.2           |
|    entropy_loss         | -3.07         |
|    explained_variance   | 0             |
|    learning_rate        | 0.0003        |
|    loss                 | 1.92e+07      |
|    n_updates            | 6590          |
|    policy_gradient_loss | -0.000586     |
|    value_loss           | 3.96e+07      |
-------------------------------------------
----------------------------------
| rollout/           |           |
|    ep_len_mean     | 100       |
|    ep_rew_mean     | -4.57e+04 |
| time/              |           |
|    fps             | 100       |
|    iterations      | 660       |
|    time_elapsed    | 13450     |
|    total_timesteps | 1351680   |
----------------------------------
------------------------------------------
| rollout/                |              |
|    ep_len_mean          | 100          |
|    ep_rew_mean          | -4.56e+04    |
| time/                   |              |
|    fps                  | 100          |
|    iterations           | 661          |
|    time_elapsed         | 13469        |
|    total_timesteps      | 1353728      |
| train/                  |              |
|    approx_kl            | 0.0004888863 |
|    clip_fraction        | 0            |
|    clip_range           | 0.2          |
|    entropy_loss         | -3.07        |
|    explained_variance   | -1.19e-07    |
|    learning_rate        | 0.0003       |
|    loss                 | 1.98e+07     |
|    n_updates            | 6600         |
|    policy_gradient_loss | -0.000879    |
|    value_loss           | 4.16e+07     |
------------------------------------------
-------------------------------------------
| rollout/                |               |
|    ep_len_mean          | 100           |
|    ep_rew_mean          | -4.57e+04     |
| time/                   |               |
|    fps                  | 100           |
|    iterations           | 662           |
|    time_elapsed         | 13486         |
|    total_timesteps      | 1355776       |
| train/                  |               |
|    approx_kl            | 0.00041613446 |
|    clip_fraction        | 0             |
|    clip_range           | 0.2           |
|    entropy_loss         | -3.07         |
|    explained_variance   | 0             |
|    learning_rate        | 0.0003        |
|    loss                 | 1.81e+07      |
|    n_updates            | 6610          |
|    policy_gradient_loss | -0.000913     |
|    value_loss           | 3.87e+07      |
-------------------------------------------
------------------------------------------
| rollout/                |              |
|    ep_len_mean          | 100          |
|    ep_rew_mean          | -4.56e+04    |
| time/                   |              |
|    fps                  | 100          |
|    iterations           | 663          |
|    time_elapsed         | 13507        |
|    total_timesteps      | 1357824      |
| train/                  |              |
|    approx_kl            | 0.0003594885 |
|    clip_fraction        | 0            |
|    clip_range           | 0.2          |
|    entropy_loss         | -3.07        |
|    explained_variance   | -1.19e-07    |
|    learning_rate        | 0.0003       |
|    loss                 | 2.04e+07     |
|    n_updates            | 6620         |
|    policy_gradient_loss | -0.000624    |
|    value_loss           | 3.94e+07     |
------------------------------------------
-------------------------------------------
| rollout/                |               |
|    ep_len_mean          | 100           |
|    ep_rew_mean          | -4.55e+04     |
| time/                   |               |
|    fps                  | 100           |
|    iterations           | 664           |
|    time_elapsed         | 13523         |
|    total_timesteps      | 1359872       |
| train/                  |               |
|    approx_kl            | 0.00055018545 |
|    clip_fraction        | 0             |
|    clip_range           | 0.2           |
|    entropy_loss         | -3.07         |
|    explained_variance   | 5.96e-08      |
|    learning_rate        | 0.0003        |
|    loss                 | 1.82e+07      |
|    n_updates            | 6630          |
|    policy_gradient_loss | -0.00117      |
|    value_loss           | 3.68e+07      |
-------------------------------------------
-------------------------------------------
| rollout/                |               |
|    ep_len_mean          | 100           |
|    ep_rew_mean          | -4.49e+04     |
| time/                   |               |
|    fps                  | 100           |
|    iterations           | 665           |
|    time_elapsed         | 13539         |
|    total_timesteps      | 1361920       |
| train/                  |               |
|    approx_kl            | 0.00017336317 |
|    clip_fraction        | 0             |
|    clip_range           | 0.2           |
|    entropy_loss         | -3.07         |
|    explained_variance   | 0             |
|    learning_rate        | 0.0003        |
|    loss                 | 2.06e+07      |
|    n_updates            | 6640          |
|    policy_gradient_loss | -0.000278     |
|    value_loss           | 3.92e+07      |
-------------------------------------------
-------------------------------------------
| rollout/                |               |
|    ep_len_mean          | 100           |
|    ep_rew_mean          | -4.44e+04     |
| time/                   |               |
|    fps                  | 100           |
|    iterations           | 666           |
|    time_elapsed         | 13553         |
|    total_timesteps      | 1363968       |
| train/                  |               |
|    approx_kl            | 0.00022300106 |
|    clip_fraction        | 0             |
|    clip_range           | 0.2           |
|    entropy_loss         | -3.08         |
|    explained_variance   | 1.19e-07      |
|    learning_rate        | 0.0003        |
|    loss                 | 1.83e+07      |
|    n_updates            | 6650          |
|    policy_gradient_loss | -0.000294     |
|    value_loss           | 3.57e+07      |
-------------------------------------------
-------------------------------------------
| rollout/                |               |
|    ep_len_mean          | 100           |
|    ep_rew_mean          | -4.43e+04     |
| time/                   |               |
|    fps                  | 100           |
|    iterations           | 667           |
|    time_elapsed         | 13570         |
|    total_timesteps      | 1366016       |
| train/                  |               |
|    approx_kl            | 0.00040319905 |
|    clip_fraction        | 0             |
|    clip_range           | 0.2           |
|    entropy_loss         | -3.08         |
|    explained_variance   | -1.19e-07     |
|    learning_rate        | 0.0003        |
|    loss                 | 1.78e+07      |
|    n_updates            | 6660          |
|    policy_gradient_loss | -0.000775     |
|    value_loss           | 3.45e+07      |
-------------------------------------------
------------------------------------------
| rollout/                |              |
|    ep_len_mean          | 100          |
|    ep_rew_mean          | -4.48e+04    |
| time/                   |              |
|    fps                  | 100          |
|    iterations           | 668          |
|    time_elapsed         | 13590        |
|    total_timesteps      | 1368064      |
| train/                  |              |
|    approx_kl            | 0.0001701721 |
|    clip_fraction        | 0            |
|    clip_range           | 0.2          |
|    entropy_loss         | -3.08        |
|    explained_variance   | -1.19e-07    |
|    learning_rate        | 0.0003       |
|    loss                 | 1.86e+07     |
|    n_updates            | 6670         |
|    policy_gradient_loss | -0.000395    |
|    value_loss           | 3.8e+07      |
------------------------------------------
------------------------------------------
| rollout/                |              |
|    ep_len_mean          | 100          |
|    ep_rew_mean          | -4.48e+04    |
| time/                   |              |
|    fps                  | 100          |
|    iterations           | 669          |
|    time_elapsed         | 13611        |
|    total_timesteps      | 1370112      |
| train/                  |              |
|    approx_kl            | 0.0005442378 |
|    clip_fraction        | 0            |
|    clip_range           | 0.2          |
|    entropy_loss         | -3.08        |
|    explained_variance   | 1.19e-07     |
|    learning_rate        | 0.0003       |
|    loss                 | 2.21e+07     |
|    n_updates            | 6680         |
|    policy_gradient_loss | -0.00105     |
|    value_loss           | 4.17e+07     |
------------------------------------------
-------------------------------------------
| rollout/                |               |
|    ep_len_mean          | 100           |
|    ep_rew_mean          | -4.48e+04     |
| time/                   |               |
|    fps                  | 100           |
|    iterations           | 670           |
|    time_elapsed         | 13633         |
|    total_timesteps      | 1372160       |
| train/                  |               |
|    approx_kl            | 0.00024009362 |
|    clip_fraction        | 0             |
|    clip_range           | 0.2           |
|    entropy_loss         | -3.08         |
|    explained_variance   | -1.19e-07     |
|    learning_rate        | 0.0003        |
|    loss                 | 1.73e+07      |
|    n_updates            | 6690          |
|    policy_gradient_loss | -0.000601     |
|    value_loss           | 3.81e+07      |
-------------------------------------------
-------------------------------------------
| rollout/                |               |
|    ep_len_mean          | 100           |
|    ep_rew_mean          | -4.5e+04      |
| time/                   |               |
|    fps                  | 100           |
|    iterations           | 671           |
|    time_elapsed         | 13653         |
|    total_timesteps      | 1374208       |
| train/                  |               |
|    approx_kl            | 0.00010008566 |
|    clip_fraction        | 0             |
|    clip_range           | 0.2           |
|    entropy_loss         | -3.08         |
|    explained_variance   | 0             |
|    learning_rate        | 0.0003        |
|    loss                 | 1.92e+07      |
|    n_updates            | 6700          |
|    policy_gradient_loss | -0.00027      |
|    value_loss           | 3.74e+07      |
-------------------------------------------
------------------------------------------
| rollout/                |              |
|    ep_len_mean          | 100          |
|    ep_rew_mean          | -4.48e+04    |
| time/                   |              |
|    fps                  | 100          |
|    iterations           | 672          |
|    time_elapsed         | 13674        |
|    total_timesteps      | 1376256      |
| train/                  |              |
|    approx_kl            | 0.0006644796 |
|    clip_fraction        | 0            |
|    clip_range           | 0.2          |
|    entropy_loss         | -3.08        |
|    explained_variance   | 0            |
|    learning_rate        | 0.0003       |
|    loss                 | 1.76e+07     |
|    n_updates            | 6710         |
|    policy_gradient_loss | -0.00124     |
|    value_loss           | 3.53e+07     |
------------------------------------------
-------------------------------------------
| rollout/                |               |
|    ep_len_mean          | 100           |
|    ep_rew_mean          | -4.47e+04     |
| time/                   |               |
|    fps                  | 100           |
|    iterations           | 673           |
|    time_elapsed         | 13693         |
|    total_timesteps      | 1378304       |
| train/                  |               |
|    approx_kl            | 0.00037576893 |
|    clip_fraction        | 0             |
|    clip_range           | 0.2           |
|    entropy_loss         | -3.08         |
|    explained_variance   | 0             |
|    learning_rate        | 0.0003        |
|    loss                 | 1.79e+07      |
|    n_updates            | 6720          |
|    policy_gradient_loss | -0.000802     |
|    value_loss           | 3.82e+07      |
-------------------------------------------
------------------------------------------
| rollout/                |              |
|    ep_len_mean          | 100          |
|    ep_rew_mean          | -4.52e+04    |
| time/                   |              |
|    fps                  | 100          |
|    iterations           | 674          |
|    time_elapsed         | 13713        |
|    total_timesteps      | 1380352      |
| train/                  |              |
|    approx_kl            | 0.0005395057 |
|    clip_fraction        | 0            |
|    clip_range           | 0.2          |
|    entropy_loss         | -3.07        |
|    explained_variance   | 0            |
|    learning_rate        | 0.0003       |
|    loss                 | 1.83e+07     |
|    n_updates            | 6730         |
|    policy_gradient_loss | -0.00144     |
|    value_loss           | 3.98e+07     |
------------------------------------------
------------------------------------------
| rollout/                |              |
|    ep_len_mean          | 100          |
|    ep_rew_mean          | -4.53e+04    |
| time/                   |              |
|    fps                  | 100          |
|    iterations           | 675          |
|    time_elapsed         | 13729        |
|    total_timesteps      | 1382400      |
| train/                  |              |
|    approx_kl            | 0.0013624853 |
|    clip_fraction        | 0            |
|    clip_range           | 0.2          |
|    entropy_loss         | -3.08        |
|    explained_variance   | 0            |
|    learning_rate        | 0.0003       |
|    loss                 | 2.36e+07     |
|    n_updates            | 6740         |
|    policy_gradient_loss | -0.00214     |
|    value_loss           | 4.27e+07     |
------------------------------------------
-------------------------------------------
| rollout/                |               |
|    ep_len_mean          | 100           |
|    ep_rew_mean          | -4.55e+04     |
| time/                   |               |
|    fps                  | 100           |
|    iterations           | 676           |
|    time_elapsed         | 13748         |
|    total_timesteps      | 1384448       |
| train/                  |               |
|    approx_kl            | 0.00037501391 |
|    clip_fraction        | 0             |
|    clip_range           | 0.2           |
|    entropy_loss         | -3.09         |
|    explained_variance   | 0             |
|    learning_rate        | 0.0003        |
|    loss                 | 1.81e+07      |
|    n_updates            | 6750          |
|    policy_gradient_loss | -0.000839     |
|    value_loss           | 3.72e+07      |
-------------------------------------------
------------------------------------------
| rollout/                |              |
|    ep_len_mean          | 100          |
|    ep_rew_mean          | -4.53e+04    |
| time/                   |              |
|    fps                  | 100          |
|    iterations           | 677          |
|    time_elapsed         | 13767        |
|    total_timesteps      | 1386496      |
| train/                  |              |
|    approx_kl            | 0.0003353294 |
|    clip_fraction        | 0            |
|    clip_range           | 0.2          |
|    entropy_loss         | -3.08        |
|    explained_variance   | 0            |
|    learning_rate        | 0.0003       |
|    loss                 | 1.99e+07     |
|    n_updates            | 6760         |
|    policy_gradient_loss | -0.000874    |
|    value_loss           | 3.86e+07     |
------------------------------------------
-------------------------------------------
| rollout/                |               |
|    ep_len_mean          | 100           |
|    ep_rew_mean          | -4.56e+04     |
| time/                   |               |
|    fps                  | 100           |
|    iterations           | 678           |
|    time_elapsed         | 13789         |
|    total_timesteps      | 1388544       |
| train/                  |               |
|    approx_kl            | 0.00014547454 |
|    clip_fraction        | 0             |
|    clip_range           | 0.2           |
|    entropy_loss         | -3.08         |
|    explained_variance   | 5.96e-08      |
|    learning_rate        | 0.0003        |
|    loss                 | 1.63e+07      |
|    n_updates            | 6770          |
|    policy_gradient_loss | -0.00047      |
|    value_loss           | 3.57e+07      |
-------------------------------------------
-------------------------------------------
| rollout/                |               |
|    ep_len_mean          | 100           |
|    ep_rew_mean          | -4.52e+04     |
| time/                   |               |
|    fps                  | 100           |
|    iterations           | 679           |
|    time_elapsed         | 13805         |
|    total_timesteps      | 1390592       |
| train/                  |               |
|    approx_kl            | 0.00035297652 |
|    clip_fraction        | 0             |
|    clip_range           | 0.2           |
|    entropy_loss         | -3.08         |
|    explained_variance   | 0             |
|    learning_rate        | 0.0003        |
|    loss                 | 2.06e+07      |
|    n_updates            | 6780          |
|    policy_gradient_loss | -0.00079      |
|    value_loss           | 4.19e+07      |
-------------------------------------------
-------------------------------------------
| rollout/                |               |
|    ep_len_mean          | 100           |
|    ep_rew_mean          | -4.52e+04     |
| time/                   |               |
|    fps                  | 100           |
|    iterations           | 680           |
|    time_elapsed         | 13827         |
|    total_timesteps      | 1392640       |
| train/                  |               |
|    approx_kl            | 0.00040250475 |
|    clip_fraction        | 0             |
|    clip_range           | 0.2           |
|    entropy_loss         | -3.08         |
|    explained_variance   | -1.19e-07     |
|    learning_rate        | 0.0003        |
|    loss                 | 1.94e+07      |
|    n_updates            | 6790          |
|    policy_gradient_loss | -0.000645     |
|    value_loss           | 3.92e+07      |
-------------------------------------------
-------------------------------------------
| rollout/                |               |
|    ep_len_mean          | 100           |
|    ep_rew_mean          | -4.5e+04      |
| time/                   |               |
|    fps                  | 100           |
|    iterations           | 681           |
|    time_elapsed         | 13846         |
|    total_timesteps      | 1394688       |
| train/                  |               |
|    approx_kl            | 0.00012714614 |
|    clip_fraction        | 0             |
|    clip_range           | 0.2           |
|    entropy_loss         | -3.08         |
|    explained_variance   | 0             |
|    learning_rate        | 0.0003        |
|    loss                 | 1.76e+07      |
|    n_updates            | 6800          |
|    policy_gradient_loss | -0.000177     |
|    value_loss           | 3.52e+07      |
-------------------------------------------
-------------------------------------------
| rollout/                |               |
|    ep_len_mean          | 100           |
|    ep_rew_mean          | -4.53e+04     |
| time/                   |               |
|    fps                  | 100           |
|    iterations           | 682           |
|    time_elapsed         | 13864         |
|    total_timesteps      | 1396736       |
| train/                  |               |
|    approx_kl            | 0.00044743653 |
|    clip_fraction        | 0             |
|    clip_range           | 0.2           |
|    entropy_loss         | -3.08         |
|    explained_variance   | 0             |
|    learning_rate        | 0.0003        |
|    loss                 | 1.9e+07       |
|    n_updates            | 6810          |
|    policy_gradient_loss | -0.00115      |
|    value_loss           | 3.76e+07      |
-------------------------------------------
-------------------------------------------
| rollout/                |               |
|    ep_len_mean          | 100           |
|    ep_rew_mean          | -4.52e+04     |
| time/                   |               |
|    fps                  | 100           |
|    iterations           | 683           |
|    time_elapsed         | 13884         |
|    total_timesteps      | 1398784       |
| train/                  |               |
|    approx_kl            | 0.00032341745 |
|    clip_fraction        | 0             |
|    clip_range           | 0.2           |
|    entropy_loss         | -3.08         |
|    explained_variance   | 0             |
|    learning_rate        | 0.0003        |
|    loss                 | 2.03e+07      |
|    n_updates            | 6820          |
|    policy_gradient_loss | -0.000733     |
|    value_loss           | 3.74e+07      |
-------------------------------------------
Eval num_timesteps=1400000, episode_reward=-127386.50 +/- 9508.12
Episode length: 100.00 +/- 0.00
-------------------------------------------
| eval/                   |               |
|    mean_ep_length       | 100           |
|    mean_reward          | -1.27e+05     |
| time/                   |               |
|    total_timesteps      | 1400000       |
| train/                  |               |
|    approx_kl            | 0.00012785633 |
|    clip_fraction        | 0             |
|    clip_range           | 0.2           |
|    entropy_loss         | -3.08         |
|    explained_variance   | 0             |
|    learning_rate        | 0.0003        |
|    loss                 | 1.76e+07      |
|    n_updates            | 6830          |
|    policy_gradient_loss | -0.000274     |
|    value_loss           | 3.8e+07       |
-------------------------------------------
---------------------------------
| rollout/           |          |
|    ep_len_mean     | 100      |
|    ep_rew_mean     | -4.5e+04 |
| time/              |          |
|    fps             | 100      |
|    iterations      | 684      |
|    time_elapsed    | 13946    |
|    total_timesteps | 1400832  |
---------------------------------
-------------------------------------------
| rollout/                |               |
|    ep_len_mean          | 100           |
|    ep_rew_mean          | -4.52e+04     |
| time/                   |               |
|    fps                  | 100           |
|    iterations           | 685           |
|    time_elapsed         | 13960         |
|    total_timesteps      | 1402880       |
| train/                  |               |
|    approx_kl            | 0.00047773865 |
|    clip_fraction        | 0             |
|    clip_range           | 0.2           |
|    entropy_loss         | -3.08         |
|    explained_variance   | 0             |
|    learning_rate        | 0.0003        |
|    loss                 | 1.64e+07      |
|    n_updates            | 6840          |
|    policy_gradient_loss | -0.000943     |
|    value_loss           | 3.74e+07      |
-------------------------------------------
------------------------------------------
| rollout/                |              |
|    ep_len_mean          | 100          |
|    ep_rew_mean          | -4.5e+04     |
| time/                   |              |
|    fps                  | 100          |
|    iterations           | 686          |
|    time_elapsed         | 13980        |
|    total_timesteps      | 1404928      |
| train/                  |              |
|    approx_kl            | 0.0002670516 |
|    clip_fraction        | 0            |
|    clip_range           | 0.2          |
|    entropy_loss         | -3.08        |
|    explained_variance   | -1.19e-07    |
|    learning_rate        | 0.0003       |
|    loss                 | 2e+07        |
|    n_updates            | 6850         |
|    policy_gradient_loss | -0.000617    |
|    value_loss           | 3.85e+07     |
------------------------------------------
-------------------------------------------
| rollout/                |               |
|    ep_len_mean          | 100           |
|    ep_rew_mean          | -4.46e+04     |
| time/                   |               |
|    fps                  | 100           |
|    iterations           | 687           |
|    time_elapsed         | 14002         |
|    total_timesteps      | 1406976       |
| train/                  |               |
|    approx_kl            | 0.00019495332 |
|    clip_fraction        | 0             |
|    clip_range           | 0.2           |
|    entropy_loss         | -3.08         |
|    explained_variance   | 0             |
|    learning_rate        | 0.0003        |
|    loss                 | 1.81e+07      |
|    n_updates            | 6860          |
|    policy_gradient_loss | -0.000248     |
|    value_loss           | 3.58e+07      |
-------------------------------------------
-------------------------------------------
| rollout/                |               |
|    ep_len_mean          | 100           |
|    ep_rew_mean          | -4.45e+04     |
| time/                   |               |
|    fps                  | 100           |
|    iterations           | 688           |
|    time_elapsed         | 14022         |
|    total_timesteps      | 1409024       |
| train/                  |               |
|    approx_kl            | 0.00027149438 |
|    clip_fraction        | 0             |
|    clip_range           | 0.2           |
|    entropy_loss         | -3.08         |
|    explained_variance   | 0             |
|    learning_rate        | 0.0003        |
|    loss                 | 1.78e+07      |
|    n_updates            | 6870          |
|    policy_gradient_loss | -0.000551     |
|    value_loss           | 3.72e+07      |
-------------------------------------------
-------------------------------------------
| rollout/                |               |
|    ep_len_mean          | 100           |
|    ep_rew_mean          | -4.49e+04     |
| time/                   |               |
|    fps                  | 100           |
|    iterations           | 689           |
|    time_elapsed         | 14043         |
|    total_timesteps      | 1411072       |
| train/                  |               |
|    approx_kl            | 0.00015338266 |
|    clip_fraction        | 0             |
|    clip_range           | 0.2           |
|    entropy_loss         | -3.08         |
|    explained_variance   | 0             |
|    learning_rate        | 0.0003        |
|    loss                 | 1.88e+07      |
|    n_updates            | 6880          |
|    policy_gradient_loss | -0.000125     |
|    value_loss           | 3.58e+07      |
-------------------------------------------
-------------------------------------------
| rollout/                |               |
|    ep_len_mean          | 100           |
|    ep_rew_mean          | -4.5e+04      |
| time/                   |               |
|    fps                  | 100           |
|    iterations           | 690           |
|    time_elapsed         | 14062         |
|    total_timesteps      | 1413120       |
| train/                  |               |
|    approx_kl            | 0.00039616364 |
|    clip_fraction        | 0             |
|    clip_range           | 0.2           |
|    entropy_loss         | -3.08         |
|    explained_variance   | 0             |
|    learning_rate        | 0.0003        |
|    loss                 | 2.2e+07       |
|    n_updates            | 6890          |
|    policy_gradient_loss | -0.000569     |
|    value_loss           | 4.24e+07      |
-------------------------------------------
-------------------------------------------
| rollout/                |               |
|    ep_len_mean          | 100           |
|    ep_rew_mean          | -4.51e+04     |
| time/                   |               |
|    fps                  | 100           |
|    iterations           | 691           |
|    time_elapsed         | 14084         |
|    total_timesteps      | 1415168       |
| train/                  |               |
|    approx_kl            | 0.00047941203 |
|    clip_fraction        | 0             |
|    clip_range           | 0.2           |
|    entropy_loss         | -3.08         |
|    explained_variance   | 5.96e-08      |
|    learning_rate        | 0.0003        |
|    loss                 | 2.1e+07       |
|    n_updates            | 6900          |
|    policy_gradient_loss | -0.001        |
|    value_loss           | 3.84e+07      |
-------------------------------------------
-------------------------------------------
| rollout/                |               |
|    ep_len_mean          | 100           |
|    ep_rew_mean          | -4.55e+04     |
| time/                   |               |
|    fps                  | 100           |
|    iterations           | 692           |
|    time_elapsed         | 14097         |
|    total_timesteps      | 1417216       |
| train/                  |               |
|    approx_kl            | 0.00040275013 |
|    clip_fraction        | 0             |
|    clip_range           | 0.2           |
|    entropy_loss         | -3.08         |
|    explained_variance   | 0             |
|    learning_rate        | 0.0003        |
|    loss                 | 2.1e+07       |
|    n_updates            | 6910          |
|    policy_gradient_loss | -0.000836     |
|    value_loss           | 3.93e+07      |
-------------------------------------------
------------------------------------------
| rollout/                |              |
|    ep_len_mean          | 100          |
|    ep_rew_mean          | -4.57e+04    |
| time/                   |              |
|    fps                  | 100          |
|    iterations           | 693          |
|    time_elapsed         | 14118        |
|    total_timesteps      | 1419264      |
| train/                  |              |
|    approx_kl            | 0.0003901291 |
|    clip_fraction        | 0            |
|    clip_range           | 0.2          |
|    entropy_loss         | -3.08        |
|    explained_variance   | 0            |
|    learning_rate        | 0.0003       |
|    loss                 | 1.95e+07     |
|    n_updates            | 6920         |
|    policy_gradient_loss | -0.000852    |
|    value_loss           | 3.92e+07     |
------------------------------------------
-------------------------------------------
| rollout/                |               |
|    ep_len_mean          | 100           |
|    ep_rew_mean          | -4.57e+04     |
| time/                   |               |
|    fps                  | 100           |
|    iterations           | 694           |
|    time_elapsed         | 14139         |
|    total_timesteps      | 1421312       |
| train/                  |               |
|    approx_kl            | 0.00019950164 |
|    clip_fraction        | 0             |
|    clip_range           | 0.2           |
|    entropy_loss         | -3.08         |
|    explained_variance   | 1.79e-07      |
|    learning_rate        | 0.0003        |
|    loss                 | 1.9e+07       |
|    n_updates            | 6930          |
|    policy_gradient_loss | -0.000504     |
|    value_loss           | 3.79e+07      |
-------------------------------------------
------------------------------------------
| rollout/                |              |
|    ep_len_mean          | 100          |
|    ep_rew_mean          | -4.57e+04    |
| time/                   |              |
|    fps                  | 100          |
|    iterations           | 695          |
|    time_elapsed         | 14161        |
|    total_timesteps      | 1423360      |
| train/                  |              |
|    approx_kl            | 0.0001803877 |
|    clip_fraction        | 0            |
|    clip_range           | 0.2          |
|    entropy_loss         | -3.08        |
|    explained_variance   | 0            |
|    learning_rate        | 0.0003       |
|    loss                 | 2.13e+07     |
|    n_updates            | 6940         |
|    policy_gradient_loss | -0.000409    |
|    value_loss           | 4.17e+07     |
------------------------------------------
-------------------------------------------
| rollout/                |               |
|    ep_len_mean          | 100           |
|    ep_rew_mean          | -4.57e+04     |
| time/                   |               |
|    fps                  | 100           |
|    iterations           | 696           |
|    time_elapsed         | 14175         |
|    total_timesteps      | 1425408       |
| train/                  |               |
|    approx_kl            | 0.00029611553 |
|    clip_fraction        | 0             |
|    clip_range           | 0.2           |
|    entropy_loss         | -3.08         |
|    explained_variance   | -1.19e-07     |
|    learning_rate        | 0.0003        |
|    loss                 | 1.83e+07      |
|    n_updates            | 6950          |
|    policy_gradient_loss | -0.000726     |
|    value_loss           | 3.85e+07      |
-------------------------------------------
------------------------------------------
| rollout/                |              |
|    ep_len_mean          | 100          |
|    ep_rew_mean          | -4.55e+04    |
| time/                   |              |
|    fps                  | 100          |
|    iterations           | 697          |
|    time_elapsed         | 14188        |
|    total_timesteps      | 1427456      |
| train/                  |              |
|    approx_kl            | 0.0005095129 |
|    clip_fraction        | 0            |
|    clip_range           | 0.2          |
|    entropy_loss         | -3.07        |
|    explained_variance   | 0            |
|    learning_rate        | 0.0003       |
|    loss                 | 1.9e+07      |
|    n_updates            | 6960         |
|    policy_gradient_loss | -0.00107     |
|    value_loss           | 3.63e+07     |
------------------------------------------
-------------------------------------------
| rollout/                |               |
|    ep_len_mean          | 100           |
|    ep_rew_mean          | -4.54e+04     |
| time/                   |               |
|    fps                  | 100           |
|    iterations           | 698           |
|    time_elapsed         | 14207         |
|    total_timesteps      | 1429504       |
| train/                  |               |
|    approx_kl            | 0.00042612653 |
|    clip_fraction        | 0             |
|    clip_range           | 0.2           |
|    entropy_loss         | -3.07         |
|    explained_variance   | 0             |
|    learning_rate        | 0.0003        |
|    loss                 | 1.8e+07       |
|    n_updates            | 6970          |
|    policy_gradient_loss | -0.000914     |
|    value_loss           | 3.91e+07      |
-------------------------------------------
-------------------------------------------
| rollout/                |               |
|    ep_len_mean          | 100           |
|    ep_rew_mean          | -4.53e+04     |
| time/                   |               |
|    fps                  | 100           |
|    iterations           | 699           |
|    time_elapsed         | 14227         |
|    total_timesteps      | 1431552       |
| train/                  |               |
|    approx_kl            | 0.00010858948 |
|    clip_fraction        | 0             |
|    clip_range           | 0.2           |
|    entropy_loss         | -3.07         |
|    explained_variance   | -1.19e-07     |
|    learning_rate        | 0.0003        |
|    loss                 | 1.9e+07       |
|    n_updates            | 6980          |
|    policy_gradient_loss | -0.000375     |
|    value_loss           | 3.72e+07      |
-------------------------------------------
------------------------------------------
| rollout/                |              |
|    ep_len_mean          | 100          |
|    ep_rew_mean          | -4.52e+04    |
| time/                   |              |
|    fps                  | 100          |
|    iterations           | 700          |
|    time_elapsed         | 14249        |
|    total_timesteps      | 1433600      |
| train/                  |              |
|    approx_kl            | 0.0002490605 |
|    clip_fraction        | 0            |
|    clip_range           | 0.2          |
|    entropy_loss         | -3.07        |
|    explained_variance   | 0            |
|    learning_rate        | 0.0003       |
|    loss                 | 1.97e+07     |
|    n_updates            | 6990         |
|    policy_gradient_loss | -0.000521    |
|    value_loss           | 4.08e+07     |
------------------------------------------
------------------------------------------
| rollout/                |              |
|    ep_len_mean          | 100          |
|    ep_rew_mean          | -4.51e+04    |
| time/                   |              |
|    fps                  | 100          |
|    iterations           | 701          |
|    time_elapsed         | 14267        |
|    total_timesteps      | 1435648      |
| train/                  |              |
|    approx_kl            | 8.850408e-05 |
|    clip_fraction        | 0            |
|    clip_range           | 0.2          |
|    entropy_loss         | -3.07        |
|    explained_variance   | 0            |
|    learning_rate        | 0.0003       |
|    loss                 | 1.82e+07     |
|    n_updates            | 7000         |
|    policy_gradient_loss | -0.000238    |
|    value_loss           | 3.75e+07     |
------------------------------------------
-------------------------------------------
| rollout/                |               |
|    ep_len_mean          | 100           |
|    ep_rew_mean          | -4.51e+04     |
| time/                   |               |
|    fps                  | 100           |
|    iterations           | 702           |
|    time_elapsed         | 14291         |
|    total_timesteps      | 1437696       |
| train/                  |               |
|    approx_kl            | 0.00024432654 |
|    clip_fraction        | 0             |
|    clip_range           | 0.2           |
|    entropy_loss         | -3.07         |
|    explained_variance   | -1.19e-07     |
|    learning_rate        | 0.0003        |
|    loss                 | 1.94e+07      |
|    n_updates            | 7010          |
|    policy_gradient_loss | -0.000589     |
|    value_loss           | 3.78e+07      |
-------------------------------------------
-------------------------------------------
| rollout/                |               |
|    ep_len_mean          | 100           |
|    ep_rew_mean          | -4.51e+04     |
| time/                   |               |
|    fps                  | 100           |
|    iterations           | 703           |
|    time_elapsed         | 14311         |
|    total_timesteps      | 1439744       |
| train/                  |               |
|    approx_kl            | 0.00033821008 |
|    clip_fraction        | 0             |
|    clip_range           | 0.2           |
|    entropy_loss         | -3.07         |
|    explained_variance   | 0             |
|    learning_rate        | 0.0003        |
|    loss                 | 1.85e+07      |
|    n_updates            | 7020          |
|    policy_gradient_loss | -0.00071      |
|    value_loss           | 3.68e+07      |
-------------------------------------------
-------------------------------------------
| rollout/                |               |
|    ep_len_mean          | 100           |
|    ep_rew_mean          | -4.43e+04     |
| time/                   |               |
|    fps                  | 100           |
|    iterations           | 704           |
|    time_elapsed         | 14334         |
|    total_timesteps      | 1441792       |
| train/                  |               |
|    approx_kl            | 0.00038521423 |
|    clip_fraction        | 0             |
|    clip_range           | 0.2           |
|    entropy_loss         | -3.06         |
|    explained_variance   | 0             |
|    learning_rate        | 0.0003        |
|    loss                 | 2.03e+07      |
|    n_updates            | 7030          |
|    policy_gradient_loss | -0.000873     |
|    value_loss           | 3.63e+07      |
-------------------------------------------
------------------------------------------
| rollout/                |              |
|    ep_len_mean          | 100          |
|    ep_rew_mean          | -4.45e+04    |
| time/                   |              |
|    fps                  | 100          |
|    iterations           | 705          |
|    time_elapsed         | 14354        |
|    total_timesteps      | 1443840      |
| train/                  |              |
|    approx_kl            | 0.0007056126 |
|    clip_fraction        | 0            |
|    clip_range           | 0.2          |
|    entropy_loss         | -3.06        |
|    explained_variance   | 0            |
|    learning_rate        | 0.0003       |
|    loss                 | 1.73e+07     |
|    n_updates            | 7040         |
|    policy_gradient_loss | -0.00129     |
|    value_loss           | 3.35e+07     |
------------------------------------------
-------------------------------------------
| rollout/                |               |
|    ep_len_mean          | 100           |
|    ep_rew_mean          | -4.5e+04      |
| time/                   |               |
|    fps                  | 100           |
|    iterations           | 706           |
|    time_elapsed         | 14376         |
|    total_timesteps      | 1445888       |
| train/                  |               |
|    approx_kl            | 0.00040942387 |
|    clip_fraction        | 0             |
|    clip_range           | 0.2           |
|    entropy_loss         | -3.06         |
|    explained_variance   | 0             |
|    learning_rate        | 0.0003        |
|    loss                 | 1.78e+07      |
|    n_updates            | 7050          |
|    policy_gradient_loss | -0.00074      |
|    value_loss           | 3.88e+07      |
-------------------------------------------
------------------------------------------
| rollout/                |              |
|    ep_len_mean          | 100          |
|    ep_rew_mean          | -4.5e+04     |
| time/                   |              |
|    fps                  | 100          |
|    iterations           | 707          |
|    time_elapsed         | 14395        |
|    total_timesteps      | 1447936      |
| train/                  |              |
|    approx_kl            | 0.0012366012 |
|    clip_fraction        | 0            |
|    clip_range           | 0.2          |
|    entropy_loss         | -3.07        |
|    explained_variance   | 5.96e-08     |
|    learning_rate        | 0.0003       |
|    loss                 | 2.19e+07     |
|    n_updates            | 7060         |
|    policy_gradient_loss | -0.00153     |
|    value_loss           | 4.17e+07     |
------------------------------------------
-------------------------------------------
| rollout/                |               |
|    ep_len_mean          | 100           |
|    ep_rew_mean          | -4.51e+04     |
| time/                   |               |
|    fps                  | 100           |
|    iterations           | 708           |
|    time_elapsed         | 14418         |
|    total_timesteps      | 1449984       |
| train/                  |               |
|    approx_kl            | 0.00095905736 |
|    clip_fraction        | 0             |
|    clip_range           | 0.2           |
|    entropy_loss         | -3.08         |
|    explained_variance   | 0             |
|    learning_rate        | 0.0003        |
|    loss                 | 1.98e+07      |
|    n_updates            | 7070          |
|    policy_gradient_loss | -0.00199      |
|    value_loss           | 3.65e+07      |
-------------------------------------------
Eval num_timesteps=1450000, episode_reward=-132321.78 +/- 8289.97
Episode length: 100.00 +/- 0.00
-------------------------------------------
| eval/                   |               |
|    mean_ep_length       | 100           |
|    mean_reward          | -1.32e+05     |
| time/                   |               |
|    total_timesteps      | 1450000       |
| train/                  |               |
|    approx_kl            | 0.00016017276 |
|    clip_fraction        | 0             |
|    clip_range           | 0.2           |
|    entropy_loss         | -3.07         |
|    explained_variance   | 0             |
|    learning_rate        | 0.0003        |
|    loss                 | 1.99e+07      |
|    n_updates            | 7080          |
|    policy_gradient_loss | -0.000321     |
|    value_loss           | 3.75e+07      |
-------------------------------------------
----------------------------------
| rollout/           |           |
|    ep_len_mean     | 100       |
|    ep_rew_mean     | -4.55e+04 |
| time/              |           |
|    fps             | 100       |
|    iterations      | 709       |
|    time_elapsed    | 14475     |
|    total_timesteps | 1452032   |
----------------------------------
------------------------------------------
| rollout/                |              |
|    ep_len_mean          | 100          |
|    ep_rew_mean          | -4.52e+04    |
| time/                   |              |
|    fps                  | 100          |
|    iterations           | 710          |
|    time_elapsed         | 14497        |
|    total_timesteps      | 1454080      |
| train/                  |              |
|    approx_kl            | 0.0002541827 |
|    clip_fraction        | 0            |
|    clip_range           | 0.2          |
|    entropy_loss         | -3.08        |
|    explained_variance   | 5.96e-08     |
|    learning_rate        | 0.0003       |
|    loss                 | 1.82e+07     |
|    n_updates            | 7090         |
|    policy_gradient_loss | -0.000254    |
|    value_loss           | 3.72e+07     |
------------------------------------------
-------------------------------------------
| rollout/                |               |
|    ep_len_mean          | 100           |
|    ep_rew_mean          | -4.48e+04     |
| time/                   |               |
|    fps                  | 100           |
|    iterations           | 711           |
|    time_elapsed         | 14517         |
|    total_timesteps      | 1456128       |
| train/                  |               |
|    approx_kl            | 0.00020146798 |
|    clip_fraction        | 0             |
|    clip_range           | 0.2           |
|    entropy_loss         | -3.08         |
|    explained_variance   | 0             |
|    learning_rate        | 0.0003        |
|    loss                 | 1.87e+07      |
|    n_updates            | 7100          |
|    policy_gradient_loss | -0.000472     |
|    value_loss           | 3.85e+07      |
-------------------------------------------
-------------------------------------------
| rollout/                |               |
|    ep_len_mean          | 100           |
|    ep_rew_mean          | -4.46e+04     |
| time/                   |               |
|    fps                  | 100           |
|    iterations           | 712           |
|    time_elapsed         | 14534         |
|    total_timesteps      | 1458176       |
| train/                  |               |
|    approx_kl            | 0.00027959436 |
|    clip_fraction        | 0             |
|    clip_range           | 0.2           |
|    entropy_loss         | -3.07         |
|    explained_variance   | -1.19e-07     |
|    learning_rate        | 0.0003        |
|    loss                 | 1.78e+07      |
|    n_updates            | 7110          |
|    policy_gradient_loss | -0.000756     |
|    value_loss           | 3.75e+07      |
-------------------------------------------
------------------------------------------
| rollout/                |              |
|    ep_len_mean          | 100          |
|    ep_rew_mean          | -4.45e+04    |
| time/                   |              |
|    fps                  | 100          |
|    iterations           | 713          |
|    time_elapsed         | 14555        |
|    total_timesteps      | 1460224      |
| train/                  |              |
|    approx_kl            | 0.0005073866 |
|    clip_fraction        | 0            |
|    clip_range           | 0.2          |
|    entropy_loss         | -3.07        |
|    explained_variance   | 0            |
|    learning_rate        | 0.0003       |
|    loss                 | 1.77e+07     |
|    n_updates            | 7120         |
|    policy_gradient_loss | -0.00114     |
|    value_loss           | 3.67e+07     |
------------------------------------------
-------------------------------------------
| rollout/                |               |
|    ep_len_mean          | 100           |
|    ep_rew_mean          | -4.52e+04     |
| time/                   |               |
|    fps                  | 100           |
|    iterations           | 714           |
|    time_elapsed         | 14578         |
|    total_timesteps      | 1462272       |
| train/                  |               |
|    approx_kl            | 0.00040704018 |
|    clip_fraction        | 0             |
|    clip_range           | 0.2           |
|    entropy_loss         | -3.07         |
|    explained_variance   | 0             |
|    learning_rate        | 0.0003        |
|    loss                 | 1.81e+07      |
|    n_updates            | 7130          |
|    policy_gradient_loss | -0.00074      |
|    value_loss           | 3.49e+07      |
-------------------------------------------
-------------------------------------------
| rollout/                |               |
|    ep_len_mean          | 100           |
|    ep_rew_mean          | -4.53e+04     |
| time/                   |               |
|    fps                  | 100           |
|    iterations           | 715           |
|    time_elapsed         | 14593         |
|    total_timesteps      | 1464320       |
| train/                  |               |
|    approx_kl            | 0.00050265016 |
|    clip_fraction        | 0             |
|    clip_range           | 0.2           |
|    entropy_loss         | -3.07         |
|    explained_variance   | 0             |
|    learning_rate        | 0.0003        |
|    loss                 | 2.14e+07      |
|    n_updates            | 7140          |
|    policy_gradient_loss | -0.000833     |
|    value_loss           | 4.23e+07      |
-------------------------------------------
------------------------------------------
| rollout/                |              |
|    ep_len_mean          | 100          |
|    ep_rew_mean          | -4.54e+04    |
| time/                   |              |
|    fps                  | 100          |
|    iterations           | 716          |
|    time_elapsed         | 14611        |
|    total_timesteps      | 1466368      |
| train/                  |              |
|    approx_kl            | 0.0016603154 |
|    clip_fraction        | 0            |
|    clip_range           | 0.2          |
|    entropy_loss         | -3.08        |
|    explained_variance   | 0            |
|    learning_rate        | 0.0003       |
|    loss                 | 1.98e+07     |
|    n_updates            | 7150         |
|    policy_gradient_loss | -0.00238     |
|    value_loss           | 4.1e+07      |
------------------------------------------
-------------------------------------------
| rollout/                |               |
|    ep_len_mean          | 100           |
|    ep_rew_mean          | -4.57e+04     |
| time/                   |               |
|    fps                  | 100           |
|    iterations           | 717           |
|    time_elapsed         | 14632         |
|    total_timesteps      | 1468416       |
| train/                  |               |
|    approx_kl            | 0.00059843675 |
|    clip_fraction        | 0             |
|    clip_range           | 0.2           |
|    entropy_loss         | -3.08         |
|    explained_variance   | 0             |
|    learning_rate        | 0.0003        |
|    loss                 | 1.88e+07      |
|    n_updates            | 7160          |
|    policy_gradient_loss | -0.00142      |
|    value_loss           | 3.86e+07      |
-------------------------------------------
-------------------------------------------
| rollout/                |               |
|    ep_len_mean          | 100           |
|    ep_rew_mean          | -4.59e+04     |
| time/                   |               |
|    fps                  | 100           |
|    iterations           | 718           |
|    time_elapsed         | 14654         |
|    total_timesteps      | 1470464       |
| train/                  |               |
|    approx_kl            | 0.00050644286 |
|    clip_fraction        | 0             |
|    clip_range           | 0.2           |
|    entropy_loss         | -3.08         |
|    explained_variance   | -1.19e-07     |
|    learning_rate        | 0.0003        |
|    loss                 | 1.83e+07      |
|    n_updates            | 7170          |
|    policy_gradient_loss | -0.000786     |
|    value_loss           | 3.73e+07      |
-------------------------------------------
-----------------------------------------
| rollout/                |             |
|    ep_len_mean          | 100         |
|    ep_rew_mean          | -4.53e+04   |
| time/                   |             |
|    fps                  | 100         |
|    iterations           | 719         |
|    time_elapsed         | 14674       |
|    total_timesteps      | 1472512     |
| train/                  |             |
|    approx_kl            | 0.000506753 |
|    clip_fraction        | 0           |
|    clip_range           | 0.2         |
|    entropy_loss         | -3.08       |
|    explained_variance   | 0           |
|    learning_rate        | 0.0003      |
|    loss                 | 2e+07       |
|    n_updates            | 7180        |
|    policy_gradient_loss | -0.0011     |
|    value_loss           | 3.85e+07    |
-----------------------------------------
-------------------------------------------
| rollout/                |               |
|    ep_len_mean          | 100           |
|    ep_rew_mean          | -4.52e+04     |
| time/                   |               |
|    fps                  | 100           |
|    iterations           | 720           |
|    time_elapsed         | 14694         |
|    total_timesteps      | 1474560       |
| train/                  |               |
|    approx_kl            | 0.00021697563 |
|    clip_fraction        | 0             |
|    clip_range           | 0.2           |
|    entropy_loss         | -3.09         |
|    explained_variance   | 1.19e-07      |
|    learning_rate        | 0.0003        |
|    loss                 | 1.76e+07      |
|    n_updates            | 7190          |
|    policy_gradient_loss | -0.00039      |
|    value_loss           | 3.62e+07      |
-------------------------------------------
-------------------------------------------
| rollout/                |               |
|    ep_len_mean          | 100           |
|    ep_rew_mean          | -4.48e+04     |
| time/                   |               |
|    fps                  | 100           |
|    iterations           | 721           |
|    time_elapsed         | 14713         |
|    total_timesteps      | 1476608       |
| train/                  |               |
|    approx_kl            | 0.00020440522 |
|    clip_fraction        | 0             |
|    clip_range           | 0.2           |
|    entropy_loss         | -3.08         |
|    explained_variance   | 0             |
|    learning_rate        | 0.0003        |
|    loss                 | 1.87e+07      |
|    n_updates            | 7200          |
|    policy_gradient_loss | -0.000478     |
|    value_loss           | 3.84e+07      |
-------------------------------------------
------------------------------------------
| rollout/                |              |
|    ep_len_mean          | 100          |
|    ep_rew_mean          | -4.45e+04    |
| time/                   |              |
|    fps                  | 100          |
|    iterations           | 722          |
|    time_elapsed         | 14728        |
|    total_timesteps      | 1478656      |
| train/                  |              |
|    approx_kl            | 0.0008408313 |
|    clip_fraction        | 0            |
|    clip_range           | 0.2          |
|    entropy_loss         | -3.08        |
|    explained_variance   | 0            |
|    learning_rate        | 0.0003       |
|    loss                 | 1.67e+07     |
|    n_updates            | 7210         |
|    policy_gradient_loss | -0.00181     |
|    value_loss           | 3.49e+07     |
------------------------------------------
------------------------------------------
| rollout/                |              |
|    ep_len_mean          | 100          |
|    ep_rew_mean          | -4.44e+04    |
| time/                   |              |
|    fps                  | 100          |
|    iterations           | 723          |
|    time_elapsed         | 14751        |
|    total_timesteps      | 1480704      |
| train/                  |              |
|    approx_kl            | 0.0007104649 |
|    clip_fraction        | 0            |
|    clip_range           | 0.2          |
|    entropy_loss         | -3.07        |
|    explained_variance   | 5.96e-08     |
|    learning_rate        | 0.0003       |
|    loss                 | 1.92e+07     |
|    n_updates            | 7220         |
|    policy_gradient_loss | -0.00122     |
|    value_loss           | 3.73e+07     |
------------------------------------------
------------------------------------------
| rollout/                |              |
|    ep_len_mean          | 100          |
|    ep_rew_mean          | -4.45e+04    |
| time/                   |              |
|    fps                  | 100          |
|    iterations           | 724          |
|    time_elapsed         | 14771        |
|    total_timesteps      | 1482752      |
| train/                  |              |
|    approx_kl            | 0.0003709549 |
|    clip_fraction        | 0            |
|    clip_range           | 0.2          |
|    entropy_loss         | -3.07        |
|    explained_variance   | 0            |
|    learning_rate        | 0.0003       |
|    loss                 | 2.04e+07     |
|    n_updates            | 7230         |
|    policy_gradient_loss | -0.000807    |
|    value_loss           | 3.75e+07     |
------------------------------------------
-------------------------------------------
| rollout/                |               |
|    ep_len_mean          | 100           |
|    ep_rew_mean          | -4.42e+04     |
| time/                   |               |
|    fps                  | 100           |
|    iterations           | 725           |
|    time_elapsed         | 14795         |
|    total_timesteps      | 1484800       |
| train/                  |               |
|    approx_kl            | 0.00040025322 |
|    clip_fraction        | 0             |
|    clip_range           | 0.2           |
|    entropy_loss         | -3.07         |
|    explained_variance   | -1.19e-07     |
|    learning_rate        | 0.0003        |
|    loss                 | 1.8e+07       |
|    n_updates            | 7240          |
|    policy_gradient_loss | -0.00076      |
|    value_loss           | 3.73e+07      |
-------------------------------------------
------------------------------------------
| rollout/                |              |
|    ep_len_mean          | 100          |
|    ep_rew_mean          | -4.43e+04    |
| time/                   |              |
|    fps                  | 100          |
|    iterations           | 726          |
|    time_elapsed         | 14816        |
|    total_timesteps      | 1486848      |
| train/                  |              |
|    approx_kl            | 0.0002492388 |
|    clip_fraction        | 0            |
|    clip_range           | 0.2          |
|    entropy_loss         | -3.07        |
|    explained_variance   | 5.96e-08     |
|    learning_rate        | 0.0003       |
|    loss                 | 1.6e+07      |
|    n_updates            | 7250         |
|    policy_gradient_loss | -0.000563    |
|    value_loss           | 3.59e+07     |
------------------------------------------
------------------------------------------
| rollout/                |              |
|    ep_len_mean          | 100          |
|    ep_rew_mean          | -4.44e+04    |
| time/                   |              |
|    fps                  | 100          |
|    iterations           | 727          |
|    time_elapsed         | 14839        |
|    total_timesteps      | 1488896      |
| train/                  |              |
|    approx_kl            | 0.0003769087 |
|    clip_fraction        | 0            |
|    clip_range           | 0.2          |
|    entropy_loss         | -3.07        |
|    explained_variance   | 0            |
|    learning_rate        | 0.0003       |
|    loss                 | 1.72e+07     |
|    n_updates            | 7260         |
|    policy_gradient_loss | -0.000772    |
|    value_loss           | 3.54e+07     |
------------------------------------------
------------------------------------------
| rollout/                |              |
|    ep_len_mean          | 100          |
|    ep_rew_mean          | -4.46e+04    |
| time/                   |              |
|    fps                  | 100          |
|    iterations           | 728          |
|    time_elapsed         | 14853        |
|    total_timesteps      | 1490944      |
| train/                  |              |
|    approx_kl            | 0.0002782127 |
|    clip_fraction        | 0            |
|    clip_range           | 0.2          |
|    entropy_loss         | -3.07        |
|    explained_variance   | 0            |
|    learning_rate        | 0.0003       |
|    loss                 | 1.91e+07     |
|    n_updates            | 7270         |
|    policy_gradient_loss | -0.00055     |
|    value_loss           | 3.74e+07     |
------------------------------------------
------------------------------------------
| rollout/                |              |
|    ep_len_mean          | 100          |
|    ep_rew_mean          | -4.46e+04    |
| time/                   |              |
|    fps                  | 100          |
|    iterations           | 729          |
|    time_elapsed         | 14876        |
|    total_timesteps      | 1492992      |
| train/                  |              |
|    approx_kl            | 0.0002474008 |
|    clip_fraction        | 0            |
|    clip_range           | 0.2          |
|    entropy_loss         | -3.07        |
|    explained_variance   | 0            |
|    learning_rate        | 0.0003       |
|    loss                 | 1.82e+07     |
|    n_updates            | 7280         |
|    policy_gradient_loss | -0.000449    |
|    value_loss           | 3.83e+07     |
------------------------------------------
-------------------------------------------
| rollout/                |               |
|    ep_len_mean          | 100           |
|    ep_rew_mean          | -4.5e+04      |
| time/                   |               |
|    fps                  | 100           |
|    iterations           | 730           |
|    time_elapsed         | 14897         |
|    total_timesteps      | 1495040       |
| train/                  |               |
|    approx_kl            | 0.00014041856 |
|    clip_fraction        | 0             |
|    clip_range           | 0.2           |
|    entropy_loss         | -3.07         |
|    explained_variance   | 0             |
|    learning_rate        | 0.0003        |
|    loss                 | 1.77e+07      |
|    n_updates            | 7290          |
|    policy_gradient_loss | -0.000179     |
|    value_loss           | 3.74e+07      |
-------------------------------------------
------------------------------------------
| rollout/                |              |
|    ep_len_mean          | 100          |
|    ep_rew_mean          | -4.54e+04    |
| time/                   |              |
|    fps                  | 100          |
|    iterations           | 731          |
|    time_elapsed         | 14914        |
|    total_timesteps      | 1497088      |
| train/                  |              |
|    approx_kl            | 0.0005324302 |
|    clip_fraction        | 0            |
|    clip_range           | 0.2          |
|    entropy_loss         | -3.07        |
|    explained_variance   | -1.19e-07    |
|    learning_rate        | 0.0003       |
|    loss                 | 1.79e+07     |
|    n_updates            | 7300         |
|    policy_gradient_loss | -0.000942    |
|    value_loss           | 3.72e+07     |
------------------------------------------
-------------------------------------------
| rollout/                |               |
|    ep_len_mean          | 100           |
|    ep_rew_mean          | -4.54e+04     |
| time/                   |               |
|    fps                  | 100           |
|    iterations           | 732           |
|    time_elapsed         | 14933         |
|    total_timesteps      | 1499136       |
| train/                  |               |
|    approx_kl            | 0.00015390132 |
|    clip_fraction        | 0             |
|    clip_range           | 0.2           |
|    entropy_loss         | -3.07         |
|    explained_variance   | 0             |
|    learning_rate        | 0.0003        |
|    loss                 | 1.98e+07      |
|    n_updates            | 7310          |
|    policy_gradient_loss | -0.000321     |
|    value_loss           | 3.95e+07      |
-------------------------------------------
Eval num_timesteps=1500000, episode_reward=-130470.11 +/- 10890.18
Episode length: 100.00 +/- 0.00
-------------------------------------------
| eval/                   |               |
|    mean_ep_length       | 100           |
|    mean_reward          | -1.3e+05      |
| time/                   |               |
|    total_timesteps      | 1500000       |
| train/                  |               |
|    approx_kl            | 0.00035854886 |
|    clip_fraction        | 0             |
|    clip_range           | 0.2           |
|    entropy_loss         | -3.07         |
|    explained_variance   | 0             |
|    learning_rate        | 0.0003        |
|    loss                 | 1.82e+07      |
|    n_updates            | 7320          |
|    policy_gradient_loss | -0.000961     |
|    value_loss           | 3.73e+07      |
-------------------------------------------
----------------------------------
| rollout/           |           |
|    ep_len_mean     | 100       |
|    ep_rew_mean     | -4.54e+04 |
| time/              |           |
|    fps             | 100       |
|    iterations      | 733       |
|    time_elapsed    | 14982     |
|    total_timesteps | 1501184   |
----------------------------------
-------------------------------------------
| rollout/                |               |
|    ep_len_mean          | 100           |
|    ep_rew_mean          | -4.56e+04     |
| time/                   |               |
|    fps                  | 100           |
|    iterations           | 734           |
|    time_elapsed         | 15001         |
|    total_timesteps      | 1503232       |
| train/                  |               |
|    approx_kl            | 0.00032651264 |
|    clip_fraction        | 0             |
|    clip_range           | 0.2           |
|    entropy_loss         | -3.07         |
|    explained_variance   | 0             |
|    learning_rate        | 0.0003        |
|    loss                 | 1.78e+07      |
|    n_updates            | 7330          |
|    policy_gradient_loss | -0.000662     |
|    value_loss           | 3.69e+07      |
-------------------------------------------
-------------------------------------------
| rollout/                |               |
|    ep_len_mean          | 100           |
|    ep_rew_mean          | -4.57e+04     |
| time/                   |               |
|    fps                  | 100           |
|    iterations           | 735           |
|    time_elapsed         | 15021         |
|    total_timesteps      | 1505280       |
| train/                  |               |
|    approx_kl            | 0.00034170193 |
|    clip_fraction        | 0             |
|    clip_range           | 0.2           |
|    entropy_loss         | -3.07         |
|    explained_variance   | 0             |
|    learning_rate        | 0.0003        |
|    loss                 | 2.14e+07      |
|    n_updates            | 7340          |
|    policy_gradient_loss | -0.0007       |
|    value_loss           | 3.92e+07      |
-------------------------------------------
-------------------------------------------
| rollout/                |               |
|    ep_len_mean          | 100           |
|    ep_rew_mean          | -4.54e+04     |
| time/                   |               |
|    fps                  | 100           |
|    iterations           | 736           |
|    time_elapsed         | 15040         |
|    total_timesteps      | 1507328       |
| train/                  |               |
|    approx_kl            | 0.00013491535 |
|    clip_fraction        | 0             |
|    clip_range           | 0.2           |
|    entropy_loss         | -3.07         |
|    explained_variance   | 5.96e-08      |
|    learning_rate        | 0.0003        |
|    loss                 | 2.04e+07      |
|    n_updates            | 7350          |
|    policy_gradient_loss | -0.000196     |
|    value_loss           | 3.93e+07      |
-------------------------------------------
-------------------------------------------
| rollout/                |               |
|    ep_len_mean          | 100           |
|    ep_rew_mean          | -4.52e+04     |
| time/                   |               |
|    fps                  | 100           |
|    iterations           | 737           |
|    time_elapsed         | 15060         |
|    total_timesteps      | 1509376       |
| train/                  |               |
|    approx_kl            | 0.00029206128 |
|    clip_fraction        | 0             |
|    clip_range           | 0.2           |
|    entropy_loss         | -3.07         |
|    explained_variance   | 0             |
|    learning_rate        | 0.0003        |
|    loss                 | 1.71e+07      |
|    n_updates            | 7360          |
|    policy_gradient_loss | -0.000467     |
|    value_loss           | 3.71e+07      |
-------------------------------------------
-------------------------------------------
| rollout/                |               |
|    ep_len_mean          | 100           |
|    ep_rew_mean          | -4.53e+04     |
| time/                   |               |
|    fps                  | 100           |
|    iterations           | 738           |
|    time_elapsed         | 15083         |
|    total_timesteps      | 1511424       |
| train/                  |               |
|    approx_kl            | 0.00038488524 |
|    clip_fraction        | 0             |
|    clip_range           | 0.2           |
|    entropy_loss         | -3.07         |
|    explained_variance   | 0             |
|    learning_rate        | 0.0003        |
|    loss                 | 1.66e+07      |
|    n_updates            | 7370          |
|    policy_gradient_loss | -0.000918     |
|    value_loss           | 3.67e+07      |
-------------------------------------------
------------------------------------------
| rollout/                |              |
|    ep_len_mean          | 100          |
|    ep_rew_mean          | -4.51e+04    |
| time/                   |              |
|    fps                  | 100          |
|    iterations           | 739          |
|    time_elapsed         | 15103        |
|    total_timesteps      | 1513472      |
| train/                  |              |
|    approx_kl            | 0.0001695157 |
|    clip_fraction        | 0            |
|    clip_range           | 0.2          |
|    entropy_loss         | -3.07        |
|    explained_variance   | 0            |
|    learning_rate        | 0.0003       |
|    loss                 | 1.99e+07     |
|    n_updates            | 7380         |
|    policy_gradient_loss | -0.00032     |
|    value_loss           | 3.75e+07     |
------------------------------------------
-------------------------------------------
| rollout/                |               |
|    ep_len_mean          | 100           |
|    ep_rew_mean          | -4.49e+04     |
| time/                   |               |
|    fps                  | 100           |
|    iterations           | 740           |
|    time_elapsed         | 15119         |
|    total_timesteps      | 1515520       |
| train/                  |               |
|    approx_kl            | 0.00012655382 |
|    clip_fraction        | 0             |
|    clip_range           | 0.2           |
|    entropy_loss         | -3.07         |
|    explained_variance   | 0             |
|    learning_rate        | 0.0003        |
|    loss                 | 1.85e+07      |
|    n_updates            | 7390          |
|    policy_gradient_loss | -0.000397     |
|    value_loss           | 3.88e+07      |
-------------------------------------------
-------------------------------------------
| rollout/                |               |
|    ep_len_mean          | 100           |
|    ep_rew_mean          | -4.5e+04      |
| time/                   |               |
|    fps                  | 100           |
|    iterations           | 741           |
|    time_elapsed         | 15139         |
|    total_timesteps      | 1517568       |
| train/                  |               |
|    approx_kl            | 0.00019824083 |
|    clip_fraction        | 0             |
|    clip_range           | 0.2           |
|    entropy_loss         | -3.07         |
|    explained_variance   | 0             |
|    learning_rate        | 0.0003        |
|    loss                 | 1.74e+07      |
|    n_updates            | 7400          |
|    policy_gradient_loss | -0.000306     |
|    value_loss           | 3.66e+07      |
-------------------------------------------
-------------------------------------------
| rollout/                |               |
|    ep_len_mean          | 100           |
|    ep_rew_mean          | -4.53e+04     |
| time/                   |               |
|    fps                  | 100           |
|    iterations           | 742           |
|    time_elapsed         | 15161         |
|    total_timesteps      | 1519616       |
| train/                  |               |
|    approx_kl            | 0.00032682202 |
|    clip_fraction        | 0             |
|    clip_range           | 0.2           |
|    entropy_loss         | -3.07         |
|    explained_variance   | 5.96e-08      |
|    learning_rate        | 0.0003        |
|    loss                 | 1.72e+07      |
|    n_updates            | 7410          |
|    policy_gradient_loss | -0.000626     |
|    value_loss           | 3.73e+07      |
-------------------------------------------
------------------------------------------
| rollout/                |              |
|    ep_len_mean          | 100          |
|    ep_rew_mean          | -4.53e+04    |
| time/                   |              |
|    fps                  | 100          |
|    iterations           | 743          |
|    time_elapsed         | 15182        |
|    total_timesteps      | 1521664      |
| train/                  |              |
|    approx_kl            | 8.731132e-05 |
|    clip_fraction        | 0            |
|    clip_range           | 0.2          |
|    entropy_loss         | -3.07        |
|    explained_variance   | 0            |
|    learning_rate        | 0.0003       |
|    loss                 | 2.01e+07     |
|    n_updates            | 7420         |
|    policy_gradient_loss | -0.000186    |
|    value_loss           | 3.84e+07     |
------------------------------------------
-------------------------------------------
| rollout/                |               |
|    ep_len_mean          | 100           |
|    ep_rew_mean          | -4.51e+04     |
| time/                   |               |
|    fps                  | 100           |
|    iterations           | 744           |
|    time_elapsed         | 15198         |
|    total_timesteps      | 1523712       |
| train/                  |               |
|    approx_kl            | 0.00043603725 |
|    clip_fraction        | 0             |
|    clip_range           | 0.2           |
|    entropy_loss         | -3.07         |
|    explained_variance   | 0             |
|    learning_rate        | 0.0003        |
|    loss                 | 1.88e+07      |
|    n_updates            | 7430          |
|    policy_gradient_loss | -0.00108      |
|    value_loss           | 3.86e+07      |
-------------------------------------------
-------------------------------------------
| rollout/                |               |
|    ep_len_mean          | 100           |
|    ep_rew_mean          | -4.48e+04     |
| time/                   |               |
|    fps                  | 100           |
|    iterations           | 745           |
|    time_elapsed         | 15217         |
|    total_timesteps      | 1525760       |
| train/                  |               |
|    approx_kl            | 0.00041029885 |
|    clip_fraction        | 0             |
|    clip_range           | 0.2           |
|    entropy_loss         | -3.06         |
|    explained_variance   | 0             |
|    learning_rate        | 0.0003        |
|    loss                 | 1.92e+07      |
|    n_updates            | 7440          |
|    policy_gradient_loss | -0.000842     |
|    value_loss           | 3.65e+07      |
-------------------------------------------
-------------------------------------------
| rollout/                |               |
|    ep_len_mean          | 100           |
|    ep_rew_mean          | -4.47e+04     |
| time/                   |               |
|    fps                  | 100           |
|    iterations           | 746           |
|    time_elapsed         | 15237         |
|    total_timesteps      | 1527808       |
| train/                  |               |
|    approx_kl            | 0.00028188317 |
|    clip_fraction        | 0             |
|    clip_range           | 0.2           |
|    entropy_loss         | -3.06         |
|    explained_variance   | 0             |
|    learning_rate        | 0.0003        |
|    loss                 | 1.97e+07      |
|    n_updates            | 7450          |
|    policy_gradient_loss | -0.000635     |
|    value_loss           | 3.63e+07      |
-------------------------------------------
-------------------------------------------
| rollout/                |               |
|    ep_len_mean          | 100           |
|    ep_rew_mean          | -4.45e+04     |
| time/                   |               |
|    fps                  | 100           |
|    iterations           | 747           |
|    time_elapsed         | 15251         |
|    total_timesteps      | 1529856       |
| train/                  |               |
|    approx_kl            | 0.00078808714 |
|    clip_fraction        | 0             |
|    clip_range           | 0.2           |
|    entropy_loss         | -3.06         |
|    explained_variance   | 0             |
|    learning_rate        | 0.0003        |
|    loss                 | 1.67e+07      |
|    n_updates            | 7460          |
|    policy_gradient_loss | -0.00156      |
|    value_loss           | 3.57e+07      |
-------------------------------------------
------------------------------------------
| rollout/                |              |
|    ep_len_mean          | 100          |
|    ep_rew_mean          | -4.43e+04    |
| time/                   |              |
|    fps                  | 100          |
|    iterations           | 748          |
|    time_elapsed         | 15272        |
|    total_timesteps      | 1531904      |
| train/                  |              |
|    approx_kl            | 0.0003431216 |
|    clip_fraction        | 0            |
|    clip_range           | 0.2          |
|    entropy_loss         | -3.06        |
|    explained_variance   | 0            |
|    learning_rate        | 0.0003       |
|    loss                 | 1.86e+07     |
|    n_updates            | 7470         |
|    policy_gradient_loss | -0.000704    |
|    value_loss           | 3.76e+07     |
------------------------------------------
-----------------------------------------
| rollout/                |             |
|    ep_len_mean          | 100         |
|    ep_rew_mean          | -4.42e+04   |
| time/                   |             |
|    fps                  | 100         |
|    iterations           | 749         |
|    time_elapsed         | 15295       |
|    total_timesteps      | 1533952     |
| train/                  |             |
|    approx_kl            | 0.001088695 |
|    clip_fraction        | 0           |
|    clip_range           | 0.2         |
|    entropy_loss         | -3.06       |
|    explained_variance   | 0           |
|    learning_rate        | 0.0003      |
|    loss                 | 1.58e+07    |
|    n_updates            | 7480        |
|    policy_gradient_loss | -0.00115    |
|    value_loss           | 3.52e+07    |
-----------------------------------------
-------------------------------------------
| rollout/                |               |
|    ep_len_mean          | 100           |
|    ep_rew_mean          | -4.42e+04     |
| time/                   |               |
|    fps                  | 100           |
|    iterations           | 750           |
|    time_elapsed         | 15316         |
|    total_timesteps      | 1536000       |
| train/                  |               |
|    approx_kl            | 0.00085130037 |
|    clip_fraction        | 0             |
|    clip_range           | 0.2           |
|    entropy_loss         | -3.06         |
|    explained_variance   | -1.19e-07     |
|    learning_rate        | 0.0003        |
|    loss                 | 1.75e+07      |
|    n_updates            | 7490          |
|    policy_gradient_loss | -0.00173      |
|    value_loss           | 3.48e+07      |
-------------------------------------------
-------------------------------------------
| rollout/                |               |
|    ep_len_mean          | 100           |
|    ep_rew_mean          | -4.46e+04     |
| time/                   |               |
|    fps                  | 100           |
|    iterations           | 751           |
|    time_elapsed         | 15338         |
|    total_timesteps      | 1538048       |
| train/                  |               |
|    approx_kl            | 0.00020690265 |
|    clip_fraction        | 0             |
|    clip_range           | 0.2           |
|    entropy_loss         | -3.06         |
|    explained_variance   | 0             |
|    learning_rate        | 0.0003        |
|    loss                 | 1.85e+07      |
|    n_updates            | 7500          |
|    policy_gradient_loss | -0.000222     |
|    value_loss           | 3.58e+07      |
-------------------------------------------
-------------------------------------------
| rollout/                |               |
|    ep_len_mean          | 100           |
|    ep_rew_mean          | -4.46e+04     |
| time/                   |               |
|    fps                  | 100           |
|    iterations           | 752           |
|    time_elapsed         | 15353         |
|    total_timesteps      | 1540096       |
| train/                  |               |
|    approx_kl            | 0.00016878889 |
|    clip_fraction        | 0             |
|    clip_range           | 0.2           |
|    entropy_loss         | -3.06         |
|    explained_variance   | 5.96e-08      |
|    learning_rate        | 0.0003        |
|    loss                 | 1.86e+07      |
|    n_updates            | 7510          |
|    policy_gradient_loss | -0.000158     |
|    value_loss           | 3.88e+07      |
-------------------------------------------
------------------------------------------
| rollout/                |              |
|    ep_len_mean          | 100          |
|    ep_rew_mean          | -4.48e+04    |
| time/                   |              |
|    fps                  | 100          |
|    iterations           | 753          |
|    time_elapsed         | 15371        |
|    total_timesteps      | 1542144      |
| train/                  |              |
|    approx_kl            | 0.0001379594 |
|    clip_fraction        | 0            |
|    clip_range           | 0.2          |
|    entropy_loss         | -3.06        |
|    explained_variance   | 0            |
|    learning_rate        | 0.0003       |
|    loss                 | 1.87e+07     |
|    n_updates            | 7520         |
|    policy_gradient_loss | -0.000461    |
|    value_loss           | 3.77e+07     |
------------------------------------------
------------------------------------------
| rollout/                |              |
|    ep_len_mean          | 100          |
|    ep_rew_mean          | -4.5e+04     |
| time/                   |              |
|    fps                  | 100          |
|    iterations           | 754          |
|    time_elapsed         | 15383        |
|    total_timesteps      | 1544192      |
| train/                  |              |
|    approx_kl            | 0.0004261068 |
|    clip_fraction        | 0            |
|    clip_range           | 0.2          |
|    entropy_loss         | -3.06        |
|    explained_variance   | 0            |
|    learning_rate        | 0.0003       |
|    loss                 | 1.85e+07     |
|    n_updates            | 7530         |
|    policy_gradient_loss | -0.000857    |
|    value_loss           | 3.63e+07     |
------------------------------------------
-----------------------------------------
| rollout/                |             |
|    ep_len_mean          | 100         |
|    ep_rew_mean          | -4.5e+04    |
| time/                   |             |
|    fps                  | 100         |
|    iterations           | 755         |
|    time_elapsed         | 15401       |
|    total_timesteps      | 1546240     |
| train/                  |             |
|    approx_kl            | 0.001337487 |
|    clip_fraction        | 0           |
|    clip_range           | 0.2         |
|    entropy_loss         | -3.06       |
|    explained_variance   | 5.96e-08    |
|    learning_rate        | 0.0003      |
|    loss                 | 1.96e+07    |
|    n_updates            | 7540        |
|    policy_gradient_loss | -0.00253    |
|    value_loss           | 3.81e+07    |
-----------------------------------------
------------------------------------------
| rollout/                |              |
|    ep_len_mean          | 100          |
|    ep_rew_mean          | -4.49e+04    |
| time/                   |              |
|    fps                  | 100          |
|    iterations           | 756          |
|    time_elapsed         | 15421        |
|    total_timesteps      | 1548288      |
| train/                  |              |
|    approx_kl            | 0.0010244934 |
|    clip_fraction        | 0            |
|    clip_range           | 0.2          |
|    entropy_loss         | -3.05        |
|    explained_variance   | 0            |
|    learning_rate        | 0.0003       |
|    loss                 | 1.83e+07     |
|    n_updates            | 7550         |
|    policy_gradient_loss | -0.00196     |
|    value_loss           | 3.73e+07     |
------------------------------------------
Eval num_timesteps=1550000, episode_reward=-133502.60 +/- 7162.89
Episode length: 100.00 +/- 0.00
------------------------------------------
| eval/                   |              |
|    mean_ep_length       | 100          |
|    mean_reward          | -1.34e+05    |
| time/                   |              |
|    total_timesteps      | 1550000      |
| train/                  |              |
|    approx_kl            | 0.0002449252 |
|    clip_fraction        | 0            |
|    clip_range           | 0.2          |
|    entropy_loss         | -3.04        |
|    explained_variance   | 0            |
|    learning_rate        | 0.0003       |
|    loss                 | 1.91e+07     |
|    n_updates            | 7560         |
|    policy_gradient_loss | -0.000355    |
|    value_loss           | 3.91e+07     |
------------------------------------------
----------------------------------
| rollout/           |           |
|    ep_len_mean     | 100       |
|    ep_rew_mean     | -4.47e+04 |
| time/              |           |
|    fps             | 100       |
|    iterations      | 757       |
|    time_elapsed    | 15483     |
|    total_timesteps | 1550336   |
----------------------------------
-------------------------------------------
| rollout/                |               |
|    ep_len_mean          | 100           |
|    ep_rew_mean          | -4.47e+04     |
| time/                   |               |
|    fps                  | 100           |
|    iterations           | 758           |
|    time_elapsed         | 15507         |
|    total_timesteps      | 1552384       |
| train/                  |               |
|    approx_kl            | 0.00032015168 |
|    clip_fraction        | 0             |
|    clip_range           | 0.2           |
|    entropy_loss         | -3.04         |
|    explained_variance   | 5.96e-08      |
|    learning_rate        | 0.0003        |
|    loss                 | 1.68e+07      |
|    n_updates            | 7570          |
|    policy_gradient_loss | -0.000882     |
|    value_loss           | 3.4e+07       |
-------------------------------------------
-------------------------------------------
| rollout/                |               |
|    ep_len_mean          | 100           |
|    ep_rew_mean          | -4.42e+04     |
| time/                   |               |
|    fps                  | 100           |
|    iterations           | 759           |
|    time_elapsed         | 15528         |
|    total_timesteps      | 1554432       |
| train/                  |               |
|    approx_kl            | 0.00073164946 |
|    clip_fraction        | 0             |
|    clip_range           | 0.2           |
|    entropy_loss         | -3.04         |
|    explained_variance   | -1.19e-07     |
|    learning_rate        | 0.0003        |
|    loss                 | 1.65e+07      |
|    n_updates            | 7580          |
|    policy_gradient_loss | -0.00137      |
|    value_loss           | 3.69e+07      |
-------------------------------------------
-------------------------------------------
| rollout/                |               |
|    ep_len_mean          | 100           |
|    ep_rew_mean          | -4.44e+04     |
| time/                   |               |
|    fps                  | 100           |
|    iterations           | 760           |
|    time_elapsed         | 15545         |
|    total_timesteps      | 1556480       |
| train/                  |               |
|    approx_kl            | 0.00068893255 |
|    clip_fraction        | 0             |
|    clip_range           | 0.2           |
|    entropy_loss         | -3.05         |
|    explained_variance   | -1.19e-07     |
|    learning_rate        | 0.0003        |
|    loss                 | 1.99e+07      |
|    n_updates            | 7590          |
|    policy_gradient_loss | -0.000937     |
|    value_loss           | 3.43e+07      |
-------------------------------------------
-------------------------------------------
| rollout/                |               |
|    ep_len_mean          | 100           |
|    ep_rew_mean          | -4.42e+04     |
| time/                   |               |
|    fps                  | 100           |
|    iterations           | 761           |
|    time_elapsed         | 15559         |
|    total_timesteps      | 1558528       |
| train/                  |               |
|    approx_kl            | 0.00046924886 |
|    clip_fraction        | 0             |
|    clip_range           | 0.2           |
|    entropy_loss         | -3.06         |
|    explained_variance   | 0             |
|    learning_rate        | 0.0003        |
|    loss                 | 2e+07         |
|    n_updates            | 7600          |
|    policy_gradient_loss | -0.000656     |
|    value_loss           | 3.64e+07      |
-------------------------------------------
-------------------------------------------
| rollout/                |               |
|    ep_len_mean          | 100           |
|    ep_rew_mean          | -4.46e+04     |
| time/                   |               |
|    fps                  | 100           |
|    iterations           | 762           |
|    time_elapsed         | 15582         |
|    total_timesteps      | 1560576       |
| train/                  |               |
|    approx_kl            | 0.00067391054 |
|    clip_fraction        | 0             |
|    clip_range           | 0.2           |
|    entropy_loss         | -3.06         |
|    explained_variance   | 0             |
|    learning_rate        | 0.0003        |
|    loss                 | 1.78e+07      |
|    n_updates            | 7610          |
|    policy_gradient_loss | -0.00129      |
|    value_loss           | 3.9e+07       |
-------------------------------------------
-------------------------------------------
| rollout/                |               |
|    ep_len_mean          | 100           |
|    ep_rew_mean          | -4.47e+04     |
| time/                   |               |
|    fps                  | 100           |
|    iterations           | 763           |
|    time_elapsed         | 15597         |
|    total_timesteps      | 1562624       |
| train/                  |               |
|    approx_kl            | 0.00013808408 |
|    clip_fraction        | 0             |
|    clip_range           | 0.2           |
|    entropy_loss         | -3.06         |
|    explained_variance   | -1.19e-07     |
|    learning_rate        | 0.0003        |
|    loss                 | 1.84e+07      |
|    n_updates            | 7620          |
|    policy_gradient_loss | -0.000325     |
|    value_loss           | 3.76e+07      |
-------------------------------------------
-------------------------------------------
| rollout/                |               |
|    ep_len_mean          | 100           |
|    ep_rew_mean          | -4.49e+04     |
| time/                   |               |
|    fps                  | 100           |
|    iterations           | 764           |
|    time_elapsed         | 15615         |
|    total_timesteps      | 1564672       |
| train/                  |               |
|    approx_kl            | 0.00032837605 |
|    clip_fraction        | 0             |
|    clip_range           | 0.2           |
|    entropy_loss         | -3.06         |
|    explained_variance   | 0             |
|    learning_rate        | 0.0003        |
|    loss                 | 1.81e+07      |
|    n_updates            | 7630          |
|    policy_gradient_loss | -0.000665     |
|    value_loss           | 3.68e+07      |
-------------------------------------------
------------------------------------------
| rollout/                |              |
|    ep_len_mean          | 100          |
|    ep_rew_mean          | -4.47e+04    |
| time/                   |              |
|    fps                  | 100          |
|    iterations           | 765          |
|    time_elapsed         | 15637        |
|    total_timesteps      | 1566720      |
| train/                  |              |
|    approx_kl            | 0.0010422077 |
|    clip_fraction        | 0            |
|    clip_range           | 0.2          |
|    entropy_loss         | -3.05        |
|    explained_variance   | 0            |
|    learning_rate        | 0.0003       |
|    loss                 | 1.83e+07     |
|    n_updates            | 7640         |
|    policy_gradient_loss | -0.00207     |
|    value_loss           | 3.58e+07     |
------------------------------------------
-------------------------------------------
| rollout/                |               |
|    ep_len_mean          | 100           |
|    ep_rew_mean          | -4.44e+04     |
| time/                   |               |
|    fps                  | 100           |
|    iterations           | 766           |
|    time_elapsed         | 15657         |
|    total_timesteps      | 1568768       |
| train/                  |               |
|    approx_kl            | 0.00024435672 |
|    clip_fraction        | 0             |
|    clip_range           | 0.2           |
|    entropy_loss         | -3.04         |
|    explained_variance   | -1.19e-07     |
|    learning_rate        | 0.0003        |
|    loss                 | 2.08e+07      |
|    n_updates            | 7650          |
|    policy_gradient_loss | -0.000316     |
|    value_loss           | 3.68e+07      |
-------------------------------------------
-------------------------------------------
| rollout/                |               |
|    ep_len_mean          | 100           |
|    ep_rew_mean          | -4.44e+04     |
| time/                   |               |
|    fps                  | 100           |
|    iterations           | 767           |
|    time_elapsed         | 15678         |
|    total_timesteps      | 1570816       |
| train/                  |               |
|    approx_kl            | 0.00017717801 |
|    clip_fraction        | 0             |
|    clip_range           | 0.2           |
|    entropy_loss         | -3.05         |
|    explained_variance   | 0             |
|    learning_rate        | 0.0003        |
|    loss                 | 2.01e+07      |
|    n_updates            | 7660          |
|    policy_gradient_loss | -0.000367     |
|    value_loss           | 3.93e+07      |
-------------------------------------------
-------------------------------------------
| rollout/                |               |
|    ep_len_mean          | 100           |
|    ep_rew_mean          | -4.44e+04     |
| time/                   |               |
|    fps                  | 100           |
|    iterations           | 768           |
|    time_elapsed         | 15699         |
|    total_timesteps      | 1572864       |
| train/                  |               |
|    approx_kl            | 0.00043975434 |
|    clip_fraction        | 0             |
|    clip_range           | 0.2           |
|    entropy_loss         | -3.05         |
|    explained_variance   | 5.96e-08      |
|    learning_rate        | 0.0003        |
|    loss                 | 1.78e+07      |
|    n_updates            | 7670          |
|    policy_gradient_loss | -0.000619     |
|    value_loss           | 3.51e+07      |
-------------------------------------------
-------------------------------------------
| rollout/                |               |
|    ep_len_mean          | 100           |
|    ep_rew_mean          | -4.46e+04     |
| time/                   |               |
|    fps                  | 100           |
|    iterations           | 769           |
|    time_elapsed         | 15714         |
|    total_timesteps      | 1574912       |
| train/                  |               |
|    approx_kl            | 0.00081512326 |
|    clip_fraction        | 0             |
|    clip_range           | 0.2           |
|    entropy_loss         | -3.06         |
|    explained_variance   | 0             |
|    learning_rate        | 0.0003        |
|    loss                 | 2.01e+07      |
|    n_updates            | 7680          |
|    policy_gradient_loss | -0.0012       |
|    value_loss           | 3.82e+07      |
-------------------------------------------
------------------------------------------
| rollout/                |              |
|    ep_len_mean          | 100          |
|    ep_rew_mean          | -4.46e+04    |
| time/                   |              |
|    fps                  | 100          |
|    iterations           | 770          |
|    time_elapsed         | 15735        |
|    total_timesteps      | 1576960      |
| train/                  |              |
|    approx_kl            | 0.0003195918 |
|    clip_fraction        | 0            |
|    clip_range           | 0.2          |
|    entropy_loss         | -3.06        |
|    explained_variance   | 0            |
|    learning_rate        | 0.0003       |
|    loss                 | 1.8e+07      |
|    n_updates            | 7690         |
|    policy_gradient_loss | -0.000574    |
|    value_loss           | 3.65e+07     |
------------------------------------------
-----------------------------------------
| rollout/                |             |
|    ep_len_mean          | 100         |
|    ep_rew_mean          | -4.44e+04   |
| time/                   |             |
|    fps                  | 100         |
|    iterations           | 771         |
|    time_elapsed         | 15757       |
|    total_timesteps      | 1579008     |
| train/                  |             |
|    approx_kl            | 0.000399619 |
|    clip_fraction        | 0           |
|    clip_range           | 0.2         |
|    entropy_loss         | -3.06       |
|    explained_variance   | 5.96e-08    |
|    learning_rate        | 0.0003      |
|    loss                 | 1.84e+07    |
|    n_updates            | 7700        |
|    policy_gradient_loss | -0.000612   |
|    value_loss           | 3.38e+07    |
-----------------------------------------
------------------------------------------
| rollout/                |              |
|    ep_len_mean          | 100          |
|    ep_rew_mean          | -4.43e+04    |
| time/                   |              |
|    fps                  | 100          |
|    iterations           | 772          |
|    time_elapsed         | 15771        |
|    total_timesteps      | 1581056      |
| train/                  |              |
|    approx_kl            | 0.0003843716 |
|    clip_fraction        | 0            |
|    clip_range           | 0.2          |
|    entropy_loss         | -3.06        |
|    explained_variance   | 0            |
|    learning_rate        | 0.0003       |
|    loss                 | 1.69e+07     |
|    n_updates            | 7710         |
|    policy_gradient_loss | -0.00068     |
|    value_loss           | 3.49e+07     |
------------------------------------------
------------------------------------------
| rollout/                |              |
|    ep_len_mean          | 100          |
|    ep_rew_mean          | -4.44e+04    |
| time/                   |              |
|    fps                  | 100          |
|    iterations           | 773          |
|    time_elapsed         | 15792        |
|    total_timesteps      | 1583104      |
| train/                  |              |
|    approx_kl            | 0.0006923395 |
|    clip_fraction        | 0            |
|    clip_range           | 0.2          |
|    entropy_loss         | -3.06        |
|    explained_variance   | 0            |
|    learning_rate        | 0.0003       |
|    loss                 | 1.68e+07     |
|    n_updates            | 7720         |
|    policy_gradient_loss | -0.00154     |
|    value_loss           | 3.65e+07     |
------------------------------------------
------------------------------------------
| rollout/                |              |
|    ep_len_mean          | 100          |
|    ep_rew_mean          | -4.45e+04    |
| time/                   |              |
|    fps                  | 100          |
|    iterations           | 774          |
|    time_elapsed         | 15813        |
|    total_timesteps      | 1585152      |
| train/                  |              |
|    approx_kl            | 0.0006876549 |
|    clip_fraction        | 0            |
|    clip_range           | 0.2          |
|    entropy_loss         | -3.07        |
|    explained_variance   | 0            |
|    learning_rate        | 0.0003       |
|    loss                 | 1.95e+07     |
|    n_updates            | 7730         |
|    policy_gradient_loss | -0.000796    |
|    value_loss           | 3.75e+07     |
------------------------------------------
-------------------------------------------
| rollout/                |               |
|    ep_len_mean          | 100           |
|    ep_rew_mean          | -4.49e+04     |
| time/                   |               |
|    fps                  | 100           |
|    iterations           | 775           |
|    time_elapsed         | 15836         |
|    total_timesteps      | 1587200       |
| train/                  |               |
|    approx_kl            | 0.00034798676 |
|    clip_fraction        | 0             |
|    clip_range           | 0.2           |
|    entropy_loss         | -3.07         |
|    explained_variance   | 0             |
|    learning_rate        | 0.0003        |
|    loss                 | 1.84e+07      |
|    n_updates            | 7740          |
|    policy_gradient_loss | -0.000749     |
|    value_loss           | 3.74e+07      |
-------------------------------------------
-------------------------------------------
| rollout/                |               |
|    ep_len_mean          | 100           |
|    ep_rew_mean          | -4.51e+04     |
| time/                   |               |
|    fps                  | 100           |
|    iterations           | 776           |
|    time_elapsed         | 15856         |
|    total_timesteps      | 1589248       |
| train/                  |               |
|    approx_kl            | 0.00038375714 |
|    clip_fraction        | 0             |
|    clip_range           | 0.2           |
|    entropy_loss         | -3.06         |
|    explained_variance   | -1.19e-07     |
|    learning_rate        | 0.0003        |
|    loss                 | 1.87e+07      |
|    n_updates            | 7750          |
|    policy_gradient_loss | -0.00082      |
|    value_loss           | 3.82e+07      |
-------------------------------------------
-------------------------------------------
| rollout/                |               |
|    ep_len_mean          | 100           |
|    ep_rew_mean          | -4.54e+04     |
| time/                   |               |
|    fps                  | 100           |
|    iterations           | 777           |
|    time_elapsed         | 15879         |
|    total_timesteps      | 1591296       |
| train/                  |               |
|    approx_kl            | 0.00035155928 |
|    clip_fraction        | 0             |
|    clip_range           | 0.2           |
|    entropy_loss         | -3.06         |
|    explained_variance   | 0             |
|    learning_rate        | 0.0003        |
|    loss                 | 2.03e+07      |
|    n_updates            | 7760          |
|    policy_gradient_loss | -0.000802     |
|    value_loss           | 3.71e+07      |
-------------------------------------------
------------------------------------------
| rollout/                |              |
|    ep_len_mean          | 100          |
|    ep_rew_mean          | -4.53e+04    |
| time/                   |              |
|    fps                  | 100          |
|    iterations           | 778          |
|    time_elapsed         | 15898        |
|    total_timesteps      | 1593344      |
| train/                  |              |
|    approx_kl            | 0.0007121328 |
|    clip_fraction        | 0            |
|    clip_range           | 0.2          |
|    entropy_loss         | -3.05        |
|    explained_variance   | -1.19e-07    |
|    learning_rate        | 0.0003       |
|    loss                 | 2.23e+07     |
|    n_updates            | 7770         |
|    policy_gradient_loss | -0.00153     |
|    value_loss           | 3.97e+07     |
------------------------------------------
-------------------------------------------
| rollout/                |               |
|    ep_len_mean          | 100           |
|    ep_rew_mean          | -4.51e+04     |
| time/                   |               |
|    fps                  | 100           |
|    iterations           | 779           |
|    time_elapsed         | 15921         |
|    total_timesteps      | 1595392       |
| train/                  |               |
|    approx_kl            | 0.00068309426 |
|    clip_fraction        | 0             |
|    clip_range           | 0.2           |
|    entropy_loss         | -3.06         |
|    explained_variance   | 0             |
|    learning_rate        | 0.0003        |
|    loss                 | 1.78e+07      |
|    n_updates            | 7780          |
|    policy_gradient_loss | -0.00109      |
|    value_loss           | 3.72e+07      |
-------------------------------------------
------------------------------------------
| rollout/                |              |
|    ep_len_mean          | 100          |
|    ep_rew_mean          | -4.5e+04     |
| time/                   |              |
|    fps                  | 100          |
|    iterations           | 780          |
|    time_elapsed         | 15942        |
|    total_timesteps      | 1597440      |
| train/                  |              |
|    approx_kl            | 0.0003694373 |
|    clip_fraction        | 0            |
|    clip_range           | 0.2          |
|    entropy_loss         | -3.06        |
|    explained_variance   | 0            |
|    learning_rate        | 0.0003       |
|    loss                 | 1.5e+07      |
|    n_updates            | 7790         |
|    policy_gradient_loss | -0.000926    |
|    value_loss           | 3.69e+07     |
------------------------------------------
------------------------------------------
| rollout/                |              |
|    ep_len_mean          | 100          |
|    ep_rew_mean          | -4.54e+04    |
| time/                   |              |
|    fps                  | 100          |
|    iterations           | 781          |
|    time_elapsed         | 15965        |
|    total_timesteps      | 1599488      |
| train/                  |              |
|    approx_kl            | 0.0005567627 |
|    clip_fraction        | 0            |
|    clip_range           | 0.2          |
|    entropy_loss         | -3.06        |
|    explained_variance   | 0            |
|    learning_rate        | 0.0003       |
|    loss                 | 1.84e+07     |
|    n_updates            | 7800         |
|    policy_gradient_loss | -0.00115     |
|    value_loss           | 3.74e+07     |
------------------------------------------
Eval num_timesteps=1600000, episode_reward=-66803.17 +/- 5654.94
Episode length: 100.00 +/- 0.00
-------------------------------------------
| eval/                   |               |
|    mean_ep_length       | 100           |
|    mean_reward          | -6.68e+04     |
| time/                   |               |
|    total_timesteps      | 1600000       |
| train/                  |               |
|    approx_kl            | 0.00039915394 |
|    clip_fraction        | 0             |
|    clip_range           | 0.2           |
|    entropy_loss         | -3.05         |
|    explained_variance   | -1.19e-07     |
|    learning_rate        | 0.0003        |
|    loss                 | 2.15e+07      |
|    n_updates            | 7810          |
|    policy_gradient_loss | -0.000981     |
|    value_loss           | 3.88e+07      |
-------------------------------------------
----------------------------------
| rollout/           |           |
|    ep_len_mean     | 100       |
|    ep_rew_mean     | -4.51e+04 |
| time/              |           |
|    fps             | 99        |
|    iterations      | 782       |
|    time_elapsed    | 16020     |
|    total_timesteps | 1601536   |
----------------------------------
------------------------------------------
| rollout/                |              |
|    ep_len_mean          | 100          |
|    ep_rew_mean          | -4.54e+04    |
| time/                   |              |
|    fps                  | 99           |
|    iterations           | 783          |
|    time_elapsed         | 16042        |
|    total_timesteps      | 1603584      |
| train/                  |              |
|    approx_kl            | 0.0005417471 |
|    clip_fraction        | 0            |
|    clip_range           | 0.2          |
|    entropy_loss         | -3.06        |
|    explained_variance   | 0            |
|    learning_rate        | 0.0003       |
|    loss                 | 1.81e+07     |
|    n_updates            | 7820         |
|    policy_gradient_loss | -0.000852    |
|    value_loss           | 3.8e+07      |
------------------------------------------
------------------------------------------
| rollout/                |              |
|    ep_len_mean          | 100          |
|    ep_rew_mean          | -4.59e+04    |
| time/                   |              |
|    fps                  | 100          |
|    iterations           | 784          |
|    time_elapsed         | 16056        |
|    total_timesteps      | 1605632      |
| train/                  |              |
|    approx_kl            | 0.0006939384 |
|    clip_fraction        | 0            |
|    clip_range           | 0.2          |
|    entropy_loss         | -3.06        |
|    explained_variance   | 0            |
|    learning_rate        | 0.0003       |
|    loss                 | 1.73e+07     |
|    n_updates            | 7830         |
|    policy_gradient_loss | -0.00125     |
|    value_loss           | 3.77e+07     |
------------------------------------------
-------------------------------------------
| rollout/                |               |
|    ep_len_mean          | 100           |
|    ep_rew_mean          | -4.58e+04     |
| time/                   |               |
|    fps                  | 100           |
|    iterations           | 785           |
|    time_elapsed         | 16072         |
|    total_timesteps      | 1607680       |
| train/                  |               |
|    approx_kl            | 0.00044413778 |
|    clip_fraction        | 0             |
|    clip_range           | 0.2           |
|    entropy_loss         | -3.06         |
|    explained_variance   | 0             |
|    learning_rate        | 0.0003        |
|    loss                 | 1.88e+07      |
|    n_updates            | 7840          |
|    policy_gradient_loss | -0.000866     |
|    value_loss           | 3.98e+07      |
-------------------------------------------
-------------------------------------------
| rollout/                |               |
|    ep_len_mean          | 100           |
|    ep_rew_mean          | -4.56e+04     |
| time/                   |               |
|    fps                  | 100           |
|    iterations           | 786           |
|    time_elapsed         | 16093         |
|    total_timesteps      | 1609728       |
| train/                  |               |
|    approx_kl            | 0.00031243011 |
|    clip_fraction        | 0             |
|    clip_range           | 0.2           |
|    entropy_loss         | -3.06         |
|    explained_variance   | 0             |
|    learning_rate        | 0.0003        |
|    loss                 | 1.95e+07      |
|    n_updates            | 7850          |
|    policy_gradient_loss | -0.000588     |
|    value_loss           | 3.58e+07      |
-------------------------------------------
------------------------------------------
| rollout/                |              |
|    ep_len_mean          | 100          |
|    ep_rew_mean          | -4.53e+04    |
| time/                   |              |
|    fps                  | 100          |
|    iterations           | 787          |
|    time_elapsed         | 16107        |
|    total_timesteps      | 1611776      |
| train/                  |              |
|    approx_kl            | 0.0006083863 |
|    clip_fraction        | 0            |
|    clip_range           | 0.2          |
|    entropy_loss         | -3.06        |
|    explained_variance   | 0            |
|    learning_rate        | 0.0003       |
|    loss                 | 1.96e+07     |
|    n_updates            | 7860         |
|    policy_gradient_loss | -0.00139     |
|    value_loss           | 3.78e+07     |
------------------------------------------
------------------------------------------
| rollout/                |              |
|    ep_len_mean          | 100          |
|    ep_rew_mean          | -4.52e+04    |
| time/                   |              |
|    fps                  | 100          |
|    iterations           | 788          |
|    time_elapsed         | 16129        |
|    total_timesteps      | 1613824      |
| train/                  |              |
|    approx_kl            | 0.0007244846 |
|    clip_fraction        | 0            |
|    clip_range           | 0.2          |
|    entropy_loss         | -3.06        |
|    explained_variance   | 0            |
|    learning_rate        | 0.0003       |
|    loss                 | 1.58e+07     |
|    n_updates            | 7870         |
|    policy_gradient_loss | -0.00122     |
|    value_loss           | 3.62e+07     |
------------------------------------------
-------------------------------------------
| rollout/                |               |
|    ep_len_mean          | 100           |
|    ep_rew_mean          | -4.46e+04     |
| time/                   |               |
|    fps                  | 100           |
|    iterations           | 789           |
|    time_elapsed         | 16142         |
|    total_timesteps      | 1615872       |
| train/                  |               |
|    approx_kl            | 0.00029149922 |
|    clip_fraction        | 0             |
|    clip_range           | 0.2           |
|    entropy_loss         | -3.06         |
|    explained_variance   | 0             |
|    learning_rate        | 0.0003        |
|    loss                 | 1.84e+07      |
|    n_updates            | 7880          |
|    policy_gradient_loss | -0.000706     |
|    value_loss           | 3.69e+07      |
-------------------------------------------
------------------------------------------
| rollout/                |              |
|    ep_len_mean          | 100          |
|    ep_rew_mean          | -4.47e+04    |
| time/                   |              |
|    fps                  | 100          |
|    iterations           | 790          |
|    time_elapsed         | 16159        |
|    total_timesteps      | 1617920      |
| train/                  |              |
|    approx_kl            | 0.0008387624 |
|    clip_fraction        | 0            |
|    clip_range           | 0.2          |
|    entropy_loss         | -3.05        |
|    explained_variance   | 0            |
|    learning_rate        | 0.0003       |
|    loss                 | 1.79e+07     |
|    n_updates            | 7890         |
|    policy_gradient_loss | -0.00162     |
|    value_loss           | 3.7e+07      |
------------------------------------------
-------------------------------------------
| rollout/                |               |
|    ep_len_mean          | 100           |
|    ep_rew_mean          | -4.44e+04     |
| time/                   |               |
|    fps                  | 100           |
|    iterations           | 791           |
|    time_elapsed         | 16175         |
|    total_timesteps      | 1619968       |
| train/                  |               |
|    approx_kl            | 0.00024248046 |
|    clip_fraction        | 0             |
|    clip_range           | 0.2           |
|    entropy_loss         | -3.05         |
|    explained_variance   | 0             |
|    learning_rate        | 0.0003        |
|    loss                 | 1.67e+07      |
|    n_updates            | 7900          |
|    policy_gradient_loss | -0.000389     |
|    value_loss           | 3.46e+07      |
-------------------------------------------
------------------------------------------
| rollout/                |              |
|    ep_len_mean          | 100          |
|    ep_rew_mean          | -4.47e+04    |
| time/                   |              |
|    fps                  | 100          |
|    iterations           | 792          |
|    time_elapsed         | 16194        |
|    total_timesteps      | 1622016      |
| train/                  |              |
|    approx_kl            | 0.0004227058 |
|    clip_fraction        | 0            |
|    clip_range           | 0.2          |
|    entropy_loss         | -3.05        |
|    explained_variance   | -1.19e-07    |
|    learning_rate        | 0.0003       |
|    loss                 | 1.77e+07     |
|    n_updates            | 7910         |
|    policy_gradient_loss | -0.000958    |
|    value_loss           | 3.62e+07     |
------------------------------------------
------------------------------------------
| rollout/                |              |
|    ep_len_mean          | 100          |
|    ep_rew_mean          | -4.47e+04    |
| time/                   |              |
|    fps                  | 100          |
|    iterations           | 793          |
|    time_elapsed         | 16216        |
|    total_timesteps      | 1624064      |
| train/                  |              |
|    approx_kl            | 0.0002206297 |
|    clip_fraction        | 0            |
|    clip_range           | 0.2          |
|    entropy_loss         | -3.05        |
|    explained_variance   | -1.19e-07    |
|    learning_rate        | 0.0003       |
|    loss                 | 1.95e+07     |
|    n_updates            | 7920         |
|    policy_gradient_loss | -0.000498    |
|    value_loss           | 3.69e+07     |
------------------------------------------
------------------------------------------
| rollout/                |              |
|    ep_len_mean          | 100          |
|    ep_rew_mean          | -4.47e+04    |
| time/                   |              |
|    fps                  | 100          |
|    iterations           | 794          |
|    time_elapsed         | 16235        |
|    total_timesteps      | 1626112      |
| train/                  |              |
|    approx_kl            | 0.0006890098 |
|    clip_fraction        | 0            |
|    clip_range           | 0.2          |
|    entropy_loss         | -3.05        |
|    explained_variance   | 0            |
|    learning_rate        | 0.0003       |
|    loss                 | 1.75e+07     |
|    n_updates            | 7930         |
|    policy_gradient_loss | -0.00132     |
|    value_loss           | 3.68e+07     |
------------------------------------------
-------------------------------------------
| rollout/                |               |
|    ep_len_mean          | 100           |
|    ep_rew_mean          | -4.45e+04     |
| time/                   |               |
|    fps                  | 100           |
|    iterations           | 795           |
|    time_elapsed         | 16252         |
|    total_timesteps      | 1628160       |
| train/                  |               |
|    approx_kl            | 0.00077526097 |
|    clip_fraction        | 0             |
|    clip_range           | 0.2           |
|    entropy_loss         | -3.05         |
|    explained_variance   | 0             |
|    learning_rate        | 0.0003        |
|    loss                 | 1.76e+07      |
|    n_updates            | 7940          |
|    policy_gradient_loss | -0.00137      |
|    value_loss           | 3.68e+07      |
-------------------------------------------
------------------------------------------
| rollout/                |              |
|    ep_len_mean          | 100          |
|    ep_rew_mean          | -4.47e+04    |
| time/                   |              |
|    fps                  | 100          |
|    iterations           | 796          |
|    time_elapsed         | 16271        |
|    total_timesteps      | 1630208      |
| train/                  |              |
|    approx_kl            | 0.0011759227 |
|    clip_fraction        | 0            |
|    clip_range           | 0.2          |
|    entropy_loss         | -3.05        |
|    explained_variance   | 0            |
|    learning_rate        | 0.0003       |
|    loss                 | 1.65e+07     |
|    n_updates            | 7950         |
|    policy_gradient_loss | -0.00187     |
|    value_loss           | 3.48e+07     |
------------------------------------------
-----------------------------------------
| rollout/                |             |
|    ep_len_mean          | 100         |
|    ep_rew_mean          | -4.47e+04   |
| time/                   |             |
|    fps                  | 100         |
|    iterations           | 797         |
|    time_elapsed         | 16292       |
|    total_timesteps      | 1632256     |
| train/                  |             |
|    approx_kl            | 4.18906e-05 |
|    clip_fraction        | 0           |
|    clip_range           | 0.2         |
|    entropy_loss         | -3.05       |
|    explained_variance   | 0           |
|    learning_rate        | 0.0003      |
|    loss                 | 1.81e+07    |
|    n_updates            | 7960        |
|    policy_gradient_loss | -5.08e-05   |
|    value_loss           | 3.58e+07    |
-----------------------------------------
-------------------------------------------
| rollout/                |               |
|    ep_len_mean          | 100           |
|    ep_rew_mean          | -4.48e+04     |
| time/                   |               |
|    fps                  | 100           |
|    iterations           | 798           |
|    time_elapsed         | 16311         |
|    total_timesteps      | 1634304       |
| train/                  |               |
|    approx_kl            | 0.00060406374 |
|    clip_fraction        | 0             |
|    clip_range           | 0.2           |
|    entropy_loss         | -3.05         |
|    explained_variance   | -1.19e-07     |
|    learning_rate        | 0.0003        |
|    loss                 | 2.05e+07      |
|    n_updates            | 7970          |
|    policy_gradient_loss | -0.00104      |
|    value_loss           | 3.89e+07      |
-------------------------------------------
-------------------------------------------
| rollout/                |               |
|    ep_len_mean          | 100           |
|    ep_rew_mean          | -4.48e+04     |
| time/                   |               |
|    fps                  | 100           |
|    iterations           | 799           |
|    time_elapsed         | 16333         |
|    total_timesteps      | 1636352       |
| train/                  |               |
|    approx_kl            | 0.00035304556 |
|    clip_fraction        | 0             |
|    clip_range           | 0.2           |
|    entropy_loss         | -3.06         |
|    explained_variance   | 0             |
|    learning_rate        | 0.0003        |
|    loss                 | 1.53e+07      |
|    n_updates            | 7980          |
|    policy_gradient_loss | -0.000628     |
|    value_loss           | 3.58e+07      |
-------------------------------------------
------------------------------------------
| rollout/                |              |
|    ep_len_mean          | 100          |
|    ep_rew_mean          | -4.49e+04    |
| time/                   |              |
|    fps                  | 100          |
|    iterations           | 800          |
|    time_elapsed         | 16352        |
|    total_timesteps      | 1638400      |
| train/                  |              |
|    approx_kl            | 0.0006051725 |
|    clip_fraction        | 0            |
|    clip_range           | 0.2          |
|    entropy_loss         | -3.06        |
|    explained_variance   | 0            |
|    learning_rate        | 0.0003       |
|    loss                 | 1.95e+07     |
|    n_updates            | 7990         |
|    policy_gradient_loss | -0.000617    |
|    value_loss           | 3.73e+07     |
------------------------------------------
-------------------------------------------
| rollout/                |               |
|    ep_len_mean          | 100           |
|    ep_rew_mean          | -4.47e+04     |
| time/                   |               |
|    fps                  | 100           |
|    iterations           | 801           |
|    time_elapsed         | 16369         |
|    total_timesteps      | 1640448       |
| train/                  |               |
|    approx_kl            | 0.00089830277 |
|    clip_fraction        | 0             |
|    clip_range           | 0.2           |
|    entropy_loss         | -3.06         |
|    explained_variance   | 0             |
|    learning_rate        | 0.0003        |
|    loss                 | 1.75e+07      |
|    n_updates            | 8000          |
|    policy_gradient_loss | -0.00146      |
|    value_loss           | 3.67e+07      |
-------------------------------------------
-------------------------------------------
| rollout/                |               |
|    ep_len_mean          | 100           |
|    ep_rew_mean          | -4.39e+04     |
| time/                   |               |
|    fps                  | 100           |
|    iterations           | 802           |
|    time_elapsed         | 16389         |
|    total_timesteps      | 1642496       |
| train/                  |               |
|    approx_kl            | 0.00025762647 |
|    clip_fraction        | 0             |
|    clip_range           | 0.2           |
|    entropy_loss         | -3.05         |
|    explained_variance   | 0             |
|    learning_rate        | 0.0003        |
|    loss                 | 1.55e+07      |
|    n_updates            | 8010          |
|    policy_gradient_loss | -0.000594     |
|    value_loss           | 3.37e+07      |
-------------------------------------------
-------------------------------------------
| rollout/                |               |
|    ep_len_mean          | 100           |
|    ep_rew_mean          | -4.41e+04     |
| time/                   |               |
|    fps                  | 100           |
|    iterations           | 803           |
|    time_elapsed         | 16411         |
|    total_timesteps      | 1644544       |
| train/                  |               |
|    approx_kl            | 0.00031923014 |
|    clip_fraction        | 0             |
|    clip_range           | 0.2           |
|    entropy_loss         | -3.05         |
|    explained_variance   | 5.96e-08      |
|    learning_rate        | 0.0003        |
|    loss                 | 1.64e+07      |
|    n_updates            | 8020          |
|    policy_gradient_loss | -0.000596     |
|    value_loss           | 3.42e+07      |
-------------------------------------------
-------------------------------------------
| rollout/                |               |
|    ep_len_mean          | 100           |
|    ep_rew_mean          | -4.39e+04     |
| time/                   |               |
|    fps                  | 100           |
|    iterations           | 804           |
|    time_elapsed         | 16432         |
|    total_timesteps      | 1646592       |
| train/                  |               |
|    approx_kl            | 0.00019040171 |
|    clip_fraction        | 0             |
|    clip_range           | 0.2           |
|    entropy_loss         | -3.06         |
|    explained_variance   | 0             |
|    learning_rate        | 0.0003        |
|    loss                 | 1.78e+07      |
|    n_updates            | 8030          |
|    policy_gradient_loss | -0.000243     |
|    value_loss           | 3.65e+07      |
-------------------------------------------
------------------------------------------
| rollout/                |              |
|    ep_len_mean          | 100          |
|    ep_rew_mean          | -4.41e+04    |
| time/                   |              |
|    fps                  | 100          |
|    iterations           | 805          |
|    time_elapsed         | 16452        |
|    total_timesteps      | 1648640      |
| train/                  |              |
|    approx_kl            | 0.0005028424 |
|    clip_fraction        | 0            |
|    clip_range           | 0.2          |
|    entropy_loss         | -3.06        |
|    explained_variance   | 0            |
|    learning_rate        | 0.0003       |
|    loss                 | 1.53e+07     |
|    n_updates            | 8040         |
|    policy_gradient_loss | -0.000759    |
|    value_loss           | 3.37e+07     |
------------------------------------------
Eval num_timesteps=1650000, episode_reward=-131472.36 +/- 9480.04
Episode length: 100.00 +/- 0.00
-------------------------------------------
| eval/                   |               |
|    mean_ep_length       | 100           |
|    mean_reward          | -1.31e+05     |
| time/                   |               |
|    total_timesteps      | 1650000       |
| train/                  |               |
|    approx_kl            | 0.00028289284 |
|    clip_fraction        | 0             |
|    clip_range           | 0.2           |
|    entropy_loss         | -3.06         |
|    explained_variance   | 0             |
|    learning_rate        | 0.0003        |
|    loss                 | 1.63e+07      |
|    n_updates            | 8050          |
|    policy_gradient_loss | -0.000656     |
|    value_loss           | 3.64e+07      |
-------------------------------------------
----------------------------------
| rollout/           |           |
|    ep_len_mean     | 100       |
|    ep_rew_mean     | -4.46e+04 |
| time/              |           |
|    fps             | 100       |
|    iterations      | 806       |
|    time_elapsed    | 16504     |
|    total_timesteps | 1650688   |
----------------------------------
------------------------------------------
| rollout/                |              |
|    ep_len_mean          | 100          |
|    ep_rew_mean          | -4.5e+04     |
| time/                   |              |
|    fps                  | 100          |
|    iterations           | 807          |
|    time_elapsed         | 16524        |
|    total_timesteps      | 1652736      |
| train/                  |              |
|    approx_kl            | 0.0002492444 |
|    clip_fraction        | 0            |
|    clip_range           | 0.2          |
|    entropy_loss         | -3.06        |
|    explained_variance   | -1.19e-07    |
|    learning_rate        | 0.0003       |
|    loss                 | 1.93e+07     |
|    n_updates            | 8060         |
|    policy_gradient_loss | -0.000264    |
|    value_loss           | 3.92e+07     |
------------------------------------------
-------------------------------------------
| rollout/                |               |
|    ep_len_mean          | 100           |
|    ep_rew_mean          | -4.53e+04     |
| time/                   |               |
|    fps                  | 100           |
|    iterations           | 808           |
|    time_elapsed         | 16547         |
|    total_timesteps      | 1654784       |
| train/                  |               |
|    approx_kl            | 0.00036726857 |
|    clip_fraction        | 0             |
|    clip_range           | 0.2           |
|    entropy_loss         | -3.06         |
|    explained_variance   | 0             |
|    learning_rate        | 0.0003        |
|    loss                 | 1.78e+07      |
|    n_updates            | 8070          |
|    policy_gradient_loss | -0.000689     |
|    value_loss           | 3.66e+07      |
-------------------------------------------
-------------------------------------------
| rollout/                |               |
|    ep_len_mean          | 100           |
|    ep_rew_mean          | -4.54e+04     |
| time/                   |               |
|    fps                  | 100           |
|    iterations           | 809           |
|    time_elapsed         | 16566         |
|    total_timesteps      | 1656832       |
| train/                  |               |
|    approx_kl            | 0.00042404264 |
|    clip_fraction        | 0             |
|    clip_range           | 0.2           |
|    entropy_loss         | -3.06         |
|    explained_variance   | 0             |
|    learning_rate        | 0.0003        |
|    loss                 | 1.72e+07      |
|    n_updates            | 8080          |
|    policy_gradient_loss | -0.00108      |
|    value_loss           | 3.91e+07      |
-------------------------------------------
-------------------------------------------
| rollout/                |               |
|    ep_len_mean          | 100           |
|    ep_rew_mean          | -4.51e+04     |
| time/                   |               |
|    fps                  | 100           |
|    iterations           | 810           |
|    time_elapsed         | 16588         |
|    total_timesteps      | 1658880       |
| train/                  |               |
|    approx_kl            | 0.00041428517 |
|    clip_fraction        | 0             |
|    clip_range           | 0.2           |
|    entropy_loss         | -3.06         |
|    explained_variance   | 0             |
|    learning_rate        | 0.0003        |
|    loss                 | 1.67e+07      |
|    n_updates            | 8090          |
|    policy_gradient_loss | -0.000501     |
|    value_loss           | 3.49e+07      |
-------------------------------------------
-------------------------------------------
| rollout/                |               |
|    ep_len_mean          | 100           |
|    ep_rew_mean          | -4.49e+04     |
| time/                   |               |
|    fps                  | 100           |
|    iterations           | 811           |
|    time_elapsed         | 16605         |
|    total_timesteps      | 1660928       |
| train/                  |               |
|    approx_kl            | 0.00025535523 |
|    clip_fraction        | 0             |
|    clip_range           | 0.2           |
|    entropy_loss         | -3.06         |
|    explained_variance   | 0             |
|    learning_rate        | 0.0003        |
|    loss                 | 2.04e+07      |
|    n_updates            | 8100          |
|    policy_gradient_loss | -0.000524     |
|    value_loss           | 3.64e+07      |
-------------------------------------------
-------------------------------------------
| rollout/                |               |
|    ep_len_mean          | 100           |
|    ep_rew_mean          | -4.53e+04     |
| time/                   |               |
|    fps                  | 100           |
|    iterations           | 812           |
|    time_elapsed         | 16627         |
|    total_timesteps      | 1662976       |
| train/                  |               |
|    approx_kl            | 0.00034649114 |
|    clip_fraction        | 0             |
|    clip_range           | 0.2           |
|    entropy_loss         | -3.06         |
|    explained_variance   | 0             |
|    learning_rate        | 0.0003        |
|    loss                 | 1.93e+07      |
|    n_updates            | 8110          |
|    policy_gradient_loss | -0.000819     |
|    value_loss           | 3.63e+07      |
-------------------------------------------
------------------------------------------
| rollout/                |              |
|    ep_len_mean          | 100          |
|    ep_rew_mean          | -4.5e+04     |
| time/                   |              |
|    fps                  | 100          |
|    iterations           | 813          |
|    time_elapsed         | 16646        |
|    total_timesteps      | 1665024      |
| train/                  |              |
|    approx_kl            | 0.0004234096 |
|    clip_fraction        | 0            |
|    clip_range           | 0.2          |
|    entropy_loss         | -3.06        |
|    explained_variance   | 0            |
|    learning_rate        | 0.0003       |
|    loss                 | 1.79e+07     |
|    n_updates            | 8120         |
|    policy_gradient_loss | -0.000652    |
|    value_loss           | 3.98e+07     |
------------------------------------------
------------------------------------------
| rollout/                |              |
|    ep_len_mean          | 100          |
|    ep_rew_mean          | -4.5e+04     |
| time/                   |              |
|    fps                  | 100          |
|    iterations           | 814          |
|    time_elapsed         | 16668        |
|    total_timesteps      | 1667072      |
| train/                  |              |
|    approx_kl            | 0.0013621431 |
|    clip_fraction        | 0            |
|    clip_range           | 0.2          |
|    entropy_loss         | -3.06        |
|    explained_variance   | -1.19e-07    |
|    learning_rate        | 0.0003       |
|    loss                 | 1.71e+07     |
|    n_updates            | 8130         |
|    policy_gradient_loss | -0.00264     |
|    value_loss           | 3.57e+07     |
------------------------------------------
------------------------------------------
| rollout/                |              |
|    ep_len_mean          | 100          |
|    ep_rew_mean          | -4.56e+04    |
| time/                   |              |
|    fps                  | 100          |
|    iterations           | 815          |
|    time_elapsed         | 16684        |
|    total_timesteps      | 1669120      |
| train/                  |              |
|    approx_kl            | 0.0007201596 |
|    clip_fraction        | 0            |
|    clip_range           | 0.2          |
|    entropy_loss         | -3.05        |
|    explained_variance   | -1.19e-07    |
|    learning_rate        | 0.0003       |
|    loss                 | 1.97e+07     |
|    n_updates            | 8140         |
|    policy_gradient_loss | -0.000733    |
|    value_loss           | 3.65e+07     |
------------------------------------------
-------------------------------------------
| rollout/                |               |
|    ep_len_mean          | 100           |
|    ep_rew_mean          | -4.57e+04     |
| time/                   |               |
|    fps                  | 100           |
|    iterations           | 816           |
|    time_elapsed         | 16705         |
|    total_timesteps      | 1671168       |
| train/                  |               |
|    approx_kl            | 0.00034096817 |
|    clip_fraction        | 0             |
|    clip_range           | 0.2           |
|    entropy_loss         | -3.06         |
|    explained_variance   | 5.96e-08      |
|    learning_rate        | 0.0003        |
|    loss                 | 2.03e+07      |
|    n_updates            | 8150          |
|    policy_gradient_loss | -0.000566     |
|    value_loss           | 4.01e+07      |
-------------------------------------------
------------------------------------------
| rollout/                |              |
|    ep_len_mean          | 100          |
|    ep_rew_mean          | -4.56e+04    |
| time/                   |              |
|    fps                  | 100          |
|    iterations           | 817          |
|    time_elapsed         | 16719        |
|    total_timesteps      | 1673216      |
| train/                  |              |
|    approx_kl            | 0.0007124271 |
|    clip_fraction        | 0            |
|    clip_range           | 0.2          |
|    entropy_loss         | -3.06        |
|    explained_variance   | 0            |
|    learning_rate        | 0.0003       |
|    loss                 | 1.85e+07     |
|    n_updates            | 8160         |
|    policy_gradient_loss | -0.000965    |
|    value_loss           | 3.77e+07     |
------------------------------------------
------------------------------------------
| rollout/                |              |
|    ep_len_mean          | 100          |
|    ep_rew_mean          | -4.58e+04    |
| time/                   |              |
|    fps                  | 100          |
|    iterations           | 818          |
|    time_elapsed         | 16740        |
|    total_timesteps      | 1675264      |
| train/                  |              |
|    approx_kl            | 0.0011669899 |
|    clip_fraction        | 0            |
|    clip_range           | 0.2          |
|    entropy_loss         | -3.07        |
|    explained_variance   | 0            |
|    learning_rate        | 0.0003       |
|    loss                 | 1.91e+07     |
|    n_updates            | 8170         |
|    policy_gradient_loss | -0.00185     |
|    value_loss           | 3.88e+07     |
------------------------------------------
-------------------------------------------
| rollout/                |               |
|    ep_len_mean          | 100           |
|    ep_rew_mean          | -4.57e+04     |
| time/                   |               |
|    fps                  | 100           |
|    iterations           | 819           |
|    time_elapsed         | 16756         |
|    total_timesteps      | 1677312       |
| train/                  |               |
|    approx_kl            | 0.00034757608 |
|    clip_fraction        | 0             |
|    clip_range           | 0.2           |
|    entropy_loss         | -3.06         |
|    explained_variance   | 1.19e-07      |
|    learning_rate        | 0.0003        |
|    loss                 | 1.82e+07      |
|    n_updates            | 8180          |
|    policy_gradient_loss | -0.000679     |
|    value_loss           | 3.86e+07      |
-------------------------------------------
-------------------------------------------
| rollout/                |               |
|    ep_len_mean          | 100           |
|    ep_rew_mean          | -4.51e+04     |
| time/                   |               |
|    fps                  | 100           |
|    iterations           | 820           |
|    time_elapsed         | 16770         |
|    total_timesteps      | 1679360       |
| train/                  |               |
|    approx_kl            | 0.00031528514 |
|    clip_fraction        | 0             |
|    clip_range           | 0.2           |
|    entropy_loss         | -3.06         |
|    explained_variance   | 0             |
|    learning_rate        | 0.0003        |
|    loss                 | 1.95e+07      |
|    n_updates            | 8190          |
|    policy_gradient_loss | -0.000872     |
|    value_loss           | 3.48e+07      |
-------------------------------------------
-------------------------------------------
| rollout/                |               |
|    ep_len_mean          | 100           |
|    ep_rew_mean          | -4.51e+04     |
| time/                   |               |
|    fps                  | 100           |
|    iterations           | 821           |
|    time_elapsed         | 16787         |
|    total_timesteps      | 1681408       |
| train/                  |               |
|    approx_kl            | 0.00076075643 |
|    clip_fraction        | 0             |
|    clip_range           | 0.2           |
|    entropy_loss         | -3.06         |
|    explained_variance   | 0             |
|    learning_rate        | 0.0003        |
|    loss                 | 1.91e+07      |
|    n_updates            | 8200          |
|    policy_gradient_loss | -0.00129      |
|    value_loss           | 3.61e+07      |
-------------------------------------------
-------------------------------------------
| rollout/                |               |
|    ep_len_mean          | 100           |
|    ep_rew_mean          | -4.48e+04     |
| time/                   |               |
|    fps                  | 100           |
|    iterations           | 822           |
|    time_elapsed         | 16808         |
|    total_timesteps      | 1683456       |
| train/                  |               |
|    approx_kl            | 0.00026065664 |
|    clip_fraction        | 0             |
|    clip_range           | 0.2           |
|    entropy_loss         | -3.05         |
|    explained_variance   | 5.96e-08      |
|    learning_rate        | 0.0003        |
|    loss                 | 1.58e+07      |
|    n_updates            | 8210          |
|    policy_gradient_loss | -0.000587     |
|    value_loss           | 3.64e+07      |
-------------------------------------------
-------------------------------------------
| rollout/                |               |
|    ep_len_mean          | 100           |
|    ep_rew_mean          | -4.45e+04     |
| time/                   |               |
|    fps                  | 100           |
|    iterations           | 823           |
|    time_elapsed         | 16820         |
|    total_timesteps      | 1685504       |
| train/                  |               |
|    approx_kl            | 0.00022453544 |
|    clip_fraction        | 0             |
|    clip_range           | 0.2           |
|    entropy_loss         | -3.05         |
|    explained_variance   | -1.19e-07     |
|    learning_rate        | 0.0003        |
|    loss                 | 1.8e+07       |
|    n_updates            | 8220          |
|    policy_gradient_loss | -0.000417     |
|    value_loss           | 3.69e+07      |
-------------------------------------------
-------------------------------------------
| rollout/                |               |
|    ep_len_mean          | 100           |
|    ep_rew_mean          | -4.46e+04     |
| time/                   |               |
|    fps                  | 100           |
|    iterations           | 824           |
|    time_elapsed         | 16843         |
|    total_timesteps      | 1687552       |
| train/                  |               |
|    approx_kl            | 0.00028703792 |
|    clip_fraction        | 0             |
|    clip_range           | 0.2           |
|    entropy_loss         | -3.05         |
|    explained_variance   | 0             |
|    learning_rate        | 0.0003        |
|    loss                 | 1.57e+07      |
|    n_updates            | 8230          |
|    policy_gradient_loss | -0.000632     |
|    value_loss           | 3.47e+07      |
-------------------------------------------
-------------------------------------------
| rollout/                |               |
|    ep_len_mean          | 100           |
|    ep_rew_mean          | -4.47e+04     |
| time/                   |               |
|    fps                  | 100           |
|    iterations           | 825           |
|    time_elapsed         | 16863         |
|    total_timesteps      | 1689600       |
| train/                  |               |
|    approx_kl            | 0.00022583175 |
|    clip_fraction        | 0             |
|    clip_range           | 0.2           |
|    entropy_loss         | -3.05         |
|    explained_variance   | 0             |
|    learning_rate        | 0.0003        |
|    loss                 | 1.65e+07      |
|    n_updates            | 8240          |
|    policy_gradient_loss | -0.000371     |
|    value_loss           | 3.57e+07      |
-------------------------------------------
-----------------------------------------
| rollout/                |             |
|    ep_len_mean          | 100         |
|    ep_rew_mean          | -4.44e+04   |
| time/                   |             |
|    fps                  | 100         |
|    iterations           | 826         |
|    time_elapsed         | 16880       |
|    total_timesteps      | 1691648     |
| train/                  |             |
|    approx_kl            | 0.001060961 |
|    clip_fraction        | 0           |
|    clip_range           | 0.2         |
|    entropy_loss         | -3.05       |
|    explained_variance   | 0           |
|    learning_rate        | 0.0003      |
|    loss                 | 1.77e+07    |
|    n_updates            | 8250        |
|    policy_gradient_loss | -0.00161    |
|    value_loss           | 3.72e+07    |
-----------------------------------------
------------------------------------------
| rollout/                |              |
|    ep_len_mean          | 100          |
|    ep_rew_mean          | -4.43e+04    |
| time/                   |              |
|    fps                  | 100          |
|    iterations           | 827          |
|    time_elapsed         | 16895        |
|    total_timesteps      | 1693696      |
| train/                  |              |
|    approx_kl            | 0.0006258946 |
|    clip_fraction        | 0            |
|    clip_range           | 0.2          |
|    entropy_loss         | -3.05        |
|    explained_variance   | -1.19e-07    |
|    learning_rate        | 0.0003       |
|    loss                 | 1.82e+07     |
|    n_updates            | 8260         |
|    policy_gradient_loss | -0.000495    |
|    value_loss           | 3.49e+07     |
------------------------------------------
------------------------------------------
| rollout/                |              |
|    ep_len_mean          | 100          |
|    ep_rew_mean          | -4.47e+04    |
| time/                   |              |
|    fps                  | 100          |
|    iterations           | 828          |
|    time_elapsed         | 16916        |
|    total_timesteps      | 1695744      |
| train/                  |              |
|    approx_kl            | 0.0004184052 |
|    clip_fraction        | 0            |
|    clip_range           | 0.2          |
|    entropy_loss         | -3.05        |
|    explained_variance   | 0            |
|    learning_rate        | 0.0003       |
|    loss                 | 1.99e+07     |
|    n_updates            | 8270         |
|    policy_gradient_loss | -0.00061     |
|    value_loss           | 3.64e+07     |
------------------------------------------
------------------------------------------
| rollout/                |              |
|    ep_len_mean          | 100          |
|    ep_rew_mean          | -4.46e+04    |
| time/                   |              |
|    fps                  | 100          |
|    iterations           | 829          |
|    time_elapsed         | 16930        |
|    total_timesteps      | 1697792      |
| train/                  |              |
|    approx_kl            | 0.0008469545 |
|    clip_fraction        | 0            |
|    clip_range           | 0.2          |
|    entropy_loss         | -3.05        |
|    explained_variance   | 0            |
|    learning_rate        | 0.0003       |
|    loss                 | 1.9e+07      |
|    n_updates            | 8280         |
|    policy_gradient_loss | -0.00139     |
|    value_loss           | 3.87e+07     |
------------------------------------------
------------------------------------------
| rollout/                |              |
|    ep_len_mean          | 100          |
|    ep_rew_mean          | -4.49e+04    |
| time/                   |              |
|    fps                  | 100          |
|    iterations           | 830          |
|    time_elapsed         | 16951        |
|    total_timesteps      | 1699840      |
| train/                  |              |
|    approx_kl            | 0.0006107763 |
|    clip_fraction        | 0            |
|    clip_range           | 0.2          |
|    entropy_loss         | -3.05        |
|    explained_variance   | -1.19e-07    |
|    learning_rate        | 0.0003       |
|    loss                 | 1.63e+07     |
|    n_updates            | 8290         |
|    policy_gradient_loss | -0.00104     |
|    value_loss           | 3.67e+07     |
------------------------------------------
Eval num_timesteps=1700000, episode_reward=-132929.05 +/- 7900.49
Episode length: 100.00 +/- 0.00
-------------------------------------------
| eval/                   |               |
|    mean_ep_length       | 100           |
|    mean_reward          | -1.33e+05     |
| time/                   |               |
|    total_timesteps      | 1700000       |
| train/                  |               |
|    approx_kl            | 0.00050380686 |
|    clip_fraction        | 0             |
|    clip_range           | 0.2           |
|    entropy_loss         | -3.04         |
|    explained_variance   | 0             |
|    learning_rate        | 0.0003        |
|    loss                 | 2.06e+07      |
|    n_updates            | 8300          |
|    policy_gradient_loss | -0.00103      |
|    value_loss           | 3.92e+07      |
-------------------------------------------
---------------------------------
| rollout/           |          |
|    ep_len_mean     | 100      |
|    ep_rew_mean     | -4.5e+04 |
| time/              |          |
|    fps             | 100      |
|    iterations      | 831      |
|    time_elapsed    | 17002    |
|    total_timesteps | 1701888  |
---------------------------------
------------------------------------------
| rollout/                |              |
|    ep_len_mean          | 100          |
|    ep_rew_mean          | -4.52e+04    |
| time/                   |              |
|    fps                  | 100          |
|    iterations           | 832          |
|    time_elapsed         | 17023        |
|    total_timesteps      | 1703936      |
| train/                  |              |
|    approx_kl            | 0.0006131014 |
|    clip_fraction        | 0            |
|    clip_range           | 0.2          |
|    entropy_loss         | -3.04        |
|    explained_variance   | 1.19e-07     |
|    learning_rate        | 0.0003       |
|    loss                 | 2.03e+07     |
|    n_updates            | 8310         |
|    policy_gradient_loss | -0.00112     |
|    value_loss           | 3.8e+07      |
------------------------------------------
-------------------------------------------
| rollout/                |               |
|    ep_len_mean          | 100           |
|    ep_rew_mean          | -4.5e+04      |
| time/                   |               |
|    fps                  | 100           |
|    iterations           | 833           |
|    time_elapsed         | 17046         |
|    total_timesteps      | 1705984       |
| train/                  |               |
|    approx_kl            | 0.00034853362 |
|    clip_fraction        | 0             |
|    clip_range           | 0.2           |
|    entropy_loss         | -3.04         |
|    explained_variance   | -1.19e-07     |
|    learning_rate        | 0.0003        |
|    loss                 | 1.69e+07      |
|    n_updates            | 8320          |
|    policy_gradient_loss | -0.000617     |
|    value_loss           | 3.65e+07      |
-------------------------------------------
------------------------------------------
| rollout/                |              |
|    ep_len_mean          | 100          |
|    ep_rew_mean          | -4.52e+04    |
| time/                   |              |
|    fps                  | 100          |
|    iterations           | 834          |
|    time_elapsed         | 17066        |
|    total_timesteps      | 1708032      |
| train/                  |              |
|    approx_kl            | 0.0009967361 |
|    clip_fraction        | 0            |
|    clip_range           | 0.2          |
|    entropy_loss         | -3.04        |
|    explained_variance   | 0            |
|    learning_rate        | 0.0003       |
|    loss                 | 1.73e+07     |
|    n_updates            | 8330         |
|    policy_gradient_loss | -0.00128     |
|    value_loss           | 3.64e+07     |
------------------------------------------
------------------------------------------
| rollout/                |              |
|    ep_len_mean          | 100          |
|    ep_rew_mean          | -4.49e+04    |
| time/                   |              |
|    fps                  | 100          |
|    iterations           | 835          |
|    time_elapsed         | 17090        |
|    total_timesteps      | 1710080      |
| train/                  |              |
|    approx_kl            | 0.0013422996 |
|    clip_fraction        | 0            |
|    clip_range           | 0.2          |
|    entropy_loss         | -3.04        |
|    explained_variance   | 5.96e-08     |
|    learning_rate        | 0.0003       |
|    loss                 | 2.04e+07     |
|    n_updates            | 8340         |
|    policy_gradient_loss | -0.00233     |
|    value_loss           | 3.78e+07     |
------------------------------------------
------------------------------------------
| rollout/                |              |
|    ep_len_mean          | 100          |
|    ep_rew_mean          | -4.49e+04    |
| time/                   |              |
|    fps                  | 100          |
|    iterations           | 836          |
|    time_elapsed         | 17108        |
|    total_timesteps      | 1712128      |
| train/                  |              |
|    approx_kl            | 0.0002803601 |
|    clip_fraction        | 0            |
|    clip_range           | 0.2          |
|    entropy_loss         | -3.03        |
|    explained_variance   | 0            |
|    learning_rate        | 0.0003       |
|    loss                 | 1.63e+07     |
|    n_updates            | 8350         |
|    policy_gradient_loss | -0.000624    |
|    value_loss           | 3.7e+07      |
------------------------------------------
------------------------------------------
| rollout/                |              |
|    ep_len_mean          | 100          |
|    ep_rew_mean          | -4.46e+04    |
| time/                   |              |
|    fps                  | 100          |
|    iterations           | 837          |
|    time_elapsed         | 17131        |
|    total_timesteps      | 1714176      |
| train/                  |              |
|    approx_kl            | 0.0006010075 |
|    clip_fraction        | 0            |
|    clip_range           | 0.2          |
|    entropy_loss         | -3.04        |
|    explained_variance   | 0            |
|    learning_rate        | 0.0003       |
|    loss                 | 1.89e+07     |
|    n_updates            | 8360         |
|    policy_gradient_loss | -0.000615    |
|    value_loss           | 3.59e+07     |
------------------------------------------
------------------------------------------
| rollout/                |              |
|    ep_len_mean          | 100          |
|    ep_rew_mean          | -4.46e+04    |
| time/                   |              |
|    fps                  | 100          |
|    iterations           | 838          |
|    time_elapsed         | 17146        |
|    total_timesteps      | 1716224      |
| train/                  |              |
|    approx_kl            | 9.007691e-05 |
|    clip_fraction        | 0            |
|    clip_range           | 0.2          |
|    entropy_loss         | -3.04        |
|    explained_variance   | 0            |
|    learning_rate        | 0.0003       |
|    loss                 | 1.77e+07     |
|    n_updates            | 8370         |
|    policy_gradient_loss | -8.1e-05     |
|    value_loss           | 3.44e+07     |
------------------------------------------
------------------------------------------
| rollout/                |              |
|    ep_len_mean          | 100          |
|    ep_rew_mean          | -4.46e+04    |
| time/                   |              |
|    fps                  | 100          |
|    iterations           | 839          |
|    time_elapsed         | 17162        |
|    total_timesteps      | 1718272      |
| train/                  |              |
|    approx_kl            | 0.0007023441 |
|    clip_fraction        | 0            |
|    clip_range           | 0.2          |
|    entropy_loss         | -3.05        |
|    explained_variance   | 0            |
|    learning_rate        | 0.0003       |
|    loss                 | 1.85e+07     |
|    n_updates            | 8380         |
|    policy_gradient_loss | -0.000681    |
|    value_loss           | 3.62e+07     |
------------------------------------------
-------------------------------------------
| rollout/                |               |
|    ep_len_mean          | 100           |
|    ep_rew_mean          | -4.42e+04     |
| time/                   |               |
|    fps                  | 100           |
|    iterations           | 840           |
|    time_elapsed         | 17177         |
|    total_timesteps      | 1720320       |
| train/                  |               |
|    approx_kl            | 0.00036311723 |
|    clip_fraction        | 0             |
|    clip_range           | 0.2           |
|    entropy_loss         | -3.05         |
|    explained_variance   | -1.19e-07     |
|    learning_rate        | 0.0003        |
|    loss                 | 1.8e+07       |
|    n_updates            | 8390          |
|    policy_gradient_loss | -0.000788     |
|    value_loss           | 3.74e+07      |
-------------------------------------------
-------------------------------------------
| rollout/                |               |
|    ep_len_mean          | 100           |
|    ep_rew_mean          | -4.37e+04     |
| time/                   |               |
|    fps                  | 100           |
|    iterations           | 841           |
|    time_elapsed         | 17198         |
|    total_timesteps      | 1722368       |
| train/                  |               |
|    approx_kl            | 0.00021991911 |
|    clip_fraction        | 0             |
|    clip_range           | 0.2           |
|    entropy_loss         | -3.05         |
|    explained_variance   | 0             |
|    learning_rate        | 0.0003        |
|    loss                 | 1.65e+07      |
|    n_updates            | 8400          |
|    policy_gradient_loss | -0.000503     |
|    value_loss           | 3.2e+07       |
-------------------------------------------
-------------------------------------------
| rollout/                |               |
|    ep_len_mean          | 100           |
|    ep_rew_mean          | -4.36e+04     |
| time/                   |               |
|    fps                  | 100           |
|    iterations           | 842           |
|    time_elapsed         | 17219         |
|    total_timesteps      | 1724416       |
| train/                  |               |
|    approx_kl            | 0.00030459758 |
|    clip_fraction        | 0             |
|    clip_range           | 0.2           |
|    entropy_loss         | -3.05         |
|    explained_variance   | 0             |
|    learning_rate        | 0.0003        |
|    loss                 | 1.53e+07      |
|    n_updates            | 8410          |
|    policy_gradient_loss | -0.000225     |
|    value_loss           | 3.18e+07      |
-------------------------------------------
------------------------------------------
| rollout/                |              |
|    ep_len_mean          | 100          |
|    ep_rew_mean          | -4.35e+04    |
| time/                   |              |
|    fps                  | 100          |
|    iterations           | 843          |
|    time_elapsed         | 17235        |
|    total_timesteps      | 1726464      |
| train/                  |              |
|    approx_kl            | 0.0003153686 |
|    clip_fraction        | 0            |
|    clip_range           | 0.2          |
|    entropy_loss         | -3.05        |
|    explained_variance   | -1.19e-07    |
|    learning_rate        | 0.0003       |
|    loss                 | 1.81e+07     |
|    n_updates            | 8420         |
|    policy_gradient_loss | -0.000339    |
|    value_loss           | 3.31e+07     |
------------------------------------------
------------------------------------------
| rollout/                |              |
|    ep_len_mean          | 100          |
|    ep_rew_mean          | -4.34e+04    |
| time/                   |              |
|    fps                  | 100          |
|    iterations           | 844          |
|    time_elapsed         | 17257        |
|    total_timesteps      | 1728512      |
| train/                  |              |
|    approx_kl            | 0.0010150836 |
|    clip_fraction        | 0            |
|    clip_range           | 0.2          |
|    entropy_loss         | -3.06        |
|    explained_variance   | 0            |
|    learning_rate        | 0.0003       |
|    loss                 | 1.75e+07     |
|    n_updates            | 8430         |
|    policy_gradient_loss | -0.00144     |
|    value_loss           | 3.61e+07     |
------------------------------------------
------------------------------------------
| rollout/                |              |
|    ep_len_mean          | 100          |
|    ep_rew_mean          | -4.36e+04    |
| time/                   |              |
|    fps                  | 100          |
|    iterations           | 845          |
|    time_elapsed         | 17277        |
|    total_timesteps      | 1730560      |
| train/                  |              |
|    approx_kl            | 0.0004554646 |
|    clip_fraction        | 0            |
|    clip_range           | 0.2          |
|    entropy_loss         | -3.06        |
|    explained_variance   | 0            |
|    learning_rate        | 0.0003       |
|    loss                 | 1.76e+07     |
|    n_updates            | 8440         |
|    policy_gradient_loss | -0.00074     |
|    value_loss           | 3.55e+07     |
------------------------------------------
-------------------------------------------
| rollout/                |               |
|    ep_len_mean          | 100           |
|    ep_rew_mean          | -4.4e+04      |
| time/                   |               |
|    fps                  | 100           |
|    iterations           | 846           |
|    time_elapsed         | 17299         |
|    total_timesteps      | 1732608       |
| train/                  |               |
|    approx_kl            | 0.00030429882 |
|    clip_fraction        | 0             |
|    clip_range           | 0.2           |
|    entropy_loss         | -3.06         |
|    explained_variance   | -1.19e-07     |
|    learning_rate        | 0.0003        |
|    loss                 | 1.68e+07      |
|    n_updates            | 8450          |
|    policy_gradient_loss | -0.000579     |
|    value_loss           | 3.47e+07      |
-------------------------------------------
------------------------------------------
| rollout/                |              |
|    ep_len_mean          | 100          |
|    ep_rew_mean          | -4.46e+04    |
| time/                   |              |
|    fps                  | 100          |
|    iterations           | 847          |
|    time_elapsed         | 17314        |
|    total_timesteps      | 1734656      |
| train/                  |              |
|    approx_kl            | 0.0007525669 |
|    clip_fraction        | 0            |
|    clip_range           | 0.2          |
|    entropy_loss         | -3.06        |
|    explained_variance   | 0            |
|    learning_rate        | 0.0003       |
|    loss                 | 1.72e+07     |
|    n_updates            | 8460         |
|    policy_gradient_loss | -0.00158     |
|    value_loss           | 3.37e+07     |
------------------------------------------
-------------------------------------------
| rollout/                |               |
|    ep_len_mean          | 100           |
|    ep_rew_mean          | -4.46e+04     |
| time/                   |               |
|    fps                  | 100           |
|    iterations           | 848           |
|    time_elapsed         | 17337         |
|    total_timesteps      | 1736704       |
| train/                  |               |
|    approx_kl            | 0.00033116585 |
|    clip_fraction        | 0             |
|    clip_range           | 0.2           |
|    entropy_loss         | -3.06         |
|    explained_variance   | 1.19e-07      |
|    learning_rate        | 0.0003        |
|    loss                 | 1.86e+07      |
|    n_updates            | 8470          |
|    policy_gradient_loss | -0.000634     |
|    value_loss           | 3.9e+07       |
-------------------------------------------
-------------------------------------------
| rollout/                |               |
|    ep_len_mean          | 100           |
|    ep_rew_mean          | -4.5e+04      |
| time/                   |               |
|    fps                  | 100           |
|    iterations           | 849           |
|    time_elapsed         | 17358         |
|    total_timesteps      | 1738752       |
| train/                  |               |
|    approx_kl            | 0.00048302577 |
|    clip_fraction        | 0             |
|    clip_range           | 0.2           |
|    entropy_loss         | -3.06         |
|    explained_variance   | 0             |
|    learning_rate        | 0.0003        |
|    loss                 | 1.91e+07      |
|    n_updates            | 8480          |
|    policy_gradient_loss | -0.000764     |
|    value_loss           | 3.45e+07      |
-------------------------------------------
-------------------------------------------
| rollout/                |               |
|    ep_len_mean          | 100           |
|    ep_rew_mean          | -4.5e+04      |
| time/                   |               |
|    fps                  | 100           |
|    iterations           | 850           |
|    time_elapsed         | 17381         |
|    total_timesteps      | 1740800       |
| train/                  |               |
|    approx_kl            | 0.00070748315 |
|    clip_fraction        | 0             |
|    clip_range           | 0.2           |
|    entropy_loss         | -3.06         |
|    explained_variance   | 0             |
|    learning_rate        | 0.0003        |
|    loss                 | 1.91e+07      |
|    n_updates            | 8490          |
|    policy_gradient_loss | -0.0014       |
|    value_loss           | 3.86e+07      |
-------------------------------------------
-------------------------------------------
| rollout/                |               |
|    ep_len_mean          | 100           |
|    ep_rew_mean          | -4.54e+04     |
| time/                   |               |
|    fps                  | 100           |
|    iterations           | 851           |
|    time_elapsed         | 17401         |
|    total_timesteps      | 1742848       |
| train/                  |               |
|    approx_kl            | 0.00034472466 |
|    clip_fraction        | 0             |
|    clip_range           | 0.2           |
|    entropy_loss         | -3.06         |
|    explained_variance   | 5.96e-08      |
|    learning_rate        | 0.0003        |
|    loss                 | 1.72e+07      |
|    n_updates            | 8500          |
|    policy_gradient_loss | -0.000385     |
|    value_loss           | 3.57e+07      |
-------------------------------------------
------------------------------------------
| rollout/                |              |
|    ep_len_mean          | 100          |
|    ep_rew_mean          | -4.47e+04    |
| time/                   |              |
|    fps                  | 100          |
|    iterations           | 852          |
|    time_elapsed         | 17423        |
|    total_timesteps      | 1744896      |
| train/                  |              |
|    approx_kl            | 0.0003132619 |
|    clip_fraction        | 0            |
|    clip_range           | 0.2          |
|    entropy_loss         | -3.06        |
|    explained_variance   | 0            |
|    learning_rate        | 0.0003       |
|    loss                 | 1.75e+07     |
|    n_updates            | 8510         |
|    policy_gradient_loss | -0.000771    |
|    value_loss           | 3.59e+07     |
------------------------------------------
-------------------------------------------
| rollout/                |               |
|    ep_len_mean          | 100           |
|    ep_rew_mean          | -4.46e+04     |
| time/                   |               |
|    fps                  | 100           |
|    iterations           | 853           |
|    time_elapsed         | 17442         |
|    total_timesteps      | 1746944       |
| train/                  |               |
|    approx_kl            | 0.00039460586 |
|    clip_fraction        | 0             |
|    clip_range           | 0.2           |
|    entropy_loss         | -3.06         |
|    explained_variance   | 0             |
|    learning_rate        | 0.0003        |
|    loss                 | 1.69e+07      |
|    n_updates            | 8520          |
|    policy_gradient_loss | -0.000676     |
|    value_loss           | 3.36e+07      |
-------------------------------------------
-------------------------------------------
| rollout/                |               |
|    ep_len_mean          | 100           |
|    ep_rew_mean          | -4.46e+04     |
| time/                   |               |
|    fps                  | 100           |
|    iterations           | 854           |
|    time_elapsed         | 17465         |
|    total_timesteps      | 1748992       |
| train/                  |               |
|    approx_kl            | 0.00053501414 |
|    clip_fraction        | 0             |
|    clip_range           | 0.2           |
|    entropy_loss         | -3.06         |
|    explained_variance   | 1.19e-07      |
|    learning_rate        | 0.0003        |
|    loss                 | 1.73e+07      |
|    n_updates            | 8530          |
|    policy_gradient_loss | -0.00108      |
|    value_loss           | 3.68e+07      |
-------------------------------------------
Eval num_timesteps=1750000, episode_reward=-131990.63 +/- 9539.56
Episode length: 100.00 +/- 0.00
------------------------------------------
| eval/                   |              |
|    mean_ep_length       | 100          |
|    mean_reward          | -1.32e+05    |
| time/                   |              |
|    total_timesteps      | 1750000      |
| train/                  |              |
|    approx_kl            | 0.0008841316 |
|    clip_fraction        | 0            |
|    clip_range           | 0.2          |
|    entropy_loss         | -3.06        |
|    explained_variance   | 0            |
|    learning_rate        | 0.0003       |
|    loss                 | 1.76e+07     |
|    n_updates            | 8540         |
|    policy_gradient_loss | -0.00178     |
|    value_loss           | 3.74e+07     |
------------------------------------------
----------------------------------
| rollout/           |           |
|    ep_len_mean     | 100       |
|    ep_rew_mean     | -4.46e+04 |
| time/              |           |
|    fps             | 99        |
|    iterations      | 855       |
|    time_elapsed    | 17522     |
|    total_timesteps | 1751040   |
----------------------------------
-------------------------------------------
| rollout/                |               |
|    ep_len_mean          | 100           |
|    ep_rew_mean          | -4.51e+04     |
| time/                   |               |
|    fps                  | 99            |
|    iterations           | 856           |
|    time_elapsed         | 17545         |
|    total_timesteps      | 1753088       |
| train/                  |               |
|    approx_kl            | 0.00078333373 |
|    clip_fraction        | 0             |
|    clip_range           | 0.2           |
|    entropy_loss         | -3.06         |
|    explained_variance   | 0             |
|    learning_rate        | 0.0003        |
|    loss                 | 1.81e+07      |
|    n_updates            | 8550          |
|    policy_gradient_loss | -0.00127      |
|    value_loss           | 3.61e+07      |
-------------------------------------------
-------------------------------------------
| rollout/                |               |
|    ep_len_mean          | 100           |
|    ep_rew_mean          | -4.52e+04     |
| time/                   |               |
|    fps                  | 99            |
|    iterations           | 857           |
|    time_elapsed         | 17559         |
|    total_timesteps      | 1755136       |
| train/                  |               |
|    approx_kl            | 0.00068017654 |
|    clip_fraction        | 0             |
|    clip_range           | 0.2           |
|    entropy_loss         | -3.06         |
|    explained_variance   | 0             |
|    learning_rate        | 0.0003        |
|    loss                 | 1.92e+07      |
|    n_updates            | 8560          |
|    policy_gradient_loss | -0.00125      |
|    value_loss           | 3.85e+07      |
-------------------------------------------
------------------------------------------
| rollout/                |              |
|    ep_len_mean          | 100          |
|    ep_rew_mean          | -4.51e+04    |
| time/                   |              |
|    fps                  | 99           |
|    iterations           | 858          |
|    time_elapsed         | 17580        |
|    total_timesteps      | 1757184      |
| train/                  |              |
|    approx_kl            | 0.0006910428 |
|    clip_fraction        | 0            |
|    clip_range           | 0.2          |
|    entropy_loss         | -3.06        |
|    explained_variance   | 0            |
|    learning_rate        | 0.0003       |
|    loss                 | 1.77e+07     |
|    n_updates            | 8570         |
|    policy_gradient_loss | -0.00112     |
|    value_loss           | 3.59e+07     |
------------------------------------------
------------------------------------------
| rollout/                |              |
|    ep_len_mean          | 100          |
|    ep_rew_mean          | -4.51e+04    |
| time/                   |              |
|    fps                  | 99           |
|    iterations           | 859          |
|    time_elapsed         | 17600        |
|    total_timesteps      | 1759232      |
| train/                  |              |
|    approx_kl            | 0.0009074899 |
|    clip_fraction        | 0            |
|    clip_range           | 0.2          |
|    entropy_loss         | -3.07        |
|    explained_variance   | -1.19e-07    |
|    learning_rate        | 0.0003       |
|    loss                 | 1.8e+07      |
|    n_updates            | 8580         |
|    policy_gradient_loss | -0.00104     |
|    value_loss           | 3.6e+07      |
------------------------------------------
-------------------------------------------
| rollout/                |               |
|    ep_len_mean          | 100           |
|    ep_rew_mean          | -4.53e+04     |
| time/                   |               |
|    fps                  | 99            |
|    iterations           | 860           |
|    time_elapsed         | 17620         |
|    total_timesteps      | 1761280       |
| train/                  |               |
|    approx_kl            | 6.8573834e-05 |
|    clip_fraction        | 0             |
|    clip_range           | 0.2           |
|    entropy_loss         | -3.07         |
|    explained_variance   | 0             |
|    learning_rate        | 0.0003        |
|    loss                 | 1.85e+07      |
|    n_updates            | 8590          |
|    policy_gradient_loss | -6.66e-05     |
|    value_loss           | 3.67e+07      |
-------------------------------------------
------------------------------------------
| rollout/                |              |
|    ep_len_mean          | 100          |
|    ep_rew_mean          | -4.48e+04    |
| time/                   |              |
|    fps                  | 99           |
|    iterations           | 861          |
|    time_elapsed         | 17640        |
|    total_timesteps      | 1763328      |
| train/                  |              |
|    approx_kl            | 0.0009833563 |
|    clip_fraction        | 0            |
|    clip_range           | 0.2          |
|    entropy_loss         | -3.07        |
|    explained_variance   | 0            |
|    learning_rate        | 0.0003       |
|    loss                 | 2.02e+07     |
|    n_updates            | 8600         |
|    policy_gradient_loss | -0.00149     |
|    value_loss           | 3.74e+07     |
------------------------------------------
-------------------------------------------
| rollout/                |               |
|    ep_len_mean          | 100           |
|    ep_rew_mean          | -4.52e+04     |
| time/                   |               |
|    fps                  | 99            |
|    iterations           | 862           |
|    time_elapsed         | 17661         |
|    total_timesteps      | 1765376       |
| train/                  |               |
|    approx_kl            | 0.00041532613 |
|    clip_fraction        | 0             |
|    clip_range           | 0.2           |
|    entropy_loss         | -3.06         |
|    explained_variance   | -1.19e-07     |
|    learning_rate        | 0.0003        |
|    loss                 | 1.62e+07      |
|    n_updates            | 8610          |
|    policy_gradient_loss | -0.000901     |
|    value_loss           | 3.56e+07      |
-------------------------------------------
-------------------------------------------
| rollout/                |               |
|    ep_len_mean          | 100           |
|    ep_rew_mean          | -4.52e+04     |
| time/                   |               |
|    fps                  | 99            |
|    iterations           | 863           |
|    time_elapsed         | 17682         |
|    total_timesteps      | 1767424       |
| train/                  |               |
|    approx_kl            | 0.00032154747 |
|    clip_fraction        | 0             |
|    clip_range           | 0.2           |
|    entropy_loss         | -3.06         |
|    explained_variance   | 0             |
|    learning_rate        | 0.0003        |
|    loss                 | 1.82e+07      |
|    n_updates            | 8620          |
|    policy_gradient_loss | -0.000608     |
|    value_loss           | 3.93e+07      |
-------------------------------------------
-------------------------------------------
| rollout/                |               |
|    ep_len_mean          | 100           |
|    ep_rew_mean          | -4.54e+04     |
| time/                   |               |
|    fps                  | 99            |
|    iterations           | 864           |
|    time_elapsed         | 17703         |
|    total_timesteps      | 1769472       |
| train/                  |               |
|    approx_kl            | 0.00047573875 |
|    clip_fraction        | 0             |
|    clip_range           | 0.2           |
|    entropy_loss         | -3.06         |
|    explained_variance   | 5.96e-08      |
|    learning_rate        | 0.0003        |
|    loss                 | 1.76e+07      |
|    n_updates            | 8630          |
|    policy_gradient_loss | -0.00106      |
|    value_loss           | 3.63e+07      |
-------------------------------------------
-------------------------------------------
| rollout/                |               |
|    ep_len_mean          | 100           |
|    ep_rew_mean          | -4.52e+04     |
| time/                   |               |
|    fps                  | 99            |
|    iterations           | 865           |
|    time_elapsed         | 17722         |
|    total_timesteps      | 1771520       |
| train/                  |               |
|    approx_kl            | 0.00033229092 |
|    clip_fraction        | 0             |
|    clip_range           | 0.2           |
|    entropy_loss         | -3.06         |
|    explained_variance   | 0             |
|    learning_rate        | 0.0003        |
|    loss                 | 1.94e+07      |
|    n_updates            | 8640          |
|    policy_gradient_loss | -0.000742     |
|    value_loss           | 3.8e+07       |
-------------------------------------------
-------------------------------------------
| rollout/                |               |
|    ep_len_mean          | 100           |
|    ep_rew_mean          | -4.54e+04     |
| time/                   |               |
|    fps                  | 99            |
|    iterations           | 866           |
|    time_elapsed         | 17735         |
|    total_timesteps      | 1773568       |
| train/                  |               |
|    approx_kl            | 0.00088121725 |
|    clip_fraction        | 0             |
|    clip_range           | 0.2           |
|    entropy_loss         | -3.06         |
|    explained_variance   | 0             |
|    learning_rate        | 0.0003        |
|    loss                 | 1.98e+07      |
|    n_updates            | 8650          |
|    policy_gradient_loss | -0.00159      |
|    value_loss           | 3.7e+07       |
-------------------------------------------
-------------------------------------------
| rollout/                |               |
|    ep_len_mean          | 100           |
|    ep_rew_mean          | -4.49e+04     |
| time/                   |               |
|    fps                  | 99            |
|    iterations           | 867           |
|    time_elapsed         | 17757         |
|    total_timesteps      | 1775616       |
| train/                  |               |
|    approx_kl            | 0.00027827895 |
|    clip_fraction        | 0             |
|    clip_range           | 0.2           |
|    entropy_loss         | -3.06         |
|    explained_variance   | 5.96e-08      |
|    learning_rate        | 0.0003        |
|    loss                 | 1.9e+07       |
|    n_updates            | 8660          |
|    policy_gradient_loss | -0.000527     |
|    value_loss           | 3.62e+07      |
-------------------------------------------
------------------------------------------
| rollout/                |              |
|    ep_len_mean          | 100          |
|    ep_rew_mean          | -4.49e+04    |
| time/                   |              |
|    fps                  | 100          |
|    iterations           | 868          |
|    time_elapsed         | 17775        |
|    total_timesteps      | 1777664      |
| train/                  |              |
|    approx_kl            | 0.0018198593 |
|    clip_fraction        | 0            |
|    clip_range           | 0.2          |
|    entropy_loss         | -3.06        |
|    explained_variance   | 0            |
|    learning_rate        | 0.0003       |
|    loss                 | 1.59e+07     |
|    n_updates            | 8670         |
|    policy_gradient_loss | -0.00304     |
|    value_loss           | 3.49e+07     |
------------------------------------------
-------------------------------------------
| rollout/                |               |
|    ep_len_mean          | 100           |
|    ep_rew_mean          | -4.45e+04     |
| time/                   |               |
|    fps                  | 100           |
|    iterations           | 869           |
|    time_elapsed         | 17796         |
|    total_timesteps      | 1779712       |
| train/                  |               |
|    approx_kl            | 0.00025734885 |
|    clip_fraction        | 0             |
|    clip_range           | 0.2           |
|    entropy_loss         | -3.05         |
|    explained_variance   | 0             |
|    learning_rate        | 0.0003        |
|    loss                 | 1.83e+07      |
|    n_updates            | 8680          |
|    policy_gradient_loss | -0.000531     |
|    value_loss           | 3.52e+07      |
-------------------------------------------
------------------------------------------
| rollout/                |              |
|    ep_len_mean          | 100          |
|    ep_rew_mean          | -4.48e+04    |
| time/                   |              |
|    fps                  | 100          |
|    iterations           | 870          |
|    time_elapsed         | 17816        |
|    total_timesteps      | 1781760      |
| train/                  |              |
|    approx_kl            | 0.0004139816 |
|    clip_fraction        | 0            |
|    clip_range           | 0.2          |
|    entropy_loss         | -3.05        |
|    explained_variance   | 5.96e-08     |
|    learning_rate        | 0.0003       |
|    loss                 | 1.82e+07     |
|    n_updates            | 8690         |
|    policy_gradient_loss | -0.000401    |
|    value_loss           | 3.65e+07     |
------------------------------------------
-------------------------------------------
| rollout/                |               |
|    ep_len_mean          | 100           |
|    ep_rew_mean          | -4.49e+04     |
| time/                   |               |
|    fps                  | 99            |
|    iterations           | 871           |
|    time_elapsed         | 17838         |
|    total_timesteps      | 1783808       |
| train/                  |               |
|    approx_kl            | 0.00080451625 |
|    clip_fraction        | 0             |
|    clip_range           | 0.2           |
|    entropy_loss         | -3.06         |
|    explained_variance   | 0             |
|    learning_rate        | 0.0003        |
|    loss                 | 2.02e+07      |
|    n_updates            | 8700          |
|    policy_gradient_loss | -0.0011       |
|    value_loss           | 3.72e+07      |
-------------------------------------------
-------------------------------------------
| rollout/                |               |
|    ep_len_mean          | 100           |
|    ep_rew_mean          | -4.48e+04     |
| time/                   |               |
|    fps                  | 100           |
|    iterations           | 872           |
|    time_elapsed         | 17858         |
|    total_timesteps      | 1785856       |
| train/                  |               |
|    approx_kl            | 0.00028621408 |
|    clip_fraction        | 0             |
|    clip_range           | 0.2           |
|    entropy_loss         | -3.07         |
|    explained_variance   | -1.19e-07     |
|    learning_rate        | 0.0003        |
|    loss                 | 1.79e+07      |
|    n_updates            | 8710          |
|    policy_gradient_loss | -0.000365     |
|    value_loss           | 3.49e+07      |
-------------------------------------------
-------------------------------------------
| rollout/                |               |
|    ep_len_mean          | 100           |
|    ep_rew_mean          | -4.52e+04     |
| time/                   |               |
|    fps                  | 99            |
|    iterations           | 873           |
|    time_elapsed         | 17881         |
|    total_timesteps      | 1787904       |
| train/                  |               |
|    approx_kl            | 0.00021887213 |
|    clip_fraction        | 0             |
|    clip_range           | 0.2           |
|    entropy_loss         | -3.07         |
|    explained_variance   | 0             |
|    learning_rate        | 0.0003        |
|    loss                 | 1.8e+07       |
|    n_updates            | 8720          |
|    policy_gradient_loss | -0.000401     |
|    value_loss           | 3.53e+07      |
-------------------------------------------
-------------------------------------------
| rollout/                |               |
|    ep_len_mean          | 100           |
|    ep_rew_mean          | -4.51e+04     |
| time/                   |               |
|    fps                  | 99            |
|    iterations           | 874           |
|    time_elapsed         | 17901         |
|    total_timesteps      | 1789952       |
| train/                  |               |
|    approx_kl            | 0.00027502057 |
|    clip_fraction        | 0             |
|    clip_range           | 0.2           |
|    entropy_loss         | -3.07         |
|    explained_variance   | 0             |
|    learning_rate        | 0.0003        |
|    loss                 | 2.06e+07      |
|    n_updates            | 8730          |
|    policy_gradient_loss | -0.000402     |
|    value_loss           | 3.84e+07      |
-------------------------------------------
------------------------------------------
| rollout/                |              |
|    ep_len_mean          | 100          |
|    ep_rew_mean          | -4.48e+04    |
| time/                   |              |
|    fps                  | 99           |
|    iterations           | 875          |
|    time_elapsed         | 17924        |
|    total_timesteps      | 1792000      |
| train/                  |              |
|    approx_kl            | 0.0012192992 |
|    clip_fraction        | 0            |
|    clip_range           | 0.2          |
|    entropy_loss         | -3.07        |
|    explained_variance   | 0            |
|    learning_rate        | 0.0003       |
|    loss                 | 1.97e+07     |
|    n_updates            | 8740         |
|    policy_gradient_loss | -0.00237     |
|    value_loss           | 3.61e+07     |
------------------------------------------
-----------------------------------------
| rollout/                |             |
|    ep_len_mean          | 100         |
|    ep_rew_mean          | -4.48e+04   |
| time/                   |             |
|    fps                  | 99          |
|    iterations           | 876         |
|    time_elapsed         | 17942       |
|    total_timesteps      | 1794048     |
| train/                  |             |
|    approx_kl            | 0.000292762 |
|    clip_fraction        | 0           |
|    clip_range           | 0.2         |
|    entropy_loss         | -3.06       |
|    explained_variance   | 0           |
|    learning_rate        | 0.0003      |
|    loss                 | 1.64e+07    |
|    n_updates            | 8750        |
|    policy_gradient_loss | -0.000626   |
|    value_loss           | 3.62e+07    |
-----------------------------------------
-------------------------------------------
| rollout/                |               |
|    ep_len_mean          | 100           |
|    ep_rew_mean          | -4.48e+04     |
| time/                   |               |
|    fps                  | 100           |
|    iterations           | 877           |
|    time_elapsed         | 17958         |
|    total_timesteps      | 1796096       |
| train/                  |               |
|    approx_kl            | 0.00094324653 |
|    clip_fraction        | 0             |
|    clip_range           | 0.2           |
|    entropy_loss         | -3.06         |
|    explained_variance   | 0             |
|    learning_rate        | 0.0003        |
|    loss                 | 1.53e+07      |
|    n_updates            | 8760          |
|    policy_gradient_loss | -0.00144      |
|    value_loss           | 3.43e+07      |
-------------------------------------------
------------------------------------------
| rollout/                |              |
|    ep_len_mean          | 100          |
|    ep_rew_mean          | -4.44e+04    |
| time/                   |              |
|    fps                  | 100          |
|    iterations           | 878          |
|    time_elapsed         | 17978        |
|    total_timesteps      | 1798144      |
| train/                  |              |
|    approx_kl            | 0.0006892456 |
|    clip_fraction        | 0            |
|    clip_range           | 0.2          |
|    entropy_loss         | -3.06        |
|    explained_variance   | -1.19e-07    |
|    learning_rate        | 0.0003       |
|    loss                 | 1.85e+07     |
|    n_updates            | 8770         |
|    policy_gradient_loss | -0.00127     |
|    value_loss           | 3.71e+07     |
------------------------------------------
Eval num_timesteps=1800000, episode_reward=-59364.78 +/- 4731.10
Episode length: 100.00 +/- 0.00
-------------------------------------------
| eval/                   |               |
|    mean_ep_length       | 100           |
|    mean_reward          | -5.94e+04     |
| time/                   |               |
|    total_timesteps      | 1800000       |
| train/                  |               |
|    approx_kl            | 0.00085430604 |
|    clip_fraction        | 0             |
|    clip_range           | 0.2           |
|    entropy_loss         | -3.06         |
|    explained_variance   | 0             |
|    learning_rate        | 0.0003        |
|    loss                 | 1.67e+07      |
|    n_updates            | 8780          |
|    policy_gradient_loss | -0.00152      |
|    value_loss           | 3.43e+07      |
-------------------------------------------
New best mean reward!
----------------------------------
| rollout/           |           |
|    ep_len_mean     | 100       |
|    ep_rew_mean     | -4.42e+04 |
| time/              |           |
|    fps             | 99        |
|    iterations      | 879       |
|    time_elapsed    | 18040     |
|    total_timesteps | 1800192   |
----------------------------------
------------------------------------------
| rollout/                |              |
|    ep_len_mean          | 100          |
|    ep_rew_mean          | -4.41e+04    |
| time/                   |              |
|    fps                  | 99           |
|    iterations           | 880          |
|    time_elapsed         | 18060        |
|    total_timesteps      | 1802240      |
| train/                  |              |
|    approx_kl            | 0.0012428113 |
|    clip_fraction        | 0            |
|    clip_range           | 0.2          |
|    entropy_loss         | -3.06        |
|    explained_variance   | 5.96e-08     |
|    learning_rate        | 0.0003       |
|    loss                 | 1.75e+07     |
|    n_updates            | 8790         |
|    policy_gradient_loss | -0.00209     |
|    value_loss           | 3.51e+07     |
------------------------------------------
-------------------------------------------
| rollout/                |               |
|    ep_len_mean          | 100           |
|    ep_rew_mean          | -4.42e+04     |
| time/                   |               |
|    fps                  | 99            |
|    iterations           | 881           |
|    time_elapsed         | 18083         |
|    total_timesteps      | 1804288       |
| train/                  |               |
|    approx_kl            | 0.00023404165 |
|    clip_fraction        | 0             |
|    clip_range           | 0.2           |
|    entropy_loss         | -3.06         |
|    explained_variance   | 0             |
|    learning_rate        | 0.0003        |
|    loss                 | 1.91e+07      |
|    n_updates            | 8800          |
|    policy_gradient_loss | -0.000392     |
|    value_loss           | 3.52e+07      |
-------------------------------------------
------------------------------------------
| rollout/                |              |
|    ep_len_mean          | 100          |
|    ep_rew_mean          | -4.42e+04    |
| time/                   |              |
|    fps                  | 99           |
|    iterations           | 882          |
|    time_elapsed         | 18103        |
|    total_timesteps      | 1806336      |
| train/                  |              |
|    approx_kl            | 0.0004500599 |
|    clip_fraction        | 0            |
|    clip_range           | 0.2          |
|    entropy_loss         | -3.06        |
|    explained_variance   | 0            |
|    learning_rate        | 0.0003       |
|    loss                 | 1.71e+07     |
|    n_updates            | 8810         |
|    policy_gradient_loss | -0.000861    |
|    value_loss           | 3.31e+07     |
------------------------------------------
-------------------------------------------
| rollout/                |               |
|    ep_len_mean          | 100           |
|    ep_rew_mean          | -4.47e+04     |
| time/                   |               |
|    fps                  | 99            |
|    iterations           | 883           |
|    time_elapsed         | 18125         |
|    total_timesteps      | 1808384       |
| train/                  |               |
|    approx_kl            | 0.00035823925 |
|    clip_fraction        | 0             |
|    clip_range           | 0.2           |
|    entropy_loss         | -3.06         |
|    explained_variance   | 0             |
|    learning_rate        | 0.0003        |
|    loss                 | 1.48e+07      |
|    n_updates            | 8820          |
|    policy_gradient_loss | -0.000497     |
|    value_loss           | 3.63e+07      |
-------------------------------------------
------------------------------------------
| rollout/                |              |
|    ep_len_mean          | 100          |
|    ep_rew_mean          | -4.47e+04    |
| time/                   |              |
|    fps                  | 99           |
|    iterations           | 884          |
|    time_elapsed         | 18145        |
|    total_timesteps      | 1810432      |
| train/                  |              |
|    approx_kl            | 0.0010907399 |
|    clip_fraction        | 0            |
|    clip_range           | 0.2          |
|    entropy_loss         | -3.06        |
|    explained_variance   | 0            |
|    learning_rate        | 0.0003       |
|    loss                 | 1.92e+07     |
|    n_updates            | 8830         |
|    policy_gradient_loss | -0.00151     |
|    value_loss           | 3.96e+07     |
------------------------------------------
-----------------------------------------
| rollout/                |             |
|    ep_len_mean          | 100         |
|    ep_rew_mean          | -4.48e+04   |
| time/                   |             |
|    fps                  | 99          |
|    iterations           | 885         |
|    time_elapsed         | 18159       |
|    total_timesteps      | 1812480     |
| train/                  |             |
|    approx_kl            | 0.002155465 |
|    clip_fraction        | 0           |
|    clip_range           | 0.2         |
|    entropy_loss         | -3.04       |
|    explained_variance   | 0           |
|    learning_rate        | 0.0003      |
|    loss                 | 1.58e+07    |
|    n_updates            | 8840        |
|    policy_gradient_loss | -0.00279    |
|    value_loss           | 3.44e+07    |
-----------------------------------------
-------------------------------------------
| rollout/                |               |
|    ep_len_mean          | 100           |
|    ep_rew_mean          | -4.46e+04     |
| time/                   |               |
|    fps                  | 99            |
|    iterations           | 886           |
|    time_elapsed         | 18181         |
|    total_timesteps      | 1814528       |
| train/                  |               |
|    approx_kl            | 0.00039820417 |
|    clip_fraction        | 0             |
|    clip_range           | 0.2           |
|    entropy_loss         | -3.03         |
|    explained_variance   | 0             |
|    learning_rate        | 0.0003        |
|    loss                 | 1.55e+07      |
|    n_updates            | 8850          |
|    policy_gradient_loss | -0.000975     |
|    value_loss           | 3.57e+07      |
-------------------------------------------
-------------------------------------------
| rollout/                |               |
|    ep_len_mean          | 100           |
|    ep_rew_mean          | -4.46e+04     |
| time/                   |               |
|    fps                  | 99            |
|    iterations           | 887           |
|    time_elapsed         | 18201         |
|    total_timesteps      | 1816576       |
| train/                  |               |
|    approx_kl            | 0.00049384165 |
|    clip_fraction        | 0             |
|    clip_range           | 0.2           |
|    entropy_loss         | -3.03         |
|    explained_variance   | 0             |
|    learning_rate        | 0.0003        |
|    loss                 | 1.59e+07      |
|    n_updates            | 8860          |
|    policy_gradient_loss | -0.000865     |
|    value_loss           | 3.24e+07      |
-------------------------------------------
-----------------------------------------
| rollout/                |             |
|    ep_len_mean          | 100         |
|    ep_rew_mean          | -4.46e+04   |
| time/                   |             |
|    fps                  | 99          |
|    iterations           | 888         |
|    time_elapsed         | 18222       |
|    total_timesteps      | 1818624     |
| train/                  |             |
|    approx_kl            | 0.001457998 |
|    clip_fraction        | 0           |
|    clip_range           | 0.2         |
|    entropy_loss         | -3.04       |
|    explained_variance   | 0           |
|    learning_rate        | 0.0003      |
|    loss                 | 1.72e+07    |
|    n_updates            | 8870        |
|    policy_gradient_loss | -0.0014     |
|    value_loss           | 3.54e+07    |
-----------------------------------------
------------------------------------------
| rollout/                |              |
|    ep_len_mean          | 100          |
|    ep_rew_mean          | -4.41e+04    |
| time/                   |              |
|    fps                  | 99           |
|    iterations           | 889          |
|    time_elapsed         | 18236        |
|    total_timesteps      | 1820672      |
| train/                  |              |
|    approx_kl            | 0.0004552503 |
|    clip_fraction        | 0            |
|    clip_range           | 0.2          |
|    entropy_loss         | -3.05        |
|    explained_variance   | -1.19e-07    |
|    learning_rate        | 0.0003       |
|    loss                 | 1.66e+07     |
|    n_updates            | 8880         |
|    policy_gradient_loss | -0.000852    |
|    value_loss           | 3.71e+07     |
------------------------------------------
------------------------------------------
| rollout/                |              |
|    ep_len_mean          | 100          |
|    ep_rew_mean          | -4.39e+04    |
| time/                   |              |
|    fps                  | 99           |
|    iterations           | 890          |
|    time_elapsed         | 18259        |
|    total_timesteps      | 1822720      |
| train/                  |              |
|    approx_kl            | 0.0007476257 |
|    clip_fraction        | 0            |
|    clip_range           | 0.2          |
|    entropy_loss         | -3.05        |
|    explained_variance   | 0            |
|    learning_rate        | 0.0003       |
|    loss                 | 1.72e+07     |
|    n_updates            | 8890         |
|    policy_gradient_loss | -0.000764    |
|    value_loss           | 3.24e+07     |
------------------------------------------
------------------------------------------
| rollout/                |              |
|    ep_len_mean          | 100          |
|    ep_rew_mean          | -4.42e+04    |
| time/                   |              |
|    fps                  | 99           |
|    iterations           | 891          |
|    time_elapsed         | 18280        |
|    total_timesteps      | 1824768      |
| train/                  |              |
|    approx_kl            | 0.0011652648 |
|    clip_fraction        | 0            |
|    clip_range           | 0.2          |
|    entropy_loss         | -3.06        |
|    explained_variance   | 0            |
|    learning_rate        | 0.0003       |
|    loss                 | 1.61e+07     |
|    n_updates            | 8900         |
|    policy_gradient_loss | -0.00115     |
|    value_loss           | 3.37e+07     |
------------------------------------------
-------------------------------------------
| rollout/                |               |
|    ep_len_mean          | 100           |
|    ep_rew_mean          | -4.41e+04     |
| time/                   |               |
|    fps                  | 99            |
|    iterations           | 892           |
|    time_elapsed         | 18303         |
|    total_timesteps      | 1826816       |
| train/                  |               |
|    approx_kl            | 0.00028390854 |
|    clip_fraction        | 0             |
|    clip_range           | 0.2           |
|    entropy_loss         | -3.07         |
|    explained_variance   | 0             |
|    learning_rate        | 0.0003        |
|    loss                 | 1.86e+07      |
|    n_updates            | 8910          |
|    policy_gradient_loss | -0.000554     |
|    value_loss           | 3.58e+07      |
-------------------------------------------
-------------------------------------------
| rollout/                |               |
|    ep_len_mean          | 100           |
|    ep_rew_mean          | -4.41e+04     |
| time/                   |               |
|    fps                  | 99            |
|    iterations           | 893           |
|    time_elapsed         | 18325         |
|    total_timesteps      | 1828864       |
| train/                  |               |
|    approx_kl            | 0.00016971238 |
|    clip_fraction        | 0             |
|    clip_range           | 0.2           |
|    entropy_loss         | -3.07         |
|    explained_variance   | 0             |
|    learning_rate        | 0.0003        |
|    loss                 | 1.73e+07      |
|    n_updates            | 8920          |
|    policy_gradient_loss | -0.000334     |
|    value_loss           | 3.56e+07      |
-------------------------------------------
-------------------------------------------
| rollout/                |               |
|    ep_len_mean          | 100           |
|    ep_rew_mean          | -4.45e+04     |
| time/                   |               |
|    fps                  | 99            |
|    iterations           | 894           |
|    time_elapsed         | 18341         |
|    total_timesteps      | 1830912       |
| train/                  |               |
|    approx_kl            | 0.00022264355 |
|    clip_fraction        | 0             |
|    clip_range           | 0.2           |
|    entropy_loss         | -3.06         |
|    explained_variance   | -1.19e-07     |
|    learning_rate        | 0.0003        |
|    loss                 | 1.97e+07      |
|    n_updates            | 8930          |
|    policy_gradient_loss | -0.000532     |
|    value_loss           | 3.68e+07      |
-------------------------------------------
-------------------------------------------
| rollout/                |               |
|    ep_len_mean          | 100           |
|    ep_rew_mean          | -4.47e+04     |
| time/                   |               |
|    fps                  | 99            |
|    iterations           | 895           |
|    time_elapsed         | 18354         |
|    total_timesteps      | 1832960       |
| train/                  |               |
|    approx_kl            | 0.00020803136 |
|    clip_fraction        | 0             |
|    clip_range           | 0.2           |
|    entropy_loss         | -3.06         |
|    explained_variance   | 0             |
|    learning_rate        | 0.0003        |
|    loss                 | 1.91e+07      |
|    n_updates            | 8940          |
|    policy_gradient_loss | -0.000578     |
|    value_loss           | 3.54e+07      |
-------------------------------------------
------------------------------------------
| rollout/                |              |
|    ep_len_mean          | 100          |
|    ep_rew_mean          | -4.47e+04    |
| time/                   |              |
|    fps                  | 99           |
|    iterations           | 896          |
|    time_elapsed         | 18370        |
|    total_timesteps      | 1835008      |
| train/                  |              |
|    approx_kl            | 0.0011598098 |
|    clip_fraction        | 0            |
|    clip_range           | 0.2          |
|    entropy_loss         | -3.05        |
|    explained_variance   | 0            |
|    learning_rate        | 0.0003       |
|    loss                 | 1.64e+07     |
|    n_updates            | 8950         |
|    policy_gradient_loss | -0.00159     |
|    value_loss           | 3.67e+07     |
------------------------------------------
------------------------------------------
| rollout/                |              |
|    ep_len_mean          | 100          |
|    ep_rew_mean          | -4.46e+04    |
| time/                   |              |
|    fps                  | 99           |
|    iterations           | 897          |
|    time_elapsed         | 18391        |
|    total_timesteps      | 1837056      |
| train/                  |              |
|    approx_kl            | 0.0011564419 |
|    clip_fraction        | 0            |
|    clip_range           | 0.2          |
|    entropy_loss         | -3.05        |
|    explained_variance   | 0            |
|    learning_rate        | 0.0003       |
|    loss                 | 1.64e+07     |
|    n_updates            | 8960         |
|    policy_gradient_loss | -0.00114     |
|    value_loss           | 3.52e+07     |
------------------------------------------
-------------------------------------------
| rollout/                |               |
|    ep_len_mean          | 100           |
|    ep_rew_mean          | -4.44e+04     |
| time/                   |               |
|    fps                  | 99            |
|    iterations           | 898           |
|    time_elapsed         | 18414         |
|    total_timesteps      | 1839104       |
| train/                  |               |
|    approx_kl            | 0.00030625102 |
|    clip_fraction        | 0             |
|    clip_range           | 0.2           |
|    entropy_loss         | -3.06         |
|    explained_variance   | 0             |
|    learning_rate        | 0.0003        |
|    loss                 | 1.76e+07      |
|    n_updates            | 8970          |
|    policy_gradient_loss | -0.000416     |
|    value_loss           | 3.51e+07      |
-------------------------------------------
------------------------------------------
| rollout/                |              |
|    ep_len_mean          | 100          |
|    ep_rew_mean          | -4.45e+04    |
| time/                   |              |
|    fps                  | 99           |
|    iterations           | 899          |
|    time_elapsed         | 18436        |
|    total_timesteps      | 1841152      |
| train/                  |              |
|    approx_kl            | 0.0004744811 |
|    clip_fraction        | 0            |
|    clip_range           | 0.2          |
|    entropy_loss         | -3.06        |
|    explained_variance   | 5.96e-08     |
|    learning_rate        | 0.0003       |
|    loss                 | 1.83e+07     |
|    n_updates            | 8980         |
|    policy_gradient_loss | -0.000898    |
|    value_loss           | 3.54e+07     |
------------------------------------------
-------------------------------------------
| rollout/                |               |
|    ep_len_mean          | 100           |
|    ep_rew_mean          | -4.45e+04     |
| time/                   |               |
|    fps                  | 99            |
|    iterations           | 900           |
|    time_elapsed         | 18450         |
|    total_timesteps      | 1843200       |
| train/                  |               |
|    approx_kl            | 0.00019073894 |
|    clip_fraction        | 0             |
|    clip_range           | 0.2           |
|    entropy_loss         | -3.06         |
|    explained_variance   | 0             |
|    learning_rate        | 0.0003        |
|    loss                 | 1.58e+07      |
|    n_updates            | 8990          |
|    policy_gradient_loss | -0.000465     |
|    value_loss           | 3.52e+07      |
-------------------------------------------
------------------------------------------
| rollout/                |              |
|    ep_len_mean          | 100          |
|    ep_rew_mean          | -4.44e+04    |
| time/                   |              |
|    fps                  | 99           |
|    iterations           | 901          |
|    time_elapsed         | 18475        |
|    total_timesteps      | 1845248      |
| train/                  |              |
|    approx_kl            | 0.0009332678 |
|    clip_fraction        | 0            |
|    clip_range           | 0.2          |
|    entropy_loss         | -3.06        |
|    explained_variance   | 0            |
|    learning_rate        | 0.0003       |
|    loss                 | 1.97e+07     |
|    n_updates            | 9000         |
|    policy_gradient_loss | -0.00157     |
|    value_loss           | 3.61e+07     |
------------------------------------------
-------------------------------------------
| rollout/                |               |
|    ep_len_mean          | 100           |
|    ep_rew_mean          | -4.44e+04     |
| time/                   |               |
|    fps                  | 99            |
|    iterations           | 902           |
|    time_elapsed         | 18496         |
|    total_timesteps      | 1847296       |
| train/                  |               |
|    approx_kl            | 0.00015274531 |
|    clip_fraction        | 0             |
|    clip_range           | 0.2           |
|    entropy_loss         | -3.06         |
|    explained_variance   | 0             |
|    learning_rate        | 0.0003        |
|    loss                 | 1.4e+07       |
|    n_updates            | 9010          |
|    policy_gradient_loss | -0.000361     |
|    value_loss           | 3.48e+07      |
-------------------------------------------
-------------------------------------------
| rollout/                |               |
|    ep_len_mean          | 100           |
|    ep_rew_mean          | -4.4e+04      |
| time/                   |               |
|    fps                  | 99            |
|    iterations           | 903           |
|    time_elapsed         | 18516         |
|    total_timesteps      | 1849344       |
| train/                  |               |
|    approx_kl            | 0.00079820293 |
|    clip_fraction        | 0             |
|    clip_range           | 0.2           |
|    entropy_loss         | -3.06         |
|    explained_variance   | 0             |
|    learning_rate        | 0.0003        |
|    loss                 | 1.9e+07       |
|    n_updates            | 9020          |
|    policy_gradient_loss | -0.00134      |
|    value_loss           | 3.38e+07      |
-------------------------------------------
Eval num_timesteps=1850000, episode_reward=-131471.11 +/- 9582.20
Episode length: 100.00 +/- 0.00
-------------------------------------------
| eval/                   |               |
|    mean_ep_length       | 100           |
|    mean_reward          | -1.31e+05     |
| time/                   |               |
|    total_timesteps      | 1850000       |
| train/                  |               |
|    approx_kl            | 0.00033403523 |
|    clip_fraction        | 0             |
|    clip_range           | 0.2           |
|    entropy_loss         | -3.05         |
|    explained_variance   | -1.19e-07     |
|    learning_rate        | 0.0003        |
|    loss                 | 1.46e+07      |
|    n_updates            | 9030          |
|    policy_gradient_loss | -0.000647     |
|    value_loss           | 3.29e+07      |
-------------------------------------------
----------------------------------
| rollout/           |           |
|    ep_len_mean     | 100       |
|    ep_rew_mean     | -4.39e+04 |
| time/              |           |
|    fps             | 99        |
|    iterations      | 904       |
|    time_elapsed    | 18572     |
|    total_timesteps | 1851392   |
----------------------------------
------------------------------------------
| rollout/                |              |
|    ep_len_mean          | 100          |
|    ep_rew_mean          | -4.35e+04    |
| time/                   |              |
|    fps                  | 99           |
|    iterations           | 905          |
|    time_elapsed         | 18595        |
|    total_timesteps      | 1853440      |
| train/                  |              |
|    approx_kl            | 0.0017893396 |
|    clip_fraction        | 0            |
|    clip_range           | 0.2          |
|    entropy_loss         | -3.06        |
|    explained_variance   | 0            |
|    learning_rate        | 0.0003       |
|    loss                 | 1.65e+07     |
|    n_updates            | 9040         |
|    policy_gradient_loss | -0.00188     |
|    value_loss           | 3.45e+07     |
------------------------------------------
------------------------------------------
| rollout/                |              |
|    ep_len_mean          | 100          |
|    ep_rew_mean          | -4.38e+04    |
| time/                   |              |
|    fps                  | 99           |
|    iterations           | 906          |
|    time_elapsed         | 18615        |
|    total_timesteps      | 1855488      |
| train/                  |              |
|    approx_kl            | 0.0011721873 |
|    clip_fraction        | 0            |
|    clip_range           | 0.2          |
|    entropy_loss         | -3.07        |
|    explained_variance   | 0            |
|    learning_rate        | 0.0003       |
|    loss                 | 1.71e+07     |
|    n_updates            | 9050         |
|    policy_gradient_loss | -0.00201     |
|    value_loss           | 3.36e+07     |
------------------------------------------
-------------------------------------------
| rollout/                |               |
|    ep_len_mean          | 100           |
|    ep_rew_mean          | -4.4e+04      |
| time/                   |               |
|    fps                  | 99            |
|    iterations           | 907           |
|    time_elapsed         | 18631         |
|    total_timesteps      | 1857536       |
| train/                  |               |
|    approx_kl            | 0.00014675979 |
|    clip_fraction        | 0             |
|    clip_range           | 0.2           |
|    entropy_loss         | -3.07         |
|    explained_variance   | 0             |
|    learning_rate        | 0.0003        |
|    loss                 | 1.79e+07      |
|    n_updates            | 9060          |
|    policy_gradient_loss | -0.000264     |
|    value_loss           | 3.66e+07      |
-------------------------------------------
-----------------------------------------
| rollout/                |             |
|    ep_len_mean          | 100         |
|    ep_rew_mean          | -4.43e+04   |
| time/                   |             |
|    fps                  | 99          |
|    iterations           | 908         |
|    time_elapsed         | 18651       |
|    total_timesteps      | 1859584     |
| train/                  |             |
|    approx_kl            | 0.001349104 |
|    clip_fraction        | 0           |
|    clip_range           | 0.2         |
|    entropy_loss         | -3.07       |
|    explained_variance   | 0           |
|    learning_rate        | 0.0003      |
|    loss                 | 1.85e+07    |
|    n_updates            | 9070        |
|    policy_gradient_loss | -0.00218    |
|    value_loss           | 3.51e+07    |
-----------------------------------------
-------------------------------------------
| rollout/                |               |
|    ep_len_mean          | 100           |
|    ep_rew_mean          | -4.44e+04     |
| time/                   |               |
|    fps                  | 99            |
|    iterations           | 909           |
|    time_elapsed         | 18674         |
|    total_timesteps      | 1861632       |
| train/                  |               |
|    approx_kl            | 0.00077953044 |
|    clip_fraction        | 0             |
|    clip_range           | 0.2           |
|    entropy_loss         | -3.07         |
|    explained_variance   | 0             |
|    learning_rate        | 0.0003        |
|    loss                 | 1.73e+07      |
|    n_updates            | 9080          |
|    policy_gradient_loss | -0.00167      |
|    value_loss           | 3.58e+07      |
-------------------------------------------
------------------------------------------
| rollout/                |              |
|    ep_len_mean          | 100          |
|    ep_rew_mean          | -4.48e+04    |
| time/                   |              |
|    fps                  | 99           |
|    iterations           | 910          |
|    time_elapsed         | 18689        |
|    total_timesteps      | 1863680      |
| train/                  |              |
|    approx_kl            | 0.0010438338 |
|    clip_fraction        | 0            |
|    clip_range           | 0.2          |
|    entropy_loss         | -3.06        |
|    explained_variance   | -1.19e-07    |
|    learning_rate        | 0.0003       |
|    loss                 | 1.59e+07     |
|    n_updates            | 9090         |
|    policy_gradient_loss | -0.00213     |
|    value_loss           | 3.33e+07     |
------------------------------------------
------------------------------------------
| rollout/                |              |
|    ep_len_mean          | 100          |
|    ep_rew_mean          | -4.45e+04    |
| time/                   |              |
|    fps                  | 99           |
|    iterations           | 911          |
|    time_elapsed         | 18709        |
|    total_timesteps      | 1865728      |
| train/                  |              |
|    approx_kl            | 0.0006461297 |
|    clip_fraction        | 0            |
|    clip_range           | 0.2          |
|    entropy_loss         | -3.06        |
|    explained_variance   | 0            |
|    learning_rate        | 0.0003       |
|    loss                 | 1.52e+07     |
|    n_updates            | 9100         |
|    policy_gradient_loss | -0.00105     |
|    value_loss           | 3.66e+07     |
------------------------------------------
------------------------------------------
| rollout/                |              |
|    ep_len_mean          | 100          |
|    ep_rew_mean          | -4.45e+04    |
| time/                   |              |
|    fps                  | 99           |
|    iterations           | 912          |
|    time_elapsed         | 18724        |
|    total_timesteps      | 1867776      |
| train/                  |              |
|    approx_kl            | 0.0013778522 |
|    clip_fraction        | 0            |
|    clip_range           | 0.2          |
|    entropy_loss         | -3.05        |
|    explained_variance   | 0            |
|    learning_rate        | 0.0003       |
|    loss                 | 1.74e+07     |
|    n_updates            | 9110         |
|    policy_gradient_loss | -0.00252     |
|    value_loss           | 3.5e+07      |
------------------------------------------
-------------------------------------------
| rollout/                |               |
|    ep_len_mean          | 100           |
|    ep_rew_mean          | -4.46e+04     |
| time/                   |               |
|    fps                  | 99            |
|    iterations           | 913           |
|    time_elapsed         | 18743         |
|    total_timesteps      | 1869824       |
| train/                  |               |
|    approx_kl            | 0.00060122483 |
|    clip_fraction        | 0             |
|    clip_range           | 0.2           |
|    entropy_loss         | -3.04         |
|    explained_variance   | 0             |
|    learning_rate        | 0.0003        |
|    loss                 | 1.65e+07      |
|    n_updates            | 9120          |
|    policy_gradient_loss | -0.00123      |
|    value_loss           | 3.49e+07      |
-------------------------------------------
------------------------------------------
| rollout/                |              |
|    ep_len_mean          | 100          |
|    ep_rew_mean          | -4.47e+04    |
| time/                   |              |
|    fps                  | 99           |
|    iterations           | 914          |
|    time_elapsed         | 18766        |
|    total_timesteps      | 1871872      |
| train/                  |              |
|    approx_kl            | 0.0002919244 |
|    clip_fraction        | 0            |
|    clip_range           | 0.2          |
|    entropy_loss         | -3.04        |
|    explained_variance   | 0            |
|    learning_rate        | 0.0003       |
|    loss                 | 1.76e+07     |
|    n_updates            | 9130         |
|    policy_gradient_loss | -0.00017     |
|    value_loss           | 3.57e+07     |
------------------------------------------
------------------------------------------
| rollout/                |              |
|    ep_len_mean          | 100          |
|    ep_rew_mean          | -4.47e+04    |
| time/                   |              |
|    fps                  | 99           |
|    iterations           | 915          |
|    time_elapsed         | 18781        |
|    total_timesteps      | 1873920      |
| train/                  |              |
|    approx_kl            | 0.0008143501 |
|    clip_fraction        | 0            |
|    clip_range           | 0.2          |
|    entropy_loss         | -3.05        |
|    explained_variance   | 0            |
|    learning_rate        | 0.0003       |
|    loss                 | 1.73e+07     |
|    n_updates            | 9140         |
|    policy_gradient_loss | -0.00113     |
|    value_loss           | 3.51e+07     |
------------------------------------------
-------------------------------------------
| rollout/                |               |
|    ep_len_mean          | 100           |
|    ep_rew_mean          | -4.47e+04     |
| time/                   |               |
|    fps                  | 99            |
|    iterations           | 916           |
|    time_elapsed         | 18803         |
|    total_timesteps      | 1875968       |
| train/                  |               |
|    approx_kl            | 0.00079030904 |
|    clip_fraction        | 0             |
|    clip_range           | 0.2           |
|    entropy_loss         | -3.05         |
|    explained_variance   | 0             |
|    learning_rate        | 0.0003        |
|    loss                 | 1.73e+07      |
|    n_updates            | 9150          |
|    policy_gradient_loss | -0.00165      |
|    value_loss           | 3.51e+07      |
-------------------------------------------
------------------------------------------
| rollout/                |              |
|    ep_len_mean          | 100          |
|    ep_rew_mean          | -4.45e+04    |
| time/                   |              |
|    fps                  | 99           |
|    iterations           | 917          |
|    time_elapsed         | 18819        |
|    total_timesteps      | 1878016      |
| train/                  |              |
|    approx_kl            | 0.0004171341 |
|    clip_fraction        | 0            |
|    clip_range           | 0.2          |
|    entropy_loss         | -3.05        |
|    explained_variance   | 0            |
|    learning_rate        | 0.0003       |
|    loss                 | 1.76e+07     |
|    n_updates            | 9160         |
|    policy_gradient_loss | -0.000576    |
|    value_loss           | 3.6e+07      |
------------------------------------------
------------------------------------------
| rollout/                |              |
|    ep_len_mean          | 100          |
|    ep_rew_mean          | -4.39e+04    |
| time/                   |              |
|    fps                  | 99           |
|    iterations           | 918          |
|    time_elapsed         | 18842        |
|    total_timesteps      | 1880064      |
| train/                  |              |
|    approx_kl            | 0.0008877004 |
|    clip_fraction        | 0            |
|    clip_range           | 0.2          |
|    entropy_loss         | -3.05        |
|    explained_variance   | 5.96e-08     |
|    learning_rate        | 0.0003       |
|    loss                 | 1.53e+07     |
|    n_updates            | 9170         |
|    policy_gradient_loss | -0.00158     |
|    value_loss           | 3.36e+07     |
------------------------------------------
------------------------------------------
| rollout/                |              |
|    ep_len_mean          | 100          |
|    ep_rew_mean          | -4.4e+04     |
| time/                   |              |
|    fps                  | 99           |
|    iterations           | 919          |
|    time_elapsed         | 18863        |
|    total_timesteps      | 1882112      |
| train/                  |              |
|    approx_kl            | 0.0007565981 |
|    clip_fraction        | 0            |
|    clip_range           | 0.2          |
|    entropy_loss         | -3.04        |
|    explained_variance   | 0            |
|    learning_rate        | 0.0003       |
|    loss                 | 1.68e+07     |
|    n_updates            | 9180         |
|    policy_gradient_loss | -0.00128     |
|    value_loss           | 3.29e+07     |
------------------------------------------
-------------------------------------------
| rollout/                |               |
|    ep_len_mean          | 100           |
|    ep_rew_mean          | -4.44e+04     |
| time/                   |               |
|    fps                  | 99            |
|    iterations           | 920           |
|    time_elapsed         | 18886         |
|    total_timesteps      | 1884160       |
| train/                  |               |
|    approx_kl            | 0.00086152705 |
|    clip_fraction        | 0             |
|    clip_range           | 0.2           |
|    entropy_loss         | -3.03         |
|    explained_variance   | 0             |
|    learning_rate        | 0.0003        |
|    loss                 | 1.86e+07      |
|    n_updates            | 9190          |
|    policy_gradient_loss | -0.00134      |
|    value_loss           | 3.47e+07      |
-------------------------------------------
-------------------------------------------
| rollout/                |               |
|    ep_len_mean          | 100           |
|    ep_rew_mean          | -4.42e+04     |
| time/                   |               |
|    fps                  | 99            |
|    iterations           | 921           |
|    time_elapsed         | 18905         |
|    total_timesteps      | 1886208       |
| train/                  |               |
|    approx_kl            | 0.00045769566 |
|    clip_fraction        | 0             |
|    clip_range           | 0.2           |
|    entropy_loss         | -3.03         |
|    explained_variance   | 0             |
|    learning_rate        | 0.0003        |
|    loss                 | 1.87e+07      |
|    n_updates            | 9200          |
|    policy_gradient_loss | -0.000908     |
|    value_loss           | 3.71e+07      |
-------------------------------------------
------------------------------------------
| rollout/                |              |
|    ep_len_mean          | 100          |
|    ep_rew_mean          | -4.43e+04    |
| time/                   |              |
|    fps                  | 99           |
|    iterations           | 922          |
|    time_elapsed         | 18928        |
|    total_timesteps      | 1888256      |
| train/                  |              |
|    approx_kl            | 0.0008846256 |
|    clip_fraction        | 0            |
|    clip_range           | 0.2          |
|    entropy_loss         | -3.04        |
|    explained_variance   | 0            |
|    learning_rate        | 0.0003       |
|    loss                 | 1.59e+07     |
|    n_updates            | 9210         |
|    policy_gradient_loss | -0.000684    |
|    value_loss           | 3.42e+07     |
------------------------------------------
-------------------------------------------
| rollout/                |               |
|    ep_len_mean          | 100           |
|    ep_rew_mean          | -4.47e+04     |
| time/                   |               |
|    fps                  | 99            |
|    iterations           | 923           |
|    time_elapsed         | 18949         |
|    total_timesteps      | 1890304       |
| train/                  |               |
|    approx_kl            | 0.00074547064 |
|    clip_fraction        | 0             |
|    clip_range           | 0.2           |
|    entropy_loss         | -3.05         |
|    explained_variance   | 5.96e-08      |
|    learning_rate        | 0.0003        |
|    loss                 | 1.97e+07      |
|    n_updates            | 9220          |
|    policy_gradient_loss | -0.000868     |
|    value_loss           | 3.55e+07      |
-------------------------------------------
-------------------------------------------
| rollout/                |               |
|    ep_len_mean          | 100           |
|    ep_rew_mean          | -4.48e+04     |
| time/                   |               |
|    fps                  | 99            |
|    iterations           | 924           |
|    time_elapsed         | 18971         |
|    total_timesteps      | 1892352       |
| train/                  |               |
|    approx_kl            | 0.00088552653 |
|    clip_fraction        | 0             |
|    clip_range           | 0.2           |
|    entropy_loss         | -3.05         |
|    explained_variance   | 0             |
|    learning_rate        | 0.0003        |
|    loss                 | 1.77e+07      |
|    n_updates            | 9230          |
|    policy_gradient_loss | -0.00173      |
|    value_loss           | 3.53e+07      |
-------------------------------------------
------------------------------------------
| rollout/                |              |
|    ep_len_mean          | 100          |
|    ep_rew_mean          | -4.45e+04    |
| time/                   |              |
|    fps                  | 99           |
|    iterations           | 925          |
|    time_elapsed         | 18990        |
|    total_timesteps      | 1894400      |
| train/                  |              |
|    approx_kl            | 0.0014925224 |
|    clip_fraction        | 0            |
|    clip_range           | 0.2          |
|    entropy_loss         | -3.05        |
|    explained_variance   | 0            |
|    learning_rate        | 0.0003       |
|    loss                 | 1.71e+07     |
|    n_updates            | 9240         |
|    policy_gradient_loss | -0.002       |
|    value_loss           | 3.51e+07     |
------------------------------------------
-------------------------------------------
| rollout/                |               |
|    ep_len_mean          | 100           |
|    ep_rew_mean          | -4.45e+04     |
| time/                   |               |
|    fps                  | 99            |
|    iterations           | 926           |
|    time_elapsed         | 19013         |
|    total_timesteps      | 1896448       |
| train/                  |               |
|    approx_kl            | 0.00067310303 |
|    clip_fraction        | 0             |
|    clip_range           | 0.2           |
|    entropy_loss         | -3.05         |
|    explained_variance   | -1.19e-07     |
|    learning_rate        | 0.0003        |
|    loss                 | 1.59e+07      |
|    n_updates            | 9250          |
|    policy_gradient_loss | -0.000913     |
|    value_loss           | 3.37e+07      |
-------------------------------------------
------------------------------------------
| rollout/                |              |
|    ep_len_mean          | 100          |
|    ep_rew_mean          | -4.46e+04    |
| time/                   |              |
|    fps                  | 99           |
|    iterations           | 927          |
|    time_elapsed         | 19026        |
|    total_timesteps      | 1898496      |
| train/                  |              |
|    approx_kl            | 0.0009988593 |
|    clip_fraction        | 0            |
|    clip_range           | 0.2          |
|    entropy_loss         | -3.06        |
|    explained_variance   | 0            |
|    learning_rate        | 0.0003       |
|    loss                 | 1.76e+07     |
|    n_updates            | 9260         |
|    policy_gradient_loss | -0.00107     |
|    value_loss           | 3.39e+07     |
------------------------------------------
Eval num_timesteps=1900000, episode_reward=-45922.22 +/- 1194.26
Episode length: 100.00 +/- 0.00
-------------------------------------------
| eval/                   |               |
|    mean_ep_length       | 100           |
|    mean_reward          | -4.59e+04     |
| time/                   |               |
|    total_timesteps      | 1900000       |
| train/                  |               |
|    approx_kl            | 0.00026342543 |
|    clip_fraction        | 0             |
|    clip_range           | 0.2           |
|    entropy_loss         | -3.06         |
|    explained_variance   | 0             |
|    learning_rate        | 0.0003        |
|    loss                 | 1.78e+07      |
|    n_updates            | 9270          |
|    policy_gradient_loss | -0.000695     |
|    value_loss           | 3.63e+07      |
-------------------------------------------
New best mean reward!
----------------------------------
| rollout/           |           |
|    ep_len_mean     | 100       |
|    ep_rew_mean     | -4.43e+04 |
| time/              |           |
|    fps             | 99        |
|    iterations      | 928       |
|    time_elapsed    | 19088     |
|    total_timesteps | 1900544   |
----------------------------------
------------------------------------------
| rollout/                |              |
|    ep_len_mean          | 100          |
|    ep_rew_mean          | -4.43e+04    |
| time/                   |              |
|    fps                  | 99           |
|    iterations           | 929          |
|    time_elapsed         | 19102        |
|    total_timesteps      | 1902592      |
| train/                  |              |
|    approx_kl            | 0.0010642309 |
|    clip_fraction        | 0            |
|    clip_range           | 0.2          |
|    entropy_loss         | -3.06        |
|    explained_variance   | 0            |
|    learning_rate        | 0.0003       |
|    loss                 | 1.72e+07     |
|    n_updates            | 9280         |
|    policy_gradient_loss | -0.00179     |
|    value_loss           | 3.37e+07     |
------------------------------------------
------------------------------------------
| rollout/                |              |
|    ep_len_mean          | 100          |
|    ep_rew_mean          | -4.42e+04    |
| time/                   |              |
|    fps                  | 99           |
|    iterations           | 930          |
|    time_elapsed         | 19123        |
|    total_timesteps      | 1904640      |
| train/                  |              |
|    approx_kl            | 0.0010486944 |
|    clip_fraction        | 0            |
|    clip_range           | 0.2          |
|    entropy_loss         | -3.06        |
|    explained_variance   | 0            |
|    learning_rate        | 0.0003       |
|    loss                 | 1.64e+07     |
|    n_updates            | 9290         |
|    policy_gradient_loss | -0.00188     |
|    value_loss           | 3.57e+07     |
------------------------------------------
-------------------------------------------
| rollout/                |               |
|    ep_len_mean          | 100           |
|    ep_rew_mean          | -4.44e+04     |
| time/                   |               |
|    fps                  | 99            |
|    iterations           | 931           |
|    time_elapsed         | 19143         |
|    total_timesteps      | 1906688       |
| train/                  |               |
|    approx_kl            | 0.00042603764 |
|    clip_fraction        | 0             |
|    clip_range           | 0.2           |
|    entropy_loss         | -3.06         |
|    explained_variance   | 5.96e-08      |
|    learning_rate        | 0.0003        |
|    loss                 | 1.95e+07      |
|    n_updates            | 9300          |
|    policy_gradient_loss | -0.000471     |
|    value_loss           | 3.42e+07      |
-------------------------------------------
------------------------------------------
| rollout/                |              |
|    ep_len_mean          | 100          |
|    ep_rew_mean          | -4.43e+04    |
| time/                   |              |
|    fps                  | 99           |
|    iterations           | 932          |
|    time_elapsed         | 19166        |
|    total_timesteps      | 1908736      |
| train/                  |              |
|    approx_kl            | 0.0003052839 |
|    clip_fraction        | 0            |
|    clip_range           | 0.2          |
|    entropy_loss         | -3.06        |
|    explained_variance   | 0            |
|    learning_rate        | 0.0003       |
|    loss                 | 1.83e+07     |
|    n_updates            | 9310         |
|    policy_gradient_loss | -0.000584    |
|    value_loss           | 3.58e+07     |
------------------------------------------
-------------------------------------------
| rollout/                |               |
|    ep_len_mean          | 100           |
|    ep_rew_mean          | -4.44e+04     |
| time/                   |               |
|    fps                  | 99            |
|    iterations           | 933           |
|    time_elapsed         | 19180         |
|    total_timesteps      | 1910784       |
| train/                  |               |
|    approx_kl            | 0.00072141027 |
|    clip_fraction        | 0             |
|    clip_range           | 0.2           |
|    entropy_loss         | -3.05         |
|    explained_variance   | -1.19e-07     |
|    learning_rate        | 0.0003        |
|    loss                 | 1.59e+07      |
|    n_updates            | 9320          |
|    policy_gradient_loss | -0.000933     |
|    value_loss           | 3.52e+07      |
-------------------------------------------
-------------------------------------------
| rollout/                |               |
|    ep_len_mean          | 100           |
|    ep_rew_mean          | -4.42e+04     |
| time/                   |               |
|    fps                  | 99            |
|    iterations           | 934           |
|    time_elapsed         | 19195         |
|    total_timesteps      | 1912832       |
| train/                  |               |
|    approx_kl            | 0.00014967777 |
|    clip_fraction        | 0             |
|    clip_range           | 0.2           |
|    entropy_loss         | -3.05         |
|    explained_variance   | 1.19e-07      |
|    learning_rate        | 0.0003        |
|    loss                 | 1.76e+07      |
|    n_updates            | 9330          |
|    policy_gradient_loss | -0.00033      |
|    value_loss           | 3.34e+07      |
-------------------------------------------
------------------------------------------
| rollout/                |              |
|    ep_len_mean          | 100          |
|    ep_rew_mean          | -4.38e+04    |
| time/                   |              |
|    fps                  | 99           |
|    iterations           | 935          |
|    time_elapsed         | 19214        |
|    total_timesteps      | 1914880      |
| train/                  |              |
|    approx_kl            | 0.0019030189 |
|    clip_fraction        | 0            |
|    clip_range           | 0.2          |
|    entropy_loss         | -3.05        |
|    explained_variance   | -1.19e-07    |
|    learning_rate        | 0.0003       |
|    loss                 | 1.5e+07      |
|    n_updates            | 9340         |
|    policy_gradient_loss | -0.00252     |
|    value_loss           | 3.47e+07     |
------------------------------------------
------------------------------------------
| rollout/                |              |
|    ep_len_mean          | 100          |
|    ep_rew_mean          | -4.37e+04    |
| time/                   |              |
|    fps                  | 99           |
|    iterations           | 936          |
|    time_elapsed         | 19234        |
|    total_timesteps      | 1916928      |
| train/                  |              |
|    approx_kl            | 0.0009046724 |
|    clip_fraction        | 0            |
|    clip_range           | 0.2          |
|    entropy_loss         | -3.05        |
|    explained_variance   | -1.19e-07    |
|    learning_rate        | 0.0003       |
|    loss                 | 1.54e+07     |
|    n_updates            | 9350         |
|    policy_gradient_loss | -0.00131     |
|    value_loss           | 3.24e+07     |
------------------------------------------
-------------------------------------------
| rollout/                |               |
|    ep_len_mean          | 100           |
|    ep_rew_mean          | -4.42e+04     |
| time/                   |               |
|    fps                  | 99            |
|    iterations           | 937           |
|    time_elapsed         | 19256         |
|    total_timesteps      | 1918976       |
| train/                  |               |
|    approx_kl            | 0.00050847186 |
|    clip_fraction        | 0             |
|    clip_range           | 0.2           |
|    entropy_loss         | -3.04         |
|    explained_variance   | 0             |
|    learning_rate        | 0.0003        |
|    loss                 | 1.6e+07       |
|    n_updates            | 9360          |
|    policy_gradient_loss | -0.000993     |
|    value_loss           | 3.46e+07      |
-------------------------------------------
-------------------------------------------
| rollout/                |               |
|    ep_len_mean          | 100           |
|    ep_rew_mean          | -4.44e+04     |
| time/                   |               |
|    fps                  | 99            |
|    iterations           | 938           |
|    time_elapsed         | 19275         |
|    total_timesteps      | 1921024       |
| train/                  |               |
|    approx_kl            | 0.00015398746 |
|    clip_fraction        | 0             |
|    clip_range           | 0.2           |
|    entropy_loss         | -3.04         |
|    explained_variance   | 0             |
|    learning_rate        | 0.0003        |
|    loss                 | 1.99e+07      |
|    n_updates            | 9370          |
|    policy_gradient_loss | -0.000392     |
|    value_loss           | 3.91e+07      |
-------------------------------------------
-------------------------------------------
| rollout/                |               |
|    ep_len_mean          | 100           |
|    ep_rew_mean          | -4.45e+04     |
| time/                   |               |
|    fps                  | 99            |
|    iterations           | 939           |
|    time_elapsed         | 19297         |
|    total_timesteps      | 1923072       |
| train/                  |               |
|    approx_kl            | 2.7187343e-05 |
|    clip_fraction        | 0             |
|    clip_range           | 0.2           |
|    entropy_loss         | -3.04         |
|    explained_variance   | 0             |
|    learning_rate        | 0.0003        |
|    loss                 | 1.6e+07       |
|    n_updates            | 9380          |
|    policy_gradient_loss | -2.8e-05      |
|    value_loss           | 3.55e+07      |
-------------------------------------------
-------------------------------------------
| rollout/                |               |
|    ep_len_mean          | 100           |
|    ep_rew_mean          | -4.46e+04     |
| time/                   |               |
|    fps                  | 99            |
|    iterations           | 940           |
|    time_elapsed         | 19311         |
|    total_timesteps      | 1925120       |
| train/                  |               |
|    approx_kl            | 0.00022642381 |
|    clip_fraction        | 0             |
|    clip_range           | 0.2           |
|    entropy_loss         | -3.04         |
|    explained_variance   | 0             |
|    learning_rate        | 0.0003        |
|    loss                 | 1.59e+07      |
|    n_updates            | 9390          |
|    policy_gradient_loss | -0.000408     |
|    value_loss           | 3.36e+07      |
-------------------------------------------
-------------------------------------------
| rollout/                |               |
|    ep_len_mean          | 100           |
|    ep_rew_mean          | -4.39e+04     |
| time/                   |               |
|    fps                  | 99            |
|    iterations           | 941           |
|    time_elapsed         | 19325         |
|    total_timesteps      | 1927168       |
| train/                  |               |
|    approx_kl            | 0.00083652284 |
|    clip_fraction        | 0             |
|    clip_range           | 0.2           |
|    entropy_loss         | -3.04         |
|    explained_variance   | 0             |
|    learning_rate        | 0.0003        |
|    loss                 | 1.58e+07      |
|    n_updates            | 9400          |
|    policy_gradient_loss | -0.000898     |
|    value_loss           | 3.28e+07      |
-------------------------------------------
------------------------------------------
| rollout/                |              |
|    ep_len_mean          | 100          |
|    ep_rew_mean          | -4.33e+04    |
| time/                   |              |
|    fps                  | 99           |
|    iterations           | 942          |
|    time_elapsed         | 19342        |
|    total_timesteps      | 1929216      |
| train/                  |              |
|    approx_kl            | 0.0006969189 |
|    clip_fraction        | 0            |
|    clip_range           | 0.2          |
|    entropy_loss         | -3.04        |
|    explained_variance   | 0            |
|    learning_rate        | 0.0003       |
|    loss                 | 1.64e+07     |
|    n_updates            | 9410         |
|    policy_gradient_loss | -0.00108     |
|    value_loss           | 2.97e+07     |
------------------------------------------
------------------------------------------
| rollout/                |              |
|    ep_len_mean          | 100          |
|    ep_rew_mean          | -4.36e+04    |
| time/                   |              |
|    fps                  | 99           |
|    iterations           | 943          |
|    time_elapsed         | 19357        |
|    total_timesteps      | 1931264      |
| train/                  |              |
|    approx_kl            | 0.0029092021 |
|    clip_fraction        | 0            |
|    clip_range           | 0.2          |
|    entropy_loss         | -3.02        |
|    explained_variance   | 0            |
|    learning_rate        | 0.0003       |
|    loss                 | 1.66e+07     |
|    n_updates            | 9420         |
|    policy_gradient_loss | -0.00356     |
|    value_loss           | 3.41e+07     |
------------------------------------------
-------------------------------------------
| rollout/                |               |
|    ep_len_mean          | 100           |
|    ep_rew_mean          | -4.36e+04     |
| time/                   |               |
|    fps                  | 99            |
|    iterations           | 944           |
|    time_elapsed         | 19377         |
|    total_timesteps      | 1933312       |
| train/                  |               |
|    approx_kl            | 0.00034709412 |
|    clip_fraction        | 0             |
|    clip_range           | 0.2           |
|    entropy_loss         | -3.01         |
|    explained_variance   | 1.19e-07      |
|    learning_rate        | 0.0003        |
|    loss                 | 1.66e+07      |
|    n_updates            | 9430          |
|    policy_gradient_loss | -0.000794     |
|    value_loss           | 3.75e+07      |
-------------------------------------------
-------------------------------------------
| rollout/                |               |
|    ep_len_mean          | 100           |
|    ep_rew_mean          | -4.4e+04      |
| time/                   |               |
|    fps                  | 99            |
|    iterations           | 945           |
|    time_elapsed         | 19392         |
|    total_timesteps      | 1935360       |
| train/                  |               |
|    approx_kl            | 0.00083523674 |
|    clip_fraction        | 0             |
|    clip_range           | 0.2           |
|    entropy_loss         | -3            |
|    explained_variance   | 0             |
|    learning_rate        | 0.0003        |
|    loss                 | 1.78e+07      |
|    n_updates            | 9440          |
|    policy_gradient_loss | -0.00113      |
|    value_loss           | 3.49e+07      |
-------------------------------------------
------------------------------------------
| rollout/                |              |
|    ep_len_mean          | 100          |
|    ep_rew_mean          | -4.48e+04    |
| time/                   |              |
|    fps                  | 99           |
|    iterations           | 946          |
|    time_elapsed         | 19411        |
|    total_timesteps      | 1937408      |
| train/                  |              |
|    approx_kl            | 0.0013266881 |
|    clip_fraction        | 0            |
|    clip_range           | 0.2          |
|    entropy_loss         | -3.01        |
|    explained_variance   | 0            |
|    learning_rate        | 0.0003       |
|    loss                 | 1.94e+07     |
|    n_updates            | 9450         |
|    policy_gradient_loss | -0.00107     |
|    value_loss           | 3.51e+07     |
------------------------------------------
-----------------------------------------
| rollout/                |             |
|    ep_len_mean          | 100         |
|    ep_rew_mean          | -4.44e+04   |
| time/                   |             |
|    fps                  | 99          |
|    iterations           | 947         |
|    time_elapsed         | 19434       |
|    total_timesteps      | 1939456     |
| train/                  |             |
|    approx_kl            | 0.000663717 |
|    clip_fraction        | 0           |
|    clip_range           | 0.2         |
|    entropy_loss         | -3.03       |
|    explained_variance   | 0           |
|    learning_rate        | 0.0003      |
|    loss                 | 2.03e+07    |
|    n_updates            | 9460        |
|    policy_gradient_loss | -0.000489   |
|    value_loss           | 3.66e+07    |
-----------------------------------------
----------------------------------------
| rollout/                |            |
|    ep_len_mean          | 100        |
|    ep_rew_mean          | -4.44e+04  |
| time/                   |            |
|    fps                  | 99         |
|    iterations           | 948        |
|    time_elapsed         | 19457      |
|    total_timesteps      | 1941504    |
| train/                  |            |
|    approx_kl            | 0.00068262 |
|    clip_fraction        | 0          |
|    clip_range           | 0.2        |
|    entropy_loss         | -3.03      |
|    explained_variance   | 0          |
|    learning_rate        | 0.0003     |
|    loss                 | 1.81e+07   |
|    n_updates            | 9470       |
|    policy_gradient_loss | -0.00114   |
|    value_loss           | 3.29e+07   |
----------------------------------------
------------------------------------------
| rollout/                |              |
|    ep_len_mean          | 100          |
|    ep_rew_mean          | -4.45e+04    |
| time/                   |              |
|    fps                  | 99           |
|    iterations           | 949          |
|    time_elapsed         | 19480        |
|    total_timesteps      | 1943552      |
| train/                  |              |
|    approx_kl            | 0.0002949312 |
|    clip_fraction        | 0            |
|    clip_range           | 0.2          |
|    entropy_loss         | -3.03        |
|    explained_variance   | -1.19e-07    |
|    learning_rate        | 0.0003       |
|    loss                 | 1.73e+07     |
|    n_updates            | 9480         |
|    policy_gradient_loss | -0.000342    |
|    value_loss           | 3.4e+07      |
------------------------------------------
-------------------------------------------
| rollout/                |               |
|    ep_len_mean          | 100           |
|    ep_rew_mean          | -4.41e+04     |
| time/                   |               |
|    fps                  | 99            |
|    iterations           | 950           |
|    time_elapsed         | 19495         |
|    total_timesteps      | 1945600       |
| train/                  |               |
|    approx_kl            | 0.00026651466 |
|    clip_fraction        | 0             |
|    clip_range           | 0.2           |
|    entropy_loss         | -3.04         |
|    explained_variance   | 1.19e-07      |
|    learning_rate        | 0.0003        |
|    loss                 | 1.91e+07      |
|    n_updates            | 9490          |
|    policy_gradient_loss | -0.000165     |
|    value_loss           | 3.36e+07      |
-------------------------------------------
------------------------------------------
| rollout/                |              |
|    ep_len_mean          | 100          |
|    ep_rew_mean          | -4.42e+04    |
| time/                   |              |
|    fps                  | 99           |
|    iterations           | 951          |
|    time_elapsed         | 19517        |
|    total_timesteps      | 1947648      |
| train/                  |              |
|    approx_kl            | 0.0032375944 |
|    clip_fraction        | 0            |
|    clip_range           | 0.2          |
|    entropy_loss         | -3.05        |
|    explained_variance   | 0            |
|    learning_rate        | 0.0003       |
|    loss                 | 1.61e+07     |
|    n_updates            | 9500         |
|    policy_gradient_loss | -0.00259     |
|    value_loss           | 3.43e+07     |
------------------------------------------
-------------------------------------------
| rollout/                |               |
|    ep_len_mean          | 100           |
|    ep_rew_mean          | -4.42e+04     |
| time/                   |               |
|    fps                  | 99            |
|    iterations           | 952           |
|    time_elapsed         | 19532         |
|    total_timesteps      | 1949696       |
| train/                  |               |
|    approx_kl            | 0.00048506598 |
|    clip_fraction        | 0             |
|    clip_range           | 0.2           |
|    entropy_loss         | -3.06         |
|    explained_variance   | -2.38e-07     |
|    learning_rate        | 0.0003        |
|    loss                 | 1.95e+07      |
|    n_updates            | 9510          |
|    policy_gradient_loss | -0.000876     |
|    value_loss           | 3.75e+07      |
-------------------------------------------
Eval num_timesteps=1950000, episode_reward=-128763.41 +/- 9087.64
Episode length: 100.00 +/- 0.00
------------------------------------------
| eval/                   |              |
|    mean_ep_length       | 100          |
|    mean_reward          | -1.29e+05    |
| time/                   |              |
|    total_timesteps      | 1950000      |
| train/                  |              |
|    approx_kl            | 0.0011442795 |
|    clip_fraction        | 0            |
|    clip_range           | 0.2          |
|    entropy_loss         | -3.06        |
|    explained_variance   | 0            |
|    learning_rate        | 0.0003       |
|    loss                 | 1.58e+07     |
|    n_updates            | 9520         |
|    policy_gradient_loss | -0.00205     |
|    value_loss           | 3.38e+07     |
------------------------------------------
----------------------------------
| rollout/           |           |
|    ep_len_mean     | 100       |
|    ep_rew_mean     | -4.44e+04 |
| time/              |           |
|    fps             | 99        |
|    iterations      | 953       |
|    time_elapsed    | 19592     |
|    total_timesteps | 1951744   |
----------------------------------
-------------------------------------------
| rollout/                |               |
|    ep_len_mean          | 100           |
|    ep_rew_mean          | -4.44e+04     |
| time/                   |               |
|    fps                  | 99            |
|    iterations           | 954           |
|    time_elapsed         | 19606         |
|    total_timesteps      | 1953792       |
| train/                  |               |
|    approx_kl            | 0.00084297534 |
|    clip_fraction        | 0             |
|    clip_range           | 0.2           |
|    entropy_loss         | -3.05         |
|    explained_variance   | 0             |
|    learning_rate        | 0.0003        |
|    loss                 | 1.86e+07      |
|    n_updates            | 9530          |
|    policy_gradient_loss | -0.00166      |
|    value_loss           | 3.55e+07      |
-------------------------------------------
------------------------------------------
| rollout/                |              |
|    ep_len_mean          | 100          |
|    ep_rew_mean          | -4.46e+04    |
| time/                   |              |
|    fps                  | 99           |
|    iterations           | 955          |
|    time_elapsed         | 19626        |
|    total_timesteps      | 1955840      |
| train/                  |              |
|    approx_kl            | 0.0006140842 |
|    clip_fraction        | 0            |
|    clip_range           | 0.2          |
|    entropy_loss         | -3.06        |
|    explained_variance   | 0            |
|    learning_rate        | 0.0003       |
|    loss                 | 1.7e+07      |
|    n_updates            | 9540         |
|    policy_gradient_loss | -0.000569    |
|    value_loss           | 3.49e+07     |
------------------------------------------
------------------------------------------
| rollout/                |              |
|    ep_len_mean          | 100          |
|    ep_rew_mean          | -4.46e+04    |
| time/                   |              |
|    fps                  | 99           |
|    iterations           | 956          |
|    time_elapsed         | 19640        |
|    total_timesteps      | 1957888      |
| train/                  |              |
|    approx_kl            | 0.0005758559 |
|    clip_fraction        | 0            |
|    clip_range           | 0.2          |
|    entropy_loss         | -3.06        |
|    explained_variance   | 0            |
|    learning_rate        | 0.0003       |
|    loss                 | 1.84e+07     |
|    n_updates            | 9550         |
|    policy_gradient_loss | -0.000731    |
|    value_loss           | 3.5e+07      |
------------------------------------------
-------------------------------------------
| rollout/                |               |
|    ep_len_mean          | 100           |
|    ep_rew_mean          | -4.5e+04      |
| time/                   |               |
|    fps                  | 99            |
|    iterations           | 957           |
|    time_elapsed         | 19660         |
|    total_timesteps      | 1959936       |
| train/                  |               |
|    approx_kl            | 0.00018351228 |
|    clip_fraction        | 0             |
|    clip_range           | 0.2           |
|    entropy_loss         | -3.06         |
|    explained_variance   | 0             |
|    learning_rate        | 0.0003        |
|    loss                 | 2.21e+07      |
|    n_updates            | 9560          |
|    policy_gradient_loss | -0.000345     |
|    value_loss           | 3.63e+07      |
-------------------------------------------
------------------------------------------
| rollout/                |              |
|    ep_len_mean          | 100          |
|    ep_rew_mean          | -4.46e+04    |
| time/                   |              |
|    fps                  | 99           |
|    iterations           | 958          |
|    time_elapsed         | 19678        |
|    total_timesteps      | 1961984      |
| train/                  |              |
|    approx_kl            | 0.0007303311 |
|    clip_fraction        | 0            |
|    clip_range           | 0.2          |
|    entropy_loss         | -3.06        |
|    explained_variance   | -1.19e-07    |
|    learning_rate        | 0.0003       |
|    loss                 | 1.68e+07     |
|    n_updates            | 9570         |
|    policy_gradient_loss | -0.000999    |
|    value_loss           | 3.55e+07     |
------------------------------------------
-----------------------------------------
| rollout/                |             |
|    ep_len_mean          | 100         |
|    ep_rew_mean          | -4.46e+04   |
| time/                   |             |
|    fps                  | 99          |
|    iterations           | 959         |
|    time_elapsed         | 19692       |
|    total_timesteps      | 1964032     |
| train/                  |             |
|    approx_kl            | 0.000958259 |
|    clip_fraction        | 0           |
|    clip_range           | 0.2         |
|    entropy_loss         | -3.06       |
|    explained_variance   | 0           |
|    learning_rate        | 0.0003      |
|    loss                 | 1.71e+07    |
|    n_updates            | 9580        |
|    policy_gradient_loss | -0.00119    |
|    value_loss           | 3.39e+07    |
-----------------------------------------
------------------------------------------
| rollout/                |              |
|    ep_len_mean          | 100          |
|    ep_rew_mean          | -4.43e+04    |
| time/                   |              |
|    fps                  | 99           |
|    iterations           | 960          |
|    time_elapsed         | 19711        |
|    total_timesteps      | 1966080      |
| train/                  |              |
|    approx_kl            | 0.0006715974 |
|    clip_fraction        | 0            |
|    clip_range           | 0.2          |
|    entropy_loss         | -3.06        |
|    explained_variance   | 5.96e-08     |
|    learning_rate        | 0.0003       |
|    loss                 | 1.68e+07     |
|    n_updates            | 9590         |
|    policy_gradient_loss | -0.000693    |
|    value_loss           | 3.39e+07     |
------------------------------------------
------------------------------------------
| rollout/                |              |
|    ep_len_mean          | 100          |
|    ep_rew_mean          | -4.41e+04    |
| time/                   |              |
|    fps                  | 99           |
|    iterations           | 961          |
|    time_elapsed         | 19730        |
|    total_timesteps      | 1968128      |
| train/                  |              |
|    approx_kl            | 0.0003527163 |
|    clip_fraction        | 0            |
|    clip_range           | 0.2          |
|    entropy_loss         | -3.06        |
|    explained_variance   | 5.96e-08     |
|    learning_rate        | 0.0003       |
|    loss                 | 1.73e+07     |
|    n_updates            | 9600         |
|    policy_gradient_loss | -0.000775    |
|    value_loss           | 3.54e+07     |
------------------------------------------
-------------------------------------------
| rollout/                |               |
|    ep_len_mean          | 100           |
|    ep_rew_mean          | -4.38e+04     |
| time/                   |               |
|    fps                  | 99            |
|    iterations           | 962           |
|    time_elapsed         | 19751         |
|    total_timesteps      | 1970176       |
| train/                  |               |
|    approx_kl            | 0.00029004848 |
|    clip_fraction        | 0             |
|    clip_range           | 0.2           |
|    entropy_loss         | -3.05         |
|    explained_variance   | 5.96e-08      |
|    learning_rate        | 0.0003        |
|    loss                 | 1.55e+07      |
|    n_updates            | 9610          |
|    policy_gradient_loss | -0.000591     |
|    value_loss           | 3.25e+07      |
-------------------------------------------
------------------------------------------
| rollout/                |              |
|    ep_len_mean          | 100          |
|    ep_rew_mean          | -4.39e+04    |
| time/                   |              |
|    fps                  | 99           |
|    iterations           | 963          |
|    time_elapsed         | 19770        |
|    total_timesteps      | 1972224      |
| train/                  |              |
|    approx_kl            | 0.0008523264 |
|    clip_fraction        | 0            |
|    clip_range           | 0.2          |
|    entropy_loss         | -3.05        |
|    explained_variance   | 0            |
|    learning_rate        | 0.0003       |
|    loss                 | 1.92e+07     |
|    n_updates            | 9620         |
|    policy_gradient_loss | -0.00118     |
|    value_loss           | 3.46e+07     |
------------------------------------------
-------------------------------------------
| rollout/                |               |
|    ep_len_mean          | 100           |
|    ep_rew_mean          | -4.4e+04      |
| time/                   |               |
|    fps                  | 99            |
|    iterations           | 964           |
|    time_elapsed         | 19784         |
|    total_timesteps      | 1974272       |
| train/                  |               |
|    approx_kl            | 0.00064477674 |
|    clip_fraction        | 0             |
|    clip_range           | 0.2           |
|    entropy_loss         | -3.04         |
|    explained_variance   | -1.19e-07     |
|    learning_rate        | 0.0003        |
|    loss                 | 1.58e+07      |
|    n_updates            | 9630          |
|    policy_gradient_loss | -0.000903     |
|    value_loss           | 3.25e+07      |
-------------------------------------------
-------------------------------------------
| rollout/                |               |
|    ep_len_mean          | 100           |
|    ep_rew_mean          | -4.42e+04     |
| time/                   |               |
|    fps                  | 99            |
|    iterations           | 965           |
|    time_elapsed         | 19805         |
|    total_timesteps      | 1976320       |
| train/                  |               |
|    approx_kl            | 0.00040030695 |
|    clip_fraction        | 0             |
|    clip_range           | 0.2           |
|    entropy_loss         | -3.03         |
|    explained_variance   | 0             |
|    learning_rate        | 0.0003        |
|    loss                 | 1.64e+07      |
|    n_updates            | 9640          |
|    policy_gradient_loss | -0.000852     |
|    value_loss           | 3.6e+07       |
-------------------------------------------
-------------------------------------------
| rollout/                |               |
|    ep_len_mean          | 100           |
|    ep_rew_mean          | -4.44e+04     |
| time/                   |               |
|    fps                  | 99            |
|    iterations           | 966           |
|    time_elapsed         | 19825         |
|    total_timesteps      | 1978368       |
| train/                  |               |
|    approx_kl            | 0.00075761357 |
|    clip_fraction        | 0             |
|    clip_range           | 0.2           |
|    entropy_loss         | -3.04         |
|    explained_variance   | 1.19e-07      |
|    learning_rate        | 0.0003        |
|    loss                 | 1.69e+07      |
|    n_updates            | 9650          |
|    policy_gradient_loss | -0.000498     |
|    value_loss           | 3.5e+07       |
-------------------------------------------
-----------------------------------------
| rollout/                |             |
|    ep_len_mean          | 100         |
|    ep_rew_mean          | -4.45e+04   |
| time/                   |             |
|    fps                  | 99          |
|    iterations           | 967         |
|    time_elapsed         | 19842       |
|    total_timesteps      | 1980416     |
| train/                  |             |
|    approx_kl            | 0.001006766 |
|    clip_fraction        | 0           |
|    clip_range           | 0.2         |
|    entropy_loss         | -3.04       |
|    explained_variance   | 0           |
|    learning_rate        | 0.0003      |
|    loss                 | 1.79e+07    |
|    n_updates            | 9660        |
|    policy_gradient_loss | -0.000967   |
|    value_loss           | 3.51e+07    |
-----------------------------------------
-------------------------------------------
| rollout/                |               |
|    ep_len_mean          | 100           |
|    ep_rew_mean          | -4.45e+04     |
| time/                   |               |
|    fps                  | 99            |
|    iterations           | 968           |
|    time_elapsed         | 19856         |
|    total_timesteps      | 1982464       |
| train/                  |               |
|    approx_kl            | 0.00033014224 |
|    clip_fraction        | 0             |
|    clip_range           | 0.2           |
|    entropy_loss         | -3.05         |
|    explained_variance   | -1.19e-07     |
|    learning_rate        | 0.0003        |
|    loss                 | 1.73e+07      |
|    n_updates            | 9670          |
|    policy_gradient_loss | -0.000635     |
|    value_loss           | 3.51e+07      |
-------------------------------------------
------------------------------------------
| rollout/                |              |
|    ep_len_mean          | 100          |
|    ep_rew_mean          | -4.41e+04    |
| time/                   |              |
|    fps                  | 99           |
|    iterations           | 969          |
|    time_elapsed         | 19872        |
|    total_timesteps      | 1984512      |
| train/                  |              |
|    approx_kl            | 0.0003154222 |
|    clip_fraction        | 0            |
|    clip_range           | 0.2          |
|    entropy_loss         | -3.04        |
|    explained_variance   | 0            |
|    learning_rate        | 0.0003       |
|    loss                 | 1.65e+07     |
|    n_updates            | 9680         |
|    policy_gradient_loss | -0.000786    |
|    value_loss           | 3.43e+07     |
------------------------------------------
-------------------------------------------
| rollout/                |               |
|    ep_len_mean          | 100           |
|    ep_rew_mean          | -4.4e+04      |
| time/                   |               |
|    fps                  | 99            |
|    iterations           | 970           |
|    time_elapsed         | 19895         |
|    total_timesteps      | 1986560       |
| train/                  |               |
|    approx_kl            | 0.00025536137 |
|    clip_fraction        | 0             |
|    clip_range           | 0.2           |
|    entropy_loss         | -3.04         |
|    explained_variance   | 5.96e-08      |
|    learning_rate        | 0.0003        |
|    loss                 | 1.6e+07       |
|    n_updates            | 9690          |
|    policy_gradient_loss | -0.000395     |
|    value_loss           | 3.15e+07      |
-------------------------------------------
-------------------------------------------
| rollout/                |               |
|    ep_len_mean          | 100           |
|    ep_rew_mean          | -4.39e+04     |
| time/                   |               |
|    fps                  | 99            |
|    iterations           | 971           |
|    time_elapsed         | 19915         |
|    total_timesteps      | 1988608       |
| train/                  |               |
|    approx_kl            | 0.00021735916 |
|    clip_fraction        | 0             |
|    clip_range           | 0.2           |
|    entropy_loss         | -3.04         |
|    explained_variance   | -1.19e-07     |
|    learning_rate        | 0.0003        |
|    loss                 | 1.71e+07      |
|    n_updates            | 9700          |
|    policy_gradient_loss | -0.000417     |
|    value_loss           | 3.44e+07      |
-------------------------------------------
-------------------------------------------
| rollout/                |               |
|    ep_len_mean          | 100           |
|    ep_rew_mean          | -4.37e+04     |
| time/                   |               |
|    fps                  | 99            |
|    iterations           | 972           |
|    time_elapsed         | 19937         |
|    total_timesteps      | 1990656       |
| train/                  |               |
|    approx_kl            | 0.00023776674 |
|    clip_fraction        | 0             |
|    clip_range           | 0.2           |
|    entropy_loss         | -3.04         |
|    explained_variance   | 1.19e-07      |
|    learning_rate        | 0.0003        |
|    loss                 | 1.68e+07      |
|    n_updates            | 9710          |
|    policy_gradient_loss | -0.000449     |
|    value_loss           | 3.26e+07      |
-------------------------------------------
-----------------------------------------
| rollout/                |             |
|    ep_len_mean          | 100         |
|    ep_rew_mean          | -4.38e+04   |
| time/                   |             |
|    fps                  | 99          |
|    iterations           | 973         |
|    time_elapsed         | 19958       |
|    total_timesteps      | 1992704     |
| train/                  |             |
|    approx_kl            | 0.000360229 |
|    clip_fraction        | 0           |
|    clip_range           | 0.2         |
|    entropy_loss         | -3.04       |
|    explained_variance   | 0           |
|    learning_rate        | 0.0003      |
|    loss                 | 1.57e+07    |
|    n_updates            | 9720        |
|    policy_gradient_loss | -0.000633   |
|    value_loss           | 3.48e+07    |
-----------------------------------------
------------------------------------------
| rollout/                |              |
|    ep_len_mean          | 100          |
|    ep_rew_mean          | -4.39e+04    |
| time/                   |              |
|    fps                  | 99           |
|    iterations           | 974          |
|    time_elapsed         | 19980        |
|    total_timesteps      | 1994752      |
| train/                  |              |
|    approx_kl            | 0.0015408524 |
|    clip_fraction        | 0            |
|    clip_range           | 0.2          |
|    entropy_loss         | -3.04        |
|    explained_variance   | 0            |
|    learning_rate        | 0.0003       |
|    loss                 | 1.52e+07     |
|    n_updates            | 9730         |
|    policy_gradient_loss | -0.00231     |
|    value_loss           | 3.37e+07     |
------------------------------------------
-------------------------------------------
| rollout/                |               |
|    ep_len_mean          | 100           |
|    ep_rew_mean          | -4.4e+04      |
| time/                   |               |
|    fps                  | 99            |
|    iterations           | 975           |
|    time_elapsed         | 19994         |
|    total_timesteps      | 1996800       |
| train/                  |               |
|    approx_kl            | 0.00065842445 |
|    clip_fraction        | 0             |
|    clip_range           | 0.2           |
|    entropy_loss         | -3.04         |
|    explained_variance   | 5.96e-08      |
|    learning_rate        | 0.0003        |
|    loss                 | 1.88e+07      |
|    n_updates            | 9740          |
|    policy_gradient_loss | -0.000494     |
|    value_loss           | 3.5e+07       |
-------------------------------------------
------------------------------------------
| rollout/                |              |
|    ep_len_mean          | 100          |
|    ep_rew_mean          | -4.43e+04    |
| time/                   |              |
|    fps                  | 99           |
|    iterations           | 976          |
|    time_elapsed         | 20015        |
|    total_timesteps      | 1998848      |
| train/                  |              |
|    approx_kl            | 0.0006356975 |
|    clip_fraction        | 0            |
|    clip_range           | 0.2          |
|    entropy_loss         | -3.05        |
|    explained_variance   | 0            |
|    learning_rate        | 0.0003       |
|    loss                 | 1.7e+07      |
|    n_updates            | 9750         |
|    policy_gradient_loss | -0.000928    |
|    value_loss           | 3.31e+07     |
------------------------------------------
Eval num_timesteps=2000000, episode_reward=-49298.38 +/- 4105.92
Episode length: 100.00 +/- 0.00
------------------------------------------
| eval/                   |              |
|    mean_ep_length       | 100          |
|    mean_reward          | -4.93e+04    |
| time/                   |              |
|    total_timesteps      | 2000000      |
| train/                  |              |
|    approx_kl            | 0.0016033999 |
|    clip_fraction        | 0            |
|    clip_range           | 0.2          |
|    entropy_loss         | -3.05        |
|    explained_variance   | 0            |
|    learning_rate        | 0.0003       |
|    loss                 | 1.44e+07     |
|    n_updates            | 9760         |
|    policy_gradient_loss | -0.00134     |
|    value_loss           | 3.46e+07     |
------------------------------------------
----------------------------------
| rollout/           |           |
|    ep_len_mean     | 100       |
|    ep_rew_mean     | -4.42e+04 |
| time/              |           |
|    fps             | 99        |
|    iterations      | 977       |
|    time_elapsed    | 20075     |
|    total_timesteps | 2000896   |
----------------------------------
2026-04-18 06:58:23,504 [INFO] DGRL-Trainer: Model DGRL Hyper đã lưu tại: /home/hung8uandj/Study/CoreRouter/src/analytics/../../results/models/dgrl_hyper_jo_vdpr.zip

✅ Training DGRL Hyper hoàn tất! Model: /home/hung8uandj/Study/CoreRouter/src/analytics/../../results/models/dgrl_hyper_jo_vdpr.zip
