========================================================================
  JO-VDPR DGRL Phase 8 — MaskablePPO + Proportional Knapsack Reward
  Topology  : 10 DC Nodes (Hà Nội → Cần Thơ, latency địa lý thực)
  GNN       : Static Adjacency + LayerNorm + Dropout (v3 Policy)
  Reward    : Adaptive λ_msd + Knapsack Bonus (scale=0.5) + Switching Cost
  Masking   : action_masks() lọc bỏ action không khả dụng trước Softmax
========================================================================
2026-04-19 20:20:44,955 [INFO] DGRL-v8: GNN Policy v3 params: 737,989
2026-04-19 20:20:44,955 [INFO] DGRL-v8: Training 2,000,000 timesteps...
Using cpu device
Logging to /home/hung8uandj/Study/CoreRouter/src/analytics/../../results/logs/dgrl_v8/MaskablePPO_3
/home/hung8uandj/.local/lib/python3.14/site-packages/stable_baselines3/common/callbacks.py:419: UserWarning: Training and eval env are not of the same type<stable_baselines3.common.vec_env.vec_monitor.VecMonitor object at 0x7f10014f02f0> != <stable_baselines3.common.vec_env.dummy_vec_env.DummyVecEnv object at 0x7f10014f0980>
  warnings.warn("Training and eval env are not of the same type" f"{self.training_env} != {self.eval_env}")
---------------------------------
| rollout/           |          |
|    ep_len_mean     | 100      |
|    ep_rew_mean     | 5.67e+03 |
| time/              |          |
|    fps             | 239      |
|    iterations      | 1        |
|    time_elapsed    | 10       |
|    total_timesteps | 2560     |
---------------------------------
-----------------------------------------
| rollout/                |             |
|    ep_len_mean          | 100         |
|    ep_rew_mean          | 5.63e+03    |
| time/                   |             |
|    fps                  | 74          |
|    iterations           | 2           |
|    time_elapsed         | 68          |
|    total_timesteps      | 5120        |
| train/                  |             |
|    approx_kl            | 0.001668079 |
|    clip_fraction        | 0.000977    |
|    clip_range           | 0.2         |
|    entropy_loss         | -4.24       |
|    explained_variance   | 0.000488    |
|    learning_rate        | 0.0003      |
|    loss                 | 3.17e+05    |
|    n_updates            | 10          |
|    policy_gradient_loss | -0.00189    |
|    value_loss           | 6.74e+05    |
-----------------------------------------
------------------------------------------
| rollout/                |              |
|    ep_len_mean          | 100          |
|    ep_rew_mean          | 5.58e+03     |
| time/                   |              |
|    fps                  | 61           |
|    iterations           | 3            |
|    time_elapsed         | 123          |
|    total_timesteps      | 7680         |
| train/                  |              |
|    approx_kl            | 0.0037392986 |
|    clip_fraction        | 0.00703      |
|    clip_range           | 0.2          |
|    entropy_loss         | -4.24        |
|    explained_variance   | 0            |
|    learning_rate        | 0.0003       |
|    loss                 | 3.16e+05     |
|    n_updates            | 20           |
|    policy_gradient_loss | -0.00471     |
|    value_loss           | 6.04e+05     |
------------------------------------------
------------------------------------------
| rollout/                |              |
|    ep_len_mean          | 100          |
|    ep_rew_mean          | 5.72e+03     |
| time/                   |              |
|    fps                  | 57           |
|    iterations           | 4            |
|    time_elapsed         | 178          |
|    total_timesteps      | 10240        |
| train/                  |              |
|    approx_kl            | 0.0020325102 |
|    clip_fraction        | 0            |
|    clip_range           | 0.2          |
|    entropy_loss         | -4.21        |
|    explained_variance   | 0            |
|    learning_rate        | 0.0003       |
|    loss                 | 3.11e+05     |
|    n_updates            | 30           |
|    policy_gradient_loss | -0.00252     |
|    value_loss           | 6.35e+05     |
------------------------------------------
------------------------------------------
| rollout/                |              |
|    ep_len_mean          | 100          |
|    ep_rew_mean          | 5.72e+03     |
| time/                   |              |
|    fps                  | 55           |
|    iterations           | 5            |
|    time_elapsed         | 229          |
|    total_timesteps      | 12800        |
| train/                  |              |
|    approx_kl            | 0.0011581912 |
|    clip_fraction        | 0            |
|    clip_range           | 0.2          |
|    entropy_loss         | -4.25        |
|    explained_variance   | 0            |
|    learning_rate        | 0.0003       |
|    loss                 | 3.42e+05     |
|    n_updates            | 40           |
|    policy_gradient_loss | -0.00145     |
|    value_loss           | 6.68e+05     |
------------------------------------------
------------------------------------------
| rollout/                |              |
|    ep_len_mean          | 100          |
|    ep_rew_mean          | 5.75e+03     |
| time/                   |              |
|    fps                  | 57           |
|    iterations           | 6            |
|    time_elapsed         | 267          |
|    total_timesteps      | 15360        |
| train/                  |              |
|    approx_kl            | 0.0015527776 |
|    clip_fraction        | 0            |
|    clip_range           | 0.2          |
|    entropy_loss         | -4.2         |
|    explained_variance   | 0            |
|    learning_rate        | 0.0003       |
|    loss                 | 3.25e+05     |
|    n_updates            | 50           |
|    policy_gradient_loss | -0.00214     |
|    value_loss           | 6.45e+05     |
------------------------------------------
------------------------------------------
| rollout/                |              |
|    ep_len_mean          | 100          |
|    ep_rew_mean          | 5.87e+03     |
| time/                   |              |
|    fps                  | 59           |
|    iterations           | 7            |
|    time_elapsed         | 302          |
|    total_timesteps      | 17920        |
| train/                  |              |
|    approx_kl            | 0.0037255376 |
|    clip_fraction        | 0.00199      |
|    clip_range           | 0.2          |
|    entropy_loss         | -4.27        |
|    explained_variance   | -1.19e-07    |
|    learning_rate        | 0.0003       |
|    loss                 | 2.99e+05     |
|    n_updates            | 60           |
|    policy_gradient_loss | -0.00455     |
|    value_loss           | 6.16e+05     |
------------------------------------------
2026-04-19 20:26:23,540 [INFO] DGRL-v8: [AdaptivePenalty] step=20,480 | viol_rate=0.020 (target=0.05) | λ_msd: -300.0 → -298.5
------------------------------------------
| rollout/                |              |
|    ep_len_mean          | 100          |
|    ep_rew_mean          | 5.8e+03      |
| time/                   |              |
|    fps                  | 60           |
|    iterations           | 8            |
|    time_elapsed         | 338          |
|    total_timesteps      | 20480        |
| train/                  |              |
|    approx_kl            | 0.0017611783 |
|    clip_fraction        | 0            |
|    clip_range           | 0.2          |
|    entropy_loss         | -4.17        |
|    explained_variance   | -1.19e-07    |
|    learning_rate        | 0.0003       |
|    loss                 | 3.87e+05     |
|    n_updates            | 70           |
|    policy_gradient_loss | -0.00237     |
|    value_loss           | 7.36e+05     |
------------------------------------------
------------------------------------------
| rollout/                |              |
|    ep_len_mean          | 100          |
|    ep_rew_mean          | 5.84e+03     |
| time/                   |              |
|    fps                  | 61           |
|    iterations           | 9            |
|    time_elapsed         | 377          |
|    total_timesteps      | 23040        |
| train/                  |              |
|    approx_kl            | 0.0010711022 |
|    clip_fraction        | 0            |
|    clip_range           | 0.2          |
|    entropy_loss         | -4.25        |
|    explained_variance   | 0            |
|    learning_rate        | 0.0003       |
|    loss                 | 3.21e+05     |
|    n_updates            | 80           |
|    policy_gradient_loss | -0.00125     |
|    value_loss           | 6.59e+05     |
------------------------------------------
------------------------------------------
| rollout/                |              |
|    ep_len_mean          | 100          |
|    ep_rew_mean          | 5.85e+03     |
| time/                   |              |
|    fps                  | 62           |
|    iterations           | 10           |
|    time_elapsed         | 408          |
|    total_timesteps      | 25600        |
| train/                  |              |
|    approx_kl            | 0.0027260252 |
|    clip_fraction        | 0            |
|    clip_range           | 0.2          |
|    entropy_loss         | -4.22        |
|    explained_variance   | 0            |
|    learning_rate        | 0.0003       |
|    loss                 | 3.19e+05     |
|    n_updates            | 90           |
|    policy_gradient_loss | -0.00293     |
|    value_loss           | 6.54e+05     |
------------------------------------------
-----------------------------------------
| rollout/                |             |
|    ep_len_mean          | 100         |
|    ep_rew_mean          | 5.8e+03     |
| time/                   |             |
|    fps                  | 63          |
|    iterations           | 11          |
|    time_elapsed         | 443         |
|    total_timesteps      | 28160       |
| train/                  |             |
|    approx_kl            | 0.002373547 |
|    clip_fraction        | 0.000586    |
|    clip_range           | 0.2         |
|    entropy_loss         | -4.21       |
|    explained_variance   | -1.19e-07   |
|    learning_rate        | 0.0003      |
|    loss                 | 3.05e+05    |
|    n_updates            | 100         |
|    policy_gradient_loss | -0.00303    |
|    value_loss           | 6.59e+05    |
-----------------------------------------
------------------------------------------
| rollout/                |              |
|    ep_len_mean          | 100          |
|    ep_rew_mean          | 5.81e+03     |
| time/                   |              |
|    fps                  | 63           |
|    iterations           | 12           |
|    time_elapsed         | 480          |
|    total_timesteps      | 30720        |
| train/                  |              |
|    approx_kl            | 0.0036294092 |
|    clip_fraction        | 0.00313      |
|    clip_range           | 0.2          |
|    entropy_loss         | -4.22        |
|    explained_variance   | 0            |
|    learning_rate        | 0.0003       |
|    loss                 | 3.49e+05     |
|    n_updates            | 110          |
|    policy_gradient_loss | -0.00457     |
|    value_loss           | 6.81e+05     |
------------------------------------------
------------------------------------------
| rollout/                |              |
|    ep_len_mean          | 100          |
|    ep_rew_mean          | 5.74e+03     |
| time/                   |              |
|    fps                  | 64           |
|    iterations           | 13           |
|    time_elapsed         | 517          |
|    total_timesteps      | 33280        |
| train/                  |              |
|    approx_kl            | 0.0025202152 |
|    clip_fraction        | 0            |
|    clip_range           | 0.2          |
|    entropy_loss         | -4.19        |
|    explained_variance   | 0            |
|    learning_rate        | 0.0003       |
|    loss                 | 2.8e+05      |
|    n_updates            | 120          |
|    policy_gradient_loss | -0.00298     |
|    value_loss           | 6.11e+05     |
------------------------------------------
------------------------------------------
| rollout/                |              |
|    ep_len_mean          | 100          |
|    ep_rew_mean          | 5.74e+03     |
| time/                   |              |
|    fps                  | 64           |
|    iterations           | 14           |
|    time_elapsed         | 551          |
|    total_timesteps      | 35840        |
| train/                  |              |
|    approx_kl            | 0.0031984884 |
|    clip_fraction        | 7.81e-05     |
|    clip_range           | 0.2          |
|    entropy_loss         | -4.21        |
|    explained_variance   | 0            |
|    learning_rate        | 0.0003       |
|    loss                 | 3.31e+05     |
|    n_updates            | 130          |
|    policy_gradient_loss | -0.0042      |
|    value_loss           | 6.08e+05     |
------------------------------------------
------------------------------------------
| rollout/                |              |
|    ep_len_mean          | 100          |
|    ep_rew_mean          | 5.65e+03     |
| time/                   |              |
|    fps                  | 65           |
|    iterations           | 15           |
|    time_elapsed         | 588          |
|    total_timesteps      | 38400        |
| train/                  |              |
|    approx_kl            | 0.0024256958 |
|    clip_fraction        | 0            |
|    clip_range           | 0.2          |
|    entropy_loss         | -4.19        |
|    explained_variance   | -1.19e-07    |
|    learning_rate        | 0.0003       |
|    loss                 | 2.89e+05     |
|    n_updates            | 140          |
|    policy_gradient_loss | -0.00291     |
|    value_loss           | 6.2e+05      |
------------------------------------------
2026-04-19 20:31:07,273 [INFO] DGRL-v8: [AdaptivePenalty] step=40,960 | viol_rate=0.019 (target=0.05) | λ_msd: -298.5 → -297.0
------------------------------------------
| rollout/                |              |
|    ep_len_mean          | 100          |
|    ep_rew_mean          | 5.64e+03     |
| time/                   |              |
|    fps                  | 65           |
|    iterations           | 16           |
|    time_elapsed         | 622          |
|    total_timesteps      | 40960        |
| train/                  |              |
|    approx_kl            | 0.0013866808 |
|    clip_fraction        | 0            |
|    clip_range           | 0.2          |
|    entropy_loss         | -4.21        |
|    explained_variance   | -1.19e-07    |
|    learning_rate        | 0.0003       |
|    loss                 | 3.39e+05     |
|    n_updates            | 150          |
|    policy_gradient_loss | -0.00134     |
|    value_loss           | 6.29e+05     |
------------------------------------------
-----------------------------------------
| rollout/                |             |
|    ep_len_mean          | 100         |
|    ep_rew_mean          | 5.73e+03    |
| time/                   |             |
|    fps                  | 66          |
|    iterations           | 17          |
|    time_elapsed         | 659         |
|    total_timesteps      | 43520       |
| train/                  |             |
|    approx_kl            | 0.003339082 |
|    clip_fraction        | 7.81e-05    |
|    clip_range           | 0.2         |
|    entropy_loss         | -4.18       |
|    explained_variance   | 0           |
|    learning_rate        | 0.0003      |
|    loss                 | 3.06e+05    |
|    n_updates            | 160         |
|    policy_gradient_loss | -0.00371    |
|    value_loss           | 5.83e+05    |
-----------------------------------------
-----------------------------------------
| rollout/                |             |
|    ep_len_mean          | 100         |
|    ep_rew_mean          | 5.72e+03    |
| time/                   |             |
|    fps                  | 66          |
|    iterations           | 18          |
|    time_elapsed         | 693         |
|    total_timesteps      | 46080       |
| train/                  |             |
|    approx_kl            | 0.004068668 |
|    clip_fraction        | 0.0034      |
|    clip_range           | 0.2         |
|    entropy_loss         | -4.18       |
|    explained_variance   | -1.19e-07   |
|    learning_rate        | 0.0003      |
|    loss                 | 3.47e+05    |
|    n_updates            | 170         |
|    policy_gradient_loss | -0.00438    |
|    value_loss           | 7.03e+05    |
-----------------------------------------
-------------------------------------------
| rollout/                |               |
|    ep_len_mean          | 100           |
|    ep_rew_mean          | 5.76e+03      |
| time/                   |               |
|    fps                  | 66            |
|    iterations           | 19            |
|    time_elapsed         | 732           |
|    total_timesteps      | 48640         |
| train/                  |               |
|    approx_kl            | 0.00061099976 |
|    clip_fraction        | 0             |
|    clip_range           | 0.2           |
|    entropy_loss         | -4.14         |
|    explained_variance   | 0             |
|    learning_rate        | 0.0003        |
|    loss                 | 3.17e+05      |
|    n_updates            | 180           |
|    policy_gradient_loss | -0.000577     |
|    value_loss           | 6.06e+05      |
-------------------------------------------
------------------------------------------
| rollout/                |              |
|    ep_len_mean          | 100          |
|    ep_rew_mean          | 5.76e+03     |
| time/                   |              |
|    fps                  | 66           |
|    iterations           | 20           |
|    time_elapsed         | 768          |
|    total_timesteps      | 51200        |
| train/                  |              |
|    approx_kl            | 0.0016816005 |
|    clip_fraction        | 0            |
|    clip_range           | 0.2          |
|    entropy_loss         | -4.13        |
|    explained_variance   | 0            |
|    learning_rate        | 0.0003       |
|    loss                 | 3.23e+05     |
|    n_updates            | 190          |
|    policy_gradient_loss | -0.00176     |
|    value_loss           | 6.61e+05     |
------------------------------------------
------------------------------------------
| rollout/                |              |
|    ep_len_mean          | 100          |
|    ep_rew_mean          | 5.68e+03     |
| time/                   |              |
|    fps                  | 67           |
|    iterations           | 21           |
|    time_elapsed         | 802          |
|    total_timesteps      | 53760        |
| train/                  |              |
|    approx_kl            | 0.0015849754 |
|    clip_fraction        | 0            |
|    clip_range           | 0.2          |
|    entropy_loss         | -4.2         |
|    explained_variance   | 0            |
|    learning_rate        | 0.0003       |
|    loss                 | 2.78e+05     |
|    n_updates            | 200          |
|    policy_gradient_loss | -0.00157     |
|    value_loss           | 5.53e+05     |
------------------------------------------
------------------------------------------
| rollout/                |              |
|    ep_len_mean          | 100          |
|    ep_rew_mean          | 5.69e+03     |
| time/                   |              |
|    fps                  | 67           |
|    iterations           | 22           |
|    time_elapsed         | 836          |
|    total_timesteps      | 56320        |
| train/                  |              |
|    approx_kl            | 0.0018996305 |
|    clip_fraction        | 0            |
|    clip_range           | 0.2          |
|    entropy_loss         | -4.15        |
|    explained_variance   | 0            |
|    learning_rate        | 0.0003       |
|    loss                 | 3.05e+05     |
|    n_updates            | 210          |
|    policy_gradient_loss | -0.00195     |
|    value_loss           | 6.28e+05     |
------------------------------------------
------------------------------------------
| rollout/                |              |
|    ep_len_mean          | 100          |
|    ep_rew_mean          | 5.73e+03     |
| time/                   |              |
|    fps                  | 67           |
|    iterations           | 23           |
|    time_elapsed         | 870          |
|    total_timesteps      | 58880        |
| train/                  |              |
|    approx_kl            | 0.0030558622 |
|    clip_fraction        | 0.00414      |
|    clip_range           | 0.2          |
|    entropy_loss         | -4.19        |
|    explained_variance   | 2.38e-07     |
|    learning_rate        | 0.0003       |
|    loss                 | 3.1e+05      |
|    n_updates            | 220          |
|    policy_gradient_loss | -0.00318     |
|    value_loss           | 6.1e+05      |
------------------------------------------
2026-04-19 20:35:51,861 [INFO] DGRL-v8: [AdaptivePenalty] step=61,440 | viol_rate=0.017 (target=0.05) | λ_msd: -297.0 → -295.3
------------------------------------------
| rollout/                |              |
|    ep_len_mean          | 100          |
|    ep_rew_mean          | 5.75e+03     |
| time/                   |              |
|    fps                  | 67           |
|    iterations           | 24           |
|    time_elapsed         | 906          |
|    total_timesteps      | 61440        |
| train/                  |              |
|    approx_kl            | 0.0023180693 |
|    clip_fraction        | 0            |
|    clip_range           | 0.2          |
|    entropy_loss         | -4.14        |
|    explained_variance   | 0            |
|    learning_rate        | 0.0003       |
|    loss                 | 3.15e+05     |
|    n_updates            | 230          |
|    policy_gradient_loss | -0.00234     |
|    value_loss           | 6.58e+05     |
------------------------------------------
-----------------------------------------
| rollout/                |             |
|    ep_len_mean          | 100         |
|    ep_rew_mean          | 5.8e+03     |
| time/                   |             |
|    fps                  | 68          |
|    iterations           | 25          |
|    time_elapsed         | 940         |
|    total_timesteps      | 64000       |
| train/                  |             |
|    approx_kl            | 0.002347675 |
|    clip_fraction        | 0.000625    |
|    clip_range           | 0.2         |
|    entropy_loss         | -4.22       |
|    explained_variance   | -1.19e-07   |
|    learning_rate        | 0.0003      |
|    loss                 | 3.18e+05    |
|    n_updates            | 240         |
|    policy_gradient_loss | -0.00263    |
|    value_loss           | 6.22e+05    |
-----------------------------------------
------------------------------------------
| rollout/                |              |
|    ep_len_mean          | 100          |
|    ep_rew_mean          | 5.89e+03     |
| time/                   |              |
|    fps                  | 68           |
|    iterations           | 26           |
|    time_elapsed         | 973          |
|    total_timesteps      | 66560        |
| train/                  |              |
|    approx_kl            | 0.0022688075 |
|    clip_fraction        | 0            |
|    clip_range           | 0.2          |
|    entropy_loss         | -4.17        |
|    explained_variance   | 0            |
|    learning_rate        | 0.0003       |
|    loss                 | 3.12e+05     |
|    n_updates            | 250          |
|    policy_gradient_loss | -0.00272     |
|    value_loss           | 6.25e+05     |
------------------------------------------
------------------------------------------
| rollout/                |              |
|    ep_len_mean          | 100          |
|    ep_rew_mean          | 5.83e+03     |
| time/                   |              |
|    fps                  | 68           |
|    iterations           | 27           |
|    time_elapsed         | 1007         |
|    total_timesteps      | 69120        |
| train/                  |              |
|    approx_kl            | 0.0018177859 |
|    clip_fraction        | 0            |
|    clip_range           | 0.2          |
|    entropy_loss         | -4.19        |
|    explained_variance   | 0            |
|    learning_rate        | 0.0003       |
|    loss                 | 3.57e+05     |
|    n_updates            | 260          |
|    policy_gradient_loss | -0.00185     |
|    value_loss           | 7.17e+05     |
------------------------------------------
------------------------------------------
| rollout/                |              |
|    ep_len_mean          | 100          |
|    ep_rew_mean          | 5.81e+03     |
| time/                   |              |
|    fps                  | 68           |
|    iterations           | 28           |
|    time_elapsed         | 1042         |
|    total_timesteps      | 71680        |
| train/                  |              |
|    approx_kl            | 0.0029635879 |
|    clip_fraction        | 7.81e-05     |
|    clip_range           | 0.2          |
|    entropy_loss         | -4.17        |
|    explained_variance   | 0            |
|    learning_rate        | 0.0003       |
|    loss                 | 2.87e+05     |
|    n_updates            | 270          |
|    policy_gradient_loss | -0.00341     |
|    value_loss           | 5.94e+05     |
------------------------------------------
------------------------------------------
| rollout/                |              |
|    ep_len_mean          | 100          |
|    ep_rew_mean          | 5.74e+03     |
| time/                   |              |
|    fps                  | 68           |
|    iterations           | 29           |
|    time_elapsed         | 1079         |
|    total_timesteps      | 74240        |
| train/                  |              |
|    approx_kl            | 0.0039505786 |
|    clip_fraction        | 0.00355      |
|    clip_range           | 0.2          |
|    entropy_loss         | -4.19        |
|    explained_variance   | 1.19e-07     |
|    learning_rate        | 0.0003       |
|    loss                 | 2.95e+05     |
|    n_updates            | 280          |
|    policy_gradient_loss | -0.00471     |
|    value_loss           | 5.94e+05     |
------------------------------------------
------------------------------------------
| rollout/                |              |
|    ep_len_mean          | 100          |
|    ep_rew_mean          | 5.72e+03     |
| time/                   |              |
|    fps                  | 68           |
|    iterations           | 30           |
|    time_elapsed         | 1113         |
|    total_timesteps      | 76800        |
| train/                  |              |
|    approx_kl            | 0.0019632303 |
|    clip_fraction        | 0            |
|    clip_range           | 0.2          |
|    entropy_loss         | -4.22        |
|    explained_variance   | 0            |
|    learning_rate        | 0.0003       |
|    loss                 | 2.73e+05     |
|    n_updates            | 290          |
|    policy_gradient_loss | -0.00192     |
|    value_loss           | 5.71e+05     |
------------------------------------------
------------------------------------------
| rollout/                |              |
|    ep_len_mean          | 100          |
|    ep_rew_mean          | 5.7e+03      |
| time/                   |              |
|    fps                  | 68           |
|    iterations           | 31           |
|    time_elapsed         | 1151         |
|    total_timesteps      | 79360        |
| train/                  |              |
|    approx_kl            | 0.0018380986 |
|    clip_fraction        | 0            |
|    clip_range           | 0.2          |
|    entropy_loss         | -4.18        |
|    explained_variance   | 0            |
|    learning_rate        | 0.0003       |
|    loss                 | 3.52e+05     |
|    n_updates            | 300          |
|    policy_gradient_loss | -0.00205     |
|    value_loss           | 6.51e+05     |
------------------------------------------
2026-04-19 20:40:35,342 [INFO] DGRL-v8: [AdaptivePenalty] step=81,920 | viol_rate=0.018 (target=0.05) | λ_msd: -295.3 → -293.7
------------------------------------------
| rollout/                |              |
|    ep_len_mean          | 100          |
|    ep_rew_mean          | 5.71e+03     |
| time/                   |              |
|    fps                  | 68           |
|    iterations           | 32           |
|    time_elapsed         | 1190         |
|    total_timesteps      | 81920        |
| train/                  |              |
|    approx_kl            | 0.0028778177 |
|    clip_fraction        | 0            |
|    clip_range           | 0.2          |
|    entropy_loss         | -4.23        |
|    explained_variance   | 0            |
|    learning_rate        | 0.0003       |
|    loss                 | 2.76e+05     |
|    n_updates            | 310          |
|    policy_gradient_loss | -0.00306     |
|    value_loss           | 6.04e+05     |
------------------------------------------
------------------------------------------
| rollout/                |              |
|    ep_len_mean          | 100          |
|    ep_rew_mean          | 5.77e+03     |
| time/                   |              |
|    fps                  | 69           |
|    iterations           | 33           |
|    time_elapsed         | 1222         |
|    total_timesteps      | 84480        |
| train/                  |              |
|    approx_kl            | 0.0031116507 |
|    clip_fraction        | 0.00203      |
|    clip_range           | 0.2          |
|    entropy_loss         | -4.17        |
|    explained_variance   | -1.19e-07    |
|    learning_rate        | 0.0003       |
|    loss                 | 2.98e+05     |
|    n_updates            | 320          |
|    policy_gradient_loss | -0.0029      |
|    value_loss           | 6.07e+05     |
------------------------------------------
------------------------------------------
| rollout/                |              |
|    ep_len_mean          | 100          |
|    ep_rew_mean          | 5.66e+03     |
| time/                   |              |
|    fps                  | 68           |
|    iterations           | 34           |
|    time_elapsed         | 1266         |
|    total_timesteps      | 87040        |
| train/                  |              |
|    approx_kl            | 0.0019683256 |
|    clip_fraction        | 0            |
|    clip_range           | 0.2          |
|    entropy_loss         | -4.21        |
|    explained_variance   | -1.19e-07    |
|    learning_rate        | 0.0003       |
|    loss                 | 3.08e+05     |
|    n_updates            | 330          |
|    policy_gradient_loss | -0.00213     |
|    value_loss           | 6.17e+05     |
------------------------------------------
-----------------------------------------
| rollout/                |             |
|    ep_len_mean          | 100         |
|    ep_rew_mean          | 5.62e+03    |
| time/                   |             |
|    fps                  | 68          |
|    iterations           | 35          |
|    time_elapsed         | 1298        |
|    total_timesteps      | 89600       |
| train/                  |             |
|    approx_kl            | 0.004326322 |
|    clip_fraction        | 0.00551     |
|    clip_range           | 0.2         |
|    entropy_loss         | -4.2        |
|    explained_variance   | 0           |
|    learning_rate        | 0.0003      |
|    loss                 | 2.52e+05    |
|    n_updates            | 340         |
|    policy_gradient_loss | -0.0048     |
|    value_loss           | 5.53e+05    |
-----------------------------------------
------------------------------------------
| rollout/                |              |
|    ep_len_mean          | 100          |
|    ep_rew_mean          | 5.63e+03     |
| time/                   |              |
|    fps                  | 69           |
|    iterations           | 36           |
|    time_elapsed         | 1331         |
|    total_timesteps      | 92160        |
| train/                  |              |
|    approx_kl            | 0.0015979952 |
|    clip_fraction        | 0            |
|    clip_range           | 0.2          |
|    entropy_loss         | -4.21        |
|    explained_variance   | 0            |
|    learning_rate        | 0.0003       |
|    loss                 | 2.87e+05     |
|    n_updates            | 350          |
|    policy_gradient_loss | -0.00174     |
|    value_loss           | 6.11e+05     |
------------------------------------------
------------------------------------------
| rollout/                |              |
|    ep_len_mean          | 100          |
|    ep_rew_mean          | 5.65e+03     |
| time/                   |              |
|    fps                  | 69           |
|    iterations           | 37           |
|    time_elapsed         | 1368         |
|    total_timesteps      | 94720        |
| train/                  |              |
|    approx_kl            | 0.0028265843 |
|    clip_fraction        | 0.00313      |
|    clip_range           | 0.2          |
|    entropy_loss         | -4.2         |
|    explained_variance   | 0            |
|    learning_rate        | 0.0003       |
|    loss                 | 3e+05        |
|    n_updates            | 360          |
|    policy_gradient_loss | -0.00286     |
|    value_loss           | 5.78e+05     |
------------------------------------------
------------------------------------------
| rollout/                |              |
|    ep_len_mean          | 100          |
|    ep_rew_mean          | 5.77e+03     |
| time/                   |              |
|    fps                  | 69           |
|    iterations           | 38           |
|    time_elapsed         | 1401         |
|    total_timesteps      | 97280        |
| train/                  |              |
|    approx_kl            | 0.0020800564 |
|    clip_fraction        | 0            |
|    clip_range           | 0.2          |
|    entropy_loss         | -4.16        |
|    explained_variance   | 0            |
|    learning_rate        | 0.0003       |
|    loss                 | 3.33e+05     |
|    n_updates            | 370          |
|    policy_gradient_loss | -0.00239     |
|    value_loss           | 6.83e+05     |
------------------------------------------
------------------------------------------
| rollout/                |              |
|    ep_len_mean          | 100          |
|    ep_rew_mean          | 5.81e+03     |
| time/                   |              |
|    fps                  | 69           |
|    iterations           | 39           |
|    time_elapsed         | 1436         |
|    total_timesteps      | 99840        |
| train/                  |              |
|    approx_kl            | 0.0025299636 |
|    clip_fraction        | 0            |
|    clip_range           | 0.2          |
|    entropy_loss         | -4.21        |
|    explained_variance   | 0            |
|    learning_rate        | 0.0003       |
|    loss                 | 2.74e+05     |
|    n_updates            | 380          |
|    policy_gradient_loss | -0.00273     |
|    value_loss           | 5.7e+05      |
------------------------------------------
2026-04-19 20:45:15,304 [INFO] DGRL-v8: [AdaptivePenalty] step=102,400 | viol_rate=0.019 (target=0.05) | λ_msd: -293.7 → -292.2
----------------------------------------
| rollout/                |            |
|    ep_len_mean          | 100        |
|    ep_rew_mean          | 5.81e+03   |
| time/                   |            |
|    fps                  | 69         |
|    iterations           | 40         |
|    time_elapsed         | 1470       |
|    total_timesteps      | 102400     |
| train/                  |            |
|    approx_kl            | 0.00410352 |
|    clip_fraction        | 0.00254    |
|    clip_range           | 0.2        |
|    entropy_loss         | -4.2       |
|    explained_variance   | 0          |
|    learning_rate        | 0.0003     |
|    loss                 | 3.14e+05   |
|    n_updates            | 390        |
|    policy_gradient_loss | -0.00453   |
|    value_loss           | 6.05e+05   |
----------------------------------------
------------------------------------------
| rollout/                |              |
|    ep_len_mean          | 100          |
|    ep_rew_mean          | 5.77e+03     |
| time/                   |              |
|    fps                  | 69           |
|    iterations           | 41           |
|    time_elapsed         | 1505         |
|    total_timesteps      | 104960       |
| train/                  |              |
|    approx_kl            | 0.0023075065 |
|    clip_fraction        | 3.91e-05     |
|    clip_range           | 0.2          |
|    entropy_loss         | -4.21        |
|    explained_variance   | 0            |
|    learning_rate        | 0.0003       |
|    loss                 | 3.21e+05     |
|    n_updates            | 400          |
|    policy_gradient_loss | -0.00259     |
|    value_loss           | 6.32e+05     |
------------------------------------------
------------------------------------------
| rollout/                |              |
|    ep_len_mean          | 100          |
|    ep_rew_mean          | 5.77e+03     |
| time/                   |              |
|    fps                  | 69           |
|    iterations           | 42           |
|    time_elapsed         | 1539         |
|    total_timesteps      | 107520       |
| train/                  |              |
|    approx_kl            | 0.0019751326 |
|    clip_fraction        | 0            |
|    clip_range           | 0.2          |
|    entropy_loss         | -4.2         |
|    explained_variance   | 0            |
|    learning_rate        | 0.0003       |
|    loss                 | 2.77e+05     |
|    n_updates            | 410          |
|    policy_gradient_loss | -0.00233     |
|    value_loss           | 5.76e+05     |
------------------------------------------
-----------------------------------------
| rollout/                |             |
|    ep_len_mean          | 100         |
|    ep_rew_mean          | 5.81e+03    |
| time/                   |             |
|    fps                  | 69          |
|    iterations           | 43          |
|    time_elapsed         | 1574        |
|    total_timesteps      | 110080      |
| train/                  |             |
|    approx_kl            | 0.003173599 |
|    clip_fraction        | 0.000195    |
|    clip_range           | 0.2         |
|    entropy_loss         | -4.23       |
|    explained_variance   | -1.19e-07   |
|    learning_rate        | 0.0003      |
|    loss                 | 3.7e+05     |
|    n_updates            | 420         |
|    policy_gradient_loss | -0.00357    |
|    value_loss           | 6.75e+05    |
-----------------------------------------
-----------------------------------------
| rollout/                |             |
|    ep_len_mean          | 100         |
|    ep_rew_mean          | 5.79e+03    |
| time/                   |             |
|    fps                  | 69          |
|    iterations           | 44          |
|    time_elapsed         | 1609        |
|    total_timesteps      | 112640      |
| train/                  |             |
|    approx_kl            | 0.001276806 |
|    clip_fraction        | 0           |
|    clip_range           | 0.2         |
|    entropy_loss         | -4.19       |
|    explained_variance   | 0           |
|    learning_rate        | 0.0003      |
|    loss                 | 2.93e+05    |
|    n_updates            | 430         |
|    policy_gradient_loss | -0.00121    |
|    value_loss           | 5.95e+05    |
-----------------------------------------
------------------------------------------
| rollout/                |              |
|    ep_len_mean          | 100          |
|    ep_rew_mean          | 5.82e+03     |
| time/                   |              |
|    fps                  | 69           |
|    iterations           | 45           |
|    time_elapsed         | 1645         |
|    total_timesteps      | 115200       |
| train/                  |              |
|    approx_kl            | 0.0022807345 |
|    clip_fraction        | 0            |
|    clip_range           | 0.2          |
|    entropy_loss         | -4.19        |
|    explained_variance   | 1.19e-07     |
|    learning_rate        | 0.0003       |
|    loss                 | 3.37e+05     |
|    n_updates            | 440          |
|    policy_gradient_loss | -0.00283     |
|    value_loss           | 6.24e+05     |
------------------------------------------
------------------------------------------
| rollout/                |              |
|    ep_len_mean          | 100          |
|    ep_rew_mean          | 5.78e+03     |
| time/                   |              |
|    fps                  | 70           |
|    iterations           | 46           |
|    time_elapsed         | 1677         |
|    total_timesteps      | 117760       |
| train/                  |              |
|    approx_kl            | 0.0036948272 |
|    clip_fraction        | 0.00199      |
|    clip_range           | 0.2          |
|    entropy_loss         | -4.2         |
|    explained_variance   | 1.19e-07     |
|    learning_rate        | 0.0003       |
|    loss                 | 2.82e+05     |
|    n_updates            | 450          |
|    policy_gradient_loss | -0.00397     |
|    value_loss           | 5.43e+05     |
------------------------------------------
-----------------------------------------
| rollout/                |             |
|    ep_len_mean          | 100         |
|    ep_rew_mean          | 5.79e+03    |
| time/                   |             |
|    fps                  | 70          |
|    iterations           | 47          |
|    time_elapsed         | 1712        |
|    total_timesteps      | 120320      |
| train/                  |             |
|    approx_kl            | 0.002430271 |
|    clip_fraction        | 0           |
|    clip_range           | 0.2         |
|    entropy_loss         | -4.2        |
|    explained_variance   | 5.96e-08    |
|    learning_rate        | 0.0003      |
|    loss                 | 2.99e+05    |
|    n_updates            | 460         |
|    policy_gradient_loss | -0.00269    |
|    value_loss           | 6.08e+05    |
-----------------------------------------
2026-04-19 20:49:51,910 [INFO] DGRL-v8: [AdaptivePenalty] step=122,880 | viol_rate=0.017 (target=0.05) | λ_msd: -292.2 → -290.5
------------------------------------------
| rollout/                |              |
|    ep_len_mean          | 100          |
|    ep_rew_mean          | 5.86e+03     |
| time/                   |              |
|    fps                  | 70           |
|    iterations           | 48           |
|    time_elapsed         | 1746         |
|    total_timesteps      | 122880       |
| train/                  |              |
|    approx_kl            | 0.0024411208 |
|    clip_fraction        | 0            |
|    clip_range           | 0.2          |
|    entropy_loss         | -4.22        |
|    explained_variance   | 2.38e-07     |
|    learning_rate        | 0.0003       |
|    loss                 | 2.95e+05     |
|    n_updates            | 470          |
|    policy_gradient_loss | -0.00259     |
|    value_loss           | 6.1e+05      |
------------------------------------------
-----------------------------------------
| rollout/                |             |
|    ep_len_mean          | 100         |
|    ep_rew_mean          | 5.89e+03    |
| time/                   |             |
|    fps                  | 70          |
|    iterations           | 49          |
|    time_elapsed         | 1785        |
|    total_timesteps      | 125440      |
| train/                  |             |
|    approx_kl            | 0.002624346 |
|    clip_fraction        | 0           |
|    clip_range           | 0.2         |
|    entropy_loss         | -4.15       |
|    explained_variance   | 0           |
|    learning_rate        | 0.0003      |
|    loss                 | 3.21e+05    |
|    n_updates            | 480         |
|    policy_gradient_loss | -0.00285    |
|    value_loss           | 6.4e+05     |
-----------------------------------------
----------------------------------------
| rollout/                |            |
|    ep_len_mean          | 100        |
|    ep_rew_mean          | 5.87e+03   |
| time/                   |            |
|    fps                  | 70         |
|    iterations           | 50         |
|    time_elapsed         | 1819       |
|    total_timesteps      | 128000     |
| train/                  |            |
|    approx_kl            | 0.00289729 |
|    clip_fraction        | 0.00102    |
|    clip_range           | 0.2        |
|    entropy_loss         | -4.23      |
|    explained_variance   | 2.38e-07   |
|    learning_rate        | 0.0003     |
|    loss                 | 2.95e+05   |
|    n_updates            | 490        |
|    policy_gradient_loss | -0.00301   |
|    value_loss           | 6.14e+05   |
----------------------------------------
-----------------------------------------
| rollout/                |             |
|    ep_len_mean          | 100         |
|    ep_rew_mean          | 5.86e+03    |
| time/                   |             |
|    fps                  | 70          |
|    iterations           | 51          |
|    time_elapsed         | 1854        |
|    total_timesteps      | 130560      |
| train/                  |             |
|    approx_kl            | 0.003517157 |
|    clip_fraction        | 3.91e-05    |
|    clip_range           | 0.2         |
|    entropy_loss         | -4.2        |
|    explained_variance   | 0           |
|    learning_rate        | 0.0003      |
|    loss                 | 2.93e+05    |
|    n_updates            | 500         |
|    policy_gradient_loss | -0.00369    |
|    value_loss           | 5.99e+05    |
-----------------------------------------
------------------------------------------
| rollout/                |              |
|    ep_len_mean          | 100          |
|    ep_rew_mean          | 5.8e+03      |
| time/                   |              |
|    fps                  | 70           |
|    iterations           | 52           |
|    time_elapsed         | 1895         |
|    total_timesteps      | 133120       |
| train/                  |              |
|    approx_kl            | 0.0020929542 |
|    clip_fraction        | 0.00043      |
|    clip_range           | 0.2          |
|    entropy_loss         | -4.22        |
|    explained_variance   | 0            |
|    learning_rate        | 0.0003       |
|    loss                 | 3.13e+05     |
|    n_updates            | 510          |
|    policy_gradient_loss | -0.00286     |
|    value_loss           | 6.27e+05     |
------------------------------------------
------------------------------------------
| rollout/                |              |
|    ep_len_mean          | 100          |
|    ep_rew_mean          | 5.76e+03     |
| time/                   |              |
|    fps                  | 70           |
|    iterations           | 53           |
|    time_elapsed         | 1930         |
|    total_timesteps      | 135680       |
| train/                  |              |
|    approx_kl            | 0.0037793065 |
|    clip_fraction        | 0.00082      |
|    clip_range           | 0.2          |
|    entropy_loss         | -4.19        |
|    explained_variance   | 0            |
|    learning_rate        | 0.0003       |
|    loss                 | 2.91e+05     |
|    n_updates            | 520          |
|    policy_gradient_loss | -0.00389     |
|    value_loss           | 5.63e+05     |
------------------------------------------
------------------------------------------
| rollout/                |              |
|    ep_len_mean          | 100          |
|    ep_rew_mean          | 5.74e+03     |
| time/                   |              |
|    fps                  | 70           |
|    iterations           | 54           |
|    time_elapsed         | 1962         |
|    total_timesteps      | 138240       |
| train/                  |              |
|    approx_kl            | 0.0019160915 |
|    clip_fraction        | 0            |
|    clip_range           | 0.2          |
|    entropy_loss         | -4.17        |
|    explained_variance   | -1.19e-07    |
|    learning_rate        | 0.0003       |
|    loss                 | 2.86e+05     |
|    n_updates            | 530          |
|    policy_gradient_loss | -0.00197     |
|    value_loss           | 6.04e+05     |
------------------------------------------
------------------------------------------
| rollout/                |              |
|    ep_len_mean          | 100          |
|    ep_rew_mean          | 5.74e+03     |
| time/                   |              |
|    fps                  | 70           |
|    iterations           | 55           |
|    time_elapsed         | 1997         |
|    total_timesteps      | 140800       |
| train/                  |              |
|    approx_kl            | 0.0013267918 |
|    clip_fraction        | 0            |
|    clip_range           | 0.2          |
|    entropy_loss         | -4.24        |
|    explained_variance   | 0            |
|    learning_rate        | 0.0003       |
|    loss                 | 2.77e+05     |
|    n_updates            | 540          |
|    policy_gradient_loss | -0.00131     |
|    value_loss           | 5.37e+05     |
------------------------------------------
2026-04-19 20:54:33,711 [INFO] DGRL-v8: [AdaptivePenalty] step=143,360 | viol_rate=0.017 (target=0.05) | λ_msd: -290.5 → -288.8
-----------------------------------------
| rollout/                |             |
|    ep_len_mean          | 100         |
|    ep_rew_mean          | 5.69e+03    |
| time/                   |             |
|    fps                  | 70          |
|    iterations           | 56          |
|    time_elapsed         | 2028        |
|    total_timesteps      | 143360      |
| train/                  |             |
|    approx_kl            | 0.002462001 |
|    clip_fraction        | 0.000195    |
|    clip_range           | 0.2         |
|    entropy_loss         | -4.21       |
|    explained_variance   | 1.19e-07    |
|    learning_rate        | 0.0003      |
|    loss                 | 2.9e+05     |
|    n_updates            | 550         |
|    policy_gradient_loss | -0.00259    |
|    value_loss           | 5.85e+05    |
-----------------------------------------
------------------------------------------
| rollout/                |              |
|    ep_len_mean          | 100          |
|    ep_rew_mean          | 5.67e+03     |
| time/                   |              |
|    fps                  | 70           |
|    iterations           | 57           |
|    time_elapsed         | 2061         |
|    total_timesteps      | 145920       |
| train/                  |              |
|    approx_kl            | 0.0031720106 |
|    clip_fraction        | 0.00125      |
|    clip_range           | 0.2          |
|    entropy_loss         | -4.26        |
|    explained_variance   | -1.19e-07    |
|    learning_rate        | 0.0003       |
|    loss                 | 2.91e+05     |
|    n_updates            | 560          |
|    policy_gradient_loss | -0.00355     |
|    value_loss           | 5.71e+05     |
------------------------------------------
------------------------------------------
| rollout/                |              |
|    ep_len_mean          | 100          |
|    ep_rew_mean          | 5.75e+03     |
| time/                   |              |
|    fps                  | 70           |
|    iterations           | 58           |
|    time_elapsed         | 2096         |
|    total_timesteps      | 148480       |
| train/                  |              |
|    approx_kl            | 0.0024537793 |
|    clip_fraction        | 0.00082      |
|    clip_range           | 0.2          |
|    entropy_loss         | -4.18        |
|    explained_variance   | 0            |
|    learning_rate        | 0.0003       |
|    loss                 | 2.75e+05     |
|    n_updates            | 570          |
|    policy_gradient_loss | -0.00271     |
|    value_loss           | 5.62e+05     |
------------------------------------------
-----------------------------------------
| rollout/                |             |
|    ep_len_mean          | 100         |
|    ep_rew_mean          | 5.77e+03    |
| time/                   |             |
|    fps                  | 70          |
|    iterations           | 59          |
|    time_elapsed         | 2133        |
|    total_timesteps      | 151040      |
| train/                  |             |
|    approx_kl            | 0.003452758 |
|    clip_fraction        | 0.00168     |
|    clip_range           | 0.2         |
|    entropy_loss         | -4.2        |
|    explained_variance   | 1.19e-07    |
|    learning_rate        | 0.0003      |
|    loss                 | 3.47e+05    |
|    n_updates            | 580         |
|    policy_gradient_loss | -0.0037     |
|    value_loss           | 6.14e+05    |
-----------------------------------------
------------------------------------------
| rollout/                |              |
|    ep_len_mean          | 100          |
|    ep_rew_mean          | 5.75e+03     |
| time/                   |              |
|    fps                  | 70           |
|    iterations           | 60           |
|    time_elapsed         | 2170         |
|    total_timesteps      | 153600       |
| train/                  |              |
|    approx_kl            | 0.0019041656 |
|    clip_fraction        | 0            |
|    clip_range           | 0.2          |
|    entropy_loss         | -4.19        |
|    explained_variance   | 0            |
|    learning_rate        | 0.0003       |
|    loss                 | 2.75e+05     |
|    n_updates            | 590          |
|    policy_gradient_loss | -0.00183     |
|    value_loss           | 5.57e+05     |
------------------------------------------
------------------------------------------
| rollout/                |              |
|    ep_len_mean          | 100          |
|    ep_rew_mean          | 5.83e+03     |
| time/                   |              |
|    fps                  | 70           |
|    iterations           | 61           |
|    time_elapsed         | 2203         |
|    total_timesteps      | 156160       |
| train/                  |              |
|    approx_kl            | 0.0024799937 |
|    clip_fraction        | 0            |
|    clip_range           | 0.2          |
|    entropy_loss         | -4.16        |
|    explained_variance   | -1.19e-07    |
|    learning_rate        | 0.0003       |
|    loss                 | 2.94e+05     |
|    n_updates            | 600          |
|    policy_gradient_loss | -0.00264     |
|    value_loss           | 5.99e+05     |
------------------------------------------
------------------------------------------
| rollout/                |              |
|    ep_len_mean          | 100          |
|    ep_rew_mean          | 5.78e+03     |
| time/                   |              |
|    fps                  | 70           |
|    iterations           | 62           |
|    time_elapsed         | 2238         |
|    total_timesteps      | 158720       |
| train/                  |              |
|    approx_kl            | 0.0015842157 |
|    clip_fraction        | 0            |
|    clip_range           | 0.2          |
|    entropy_loss         | -4.19        |
|    explained_variance   | 0            |
|    learning_rate        | 0.0003       |
|    loss                 | 3.25e+05     |
|    n_updates            | 610          |
|    policy_gradient_loss | -0.00166     |
|    value_loss           | 5.98e+05     |
------------------------------------------
------------------------------------------
| rollout/                |              |
|    ep_len_mean          | 100          |
|    ep_rew_mean          | 5.76e+03     |
| time/                   |              |
|    fps                  | 70           |
|    iterations           | 63           |
|    time_elapsed         | 2276         |
|    total_timesteps      | 161280       |
| train/                  |              |
|    approx_kl            | 0.0016493521 |
|    clip_fraction        | 0            |
|    clip_range           | 0.2          |
|    entropy_loss         | -4.16        |
|    explained_variance   | 1.19e-07     |
|    learning_rate        | 0.0003       |
|    loss                 | 2.97e+05     |
|    n_updates            | 620          |
|    policy_gradient_loss | -0.0014      |
|    value_loss           | 5.78e+05     |
------------------------------------------
2026-04-19 20:59:18,710 [INFO] DGRL-v8: [AdaptivePenalty] step=163,840 | viol_rate=0.018 (target=0.05) | λ_msd: -288.8 → -287.2
-----------------------------------------
| rollout/                |             |
|    ep_len_mean          | 100         |
|    ep_rew_mean          | 5.81e+03    |
| time/                   |             |
|    fps                  | 70          |
|    iterations           | 64          |
|    time_elapsed         | 2313        |
|    total_timesteps      | 163840      |
| train/                  |             |
|    approx_kl            | 0.003526713 |
|    clip_fraction        | 0.000117    |
|    clip_range           | 0.2         |
|    entropy_loss         | -4.23       |
|    explained_variance   | 1.19e-07    |
|    learning_rate        | 0.0003      |
|    loss                 | 2.91e+05    |
|    n_updates            | 630         |
|    policy_gradient_loss | -0.00356    |
|    value_loss           | 5.36e+05    |
-----------------------------------------
------------------------------------------
| rollout/                |              |
|    ep_len_mean          | 100          |
|    ep_rew_mean          | 5.74e+03     |
| time/                   |              |
|    fps                  | 70           |
|    iterations           | 65           |
|    time_elapsed         | 2349         |
|    total_timesteps      | 166400       |
| train/                  |              |
|    approx_kl            | 0.0017164036 |
|    clip_fraction        | 0            |
|    clip_range           | 0.2          |
|    entropy_loss         | -4.19        |
|    explained_variance   | 0            |
|    learning_rate        | 0.0003       |
|    loss                 | 2.81e+05     |
|    n_updates            | 640          |
|    policy_gradient_loss | -0.0016      |
|    value_loss           | 5.55e+05     |
------------------------------------------
------------------------------------------
| rollout/                |              |
|    ep_len_mean          | 100          |
|    ep_rew_mean          | 5.71e+03     |
| time/                   |              |
|    fps                  | 70           |
|    iterations           | 66           |
|    time_elapsed         | 2384         |
|    total_timesteps      | 168960       |
| train/                  |              |
|    approx_kl            | 0.0026304773 |
|    clip_fraction        | 0.000469     |
|    clip_range           | 0.2          |
|    entropy_loss         | -4.23        |
|    explained_variance   | 0            |
|    learning_rate        | 0.0003       |
|    loss                 | 2.72e+05     |
|    n_updates            | 650          |
|    policy_gradient_loss | -0.00296     |
|    value_loss           | 5.84e+05     |
------------------------------------------
------------------------------------------
| rollout/                |              |
|    ep_len_mean          | 100          |
|    ep_rew_mean          | 5.66e+03     |
| time/                   |              |
|    fps                  | 70           |
|    iterations           | 67           |
|    time_elapsed         | 2421         |
|    total_timesteps      | 171520       |
| train/                  |              |
|    approx_kl            | 0.0038883009 |
|    clip_fraction        | 0.00406      |
|    clip_range           | 0.2          |
|    entropy_loss         | -4.18        |
|    explained_variance   | 0            |
|    learning_rate        | 0.0003       |
|    loss                 | 2.41e+05     |
|    n_updates            | 660          |
|    policy_gradient_loss | -0.00424     |
|    value_loss           | 5.21e+05     |
------------------------------------------
------------------------------------------
| rollout/                |              |
|    ep_len_mean          | 100          |
|    ep_rew_mean          | 5.6e+03      |
| time/                   |              |
|    fps                  | 70           |
|    iterations           | 68           |
|    time_elapsed         | 2458         |
|    total_timesteps      | 174080       |
| train/                  |              |
|    approx_kl            | 0.0014851837 |
|    clip_fraction        | 0            |
|    clip_range           | 0.2          |
|    entropy_loss         | -4.2         |
|    explained_variance   | -1.19e-07    |
|    learning_rate        | 0.0003       |
|    loss                 | 3.16e+05     |
|    n_updates            | 670          |
|    policy_gradient_loss | -0.00173     |
|    value_loss           | 5.75e+05     |
------------------------------------------
----------------------------------------
| rollout/                |            |
|    ep_len_mean          | 100        |
|    ep_rew_mean          | 5.63e+03   |
| time/                   |            |
|    fps                  | 70         |
|    iterations           | 69         |
|    time_elapsed         | 2498       |
|    total_timesteps      | 176640     |
| train/                  |            |
|    approx_kl            | 0.00341815 |
|    clip_fraction        | 0.00535    |
|    clip_range           | 0.2        |
|    entropy_loss         | -4.18      |
|    explained_variance   | 0          |
|    learning_rate        | 0.0003     |
|    loss                 | 2.46e+05   |
|    n_updates            | 680        |
|    policy_gradient_loss | -0.00362   |
|    value_loss           | 4.98e+05   |
----------------------------------------
-----------------------------------------
| rollout/                |             |
|    ep_len_mean          | 100         |
|    ep_rew_mean          | 5.67e+03    |
| time/                   |             |
|    fps                  | 70          |
|    iterations           | 70          |
|    time_elapsed         | 2536        |
|    total_timesteps      | 179200      |
| train/                  |             |
|    approx_kl            | 0.002717423 |
|    clip_fraction        | 0           |
|    clip_range           | 0.2         |
|    entropy_loss         | -4.15       |
|    explained_variance   | 1.19e-07    |
|    learning_rate        | 0.0003      |
|    loss                 | 3e+05       |
|    n_updates            | 690         |
|    policy_gradient_loss | -0.00254    |
|    value_loss           | 5.97e+05    |
-----------------------------------------
------------------------------------------
| rollout/                |              |
|    ep_len_mean          | 100          |
|    ep_rew_mean          | 5.68e+03     |
| time/                   |              |
|    fps                  | 70           |
|    iterations           | 71           |
|    time_elapsed         | 2568         |
|    total_timesteps      | 181760       |
| train/                  |              |
|    approx_kl            | 0.0037153016 |
|    clip_fraction        | 0.00211      |
|    clip_range           | 0.2          |
|    entropy_loss         | -4.2         |
|    explained_variance   | 2.38e-07     |
|    learning_rate        | 0.0003       |
|    loss                 | 2.78e+05     |
|    n_updates            | 700          |
|    policy_gradient_loss | -0.00368     |
|    value_loss           | 5.22e+05     |
------------------------------------------
2026-04-19 21:04:11,377 [INFO] DGRL-v8: [AdaptivePenalty] step=184,320 | viol_rate=0.018 (target=0.05) | λ_msd: -287.2 → -285.6
------------------------------------------
| rollout/                |              |
|    ep_len_mean          | 100          |
|    ep_rew_mean          | 5.73e+03     |
| time/                   |              |
|    fps                  | 70           |
|    iterations           | 72           |
|    time_elapsed         | 2606         |
|    total_timesteps      | 184320       |
| train/                  |              |
|    approx_kl            | 0.0025463162 |
|    clip_fraction        | 0            |
|    clip_range           | 0.2          |
|    entropy_loss         | -4.18        |
|    explained_variance   | 0            |
|    learning_rate        | 0.0003       |
|    loss                 | 2.57e+05     |
|    n_updates            | 710          |
|    policy_gradient_loss | -0.00263     |
|    value_loss           | 5.5e+05      |
------------------------------------------
------------------------------------------
| rollout/                |              |
|    ep_len_mean          | 100          |
|    ep_rew_mean          | 5.75e+03     |
| time/                   |              |
|    fps                  | 70           |
|    iterations           | 73           |
|    time_elapsed         | 2639         |
|    total_timesteps      | 186880       |
| train/                  |              |
|    approx_kl            | 0.0027422654 |
|    clip_fraction        | 0.00137      |
|    clip_range           | 0.2          |
|    entropy_loss         | -4.21        |
|    explained_variance   | 0            |
|    learning_rate        | 0.0003       |
|    loss                 | 2.82e+05     |
|    n_updates            | 720          |
|    policy_gradient_loss | -0.00292     |
|    value_loss           | 5.63e+05     |
------------------------------------------
------------------------------------------
| rollout/                |              |
|    ep_len_mean          | 100          |
|    ep_rew_mean          | 5.78e+03     |
| time/                   |              |
|    fps                  | 70           |
|    iterations           | 74           |
|    time_elapsed         | 2674         |
|    total_timesteps      | 189440       |
| train/                  |              |
|    approx_kl            | 0.0027263812 |
|    clip_fraction        | 0.000469     |
|    clip_range           | 0.2          |
|    entropy_loss         | -4.15        |
|    explained_variance   | -1.19e-07    |
|    learning_rate        | 0.0003       |
|    loss                 | 3.02e+05     |
|    n_updates            | 730          |
|    policy_gradient_loss | -0.00319     |
|    value_loss           | 5.92e+05     |
------------------------------------------
------------------------------------------
| rollout/                |              |
|    ep_len_mean          | 100          |
|    ep_rew_mean          | 5.9e+03      |
| time/                   |              |
|    fps                  | 70           |
|    iterations           | 75           |
|    time_elapsed         | 2709         |
|    total_timesteps      | 192000       |
| train/                  |              |
|    approx_kl            | 0.0014900026 |
|    clip_fraction        | 0            |
|    clip_range           | 0.2          |
|    entropy_loss         | -4.23        |
|    explained_variance   | -1.19e-07    |
|    learning_rate        | 0.0003       |
|    loss                 | 3.06e+05     |
|    n_updates            | 740          |
|    policy_gradient_loss | -0.00167     |
|    value_loss           | 5.68e+05     |
------------------------------------------
------------------------------------------
| rollout/                |              |
|    ep_len_mean          | 100          |
|    ep_rew_mean          | 5.85e+03     |
| time/                   |              |
|    fps                  | 70           |
|    iterations           | 76           |
|    time_elapsed         | 2744         |
|    total_timesteps      | 194560       |
| train/                  |              |
|    approx_kl            | 0.0015142935 |
|    clip_fraction        | 0            |
|    clip_range           | 0.2          |
|    entropy_loss         | -4.21        |
|    explained_variance   | 0            |
|    learning_rate        | 0.0003       |
|    loss                 | 3.01e+05     |
|    n_updates            | 750          |
|    policy_gradient_loss | -0.00139     |
|    value_loss           | 5.93e+05     |
------------------------------------------
------------------------------------------
| rollout/                |              |
|    ep_len_mean          | 100          |
|    ep_rew_mean          | 5.76e+03     |
| time/                   |              |
|    fps                  | 70           |
|    iterations           | 77           |
|    time_elapsed         | 2789         |
|    total_timesteps      | 197120       |
| train/                  |              |
|    approx_kl            | 0.0017597124 |
|    clip_fraction        | 0            |
|    clip_range           | 0.2          |
|    entropy_loss         | -4.21        |
|    explained_variance   | 1.19e-07     |
|    learning_rate        | 0.0003       |
|    loss                 | 2.71e+05     |
|    n_updates            | 760          |
|    policy_gradient_loss | -0.00188     |
|    value_loss           | 5.68e+05     |
------------------------------------------
-----------------------------------------
| rollout/                |             |
|    ep_len_mean          | 100         |
|    ep_rew_mean          | 5.8e+03     |
| time/                   |             |
|    fps                  | 70          |
|    iterations           | 78          |
|    time_elapsed         | 2828        |
|    total_timesteps      | 199680      |
| train/                  |             |
|    approx_kl            | 0.004665679 |
|    clip_fraction        | 0.00961     |
|    clip_range           | 0.2         |
|    entropy_loss         | -4.19       |
|    explained_variance   | 1.19e-07    |
|    learning_rate        | 0.0003      |
|    loss                 | 2.73e+05    |
|    n_updates            | 770         |
|    policy_gradient_loss | -0.00487    |
|    value_loss           | 5.43e+05    |
-----------------------------------------
------------------------------------------
| rollout/                |              |
|    ep_len_mean          | 100          |
|    ep_rew_mean          | 5.71e+03     |
| time/                   |              |
|    fps                  | 70           |
|    iterations           | 79           |
|    time_elapsed         | 2866         |
|    total_timesteps      | 202240       |
| train/                  |              |
|    approx_kl            | 0.0015184727 |
|    clip_fraction        | 0            |
|    clip_range           | 0.2          |
|    entropy_loss         | -4.16        |
|    explained_variance   | 2.38e-07     |
|    learning_rate        | 0.0003       |
|    loss                 | 3.06e+05     |
|    n_updates            | 780          |
|    policy_gradient_loss | -0.00161     |
|    value_loss           | 5.89e+05     |
------------------------------------------
2026-04-19 21:09:10,639 [INFO] DGRL-v8: [AdaptivePenalty] step=204,800 | viol_rate=0.017 (target=0.05) | λ_msd: -285.6 → -284.0
------------------------------------------
| rollout/                |              |
|    ep_len_mean          | 100          |
|    ep_rew_mean          | 5.75e+03     |
| time/                   |              |
|    fps                  | 70           |
|    iterations           | 80           |
|    time_elapsed         | 2905         |
|    total_timesteps      | 204800       |
| train/                  |              |
|    approx_kl            | 0.0036643273 |
|    clip_fraction        | 0.0025       |
|    clip_range           | 0.2          |
|    entropy_loss         | -4.23        |
|    explained_variance   | 1.19e-07     |
|    learning_rate        | 0.0003       |
|    loss                 | 2.67e+05     |
|    n_updates            | 790          |
|    policy_gradient_loss | -0.00344     |
|    value_loss           | 5.26e+05     |
------------------------------------------
------------------------------------------
| rollout/                |              |
|    ep_len_mean          | 100          |
|    ep_rew_mean          | 5.82e+03     |
| time/                   |              |
|    fps                  | 70           |
|    iterations           | 81           |
|    time_elapsed         | 2944         |
|    total_timesteps      | 207360       |
| train/                  |              |
|    approx_kl            | 0.0032011264 |
|    clip_fraction        | 0.000391     |
|    clip_range           | 0.2          |
|    entropy_loss         | -4.18        |
|    explained_variance   | 0            |
|    learning_rate        | 0.0003       |
|    loss                 | 2.85e+05     |
|    n_updates            | 800          |
|    policy_gradient_loss | -0.00365     |
|    value_loss           | 5.59e+05     |
------------------------------------------
-----------------------------------------
| rollout/                |             |
|    ep_len_mean          | 100         |
|    ep_rew_mean          | 5.77e+03    |
| time/                   |             |
|    fps                  | 70          |
|    iterations           | 82          |
|    time_elapsed         | 2981        |
|    total_timesteps      | 209920      |
| train/                  |             |
|    approx_kl            | 0.005399958 |
|    clip_fraction        | 0.00934     |
|    clip_range           | 0.2         |
|    entropy_loss         | -4.22       |
|    explained_variance   | 0           |
|    learning_rate        | 0.0003      |
|    loss                 | 2.77e+05    |
|    n_updates            | 810         |
|    policy_gradient_loss | -0.00544    |
|    value_loss           | 5.82e+05    |
-----------------------------------------
------------------------------------------
| rollout/                |              |
|    ep_len_mean          | 100          |
|    ep_rew_mean          | 5.79e+03     |
| time/                   |              |
|    fps                  | 70           |
|    iterations           | 83           |
|    time_elapsed         | 3015         |
|    total_timesteps      | 212480       |
| train/                  |              |
|    approx_kl            | 0.0022344573 |
|    clip_fraction        | 0            |
|    clip_range           | 0.2          |
|    entropy_loss         | -4.17        |
|    explained_variance   | 0            |
|    learning_rate        | 0.0003       |
|    loss                 | 2.84e+05     |
|    n_updates            | 820          |
|    policy_gradient_loss | -0.00223     |
|    value_loss           | 5.61e+05     |
------------------------------------------
------------------------------------------
| rollout/                |              |
|    ep_len_mean          | 100          |
|    ep_rew_mean          | 5.85e+03     |
| time/                   |              |
|    fps                  | 70           |
|    iterations           | 84           |
|    time_elapsed         | 3054         |
|    total_timesteps      | 215040       |
| train/                  |              |
|    approx_kl            | 0.0011092771 |
|    clip_fraction        | 0            |
|    clip_range           | 0.2          |
|    entropy_loss         | -4.23        |
|    explained_variance   | 0            |
|    learning_rate        | 0.0003       |
|    loss                 | 2.79e+05     |
|    n_updates            | 830          |
|    policy_gradient_loss | -0.00111     |
|    value_loss           | 5.58e+05     |
------------------------------------------
------------------------------------------
| rollout/                |              |
|    ep_len_mean          | 100          |
|    ep_rew_mean          | 5.8e+03      |
| time/                   |              |
|    fps                  | 70           |
|    iterations           | 85           |
|    time_elapsed         | 3090         |
|    total_timesteps      | 217600       |
| train/                  |              |
|    approx_kl            | 0.0017794685 |
|    clip_fraction        | 0.000937     |
|    clip_range           | 0.2          |
|    entropy_loss         | -4.21        |
|    explained_variance   | -2.38e-07    |
|    learning_rate        | 0.0003       |
|    loss                 | 2.95e+05     |
|    n_updates            | 840          |
|    policy_gradient_loss | -0.00199     |
|    value_loss           | 5.59e+05     |
------------------------------------------
------------------------------------------
| rollout/                |              |
|    ep_len_mean          | 100          |
|    ep_rew_mean          | 5.79e+03     |
| time/                   |              |
|    fps                  | 70           |
|    iterations           | 86           |
|    time_elapsed         | 3136         |
|    total_timesteps      | 220160       |
| train/                  |              |
|    approx_kl            | 0.0029629027 |
|    clip_fraction        | 0.0016       |
|    clip_range           | 0.2          |
|    entropy_loss         | -4.18        |
|    explained_variance   | 0            |
|    learning_rate        | 0.0003       |
|    loss                 | 2.89e+05     |
|    n_updates            | 850          |
|    policy_gradient_loss | -0.0028      |
|    value_loss           | 5.86e+05     |
------------------------------------------
-----------------------------------------
| rollout/                |             |
|    ep_len_mean          | 100         |
|    ep_rew_mean          | 5.84e+03    |
| time/                   |             |
|    fps                  | 70          |
|    iterations           | 87          |
|    time_elapsed         | 3172        |
|    total_timesteps      | 222720      |
| train/                  |             |
|    approx_kl            | 0.005319146 |
|    clip_fraction        | 0.0115      |
|    clip_range           | 0.2         |
|    entropy_loss         | -4.22       |
|    explained_variance   | 0           |
|    learning_rate        | 0.0003      |
|    loss                 | 2.56e+05    |
|    n_updates            | 860         |
|    policy_gradient_loss | -0.00585    |
|    value_loss           | 5.1e+05     |
-----------------------------------------
2026-04-19 21:14:14,300 [INFO] DGRL-v8: [AdaptivePenalty] step=225,280 | viol_rate=0.017 (target=0.05) | λ_msd: -284.0 → -282.3
------------------------------------------
| rollout/                |              |
|    ep_len_mean          | 100          |
|    ep_rew_mean          | 5.78e+03     |
| time/                   |              |
|    fps                  | 70           |
|    iterations           | 88           |
|    time_elapsed         | 3209         |
|    total_timesteps      | 225280       |
| train/                  |              |
|    approx_kl            | 0.0026824777 |
|    clip_fraction        | 7.81e-05     |
|    clip_range           | 0.2          |
|    entropy_loss         | -4.18        |
|    explained_variance   | 0            |
|    learning_rate        | 0.0003       |
|    loss                 | 2.94e+05     |
|    n_updates            | 870          |
|    policy_gradient_loss | -0.00269     |
|    value_loss           | 5.77e+05     |
------------------------------------------
------------------------------------------
| rollout/                |              |
|    ep_len_mean          | 100          |
|    ep_rew_mean          | 5.81e+03     |
| time/                   |              |
|    fps                  | 70           |
|    iterations           | 89           |
|    time_elapsed         | 3243         |
|    total_timesteps      | 227840       |
| train/                  |              |
|    approx_kl            | 0.0036872786 |
|    clip_fraction        | 3.91e-05     |
|    clip_range           | 0.2          |
|    entropy_loss         | -4.21        |
|    explained_variance   | 0            |
|    learning_rate        | 0.0003       |
|    loss                 | 2.38e+05     |
|    n_updates            | 880          |
|    policy_gradient_loss | -0.00378     |
|    value_loss           | 4.99e+05     |
------------------------------------------
-----------------------------------------
| rollout/                |             |
|    ep_len_mean          | 100         |
|    ep_rew_mean          | 5.78e+03    |
| time/                   |             |
|    fps                  | 70          |
|    iterations           | 90          |
|    time_elapsed         | 3276        |
|    total_timesteps      | 230400      |
| train/                  |             |
|    approx_kl            | 0.002079935 |
|    clip_fraction        | 0.000273    |
|    clip_range           | 0.2         |
|    entropy_loss         | -4.18       |
|    explained_variance   | 0           |
|    learning_rate        | 0.0003      |
|    loss                 | 2.68e+05    |
|    n_updates            | 890         |
|    policy_gradient_loss | -0.00211    |
|    value_loss           | 5.49e+05    |
-----------------------------------------
-----------------------------------------
| rollout/                |             |
|    ep_len_mean          | 100         |
|    ep_rew_mean          | 5.8e+03     |
| time/                   |             |
|    fps                  | 70          |
|    iterations           | 91          |
|    time_elapsed         | 3312        |
|    total_timesteps      | 232960      |
| train/                  |             |
|    approx_kl            | 0.001989856 |
|    clip_fraction        | 0           |
|    clip_range           | 0.2         |
|    entropy_loss         | -4.23       |
|    explained_variance   | 0           |
|    learning_rate        | 0.0003      |
|    loss                 | 2.64e+05    |
|    n_updates            | 900         |
|    policy_gradient_loss | -0.00195    |
|    value_loss           | 5.27e+05    |
-----------------------------------------
----------------------------------------
| rollout/                |            |
|    ep_len_mean          | 100        |
|    ep_rew_mean          | 5.77e+03   |
| time/                   |            |
|    fps                  | 70         |
|    iterations           | 92         |
|    time_elapsed         | 3350       |
|    total_timesteps      | 235520     |
| train/                  |            |
|    approx_kl            | 0.00191161 |
|    clip_fraction        | 0          |
|    clip_range           | 0.2        |
|    entropy_loss         | -4.17      |
|    explained_variance   | 1.79e-07   |
|    learning_rate        | 0.0003     |
|    loss                 | 2.87e+05   |
|    n_updates            | 910        |
|    policy_gradient_loss | -0.00181   |
|    value_loss           | 5.66e+05   |
----------------------------------------
------------------------------------------
| rollout/                |              |
|    ep_len_mean          | 100          |
|    ep_rew_mean          | 5.73e+03     |
| time/                   |              |
|    fps                  | 70           |
|    iterations           | 93           |
|    time_elapsed         | 3387         |
|    total_timesteps      | 238080       |
| train/                  |              |
|    approx_kl            | 0.0012469094 |
|    clip_fraction        | 0            |
|    clip_range           | 0.2          |
|    entropy_loss         | -4.2         |
|    explained_variance   | -1.19e-07    |
|    learning_rate        | 0.0003       |
|    loss                 | 2.86e+05     |
|    n_updates            | 920          |
|    policy_gradient_loss | -0.00133     |
|    value_loss           | 5.89e+05     |
------------------------------------------
-----------------------------------------
| rollout/                |             |
|    ep_len_mean          | 100         |
|    ep_rew_mean          | 5.79e+03    |
| time/                   |             |
|    fps                  | 70          |
|    iterations           | 94          |
|    time_elapsed         | 3422        |
|    total_timesteps      | 240640      |
| train/                  |             |
|    approx_kl            | 0.005195479 |
|    clip_fraction        | 0.0114      |
|    clip_range           | 0.2         |
|    entropy_loss         | -4.23       |
|    explained_variance   | 0           |
|    learning_rate        | 0.0003      |
|    loss                 | 2.65e+05    |
|    n_updates            | 930         |
|    policy_gradient_loss | -0.00524    |
|    value_loss           | 5.03e+05    |
-----------------------------------------
------------------------------------------
| rollout/                |              |
|    ep_len_mean          | 100          |
|    ep_rew_mean          | 5.79e+03     |
| time/                   |              |
|    fps                  | 70           |
|    iterations           | 95           |
|    time_elapsed         | 3459         |
|    total_timesteps      | 243200       |
| train/                  |              |
|    approx_kl            | 0.0035784594 |
|    clip_fraction        | 0.00184      |
|    clip_range           | 0.2          |
|    entropy_loss         | -4.17        |
|    explained_variance   | -1.19e-07    |
|    learning_rate        | 0.0003       |
|    loss                 | 2.89e+05     |
|    n_updates            | 940          |
|    policy_gradient_loss | -0.0044      |
|    value_loss           | 5.94e+05     |
------------------------------------------
2026-04-19 21:19:04,571 [INFO] DGRL-v8: [AdaptivePenalty] step=245,760 | viol_rate=0.017 (target=0.05) | λ_msd: -282.3 → -280.7
------------------------------------------
| rollout/                |              |
|    ep_len_mean          | 100          |
|    ep_rew_mean          | 5.76e+03     |
| time/                   |              |
|    fps                  | 70           |
|    iterations           | 96           |
|    time_elapsed         | 3499         |
|    total_timesteps      | 245760       |
| train/                  |              |
|    approx_kl            | 0.0033094983 |
|    clip_fraction        | 0.000977     |
|    clip_range           | 0.2          |
|    entropy_loss         | -4.22        |
|    explained_variance   | 0            |
|    learning_rate        | 0.0003       |
|    loss                 | 2.51e+05     |
|    n_updates            | 950          |
|    policy_gradient_loss | -0.00339     |
|    value_loss           | 5.08e+05     |
------------------------------------------
------------------------------------------
| rollout/                |              |
|    ep_len_mean          | 100          |
|    ep_rew_mean          | 5.81e+03     |
| time/                   |              |
|    fps                  | 70           |
|    iterations           | 97           |
|    time_elapsed         | 3534         |
|    total_timesteps      | 248320       |
| train/                  |              |
|    approx_kl            | 0.0034596429 |
|    clip_fraction        | 0.0023       |
|    clip_range           | 0.2          |
|    entropy_loss         | -4.19        |
|    explained_variance   | 0            |
|    learning_rate        | 0.0003       |
|    loss                 | 2.58e+05     |
|    n_updates            | 960          |
|    policy_gradient_loss | -0.00352     |
|    value_loss           | 5.19e+05     |
------------------------------------------
------------------------------------------
| rollout/                |              |
|    ep_len_mean          | 100          |
|    ep_rew_mean          | 5.8e+03      |
| time/                   |              |
|    fps                  | 70           |
|    iterations           | 98           |
|    time_elapsed         | 3568         |
|    total_timesteps      | 250880       |
| train/                  |              |
|    approx_kl            | 0.0034086476 |
|    clip_fraction        | 0.00469      |
|    clip_range           | 0.2          |
|    entropy_loss         | -4.22        |
|    explained_variance   | 0            |
|    learning_rate        | 0.0003       |
|    loss                 | 2.75e+05     |
|    n_updates            | 970          |
|    policy_gradient_loss | -0.00297     |
|    value_loss           | 5.56e+05     |
------------------------------------------
------------------------------------------
| rollout/                |              |
|    ep_len_mean          | 100          |
|    ep_rew_mean          | 5.79e+03     |
| time/                   |              |
|    fps                  | 70           |
|    iterations           | 99           |
|    time_elapsed         | 3605         |
|    total_timesteps      | 253440       |
| train/                  |              |
|    approx_kl            | 0.0027698122 |
|    clip_fraction        | 3.91e-05     |
|    clip_range           | 0.2          |
|    entropy_loss         | -4.19        |
|    explained_variance   | 0            |
|    learning_rate        | 0.0003       |
|    loss                 | 2.6e+05      |
|    n_updates            | 980          |
|    policy_gradient_loss | -0.0028      |
|    value_loss           | 5.41e+05     |
------------------------------------------
------------------------------------------
| rollout/                |              |
|    ep_len_mean          | 100          |
|    ep_rew_mean          | 5.85e+03     |
| time/                   |              |
|    fps                  | 70           |
|    iterations           | 100          |
|    time_elapsed         | 3641         |
|    total_timesteps      | 256000       |
| train/                  |              |
|    approx_kl            | 0.0047794334 |
|    clip_fraction        | 0.00988      |
|    clip_range           | 0.2          |
|    entropy_loss         | -4.24        |
|    explained_variance   | 1.79e-07     |
|    learning_rate        | 0.0003       |
|    loss                 | 2.74e+05     |
|    n_updates            | 990          |
|    policy_gradient_loss | -0.00466     |
|    value_loss           | 5.51e+05     |
------------------------------------------
------------------------------------------
| rollout/                |              |
|    ep_len_mean          | 100          |
|    ep_rew_mean          | 5.82e+03     |
| time/                   |              |
|    fps                  | 70           |
|    iterations           | 101          |
|    time_elapsed         | 3680         |
|    total_timesteps      | 258560       |
| train/                  |              |
|    approx_kl            | 0.0030436772 |
|    clip_fraction        | 0.000391     |
|    clip_range           | 0.2          |
|    entropy_loss         | -4.18        |
|    explained_variance   | 0            |
|    learning_rate        | 0.0003       |
|    loss                 | 2.31e+05     |
|    n_updates            | 1000         |
|    policy_gradient_loss | -0.00334     |
|    value_loss           | 5.5e+05      |
------------------------------------------
------------------------------------------
| rollout/                |              |
|    ep_len_mean          | 100          |
|    ep_rew_mean          | 5.82e+03     |
| time/                   |              |
|    fps                  | 70           |
|    iterations           | 102          |
|    time_elapsed         | 3713         |
|    total_timesteps      | 261120       |
| train/                  |              |
|    approx_kl            | 0.0033680268 |
|    clip_fraction        | 0.00285      |
|    clip_range           | 0.2          |
|    entropy_loss         | -4.21        |
|    explained_variance   | 0            |
|    learning_rate        | 0.0003       |
|    loss                 | 2.69e+05     |
|    n_updates            | 1010         |
|    policy_gradient_loss | -0.00378     |
|    value_loss           | 5.8e+05      |
------------------------------------------
------------------------------------------
| rollout/                |              |
|    ep_len_mean          | 100          |
|    ep_rew_mean          | 5.93e+03     |
| time/                   |              |
|    fps                  | 70           |
|    iterations           | 103          |
|    time_elapsed         | 3759         |
|    total_timesteps      | 263680       |
| train/                  |              |
|    approx_kl            | 0.0024899684 |
|    clip_fraction        | 0            |
|    clip_range           | 0.2          |
|    entropy_loss         | -4.21        |
|    explained_variance   | 0            |
|    learning_rate        | 0.0003       |
|    loss                 | 2.73e+05     |
|    n_updates            | 1020         |
|    policy_gradient_loss | -0.0026      |
|    value_loss           | 5.29e+05     |
------------------------------------------
2026-04-19 21:23:59,798 [INFO] DGRL-v8: [AdaptivePenalty] step=266,240 | viol_rate=0.017 (target=0.05) | λ_msd: -280.7 → -279.0
-----------------------------------------
| rollout/                |             |
|    ep_len_mean          | 100         |
|    ep_rew_mean          | 5.87e+03    |
| time/                   |             |
|    fps                  | 70          |
|    iterations           | 104         |
|    time_elapsed         | 3794        |
|    total_timesteps      | 266240      |
| train/                  |             |
|    approx_kl            | 0.001816098 |
|    clip_fraction        | 0.000352    |
|    clip_range           | 0.2         |
|    entropy_loss         | -4.16       |
|    explained_variance   | 0           |
|    learning_rate        | 0.0003      |
|    loss                 | 2.76e+05    |
|    n_updates            | 1030        |
|    policy_gradient_loss | -0.00205    |
|    value_loss           | 6.27e+05    |
-----------------------------------------
----------------------------------------
| rollout/                |            |
|    ep_len_mean          | 100        |
|    ep_rew_mean          | 5.84e+03   |
| time/                   |            |
|    fps                  | 70         |
|    iterations           | 105        |
|    time_elapsed         | 3833       |
|    total_timesteps      | 268800     |
| train/                  |            |
|    approx_kl            | 0.00269505 |
|    clip_fraction        | 0.000625   |
|    clip_range           | 0.2        |
|    entropy_loss         | -4.24      |
|    explained_variance   | 1.19e-07   |
|    learning_rate        | 0.0003     |
|    loss                 | 2.39e+05   |
|    n_updates            | 1040       |
|    policy_gradient_loss | -0.00262   |
|    value_loss           | 4.7e+05    |
----------------------------------------
------------------------------------------
| rollout/                |              |
|    ep_len_mean          | 100          |
|    ep_rew_mean          | 5.8e+03      |
| time/                   |              |
|    fps                  | 70           |
|    iterations           | 106          |
|    time_elapsed         | 3870         |
|    total_timesteps      | 271360       |
| train/                  |              |
|    approx_kl            | 0.0020576373 |
|    clip_fraction        | 0            |
|    clip_range           | 0.2          |
|    entropy_loss         | -4.16        |
|    explained_variance   | 0            |
|    learning_rate        | 0.0003       |
|    loss                 | 2.63e+05     |
|    n_updates            | 1050         |
|    policy_gradient_loss | -0.00224     |
|    value_loss           | 5.58e+05     |
------------------------------------------
------------------------------------------
| rollout/                |              |
|    ep_len_mean          | 100          |
|    ep_rew_mean          | 5.69e+03     |
| time/                   |              |
|    fps                  | 70           |
|    iterations           | 107          |
|    time_elapsed         | 3907         |
|    total_timesteps      | 273920       |
| train/                  |              |
|    approx_kl            | 0.0034663558 |
|    clip_fraction        | 0.00418      |
|    clip_range           | 0.2          |
|    entropy_loss         | -4.24        |
|    explained_variance   | 0            |
|    learning_rate        | 0.0003       |
|    loss                 | 2.49e+05     |
|    n_updates            | 1060         |
|    policy_gradient_loss | -0.00306     |
|    value_loss           | 4.92e+05     |
------------------------------------------
------------------------------------------
| rollout/                |              |
|    ep_len_mean          | 100          |
|    ep_rew_mean          | 5.79e+03     |
| time/                   |              |
|    fps                  | 70           |
|    iterations           | 108          |
|    time_elapsed         | 3943         |
|    total_timesteps      | 276480       |
| train/                  |              |
|    approx_kl            | 0.0022108827 |
|    clip_fraction        | 0            |
|    clip_range           | 0.2          |
|    entropy_loss         | -4.19        |
|    explained_variance   | 0            |
|    learning_rate        | 0.0003       |
|    loss                 | 2.71e+05     |
|    n_updates            | 1070         |
|    policy_gradient_loss | -0.00227     |
|    value_loss           | 5.43e+05     |
------------------------------------------
------------------------------------------
| rollout/                |              |
|    ep_len_mean          | 100          |
|    ep_rew_mean          | 5.74e+03     |
| time/                   |              |
|    fps                  | 70           |
|    iterations           | 109          |
|    time_elapsed         | 3974         |
|    total_timesteps      | 279040       |
| train/                  |              |
|    approx_kl            | 0.0020402872 |
|    clip_fraction        | 0            |
|    clip_range           | 0.2          |
|    entropy_loss         | -4.21        |
|    explained_variance   | -1.19e-07    |
|    learning_rate        | 0.0003       |
|    loss                 | 2.99e+05     |
|    n_updates            | 1080         |
|    policy_gradient_loss | -0.00217     |
|    value_loss           | 5.88e+05     |
------------------------------------------
------------------------------------------
| rollout/                |              |
|    ep_len_mean          | 100          |
|    ep_rew_mean          | 5.84e+03     |
| time/                   |              |
|    fps                  | 70           |
|    iterations           | 110          |
|    time_elapsed         | 4012         |
|    total_timesteps      | 281600       |
| train/                  |              |
|    approx_kl            | 0.0034133024 |
|    clip_fraction        | 0.000469     |
|    clip_range           | 0.2          |
|    entropy_loss         | -4.19        |
|    explained_variance   | 0            |
|    learning_rate        | 0.0003       |
|    loss                 | 2.25e+05     |
|    n_updates            | 1090         |
|    policy_gradient_loss | -0.00334     |
|    value_loss           | 5.09e+05     |
------------------------------------------
------------------------------------------
| rollout/                |              |
|    ep_len_mean          | 100          |
|    ep_rew_mean          | 5.82e+03     |
| time/                   |              |
|    fps                  | 70           |
|    iterations           | 111          |
|    time_elapsed         | 4044         |
|    total_timesteps      | 284160       |
| train/                  |              |
|    approx_kl            | 0.0026757938 |
|    clip_fraction        | 0            |
|    clip_range           | 0.2          |
|    entropy_loss         | -4.19        |
|    explained_variance   | 0            |
|    learning_rate        | 0.0003       |
|    loss                 | 3.1e+05      |
|    n_updates            | 1100         |
|    policy_gradient_loss | -0.00288     |
|    value_loss           | 5.8e+05      |
------------------------------------------
2026-04-19 21:28:44,398 [INFO] DGRL-v8: [AdaptivePenalty] step=286,720 | viol_rate=0.018 (target=0.05) | λ_msd: -279.0 → -277.4
-----------------------------------------
| rollout/                |             |
|    ep_len_mean          | 100         |
|    ep_rew_mean          | 5.79e+03    |
| time/                   |             |
|    fps                  | 70          |
|    iterations           | 112         |
|    time_elapsed         | 4079        |
|    total_timesteps      | 286720      |
| train/                  |             |
|    approx_kl            | 0.004215642 |
|    clip_fraction        | 0.000234    |
|    clip_range           | 0.2         |
|    entropy_loss         | -4.21       |
|    explained_variance   | 1.79e-07    |
|    learning_rate        | 0.0003      |
|    loss                 | 2.15e+05    |
|    n_updates            | 1110        |
|    policy_gradient_loss | -0.00416    |
|    value_loss           | 5.04e+05    |
-----------------------------------------
-----------------------------------------
| rollout/                |             |
|    ep_len_mean          | 100         |
|    ep_rew_mean          | 5.84e+03    |
| time/                   |             |
|    fps                  | 70          |
|    iterations           | 113         |
|    time_elapsed         | 4113        |
|    total_timesteps      | 289280      |
| train/                  |             |
|    approx_kl            | 0.003914085 |
|    clip_fraction        | 0.000625    |
|    clip_range           | 0.2         |
|    entropy_loss         | -4.16       |
|    explained_variance   | -2.38e-07   |
|    learning_rate        | 0.0003      |
|    loss                 | 2.53e+05    |
|    n_updates            | 1120        |
|    policy_gradient_loss | -0.00403    |
|    value_loss           | 5.6e+05     |
-----------------------------------------
------------------------------------------
| rollout/                |              |
|    ep_len_mean          | 100          |
|    ep_rew_mean          | 5.79e+03     |
| time/                   |              |
|    fps                  | 70           |
|    iterations           | 114          |
|    time_elapsed         | 4148         |
|    total_timesteps      | 291840       |
| train/                  |              |
|    approx_kl            | 0.0034698541 |
|    clip_fraction        | 0.000937     |
|    clip_range           | 0.2          |
|    entropy_loss         | -4.21        |
|    explained_variance   | -1.19e-07    |
|    learning_rate        | 0.0003       |
|    loss                 | 2.62e+05     |
|    n_updates            | 1130         |
|    policy_gradient_loss | -0.00319     |
|    value_loss           | 5.01e+05     |
------------------------------------------
------------------------------------------
| rollout/                |              |
|    ep_len_mean          | 100          |
|    ep_rew_mean          | 5.74e+03     |
| time/                   |              |
|    fps                  | 70           |
|    iterations           | 115          |
|    time_elapsed         | 4185         |
|    total_timesteps      | 294400       |
| train/                  |              |
|    approx_kl            | 0.0050301934 |
|    clip_fraction        | 0.00527      |
|    clip_range           | 0.2          |
|    entropy_loss         | -4.17        |
|    explained_variance   | 0            |
|    learning_rate        | 0.0003       |
|    loss                 | 2.32e+05     |
|    n_updates            | 1140         |
|    policy_gradient_loss | -0.00519     |
|    value_loss           | 5.16e+05     |
------------------------------------------
------------------------------------------
| rollout/                |              |
|    ep_len_mean          | 100          |
|    ep_rew_mean          | 5.76e+03     |
| time/                   |              |
|    fps                  | 70           |
|    iterations           | 116          |
|    time_elapsed         | 4220         |
|    total_timesteps      | 296960       |
| train/                  |              |
|    approx_kl            | 0.0024976337 |
|    clip_fraction        | 0.000625     |
|    clip_range           | 0.2          |
|    entropy_loss         | -4.2         |
|    explained_variance   | 1.19e-07     |
|    learning_rate        | 0.0003       |
|    loss                 | 2.55e+05     |
|    n_updates            | 1150         |
|    policy_gradient_loss | -0.00253     |
|    value_loss           | 5.14e+05     |
------------------------------------------
------------------------------------------
| rollout/                |              |
|    ep_len_mean          | 100          |
|    ep_rew_mean          | 5.78e+03     |
| time/                   |              |
|    fps                  | 70           |
|    iterations           | 117          |
|    time_elapsed         | 4257         |
|    total_timesteps      | 299520       |
| train/                  |              |
|    approx_kl            | 0.0032005515 |
|    clip_fraction        | 0.000195     |
|    clip_range           | 0.2          |
|    entropy_loss         | -4.16        |
|    explained_variance   | 0            |
|    learning_rate        | 0.0003       |
|    loss                 | 2.61e+05     |
|    n_updates            | 1160         |
|    policy_gradient_loss | -0.00323     |
|    value_loss           | 5.35e+05     |
------------------------------------------
------------------------------------------
| rollout/                |              |
|    ep_len_mean          | 100          |
|    ep_rew_mean          | 5.77e+03     |
| time/                   |              |
|    fps                  | 70           |
|    iterations           | 118          |
|    time_elapsed         | 4292         |
|    total_timesteps      | 302080       |
| train/                  |              |
|    approx_kl            | 0.0032162287 |
|    clip_fraction        | 0.00328      |
|    clip_range           | 0.2          |
|    entropy_loss         | -4.19        |
|    explained_variance   | 0            |
|    learning_rate        | 0.0003       |
|    loss                 | 2.85e+05     |
|    n_updates            | 1170         |
|    policy_gradient_loss | -0.00329     |
|    value_loss           | 5.71e+05     |
------------------------------------------
------------------------------------------
| rollout/                |              |
|    ep_len_mean          | 100          |
|    ep_rew_mean          | 5.83e+03     |
| time/                   |              |
|    fps                  | 70           |
|    iterations           | 119          |
|    time_elapsed         | 4326         |
|    total_timesteps      | 304640       |
| train/                  |              |
|    approx_kl            | 0.0051130317 |
|    clip_fraction        | 0.00578      |
|    clip_range           | 0.2          |
|    entropy_loss         | -4.16        |
|    explained_variance   | 0            |
|    learning_rate        | 0.0003       |
|    loss                 | 2.3e+05      |
|    n_updates            | 1180         |
|    policy_gradient_loss | -0.00438     |
|    value_loss           | 4.62e+05     |
------------------------------------------
2026-04-19 21:33:41,011 [INFO] DGRL-v8: [AdaptivePenalty] step=307,200 | viol_rate=0.019 (target=0.05) | λ_msd: -277.4 → -275.8
------------------------------------------
| rollout/                |              |
|    ep_len_mean          | 100          |
|    ep_rew_mean          | 5.75e+03     |
| time/                   |              |
|    fps                  | 70           |
|    iterations           | 120          |
|    time_elapsed         | 4376         |
|    total_timesteps      | 307200       |
| train/                  |              |
|    approx_kl            | 0.0025313674 |
|    clip_fraction        | 0            |
|    clip_range           | 0.2          |
|    entropy_loss         | -4.15        |
|    explained_variance   | 0            |
|    learning_rate        | 0.0003       |
|    loss                 | 3.06e+05     |
|    n_updates            | 1190         |
|    policy_gradient_loss | -0.00237     |
|    value_loss           | 5.52e+05     |
------------------------------------------
------------------------------------------
| rollout/                |              |
|    ep_len_mean          | 100          |
|    ep_rew_mean          | 5.77e+03     |
| time/                   |              |
|    fps                  | 70           |
|    iterations           | 121          |
|    time_elapsed         | 4410         |
|    total_timesteps      | 309760       |
| train/                  |              |
|    approx_kl            | 0.0030447997 |
|    clip_fraction        | 0            |
|    clip_range           | 0.2          |
|    entropy_loss         | -4.2         |
|    explained_variance   | 0            |
|    learning_rate        | 0.0003       |
|    loss                 | 2.34e+05     |
|    n_updates            | 1200         |
|    policy_gradient_loss | -0.00248     |
|    value_loss           | 4.45e+05     |
------------------------------------------
------------------------------------------
| rollout/                |              |
|    ep_len_mean          | 100          |
|    ep_rew_mean          | 5.85e+03     |
| time/                   |              |
|    fps                  | 70           |
|    iterations           | 122          |
|    time_elapsed         | 4444         |
|    total_timesteps      | 312320       |
| train/                  |              |
|    approx_kl            | 0.0027260003 |
|    clip_fraction        | 0.00172      |
|    clip_range           | 0.2          |
|    entropy_loss         | -4.15        |
|    explained_variance   | 0            |
|    learning_rate        | 0.0003       |
|    loss                 | 2.74e+05     |
|    n_updates            | 1210         |
|    policy_gradient_loss | -0.00319     |
|    value_loss           | 5.73e+05     |
------------------------------------------
-----------------------------------------
| rollout/                |             |
|    ep_len_mean          | 100         |
|    ep_rew_mean          | 5.78e+03    |
| time/                   |             |
|    fps                  | 70          |
|    iterations           | 123         |
|    time_elapsed         | 4481        |
|    total_timesteps      | 314880      |
| train/                  |             |
|    approx_kl            | 0.004185267 |
|    clip_fraction        | 0.00832     |
|    clip_range           | 0.2         |
|    entropy_loss         | -4.2        |
|    explained_variance   | 0           |
|    learning_rate        | 0.0003      |
|    loss                 | 2.42e+05    |
|    n_updates            | 1220        |
|    policy_gradient_loss | -0.00423    |
|    value_loss           | 5.3e+05     |
-----------------------------------------
------------------------------------------
| rollout/                |              |
|    ep_len_mean          | 100          |
|    ep_rew_mean          | 5.83e+03     |
| time/                   |              |
|    fps                  | 70           |
|    iterations           | 124          |
|    time_elapsed         | 4520         |
|    total_timesteps      | 317440       |
| train/                  |              |
|    approx_kl            | 0.0026935996 |
|    clip_fraction        | 0.0018       |
|    clip_range           | 0.2          |
|    entropy_loss         | -4.16        |
|    explained_variance   | -1.19e-07    |
|    learning_rate        | 0.0003       |
|    loss                 | 2.05e+05     |
|    n_updates            | 1230         |
|    policy_gradient_loss | -0.00277     |
|    value_loss           | 4.68e+05     |
------------------------------------------
------------------------------------------
| rollout/                |              |
|    ep_len_mean          | 100          |
|    ep_rew_mean          | 5.75e+03     |
| time/                   |              |
|    fps                  | 70           |
|    iterations           | 125          |
|    time_elapsed         | 4553         |
|    total_timesteps      | 320000       |
| train/                  |              |
|    approx_kl            | 0.0031242236 |
|    clip_fraction        | 0.00238      |
|    clip_range           | 0.2          |
|    entropy_loss         | -4.21        |
|    explained_variance   | 0            |
|    learning_rate        | 0.0003       |
|    loss                 | 2.5e+05      |
|    n_updates            | 1240         |
|    policy_gradient_loss | -0.00338     |
|    value_loss           | 5.09e+05     |
------------------------------------------
-----------------------------------------
| rollout/                |             |
|    ep_len_mean          | 100         |
|    ep_rew_mean          | 5.73e+03    |
| time/                   |             |
|    fps                  | 70          |
|    iterations           | 126         |
|    time_elapsed         | 4589        |
|    total_timesteps      | 322560      |
| train/                  |             |
|    approx_kl            | 0.003723891 |
|    clip_fraction        | 0.000117    |
|    clip_range           | 0.2         |
|    entropy_loss         | -4.18       |
|    explained_variance   | 0           |
|    learning_rate        | 0.0003      |
|    loss                 | 2.29e+05    |
|    n_updates            | 1250        |
|    policy_gradient_loss | -0.00296    |
|    value_loss           | 4.87e+05    |
-----------------------------------------
------------------------------------------
| rollout/                |              |
|    ep_len_mean          | 100          |
|    ep_rew_mean          | 5.75e+03     |
| time/                   |              |
|    fps                  | 70           |
|    iterations           | 127          |
|    time_elapsed         | 4627         |
|    total_timesteps      | 325120       |
| train/                  |              |
|    approx_kl            | 0.0019119714 |
|    clip_fraction        | 0            |
|    clip_range           | 0.2          |
|    entropy_loss         | -4.21        |
|    explained_variance   | 0            |
|    learning_rate        | 0.0003       |
|    loss                 | 2.36e+05     |
|    n_updates            | 1260         |
|    policy_gradient_loss | -0.00169     |
|    value_loss           | 5.54e+05     |
------------------------------------------
2026-04-19 21:38:31,174 [INFO] DGRL-v8: [AdaptivePenalty] step=327,680 | viol_rate=0.017 (target=0.05) | λ_msd: -275.8 → -274.2
-----------------------------------------
| rollout/                |             |
|    ep_len_mean          | 100         |
|    ep_rew_mean          | 5.73e+03    |
| time/                   |             |
|    fps                  | 70          |
|    iterations           | 128         |
|    time_elapsed         | 4666        |
|    total_timesteps      | 327680      |
| train/                  |             |
|    approx_kl            | 0.004100142 |
|    clip_fraction        | 0.00109     |
|    clip_range           | 0.2         |
|    entropy_loss         | -4.19       |
|    explained_variance   | 0           |
|    learning_rate        | 0.0003      |
|    loss                 | 2.21e+05    |
|    n_updates            | 1270        |
|    policy_gradient_loss | -0.00371    |
|    value_loss           | 4.6e+05     |
-----------------------------------------
------------------------------------------
| rollout/                |              |
|    ep_len_mean          | 100          |
|    ep_rew_mean          | 5.82e+03     |
| time/                   |              |
|    fps                  | 70           |
|    iterations           | 129          |
|    time_elapsed         | 4702         |
|    total_timesteps      | 330240       |
| train/                  |              |
|    approx_kl            | 0.0025947595 |
|    clip_fraction        | 0.00043      |
|    clip_range           | 0.2          |
|    entropy_loss         | -4.19        |
|    explained_variance   | -1.19e-07    |
|    learning_rate        | 0.0003       |
|    loss                 | 2.77e+05     |
|    n_updates            | 1280         |
|    policy_gradient_loss | -0.00288     |
|    value_loss           | 5.38e+05     |
------------------------------------------
-----------------------------------------
| rollout/                |             |
|    ep_len_mean          | 100         |
|    ep_rew_mean          | 5.83e+03    |
| time/                   |             |
|    fps                  | 70          |
|    iterations           | 130         |
|    time_elapsed         | 4734        |
|    total_timesteps      | 332800      |
| train/                  |             |
|    approx_kl            | 0.004964406 |
|    clip_fraction        | 0.0144      |
|    clip_range           | 0.2         |
|    entropy_loss         | -4.22       |
|    explained_variance   | -1.19e-07   |
|    learning_rate        | 0.0003      |
|    loss                 | 2.6e+05     |
|    n_updates            | 1290        |
|    policy_gradient_loss | -0.00562    |
|    value_loss           | 5.37e+05    |
-----------------------------------------
-----------------------------------------
| rollout/                |             |
|    ep_len_mean          | 100         |
|    ep_rew_mean          | 5.85e+03    |
| time/                   |             |
|    fps                  | 70          |
|    iterations           | 131         |
|    time_elapsed         | 4767        |
|    total_timesteps      | 335360      |
| train/                  |             |
|    approx_kl            | 0.003560035 |
|    clip_fraction        | 0.00547     |
|    clip_range           | 0.2         |
|    entropy_loss         | -4.17       |
|    explained_variance   | 0           |
|    learning_rate        | 0.0003      |
|    loss                 | 2.26e+05    |
|    n_updates            | 1300        |
|    policy_gradient_loss | -0.00389    |
|    value_loss           | 5.35e+05    |
-----------------------------------------
------------------------------------------
| rollout/                |              |
|    ep_len_mean          | 100          |
|    ep_rew_mean          | 5.88e+03     |
| time/                   |              |
|    fps                  | 70           |
|    iterations           | 132          |
|    time_elapsed         | 4808         |
|    total_timesteps      | 337920       |
| train/                  |              |
|    approx_kl            | 0.0036784005 |
|    clip_fraction        | 0.00309      |
|    clip_range           | 0.2          |
|    entropy_loss         | -4.23        |
|    explained_variance   | 1.19e-07     |
|    learning_rate        | 0.0003       |
|    loss                 | 2.42e+05     |
|    n_updates            | 1310         |
|    policy_gradient_loss | -0.00357     |
|    value_loss           | 5.1e+05      |
------------------------------------------
------------------------------------------
| rollout/                |              |
|    ep_len_mean          | 100          |
|    ep_rew_mean          | 5.82e+03     |
| time/                   |              |
|    fps                  | 70           |
|    iterations           | 133          |
|    time_elapsed         | 4840         |
|    total_timesteps      | 340480       |
| train/                  |              |
|    approx_kl            | 0.0017126842 |
|    clip_fraction        | 0            |
|    clip_range           | 0.2          |
|    entropy_loss         | -4.18        |
|    explained_variance   | 0            |
|    learning_rate        | 0.0003       |
|    loss                 | 2.47e+05     |
|    n_updates            | 1320         |
|    policy_gradient_loss | -0.00165     |
|    value_loss           | 5.24e+05     |
------------------------------------------
------------------------------------------
| rollout/                |              |
|    ep_len_mean          | 100          |
|    ep_rew_mean          | 5.87e+03     |
| time/                   |              |
|    fps                  | 70           |
|    iterations           | 134          |
|    time_elapsed         | 4874         |
|    total_timesteps      | 343040       |
| train/                  |              |
|    approx_kl            | 0.0032240357 |
|    clip_fraction        | 0.00602      |
|    clip_range           | 0.2          |
|    entropy_loss         | -4.21        |
|    explained_variance   | 0            |
|    learning_rate        | 0.0003       |
|    loss                 | 2.82e+05     |
|    n_updates            | 1330         |
|    policy_gradient_loss | -0.00324     |
|    value_loss           | 5.48e+05     |
------------------------------------------
------------------------------------------
| rollout/                |              |
|    ep_len_mean          | 100          |
|    ep_rew_mean          | 5.89e+03     |
| time/                   |              |
|    fps                  | 70           |
|    iterations           | 135          |
|    time_elapsed         | 4909         |
|    total_timesteps      | 345600       |
| train/                  |              |
|    approx_kl            | 0.0033931374 |
|    clip_fraction        | 0.005        |
|    clip_range           | 0.2          |
|    entropy_loss         | -4.17        |
|    explained_variance   | 0            |
|    learning_rate        | 0.0003       |
|    loss                 | 2.61e+05     |
|    n_updates            | 1340         |
|    policy_gradient_loss | -0.00338     |
|    value_loss           | 5.14e+05     |
------------------------------------------
2026-04-19 21:43:11,783 [INFO] DGRL-v8: [AdaptivePenalty] step=348,160 | viol_rate=0.018 (target=0.05) | λ_msd: -274.2 → -272.6
------------------------------------------
| rollout/                |              |
|    ep_len_mean          | 100          |
|    ep_rew_mean          | 5.91e+03     |
| time/                   |              |
|    fps                  | 70           |
|    iterations           | 136          |
|    time_elapsed         | 4946         |
|    total_timesteps      | 348160       |
| train/                  |              |
|    approx_kl            | 0.0022810716 |
|    clip_fraction        | 0.000313     |
|    clip_range           | 0.2          |
|    entropy_loss         | -4.16        |
|    explained_variance   | 0            |
|    learning_rate        | 0.0003       |
|    loss                 | 2.74e+05     |
|    n_updates            | 1350         |
|    policy_gradient_loss | -0.00247     |
|    value_loss           | 5.79e+05     |
------------------------------------------
-----------------------------------------
| rollout/                |             |
|    ep_len_mean          | 100         |
|    ep_rew_mean          | 5.89e+03    |
| time/                   |             |
|    fps                  | 70          |
|    iterations           | 137         |
|    time_elapsed         | 4989        |
|    total_timesteps      | 350720      |
| train/                  |             |
|    approx_kl            | 0.004229338 |
|    clip_fraction        | 0.00109     |
|    clip_range           | 0.2         |
|    entropy_loss         | -4.18       |
|    explained_variance   | 0           |
|    learning_rate        | 0.0003      |
|    loss                 | 2.46e+05    |
|    n_updates            | 1360        |
|    policy_gradient_loss | -0.00386    |
|    value_loss           | 4.81e+05    |
-----------------------------------------
------------------------------------------
| rollout/                |              |
|    ep_len_mean          | 100          |
|    ep_rew_mean          | 5.83e+03     |
| time/                   |              |
|    fps                  | 70           |
|    iterations           | 138          |
|    time_elapsed         | 5024         |
|    total_timesteps      | 353280       |
| train/                  |              |
|    approx_kl            | 0.0024968085 |
|    clip_fraction        | 0            |
|    clip_range           | 0.2          |
|    entropy_loss         | -4.16        |
|    explained_variance   | 0            |
|    learning_rate        | 0.0003       |
|    loss                 | 2.55e+05     |
|    n_updates            | 1370         |
|    policy_gradient_loss | -0.00242     |
|    value_loss           | 5.29e+05     |
------------------------------------------
------------------------------------------
| rollout/                |              |
|    ep_len_mean          | 100          |
|    ep_rew_mean          | 5.75e+03     |
| time/                   |              |
|    fps                  | 70           |
|    iterations           | 139          |
|    time_elapsed         | 5057         |
|    total_timesteps      | 355840       |
| train/                  |              |
|    approx_kl            | 0.0049645854 |
|    clip_fraction        | 0.00555      |
|    clip_range           | 0.2          |
|    entropy_loss         | -4.18        |
|    explained_variance   | 5.96e-08     |
|    learning_rate        | 0.0003       |
|    loss                 | 2.57e+05     |
|    n_updates            | 1380         |
|    policy_gradient_loss | -0.0041      |
|    value_loss           | 4.87e+05     |
------------------------------------------
------------------------------------------
| rollout/                |              |
|    ep_len_mean          | 100          |
|    ep_rew_mean          | 5.86e+03     |
| time/                   |              |
|    fps                  | 70           |
|    iterations           | 140          |
|    time_elapsed         | 5092         |
|    total_timesteps      | 358400       |
| train/                  |              |
|    approx_kl            | 0.0038469997 |
|    clip_fraction        | 0.00355      |
|    clip_range           | 0.2          |
|    entropy_loss         | -4.14        |
|    explained_variance   | 0            |
|    learning_rate        | 0.0003       |
|    loss                 | 2.4e+05      |
|    n_updates            | 1390         |
|    policy_gradient_loss | -0.00383     |
|    value_loss           | 4.98e+05     |
------------------------------------------
------------------------------------------
| rollout/                |              |
|    ep_len_mean          | 100          |
|    ep_rew_mean          | 5.83e+03     |
| time/                   |              |
|    fps                  | 70           |
|    iterations           | 141          |
|    time_elapsed         | 5128         |
|    total_timesteps      | 360960       |
| train/                  |              |
|    approx_kl            | 0.0021592681 |
|    clip_fraction        | 0            |
|    clip_range           | 0.2          |
|    entropy_loss         | -4.18        |
|    explained_variance   | -1.19e-07    |
|    learning_rate        | 0.0003       |
|    loss                 | 3.03e+05     |
|    n_updates            | 1400         |
|    policy_gradient_loss | -0.00211     |
|    value_loss           | 5.76e+05     |
------------------------------------------
------------------------------------------
| rollout/                |              |
|    ep_len_mean          | 100          |
|    ep_rew_mean          | 5.78e+03     |
| time/                   |              |
|    fps                  | 70           |
|    iterations           | 142          |
|    time_elapsed         | 5162         |
|    total_timesteps      | 363520       |
| train/                  |              |
|    approx_kl            | 0.0033895276 |
|    clip_fraction        | 0.00238      |
|    clip_range           | 0.2          |
|    entropy_loss         | -4.16        |
|    explained_variance   | 0            |
|    learning_rate        | 0.0003       |
|    loss                 | 2.65e+05     |
|    n_updates            | 1410         |
|    policy_gradient_loss | -0.00251     |
|    value_loss           | 4.71e+05     |
------------------------------------------
-----------------------------------------
| rollout/                |             |
|    ep_len_mean          | 100         |
|    ep_rew_mean          | 5.77e+03    |
| time/                   |             |
|    fps                  | 70          |
|    iterations           | 143         |
|    time_elapsed         | 5198        |
|    total_timesteps      | 366080      |
| train/                  |             |
|    approx_kl            | 0.003735425 |
|    clip_fraction        | 0.00914     |
|    clip_range           | 0.2         |
|    entropy_loss         | -4.19       |
|    explained_variance   | 1.19e-07    |
|    learning_rate        | 0.0003      |
|    loss                 | 2.54e+05    |
|    n_updates            | 1420        |
|    policy_gradient_loss | -0.00384    |
|    value_loss           | 5.15e+05    |
-----------------------------------------
2026-04-19 21:48:00,816 [INFO] DGRL-v8: [AdaptivePenalty] step=368,640 | viol_rate=0.020 (target=0.05) | λ_msd: -272.6 → -271.1
-----------------------------------------
| rollout/                |             |
|    ep_len_mean          | 100         |
|    ep_rew_mean          | 5.62e+03    |
| time/                   |             |
|    fps                  | 70          |
|    iterations           | 144         |
|    time_elapsed         | 5235        |
|    total_timesteps      | 368640      |
| train/                  |             |
|    approx_kl            | 0.003972061 |
|    clip_fraction        | 0.00246     |
|    clip_range           | 0.2         |
|    entropy_loss         | -4.14       |
|    explained_variance   | -1.19e-07   |
|    learning_rate        | 0.0003      |
|    loss                 | 2.37e+05    |
|    n_updates            | 1430        |
|    policy_gradient_loss | -0.00314    |
|    value_loss           | 4.7e+05     |
-----------------------------------------
------------------------------------------
| rollout/                |              |
|    ep_len_mean          | 100          |
|    ep_rew_mean          | 5.74e+03     |
| time/                   |              |
|    fps                  | 70           |
|    iterations           | 145          |
|    time_elapsed         | 5268         |
|    total_timesteps      | 371200       |
| train/                  |              |
|    approx_kl            | 0.0030328517 |
|    clip_fraction        | 7.81e-05     |
|    clip_range           | 0.2          |
|    entropy_loss         | -4.17        |
|    explained_variance   | 1.19e-07     |
|    learning_rate        | 0.0003       |
|    loss                 | 2.22e+05     |
|    n_updates            | 1440         |
|    policy_gradient_loss | -0.00258     |
|    value_loss           | 4.69e+05     |
------------------------------------------
------------------------------------------
| rollout/                |              |
|    ep_len_mean          | 100          |
|    ep_rew_mean          | 5.7e+03      |
| time/                   |              |
|    fps                  | 70           |
|    iterations           | 146          |
|    time_elapsed         | 5307         |
|    total_timesteps      | 373760       |
| train/                  |              |
|    approx_kl            | 0.0049715177 |
|    clip_fraction        | 0.00758      |
|    clip_range           | 0.2          |
|    entropy_loss         | -4.2         |
|    explained_variance   | 5.96e-08     |
|    learning_rate        | 0.0003       |
|    loss                 | 2.24e+05     |
|    n_updates            | 1450         |
|    policy_gradient_loss | -0.00455     |
|    value_loss           | 4.95e+05     |
------------------------------------------
------------------------------------------
| rollout/                |              |
|    ep_len_mean          | 100          |
|    ep_rew_mean          | 5.73e+03     |
| time/                   |              |
|    fps                  | 70           |
|    iterations           | 147          |
|    time_elapsed         | 5344         |
|    total_timesteps      | 376320       |
| train/                  |              |
|    approx_kl            | 0.0023542189 |
|    clip_fraction        | 0.000742     |
|    clip_range           | 0.2          |
|    entropy_loss         | -4.15        |
|    explained_variance   | 0            |
|    learning_rate        | 0.0003       |
|    loss                 | 2.27e+05     |
|    n_updates            | 1460         |
|    policy_gradient_loss | -0.00214     |
|    value_loss           | 4.83e+05     |
------------------------------------------
------------------------------------------
| rollout/                |              |
|    ep_len_mean          | 100          |
|    ep_rew_mean          | 5.8e+03      |
| time/                   |              |
|    fps                  | 70           |
|    iterations           | 148          |
|    time_elapsed         | 5380         |
|    total_timesteps      | 378880       |
| train/                  |              |
|    approx_kl            | 0.0045854626 |
|    clip_fraction        | 0.0048       |
|    clip_range           | 0.2          |
|    entropy_loss         | -4.19        |
|    explained_variance   | 5.96e-08     |
|    learning_rate        | 0.0003       |
|    loss                 | 2.6e+05      |
|    n_updates            | 1470         |
|    policy_gradient_loss | -0.00384     |
|    value_loss           | 5.25e+05     |
------------------------------------------
-----------------------------------------
| rollout/                |             |
|    ep_len_mean          | 100         |
|    ep_rew_mean          | 5.79e+03    |
| time/                   |             |
|    fps                  | 70          |
|    iterations           | 149         |
|    time_elapsed         | 5417        |
|    total_timesteps      | 381440      |
| train/                  |             |
|    approx_kl            | 0.005275056 |
|    clip_fraction        | 0.00477     |
|    clip_range           | 0.2         |
|    entropy_loss         | -4.18       |
|    explained_variance   | 0           |
|    learning_rate        | 0.0003      |
|    loss                 | 2.53e+05    |
|    n_updates            | 1480        |
|    policy_gradient_loss | -0.00531    |
|    value_loss           | 5.01e+05    |
-----------------------------------------
------------------------------------------
| rollout/                |              |
|    ep_len_mean          | 100          |
|    ep_rew_mean          | 5.88e+03     |
| time/                   |              |
|    fps                  | 70           |
|    iterations           | 150          |
|    time_elapsed         | 5457         |
|    total_timesteps      | 384000       |
| train/                  |              |
|    approx_kl            | 0.0030607781 |
|    clip_fraction        | 0.00164      |
|    clip_range           | 0.2          |
|    entropy_loss         | -4.21        |
|    explained_variance   | 0            |
|    learning_rate        | 0.0003       |
|    loss                 | 2.64e+05     |
|    n_updates            | 1490         |
|    policy_gradient_loss | -0.00274     |
|    value_loss           | 5.37e+05     |
------------------------------------------
-----------------------------------------
| rollout/                |             |
|    ep_len_mean          | 100         |
|    ep_rew_mean          | 5.86e+03    |
| time/                   |             |
|    fps                  | 70          |
|    iterations           | 151         |
|    time_elapsed         | 5489        |
|    total_timesteps      | 386560      |
| train/                  |             |
|    approx_kl            | 0.003619273 |
|    clip_fraction        | 0.00227     |
|    clip_range           | 0.2         |
|    entropy_loss         | -4.19       |
|    explained_variance   | 0           |
|    learning_rate        | 0.0003      |
|    loss                 | 2.28e+05    |
|    n_updates            | 1500        |
|    policy_gradient_loss | -0.00276    |
|    value_loss           | 4.5e+05     |
-----------------------------------------
2026-04-19 21:52:47,072 [INFO] DGRL-v8: [AdaptivePenalty] step=389,120 | viol_rate=0.020 (target=0.05) | λ_msd: -271.1 → -269.6
------------------------------------------
| rollout/                |              |
|    ep_len_mean          | 100          |
|    ep_rew_mean          | 5.8e+03      |
| time/                   |              |
|    fps                  | 70           |
|    iterations           | 152          |
|    time_elapsed         | 5522         |
|    total_timesteps      | 389120       |
| train/                  |              |
|    approx_kl            | 0.0037609197 |
|    clip_fraction        | 0.00496      |
|    clip_range           | 0.2          |
|    entropy_loss         | -4.19        |
|    explained_variance   | -1.19e-07    |
|    learning_rate        | 0.0003       |
|    loss                 | 2.86e+05     |
|    n_updates            | 1510         |
|    policy_gradient_loss | -0.00413     |
|    value_loss           | 5.64e+05     |
------------------------------------------
-----------------------------------------
| rollout/                |             |
|    ep_len_mean          | 100         |
|    ep_rew_mean          | 5.76e+03    |
| time/                   |             |
|    fps                  | 70          |
|    iterations           | 153         |
|    time_elapsed         | 5558        |
|    total_timesteps      | 391680      |
| train/                  |             |
|    approx_kl            | 0.004814466 |
|    clip_fraction        | 0.00301     |
|    clip_range           | 0.2         |
|    entropy_loss         | -4.2        |
|    explained_variance   | -1.19e-07   |
|    learning_rate        | 0.0003      |
|    loss                 | 2.19e+05    |
|    n_updates            | 1520        |
|    policy_gradient_loss | -0.00399    |
|    value_loss           | 4.45e+05    |
-----------------------------------------
-----------------------------------------
| rollout/                |             |
|    ep_len_mean          | 100         |
|    ep_rew_mean          | 5.76e+03    |
| time/                   |             |
|    fps                  | 70          |
|    iterations           | 154         |
|    time_elapsed         | 5595        |
|    total_timesteps      | 394240      |
| train/                  |             |
|    approx_kl            | 0.004476876 |
|    clip_fraction        | 0.00598     |
|    clip_range           | 0.2         |
|    entropy_loss         | -4.16       |
|    explained_variance   | 1.79e-07    |
|    learning_rate        | 0.0003      |
|    loss                 | 2.39e+05    |
|    n_updates            | 1530        |
|    policy_gradient_loss | -0.00484    |
|    value_loss           | 5.02e+05    |
-----------------------------------------
------------------------------------------
| rollout/                |              |
|    ep_len_mean          | 100          |
|    ep_rew_mean          | 5.73e+03     |
| time/                   |              |
|    fps                  | 70           |
|    iterations           | 155          |
|    time_elapsed         | 5630         |
|    total_timesteps      | 396800       |
| train/                  |              |
|    approx_kl            | 0.0027104833 |
|    clip_fraction        | 0.00168      |
|    clip_range           | 0.2          |
|    entropy_loss         | -4.21        |
|    explained_variance   | -1.19e-07    |
|    learning_rate        | 0.0003       |
|    loss                 | 2.27e+05     |
|    n_updates            | 1540         |
|    policy_gradient_loss | -0.00231     |
|    value_loss           | 4.6e+05      |
------------------------------------------
-----------------------------------------
| rollout/                |             |
|    ep_len_mean          | 100         |
|    ep_rew_mean          | 5.71e+03    |
| time/                   |             |
|    fps                  | 70          |
|    iterations           | 156         |
|    time_elapsed         | 5667        |
|    total_timesteps      | 399360      |
| train/                  |             |
|    approx_kl            | 0.001894615 |
|    clip_fraction        | 0           |
|    clip_range           | 0.2         |
|    entropy_loss         | -4.18       |
|    explained_variance   | 0           |
|    learning_rate        | 0.0003      |
|    loss                 | 2.28e+05    |
|    n_updates            | 1550        |
|    policy_gradient_loss | -0.00169    |
|    value_loss           | 4.47e+05    |
-----------------------------------------
------------------------------------------
| rollout/                |              |
|    ep_len_mean          | 100          |
|    ep_rew_mean          | 5.73e+03     |
| time/                   |              |
|    fps                  | 70           |
|    iterations           | 157          |
|    time_elapsed         | 5700         |
|    total_timesteps      | 401920       |
| train/                  |              |
|    approx_kl            | 0.0024458447 |
|    clip_fraction        | 7.81e-05     |
|    clip_range           | 0.2          |
|    entropy_loss         | -4.23        |
|    explained_variance   | 5.96e-08     |
|    learning_rate        | 0.0003       |
|    loss                 | 2.6e+05      |
|    n_updates            | 1560         |
|    policy_gradient_loss | -0.00223     |
|    value_loss           | 4.84e+05     |
------------------------------------------
-----------------------------------------
| rollout/                |             |
|    ep_len_mean          | 100         |
|    ep_rew_mean          | 5.68e+03    |
| time/                   |             |
|    fps                  | 70          |
|    iterations           | 158         |
|    time_elapsed         | 5738        |
|    total_timesteps      | 404480      |
| train/                  |             |
|    approx_kl            | 0.003450118 |
|    clip_fraction        | 0.00133     |
|    clip_range           | 0.2         |
|    entropy_loss         | -4.17       |
|    explained_variance   | 0           |
|    learning_rate        | 0.0003      |
|    loss                 | 2.58e+05    |
|    n_updates            | 1570        |
|    policy_gradient_loss | -0.00303    |
|    value_loss           | 5.08e+05    |
-----------------------------------------
-----------------------------------------
| rollout/                |             |
|    ep_len_mean          | 100         |
|    ep_rew_mean          | 5.78e+03    |
| time/                   |             |
|    fps                  | 70          |
|    iterations           | 159         |
|    time_elapsed         | 5779        |
|    total_timesteps      | 407040      |
| train/                  |             |
|    approx_kl            | 0.004602487 |
|    clip_fraction        | 0.00262     |
|    clip_range           | 0.2         |
|    entropy_loss         | -4.21       |
|    explained_variance   | 5.96e-08    |
|    learning_rate        | 0.0003      |
|    loss                 | 2.13e+05    |
|    n_updates            | 1580        |
|    policy_gradient_loss | -0.00401    |
|    value_loss           | 4.84e+05    |
-----------------------------------------
2026-04-19 21:57:37,190 [INFO] DGRL-v8: [AdaptivePenalty] step=409,600 | viol_rate=0.020 (target=0.05) | λ_msd: -269.6 → -268.1
------------------------------------------
| rollout/                |              |
|    ep_len_mean          | 100          |
|    ep_rew_mean          | 5.76e+03     |
| time/                   |              |
|    fps                  | 70           |
|    iterations           | 160          |
|    time_elapsed         | 5812         |
|    total_timesteps      | 409600       |
| train/                  |              |
|    approx_kl            | 0.0030603188 |
|    clip_fraction        | 0.00109      |
|    clip_range           | 0.2          |
|    entropy_loss         | -4.18        |
|    explained_variance   | 0            |
|    learning_rate        | 0.0003       |
|    loss                 | 2.72e+05     |
|    n_updates            | 1590         |
|    policy_gradient_loss | -0.00326     |
|    value_loss           | 4.87e+05     |
------------------------------------------
------------------------------------------
| rollout/                |              |
|    ep_len_mean          | 100          |
|    ep_rew_mean          | 5.71e+03     |
| time/                   |              |
|    fps                  | 70           |
|    iterations           | 161          |
|    time_elapsed         | 5848         |
|    total_timesteps      | 412160       |
| train/                  |              |
|    approx_kl            | 0.0041072564 |
|    clip_fraction        | 0.00418      |
|    clip_range           | 0.2          |
|    entropy_loss         | -4.19        |
|    explained_variance   | 0            |
|    learning_rate        | 0.0003       |
|    loss                 | 2.39e+05     |
|    n_updates            | 1600         |
|    policy_gradient_loss | -0.00379     |
|    value_loss           | 4.56e+05     |
------------------------------------------
------------------------------------------
| rollout/                |              |
|    ep_len_mean          | 100          |
|    ep_rew_mean          | 5.8e+03      |
| time/                   |              |
|    fps                  | 70           |
|    iterations           | 162          |
|    time_elapsed         | 5908         |
|    total_timesteps      | 414720       |
| train/                  |              |
|    approx_kl            | 0.0034909446 |
|    clip_fraction        | 0.000156     |
|    clip_range           | 0.2          |
|    entropy_loss         | -4.21        |
|    explained_variance   | 0            |
|    learning_rate        | 0.0003       |
|    loss                 | 2.43e+05     |
|    n_updates            | 1610         |
|    policy_gradient_loss | -0.00288     |
|    value_loss           | 4.62e+05     |
------------------------------------------
---------------------------------------
| rollout/                |           |
|    ep_len_mean          | 100       |
|    ep_rew_mean          | 5.77e+03  |
| time/                   |           |
|    fps                  | 69        |
|    iterations           | 163       |
|    time_elapsed         | 5971      |
|    total_timesteps      | 417280    |
| train/                  |           |
|    approx_kl            | 0.0035921 |
|    clip_fraction        | 0.005     |
|    clip_range           | 0.2       |
|    entropy_loss         | -4.16     |
|    explained_variance   | 0         |
|    learning_rate        | 0.0003    |
|    loss                 | 2.58e+05  |
|    n_updates            | 1620      |
|    policy_gradient_loss | -0.00367  |
|    value_loss           | 5.4e+05   |
---------------------------------------
-----------------------------------------
| rollout/                |             |
|    ep_len_mean          | 100         |
|    ep_rew_mean          | 5.81e+03    |
| time/                   |             |
|    fps                  | 69          |
|    iterations           | 164         |
|    time_elapsed         | 6026        |
|    total_timesteps      | 419840      |
| train/                  |             |
|    approx_kl            | 0.003790103 |
|    clip_fraction        | 0.0027      |
|    clip_range           | 0.2         |
|    entropy_loss         | -4.21       |
|    explained_variance   | 0           |
|    learning_rate        | 0.0003      |
|    loss                 | 2.33e+05    |
|    n_updates            | 1630        |
|    policy_gradient_loss | -0.00331    |
|    value_loss           | 4.63e+05    |
-----------------------------------------
-----------------------------------------
| rollout/                |             |
|    ep_len_mean          | 100         |
|    ep_rew_mean          | 5.88e+03    |
| time/                   |             |
|    fps                  | 69          |
|    iterations           | 165         |
|    time_elapsed         | 6083        |
|    total_timesteps      | 422400      |
| train/                  |             |
|    approx_kl            | 0.002253943 |
|    clip_fraction        | 0.00227     |
|    clip_range           | 0.2         |
|    entropy_loss         | -4.19       |
|    explained_variance   | 1.19e-07    |
|    learning_rate        | 0.0003      |
|    loss                 | 2.49e+05    |
|    n_updates            | 1640        |
|    policy_gradient_loss | -0.00199    |
|    value_loss           | 4.74e+05    |
-----------------------------------------
-----------------------------------------
| rollout/                |             |
|    ep_len_mean          | 100         |
|    ep_rew_mean          | 5.85e+03    |
| time/                   |             |
|    fps                  | 69          |
|    iterations           | 166         |
|    time_elapsed         | 6136        |
|    total_timesteps      | 424960      |
| train/                  |             |
|    approx_kl            | 0.002315498 |
|    clip_fraction        | 0           |
|    clip_range           | 0.2         |
|    entropy_loss         | -4.2        |
|    explained_variance   | 0           |
|    learning_rate        | 0.0003      |
|    loss                 | 2.7e+05     |
|    n_updates            | 1650        |
|    policy_gradient_loss | -0.00244    |
|    value_loss           | 5.28e+05    |
-----------------------------------------
------------------------------------------
| rollout/                |              |
|    ep_len_mean          | 100          |
|    ep_rew_mean          | 5.78e+03     |
| time/                   |              |
|    fps                  | 69           |
|    iterations           | 167          |
|    time_elapsed         | 6195         |
|    total_timesteps      | 427520       |
| train/                  |              |
|    approx_kl            | 0.0029583664 |
|    clip_fraction        | 0.000625     |
|    clip_range           | 0.2          |
|    entropy_loss         | -4.19        |
|    explained_variance   | 1.19e-07     |
|    learning_rate        | 0.0003       |
|    loss                 | 2.41e+05     |
|    n_updates            | 1660         |
|    policy_gradient_loss | -0.00312     |
|    value_loss           | 4.74e+05     |
------------------------------------------
2026-04-19 22:05:00,176 [INFO] DGRL-v8: [AdaptivePenalty] step=430,080 | viol_rate=0.018 (target=0.05) | λ_msd: -268.1 → -266.5
------------------------------------------
| rollout/                |              |
|    ep_len_mean          | 100          |
|    ep_rew_mean          | 5.86e+03     |
| time/                   |              |
|    fps                  | 68           |
|    iterations           | 168          |
|    time_elapsed         | 6255         |
|    total_timesteps      | 430080       |
| train/                  |              |
|    approx_kl            | 0.0046358057 |
|    clip_fraction        | 0.0105       |
|    clip_range           | 0.2          |
|    entropy_loss         | -4.22        |
|    explained_variance   | 0            |
|    learning_rate        | 0.0003       |
|    loss                 | 2.36e+05     |
|    n_updates            | 1670         |
|    policy_gradient_loss | -0.00432     |
|    value_loss           | 4.75e+05     |
------------------------------------------
------------------------------------------
| rollout/                |              |
|    ep_len_mean          | 100          |
|    ep_rew_mean          | 5.83e+03     |
| time/                   |              |
|    fps                  | 68           |
|    iterations           | 169          |
|    time_elapsed         | 6293         |
|    total_timesteps      | 432640       |
| train/                  |              |
|    approx_kl            | 0.0038012755 |
|    clip_fraction        | 0.00652      |
|    clip_range           | 0.2          |
|    entropy_loss         | -4.18        |
|    explained_variance   | -1.19e-07    |
|    learning_rate        | 0.0003       |
|    loss                 | 2.47e+05     |
|    n_updates            | 1680         |
|    policy_gradient_loss | -0.00367     |
|    value_loss           | 5.17e+05     |
------------------------------------------
-----------------------------------------
| rollout/                |             |
|    ep_len_mean          | 100         |
|    ep_rew_mean          | 5.87e+03    |
| time/                   |             |
|    fps                  | 68          |
|    iterations           | 170         |
|    time_elapsed         | 6330        |
|    total_timesteps      | 435200      |
| train/                  |             |
|    approx_kl            | 0.003318701 |
|    clip_fraction        | 0.00465     |
|    clip_range           | 0.2         |
|    entropy_loss         | -4.18       |
|    explained_variance   | 0           |
|    learning_rate        | 0.0003      |
|    loss                 | 2.36e+05    |
|    n_updates            | 1690        |
|    policy_gradient_loss | -0.00356    |
|    value_loss           | 4.89e+05    |
-----------------------------------------
------------------------------------------
| rollout/                |              |
|    ep_len_mean          | 100          |
|    ep_rew_mean          | 5.92e+03     |
| time/                   |              |
|    fps                  | 68           |
|    iterations           | 171          |
|    time_elapsed         | 6370         |
|    total_timesteps      | 437760       |
| train/                  |              |
|    approx_kl            | 0.0038746789 |
|    clip_fraction        | 0.000391     |
|    clip_range           | 0.2          |
|    entropy_loss         | -4.2         |
|    explained_variance   | 0            |
|    learning_rate        | 0.0003       |
|    loss                 | 2.42e+05     |
|    n_updates            | 1700         |
|    policy_gradient_loss | -0.00319     |
|    value_loss           | 4.85e+05     |
------------------------------------------
------------------------------------------
| rollout/                |              |
|    ep_len_mean          | 100          |
|    ep_rew_mean          | 5.87e+03     |
| time/                   |              |
|    fps                  | 68           |
|    iterations           | 172          |
|    time_elapsed         | 6417         |
|    total_timesteps      | 440320       |
| train/                  |              |
|    approx_kl            | 0.0024319356 |
|    clip_fraction        | 0            |
|    clip_range           | 0.2          |
|    entropy_loss         | -4.19        |
|    explained_variance   | 0            |
|    learning_rate        | 0.0003       |
|    loss                 | 2.61e+05     |
|    n_updates            | 1710         |
|    policy_gradient_loss | -0.00236     |
|    value_loss           | 5.02e+05     |
------------------------------------------
------------------------------------------
| rollout/                |              |
|    ep_len_mean          | 100          |
|    ep_rew_mean          | 5.91e+03     |
| time/                   |              |
|    fps                  | 68           |
|    iterations           | 173          |
|    time_elapsed         | 6470         |
|    total_timesteps      | 442880       |
| train/                  |              |
|    approx_kl            | 0.0061017275 |
|    clip_fraction        | 0.0117       |
|    clip_range           | 0.2          |
|    entropy_loss         | -4.2         |
|    explained_variance   | 0            |
|    learning_rate        | 0.0003       |
|    loss                 | 2.18e+05     |
|    n_updates            | 1720         |
|    policy_gradient_loss | -0.00654     |
|    value_loss           | 4.82e+05     |
------------------------------------------
------------------------------------------
| rollout/                |              |
|    ep_len_mean          | 100          |
|    ep_rew_mean          | 5.95e+03     |
| time/                   |              |
|    fps                  | 68           |
|    iterations           | 174          |
|    time_elapsed         | 6540         |
|    total_timesteps      | 445440       |
| train/                  |              |
|    approx_kl            | 0.0031090751 |
|    clip_fraction        | 0.000625     |
|    clip_range           | 0.2          |
|    entropy_loss         | -4.17        |
|    explained_variance   | 0            |
|    learning_rate        | 0.0003       |
|    loss                 | 2.8e+05      |
|    n_updates            | 1730         |
|    policy_gradient_loss | -0.00291     |
|    value_loss           | 5.21e+05     |
------------------------------------------
/usr/lib64/python3.14/multiprocessing/resource_tracker.py:396: UserWarning: resource_tracker: There appear to be 1 leaked semaphore objects to clean up at shutdown: {'/mp-w9emqhf6'}
  warnings.warn(
