/home/hung8uandj/.local/lib/python3.14/site-packages/stable_baselines3/common/policies.py:486: UserWarning: As shared layers in the mlp_extractor are removed since SB3 v1.8.0, you should now pass directly a dictionary and not a list (net_arch=dict(pi=..., vf=...) instead of net_arch=[dict(pi=..., vf=...)])
  warnings.warn(
============================================================
  JO-VDPR PPO Agent v2 — Hardware-Aware DRL Training
============================================================
[JOVDPREnv] ✅ Loaded 50000 rows từ: real_telecom_combined.csv

[1/4] Kiểm tra environment...
[JOVDPREnv] ✅ Loaded 50000 rows từ: real_telecom_combined.csv
⚠️ [DDoS/Spike t=0] cpu=30.0, msd=3
⚠️ [DDoS/Spike t=0] cpu=30.0, msd=3
✅ Environment OK!

[JOVDPREnv] ✅ Loaded 50000 rows từ: real_telecom_combined.csv
[2/4] Khởi tạo model...
⚡ v1 model tìm thấy nhưng obs space thay đổi (15→18) → train từ đầu với env v2
🆕 Training from scratch với PPO v2 hyperparameters (env v2 incompatible with v1)...
Using cpu device
Wrapping the env in a DummyVecEnv.
[3/4] Bắt đầu train 500,000 timesteps...
      Dataset: 50,000 rows
      Episode length: 100 steps

Logging to ./ppo_logs_v2/PPO_JO_VDPR_v2_2
⚠️ [DDoS/Spike t=0] cpu=30.0, msd=3
⚠️ [DDoS/Spike t=0] cpu=30.0, msd=3
⚠️ [DDoS/Spike t=0] cpu=30.0, msd=3
⚠️ [DDoS/Spike t=0] cpu=30.0, msd=3
⚠️ [DDoS/Spike t=0] cpu=30.0, msd=3
⚠️ [DDoS/Spike t=0] cpu=30.0, msd=3
⚠️ [DDoS/Spike t=0] cpu=30.0, msd=3
⚠️ [DDoS/Spike t=0] cpu=30.0, msd=3
⚠️ [DDoS/Spike t=0] cpu=30.0, msd=3
⚠️ [DDoS/Spike t=0] cpu=30.0, msd=3
⚠️ [DDoS/Spike t=0] cpu=30.0, msd=3
⚠️ [DDoS/Spike t=0] cpu=30.0, msd=3
⚠️ [DDoS/Spike t=0] cpu=30.0, msd=3
⚠️ [DDoS/Spike t=0] cpu=30.0, msd=3
⚠️ [DDoS/Spike t=0] cpu=30.0, msd=3
⚠️ [DDoS/Spike t=0] cpu=30.0, msd=3
⚠️ [DDoS/Spike t=0] cpu=30.0, msd=3
⚠️ [DDoS/Spike t=0] cpu=30.0, msd=3
⚠️ [DDoS/Spike t=0] cpu=30.0, msd=3
⚠️ [DDoS/Spike t=0] cpu=30.0, msd=3
⚠️ [DDoS/Spike t=0] cpu=30.0, msd=3
----------------------------------
| rollout/           |           |
|    ep_len_mean     | 100       |
|    ep_rew_mean     | -6.21e+03 |
| time/              |           |
|    fps             | 278       |
|    iterations      | 1         |
|    time_elapsed    | 7         |
|    total_timesteps | 2048      |
----------------------------------
⚠️ [DDoS/Spike t=0] cpu=30.0, msd=3
⚠️ [DDoS/Spike t=0] cpu=30.0, msd=3
⚠️ [DDoS/Spike t=0] cpu=30.0, msd=3
⚠️ [DDoS/Spike t=0] cpu=30.0, msd=3
⚠️ [DDoS/Spike t=0] cpu=30.0, msd=3
⚠️ [DDoS/Spike t=0] cpu=30.0, msd=3
⚠️ [DDoS/Spike t=0] cpu=30.0, msd=3
⚠️ [DDoS/Spike t=0] cpu=30.0, msd=3
⚠️ [DDoS/Spike t=0] cpu=30.0, msd=3
⚠️ [DDoS/Spike t=0] cpu=30.0, msd=3
⚠️ [DDoS/Spike t=0] cpu=30.0, msd=3
⚠️ [DDoS/Spike t=0] cpu=30.0, msd=3
⚠️ [DDoS/Spike t=0] cpu=30.0, msd=3
⚠️ [DDoS/Spike t=0] cpu=30.0, msd=3
⚠️ [DDoS/Spike t=0] cpu=30.0, msd=3
⚠️ [DDoS/Spike t=0] cpu=30.0, msd=3
⚠️ [DDoS/Spike t=0] cpu=30.0, msd=3
⚠️ [DDoS/Spike t=0] cpu=30.0, msd=3
⚠️ [DDoS/Spike t=0] cpu=30.0, msd=3
⚠️ [DDoS/Spike t=0] cpu=30.0, msd=3
------------------------------------------
| rollout/                |              |
|    ep_len_mean          | 100          |
|    ep_rew_mean          | -6.07e+03    |
| time/                   |              |
|    fps                  | 206          |
|    iterations           | 2            |
|    time_elapsed         | 19           |
|    total_timesteps      | 4096         |
| train/                  |              |
|    approx_kl            | 0.0004428401 |
|    clip_fraction        | 0            |
|    clip_range           | 0.2          |
|    entropy_loss         | -3.22        |
|    explained_variance   | 1.54e-05     |
|    learning_rate        | 0.0003       |
|    loss                 | 5.76e+05     |
|    n_updates            | 10           |
|    policy_gradient_loss | -0.00284     |
|    value_loss           | 1.19e+06     |
------------------------------------------
⚠️ [DDoS/Spike t=0] cpu=30.0, msd=3
⚠️ [DDoS/Spike t=0] cpu=30.0, msd=3
⚠️ [DDoS/Spike t=0] cpu=30.0, msd=3
⚠️ [DDoS/Spike t=0] cpu=30.0, msd=3
⚠️ [DDoS/Spike t=0] cpu=30.0, msd=3
⚠️ [DDoS/Spike t=0] cpu=30.0, msd=3
⚠️ [DDoS/Spike t=0] cpu=30.0, msd=3
⚠️ [DDoS/Spike t=0] cpu=30.0, msd=3
⚠️ [DDoS/Spike t=0] cpu=30.0, msd=3
⚠️ [DDoS/Spike t=0] cpu=30.0, msd=3
⚠️ [DDoS/Spike t=0] cpu=30.0, msd=3
⚠️ [DDoS/Spike t=0] cpu=30.0, msd=3
⚠️ [DDoS/Spike t=0] cpu=30.0, msd=3
⚠️ [DDoS/Spike t=0] cpu=30.0, msd=3
⚠️ [DDoS/Spike t=0] cpu=30.0, msd=3
⚠️ [DDoS/Spike t=0] cpu=30.0, msd=3
⚠️ [DDoS/Spike t=0] cpu=30.0, msd=3
⚠️ [DDoS/Spike t=0] cpu=30.0, msd=3
⚠️ [DDoS/Spike t=0] cpu=30.0, msd=3
⚠️ [DDoS/Spike t=0] cpu=30.0, msd=3
⚠️ [DDoS/Spike t=0] cpu=30.0, msd=3
-------------------------------------------
| rollout/                |               |
|    ep_len_mean          | 100           |
|    ep_rew_mean          | -6.11e+03     |
| time/                   |               |
|    fps                  | 194           |
|    iterations           | 3             |
|    time_elapsed         | 31            |
|    total_timesteps      | 6144          |
| train/                  |               |
|    approx_kl            | 0.00012323834 |
|    clip_fraction        | 0             |
|    clip_range           | 0.2           |
|    entropy_loss         | -3.22         |
|    explained_variance   | 0.000354      |
|    learning_rate        | 0.0003        |
|    loss                 | 5.78e+05      |
|    n_updates            | 20            |
|    policy_gradient_loss | -0.00083      |
|    value_loss           | 1.13e+06      |
-------------------------------------------
⚠️ [DDoS/Spike t=0] cpu=30.0, msd=3
⚠️ [DDoS/Spike t=0] cpu=30.0, msd=3
⚠️ [DDoS/Spike t=0] cpu=30.0, msd=3
⚠️ [DDoS/Spike t=0] cpu=30.0, msd=3
⚠️ [DDoS/Spike t=0] cpu=30.0, msd=3
⚠️ [DDoS/Spike t=0] cpu=30.0, msd=3
⚠️ [DDoS/Spike t=0] cpu=30.0, msd=3
⚠️ [DDoS/Spike t=0] cpu=30.0, msd=3
⚠️ [DDoS/Spike t=0] cpu=30.0, msd=3
⚠️ [DDoS/Spike t=0] cpu=30.0, msd=3
⚠️ [DDoS/Spike t=0] cpu=30.0, msd=3
⚠️ [DDoS/Spike t=0] cpu=30.0, msd=3
⚠️ [DDoS/Spike t=0] cpu=30.0, msd=3
⚠️ [DDoS/Spike t=0] cpu=30.0, msd=3
⚠️ [DDoS/Spike t=0] cpu=30.0, msd=3
⚠️ [DDoS/Spike t=0] cpu=30.0, msd=3
⚠️ [DDoS/Spike t=0] cpu=30.0, msd=3
⚠️ [DDoS/Spike t=0] cpu=30.0, msd=3
⚠️ [DDoS/Spike t=0] cpu=30.0, msd=3
⚠️ [DDoS/Spike t=0] cpu=30.0, msd=3
------------------------------------------
| rollout/                |              |
|    ep_len_mean          | 100          |
|    ep_rew_mean          | -6.13e+03    |
| time/                   |              |
|    fps                  | 189          |
|    iterations           | 4            |
|    time_elapsed         | 43           |
|    total_timesteps      | 8192         |
| train/                  |              |
|    approx_kl            | 0.0002042893 |
|    clip_fraction        | 0            |
|    clip_range           | 0.2          |
|    entropy_loss         | -3.22        |
|    explained_variance   | 1.55e-06     |
|    learning_rate        | 0.0003       |
|    loss                 | 4.9e+05      |
|    n_updates            | 30           |
|    policy_gradient_loss | -0.00129     |
|    value_loss           | 1.25e+06     |
------------------------------------------
⚠️ [DDoS/Spike t=0] cpu=30.0, msd=3
⚠️ [DDoS/Spike t=0] cpu=30.0, msd=3
⚠️ [DDoS/Spike t=0] cpu=30.0, msd=3
⚠️ [DDoS/Spike t=0] cpu=30.0, msd=3
⚠️ [DDoS/Spike t=0] cpu=30.0, msd=3
⚠️ [DDoS/Spike t=0] cpu=30.0, msd=3
⚠️ [DDoS/Spike t=0] cpu=30.0, msd=3
⚠️ [DDoS/Spike t=0] cpu=30.0, msd=3
⚠️ [DDoS/Spike t=0] cpu=30.0, msd=3
⚠️ [DDoS/Spike t=0] cpu=30.0, msd=3
⚠️ [DDoS/Spike t=0] cpu=30.0, msd=3
⚠️ [DDoS/Spike t=0] cpu=30.0, msd=3
⚠️ [DDoS/Spike t=0] cpu=30.0, msd=3
⚠️ [DDoS/Spike t=0] cpu=30.0, msd=3
⚠️ [DDoS/Spike t=0] cpu=30.0, msd=3
⚠️ [DDoS/Spike t=0] cpu=30.0, msd=3
⚠️ [DDoS/Spike t=0] cpu=30.0, msd=3
⚠️ [DDoS/Spike t=0] cpu=30.0, msd=3
⚠️ [DDoS/Spike t=0] cpu=30.0, msd=3
⚠️ [DDoS/Spike t=0] cpu=30.0, msd=3
⚠️ [DDoS/Spike t=0] cpu=30.0, msd=3
⚠️ [DDoS/Spike t=0] cpu=30.0, msd=3
⚠️ [DDoS/Spike t=0] cpu=30.0, msd=3
⚠️ [DDoS/Spike t=0] cpu=30.0, msd=3
⚠️ [DDoS/Spike t=0] cpu=30.0, msd=3
⚠️ [DDoS/Spike t=0] cpu=30.0, msd=3
⚠️ [DDoS/Spike t=0] cpu=30.0, msd=3
⚠️ [DDoS/Spike t=0] cpu=30.0, msd=3
⚠️ [DDoS/Spike t=0] cpu=30.0, msd=3
⚠️ [DDoS/Spike t=0] cpu=30.0, msd=3
⚠️ [DDoS/Spike t=0] cpu=30.0, msd=3
⚠️ [DDoS/Spike t=0] cpu=30.0, msd=3
⚠️ [DDoS/Spike t=0] cpu=30.0, msd=3
⚠️ [DDoS/Spike t=0] cpu=30.0, msd=3
⚠️ [DDoS/Spike t=0] cpu=30.0, msd=3
⚠️ [DDoS/Spike t=0] cpu=30.0, msd=3
⚠️ [DDoS/Spike t=0] cpu=30.0, msd=3
⚠️ [DDoS/Spike t=0] cpu=30.0, msd=3
Eval num_timesteps=10000, episode_reward=-9465.06 +/- 515.30
Episode length: 100.00 +/- 0.00
-------------------------------------------
| eval/                   |               |
|    mean_ep_length       | 100           |
|    mean_reward          | -9.47e+03     |
| time/                   |               |
|    total_timesteps      | 10000         |
| train/                  |               |
|    approx_kl            | 0.00023029151 |
|    clip_fraction        | 0             |
|    clip_range           | 0.2           |
|    entropy_loss         | -3.22         |
|    explained_variance   | -1.16e-05     |
|    learning_rate        | 0.0003        |
|    loss                 | 6.12e+05      |
|    n_updates            | 40            |
|    policy_gradient_loss | -0.00134      |
|    value_loss           | 1.12e+06      |
-------------------------------------------
New best mean reward!
⚠️ [DDoS/Spike t=0] cpu=30.0, msd=3
⚠️ [DDoS/Spike t=0] cpu=30.0, msd=3
⚠️ [DDoS/Spike t=0] cpu=30.0, msd=3
----------------------------------
| rollout/           |           |
|    ep_len_mean     | 100       |
|    ep_rew_mean     | -6.07e+03 |
| time/              |           |
|    fps             | 174       |
|    iterations      | 5         |
|    time_elapsed    | 58        |
|    total_timesteps | 10240     |
----------------------------------
⚠️ [DDoS/Spike t=0] cpu=30.0, msd=3
⚠️ [DDoS/Spike t=0] cpu=30.0, msd=3
⚠️ [DDoS/Spike t=0] cpu=30.0, msd=3
⚠️ [DDoS/Spike t=0] cpu=30.0, msd=3
⚠️ [DDoS/Spike t=0] cpu=30.0, msd=3
⚠️ [DDoS/Spike t=0] cpu=30.0, msd=3
⚠️ [DDoS/Spike t=0] cpu=30.0, msd=3
⚠️ [DDoS/Spike t=0] cpu=30.0, msd=3
⚠️ [DDoS/Spike t=0] cpu=30.0, msd=3
⚠️ [DDoS/Spike t=0] cpu=30.0, msd=3
⚠️ [DDoS/Spike t=0] cpu=30.0, msd=3
⚠️ [DDoS/Spike t=0] cpu=30.0, msd=3
⚠️ [DDoS/Spike t=0] cpu=30.0, msd=3
⚠️ [DDoS/Spike t=0] cpu=30.0, msd=3
⚠️ [DDoS/Spike t=0] cpu=30.0, msd=3
⚠️ [DDoS/Spike t=0] cpu=30.0, msd=3
⚠️ [DDoS/Spike t=0] cpu=30.0, msd=3
⚠️ [DDoS/Spike t=0] cpu=30.0, msd=3
⚠️ [DDoS/Spike t=0] cpu=30.0, msd=3
⚠️ [DDoS/Spike t=0] cpu=30.0, msd=3
-------------------------------------------
| rollout/                |               |
|    ep_len_mean          | 100           |
|    ep_rew_mean          | -5.91e+03     |
| time/                   |               |
|    fps                  | 171           |
|    iterations           | 6             |
|    time_elapsed         | 71            |
|    total_timesteps      | 12288         |
| train/                  |               |
|    approx_kl            | 0.00013359915 |
|    clip_fraction        | 0             |
|    clip_range           | 0.2           |
|    entropy_loss         | -3.22         |
|    explained_variance   | -2.79e-05     |
|    learning_rate        | 0.0003        |
|    loss                 | 6.67e+05      |
|    n_updates            | 50            |
|    policy_gradient_loss | -0.000874     |
|    value_loss           | 1.08e+06      |
-------------------------------------------
⚠️ [DDoS/Spike t=0] cpu=30.0, msd=3
⚠️ [DDoS/Spike t=0] cpu=30.0, msd=3
⚠️ [DDoS/Spike t=0] cpu=30.0, msd=3
⚠️ [DDoS/Spike t=0] cpu=30.0, msd=3
⚠️ [DDoS/Spike t=0] cpu=30.0, msd=3
⚠️ [DDoS/Spike t=0] cpu=30.0, msd=3
⚠️ [DDoS/Spike t=0] cpu=30.0, msd=3
⚠️ [DDoS/Spike t=0] cpu=30.0, msd=3
⚠️ [DDoS/Spike t=0] cpu=30.0, msd=3
⚠️ [DDoS/Spike t=0] cpu=30.0, msd=3
⚠️ [DDoS/Spike t=0] cpu=30.0, msd=3
⚠️ [DDoS/Spike t=0] cpu=30.0, msd=3
⚠️ [DDoS/Spike t=0] cpu=30.0, msd=3
⚠️ [DDoS/Spike t=0] cpu=30.0, msd=3
⚠️ [DDoS/Spike t=0] cpu=30.0, msd=3
⚠️ [DDoS/Spike t=0] cpu=30.0, msd=3
⚠️ [DDoS/Spike t=0] cpu=30.0, msd=3
⚠️ [DDoS/Spike t=0] cpu=30.0, msd=3
⚠️ [DDoS/Spike t=0] cpu=30.0, msd=3
⚠️ [DDoS/Spike t=0] cpu=30.0, msd=3
⚠️ [DDoS/Spike t=0] cpu=30.0, msd=3
-------------------------------------------
| rollout/                |               |
|    ep_len_mean          | 100           |
|    ep_rew_mean          | -5.96e+03     |
| time/                   |               |
|    fps                  | 171           |
|    iterations           | 7             |
|    time_elapsed         | 83            |
|    total_timesteps      | 14336         |
| train/                  |               |
|    approx_kl            | 0.00047983395 |
|    clip_fraction        | 0             |
|    clip_range           | 0.2           |
|    entropy_loss         | -3.22         |
|    explained_variance   | -1.74e-05     |
|    learning_rate        | 0.0003        |
|    loss                 | 5.17e+05      |
|    n_updates            | 60            |
|    policy_gradient_loss | -0.00248      |
|    value_loss           | 9.51e+05      |
-------------------------------------------
⚠️ [DDoS/Spike t=0] cpu=30.0, msd=3
⚠️ [DDoS/Spike t=0] cpu=30.0, msd=3
⚠️ [DDoS/Spike t=0] cpu=30.0, msd=3
⚠️ [DDoS/Spike t=0] cpu=30.0, msd=3
⚠️ [DDoS/Spike t=0] cpu=30.0, msd=3
⚠️ [DDoS/Spike t=0] cpu=30.0, msd=3
⚠️ [DDoS/Spike t=0] cpu=30.0, msd=3
⚠️ [DDoS/Spike t=0] cpu=30.0, msd=3
⚠️ [DDoS/Spike t=0] cpu=30.0, msd=3
⚠️ [DDoS/Spike t=0] cpu=30.0, msd=3
⚠️ [DDoS/Spike t=0] cpu=30.0, msd=3
⚠️ [DDoS/Spike t=0] cpu=30.0, msd=3
⚠️ [DDoS/Spike t=0] cpu=30.0, msd=3
⚠️ [DDoS/Spike t=0] cpu=30.0, msd=3
⚠️ [DDoS/Spike t=0] cpu=30.0, msd=3
⚠️ [DDoS/Spike t=0] cpu=30.0, msd=3
⚠️ [DDoS/Spike t=0] cpu=30.0, msd=3
⚠️ [DDoS/Spike t=0] cpu=30.0, msd=3
⚠️ [DDoS/Spike t=0] cpu=30.0, msd=3
⚠️ [DDoS/Spike t=0] cpu=30.0, msd=3
-------------------------------------------
| rollout/                |               |
|    ep_len_mean          | 100           |
|    ep_rew_mean          | -5.86e+03     |
| time/                   |               |
|    fps                  | 174           |
|    iterations           | 8             |
|    time_elapsed         | 93            |
|    total_timesteps      | 16384         |
| train/                  |               |
|    approx_kl            | 0.00019995798 |
|    clip_fraction        | 0             |
|    clip_range           | 0.2           |
|    entropy_loss         | -3.22         |
|    explained_variance   | -4.77e-06     |
|    learning_rate        | 0.0003        |
|    loss                 | 6.8e+05       |
|    n_updates            | 70            |
|    policy_gradient_loss | -0.0011       |
|    value_loss           | 1.24e+06      |
-------------------------------------------
⚠️ [DDoS/Spike t=0] cpu=30.0, msd=3
⚠️ [DDoS/Spike t=0] cpu=30.0, msd=3
⚠️ [DDoS/Spike t=0] cpu=30.0, msd=3
⚠️ [DDoS/Spike t=0] cpu=30.0, msd=3
⚠️ [DDoS/Spike t=0] cpu=30.0, msd=3
⚠️ [DDoS/Spike t=0] cpu=30.0, msd=3
⚠️ [DDoS/Spike t=0] cpu=30.0, msd=3
⚠️ [DDoS/Spike t=0] cpu=30.0, msd=3
⚠️ [DDoS/Spike t=0] cpu=30.0, msd=3
⚠️ [DDoS/Spike t=0] cpu=30.0, msd=3
⚠️ [DDoS/Spike t=0] cpu=30.0, msd=3
⚠️ [DDoS/Spike t=0] cpu=30.0, msd=3
⚠️ [DDoS/Spike t=0] cpu=30.0, msd=3
⚠️ [DDoS/Spike t=0] cpu=30.0, msd=3
⚠️ [DDoS/Spike t=0] cpu=30.0, msd=3
⚠️ [DDoS/Spike t=0] cpu=30.0, msd=3
⚠️ [DDoS/Spike t=0] cpu=30.0, msd=3
⚠️ [DDoS/Spike t=0] cpu=30.0, msd=3
⚠️ [DDoS/Spike t=0] cpu=30.0, msd=3
⚠️ [DDoS/Spike t=0] cpu=30.0, msd=3
⚠️ [DDoS/Spike t=0] cpu=30.0, msd=3
-------------------------------------------
| rollout/                |               |
|    ep_len_mean          | 100           |
|    ep_rew_mean          | -5.78e+03     |
| time/                   |               |
|    fps                  | 177           |
|    iterations           | 9             |
|    time_elapsed         | 104           |
|    total_timesteps      | 18432         |
| train/                  |               |
|    approx_kl            | 0.00021371801 |
|    clip_fraction        | 0             |
|    clip_range           | 0.2           |
|    entropy_loss         | -3.22         |
|    explained_variance   | -1.12e-05     |
|    learning_rate        | 0.0003        |
|    loss                 | 4.51e+05      |
|    n_updates            | 80            |
|    policy_gradient_loss | -0.0014       |
|    value_loss           | 1.02e+06      |
-------------------------------------------
⚠️ [DDoS/Spike t=0] cpu=30.0, msd=3
⚠️ [DDoS/Spike t=0] cpu=30.0, msd=3
⚠️ [DDoS/Spike t=0] cpu=30.0, msd=3
⚠️ [DDoS/Spike t=0] cpu=30.0, msd=3
⚠️ [DDoS/Spike t=0] cpu=30.0, msd=3
⚠️ [DDoS/Spike t=0] cpu=30.0, msd=3
⚠️ [DDoS/Spike t=0] cpu=30.0, msd=3
⚠️ [DDoS/Spike t=0] cpu=30.0, msd=3
⚠️ [DDoS/Spike t=0] cpu=30.0, msd=3
⚠️ [DDoS/Spike t=0] cpu=30.0, msd=3
⚠️ [DDoS/Spike t=0] cpu=30.0, msd=3
⚠️ [DDoS/Spike t=0] cpu=30.0, msd=3
⚠️ [DDoS/Spike t=0] cpu=30.0, msd=3
⚠️ [DDoS/Spike t=0] cpu=30.0, msd=3
⚠️ [DDoS/Spike t=0] cpu=30.0, msd=3
⚠️ [DDoS/Spike t=0] cpu=30.0, msd=3
⚠️ [DDoS/Spike t=0] cpu=30.0, msd=3
⚠️ [DDoS/Spike t=0] cpu=30.0, msd=3
⚠️ [DDoS/Spike t=0] cpu=30.0, msd=3
⚠️ [DDoS/Spike t=0] cpu=30.0, msd=3
⚠️ [DDoS/Spike t=0] cpu=30.0, msd=3
⚠️ [DDoS/Spike t=0] cpu=30.0, msd=3
⚠️ [DDoS/Spike t=0] cpu=30.0, msd=3
⚠️ [DDoS/Spike t=0] cpu=30.0, msd=3
⚠️ [DDoS/Spike t=0] cpu=30.0, msd=3
⚠️ [DDoS/Spike t=0] cpu=30.0, msd=3
⚠️ [DDoS/Spike t=0] cpu=30.0, msd=3
⚠️ [DDoS/Spike t=0] cpu=30.0, msd=3
⚠️ [DDoS/Spike t=0] cpu=30.0, msd=3
⚠️ [DDoS/Spike t=0] cpu=30.0, msd=3
⚠️ [DDoS/Spike t=0] cpu=30.0, msd=3
⚠️ [DDoS/Spike t=0] cpu=30.0, msd=3
⚠️ [DDoS/Spike t=0] cpu=30.0, msd=3
⚠️ [DDoS/Spike t=0] cpu=30.0, msd=3
⚠️ [DDoS/Spike t=0] cpu=30.0, msd=3
Eval num_timesteps=20000, episode_reward=-4663.01 +/- 852.38
Episode length: 100.00 +/- 0.00
-------------------------------------------
| eval/                   |               |
|    mean_ep_length       | 100           |
|    mean_reward          | -4.66e+03     |
| time/                   |               |
|    total_timesteps      | 20000         |
| train/                  |               |
|    approx_kl            | 0.00044755565 |
|    clip_fraction        | 0             |
|    clip_range           | 0.2           |
|    entropy_loss         | -3.22         |
|    explained_variance   | -3.93e-06     |
|    learning_rate        | 0.0003        |
|    loss                 | 5.77e+05      |
|    n_updates            | 90            |
|    policy_gradient_loss | -0.00219      |
|    value_loss           | 1.05e+06      |
-------------------------------------------
New best mean reward!
⚠️ [DDoS/Spike t=0] cpu=30.0, msd=3
⚠️ [DDoS/Spike t=0] cpu=30.0, msd=3
⚠️ [DDoS/Spike t=0] cpu=30.0, msd=3
⚠️ [DDoS/Spike t=0] cpu=30.0, msd=3
⚠️ [DDoS/Spike t=0] cpu=30.0, msd=3
----------------------------------
| rollout/           |           |
|    ep_len_mean     | 100       |
|    ep_rew_mean     | -5.82e+03 |
| time/              |           |
|    fps             | 172       |
|    iterations      | 10        |
|    time_elapsed    | 118       |
|    total_timesteps | 20480     |
----------------------------------
⚠️ [DDoS/Spike t=0] cpu=30.0, msd=3
⚠️ [DDoS/Spike t=0] cpu=30.0, msd=3
⚠️ [DDoS/Spike t=0] cpu=30.0, msd=3
⚠️ [DDoS/Spike t=0] cpu=30.0, msd=3
⚠️ [DDoS/Spike t=0] cpu=30.0, msd=3
⚠️ [DDoS/Spike t=0] cpu=30.0, msd=3
⚠️ [DDoS/Spike t=0] cpu=30.0, msd=3
⚠️ [DDoS/Spike t=0] cpu=30.0, msd=3
⚠️ [DDoS/Spike t=0] cpu=30.0, msd=3
⚠️ [DDoS/Spike t=0] cpu=30.0, msd=3
⚠️ [DDoS/Spike t=0] cpu=30.0, msd=3
⚠️ [DDoS/Spike t=0] cpu=30.0, msd=3
⚠️ [DDoS/Spike t=0] cpu=30.0, msd=3
⚠️ [DDoS/Spike t=0] cpu=30.0, msd=3
⚠️ [DDoS/Spike t=0] cpu=30.0, msd=3
⚠️ [DDoS/Spike t=0] cpu=30.0, msd=3
⚠️ [DDoS/Spike t=0] cpu=30.0, msd=3
⚠️ [DDoS/Spike t=0] cpu=30.0, msd=3
⚠️ [DDoS/Spike t=0] cpu=30.0, msd=3
⚠️ [DDoS/Spike t=0] cpu=30.0, msd=3
⚠️ [DDoS/Spike t=0] cpu=30.0, msd=3
-------------------------------------------
| rollout/                |               |
|    ep_len_mean          | 100           |
|    ep_rew_mean          | -5.88e+03     |
| time/                   |               |
|    fps                  | 172           |
|    iterations           | 11            |
|    time_elapsed         | 130           |
|    total_timesteps      | 22528         |
| train/                  |               |
|    approx_kl            | 0.00010362637 |
|    clip_fraction        | 0             |
|    clip_range           | 0.2           |
|    entropy_loss         | -3.22         |
|    explained_variance   | -7.63e-06     |
|    learning_rate        | 0.0003        |
|    loss                 | 5.48e+05      |
|    n_updates            | 100           |
|    policy_gradient_loss | -0.00088      |
|    value_loss           | 1.08e+06      |
-------------------------------------------
⚠️ [DDoS/Spike t=0] cpu=30.0, msd=3
⚠️ [DDoS/Spike t=0] cpu=30.0, msd=3
⚠️ [DDoS/Spike t=0] cpu=30.0, msd=3
⚠️ [DDoS/Spike t=0] cpu=30.0, msd=3
⚠️ [DDoS/Spike t=0] cpu=30.0, msd=3
⚠️ [DDoS/Spike t=0] cpu=30.0, msd=3
⚠️ [DDoS/Spike t=0] cpu=30.0, msd=3
⚠️ [DDoS/Spike t=0] cpu=30.0, msd=3
⚠️ [DDoS/Spike t=0] cpu=30.0, msd=3
⚠️ [DDoS/Spike t=0] cpu=30.0, msd=3
⚠️ [DDoS/Spike t=0] cpu=30.0, msd=3
⚠️ [DDoS/Spike t=0] cpu=30.0, msd=3
⚠️ [DDoS/Spike t=0] cpu=30.0, msd=3
⚠️ [DDoS/Spike t=0] cpu=30.0, msd=3
⚠️ [DDoS/Spike t=0] cpu=30.0, msd=3
⚠️ [DDoS/Spike t=0] cpu=30.0, msd=3
⚠️ [DDoS/Spike t=0] cpu=30.0, msd=3
⚠️ [DDoS/Spike t=0] cpu=30.0, msd=3
⚠️ [DDoS/Spike t=0] cpu=30.0, msd=3
⚠️ [DDoS/Spike t=0] cpu=30.0, msd=3
--------------------------------------------
| rollout/                |                |
|    ep_len_mean          | 100            |
|    ep_rew_mean          | -5.78e+03      |
| time/                   |                |
|    fps                  | 175            |
|    iterations           | 12             |
|    time_elapsed         | 140            |
|    total_timesteps      | 24576          |
| train/                  |                |
|    approx_kl            | 0.000120325276 |
|    clip_fraction        | 0              |
|    clip_range           | 0.2            |
|    entropy_loss         | -3.22          |
|    explained_variance   | -6.32e-06      |
|    learning_rate        | 0.0003         |
|    loss                 | 3.47e+05       |
|    n_updates            | 110            |
|    policy_gradient_loss | -0.000939      |
|    value_loss           | 9.56e+05       |
--------------------------------------------
⚠️ [DDoS/Spike t=0] cpu=30.0, msd=3
⚠️ [DDoS/Spike t=0] cpu=30.0, msd=3
⚠️ [DDoS/Spike t=0] cpu=30.0, msd=3
⚠️ [DDoS/Spike t=0] cpu=30.0, msd=3
⚠️ [DDoS/Spike t=0] cpu=30.0, msd=3
⚠️ [DDoS/Spike t=0] cpu=30.0, msd=3
⚠️ [DDoS/Spike t=0] cpu=30.0, msd=3
⚠️ [DDoS/Spike t=0] cpu=30.0, msd=3
⚠️ [DDoS/Spike t=0] cpu=30.0, msd=3
⚠️ [DDoS/Spike t=0] cpu=30.0, msd=3
⚠️ [DDoS/Spike t=0] cpu=30.0, msd=3
⚠️ [DDoS/Spike t=0] cpu=30.0, msd=3
⚠️ [DDoS/Spike t=0] cpu=30.0, msd=3
⚠️ [DDoS/Spike t=0] cpu=30.0, msd=3
⚠️ [DDoS/Spike t=0] cpu=30.0, msd=3
⚠️ [DDoS/Spike t=0] cpu=30.0, msd=3
⚠️ [DDoS/Spike t=0] cpu=30.0, msd=3
⚠️ [DDoS/Spike t=0] cpu=30.0, msd=3
⚠️ [DDoS/Spike t=0] cpu=30.0, msd=3
⚠️ [DDoS/Spike t=0] cpu=30.0, msd=3
⚠️ [DDoS/Spike t=0] cpu=30.0, msd=3
------------------------------------------
| rollout/                |              |
|    ep_len_mean          | 100          |
|    ep_rew_mean          | -5.74e+03    |
| time/                   |              |
|    fps                  | 179          |
|    iterations           | 13           |
|    time_elapsed         | 148          |
|    total_timesteps      | 26624        |
| train/                  |              |
|    approx_kl            | 0.0005602583 |
|    clip_fraction        | 0            |
|    clip_range           | 0.2          |
|    entropy_loss         | -3.22        |
|    explained_variance   | -3.46e-06    |
|    learning_rate        | 0.0003       |
|    loss                 | 4.35e+05     |
|    n_updates            | 120          |
|    policy_gradient_loss | -0.00253     |
|    value_loss           | 1.01e+06     |
------------------------------------------
⚠️ [DDoS/Spike t=0] cpu=30.0, msd=3
⚠️ [DDoS/Spike t=0] cpu=30.0, msd=3
⚠️ [DDoS/Spike t=0] cpu=30.0, msd=3
⚠️ [DDoS/Spike t=0] cpu=30.0, msd=3
⚠️ [DDoS/Spike t=0] cpu=30.0, msd=3
⚠️ [DDoS/Spike t=0] cpu=30.0, msd=3
⚠️ [DDoS/Spike t=0] cpu=30.0, msd=3
⚠️ [DDoS/Spike t=0] cpu=30.0, msd=3
⚠️ [DDoS/Spike t=0] cpu=30.0, msd=3
⚠️ [DDoS/Spike t=0] cpu=30.0, msd=3
⚠️ [DDoS/Spike t=0] cpu=30.0, msd=3
⚠️ [DDoS/Spike t=0] cpu=30.0, msd=3
⚠️ [DDoS/Spike t=0] cpu=30.0, msd=3
⚠️ [DDoS/Spike t=0] cpu=30.0, msd=3
⚠️ [DDoS/Spike t=0] cpu=30.0, msd=3
⚠️ [DDoS/Spike t=0] cpu=30.0, msd=3
⚠️ [DDoS/Spike t=0] cpu=30.0, msd=3
⚠️ [DDoS/Spike t=0] cpu=30.0, msd=3
⚠️ [DDoS/Spike t=0] cpu=30.0, msd=3
⚠️ [DDoS/Spike t=0] cpu=30.0, msd=3
-------------------------------------------
| rollout/                |               |
|    ep_len_mean          | 100           |
|    ep_rew_mean          | -5.72e+03     |
| time/                   |               |
|    fps                  | 181           |
|    iterations           | 14            |
|    time_elapsed         | 158           |
|    total_timesteps      | 28672         |
| train/                  |               |
|    approx_kl            | 0.00057110644 |
|    clip_fraction        | 0             |
|    clip_range           | 0.2           |
|    entropy_loss         | -3.21         |
|    explained_variance   | -5.01e-06     |
|    learning_rate        | 0.0003        |
|    loss                 | 5.35e+05      |
|    n_updates            | 130           |
|    policy_gradient_loss | -0.00221      |
|    value_loss           | 8.93e+05      |
-------------------------------------------
⚠️ [DDoS/Spike t=0] cpu=30.0, msd=3
⚠️ [DDoS/Spike t=0] cpu=30.0, msd=3
⚠️ [DDoS/Spike t=0] cpu=30.0, msd=3
⚠️ [DDoS/Spike t=0] cpu=30.0, msd=3
⚠️ [DDoS/Spike t=0] cpu=30.0, msd=3
⚠️ [DDoS/Spike t=0] cpu=30.0, msd=3
⚠️ [DDoS/Spike t=0] cpu=30.0, msd=3
⚠️ [DDoS/Spike t=0] cpu=30.0, msd=3
⚠️ [DDoS/Spike t=0] cpu=30.0, msd=3
⚠️ [DDoS/Spike t=0] cpu=30.0, msd=3
⚠️ [DDoS/Spike t=0] cpu=30.0, msd=3
⚠️ [DDoS/Spike t=0] cpu=30.0, msd=3
⚠️ [DDoS/Spike t=0] cpu=30.0, msd=3
⚠️ [DDoS/Spike t=0] cpu=30.0, msd=3
⚠️ [DDoS/Spike t=0] cpu=30.0, msd=3
⚠️ [DDoS/Spike t=0] cpu=30.0, msd=3
⚠️ [DDoS/Spike t=0] cpu=30.0, msd=3
⚠️ [DDoS/Spike t=0] cpu=30.0, msd=3
⚠️ [DDoS/Spike t=0] cpu=30.0, msd=3
⚠️ [DDoS/Spike t=0] cpu=30.0, msd=3
⚠️ [DDoS/Spike t=0] cpu=30.0, msd=3
⚠️ [DDoS/Spike t=0] cpu=30.0, msd=3
⚠️ [DDoS/Spike t=0] cpu=30.0, msd=3
⚠️ [DDoS/Spike t=0] cpu=30.0, msd=3
⚠️ [DDoS/Spike t=0] cpu=30.0, msd=3
⚠️ [DDoS/Spike t=0] cpu=30.0, msd=3
⚠️ [DDoS/Spike t=0] cpu=30.0, msd=3
⚠️ [DDoS/Spike t=0] cpu=30.0, msd=3
⚠️ [DDoS/Spike t=0] cpu=30.0, msd=3
⚠️ [DDoS/Spike t=0] cpu=30.0, msd=3
⚠️ [DDoS/Spike t=0] cpu=30.0, msd=3
⚠️ [DDoS/Spike t=0] cpu=30.0, msd=3
⚠️ [DDoS/Spike t=0] cpu=30.0, msd=3
Eval num_timesteps=30000, episode_reward=-3892.34 +/- 638.50
Episode length: 100.00 +/- 0.00
-------------------------------------------
| eval/                   |               |
|    mean_ep_length       | 100           |
|    mean_reward          | -3.89e+03     |
| time/                   |               |
|    total_timesteps      | 30000         |
| train/                  |               |
|    approx_kl            | 0.00022449033 |
|    clip_fraction        | 0             |
|    clip_range           | 0.2           |
|    entropy_loss         | -3.21         |
|    explained_variance   | -3.1e-06      |
|    learning_rate        | 0.0003        |
|    loss                 | 4.96e+05      |
|    n_updates            | 140           |
|    policy_gradient_loss | -0.00128      |
|    value_loss           | 9.49e+05      |
-------------------------------------------
New best mean reward!
⚠️ [DDoS/Spike t=0] cpu=30.0, msd=3
⚠️ [DDoS/Spike t=0] cpu=30.0, msd=3
⚠️ [DDoS/Spike t=0] cpu=30.0, msd=3
⚠️ [DDoS/Spike t=0] cpu=30.0, msd=3
⚠️ [DDoS/Spike t=0] cpu=30.0, msd=3
⚠️ [DDoS/Spike t=0] cpu=30.0, msd=3
⚠️ [DDoS/Spike t=0] cpu=30.0, msd=3
⚠️ [DDoS/Spike t=0] cpu=30.0, msd=3
----------------------------------
| rollout/           |           |
|    ep_len_mean     | 100       |
|    ep_rew_mean     | -5.69e+03 |
| time/              |           |
|    fps             | 176       |
|    iterations      | 15        |
|    time_elapsed    | 173       |
|    total_timesteps | 30720     |
----------------------------------
⚠️ [DDoS/Spike t=0] cpu=30.0, msd=3
⚠️ [DDoS/Spike t=0] cpu=30.0, msd=3
⚠️ [DDoS/Spike t=0] cpu=30.0, msd=3
⚠️ [DDoS/Spike t=0] cpu=30.0, msd=3
⚠️ [DDoS/Spike t=0] cpu=30.0, msd=3
⚠️ [DDoS/Spike t=0] cpu=30.0, msd=3
⚠️ [DDoS/Spike t=0] cpu=30.0, msd=3
⚠️ [DDoS/Spike t=0] cpu=30.0, msd=3
⚠️ [DDoS/Spike t=0] cpu=30.0, msd=3
⚠️ [DDoS/Spike t=0] cpu=30.0, msd=3
⚠️ [DDoS/Spike t=0] cpu=30.0, msd=3
⚠️ [DDoS/Spike t=0] cpu=30.0, msd=3
⚠️ [DDoS/Spike t=0] cpu=30.0, msd=3
⚠️ [DDoS/Spike t=0] cpu=30.0, msd=3
⚠️ [DDoS/Spike t=0] cpu=30.0, msd=3
⚠️ [DDoS/Spike t=0] cpu=30.0, msd=3
⚠️ [DDoS/Spike t=0] cpu=30.0, msd=3
⚠️ [DDoS/Spike t=0] cpu=30.0, msd=3
⚠️ [DDoS/Spike t=0] cpu=30.0, msd=3
⚠️ [DDoS/Spike t=0] cpu=30.0, msd=3
-------------------------------------------
| rollout/                |               |
|    ep_len_mean          | 100           |
|    ep_rew_mean          | -5.67e+03     |
| time/                   |               |
|    fps                  | 177           |
|    iterations           | 16            |
|    time_elapsed         | 184           |
|    total_timesteps      | 32768         |
| train/                  |               |
|    approx_kl            | 0.00013287258 |
|    clip_fraction        | 0             |
|    clip_range           | 0.2           |
|    entropy_loss         | -3.21         |
|    explained_variance   | -2.86e-06     |
|    learning_rate        | 0.0003        |
|    loss                 | 4.15e+05      |
|    n_updates            | 150           |
|    policy_gradient_loss | -0.00109      |
|    value_loss           | 9.24e+05      |
-------------------------------------------
⚠️ [DDoS/Spike t=0] cpu=30.0, msd=3
⚠️ [DDoS/Spike t=0] cpu=30.0, msd=3
⚠️ [DDoS/Spike t=0] cpu=30.0, msd=3
⚠️ [DDoS/Spike t=0] cpu=30.0, msd=3
⚠️ [DDoS/Spike t=0] cpu=30.0, msd=3
⚠️ [DDoS/Spike t=0] cpu=30.0, msd=3
⚠️ [DDoS/Spike t=0] cpu=30.0, msd=3
⚠️ [DDoS/Spike t=0] cpu=30.0, msd=3
⚠️ [DDoS/Spike t=0] cpu=30.0, msd=3
⚠️ [DDoS/Spike t=0] cpu=30.0, msd=3
⚠️ [DDoS/Spike t=0] cpu=30.0, msd=3
⚠️ [DDoS/Spike t=0] cpu=30.0, msd=3
⚠️ [DDoS/Spike t=0] cpu=30.0, msd=3
⚠️ [DDoS/Spike t=0] cpu=30.0, msd=3
⚠️ [DDoS/Spike t=0] cpu=30.0, msd=3
⚠️ [DDoS/Spike t=0] cpu=30.0, msd=3
⚠️ [DDoS/Spike t=0] cpu=30.0, msd=3
⚠️ [DDoS/Spike t=0] cpu=30.0, msd=3
⚠️ [DDoS/Spike t=0] cpu=30.0, msd=3
⚠️ [DDoS/Spike t=0] cpu=30.0, msd=3
⚠️ [DDoS/Spike t=0] cpu=30.0, msd=3
-------------------------------------------
| rollout/                |               |
|    ep_len_mean          | 100           |
|    ep_rew_mean          | -5.69e+03     |
| time/                   |               |
|    fps                  | 175           |
|    iterations           | 17            |
|    time_elapsed         | 198           |
|    total_timesteps      | 34816         |
| train/                  |               |
|    approx_kl            | 0.00016062852 |
|    clip_fraction        | 0             |
|    clip_range           | 0.2           |
|    entropy_loss         | -3.21         |
|    explained_variance   | -2.38e-06     |
|    learning_rate        | 0.0003        |
|    loss                 | 4.46e+05      |
|    n_updates            | 160           |
|    policy_gradient_loss | -0.00092      |
|    value_loss           | 9.53e+05      |
-------------------------------------------
⚠️ [DDoS/Spike t=0] cpu=30.0, msd=3
⚠️ [DDoS/Spike t=0] cpu=30.0, msd=3
⚠️ [DDoS/Spike t=0] cpu=30.0, msd=3
⚠️ [DDoS/Spike t=0] cpu=30.0, msd=3
⚠️ [DDoS/Spike t=0] cpu=30.0, msd=3
⚠️ [DDoS/Spike t=0] cpu=30.0, msd=3
⚠️ [DDoS/Spike t=0] cpu=30.0, msd=3
⚠️ [DDoS/Spike t=0] cpu=30.0, msd=3
⚠️ [DDoS/Spike t=0] cpu=30.0, msd=3
⚠️ [DDoS/Spike t=0] cpu=30.0, msd=3
⚠️ [DDoS/Spike t=0] cpu=30.0, msd=3
⚠️ [DDoS/Spike t=0] cpu=30.0, msd=3
⚠️ [DDoS/Spike t=0] cpu=30.0, msd=3
⚠️ [DDoS/Spike t=0] cpu=30.0, msd=3
⚠️ [DDoS/Spike t=0] cpu=30.0, msd=3
⚠️ [DDoS/Spike t=0] cpu=30.0, msd=3
⚠️ [DDoS/Spike t=0] cpu=30.0, msd=3
⚠️ [DDoS/Spike t=0] cpu=30.0, msd=3
⚠️ [DDoS/Spike t=0] cpu=30.0, msd=3
⚠️ [DDoS/Spike t=0] cpu=30.0, msd=3
-------------------------------------------
| rollout/                |               |
|    ep_len_mean          | 100           |
|    ep_rew_mean          | -5.71e+03     |
| time/                   |               |
|    fps                  | 176           |
|    iterations           | 18            |
|    time_elapsed         | 208           |
|    total_timesteps      | 36864         |
| train/                  |               |
|    approx_kl            | 6.7590765e-05 |
|    clip_fraction        | 0             |
|    clip_range           | 0.2           |
|    entropy_loss         | -3.21         |
|    explained_variance   | -1.55e-06     |
|    learning_rate        | 0.0003        |
|    loss                 | 5.29e+05      |
|    n_updates            | 170           |
|    policy_gradient_loss | -0.0009       |
|    value_loss           | 1.01e+06      |
-------------------------------------------
⚠️ [DDoS/Spike t=0] cpu=30.0, msd=3
⚠️ [DDoS/Spike t=0] cpu=30.0, msd=3
⚠️ [DDoS/Spike t=0] cpu=30.0, msd=3
⚠️ [DDoS/Spike t=0] cpu=30.0, msd=3
⚠️ [DDoS/Spike t=0] cpu=30.0, msd=3
⚠️ [DDoS/Spike t=0] cpu=30.0, msd=3
⚠️ [DDoS/Spike t=0] cpu=30.0, msd=3
⚠️ [DDoS/Spike t=0] cpu=30.0, msd=3
⚠️ [DDoS/Spike t=0] cpu=30.0, msd=3
⚠️ [DDoS/Spike t=0] cpu=30.0, msd=3
⚠️ [DDoS/Spike t=0] cpu=30.0, msd=3
⚠️ [DDoS/Spike t=0] cpu=30.0, msd=3
⚠️ [DDoS/Spike t=0] cpu=30.0, msd=3
⚠️ [DDoS/Spike t=0] cpu=30.0, msd=3
⚠️ [DDoS/Spike t=0] cpu=30.0, msd=3
⚠️ [DDoS/Spike t=0] cpu=30.0, msd=3
⚠️ [DDoS/Spike t=0] cpu=30.0, msd=3
⚠️ [DDoS/Spike t=0] cpu=30.0, msd=3
⚠️ [DDoS/Spike t=0] cpu=30.0, msd=3
⚠️ [DDoS/Spike t=0] cpu=30.0, msd=3
⚠️ [DDoS/Spike t=0] cpu=30.0, msd=3
-------------------------------------------
| rollout/                |               |
|    ep_len_mean          | 100           |
|    ep_rew_mean          | -5.77e+03     |
| time/                   |               |
|    fps                  | 174           |
|    iterations           | 19            |
|    time_elapsed         | 223           |
|    total_timesteps      | 38912         |
| train/                  |               |
|    approx_kl            | 0.00015326237 |
|    clip_fraction        | 0             |
|    clip_range           | 0.2           |
|    entropy_loss         | -3.21         |
|    explained_variance   | -1.07e-06     |
|    learning_rate        | 0.0003        |
|    loss                 | 5.24e+05      |
|    n_updates            | 180           |
|    policy_gradient_loss | -0.000941     |
|    value_loss           | 1.02e+06      |
-------------------------------------------
⚠️ [DDoS/Spike t=0] cpu=30.0, msd=3
⚠️ [DDoS/Spike t=0] cpu=30.0, msd=3
⚠️ [DDoS/Spike t=0] cpu=30.0, msd=3
⚠️ [DDoS/Spike t=0] cpu=30.0, msd=3
⚠️ [DDoS/Spike t=0] cpu=30.0, msd=3
⚠️ [DDoS/Spike t=0] cpu=30.0, msd=3
⚠️ [DDoS/Spike t=0] cpu=30.0, msd=3
⚠️ [DDoS/Spike t=0] cpu=30.0, msd=3
⚠️ [DDoS/Spike t=0] cpu=30.0, msd=3
⚠️ [DDoS/Spike t=0] cpu=30.0, msd=3
⚠️ [DDoS/Spike t=0] cpu=30.0, msd=3
⚠️ [DDoS/Spike t=0] cpu=30.0, msd=3
⚠️ [DDoS/Spike t=0] cpu=30.0, msd=3
⚠️ [DDoS/Spike t=0] cpu=30.0, msd=3
⚠️ [DDoS/Spike t=0] cpu=30.0, msd=3
⚠️ [DDoS/Spike t=0] cpu=30.0, msd=3
⚠️ [DDoS/Spike t=0] cpu=30.0, msd=3
⚠️ [DDoS/Spike t=0] cpu=30.0, msd=3
⚠️ [DDoS/Spike t=0] cpu=30.0, msd=3
⚠️ [DDoS/Spike t=0] cpu=30.0, msd=3
⚠️ [DDoS/Spike t=0] cpu=30.0, msd=3
⚠️ [DDoS/Spike t=0] cpu=30.0, msd=3
⚠️ [DDoS/Spike t=0] cpu=30.0, msd=3
⚠️ [DDoS/Spike t=0] cpu=30.0, msd=3
⚠️ [DDoS/Spike t=0] cpu=30.0, msd=3
⚠️ [DDoS/Spike t=0] cpu=30.0, msd=3
⚠️ [DDoS/Spike t=0] cpu=30.0, msd=3
⚠️ [DDoS/Spike t=0] cpu=30.0, msd=3
⚠️ [DDoS/Spike t=0] cpu=30.0, msd=3
⚠️ [DDoS/Spike t=0] cpu=30.0, msd=3
Eval num_timesteps=40000, episode_reward=-4142.53 +/- 677.03
Episode length: 100.00 +/- 0.00
------------------------------------------
| eval/                   |              |
|    mean_ep_length       | 100          |
|    mean_reward          | -4.14e+03    |
| time/                   |              |
|    total_timesteps      | 40000        |
| train/                  |              |
|    approx_kl            | 0.0003232555 |
|    clip_fraction        | 0            |
|    clip_range           | 0.2          |
|    entropy_loss         | -3.21        |
|    explained_variance   | -8.34e-07    |
|    learning_rate        | 0.0003       |
|    loss                 | 4.19e+05     |
|    n_updates            | 190          |
|    policy_gradient_loss | -0.00134     |
|    value_loss           | 9.68e+05     |
------------------------------------------
⚠️ [DDoS/Spike t=0] cpu=30.0, msd=3
⚠️ [DDoS/Spike t=0] cpu=30.0, msd=3
⚠️ [DDoS/Spike t=0] cpu=30.0, msd=3
⚠️ [DDoS/Spike t=0] cpu=30.0, msd=3
⚠️ [DDoS/Spike t=0] cpu=30.0, msd=3
⚠️ [DDoS/Spike t=0] cpu=30.0, msd=3
⚠️ [DDoS/Spike t=0] cpu=30.0, msd=3
⚠️ [DDoS/Spike t=0] cpu=30.0, msd=3
⚠️ [DDoS/Spike t=0] cpu=30.0, msd=3
⚠️ [DDoS/Spike t=0] cpu=30.0, msd=3
----------------------------------
| rollout/           |           |
|    ep_len_mean     | 100       |
|    ep_rew_mean     | -5.72e+03 |
| time/              |           |
|    fps             | 171       |
|    iterations      | 20        |
|    time_elapsed    | 238       |
|    total_timesteps | 40960     |
----------------------------------
⚠️ [DDoS/Spike t=0] cpu=30.0, msd=3
⚠️ [DDoS/Spike t=0] cpu=30.0, msd=3
⚠️ [DDoS/Spike t=0] cpu=30.0, msd=3
⚠️ [DDoS/Spike t=0] cpu=30.0, msd=3
⚠️ [DDoS/Spike t=0] cpu=30.0, msd=3
⚠️ [DDoS/Spike t=0] cpu=30.0, msd=3
⚠️ [DDoS/Spike t=0] cpu=30.0, msd=3
⚠️ [DDoS/Spike t=0] cpu=30.0, msd=3
⚠️ [DDoS/Spike t=0] cpu=30.0, msd=3
⚠️ [DDoS/Spike t=0] cpu=30.0, msd=3
⚠️ [DDoS/Spike t=0] cpu=30.0, msd=3
⚠️ [DDoS/Spike t=0] cpu=30.0, msd=3
⚠️ [DDoS/Spike t=0] cpu=30.0, msd=3
⚠️ [DDoS/Spike t=0] cpu=30.0, msd=3
⚠️ [DDoS/Spike t=0] cpu=30.0, msd=3
⚠️ [DDoS/Spike t=0] cpu=30.0, msd=3
⚠️ [DDoS/Spike t=0] cpu=30.0, msd=3
⚠️ [DDoS/Spike t=0] cpu=30.0, msd=3
⚠️ [DDoS/Spike t=0] cpu=30.0, msd=3
⚠️ [DDoS/Spike t=0] cpu=30.0, msd=3
⚠️ [DDoS/Spike t=0] cpu=30.0, msd=3
-------------------------------------------
| rollout/                |               |
|    ep_len_mean          | 100           |
|    ep_rew_mean          | -5.79e+03     |
| time/                   |               |
|    fps                  | 173           |
|    iterations           | 21            |
|    time_elapsed         | 247           |
|    total_timesteps      | 43008         |
| train/                  |               |
|    approx_kl            | 0.00038663254 |
|    clip_fraction        | 0             |
|    clip_range           | 0.2           |
|    entropy_loss         | -3.21         |
|    explained_variance   | -9.54e-07     |
|    learning_rate        | 0.0003        |
|    loss                 | 5.23e+05      |
|    n_updates            | 200           |
|    policy_gradient_loss | -0.0018       |
|    value_loss           | 9.42e+05      |
-------------------------------------------
⚠️ [DDoS/Spike t=0] cpu=30.0, msd=3
⚠️ [DDoS/Spike t=0] cpu=30.0, msd=3
⚠️ [DDoS/Spike t=0] cpu=30.0, msd=3
⚠️ [DDoS/Spike t=0] cpu=30.0, msd=3
⚠️ [DDoS/Spike t=0] cpu=30.0, msd=3
⚠️ [DDoS/Spike t=0] cpu=30.0, msd=3
⚠️ [DDoS/Spike t=0] cpu=30.0, msd=3
⚠️ [DDoS/Spike t=0] cpu=30.0, msd=3
⚠️ [DDoS/Spike t=0] cpu=30.0, msd=3
⚠️ [DDoS/Spike t=0] cpu=30.0, msd=3
⚠️ [DDoS/Spike t=0] cpu=30.0, msd=3
⚠️ [DDoS/Spike t=0] cpu=30.0, msd=3
⚠️ [DDoS/Spike t=0] cpu=30.0, msd=3
⚠️ [DDoS/Spike t=0] cpu=30.0, msd=3
⚠️ [DDoS/Spike t=0] cpu=30.0, msd=3
⚠️ [DDoS/Spike t=0] cpu=30.0, msd=3
⚠️ [DDoS/Spike t=0] cpu=30.0, msd=3
⚠️ [DDoS/Spike t=0] cpu=30.0, msd=3
⚠️ [DDoS/Spike t=0] cpu=30.0, msd=3
⚠️ [DDoS/Spike t=0] cpu=30.0, msd=3
-------------------------------------------
| rollout/                |               |
|    ep_len_mean          | 100           |
|    ep_rew_mean          | -5.7e+03      |
| time/                   |               |
|    fps                  | 174           |
|    iterations           | 22            |
|    time_elapsed         | 257           |
|    total_timesteps      | 45056         |
| train/                  |               |
|    approx_kl            | 0.00036444096 |
|    clip_fraction        | 0             |
|    clip_range           | 0.2           |
|    entropy_loss         | -3.21         |
|    explained_variance   | -4.77e-07     |
|    learning_rate        | 0.0003        |
|    loss                 | 5.94e+05      |
|    n_updates            | 210           |
|    policy_gradient_loss | -0.00151      |
|    value_loss           | 9.87e+05      |
-------------------------------------------
⚠️ [DDoS/Spike t=0] cpu=30.0, msd=3
⚠️ [DDoS/Spike t=0] cpu=30.0, msd=3
⚠️ [DDoS/Spike t=0] cpu=30.0, msd=3
⚠️ [DDoS/Spike t=0] cpu=30.0, msd=3
⚠️ [DDoS/Spike t=0] cpu=30.0, msd=3
⚠️ [DDoS/Spike t=0] cpu=30.0, msd=3
⚠️ [DDoS/Spike t=0] cpu=30.0, msd=3
⚠️ [DDoS/Spike t=0] cpu=30.0, msd=3
⚠️ [DDoS/Spike t=0] cpu=30.0, msd=3
⚠️ [DDoS/Spike t=0] cpu=30.0, msd=3
⚠️ [DDoS/Spike t=0] cpu=30.0, msd=3
⚠️ [DDoS/Spike t=0] cpu=30.0, msd=3
⚠️ [DDoS/Spike t=0] cpu=30.0, msd=3
⚠️ [DDoS/Spike t=0] cpu=30.0, msd=3
⚠️ [DDoS/Spike t=0] cpu=30.0, msd=3
⚠️ [DDoS/Spike t=0] cpu=30.0, msd=3
⚠️ [DDoS/Spike t=0] cpu=30.0, msd=3
⚠️ [DDoS/Spike t=0] cpu=30.0, msd=3
⚠️ [DDoS/Spike t=0] cpu=30.0, msd=3
⚠️ [DDoS/Spike t=0] cpu=30.0, msd=3
⚠️ [DDoS/Spike t=0] cpu=30.0, msd=3
-------------------------------------------
| rollout/                |               |
|    ep_len_mean          | 100           |
|    ep_rew_mean          | -5.6e+03      |
| time/                   |               |
|    fps                  | 176           |
|    iterations           | 23            |
|    time_elapsed         | 266           |
|    total_timesteps      | 47104         |
| train/                  |               |
|    approx_kl            | 0.00026448665 |
|    clip_fraction        | 0             |
|    clip_range           | 0.2           |
|    entropy_loss         | -3.21         |
|    explained_variance   | -7.15e-07     |
|    learning_rate        | 0.0003        |
|    loss                 | 3.8e+05       |
|    n_updates            | 220           |
|    policy_gradient_loss | -0.00126      |
|    value_loss           | 8.4e+05       |
-------------------------------------------
⚠️ [DDoS/Spike t=0] cpu=30.0, msd=3
⚠️ [DDoS/Spike t=0] cpu=30.0, msd=3
⚠️ [DDoS/Spike t=0] cpu=30.0, msd=3
⚠️ [DDoS/Spike t=0] cpu=30.0, msd=3
⚠️ [DDoS/Spike t=0] cpu=30.0, msd=3
⚠️ [DDoS/Spike t=0] cpu=30.0, msd=3
⚠️ [DDoS/Spike t=0] cpu=30.0, msd=3
⚠️ [DDoS/Spike t=0] cpu=30.0, msd=3
⚠️ [DDoS/Spike t=0] cpu=30.0, msd=3
⚠️ [DDoS/Spike t=0] cpu=30.0, msd=3
⚠️ [DDoS/Spike t=0] cpu=30.0, msd=3
⚠️ [DDoS/Spike t=0] cpu=30.0, msd=3
⚠️ [DDoS/Spike t=0] cpu=30.0, msd=3
⚠️ [DDoS/Spike t=0] cpu=30.0, msd=3
⚠️ [DDoS/Spike t=0] cpu=30.0, msd=3
⚠️ [DDoS/Spike t=0] cpu=30.0, msd=3
⚠️ [DDoS/Spike t=0] cpu=30.0, msd=3
⚠️ [DDoS/Spike t=0] cpu=30.0, msd=3
⚠️ [DDoS/Spike t=0] cpu=30.0, msd=3
⚠️ [DDoS/Spike t=0] cpu=30.0, msd=3
------------------------------------------
| rollout/                |              |
|    ep_len_mean          | 100          |
|    ep_rew_mean          | -5.63e+03    |
| time/                   |              |
|    fps                  | 177          |
|    iterations           | 24           |
|    time_elapsed         | 276          |
|    total_timesteps      | 49152        |
| train/                  |              |
|    approx_kl            | 0.0003752858 |
|    clip_fraction        | 0            |
|    clip_range           | 0.2          |
|    entropy_loss         | -3.2         |
|    explained_variance   | -4.77e-07    |
|    learning_rate        | 0.0003       |
|    loss                 | 3.68e+05     |
|    n_updates            | 230          |
|    policy_gradient_loss | -0.00155     |
|    value_loss           | 8.33e+05     |
------------------------------------------
⚠️ [DDoS/Spike t=0] cpu=30.0, msd=3
⚠️ [DDoS/Spike t=0] cpu=30.0, msd=3
⚠️ [DDoS/Spike t=0] cpu=30.0, msd=3
⚠️ [DDoS/Spike t=0] cpu=30.0, msd=3
⚠️ [DDoS/Spike t=0] cpu=30.0, msd=3
⚠️ [DDoS/Spike t=0] cpu=30.0, msd=3
⚠️ [DDoS/Spike t=0] cpu=30.0, msd=3
⚠️ [DDoS/Spike t=0] cpu=30.0, msd=3
⚠️ [DDoS/Spike t=0] cpu=30.0, msd=3
⚠️ [DDoS/Spike t=0] cpu=30.0, msd=3
⚠️ [DDoS/Spike t=0] cpu=30.0, msd=3
⚠️ [DDoS/Spike t=0] cpu=30.0, msd=3
⚠️ [DDoS/Spike t=0] cpu=30.0, msd=3
⚠️ [DDoS/Spike t=0] cpu=30.0, msd=3
⚠️ [DDoS/Spike t=0] cpu=30.0, msd=3
⚠️ [DDoS/Spike t=0] cpu=30.0, msd=3
⚠️ [DDoS/Spike t=0] cpu=30.0, msd=3
⚠️ [DDoS/Spike t=0] cpu=30.0, msd=3
⚠️ [DDoS/Spike t=0] cpu=30.0, msd=3
⚠️ [DDoS/Spike t=0] cpu=30.0, msd=3
⚠️ [DDoS/Spike t=0] cpu=30.0, msd=3
⚠️ [DDoS/Spike t=0] cpu=30.0, msd=3
⚠️ [DDoS/Spike t=0] cpu=30.0, msd=3
⚠️ [DDoS/Spike t=0] cpu=30.0, msd=3
⚠️ [DDoS/Spike t=0] cpu=30.0, msd=3
⚠️ [DDoS/Spike t=0] cpu=30.0, msd=3
⚠️ [DDoS/Spike t=0] cpu=30.0, msd=3
⚠️ [DDoS/Spike t=0] cpu=30.0, msd=3
Eval num_timesteps=50000, episode_reward=-5249.22 +/- 631.65
Episode length: 100.00 +/- 0.00
------------------------------------------
| eval/                   |              |
|    mean_ep_length       | 100          |
|    mean_reward          | -5.25e+03    |
| time/                   |              |
|    total_timesteps      | 50000        |
| train/                  |              |
|    approx_kl            | 0.0004305201 |
|    clip_fraction        | 0            |
|    clip_range           | 0.2          |
|    entropy_loss         | -3.2         |
|    explained_variance   | -3.58e-07    |
|    learning_rate        | 0.0003       |
|    loss                 | 4.68e+05     |
|    n_updates            | 240          |
|    policy_gradient_loss | -0.00162     |
|    value_loss           | 9.42e+05     |
------------------------------------------
⚠️ [DDoS/Spike t=0] cpu=30.0, msd=3
⚠️ [DDoS/Spike t=0] cpu=30.0, msd=3
⚠️ [DDoS/Spike t=0] cpu=30.0, msd=3
⚠️ [DDoS/Spike t=0] cpu=30.0, msd=3
⚠️ [DDoS/Spike t=0] cpu=30.0, msd=3
⚠️ [DDoS/Spike t=0] cpu=30.0, msd=3
⚠️ [DDoS/Spike t=0] cpu=30.0, msd=3
⚠️ [DDoS/Spike t=0] cpu=30.0, msd=3
⚠️ [DDoS/Spike t=0] cpu=30.0, msd=3
⚠️ [DDoS/Spike t=0] cpu=30.0, msd=3
⚠️ [DDoS/Spike t=0] cpu=30.0, msd=3
⚠️ [DDoS/Spike t=0] cpu=30.0, msd=3
----------------------------------
| rollout/           |           |
|    ep_len_mean     | 100       |
|    ep_rew_mean     | -5.59e+03 |
| time/              |           |
|    fps             | 176       |
|    iterations      | 25        |
|    time_elapsed    | 290       |
|    total_timesteps | 51200     |
----------------------------------
⚠️ [DDoS/Spike t=0] cpu=30.0, msd=3
⚠️ [DDoS/Spike t=0] cpu=30.0, msd=3
⚠️ [DDoS/Spike t=0] cpu=30.0, msd=3
⚠️ [DDoS/Spike t=0] cpu=30.0, msd=3
⚠️ [DDoS/Spike t=0] cpu=30.0, msd=3
⚠️ [DDoS/Spike t=0] cpu=30.0, msd=3
⚠️ [DDoS/Spike t=0] cpu=30.0, msd=3
⚠️ [DDoS/Spike t=0] cpu=30.0, msd=3
⚠️ [DDoS/Spike t=0] cpu=30.0, msd=3
⚠️ [DDoS/Spike t=0] cpu=30.0, msd=3
⚠️ [DDoS/Spike t=0] cpu=30.0, msd=3
⚠️ [DDoS/Spike t=0] cpu=30.0, msd=3
⚠️ [DDoS/Spike t=0] cpu=30.0, msd=3
⚠️ [DDoS/Spike t=0] cpu=30.0, msd=3
⚠️ [DDoS/Spike t=0] cpu=30.0, msd=3
⚠️ [DDoS/Spike t=0] cpu=30.0, msd=3
⚠️ [DDoS/Spike t=0] cpu=30.0, msd=3
⚠️ [DDoS/Spike t=0] cpu=30.0, msd=3
⚠️ [DDoS/Spike t=0] cpu=30.0, msd=3
⚠️ [DDoS/Spike t=0] cpu=30.0, msd=3
⚠️ [DDoS/Spike t=0] cpu=30.0, msd=3
-------------------------------------------
| rollout/                |               |
|    ep_len_mean          | 100           |
|    ep_rew_mean          | -5.58e+03     |
| time/                   |               |
|    fps                  | 176           |
|    iterations           | 26            |
|    time_elapsed         | 301           |
|    total_timesteps      | 53248         |
| train/                  |               |
|    approx_kl            | 0.00028339415 |
|    clip_fraction        | 0             |
|    clip_range           | 0.2           |
|    entropy_loss         | -3.2          |
|    explained_variance   | -3.58e-07     |
|    learning_rate        | 0.0003        |
|    loss                 | 5.76e+05      |
|    n_updates            | 250           |
|    policy_gradient_loss | -0.00121      |
|    value_loss           | 9.32e+05      |
-------------------------------------------
⚠️ [DDoS/Spike t=0] cpu=30.0, msd=3
⚠️ [DDoS/Spike t=0] cpu=30.0, msd=3
⚠️ [DDoS/Spike t=0] cpu=30.0, msd=3
⚠️ [DDoS/Spike t=0] cpu=30.0, msd=3
⚠️ [DDoS/Spike t=0] cpu=30.0, msd=3
⚠️ [DDoS/Spike t=0] cpu=30.0, msd=3
⚠️ [DDoS/Spike t=0] cpu=30.0, msd=3
⚠️ [DDoS/Spike t=0] cpu=30.0, msd=3
⚠️ [DDoS/Spike t=0] cpu=30.0, msd=3
⚠️ [DDoS/Spike t=0] cpu=30.0, msd=3
⚠️ [DDoS/Spike t=0] cpu=30.0, msd=3
⚠️ [DDoS/Spike t=0] cpu=30.0, msd=3
⚠️ [DDoS/Spike t=0] cpu=30.0, msd=3
⚠️ [DDoS/Spike t=0] cpu=30.0, msd=3
⚠️ [DDoS/Spike t=0] cpu=30.0, msd=3
⚠️ [DDoS/Spike t=0] cpu=30.0, msd=3
⚠️ [DDoS/Spike t=0] cpu=30.0, msd=3
⚠️ [DDoS/Spike t=0] cpu=30.0, msd=3
⚠️ [DDoS/Spike t=0] cpu=30.0, msd=3
⚠️ [DDoS/Spike t=0] cpu=30.0, msd=3
------------------------------------------
| rollout/                |              |
|    ep_len_mean          | 100          |
|    ep_rew_mean          | -5.59e+03    |
| time/                   |              |
|    fps                  | 175          |
|    iterations           | 27           |
|    time_elapsed         | 315          |
|    total_timesteps      | 55296        |
| train/                  |              |
|    approx_kl            | 0.0003030062 |
|    clip_fraction        | 0            |
|    clip_range           | 0.2          |
|    entropy_loss         | -3.2         |
|    explained_variance   | -3.58e-07    |
|    learning_rate        | 0.0003       |
|    loss                 | 4.99e+05     |
|    n_updates            | 260          |
|    policy_gradient_loss | -0.00145     |
|    value_loss           | 9.84e+05     |
------------------------------------------
⚠️ [DDoS/Spike t=0] cpu=30.0, msd=3
⚠️ [DDoS/Spike t=0] cpu=30.0, msd=3
⚠️ [DDoS/Spike t=0] cpu=30.0, msd=3
⚠️ [DDoS/Spike t=0] cpu=30.0, msd=3
⚠️ [DDoS/Spike t=0] cpu=30.0, msd=3
⚠️ [DDoS/Spike t=0] cpu=30.0, msd=3
⚠️ [DDoS/Spike t=0] cpu=30.0, msd=3
⚠️ [DDoS/Spike t=0] cpu=30.0, msd=3
⚠️ [DDoS/Spike t=0] cpu=30.0, msd=3
⚠️ [DDoS/Spike t=0] cpu=30.0, msd=3
⚠️ [DDoS/Spike t=0] cpu=30.0, msd=3
⚠️ [DDoS/Spike t=0] cpu=30.0, msd=3
⚠️ [DDoS/Spike t=0] cpu=30.0, msd=3
⚠️ [DDoS/Spike t=0] cpu=30.0, msd=3
⚠️ [DDoS/Spike t=0] cpu=30.0, msd=3
⚠️ [DDoS/Spike t=0] cpu=30.0, msd=3
⚠️ [DDoS/Spike t=0] cpu=30.0, msd=3
⚠️ [DDoS/Spike t=0] cpu=30.0, msd=3
⚠️ [DDoS/Spike t=0] cpu=30.0, msd=3
⚠️ [DDoS/Spike t=0] cpu=30.0, msd=3
⚠️ [DDoS/Spike t=0] cpu=30.0, msd=3
-------------------------------------------
| rollout/                |               |
|    ep_len_mean          | 100           |
|    ep_rew_mean          | -5.55e+03     |
| time/                   |               |
|    fps                  | 174           |
|    iterations           | 28            |
|    time_elapsed         | 328           |
|    total_timesteps      | 57344         |
| train/                  |               |
|    approx_kl            | 0.00028082606 |
|    clip_fraction        | 0             |
|    clip_range           | 0.2           |
|    entropy_loss         | -3.2          |
|    explained_variance   | -4.77e-07     |
|    learning_rate        | 0.0003        |
|    loss                 | 3.47e+05      |
|    n_updates            | 270           |
|    policy_gradient_loss | -0.00123      |
|    value_loss           | 8.64e+05      |
-------------------------------------------
⚠️ [DDoS/Spike t=0] cpu=30.0, msd=3
⚠️ [DDoS/Spike t=0] cpu=30.0, msd=3
⚠️ [DDoS/Spike t=0] cpu=30.0, msd=3
⚠️ [DDoS/Spike t=0] cpu=30.0, msd=3
⚠️ [DDoS/Spike t=0] cpu=30.0, msd=3
⚠️ [DDoS/Spike t=0] cpu=30.0, msd=3
⚠️ [DDoS/Spike t=0] cpu=30.0, msd=3
⚠️ [DDoS/Spike t=0] cpu=30.0, msd=3
⚠️ [DDoS/Spike t=0] cpu=30.0, msd=3
⚠️ [DDoS/Spike t=0] cpu=30.0, msd=3
⚠️ [DDoS/Spike t=0] cpu=30.0, msd=3
⚠️ [DDoS/Spike t=0] cpu=30.0, msd=3
⚠️ [DDoS/Spike t=0] cpu=30.0, msd=3
⚠️ [DDoS/Spike t=0] cpu=30.0, msd=3
⚠️ [DDoS/Spike t=0] cpu=30.0, msd=3
⚠️ [DDoS/Spike t=0] cpu=30.0, msd=3
⚠️ [DDoS/Spike t=0] cpu=30.0, msd=3
⚠️ [DDoS/Spike t=0] cpu=30.0, msd=3
⚠️ [DDoS/Spike t=0] cpu=30.0, msd=3
⚠️ [DDoS/Spike t=0] cpu=30.0, msd=3
------------------------------------------
| rollout/                |              |
|    ep_len_mean          | 100          |
|    ep_rew_mean          | -5.58e+03    |
| time/                   |              |
|    fps                  | 174          |
|    iterations           | 29           |
|    time_elapsed         | 339          |
|    total_timesteps      | 59392        |
| train/                  |              |
|    approx_kl            | 0.0003875981 |
|    clip_fraction        | 0            |
|    clip_range           | 0.2          |
|    entropy_loss         | -3.2         |
|    explained_variance   | -3.58e-07    |
|    learning_rate        | 0.0003       |
|    loss                 | 3.86e+05     |
|    n_updates            | 280          |
|    policy_gradient_loss | -0.00137     |
|    value_loss           | 7.84e+05     |
------------------------------------------
⚠️ [DDoS/Spike t=0] cpu=30.0, msd=3
⚠️ [DDoS/Spike t=0] cpu=30.0, msd=3
⚠️ [DDoS/Spike t=0] cpu=30.0, msd=3
⚠️ [DDoS/Spike t=0] cpu=30.0, msd=3
⚠️ [DDoS/Spike t=0] cpu=30.0, msd=3
⚠️ [DDoS/Spike t=0] cpu=30.0, msd=3
⚠️ [DDoS/Spike t=0] cpu=30.0, msd=3
⚠️ [DDoS/Spike t=0] cpu=30.0, msd=3
⚠️ [DDoS/Spike t=0] cpu=30.0, msd=3
⚠️ [DDoS/Spike t=0] cpu=30.0, msd=3
⚠️ [DDoS/Spike t=0] cpu=30.0, msd=3
⚠️ [DDoS/Spike t=0] cpu=30.0, msd=3
⚠️ [DDoS/Spike t=0] cpu=30.0, msd=3
⚠️ [DDoS/Spike t=0] cpu=30.0, msd=3
⚠️ [DDoS/Spike t=0] cpu=30.0, msd=3
⚠️ [DDoS/Spike t=0] cpu=30.0, msd=3
⚠️ [DDoS/Spike t=0] cpu=30.0, msd=3
⚠️ [DDoS/Spike t=0] cpu=30.0, msd=3
⚠️ [DDoS/Spike t=0] cpu=30.0, msd=3
⚠️ [DDoS/Spike t=0] cpu=30.0, msd=3
⚠️ [DDoS/Spike t=0] cpu=30.0, msd=3
⚠️ [DDoS/Spike t=0] cpu=30.0, msd=3
⚠️ [DDoS/Spike t=0] cpu=30.0, msd=3
⚠️ [DDoS/Spike t=0] cpu=30.0, msd=3
⚠️ [DDoS/Spike t=0] cpu=30.0, msd=3
⚠️ [DDoS/Spike t=0] cpu=30.0, msd=3
Eval num_timesteps=60000, episode_reward=-4873.96 +/- 648.64
Episode length: 100.00 +/- 0.00
-------------------------------------------
| eval/                   |               |
|    mean_ep_length       | 100           |
|    mean_reward          | -4.87e+03     |
| time/                   |               |
|    total_timesteps      | 60000         |
| train/                  |               |
|    approx_kl            | 0.00020912307 |
|    clip_fraction        | 0             |
|    clip_range           | 0.2           |
|    entropy_loss         | -3.2          |
|    explained_variance   | -2.38e-07     |
|    learning_rate        | 0.0003        |
|    loss                 | 4.73e+05      |
|    n_updates            | 290           |
|    policy_gradient_loss | -0.00139      |
|    value_loss           | 9.38e+05      |
-------------------------------------------
⚠️ [DDoS/Spike t=0] cpu=30.0, msd=3
⚠️ [DDoS/Spike t=0] cpu=30.0, msd=3
⚠️ [DDoS/Spike t=0] cpu=30.0, msd=3
⚠️ [DDoS/Spike t=0] cpu=30.0, msd=3
⚠️ [DDoS/Spike t=0] cpu=30.0, msd=3
⚠️ [DDoS/Spike t=0] cpu=30.0, msd=3
⚠️ [DDoS/Spike t=0] cpu=30.0, msd=3
⚠️ [DDoS/Spike t=0] cpu=30.0, msd=3
⚠️ [DDoS/Spike t=0] cpu=30.0, msd=3
⚠️ [DDoS/Spike t=0] cpu=30.0, msd=3
⚠️ [DDoS/Spike t=0] cpu=30.0, msd=3
⚠️ [DDoS/Spike t=0] cpu=30.0, msd=3
⚠️ [DDoS/Spike t=0] cpu=30.0, msd=3
⚠️ [DDoS/Spike t=0] cpu=30.0, msd=3
⚠️ [DDoS/Spike t=0] cpu=30.0, msd=3
----------------------------------
| rollout/           |           |
|    ep_len_mean     | 100       |
|    ep_rew_mean     | -5.59e+03 |
| time/              |           |
|    fps             | 171       |
|    iterations      | 30        |
|    time_elapsed    | 357       |
|    total_timesteps | 61440     |
----------------------------------
⚠️ [DDoS/Spike t=0] cpu=30.0, msd=3
⚠️ [DDoS/Spike t=0] cpu=30.0, msd=3
⚠️ [DDoS/Spike t=0] cpu=30.0, msd=3
⚠️ [DDoS/Spike t=0] cpu=30.0, msd=3
⚠️ [DDoS/Spike t=0] cpu=30.0, msd=3
⚠️ [DDoS/Spike t=0] cpu=30.0, msd=3
⚠️ [DDoS/Spike t=0] cpu=30.0, msd=3
⚠️ [DDoS/Spike t=0] cpu=30.0, msd=3
⚠️ [DDoS/Spike t=0] cpu=30.0, msd=3
⚠️ [DDoS/Spike t=0] cpu=30.0, msd=3
⚠️ [DDoS/Spike t=0] cpu=30.0, msd=3
⚠️ [DDoS/Spike t=0] cpu=30.0, msd=3
⚠️ [DDoS/Spike t=0] cpu=30.0, msd=3
⚠️ [DDoS/Spike t=0] cpu=30.0, msd=3
⚠️ [DDoS/Spike t=0] cpu=30.0, msd=3
⚠️ [DDoS/Spike t=0] cpu=30.0, msd=3
⚠️ [DDoS/Spike t=0] cpu=30.0, msd=3
⚠️ [DDoS/Spike t=0] cpu=30.0, msd=3
⚠️ [DDoS/Spike t=0] cpu=30.0, msd=3
⚠️ [DDoS/Spike t=0] cpu=30.0, msd=3
-------------------------------------------
| rollout/                |               |
|    ep_len_mean          | 100           |
|    ep_rew_mean          | -5.49e+03     |
| time/                   |               |
|    fps                  | 171           |
|    iterations           | 31            |
|    time_elapsed         | 369           |
|    total_timesteps      | 63488         |
| train/                  |               |
|    approx_kl            | 0.00074564945 |
|    clip_fraction        | 0             |
|    clip_range           | 0.2           |
|    entropy_loss         | -3.2          |
|    explained_variance   | -2.38e-07     |
|    learning_rate        | 0.0003        |
|    loss                 | 3.45e+05      |
|    n_updates            | 300           |
|    policy_gradient_loss | -0.00259      |
|    value_loss           | 8.81e+05      |
-------------------------------------------
⚠️ [DDoS/Spike t=0] cpu=30.0, msd=3
⚠️ [DDoS/Spike t=0] cpu=30.0, msd=3
⚠️ [DDoS/Spike t=0] cpu=30.0, msd=3
⚠️ [DDoS/Spike t=0] cpu=30.0, msd=3
⚠️ [DDoS/Spike t=0] cpu=30.0, msd=3
⚠️ [DDoS/Spike t=0] cpu=30.0, msd=3
⚠️ [DDoS/Spike t=0] cpu=30.0, msd=3
⚠️ [DDoS/Spike t=0] cpu=30.0, msd=3
⚠️ [DDoS/Spike t=0] cpu=30.0, msd=3
⚠️ [DDoS/Spike t=0] cpu=30.0, msd=3
⚠️ [DDoS/Spike t=0] cpu=30.0, msd=3
⚠️ [DDoS/Spike t=0] cpu=30.0, msd=3
⚠️ [DDoS/Spike t=0] cpu=30.0, msd=3
⚠️ [DDoS/Spike t=0] cpu=30.0, msd=3
⚠️ [DDoS/Spike t=0] cpu=30.0, msd=3
⚠️ [DDoS/Spike t=0] cpu=30.0, msd=3
⚠️ [DDoS/Spike t=0] cpu=30.0, msd=3
⚠️ [DDoS/Spike t=0] cpu=30.0, msd=3
⚠️ [DDoS/Spike t=0] cpu=30.0, msd=3
⚠️ [DDoS/Spike t=0] cpu=30.0, msd=3
⚠️ [DDoS/Spike t=0] cpu=30.0, msd=3
-------------------------------------------
| rollout/                |               |
|    ep_len_mean          | 100           |
|    ep_rew_mean          | -5.48e+03     |
| time/                   |               |
|    fps                  | 172           |
|    iterations           | 32            |
|    time_elapsed         | 380           |
|    total_timesteps      | 65536         |
| train/                  |               |
|    approx_kl            | 0.00019988499 |
|    clip_fraction        | 0             |
|    clip_range           | 0.2           |
|    entropy_loss         | -3.2          |
|    explained_variance   | 0             |
|    learning_rate        | 0.0003        |
|    loss                 | 4.11e+05      |
|    n_updates            | 310           |
|    policy_gradient_loss | -0.00122      |
|    value_loss           | 8.55e+05      |
-------------------------------------------
⚠️ [DDoS/Spike t=0] cpu=30.0, msd=3
⚠️ [DDoS/Spike t=0] cpu=30.0, msd=3
⚠️ [DDoS/Spike t=0] cpu=30.0, msd=3
⚠️ [DDoS/Spike t=0] cpu=30.0, msd=3
⚠️ [DDoS/Spike t=0] cpu=30.0, msd=3
⚠️ [DDoS/Spike t=0] cpu=30.0, msd=3
⚠️ [DDoS/Spike t=0] cpu=30.0, msd=3
⚠️ [DDoS/Spike t=0] cpu=30.0, msd=3
⚠️ [DDoS/Spike t=0] cpu=30.0, msd=3
⚠️ [DDoS/Spike t=0] cpu=30.0, msd=3
⚠️ [DDoS/Spike t=0] cpu=30.0, msd=3
⚠️ [DDoS/Spike t=0] cpu=30.0, msd=3
⚠️ [DDoS/Spike t=0] cpu=30.0, msd=3
⚠️ [DDoS/Spike t=0] cpu=30.0, msd=3
⚠️ [DDoS/Spike t=0] cpu=30.0, msd=3
⚠️ [DDoS/Spike t=0] cpu=30.0, msd=3
⚠️ [DDoS/Spike t=0] cpu=30.0, msd=3
⚠️ [DDoS/Spike t=0] cpu=30.0, msd=3
⚠️ [DDoS/Spike t=0] cpu=30.0, msd=3
⚠️ [DDoS/Spike t=0] cpu=30.0, msd=3
------------------------------------------
| rollout/                |              |
|    ep_len_mean          | 100          |
|    ep_rew_mean          | -5.41e+03    |
| time/                   |              |
|    fps                  | 171          |
|    iterations           | 33           |
|    time_elapsed         | 394          |
|    total_timesteps      | 67584        |
| train/                  |              |
|    approx_kl            | 0.0012686872 |
|    clip_fraction        | 0            |
|    clip_range           | 0.2          |
|    entropy_loss         | -3.2         |
|    explained_variance   | -1.19e-07    |
|    learning_rate        | 0.0003       |
|    loss                 | 4.65e+05     |
|    n_updates            | 320          |
|    policy_gradient_loss | -0.00362     |
|    value_loss           | 8.4e+05      |
------------------------------------------
⚠️ [DDoS/Spike t=0] cpu=30.0, msd=3
⚠️ [DDoS/Spike t=0] cpu=30.0, msd=3
⚠️ [DDoS/Spike t=0] cpu=30.0, msd=3
⚠️ [DDoS/Spike t=0] cpu=30.0, msd=3
⚠️ [DDoS/Spike t=0] cpu=30.0, msd=3
⚠️ [DDoS/Spike t=0] cpu=30.0, msd=3
⚠️ [DDoS/Spike t=0] cpu=30.0, msd=3
⚠️ [DDoS/Spike t=0] cpu=30.0, msd=3
⚠️ [DDoS/Spike t=0] cpu=30.0, msd=3
⚠️ [DDoS/Spike t=0] cpu=30.0, msd=3
⚠️ [DDoS/Spike t=0] cpu=30.0, msd=3
⚠️ [DDoS/Spike t=0] cpu=30.0, msd=3
⚠️ [DDoS/Spike t=0] cpu=30.0, msd=3
⚠️ [DDoS/Spike t=0] cpu=30.0, msd=3
⚠️ [DDoS/Spike t=0] cpu=30.0, msd=3
⚠️ [DDoS/Spike t=0] cpu=30.0, msd=3
⚠️ [DDoS/Spike t=0] cpu=30.0, msd=3
⚠️ [DDoS/Spike t=0] cpu=30.0, msd=3
⚠️ [DDoS/Spike t=0] cpu=30.0, msd=3
⚠️ [DDoS/Spike t=0] cpu=30.0, msd=3
⚠️ [DDoS/Spike t=0] cpu=30.0, msd=3
------------------------------------------
| rollout/                |              |
|    ep_len_mean          | 100          |
|    ep_rew_mean          | -5.37e+03    |
| time/                   |              |
|    fps                  | 170          |
|    iterations           | 34           |
|    time_elapsed         | 408          |
|    total_timesteps      | 69632        |
| train/                  |              |
|    approx_kl            | 0.0007493001 |
|    clip_fraction        | 0            |
|    clip_range           | 0.2          |
|    entropy_loss         | -3.2         |
|    explained_variance   | -1.19e-07    |
|    learning_rate        | 0.0003       |
|    loss                 | 4e+05        |
|    n_updates            | 330          |
|    policy_gradient_loss | -0.00248     |
|    value_loss           | 7.37e+05     |
------------------------------------------
⚠️ [DDoS/Spike t=0] cpu=30.0, msd=3
⚠️ [DDoS/Spike t=0] cpu=30.0, msd=3
⚠️ [DDoS/Spike t=0] cpu=30.0, msd=3
⚠️ [DDoS/Spike t=0] cpu=30.0, msd=3
⚠️ [DDoS/Spike t=0] cpu=30.0, msd=3
⚠️ [DDoS/Spike t=0] cpu=30.0, msd=3
⚠️ [DDoS/Spike t=0] cpu=30.0, msd=3
⚠️ [DDoS/Spike t=0] cpu=30.0, msd=3
⚠️ [DDoS/Spike t=0] cpu=30.0, msd=3
⚠️ [DDoS/Spike t=0] cpu=30.0, msd=3
⚠️ [DDoS/Spike t=0] cpu=30.0, msd=3
⚠️ [DDoS/Spike t=0] cpu=30.0, msd=3
⚠️ [DDoS/Spike t=0] cpu=30.0, msd=3
⚠️ [DDoS/Spike t=0] cpu=30.0, msd=3
⚠️ [DDoS/Spike t=0] cpu=30.0, msd=3
⚠️ [DDoS/Spike t=0] cpu=30.0, msd=3
⚠️ [DDoS/Spike t=0] cpu=30.0, msd=3
⚠️ [DDoS/Spike t=0] cpu=30.0, msd=3
⚠️ [DDoS/Spike t=0] cpu=30.0, msd=3
⚠️ [DDoS/Spike t=0] cpu=30.0, msd=3
⚠️ [DDoS/Spike t=0] cpu=30.0, msd=3
⚠️ [DDoS/Spike t=0] cpu=30.0, msd=3
⚠️ [DDoS/Spike t=0] cpu=30.0, msd=3
Eval num_timesteps=70000, episode_reward=-3011.04 +/- 440.09
Episode length: 100.00 +/- 0.00
-------------------------------------------
| eval/                   |               |
|    mean_ep_length       | 100           |
|    mean_reward          | -3.01e+03     |
| time/                   |               |
|    total_timesteps      | 70000         |
| train/                  |               |
|    approx_kl            | 0.00079754903 |
|    clip_fraction        | 0             |
|    clip_range           | 0.2           |
|    entropy_loss         | -3.2          |
|    explained_variance   | -2.38e-07     |
|    learning_rate        | 0.0003        |
|    loss                 | 5.09e+05      |
|    n_updates            | 340           |
|    policy_gradient_loss | -0.00234      |
|    value_loss           | 8.34e+05      |
-------------------------------------------
New best mean reward!
⚠️ [DDoS/Spike t=0] cpu=30.0, msd=3
⚠️ [DDoS/Spike t=0] cpu=30.0, msd=3
⚠️ [DDoS/Spike t=0] cpu=30.0, msd=3
⚠️ [DDoS/Spike t=0] cpu=30.0, msd=3
⚠️ [DDoS/Spike t=0] cpu=30.0, msd=3
⚠️ [DDoS/Spike t=0] cpu=30.0, msd=3
⚠️ [DDoS/Spike t=0] cpu=30.0, msd=3
⚠️ [DDoS/Spike t=0] cpu=30.0, msd=3
⚠️ [DDoS/Spike t=0] cpu=30.0, msd=3
⚠️ [DDoS/Spike t=0] cpu=30.0, msd=3
⚠️ [DDoS/Spike t=0] cpu=30.0, msd=3
⚠️ [DDoS/Spike t=0] cpu=30.0, msd=3
⚠️ [DDoS/Spike t=0] cpu=30.0, msd=3
⚠️ [DDoS/Spike t=0] cpu=30.0, msd=3
⚠️ [DDoS/Spike t=0] cpu=30.0, msd=3
⚠️ [DDoS/Spike t=0] cpu=30.0, msd=3
⚠️ [DDoS/Spike t=0] cpu=30.0, msd=3
----------------------------------
| rollout/           |           |
|    ep_len_mean     | 100       |
|    ep_rew_mean     | -5.32e+03 |
| time/              |           |
|    fps             | 170       |
|    iterations      | 35        |
|    time_elapsed    | 421       |
|    total_timesteps | 71680     |
----------------------------------
⚠️ [DDoS/Spike t=0] cpu=30.0, msd=3
⚠️ [DDoS/Spike t=0] cpu=30.0, msd=3
⚠️ [DDoS/Spike t=0] cpu=30.0, msd=3
⚠️ [DDoS/Spike t=0] cpu=30.0, msd=3
⚠️ [DDoS/Spike t=0] cpu=30.0, msd=3
⚠️ [DDoS/Spike t=0] cpu=30.0, msd=3
⚠️ [DDoS/Spike t=0] cpu=30.0, msd=3
⚠️ [DDoS/Spike t=0] cpu=30.0, msd=3
⚠️ [DDoS/Spike t=0] cpu=30.0, msd=3
⚠️ [DDoS/Spike t=0] cpu=30.0, msd=3
⚠️ [DDoS/Spike t=0] cpu=30.0, msd=3
⚠️ [DDoS/Spike t=0] cpu=30.0, msd=3
⚠️ [DDoS/Spike t=0] cpu=30.0, msd=3
⚠️ [DDoS/Spike t=0] cpu=30.0, msd=3
⚠️ [DDoS/Spike t=0] cpu=30.0, msd=3
⚠️ [DDoS/Spike t=0] cpu=30.0, msd=3
⚠️ [DDoS/Spike t=0] cpu=30.0, msd=3
⚠️ [DDoS/Spike t=0] cpu=30.0, msd=3
⚠️ [DDoS/Spike t=0] cpu=30.0, msd=3
⚠️ [DDoS/Spike t=0] cpu=30.0, msd=3
⚠️ [DDoS/Spike t=0] cpu=30.0, msd=3
-------------------------------------------
| rollout/                |               |
|    ep_len_mean          | 100           |
|    ep_rew_mean          | -5.33e+03     |
| time/                   |               |
|    fps                  | 170           |
|    iterations           | 36            |
|    time_elapsed         | 432           |
|    total_timesteps      | 73728         |
| train/                  |               |
|    approx_kl            | 0.00059395784 |
|    clip_fraction        | 0             |
|    clip_range           | 0.2           |
|    entropy_loss         | -3.2          |
|    explained_variance   | 0             |
|    learning_rate        | 0.0003        |
|    loss                 | 3.72e+05      |
|    n_updates            | 350           |
|    policy_gradient_loss | -0.00179      |
|    value_loss           | 8.4e+05       |
-------------------------------------------
⚠️ [DDoS/Spike t=0] cpu=30.0, msd=3
⚠️ [DDoS/Spike t=0] cpu=30.0, msd=3
⚠️ [DDoS/Spike t=0] cpu=30.0, msd=3
⚠️ [DDoS/Spike t=0] cpu=30.0, msd=3
⚠️ [DDoS/Spike t=0] cpu=30.0, msd=3
⚠️ [DDoS/Spike t=0] cpu=30.0, msd=3
⚠️ [DDoS/Spike t=0] cpu=30.0, msd=3
⚠️ [DDoS/Spike t=0] cpu=30.0, msd=3
⚠️ [DDoS/Spike t=0] cpu=30.0, msd=3
⚠️ [DDoS/Spike t=0] cpu=30.0, msd=3
⚠️ [DDoS/Spike t=0] cpu=30.0, msd=3
⚠️ [DDoS/Spike t=0] cpu=30.0, msd=3
⚠️ [DDoS/Spike t=0] cpu=30.0, msd=3
⚠️ [DDoS/Spike t=0] cpu=30.0, msd=3
⚠️ [DDoS/Spike t=0] cpu=30.0, msd=3
⚠️ [DDoS/Spike t=0] cpu=30.0, msd=3
⚠️ [DDoS/Spike t=0] cpu=30.0, msd=3
⚠️ [DDoS/Spike t=0] cpu=30.0, msd=3
⚠️ [DDoS/Spike t=0] cpu=30.0, msd=3
⚠️ [DDoS/Spike t=0] cpu=30.0, msd=3
------------------------------------------
| rollout/                |              |
|    ep_len_mean          | 100          |
|    ep_rew_mean          | -5.39e+03    |
| time/                   |              |
|    fps                  | 169          |
|    iterations           | 37           |
|    time_elapsed         | 445          |
|    total_timesteps      | 75776        |
| train/                  |              |
|    approx_kl            | 0.0004691408 |
|    clip_fraction        | 0            |
|    clip_range           | 0.2          |
|    entropy_loss         | -3.2         |
|    explained_variance   | -1.19e-07    |
|    learning_rate        | 0.0003       |
|    loss                 | 4.96e+05     |
|    n_updates            | 360          |
|    policy_gradient_loss | -0.00171     |
|    value_loss           | 8.38e+05     |
------------------------------------------
⚠️ [DDoS/Spike t=0] cpu=30.0, msd=3
⚠️ [DDoS/Spike t=0] cpu=30.0, msd=3
⚠️ [DDoS/Spike t=0] cpu=30.0, msd=3
⚠️ [DDoS/Spike t=0] cpu=30.0, msd=3
⚠️ [DDoS/Spike t=0] cpu=30.0, msd=3
⚠️ [DDoS/Spike t=0] cpu=30.0, msd=3
⚠️ [DDoS/Spike t=0] cpu=30.0, msd=3
⚠️ [DDoS/Spike t=0] cpu=30.0, msd=3
⚠️ [DDoS/Spike t=0] cpu=30.0, msd=3
⚠️ [DDoS/Spike t=0] cpu=30.0, msd=3
⚠️ [DDoS/Spike t=0] cpu=30.0, msd=3
⚠️ [DDoS/Spike t=0] cpu=30.0, msd=3
⚠️ [DDoS/Spike t=0] cpu=30.0, msd=3
⚠️ [DDoS/Spike t=0] cpu=30.0, msd=3
⚠️ [DDoS/Spike t=0] cpu=30.0, msd=3
⚠️ [DDoS/Spike t=0] cpu=30.0, msd=3
⚠️ [DDoS/Spike t=0] cpu=30.0, msd=3
⚠️ [DDoS/Spike t=0] cpu=30.0, msd=3
⚠️ [DDoS/Spike t=0] cpu=30.0, msd=3
⚠️ [DDoS/Spike t=0] cpu=30.0, msd=3
⚠️ [DDoS/Spike t=0] cpu=30.0, msd=3
-------------------------------------------
| rollout/                |               |
|    ep_len_mean          | 100           |
|    ep_rew_mean          | -5.5e+03      |
| time/                   |               |
|    fps                  | 170           |
|    iterations           | 38            |
|    time_elapsed         | 456           |
|    total_timesteps      | 77824         |
| train/                  |               |
|    approx_kl            | 0.00015020857 |
|    clip_fraction        | 0             |
|    clip_range           | 0.2           |
|    entropy_loss         | -3.2          |
|    explained_variance   | 0             |
|    learning_rate        | 0.0003        |
|    loss                 | 4.2e+05       |
|    n_updates            | 370           |
|    policy_gradient_loss | -0.00103      |
|    value_loss           | 9.98e+05      |
-------------------------------------------
⚠️ [DDoS/Spike t=0] cpu=30.0, msd=3
⚠️ [DDoS/Spike t=0] cpu=30.0, msd=3
⚠️ [DDoS/Spike t=0] cpu=30.0, msd=3
⚠️ [DDoS/Spike t=0] cpu=30.0, msd=3
⚠️ [DDoS/Spike t=0] cpu=30.0, msd=3
⚠️ [DDoS/Spike t=0] cpu=30.0, msd=3
⚠️ [DDoS/Spike t=0] cpu=30.0, msd=3
⚠️ [DDoS/Spike t=0] cpu=30.0, msd=3
⚠️ [DDoS/Spike t=0] cpu=30.0, msd=3
⚠️ [DDoS/Spike t=0] cpu=30.0, msd=3
⚠️ [DDoS/Spike t=0] cpu=30.0, msd=3
⚠️ [DDoS/Spike t=0] cpu=30.0, msd=3
⚠️ [DDoS/Spike t=0] cpu=30.0, msd=3
⚠️ [DDoS/Spike t=0] cpu=30.0, msd=3
⚠️ [DDoS/Spike t=0] cpu=30.0, msd=3
⚠️ [DDoS/Spike t=0] cpu=30.0, msd=3
⚠️ [DDoS/Spike t=0] cpu=30.0, msd=3
⚠️ [DDoS/Spike t=0] cpu=30.0, msd=3
⚠️ [DDoS/Spike t=0] cpu=30.0, msd=3
⚠️ [DDoS/Spike t=0] cpu=30.0, msd=3
-------------------------------------------
| rollout/                |               |
|    ep_len_mean          | 100           |
|    ep_rew_mean          | -5.4e+03      |
| time/                   |               |
|    fps                  | 171           |
|    iterations           | 39            |
|    time_elapsed         | 466           |
|    total_timesteps      | 79872         |
| train/                  |               |
|    approx_kl            | 0.00041879655 |
|    clip_fraction        | 0             |
|    clip_range           | 0.2           |
|    entropy_loss         | -3.2          |
|    explained_variance   | -1.19e-07     |
|    learning_rate        | 0.0003        |
|    loss                 | 3.78e+05      |
|    n_updates            | 380           |
|    policy_gradient_loss | -0.00162      |
|    value_loss           | 8.83e+05      |
-------------------------------------------
⚠️ [DDoS/Spike t=0] cpu=30.0, msd=3
⚠️ [DDoS/Spike t=0] cpu=30.0, msd=3
⚠️ [DDoS/Spike t=0] cpu=30.0, msd=3
⚠️ [DDoS/Spike t=0] cpu=30.0, msd=3
⚠️ [DDoS/Spike t=0] cpu=30.0, msd=3
⚠️ [DDoS/Spike t=0] cpu=30.0, msd=3
⚠️ [DDoS/Spike t=0] cpu=30.0, msd=3
⚠️ [DDoS/Spike t=0] cpu=30.0, msd=3
⚠️ [DDoS/Spike t=0] cpu=30.0, msd=3
⚠️ [DDoS/Spike t=0] cpu=30.0, msd=3
⚠️ [DDoS/Spike t=0] cpu=30.0, msd=3
⚠️ [DDoS/Spike t=0] cpu=30.0, msd=3
⚠️ [DDoS/Spike t=0] cpu=30.0, msd=3
⚠️ [DDoS/Spike t=0] cpu=30.0, msd=3
⚠️ [DDoS/Spike t=0] cpu=30.0, msd=3
⚠️ [DDoS/Spike t=0] cpu=30.0, msd=3
⚠️ [DDoS/Spike t=0] cpu=30.0, msd=3
⚠️ [DDoS/Spike t=0] cpu=30.0, msd=3
⚠️ [DDoS/Spike t=0] cpu=30.0, msd=3
⚠️ [DDoS/Spike t=0] cpu=30.0, msd=3
⚠️ [DDoS/Spike t=0] cpu=30.0, msd=3
Eval num_timesteps=80000, episode_reward=-4576.29 +/- 329.65
Episode length: 100.00 +/- 0.00
------------------------------------------
| eval/                   |              |
|    mean_ep_length       | 100          |
|    mean_reward          | -4.58e+03    |
| time/                   |              |
|    total_timesteps      | 80000        |
| train/                  |              |
|    approx_kl            | 0.0006045903 |
|    clip_fraction        | 0            |
|    clip_range           | 0.2          |
|    entropy_loss         | -3.2         |
|    explained_variance   | -1.19e-07    |
|    learning_rate        | 0.0003       |
|    loss                 | 3.85e+05     |
|    n_updates            | 390          |
|    policy_gradient_loss | -0.00209     |
|    value_loss           | 7.94e+05     |
------------------------------------------
⚠️ [DDoS/Spike t=0] cpu=30.0, msd=3
⚠️ [DDoS/Spike t=0] cpu=30.0, msd=3
⚠️ [DDoS/Spike t=0] cpu=30.0, msd=3
⚠️ [DDoS/Spike t=0] cpu=30.0, msd=3
⚠️ [DDoS/Spike t=0] cpu=30.0, msd=3
⚠️ [DDoS/Spike t=0] cpu=30.0, msd=3
⚠️ [DDoS/Spike t=0] cpu=30.0, msd=3
⚠️ [DDoS/Spike t=0] cpu=30.0, msd=3
⚠️ [DDoS/Spike t=0] cpu=30.0, msd=3
⚠️ [DDoS/Spike t=0] cpu=30.0, msd=3
⚠️ [DDoS/Spike t=0] cpu=30.0, msd=3
⚠️ [DDoS/Spike t=0] cpu=30.0, msd=3
⚠️ [DDoS/Spike t=0] cpu=30.0, msd=3
⚠️ [DDoS/Spike t=0] cpu=30.0, msd=3
⚠️ [DDoS/Spike t=0] cpu=30.0, msd=3
⚠️ [DDoS/Spike t=0] cpu=30.0, msd=3
⚠️ [DDoS/Spike t=0] cpu=30.0, msd=3
⚠️ [DDoS/Spike t=0] cpu=30.0, msd=3
⚠️ [DDoS/Spike t=0] cpu=30.0, msd=3
⚠️ [DDoS/Spike t=0] cpu=30.0, msd=3
----------------------------------
| rollout/           |           |
|    ep_len_mean     | 100       |
|    ep_rew_mean     | -5.33e+03 |
| time/              |           |
|    fps             | 169       |
|    iterations      | 40        |
|    time_elapsed    | 483       |
|    total_timesteps | 81920     |
----------------------------------
⚠️ [DDoS/Spike t=0] cpu=30.0, msd=3
⚠️ [DDoS/Spike t=0] cpu=30.0, msd=3
⚠️ [DDoS/Spike t=0] cpu=30.0, msd=3
⚠️ [DDoS/Spike t=0] cpu=30.0, msd=3
⚠️ [DDoS/Spike t=0] cpu=30.0, msd=3
⚠️ [DDoS/Spike t=0] cpu=30.0, msd=3
⚠️ [DDoS/Spike t=0] cpu=30.0, msd=3
⚠️ [DDoS/Spike t=0] cpu=30.0, msd=3
⚠️ [DDoS/Spike t=0] cpu=30.0, msd=3
⚠️ [DDoS/Spike t=0] cpu=30.0, msd=3
⚠️ [DDoS/Spike t=0] cpu=30.0, msd=3
⚠️ [DDoS/Spike t=0] cpu=30.0, msd=3
⚠️ [DDoS/Spike t=0] cpu=30.0, msd=3
⚠️ [DDoS/Spike t=0] cpu=30.0, msd=3
⚠️ [DDoS/Spike t=0] cpu=30.0, msd=3
⚠️ [DDoS/Spike t=0] cpu=30.0, msd=3
⚠️ [DDoS/Spike t=0] cpu=30.0, msd=3
⚠️ [DDoS/Spike t=0] cpu=30.0, msd=3
⚠️ [DDoS/Spike t=0] cpu=30.0, msd=3
⚠️ [DDoS/Spike t=0] cpu=30.0, msd=3
-------------------------------------------
| rollout/                |               |
|    ep_len_mean          | 100           |
|    ep_rew_mean          | -5.26e+03     |
| time/                   |               |
|    fps                  | 168           |
|    iterations           | 41            |
|    time_elapsed         | 497           |
|    total_timesteps      | 83968         |
| train/                  |               |
|    approx_kl            | 0.00029419782 |
|    clip_fraction        | 0             |
|    clip_range           | 0.2           |
|    entropy_loss         | -3.19         |
|    explained_variance   | 0             |
|    learning_rate        | 0.0003        |
|    loss                 | 2.69e+05      |
|    n_updates            | 400           |
|    policy_gradient_loss | -0.00145      |
|    value_loss           | 7.24e+05      |
-------------------------------------------
⚠️ [DDoS/Spike t=0] cpu=30.0, msd=3
⚠️ [DDoS/Spike t=0] cpu=30.0, msd=3
⚠️ [DDoS/Spike t=0] cpu=30.0, msd=3
⚠️ [DDoS/Spike t=0] cpu=30.0, msd=3
⚠️ [DDoS/Spike t=0] cpu=30.0, msd=3
⚠️ [DDoS/Spike t=0] cpu=30.0, msd=3
⚠️ [DDoS/Spike t=0] cpu=30.0, msd=3
⚠️ [DDoS/Spike t=0] cpu=30.0, msd=3
⚠️ [DDoS/Spike t=0] cpu=30.0, msd=3
⚠️ [DDoS/Spike t=0] cpu=30.0, msd=3
⚠️ [DDoS/Spike t=0] cpu=30.0, msd=3
⚠️ [DDoS/Spike t=0] cpu=30.0, msd=3
⚠️ [DDoS/Spike t=0] cpu=30.0, msd=3
⚠️ [DDoS/Spike t=0] cpu=30.0, msd=3
⚠️ [DDoS/Spike t=0] cpu=30.0, msd=3
⚠️ [DDoS/Spike t=0] cpu=30.0, msd=3
⚠️ [DDoS/Spike t=0] cpu=30.0, msd=3
⚠️ [DDoS/Spike t=0] cpu=30.0, msd=3
⚠️ [DDoS/Spike t=0] cpu=30.0, msd=3
⚠️ [DDoS/Spike t=0] cpu=30.0, msd=3
⚠️ [DDoS/Spike t=0] cpu=30.0, msd=3
------------------------------------------
| rollout/                |              |
|    ep_len_mean          | 100          |
|    ep_rew_mean          | -5.27e+03    |
| time/                   |              |
|    fps                  | 168          |
|    iterations           | 42           |
|    time_elapsed         | 509          |
|    total_timesteps      | 86016        |
| train/                  |              |
|    approx_kl            | 0.0012502694 |
|    clip_fraction        | 0            |
|    clip_range           | 0.2          |
|    entropy_loss         | -3.2         |
|    explained_variance   | 0            |
|    learning_rate        | 0.0003       |
|    loss                 | 3.62e+05     |
|    n_updates            | 410          |
|    policy_gradient_loss | -0.0032      |
|    value_loss           | 7.84e+05     |
------------------------------------------
⚠️ [DDoS/Spike t=0] cpu=30.0, msd=3
⚠️ [DDoS/Spike t=0] cpu=30.0, msd=3
⚠️ [DDoS/Spike t=0] cpu=30.0, msd=3
⚠️ [DDoS/Spike t=0] cpu=30.0, msd=3
⚠️ [DDoS/Spike t=0] cpu=30.0, msd=3
⚠️ [DDoS/Spike t=0] cpu=30.0, msd=3
⚠️ [DDoS/Spike t=0] cpu=30.0, msd=3
⚠️ [DDoS/Spike t=0] cpu=30.0, msd=3
⚠️ [DDoS/Spike t=0] cpu=30.0, msd=3
⚠️ [DDoS/Spike t=0] cpu=30.0, msd=3
⚠️ [DDoS/Spike t=0] cpu=30.0, msd=3
⚠️ [DDoS/Spike t=0] cpu=30.0, msd=3
⚠️ [DDoS/Spike t=0] cpu=30.0, msd=3
⚠️ [DDoS/Spike t=0] cpu=30.0, msd=3
⚠️ [DDoS/Spike t=0] cpu=30.0, msd=3
⚠️ [DDoS/Spike t=0] cpu=30.0, msd=3
⚠️ [DDoS/Spike t=0] cpu=30.0, msd=3
⚠️ [DDoS/Spike t=0] cpu=30.0, msd=3
⚠️ [DDoS/Spike t=0] cpu=30.0, msd=3
⚠️ [DDoS/Spike t=0] cpu=30.0, msd=3
------------------------------------------
| rollout/                |              |
|    ep_len_mean          | 100          |
|    ep_rew_mean          | -5.24e+03    |
| time/                   |              |
|    fps                  | 168          |
|    iterations           | 43           |
|    time_elapsed         | 523          |
|    total_timesteps      | 88064        |
| train/                  |              |
|    approx_kl            | 0.0007443825 |
|    clip_fraction        | 0            |
|    clip_range           | 0.2          |
|    entropy_loss         | -3.2         |
|    explained_variance   | -1.19e-07    |
|    learning_rate        | 0.0003       |
|    loss                 | 4.21e+05     |
|    n_updates            | 420          |
|    policy_gradient_loss | -0.00213     |
|    value_loss           | 9.15e+05     |
------------------------------------------
⚠️ [DDoS/Spike t=0] cpu=30.0, msd=3
⚠️ [DDoS/Spike t=0] cpu=30.0, msd=3
⚠️ [DDoS/Spike t=0] cpu=30.0, msd=3
⚠️ [DDoS/Spike t=0] cpu=30.0, msd=3
⚠️ [DDoS/Spike t=0] cpu=30.0, msd=3
⚠️ [DDoS/Spike t=0] cpu=30.0, msd=3
⚠️ [DDoS/Spike t=0] cpu=30.0, msd=3
⚠️ [DDoS/Spike t=0] cpu=30.0, msd=3
⚠️ [DDoS/Spike t=0] cpu=30.0, msd=3
⚠️ [DDoS/Spike t=0] cpu=30.0, msd=3
⚠️ [DDoS/Spike t=0] cpu=30.0, msd=3
⚠️ [DDoS/Spike t=0] cpu=30.0, msd=3
⚠️ [DDoS/Spike t=0] cpu=30.0, msd=3
⚠️ [DDoS/Spike t=0] cpu=30.0, msd=3
⚠️ [DDoS/Spike t=0] cpu=30.0, msd=3
⚠️ [DDoS/Spike t=0] cpu=30.0, msd=3
⚠️ [DDoS/Spike t=0] cpu=30.0, msd=3
⚠️ [DDoS/Spike t=0] cpu=30.0, msd=3
⚠️ [DDoS/Spike t=0] cpu=30.0, msd=3
⚠️ [DDoS/Spike t=0] cpu=30.0, msd=3
⚠️ [DDoS/Spike t=0] cpu=30.0, msd=3
⚠️ [DDoS/Spike t=0] cpu=30.0, msd=3
⚠️ [DDoS/Spike t=0] cpu=30.0, msd=3
⚠️ [DDoS/Spike t=0] cpu=30.0, msd=3
⚠️ [DDoS/Spike t=0] cpu=30.0, msd=3
⚠️ [DDoS/Spike t=0] cpu=30.0, msd=3
⚠️ [DDoS/Spike t=0] cpu=30.0, msd=3
⚠️ [DDoS/Spike t=0] cpu=30.0, msd=3
⚠️ [DDoS/Spike t=0] cpu=30.0, msd=3
⚠️ [DDoS/Spike t=0] cpu=30.0, msd=3
⚠️ [DDoS/Spike t=0] cpu=30.0, msd=3
⚠️ [DDoS/Spike t=0] cpu=30.0, msd=3
⚠️ [DDoS/Spike t=0] cpu=30.0, msd=3
⚠️ [DDoS/Spike t=0] cpu=30.0, msd=3
⚠️ [DDoS/Spike t=0] cpu=30.0, msd=3
⚠️ [DDoS/Spike t=0] cpu=30.0, msd=3
⚠️ [DDoS/Spike t=0] cpu=30.0, msd=3
⚠️ [DDoS/Spike t=0] cpu=30.0, msd=3
⚠️ [DDoS/Spike t=0] cpu=30.0, msd=3
Eval num_timesteps=90000, episode_reward=-1753.73 +/- 307.01
Episode length: 100.00 +/- 0.00
-------------------------------------------
| eval/                   |               |
|    mean_ep_length       | 100           |
|    mean_reward          | -1.75e+03     |
| time/                   |               |
|    total_timesteps      | 90000         |
| train/                  |               |
|    approx_kl            | 0.00049936364 |
|    clip_fraction        | 0             |
|    clip_range           | 0.2           |
|    entropy_loss         | -3.2          |
|    explained_variance   | 0             |
|    learning_rate        | 0.0003        |
|    loss                 | 3.16e+05      |
|    n_updates            | 430           |
|    policy_gradient_loss | -0.00167      |
|    value_loss           | 7.68e+05      |
-------------------------------------------
New best mean reward!
⚠️ [DDoS/Spike t=0] cpu=30.0, msd=3
⚠️ [DDoS/Spike t=0] cpu=30.0, msd=3
----------------------------------
| rollout/           |           |
|    ep_len_mean     | 100       |
|    ep_rew_mean     | -5.24e+03 |
| time/              |           |
|    fps             | 167       |
|    iterations      | 44        |
|    time_elapsed    | 538       |
|    total_timesteps | 90112     |
----------------------------------
⚠️ [DDoS/Spike t=0] cpu=30.0, msd=3
⚠️ [DDoS/Spike t=0] cpu=30.0, msd=3
⚠️ [DDoS/Spike t=0] cpu=30.0, msd=3
⚠️ [DDoS/Spike t=0] cpu=30.0, msd=3
⚠️ [DDoS/Spike t=0] cpu=30.0, msd=3
⚠️ [DDoS/Spike t=0] cpu=30.0, msd=3
⚠️ [DDoS/Spike t=0] cpu=30.0, msd=3
⚠️ [DDoS/Spike t=0] cpu=30.0, msd=3
⚠️ [DDoS/Spike t=0] cpu=30.0, msd=3
⚠️ [DDoS/Spike t=0] cpu=30.0, msd=3
⚠️ [DDoS/Spike t=0] cpu=30.0, msd=3
⚠️ [DDoS/Spike t=0] cpu=30.0, msd=3
⚠️ [DDoS/Spike t=0] cpu=30.0, msd=3
⚠️ [DDoS/Spike t=0] cpu=30.0, msd=3
⚠️ [DDoS/Spike t=0] cpu=30.0, msd=3
⚠️ [DDoS/Spike t=0] cpu=30.0, msd=3
⚠️ [DDoS/Spike t=0] cpu=30.0, msd=3
⚠️ [DDoS/Spike t=0] cpu=30.0, msd=3
⚠️ [DDoS/Spike t=0] cpu=30.0, msd=3
⚠️ [DDoS/Spike t=0] cpu=30.0, msd=3
-------------------------------------------
| rollout/                |               |
|    ep_len_mean          | 100           |
|    ep_rew_mean          | -5.3e+03      |
| time/                   |               |
|    fps                  | 167           |
|    iterations           | 45            |
|    time_elapsed         | 549           |
|    total_timesteps      | 92160         |
| train/                  |               |
|    approx_kl            | 0.00046910552 |
|    clip_fraction        | 0             |
|    clip_range           | 0.2           |
|    entropy_loss         | -3.19         |
|    explained_variance   | 0             |
|    learning_rate        | 0.0003        |
|    loss                 | 3.55e+05      |
|    n_updates            | 440           |
|    policy_gradient_loss | -0.0015       |
|    value_loss           | 8.74e+05      |
-------------------------------------------
⚠️ [DDoS/Spike t=0] cpu=30.0, msd=3
⚠️ [DDoS/Spike t=0] cpu=30.0, msd=3
⚠️ [DDoS/Spike t=0] cpu=30.0, msd=3
⚠️ [DDoS/Spike t=0] cpu=30.0, msd=3
⚠️ [DDoS/Spike t=0] cpu=30.0, msd=3
⚠️ [DDoS/Spike t=0] cpu=30.0, msd=3
⚠️ [DDoS/Spike t=0] cpu=30.0, msd=3
⚠️ [DDoS/Spike t=0] cpu=30.0, msd=3
⚠️ [DDoS/Spike t=0] cpu=30.0, msd=3
⚠️ [DDoS/Spike t=0] cpu=30.0, msd=3
⚠️ [DDoS/Spike t=0] cpu=30.0, msd=3
⚠️ [DDoS/Spike t=0] cpu=30.0, msd=3
⚠️ [DDoS/Spike t=0] cpu=30.0, msd=3
⚠️ [DDoS/Spike t=0] cpu=30.0, msd=3
⚠️ [DDoS/Spike t=0] cpu=30.0, msd=3
⚠️ [DDoS/Spike t=0] cpu=30.0, msd=3
⚠️ [DDoS/Spike t=0] cpu=30.0, msd=3
⚠️ [DDoS/Spike t=0] cpu=30.0, msd=3
⚠️ [DDoS/Spike t=0] cpu=30.0, msd=3
⚠️ [DDoS/Spike t=0] cpu=30.0, msd=3
⚠️ [DDoS/Spike t=0] cpu=30.0, msd=3
-------------------------------------------
| rollout/                |               |
|    ep_len_mean          | 100           |
|    ep_rew_mean          | -5.35e+03     |
| time/                   |               |
|    fps                  | 167           |
|    iterations           | 46            |
|    time_elapsed         | 563           |
|    total_timesteps      | 94208         |
| train/                  |               |
|    approx_kl            | 0.00048523594 |
|    clip_fraction        | 0             |
|    clip_range           | 0.2           |
|    entropy_loss         | -3.19         |
|    explained_variance   | -1.19e-07     |
|    learning_rate        | 0.0003        |
|    loss                 | 2.83e+05      |
|    n_updates            | 450           |
|    policy_gradient_loss | -0.00159      |
|    value_loss           | 7.9e+05       |
-------------------------------------------
⚠️ [DDoS/Spike t=0] cpu=30.0, msd=3
⚠️ [DDoS/Spike t=0] cpu=30.0, msd=3
⚠️ [DDoS/Spike t=0] cpu=30.0, msd=3
⚠️ [DDoS/Spike t=0] cpu=30.0, msd=3
⚠️ [DDoS/Spike t=0] cpu=30.0, msd=3
⚠️ [DDoS/Spike t=0] cpu=30.0, msd=3
⚠️ [DDoS/Spike t=0] cpu=30.0, msd=3
⚠️ [DDoS/Spike t=0] cpu=30.0, msd=3
⚠️ [DDoS/Spike t=0] cpu=30.0, msd=3
⚠️ [DDoS/Spike t=0] cpu=30.0, msd=3
⚠️ [DDoS/Spike t=0] cpu=30.0, msd=3
⚠️ [DDoS/Spike t=0] cpu=30.0, msd=3
⚠️ [DDoS/Spike t=0] cpu=30.0, msd=3
⚠️ [DDoS/Spike t=0] cpu=30.0, msd=3
⚠️ [DDoS/Spike t=0] cpu=30.0, msd=3
⚠️ [DDoS/Spike t=0] cpu=30.0, msd=3
⚠️ [DDoS/Spike t=0] cpu=30.0, msd=3
⚠️ [DDoS/Spike t=0] cpu=30.0, msd=3
⚠️ [DDoS/Spike t=0] cpu=30.0, msd=3
⚠️ [DDoS/Spike t=0] cpu=30.0, msd=3
------------------------------------------
| rollout/                |              |
|    ep_len_mean          | 100          |
|    ep_rew_mean          | -5.26e+03    |
| time/                   |              |
|    fps                  | 167          |
|    iterations           | 47           |
|    time_elapsed         | 574          |
|    total_timesteps      | 96256        |
| train/                  |              |
|    approx_kl            | 0.0006324736 |
|    clip_fraction        | 0            |
|    clip_range           | 0.2          |
|    entropy_loss         | -3.19        |
|    explained_variance   | 0            |
|    learning_rate        | 0.0003       |
|    loss                 | 4.53e+05     |
|    n_updates            | 460          |
|    policy_gradient_loss | -0.00184     |
|    value_loss           | 8.03e+05     |
------------------------------------------
⚠️ [DDoS/Spike t=0] cpu=30.0, msd=3
⚠️ [DDoS/Spike t=0] cpu=30.0, msd=3
⚠️ [DDoS/Spike t=0] cpu=30.0, msd=3
⚠️ [DDoS/Spike t=0] cpu=30.0, msd=3
⚠️ [DDoS/Spike t=0] cpu=30.0, msd=3
⚠️ [DDoS/Spike t=0] cpu=30.0, msd=3
⚠️ [DDoS/Spike t=0] cpu=30.0, msd=3
⚠️ [DDoS/Spike t=0] cpu=30.0, msd=3
⚠️ [DDoS/Spike t=0] cpu=30.0, msd=3
⚠️ [DDoS/Spike t=0] cpu=30.0, msd=3
⚠️ [DDoS/Spike t=0] cpu=30.0, msd=3
⚠️ [DDoS/Spike t=0] cpu=30.0, msd=3
⚠️ [DDoS/Spike t=0] cpu=30.0, msd=3
⚠️ [DDoS/Spike t=0] cpu=30.0, msd=3
⚠️ [DDoS/Spike t=0] cpu=30.0, msd=3
⚠️ [DDoS/Spike t=0] cpu=30.0, msd=3
⚠️ [DDoS/Spike t=0] cpu=30.0, msd=3
⚠️ [DDoS/Spike t=0] cpu=30.0, msd=3
⚠️ [DDoS/Spike t=0] cpu=30.0, msd=3
⚠️ [DDoS/Spike t=0] cpu=30.0, msd=3
⚠️ [DDoS/Spike t=0] cpu=30.0, msd=3
-----------------------------------------
| rollout/                |             |
|    ep_len_mean          | 100         |
|    ep_rew_mean          | -5.19e+03   |
| time/                   |             |
|    fps                  | 168         |
|    iterations           | 48          |
|    time_elapsed         | 583         |
|    total_timesteps      | 98304       |
| train/                  |             |
|    approx_kl            | 0.001014137 |
|    clip_fraction        | 4.88e-05    |
|    clip_range           | 0.2         |
|    entropy_loss         | -3.19       |
|    explained_variance   | 0           |
|    learning_rate        | 0.0003      |
|    loss                 | 4.06e+05    |
|    n_updates            | 470         |
|    policy_gradient_loss | -0.00293    |
|    value_loss           | 7.91e+05    |
-----------------------------------------
⚠️ [DDoS/Spike t=0] cpu=30.0, msd=3
⚠️ [DDoS/Spike t=0] cpu=30.0, msd=3
⚠️ [DDoS/Spike t=0] cpu=30.0, msd=3
⚠️ [DDoS/Spike t=0] cpu=30.0, msd=3
⚠️ [DDoS/Spike t=0] cpu=30.0, msd=3
⚠️ [DDoS/Spike t=0] cpu=30.0, msd=3
⚠️ [DDoS/Spike t=0] cpu=30.0, msd=3
⚠️ [DDoS/Spike t=0] cpu=30.0, msd=3
⚠️ [DDoS/Spike t=0] cpu=30.0, msd=3
⚠️ [DDoS/Spike t=0] cpu=30.0, msd=3
⚠️ [DDoS/Spike t=0] cpu=30.0, msd=3
⚠️ [DDoS/Spike t=0] cpu=30.0, msd=3
⚠️ [DDoS/Spike t=0] cpu=30.0, msd=3
⚠️ [DDoS/Spike t=0] cpu=30.0, msd=3
⚠️ [DDoS/Spike t=0] cpu=30.0, msd=3
⚠️ [DDoS/Spike t=0] cpu=30.0, msd=3
⚠️ [DDoS/Spike t=0] cpu=30.0, msd=3
⚠️ [DDoS/Spike t=0] cpu=30.0, msd=3
⚠️ [DDoS/Spike t=0] cpu=30.0, msd=3
⚠️ [DDoS/Spike t=0] cpu=30.0, msd=3
⚠️ [DDoS/Spike t=0] cpu=30.0, msd=3
⚠️ [DDoS/Spike t=0] cpu=30.0, msd=3
⚠️ [DDoS/Spike t=0] cpu=30.0, msd=3
⚠️ [DDoS/Spike t=0] cpu=30.0, msd=3
⚠️ [DDoS/Spike t=0] cpu=30.0, msd=3
⚠️ [DDoS/Spike t=0] cpu=30.0, msd=3
⚠️ [DDoS/Spike t=0] cpu=30.0, msd=3
⚠️ [DDoS/Spike t=0] cpu=30.0, msd=3
⚠️ [DDoS/Spike t=0] cpu=30.0, msd=3
⚠️ [DDoS/Spike t=0] cpu=30.0, msd=3
⚠️ [DDoS/Spike t=0] cpu=30.0, msd=3
⚠️ [DDoS/Spike t=0] cpu=30.0, msd=3
⚠️ [DDoS/Spike t=0] cpu=30.0, msd=3
⚠️ [DDoS/Spike t=0] cpu=30.0, msd=3
⚠️ [DDoS/Spike t=0] cpu=30.0, msd=3
⚠️ [DDoS/Spike t=0] cpu=30.0, msd=3
Eval num_timesteps=100000, episode_reward=-2957.66 +/- 383.70
Episode length: 100.00 +/- 0.00
------------------------------------------
| eval/                   |              |
|    mean_ep_length       | 100          |
|    mean_reward          | -2.96e+03    |
| time/                   |              |
|    total_timesteps      | 100000       |
| train/                  |              |
|    approx_kl            | 0.0023500465 |
|    clip_fraction        | 0.000537     |
|    clip_range           | 0.2          |
|    entropy_loss         | -3.19        |
|    explained_variance   | -1.19e-07    |
|    learning_rate        | 0.0003       |
|    loss                 | 4.97e+05     |
|    n_updates            | 480          |
|    policy_gradient_loss | -0.00424     |
|    value_loss           | 8.42e+05     |
------------------------------------------
⚠️ [DDoS/Spike t=0] cpu=30.0, msd=3
⚠️ [DDoS/Spike t=0] cpu=30.0, msd=3
⚠️ [DDoS/Spike t=0] cpu=30.0, msd=3
⚠️ [DDoS/Spike t=0] cpu=30.0, msd=3
----------------------------------
| rollout/           |           |
|    ep_len_mean     | 100       |
|    ep_rew_mean     | -5.23e+03 |
| time/              |           |
|    fps             | 167       |
|    iterations      | 49        |
|    time_elapsed    | 600       |
|    total_timesteps | 100352    |
----------------------------------
⚠️ [DDoS/Spike t=0] cpu=30.0, msd=3
⚠️ [DDoS/Spike t=0] cpu=30.0, msd=3
⚠️ [DDoS/Spike t=0] cpu=30.0, msd=3
⚠️ [DDoS/Spike t=0] cpu=30.0, msd=3
⚠️ [DDoS/Spike t=0] cpu=30.0, msd=3
⚠️ [DDoS/Spike t=0] cpu=30.0, msd=3
⚠️ [DDoS/Spike t=0] cpu=30.0, msd=3
⚠️ [DDoS/Spike t=0] cpu=30.0, msd=3
⚠️ [DDoS/Spike t=0] cpu=30.0, msd=3
⚠️ [DDoS/Spike t=0] cpu=30.0, msd=3
⚠️ [DDoS/Spike t=0] cpu=30.0, msd=3
⚠️ [DDoS/Spike t=0] cpu=30.0, msd=3
⚠️ [DDoS/Spike t=0] cpu=30.0, msd=3
⚠️ [DDoS/Spike t=0] cpu=30.0, msd=3
⚠️ [DDoS/Spike t=0] cpu=30.0, msd=3
⚠️ [DDoS/Spike t=0] cpu=30.0, msd=3
⚠️ [DDoS/Spike t=0] cpu=30.0, msd=3
⚠️ [DDoS/Spike t=0] cpu=30.0, msd=3
⚠️ [DDoS/Spike t=0] cpu=30.0, msd=3
⚠️ [DDoS/Spike t=0] cpu=30.0, msd=3
------------------------------------------
| rollout/                |              |
|    ep_len_mean          | 100          |
|    ep_rew_mean          | -5.09e+03    |
| time/                   |              |
|    fps                  | 166          |
|    iterations           | 50           |
|    time_elapsed         | 616          |
|    total_timesteps      | 102400       |
| train/                  |              |
|    approx_kl            | 0.0011864437 |
|    clip_fraction        | 0            |
|    clip_range           | 0.2          |
|    entropy_loss         | -3.19        |
|    explained_variance   | 0            |
|    learning_rate        | 0.0003       |
|    loss                 | 4.88e+05     |
|    n_updates            | 490          |
|    policy_gradient_loss | -0.00284     |
|    value_loss           | 8.41e+05     |
------------------------------------------
⚠️ [DDoS/Spike t=0] cpu=30.0, msd=3
⚠️ [DDoS/Spike t=0] cpu=30.0, msd=3
⚠️ [DDoS/Spike t=0] cpu=30.0, msd=3
⚠️ [DDoS/Spike t=0] cpu=30.0, msd=3
⚠️ [DDoS/Spike t=0] cpu=30.0, msd=3
⚠️ [DDoS/Spike t=0] cpu=30.0, msd=3
⚠️ [DDoS/Spike t=0] cpu=30.0, msd=3
⚠️ [DDoS/Spike t=0] cpu=30.0, msd=3
⚠️ [DDoS/Spike t=0] cpu=30.0, msd=3
⚠️ [DDoS/Spike t=0] cpu=30.0, msd=3
⚠️ [DDoS/Spike t=0] cpu=30.0, msd=3
⚠️ [DDoS/Spike t=0] cpu=30.0, msd=3
⚠️ [DDoS/Spike t=0] cpu=30.0, msd=3
⚠️ [DDoS/Spike t=0] cpu=30.0, msd=3
⚠️ [DDoS/Spike t=0] cpu=30.0, msd=3
⚠️ [DDoS/Spike t=0] cpu=30.0, msd=3
⚠️ [DDoS/Spike t=0] cpu=30.0, msd=3
⚠️ [DDoS/Spike t=0] cpu=30.0, msd=3
⚠️ [DDoS/Spike t=0] cpu=30.0, msd=3
⚠️ [DDoS/Spike t=0] cpu=30.0, msd=3
⚠️ [DDoS/Spike t=0] cpu=30.0, msd=3
------------------------------------------
| rollout/                |              |
|    ep_len_mean          | 100          |
|    ep_rew_mean          | -4.97e+03    |
| time/                   |              |
|    fps                  | 165          |
|    iterations           | 51           |
|    time_elapsed         | 629          |
|    total_timesteps      | 104448       |
| train/                  |              |
|    approx_kl            | 0.0024488196 |
|    clip_fraction        | 0.000439     |
|    clip_range           | 0.2          |
|    entropy_loss         | -3.19        |
|    explained_variance   | 0            |
|    learning_rate        | 0.0003       |
|    loss                 | 3.51e+05     |
|    n_updates            | 500          |
|    policy_gradient_loss | -0.00283     |
|    value_loss           | 7.25e+05     |
------------------------------------------
⚠️ [DDoS/Spike t=0] cpu=30.0, msd=3
⚠️ [DDoS/Spike t=0] cpu=30.0, msd=3
⚠️ [DDoS/Spike t=0] cpu=30.0, msd=3
⚠️ [DDoS/Spike t=0] cpu=30.0, msd=3
⚠️ [DDoS/Spike t=0] cpu=30.0, msd=3
⚠️ [DDoS/Spike t=0] cpu=30.0, msd=3
⚠️ [DDoS/Spike t=0] cpu=30.0, msd=3
⚠️ [DDoS/Spike t=0] cpu=30.0, msd=3
⚠️ [DDoS/Spike t=0] cpu=30.0, msd=3
⚠️ [DDoS/Spike t=0] cpu=30.0, msd=3
⚠️ [DDoS/Spike t=0] cpu=30.0, msd=3
⚠️ [DDoS/Spike t=0] cpu=30.0, msd=3
⚠️ [DDoS/Spike t=0] cpu=30.0, msd=3
⚠️ [DDoS/Spike t=0] cpu=30.0, msd=3
⚠️ [DDoS/Spike t=0] cpu=30.0, msd=3
⚠️ [DDoS/Spike t=0] cpu=30.0, msd=3
⚠️ [DDoS/Spike t=0] cpu=30.0, msd=3
⚠️ [DDoS/Spike t=0] cpu=30.0, msd=3
⚠️ [DDoS/Spike t=0] cpu=30.0, msd=3
⚠️ [DDoS/Spike t=0] cpu=30.0, msd=3
------------------------------------------
| rollout/                |              |
|    ep_len_mean          | 100          |
|    ep_rew_mean          | -4.92e+03    |
| time/                   |              |
|    fps                  | 166          |
|    iterations           | 52           |
|    time_elapsed         | 637          |
|    total_timesteps      | 106496       |
| train/                  |              |
|    approx_kl            | 0.0034590575 |
|    clip_fraction        | 0.00801      |
|    clip_range           | 0.2          |
|    entropy_loss         | -3.17        |
|    explained_variance   | 0            |
|    learning_rate        | 0.0003       |
|    loss                 | 3.91e+05     |
|    n_updates            | 510          |
|    policy_gradient_loss | -0.00519     |
|    value_loss           | 7.44e+05     |
------------------------------------------
⚠️ [DDoS/Spike t=0] cpu=30.0, msd=3
⚠️ [DDoS/Spike t=0] cpu=30.0, msd=3
⚠️ [DDoS/Spike t=0] cpu=30.0, msd=3
⚠️ [DDoS/Spike t=0] cpu=30.0, msd=3
⚠️ [DDoS/Spike t=0] cpu=30.0, msd=3
⚠️ [DDoS/Spike t=0] cpu=30.0, msd=3
⚠️ [DDoS/Spike t=0] cpu=30.0, msd=3
⚠️ [DDoS/Spike t=0] cpu=30.0, msd=3
⚠️ [DDoS/Spike t=0] cpu=30.0, msd=3
⚠️ [DDoS/Spike t=0] cpu=30.0, msd=3
⚠️ [DDoS/Spike t=0] cpu=30.0, msd=3
⚠️ [DDoS/Spike t=0] cpu=30.0, msd=3
⚠️ [DDoS/Spike t=0] cpu=30.0, msd=3
⚠️ [DDoS/Spike t=0] cpu=30.0, msd=3
⚠️ [DDoS/Spike t=0] cpu=30.0, msd=3
⚠️ [DDoS/Spike t=0] cpu=30.0, msd=3
⚠️ [DDoS/Spike t=0] cpu=30.0, msd=3
⚠️ [DDoS/Spike t=0] cpu=30.0, msd=3
⚠️ [DDoS/Spike t=0] cpu=30.0, msd=3
⚠️ [DDoS/Spike t=0] cpu=30.0, msd=3
⚠️ [DDoS/Spike t=0] cpu=30.0, msd=3
------------------------------------------
| rollout/                |              |
|    ep_len_mean          | 100          |
|    ep_rew_mean          | -4.92e+03    |
| time/                   |              |
|    fps                  | 168          |
|    iterations           | 53           |
|    time_elapsed         | 645          |
|    total_timesteps      | 108544       |
| train/                  |              |
|    approx_kl            | 0.0011687994 |
|    clip_fraction        | 0            |
|    clip_range           | 0.2          |
|    entropy_loss         | -3.17        |
|    explained_variance   | 0            |
|    learning_rate        | 0.0003       |
|    loss                 | 3.4e+05      |
|    n_updates            | 520          |
|    policy_gradient_loss | -0.00268     |
|    value_loss           | 7.94e+05     |
------------------------------------------
⚠️ [DDoS/Spike t=0] cpu=30.0, msd=3
⚠️ [DDoS/Spike t=0] cpu=30.0, msd=3
⚠️ [DDoS/Spike t=0] cpu=30.0, msd=3
⚠️ [DDoS/Spike t=0] cpu=30.0, msd=3
⚠️ [DDoS/Spike t=0] cpu=30.0, msd=3
⚠️ [DDoS/Spike t=0] cpu=30.0, msd=3
⚠️ [DDoS/Spike t=0] cpu=30.0, msd=3
⚠️ [DDoS/Spike t=0] cpu=30.0, msd=3
⚠️ [DDoS/Spike t=0] cpu=30.0, msd=3
⚠️ [DDoS/Spike t=0] cpu=30.0, msd=3
⚠️ [DDoS/Spike t=0] cpu=30.0, msd=3
⚠️ [DDoS/Spike t=0] cpu=30.0, msd=3
⚠️ [DDoS/Spike t=0] cpu=30.0, msd=3
⚠️ [DDoS/Spike t=0] cpu=30.0, msd=3
⚠️ [DDoS/Spike t=0] cpu=30.0, msd=3
⚠️ [DDoS/Spike t=0] cpu=30.0, msd=3
⚠️ [DDoS/Spike t=0] cpu=30.0, msd=3
⚠️ [DDoS/Spike t=0] cpu=30.0, msd=3
⚠️ [DDoS/Spike t=0] cpu=30.0, msd=3
⚠️ [DDoS/Spike t=0] cpu=30.0, msd=3
⚠️ [DDoS/Spike t=0] cpu=30.0, msd=3
⚠️ [DDoS/Spike t=0] cpu=30.0, msd=3
⚠️ [DDoS/Spike t=0] cpu=30.0, msd=3
⚠️ [DDoS/Spike t=0] cpu=30.0, msd=3
⚠️ [DDoS/Spike t=0] cpu=30.0, msd=3
⚠️ [DDoS/Spike t=0] cpu=30.0, msd=3
⚠️ [DDoS/Spike t=0] cpu=30.0, msd=3
⚠️ [DDoS/Spike t=0] cpu=30.0, msd=3
⚠️ [DDoS/Spike t=0] cpu=30.0, msd=3
⚠️ [DDoS/Spike t=0] cpu=30.0, msd=3
⚠️ [DDoS/Spike t=0] cpu=30.0, msd=3
⚠️ [DDoS/Spike t=0] cpu=30.0, msd=3
⚠️ [DDoS/Spike t=0] cpu=30.0, msd=3
⚠️ [DDoS/Spike t=0] cpu=30.0, msd=3
Eval num_timesteps=110000, episode_reward=-3998.20 +/- 611.11
Episode length: 100.00 +/- 0.00
------------------------------------------
| eval/                   |              |
|    mean_ep_length       | 100          |
|    mean_reward          | -4e+03       |
| time/                   |              |
|    total_timesteps      | 110000       |
| train/                  |              |
|    approx_kl            | 0.0022587562 |
|    clip_fraction        | 0.00132      |
|    clip_range           | 0.2          |
|    entropy_loss         | -3.17        |
|    explained_variance   | -1.19e-07    |
|    learning_rate        | 0.0003       |
|    loss                 | 5.99e+05     |
|    n_updates            | 530          |
|    policy_gradient_loss | -0.00343     |
|    value_loss           | 7.91e+05     |
------------------------------------------
⚠️ [DDoS/Spike t=0] cpu=30.0, msd=3
⚠️ [DDoS/Spike t=0] cpu=30.0, msd=3
⚠️ [DDoS/Spike t=0] cpu=30.0, msd=3
⚠️ [DDoS/Spike t=0] cpu=30.0, msd=3
⚠️ [DDoS/Spike t=0] cpu=30.0, msd=3
⚠️ [DDoS/Spike t=0] cpu=30.0, msd=3
----------------------------------
| rollout/           |           |
|    ep_len_mean     | 100       |
|    ep_rew_mean     | -4.81e+03 |
| time/              |           |
|    fps             | 167       |
|    iterations      | 54        |
|    time_elapsed    | 660       |
|    total_timesteps | 110592    |
----------------------------------
⚠️ [DDoS/Spike t=0] cpu=30.0, msd=3
⚠️ [DDoS/Spike t=0] cpu=30.0, msd=3
⚠️ [DDoS/Spike t=0] cpu=30.0, msd=3
⚠️ [DDoS/Spike t=0] cpu=30.0, msd=3
⚠️ [DDoS/Spike t=0] cpu=30.0, msd=3
⚠️ [DDoS/Spike t=0] cpu=30.0, msd=3
⚠️ [DDoS/Spike t=0] cpu=30.0, msd=3
⚠️ [DDoS/Spike t=0] cpu=30.0, msd=3
⚠️ [DDoS/Spike t=0] cpu=30.0, msd=3
⚠️ [DDoS/Spike t=0] cpu=30.0, msd=3
⚠️ [DDoS/Spike t=0] cpu=30.0, msd=3
⚠️ [DDoS/Spike t=0] cpu=30.0, msd=3
⚠️ [DDoS/Spike t=0] cpu=30.0, msd=3
⚠️ [DDoS/Spike t=0] cpu=30.0, msd=3
⚠️ [DDoS/Spike t=0] cpu=30.0, msd=3
⚠️ [DDoS/Spike t=0] cpu=30.0, msd=3
⚠️ [DDoS/Spike t=0] cpu=30.0, msd=3
⚠️ [DDoS/Spike t=0] cpu=30.0, msd=3
⚠️ [DDoS/Spike t=0] cpu=30.0, msd=3
⚠️ [DDoS/Spike t=0] cpu=30.0, msd=3
⚠️ [DDoS/Spike t=0] cpu=30.0, msd=3
-----------------------------------------
| rollout/                |             |
|    ep_len_mean          | 100         |
|    ep_rew_mean          | -4.83e+03   |
| time/                   |             |
|    fps                  | 169         |
|    iterations           | 55          |
|    time_elapsed         | 665         |
|    total_timesteps      | 112640      |
| train/                  |             |
|    approx_kl            | 0.004958307 |
|    clip_fraction        | 0.0326      |
|    clip_range           | 0.2         |
|    entropy_loss         | -3.17       |
|    explained_variance   | 0           |
|    learning_rate        | 0.0003      |
|    loss                 | 2.56e+05    |
|    n_updates            | 540         |
|    policy_gradient_loss | -0.00423    |
|    value_loss           | 7.52e+05    |
-----------------------------------------
⚠️ [DDoS/Spike t=0] cpu=30.0, msd=3
⚠️ [DDoS/Spike t=0] cpu=30.0, msd=3
⚠️ [DDoS/Spike t=0] cpu=30.0, msd=3
⚠️ [DDoS/Spike t=0] cpu=30.0, msd=3
⚠️ [DDoS/Spike t=0] cpu=30.0, msd=3
⚠️ [DDoS/Spike t=0] cpu=30.0, msd=3
⚠️ [DDoS/Spike t=0] cpu=30.0, msd=3
⚠️ [DDoS/Spike t=0] cpu=30.0, msd=3
⚠️ [DDoS/Spike t=0] cpu=30.0, msd=3
⚠️ [DDoS/Spike t=0] cpu=30.0, msd=3
⚠️ [DDoS/Spike t=0] cpu=30.0, msd=3
⚠️ [DDoS/Spike t=0] cpu=30.0, msd=3
⚠️ [DDoS/Spike t=0] cpu=30.0, msd=3
⚠️ [DDoS/Spike t=0] cpu=30.0, msd=3
⚠️ [DDoS/Spike t=0] cpu=30.0, msd=3
⚠️ [DDoS/Spike t=0] cpu=30.0, msd=3
⚠️ [DDoS/Spike t=0] cpu=30.0, msd=3
⚠️ [DDoS/Spike t=0] cpu=30.0, msd=3
⚠️ [DDoS/Spike t=0] cpu=30.0, msd=3
⚠️ [DDoS/Spike t=0] cpu=30.0, msd=3
------------------------------------------
| rollout/                |              |
|    ep_len_mean          | 100          |
|    ep_rew_mean          | -4.82e+03    |
| time/                   |              |
|    fps                  | 170          |
|    iterations           | 56           |
|    time_elapsed         | 672          |
|    total_timesteps      | 114688       |
| train/                  |              |
|    approx_kl            | 0.0036954666 |
|    clip_fraction        | 0.0276       |
|    clip_range           | 0.2          |
|    entropy_loss         | -3.16        |
|    explained_variance   | 1.19e-07     |
|    learning_rate        | 0.0003       |
|    loss                 | 4.26e+05     |
|    n_updates            | 550          |
|    policy_gradient_loss | -0.00623     |
|    value_loss           | 7.09e+05     |
------------------------------------------
⚠️ [DDoS/Spike t=0] cpu=30.0, msd=3
⚠️ [DDoS/Spike t=0] cpu=30.0, msd=3
⚠️ [DDoS/Spike t=0] cpu=30.0, msd=3
⚠️ [DDoS/Spike t=0] cpu=30.0, msd=3
⚠️ [DDoS/Spike t=0] cpu=30.0, msd=3
⚠️ [DDoS/Spike t=0] cpu=30.0, msd=3
⚠️ [DDoS/Spike t=0] cpu=30.0, msd=3
⚠️ [DDoS/Spike t=0] cpu=30.0, msd=3
⚠️ [DDoS/Spike t=0] cpu=30.0, msd=3
⚠️ [DDoS/Spike t=0] cpu=30.0, msd=3
⚠️ [DDoS/Spike t=0] cpu=30.0, msd=3
⚠️ [DDoS/Spike t=0] cpu=30.0, msd=3
⚠️ [DDoS/Spike t=0] cpu=30.0, msd=3
⚠️ [DDoS/Spike t=0] cpu=30.0, msd=3
⚠️ [DDoS/Spike t=0] cpu=30.0, msd=3
⚠️ [DDoS/Spike t=0] cpu=30.0, msd=3
⚠️ [DDoS/Spike t=0] cpu=30.0, msd=3
⚠️ [DDoS/Spike t=0] cpu=30.0, msd=3
⚠️ [DDoS/Spike t=0] cpu=30.0, msd=3
⚠️ [DDoS/Spike t=0] cpu=30.0, msd=3
⚠️ [DDoS/Spike t=0] cpu=30.0, msd=3
------------------------------------------
| rollout/                |              |
|    ep_len_mean          | 100          |
|    ep_rew_mean          | -4.81e+03    |
| time/                   |              |
|    fps                  | 172          |
|    iterations           | 57           |
|    time_elapsed         | 678          |
|    total_timesteps      | 116736       |
| train/                  |              |
|    approx_kl            | 0.0011310694 |
|    clip_fraction        | 0            |
|    clip_range           | 0.2          |
|    entropy_loss         | -3.15        |
|    explained_variance   | 0            |
|    learning_rate        | 0.0003       |
|    loss                 | 3.93e+05     |
|    n_updates            | 560          |
|    policy_gradient_loss | -0.00169     |
|    value_loss           | 7e+05        |
------------------------------------------
⚠️ [DDoS/Spike t=0] cpu=30.0, msd=3
⚠️ [DDoS/Spike t=0] cpu=30.0, msd=3
⚠️ [DDoS/Spike t=0] cpu=30.0, msd=3
⚠️ [DDoS/Spike t=0] cpu=30.0, msd=3
⚠️ [DDoS/Spike t=0] cpu=30.0, msd=3
⚠️ [DDoS/Spike t=0] cpu=30.0, msd=3
⚠️ [DDoS/Spike t=0] cpu=30.0, msd=3
⚠️ [DDoS/Spike t=0] cpu=30.0, msd=3
⚠️ [DDoS/Spike t=0] cpu=30.0, msd=3
⚠️ [DDoS/Spike t=0] cpu=30.0, msd=3
⚠️ [DDoS/Spike t=0] cpu=30.0, msd=3
⚠️ [DDoS/Spike t=0] cpu=30.0, msd=3
⚠️ [DDoS/Spike t=0] cpu=30.0, msd=3
⚠️ [DDoS/Spike t=0] cpu=30.0, msd=3
⚠️ [DDoS/Spike t=0] cpu=30.0, msd=3
⚠️ [DDoS/Spike t=0] cpu=30.0, msd=3
⚠️ [DDoS/Spike t=0] cpu=30.0, msd=3
⚠️ [DDoS/Spike t=0] cpu=30.0, msd=3
⚠️ [DDoS/Spike t=0] cpu=30.0, msd=3
⚠️ [DDoS/Spike t=0] cpu=30.0, msd=3
------------------------------------------
| rollout/                |              |
|    ep_len_mean          | 100          |
|    ep_rew_mean          | -4.75e+03    |
| time/                   |              |
|    fps                  | 172          |
|    iterations           | 58           |
|    time_elapsed         | 687          |
|    total_timesteps      | 118784       |
| train/                  |              |
|    approx_kl            | 0.0042145173 |
|    clip_fraction        | 0.0185       |
|    clip_range           | 0.2          |
|    entropy_loss         | -3.15        |
|    explained_variance   | 0            |
|    learning_rate        | 0.0003       |
|    loss                 | 3.78e+05     |
|    n_updates            | 570          |
|    policy_gradient_loss | -0.00637     |
|    value_loss           | 8.26e+05     |
------------------------------------------
⚠️ [DDoS/Spike t=0] cpu=30.0, msd=3
⚠️ [DDoS/Spike t=0] cpu=30.0, msd=3
⚠️ [DDoS/Spike t=0] cpu=30.0, msd=3
⚠️ [DDoS/Spike t=0] cpu=30.0, msd=3
⚠️ [DDoS/Spike t=0] cpu=30.0, msd=3
⚠️ [DDoS/Spike t=0] cpu=30.0, msd=3
⚠️ [DDoS/Spike t=0] cpu=30.0, msd=3
⚠️ [DDoS/Spike t=0] cpu=30.0, msd=3
⚠️ [DDoS/Spike t=0] cpu=30.0, msd=3
⚠️ [DDoS/Spike t=0] cpu=30.0, msd=3
⚠️ [DDoS/Spike t=0] cpu=30.0, msd=3
⚠️ [DDoS/Spike t=0] cpu=30.0, msd=3
⚠️ [DDoS/Spike t=0] cpu=30.0, msd=3
⚠️ [DDoS/Spike t=0] cpu=30.0, msd=3
⚠️ [DDoS/Spike t=0] cpu=30.0, msd=3
⚠️ [DDoS/Spike t=0] cpu=30.0, msd=3
⚠️ [DDoS/Spike t=0] cpu=30.0, msd=3
⚠️ [DDoS/Spike t=0] cpu=30.0, msd=3
⚠️ [DDoS/Spike t=0] cpu=30.0, msd=3
⚠️ [DDoS/Spike t=0] cpu=30.0, msd=3
⚠️ [DDoS/Spike t=0] cpu=30.0, msd=3
⚠️ [DDoS/Spike t=0] cpu=30.0, msd=3
⚠️ [DDoS/Spike t=0] cpu=30.0, msd=3
⚠️ [DDoS/Spike t=0] cpu=30.0, msd=3
⚠️ [DDoS/Spike t=0] cpu=30.0, msd=3
⚠️ [DDoS/Spike t=0] cpu=30.0, msd=3
⚠️ [DDoS/Spike t=0] cpu=30.0, msd=3
⚠️ [DDoS/Spike t=0] cpu=30.0, msd=3
⚠️ [DDoS/Spike t=0] cpu=30.0, msd=3
⚠️ [DDoS/Spike t=0] cpu=30.0, msd=3
⚠️ [DDoS/Spike t=0] cpu=30.0, msd=3
⚠️ [DDoS/Spike t=0] cpu=30.0, msd=3
Eval num_timesteps=120000, episode_reward=-3705.73 +/- 395.11
Episode length: 100.00 +/- 0.00
------------------------------------------
| eval/                   |              |
|    mean_ep_length       | 100          |
|    mean_reward          | -3.71e+03    |
| time/                   |              |
|    total_timesteps      | 120000       |
| train/                  |              |
|    approx_kl            | 0.0035406265 |
|    clip_fraction        | 0.00396      |
|    clip_range           | 0.2          |
|    entropy_loss         | -3.15        |
|    explained_variance   | 0            |
|    learning_rate        | 0.0003       |
|    loss                 | 3.48e+05     |
|    n_updates            | 580          |
|    policy_gradient_loss | -0.00432     |
|    value_loss           | 7.99e+05     |
------------------------------------------
⚠️ [DDoS/Spike t=0] cpu=30.0, msd=3
⚠️ [DDoS/Spike t=0] cpu=30.0, msd=3
⚠️ [DDoS/Spike t=0] cpu=30.0, msd=3
⚠️ [DDoS/Spike t=0] cpu=30.0, msd=3
⚠️ [DDoS/Spike t=0] cpu=30.0, msd=3
⚠️ [DDoS/Spike t=0] cpu=30.0, msd=3
⚠️ [DDoS/Spike t=0] cpu=30.0, msd=3
⚠️ [DDoS/Spike t=0] cpu=30.0, msd=3
⚠️ [DDoS/Spike t=0] cpu=30.0, msd=3
----------------------------------
| rollout/           |           |
|    ep_len_mean     | 100       |
|    ep_rew_mean     | -4.77e+03 |
| time/              |           |
|    fps             | 172       |
|    iterations      | 59        |
|    time_elapsed    | 700       |
|    total_timesteps | 120832    |
----------------------------------
⚠️ [DDoS/Spike t=0] cpu=30.0, msd=3
⚠️ [DDoS/Spike t=0] cpu=30.0, msd=3
⚠️ [DDoS/Spike t=0] cpu=30.0, msd=3
⚠️ [DDoS/Spike t=0] cpu=30.0, msd=3
⚠️ [DDoS/Spike t=0] cpu=30.0, msd=3
⚠️ [DDoS/Spike t=0] cpu=30.0, msd=3
⚠️ [DDoS/Spike t=0] cpu=30.0, msd=3
⚠️ [DDoS/Spike t=0] cpu=30.0, msd=3
⚠️ [DDoS/Spike t=0] cpu=30.0, msd=3
⚠️ [DDoS/Spike t=0] cpu=30.0, msd=3
⚠️ [DDoS/Spike t=0] cpu=30.0, msd=3
⚠️ [DDoS/Spike t=0] cpu=30.0, msd=3
⚠️ [DDoS/Spike t=0] cpu=30.0, msd=3
⚠️ [DDoS/Spike t=0] cpu=30.0, msd=3
⚠️ [DDoS/Spike t=0] cpu=30.0, msd=3
⚠️ [DDoS/Spike t=0] cpu=30.0, msd=3
⚠️ [DDoS/Spike t=0] cpu=30.0, msd=3
⚠️ [DDoS/Spike t=0] cpu=30.0, msd=3
⚠️ [DDoS/Spike t=0] cpu=30.0, msd=3
⚠️ [DDoS/Spike t=0] cpu=30.0, msd=3
----------------------------------------
| rollout/                |            |
|    ep_len_mean          | 100        |
|    ep_rew_mean          | -4.8e+03   |
| time/                   |            |
|    fps                  | 172        |
|    iterations           | 60         |
|    time_elapsed         | 711        |
|    total_timesteps      | 122880     |
| train/                  |            |
|    approx_kl            | 0.00532042 |
|    clip_fraction        | 0.059      |
|    clip_range           | 0.2        |
|    entropy_loss         | -3.16      |
|    explained_variance   | -1.19e-07  |
|    learning_rate        | 0.0003     |
|    loss                 | 4.68e+05   |
|    n_updates            | 590        |
|    policy_gradient_loss | -0.00699   |
|    value_loss           | 7.24e+05   |
----------------------------------------
⚠️ [DDoS/Spike t=0] cpu=30.0, msd=3
⚠️ [DDoS/Spike t=0] cpu=30.0, msd=3
⚠️ [DDoS/Spike t=0] cpu=30.0, msd=3
⚠️ [DDoS/Spike t=0] cpu=30.0, msd=3
⚠️ [DDoS/Spike t=0] cpu=30.0, msd=3
⚠️ [DDoS/Spike t=0] cpu=30.0, msd=3
⚠️ [DDoS/Spike t=0] cpu=30.0, msd=3
⚠️ [DDoS/Spike t=0] cpu=30.0, msd=3
⚠️ [DDoS/Spike t=0] cpu=30.0, msd=3
⚠️ [DDoS/Spike t=0] cpu=30.0, msd=3
⚠️ [DDoS/Spike t=0] cpu=30.0, msd=3
⚠️ [DDoS/Spike t=0] cpu=30.0, msd=3
⚠️ [DDoS/Spike t=0] cpu=30.0, msd=3
⚠️ [DDoS/Spike t=0] cpu=30.0, msd=3
⚠️ [DDoS/Spike t=0] cpu=30.0, msd=3
⚠️ [DDoS/Spike t=0] cpu=30.0, msd=3
⚠️ [DDoS/Spike t=0] cpu=30.0, msd=3
⚠️ [DDoS/Spike t=0] cpu=30.0, msd=3
⚠️ [DDoS/Spike t=0] cpu=30.0, msd=3
⚠️ [DDoS/Spike t=0] cpu=30.0, msd=3
⚠️ [DDoS/Spike t=0] cpu=30.0, msd=3
-----------------------------------------
| rollout/                |             |
|    ep_len_mean          | 100         |
|    ep_rew_mean          | -4.76e+03   |
| time/                   |             |
|    fps                  | 173         |
|    iterations           | 61          |
|    time_elapsed         | 720         |
|    total_timesteps      | 124928      |
| train/                  |             |
|    approx_kl            | 0.005657023 |
|    clip_fraction        | 0.0809      |
|    clip_range           | 0.2         |
|    entropy_loss         | -3.15       |
|    explained_variance   | 0           |
|    learning_rate        | 0.0003      |
|    loss                 | 3.5e+05     |
|    n_updates            | 600         |
|    policy_gradient_loss | -0.00185    |
|    value_loss           | 7.22e+05    |
-----------------------------------------
⚠️ [DDoS/Spike t=0] cpu=30.0, msd=3
⚠️ [DDoS/Spike t=0] cpu=30.0, msd=3
⚠️ [DDoS/Spike t=0] cpu=30.0, msd=3
⚠️ [DDoS/Spike t=0] cpu=30.0, msd=3
⚠️ [DDoS/Spike t=0] cpu=30.0, msd=3
⚠️ [DDoS/Spike t=0] cpu=30.0, msd=3
⚠️ [DDoS/Spike t=0] cpu=30.0, msd=3
⚠️ [DDoS/Spike t=0] cpu=30.0, msd=3
⚠️ [DDoS/Spike t=0] cpu=30.0, msd=3
⚠️ [DDoS/Spike t=0] cpu=30.0, msd=3
⚠️ [DDoS/Spike t=0] cpu=30.0, msd=3
⚠️ [DDoS/Spike t=0] cpu=30.0, msd=3
⚠️ [DDoS/Spike t=0] cpu=30.0, msd=3
⚠️ [DDoS/Spike t=0] cpu=30.0, msd=3
⚠️ [DDoS/Spike t=0] cpu=30.0, msd=3
⚠️ [DDoS/Spike t=0] cpu=30.0, msd=3
⚠️ [DDoS/Spike t=0] cpu=30.0, msd=3
⚠️ [DDoS/Spike t=0] cpu=30.0, msd=3
⚠️ [DDoS/Spike t=0] cpu=30.0, msd=3
⚠️ [DDoS/Spike t=0] cpu=30.0, msd=3
-----------------------------------------
| rollout/                |             |
|    ep_len_mean          | 100         |
|    ep_rew_mean          | -4.68e+03   |
| time/                   |             |
|    fps                  | 174         |
|    iterations           | 62          |
|    time_elapsed         | 726         |
|    total_timesteps      | 126976      |
| train/                  |             |
|    approx_kl            | 0.008513262 |
|    clip_fraction        | 0.144       |
|    clip_range           | 0.2         |
|    entropy_loss         | -3.13       |
|    explained_variance   | 0           |
|    learning_rate        | 0.0003      |
|    loss                 | 3.94e+05    |
|    n_updates            | 610         |
|    policy_gradient_loss | -0.00575    |
|    value_loss           | 7.39e+05    |
-----------------------------------------
⚠️ [DDoS/Spike t=0] cpu=30.0, msd=3
⚠️ [DDoS/Spike t=0] cpu=30.0, msd=3
⚠️ [DDoS/Spike t=0] cpu=30.0, msd=3
⚠️ [DDoS/Spike t=0] cpu=30.0, msd=3
⚠️ [DDoS/Spike t=0] cpu=30.0, msd=3
⚠️ [DDoS/Spike t=0] cpu=30.0, msd=3
⚠️ [DDoS/Spike t=0] cpu=30.0, msd=3
⚠️ [DDoS/Spike t=0] cpu=30.0, msd=3
⚠️ [DDoS/Spike t=0] cpu=30.0, msd=3
⚠️ [DDoS/Spike t=0] cpu=30.0, msd=3
⚠️ [DDoS/Spike t=0] cpu=30.0, msd=3
⚠️ [DDoS/Spike t=0] cpu=30.0, msd=3
⚠️ [DDoS/Spike t=0] cpu=30.0, msd=3
⚠️ [DDoS/Spike t=0] cpu=30.0, msd=3
⚠️ [DDoS/Spike t=0] cpu=30.0, msd=3
⚠️ [DDoS/Spike t=0] cpu=30.0, msd=3
⚠️ [DDoS/Spike t=0] cpu=30.0, msd=3
⚠️ [DDoS/Spike t=0] cpu=30.0, msd=3
⚠️ [DDoS/Spike t=0] cpu=30.0, msd=3
⚠️ [DDoS/Spike t=0] cpu=30.0, msd=3
⚠️ [DDoS/Spike t=0] cpu=30.0, msd=3
------------------------------------------
| rollout/                |              |
|    ep_len_mean          | 100          |
|    ep_rew_mean          | -4.64e+03    |
| time/                   |              |
|    fps                  | 175          |
|    iterations           | 63           |
|    time_elapsed         | 733          |
|    total_timesteps      | 129024       |
| train/                  |              |
|    approx_kl            | 0.0046826154 |
|    clip_fraction        | 0.00454      |
|    clip_range           | 0.2          |
|    entropy_loss         | -3.14        |
|    explained_variance   | 0            |
|    learning_rate        | 0.0003       |
|    loss                 | 3.5e+05      |
|    n_updates            | 620          |
|    policy_gradient_loss | -0.0035      |
|    value_loss           | 7.58e+05     |
------------------------------------------
⚠️ [DDoS/Spike t=0] cpu=30.0, msd=3
⚠️ [DDoS/Spike t=0] cpu=30.0, msd=3
⚠️ [DDoS/Spike t=0] cpu=30.0, msd=3
⚠️ [DDoS/Spike t=0] cpu=30.0, msd=3
⚠️ [DDoS/Spike t=0] cpu=30.0, msd=3
⚠️ [DDoS/Spike t=0] cpu=30.0, msd=3
⚠️ [DDoS/Spike t=0] cpu=30.0, msd=3
⚠️ [DDoS/Spike t=0] cpu=30.0, msd=3
⚠️ [DDoS/Spike t=0] cpu=30.0, msd=3
⚠️ [DDoS/Spike t=0] cpu=30.0, msd=3
⚠️ [DDoS/Spike t=0] cpu=30.0, msd=3
⚠️ [DDoS/Spike t=0] cpu=30.0, msd=3
⚠️ [DDoS/Spike t=0] cpu=30.0, msd=3
⚠️ [DDoS/Spike t=0] cpu=30.0, msd=3
⚠️ [DDoS/Spike t=0] cpu=30.0, msd=3
⚠️ [DDoS/Spike t=0] cpu=30.0, msd=3
⚠️ [DDoS/Spike t=0] cpu=30.0, msd=3
⚠️ [DDoS/Spike t=0] cpu=30.0, msd=3
⚠️ [DDoS/Spike t=0] cpu=30.0, msd=3
⚠️ [DDoS/Spike t=0] cpu=30.0, msd=3
⚠️ [DDoS/Spike t=0] cpu=30.0, msd=3
⚠️ [DDoS/Spike t=0] cpu=30.0, msd=3
⚠️ [DDoS/Spike t=0] cpu=30.0, msd=3
⚠️ [DDoS/Spike t=0] cpu=30.0, msd=3
⚠️ [DDoS/Spike t=0] cpu=30.0, msd=3
⚠️ [DDoS/Spike t=0] cpu=30.0, msd=3
⚠️ [DDoS/Spike t=0] cpu=30.0, msd=3
⚠️ [DDoS/Spike t=0] cpu=30.0, msd=3
⚠️ [DDoS/Spike t=0] cpu=30.0, msd=3
Eval num_timesteps=130000, episode_reward=-2541.07 +/- 711.34
Episode length: 100.00 +/- 0.00
-----------------------------------------
| eval/                   |             |
|    mean_ep_length       | 100         |
|    mean_reward          | -2.54e+03   |
| time/                   |             |
|    total_timesteps      | 130000      |
| train/                  |             |
|    approx_kl            | 0.006312728 |
|    clip_fraction        | 0.0105      |
|    clip_range           | 0.2         |
|    entropy_loss         | -3.14       |
|    explained_variance   | 0           |
|    learning_rate        | 0.0003      |
|    loss                 | 3.82e+05    |
|    n_updates            | 630         |
|    policy_gradient_loss | -0.00367    |
|    value_loss           | 7.6e+05     |
-----------------------------------------
⚠️ [DDoS/Spike t=0] cpu=30.0, msd=3
⚠️ [DDoS/Spike t=0] cpu=30.0, msd=3
⚠️ [DDoS/Spike t=0] cpu=30.0, msd=3
⚠️ [DDoS/Spike t=0] cpu=30.0, msd=3
⚠️ [DDoS/Spike t=0] cpu=30.0, msd=3
⚠️ [DDoS/Spike t=0] cpu=30.0, msd=3
⚠️ [DDoS/Spike t=0] cpu=30.0, msd=3
⚠️ [DDoS/Spike t=0] cpu=30.0, msd=3
⚠️ [DDoS/Spike t=0] cpu=30.0, msd=3
⚠️ [DDoS/Spike t=0] cpu=30.0, msd=3
⚠️ [DDoS/Spike t=0] cpu=30.0, msd=3
----------------------------------
| rollout/           |           |
|    ep_len_mean     | 100       |
|    ep_rew_mean     | -4.71e+03 |
| time/              |           |
|    fps             | 175       |
|    iterations      | 64        |
|    time_elapsed    | 745       |
|    total_timesteps | 131072    |
----------------------------------
⚠️ [DDoS/Spike t=0] cpu=30.0, msd=3
⚠️ [DDoS/Spike t=0] cpu=30.0, msd=3
⚠️ [DDoS/Spike t=0] cpu=30.0, msd=3
⚠️ [DDoS/Spike t=0] cpu=30.0, msd=3
⚠️ [DDoS/Spike t=0] cpu=30.0, msd=3
⚠️ [DDoS/Spike t=0] cpu=30.0, msd=3
⚠️ [DDoS/Spike t=0] cpu=30.0, msd=3
⚠️ [DDoS/Spike t=0] cpu=30.0, msd=3
⚠️ [DDoS/Spike t=0] cpu=30.0, msd=3
⚠️ [DDoS/Spike t=0] cpu=30.0, msd=3
⚠️ [DDoS/Spike t=0] cpu=30.0, msd=3
⚠️ [DDoS/Spike t=0] cpu=30.0, msd=3
⚠️ [DDoS/Spike t=0] cpu=30.0, msd=3
⚠️ [DDoS/Spike t=0] cpu=30.0, msd=3
⚠️ [DDoS/Spike t=0] cpu=30.0, msd=3
⚠️ [DDoS/Spike t=0] cpu=30.0, msd=3
⚠️ [DDoS/Spike t=0] cpu=30.0, msd=3
⚠️ [DDoS/Spike t=0] cpu=30.0, msd=3
⚠️ [DDoS/Spike t=0] cpu=30.0, msd=3
⚠️ [DDoS/Spike t=0] cpu=30.0, msd=3
⚠️ [DDoS/Spike t=0] cpu=30.0, msd=3
-----------------------------------------
| rollout/                |             |
|    ep_len_mean          | 100         |
|    ep_rew_mean          | -4.67e+03   |
| time/                   |             |
|    fps                  | 177         |
|    iterations           | 65          |
|    time_elapsed         | 751         |
|    total_timesteps      | 133120      |
| train/                  |             |
|    approx_kl            | 0.008147794 |
|    clip_fraction        | 0.101       |
|    clip_range           | 0.2         |
|    entropy_loss         | -3.15       |
|    explained_variance   | 0           |
|    learning_rate        | 0.0003      |
|    loss                 | 4.27e+05    |
|    n_updates            | 640         |
|    policy_gradient_loss | -0.00302    |
|    value_loss           | 8.07e+05    |
-----------------------------------------
⚠️ [DDoS/Spike t=0] cpu=30.0, msd=3
⚠️ [DDoS/Spike t=0] cpu=30.0, msd=3
⚠️ [DDoS/Spike t=0] cpu=30.0, msd=3
⚠️ [DDoS/Spike t=0] cpu=30.0, msd=3
⚠️ [DDoS/Spike t=0] cpu=30.0, msd=3
⚠️ [DDoS/Spike t=0] cpu=30.0, msd=3
⚠️ [DDoS/Spike t=0] cpu=30.0, msd=3
⚠️ [DDoS/Spike t=0] cpu=30.0, msd=3
⚠️ [DDoS/Spike t=0] cpu=30.0, msd=3
⚠️ [DDoS/Spike t=0] cpu=30.0, msd=3
⚠️ [DDoS/Spike t=0] cpu=30.0, msd=3
⚠️ [DDoS/Spike t=0] cpu=30.0, msd=3
⚠️ [DDoS/Spike t=0] cpu=30.0, msd=3
⚠️ [DDoS/Spike t=0] cpu=30.0, msd=3
⚠️ [DDoS/Spike t=0] cpu=30.0, msd=3
⚠️ [DDoS/Spike t=0] cpu=30.0, msd=3
⚠️ [DDoS/Spike t=0] cpu=30.0, msd=3
⚠️ [DDoS/Spike t=0] cpu=30.0, msd=3
⚠️ [DDoS/Spike t=0] cpu=30.0, msd=3
⚠️ [DDoS/Spike t=0] cpu=30.0, msd=3
------------------------------------------
| rollout/                |              |
|    ep_len_mean          | 100          |
|    ep_rew_mean          | -4.75e+03    |
| time/                   |              |
|    fps                  | 177          |
|    iterations           | 66           |
|    time_elapsed         | 761          |
|    total_timesteps      | 135168       |
| train/                  |              |
|    approx_kl            | 0.0055720555 |
|    clip_fraction        | 0.0463       |
|    clip_range           | 0.2          |
|    entropy_loss         | -3.15        |
|    explained_variance   | -1.19e-07    |
|    learning_rate        | 0.0003       |
|    loss                 | 3.54e+05     |
|    n_updates            | 650          |
|    policy_gradient_loss | -0.00523     |
|    value_loss           | 7.81e+05     |
------------------------------------------
⚠️ [DDoS/Spike t=0] cpu=30.0, msd=3
⚠️ [DDoS/Spike t=0] cpu=30.0, msd=3
⚠️ [DDoS/Spike t=0] cpu=30.0, msd=3
⚠️ [DDoS/Spike t=0] cpu=30.0, msd=3
⚠️ [DDoS/Spike t=0] cpu=30.0, msd=3
⚠️ [DDoS/Spike t=0] cpu=30.0, msd=3
⚠️ [DDoS/Spike t=0] cpu=30.0, msd=3
⚠️ [DDoS/Spike t=0] cpu=30.0, msd=3
⚠️ [DDoS/Spike t=0] cpu=30.0, msd=3
⚠️ [DDoS/Spike t=0] cpu=30.0, msd=3
⚠️ [DDoS/Spike t=0] cpu=30.0, msd=3
⚠️ [DDoS/Spike t=0] cpu=30.0, msd=3
⚠️ [DDoS/Spike t=0] cpu=30.0, msd=3
⚠️ [DDoS/Spike t=0] cpu=30.0, msd=3
⚠️ [DDoS/Spike t=0] cpu=30.0, msd=3
⚠️ [DDoS/Spike t=0] cpu=30.0, msd=3
⚠️ [DDoS/Spike t=0] cpu=30.0, msd=3
⚠️ [DDoS/Spike t=0] cpu=30.0, msd=3
⚠️ [DDoS/Spike t=0] cpu=30.0, msd=3
⚠️ [DDoS/Spike t=0] cpu=30.0, msd=3
⚠️ [DDoS/Spike t=0] cpu=30.0, msd=3
------------------------------------------
| rollout/                |              |
|    ep_len_mean          | 100          |
|    ep_rew_mean          | -4.8e+03     |
| time/                   |              |
|    fps                  | 177          |
|    iterations           | 67           |
|    time_elapsed         | 772          |
|    total_timesteps      | 137216       |
| train/                  |              |
|    approx_kl            | 0.0020805816 |
|    clip_fraction        | 0.00142      |
|    clip_range           | 0.2          |
|    entropy_loss         | -3.15        |
|    explained_variance   | 0            |
|    learning_rate        | 0.0003       |
|    loss                 | 3.77e+05     |
|    n_updates            | 660          |
|    policy_gradient_loss | -0.00324     |
|    value_loss           | 8.78e+05     |
------------------------------------------
⚠️ [DDoS/Spike t=0] cpu=30.0, msd=3
⚠️ [DDoS/Spike t=0] cpu=30.0, msd=3
⚠️ [DDoS/Spike t=0] cpu=30.0, msd=3
⚠️ [DDoS/Spike t=0] cpu=30.0, msd=3
⚠️ [DDoS/Spike t=0] cpu=30.0, msd=3
⚠️ [DDoS/Spike t=0] cpu=30.0, msd=3
⚠️ [DDoS/Spike t=0] cpu=30.0, msd=3
⚠️ [DDoS/Spike t=0] cpu=30.0, msd=3
⚠️ [DDoS/Spike t=0] cpu=30.0, msd=3
⚠️ [DDoS/Spike t=0] cpu=30.0, msd=3
⚠️ [DDoS/Spike t=0] cpu=30.0, msd=3
⚠️ [DDoS/Spike t=0] cpu=30.0, msd=3
⚠️ [DDoS/Spike t=0] cpu=30.0, msd=3
⚠️ [DDoS/Spike t=0] cpu=30.0, msd=3
⚠️ [DDoS/Spike t=0] cpu=30.0, msd=3
⚠️ [DDoS/Spike t=0] cpu=30.0, msd=3
⚠️ [DDoS/Spike t=0] cpu=30.0, msd=3
⚠️ [DDoS/Spike t=0] cpu=30.0, msd=3
⚠️ [DDoS/Spike t=0] cpu=30.0, msd=3
⚠️ [DDoS/Spike t=0] cpu=30.0, msd=3
-----------------------------------------
| rollout/                |             |
|    ep_len_mean          | 100         |
|    ep_rew_mean          | -4.76e+03   |
| time/                   |             |
|    fps                  | 177         |
|    iterations           | 68          |
|    time_elapsed         | 784         |
|    total_timesteps      | 139264      |
| train/                  |             |
|    approx_kl            | 0.013209993 |
|    clip_fraction        | 0.184       |
|    clip_range           | 0.2         |
|    entropy_loss         | -3.13       |
|    explained_variance   | 0           |
|    learning_rate        | 0.0003      |
|    loss                 | 4.49e+05    |
|    n_updates            | 670         |
|    policy_gradient_loss | 0.00143     |
|    value_loss           | 8.43e+05    |
-----------------------------------------
⚠️ [DDoS/Spike t=0] cpu=30.0, msd=3
⚠️ [DDoS/Spike t=0] cpu=30.0, msd=3
⚠️ [DDoS/Spike t=0] cpu=30.0, msd=3
⚠️ [DDoS/Spike t=0] cpu=30.0, msd=3
⚠️ [DDoS/Spike t=0] cpu=30.0, msd=3
⚠️ [DDoS/Spike t=0] cpu=30.0, msd=3
⚠️ [DDoS/Spike t=0] cpu=30.0, msd=3
⚠️ [DDoS/Spike t=0] cpu=30.0, msd=3
⚠️ [DDoS/Spike t=0] cpu=30.0, msd=3
⚠️ [DDoS/Spike t=0] cpu=30.0, msd=3
⚠️ [DDoS/Spike t=0] cpu=30.0, msd=3
⚠️ [DDoS/Spike t=0] cpu=30.0, msd=3
⚠️ [DDoS/Spike t=0] cpu=30.0, msd=3
⚠️ [DDoS/Spike t=0] cpu=30.0, msd=3
⚠️ [DDoS/Spike t=0] cpu=30.0, msd=3
⚠️ [DDoS/Spike t=0] cpu=30.0, msd=3
⚠️ [DDoS/Spike t=0] cpu=30.0, msd=3
⚠️ [DDoS/Spike t=0] cpu=30.0, msd=3
⚠️ [DDoS/Spike t=0] cpu=30.0, msd=3
⚠️ [DDoS/Spike t=0] cpu=30.0, msd=3
⚠️ [DDoS/Spike t=0] cpu=30.0, msd=3
⚠️ [DDoS/Spike t=0] cpu=30.0, msd=3
⚠️ [DDoS/Spike t=0] cpu=30.0, msd=3
⚠️ [DDoS/Spike t=0] cpu=30.0, msd=3
⚠️ [DDoS/Spike t=0] cpu=30.0, msd=3
⚠️ [DDoS/Spike t=0] cpu=30.0, msd=3
⚠️ [DDoS/Spike t=0] cpu=30.0, msd=3
Eval num_timesteps=140000, episode_reward=-2096.13 +/- 638.71
Episode length: 100.00 +/- 0.00
----------------------------------------
| eval/                   |            |
|    mean_ep_length       | 100        |
|    mean_reward          | -2.1e+03   |
| time/                   |            |
|    total_timesteps      | 140000     |
| train/                  |            |
|    approx_kl            | 0.00293837 |
|    clip_fraction        | 0.0266     |
|    clip_range           | 0.2        |
|    entropy_loss         | -3.13      |
|    explained_variance   | 0          |
|    learning_rate        | 0.0003     |
|    loss                 | 3.27e+05   |
|    n_updates            | 680        |
|    policy_gradient_loss | -0.00418   |
|    value_loss           | 7.71e+05   |
----------------------------------------
⚠️ [DDoS/Spike t=0] cpu=30.0, msd=3
⚠️ [DDoS/Spike t=0] cpu=30.0, msd=3
⚠️ [DDoS/Spike t=0] cpu=30.0, msd=3
⚠️ [DDoS/Spike t=0] cpu=30.0, msd=3
⚠️ [DDoS/Spike t=0] cpu=30.0, msd=3
⚠️ [DDoS/Spike t=0] cpu=30.0, msd=3
⚠️ [DDoS/Spike t=0] cpu=30.0, msd=3
⚠️ [DDoS/Spike t=0] cpu=30.0, msd=3
⚠️ [DDoS/Spike t=0] cpu=30.0, msd=3
⚠️ [DDoS/Spike t=0] cpu=30.0, msd=3
⚠️ [DDoS/Spike t=0] cpu=30.0, msd=3
⚠️ [DDoS/Spike t=0] cpu=30.0, msd=3
⚠️ [DDoS/Spike t=0] cpu=30.0, msd=3
⚠️ [DDoS/Spike t=0] cpu=30.0, msd=3
----------------------------------
| rollout/           |           |
|    ep_len_mean     | 100       |
|    ep_rew_mean     | -4.69e+03 |
| time/              |           |
|    fps             | 177       |
|    iterations      | 69        |
|    time_elapsed    | 795       |
|    total_timesteps | 141312    |
----------------------------------
⚠️ [DDoS/Spike t=0] cpu=30.0, msd=3
⚠️ [DDoS/Spike t=0] cpu=30.0, msd=3
⚠️ [DDoS/Spike t=0] cpu=30.0, msd=3
⚠️ [DDoS/Spike t=0] cpu=30.0, msd=3
⚠️ [DDoS/Spike t=0] cpu=30.0, msd=3
⚠️ [DDoS/Spike t=0] cpu=30.0, msd=3
⚠️ [DDoS/Spike t=0] cpu=30.0, msd=3
⚠️ [DDoS/Spike t=0] cpu=30.0, msd=3
⚠️ [DDoS/Spike t=0] cpu=30.0, msd=3
⚠️ [DDoS/Spike t=0] cpu=30.0, msd=3
⚠️ [DDoS/Spike t=0] cpu=30.0, msd=3
⚠️ [DDoS/Spike t=0] cpu=30.0, msd=3
⚠️ [DDoS/Spike t=0] cpu=30.0, msd=3
⚠️ [DDoS/Spike t=0] cpu=30.0, msd=3
⚠️ [DDoS/Spike t=0] cpu=30.0, msd=3
⚠️ [DDoS/Spike t=0] cpu=30.0, msd=3
⚠️ [DDoS/Spike t=0] cpu=30.0, msd=3
⚠️ [DDoS/Spike t=0] cpu=30.0, msd=3
⚠️ [DDoS/Spike t=0] cpu=30.0, msd=3
⚠️ [DDoS/Spike t=0] cpu=30.0, msd=3
------------------------------------------
| rollout/                |              |
|    ep_len_mean          | 100          |
|    ep_rew_mean          | -4.72e+03    |
| time/                   |              |
|    fps                  | 177          |
|    iterations           | 70           |
|    time_elapsed         | 805          |
|    total_timesteps      | 143360       |
| train/                  |              |
|    approx_kl            | 0.0060228775 |
|    clip_fraction        | 0.0651       |
|    clip_range           | 0.2          |
|    entropy_loss         | -3.12        |
|    explained_variance   | 0            |
|    learning_rate        | 0.0003       |
|    loss                 | 4.92e+05     |
|    n_updates            | 690          |
|    policy_gradient_loss | -0.00592     |
|    value_loss           | 7.37e+05     |
------------------------------------------
⚠️ [DDoS/Spike t=0] cpu=30.0, msd=3
⚠️ [DDoS/Spike t=0] cpu=30.0, msd=3
⚠️ [DDoS/Spike t=0] cpu=30.0, msd=3
⚠️ [DDoS/Spike t=0] cpu=30.0, msd=3
⚠️ [DDoS/Spike t=0] cpu=30.0, msd=3
⚠️ [DDoS/Spike t=0] cpu=30.0, msd=3
⚠️ [DDoS/Spike t=0] cpu=30.0, msd=3
⚠️ [DDoS/Spike t=0] cpu=30.0, msd=3
⚠️ [DDoS/Spike t=0] cpu=30.0, msd=3
⚠️ [DDoS/Spike t=0] cpu=30.0, msd=3
⚠️ [DDoS/Spike t=0] cpu=30.0, msd=3
⚠️ [DDoS/Spike t=0] cpu=30.0, msd=3
⚠️ [DDoS/Spike t=0] cpu=30.0, msd=3
⚠️ [DDoS/Spike t=0] cpu=30.0, msd=3
⚠️ [DDoS/Spike t=0] cpu=30.0, msd=3
⚠️ [DDoS/Spike t=0] cpu=30.0, msd=3
⚠️ [DDoS/Spike t=0] cpu=30.0, msd=3
⚠️ [DDoS/Spike t=0] cpu=30.0, msd=3
⚠️ [DDoS/Spike t=0] cpu=30.0, msd=3
⚠️ [DDoS/Spike t=0] cpu=30.0, msd=3
⚠️ [DDoS/Spike t=0] cpu=30.0, msd=3
------------------------------------------
| rollout/                |              |
|    ep_len_mean          | 100          |
|    ep_rew_mean          | -4.67e+03    |
| time/                   |              |
|    fps                  | 177          |
|    iterations           | 71           |
|    time_elapsed         | 817          |
|    total_timesteps      | 145408       |
| train/                  |              |
|    approx_kl            | 0.0044336803 |
|    clip_fraction        | 0.0225       |
|    clip_range           | 0.2          |
|    entropy_loss         | -3.11        |
|    explained_variance   | 0            |
|    learning_rate        | 0.0003       |
|    loss                 | 4.56e+05     |
|    n_updates            | 700          |
|    policy_gradient_loss | -0.0054      |
|    value_loss           | 8.86e+05     |
------------------------------------------
⚠️ [DDoS/Spike t=0] cpu=30.0, msd=3
⚠️ [DDoS/Spike t=0] cpu=30.0, msd=3
⚠️ [DDoS/Spike t=0] cpu=30.0, msd=3
⚠️ [DDoS/Spike t=0] cpu=30.0, msd=3
⚠️ [DDoS/Spike t=0] cpu=30.0, msd=3
⚠️ [DDoS/Spike t=0] cpu=30.0, msd=3
⚠️ [DDoS/Spike t=0] cpu=30.0, msd=3
⚠️ [DDoS/Spike t=0] cpu=30.0, msd=3
⚠️ [DDoS/Spike t=0] cpu=30.0, msd=3
⚠️ [DDoS/Spike t=0] cpu=30.0, msd=3
⚠️ [DDoS/Spike t=0] cpu=30.0, msd=3
⚠️ [DDoS/Spike t=0] cpu=30.0, msd=3
⚠️ [DDoS/Spike t=0] cpu=30.0, msd=3
⚠️ [DDoS/Spike t=0] cpu=30.0, msd=3
⚠️ [DDoS/Spike t=0] cpu=30.0, msd=3
⚠️ [DDoS/Spike t=0] cpu=30.0, msd=3
⚠️ [DDoS/Spike t=0] cpu=30.0, msd=3
⚠️ [DDoS/Spike t=0] cpu=30.0, msd=3
⚠️ [DDoS/Spike t=0] cpu=30.0, msd=3
⚠️ [DDoS/Spike t=0] cpu=30.0, msd=3
-----------------------------------------
| rollout/                |             |
|    ep_len_mean          | 100         |
|    ep_rew_mean          | -4.51e+03   |
| time/                   |             |
|    fps                  | 178         |
|    iterations           | 72          |
|    time_elapsed         | 825         |
|    total_timesteps      | 147456      |
| train/                  |             |
|    approx_kl            | 0.010254962 |
|    clip_fraction        | 0.1         |
|    clip_range           | 0.2         |
|    entropy_loss         | -3.11       |
|    explained_variance   | 0           |
|    learning_rate        | 0.0003      |
|    loss                 | 3.24e+05    |
|    n_updates            | 710         |
|    policy_gradient_loss | -0.00529    |
|    value_loss           | 7.59e+05    |
-----------------------------------------
⚠️ [DDoS/Spike t=0] cpu=30.0, msd=3
⚠️ [DDoS/Spike t=0] cpu=30.0, msd=3
⚠️ [DDoS/Spike t=0] cpu=30.0, msd=3
⚠️ [DDoS/Spike t=0] cpu=30.0, msd=3
⚠️ [DDoS/Spike t=0] cpu=30.0, msd=3
⚠️ [DDoS/Spike t=0] cpu=30.0, msd=3
⚠️ [DDoS/Spike t=0] cpu=30.0, msd=3
⚠️ [DDoS/Spike t=0] cpu=30.0, msd=3
⚠️ [DDoS/Spike t=0] cpu=30.0, msd=3
⚠️ [DDoS/Spike t=0] cpu=30.0, msd=3
⚠️ [DDoS/Spike t=0] cpu=30.0, msd=3
⚠️ [DDoS/Spike t=0] cpu=30.0, msd=3
⚠️ [DDoS/Spike t=0] cpu=30.0, msd=3
⚠️ [DDoS/Spike t=0] cpu=30.0, msd=3
⚠️ [DDoS/Spike t=0] cpu=30.0, msd=3
⚠️ [DDoS/Spike t=0] cpu=30.0, msd=3
⚠️ [DDoS/Spike t=0] cpu=30.0, msd=3
⚠️ [DDoS/Spike t=0] cpu=30.0, msd=3
⚠️ [DDoS/Spike t=0] cpu=30.0, msd=3
⚠️ [DDoS/Spike t=0] cpu=30.0, msd=3
⚠️ [DDoS/Spike t=0] cpu=30.0, msd=3
-----------------------------------------
| rollout/                |             |
|    ep_len_mean          | 100         |
|    ep_rew_mean          | -4.44e+03   |
| time/                   |             |
|    fps                  | 179         |
|    iterations           | 73          |
|    time_elapsed         | 833         |
|    total_timesteps      | 149504      |
| train/                  |             |
|    approx_kl            | 0.011767923 |
|    clip_fraction        | 0.161       |
|    clip_range           | 0.2         |
|    entropy_loss         | -3.09       |
|    explained_variance   | 0           |
|    learning_rate        | 0.0003      |
|    loss                 | 4.16e+05    |
|    n_updates            | 720         |
|    policy_gradient_loss | -0.00474    |
|    value_loss           | 6.86e+05    |
-----------------------------------------
⚠️ [DDoS/Spike t=0] cpu=30.0, msd=3
⚠️ [DDoS/Spike t=0] cpu=30.0, msd=3
⚠️ [DDoS/Spike t=0] cpu=30.0, msd=3
⚠️ [DDoS/Spike t=0] cpu=30.0, msd=3
⚠️ [DDoS/Spike t=0] cpu=30.0, msd=3
⚠️ [DDoS/Spike t=0] cpu=30.0, msd=3
⚠️ [DDoS/Spike t=0] cpu=30.0, msd=3
⚠️ [DDoS/Spike t=0] cpu=30.0, msd=3
⚠️ [DDoS/Spike t=0] cpu=30.0, msd=3
⚠️ [DDoS/Spike t=0] cpu=30.0, msd=3
⚠️ [DDoS/Spike t=0] cpu=30.0, msd=3
⚠️ [DDoS/Spike t=0] cpu=30.0, msd=3
⚠️ [DDoS/Spike t=0] cpu=30.0, msd=3
⚠️ [DDoS/Spike t=0] cpu=30.0, msd=3
⚠️ [DDoS/Spike t=0] cpu=30.0, msd=3
⚠️ [DDoS/Spike t=0] cpu=30.0, msd=3
⚠️ [DDoS/Spike t=0] cpu=30.0, msd=3
⚠️ [DDoS/Spike t=0] cpu=30.0, msd=3
⚠️ [DDoS/Spike t=0] cpu=30.0, msd=3
⚠️ [DDoS/Spike t=0] cpu=30.0, msd=3
⚠️ [DDoS/Spike t=0] cpu=30.0, msd=3
⚠️ [DDoS/Spike t=0] cpu=30.0, msd=3
⚠️ [DDoS/Spike t=0] cpu=30.0, msd=3
⚠️ [DDoS/Spike t=0] cpu=30.0, msd=3
Eval num_timesteps=150000, episode_reward=-4463.77 +/- 1271.59
Episode length: 100.00 +/- 0.00
----------------------------------------
| eval/                   |            |
|    mean_ep_length       | 100        |
|    mean_reward          | -4.46e+03  |
| time/                   |            |
|    total_timesteps      | 150000     |
| train/                  |            |
|    approx_kl            | 0.06419002 |
|    clip_fraction        | 0.291      |
|    clip_range           | 0.2        |
|    entropy_loss         | -3.09      |
|    explained_variance   | 0          |
|    learning_rate        | 0.0003     |
|    loss                 | 3.61e+05   |
|    n_updates            | 730        |
|    policy_gradient_loss | 0.023      |
|    value_loss           | 8.1e+05    |
----------------------------------------
⚠️ [DDoS/Spike t=0] cpu=30.0, msd=3
⚠️ [DDoS/Spike t=0] cpu=30.0, msd=3
⚠️ [DDoS/Spike t=0] cpu=30.0, msd=3
⚠️ [DDoS/Spike t=0] cpu=30.0, msd=3
⚠️ [DDoS/Spike t=0] cpu=30.0, msd=3
⚠️ [DDoS/Spike t=0] cpu=30.0, msd=3
⚠️ [DDoS/Spike t=0] cpu=30.0, msd=3
⚠️ [DDoS/Spike t=0] cpu=30.0, msd=3
⚠️ [DDoS/Spike t=0] cpu=30.0, msd=3
⚠️ [DDoS/Spike t=0] cpu=30.0, msd=3
⚠️ [DDoS/Spike t=0] cpu=30.0, msd=3
⚠️ [DDoS/Spike t=0] cpu=30.0, msd=3
⚠️ [DDoS/Spike t=0] cpu=30.0, msd=3
⚠️ [DDoS/Spike t=0] cpu=30.0, msd=3
⚠️ [DDoS/Spike t=0] cpu=30.0, msd=3
⚠️ [DDoS/Spike t=0] cpu=30.0, msd=3
---------------------------------
| rollout/           |          |
|    ep_len_mean     | 100      |
|    ep_rew_mean     | -4.5e+03 |
| time/              |          |
|    fps             | 179      |
|    iterations      | 74       |
|    time_elapsed    | 844      |
|    total_timesteps | 151552   |
---------------------------------
⚠️ [DDoS/Spike t=0] cpu=30.0, msd=3
⚠️ [DDoS/Spike t=0] cpu=30.0, msd=3
⚠️ [DDoS/Spike t=0] cpu=30.0, msd=3
⚠️ [DDoS/Spike t=0] cpu=30.0, msd=3
⚠️ [DDoS/Spike t=0] cpu=30.0, msd=3
⚠️ [DDoS/Spike t=0] cpu=30.0, msd=3
⚠️ [DDoS/Spike t=0] cpu=30.0, msd=3
⚠️ [DDoS/Spike t=0] cpu=30.0, msd=3
⚠️ [DDoS/Spike t=0] cpu=30.0, msd=3
⚠️ [DDoS/Spike t=0] cpu=30.0, msd=3
⚠️ [DDoS/Spike t=0] cpu=30.0, msd=3
⚠️ [DDoS/Spike t=0] cpu=30.0, msd=3
⚠️ [DDoS/Spike t=0] cpu=30.0, msd=3
⚠️ [DDoS/Spike t=0] cpu=30.0, msd=3
⚠️ [DDoS/Spike t=0] cpu=30.0, msd=3
⚠️ [DDoS/Spike t=0] cpu=30.0, msd=3
⚠️ [DDoS/Spike t=0] cpu=30.0, msd=3
⚠️ [DDoS/Spike t=0] cpu=30.0, msd=3
⚠️ [DDoS/Spike t=0] cpu=30.0, msd=3
⚠️ [DDoS/Spike t=0] cpu=30.0, msd=3
------------------------------------------
| rollout/                |              |
|    ep_len_mean          | 100          |
|    ep_rew_mean          | -4.53e+03    |
| time/                   |              |
|    fps                  | 180          |
|    iterations           | 75           |
|    time_elapsed         | 850          |
|    total_timesteps      | 153600       |
| train/                  |              |
|    approx_kl            | 0.0041114874 |
|    clip_fraction        | 0.00439      |
|    clip_range           | 0.2          |
|    entropy_loss         | -3.11        |
|    explained_variance   | 0            |
|    learning_rate        | 0.0003       |
|    loss                 | 3.22e+05     |
|    n_updates            | 740          |
|    policy_gradient_loss | -0.00156     |
|    value_loss           | 8.27e+05     |
------------------------------------------
⚠️ [DDoS/Spike t=0] cpu=30.0, msd=3
⚠️ [DDoS/Spike t=0] cpu=30.0, msd=3
⚠️ [DDoS/Spike t=0] cpu=30.0, msd=3
⚠️ [DDoS/Spike t=0] cpu=30.0, msd=3
⚠️ [DDoS/Spike t=0] cpu=30.0, msd=3
⚠️ [DDoS/Spike t=0] cpu=30.0, msd=3
⚠️ [DDoS/Spike t=0] cpu=30.0, msd=3
⚠️ [DDoS/Spike t=0] cpu=30.0, msd=3
⚠️ [DDoS/Spike t=0] cpu=30.0, msd=3
⚠️ [DDoS/Spike t=0] cpu=30.0, msd=3
⚠️ [DDoS/Spike t=0] cpu=30.0, msd=3
⚠️ [DDoS/Spike t=0] cpu=30.0, msd=3
⚠️ [DDoS/Spike t=0] cpu=30.0, msd=3
⚠️ [DDoS/Spike t=0] cpu=30.0, msd=3
⚠️ [DDoS/Spike t=0] cpu=30.0, msd=3
⚠️ [DDoS/Spike t=0] cpu=30.0, msd=3
⚠️ [DDoS/Spike t=0] cpu=30.0, msd=3
⚠️ [DDoS/Spike t=0] cpu=30.0, msd=3
⚠️ [DDoS/Spike t=0] cpu=30.0, msd=3
⚠️ [DDoS/Spike t=0] cpu=30.0, msd=3
⚠️ [DDoS/Spike t=0] cpu=30.0, msd=3
-----------------------------------------
| rollout/                |             |
|    ep_len_mean          | 100         |
|    ep_rew_mean          | -4.57e+03   |
| time/                   |             |
|    fps                  | 180         |
|    iterations           | 76          |
|    time_elapsed         | 862         |
|    total_timesteps      | 155648      |
| train/                  |             |
|    approx_kl            | 0.000833074 |
|    clip_fraction        | 0           |
|    clip_range           | 0.2         |
|    entropy_loss         | -3.09       |
|    explained_variance   | 0           |
|    learning_rate        | 0.0003      |
|    loss                 | 4.1e+05     |
|    n_updates            | 750         |
|    policy_gradient_loss | -0.00164    |
|    value_loss           | 8.33e+05    |
-----------------------------------------
⚠️ [DDoS/Spike t=0] cpu=30.0, msd=3
⚠️ [DDoS/Spike t=0] cpu=30.0, msd=3
⚠️ [DDoS/Spike t=0] cpu=30.0, msd=3
⚠️ [DDoS/Spike t=0] cpu=30.0, msd=3
⚠️ [DDoS/Spike t=0] cpu=30.0, msd=3
⚠️ [DDoS/Spike t=0] cpu=30.0, msd=3
⚠️ [DDoS/Spike t=0] cpu=30.0, msd=3
⚠️ [DDoS/Spike t=0] cpu=30.0, msd=3
⚠️ [DDoS/Spike t=0] cpu=30.0, msd=3
⚠️ [DDoS/Spike t=0] cpu=30.0, msd=3
⚠️ [DDoS/Spike t=0] cpu=30.0, msd=3
⚠️ [DDoS/Spike t=0] cpu=30.0, msd=3
⚠️ [DDoS/Spike t=0] cpu=30.0, msd=3
⚠️ [DDoS/Spike t=0] cpu=30.0, msd=3
⚠️ [DDoS/Spike t=0] cpu=30.0, msd=3
⚠️ [DDoS/Spike t=0] cpu=30.0, msd=3
⚠️ [DDoS/Spike t=0] cpu=30.0, msd=3
⚠️ [DDoS/Spike t=0] cpu=30.0, msd=3
⚠️ [DDoS/Spike t=0] cpu=30.0, msd=3
⚠️ [DDoS/Spike t=0] cpu=30.0, msd=3
------------------------------------------
| rollout/                |              |
|    ep_len_mean          | 100          |
|    ep_rew_mean          | -4.66e+03    |
| time/                   |              |
|    fps                  | 180          |
|    iterations           | 77           |
|    time_elapsed         | 874          |
|    total_timesteps      | 157696       |
| train/                  |              |
|    approx_kl            | 0.0022079214 |
|    clip_fraction        | 0.00166      |
|    clip_range           | 0.2          |
|    entropy_loss         | -3.09        |
|    explained_variance   | 0            |
|    learning_rate        | 0.0003       |
|    loss                 | 4.34e+05     |
|    n_updates            | 760          |
|    policy_gradient_loss | -0.00276     |
|    value_loss           | 7.84e+05     |
------------------------------------------
⚠️ [DDoS/Spike t=0] cpu=30.0, msd=3
⚠️ [DDoS/Spike t=0] cpu=30.0, msd=3
⚠️ [DDoS/Spike t=0] cpu=30.0, msd=3
⚠️ [DDoS/Spike t=0] cpu=30.0, msd=3
⚠️ [DDoS/Spike t=0] cpu=30.0, msd=3
⚠️ [DDoS/Spike t=0] cpu=30.0, msd=3
⚠️ [DDoS/Spike t=0] cpu=30.0, msd=3
⚠️ [DDoS/Spike t=0] cpu=30.0, msd=3
⚠️ [DDoS/Spike t=0] cpu=30.0, msd=3
⚠️ [DDoS/Spike t=0] cpu=30.0, msd=3
⚠️ [DDoS/Spike t=0] cpu=30.0, msd=3
⚠️ [DDoS/Spike t=0] cpu=30.0, msd=3
⚠️ [DDoS/Spike t=0] cpu=30.0, msd=3
⚠️ [DDoS/Spike t=0] cpu=30.0, msd=3
⚠️ [DDoS/Spike t=0] cpu=30.0, msd=3
⚠️ [DDoS/Spike t=0] cpu=30.0, msd=3
⚠️ [DDoS/Spike t=0] cpu=30.0, msd=3
⚠️ [DDoS/Spike t=0] cpu=30.0, msd=3
⚠️ [DDoS/Spike t=0] cpu=30.0, msd=3
⚠️ [DDoS/Spike t=0] cpu=30.0, msd=3
⚠️ [DDoS/Spike t=0] cpu=30.0, msd=3
-----------------------------------------
| rollout/                |             |
|    ep_len_mean          | 100         |
|    ep_rew_mean          | -4.85e+03   |
| time/                   |             |
|    fps                  | 180         |
|    iterations           | 78          |
|    time_elapsed         | 886         |
|    total_timesteps      | 159744      |
| train/                  |             |
|    approx_kl            | 0.025094656 |
|    clip_fraction        | 0.136       |
|    clip_range           | 0.2         |
|    entropy_loss         | -3.08       |
|    explained_variance   | 0           |
|    learning_rate        | 0.0003      |
|    loss                 | 4.53e+05    |
|    n_updates            | 770         |
|    policy_gradient_loss | 0.00597     |
|    value_loss           | 8.27e+05    |
-----------------------------------------
⚠️ [DDoS/Spike t=0] cpu=30.0, msd=3
⚠️ [DDoS/Spike t=0] cpu=30.0, msd=3
⚠️ [DDoS/Spike t=0] cpu=30.0, msd=3
⚠️ [DDoS/Spike t=0] cpu=30.0, msd=3
⚠️ [DDoS/Spike t=0] cpu=30.0, msd=3
⚠️ [DDoS/Spike t=0] cpu=30.0, msd=3
⚠️ [DDoS/Spike t=0] cpu=30.0, msd=3
⚠️ [DDoS/Spike t=0] cpu=30.0, msd=3
⚠️ [DDoS/Spike t=0] cpu=30.0, msd=3
⚠️ [DDoS/Spike t=0] cpu=30.0, msd=3
⚠️ [DDoS/Spike t=0] cpu=30.0, msd=3
⚠️ [DDoS/Spike t=0] cpu=30.0, msd=3
⚠️ [DDoS/Spike t=0] cpu=30.0, msd=3
⚠️ [DDoS/Spike t=0] cpu=30.0, msd=3
⚠️ [DDoS/Spike t=0] cpu=30.0, msd=3
⚠️ [DDoS/Spike t=0] cpu=30.0, msd=3
⚠️ [DDoS/Spike t=0] cpu=30.0, msd=3
⚠️ [DDoS/Spike t=0] cpu=30.0, msd=3
⚠️ [DDoS/Spike t=0] cpu=30.0, msd=3
⚠️ [DDoS/Spike t=0] cpu=30.0, msd=3
⚠️ [DDoS/Spike t=0] cpu=30.0, msd=3
⚠️ [DDoS/Spike t=0] cpu=30.0, msd=3
Eval num_timesteps=160000, episode_reward=-3464.38 +/- 673.33
Episode length: 100.00 +/- 0.00
-----------------------------------------
| eval/                   |             |
|    mean_ep_length       | 100         |
|    mean_reward          | -3.46e+03   |
| time/                   |             |
|    total_timesteps      | 160000      |
| train/                  |             |
|    approx_kl            | 0.008621614 |
|    clip_fraction        | 0.167       |
|    clip_range           | 0.2         |
|    entropy_loss         | -3.03       |
|    explained_variance   | 0           |
|    learning_rate        | 0.0003      |
|    loss                 | 4.46e+05    |
|    n_updates            | 780         |
|    policy_gradient_loss | 0.00502     |
|    value_loss           | 8.46e+05    |
-----------------------------------------
⚠️ [DDoS/Spike t=0] cpu=30.0, msd=3
⚠️ [DDoS/Spike t=0] cpu=30.0, msd=3
⚠️ [DDoS/Spike t=0] cpu=30.0, msd=3
⚠️ [DDoS/Spike t=0] cpu=30.0, msd=3
⚠️ [DDoS/Spike t=0] cpu=30.0, msd=3
⚠️ [DDoS/Spike t=0] cpu=30.0, msd=3
⚠️ [DDoS/Spike t=0] cpu=30.0, msd=3
⚠️ [DDoS/Spike t=0] cpu=30.0, msd=3
⚠️ [DDoS/Spike t=0] cpu=30.0, msd=3
⚠️ [DDoS/Spike t=0] cpu=30.0, msd=3
⚠️ [DDoS/Spike t=0] cpu=30.0, msd=3
⚠️ [DDoS/Spike t=0] cpu=30.0, msd=3
⚠️ [DDoS/Spike t=0] cpu=30.0, msd=3
⚠️ [DDoS/Spike t=0] cpu=30.0, msd=3
⚠️ [DDoS/Spike t=0] cpu=30.0, msd=3
⚠️ [DDoS/Spike t=0] cpu=30.0, msd=3
⚠️ [DDoS/Spike t=0] cpu=30.0, msd=3
⚠️ [DDoS/Spike t=0] cpu=30.0, msd=3
---------------------------------
| rollout/           |          |
|    ep_len_mean     | 100      |
|    ep_rew_mean     | -4.8e+03 |
| time/              |          |
|    fps             | 180      |
|    iterations      | 79       |
|    time_elapsed    | 896      |
|    total_timesteps | 161792   |
---------------------------------
⚠️ [DDoS/Spike t=0] cpu=30.0, msd=3
⚠️ [DDoS/Spike t=0] cpu=30.0, msd=3
⚠️ [DDoS/Spike t=0] cpu=30.0, msd=3
⚠️ [DDoS/Spike t=0] cpu=30.0, msd=3
⚠️ [DDoS/Spike t=0] cpu=30.0, msd=3
⚠️ [DDoS/Spike t=0] cpu=30.0, msd=3
⚠️ [DDoS/Spike t=0] cpu=30.0, msd=3
⚠️ [DDoS/Spike t=0] cpu=30.0, msd=3
⚠️ [DDoS/Spike t=0] cpu=30.0, msd=3
⚠️ [DDoS/Spike t=0] cpu=30.0, msd=3
⚠️ [DDoS/Spike t=0] cpu=30.0, msd=3
⚠️ [DDoS/Spike t=0] cpu=30.0, msd=3
⚠️ [DDoS/Spike t=0] cpu=30.0, msd=3
⚠️ [DDoS/Spike t=0] cpu=30.0, msd=3
⚠️ [DDoS/Spike t=0] cpu=30.0, msd=3
⚠️ [DDoS/Spike t=0] cpu=30.0, msd=3
⚠️ [DDoS/Spike t=0] cpu=30.0, msd=3
⚠️ [DDoS/Spike t=0] cpu=30.0, msd=3
⚠️ [DDoS/Spike t=0] cpu=30.0, msd=3
⚠️ [DDoS/Spike t=0] cpu=30.0, msd=3
⚠️ [DDoS/Spike t=0] cpu=30.0, msd=3
-----------------------------------------
| rollout/                |             |
|    ep_len_mean          | 100         |
|    ep_rew_mean          | -4.67e+03   |
| time/                   |             |
|    fps                  | 181         |
|    iterations           | 80          |
|    time_elapsed         | 904         |
|    total_timesteps      | 163840      |
| train/                  |             |
|    approx_kl            | 0.004539488 |
|    clip_fraction        | 0.00596     |
|    clip_range           | 0.2         |
|    entropy_loss         | -3.06       |
|    explained_variance   | 0           |
|    learning_rate        | 0.0003      |
|    loss                 | 4.58e+05    |
|    n_updates            | 790         |
|    policy_gradient_loss | -0.00534    |
|    value_loss           | 8.77e+05    |
-----------------------------------------
⚠️ [DDoS/Spike t=0] cpu=30.0, msd=3
⚠️ [DDoS/Spike t=0] cpu=30.0, msd=3
⚠️ [DDoS/Spike t=0] cpu=30.0, msd=3
⚠️ [DDoS/Spike t=0] cpu=30.0, msd=3
⚠️ [DDoS/Spike t=0] cpu=30.0, msd=3
⚠️ [DDoS/Spike t=0] cpu=30.0, msd=3
⚠️ [DDoS/Spike t=0] cpu=30.0, msd=3
⚠️ [DDoS/Spike t=0] cpu=30.0, msd=3
⚠️ [DDoS/Spike t=0] cpu=30.0, msd=3
⚠️ [DDoS/Spike t=0] cpu=30.0, msd=3
⚠️ [DDoS/Spike t=0] cpu=30.0, msd=3
⚠️ [DDoS/Spike t=0] cpu=30.0, msd=3
⚠️ [DDoS/Spike t=0] cpu=30.0, msd=3
⚠️ [DDoS/Spike t=0] cpu=30.0, msd=3
⚠️ [DDoS/Spike t=0] cpu=30.0, msd=3
⚠️ [DDoS/Spike t=0] cpu=30.0, msd=3
⚠️ [DDoS/Spike t=0] cpu=30.0, msd=3
⚠️ [DDoS/Spike t=0] cpu=30.0, msd=3
⚠️ [DDoS/Spike t=0] cpu=30.0, msd=3
⚠️ [DDoS/Spike t=0] cpu=30.0, msd=3
------------------------------------------
| rollout/                |              |
|    ep_len_mean          | 100          |
|    ep_rew_mean          | -4.66e+03    |
| time/                   |              |
|    fps                  | 180          |
|    iterations           | 81           |
|    time_elapsed         | 917          |
|    total_timesteps      | 165888       |
| train/                  |              |
|    approx_kl            | 0.0079731755 |
|    clip_fraction        | 0.0159       |
|    clip_range           | 0.2          |
|    entropy_loss         | -3.06        |
|    explained_variance   | 0            |
|    learning_rate        | 0.0003       |
|    loss                 | 4.56e+05     |
|    n_updates            | 800          |
|    policy_gradient_loss | -0.00464     |
|    value_loss           | 8.91e+05     |
------------------------------------------
⚠️ [DDoS/Spike t=0] cpu=30.0, msd=3
⚠️ [DDoS/Spike t=0] cpu=30.0, msd=3
⚠️ [DDoS/Spike t=0] cpu=30.0, msd=3
⚠️ [DDoS/Spike t=0] cpu=30.0, msd=3
⚠️ [DDoS/Spike t=0] cpu=30.0, msd=3
⚠️ [DDoS/Spike t=0] cpu=30.0, msd=3
⚠️ [DDoS/Spike t=0] cpu=30.0, msd=3
⚠️ [DDoS/Spike t=0] cpu=30.0, msd=3
⚠️ [DDoS/Spike t=0] cpu=30.0, msd=3
⚠️ [DDoS/Spike t=0] cpu=30.0, msd=3
⚠️ [DDoS/Spike t=0] cpu=30.0, msd=3
⚠️ [DDoS/Spike t=0] cpu=30.0, msd=3
⚠️ [DDoS/Spike t=0] cpu=30.0, msd=3
⚠️ [DDoS/Spike t=0] cpu=30.0, msd=3
⚠️ [DDoS/Spike t=0] cpu=30.0, msd=3
⚠️ [DDoS/Spike t=0] cpu=30.0, msd=3
⚠️ [DDoS/Spike t=0] cpu=30.0, msd=3
⚠️ [DDoS/Spike t=0] cpu=30.0, msd=3
⚠️ [DDoS/Spike t=0] cpu=30.0, msd=3
⚠️ [DDoS/Spike t=0] cpu=30.0, msd=3
⚠️ [DDoS/Spike t=0] cpu=30.0, msd=3
------------------------------------------
| rollout/                |              |
|    ep_len_mean          | 100          |
|    ep_rew_mean          | -4.69e+03    |
| time/                   |              |
|    fps                  | 180          |
|    iterations           | 82           |
|    time_elapsed         | 928          |
|    total_timesteps      | 167936       |
| train/                  |              |
|    approx_kl            | 0.0059399484 |
|    clip_fraction        | 0.0274       |
|    clip_range           | 0.2          |
|    entropy_loss         | -3.05        |
|    explained_variance   | 0            |
|    learning_rate        | 0.0003       |
|    loss                 | 3.49e+05     |
|    n_updates            | 810          |
|    policy_gradient_loss | -0.00592     |
|    value_loss           | 8.07e+05     |
------------------------------------------
⚠️ [DDoS/Spike t=0] cpu=30.0, msd=3
⚠️ [DDoS/Spike t=0] cpu=30.0, msd=3
⚠️ [DDoS/Spike t=0] cpu=30.0, msd=3
⚠️ [DDoS/Spike t=0] cpu=30.0, msd=3
⚠️ [DDoS/Spike t=0] cpu=30.0, msd=3
⚠️ [DDoS/Spike t=0] cpu=30.0, msd=3
⚠️ [DDoS/Spike t=0] cpu=30.0, msd=3
⚠️ [DDoS/Spike t=0] cpu=30.0, msd=3
⚠️ [DDoS/Spike t=0] cpu=30.0, msd=3
⚠️ [DDoS/Spike t=0] cpu=30.0, msd=3
⚠️ [DDoS/Spike t=0] cpu=30.0, msd=3
⚠️ [DDoS/Spike t=0] cpu=30.0, msd=3
⚠️ [DDoS/Spike t=0] cpu=30.0, msd=3
⚠️ [DDoS/Spike t=0] cpu=30.0, msd=3
⚠️ [DDoS/Spike t=0] cpu=30.0, msd=3
⚠️ [DDoS/Spike t=0] cpu=30.0, msd=3
⚠️ [DDoS/Spike t=0] cpu=30.0, msd=3
⚠️ [DDoS/Spike t=0] cpu=30.0, msd=3
⚠️ [DDoS/Spike t=0] cpu=30.0, msd=3
⚠️ [DDoS/Spike t=0] cpu=30.0, msd=3
----------------------------------------
| rollout/                |            |
|    ep_len_mean          | 100        |
|    ep_rew_mean          | -4.67e+03  |
| time/                   |            |
|    fps                  | 181        |
|    iterations           | 83         |
|    time_elapsed         | 938        |
|    total_timesteps      | 169984     |
| train/                  |            |
|    approx_kl            | 0.05500318 |
|    clip_fraction        | 0.353      |
|    clip_range           | 0.2        |
|    entropy_loss         | -3.04      |
|    explained_variance   | 0          |
|    learning_rate        | 0.0003     |
|    loss                 | 5.07e+05   |
|    n_updates            | 820        |
|    policy_gradient_loss | 0.0166     |
|    value_loss           | 9.25e+05   |
----------------------------------------
⚠️ [DDoS/Spike t=0] cpu=30.0, msd=3
⚠️ [DDoS/Spike t=0] cpu=30.0, msd=3
⚠️ [DDoS/Spike t=0] cpu=30.0, msd=3
⚠️ [DDoS/Spike t=0] cpu=30.0, msd=3
⚠️ [DDoS/Spike t=0] cpu=30.0, msd=3
⚠️ [DDoS/Spike t=0] cpu=30.0, msd=3
⚠️ [DDoS/Spike t=0] cpu=30.0, msd=3
⚠️ [DDoS/Spike t=0] cpu=30.0, msd=3
⚠️ [DDoS/Spike t=0] cpu=30.0, msd=3
⚠️ [DDoS/Spike t=0] cpu=30.0, msd=3
⚠️ [DDoS/Spike t=0] cpu=30.0, msd=3
⚠️ [DDoS/Spike t=0] cpu=30.0, msd=3
⚠️ [DDoS/Spike t=0] cpu=30.0, msd=3
⚠️ [DDoS/Spike t=0] cpu=30.0, msd=3
⚠️ [DDoS/Spike t=0] cpu=30.0, msd=3
⚠️ [DDoS/Spike t=0] cpu=30.0, msd=3
⚠️ [DDoS/Spike t=0] cpu=30.0, msd=3
⚠️ [DDoS/Spike t=0] cpu=30.0, msd=3
⚠️ [DDoS/Spike t=0] cpu=30.0, msd=3
⚠️ [DDoS/Spike t=0] cpu=30.0, msd=3
Eval num_timesteps=170000, episode_reward=-3944.81 +/- 910.40
Episode length: 100.00 +/- 0.00
------------------------------------------
| eval/                   |              |
|    mean_ep_length       | 100          |
|    mean_reward          | -3.94e+03    |
| time/                   |              |
|    total_timesteps      | 170000       |
| train/                  |              |
|    approx_kl            | 0.0018053637 |
|    clip_fraction        | 0.000391     |
|    clip_range           | 0.2          |
|    entropy_loss         | -3.04        |
|    explained_variance   | 5.96e-08     |
|    learning_rate        | 0.0003       |
|    loss                 | 4.28e+05     |
|    n_updates            | 830          |
|    policy_gradient_loss | -0.00169     |
|    value_loss           | 9.2e+05      |
------------------------------------------
⚠️ [DDoS/Spike t=0] cpu=30.0, msd=3
⚠️ [DDoS/Spike t=0] cpu=30.0, msd=3
⚠️ [DDoS/Spike t=0] cpu=30.0, msd=3
⚠️ [DDoS/Spike t=0] cpu=30.0, msd=3
⚠️ [DDoS/Spike t=0] cpu=30.0, msd=3
⚠️ [DDoS/Spike t=0] cpu=30.0, msd=3
⚠️ [DDoS/Spike t=0] cpu=30.0, msd=3
⚠️ [DDoS/Spike t=0] cpu=30.0, msd=3
⚠️ [DDoS/Spike t=0] cpu=30.0, msd=3
⚠️ [DDoS/Spike t=0] cpu=30.0, msd=3
⚠️ [DDoS/Spike t=0] cpu=30.0, msd=3
⚠️ [DDoS/Spike t=0] cpu=30.0, msd=3
⚠️ [DDoS/Spike t=0] cpu=30.0, msd=3
⚠️ [DDoS/Spike t=0] cpu=30.0, msd=3
⚠️ [DDoS/Spike t=0] cpu=30.0, msd=3
⚠️ [DDoS/Spike t=0] cpu=30.0, msd=3
⚠️ [DDoS/Spike t=0] cpu=30.0, msd=3
⚠️ [DDoS/Spike t=0] cpu=30.0, msd=3
⚠️ [DDoS/Spike t=0] cpu=30.0, msd=3
⚠️ [DDoS/Spike t=0] cpu=30.0, msd=3
⚠️ [DDoS/Spike t=0] cpu=30.0, msd=3
----------------------------------
| rollout/           |           |
|    ep_len_mean     | 100       |
|    ep_rew_mean     | -4.62e+03 |
| time/              |           |
|    fps             | 180       |
|    iterations      | 84        |
|    time_elapsed    | 953       |
|    total_timesteps | 172032    |
----------------------------------
⚠️ [DDoS/Spike t=0] cpu=30.0, msd=3
⚠️ [DDoS/Spike t=0] cpu=30.0, msd=3
⚠️ [DDoS/Spike t=0] cpu=30.0, msd=3
⚠️ [DDoS/Spike t=0] cpu=30.0, msd=3
⚠️ [DDoS/Spike t=0] cpu=30.0, msd=3
⚠️ [DDoS/Spike t=0] cpu=30.0, msd=3
⚠️ [DDoS/Spike t=0] cpu=30.0, msd=3
⚠️ [DDoS/Spike t=0] cpu=30.0, msd=3
⚠️ [DDoS/Spike t=0] cpu=30.0, msd=3
⚠️ [DDoS/Spike t=0] cpu=30.0, msd=3
⚠️ [DDoS/Spike t=0] cpu=30.0, msd=3
⚠️ [DDoS/Spike t=0] cpu=30.0, msd=3
⚠️ [DDoS/Spike t=0] cpu=30.0, msd=3
⚠️ [DDoS/Spike t=0] cpu=30.0, msd=3
⚠️ [DDoS/Spike t=0] cpu=30.0, msd=3
⚠️ [DDoS/Spike t=0] cpu=30.0, msd=3
⚠️ [DDoS/Spike t=0] cpu=30.0, msd=3
⚠️ [DDoS/Spike t=0] cpu=30.0, msd=3
⚠️ [DDoS/Spike t=0] cpu=30.0, msd=3
⚠️ [DDoS/Spike t=0] cpu=30.0, msd=3
-----------------------------------------
| rollout/                |             |
|    ep_len_mean          | 100         |
|    ep_rew_mean          | -4.52e+03   |
| time/                   |             |
|    fps                  | 180         |
|    iterations           | 85          |
|    time_elapsed         | 965         |
|    total_timesteps      | 174080      |
| train/                  |             |
|    approx_kl            | 0.004845494 |
|    clip_fraction        | 0.0176      |
|    clip_range           | 0.2         |
|    entropy_loss         | -3.03       |
|    explained_variance   | 0           |
|    learning_rate        | 0.0003      |
|    loss                 | 3.59e+05    |
|    n_updates            | 840         |
|    policy_gradient_loss | -0.00525    |
|    value_loss           | 8.68e+05    |
-----------------------------------------
⚠️ [DDoS/Spike t=0] cpu=30.0, msd=3
⚠️ [DDoS/Spike t=0] cpu=30.0, msd=3
⚠️ [DDoS/Spike t=0] cpu=30.0, msd=3
⚠️ [DDoS/Spike t=0] cpu=30.0, msd=3
⚠️ [DDoS/Spike t=0] cpu=30.0, msd=3
⚠️ [DDoS/Spike t=0] cpu=30.0, msd=3
⚠️ [DDoS/Spike t=0] cpu=30.0, msd=3
⚠️ [DDoS/Spike t=0] cpu=30.0, msd=3
⚠️ [DDoS/Spike t=0] cpu=30.0, msd=3
⚠️ [DDoS/Spike t=0] cpu=30.0, msd=3
⚠️ [DDoS/Spike t=0] cpu=30.0, msd=3
⚠️ [DDoS/Spike t=0] cpu=30.0, msd=3
⚠️ [DDoS/Spike t=0] cpu=30.0, msd=3
⚠️ [DDoS/Spike t=0] cpu=30.0, msd=3
⚠️ [DDoS/Spike t=0] cpu=30.0, msd=3
⚠️ [DDoS/Spike t=0] cpu=30.0, msd=3
⚠️ [DDoS/Spike t=0] cpu=30.0, msd=3
⚠️ [DDoS/Spike t=0] cpu=30.0, msd=3
⚠️ [DDoS/Spike t=0] cpu=30.0, msd=3
⚠️ [DDoS/Spike t=0] cpu=30.0, msd=3
⚠️ [DDoS/Spike t=0] cpu=30.0, msd=3
---------------------------------------
| rollout/                |           |
|    ep_len_mean          | 100       |
|    ep_rew_mean          | -4.58e+03 |
| time/                   |           |
|    fps                  | 180       |
|    iterations           | 86        |
|    time_elapsed         | 975       |
|    total_timesteps      | 176128    |
| train/                  |           |
|    approx_kl            | 0.0903129 |
|    clip_fraction        | 0.065     |
|    clip_range           | 0.2       |
|    entropy_loss         | -3.03     |
|    explained_variance   | 0         |
|    learning_rate        | 0.0003    |
|    loss                 | 4.25e+05  |
|    n_updates            | 850       |
|    policy_gradient_loss | 0.00395   |
|    value_loss           | 8.58e+05  |
---------------------------------------
⚠️ [DDoS/Spike t=0] cpu=30.0, msd=3
⚠️ [DDoS/Spike t=0] cpu=30.0, msd=3
⚠️ [DDoS/Spike t=0] cpu=30.0, msd=3
⚠️ [DDoS/Spike t=0] cpu=30.0, msd=3
⚠️ [DDoS/Spike t=0] cpu=30.0, msd=3
⚠️ [DDoS/Spike t=0] cpu=30.0, msd=3
⚠️ [DDoS/Spike t=0] cpu=30.0, msd=3
⚠️ [DDoS/Spike t=0] cpu=30.0, msd=3
⚠️ [DDoS/Spike t=0] cpu=30.0, msd=3
⚠️ [DDoS/Spike t=0] cpu=30.0, msd=3
⚠️ [DDoS/Spike t=0] cpu=30.0, msd=3
⚠️ [DDoS/Spike t=0] cpu=30.0, msd=3
⚠️ [DDoS/Spike t=0] cpu=30.0, msd=3
⚠️ [DDoS/Spike t=0] cpu=30.0, msd=3
⚠️ [DDoS/Spike t=0] cpu=30.0, msd=3
⚠️ [DDoS/Spike t=0] cpu=30.0, msd=3
⚠️ [DDoS/Spike t=0] cpu=30.0, msd=3
⚠️ [DDoS/Spike t=0] cpu=30.0, msd=3
⚠️ [DDoS/Spike t=0] cpu=30.0, msd=3
⚠️ [DDoS/Spike t=0] cpu=30.0, msd=3
-----------------------------------------
| rollout/                |             |
|    ep_len_mean          | 100         |
|    ep_rew_mean          | -4.55e+03   |
| time/                   |             |
|    fps                  | 181         |
|    iterations           | 87          |
|    time_elapsed         | 983         |
|    total_timesteps      | 178176      |
| train/                  |             |
|    approx_kl            | 0.010006271 |
|    clip_fraction        | 0.0467      |
|    clip_range           | 0.2         |
|    entropy_loss         | -3.04       |
|    explained_variance   | 0           |
|    learning_rate        | 0.0003      |
|    loss                 | 4.82e+05    |
|    n_updates            | 860         |
|    policy_gradient_loss | -0.00147    |
|    value_loss           | 9.57e+05    |
-----------------------------------------
⚠️ [DDoS/Spike t=0] cpu=30.0, msd=3
⚠️ [DDoS/Spike t=0] cpu=30.0, msd=3
⚠️ [DDoS/Spike t=0] cpu=30.0, msd=3
⚠️ [DDoS/Spike t=0] cpu=30.0, msd=3
⚠️ [DDoS/Spike t=0] cpu=30.0, msd=3
⚠️ [DDoS/Spike t=0] cpu=30.0, msd=3
⚠️ [DDoS/Spike t=0] cpu=30.0, msd=3
⚠️ [DDoS/Spike t=0] cpu=30.0, msd=3
⚠️ [DDoS/Spike t=0] cpu=30.0, msd=3
⚠️ [DDoS/Spike t=0] cpu=30.0, msd=3
⚠️ [DDoS/Spike t=0] cpu=30.0, msd=3
⚠️ [DDoS/Spike t=0] cpu=30.0, msd=3
⚠️ [DDoS/Spike t=0] cpu=30.0, msd=3
⚠️ [DDoS/Spike t=0] cpu=30.0, msd=3
⚠️ [DDoS/Spike t=0] cpu=30.0, msd=3
⚠️ [DDoS/Spike t=0] cpu=30.0, msd=3
⚠️ [DDoS/Spike t=0] cpu=30.0, msd=3
⚠️ [DDoS/Spike t=0] cpu=30.0, msd=3
⚠️ [DDoS/Spike t=0] cpu=30.0, msd=3
⚠️ [DDoS/Spike t=0] cpu=30.0, msd=3
⚠️ [DDoS/Spike t=0] cpu=30.0, msd=3
⚠️ [DDoS/Spike t=0] cpu=30.0, msd=3
⚠️ [DDoS/Spike t=0] cpu=30.0, msd=3
⚠️ [DDoS/Spike t=0] cpu=30.0, msd=3
⚠️ [DDoS/Spike t=0] cpu=30.0, msd=3
⚠️ [DDoS/Spike t=0] cpu=30.0, msd=3
⚠️ [DDoS/Spike t=0] cpu=30.0, msd=3
⚠️ [DDoS/Spike t=0] cpu=30.0, msd=3
⚠️ [DDoS/Spike t=0] cpu=30.0, msd=3
⚠️ [DDoS/Spike t=0] cpu=30.0, msd=3
⚠️ [DDoS/Spike t=0] cpu=30.0, msd=3
⚠️ [DDoS/Spike t=0] cpu=30.0, msd=3
⚠️ [DDoS/Spike t=0] cpu=30.0, msd=3
⚠️ [DDoS/Spike t=0] cpu=30.0, msd=3
⚠️ [DDoS/Spike t=0] cpu=30.0, msd=3
⚠️ [DDoS/Spike t=0] cpu=30.0, msd=3
⚠️ [DDoS/Spike t=0] cpu=30.0, msd=3
⚠️ [DDoS/Spike t=0] cpu=30.0, msd=3
Eval num_timesteps=180000, episode_reward=-4506.37 +/- 1941.08
Episode length: 100.00 +/- 0.00
------------------------------------------
| eval/                   |              |
|    mean_ep_length       | 100          |
|    mean_reward          | -4.51e+03    |
| time/                   |              |
|    total_timesteps      | 180000       |
| train/                  |              |
|    approx_kl            | 0.0035909417 |
|    clip_fraction        | 0.0243       |
|    clip_range           | 0.2          |
|    entropy_loss         | -3.03        |
|    explained_variance   | 0            |
|    learning_rate        | 0.0003       |
|    loss                 | 4.96e+05     |
|    n_updates            | 870          |
|    policy_gradient_loss | -0.00384     |
|    value_loss           | 8.99e+05     |
------------------------------------------
⚠️ [DDoS/Spike t=0] cpu=30.0, msd=3
⚠️ [DDoS/Spike t=0] cpu=30.0, msd=3
⚠️ [DDoS/Spike t=0] cpu=30.0, msd=3
----------------------------------
| rollout/           |           |
|    ep_len_mean     | 100       |
|    ep_rew_mean     | -4.64e+03 |
| time/              |           |
|    fps             | 180       |
|    iterations      | 88        |
|    time_elapsed    | 997       |
|    total_timesteps | 180224    |
----------------------------------
⚠️ [DDoS/Spike t=0] cpu=30.0, msd=3
⚠️ [DDoS/Spike t=0] cpu=30.0, msd=3
⚠️ [DDoS/Spike t=0] cpu=30.0, msd=3
⚠️ [DDoS/Spike t=0] cpu=30.0, msd=3
⚠️ [DDoS/Spike t=0] cpu=30.0, msd=3
⚠️ [DDoS/Spike t=0] cpu=30.0, msd=3
⚠️ [DDoS/Spike t=0] cpu=30.0, msd=3
⚠️ [DDoS/Spike t=0] cpu=30.0, msd=3
⚠️ [DDoS/Spike t=0] cpu=30.0, msd=3
⚠️ [DDoS/Spike t=0] cpu=30.0, msd=3
⚠️ [DDoS/Spike t=0] cpu=30.0, msd=3
⚠️ [DDoS/Spike t=0] cpu=30.0, msd=3
⚠️ [DDoS/Spike t=0] cpu=30.0, msd=3
⚠️ [DDoS/Spike t=0] cpu=30.0, msd=3
⚠️ [DDoS/Spike t=0] cpu=30.0, msd=3
⚠️ [DDoS/Spike t=0] cpu=30.0, msd=3
⚠️ [DDoS/Spike t=0] cpu=30.0, msd=3
⚠️ [DDoS/Spike t=0] cpu=30.0, msd=3
⚠️ [DDoS/Spike t=0] cpu=30.0, msd=3
⚠️ [DDoS/Spike t=0] cpu=30.0, msd=3
------------------------------------------
| rollout/                |              |
|    ep_len_mean          | 100          |
|    ep_rew_mean          | -4.74e+03    |
| time/                   |              |
|    fps                  | 181          |
|    iterations           | 89           |
|    time_elapsed         | 1004         |
|    total_timesteps      | 182272       |
| train/                  |              |
|    approx_kl            | 0.0030987195 |
|    clip_fraction        | 0.00225      |
|    clip_range           | 0.2          |
|    entropy_loss         | -3.03        |
|    explained_variance   | 0            |
|    learning_rate        | 0.0003       |
|    loss                 | 5.27e+05     |
|    n_updates            | 880          |
|    policy_gradient_loss | -0.00372     |
|    value_loss           | 9.06e+05     |
------------------------------------------
⚠️ [DDoS/Spike t=0] cpu=30.0, msd=3
⚠️ [DDoS/Spike t=0] cpu=30.0, msd=3
⚠️ [DDoS/Spike t=0] cpu=30.0, msd=3
⚠️ [DDoS/Spike t=0] cpu=30.0, msd=3
⚠️ [DDoS/Spike t=0] cpu=30.0, msd=3
⚠️ [DDoS/Spike t=0] cpu=30.0, msd=3
⚠️ [DDoS/Spike t=0] cpu=30.0, msd=3
⚠️ [DDoS/Spike t=0] cpu=30.0, msd=3
⚠️ [DDoS/Spike t=0] cpu=30.0, msd=3
⚠️ [DDoS/Spike t=0] cpu=30.0, msd=3
⚠️ [DDoS/Spike t=0] cpu=30.0, msd=3
⚠️ [DDoS/Spike t=0] cpu=30.0, msd=3
⚠️ [DDoS/Spike t=0] cpu=30.0, msd=3
⚠️ [DDoS/Spike t=0] cpu=30.0, msd=3
⚠️ [DDoS/Spike t=0] cpu=30.0, msd=3
⚠️ [DDoS/Spike t=0] cpu=30.0, msd=3
⚠️ [DDoS/Spike t=0] cpu=30.0, msd=3
⚠️ [DDoS/Spike t=0] cpu=30.0, msd=3
⚠️ [DDoS/Spike t=0] cpu=30.0, msd=3
⚠️ [DDoS/Spike t=0] cpu=30.0, msd=3
⚠️ [DDoS/Spike t=0] cpu=30.0, msd=3
-----------------------------------------
| rollout/                |             |
|    ep_len_mean          | 100         |
|    ep_rew_mean          | -4.83e+03   |
| time/                   |             |
|    fps                  | 181         |
|    iterations           | 90          |
|    time_elapsed         | 1013        |
|    total_timesteps      | 184320      |
| train/                  |             |
|    approx_kl            | 0.011498049 |
|    clip_fraction        | 0.0231      |
|    clip_range           | 0.2         |
|    entropy_loss         | -3.03       |
|    explained_variance   | 0           |
|    learning_rate        | 0.0003      |
|    loss                 | 5.21e+05    |
|    n_updates            | 890         |
|    policy_gradient_loss | -0.00397    |
|    value_loss           | 9.03e+05    |
-----------------------------------------
⚠️ [DDoS/Spike t=0] cpu=30.0, msd=3
⚠️ [DDoS/Spike t=0] cpu=30.0, msd=3
⚠️ [DDoS/Spike t=0] cpu=30.0, msd=3
⚠️ [DDoS/Spike t=0] cpu=30.0, msd=3
⚠️ [DDoS/Spike t=0] cpu=30.0, msd=3
⚠️ [DDoS/Spike t=0] cpu=30.0, msd=3
⚠️ [DDoS/Spike t=0] cpu=30.0, msd=3
⚠️ [DDoS/Spike t=0] cpu=30.0, msd=3
⚠️ [DDoS/Spike t=0] cpu=30.0, msd=3
⚠️ [DDoS/Spike t=0] cpu=30.0, msd=3
⚠️ [DDoS/Spike t=0] cpu=30.0, msd=3
⚠️ [DDoS/Spike t=0] cpu=30.0, msd=3
⚠️ [DDoS/Spike t=0] cpu=30.0, msd=3
⚠️ [DDoS/Spike t=0] cpu=30.0, msd=3
⚠️ [DDoS/Spike t=0] cpu=30.0, msd=3
⚠️ [DDoS/Spike t=0] cpu=30.0, msd=3
⚠️ [DDoS/Spike t=0] cpu=30.0, msd=3
⚠️ [DDoS/Spike t=0] cpu=30.0, msd=3
⚠️ [DDoS/Spike t=0] cpu=30.0, msd=3
⚠️ [DDoS/Spike t=0] cpu=30.0, msd=3
-----------------------------------------
| rollout/                |             |
|    ep_len_mean          | 100         |
|    ep_rew_mean          | -4.69e+03   |
| time/                   |             |
|    fps                  | 181         |
|    iterations           | 91          |
|    time_elapsed         | 1029        |
|    total_timesteps      | 186368      |
| train/                  |             |
|    approx_kl            | 0.004307748 |
|    clip_fraction        | 0.0201      |
|    clip_range           | 0.2         |
|    entropy_loss         | -3.04       |
|    explained_variance   | 0           |
|    learning_rate        | 0.0003      |
|    loss                 | 4.9e+05     |
|    n_updates            | 900         |
|    policy_gradient_loss | -0.00353    |
|    value_loss           | 9.71e+05    |
-----------------------------------------
⚠️ [DDoS/Spike t=0] cpu=30.0, msd=3
⚠️ [DDoS/Spike t=0] cpu=30.0, msd=3
⚠️ [DDoS/Spike t=0] cpu=30.0, msd=3
⚠️ [DDoS/Spike t=0] cpu=30.0, msd=3
⚠️ [DDoS/Spike t=0] cpu=30.0, msd=3
⚠️ [DDoS/Spike t=0] cpu=30.0, msd=3
⚠️ [DDoS/Spike t=0] cpu=30.0, msd=3
⚠️ [DDoS/Spike t=0] cpu=30.0, msd=3
⚠️ [DDoS/Spike t=0] cpu=30.0, msd=3
⚠️ [DDoS/Spike t=0] cpu=30.0, msd=3
⚠️ [DDoS/Spike t=0] cpu=30.0, msd=3
⚠️ [DDoS/Spike t=0] cpu=30.0, msd=3
⚠️ [DDoS/Spike t=0] cpu=30.0, msd=3
⚠️ [DDoS/Spike t=0] cpu=30.0, msd=3
⚠️ [DDoS/Spike t=0] cpu=30.0, msd=3
⚠️ [DDoS/Spike t=0] cpu=30.0, msd=3
⚠️ [DDoS/Spike t=0] cpu=30.0, msd=3
⚠️ [DDoS/Spike t=0] cpu=30.0, msd=3
⚠️ [DDoS/Spike t=0] cpu=30.0, msd=3
⚠️ [DDoS/Spike t=0] cpu=30.0, msd=3
⚠️ [DDoS/Spike t=0] cpu=30.0, msd=3
-----------------------------------------
| rollout/                |             |
|    ep_len_mean          | 100         |
|    ep_rew_mean          | -4.6e+03    |
| time/                   |             |
|    fps                  | 180         |
|    iterations           | 92          |
|    time_elapsed         | 1044        |
|    total_timesteps      | 188416      |
| train/                  |             |
|    approx_kl            | 0.010212082 |
|    clip_fraction        | 0.0756      |
|    clip_range           | 0.2         |
|    entropy_loss         | -3.02       |
|    explained_variance   | 0           |
|    learning_rate        | 0.0003      |
|    loss                 | 3.8e+05     |
|    n_updates            | 910         |
|    policy_gradient_loss | -0.000415   |
|    value_loss           | 8.09e+05    |
-----------------------------------------
⚠️ [DDoS/Spike t=0] cpu=30.0, msd=3
⚠️ [DDoS/Spike t=0] cpu=30.0, msd=3
⚠️ [DDoS/Spike t=0] cpu=30.0, msd=3
⚠️ [DDoS/Spike t=0] cpu=30.0, msd=3
⚠️ [DDoS/Spike t=0] cpu=30.0, msd=3
⚠️ [DDoS/Spike t=0] cpu=30.0, msd=3
⚠️ [DDoS/Spike t=0] cpu=30.0, msd=3
⚠️ [DDoS/Spike t=0] cpu=30.0, msd=3
⚠️ [DDoS/Spike t=0] cpu=30.0, msd=3
⚠️ [DDoS/Spike t=0] cpu=30.0, msd=3
⚠️ [DDoS/Spike t=0] cpu=30.0, msd=3
⚠️ [DDoS/Spike t=0] cpu=30.0, msd=3
⚠️ [DDoS/Spike t=0] cpu=30.0, msd=3
⚠️ [DDoS/Spike t=0] cpu=30.0, msd=3
⚠️ [DDoS/Spike t=0] cpu=30.0, msd=3
⚠️ [DDoS/Spike t=0] cpu=30.0, msd=3
⚠️ [DDoS/Spike t=0] cpu=30.0, msd=3
⚠️ [DDoS/Spike t=0] cpu=30.0, msd=3
⚠️ [DDoS/Spike t=0] cpu=30.0, msd=3
⚠️ [DDoS/Spike t=0] cpu=30.0, msd=3
⚠️ [DDoS/Spike t=0] cpu=30.0, msd=3
⚠️ [DDoS/Spike t=0] cpu=30.0, msd=3
⚠️ [DDoS/Spike t=0] cpu=30.0, msd=3
⚠️ [DDoS/Spike t=0] cpu=30.0, msd=3
⚠️ [DDoS/Spike t=0] cpu=30.0, msd=3
⚠️ [DDoS/Spike t=0] cpu=30.0, msd=3
⚠️ [DDoS/Spike t=0] cpu=30.0, msd=3
⚠️ [DDoS/Spike t=0] cpu=30.0, msd=3
⚠️ [DDoS/Spike t=0] cpu=30.0, msd=3
⚠️ [DDoS/Spike t=0] cpu=30.0, msd=3
⚠️ [DDoS/Spike t=0] cpu=30.0, msd=3
⚠️ [DDoS/Spike t=0] cpu=30.0, msd=3
⚠️ [DDoS/Spike t=0] cpu=30.0, msd=3
⚠️ [DDoS/Spike t=0] cpu=30.0, msd=3
⚠️ [DDoS/Spike t=0] cpu=30.0, msd=3
Eval num_timesteps=190000, episode_reward=-3764.60 +/- 1246.08
Episode length: 100.00 +/- 0.00
------------------------------------------
| eval/                   |              |
|    mean_ep_length       | 100          |
|    mean_reward          | -3.76e+03    |
| time/                   |              |
|    total_timesteps      | 190000       |
| train/                  |              |
|    approx_kl            | 0.0052225795 |
|    clip_fraction        | 0.0348       |
|    clip_range           | 0.2          |
|    entropy_loss         | -3.03        |
|    explained_variance   | 0            |
|    learning_rate        | 0.0003       |
|    loss                 | 3.38e+05     |
|    n_updates            | 920          |
|    policy_gradient_loss | -0.0054      |
|    value_loss           | 8.69e+05     |
------------------------------------------
⚠️ [DDoS/Spike t=0] cpu=30.0, msd=3
⚠️ [DDoS/Spike t=0] cpu=30.0, msd=3
⚠️ [DDoS/Spike t=0] cpu=30.0, msd=3
⚠️ [DDoS/Spike t=0] cpu=30.0, msd=3
⚠️ [DDoS/Spike t=0] cpu=30.0, msd=3
----------------------------------
| rollout/           |           |
|    ep_len_mean     | 100       |
|    ep_rew_mean     | -4.53e+03 |
| time/              |           |
|    fps             | 179       |
|    iterations      | 93        |
|    time_elapsed    | 1058      |
|    total_timesteps | 190464    |
----------------------------------
⚠️ [DDoS/Spike t=0] cpu=30.0, msd=3
⚠️ [DDoS/Spike t=0] cpu=30.0, msd=3
⚠️ [DDoS/Spike t=0] cpu=30.0, msd=3
⚠️ [DDoS/Spike t=0] cpu=30.0, msd=3
⚠️ [DDoS/Spike t=0] cpu=30.0, msd=3
⚠️ [DDoS/Spike t=0] cpu=30.0, msd=3
⚠️ [DDoS/Spike t=0] cpu=30.0, msd=3
⚠️ [DDoS/Spike t=0] cpu=30.0, msd=3
⚠️ [DDoS/Spike t=0] cpu=30.0, msd=3
⚠️ [DDoS/Spike t=0] cpu=30.0, msd=3
⚠️ [DDoS/Spike t=0] cpu=30.0, msd=3
⚠️ [DDoS/Spike t=0] cpu=30.0, msd=3
⚠️ [DDoS/Spike t=0] cpu=30.0, msd=3
⚠️ [DDoS/Spike t=0] cpu=30.0, msd=3
⚠️ [DDoS/Spike t=0] cpu=30.0, msd=3
⚠️ [DDoS/Spike t=0] cpu=30.0, msd=3
⚠️ [DDoS/Spike t=0] cpu=30.0, msd=3
⚠️ [DDoS/Spike t=0] cpu=30.0, msd=3
⚠️ [DDoS/Spike t=0] cpu=30.0, msd=3
⚠️ [DDoS/Spike t=0] cpu=30.0, msd=3
⚠️ [DDoS/Spike t=0] cpu=30.0, msd=3
-----------------------------------------
| rollout/                |             |
|    ep_len_mean          | 100         |
|    ep_rew_mean          | -4.39e+03   |
| time/                   |             |
|    fps                  | 180         |
|    iterations           | 94          |
|    time_elapsed         | 1063        |
|    total_timesteps      | 192512      |
| train/                  |             |
|    approx_kl            | 0.005191851 |
|    clip_fraction        | 0.0153      |
|    clip_range           | 0.2         |
|    entropy_loss         | -3.04       |
|    explained_variance   | 0           |
|    learning_rate        | 0.0003      |
|    loss                 | 5.8e+05     |
|    n_updates            | 930         |
|    policy_gradient_loss | -0.0052     |
|    value_loss           | 8.39e+05    |
-----------------------------------------
⚠️ [DDoS/Spike t=0] cpu=30.0, msd=3
⚠️ [DDoS/Spike t=0] cpu=30.0, msd=3
⚠️ [DDoS/Spike t=0] cpu=30.0, msd=3
⚠️ [DDoS/Spike t=0] cpu=30.0, msd=3
⚠️ [DDoS/Spike t=0] cpu=30.0, msd=3
⚠️ [DDoS/Spike t=0] cpu=30.0, msd=3
⚠️ [DDoS/Spike t=0] cpu=30.0, msd=3
⚠️ [DDoS/Spike t=0] cpu=30.0, msd=3
⚠️ [DDoS/Spike t=0] cpu=30.0, msd=3
⚠️ [DDoS/Spike t=0] cpu=30.0, msd=3
⚠️ [DDoS/Spike t=0] cpu=30.0, msd=3
⚠️ [DDoS/Spike t=0] cpu=30.0, msd=3
⚠️ [DDoS/Spike t=0] cpu=30.0, msd=3
⚠️ [DDoS/Spike t=0] cpu=30.0, msd=3
⚠️ [DDoS/Spike t=0] cpu=30.0, msd=3
⚠️ [DDoS/Spike t=0] cpu=30.0, msd=3
⚠️ [DDoS/Spike t=0] cpu=30.0, msd=3
⚠️ [DDoS/Spike t=0] cpu=30.0, msd=3
⚠️ [DDoS/Spike t=0] cpu=30.0, msd=3
⚠️ [DDoS/Spike t=0] cpu=30.0, msd=3
------------------------------------------
| rollout/                |              |
|    ep_len_mean          | 100          |
|    ep_rew_mean          | -4.33e+03    |
| time/                   |              |
|    fps                  | 181          |
|    iterations           | 95           |
|    time_elapsed         | 1069         |
|    total_timesteps      | 194560       |
| train/                  |              |
|    approx_kl            | 0.0048293774 |
|    clip_fraction        | 0.0214       |
|    clip_range           | 0.2          |
|    entropy_loss         | -3.03        |
|    explained_variance   | 0            |
|    learning_rate        | 0.0003       |
|    loss                 | 4.86e+05     |
|    n_updates            | 940          |
|    policy_gradient_loss | -0.00454     |
|    value_loss           | 8.43e+05     |
------------------------------------------
⚠️ [DDoS/Spike t=0] cpu=30.0, msd=3
⚠️ [DDoS/Spike t=0] cpu=30.0, msd=3
⚠️ [DDoS/Spike t=0] cpu=30.0, msd=3
⚠️ [DDoS/Spike t=0] cpu=30.0, msd=3
⚠️ [DDoS/Spike t=0] cpu=30.0, msd=3
⚠️ [DDoS/Spike t=0] cpu=30.0, msd=3
⚠️ [DDoS/Spike t=0] cpu=30.0, msd=3
⚠️ [DDoS/Spike t=0] cpu=30.0, msd=3
⚠️ [DDoS/Spike t=0] cpu=30.0, msd=3
⚠️ [DDoS/Spike t=0] cpu=30.0, msd=3
⚠️ [DDoS/Spike t=0] cpu=30.0, msd=3
⚠️ [DDoS/Spike t=0] cpu=30.0, msd=3
⚠️ [DDoS/Spike t=0] cpu=30.0, msd=3
⚠️ [DDoS/Spike t=0] cpu=30.0, msd=3
⚠️ [DDoS/Spike t=0] cpu=30.0, msd=3
⚠️ [DDoS/Spike t=0] cpu=30.0, msd=3
⚠️ [DDoS/Spike t=0] cpu=30.0, msd=3
⚠️ [DDoS/Spike t=0] cpu=30.0, msd=3
⚠️ [DDoS/Spike t=0] cpu=30.0, msd=3
⚠️ [DDoS/Spike t=0] cpu=30.0, msd=3
⚠️ [DDoS/Spike t=0] cpu=30.0, msd=3
-----------------------------------------
| rollout/                |             |
|    ep_len_mean          | 100         |
|    ep_rew_mean          | -4.29e+03   |
| time/                   |             |
|    fps                  | 182         |
|    iterations           | 96          |
|    time_elapsed         | 1078        |
|    total_timesteps      | 196608      |
| train/                  |             |
|    approx_kl            | 0.037251532 |
|    clip_fraction        | 0.156       |
|    clip_range           | 0.2         |
|    entropy_loss         | -3.02       |
|    explained_variance   | 0           |
|    learning_rate        | 0.0003      |
|    loss                 | 2.9e+05     |
|    n_updates            | 950         |
|    policy_gradient_loss | -0.0065     |
|    value_loss           | 8.21e+05    |
-----------------------------------------
⚠️ [DDoS/Spike t=0] cpu=30.0, msd=3
⚠️ [DDoS/Spike t=0] cpu=30.0, msd=3
⚠️ [DDoS/Spike t=0] cpu=30.0, msd=3
⚠️ [DDoS/Spike t=0] cpu=30.0, msd=3
⚠️ [DDoS/Spike t=0] cpu=30.0, msd=3
⚠️ [DDoS/Spike t=0] cpu=30.0, msd=3
⚠️ [DDoS/Spike t=0] cpu=30.0, msd=3
⚠️ [DDoS/Spike t=0] cpu=30.0, msd=3
⚠️ [DDoS/Spike t=0] cpu=30.0, msd=3
⚠️ [DDoS/Spike t=0] cpu=30.0, msd=3
⚠️ [DDoS/Spike t=0] cpu=30.0, msd=3
⚠️ [DDoS/Spike t=0] cpu=30.0, msd=3
⚠️ [DDoS/Spike t=0] cpu=30.0, msd=3
⚠️ [DDoS/Spike t=0] cpu=30.0, msd=3
⚠️ [DDoS/Spike t=0] cpu=30.0, msd=3
⚠️ [DDoS/Spike t=0] cpu=30.0, msd=3
⚠️ [DDoS/Spike t=0] cpu=30.0, msd=3
⚠️ [DDoS/Spike t=0] cpu=30.0, msd=3
⚠️ [DDoS/Spike t=0] cpu=30.0, msd=3
⚠️ [DDoS/Spike t=0] cpu=30.0, msd=3
----------------------------------------
| rollout/                |            |
|    ep_len_mean          | 100        |
|    ep_rew_mean          | -4.29e+03  |
| time/                   |            |
|    fps                  | 182        |
|    iterations           | 97         |
|    time_elapsed         | 1089       |
|    total_timesteps      | 198656     |
| train/                  |            |
|    approx_kl            | 0.04842663 |
|    clip_fraction        | 0.578      |
|    clip_range           | 0.2        |
|    entropy_loss         | -2.99      |
|    explained_variance   | 0          |
|    learning_rate        | 0.0003     |
|    loss                 | 5.29e+05   |
|    n_updates            | 960        |
|    policy_gradient_loss | 0.0577     |
|    value_loss           | 9.09e+05   |
----------------------------------------
⚠️ [DDoS/Spike t=0] cpu=30.0, msd=3
⚠️ [DDoS/Spike t=0] cpu=30.0, msd=3
⚠️ [DDoS/Spike t=0] cpu=30.0, msd=3
⚠️ [DDoS/Spike t=0] cpu=30.0, msd=3
⚠️ [DDoS/Spike t=0] cpu=30.0, msd=3
⚠️ [DDoS/Spike t=0] cpu=30.0, msd=3
⚠️ [DDoS/Spike t=0] cpu=30.0, msd=3
⚠️ [DDoS/Spike t=0] cpu=30.0, msd=3
⚠️ [DDoS/Spike t=0] cpu=30.0, msd=3
⚠️ [DDoS/Spike t=0] cpu=30.0, msd=3
⚠️ [DDoS/Spike t=0] cpu=30.0, msd=3
⚠️ [DDoS/Spike t=0] cpu=30.0, msd=3
⚠️ [DDoS/Spike t=0] cpu=30.0, msd=3
⚠️ [DDoS/Spike t=0] cpu=30.0, msd=3
⚠️ [DDoS/Spike t=0] cpu=30.0, msd=3
⚠️ [DDoS/Spike t=0] cpu=30.0, msd=3
⚠️ [DDoS/Spike t=0] cpu=30.0, msd=3
⚠️ [DDoS/Spike t=0] cpu=30.0, msd=3
⚠️ [DDoS/Spike t=0] cpu=30.0, msd=3
⚠️ [DDoS/Spike t=0] cpu=30.0, msd=3
⚠️ [DDoS/Spike t=0] cpu=30.0, msd=3
⚠️ [DDoS/Spike t=0] cpu=30.0, msd=3
⚠️ [DDoS/Spike t=0] cpu=30.0, msd=3
⚠️ [DDoS/Spike t=0] cpu=30.0, msd=3
⚠️ [DDoS/Spike t=0] cpu=30.0, msd=3
⚠️ [DDoS/Spike t=0] cpu=30.0, msd=3
⚠️ [DDoS/Spike t=0] cpu=30.0, msd=3
⚠️ [DDoS/Spike t=0] cpu=30.0, msd=3
⚠️ [DDoS/Spike t=0] cpu=30.0, msd=3
⚠️ [DDoS/Spike t=0] cpu=30.0, msd=3
⚠️ [DDoS/Spike t=0] cpu=30.0, msd=3
⚠️ [DDoS/Spike t=0] cpu=30.0, msd=3
⚠️ [DDoS/Spike t=0] cpu=30.0, msd=3
Eval num_timesteps=200000, episode_reward=-2985.05 +/- 685.80
Episode length: 100.00 +/- 0.00
-----------------------------------------
| eval/                   |             |
|    mean_ep_length       | 100         |
|    mean_reward          | -2.99e+03   |
| time/                   |             |
|    total_timesteps      | 200000      |
| train/                  |             |
|    approx_kl            | 0.011336038 |
|    clip_fraction        | 0.136       |
|    clip_range           | 0.2         |
|    entropy_loss         | -2.99       |
|    explained_variance   | 0           |
|    learning_rate        | 0.0003      |
|    loss                 | 5.57e+05    |
|    n_updates            | 970         |
|    policy_gradient_loss | 0.00175     |
|    value_loss           | 9.04e+05    |
-----------------------------------------
⚠️ [DDoS/Spike t=0] cpu=30.0, msd=3
⚠️ [DDoS/Spike t=0] cpu=30.0, msd=3
⚠️ [DDoS/Spike t=0] cpu=30.0, msd=3
⚠️ [DDoS/Spike t=0] cpu=30.0, msd=3
⚠️ [DDoS/Spike t=0] cpu=30.0, msd=3
⚠️ [DDoS/Spike t=0] cpu=30.0, msd=3
⚠️ [DDoS/Spike t=0] cpu=30.0, msd=3
⚠️ [DDoS/Spike t=0] cpu=30.0, msd=3
----------------------------------
| rollout/           |           |
|    ep_len_mean     | 100       |
|    ep_rew_mean     | -4.21e+03 |
| time/              |           |
|    fps             | 181       |
|    iterations      | 98        |
|    time_elapsed    | 1103      |
|    total_timesteps | 200704    |
----------------------------------
⚠️ [DDoS/Spike t=0] cpu=30.0, msd=3
⚠️ [DDoS/Spike t=0] cpu=30.0, msd=3
⚠️ [DDoS/Spike t=0] cpu=30.0, msd=3
⚠️ [DDoS/Spike t=0] cpu=30.0, msd=3
⚠️ [DDoS/Spike t=0] cpu=30.0, msd=3
⚠️ [DDoS/Spike t=0] cpu=30.0, msd=3
⚠️ [DDoS/Spike t=0] cpu=30.0, msd=3
⚠️ [DDoS/Spike t=0] cpu=30.0, msd=3
⚠️ [DDoS/Spike t=0] cpu=30.0, msd=3
⚠️ [DDoS/Spike t=0] cpu=30.0, msd=3
⚠️ [DDoS/Spike t=0] cpu=30.0, msd=3
⚠️ [DDoS/Spike t=0] cpu=30.0, msd=3
⚠️ [DDoS/Spike t=0] cpu=30.0, msd=3
⚠️ [DDoS/Spike t=0] cpu=30.0, msd=3
⚠️ [DDoS/Spike t=0] cpu=30.0, msd=3
⚠️ [DDoS/Spike t=0] cpu=30.0, msd=3
⚠️ [DDoS/Spike t=0] cpu=30.0, msd=3
⚠️ [DDoS/Spike t=0] cpu=30.0, msd=3
⚠️ [DDoS/Spike t=0] cpu=30.0, msd=3
⚠️ [DDoS/Spike t=0] cpu=30.0, msd=3
------------------------------------------
| rollout/                |              |
|    ep_len_mean          | 100          |
|    ep_rew_mean          | -4.22e+03    |
| time/                   |              |
|    fps                  | 182          |
|    iterations           | 99           |
|    time_elapsed         | 1114         |
|    total_timesteps      | 202752       |
| train/                  |              |
|    approx_kl            | 0.0073537854 |
|    clip_fraction        | 0.0195       |
|    clip_range           | 0.2          |
|    entropy_loss         | -2.99        |
|    explained_variance   | 0            |
|    learning_rate        | 0.0003       |
|    loss                 | 4e+05        |
|    n_updates            | 980          |
|    policy_gradient_loss | -0.00602     |
|    value_loss           | 7.86e+05     |
------------------------------------------
⚠️ [DDoS/Spike t=0] cpu=30.0, msd=3
⚠️ [DDoS/Spike t=0] cpu=30.0, msd=3
⚠️ [DDoS/Spike t=0] cpu=30.0, msd=3
⚠️ [DDoS/Spike t=0] cpu=30.0, msd=3
⚠️ [DDoS/Spike t=0] cpu=30.0, msd=3
⚠️ [DDoS/Spike t=0] cpu=30.0, msd=3
⚠️ [DDoS/Spike t=0] cpu=30.0, msd=3
⚠️ [DDoS/Spike t=0] cpu=30.0, msd=3
⚠️ [DDoS/Spike t=0] cpu=30.0, msd=3
⚠️ [DDoS/Spike t=0] cpu=30.0, msd=3
⚠️ [DDoS/Spike t=0] cpu=30.0, msd=3
⚠️ [DDoS/Spike t=0] cpu=30.0, msd=3
⚠️ [DDoS/Spike t=0] cpu=30.0, msd=3
⚠️ [DDoS/Spike t=0] cpu=30.0, msd=3
⚠️ [DDoS/Spike t=0] cpu=30.0, msd=3
⚠️ [DDoS/Spike t=0] cpu=30.0, msd=3
⚠️ [DDoS/Spike t=0] cpu=30.0, msd=3
⚠️ [DDoS/Spike t=0] cpu=30.0, msd=3
⚠️ [DDoS/Spike t=0] cpu=30.0, msd=3
⚠️ [DDoS/Spike t=0] cpu=30.0, msd=3
-----------------------------------------
| rollout/                |             |
|    ep_len_mean          | 100         |
|    ep_rew_mean          | -4.28e+03   |
| time/                   |             |
|    fps                  | 182         |
|    iterations           | 100         |
|    time_elapsed         | 1121        |
|    total_timesteps      | 204800      |
| train/                  |             |
|    approx_kl            | 0.010717651 |
|    clip_fraction        | 0.0599      |
|    clip_range           | 0.2         |
|    entropy_loss         | -2.97       |
|    explained_variance   | 0           |
|    learning_rate        | 0.0003      |
|    loss                 | 4.61e+05    |
|    n_updates            | 990         |
|    policy_gradient_loss | -0.00197    |
|    value_loss           | 8.15e+05    |
-----------------------------------------
⚠️ [DDoS/Spike t=0] cpu=30.0, msd=3
⚠️ [DDoS/Spike t=0] cpu=30.0, msd=3
⚠️ [DDoS/Spike t=0] cpu=30.0, msd=3
⚠️ [DDoS/Spike t=0] cpu=30.0, msd=3
⚠️ [DDoS/Spike t=0] cpu=30.0, msd=3
⚠️ [DDoS/Spike t=0] cpu=30.0, msd=3
⚠️ [DDoS/Spike t=0] cpu=30.0, msd=3
⚠️ [DDoS/Spike t=0] cpu=30.0, msd=3
⚠️ [DDoS/Spike t=0] cpu=30.0, msd=3
⚠️ [DDoS/Spike t=0] cpu=30.0, msd=3
⚠️ [DDoS/Spike t=0] cpu=30.0, msd=3
⚠️ [DDoS/Spike t=0] cpu=30.0, msd=3
⚠️ [DDoS/Spike t=0] cpu=30.0, msd=3
⚠️ [DDoS/Spike t=0] cpu=30.0, msd=3
⚠️ [DDoS/Spike t=0] cpu=30.0, msd=3
⚠️ [DDoS/Spike t=0] cpu=30.0, msd=3
⚠️ [DDoS/Spike t=0] cpu=30.0, msd=3
⚠️ [DDoS/Spike t=0] cpu=30.0, msd=3
⚠️ [DDoS/Spike t=0] cpu=30.0, msd=3
⚠️ [DDoS/Spike t=0] cpu=30.0, msd=3
⚠️ [DDoS/Spike t=0] cpu=30.0, msd=3
------------------------------------------
| rollout/                |              |
|    ep_len_mean          | 100          |
|    ep_rew_mean          | -4.12e+03    |
| time/                   |              |
|    fps                  | 182          |
|    iterations           | 101          |
|    time_elapsed         | 1130         |
|    total_timesteps      | 206848       |
| train/                  |              |
|    approx_kl            | 0.0043863403 |
|    clip_fraction        | 0.0193       |
|    clip_range           | 0.2          |
|    entropy_loss         | -2.98        |
|    explained_variance   | 5.96e-08     |
|    learning_rate        | 0.0003       |
|    loss                 | 5.27e+05     |
|    n_updates            | 1000         |
|    policy_gradient_loss | -0.00491     |
|    value_loss           | 8.93e+05     |
------------------------------------------
⚠️ [DDoS/Spike t=0] cpu=30.0, msd=3
⚠️ [DDoS/Spike t=0] cpu=30.0, msd=3
⚠️ [DDoS/Spike t=0] cpu=30.0, msd=3
⚠️ [DDoS/Spike t=0] cpu=30.0, msd=3
⚠️ [DDoS/Spike t=0] cpu=30.0, msd=3
⚠️ [DDoS/Spike t=0] cpu=30.0, msd=3
⚠️ [DDoS/Spike t=0] cpu=30.0, msd=3
⚠️ [DDoS/Spike t=0] cpu=30.0, msd=3
⚠️ [DDoS/Spike t=0] cpu=30.0, msd=3
⚠️ [DDoS/Spike t=0] cpu=30.0, msd=3
⚠️ [DDoS/Spike t=0] cpu=30.0, msd=3
⚠️ [DDoS/Spike t=0] cpu=30.0, msd=3
⚠️ [DDoS/Spike t=0] cpu=30.0, msd=3
⚠️ [DDoS/Spike t=0] cpu=30.0, msd=3
⚠️ [DDoS/Spike t=0] cpu=30.0, msd=3
⚠️ [DDoS/Spike t=0] cpu=30.0, msd=3
⚠️ [DDoS/Spike t=0] cpu=30.0, msd=3
⚠️ [DDoS/Spike t=0] cpu=30.0, msd=3
⚠️ [DDoS/Spike t=0] cpu=30.0, msd=3
⚠️ [DDoS/Spike t=0] cpu=30.0, msd=3
-----------------------------------------
| rollout/                |             |
|    ep_len_mean          | 100         |
|    ep_rew_mean          | -4.15e+03   |
| time/                   |             |
|    fps                  | 183         |
|    iterations           | 102         |
|    time_elapsed         | 1137        |
|    total_timesteps      | 208896      |
| train/                  |             |
|    approx_kl            | 0.010858772 |
|    clip_fraction        | 0.102       |
|    clip_range           | 0.2         |
|    entropy_loss         | -2.96       |
|    explained_variance   | 0           |
|    learning_rate        | 0.0003      |
|    loss                 | 3.84e+05    |
|    n_updates            | 1010        |
|    policy_gradient_loss | -0.00444    |
|    value_loss           | 8.19e+05    |
-----------------------------------------
⚠️ [DDoS/Spike t=0] cpu=30.0, msd=3
⚠️ [DDoS/Spike t=0] cpu=30.0, msd=3
⚠️ [DDoS/Spike t=0] cpu=30.0, msd=3
⚠️ [DDoS/Spike t=0] cpu=30.0, msd=3
⚠️ [DDoS/Spike t=0] cpu=30.0, msd=3
⚠️ [DDoS/Spike t=0] cpu=30.0, msd=3
⚠️ [DDoS/Spike t=0] cpu=30.0, msd=3
⚠️ [DDoS/Spike t=0] cpu=30.0, msd=3
⚠️ [DDoS/Spike t=0] cpu=30.0, msd=3
⚠️ [DDoS/Spike t=0] cpu=30.0, msd=3
⚠️ [DDoS/Spike t=0] cpu=30.0, msd=3
⚠️ [DDoS/Spike t=0] cpu=30.0, msd=3
⚠️ [DDoS/Spike t=0] cpu=30.0, msd=3
⚠️ [DDoS/Spike t=0] cpu=30.0, msd=3
⚠️ [DDoS/Spike t=0] cpu=30.0, msd=3
⚠️ [DDoS/Spike t=0] cpu=30.0, msd=3
⚠️ [DDoS/Spike t=0] cpu=30.0, msd=3
⚠️ [DDoS/Spike t=0] cpu=30.0, msd=3
⚠️ [DDoS/Spike t=0] cpu=30.0, msd=3
⚠️ [DDoS/Spike t=0] cpu=30.0, msd=3
⚠️ [DDoS/Spike t=0] cpu=30.0, msd=3
⚠️ [DDoS/Spike t=0] cpu=30.0, msd=3
⚠️ [DDoS/Spike t=0] cpu=30.0, msd=3
⚠️ [DDoS/Spike t=0] cpu=30.0, msd=3
⚠️ [DDoS/Spike t=0] cpu=30.0, msd=3
⚠️ [DDoS/Spike t=0] cpu=30.0, msd=3
⚠️ [DDoS/Spike t=0] cpu=30.0, msd=3
⚠️ [DDoS/Spike t=0] cpu=30.0, msd=3
⚠️ [DDoS/Spike t=0] cpu=30.0, msd=3
⚠️ [DDoS/Spike t=0] cpu=30.0, msd=3
⚠️ [DDoS/Spike t=0] cpu=30.0, msd=3
Eval num_timesteps=210000, episode_reward=-2134.31 +/- 608.62
Episode length: 100.00 +/- 0.00
------------------------------------------
| eval/                   |              |
|    mean_ep_length       | 100          |
|    mean_reward          | -2.13e+03    |
| time/                   |              |
|    total_timesteps      | 210000       |
| train/                  |              |
|    approx_kl            | 0.0086779315 |
|    clip_fraction        | 0.0934       |
|    clip_range           | 0.2          |
|    entropy_loss         | -2.96        |
|    explained_variance   | 0            |
|    learning_rate        | 0.0003       |
|    loss                 | 4.08e+05     |
|    n_updates            | 1020         |
|    policy_gradient_loss | -0.00601     |
|    value_loss           | 8.64e+05     |
------------------------------------------
⚠️ [DDoS/Spike t=0] cpu=30.0, msd=3
⚠️ [DDoS/Spike t=0] cpu=30.0, msd=3
⚠️ [DDoS/Spike t=0] cpu=30.0, msd=3
⚠️ [DDoS/Spike t=0] cpu=30.0, msd=3
⚠️ [DDoS/Spike t=0] cpu=30.0, msd=3
⚠️ [DDoS/Spike t=0] cpu=30.0, msd=3
⚠️ [DDoS/Spike t=0] cpu=30.0, msd=3
⚠️ [DDoS/Spike t=0] cpu=30.0, msd=3
⚠️ [DDoS/Spike t=0] cpu=30.0, msd=3
⚠️ [DDoS/Spike t=0] cpu=30.0, msd=3
----------------------------------
| rollout/           |           |
|    ep_len_mean     | 100       |
|    ep_rew_mean     | -4.15e+03 |
| time/              |           |
|    fps             | 184       |
|    iterations      | 103       |
|    time_elapsed    | 1145      |
|    total_timesteps | 210944    |
----------------------------------
⚠️ [DDoS/Spike t=0] cpu=30.0, msd=3
⚠️ [DDoS/Spike t=0] cpu=30.0, msd=3
⚠️ [DDoS/Spike t=0] cpu=30.0, msd=3
⚠️ [DDoS/Spike t=0] cpu=30.0, msd=3
⚠️ [DDoS/Spike t=0] cpu=30.0, msd=3
⚠️ [DDoS/Spike t=0] cpu=30.0, msd=3
⚠️ [DDoS/Spike t=0] cpu=30.0, msd=3
⚠️ [DDoS/Spike t=0] cpu=30.0, msd=3
⚠️ [DDoS/Spike t=0] cpu=30.0, msd=3
⚠️ [DDoS/Spike t=0] cpu=30.0, msd=3
⚠️ [DDoS/Spike t=0] cpu=30.0, msd=3
⚠️ [DDoS/Spike t=0] cpu=30.0, msd=3
⚠️ [DDoS/Spike t=0] cpu=30.0, msd=3
⚠️ [DDoS/Spike t=0] cpu=30.0, msd=3
⚠️ [DDoS/Spike t=0] cpu=30.0, msd=3
⚠️ [DDoS/Spike t=0] cpu=30.0, msd=3
⚠️ [DDoS/Spike t=0] cpu=30.0, msd=3
⚠️ [DDoS/Spike t=0] cpu=30.0, msd=3
⚠️ [DDoS/Spike t=0] cpu=30.0, msd=3
⚠️ [DDoS/Spike t=0] cpu=30.0, msd=3
----------------------------------------
| rollout/                |            |
|    ep_len_mean          | 100        |
|    ep_rew_mean          | -4.16e+03  |
| time/                   |            |
|    fps                  | 184        |
|    iterations           | 104        |
|    time_elapsed         | 1151       |
|    total_timesteps      | 212992     |
| train/                  |            |
|    approx_kl            | 0.04588869 |
|    clip_fraction        | 0.131      |
|    clip_range           | 0.2        |
|    entropy_loss         | -2.95      |
|    explained_variance   | 0          |
|    learning_rate        | 0.0003     |
|    loss                 | 3.19e+05   |
|    n_updates            | 1030       |
|    policy_gradient_loss | 0.00544    |
|    value_loss           | 8.12e+05   |
----------------------------------------
⚠️ [DDoS/Spike t=0] cpu=30.0, msd=3
⚠️ [DDoS/Spike t=0] cpu=30.0, msd=3
⚠️ [DDoS/Spike t=0] cpu=30.0, msd=3
⚠️ [DDoS/Spike t=0] cpu=30.0, msd=3
⚠️ [DDoS/Spike t=0] cpu=30.0, msd=3
⚠️ [DDoS/Spike t=0] cpu=30.0, msd=3
⚠️ [DDoS/Spike t=0] cpu=30.0, msd=3
⚠️ [DDoS/Spike t=0] cpu=30.0, msd=3
⚠️ [DDoS/Spike t=0] cpu=30.0, msd=3
⚠️ [DDoS/Spike t=0] cpu=30.0, msd=3
⚠️ [DDoS/Spike t=0] cpu=30.0, msd=3
⚠️ [DDoS/Spike t=0] cpu=30.0, msd=3
⚠️ [DDoS/Spike t=0] cpu=30.0, msd=3
⚠️ [DDoS/Spike t=0] cpu=30.0, msd=3
⚠️ [DDoS/Spike t=0] cpu=30.0, msd=3
⚠️ [DDoS/Spike t=0] cpu=30.0, msd=3
⚠️ [DDoS/Spike t=0] cpu=30.0, msd=3
⚠️ [DDoS/Spike t=0] cpu=30.0, msd=3
⚠️ [DDoS/Spike t=0] cpu=30.0, msd=3
⚠️ [DDoS/Spike t=0] cpu=30.0, msd=3
⚠️ [DDoS/Spike t=0] cpu=30.0, msd=3
-----------------------------------------
| rollout/                |             |
|    ep_len_mean          | 100         |
|    ep_rew_mean          | -4.11e+03   |
| time/                   |             |
|    fps                  | 184         |
|    iterations           | 105         |
|    time_elapsed         | 1163        |
|    total_timesteps      | 215040      |
| train/                  |             |
|    approx_kl            | 0.004211178 |
|    clip_fraction        | 0.00503     |
|    clip_range           | 0.2         |
|    entropy_loss         | -2.94       |
|    explained_variance   | 0           |
|    learning_rate        | 0.0003      |
|    loss                 | 3.97e+05    |
|    n_updates            | 1040        |
|    policy_gradient_loss | -0.00389    |
|    value_loss           | 8.79e+05    |
-----------------------------------------
⚠️ [DDoS/Spike t=0] cpu=30.0, msd=3
⚠️ [DDoS/Spike t=0] cpu=30.0, msd=3
⚠️ [DDoS/Spike t=0] cpu=30.0, msd=3
⚠️ [DDoS/Spike t=0] cpu=30.0, msd=3
⚠️ [DDoS/Spike t=0] cpu=30.0, msd=3
⚠️ [DDoS/Spike t=0] cpu=30.0, msd=3
⚠️ [DDoS/Spike t=0] cpu=30.0, msd=3
⚠️ [DDoS/Spike t=0] cpu=30.0, msd=3
⚠️ [DDoS/Spike t=0] cpu=30.0, msd=3
⚠️ [DDoS/Spike t=0] cpu=30.0, msd=3
⚠️ [DDoS/Spike t=0] cpu=30.0, msd=3
⚠️ [DDoS/Spike t=0] cpu=30.0, msd=3
⚠️ [DDoS/Spike t=0] cpu=30.0, msd=3
⚠️ [DDoS/Spike t=0] cpu=30.0, msd=3
⚠️ [DDoS/Spike t=0] cpu=30.0, msd=3
⚠️ [DDoS/Spike t=0] cpu=30.0, msd=3
⚠️ [DDoS/Spike t=0] cpu=30.0, msd=3
⚠️ [DDoS/Spike t=0] cpu=30.0, msd=3
⚠️ [DDoS/Spike t=0] cpu=30.0, msd=3
⚠️ [DDoS/Spike t=0] cpu=30.0, msd=3
-----------------------------------------
| rollout/                |             |
|    ep_len_mean          | 100         |
|    ep_rew_mean          | -4.18e+03   |
| time/                   |             |
|    fps                  | 184         |
|    iterations           | 106         |
|    time_elapsed         | 1179        |
|    total_timesteps      | 217088      |
| train/                  |             |
|    approx_kl            | 0.005478816 |
|    clip_fraction        | 0.0277      |
|    clip_range           | 0.2         |
|    entropy_loss         | -2.94       |
|    explained_variance   | 0           |
|    learning_rate        | 0.0003      |
|    loss                 | 3.27e+05    |
|    n_updates            | 1050        |
|    policy_gradient_loss | -0.00562    |
|    value_loss           | 8.06e+05    |
-----------------------------------------
⚠️ [DDoS/Spike t=0] cpu=30.0, msd=3
⚠️ [DDoS/Spike t=0] cpu=30.0, msd=3
⚠️ [DDoS/Spike t=0] cpu=30.0, msd=3
⚠️ [DDoS/Spike t=0] cpu=30.0, msd=3
⚠️ [DDoS/Spike t=0] cpu=30.0, msd=3
⚠️ [DDoS/Spike t=0] cpu=30.0, msd=3
⚠️ [DDoS/Spike t=0] cpu=30.0, msd=3
⚠️ [DDoS/Spike t=0] cpu=30.0, msd=3
⚠️ [DDoS/Spike t=0] cpu=30.0, msd=3
⚠️ [DDoS/Spike t=0] cpu=30.0, msd=3
⚠️ [DDoS/Spike t=0] cpu=30.0, msd=3
⚠️ [DDoS/Spike t=0] cpu=30.0, msd=3
⚠️ [DDoS/Spike t=0] cpu=30.0, msd=3
⚠️ [DDoS/Spike t=0] cpu=30.0, msd=3
⚠️ [DDoS/Spike t=0] cpu=30.0, msd=3
⚠️ [DDoS/Spike t=0] cpu=30.0, msd=3
⚠️ [DDoS/Spike t=0] cpu=30.0, msd=3
⚠️ [DDoS/Spike t=0] cpu=30.0, msd=3
⚠️ [DDoS/Spike t=0] cpu=30.0, msd=3
⚠️ [DDoS/Spike t=0] cpu=30.0, msd=3
⚠️ [DDoS/Spike t=0] cpu=30.0, msd=3
------------------------------------------
| rollout/                |              |
|    ep_len_mean          | 100          |
|    ep_rew_mean          | -4.17e+03    |
| time/                   |              |
|    fps                  | 183          |
|    iterations           | 107          |
|    time_elapsed         | 1191         |
|    total_timesteps      | 219136       |
| train/                  |              |
|    approx_kl            | 0.0054442342 |
|    clip_fraction        | 0.0338       |
|    clip_range           | 0.2          |
|    entropy_loss         | -2.93        |
|    explained_variance   | 0            |
|    learning_rate        | 0.0003       |
|    loss                 | 3.29e+05     |
|    n_updates            | 1060         |
|    policy_gradient_loss | -0.00605     |
|    value_loss           | 8.38e+05     |
------------------------------------------
⚠️ [DDoS/Spike t=0] cpu=30.0, msd=3
⚠️ [DDoS/Spike t=0] cpu=30.0, msd=3
⚠️ [DDoS/Spike t=0] cpu=30.0, msd=3
⚠️ [DDoS/Spike t=0] cpu=30.0, msd=3
⚠️ [DDoS/Spike t=0] cpu=30.0, msd=3
⚠️ [DDoS/Spike t=0] cpu=30.0, msd=3
⚠️ [DDoS/Spike t=0] cpu=30.0, msd=3
⚠️ [DDoS/Spike t=0] cpu=30.0, msd=3
⚠️ [DDoS/Spike t=0] cpu=30.0, msd=3
⚠️ [DDoS/Spike t=0] cpu=30.0, msd=3
⚠️ [DDoS/Spike t=0] cpu=30.0, msd=3
⚠️ [DDoS/Spike t=0] cpu=30.0, msd=3
⚠️ [DDoS/Spike t=0] cpu=30.0, msd=3
⚠️ [DDoS/Spike t=0] cpu=30.0, msd=3
⚠️ [DDoS/Spike t=0] cpu=30.0, msd=3
⚠️ [DDoS/Spike t=0] cpu=30.0, msd=3
⚠️ [DDoS/Spike t=0] cpu=30.0, msd=3
⚠️ [DDoS/Spike t=0] cpu=30.0, msd=3
⚠️ [DDoS/Spike t=0] cpu=30.0, msd=3
⚠️ [DDoS/Spike t=0] cpu=30.0, msd=3
⚠️ [DDoS/Spike t=0] cpu=30.0, msd=3
⚠️ [DDoS/Spike t=0] cpu=30.0, msd=3
⚠️ [DDoS/Spike t=0] cpu=30.0, msd=3
⚠️ [DDoS/Spike t=0] cpu=30.0, msd=3
⚠️ [DDoS/Spike t=0] cpu=30.0, msd=3
⚠️ [DDoS/Spike t=0] cpu=30.0, msd=3
⚠️ [DDoS/Spike t=0] cpu=30.0, msd=3
⚠️ [DDoS/Spike t=0] cpu=30.0, msd=3
Eval num_timesteps=220000, episode_reward=-3011.38 +/- 647.05
Episode length: 100.00 +/- 0.00
-----------------------------------------
| eval/                   |             |
|    mean_ep_length       | 100         |
|    mean_reward          | -3.01e+03   |
| time/                   |             |
|    total_timesteps      | 220000      |
| train/                  |             |
|    approx_kl            | 0.011747301 |
|    clip_fraction        | 0.144       |
|    clip_range           | 0.2         |
|    entropy_loss         | -2.89       |
|    explained_variance   | 0           |
|    learning_rate        | 0.0003      |
|    loss                 | 5.67e+05    |
|    n_updates            | 1070        |
|    policy_gradient_loss | 0.000277    |
|    value_loss           | 9.19e+05    |
-----------------------------------------
⚠️ [DDoS/Spike t=0] cpu=30.0, msd=3
⚠️ [DDoS/Spike t=0] cpu=30.0, msd=3
⚠️ [DDoS/Spike t=0] cpu=30.0, msd=3
⚠️ [DDoS/Spike t=0] cpu=30.0, msd=3
⚠️ [DDoS/Spike t=0] cpu=30.0, msd=3
⚠️ [DDoS/Spike t=0] cpu=30.0, msd=3
⚠️ [DDoS/Spike t=0] cpu=30.0, msd=3
⚠️ [DDoS/Spike t=0] cpu=30.0, msd=3
⚠️ [DDoS/Spike t=0] cpu=30.0, msd=3
⚠️ [DDoS/Spike t=0] cpu=30.0, msd=3
⚠️ [DDoS/Spike t=0] cpu=30.0, msd=3
⚠️ [DDoS/Spike t=0] cpu=30.0, msd=3
----------------------------------
| rollout/           |           |
|    ep_len_mean     | 100       |
|    ep_rew_mean     | -4.12e+03 |
| time/              |           |
|    fps             | 183       |
|    iterations      | 108       |
|    time_elapsed    | 1208      |
|    total_timesteps | 221184    |
----------------------------------
⚠️ [DDoS/Spike t=0] cpu=30.0, msd=3
⚠️ [DDoS/Spike t=0] cpu=30.0, msd=3
⚠️ [DDoS/Spike t=0] cpu=30.0, msd=3
⚠️ [DDoS/Spike t=0] cpu=30.0, msd=3
⚠️ [DDoS/Spike t=0] cpu=30.0, msd=3
⚠️ [DDoS/Spike t=0] cpu=30.0, msd=3
⚠️ [DDoS/Spike t=0] cpu=30.0, msd=3
⚠️ [DDoS/Spike t=0] cpu=30.0, msd=3
⚠️ [DDoS/Spike t=0] cpu=30.0, msd=3
⚠️ [DDoS/Spike t=0] cpu=30.0, msd=3
⚠️ [DDoS/Spike t=0] cpu=30.0, msd=3
⚠️ [DDoS/Spike t=0] cpu=30.0, msd=3
⚠️ [DDoS/Spike t=0] cpu=30.0, msd=3
⚠️ [DDoS/Spike t=0] cpu=30.0, msd=3
⚠️ [DDoS/Spike t=0] cpu=30.0, msd=3
⚠️ [DDoS/Spike t=0] cpu=30.0, msd=3
⚠️ [DDoS/Spike t=0] cpu=30.0, msd=3
⚠️ [DDoS/Spike t=0] cpu=30.0, msd=3
⚠️ [DDoS/Spike t=0] cpu=30.0, msd=3
⚠️ [DDoS/Spike t=0] cpu=30.0, msd=3
⚠️ [DDoS/Spike t=0] cpu=30.0, msd=3
-----------------------------------------
| rollout/                |             |
|    ep_len_mean          | 100         |
|    ep_rew_mean          | -3.98e+03   |
| time/                   |             |
|    fps                  | 182         |
|    iterations           | 109         |
|    time_elapsed         | 1220        |
|    total_timesteps      | 223232      |
| train/                  |             |
|    approx_kl            | 0.012026222 |
|    clip_fraction        | 0.0597      |
|    clip_range           | 0.2         |
|    entropy_loss         | -2.88       |
|    explained_variance   | 0           |
|    learning_rate        | 0.0003      |
|    loss                 | 5.43e+05    |
|    n_updates            | 1080        |
|    policy_gradient_loss | -0.00482    |
|    value_loss           | 8.1e+05     |
-----------------------------------------
⚠️ [DDoS/Spike t=0] cpu=30.0, msd=3
⚠️ [DDoS/Spike t=0] cpu=30.0, msd=3
⚠️ [DDoS/Spike t=0] cpu=30.0, msd=3
⚠️ [DDoS/Spike t=0] cpu=30.0, msd=3
⚠️ [DDoS/Spike t=0] cpu=30.0, msd=3
⚠️ [DDoS/Spike t=0] cpu=30.0, msd=3
⚠️ [DDoS/Spike t=0] cpu=30.0, msd=3
⚠️ [DDoS/Spike t=0] cpu=30.0, msd=3
⚠️ [DDoS/Spike t=0] cpu=30.0, msd=3
⚠️ [DDoS/Spike t=0] cpu=30.0, msd=3
⚠️ [DDoS/Spike t=0] cpu=30.0, msd=3
⚠️ [DDoS/Spike t=0] cpu=30.0, msd=3
⚠️ [DDoS/Spike t=0] cpu=30.0, msd=3
⚠️ [DDoS/Spike t=0] cpu=30.0, msd=3
⚠️ [DDoS/Spike t=0] cpu=30.0, msd=3
⚠️ [DDoS/Spike t=0] cpu=30.0, msd=3
⚠️ [DDoS/Spike t=0] cpu=30.0, msd=3
⚠️ [DDoS/Spike t=0] cpu=30.0, msd=3
⚠️ [DDoS/Spike t=0] cpu=30.0, msd=3
⚠️ [DDoS/Spike t=0] cpu=30.0, msd=3
----------------------------------------
| rollout/                |            |
|    ep_len_mean          | 100        |
|    ep_rew_mean          | -3.96e+03  |
| time/                   |            |
|    fps                  | 182        |
|    iterations           | 110        |
|    time_elapsed         | 1234       |
|    total_timesteps      | 225280     |
| train/                  |            |
|    approx_kl            | 0.00451843 |
|    clip_fraction        | 0.00962    |
|    clip_range           | 0.2        |
|    entropy_loss         | -2.84      |
|    explained_variance   | 0          |
|    learning_rate        | 0.0003     |
|    loss                 | 5.71e+05   |
|    n_updates            | 1090       |
|    policy_gradient_loss | -0.00578   |
|    value_loss           | 8.59e+05   |
----------------------------------------
⚠️ [DDoS/Spike t=0] cpu=30.0, msd=3
⚠️ [DDoS/Spike t=0] cpu=30.0, msd=3
⚠️ [DDoS/Spike t=0] cpu=30.0, msd=3
⚠️ [DDoS/Spike t=0] cpu=30.0, msd=3
⚠️ [DDoS/Spike t=0] cpu=30.0, msd=3
⚠️ [DDoS/Spike t=0] cpu=30.0, msd=3
⚠️ [DDoS/Spike t=0] cpu=30.0, msd=3
⚠️ [DDoS/Spike t=0] cpu=30.0, msd=3
⚠️ [DDoS/Spike t=0] cpu=30.0, msd=3
⚠️ [DDoS/Spike t=0] cpu=30.0, msd=3
⚠️ [DDoS/Spike t=0] cpu=30.0, msd=3
⚠️ [DDoS/Spike t=0] cpu=30.0, msd=3
⚠️ [DDoS/Spike t=0] cpu=30.0, msd=3
⚠️ [DDoS/Spike t=0] cpu=30.0, msd=3
⚠️ [DDoS/Spike t=0] cpu=30.0, msd=3
⚠️ [DDoS/Spike t=0] cpu=30.0, msd=3
⚠️ [DDoS/Spike t=0] cpu=30.0, msd=3
⚠️ [DDoS/Spike t=0] cpu=30.0, msd=3
⚠️ [DDoS/Spike t=0] cpu=30.0, msd=3
⚠️ [DDoS/Spike t=0] cpu=30.0, msd=3
⚠️ [DDoS/Spike t=0] cpu=30.0, msd=3
-----------------------------------------
| rollout/                |             |
|    ep_len_mean          | 100         |
|    ep_rew_mean          | -3.9e+03    |
| time/                   |             |
|    fps                  | 182         |
|    iterations           | 111         |
|    time_elapsed         | 1245        |
|    total_timesteps      | 227328      |
| train/                  |             |
|    approx_kl            | 0.051558018 |
|    clip_fraction        | 0.189       |
|    clip_range           | 0.2         |
|    entropy_loss         | -2.83       |
|    explained_variance   | 0           |
|    learning_rate        | 0.0003      |
|    loss                 | 4.68e+05    |
|    n_updates            | 1100        |
|    policy_gradient_loss | 0.0108      |
|    value_loss           | 8.45e+05    |
-----------------------------------------
⚠️ [DDoS/Spike t=0] cpu=30.0, msd=3
⚠️ [DDoS/Spike t=0] cpu=30.0, msd=3
⚠️ [DDoS/Spike t=0] cpu=30.0, msd=3
⚠️ [DDoS/Spike t=0] cpu=30.0, msd=3
⚠️ [DDoS/Spike t=0] cpu=30.0, msd=3
⚠️ [DDoS/Spike t=0] cpu=30.0, msd=3
⚠️ [DDoS/Spike t=0] cpu=30.0, msd=3
⚠️ [DDoS/Spike t=0] cpu=30.0, msd=3
⚠️ [DDoS/Spike t=0] cpu=30.0, msd=3
⚠️ [DDoS/Spike t=0] cpu=30.0, msd=3
⚠️ [DDoS/Spike t=0] cpu=30.0, msd=3
⚠️ [DDoS/Spike t=0] cpu=30.0, msd=3
⚠️ [DDoS/Spike t=0] cpu=30.0, msd=3
⚠️ [DDoS/Spike t=0] cpu=30.0, msd=3
⚠️ [DDoS/Spike t=0] cpu=30.0, msd=3
⚠️ [DDoS/Spike t=0] cpu=30.0, msd=3
⚠️ [DDoS/Spike t=0] cpu=30.0, msd=3
⚠️ [DDoS/Spike t=0] cpu=30.0, msd=3
⚠️ [DDoS/Spike t=0] cpu=30.0, msd=3
⚠️ [DDoS/Spike t=0] cpu=30.0, msd=3
----------------------------------------
| rollout/                |            |
|    ep_len_mean          | 100        |
|    ep_rew_mean          | -3.82e+03  |
| time/                   |            |
|    fps                  | 182        |
|    iterations           | 112        |
|    time_elapsed         | 1256       |
|    total_timesteps      | 229376     |
| train/                  |            |
|    approx_kl            | 0.06990819 |
|    clip_fraction        | 0.237      |
|    clip_range           | 0.2        |
|    entropy_loss         | -2.86      |
|    explained_variance   | 0          |
|    learning_rate        | 0.0003     |
|    loss                 | 3.7e+05    |
|    n_updates            | 1110       |
|    policy_gradient_loss | 0.0111     |
|    value_loss           | 8.15e+05   |
----------------------------------------
⚠️ [DDoS/Spike t=0] cpu=30.0, msd=3
⚠️ [DDoS/Spike t=0] cpu=30.0, msd=3
⚠️ [DDoS/Spike t=0] cpu=30.0, msd=3
⚠️ [DDoS/Spike t=0] cpu=30.0, msd=3
⚠️ [DDoS/Spike t=0] cpu=30.0, msd=3
⚠️ [DDoS/Spike t=0] cpu=30.0, msd=3
⚠️ [DDoS/Spike t=0] cpu=30.0, msd=3
⚠️ [DDoS/Spike t=0] cpu=30.0, msd=3
⚠️ [DDoS/Spike t=0] cpu=30.0, msd=3
⚠️ [DDoS/Spike t=0] cpu=30.0, msd=3
⚠️ [DDoS/Spike t=0] cpu=30.0, msd=3
⚠️ [DDoS/Spike t=0] cpu=30.0, msd=3
⚠️ [DDoS/Spike t=0] cpu=30.0, msd=3
⚠️ [DDoS/Spike t=0] cpu=30.0, msd=3
⚠️ [DDoS/Spike t=0] cpu=30.0, msd=3
⚠️ [DDoS/Spike t=0] cpu=30.0, msd=3
⚠️ [DDoS/Spike t=0] cpu=30.0, msd=3
⚠️ [DDoS/Spike t=0] cpu=30.0, msd=3
⚠️ [DDoS/Spike t=0] cpu=30.0, msd=3
⚠️ [DDoS/Spike t=0] cpu=30.0, msd=3
⚠️ [DDoS/Spike t=0] cpu=30.0, msd=3
⚠️ [DDoS/Spike t=0] cpu=30.0, msd=3
⚠️ [DDoS/Spike t=0] cpu=30.0, msd=3
⚠️ [DDoS/Spike t=0] cpu=30.0, msd=3
⚠️ [DDoS/Spike t=0] cpu=30.0, msd=3
⚠️ [DDoS/Spike t=0] cpu=30.0, msd=3
Eval num_timesteps=230000, episode_reward=-2961.23 +/- 731.75
Episode length: 100.00 +/- 0.00
-----------------------------------------
| eval/                   |             |
|    mean_ep_length       | 100         |
|    mean_reward          | -2.96e+03   |
| time/                   |             |
|    total_timesteps      | 230000      |
| train/                  |             |
|    approx_kl            | 0.076122016 |
|    clip_fraction        | 0.206       |
|    clip_range           | 0.2         |
|    entropy_loss         | -2.84       |
|    explained_variance   | 5.96e-08    |
|    learning_rate        | 0.0003      |
|    loss                 | 4.44e+05    |
|    n_updates            | 1120        |
|    policy_gradient_loss | 0.0119      |
|    value_loss           | 7.22e+05    |
-----------------------------------------
⚠️ [DDoS/Spike t=0] cpu=30.0, msd=3
⚠️ [DDoS/Spike t=0] cpu=30.0, msd=3
⚠️ [DDoS/Spike t=0] cpu=30.0, msd=3
⚠️ [DDoS/Spike t=0] cpu=30.0, msd=3
⚠️ [DDoS/Spike t=0] cpu=30.0, msd=3
⚠️ [DDoS/Spike t=0] cpu=30.0, msd=3
⚠️ [DDoS/Spike t=0] cpu=30.0, msd=3
⚠️ [DDoS/Spike t=0] cpu=30.0, msd=3
⚠️ [DDoS/Spike t=0] cpu=30.0, msd=3
⚠️ [DDoS/Spike t=0] cpu=30.0, msd=3
⚠️ [DDoS/Spike t=0] cpu=30.0, msd=3
⚠️ [DDoS/Spike t=0] cpu=30.0, msd=3
⚠️ [DDoS/Spike t=0] cpu=30.0, msd=3
⚠️ [DDoS/Spike t=0] cpu=30.0, msd=3
⚠️ [DDoS/Spike t=0] cpu=30.0, msd=3
----------------------------------
| rollout/           |           |
|    ep_len_mean     | 100       |
|    ep_rew_mean     | -3.84e+03 |
| time/              |           |
|    fps             | 181       |
|    iterations      | 113       |
|    time_elapsed    | 1273      |
|    total_timesteps | 231424    |
----------------------------------
⚠️ [DDoS/Spike t=0] cpu=30.0, msd=3
⚠️ [DDoS/Spike t=0] cpu=30.0, msd=3
⚠️ [DDoS/Spike t=0] cpu=30.0, msd=3
⚠️ [DDoS/Spike t=0] cpu=30.0, msd=3
⚠️ [DDoS/Spike t=0] cpu=30.0, msd=3
⚠️ [DDoS/Spike t=0] cpu=30.0, msd=3
⚠️ [DDoS/Spike t=0] cpu=30.0, msd=3
⚠️ [DDoS/Spike t=0] cpu=30.0, msd=3
⚠️ [DDoS/Spike t=0] cpu=30.0, msd=3
⚠️ [DDoS/Spike t=0] cpu=30.0, msd=3
⚠️ [DDoS/Spike t=0] cpu=30.0, msd=3
⚠️ [DDoS/Spike t=0] cpu=30.0, msd=3
⚠️ [DDoS/Spike t=0] cpu=30.0, msd=3
⚠️ [DDoS/Spike t=0] cpu=30.0, msd=3
⚠️ [DDoS/Spike t=0] cpu=30.0, msd=3
⚠️ [DDoS/Spike t=0] cpu=30.0, msd=3
⚠️ [DDoS/Spike t=0] cpu=30.0, msd=3
⚠️ [DDoS/Spike t=0] cpu=30.0, msd=3
⚠️ [DDoS/Spike t=0] cpu=30.0, msd=3
⚠️ [DDoS/Spike t=0] cpu=30.0, msd=3
------------------------------------------
| rollout/                |              |
|    ep_len_mean          | 100          |
|    ep_rew_mean          | -3.86e+03    |
| time/                   |              |
|    fps                  | 182          |
|    iterations           | 114          |
|    time_elapsed         | 1282         |
|    total_timesteps      | 233472       |
| train/                  |              |
|    approx_kl            | 0.0040032766 |
|    clip_fraction        | 0.0156       |
|    clip_range           | 0.2          |
|    entropy_loss         | -2.87        |
|    explained_variance   | 0            |
|    learning_rate        | 0.0003       |
|    loss                 | 4.9e+05      |
|    n_updates            | 1130         |
|    policy_gradient_loss | -0.00272     |
|    value_loss           | 8.27e+05     |
------------------------------------------
⚠️ [DDoS/Spike t=0] cpu=30.0, msd=3
⚠️ [DDoS/Spike t=0] cpu=30.0, msd=3
⚠️ [DDoS/Spike t=0] cpu=30.0, msd=3
⚠️ [DDoS/Spike t=0] cpu=30.0, msd=3
⚠️ [DDoS/Spike t=0] cpu=30.0, msd=3
⚠️ [DDoS/Spike t=0] cpu=30.0, msd=3
⚠️ [DDoS/Spike t=0] cpu=30.0, msd=3
⚠️ [DDoS/Spike t=0] cpu=30.0, msd=3
⚠️ [DDoS/Spike t=0] cpu=30.0, msd=3
⚠️ [DDoS/Spike t=0] cpu=30.0, msd=3
⚠️ [DDoS/Spike t=0] cpu=30.0, msd=3
⚠️ [DDoS/Spike t=0] cpu=30.0, msd=3
⚠️ [DDoS/Spike t=0] cpu=30.0, msd=3
⚠️ [DDoS/Spike t=0] cpu=30.0, msd=3
⚠️ [DDoS/Spike t=0] cpu=30.0, msd=3
⚠️ [DDoS/Spike t=0] cpu=30.0, msd=3
⚠️ [DDoS/Spike t=0] cpu=30.0, msd=3
⚠️ [DDoS/Spike t=0] cpu=30.0, msd=3
⚠️ [DDoS/Spike t=0] cpu=30.0, msd=3
⚠️ [DDoS/Spike t=0] cpu=30.0, msd=3
⚠️ [DDoS/Spike t=0] cpu=30.0, msd=3
-----------------------------------------
| rollout/                |             |
|    ep_len_mean          | 100         |
|    ep_rew_mean          | -3.85e+03   |
| time/                   |             |
|    fps                  | 182         |
|    iterations           | 115         |
|    time_elapsed         | 1293        |
|    total_timesteps      | 235520      |
| train/                  |             |
|    approx_kl            | 0.005976419 |
|    clip_fraction        | 0.0132      |
|    clip_range           | 0.2         |
|    entropy_loss         | -2.86       |
|    explained_variance   | 0           |
|    learning_rate        | 0.0003      |
|    loss                 | 4.68e+05    |
|    n_updates            | 1140        |
|    policy_gradient_loss | -0.00491    |
|    value_loss           | 7.85e+05    |
-----------------------------------------
⚠️ [DDoS/Spike t=0] cpu=30.0, msd=3
⚠️ [DDoS/Spike t=0] cpu=30.0, msd=3
⚠️ [DDoS/Spike t=0] cpu=30.0, msd=3
⚠️ [DDoS/Spike t=0] cpu=30.0, msd=3
⚠️ [DDoS/Spike t=0] cpu=30.0, msd=3
⚠️ [DDoS/Spike t=0] cpu=30.0, msd=3
⚠️ [DDoS/Spike t=0] cpu=30.0, msd=3
⚠️ [DDoS/Spike t=0] cpu=30.0, msd=3
⚠️ [DDoS/Spike t=0] cpu=30.0, msd=3
⚠️ [DDoS/Spike t=0] cpu=30.0, msd=3
⚠️ [DDoS/Spike t=0] cpu=30.0, msd=3
⚠️ [DDoS/Spike t=0] cpu=30.0, msd=3
⚠️ [DDoS/Spike t=0] cpu=30.0, msd=3
⚠️ [DDoS/Spike t=0] cpu=30.0, msd=3
⚠️ [DDoS/Spike t=0] cpu=30.0, msd=3
⚠️ [DDoS/Spike t=0] cpu=30.0, msd=3
⚠️ [DDoS/Spike t=0] cpu=30.0, msd=3
⚠️ [DDoS/Spike t=0] cpu=30.0, msd=3
⚠️ [DDoS/Spike t=0] cpu=30.0, msd=3
⚠️ [DDoS/Spike t=0] cpu=30.0, msd=3
------------------------------------------
| rollout/                |              |
|    ep_len_mean          | 100          |
|    ep_rew_mean          | -3.88e+03    |
| time/                   |              |
|    fps                  | 181          |
|    iterations           | 116          |
|    time_elapsed         | 1308         |
|    total_timesteps      | 237568       |
| train/                  |              |
|    approx_kl            | 0.0096081495 |
|    clip_fraction        | 0.0365       |
|    clip_range           | 0.2          |
|    entropy_loss         | -2.86        |
|    explained_variance   | 0            |
|    learning_rate        | 0.0003       |
|    loss                 | 4.77e+05     |
|    n_updates            | 1150         |
|    policy_gradient_loss | -0.00745     |
|    value_loss           | 7.61e+05     |
------------------------------------------
⚠️ [DDoS/Spike t=0] cpu=30.0, msd=3
⚠️ [DDoS/Spike t=0] cpu=30.0, msd=3
⚠️ [DDoS/Spike t=0] cpu=30.0, msd=3
⚠️ [DDoS/Spike t=0] cpu=30.0, msd=3
⚠️ [DDoS/Spike t=0] cpu=30.0, msd=3
⚠️ [DDoS/Spike t=0] cpu=30.0, msd=3
⚠️ [DDoS/Spike t=0] cpu=30.0, msd=3
⚠️ [DDoS/Spike t=0] cpu=30.0, msd=3
⚠️ [DDoS/Spike t=0] cpu=30.0, msd=3
⚠️ [DDoS/Spike t=0] cpu=30.0, msd=3
⚠️ [DDoS/Spike t=0] cpu=30.0, msd=3
⚠️ [DDoS/Spike t=0] cpu=30.0, msd=3
⚠️ [DDoS/Spike t=0] cpu=30.0, msd=3
⚠️ [DDoS/Spike t=0] cpu=30.0, msd=3
⚠️ [DDoS/Spike t=0] cpu=30.0, msd=3
⚠️ [DDoS/Spike t=0] cpu=30.0, msd=3
⚠️ [DDoS/Spike t=0] cpu=30.0, msd=3
⚠️ [DDoS/Spike t=0] cpu=30.0, msd=3
⚠️ [DDoS/Spike t=0] cpu=30.0, msd=3
⚠️ [DDoS/Spike t=0] cpu=30.0, msd=3
⚠️ [DDoS/Spike t=0] cpu=30.0, msd=3
-----------------------------------------
| rollout/                |             |
|    ep_len_mean          | 100         |
|    ep_rew_mean          | -3.98e+03   |
| time/                   |             |
|    fps                  | 181         |
|    iterations           | 117         |
|    time_elapsed         | 1320        |
|    total_timesteps      | 239616      |
| train/                  |             |
|    approx_kl            | 0.051368512 |
|    clip_fraction        | 0.262       |
|    clip_range           | 0.2         |
|    entropy_loss         | -2.78       |
|    explained_variance   | 0           |
|    learning_rate        | 0.0003      |
|    loss                 | 4.79e+05    |
|    n_updates            | 1160        |
|    policy_gradient_loss | 0.0163      |
|    value_loss           | 8.32e+05    |
-----------------------------------------
⚠️ [DDoS/Spike t=0] cpu=30.0, msd=3
⚠️ [DDoS/Spike t=0] cpu=30.0, msd=3
⚠️ [DDoS/Spike t=0] cpu=30.0, msd=3
⚠️ [DDoS/Spike t=0] cpu=30.0, msd=3
⚠️ [DDoS/Spike t=0] cpu=30.0, msd=3
⚠️ [DDoS/Spike t=0] cpu=30.0, msd=3
⚠️ [DDoS/Spike t=0] cpu=30.0, msd=3
⚠️ [DDoS/Spike t=0] cpu=30.0, msd=3
⚠️ [DDoS/Spike t=0] cpu=30.0, msd=3
⚠️ [DDoS/Spike t=0] cpu=30.0, msd=3
⚠️ [DDoS/Spike t=0] cpu=30.0, msd=3
⚠️ [DDoS/Spike t=0] cpu=30.0, msd=3
⚠️ [DDoS/Spike t=0] cpu=30.0, msd=3
⚠️ [DDoS/Spike t=0] cpu=30.0, msd=3
⚠️ [DDoS/Spike t=0] cpu=30.0, msd=3
⚠️ [DDoS/Spike t=0] cpu=30.0, msd=3
⚠️ [DDoS/Spike t=0] cpu=30.0, msd=3
⚠️ [DDoS/Spike t=0] cpu=30.0, msd=3
⚠️ [DDoS/Spike t=0] cpu=30.0, msd=3
⚠️ [DDoS/Spike t=0] cpu=30.0, msd=3
⚠️ [DDoS/Spike t=0] cpu=30.0, msd=3
⚠️ [DDoS/Spike t=0] cpu=30.0, msd=3
⚠️ [DDoS/Spike t=0] cpu=30.0, msd=3
Eval num_timesteps=240000, episode_reward=-2314.60 +/- 673.12
Episode length: 100.00 +/- 0.00
-----------------------------------------
| eval/                   |             |
|    mean_ep_length       | 100         |
|    mean_reward          | -2.31e+03   |
| time/                   |             |
|    total_timesteps      | 240000      |
| train/                  |             |
|    approx_kl            | 0.004151744 |
|    clip_fraction        | 0.00854     |
|    clip_range           | 0.2         |
|    entropy_loss         | -2.83       |
|    explained_variance   | 0           |
|    learning_rate        | 0.0003      |
|    loss                 | 5.41e+05    |
|    n_updates            | 1170        |
|    policy_gradient_loss | -0.00557    |
|    value_loss           | 8.82e+05    |
-----------------------------------------
⚠️ [DDoS/Spike t=0] cpu=30.0, msd=3
⚠️ [DDoS/Spike t=0] cpu=30.0, msd=3
⚠️ [DDoS/Spike t=0] cpu=30.0, msd=3
⚠️ [DDoS/Spike t=0] cpu=30.0, msd=3
⚠️ [DDoS/Spike t=0] cpu=30.0, msd=3
⚠️ [DDoS/Spike t=0] cpu=30.0, msd=3
⚠️ [DDoS/Spike t=0] cpu=30.0, msd=3
⚠️ [DDoS/Spike t=0] cpu=30.0, msd=3
⚠️ [DDoS/Spike t=0] cpu=30.0, msd=3
⚠️ [DDoS/Spike t=0] cpu=30.0, msd=3
⚠️ [DDoS/Spike t=0] cpu=30.0, msd=3
⚠️ [DDoS/Spike t=0] cpu=30.0, msd=3
⚠️ [DDoS/Spike t=0] cpu=30.0, msd=3
⚠️ [DDoS/Spike t=0] cpu=30.0, msd=3
⚠️ [DDoS/Spike t=0] cpu=30.0, msd=3
⚠️ [DDoS/Spike t=0] cpu=30.0, msd=3
⚠️ [DDoS/Spike t=0] cpu=30.0, msd=3
----------------------------------
| rollout/           |           |
|    ep_len_mean     | 100       |
|    ep_rew_mean     | -3.98e+03 |
| time/              |           |
|    fps             | 181       |
|    iterations      | 118       |
|    time_elapsed    | 1330      |
|    total_timesteps | 241664    |
----------------------------------
⚠️ [DDoS/Spike t=0] cpu=30.0, msd=3
⚠️ [DDoS/Spike t=0] cpu=30.0, msd=3
⚠️ [DDoS/Spike t=0] cpu=30.0, msd=3
⚠️ [DDoS/Spike t=0] cpu=30.0, msd=3
⚠️ [DDoS/Spike t=0] cpu=30.0, msd=3
⚠️ [DDoS/Spike t=0] cpu=30.0, msd=3
⚠️ [DDoS/Spike t=0] cpu=30.0, msd=3
⚠️ [DDoS/Spike t=0] cpu=30.0, msd=3
⚠️ [DDoS/Spike t=0] cpu=30.0, msd=3
⚠️ [DDoS/Spike t=0] cpu=30.0, msd=3
⚠️ [DDoS/Spike t=0] cpu=30.0, msd=3
⚠️ [DDoS/Spike t=0] cpu=30.0, msd=3
⚠️ [DDoS/Spike t=0] cpu=30.0, msd=3
⚠️ [DDoS/Spike t=0] cpu=30.0, msd=3
⚠️ [DDoS/Spike t=0] cpu=30.0, msd=3
⚠️ [DDoS/Spike t=0] cpu=30.0, msd=3
⚠️ [DDoS/Spike t=0] cpu=30.0, msd=3
⚠️ [DDoS/Spike t=0] cpu=30.0, msd=3
⚠️ [DDoS/Spike t=0] cpu=30.0, msd=3
⚠️ [DDoS/Spike t=0] cpu=30.0, msd=3
⚠️ [DDoS/Spike t=0] cpu=30.0, msd=3
-----------------------------------------
| rollout/                |             |
|    ep_len_mean          | 100         |
|    ep_rew_mean          | -3.97e+03   |
| time/                   |             |
|    fps                  | 181         |
|    iterations           | 119         |
|    time_elapsed         | 1345        |
|    total_timesteps      | 243712      |
| train/                  |             |
|    approx_kl            | 0.011222995 |
|    clip_fraction        | 0.222       |
|    clip_range           | 0.2         |
|    entropy_loss         | -2.8        |
|    explained_variance   | 0           |
|    learning_rate        | 0.0003      |
|    loss                 | 3.86e+05    |
|    n_updates            | 1180        |
|    policy_gradient_loss | -0.000813   |
|    value_loss           | 7.23e+05    |
-----------------------------------------
⚠️ [DDoS/Spike t=0] cpu=30.0, msd=3
⚠️ [DDoS/Spike t=0] cpu=30.0, msd=3
⚠️ [DDoS/Spike t=0] cpu=30.0, msd=3
⚠️ [DDoS/Spike t=0] cpu=30.0, msd=3
⚠️ [DDoS/Spike t=0] cpu=30.0, msd=3
⚠️ [DDoS/Spike t=0] cpu=30.0, msd=3
⚠️ [DDoS/Spike t=0] cpu=30.0, msd=3
⚠️ [DDoS/Spike t=0] cpu=30.0, msd=3
⚠️ [DDoS/Spike t=0] cpu=30.0, msd=3
⚠️ [DDoS/Spike t=0] cpu=30.0, msd=3
⚠️ [DDoS/Spike t=0] cpu=30.0, msd=3
⚠️ [DDoS/Spike t=0] cpu=30.0, msd=3
⚠️ [DDoS/Spike t=0] cpu=30.0, msd=3
⚠️ [DDoS/Spike t=0] cpu=30.0, msd=3
⚠️ [DDoS/Spike t=0] cpu=30.0, msd=3
⚠️ [DDoS/Spike t=0] cpu=30.0, msd=3
⚠️ [DDoS/Spike t=0] cpu=30.0, msd=3
⚠️ [DDoS/Spike t=0] cpu=30.0, msd=3
⚠️ [DDoS/Spike t=0] cpu=30.0, msd=3
⚠️ [DDoS/Spike t=0] cpu=30.0, msd=3
------------------------------------------
| rollout/                |              |
|    ep_len_mean          | 100          |
|    ep_rew_mean          | -4.01e+03    |
| time/                   |              |
|    fps                  | 180          |
|    iterations           | 120          |
|    time_elapsed         | 1358         |
|    total_timesteps      | 245760       |
| train/                  |              |
|    approx_kl            | 0.0093136355 |
|    clip_fraction        | 0.0721       |
|    clip_range           | 0.2          |
|    entropy_loss         | -2.82        |
|    explained_variance   | 5.96e-08     |
|    learning_rate        | 0.0003       |
|    loss                 | 3.77e+05     |
|    n_updates            | 1190         |
|    policy_gradient_loss | -0.00317     |
|    value_loss           | 7.74e+05     |
------------------------------------------
⚠️ [DDoS/Spike t=0] cpu=30.0, msd=3
⚠️ [DDoS/Spike t=0] cpu=30.0, msd=3
⚠️ [DDoS/Spike t=0] cpu=30.0, msd=3
⚠️ [DDoS/Spike t=0] cpu=30.0, msd=3
⚠️ [DDoS/Spike t=0] cpu=30.0, msd=3
⚠️ [DDoS/Spike t=0] cpu=30.0, msd=3
⚠️ [DDoS/Spike t=0] cpu=30.0, msd=3
⚠️ [DDoS/Spike t=0] cpu=30.0, msd=3
⚠️ [DDoS/Spike t=0] cpu=30.0, msd=3
⚠️ [DDoS/Spike t=0] cpu=30.0, msd=3
⚠️ [DDoS/Spike t=0] cpu=30.0, msd=3
⚠️ [DDoS/Spike t=0] cpu=30.0, msd=3
⚠️ [DDoS/Spike t=0] cpu=30.0, msd=3
⚠️ [DDoS/Spike t=0] cpu=30.0, msd=3
⚠️ [DDoS/Spike t=0] cpu=30.0, msd=3
⚠️ [DDoS/Spike t=0] cpu=30.0, msd=3
⚠️ [DDoS/Spike t=0] cpu=30.0, msd=3
⚠️ [DDoS/Spike t=0] cpu=30.0, msd=3
⚠️ [DDoS/Spike t=0] cpu=30.0, msd=3
⚠️ [DDoS/Spike t=0] cpu=30.0, msd=3
⚠️ [DDoS/Spike t=0] cpu=30.0, msd=3
-----------------------------------------
| rollout/                |             |
|    ep_len_mean          | 100         |
|    ep_rew_mean          | -3.97e+03   |
| time/                   |             |
|    fps                  | 181         |
|    iterations           | 121         |
|    time_elapsed         | 1368        |
|    total_timesteps      | 247808      |
| train/                  |             |
|    approx_kl            | 0.013553781 |
|    clip_fraction        | 0.0774      |
|    clip_range           | 0.2         |
|    entropy_loss         | -2.8        |
|    explained_variance   | 0           |
|    learning_rate        | 0.0003      |
|    loss                 | 4.26e+05    |
|    n_updates            | 1200        |
|    policy_gradient_loss | -0.00668    |
|    value_loss           | 8.12e+05    |
-----------------------------------------
⚠️ [DDoS/Spike t=0] cpu=30.0, msd=3
⚠️ [DDoS/Spike t=0] cpu=30.0, msd=3
⚠️ [DDoS/Spike t=0] cpu=30.0, msd=3
⚠️ [DDoS/Spike t=0] cpu=30.0, msd=3
⚠️ [DDoS/Spike t=0] cpu=30.0, msd=3
⚠️ [DDoS/Spike t=0] cpu=30.0, msd=3
⚠️ [DDoS/Spike t=0] cpu=30.0, msd=3
⚠️ [DDoS/Spike t=0] cpu=30.0, msd=3
⚠️ [DDoS/Spike t=0] cpu=30.0, msd=3
⚠️ [DDoS/Spike t=0] cpu=30.0, msd=3
⚠️ [DDoS/Spike t=0] cpu=30.0, msd=3
⚠️ [DDoS/Spike t=0] cpu=30.0, msd=3
⚠️ [DDoS/Spike t=0] cpu=30.0, msd=3
⚠️ [DDoS/Spike t=0] cpu=30.0, msd=3
⚠️ [DDoS/Spike t=0] cpu=30.0, msd=3
⚠️ [DDoS/Spike t=0] cpu=30.0, msd=3
⚠️ [DDoS/Spike t=0] cpu=30.0, msd=3
⚠️ [DDoS/Spike t=0] cpu=30.0, msd=3
⚠️ [DDoS/Spike t=0] cpu=30.0, msd=3
⚠️ [DDoS/Spike t=0] cpu=30.0, msd=3
-----------------------------------------
| rollout/                |             |
|    ep_len_mean          | 100         |
|    ep_rew_mean          | -3.83e+03   |
| time/                   |             |
|    fps                  | 181         |
|    iterations           | 122         |
|    time_elapsed         | 1379        |
|    total_timesteps      | 249856      |
| train/                  |             |
|    approx_kl            | 0.004444283 |
|    clip_fraction        | 0.0311      |
|    clip_range           | 0.2         |
|    entropy_loss         | -2.77       |
|    explained_variance   | 0           |
|    learning_rate        | 0.0003      |
|    loss                 | 4.18e+05    |
|    n_updates            | 1210        |
|    policy_gradient_loss | -0.00293    |
|    value_loss           | 7.8e+05     |
-----------------------------------------
⚠️ [DDoS/Spike t=0] cpu=30.0, msd=3
⚠️ [DDoS/Spike t=0] cpu=30.0, msd=3
⚠️ [DDoS/Spike t=0] cpu=30.0, msd=3
⚠️ [DDoS/Spike t=0] cpu=30.0, msd=3
⚠️ [DDoS/Spike t=0] cpu=30.0, msd=3
⚠️ [DDoS/Spike t=0] cpu=30.0, msd=3
⚠️ [DDoS/Spike t=0] cpu=30.0, msd=3
⚠️ [DDoS/Spike t=0] cpu=30.0, msd=3
⚠️ [DDoS/Spike t=0] cpu=30.0, msd=3
⚠️ [DDoS/Spike t=0] cpu=30.0, msd=3
⚠️ [DDoS/Spike t=0] cpu=30.0, msd=3
⚠️ [DDoS/Spike t=0] cpu=30.0, msd=3
⚠️ [DDoS/Spike t=0] cpu=30.0, msd=3
⚠️ [DDoS/Spike t=0] cpu=30.0, msd=3
⚠️ [DDoS/Spike t=0] cpu=30.0, msd=3
⚠️ [DDoS/Spike t=0] cpu=30.0, msd=3
⚠️ [DDoS/Spike t=0] cpu=30.0, msd=3
⚠️ [DDoS/Spike t=0] cpu=30.0, msd=3
⚠️ [DDoS/Spike t=0] cpu=30.0, msd=3
⚠️ [DDoS/Spike t=0] cpu=30.0, msd=3
⚠️ [DDoS/Spike t=0] cpu=30.0, msd=3
Eval num_timesteps=250000, episode_reward=-2964.29 +/- 585.09
Episode length: 100.00 +/- 0.00
------------------------------------------
| eval/                   |              |
|    mean_ep_length       | 100          |
|    mean_reward          | -2.96e+03    |
| time/                   |              |
|    total_timesteps      | 250000       |
| train/                  |              |
|    approx_kl            | 0.0033839764 |
|    clip_fraction        | 0.00679      |
|    clip_range           | 0.2          |
|    entropy_loss         | -2.8         |
|    explained_variance   | 0            |
|    learning_rate        | 0.0003       |
|    loss                 | 4.32e+05     |
|    n_updates            | 1220         |
|    policy_gradient_loss | -0.00439     |
|    value_loss           | 7.68e+05     |
------------------------------------------
⚠️ [DDoS/Spike t=0] cpu=30.0, msd=3
⚠️ [DDoS/Spike t=0] cpu=30.0, msd=3
⚠️ [DDoS/Spike t=0] cpu=30.0, msd=3
⚠️ [DDoS/Spike t=0] cpu=30.0, msd=3
⚠️ [DDoS/Spike t=0] cpu=30.0, msd=3
⚠️ [DDoS/Spike t=0] cpu=30.0, msd=3
⚠️ [DDoS/Spike t=0] cpu=30.0, msd=3
⚠️ [DDoS/Spike t=0] cpu=30.0, msd=3
⚠️ [DDoS/Spike t=0] cpu=30.0, msd=3
⚠️ [DDoS/Spike t=0] cpu=30.0, msd=3
⚠️ [DDoS/Spike t=0] cpu=30.0, msd=3
⚠️ [DDoS/Spike t=0] cpu=30.0, msd=3
⚠️ [DDoS/Spike t=0] cpu=30.0, msd=3
⚠️ [DDoS/Spike t=0] cpu=30.0, msd=3
⚠️ [DDoS/Spike t=0] cpu=30.0, msd=3
⚠️ [DDoS/Spike t=0] cpu=30.0, msd=3
⚠️ [DDoS/Spike t=0] cpu=30.0, msd=3
⚠️ [DDoS/Spike t=0] cpu=30.0, msd=3
⚠️ [DDoS/Spike t=0] cpu=30.0, msd=3
⚠️ [DDoS/Spike t=0] cpu=30.0, msd=3
----------------------------------
| rollout/           |           |
|    ep_len_mean     | 100       |
|    ep_rew_mean     | -3.86e+03 |
| time/              |           |
|    fps             | 180       |
|    iterations      | 123       |
|    time_elapsed    | 1394      |
|    total_timesteps | 251904    |
----------------------------------
⚠️ [DDoS/Spike t=0] cpu=30.0, msd=3
⚠️ [DDoS/Spike t=0] cpu=30.0, msd=3
⚠️ [DDoS/Spike t=0] cpu=30.0, msd=3
⚠️ [DDoS/Spike t=0] cpu=30.0, msd=3
⚠️ [DDoS/Spike t=0] cpu=30.0, msd=3
⚠️ [DDoS/Spike t=0] cpu=30.0, msd=3
⚠️ [DDoS/Spike t=0] cpu=30.0, msd=3
⚠️ [DDoS/Spike t=0] cpu=30.0, msd=3
⚠️ [DDoS/Spike t=0] cpu=30.0, msd=3
⚠️ [DDoS/Spike t=0] cpu=30.0, msd=3
⚠️ [DDoS/Spike t=0] cpu=30.0, msd=3
⚠️ [DDoS/Spike t=0] cpu=30.0, msd=3
⚠️ [DDoS/Spike t=0] cpu=30.0, msd=3
⚠️ [DDoS/Spike t=0] cpu=30.0, msd=3
⚠️ [DDoS/Spike t=0] cpu=30.0, msd=3
⚠️ [DDoS/Spike t=0] cpu=30.0, msd=3
⚠️ [DDoS/Spike t=0] cpu=30.0, msd=3
⚠️ [DDoS/Spike t=0] cpu=30.0, msd=3
⚠️ [DDoS/Spike t=0] cpu=30.0, msd=3
⚠️ [DDoS/Spike t=0] cpu=30.0, msd=3
------------------------------------------
| rollout/                |              |
|    ep_len_mean          | 100          |
|    ep_rew_mean          | -3.8e+03     |
| time/                   |              |
|    fps                  | 180          |
|    iterations           | 124          |
|    time_elapsed         | 1406         |
|    total_timesteps      | 253952       |
| train/                  |              |
|    approx_kl            | 0.0066021397 |
|    clip_fraction        | 0.0376       |
|    clip_range           | 0.2          |
|    entropy_loss         | -2.81        |
|    explained_variance   | 0            |
|    learning_rate        | 0.0003       |
|    loss                 | 5.16e+05     |
|    n_updates            | 1230         |
|    policy_gradient_loss | -0.00683     |
|    value_loss           | 8.29e+05     |
------------------------------------------
⚠️ [DDoS/Spike t=0] cpu=30.0, msd=3
⚠️ [DDoS/Spike t=0] cpu=30.0, msd=3
⚠️ [DDoS/Spike t=0] cpu=30.0, msd=3
⚠️ [DDoS/Spike t=0] cpu=30.0, msd=3
⚠️ [DDoS/Spike t=0] cpu=30.0, msd=3
⚠️ [DDoS/Spike t=0] cpu=30.0, msd=3
⚠️ [DDoS/Spike t=0] cpu=30.0, msd=3
⚠️ [DDoS/Spike t=0] cpu=30.0, msd=3
⚠️ [DDoS/Spike t=0] cpu=30.0, msd=3
⚠️ [DDoS/Spike t=0] cpu=30.0, msd=3
⚠️ [DDoS/Spike t=0] cpu=30.0, msd=3
⚠️ [DDoS/Spike t=0] cpu=30.0, msd=3
⚠️ [DDoS/Spike t=0] cpu=30.0, msd=3
⚠️ [DDoS/Spike t=0] cpu=30.0, msd=3
⚠️ [DDoS/Spike t=0] cpu=30.0, msd=3
⚠️ [DDoS/Spike t=0] cpu=30.0, msd=3
⚠️ [DDoS/Spike t=0] cpu=30.0, msd=3
⚠️ [DDoS/Spike t=0] cpu=30.0, msd=3
⚠️ [DDoS/Spike t=0] cpu=30.0, msd=3
⚠️ [DDoS/Spike t=0] cpu=30.0, msd=3
-----------------------------------------
| rollout/                |             |
|    ep_len_mean          | 100         |
|    ep_rew_mean          | -3.77e+03   |
| time/                   |             |
|    fps                  | 181         |
|    iterations           | 125         |
|    time_elapsed         | 1412        |
|    total_timesteps      | 256000      |
| train/                  |             |
|    approx_kl            | 0.006134863 |
|    clip_fraction        | 0.0628      |
|    clip_range           | 0.2         |
|    entropy_loss         | -2.77       |
|    explained_variance   | 5.96e-08    |
|    learning_rate        | 0.0003      |
|    loss                 | 2.9e+05     |
|    n_updates            | 1240        |
|    policy_gradient_loss | -0.00361    |
|    value_loss           | 7.45e+05    |
-----------------------------------------
⚠️ [DDoS/Spike t=0] cpu=30.0, msd=3
⚠️ [DDoS/Spike t=0] cpu=30.0, msd=3
⚠️ [DDoS/Spike t=0] cpu=30.0, msd=3
⚠️ [DDoS/Spike t=0] cpu=30.0, msd=3
⚠️ [DDoS/Spike t=0] cpu=30.0, msd=3
⚠️ [DDoS/Spike t=0] cpu=30.0, msd=3
⚠️ [DDoS/Spike t=0] cpu=30.0, msd=3
⚠️ [DDoS/Spike t=0] cpu=30.0, msd=3
⚠️ [DDoS/Spike t=0] cpu=30.0, msd=3
⚠️ [DDoS/Spike t=0] cpu=30.0, msd=3
⚠️ [DDoS/Spike t=0] cpu=30.0, msd=3
⚠️ [DDoS/Spike t=0] cpu=30.0, msd=3
⚠️ [DDoS/Spike t=0] cpu=30.0, msd=3
⚠️ [DDoS/Spike t=0] cpu=30.0, msd=3
⚠️ [DDoS/Spike t=0] cpu=30.0, msd=3
⚠️ [DDoS/Spike t=0] cpu=30.0, msd=3
⚠️ [DDoS/Spike t=0] cpu=30.0, msd=3
⚠️ [DDoS/Spike t=0] cpu=30.0, msd=3
⚠️ [DDoS/Spike t=0] cpu=30.0, msd=3
⚠️ [DDoS/Spike t=0] cpu=30.0, msd=3
⚠️ [DDoS/Spike t=0] cpu=30.0, msd=3
-----------------------------------------
| rollout/                |             |
|    ep_len_mean          | 100         |
|    ep_rew_mean          | -3.8e+03    |
| time/                   |             |
|    fps                  | 182         |
|    iterations           | 126         |
|    time_elapsed         | 1417        |
|    total_timesteps      | 258048      |
| train/                  |             |
|    approx_kl            | 0.025175612 |
|    clip_fraction        | 0.238       |
|    clip_range           | 0.2         |
|    entropy_loss         | -2.77       |
|    explained_variance   | 0           |
|    learning_rate        | 0.0003      |
|    loss                 | 2.68e+05    |
|    n_updates            | 1250        |
|    policy_gradient_loss | 0.00885     |
|    value_loss           | 7.07e+05    |
-----------------------------------------
⚠️ [DDoS/Spike t=0] cpu=30.0, msd=3
⚠️ [DDoS/Spike t=0] cpu=30.0, msd=3
⚠️ [DDoS/Spike t=0] cpu=30.0, msd=3
⚠️ [DDoS/Spike t=0] cpu=30.0, msd=3
⚠️ [DDoS/Spike t=0] cpu=30.0, msd=3
⚠️ [DDoS/Spike t=0] cpu=30.0, msd=3
⚠️ [DDoS/Spike t=0] cpu=30.0, msd=3
⚠️ [DDoS/Spike t=0] cpu=30.0, msd=3
⚠️ [DDoS/Spike t=0] cpu=30.0, msd=3
⚠️ [DDoS/Spike t=0] cpu=30.0, msd=3
⚠️ [DDoS/Spike t=0] cpu=30.0, msd=3
⚠️ [DDoS/Spike t=0] cpu=30.0, msd=3
⚠️ [DDoS/Spike t=0] cpu=30.0, msd=3
⚠️ [DDoS/Spike t=0] cpu=30.0, msd=3
⚠️ [DDoS/Spike t=0] cpu=30.0, msd=3
⚠️ [DDoS/Spike t=0] cpu=30.0, msd=3
⚠️ [DDoS/Spike t=0] cpu=30.0, msd=3
⚠️ [DDoS/Spike t=0] cpu=30.0, msd=3
⚠️ [DDoS/Spike t=0] cpu=30.0, msd=3
⚠️ [DDoS/Spike t=0] cpu=30.0, msd=3
⚠️ [DDoS/Spike t=0] cpu=30.0, msd=3
⚠️ [DDoS/Spike t=0] cpu=30.0, msd=3
⚠️ [DDoS/Spike t=0] cpu=30.0, msd=3
⚠️ [DDoS/Spike t=0] cpu=30.0, msd=3
⚠️ [DDoS/Spike t=0] cpu=30.0, msd=3
⚠️ [DDoS/Spike t=0] cpu=30.0, msd=3
⚠️ [DDoS/Spike t=0] cpu=30.0, msd=3
⚠️ [DDoS/Spike t=0] cpu=30.0, msd=3
⚠️ [DDoS/Spike t=0] cpu=30.0, msd=3
⚠️ [DDoS/Spike t=0] cpu=30.0, msd=3
⚠️ [DDoS/Spike t=0] cpu=30.0, msd=3
⚠️ [DDoS/Spike t=0] cpu=30.0, msd=3
⚠️ [DDoS/Spike t=0] cpu=30.0, msd=3
⚠️ [DDoS/Spike t=0] cpu=30.0, msd=3
⚠️ [DDoS/Spike t=0] cpu=30.0, msd=3
⚠️ [DDoS/Spike t=0] cpu=30.0, msd=3
⚠️ [DDoS/Spike t=0] cpu=30.0, msd=3
⚠️ [DDoS/Spike t=0] cpu=30.0, msd=3
⚠️ [DDoS/Spike t=0] cpu=30.0, msd=3
Eval num_timesteps=260000, episode_reward=-3322.40 +/- 882.45
Episode length: 100.00 +/- 0.00
------------------------------------------
| eval/                   |              |
|    mean_ep_length       | 100          |
|    mean_reward          | -3.32e+03    |
| time/                   |              |
|    total_timesteps      | 260000       |
| train/                  |              |
|    approx_kl            | 0.0047221207 |
|    clip_fraction        | 0.0232       |
|    clip_range           | 0.2          |
|    entropy_loss         | -2.78        |
|    explained_variance   | 0            |
|    learning_rate        | 0.0003       |
|    loss                 | 4.54e+05     |
|    n_updates            | 1260         |
|    policy_gradient_loss | -0.00624     |
|    value_loss           | 7.99e+05     |
------------------------------------------
⚠️ [DDoS/Spike t=0] cpu=30.0, msd=3
----------------------------------
| rollout/           |           |
|    ep_len_mean     | 100       |
|    ep_rew_mean     | -3.82e+03 |
| time/              |           |
|    fps             | 181       |
|    iterations      | 127       |
|    time_elapsed    | 1432      |
|    total_timesteps | 260096    |
----------------------------------
⚠️ [DDoS/Spike t=0] cpu=30.0, msd=3
⚠️ [DDoS/Spike t=0] cpu=30.0, msd=3
⚠️ [DDoS/Spike t=0] cpu=30.0, msd=3
⚠️ [DDoS/Spike t=0] cpu=30.0, msd=3
⚠️ [DDoS/Spike t=0] cpu=30.0, msd=3
⚠️ [DDoS/Spike t=0] cpu=30.0, msd=3
⚠️ [DDoS/Spike t=0] cpu=30.0, msd=3
⚠️ [DDoS/Spike t=0] cpu=30.0, msd=3
⚠️ [DDoS/Spike t=0] cpu=30.0, msd=3
⚠️ [DDoS/Spike t=0] cpu=30.0, msd=3
⚠️ [DDoS/Spike t=0] cpu=30.0, msd=3
⚠️ [DDoS/Spike t=0] cpu=30.0, msd=3
⚠️ [DDoS/Spike t=0] cpu=30.0, msd=3
⚠️ [DDoS/Spike t=0] cpu=30.0, msd=3
⚠️ [DDoS/Spike t=0] cpu=30.0, msd=3
⚠️ [DDoS/Spike t=0] cpu=30.0, msd=3
⚠️ [DDoS/Spike t=0] cpu=30.0, msd=3
⚠️ [DDoS/Spike t=0] cpu=30.0, msd=3
⚠️ [DDoS/Spike t=0] cpu=30.0, msd=3
⚠️ [DDoS/Spike t=0] cpu=30.0, msd=3
⚠️ [DDoS/Spike t=0] cpu=30.0, msd=3
-----------------------------------------
| rollout/                |             |
|    ep_len_mean          | 100         |
|    ep_rew_mean          | -3.83e+03   |
| time/                   |             |
|    fps                  | 181         |
|    iterations           | 128         |
|    time_elapsed         | 1443        |
|    total_timesteps      | 262144      |
| train/                  |             |
|    approx_kl            | 0.007948749 |
|    clip_fraction        | 0.0384      |
|    clip_range           | 0.2         |
|    entropy_loss         | -2.82       |
|    explained_variance   | -1.19e-07   |
|    learning_rate        | 0.0003      |
|    loss                 | 3.29e+05    |
|    n_updates            | 1270        |
|    policy_gradient_loss | -0.00927    |
|    value_loss           | 7.37e+05    |
-----------------------------------------
⚠️ [DDoS/Spike t=0] cpu=30.0, msd=3
⚠️ [DDoS/Spike t=0] cpu=30.0, msd=3
⚠️ [DDoS/Spike t=0] cpu=30.0, msd=3
⚠️ [DDoS/Spike t=0] cpu=30.0, msd=3
⚠️ [DDoS/Spike t=0] cpu=30.0, msd=3
⚠️ [DDoS/Spike t=0] cpu=30.0, msd=3
⚠️ [DDoS/Spike t=0] cpu=30.0, msd=3
⚠️ [DDoS/Spike t=0] cpu=30.0, msd=3
⚠️ [DDoS/Spike t=0] cpu=30.0, msd=3
⚠️ [DDoS/Spike t=0] cpu=30.0, msd=3
⚠️ [DDoS/Spike t=0] cpu=30.0, msd=3
⚠️ [DDoS/Spike t=0] cpu=30.0, msd=3
⚠️ [DDoS/Spike t=0] cpu=30.0, msd=3
⚠️ [DDoS/Spike t=0] cpu=30.0, msd=3
⚠️ [DDoS/Spike t=0] cpu=30.0, msd=3
⚠️ [DDoS/Spike t=0] cpu=30.0, msd=3
⚠️ [DDoS/Spike t=0] cpu=30.0, msd=3
⚠️ [DDoS/Spike t=0] cpu=30.0, msd=3
⚠️ [DDoS/Spike t=0] cpu=30.0, msd=3
⚠️ [DDoS/Spike t=0] cpu=30.0, msd=3
-----------------------------------------
| rollout/                |             |
|    ep_len_mean          | 100         |
|    ep_rew_mean          | -3.81e+03   |
| time/                   |             |
|    fps                  | 182         |
|    iterations           | 129         |
|    time_elapsed         | 1451        |
|    total_timesteps      | 264192      |
| train/                  |             |
|    approx_kl            | 0.017360544 |
|    clip_fraction        | 0.299       |
|    clip_range           | 0.2         |
|    entropy_loss         | -2.75       |
|    explained_variance   | 0           |
|    learning_rate        | 0.0003      |
|    loss                 | 4.38e+05    |
|    n_updates            | 1280        |
|    policy_gradient_loss | 0.00531     |
|    value_loss           | 8.13e+05    |
-----------------------------------------
⚠️ [DDoS/Spike t=0] cpu=30.0, msd=3
⚠️ [DDoS/Spike t=0] cpu=30.0, msd=3
⚠️ [DDoS/Spike t=0] cpu=30.0, msd=3
⚠️ [DDoS/Spike t=0] cpu=30.0, msd=3
⚠️ [DDoS/Spike t=0] cpu=30.0, msd=3
⚠️ [DDoS/Spike t=0] cpu=30.0, msd=3
⚠️ [DDoS/Spike t=0] cpu=30.0, msd=3
⚠️ [DDoS/Spike t=0] cpu=30.0, msd=3
⚠️ [DDoS/Spike t=0] cpu=30.0, msd=3
⚠️ [DDoS/Spike t=0] cpu=30.0, msd=3
⚠️ [DDoS/Spike t=0] cpu=30.0, msd=3
⚠️ [DDoS/Spike t=0] cpu=30.0, msd=3
⚠️ [DDoS/Spike t=0] cpu=30.0, msd=3
⚠️ [DDoS/Spike t=0] cpu=30.0, msd=3
⚠️ [DDoS/Spike t=0] cpu=30.0, msd=3
⚠️ [DDoS/Spike t=0] cpu=30.0, msd=3
⚠️ [DDoS/Spike t=0] cpu=30.0, msd=3
⚠️ [DDoS/Spike t=0] cpu=30.0, msd=3
⚠️ [DDoS/Spike t=0] cpu=30.0, msd=3
⚠️ [DDoS/Spike t=0] cpu=30.0, msd=3
⚠️ [DDoS/Spike t=0] cpu=30.0, msd=3
-----------------------------------------
| rollout/                |             |
|    ep_len_mean          | 100         |
|    ep_rew_mean          | -3.76e+03   |
| time/                   |             |
|    fps                  | 182         |
|    iterations           | 130         |
|    time_elapsed         | 1457        |
|    total_timesteps      | 266240      |
| train/                  |             |
|    approx_kl            | 0.005245926 |
|    clip_fraction        | 0.0549      |
|    clip_range           | 0.2         |
|    entropy_loss         | -2.73       |
|    explained_variance   | 0           |
|    learning_rate        | 0.0003      |
|    loss                 | 4.67e+05    |
|    n_updates            | 1290        |
|    policy_gradient_loss | -0.00425    |
|    value_loss           | 7.61e+05    |
-----------------------------------------
⚠️ [DDoS/Spike t=0] cpu=30.0, msd=3
⚠️ [DDoS/Spike t=0] cpu=30.0, msd=3
⚠️ [DDoS/Spike t=0] cpu=30.0, msd=3
⚠️ [DDoS/Spike t=0] cpu=30.0, msd=3
⚠️ [DDoS/Spike t=0] cpu=30.0, msd=3
⚠️ [DDoS/Spike t=0] cpu=30.0, msd=3
⚠️ [DDoS/Spike t=0] cpu=30.0, msd=3
⚠️ [DDoS/Spike t=0] cpu=30.0, msd=3
⚠️ [DDoS/Spike t=0] cpu=30.0, msd=3
⚠️ [DDoS/Spike t=0] cpu=30.0, msd=3
⚠️ [DDoS/Spike t=0] cpu=30.0, msd=3
⚠️ [DDoS/Spike t=0] cpu=30.0, msd=3
⚠️ [DDoS/Spike t=0] cpu=30.0, msd=3
⚠️ [DDoS/Spike t=0] cpu=30.0, msd=3
⚠️ [DDoS/Spike t=0] cpu=30.0, msd=3
⚠️ [DDoS/Spike t=0] cpu=30.0, msd=3
⚠️ [DDoS/Spike t=0] cpu=30.0, msd=3
⚠️ [DDoS/Spike t=0] cpu=30.0, msd=3
⚠️ [DDoS/Spike t=0] cpu=30.0, msd=3
⚠️ [DDoS/Spike t=0] cpu=30.0, msd=3
-----------------------------------------
| rollout/                |             |
|    ep_len_mean          | 100         |
|    ep_rew_mean          | -3.73e+03   |
| time/                   |             |
|    fps                  | 182         |
|    iterations           | 131         |
|    time_elapsed         | 1466        |
|    total_timesteps      | 268288      |
| train/                  |             |
|    approx_kl            | 0.010764045 |
|    clip_fraction        | 0.0945      |
|    clip_range           | 0.2         |
|    entropy_loss         | -2.75       |
|    explained_variance   | 0           |
|    learning_rate        | 0.0003      |
|    loss                 | 3.3e+05     |
|    n_updates            | 1300        |
|    policy_gradient_loss | -0.0069     |
|    value_loss           | 7.43e+05    |
-----------------------------------------
⚠️ [DDoS/Spike t=0] cpu=30.0, msd=3
⚠️ [DDoS/Spike t=0] cpu=30.0, msd=3
⚠️ [DDoS/Spike t=0] cpu=30.0, msd=3
⚠️ [DDoS/Spike t=0] cpu=30.0, msd=3
⚠️ [DDoS/Spike t=0] cpu=30.0, msd=3
⚠️ [DDoS/Spike t=0] cpu=30.0, msd=3
⚠️ [DDoS/Spike t=0] cpu=30.0, msd=3
⚠️ [DDoS/Spike t=0] cpu=30.0, msd=3
⚠️ [DDoS/Spike t=0] cpu=30.0, msd=3
⚠️ [DDoS/Spike t=0] cpu=30.0, msd=3
⚠️ [DDoS/Spike t=0] cpu=30.0, msd=3
⚠️ [DDoS/Spike t=0] cpu=30.0, msd=3
⚠️ [DDoS/Spike t=0] cpu=30.0, msd=3
⚠️ [DDoS/Spike t=0] cpu=30.0, msd=3
⚠️ [DDoS/Spike t=0] cpu=30.0, msd=3
⚠️ [DDoS/Spike t=0] cpu=30.0, msd=3
⚠️ [DDoS/Spike t=0] cpu=30.0, msd=3
⚠️ [DDoS/Spike t=0] cpu=30.0, msd=3
⚠️ [DDoS/Spike t=0] cpu=30.0, msd=3
⚠️ [DDoS/Spike t=0] cpu=30.0, msd=3
⚠️ [DDoS/Spike t=0] cpu=30.0, msd=3
⚠️ [DDoS/Spike t=0] cpu=30.0, msd=3
⚠️ [DDoS/Spike t=0] cpu=30.0, msd=3
⚠️ [DDoS/Spike t=0] cpu=30.0, msd=3
⚠️ [DDoS/Spike t=0] cpu=30.0, msd=3
⚠️ [DDoS/Spike t=0] cpu=30.0, msd=3
⚠️ [DDoS/Spike t=0] cpu=30.0, msd=3
⚠️ [DDoS/Spike t=0] cpu=30.0, msd=3
⚠️ [DDoS/Spike t=0] cpu=30.0, msd=3
⚠️ [DDoS/Spike t=0] cpu=30.0, msd=3
⚠️ [DDoS/Spike t=0] cpu=30.0, msd=3
⚠️ [DDoS/Spike t=0] cpu=30.0, msd=3
⚠️ [DDoS/Spike t=0] cpu=30.0, msd=3
⚠️ [DDoS/Spike t=0] cpu=30.0, msd=3
⚠️ [DDoS/Spike t=0] cpu=30.0, msd=3
⚠️ [DDoS/Spike t=0] cpu=30.0, msd=3
⚠️ [DDoS/Spike t=0] cpu=30.0, msd=3
Eval num_timesteps=270000, episode_reward=-3786.93 +/- 839.95
Episode length: 100.00 +/- 0.00
-----------------------------------------
| eval/                   |             |
|    mean_ep_length       | 100         |
|    mean_reward          | -3.79e+03   |
| time/                   |             |
|    total_timesteps      | 270000      |
| train/                  |             |
|    approx_kl            | 0.004977719 |
|    clip_fraction        | 0.03        |
|    clip_range           | 0.2         |
|    entropy_loss         | -2.74       |
|    explained_variance   | 0           |
|    learning_rate        | 0.0003      |
|    loss                 | 3.23e+05    |
|    n_updates            | 1310        |
|    policy_gradient_loss | -0.00419    |
|    value_loss           | 7.44e+05    |
-----------------------------------------
⚠️ [DDoS/Spike t=0] cpu=30.0, msd=3
⚠️ [DDoS/Spike t=0] cpu=30.0, msd=3
⚠️ [DDoS/Spike t=0] cpu=30.0, msd=3
⚠️ [DDoS/Spike t=0] cpu=30.0, msd=3
----------------------------------
| rollout/           |           |
|    ep_len_mean     | 100       |
|    ep_rew_mean     | -3.76e+03 |
| time/              |           |
|    fps             | 182       |
|    iterations      | 132       |
|    time_elapsed    | 1483      |
|    total_timesteps | 270336    |
----------------------------------
⚠️ [DDoS/Spike t=0] cpu=30.0, msd=3
⚠️ [DDoS/Spike t=0] cpu=30.0, msd=3
⚠️ [DDoS/Spike t=0] cpu=30.0, msd=3
⚠️ [DDoS/Spike t=0] cpu=30.0, msd=3
⚠️ [DDoS/Spike t=0] cpu=30.0, msd=3
⚠️ [DDoS/Spike t=0] cpu=30.0, msd=3
⚠️ [DDoS/Spike t=0] cpu=30.0, msd=3
⚠️ [DDoS/Spike t=0] cpu=30.0, msd=3
⚠️ [DDoS/Spike t=0] cpu=30.0, msd=3
⚠️ [DDoS/Spike t=0] cpu=30.0, msd=3
⚠️ [DDoS/Spike t=0] cpu=30.0, msd=3
⚠️ [DDoS/Spike t=0] cpu=30.0, msd=3
⚠️ [DDoS/Spike t=0] cpu=30.0, msd=3
⚠️ [DDoS/Spike t=0] cpu=30.0, msd=3
⚠️ [DDoS/Spike t=0] cpu=30.0, msd=3
⚠️ [DDoS/Spike t=0] cpu=30.0, msd=3
⚠️ [DDoS/Spike t=0] cpu=30.0, msd=3
⚠️ [DDoS/Spike t=0] cpu=30.0, msd=3
⚠️ [DDoS/Spike t=0] cpu=30.0, msd=3
⚠️ [DDoS/Spike t=0] cpu=30.0, msd=3
----------------------------------------
| rollout/                |            |
|    ep_len_mean          | 100        |
|    ep_rew_mean          | -3.63e+03  |
| time/                   |            |
|    fps                  | 182        |
|    iterations           | 133        |
|    time_elapsed         | 1492       |
|    total_timesteps      | 272384     |
| train/                  |            |
|    approx_kl            | 0.09104407 |
|    clip_fraction        | 0.415      |
|    clip_range           | 0.2        |
|    entropy_loss         | -2.7       |
|    explained_variance   | 0          |
|    learning_rate        | 0.0003     |
|    loss                 | 3.36e+05   |
|    n_updates            | 1320       |
|    policy_gradient_loss | 0.0511     |
|    value_loss           | 7.98e+05   |
----------------------------------------
⚠️ [DDoS/Spike t=0] cpu=30.0, msd=3
⚠️ [DDoS/Spike t=0] cpu=30.0, msd=3
⚠️ [DDoS/Spike t=0] cpu=30.0, msd=3
⚠️ [DDoS/Spike t=0] cpu=30.0, msd=3
⚠️ [DDoS/Spike t=0] cpu=30.0, msd=3
⚠️ [DDoS/Spike t=0] cpu=30.0, msd=3
⚠️ [DDoS/Spike t=0] cpu=30.0, msd=3
⚠️ [DDoS/Spike t=0] cpu=30.0, msd=3
⚠️ [DDoS/Spike t=0] cpu=30.0, msd=3
⚠️ [DDoS/Spike t=0] cpu=30.0, msd=3
⚠️ [DDoS/Spike t=0] cpu=30.0, msd=3
⚠️ [DDoS/Spike t=0] cpu=30.0, msd=3
⚠️ [DDoS/Spike t=0] cpu=30.0, msd=3
⚠️ [DDoS/Spike t=0] cpu=30.0, msd=3
⚠️ [DDoS/Spike t=0] cpu=30.0, msd=3
⚠️ [DDoS/Spike t=0] cpu=30.0, msd=3
⚠️ [DDoS/Spike t=0] cpu=30.0, msd=3
⚠️ [DDoS/Spike t=0] cpu=30.0, msd=3
⚠️ [DDoS/Spike t=0] cpu=30.0, msd=3
⚠️ [DDoS/Spike t=0] cpu=30.0, msd=3
⚠️ [DDoS/Spike t=0] cpu=30.0, msd=3
-----------------------------------------
| rollout/                |             |
|    ep_len_mean          | 100         |
|    ep_rew_mean          | -3.64e+03   |
| time/                   |             |
|    fps                  | 181         |
|    iterations           | 134         |
|    time_elapsed         | 1508        |
|    total_timesteps      | 274432      |
| train/                  |             |
|    approx_kl            | 0.008167003 |
|    clip_fraction        | 0.0939      |
|    clip_range           | 0.2         |
|    entropy_loss         | -2.78       |
|    explained_variance   | 0           |
|    learning_rate        | 0.0003      |
|    loss                 | 3.69e+05    |
|    n_updates            | 1330        |
|    policy_gradient_loss | -0.0034     |
|    value_loss           | 8.01e+05    |
-----------------------------------------
⚠️ [DDoS/Spike t=0] cpu=30.0, msd=3
⚠️ [DDoS/Spike t=0] cpu=30.0, msd=3
⚠️ [DDoS/Spike t=0] cpu=30.0, msd=3
⚠️ [DDoS/Spike t=0] cpu=30.0, msd=3
⚠️ [DDoS/Spike t=0] cpu=30.0, msd=3
⚠️ [DDoS/Spike t=0] cpu=30.0, msd=3
⚠️ [DDoS/Spike t=0] cpu=30.0, msd=3
⚠️ [DDoS/Spike t=0] cpu=30.0, msd=3
⚠️ [DDoS/Spike t=0] cpu=30.0, msd=3
⚠️ [DDoS/Spike t=0] cpu=30.0, msd=3
⚠️ [DDoS/Spike t=0] cpu=30.0, msd=3
⚠️ [DDoS/Spike t=0] cpu=30.0, msd=3
⚠️ [DDoS/Spike t=0] cpu=30.0, msd=3
⚠️ [DDoS/Spike t=0] cpu=30.0, msd=3
⚠️ [DDoS/Spike t=0] cpu=30.0, msd=3
⚠️ [DDoS/Spike t=0] cpu=30.0, msd=3
⚠️ [DDoS/Spike t=0] cpu=30.0, msd=3
⚠️ [DDoS/Spike t=0] cpu=30.0, msd=3
⚠️ [DDoS/Spike t=0] cpu=30.0, msd=3
⚠️ [DDoS/Spike t=0] cpu=30.0, msd=3
----------------------------------------
| rollout/                |            |
|    ep_len_mean          | 100        |
|    ep_rew_mean          | -3.69e+03  |
| time/                   |            |
|    fps                  | 182        |
|    iterations           | 135        |
|    time_elapsed         | 1518       |
|    total_timesteps      | 276480     |
| train/                  |            |
|    approx_kl            | 0.12888652 |
|    clip_fraction        | 0.136      |
|    clip_range           | 0.2        |
|    entropy_loss         | -2.76      |
|    explained_variance   | -1.19e-07  |
|    learning_rate        | 0.0003     |
|    loss                 | 3.22e+05   |
|    n_updates            | 1340       |
|    policy_gradient_loss | 0.0094     |
|    value_loss           | 7.59e+05   |
----------------------------------------
⚠️ [DDoS/Spike t=0] cpu=30.0, msd=3
⚠️ [DDoS/Spike t=0] cpu=30.0, msd=3
⚠️ [DDoS/Spike t=0] cpu=30.0, msd=3
⚠️ [DDoS/Spike t=0] cpu=30.0, msd=3
⚠️ [DDoS/Spike t=0] cpu=30.0, msd=3
⚠️ [DDoS/Spike t=0] cpu=30.0, msd=3
⚠️ [DDoS/Spike t=0] cpu=30.0, msd=3
⚠️ [DDoS/Spike t=0] cpu=30.0, msd=3
⚠️ [DDoS/Spike t=0] cpu=30.0, msd=3
⚠️ [DDoS/Spike t=0] cpu=30.0, msd=3
⚠️ [DDoS/Spike t=0] cpu=30.0, msd=3
⚠️ [DDoS/Spike t=0] cpu=30.0, msd=3
⚠️ [DDoS/Spike t=0] cpu=30.0, msd=3
⚠️ [DDoS/Spike t=0] cpu=30.0, msd=3
⚠️ [DDoS/Spike t=0] cpu=30.0, msd=3
⚠️ [DDoS/Spike t=0] cpu=30.0, msd=3
⚠️ [DDoS/Spike t=0] cpu=30.0, msd=3
⚠️ [DDoS/Spike t=0] cpu=30.0, msd=3
⚠️ [DDoS/Spike t=0] cpu=30.0, msd=3
⚠️ [DDoS/Spike t=0] cpu=30.0, msd=3
⚠️ [DDoS/Spike t=0] cpu=30.0, msd=3
-----------------------------------------
| rollout/                |             |
|    ep_len_mean          | 100         |
|    ep_rew_mean          | -3.57e+03   |
| time/                   |             |
|    fps                  | 182         |
|    iterations           | 136         |
|    time_elapsed         | 1529        |
|    total_timesteps      | 278528      |
| train/                  |             |
|    approx_kl            | 0.006053407 |
|    clip_fraction        | 0.0247      |
|    clip_range           | 0.2         |
|    entropy_loss         | -2.78       |
|    explained_variance   | 0           |
|    learning_rate        | 0.0003      |
|    loss                 | 3.52e+05    |
|    n_updates            | 1350        |
|    policy_gradient_loss | -0.00422    |
|    value_loss           | 7.65e+05    |
-----------------------------------------
⚠️ [DDoS/Spike t=0] cpu=30.0, msd=3
⚠️ [DDoS/Spike t=0] cpu=30.0, msd=3
⚠️ [DDoS/Spike t=0] cpu=30.0, msd=3
⚠️ [DDoS/Spike t=0] cpu=30.0, msd=3
⚠️ [DDoS/Spike t=0] cpu=30.0, msd=3
⚠️ [DDoS/Spike t=0] cpu=30.0, msd=3
⚠️ [DDoS/Spike t=0] cpu=30.0, msd=3
⚠️ [DDoS/Spike t=0] cpu=30.0, msd=3
⚠️ [DDoS/Spike t=0] cpu=30.0, msd=3
⚠️ [DDoS/Spike t=0] cpu=30.0, msd=3
⚠️ [DDoS/Spike t=0] cpu=30.0, msd=3
⚠️ [DDoS/Spike t=0] cpu=30.0, msd=3
⚠️ [DDoS/Spike t=0] cpu=30.0, msd=3
⚠️ [DDoS/Spike t=0] cpu=30.0, msd=3
⚠️ [DDoS/Spike t=0] cpu=30.0, msd=3
⚠️ [DDoS/Spike t=0] cpu=30.0, msd=3
⚠️ [DDoS/Spike t=0] cpu=30.0, msd=3
⚠️ [DDoS/Spike t=0] cpu=30.0, msd=3
⚠️ [DDoS/Spike t=0] cpu=30.0, msd=3
⚠️ [DDoS/Spike t=0] cpu=30.0, msd=3
⚠️ [DDoS/Spike t=0] cpu=30.0, msd=3
⚠️ [DDoS/Spike t=0] cpu=30.0, msd=3
⚠️ [DDoS/Spike t=0] cpu=30.0, msd=3
⚠️ [DDoS/Spike t=0] cpu=30.0, msd=3
⚠️ [DDoS/Spike t=0] cpu=30.0, msd=3
⚠️ [DDoS/Spike t=0] cpu=30.0, msd=3
⚠️ [DDoS/Spike t=0] cpu=30.0, msd=3
⚠️ [DDoS/Spike t=0] cpu=30.0, msd=3
⚠️ [DDoS/Spike t=0] cpu=30.0, msd=3
⚠️ [DDoS/Spike t=0] cpu=30.0, msd=3
⚠️ [DDoS/Spike t=0] cpu=30.0, msd=3
⚠️ [DDoS/Spike t=0] cpu=30.0, msd=3
⚠️ [DDoS/Spike t=0] cpu=30.0, msd=3
⚠️ [DDoS/Spike t=0] cpu=30.0, msd=3
Eval num_timesteps=280000, episode_reward=-2412.88 +/- 597.15
Episode length: 100.00 +/- 0.00
------------------------------------------
| eval/                   |              |
|    mean_ep_length       | 100          |
|    mean_reward          | -2.41e+03    |
| time/                   |              |
|    total_timesteps      | 280000       |
| train/                  |              |
|    approx_kl            | 0.0063465717 |
|    clip_fraction        | 0.0921       |
|    clip_range           | 0.2          |
|    entropy_loss         | -2.82        |
|    explained_variance   | 0            |
|    learning_rate        | 0.0003       |
|    loss                 | 5.42e+05     |
|    n_updates            | 1360         |
|    policy_gradient_loss | 0.000968     |
|    value_loss           | 7.67e+05     |
------------------------------------------
⚠️ [DDoS/Spike t=0] cpu=30.0, msd=3
⚠️ [DDoS/Spike t=0] cpu=30.0, msd=3
⚠️ [DDoS/Spike t=0] cpu=30.0, msd=3
⚠️ [DDoS/Spike t=0] cpu=30.0, msd=3
⚠️ [DDoS/Spike t=0] cpu=30.0, msd=3
⚠️ [DDoS/Spike t=0] cpu=30.0, msd=3
---------------------------------
| rollout/           |          |
|    ep_len_mean     | 100      |
|    ep_rew_mean     | -3.5e+03 |
| time/              |          |
|    fps             | 181      |
|    iterations      | 137      |
|    time_elapsed    | 1542     |
|    total_timesteps | 280576   |
---------------------------------
⚠️ [DDoS/Spike t=0] cpu=30.0, msd=3
⚠️ [DDoS/Spike t=0] cpu=30.0, msd=3
⚠️ [DDoS/Spike t=0] cpu=30.0, msd=3
⚠️ [DDoS/Spike t=0] cpu=30.0, msd=3
⚠️ [DDoS/Spike t=0] cpu=30.0, msd=3
⚠️ [DDoS/Spike t=0] cpu=30.0, msd=3
⚠️ [DDoS/Spike t=0] cpu=30.0, msd=3
⚠️ [DDoS/Spike t=0] cpu=30.0, msd=3
⚠️ [DDoS/Spike t=0] cpu=30.0, msd=3
⚠️ [DDoS/Spike t=0] cpu=30.0, msd=3
⚠️ [DDoS/Spike t=0] cpu=30.0, msd=3
⚠️ [DDoS/Spike t=0] cpu=30.0, msd=3
⚠️ [DDoS/Spike t=0] cpu=30.0, msd=3
⚠️ [DDoS/Spike t=0] cpu=30.0, msd=3
⚠️ [DDoS/Spike t=0] cpu=30.0, msd=3
⚠️ [DDoS/Spike t=0] cpu=30.0, msd=3
⚠️ [DDoS/Spike t=0] cpu=30.0, msd=3
⚠️ [DDoS/Spike t=0] cpu=30.0, msd=3
⚠️ [DDoS/Spike t=0] cpu=30.0, msd=3
⚠️ [DDoS/Spike t=0] cpu=30.0, msd=3
⚠️ [DDoS/Spike t=0] cpu=30.0, msd=3
------------------------------------------
| rollout/                |              |
|    ep_len_mean          | 100          |
|    ep_rew_mean          | -3.52e+03    |
| time/                   |              |
|    fps                  | 181          |
|    iterations           | 138          |
|    time_elapsed         | 1555         |
|    total_timesteps      | 282624       |
| train/                  |              |
|    approx_kl            | 0.0046308255 |
|    clip_fraction        | 0.0127       |
|    clip_range           | 0.2          |
|    entropy_loss         | -2.81        |
|    explained_variance   | 0            |
|    learning_rate        | 0.0003       |
|    loss                 | 4.12e+05     |
|    n_updates            | 1370         |
|    policy_gradient_loss | -0.00347     |
|    value_loss           | 7.46e+05     |
------------------------------------------
⚠️ [DDoS/Spike t=0] cpu=30.0, msd=3
⚠️ [DDoS/Spike t=0] cpu=30.0, msd=3
⚠️ [DDoS/Spike t=0] cpu=30.0, msd=3
⚠️ [DDoS/Spike t=0] cpu=30.0, msd=3
⚠️ [DDoS/Spike t=0] cpu=30.0, msd=3
⚠️ [DDoS/Spike t=0] cpu=30.0, msd=3
⚠️ [DDoS/Spike t=0] cpu=30.0, msd=3
⚠️ [DDoS/Spike t=0] cpu=30.0, msd=3
⚠️ [DDoS/Spike t=0] cpu=30.0, msd=3
⚠️ [DDoS/Spike t=0] cpu=30.0, msd=3
⚠️ [DDoS/Spike t=0] cpu=30.0, msd=3
⚠️ [DDoS/Spike t=0] cpu=30.0, msd=3
⚠️ [DDoS/Spike t=0] cpu=30.0, msd=3
⚠️ [DDoS/Spike t=0] cpu=30.0, msd=3
⚠️ [DDoS/Spike t=0] cpu=30.0, msd=3
⚠️ [DDoS/Spike t=0] cpu=30.0, msd=3
⚠️ [DDoS/Spike t=0] cpu=30.0, msd=3
⚠️ [DDoS/Spike t=0] cpu=30.0, msd=3
⚠️ [DDoS/Spike t=0] cpu=30.0, msd=3
⚠️ [DDoS/Spike t=0] cpu=30.0, msd=3
-----------------------------------------
| rollout/                |             |
|    ep_len_mean          | 100         |
|    ep_rew_mean          | -3.57e+03   |
| time/                   |             |
|    fps                  | 181         |
|    iterations           | 139         |
|    time_elapsed         | 1566        |
|    total_timesteps      | 284672      |
| train/                  |             |
|    approx_kl            | 0.013250162 |
|    clip_fraction        | 0.139       |
|    clip_range           | 0.2         |
|    entropy_loss         | -2.78       |
|    explained_variance   | 0           |
|    learning_rate        | 0.0003      |
|    loss                 | 3.17e+05    |
|    n_updates            | 1380        |
|    policy_gradient_loss | -0.00036    |
|    value_loss           | 7.52e+05    |
-----------------------------------------
⚠️ [DDoS/Spike t=0] cpu=30.0, msd=3
⚠️ [DDoS/Spike t=0] cpu=30.0, msd=3
⚠️ [DDoS/Spike t=0] cpu=30.0, msd=3
⚠️ [DDoS/Spike t=0] cpu=30.0, msd=3
⚠️ [DDoS/Spike t=0] cpu=30.0, msd=3
⚠️ [DDoS/Spike t=0] cpu=30.0, msd=3
⚠️ [DDoS/Spike t=0] cpu=30.0, msd=3
⚠️ [DDoS/Spike t=0] cpu=30.0, msd=3
⚠️ [DDoS/Spike t=0] cpu=30.0, msd=3
⚠️ [DDoS/Spike t=0] cpu=30.0, msd=3
⚠️ [DDoS/Spike t=0] cpu=30.0, msd=3
⚠️ [DDoS/Spike t=0] cpu=30.0, msd=3
⚠️ [DDoS/Spike t=0] cpu=30.0, msd=3
⚠️ [DDoS/Spike t=0] cpu=30.0, msd=3
⚠️ [DDoS/Spike t=0] cpu=30.0, msd=3
⚠️ [DDoS/Spike t=0] cpu=30.0, msd=3
⚠️ [DDoS/Spike t=0] cpu=30.0, msd=3
⚠️ [DDoS/Spike t=0] cpu=30.0, msd=3
⚠️ [DDoS/Spike t=0] cpu=30.0, msd=3
⚠️ [DDoS/Spike t=0] cpu=30.0, msd=3
⚠️ [DDoS/Spike t=0] cpu=30.0, msd=3
-----------------------------------------
| rollout/                |             |
|    ep_len_mean          | 100         |
|    ep_rew_mean          | -3.53e+03   |
| time/                   |             |
|    fps                  | 181         |
|    iterations           | 140         |
|    time_elapsed         | 1576        |
|    total_timesteps      | 286720      |
| train/                  |             |
|    approx_kl            | 0.023674604 |
|    clip_fraction        | 0.154       |
|    clip_range           | 0.2         |
|    entropy_loss         | -2.77       |
|    explained_variance   | 0           |
|    learning_rate        | 0.0003      |
|    loss                 | 3.16e+05    |
|    n_updates            | 1390        |
|    policy_gradient_loss | -0.00326    |
|    value_loss           | 7.5e+05     |
-----------------------------------------
⚠️ [DDoS/Spike t=0] cpu=30.0, msd=3
⚠️ [DDoS/Spike t=0] cpu=30.0, msd=3
⚠️ [DDoS/Spike t=0] cpu=30.0, msd=3
⚠️ [DDoS/Spike t=0] cpu=30.0, msd=3
⚠️ [DDoS/Spike t=0] cpu=30.0, msd=3
⚠️ [DDoS/Spike t=0] cpu=30.0, msd=3
⚠️ [DDoS/Spike t=0] cpu=30.0, msd=3
⚠️ [DDoS/Spike t=0] cpu=30.0, msd=3
⚠️ [DDoS/Spike t=0] cpu=30.0, msd=3
⚠️ [DDoS/Spike t=0] cpu=30.0, msd=3
⚠️ [DDoS/Spike t=0] cpu=30.0, msd=3
⚠️ [DDoS/Spike t=0] cpu=30.0, msd=3
⚠️ [DDoS/Spike t=0] cpu=30.0, msd=3
⚠️ [DDoS/Spike t=0] cpu=30.0, msd=3
⚠️ [DDoS/Spike t=0] cpu=30.0, msd=3
⚠️ [DDoS/Spike t=0] cpu=30.0, msd=3
⚠️ [DDoS/Spike t=0] cpu=30.0, msd=3
⚠️ [DDoS/Spike t=0] cpu=30.0, msd=3
⚠️ [DDoS/Spike t=0] cpu=30.0, msd=3
⚠️ [DDoS/Spike t=0] cpu=30.0, msd=3
----------------------------------------
| rollout/                |            |
|    ep_len_mean          | 100        |
|    ep_rew_mean          | -3.71e+03  |
| time/                   |            |
|    fps                  | 181        |
|    iterations           | 141        |
|    time_elapsed         | 1587       |
|    total_timesteps      | 288768     |
| train/                  |            |
|    approx_kl            | 0.02788731 |
|    clip_fraction        | 0.273      |
|    clip_range           | 0.2        |
|    entropy_loss         | -2.72      |
|    explained_variance   | 0          |
|    learning_rate        | 0.0003     |
|    loss                 | 5.24e+05   |
|    n_updates            | 1400       |
|    policy_gradient_loss | 0.0226     |
|    value_loss           | 7.99e+05   |
----------------------------------------
⚠️ [DDoS/Spike t=0] cpu=30.0, msd=3
⚠️ [DDoS/Spike t=0] cpu=30.0, msd=3
⚠️ [DDoS/Spike t=0] cpu=30.0, msd=3
⚠️ [DDoS/Spike t=0] cpu=30.0, msd=3
⚠️ [DDoS/Spike t=0] cpu=30.0, msd=3
⚠️ [DDoS/Spike t=0] cpu=30.0, msd=3
⚠️ [DDoS/Spike t=0] cpu=30.0, msd=3
⚠️ [DDoS/Spike t=0] cpu=30.0, msd=3
⚠️ [DDoS/Spike t=0] cpu=30.0, msd=3
⚠️ [DDoS/Spike t=0] cpu=30.0, msd=3
⚠️ [DDoS/Spike t=0] cpu=30.0, msd=3
⚠️ [DDoS/Spike t=0] cpu=30.0, msd=3
⚠️ [DDoS/Spike t=0] cpu=30.0, msd=3
⚠️ [DDoS/Spike t=0] cpu=30.0, msd=3
⚠️ [DDoS/Spike t=0] cpu=30.0, msd=3
⚠️ [DDoS/Spike t=0] cpu=30.0, msd=3
⚠️ [DDoS/Spike t=0] cpu=30.0, msd=3
⚠️ [DDoS/Spike t=0] cpu=30.0, msd=3
⚠️ [DDoS/Spike t=0] cpu=30.0, msd=3
⚠️ [DDoS/Spike t=0] cpu=30.0, msd=3
⚠️ [DDoS/Spike t=0] cpu=30.0, msd=3
⚠️ [DDoS/Spike t=0] cpu=30.0, msd=3
⚠️ [DDoS/Spike t=0] cpu=30.0, msd=3
⚠️ [DDoS/Spike t=0] cpu=30.0, msd=3
⚠️ [DDoS/Spike t=0] cpu=30.0, msd=3
⚠️ [DDoS/Spike t=0] cpu=30.0, msd=3
⚠️ [DDoS/Spike t=0] cpu=30.0, msd=3
⚠️ [DDoS/Spike t=0] cpu=30.0, msd=3
⚠️ [DDoS/Spike t=0] cpu=30.0, msd=3
⚠️ [DDoS/Spike t=0] cpu=30.0, msd=3
⚠️ [DDoS/Spike t=0] cpu=30.0, msd=3
⚠️ [DDoS/Spike t=0] cpu=30.0, msd=3
Eval num_timesteps=290000, episode_reward=-4272.97 +/- 733.10
Episode length: 100.00 +/- 0.00
-----------------------------------------
| eval/                   |             |
|    mean_ep_length       | 100         |
|    mean_reward          | -4.27e+03   |
| time/                   |             |
|    total_timesteps      | 290000      |
| train/                  |             |
|    approx_kl            | 0.006932921 |
|    clip_fraction        | 0.087       |
|    clip_range           | 0.2         |
|    entropy_loss         | -2.77       |
|    explained_variance   | -1.19e-07   |
|    learning_rate        | 0.0003      |
|    loss                 | 3.09e+05    |
|    n_updates            | 1410        |
|    policy_gradient_loss | -0.00242    |
|    value_loss           | 7.38e+05    |
-----------------------------------------
⚠️ [DDoS/Spike t=0] cpu=30.0, msd=3
⚠️ [DDoS/Spike t=0] cpu=30.0, msd=3
⚠️ [DDoS/Spike t=0] cpu=30.0, msd=3
⚠️ [DDoS/Spike t=0] cpu=30.0, msd=3
⚠️ [DDoS/Spike t=0] cpu=30.0, msd=3
⚠️ [DDoS/Spike t=0] cpu=30.0, msd=3
⚠️ [DDoS/Spike t=0] cpu=30.0, msd=3
⚠️ [DDoS/Spike t=0] cpu=30.0, msd=3
⚠️ [DDoS/Spike t=0] cpu=30.0, msd=3
----------------------------------
| rollout/           |           |
|    ep_len_mean     | 100       |
|    ep_rew_mean     | -3.82e+03 |
| time/              |           |
|    fps             | 180       |
|    iterations      | 142       |
|    time_elapsed    | 1609      |
|    total_timesteps | 290816    |
----------------------------------
⚠️ [DDoS/Spike t=0] cpu=30.0, msd=3
⚠️ [DDoS/Spike t=0] cpu=30.0, msd=3
⚠️ [DDoS/Spike t=0] cpu=30.0, msd=3
⚠️ [DDoS/Spike t=0] cpu=30.0, msd=3
⚠️ [DDoS/Spike t=0] cpu=30.0, msd=3
⚠️ [DDoS/Spike t=0] cpu=30.0, msd=3
⚠️ [DDoS/Spike t=0] cpu=30.0, msd=3
⚠️ [DDoS/Spike t=0] cpu=30.0, msd=3
⚠️ [DDoS/Spike t=0] cpu=30.0, msd=3
⚠️ [DDoS/Spike t=0] cpu=30.0, msd=3
⚠️ [DDoS/Spike t=0] cpu=30.0, msd=3
⚠️ [DDoS/Spike t=0] cpu=30.0, msd=3
⚠️ [DDoS/Spike t=0] cpu=30.0, msd=3
⚠️ [DDoS/Spike t=0] cpu=30.0, msd=3
⚠️ [DDoS/Spike t=0] cpu=30.0, msd=3
⚠️ [DDoS/Spike t=0] cpu=30.0, msd=3
⚠️ [DDoS/Spike t=0] cpu=30.0, msd=3
⚠️ [DDoS/Spike t=0] cpu=30.0, msd=3
⚠️ [DDoS/Spike t=0] cpu=30.0, msd=3
⚠️ [DDoS/Spike t=0] cpu=30.0, msd=3
----------------------------------------
| rollout/                |            |
|    ep_len_mean          | 100        |
|    ep_rew_mean          | -3.86e+03  |
| time/                   |            |
|    fps                  | 180        |
|    iterations           | 143        |
|    time_elapsed         | 1620       |
|    total_timesteps      | 292864     |
| train/                  |            |
|    approx_kl            | 0.16828248 |
|    clip_fraction        | 0.462      |
|    clip_range           | 0.2        |
|    entropy_loss         | -2.68      |
|    explained_variance   | 0          |
|    learning_rate        | 0.0003     |
|    loss                 | 3.27e+05   |
|    n_updates            | 1420       |
|    policy_gradient_loss | 0.056      |
|    value_loss           | 7.74e+05   |
----------------------------------------
⚠️ [DDoS/Spike t=0] cpu=30.0, msd=3
⚠️ [DDoS/Spike t=0] cpu=30.0, msd=3
⚠️ [DDoS/Spike t=0] cpu=30.0, msd=3
⚠️ [DDoS/Spike t=0] cpu=30.0, msd=3
⚠️ [DDoS/Spike t=0] cpu=30.0, msd=3
⚠️ [DDoS/Spike t=0] cpu=30.0, msd=3
⚠️ [DDoS/Spike t=0] cpu=30.0, msd=3
⚠️ [DDoS/Spike t=0] cpu=30.0, msd=3
⚠️ [DDoS/Spike t=0] cpu=30.0, msd=3
⚠️ [DDoS/Spike t=0] cpu=30.0, msd=3
⚠️ [DDoS/Spike t=0] cpu=30.0, msd=3
⚠️ [DDoS/Spike t=0] cpu=30.0, msd=3
⚠️ [DDoS/Spike t=0] cpu=30.0, msd=3
⚠️ [DDoS/Spike t=0] cpu=30.0, msd=3
⚠️ [DDoS/Spike t=0] cpu=30.0, msd=3
⚠️ [DDoS/Spike t=0] cpu=30.0, msd=3
⚠️ [DDoS/Spike t=0] cpu=30.0, msd=3
⚠️ [DDoS/Spike t=0] cpu=30.0, msd=3
⚠️ [DDoS/Spike t=0] cpu=30.0, msd=3
⚠️ [DDoS/Spike t=0] cpu=30.0, msd=3
⚠️ [DDoS/Spike t=0] cpu=30.0, msd=3
------------------------------------------
| rollout/                |              |
|    ep_len_mean          | 100          |
|    ep_rew_mean          | -3.87e+03    |
| time/                   |              |
|    fps                  | 181          |
|    iterations           | 144          |
|    time_elapsed         | 1627         |
|    total_timesteps      | 294912       |
| train/                  |              |
|    approx_kl            | 0.0063022054 |
|    clip_fraction        | 0.0436       |
|    clip_range           | 0.2          |
|    entropy_loss         | -2.71        |
|    explained_variance   | 0            |
|    learning_rate        | 0.0003       |
|    loss                 | 3.14e+05     |
|    n_updates            | 1430         |
|    policy_gradient_loss | -0.00568     |
|    value_loss           | 7.28e+05     |
------------------------------------------
⚠️ [DDoS/Spike t=0] cpu=30.0, msd=3
⚠️ [DDoS/Spike t=0] cpu=30.0, msd=3
⚠️ [DDoS/Spike t=0] cpu=30.0, msd=3
⚠️ [DDoS/Spike t=0] cpu=30.0, msd=3
⚠️ [DDoS/Spike t=0] cpu=30.0, msd=3
⚠️ [DDoS/Spike t=0] cpu=30.0, msd=3
⚠️ [DDoS/Spike t=0] cpu=30.0, msd=3
⚠️ [DDoS/Spike t=0] cpu=30.0, msd=3
⚠️ [DDoS/Spike t=0] cpu=30.0, msd=3
⚠️ [DDoS/Spike t=0] cpu=30.0, msd=3
⚠️ [DDoS/Spike t=0] cpu=30.0, msd=3
⚠️ [DDoS/Spike t=0] cpu=30.0, msd=3
⚠️ [DDoS/Spike t=0] cpu=30.0, msd=3
⚠️ [DDoS/Spike t=0] cpu=30.0, msd=3
⚠️ [DDoS/Spike t=0] cpu=30.0, msd=3
⚠️ [DDoS/Spike t=0] cpu=30.0, msd=3
⚠️ [DDoS/Spike t=0] cpu=30.0, msd=3
⚠️ [DDoS/Spike t=0] cpu=30.0, msd=3
⚠️ [DDoS/Spike t=0] cpu=30.0, msd=3
⚠️ [DDoS/Spike t=0] cpu=30.0, msd=3
-----------------------------------------
| rollout/                |             |
|    ep_len_mean          | 100         |
|    ep_rew_mean          | -3.93e+03   |
| time/                   |             |
|    fps                  | 181         |
|    iterations           | 145         |
|    time_elapsed         | 1637        |
|    total_timesteps      | 296960      |
| train/                  |             |
|    approx_kl            | 0.008288354 |
|    clip_fraction        | 0.0413      |
|    clip_range           | 0.2         |
|    entropy_loss         | -2.72       |
|    explained_variance   | 5.96e-08    |
|    learning_rate        | 0.0003      |
|    loss                 | 2.81e+05    |
|    n_updates            | 1440        |
|    policy_gradient_loss | -0.00276    |
|    value_loss           | 7.69e+05    |
-----------------------------------------
⚠️ [DDoS/Spike t=0] cpu=30.0, msd=3
⚠️ [DDoS/Spike t=0] cpu=30.0, msd=3
⚠️ [DDoS/Spike t=0] cpu=30.0, msd=3
⚠️ [DDoS/Spike t=0] cpu=30.0, msd=3
⚠️ [DDoS/Spike t=0] cpu=30.0, msd=3
⚠️ [DDoS/Spike t=0] cpu=30.0, msd=3
⚠️ [DDoS/Spike t=0] cpu=30.0, msd=3
⚠️ [DDoS/Spike t=0] cpu=30.0, msd=3
⚠️ [DDoS/Spike t=0] cpu=30.0, msd=3
⚠️ [DDoS/Spike t=0] cpu=30.0, msd=3
⚠️ [DDoS/Spike t=0] cpu=30.0, msd=3
⚠️ [DDoS/Spike t=0] cpu=30.0, msd=3
⚠️ [DDoS/Spike t=0] cpu=30.0, msd=3
⚠️ [DDoS/Spike t=0] cpu=30.0, msd=3
⚠️ [DDoS/Spike t=0] cpu=30.0, msd=3
⚠️ [DDoS/Spike t=0] cpu=30.0, msd=3
⚠️ [DDoS/Spike t=0] cpu=30.0, msd=3
⚠️ [DDoS/Spike t=0] cpu=30.0, msd=3
⚠️ [DDoS/Spike t=0] cpu=30.0, msd=3
⚠️ [DDoS/Spike t=0] cpu=30.0, msd=3
⚠️ [DDoS/Spike t=0] cpu=30.0, msd=3
-----------------------------------------
| rollout/                |             |
|    ep_len_mean          | 100         |
|    ep_rew_mean          | -3.87e+03   |
| time/                   |             |
|    fps                  | 181         |
|    iterations           | 146         |
|    time_elapsed         | 1649        |
|    total_timesteps      | 299008      |
| train/                  |             |
|    approx_kl            | 0.009732366 |
|    clip_fraction        | 0.0507      |
|    clip_range           | 0.2         |
|    entropy_loss         | -2.71       |
|    explained_variance   | 0           |
|    learning_rate        | 0.0003      |
|    loss                 | 3.31e+05    |
|    n_updates            | 1450        |
|    policy_gradient_loss | -0.00315    |
|    value_loss           | 7.96e+05    |
-----------------------------------------
⚠️ [DDoS/Spike t=0] cpu=30.0, msd=3
⚠️ [DDoS/Spike t=0] cpu=30.0, msd=3
⚠️ [DDoS/Spike t=0] cpu=30.0, msd=3
⚠️ [DDoS/Spike t=0] cpu=30.0, msd=3
⚠️ [DDoS/Spike t=0] cpu=30.0, msd=3
⚠️ [DDoS/Spike t=0] cpu=30.0, msd=3
⚠️ [DDoS/Spike t=0] cpu=30.0, msd=3
⚠️ [DDoS/Spike t=0] cpu=30.0, msd=3
⚠️ [DDoS/Spike t=0] cpu=30.0, msd=3
⚠️ [DDoS/Spike t=0] cpu=30.0, msd=3
⚠️ [DDoS/Spike t=0] cpu=30.0, msd=3
⚠️ [DDoS/Spike t=0] cpu=30.0, msd=3
⚠️ [DDoS/Spike t=0] cpu=30.0, msd=3
⚠️ [DDoS/Spike t=0] cpu=30.0, msd=3
⚠️ [DDoS/Spike t=0] cpu=30.0, msd=3
⚠️ [DDoS/Spike t=0] cpu=30.0, msd=3
⚠️ [DDoS/Spike t=0] cpu=30.0, msd=3
⚠️ [DDoS/Spike t=0] cpu=30.0, msd=3
⚠️ [DDoS/Spike t=0] cpu=30.0, msd=3
⚠️ [DDoS/Spike t=0] cpu=30.0, msd=3
⚠️ [DDoS/Spike t=0] cpu=30.0, msd=3
⚠️ [DDoS/Spike t=0] cpu=30.0, msd=3
⚠️ [DDoS/Spike t=0] cpu=30.0, msd=3
⚠️ [DDoS/Spike t=0] cpu=30.0, msd=3
⚠️ [DDoS/Spike t=0] cpu=30.0, msd=3
⚠️ [DDoS/Spike t=0] cpu=30.0, msd=3
⚠️ [DDoS/Spike t=0] cpu=30.0, msd=3
⚠️ [DDoS/Spike t=0] cpu=30.0, msd=3
⚠️ [DDoS/Spike t=0] cpu=30.0, msd=3
Eval num_timesteps=300000, episode_reward=-3409.58 +/- 827.32
Episode length: 100.00 +/- 0.00
------------------------------------------
| eval/                   |              |
|    mean_ep_length       | 100          |
|    mean_reward          | -3.41e+03    |
| time/                   |              |
|    total_timesteps      | 300000       |
| train/                  |              |
|    approx_kl            | 0.0027288543 |
|    clip_fraction        | 0.0085       |
|    clip_range           | 0.2          |
|    entropy_loss         | -2.7         |
|    explained_variance   | 0            |
|    learning_rate        | 0.0003       |
|    loss                 | 4.74e+05     |
|    n_updates            | 1460         |
|    policy_gradient_loss | -0.0045      |
|    value_loss           | 7.76e+05     |
------------------------------------------
⚠️ [DDoS/Spike t=0] cpu=30.0, msd=3
⚠️ [DDoS/Spike t=0] cpu=30.0, msd=3
⚠️ [DDoS/Spike t=0] cpu=30.0, msd=3
⚠️ [DDoS/Spike t=0] cpu=30.0, msd=3
⚠️ [DDoS/Spike t=0] cpu=30.0, msd=3
⚠️ [DDoS/Spike t=0] cpu=30.0, msd=3
⚠️ [DDoS/Spike t=0] cpu=30.0, msd=3
⚠️ [DDoS/Spike t=0] cpu=30.0, msd=3
⚠️ [DDoS/Spike t=0] cpu=30.0, msd=3
⚠️ [DDoS/Spike t=0] cpu=30.0, msd=3
⚠️ [DDoS/Spike t=0] cpu=30.0, msd=3
----------------------------------
| rollout/           |           |
|    ep_len_mean     | 100       |
|    ep_rew_mean     | -3.79e+03 |
| time/              |           |
|    fps             | 180       |
|    iterations      | 147       |
|    time_elapsed    | 1664      |
|    total_timesteps | 301056    |
----------------------------------
⚠️ [DDoS/Spike t=0] cpu=30.0, msd=3
⚠️ [DDoS/Spike t=0] cpu=30.0, msd=3
⚠️ [DDoS/Spike t=0] cpu=30.0, msd=3
⚠️ [DDoS/Spike t=0] cpu=30.0, msd=3
⚠️ [DDoS/Spike t=0] cpu=30.0, msd=3
⚠️ [DDoS/Spike t=0] cpu=30.0, msd=3
⚠️ [DDoS/Spike t=0] cpu=30.0, msd=3
⚠️ [DDoS/Spike t=0] cpu=30.0, msd=3
⚠️ [DDoS/Spike t=0] cpu=30.0, msd=3
⚠️ [DDoS/Spike t=0] cpu=30.0, msd=3
⚠️ [DDoS/Spike t=0] cpu=30.0, msd=3
⚠️ [DDoS/Spike t=0] cpu=30.0, msd=3
⚠️ [DDoS/Spike t=0] cpu=30.0, msd=3
⚠️ [DDoS/Spike t=0] cpu=30.0, msd=3
⚠️ [DDoS/Spike t=0] cpu=30.0, msd=3
⚠️ [DDoS/Spike t=0] cpu=30.0, msd=3
⚠️ [DDoS/Spike t=0] cpu=30.0, msd=3
⚠️ [DDoS/Spike t=0] cpu=30.0, msd=3
⚠️ [DDoS/Spike t=0] cpu=30.0, msd=3
⚠️ [DDoS/Spike t=0] cpu=30.0, msd=3
⚠️ [DDoS/Spike t=0] cpu=30.0, msd=3
-----------------------------------------
| rollout/                |             |
|    ep_len_mean          | 100         |
|    ep_rew_mean          | -3.75e+03   |
| time/                   |             |
|    fps                  | 181         |
|    iterations           | 148         |
|    time_elapsed         | 1672        |
|    total_timesteps      | 303104      |
| train/                  |             |
|    approx_kl            | 0.053606544 |
|    clip_fraction        | 0.527       |
|    clip_range           | 0.2         |
|    entropy_loss         | -2.6        |
|    explained_variance   | 0           |
|    learning_rate        | 0.0003      |
|    loss                 | 2.93e+05    |
|    n_updates            | 1470        |
|    policy_gradient_loss | 0.0526      |
|    value_loss           | 7.3e+05     |
-----------------------------------------
⚠️ [DDoS/Spike t=0] cpu=30.0, msd=3
⚠️ [DDoS/Spike t=0] cpu=30.0, msd=3
⚠️ [DDoS/Spike t=0] cpu=30.0, msd=3
⚠️ [DDoS/Spike t=0] cpu=30.0, msd=3
⚠️ [DDoS/Spike t=0] cpu=30.0, msd=3
⚠️ [DDoS/Spike t=0] cpu=30.0, msd=3
⚠️ [DDoS/Spike t=0] cpu=30.0, msd=3
⚠️ [DDoS/Spike t=0] cpu=30.0, msd=3
⚠️ [DDoS/Spike t=0] cpu=30.0, msd=3
⚠️ [DDoS/Spike t=0] cpu=30.0, msd=3
⚠️ [DDoS/Spike t=0] cpu=30.0, msd=3
⚠️ [DDoS/Spike t=0] cpu=30.0, msd=3
⚠️ [DDoS/Spike t=0] cpu=30.0, msd=3
⚠️ [DDoS/Spike t=0] cpu=30.0, msd=3
⚠️ [DDoS/Spike t=0] cpu=30.0, msd=3
⚠️ [DDoS/Spike t=0] cpu=30.0, msd=3
⚠️ [DDoS/Spike t=0] cpu=30.0, msd=3
⚠️ [DDoS/Spike t=0] cpu=30.0, msd=3
⚠️ [DDoS/Spike t=0] cpu=30.0, msd=3
⚠️ [DDoS/Spike t=0] cpu=30.0, msd=3
-----------------------------------------
| rollout/                |             |
|    ep_len_mean          | 100         |
|    ep_rew_mean          | -3.7e+03    |
| time/                   |             |
|    fps                  | 181         |
|    iterations           | 149         |
|    time_elapsed         | 1683        |
|    total_timesteps      | 305152      |
| train/                  |             |
|    approx_kl            | 0.011855215 |
|    clip_fraction        | 0.0584      |
|    clip_range           | 0.2         |
|    entropy_loss         | -2.69       |
|    explained_variance   | 0           |
|    learning_rate        | 0.0003      |
|    loss                 | 3.82e+05    |
|    n_updates            | 1480        |
|    policy_gradient_loss | -0.0046     |
|    value_loss           | 7.53e+05    |
-----------------------------------------
⚠️ [DDoS/Spike t=0] cpu=30.0, msd=3
⚠️ [DDoS/Spike t=0] cpu=30.0, msd=3
⚠️ [DDoS/Spike t=0] cpu=30.0, msd=3
⚠️ [DDoS/Spike t=0] cpu=30.0, msd=3
⚠️ [DDoS/Spike t=0] cpu=30.0, msd=3
⚠️ [DDoS/Spike t=0] cpu=30.0, msd=3
⚠️ [DDoS/Spike t=0] cpu=30.0, msd=3
⚠️ [DDoS/Spike t=0] cpu=30.0, msd=3
⚠️ [DDoS/Spike t=0] cpu=30.0, msd=3
⚠️ [DDoS/Spike t=0] cpu=30.0, msd=3
⚠️ [DDoS/Spike t=0] cpu=30.0, msd=3
⚠️ [DDoS/Spike t=0] cpu=30.0, msd=3
⚠️ [DDoS/Spike t=0] cpu=30.0, msd=3
⚠️ [DDoS/Spike t=0] cpu=30.0, msd=3
⚠️ [DDoS/Spike t=0] cpu=30.0, msd=3
⚠️ [DDoS/Spike t=0] cpu=30.0, msd=3
⚠️ [DDoS/Spike t=0] cpu=30.0, msd=3
⚠️ [DDoS/Spike t=0] cpu=30.0, msd=3
⚠️ [DDoS/Spike t=0] cpu=30.0, msd=3
⚠️ [DDoS/Spike t=0] cpu=30.0, msd=3
----------------------------------------
| rollout/                |            |
|    ep_len_mean          | 100        |
|    ep_rew_mean          | -3.6e+03   |
| time/                   |            |
|    fps                  | 181        |
|    iterations           | 150        |
|    time_elapsed         | 1691       |
|    total_timesteps      | 307200     |
| train/                  |            |
|    approx_kl            | 0.05838216 |
|    clip_fraction        | 0.185      |
|    clip_range           | 0.2        |
|    entropy_loss         | -2.67      |
|    explained_variance   | 0          |
|    learning_rate        | 0.0003     |
|    loss                 | 3.79e+05   |
|    n_updates            | 1490       |
|    policy_gradient_loss | 0.00621    |
|    value_loss           | 7.43e+05   |
----------------------------------------
⚠️ [DDoS/Spike t=0] cpu=30.0, msd=3
⚠️ [DDoS/Spike t=0] cpu=30.0, msd=3
⚠️ [DDoS/Spike t=0] cpu=30.0, msd=3
⚠️ [DDoS/Spike t=0] cpu=30.0, msd=3
⚠️ [DDoS/Spike t=0] cpu=30.0, msd=3
⚠️ [DDoS/Spike t=0] cpu=30.0, msd=3
⚠️ [DDoS/Spike t=0] cpu=30.0, msd=3
⚠️ [DDoS/Spike t=0] cpu=30.0, msd=3
⚠️ [DDoS/Spike t=0] cpu=30.0, msd=3
⚠️ [DDoS/Spike t=0] cpu=30.0, msd=3
⚠️ [DDoS/Spike t=0] cpu=30.0, msd=3
⚠️ [DDoS/Spike t=0] cpu=30.0, msd=3
⚠️ [DDoS/Spike t=0] cpu=30.0, msd=3
⚠️ [DDoS/Spike t=0] cpu=30.0, msd=3
⚠️ [DDoS/Spike t=0] cpu=30.0, msd=3
⚠️ [DDoS/Spike t=0] cpu=30.0, msd=3
⚠️ [DDoS/Spike t=0] cpu=30.0, msd=3
⚠️ [DDoS/Spike t=0] cpu=30.0, msd=3
⚠️ [DDoS/Spike t=0] cpu=30.0, msd=3
⚠️ [DDoS/Spike t=0] cpu=30.0, msd=3
⚠️ [DDoS/Spike t=0] cpu=30.0, msd=3
------------------------------------------
| rollout/                |              |
|    ep_len_mean          | 100          |
|    ep_rew_mean          | -3.59e+03    |
| time/                   |              |
|    fps                  | 182          |
|    iterations           | 151          |
|    time_elapsed         | 1698         |
|    total_timesteps      | 309248       |
| train/                  |              |
|    approx_kl            | 0.0055306926 |
|    clip_fraction        | 0.0146       |
|    clip_range           | 0.2          |
|    entropy_loss         | -2.65        |
|    explained_variance   | 0            |
|    learning_rate        | 0.0003       |
|    loss                 | 3.76e+05     |
|    n_updates            | 1500         |
|    policy_gradient_loss | -0.00367     |
|    value_loss           | 7.29e+05     |
------------------------------------------
⚠️ [DDoS/Spike t=0] cpu=30.0, msd=3
⚠️ [DDoS/Spike t=0] cpu=30.0, msd=3
⚠️ [DDoS/Spike t=0] cpu=30.0, msd=3
⚠️ [DDoS/Spike t=0] cpu=30.0, msd=3
⚠️ [DDoS/Spike t=0] cpu=30.0, msd=3
⚠️ [DDoS/Spike t=0] cpu=30.0, msd=3
⚠️ [DDoS/Spike t=0] cpu=30.0, msd=3
⚠️ [DDoS/Spike t=0] cpu=30.0, msd=3
⚠️ [DDoS/Spike t=0] cpu=30.0, msd=3
⚠️ [DDoS/Spike t=0] cpu=30.0, msd=3
⚠️ [DDoS/Spike t=0] cpu=30.0, msd=3
⚠️ [DDoS/Spike t=0] cpu=30.0, msd=3
⚠️ [DDoS/Spike t=0] cpu=30.0, msd=3
⚠️ [DDoS/Spike t=0] cpu=30.0, msd=3
⚠️ [DDoS/Spike t=0] cpu=30.0, msd=3
⚠️ [DDoS/Spike t=0] cpu=30.0, msd=3
⚠️ [DDoS/Spike t=0] cpu=30.0, msd=3
⚠️ [DDoS/Spike t=0] cpu=30.0, msd=3
⚠️ [DDoS/Spike t=0] cpu=30.0, msd=3
⚠️ [DDoS/Spike t=0] cpu=30.0, msd=3
⚠️ [DDoS/Spike t=0] cpu=30.0, msd=3
⚠️ [DDoS/Spike t=0] cpu=30.0, msd=3
⚠️ [DDoS/Spike t=0] cpu=30.0, msd=3
⚠️ [DDoS/Spike t=0] cpu=30.0, msd=3
⚠️ [DDoS/Spike t=0] cpu=30.0, msd=3
⚠️ [DDoS/Spike t=0] cpu=30.0, msd=3
⚠️ [DDoS/Spike t=0] cpu=30.0, msd=3
Eval num_timesteps=310000, episode_reward=-3235.26 +/- 769.37
Episode length: 100.00 +/- 0.00
------------------------------------------
| eval/                   |              |
|    mean_ep_length       | 100          |
|    mean_reward          | -3.24e+03    |
| time/                   |              |
|    total_timesteps      | 310000       |
| train/                  |              |
|    approx_kl            | 0.0044661113 |
|    clip_fraction        | 0.0205       |
|    clip_range           | 0.2          |
|    entropy_loss         | -2.64        |
|    explained_variance   | 0            |
|    learning_rate        | 0.0003       |
|    loss                 | 4.56e+05     |
|    n_updates            | 1510         |
|    policy_gradient_loss | -0.00281     |
|    value_loss           | 7.73e+05     |
------------------------------------------
⚠️ [DDoS/Spike t=0] cpu=30.0, msd=3
⚠️ [DDoS/Spike t=0] cpu=30.0, msd=3
⚠️ [DDoS/Spike t=0] cpu=30.0, msd=3
⚠️ [DDoS/Spike t=0] cpu=30.0, msd=3
⚠️ [DDoS/Spike t=0] cpu=30.0, msd=3
⚠️ [DDoS/Spike t=0] cpu=30.0, msd=3
⚠️ [DDoS/Spike t=0] cpu=30.0, msd=3
⚠️ [DDoS/Spike t=0] cpu=30.0, msd=3
⚠️ [DDoS/Spike t=0] cpu=30.0, msd=3
⚠️ [DDoS/Spike t=0] cpu=30.0, msd=3
⚠️ [DDoS/Spike t=0] cpu=30.0, msd=3
⚠️ [DDoS/Spike t=0] cpu=30.0, msd=3
⚠️ [DDoS/Spike t=0] cpu=30.0, msd=3
----------------------------------
| rollout/           |           |
|    ep_len_mean     | 100       |
|    ep_rew_mean     | -3.58e+03 |
| time/              |           |
|    fps             | 182       |
|    iterations      | 152       |
|    time_elapsed    | 1706      |
|    total_timesteps | 311296    |
----------------------------------
⚠️ [DDoS/Spike t=0] cpu=30.0, msd=3
⚠️ [DDoS/Spike t=0] cpu=30.0, msd=3
⚠️ [DDoS/Spike t=0] cpu=30.0, msd=3
⚠️ [DDoS/Spike t=0] cpu=30.0, msd=3
⚠️ [DDoS/Spike t=0] cpu=30.0, msd=3
⚠️ [DDoS/Spike t=0] cpu=30.0, msd=3
⚠️ [DDoS/Spike t=0] cpu=30.0, msd=3
⚠️ [DDoS/Spike t=0] cpu=30.0, msd=3
⚠️ [DDoS/Spike t=0] cpu=30.0, msd=3
⚠️ [DDoS/Spike t=0] cpu=30.0, msd=3
⚠️ [DDoS/Spike t=0] cpu=30.0, msd=3
⚠️ [DDoS/Spike t=0] cpu=30.0, msd=3
⚠️ [DDoS/Spike t=0] cpu=30.0, msd=3
⚠️ [DDoS/Spike t=0] cpu=30.0, msd=3
⚠️ [DDoS/Spike t=0] cpu=30.0, msd=3
⚠️ [DDoS/Spike t=0] cpu=30.0, msd=3
⚠️ [DDoS/Spike t=0] cpu=30.0, msd=3
⚠️ [DDoS/Spike t=0] cpu=30.0, msd=3
⚠️ [DDoS/Spike t=0] cpu=30.0, msd=3
⚠️ [DDoS/Spike t=0] cpu=30.0, msd=3
⚠️ [DDoS/Spike t=0] cpu=30.0, msd=3
-----------------------------------------
| rollout/                |             |
|    ep_len_mean          | 100         |
|    ep_rew_mean          | -3.59e+03   |
| time/                   |             |
|    fps                  | 182         |
|    iterations           | 153         |
|    time_elapsed         | 1714        |
|    total_timesteps      | 313344      |
| train/                  |             |
|    approx_kl            | 0.021549387 |
|    clip_fraction        | 0.299       |
|    clip_range           | 0.2         |
|    entropy_loss         | -2.62       |
|    explained_variance   | 0           |
|    learning_rate        | 0.0003      |
|    loss                 | 3.72e+05    |
|    n_updates            | 1520        |
|    policy_gradient_loss | 0.0138      |
|    value_loss           | 7.58e+05    |
-----------------------------------------
⚠️ [DDoS/Spike t=0] cpu=30.0, msd=3
⚠️ [DDoS/Spike t=0] cpu=30.0, msd=3
⚠️ [DDoS/Spike t=0] cpu=30.0, msd=3
⚠️ [DDoS/Spike t=0] cpu=30.0, msd=3
⚠️ [DDoS/Spike t=0] cpu=30.0, msd=3
⚠️ [DDoS/Spike t=0] cpu=30.0, msd=3
⚠️ [DDoS/Spike t=0] cpu=30.0, msd=3
⚠️ [DDoS/Spike t=0] cpu=30.0, msd=3
⚠️ [DDoS/Spike t=0] cpu=30.0, msd=3
⚠️ [DDoS/Spike t=0] cpu=30.0, msd=3
⚠️ [DDoS/Spike t=0] cpu=30.0, msd=3
⚠️ [DDoS/Spike t=0] cpu=30.0, msd=3
⚠️ [DDoS/Spike t=0] cpu=30.0, msd=3
⚠️ [DDoS/Spike t=0] cpu=30.0, msd=3
⚠️ [DDoS/Spike t=0] cpu=30.0, msd=3
⚠️ [DDoS/Spike t=0] cpu=30.0, msd=3
⚠️ [DDoS/Spike t=0] cpu=30.0, msd=3
⚠️ [DDoS/Spike t=0] cpu=30.0, msd=3
⚠️ [DDoS/Spike t=0] cpu=30.0, msd=3
⚠️ [DDoS/Spike t=0] cpu=30.0, msd=3
-----------------------------------------
| rollout/                |             |
|    ep_len_mean          | 100         |
|    ep_rew_mean          | -3.62e+03   |
| time/                   |             |
|    fps                  | 182         |
|    iterations           | 154         |
|    time_elapsed         | 1724        |
|    total_timesteps      | 315392      |
| train/                  |             |
|    approx_kl            | 0.006323072 |
|    clip_fraction        | 0.0457      |
|    clip_range           | 0.2         |
|    entropy_loss         | -2.66       |
|    explained_variance   | 0           |
|    learning_rate        | 0.0003      |
|    loss                 | 5.26e+05    |
|    n_updates            | 1530        |
|    policy_gradient_loss | -0.00787    |
|    value_loss           | 7.67e+05    |
-----------------------------------------
⚠️ [DDoS/Spike t=0] cpu=30.0, msd=3
⚠️ [DDoS/Spike t=0] cpu=30.0, msd=3
⚠️ [DDoS/Spike t=0] cpu=30.0, msd=3
⚠️ [DDoS/Spike t=0] cpu=30.0, msd=3
⚠️ [DDoS/Spike t=0] cpu=30.0, msd=3
⚠️ [DDoS/Spike t=0] cpu=30.0, msd=3
⚠️ [DDoS/Spike t=0] cpu=30.0, msd=3
⚠️ [DDoS/Spike t=0] cpu=30.0, msd=3
⚠️ [DDoS/Spike t=0] cpu=30.0, msd=3
⚠️ [DDoS/Spike t=0] cpu=30.0, msd=3
⚠️ [DDoS/Spike t=0] cpu=30.0, msd=3
⚠️ [DDoS/Spike t=0] cpu=30.0, msd=3
⚠️ [DDoS/Spike t=0] cpu=30.0, msd=3
⚠️ [DDoS/Spike t=0] cpu=30.0, msd=3
⚠️ [DDoS/Spike t=0] cpu=30.0, msd=3
⚠️ [DDoS/Spike t=0] cpu=30.0, msd=3
⚠️ [DDoS/Spike t=0] cpu=30.0, msd=3
⚠️ [DDoS/Spike t=0] cpu=30.0, msd=3
⚠️ [DDoS/Spike t=0] cpu=30.0, msd=3
⚠️ [DDoS/Spike t=0] cpu=30.0, msd=3
⚠️ [DDoS/Spike t=0] cpu=30.0, msd=3
------------------------------------------
| rollout/                |              |
|    ep_len_mean          | 100          |
|    ep_rew_mean          | -3.59e+03    |
| time/                   |              |
|    fps                  | 183          |
|    iterations           | 155          |
|    time_elapsed         | 1729         |
|    total_timesteps      | 317440       |
| train/                  |              |
|    approx_kl            | 0.0044260016 |
|    clip_fraction        | 0.0298       |
|    clip_range           | 0.2          |
|    entropy_loss         | -2.66        |
|    explained_variance   | 0            |
|    learning_rate        | 0.0003       |
|    loss                 | 3.83e+05     |
|    n_updates            | 1540         |
|    policy_gradient_loss | -0.00509     |
|    value_loss           | 7.58e+05     |
------------------------------------------
⚠️ [DDoS/Spike t=0] cpu=30.0, msd=3
⚠️ [DDoS/Spike t=0] cpu=30.0, msd=3
⚠️ [DDoS/Spike t=0] cpu=30.0, msd=3
⚠️ [DDoS/Spike t=0] cpu=30.0, msd=3
⚠️ [DDoS/Spike t=0] cpu=30.0, msd=3
⚠️ [DDoS/Spike t=0] cpu=30.0, msd=3
⚠️ [DDoS/Spike t=0] cpu=30.0, msd=3
⚠️ [DDoS/Spike t=0] cpu=30.0, msd=3
⚠️ [DDoS/Spike t=0] cpu=30.0, msd=3
⚠️ [DDoS/Spike t=0] cpu=30.0, msd=3
⚠️ [DDoS/Spike t=0] cpu=30.0, msd=3
⚠️ [DDoS/Spike t=0] cpu=30.0, msd=3
⚠️ [DDoS/Spike t=0] cpu=30.0, msd=3
⚠️ [DDoS/Spike t=0] cpu=30.0, msd=3
⚠️ [DDoS/Spike t=0] cpu=30.0, msd=3
⚠️ [DDoS/Spike t=0] cpu=30.0, msd=3
⚠️ [DDoS/Spike t=0] cpu=30.0, msd=3
⚠️ [DDoS/Spike t=0] cpu=30.0, msd=3
⚠️ [DDoS/Spike t=0] cpu=30.0, msd=3
⚠️ [DDoS/Spike t=0] cpu=30.0, msd=3
-----------------------------------------
| rollout/                |             |
|    ep_len_mean          | 100         |
|    ep_rew_mean          | -3.59e+03   |
| time/                   |             |
|    fps                  | 184         |
|    iterations           | 156         |
|    time_elapsed         | 1735        |
|    total_timesteps      | 319488      |
| train/                  |             |
|    approx_kl            | 0.036688637 |
|    clip_fraction        | 0.123       |
|    clip_range           | 0.2         |
|    entropy_loss         | -2.63       |
|    explained_variance   | 0           |
|    learning_rate        | 0.0003      |
|    loss                 | 4.77e+05    |
|    n_updates            | 1550        |
|    policy_gradient_loss | 0.00415     |
|    value_loss           | 7.16e+05    |
-----------------------------------------
⚠️ [DDoS/Spike t=0] cpu=30.0, msd=3
⚠️ [DDoS/Spike t=0] cpu=30.0, msd=3
⚠️ [DDoS/Spike t=0] cpu=30.0, msd=3
⚠️ [DDoS/Spike t=0] cpu=30.0, msd=3
⚠️ [DDoS/Spike t=0] cpu=30.0, msd=3
⚠️ [DDoS/Spike t=0] cpu=30.0, msd=3
⚠️ [DDoS/Spike t=0] cpu=30.0, msd=3
⚠️ [DDoS/Spike t=0] cpu=30.0, msd=3
⚠️ [DDoS/Spike t=0] cpu=30.0, msd=3
⚠️ [DDoS/Spike t=0] cpu=30.0, msd=3
⚠️ [DDoS/Spike t=0] cpu=30.0, msd=3
⚠️ [DDoS/Spike t=0] cpu=30.0, msd=3
⚠️ [DDoS/Spike t=0] cpu=30.0, msd=3
⚠️ [DDoS/Spike t=0] cpu=30.0, msd=3
⚠️ [DDoS/Spike t=0] cpu=30.0, msd=3
⚠️ [DDoS/Spike t=0] cpu=30.0, msd=3
⚠️ [DDoS/Spike t=0] cpu=30.0, msd=3
⚠️ [DDoS/Spike t=0] cpu=30.0, msd=3
⚠️ [DDoS/Spike t=0] cpu=30.0, msd=3
⚠️ [DDoS/Spike t=0] cpu=30.0, msd=3
⚠️ [DDoS/Spike t=0] cpu=30.0, msd=3
⚠️ [DDoS/Spike t=0] cpu=30.0, msd=3
⚠️ [DDoS/Spike t=0] cpu=30.0, msd=3
⚠️ [DDoS/Spike t=0] cpu=30.0, msd=3
⚠️ [DDoS/Spike t=0] cpu=30.0, msd=3
Eval num_timesteps=320000, episode_reward=-4396.99 +/- 576.80
Episode length: 100.00 +/- 0.00
----------------------------------------
| eval/                   |            |
|    mean_ep_length       | 100        |
|    mean_reward          | -4.4e+03   |
| time/                   |            |
|    total_timesteps      | 320000     |
| train/                  |            |
|    approx_kl            | 0.13215134 |
|    clip_fraction        | 0.308      |
|    clip_range           | 0.2        |
|    entropy_loss         | -2.56      |
|    explained_variance   | 0          |
|    learning_rate        | 0.0003     |
|    loss                 | 4.38e+05   |
|    n_updates            | 1560       |
|    policy_gradient_loss | 0.0387     |
|    value_loss           | 7.65e+05   |
----------------------------------------
⚠️ [DDoS/Spike t=0] cpu=30.0, msd=3
⚠️ [DDoS/Spike t=0] cpu=30.0, msd=3
⚠️ [DDoS/Spike t=0] cpu=30.0, msd=3
⚠️ [DDoS/Spike t=0] cpu=30.0, msd=3
⚠️ [DDoS/Spike t=0] cpu=30.0, msd=3
⚠️ [DDoS/Spike t=0] cpu=30.0, msd=3
⚠️ [DDoS/Spike t=0] cpu=30.0, msd=3
⚠️ [DDoS/Spike t=0] cpu=30.0, msd=3
⚠️ [DDoS/Spike t=0] cpu=30.0, msd=3
⚠️ [DDoS/Spike t=0] cpu=30.0, msd=3
⚠️ [DDoS/Spike t=0] cpu=30.0, msd=3
⚠️ [DDoS/Spike t=0] cpu=30.0, msd=3
⚠️ [DDoS/Spike t=0] cpu=30.0, msd=3
⚠️ [DDoS/Spike t=0] cpu=30.0, msd=3
⚠️ [DDoS/Spike t=0] cpu=30.0, msd=3
⚠️ [DDoS/Spike t=0] cpu=30.0, msd=3
----------------------------------
| rollout/           |           |
|    ep_len_mean     | 100       |
|    ep_rew_mean     | -3.63e+03 |
| time/              |           |
|    fps             | 184       |
|    iterations      | 157       |
|    time_elapsed    | 1743      |
|    total_timesteps | 321536    |
----------------------------------
⚠️ [DDoS/Spike t=0] cpu=30.0, msd=3
⚠️ [DDoS/Spike t=0] cpu=30.0, msd=3
⚠️ [DDoS/Spike t=0] cpu=30.0, msd=3
⚠️ [DDoS/Spike t=0] cpu=30.0, msd=3
⚠️ [DDoS/Spike t=0] cpu=30.0, msd=3
⚠️ [DDoS/Spike t=0] cpu=30.0, msd=3
⚠️ [DDoS/Spike t=0] cpu=30.0, msd=3
⚠️ [DDoS/Spike t=0] cpu=30.0, msd=3
⚠️ [DDoS/Spike t=0] cpu=30.0, msd=3
⚠️ [DDoS/Spike t=0] cpu=30.0, msd=3
⚠️ [DDoS/Spike t=0] cpu=30.0, msd=3
⚠️ [DDoS/Spike t=0] cpu=30.0, msd=3
⚠️ [DDoS/Spike t=0] cpu=30.0, msd=3
⚠️ [DDoS/Spike t=0] cpu=30.0, msd=3
⚠️ [DDoS/Spike t=0] cpu=30.0, msd=3
⚠️ [DDoS/Spike t=0] cpu=30.0, msd=3
⚠️ [DDoS/Spike t=0] cpu=30.0, msd=3
⚠️ [DDoS/Spike t=0] cpu=30.0, msd=3
⚠️ [DDoS/Spike t=0] cpu=30.0, msd=3
⚠️ [DDoS/Spike t=0] cpu=30.0, msd=3
------------------------------------------
| rollout/                |              |
|    ep_len_mean          | 100          |
|    ep_rew_mean          | -3.69e+03    |
| time/                   |              |
|    fps                  | 184          |
|    iterations           | 158          |
|    time_elapsed         | 1749         |
|    total_timesteps      | 323584       |
| train/                  |              |
|    approx_kl            | 0.0062978817 |
|    clip_fraction        | 0.0497       |
|    clip_range           | 0.2          |
|    entropy_loss         | -2.59        |
|    explained_variance   | 0            |
|    learning_rate        | 0.0003       |
|    loss                 | 3.65e+05     |
|    n_updates            | 1570         |
|    policy_gradient_loss | -0.00682     |
|    value_loss           | 7.7e+05      |
------------------------------------------
⚠️ [DDoS/Spike t=0] cpu=30.0, msd=3
⚠️ [DDoS/Spike t=0] cpu=30.0, msd=3
⚠️ [DDoS/Spike t=0] cpu=30.0, msd=3
⚠️ [DDoS/Spike t=0] cpu=30.0, msd=3
⚠️ [DDoS/Spike t=0] cpu=30.0, msd=3
⚠️ [DDoS/Spike t=0] cpu=30.0, msd=3
⚠️ [DDoS/Spike t=0] cpu=30.0, msd=3
⚠️ [DDoS/Spike t=0] cpu=30.0, msd=3
⚠️ [DDoS/Spike t=0] cpu=30.0, msd=3
⚠️ [DDoS/Spike t=0] cpu=30.0, msd=3
⚠️ [DDoS/Spike t=0] cpu=30.0, msd=3
⚠️ [DDoS/Spike t=0] cpu=30.0, msd=3
⚠️ [DDoS/Spike t=0] cpu=30.0, msd=3
⚠️ [DDoS/Spike t=0] cpu=30.0, msd=3
⚠️ [DDoS/Spike t=0] cpu=30.0, msd=3
⚠️ [DDoS/Spike t=0] cpu=30.0, msd=3
⚠️ [DDoS/Spike t=0] cpu=30.0, msd=3
⚠️ [DDoS/Spike t=0] cpu=30.0, msd=3
⚠️ [DDoS/Spike t=0] cpu=30.0, msd=3
⚠️ [DDoS/Spike t=0] cpu=30.0, msd=3
⚠️ [DDoS/Spike t=0] cpu=30.0, msd=3
------------------------------------------
| rollout/                |              |
|    ep_len_mean          | 100          |
|    ep_rew_mean          | -3.73e+03    |
| time/                   |              |
|    fps                  | 185          |
|    iterations           | 159          |
|    time_elapsed         | 1756         |
|    total_timesteps      | 325632       |
| train/                  |              |
|    approx_kl            | 0.0043873643 |
|    clip_fraction        | 0.0166       |
|    clip_range           | 0.2          |
|    entropy_loss         | -2.58        |
|    explained_variance   | 0            |
|    learning_rate        | 0.0003       |
|    loss                 | 3.9e+05      |
|    n_updates            | 1580         |
|    policy_gradient_loss | -0.00553     |
|    value_loss           | 7.73e+05     |
------------------------------------------
⚠️ [DDoS/Spike t=0] cpu=30.0, msd=3
⚠️ [DDoS/Spike t=0] cpu=30.0, msd=3
⚠️ [DDoS/Spike t=0] cpu=30.0, msd=3
⚠️ [DDoS/Spike t=0] cpu=30.0, msd=3
⚠️ [DDoS/Spike t=0] cpu=30.0, msd=3
⚠️ [DDoS/Spike t=0] cpu=30.0, msd=3
⚠️ [DDoS/Spike t=0] cpu=30.0, msd=3
⚠️ [DDoS/Spike t=0] cpu=30.0, msd=3
⚠️ [DDoS/Spike t=0] cpu=30.0, msd=3
⚠️ [DDoS/Spike t=0] cpu=30.0, msd=3
⚠️ [DDoS/Spike t=0] cpu=30.0, msd=3
⚠️ [DDoS/Spike t=0] cpu=30.0, msd=3
⚠️ [DDoS/Spike t=0] cpu=30.0, msd=3
⚠️ [DDoS/Spike t=0] cpu=30.0, msd=3
⚠️ [DDoS/Spike t=0] cpu=30.0, msd=3
⚠️ [DDoS/Spike t=0] cpu=30.0, msd=3
⚠️ [DDoS/Spike t=0] cpu=30.0, msd=3
⚠️ [DDoS/Spike t=0] cpu=30.0, msd=3
⚠️ [DDoS/Spike t=0] cpu=30.0, msd=3
⚠️ [DDoS/Spike t=0] cpu=30.0, msd=3
-----------------------------------------
| rollout/                |             |
|    ep_len_mean          | 100         |
|    ep_rew_mean          | -3.75e+03   |
| time/                   |             |
|    fps                  | 185         |
|    iterations           | 160         |
|    time_elapsed         | 1767        |
|    total_timesteps      | 327680      |
| train/                  |             |
|    approx_kl            | 0.004277509 |
|    clip_fraction        | 0.0407      |
|    clip_range           | 0.2         |
|    entropy_loss         | -2.57       |
|    explained_variance   | 0           |
|    learning_rate        | 0.0003      |
|    loss                 | 3.71e+05    |
|    n_updates            | 1590        |
|    policy_gradient_loss | -0.00331    |
|    value_loss           | 7.36e+05    |
-----------------------------------------
⚠️ [DDoS/Spike t=0] cpu=30.0, msd=3
⚠️ [DDoS/Spike t=0] cpu=30.0, msd=3
⚠️ [DDoS/Spike t=0] cpu=30.0, msd=3
⚠️ [DDoS/Spike t=0] cpu=30.0, msd=3
⚠️ [DDoS/Spike t=0] cpu=30.0, msd=3
⚠️ [DDoS/Spike t=0] cpu=30.0, msd=3
⚠️ [DDoS/Spike t=0] cpu=30.0, msd=3
⚠️ [DDoS/Spike t=0] cpu=30.0, msd=3
⚠️ [DDoS/Spike t=0] cpu=30.0, msd=3
⚠️ [DDoS/Spike t=0] cpu=30.0, msd=3
⚠️ [DDoS/Spike t=0] cpu=30.0, msd=3
⚠️ [DDoS/Spike t=0] cpu=30.0, msd=3
⚠️ [DDoS/Spike t=0] cpu=30.0, msd=3
⚠️ [DDoS/Spike t=0] cpu=30.0, msd=3
⚠️ [DDoS/Spike t=0] cpu=30.0, msd=3
⚠️ [DDoS/Spike t=0] cpu=30.0, msd=3
⚠️ [DDoS/Spike t=0] cpu=30.0, msd=3
⚠️ [DDoS/Spike t=0] cpu=30.0, msd=3
⚠️ [DDoS/Spike t=0] cpu=30.0, msd=3
⚠️ [DDoS/Spike t=0] cpu=30.0, msd=3
⚠️ [DDoS/Spike t=0] cpu=30.0, msd=3
----------------------------------------
| rollout/                |            |
|    ep_len_mean          | 100        |
|    ep_rew_mean          | -3.87e+03  |
| time/                   |            |
|    fps                  | 185        |
|    iterations           | 161        |
|    time_elapsed         | 1780       |
|    total_timesteps      | 329728     |
| train/                  |            |
|    approx_kl            | 0.09249427 |
|    clip_fraction        | 0.363      |
|    clip_range           | 0.2        |
|    entropy_loss         | -2.52      |
|    explained_variance   | 0          |
|    learning_rate        | 0.0003     |
|    loss                 | 3.58e+05   |
|    n_updates            | 1600       |
|    policy_gradient_loss | 0.0287     |
|    value_loss           | 7.49e+05   |
----------------------------------------
⚠️ [DDoS/Spike t=0] cpu=30.0, msd=3
⚠️ [DDoS/Spike t=0] cpu=30.0, msd=3
⚠️ [DDoS/Spike t=0] cpu=30.0, msd=3
⚠️ [DDoS/Spike t=0] cpu=30.0, msd=3
⚠️ [DDoS/Spike t=0] cpu=30.0, msd=3
⚠️ [DDoS/Spike t=0] cpu=30.0, msd=3
⚠️ [DDoS/Spike t=0] cpu=30.0, msd=3
⚠️ [DDoS/Spike t=0] cpu=30.0, msd=3
⚠️ [DDoS/Spike t=0] cpu=30.0, msd=3
⚠️ [DDoS/Spike t=0] cpu=30.0, msd=3
⚠️ [DDoS/Spike t=0] cpu=30.0, msd=3
⚠️ [DDoS/Spike t=0] cpu=30.0, msd=3
⚠️ [DDoS/Spike t=0] cpu=30.0, msd=3
⚠️ [DDoS/Spike t=0] cpu=30.0, msd=3
⚠️ [DDoS/Spike t=0] cpu=30.0, msd=3
⚠️ [DDoS/Spike t=0] cpu=30.0, msd=3
⚠️ [DDoS/Spike t=0] cpu=30.0, msd=3
⚠️ [DDoS/Spike t=0] cpu=30.0, msd=3
⚠️ [DDoS/Spike t=0] cpu=30.0, msd=3
⚠️ [DDoS/Spike t=0] cpu=30.0, msd=3
⚠️ [DDoS/Spike t=0] cpu=30.0, msd=3
⚠️ [DDoS/Spike t=0] cpu=30.0, msd=3
Eval num_timesteps=330000, episode_reward=-4358.93 +/- 1066.40
Episode length: 100.00 +/- 0.00
-----------------------------------------
| eval/                   |             |
|    mean_ep_length       | 100         |
|    mean_reward          | -4.36e+03   |
| time/                   |             |
|    total_timesteps      | 330000      |
| train/                  |             |
|    approx_kl            | 0.010918344 |
|    clip_fraction        | 0.113       |
|    clip_range           | 0.2         |
|    entropy_loss         | -2.62       |
|    explained_variance   | -1.19e-07   |
|    learning_rate        | 0.0003      |
|    loss                 | 4.34e+05    |
|    n_updates            | 1610        |
|    policy_gradient_loss | -0.00118    |
|    value_loss           | 7.78e+05    |
-----------------------------------------
⚠️ [DDoS/Spike t=0] cpu=30.0, msd=3
⚠️ [DDoS/Spike t=0] cpu=30.0, msd=3
⚠️ [DDoS/Spike t=0] cpu=30.0, msd=3
⚠️ [DDoS/Spike t=0] cpu=30.0, msd=3
⚠️ [DDoS/Spike t=0] cpu=30.0, msd=3
⚠️ [DDoS/Spike t=0] cpu=30.0, msd=3
⚠️ [DDoS/Spike t=0] cpu=30.0, msd=3
⚠️ [DDoS/Spike t=0] cpu=30.0, msd=3
⚠️ [DDoS/Spike t=0] cpu=30.0, msd=3
⚠️ [DDoS/Spike t=0] cpu=30.0, msd=3
⚠️ [DDoS/Spike t=0] cpu=30.0, msd=3
⚠️ [DDoS/Spike t=0] cpu=30.0, msd=3
⚠️ [DDoS/Spike t=0] cpu=30.0, msd=3
⚠️ [DDoS/Spike t=0] cpu=30.0, msd=3
⚠️ [DDoS/Spike t=0] cpu=30.0, msd=3
⚠️ [DDoS/Spike t=0] cpu=30.0, msd=3
⚠️ [DDoS/Spike t=0] cpu=30.0, msd=3
⚠️ [DDoS/Spike t=0] cpu=30.0, msd=3
----------------------------------
| rollout/           |           |
|    ep_len_mean     | 100       |
|    ep_rew_mean     | -3.89e+03 |
| time/              |           |
|    fps             | 184       |
|    iterations      | 162       |
|    time_elapsed    | 1795      |
|    total_timesteps | 331776    |
----------------------------------
⚠️ [DDoS/Spike t=0] cpu=30.0, msd=3
⚠️ [DDoS/Spike t=0] cpu=30.0, msd=3
⚠️ [DDoS/Spike t=0] cpu=30.0, msd=3
⚠️ [DDoS/Spike t=0] cpu=30.0, msd=3
⚠️ [DDoS/Spike t=0] cpu=30.0, msd=3
⚠️ [DDoS/Spike t=0] cpu=30.0, msd=3
⚠️ [DDoS/Spike t=0] cpu=30.0, msd=3
⚠️ [DDoS/Spike t=0] cpu=30.0, msd=3
⚠️ [DDoS/Spike t=0] cpu=30.0, msd=3
⚠️ [DDoS/Spike t=0] cpu=30.0, msd=3
⚠️ [DDoS/Spike t=0] cpu=30.0, msd=3
⚠️ [DDoS/Spike t=0] cpu=30.0, msd=3
⚠️ [DDoS/Spike t=0] cpu=30.0, msd=3
⚠️ [DDoS/Spike t=0] cpu=30.0, msd=3
⚠️ [DDoS/Spike t=0] cpu=30.0, msd=3
⚠️ [DDoS/Spike t=0] cpu=30.0, msd=3
⚠️ [DDoS/Spike t=0] cpu=30.0, msd=3
⚠️ [DDoS/Spike t=0] cpu=30.0, msd=3
⚠️ [DDoS/Spike t=0] cpu=30.0, msd=3
⚠️ [DDoS/Spike t=0] cpu=30.0, msd=3
⚠️ [DDoS/Spike t=0] cpu=30.0, msd=3
-----------------------------------------
| rollout/                |             |
|    ep_len_mean          | 100         |
|    ep_rew_mean          | -3.81e+03   |
| time/                   |             |
|    fps                  | 184         |
|    iterations           | 163         |
|    time_elapsed         | 1805        |
|    total_timesteps      | 333824      |
| train/                  |             |
|    approx_kl            | 0.008400397 |
|    clip_fraction        | 0.0447      |
|    clip_range           | 0.2         |
|    entropy_loss         | -2.58       |
|    explained_variance   | 0           |
|    learning_rate        | 0.0003      |
|    loss                 | 4.52e+05    |
|    n_updates            | 1620        |
|    policy_gradient_loss | -0.00451    |
|    value_loss           | 8.19e+05    |
-----------------------------------------
⚠️ [DDoS/Spike t=0] cpu=30.0, msd=3
⚠️ [DDoS/Spike t=0] cpu=30.0, msd=3
⚠️ [DDoS/Spike t=0] cpu=30.0, msd=3
⚠️ [DDoS/Spike t=0] cpu=30.0, msd=3
⚠️ [DDoS/Spike t=0] cpu=30.0, msd=3
⚠️ [DDoS/Spike t=0] cpu=30.0, msd=3
⚠️ [DDoS/Spike t=0] cpu=30.0, msd=3
⚠️ [DDoS/Spike t=0] cpu=30.0, msd=3
⚠️ [DDoS/Spike t=0] cpu=30.0, msd=3
⚠️ [DDoS/Spike t=0] cpu=30.0, msd=3
⚠️ [DDoS/Spike t=0] cpu=30.0, msd=3
⚠️ [DDoS/Spike t=0] cpu=30.0, msd=3
⚠️ [DDoS/Spike t=0] cpu=30.0, msd=3
⚠️ [DDoS/Spike t=0] cpu=30.0, msd=3
⚠️ [DDoS/Spike t=0] cpu=30.0, msd=3
⚠️ [DDoS/Spike t=0] cpu=30.0, msd=3
⚠️ [DDoS/Spike t=0] cpu=30.0, msd=3
⚠️ [DDoS/Spike t=0] cpu=30.0, msd=3
⚠️ [DDoS/Spike t=0] cpu=30.0, msd=3
⚠️ [DDoS/Spike t=0] cpu=30.0, msd=3
-----------------------------------------
| rollout/                |             |
|    ep_len_mean          | 100         |
|    ep_rew_mean          | -3.9e+03    |
| time/                   |             |
|    fps                  | 185         |
|    iterations           | 164         |
|    time_elapsed         | 1813        |
|    total_timesteps      | 335872      |
| train/                  |             |
|    approx_kl            | 0.028234351 |
|    clip_fraction        | 0.124       |
|    clip_range           | 0.2         |
|    entropy_loss         | -2.53       |
|    explained_variance   | -1.19e-07   |
|    learning_rate        | 0.0003      |
|    loss                 | 3.9e+05     |
|    n_updates            | 1630        |
|    policy_gradient_loss | 0.00381     |
|    value_loss           | 7.19e+05    |
-----------------------------------------
⚠️ [DDoS/Spike t=0] cpu=30.0, msd=3
⚠️ [DDoS/Spike t=0] cpu=30.0, msd=3
⚠️ [DDoS/Spike t=0] cpu=30.0, msd=3
⚠️ [DDoS/Spike t=0] cpu=30.0, msd=3
⚠️ [DDoS/Spike t=0] cpu=30.0, msd=3
⚠️ [DDoS/Spike t=0] cpu=30.0, msd=3
⚠️ [DDoS/Spike t=0] cpu=30.0, msd=3
⚠️ [DDoS/Spike t=0] cpu=30.0, msd=3
⚠️ [DDoS/Spike t=0] cpu=30.0, msd=3
⚠️ [DDoS/Spike t=0] cpu=30.0, msd=3
⚠️ [DDoS/Spike t=0] cpu=30.0, msd=3
⚠️ [DDoS/Spike t=0] cpu=30.0, msd=3
⚠️ [DDoS/Spike t=0] cpu=30.0, msd=3
⚠️ [DDoS/Spike t=0] cpu=30.0, msd=3
⚠️ [DDoS/Spike t=0] cpu=30.0, msd=3
⚠️ [DDoS/Spike t=0] cpu=30.0, msd=3
⚠️ [DDoS/Spike t=0] cpu=30.0, msd=3
⚠️ [DDoS/Spike t=0] cpu=30.0, msd=3
⚠️ [DDoS/Spike t=0] cpu=30.0, msd=3
⚠️ [DDoS/Spike t=0] cpu=30.0, msd=3
⚠️ [DDoS/Spike t=0] cpu=30.0, msd=3
------------------------------------------
| rollout/                |              |
|    ep_len_mean          | 100          |
|    ep_rew_mean          | -3.92e+03    |
| time/                   |              |
|    fps                  | 185          |
|    iterations           | 165          |
|    time_elapsed         | 1825         |
|    total_timesteps      | 337920       |
| train/                  |              |
|    approx_kl            | 0.0051496387 |
|    clip_fraction        | 0.0162       |
|    clip_range           | 0.2          |
|    entropy_loss         | -2.63        |
|    explained_variance   | 0            |
|    learning_rate        | 0.0003       |
|    loss                 | 4.38e+05     |
|    n_updates            | 1640         |
|    policy_gradient_loss | -0.00529     |
|    value_loss           | 8.08e+05     |
------------------------------------------
⚠️ [DDoS/Spike t=0] cpu=30.0, msd=3
⚠️ [DDoS/Spike t=0] cpu=30.0, msd=3
⚠️ [DDoS/Spike t=0] cpu=30.0, msd=3
⚠️ [DDoS/Spike t=0] cpu=30.0, msd=3
⚠️ [DDoS/Spike t=0] cpu=30.0, msd=3
⚠️ [DDoS/Spike t=0] cpu=30.0, msd=3
⚠️ [DDoS/Spike t=0] cpu=30.0, msd=3
⚠️ [DDoS/Spike t=0] cpu=30.0, msd=3
⚠️ [DDoS/Spike t=0] cpu=30.0, msd=3
⚠️ [DDoS/Spike t=0] cpu=30.0, msd=3
⚠️ [DDoS/Spike t=0] cpu=30.0, msd=3
⚠️ [DDoS/Spike t=0] cpu=30.0, msd=3
⚠️ [DDoS/Spike t=0] cpu=30.0, msd=3
⚠️ [DDoS/Spike t=0] cpu=30.0, msd=3
⚠️ [DDoS/Spike t=0] cpu=30.0, msd=3
⚠️ [DDoS/Spike t=0] cpu=30.0, msd=3
⚠️ [DDoS/Spike t=0] cpu=30.0, msd=3
⚠️ [DDoS/Spike t=0] cpu=30.0, msd=3
⚠️ [DDoS/Spike t=0] cpu=30.0, msd=3
⚠️ [DDoS/Spike t=0] cpu=30.0, msd=3
-----------------------------------------
| rollout/                |             |
|    ep_len_mean          | 100         |
|    ep_rew_mean          | -3.83e+03   |
| time/                   |             |
|    fps                  | 184         |
|    iterations           | 166         |
|    time_elapsed         | 1838        |
|    total_timesteps      | 339968      |
| train/                  |             |
|    approx_kl            | 0.006181151 |
|    clip_fraction        | 0.0535      |
|    clip_range           | 0.2         |
|    entropy_loss         | -2.6        |
|    explained_variance   | 0           |
|    learning_rate        | 0.0003      |
|    loss                 | 3.37e+05    |
|    n_updates            | 1650        |
|    policy_gradient_loss | -0.00263    |
|    value_loss           | 7.78e+05    |
-----------------------------------------
⚠️ [DDoS/Spike t=0] cpu=30.0, msd=3
⚠️ [DDoS/Spike t=0] cpu=30.0, msd=3
⚠️ [DDoS/Spike t=0] cpu=30.0, msd=3
⚠️ [DDoS/Spike t=0] cpu=30.0, msd=3
⚠️ [DDoS/Spike t=0] cpu=30.0, msd=3
⚠️ [DDoS/Spike t=0] cpu=30.0, msd=3
⚠️ [DDoS/Spike t=0] cpu=30.0, msd=3
⚠️ [DDoS/Spike t=0] cpu=30.0, msd=3
⚠️ [DDoS/Spike t=0] cpu=30.0, msd=3
⚠️ [DDoS/Spike t=0] cpu=30.0, msd=3
⚠️ [DDoS/Spike t=0] cpu=30.0, msd=3
⚠️ [DDoS/Spike t=0] cpu=30.0, msd=3
⚠️ [DDoS/Spike t=0] cpu=30.0, msd=3
⚠️ [DDoS/Spike t=0] cpu=30.0, msd=3
⚠️ [DDoS/Spike t=0] cpu=30.0, msd=3
⚠️ [DDoS/Spike t=0] cpu=30.0, msd=3
⚠️ [DDoS/Spike t=0] cpu=30.0, msd=3
⚠️ [DDoS/Spike t=0] cpu=30.0, msd=3
⚠️ [DDoS/Spike t=0] cpu=30.0, msd=3
⚠️ [DDoS/Spike t=0] cpu=30.0, msd=3
Eval num_timesteps=340000, episode_reward=-3311.98 +/- 935.24
Episode length: 100.00 +/- 0.00
-----------------------------------------
| eval/                   |             |
|    mean_ep_length       | 100         |
|    mean_reward          | -3.31e+03   |
| time/                   |             |
|    total_timesteps      | 340000      |
| train/                  |             |
|    approx_kl            | 0.048147827 |
|    clip_fraction        | 0.334       |
|    clip_range           | 0.2         |
|    entropy_loss         | -2.62       |
|    explained_variance   | 0           |
|    learning_rate        | 0.0003      |
|    loss                 | 4.76e+05    |
|    n_updates            | 1660        |
|    policy_gradient_loss | 0.0375      |
|    value_loss           | 7.88e+05    |
-----------------------------------------
⚠️ [DDoS/Spike t=0] cpu=30.0, msd=3
⚠️ [DDoS/Spike t=0] cpu=30.0, msd=3
⚠️ [DDoS/Spike t=0] cpu=30.0, msd=3
⚠️ [DDoS/Spike t=0] cpu=30.0, msd=3
⚠️ [DDoS/Spike t=0] cpu=30.0, msd=3
⚠️ [DDoS/Spike t=0] cpu=30.0, msd=3
⚠️ [DDoS/Spike t=0] cpu=30.0, msd=3
⚠️ [DDoS/Spike t=0] cpu=30.0, msd=3
⚠️ [DDoS/Spike t=0] cpu=30.0, msd=3
⚠️ [DDoS/Spike t=0] cpu=30.0, msd=3
⚠️ [DDoS/Spike t=0] cpu=30.0, msd=3
⚠️ [DDoS/Spike t=0] cpu=30.0, msd=3
⚠️ [DDoS/Spike t=0] cpu=30.0, msd=3
⚠️ [DDoS/Spike t=0] cpu=30.0, msd=3
⚠️ [DDoS/Spike t=0] cpu=30.0, msd=3
⚠️ [DDoS/Spike t=0] cpu=30.0, msd=3
⚠️ [DDoS/Spike t=0] cpu=30.0, msd=3
⚠️ [DDoS/Spike t=0] cpu=30.0, msd=3
⚠️ [DDoS/Spike t=0] cpu=30.0, msd=3
⚠️ [DDoS/Spike t=0] cpu=30.0, msd=3
⚠️ [DDoS/Spike t=0] cpu=30.0, msd=3
----------------------------------
| rollout/           |           |
|    ep_len_mean     | 100       |
|    ep_rew_mean     | -3.84e+03 |
| time/              |           |
|    fps             | 184       |
|    iterations      | 167       |
|    time_elapsed    | 1850      |
|    total_timesteps | 342016    |
----------------------------------
⚠️ [DDoS/Spike t=0] cpu=30.0, msd=3
⚠️ [DDoS/Spike t=0] cpu=30.0, msd=3
⚠️ [DDoS/Spike t=0] cpu=30.0, msd=3
⚠️ [DDoS/Spike t=0] cpu=30.0, msd=3
⚠️ [DDoS/Spike t=0] cpu=30.0, msd=3
⚠️ [DDoS/Spike t=0] cpu=30.0, msd=3
⚠️ [DDoS/Spike t=0] cpu=30.0, msd=3
⚠️ [DDoS/Spike t=0] cpu=30.0, msd=3
⚠️ [DDoS/Spike t=0] cpu=30.0, msd=3
⚠️ [DDoS/Spike t=0] cpu=30.0, msd=3
⚠️ [DDoS/Spike t=0] cpu=30.0, msd=3
⚠️ [DDoS/Spike t=0] cpu=30.0, msd=3
⚠️ [DDoS/Spike t=0] cpu=30.0, msd=3
⚠️ [DDoS/Spike t=0] cpu=30.0, msd=3
⚠️ [DDoS/Spike t=0] cpu=30.0, msd=3
⚠️ [DDoS/Spike t=0] cpu=30.0, msd=3
⚠️ [DDoS/Spike t=0] cpu=30.0, msd=3
⚠️ [DDoS/Spike t=0] cpu=30.0, msd=3
⚠️ [DDoS/Spike t=0] cpu=30.0, msd=3
⚠️ [DDoS/Spike t=0] cpu=30.0, msd=3
-----------------------------------------
| rollout/                |             |
|    ep_len_mean          | 100         |
|    ep_rew_mean          | -3.94e+03   |
| time/                   |             |
|    fps                  | 184         |
|    iterations           | 168         |
|    time_elapsed         | 1861        |
|    total_timesteps      | 344064      |
| train/                  |             |
|    approx_kl            | 0.009219248 |
|    clip_fraction        | 0.0265      |
|    clip_range           | 0.2         |
|    entropy_loss         | -2.67       |
|    explained_variance   | 0           |
|    learning_rate        | 0.0003      |
|    loss                 | 3.83e+05    |
|    n_updates            | 1670        |
|    policy_gradient_loss | -0.00365    |
|    value_loss           | 7.23e+05    |
-----------------------------------------
⚠️ [DDoS/Spike t=0] cpu=30.0, msd=3
⚠️ [DDoS/Spike t=0] cpu=30.0, msd=3
⚠️ [DDoS/Spike t=0] cpu=30.0, msd=3
⚠️ [DDoS/Spike t=0] cpu=30.0, msd=3
⚠️ [DDoS/Spike t=0] cpu=30.0, msd=3
⚠️ [DDoS/Spike t=0] cpu=30.0, msd=3
⚠️ [DDoS/Spike t=0] cpu=30.0, msd=3
⚠️ [DDoS/Spike t=0] cpu=30.0, msd=3
⚠️ [DDoS/Spike t=0] cpu=30.0, msd=3
⚠️ [DDoS/Spike t=0] cpu=30.0, msd=3
⚠️ [DDoS/Spike t=0] cpu=30.0, msd=3
⚠️ [DDoS/Spike t=0] cpu=30.0, msd=3
⚠️ [DDoS/Spike t=0] cpu=30.0, msd=3
⚠️ [DDoS/Spike t=0] cpu=30.0, msd=3
⚠️ [DDoS/Spike t=0] cpu=30.0, msd=3
⚠️ [DDoS/Spike t=0] cpu=30.0, msd=3
⚠️ [DDoS/Spike t=0] cpu=30.0, msd=3
⚠️ [DDoS/Spike t=0] cpu=30.0, msd=3
⚠️ [DDoS/Spike t=0] cpu=30.0, msd=3
⚠️ [DDoS/Spike t=0] cpu=30.0, msd=3
⚠️ [DDoS/Spike t=0] cpu=30.0, msd=3
-----------------------------------------
| rollout/                |             |
|    ep_len_mean          | 100         |
|    ep_rew_mean          | -3.95e+03   |
| time/                   |             |
|    fps                  | 184         |
|    iterations           | 169         |
|    time_elapsed         | 1874        |
|    total_timesteps      | 346112      |
| train/                  |             |
|    approx_kl            | 0.006213826 |
|    clip_fraction        | 0.0733      |
|    clip_range           | 0.2         |
|    entropy_loss         | -2.66       |
|    explained_variance   | 0           |
|    learning_rate        | 0.0003      |
|    loss                 | 3.4e+05     |
|    n_updates            | 1680        |
|    policy_gradient_loss | -0.00489    |
|    value_loss           | 7.95e+05    |
-----------------------------------------
⚠️ [DDoS/Spike t=0] cpu=30.0, msd=3
⚠️ [DDoS/Spike t=0] cpu=30.0, msd=3
⚠️ [DDoS/Spike t=0] cpu=30.0, msd=3
⚠️ [DDoS/Spike t=0] cpu=30.0, msd=3
⚠️ [DDoS/Spike t=0] cpu=30.0, msd=3
⚠️ [DDoS/Spike t=0] cpu=30.0, msd=3
⚠️ [DDoS/Spike t=0] cpu=30.0, msd=3
⚠️ [DDoS/Spike t=0] cpu=30.0, msd=3
⚠️ [DDoS/Spike t=0] cpu=30.0, msd=3
⚠️ [DDoS/Spike t=0] cpu=30.0, msd=3
⚠️ [DDoS/Spike t=0] cpu=30.0, msd=3
⚠️ [DDoS/Spike t=0] cpu=30.0, msd=3
⚠️ [DDoS/Spike t=0] cpu=30.0, msd=3
⚠️ [DDoS/Spike t=0] cpu=30.0, msd=3
⚠️ [DDoS/Spike t=0] cpu=30.0, msd=3
⚠️ [DDoS/Spike t=0] cpu=30.0, msd=3
⚠️ [DDoS/Spike t=0] cpu=30.0, msd=3
⚠️ [DDoS/Spike t=0] cpu=30.0, msd=3
⚠️ [DDoS/Spike t=0] cpu=30.0, msd=3
⚠️ [DDoS/Spike t=0] cpu=30.0, msd=3
-----------------------------------------
| rollout/                |             |
|    ep_len_mean          | 100         |
|    ep_rew_mean          | -3.99e+03   |
| time/                   |             |
|    fps                  | 184         |
|    iterations           | 170         |
|    time_elapsed         | 1889        |
|    total_timesteps      | 348160      |
| train/                  |             |
|    approx_kl            | 0.014117427 |
|    clip_fraction        | 0.0635      |
|    clip_range           | 0.2         |
|    entropy_loss         | -2.71       |
|    explained_variance   | 0           |
|    learning_rate        | 0.0003      |
|    loss                 | 4.13e+05    |
|    n_updates            | 1690        |
|    policy_gradient_loss | -0.00625    |
|    value_loss           | 7.79e+05    |
-----------------------------------------
⚠️ [DDoS/Spike t=0] cpu=30.0, msd=3
⚠️ [DDoS/Spike t=0] cpu=30.0, msd=3
⚠️ [DDoS/Spike t=0] cpu=30.0, msd=3
⚠️ [DDoS/Spike t=0] cpu=30.0, msd=3
⚠️ [DDoS/Spike t=0] cpu=30.0, msd=3
⚠️ [DDoS/Spike t=0] cpu=30.0, msd=3
⚠️ [DDoS/Spike t=0] cpu=30.0, msd=3
⚠️ [DDoS/Spike t=0] cpu=30.0, msd=3
⚠️ [DDoS/Spike t=0] cpu=30.0, msd=3
⚠️ [DDoS/Spike t=0] cpu=30.0, msd=3
⚠️ [DDoS/Spike t=0] cpu=30.0, msd=3
⚠️ [DDoS/Spike t=0] cpu=30.0, msd=3
⚠️ [DDoS/Spike t=0] cpu=30.0, msd=3
⚠️ [DDoS/Spike t=0] cpu=30.0, msd=3
⚠️ [DDoS/Spike t=0] cpu=30.0, msd=3
⚠️ [DDoS/Spike t=0] cpu=30.0, msd=3
⚠️ [DDoS/Spike t=0] cpu=30.0, msd=3
⚠️ [DDoS/Spike t=0] cpu=30.0, msd=3
⚠️ [DDoS/Spike t=0] cpu=30.0, msd=3
⚠️ [DDoS/Spike t=0] cpu=30.0, msd=3
⚠️ [DDoS/Spike t=0] cpu=30.0, msd=3
⚠️ [DDoS/Spike t=0] cpu=30.0, msd=3
⚠️ [DDoS/Spike t=0] cpu=30.0, msd=3
⚠️ [DDoS/Spike t=0] cpu=30.0, msd=3
⚠️ [DDoS/Spike t=0] cpu=30.0, msd=3
⚠️ [DDoS/Spike t=0] cpu=30.0, msd=3
⚠️ [DDoS/Spike t=0] cpu=30.0, msd=3
⚠️ [DDoS/Spike t=0] cpu=30.0, msd=3
⚠️ [DDoS/Spike t=0] cpu=30.0, msd=3
⚠️ [DDoS/Spike t=0] cpu=30.0, msd=3
⚠️ [DDoS/Spike t=0] cpu=30.0, msd=3
⚠️ [DDoS/Spike t=0] cpu=30.0, msd=3
⚠️ [DDoS/Spike t=0] cpu=30.0, msd=3
⚠️ [DDoS/Spike t=0] cpu=30.0, msd=3
⚠️ [DDoS/Spike t=0] cpu=30.0, msd=3
⚠️ [DDoS/Spike t=0] cpu=30.0, msd=3
⚠️ [DDoS/Spike t=0] cpu=30.0, msd=3
⚠️ [DDoS/Spike t=0] cpu=30.0, msd=3
Eval num_timesteps=350000, episode_reward=-2988.85 +/- 703.01
Episode length: 100.00 +/- 0.00
-----------------------------------------
| eval/                   |             |
|    mean_ep_length       | 100         |
|    mean_reward          | -2.99e+03   |
| time/                   |             |
|    total_timesteps      | 350000      |
| train/                  |             |
|    approx_kl            | 0.029929476 |
|    clip_fraction        | 0.268       |
|    clip_range           | 0.2         |
|    entropy_loss         | -2.69       |
|    explained_variance   | 0           |
|    learning_rate        | 0.0003      |
|    loss                 | 3.86e+05    |
|    n_updates            | 1700        |
|    policy_gradient_loss | 0.00244     |
|    value_loss           | 8.01e+05    |
-----------------------------------------
⚠️ [DDoS/Spike t=0] cpu=30.0, msd=3
⚠️ [DDoS/Spike t=0] cpu=30.0, msd=3
⚠️ [DDoS/Spike t=0] cpu=30.0, msd=3
----------------------------------
| rollout/           |           |
|    ep_len_mean     | 100       |
|    ep_rew_mean     | -3.91e+03 |
| time/              |           |
|    fps             | 183       |
|    iterations      | 171       |
|    time_elapsed    | 1908      |
|    total_timesteps | 350208    |
----------------------------------
⚠️ [DDoS/Spike t=0] cpu=30.0, msd=3
⚠️ [DDoS/Spike t=0] cpu=30.0, msd=3
⚠️ [DDoS/Spike t=0] cpu=30.0, msd=3
⚠️ [DDoS/Spike t=0] cpu=30.0, msd=3
⚠️ [DDoS/Spike t=0] cpu=30.0, msd=3
⚠️ [DDoS/Spike t=0] cpu=30.0, msd=3
⚠️ [DDoS/Spike t=0] cpu=30.0, msd=3
⚠️ [DDoS/Spike t=0] cpu=30.0, msd=3
⚠️ [DDoS/Spike t=0] cpu=30.0, msd=3
⚠️ [DDoS/Spike t=0] cpu=30.0, msd=3
⚠️ [DDoS/Spike t=0] cpu=30.0, msd=3
⚠️ [DDoS/Spike t=0] cpu=30.0, msd=3
⚠️ [DDoS/Spike t=0] cpu=30.0, msd=3
⚠️ [DDoS/Spike t=0] cpu=30.0, msd=3
⚠️ [DDoS/Spike t=0] cpu=30.0, msd=3
⚠️ [DDoS/Spike t=0] cpu=30.0, msd=3
⚠️ [DDoS/Spike t=0] cpu=30.0, msd=3
⚠️ [DDoS/Spike t=0] cpu=30.0, msd=3
⚠️ [DDoS/Spike t=0] cpu=30.0, msd=3
⚠️ [DDoS/Spike t=0] cpu=30.0, msd=3
-----------------------------------------
| rollout/                |             |
|    ep_len_mean          | 100         |
|    ep_rew_mean          | -3.79e+03   |
| time/                   |             |
|    fps                  | 183         |
|    iterations           | 172         |
|    time_elapsed         | 1922        |
|    total_timesteps      | 352256      |
| train/                  |             |
|    approx_kl            | 0.008598657 |
|    clip_fraction        | 0.034       |
|    clip_range           | 0.2         |
|    entropy_loss         | -2.69       |
|    explained_variance   | 0           |
|    learning_rate        | 0.0003      |
|    loss                 | 2.57e+05    |
|    n_updates            | 1710        |
|    policy_gradient_loss | -0.00423    |
|    value_loss           | 6.97e+05    |
-----------------------------------------
⚠️ [DDoS/Spike t=0] cpu=30.0, msd=3
⚠️ [DDoS/Spike t=0] cpu=30.0, msd=3
⚠️ [DDoS/Spike t=0] cpu=30.0, msd=3
⚠️ [DDoS/Spike t=0] cpu=30.0, msd=3
⚠️ [DDoS/Spike t=0] cpu=30.0, msd=3
⚠️ [DDoS/Spike t=0] cpu=30.0, msd=3
⚠️ [DDoS/Spike t=0] cpu=30.0, msd=3
⚠️ [DDoS/Spike t=0] cpu=30.0, msd=3
⚠️ [DDoS/Spike t=0] cpu=30.0, msd=3
⚠️ [DDoS/Spike t=0] cpu=30.0, msd=3
⚠️ [DDoS/Spike t=0] cpu=30.0, msd=3
⚠️ [DDoS/Spike t=0] cpu=30.0, msd=3
⚠️ [DDoS/Spike t=0] cpu=30.0, msd=3
⚠️ [DDoS/Spike t=0] cpu=30.0, msd=3
⚠️ [DDoS/Spike t=0] cpu=30.0, msd=3
⚠️ [DDoS/Spike t=0] cpu=30.0, msd=3
⚠️ [DDoS/Spike t=0] cpu=30.0, msd=3
⚠️ [DDoS/Spike t=0] cpu=30.0, msd=3
⚠️ [DDoS/Spike t=0] cpu=30.0, msd=3
⚠️ [DDoS/Spike t=0] cpu=30.0, msd=3
⚠️ [DDoS/Spike t=0] cpu=30.0, msd=3
-----------------------------------------
| rollout/                |             |
|    ep_len_mean          | 100         |
|    ep_rew_mean          | -3.61e+03   |
| time/                   |             |
|    fps                  | 183         |
|    iterations           | 173         |
|    time_elapsed         | 1933        |
|    total_timesteps      | 354304      |
| train/                  |             |
|    approx_kl            | 0.007973086 |
|    clip_fraction        | 0.119       |
|    clip_range           | 0.2         |
|    entropy_loss         | -2.67       |
|    explained_variance   | 0           |
|    learning_rate        | 0.0003      |
|    loss                 | 2.77e+05    |
|    n_updates            | 1720        |
|    policy_gradient_loss | -0.00095    |
|    value_loss           | 7.17e+05    |
-----------------------------------------
⚠️ [DDoS/Spike t=0] cpu=30.0, msd=3
⚠️ [DDoS/Spike t=0] cpu=30.0, msd=3
⚠️ [DDoS/Spike t=0] cpu=30.0, msd=3
⚠️ [DDoS/Spike t=0] cpu=30.0, msd=3
⚠️ [DDoS/Spike t=0] cpu=30.0, msd=3
⚠️ [DDoS/Spike t=0] cpu=30.0, msd=3
⚠️ [DDoS/Spike t=0] cpu=30.0, msd=3
⚠️ [DDoS/Spike t=0] cpu=30.0, msd=3
⚠️ [DDoS/Spike t=0] cpu=30.0, msd=3
⚠️ [DDoS/Spike t=0] cpu=30.0, msd=3
⚠️ [DDoS/Spike t=0] cpu=30.0, msd=3
⚠️ [DDoS/Spike t=0] cpu=30.0, msd=3
⚠️ [DDoS/Spike t=0] cpu=30.0, msd=3
⚠️ [DDoS/Spike t=0] cpu=30.0, msd=3
⚠️ [DDoS/Spike t=0] cpu=30.0, msd=3
⚠️ [DDoS/Spike t=0] cpu=30.0, msd=3
⚠️ [DDoS/Spike t=0] cpu=30.0, msd=3
⚠️ [DDoS/Spike t=0] cpu=30.0, msd=3
⚠️ [DDoS/Spike t=0] cpu=30.0, msd=3
⚠️ [DDoS/Spike t=0] cpu=30.0, msd=3
------------------------------------------
| rollout/                |              |
|    ep_len_mean          | 100          |
|    ep_rew_mean          | -3.48e+03    |
| time/                   |              |
|    fps                  | 183          |
|    iterations           | 174          |
|    time_elapsed         | 1943         |
|    total_timesteps      | 356352       |
| train/                  |              |
|    approx_kl            | 0.0041136206 |
|    clip_fraction        | 0.0229       |
|    clip_range           | 0.2          |
|    entropy_loss         | -2.67        |
|    explained_variance   | 0            |
|    learning_rate        | 0.0003       |
|    loss                 | 3.75e+05     |
|    n_updates            | 1730         |
|    policy_gradient_loss | -0.00524     |
|    value_loss           | 7.44e+05     |
------------------------------------------
⚠️ [DDoS/Spike t=0] cpu=30.0, msd=3
⚠️ [DDoS/Spike t=0] cpu=30.0, msd=3
⚠️ [DDoS/Spike t=0] cpu=30.0, msd=3
⚠️ [DDoS/Spike t=0] cpu=30.0, msd=3
⚠️ [DDoS/Spike t=0] cpu=30.0, msd=3
⚠️ [DDoS/Spike t=0] cpu=30.0, msd=3
⚠️ [DDoS/Spike t=0] cpu=30.0, msd=3
⚠️ [DDoS/Spike t=0] cpu=30.0, msd=3
⚠️ [DDoS/Spike t=0] cpu=30.0, msd=3
⚠️ [DDoS/Spike t=0] cpu=30.0, msd=3
⚠️ [DDoS/Spike t=0] cpu=30.0, msd=3
⚠️ [DDoS/Spike t=0] cpu=30.0, msd=3
⚠️ [DDoS/Spike t=0] cpu=30.0, msd=3
⚠️ [DDoS/Spike t=0] cpu=30.0, msd=3
⚠️ [DDoS/Spike t=0] cpu=30.0, msd=3
⚠️ [DDoS/Spike t=0] cpu=30.0, msd=3
⚠️ [DDoS/Spike t=0] cpu=30.0, msd=3
⚠️ [DDoS/Spike t=0] cpu=30.0, msd=3
⚠️ [DDoS/Spike t=0] cpu=30.0, msd=3
⚠️ [DDoS/Spike t=0] cpu=30.0, msd=3
------------------------------------------
| rollout/                |              |
|    ep_len_mean          | 100          |
|    ep_rew_mean          | -3.35e+03    |
| time/                   |              |
|    fps                  | 183          |
|    iterations           | 175          |
|    time_elapsed         | 1956         |
|    total_timesteps      | 358400       |
| train/                  |              |
|    approx_kl            | 0.0048611807 |
|    clip_fraction        | 0.0277       |
|    clip_range           | 0.2          |
|    entropy_loss         | -2.68        |
|    explained_variance   | -1.19e-07    |
|    learning_rate        | 0.0003       |
|    loss                 | 4.13e+05     |
|    n_updates            | 1740         |
|    policy_gradient_loss | -0.00507     |
|    value_loss           | 7.23e+05     |
------------------------------------------
⚠️ [DDoS/Spike t=0] cpu=30.0, msd=3
⚠️ [DDoS/Spike t=0] cpu=30.0, msd=3
⚠️ [DDoS/Spike t=0] cpu=30.0, msd=3
⚠️ [DDoS/Spike t=0] cpu=30.0, msd=3
⚠️ [DDoS/Spike t=0] cpu=30.0, msd=3
⚠️ [DDoS/Spike t=0] cpu=30.0, msd=3
⚠️ [DDoS/Spike t=0] cpu=30.0, msd=3
⚠️ [DDoS/Spike t=0] cpu=30.0, msd=3
⚠️ [DDoS/Spike t=0] cpu=30.0, msd=3
⚠️ [DDoS/Spike t=0] cpu=30.0, msd=3
⚠️ [DDoS/Spike t=0] cpu=30.0, msd=3
⚠️ [DDoS/Spike t=0] cpu=30.0, msd=3
⚠️ [DDoS/Spike t=0] cpu=30.0, msd=3
⚠️ [DDoS/Spike t=0] cpu=30.0, msd=3
⚠️ [DDoS/Spike t=0] cpu=30.0, msd=3
⚠️ [DDoS/Spike t=0] cpu=30.0, msd=3
⚠️ [DDoS/Spike t=0] cpu=30.0, msd=3
⚠️ [DDoS/Spike t=0] cpu=30.0, msd=3
⚠️ [DDoS/Spike t=0] cpu=30.0, msd=3
⚠️ [DDoS/Spike t=0] cpu=30.0, msd=3
⚠️ [DDoS/Spike t=0] cpu=30.0, msd=3
⚠️ [DDoS/Spike t=0] cpu=30.0, msd=3
⚠️ [DDoS/Spike t=0] cpu=30.0, msd=3
⚠️ [DDoS/Spike t=0] cpu=30.0, msd=3
⚠️ [DDoS/Spike t=0] cpu=30.0, msd=3
⚠️ [DDoS/Spike t=0] cpu=30.0, msd=3
⚠️ [DDoS/Spike t=0] cpu=30.0, msd=3
⚠️ [DDoS/Spike t=0] cpu=30.0, msd=3
⚠️ [DDoS/Spike t=0] cpu=30.0, msd=3
⚠️ [DDoS/Spike t=0] cpu=30.0, msd=3
⚠️ [DDoS/Spike t=0] cpu=30.0, msd=3
⚠️ [DDoS/Spike t=0] cpu=30.0, msd=3
⚠️ [DDoS/Spike t=0] cpu=30.0, msd=3
⚠️ [DDoS/Spike t=0] cpu=30.0, msd=3
⚠️ [DDoS/Spike t=0] cpu=30.0, msd=3
⚠️ [DDoS/Spike t=0] cpu=30.0, msd=3
Eval num_timesteps=360000, episode_reward=-1724.20 +/- 623.93
Episode length: 100.00 +/- 0.00
-----------------------------------------
| eval/                   |             |
|    mean_ep_length       | 100         |
|    mean_reward          | -1.72e+03   |
| time/                   |             |
|    total_timesteps      | 360000      |
| train/                  |             |
|    approx_kl            | 0.011626471 |
|    clip_fraction        | 0.224       |
|    clip_range           | 0.2         |
|    entropy_loss         | -2.69       |
|    explained_variance   | 0           |
|    learning_rate        | 0.0003      |
|    loss                 | 3.19e+05    |
|    n_updates            | 1750        |
|    policy_gradient_loss | 0.000959    |
|    value_loss           | 7.42e+05    |
-----------------------------------------
New best mean reward!
⚠️ [DDoS/Spike t=0] cpu=30.0, msd=3
⚠️ [DDoS/Spike t=0] cpu=30.0, msd=3
⚠️ [DDoS/Spike t=0] cpu=30.0, msd=3
⚠️ [DDoS/Spike t=0] cpu=30.0, msd=3
⚠️ [DDoS/Spike t=0] cpu=30.0, msd=3
----------------------------------
| rollout/           |           |
|    ep_len_mean     | 100       |
|    ep_rew_mean     | -3.32e+03 |
| time/              |           |
|    fps             | 183       |
|    iterations      | 176       |
|    time_elapsed    | 1967      |
|    total_timesteps | 360448    |
----------------------------------
⚠️ [DDoS/Spike t=0] cpu=30.0, msd=3
⚠️ [DDoS/Spike t=0] cpu=30.0, msd=3
⚠️ [DDoS/Spike t=0] cpu=30.0, msd=3
⚠️ [DDoS/Spike t=0] cpu=30.0, msd=3
⚠️ [DDoS/Spike t=0] cpu=30.0, msd=3
⚠️ [DDoS/Spike t=0] cpu=30.0, msd=3
⚠️ [DDoS/Spike t=0] cpu=30.0, msd=3
⚠️ [DDoS/Spike t=0] cpu=30.0, msd=3
⚠️ [DDoS/Spike t=0] cpu=30.0, msd=3
⚠️ [DDoS/Spike t=0] cpu=30.0, msd=3
⚠️ [DDoS/Spike t=0] cpu=30.0, msd=3
⚠️ [DDoS/Spike t=0] cpu=30.0, msd=3
⚠️ [DDoS/Spike t=0] cpu=30.0, msd=3
⚠️ [DDoS/Spike t=0] cpu=30.0, msd=3
⚠️ [DDoS/Spike t=0] cpu=30.0, msd=3
⚠️ [DDoS/Spike t=0] cpu=30.0, msd=3
⚠️ [DDoS/Spike t=0] cpu=30.0, msd=3
⚠️ [DDoS/Spike t=0] cpu=30.0, msd=3
⚠️ [DDoS/Spike t=0] cpu=30.0, msd=3
⚠️ [DDoS/Spike t=0] cpu=30.0, msd=3
-----------------------------------------
| rollout/                |             |
|    ep_len_mean          | 100         |
|    ep_rew_mean          | -3.32e+03   |
| time/                   |             |
|    fps                  | 183         |
|    iterations           | 177         |
|    time_elapsed         | 1980        |
|    total_timesteps      | 362496      |
| train/                  |             |
|    approx_kl            | 0.023007236 |
|    clip_fraction        | 0.41        |
|    clip_range           | 0.2         |
|    entropy_loss         | -2.67       |
|    explained_variance   | 0           |
|    learning_rate        | 0.0003      |
|    loss                 | 2.26e+05    |
|    n_updates            | 1760        |
|    policy_gradient_loss | 0.0218      |
|    value_loss           | 7.43e+05    |
-----------------------------------------
⚠️ [DDoS/Spike t=0] cpu=30.0, msd=3
⚠️ [DDoS/Spike t=0] cpu=30.0, msd=3
⚠️ [DDoS/Spike t=0] cpu=30.0, msd=3
⚠️ [DDoS/Spike t=0] cpu=30.0, msd=3
⚠️ [DDoS/Spike t=0] cpu=30.0, msd=3
⚠️ [DDoS/Spike t=0] cpu=30.0, msd=3
⚠️ [DDoS/Spike t=0] cpu=30.0, msd=3
⚠️ [DDoS/Spike t=0] cpu=30.0, msd=3
⚠️ [DDoS/Spike t=0] cpu=30.0, msd=3
⚠️ [DDoS/Spike t=0] cpu=30.0, msd=3
⚠️ [DDoS/Spike t=0] cpu=30.0, msd=3
⚠️ [DDoS/Spike t=0] cpu=30.0, msd=3
⚠️ [DDoS/Spike t=0] cpu=30.0, msd=3
⚠️ [DDoS/Spike t=0] cpu=30.0, msd=3
⚠️ [DDoS/Spike t=0] cpu=30.0, msd=3
⚠️ [DDoS/Spike t=0] cpu=30.0, msd=3
⚠️ [DDoS/Spike t=0] cpu=30.0, msd=3
⚠️ [DDoS/Spike t=0] cpu=30.0, msd=3
⚠️ [DDoS/Spike t=0] cpu=30.0, msd=3
⚠️ [DDoS/Spike t=0] cpu=30.0, msd=3
⚠️ [DDoS/Spike t=0] cpu=30.0, msd=3
-----------------------------------------
| rollout/                |             |
|    ep_len_mean          | 100         |
|    ep_rew_mean          | -3.27e+03   |
| time/                   |             |
|    fps                  | 182         |
|    iterations           | 178         |
|    time_elapsed         | 1992        |
|    total_timesteps      | 364544      |
| train/                  |             |
|    approx_kl            | 0.008937773 |
|    clip_fraction        | 0.17        |
|    clip_range           | 0.2         |
|    entropy_loss         | -2.69       |
|    explained_variance   | 0           |
|    learning_rate        | 0.0003      |
|    loss                 | 2.91e+05    |
|    n_updates            | 1770        |
|    policy_gradient_loss | 0.000648    |
|    value_loss           | 6.84e+05    |
-----------------------------------------
⚠️ [DDoS/Spike t=0] cpu=30.0, msd=3
⚠️ [DDoS/Spike t=0] cpu=30.0, msd=3
⚠️ [DDoS/Spike t=0] cpu=30.0, msd=3
⚠️ [DDoS/Spike t=0] cpu=30.0, msd=3
⚠️ [DDoS/Spike t=0] cpu=30.0, msd=3
⚠️ [DDoS/Spike t=0] cpu=30.0, msd=3
⚠️ [DDoS/Spike t=0] cpu=30.0, msd=3
⚠️ [DDoS/Spike t=0] cpu=30.0, msd=3
⚠️ [DDoS/Spike t=0] cpu=30.0, msd=3
⚠️ [DDoS/Spike t=0] cpu=30.0, msd=3
⚠️ [DDoS/Spike t=0] cpu=30.0, msd=3
⚠️ [DDoS/Spike t=0] cpu=30.0, msd=3
⚠️ [DDoS/Spike t=0] cpu=30.0, msd=3
⚠️ [DDoS/Spike t=0] cpu=30.0, msd=3
⚠️ [DDoS/Spike t=0] cpu=30.0, msd=3
⚠️ [DDoS/Spike t=0] cpu=30.0, msd=3
⚠️ [DDoS/Spike t=0] cpu=30.0, msd=3
⚠️ [DDoS/Spike t=0] cpu=30.0, msd=3
⚠️ [DDoS/Spike t=0] cpu=30.0, msd=3
⚠️ [DDoS/Spike t=0] cpu=30.0, msd=3
-----------------------------------------
| rollout/                |             |
|    ep_len_mean          | 100         |
|    ep_rew_mean          | -3.28e+03   |
| time/                   |             |
|    fps                  | 182         |
|    iterations           | 179         |
|    time_elapsed         | 2006        |
|    total_timesteps      | 366592      |
| train/                  |             |
|    approx_kl            | 0.022523895 |
|    clip_fraction        | 0.108       |
|    clip_range           | 0.2         |
|    entropy_loss         | -2.67       |
|    explained_variance   | 0           |
|    learning_rate        | 0.0003      |
|    loss                 | 2.33e+05    |
|    n_updates            | 1780        |
|    policy_gradient_loss | -0.00224    |
|    value_loss           | 6.84e+05    |
-----------------------------------------
⚠️ [DDoS/Spike t=0] cpu=30.0, msd=3
⚠️ [DDoS/Spike t=0] cpu=30.0, msd=3
⚠️ [DDoS/Spike t=0] cpu=30.0, msd=3
⚠️ [DDoS/Spike t=0] cpu=30.0, msd=3
⚠️ [DDoS/Spike t=0] cpu=30.0, msd=3
⚠️ [DDoS/Spike t=0] cpu=30.0, msd=3
⚠️ [DDoS/Spike t=0] cpu=30.0, msd=3
⚠️ [DDoS/Spike t=0] cpu=30.0, msd=3
⚠️ [DDoS/Spike t=0] cpu=30.0, msd=3
⚠️ [DDoS/Spike t=0] cpu=30.0, msd=3
⚠️ [DDoS/Spike t=0] cpu=30.0, msd=3
⚠️ [DDoS/Spike t=0] cpu=30.0, msd=3
⚠️ [DDoS/Spike t=0] cpu=30.0, msd=3
⚠️ [DDoS/Spike t=0] cpu=30.0, msd=3
⚠️ [DDoS/Spike t=0] cpu=30.0, msd=3
⚠️ [DDoS/Spike t=0] cpu=30.0, msd=3
⚠️ [DDoS/Spike t=0] cpu=30.0, msd=3
⚠️ [DDoS/Spike t=0] cpu=30.0, msd=3
⚠️ [DDoS/Spike t=0] cpu=30.0, msd=3
⚠️ [DDoS/Spike t=0] cpu=30.0, msd=3
⚠️ [DDoS/Spike t=0] cpu=30.0, msd=3
-----------------------------------------
| rollout/                |             |
|    ep_len_mean          | 100         |
|    ep_rew_mean          | -3.19e+03   |
| time/                   |             |
|    fps                  | 182         |
|    iterations           | 180         |
|    time_elapsed         | 2019        |
|    total_timesteps      | 368640      |
| train/                  |             |
|    approx_kl            | 0.012837551 |
|    clip_fraction        | 0.193       |
|    clip_range           | 0.2         |
|    entropy_loss         | -2.62       |
|    explained_variance   | -2.38e-07   |
|    learning_rate        | 0.0003      |
|    loss                 | 3.44e+05    |
|    n_updates            | 1790        |
|    policy_gradient_loss | 0.00153     |
|    value_loss           | 6.71e+05    |
-----------------------------------------
⚠️ [DDoS/Spike t=0] cpu=30.0, msd=3
⚠️ [DDoS/Spike t=0] cpu=30.0, msd=3
⚠️ [DDoS/Spike t=0] cpu=30.0, msd=3
⚠️ [DDoS/Spike t=0] cpu=30.0, msd=3
⚠️ [DDoS/Spike t=0] cpu=30.0, msd=3
⚠️ [DDoS/Spike t=0] cpu=30.0, msd=3
⚠️ [DDoS/Spike t=0] cpu=30.0, msd=3
⚠️ [DDoS/Spike t=0] cpu=30.0, msd=3
⚠️ [DDoS/Spike t=0] cpu=30.0, msd=3
⚠️ [DDoS/Spike t=0] cpu=30.0, msd=3
⚠️ [DDoS/Spike t=0] cpu=30.0, msd=3
⚠️ [DDoS/Spike t=0] cpu=30.0, msd=3
⚠️ [DDoS/Spike t=0] cpu=30.0, msd=3
⚠️ [DDoS/Spike t=0] cpu=30.0, msd=3
⚠️ [DDoS/Spike t=0] cpu=30.0, msd=3
⚠️ [DDoS/Spike t=0] cpu=30.0, msd=3
⚠️ [DDoS/Spike t=0] cpu=30.0, msd=3
⚠️ [DDoS/Spike t=0] cpu=30.0, msd=3
⚠️ [DDoS/Spike t=0] cpu=30.0, msd=3
⚠️ [DDoS/Spike t=0] cpu=30.0, msd=3
⚠️ [DDoS/Spike t=0] cpu=30.0, msd=3
⚠️ [DDoS/Spike t=0] cpu=30.0, msd=3
⚠️ [DDoS/Spike t=0] cpu=30.0, msd=3
⚠️ [DDoS/Spike t=0] cpu=30.0, msd=3
⚠️ [DDoS/Spike t=0] cpu=30.0, msd=3
⚠️ [DDoS/Spike t=0] cpu=30.0, msd=3
⚠️ [DDoS/Spike t=0] cpu=30.0, msd=3
⚠️ [DDoS/Spike t=0] cpu=30.0, msd=3
⚠️ [DDoS/Spike t=0] cpu=30.0, msd=3
⚠️ [DDoS/Spike t=0] cpu=30.0, msd=3
⚠️ [DDoS/Spike t=0] cpu=30.0, msd=3
⚠️ [DDoS/Spike t=0] cpu=30.0, msd=3
⚠️ [DDoS/Spike t=0] cpu=30.0, msd=3
Eval num_timesteps=370000, episode_reward=-2040.18 +/- 649.44
Episode length: 100.00 +/- 0.00
-----------------------------------------
| eval/                   |             |
|    mean_ep_length       | 100         |
|    mean_reward          | -2.04e+03   |
| time/                   |             |
|    total_timesteps      | 370000      |
| train/                  |             |
|    approx_kl            | 0.010132487 |
|    clip_fraction        | 0.15        |
|    clip_range           | 0.2         |
|    entropy_loss         | -2.65       |
|    explained_variance   | 1.79e-07    |
|    learning_rate        | 0.0003      |
|    loss                 | 3.09e+05    |
|    n_updates            | 1800        |
|    policy_gradient_loss | -0.00108    |
|    value_loss           | 7.09e+05    |
-----------------------------------------
⚠️ [DDoS/Spike t=0] cpu=30.0, msd=3
⚠️ [DDoS/Spike t=0] cpu=30.0, msd=3
⚠️ [DDoS/Spike t=0] cpu=30.0, msd=3
⚠️ [DDoS/Spike t=0] cpu=30.0, msd=3
⚠️ [DDoS/Spike t=0] cpu=30.0, msd=3
⚠️ [DDoS/Spike t=0] cpu=30.0, msd=3
⚠️ [DDoS/Spike t=0] cpu=30.0, msd=3
----------------------------------
| rollout/           |           |
|    ep_len_mean     | 100       |
|    ep_rew_mean     | -3.17e+03 |
| time/              |           |
|    fps             | 182       |
|    iterations      | 181       |
|    time_elapsed    | 2031      |
|    total_timesteps | 370688    |
----------------------------------
⚠️ [DDoS/Spike t=0] cpu=30.0, msd=3
⚠️ [DDoS/Spike t=0] cpu=30.0, msd=3
⚠️ [DDoS/Spike t=0] cpu=30.0, msd=3
⚠️ [DDoS/Spike t=0] cpu=30.0, msd=3
⚠️ [DDoS/Spike t=0] cpu=30.0, msd=3
⚠️ [DDoS/Spike t=0] cpu=30.0, msd=3
⚠️ [DDoS/Spike t=0] cpu=30.0, msd=3
⚠️ [DDoS/Spike t=0] cpu=30.0, msd=3
⚠️ [DDoS/Spike t=0] cpu=30.0, msd=3
⚠️ [DDoS/Spike t=0] cpu=30.0, msd=3
⚠️ [DDoS/Spike t=0] cpu=30.0, msd=3
⚠️ [DDoS/Spike t=0] cpu=30.0, msd=3
⚠️ [DDoS/Spike t=0] cpu=30.0, msd=3
⚠️ [DDoS/Spike t=0] cpu=30.0, msd=3
⚠️ [DDoS/Spike t=0] cpu=30.0, msd=3
⚠️ [DDoS/Spike t=0] cpu=30.0, msd=3
⚠️ [DDoS/Spike t=0] cpu=30.0, msd=3
⚠️ [DDoS/Spike t=0] cpu=30.0, msd=3
⚠️ [DDoS/Spike t=0] cpu=30.0, msd=3
⚠️ [DDoS/Spike t=0] cpu=30.0, msd=3
⚠️ [DDoS/Spike t=0] cpu=30.0, msd=3
-----------------------------------------
| rollout/                |             |
|    ep_len_mean          | 100         |
|    ep_rew_mean          | -3.11e+03   |
| time/                   |             |
|    fps                  | 182         |
|    iterations           | 182         |
|    time_elapsed         | 2039        |
|    total_timesteps      | 372736      |
| train/                  |             |
|    approx_kl            | 0.010730313 |
|    clip_fraction        | 0.254       |
|    clip_range           | 0.2         |
|    entropy_loss         | -2.66       |
|    explained_variance   | 0           |
|    learning_rate        | 0.0003      |
|    loss                 | 2.91e+05    |
|    n_updates            | 1810        |
|    policy_gradient_loss | 0.0036      |
|    value_loss           | 6.56e+05    |
-----------------------------------------
⚠️ [DDoS/Spike t=0] cpu=30.0, msd=3
⚠️ [DDoS/Spike t=0] cpu=30.0, msd=3
⚠️ [DDoS/Spike t=0] cpu=30.0, msd=3
⚠️ [DDoS/Spike t=0] cpu=30.0, msd=3
⚠️ [DDoS/Spike t=0] cpu=30.0, msd=3
⚠️ [DDoS/Spike t=0] cpu=30.0, msd=3
⚠️ [DDoS/Spike t=0] cpu=30.0, msd=3
⚠️ [DDoS/Spike t=0] cpu=30.0, msd=3
⚠️ [DDoS/Spike t=0] cpu=30.0, msd=3
⚠️ [DDoS/Spike t=0] cpu=30.0, msd=3
⚠️ [DDoS/Spike t=0] cpu=30.0, msd=3
⚠️ [DDoS/Spike t=0] cpu=30.0, msd=3
⚠️ [DDoS/Spike t=0] cpu=30.0, msd=3
⚠️ [DDoS/Spike t=0] cpu=30.0, msd=3
⚠️ [DDoS/Spike t=0] cpu=30.0, msd=3
⚠️ [DDoS/Spike t=0] cpu=30.0, msd=3
⚠️ [DDoS/Spike t=0] cpu=30.0, msd=3
⚠️ [DDoS/Spike t=0] cpu=30.0, msd=3
⚠️ [DDoS/Spike t=0] cpu=30.0, msd=3
⚠️ [DDoS/Spike t=0] cpu=30.0, msd=3
-----------------------------------------
| rollout/                |             |
|    ep_len_mean          | 100         |
|    ep_rew_mean          | -3.05e+03   |
| time/                   |             |
|    fps                  | 182         |
|    iterations           | 183         |
|    time_elapsed         | 2048        |
|    total_timesteps      | 374784      |
| train/                  |             |
|    approx_kl            | 0.014706966 |
|    clip_fraction        | 0.112       |
|    clip_range           | 0.2         |
|    entropy_loss         | -2.63       |
|    explained_variance   | 0           |
|    learning_rate        | 0.0003      |
|    loss                 | 2.83e+05    |
|    n_updates            | 1820        |
|    policy_gradient_loss | -0.00434    |
|    value_loss           | 7.08e+05    |
-----------------------------------------
⚠️ [DDoS/Spike t=0] cpu=30.0, msd=3
⚠️ [DDoS/Spike t=0] cpu=30.0, msd=3
⚠️ [DDoS/Spike t=0] cpu=30.0, msd=3
⚠️ [DDoS/Spike t=0] cpu=30.0, msd=3
⚠️ [DDoS/Spike t=0] cpu=30.0, msd=3
⚠️ [DDoS/Spike t=0] cpu=30.0, msd=3
⚠️ [DDoS/Spike t=0] cpu=30.0, msd=3
⚠️ [DDoS/Spike t=0] cpu=30.0, msd=3
⚠️ [DDoS/Spike t=0] cpu=30.0, msd=3
⚠️ [DDoS/Spike t=0] cpu=30.0, msd=3
⚠️ [DDoS/Spike t=0] cpu=30.0, msd=3
⚠️ [DDoS/Spike t=0] cpu=30.0, msd=3
⚠️ [DDoS/Spike t=0] cpu=30.0, msd=3
⚠️ [DDoS/Spike t=0] cpu=30.0, msd=3
⚠️ [DDoS/Spike t=0] cpu=30.0, msd=3
⚠️ [DDoS/Spike t=0] cpu=30.0, msd=3
⚠️ [DDoS/Spike t=0] cpu=30.0, msd=3
⚠️ [DDoS/Spike t=0] cpu=30.0, msd=3
⚠️ [DDoS/Spike t=0] cpu=30.0, msd=3
⚠️ [DDoS/Spike t=0] cpu=30.0, msd=3
⚠️ [DDoS/Spike t=0] cpu=30.0, msd=3
------------------------------------------
| rollout/                |              |
|    ep_len_mean          | 100          |
|    ep_rew_mean          | -3.04e+03    |
| time/                   |              |
|    fps                  | 183          |
|    iterations           | 184          |
|    time_elapsed         | 2054         |
|    total_timesteps      | 376832       |
| train/                  |              |
|    approx_kl            | 0.0077911783 |
|    clip_fraction        | 0.0769       |
|    clip_range           | 0.2          |
|    entropy_loss         | -2.62        |
|    explained_variance   | 0            |
|    learning_rate        | 0.0003       |
|    loss                 | 3.58e+05     |
|    n_updates            | 1830         |
|    policy_gradient_loss | -0.00288     |
|    value_loss           | 6.58e+05     |
------------------------------------------
⚠️ [DDoS/Spike t=0] cpu=30.0, msd=3
⚠️ [DDoS/Spike t=0] cpu=30.0, msd=3
⚠️ [DDoS/Spike t=0] cpu=30.0, msd=3
⚠️ [DDoS/Spike t=0] cpu=30.0, msd=3
⚠️ [DDoS/Spike t=0] cpu=30.0, msd=3
⚠️ [DDoS/Spike t=0] cpu=30.0, msd=3
⚠️ [DDoS/Spike t=0] cpu=30.0, msd=3
⚠️ [DDoS/Spike t=0] cpu=30.0, msd=3
⚠️ [DDoS/Spike t=0] cpu=30.0, msd=3
⚠️ [DDoS/Spike t=0] cpu=30.0, msd=3
⚠️ [DDoS/Spike t=0] cpu=30.0, msd=3
⚠️ [DDoS/Spike t=0] cpu=30.0, msd=3
⚠️ [DDoS/Spike t=0] cpu=30.0, msd=3
⚠️ [DDoS/Spike t=0] cpu=30.0, msd=3
⚠️ [DDoS/Spike t=0] cpu=30.0, msd=3
⚠️ [DDoS/Spike t=0] cpu=30.0, msd=3
⚠️ [DDoS/Spike t=0] cpu=30.0, msd=3
⚠️ [DDoS/Spike t=0] cpu=30.0, msd=3
⚠️ [DDoS/Spike t=0] cpu=30.0, msd=3
⚠️ [DDoS/Spike t=0] cpu=30.0, msd=3
-----------------------------------------
| rollout/                |             |
|    ep_len_mean          | 100         |
|    ep_rew_mean          | -3.05e+03   |
| time/                   |             |
|    fps                  | 183         |
|    iterations           | 185         |
|    time_elapsed         | 2066        |
|    total_timesteps      | 378880      |
| train/                  |             |
|    approx_kl            | 0.012693218 |
|    clip_fraction        | 0.152       |
|    clip_range           | 0.2         |
|    entropy_loss         | -2.61       |
|    explained_variance   | 0           |
|    learning_rate        | 0.0003      |
|    loss                 | 3.77e+05    |
|    n_updates            | 1840        |
|    policy_gradient_loss | -0.00109    |
|    value_loss           | 6.73e+05    |
-----------------------------------------
⚠️ [DDoS/Spike t=0] cpu=30.0, msd=3
⚠️ [DDoS/Spike t=0] cpu=30.0, msd=3
⚠️ [DDoS/Spike t=0] cpu=30.0, msd=3
⚠️ [DDoS/Spike t=0] cpu=30.0, msd=3
⚠️ [DDoS/Spike t=0] cpu=30.0, msd=3
⚠️ [DDoS/Spike t=0] cpu=30.0, msd=3
⚠️ [DDoS/Spike t=0] cpu=30.0, msd=3
⚠️ [DDoS/Spike t=0] cpu=30.0, msd=3
⚠️ [DDoS/Spike t=0] cpu=30.0, msd=3
⚠️ [DDoS/Spike t=0] cpu=30.0, msd=3
⚠️ [DDoS/Spike t=0] cpu=30.0, msd=3
⚠️ [DDoS/Spike t=0] cpu=30.0, msd=3
⚠️ [DDoS/Spike t=0] cpu=30.0, msd=3
⚠️ [DDoS/Spike t=0] cpu=30.0, msd=3
⚠️ [DDoS/Spike t=0] cpu=30.0, msd=3
⚠️ [DDoS/Spike t=0] cpu=30.0, msd=3
⚠️ [DDoS/Spike t=0] cpu=30.0, msd=3
⚠️ [DDoS/Spike t=0] cpu=30.0, msd=3
⚠️ [DDoS/Spike t=0] cpu=30.0, msd=3
⚠️ [DDoS/Spike t=0] cpu=30.0, msd=3
⚠️ [DDoS/Spike t=0] cpu=30.0, msd=3
⚠️ [DDoS/Spike t=0] cpu=30.0, msd=3
⚠️ [DDoS/Spike t=0] cpu=30.0, msd=3
⚠️ [DDoS/Spike t=0] cpu=30.0, msd=3
⚠️ [DDoS/Spike t=0] cpu=30.0, msd=3
⚠️ [DDoS/Spike t=0] cpu=30.0, msd=3
⚠️ [DDoS/Spike t=0] cpu=30.0, msd=3
⚠️ [DDoS/Spike t=0] cpu=30.0, msd=3
⚠️ [DDoS/Spike t=0] cpu=30.0, msd=3
⚠️ [DDoS/Spike t=0] cpu=30.0, msd=3
⚠️ [DDoS/Spike t=0] cpu=30.0, msd=3
Eval num_timesteps=380000, episode_reward=-1850.15 +/- 761.82
Episode length: 100.00 +/- 0.00
-----------------------------------------
| eval/                   |             |
|    mean_ep_length       | 100         |
|    mean_reward          | -1.85e+03   |
| time/                   |             |
|    total_timesteps      | 380000      |
| train/                  |             |
|    approx_kl            | 0.011362569 |
|    clip_fraction        | 0.25        |
|    clip_range           | 0.2         |
|    entropy_loss         | -2.62       |
|    explained_variance   | 0           |
|    learning_rate        | 0.0003      |
|    loss                 | 2.11e+05    |
|    n_updates            | 1850        |
|    policy_gradient_loss | 0.00757     |
|    value_loss           | 6.49e+05    |
-----------------------------------------
⚠️ [DDoS/Spike t=0] cpu=30.0, msd=3
⚠️ [DDoS/Spike t=0] cpu=30.0, msd=3
⚠️ [DDoS/Spike t=0] cpu=30.0, msd=3
⚠️ [DDoS/Spike t=0] cpu=30.0, msd=3
⚠️ [DDoS/Spike t=0] cpu=30.0, msd=3
⚠️ [DDoS/Spike t=0] cpu=30.0, msd=3
⚠️ [DDoS/Spike t=0] cpu=30.0, msd=3
⚠️ [DDoS/Spike t=0] cpu=30.0, msd=3
⚠️ [DDoS/Spike t=0] cpu=30.0, msd=3
⚠️ [DDoS/Spike t=0] cpu=30.0, msd=3
----------------------------------
| rollout/           |           |
|    ep_len_mean     | 100       |
|    ep_rew_mean     | -2.99e+03 |
| time/              |           |
|    fps             | 183       |
|    iterations      | 186       |
|    time_elapsed    | 2080      |
|    total_timesteps | 380928    |
----------------------------------
⚠️ [DDoS/Spike t=0] cpu=30.0, msd=3
⚠️ [DDoS/Spike t=0] cpu=30.0, msd=3
⚠️ [DDoS/Spike t=0] cpu=30.0, msd=3
⚠️ [DDoS/Spike t=0] cpu=30.0, msd=3
⚠️ [DDoS/Spike t=0] cpu=30.0, msd=3
⚠️ [DDoS/Spike t=0] cpu=30.0, msd=3
⚠️ [DDoS/Spike t=0] cpu=30.0, msd=3
⚠️ [DDoS/Spike t=0] cpu=30.0, msd=3
⚠️ [DDoS/Spike t=0] cpu=30.0, msd=3
⚠️ [DDoS/Spike t=0] cpu=30.0, msd=3
⚠️ [DDoS/Spike t=0] cpu=30.0, msd=3
⚠️ [DDoS/Spike t=0] cpu=30.0, msd=3
⚠️ [DDoS/Spike t=0] cpu=30.0, msd=3
⚠️ [DDoS/Spike t=0] cpu=30.0, msd=3
⚠️ [DDoS/Spike t=0] cpu=30.0, msd=3
⚠️ [DDoS/Spike t=0] cpu=30.0, msd=3
⚠️ [DDoS/Spike t=0] cpu=30.0, msd=3
⚠️ [DDoS/Spike t=0] cpu=30.0, msd=3
⚠️ [DDoS/Spike t=0] cpu=30.0, msd=3
⚠️ [DDoS/Spike t=0] cpu=30.0, msd=3
----------------------------------------
| rollout/                |            |
|    ep_len_mean          | 100        |
|    ep_rew_mean          | -3.01e+03  |
| time/                   |            |
|    fps                  | 182        |
|    iterations           | 187        |
|    time_elapsed         | 2093       |
|    total_timesteps      | 382976     |
| train/                  |            |
|    approx_kl            | 0.09083842 |
|    clip_fraction        | 0.0836     |
|    clip_range           | 0.2        |
|    entropy_loss         | -2.63      |
|    explained_variance   | 0          |
|    learning_rate        | 0.0003     |
|    loss                 | 2.88e+05   |
|    n_updates            | 1860       |
|    policy_gradient_loss | 0.000872   |
|    value_loss           | 6.53e+05   |
----------------------------------------
⚠️ [DDoS/Spike t=0] cpu=30.0, msd=3
⚠️ [DDoS/Spike t=0] cpu=30.0, msd=3
⚠️ [DDoS/Spike t=0] cpu=30.0, msd=3
⚠️ [DDoS/Spike t=0] cpu=30.0, msd=3
⚠️ [DDoS/Spike t=0] cpu=30.0, msd=3
⚠️ [DDoS/Spike t=0] cpu=30.0, msd=3
⚠️ [DDoS/Spike t=0] cpu=30.0, msd=3
⚠️ [DDoS/Spike t=0] cpu=30.0, msd=3
⚠️ [DDoS/Spike t=0] cpu=30.0, msd=3
⚠️ [DDoS/Spike t=0] cpu=30.0, msd=3
⚠️ [DDoS/Spike t=0] cpu=30.0, msd=3
⚠️ [DDoS/Spike t=0] cpu=30.0, msd=3
⚠️ [DDoS/Spike t=0] cpu=30.0, msd=3
⚠️ [DDoS/Spike t=0] cpu=30.0, msd=3
⚠️ [DDoS/Spike t=0] cpu=30.0, msd=3
⚠️ [DDoS/Spike t=0] cpu=30.0, msd=3
⚠️ [DDoS/Spike t=0] cpu=30.0, msd=3
⚠️ [DDoS/Spike t=0] cpu=30.0, msd=3
⚠️ [DDoS/Spike t=0] cpu=30.0, msd=3
⚠️ [DDoS/Spike t=0] cpu=30.0, msd=3
⚠️ [DDoS/Spike t=0] cpu=30.0, msd=3
-----------------------------------------
| rollout/                |             |
|    ep_len_mean          | 100         |
|    ep_rew_mean          | -2.98e+03   |
| time/                   |             |
|    fps                  | 182         |
|    iterations           | 188         |
|    time_elapsed         | 2105        |
|    total_timesteps      | 385024      |
| train/                  |             |
|    approx_kl            | 0.014430811 |
|    clip_fraction        | 0.202       |
|    clip_range           | 0.2         |
|    entropy_loss         | -2.5        |
|    explained_variance   | 0           |
|    learning_rate        | 0.0003      |
|    loss                 | 3.21e+05    |
|    n_updates            | 1870        |
|    policy_gradient_loss | -0.00196    |
|    value_loss           | 6.36e+05    |
-----------------------------------------
⚠️ [DDoS/Spike t=0] cpu=30.0, msd=3
⚠️ [DDoS/Spike t=0] cpu=30.0, msd=3
⚠️ [DDoS/Spike t=0] cpu=30.0, msd=3
⚠️ [DDoS/Spike t=0] cpu=30.0, msd=3
⚠️ [DDoS/Spike t=0] cpu=30.0, msd=3
⚠️ [DDoS/Spike t=0] cpu=30.0, msd=3
⚠️ [DDoS/Spike t=0] cpu=30.0, msd=3
⚠️ [DDoS/Spike t=0] cpu=30.0, msd=3
⚠️ [DDoS/Spike t=0] cpu=30.0, msd=3
⚠️ [DDoS/Spike t=0] cpu=30.0, msd=3
⚠️ [DDoS/Spike t=0] cpu=30.0, msd=3
⚠️ [DDoS/Spike t=0] cpu=30.0, msd=3
⚠️ [DDoS/Spike t=0] cpu=30.0, msd=3
⚠️ [DDoS/Spike t=0] cpu=30.0, msd=3
⚠️ [DDoS/Spike t=0] cpu=30.0, msd=3
⚠️ [DDoS/Spike t=0] cpu=30.0, msd=3
⚠️ [DDoS/Spike t=0] cpu=30.0, msd=3
⚠️ [DDoS/Spike t=0] cpu=30.0, msd=3
⚠️ [DDoS/Spike t=0] cpu=30.0, msd=3
⚠️ [DDoS/Spike t=0] cpu=30.0, msd=3
----------------------------------------
| rollout/                |            |
|    ep_len_mean          | 100        |
|    ep_rew_mean          | -2.98e+03  |
| time/                   |            |
|    fps                  | 182        |
|    iterations           | 189        |
|    time_elapsed         | 2119       |
|    total_timesteps      | 387072     |
| train/                  |            |
|    approx_kl            | 0.13124558 |
|    clip_fraction        | 0.519      |
|    clip_range           | 0.2        |
|    entropy_loss         | -2.53      |
|    explained_variance   | 0          |
|    learning_rate        | 0.0003     |
|    loss                 | 3.58e+05   |
|    n_updates            | 1880       |
|    policy_gradient_loss | 0.065      |
|    value_loss           | 6.71e+05   |
----------------------------------------
⚠️ [DDoS/Spike t=0] cpu=30.0, msd=3
⚠️ [DDoS/Spike t=0] cpu=30.0, msd=3
⚠️ [DDoS/Spike t=0] cpu=30.0, msd=3
⚠️ [DDoS/Spike t=0] cpu=30.0, msd=3
⚠️ [DDoS/Spike t=0] cpu=30.0, msd=3
⚠️ [DDoS/Spike t=0] cpu=30.0, msd=3
⚠️ [DDoS/Spike t=0] cpu=30.0, msd=3
⚠️ [DDoS/Spike t=0] cpu=30.0, msd=3
⚠️ [DDoS/Spike t=0] cpu=30.0, msd=3
⚠️ [DDoS/Spike t=0] cpu=30.0, msd=3
⚠️ [DDoS/Spike t=0] cpu=30.0, msd=3
⚠️ [DDoS/Spike t=0] cpu=30.0, msd=3
⚠️ [DDoS/Spike t=0] cpu=30.0, msd=3
⚠️ [DDoS/Spike t=0] cpu=30.0, msd=3
⚠️ [DDoS/Spike t=0] cpu=30.0, msd=3
⚠️ [DDoS/Spike t=0] cpu=30.0, msd=3
⚠️ [DDoS/Spike t=0] cpu=30.0, msd=3
⚠️ [DDoS/Spike t=0] cpu=30.0, msd=3
⚠️ [DDoS/Spike t=0] cpu=30.0, msd=3
⚠️ [DDoS/Spike t=0] cpu=30.0, msd=3
⚠️ [DDoS/Spike t=0] cpu=30.0, msd=3
----------------------------------------
| rollout/                |            |
|    ep_len_mean          | 100        |
|    ep_rew_mean          | -2.97e+03  |
| time/                   |            |
|    fps                  | 182        |
|    iterations           | 190        |
|    time_elapsed         | 2133       |
|    total_timesteps      | 389120     |
| train/                  |            |
|    approx_kl            | 0.06638438 |
|    clip_fraction        | 0.387      |
|    clip_range           | 0.2        |
|    entropy_loss         | -2.55      |
|    explained_variance   | 0          |
|    learning_rate        | 0.0003     |
|    loss                 | 2.97e+05   |
|    n_updates            | 1890       |
|    policy_gradient_loss | 0.0328     |
|    value_loss           | 6.72e+05   |
----------------------------------------
⚠️ [DDoS/Spike t=0] cpu=30.0, msd=3
⚠️ [DDoS/Spike t=0] cpu=30.0, msd=3
⚠️ [DDoS/Spike t=0] cpu=30.0, msd=3
⚠️ [DDoS/Spike t=0] cpu=30.0, msd=3
⚠️ [DDoS/Spike t=0] cpu=30.0, msd=3
⚠️ [DDoS/Spike t=0] cpu=30.0, msd=3
⚠️ [DDoS/Spike t=0] cpu=30.0, msd=3
⚠️ [DDoS/Spike t=0] cpu=30.0, msd=3
⚠️ [DDoS/Spike t=0] cpu=30.0, msd=3
⚠️ [DDoS/Spike t=0] cpu=30.0, msd=3
⚠️ [DDoS/Spike t=0] cpu=30.0, msd=3
⚠️ [DDoS/Spike t=0] cpu=30.0, msd=3
⚠️ [DDoS/Spike t=0] cpu=30.0, msd=3
⚠️ [DDoS/Spike t=0] cpu=30.0, msd=3
⚠️ [DDoS/Spike t=0] cpu=30.0, msd=3
⚠️ [DDoS/Spike t=0] cpu=30.0, msd=3
⚠️ [DDoS/Spike t=0] cpu=30.0, msd=3
⚠️ [DDoS/Spike t=0] cpu=30.0, msd=3
⚠️ [DDoS/Spike t=0] cpu=30.0, msd=3
⚠️ [DDoS/Spike t=0] cpu=30.0, msd=3
⚠️ [DDoS/Spike t=0] cpu=30.0, msd=3
⚠️ [DDoS/Spike t=0] cpu=30.0, msd=3
⚠️ [DDoS/Spike t=0] cpu=30.0, msd=3
⚠️ [DDoS/Spike t=0] cpu=30.0, msd=3
⚠️ [DDoS/Spike t=0] cpu=30.0, msd=3
⚠️ [DDoS/Spike t=0] cpu=30.0, msd=3
⚠️ [DDoS/Spike t=0] cpu=30.0, msd=3
⚠️ [DDoS/Spike t=0] cpu=30.0, msd=3
Eval num_timesteps=390000, episode_reward=-1747.36 +/- 622.55
Episode length: 100.00 +/- 0.00
------------------------------------------
| eval/                   |              |
|    mean_ep_length       | 100          |
|    mean_reward          | -1.75e+03    |
| time/                   |              |
|    total_timesteps      | 390000       |
| train/                  |              |
|    approx_kl            | 0.0041900887 |
|    clip_fraction        | 0.0189       |
|    clip_range           | 0.2          |
|    entropy_loss         | -2.57        |
|    explained_variance   | 0            |
|    learning_rate        | 0.0003       |
|    loss                 | 3.28e+05     |
|    n_updates            | 1900         |
|    policy_gradient_loss | -0.00417     |
|    value_loss           | 6.5e+05      |
------------------------------------------
⚠️ [DDoS/Spike t=0] cpu=30.0, msd=3
⚠️ [DDoS/Spike t=0] cpu=30.0, msd=3
⚠️ [DDoS/Spike t=0] cpu=30.0, msd=3
⚠️ [DDoS/Spike t=0] cpu=30.0, msd=3
⚠️ [DDoS/Spike t=0] cpu=30.0, msd=3
⚠️ [DDoS/Spike t=0] cpu=30.0, msd=3
⚠️ [DDoS/Spike t=0] cpu=30.0, msd=3
⚠️ [DDoS/Spike t=0] cpu=30.0, msd=3
⚠️ [DDoS/Spike t=0] cpu=30.0, msd=3
⚠️ [DDoS/Spike t=0] cpu=30.0, msd=3
⚠️ [DDoS/Spike t=0] cpu=30.0, msd=3
⚠️ [DDoS/Spike t=0] cpu=30.0, msd=3
----------------------------------
| rollout/           |           |
|    ep_len_mean     | 100       |
|    ep_rew_mean     | -3.03e+03 |
| time/              |           |
|    fps             | 182       |
|    iterations      | 191       |
|    time_elapsed    | 2146      |
|    total_timesteps | 391168    |
----------------------------------
⚠️ [DDoS/Spike t=0] cpu=30.0, msd=3
⚠️ [DDoS/Spike t=0] cpu=30.0, msd=3
⚠️ [DDoS/Spike t=0] cpu=30.0, msd=3
⚠️ [DDoS/Spike t=0] cpu=30.0, msd=3
⚠️ [DDoS/Spike t=0] cpu=30.0, msd=3
⚠️ [DDoS/Spike t=0] cpu=30.0, msd=3
⚠️ [DDoS/Spike t=0] cpu=30.0, msd=3
⚠️ [DDoS/Spike t=0] cpu=30.0, msd=3
⚠️ [DDoS/Spike t=0] cpu=30.0, msd=3
⚠️ [DDoS/Spike t=0] cpu=30.0, msd=3
⚠️ [DDoS/Spike t=0] cpu=30.0, msd=3
⚠️ [DDoS/Spike t=0] cpu=30.0, msd=3
⚠️ [DDoS/Spike t=0] cpu=30.0, msd=3
⚠️ [DDoS/Spike t=0] cpu=30.0, msd=3
⚠️ [DDoS/Spike t=0] cpu=30.0, msd=3
⚠️ [DDoS/Spike t=0] cpu=30.0, msd=3
⚠️ [DDoS/Spike t=0] cpu=30.0, msd=3
⚠️ [DDoS/Spike t=0] cpu=30.0, msd=3
⚠️ [DDoS/Spike t=0] cpu=30.0, msd=3
⚠️ [DDoS/Spike t=0] cpu=30.0, msd=3
⚠️ [DDoS/Spike t=0] cpu=30.0, msd=3
-----------------------------------------
| rollout/                |             |
|    ep_len_mean          | 100         |
|    ep_rew_mean          | -3.11e+03   |
| time/                   |             |
|    fps                  | 182         |
|    iterations           | 192         |
|    time_elapsed         | 2155        |
|    total_timesteps      | 393216      |
| train/                  |             |
|    approx_kl            | 0.006723749 |
|    clip_fraction        | 0.0898      |
|    clip_range           | 0.2         |
|    entropy_loss         | -2.57       |
|    explained_variance   | 0           |
|    learning_rate        | 0.0003      |
|    loss                 | 3.42e+05    |
|    n_updates            | 1910        |
|    policy_gradient_loss | -0.00657    |
|    value_loss           | 7.54e+05    |
-----------------------------------------
⚠️ [DDoS/Spike t=0] cpu=30.0, msd=3
⚠️ [DDoS/Spike t=0] cpu=30.0, msd=3
⚠️ [DDoS/Spike t=0] cpu=30.0, msd=3
⚠️ [DDoS/Spike t=0] cpu=30.0, msd=3
⚠️ [DDoS/Spike t=0] cpu=30.0, msd=3
⚠️ [DDoS/Spike t=0] cpu=30.0, msd=3
⚠️ [DDoS/Spike t=0] cpu=30.0, msd=3
⚠️ [DDoS/Spike t=0] cpu=30.0, msd=3
⚠️ [DDoS/Spike t=0] cpu=30.0, msd=3
⚠️ [DDoS/Spike t=0] cpu=30.0, msd=3
⚠️ [DDoS/Spike t=0] cpu=30.0, msd=3
⚠️ [DDoS/Spike t=0] cpu=30.0, msd=3
⚠️ [DDoS/Spike t=0] cpu=30.0, msd=3
⚠️ [DDoS/Spike t=0] cpu=30.0, msd=3
⚠️ [DDoS/Spike t=0] cpu=30.0, msd=3
⚠️ [DDoS/Spike t=0] cpu=30.0, msd=3
⚠️ [DDoS/Spike t=0] cpu=30.0, msd=3
⚠️ [DDoS/Spike t=0] cpu=30.0, msd=3
⚠️ [DDoS/Spike t=0] cpu=30.0, msd=3
⚠️ [DDoS/Spike t=0] cpu=30.0, msd=3
------------------------------------------
| rollout/                |              |
|    ep_len_mean          | 100          |
|    ep_rew_mean          | -3.12e+03    |
| time/                   |              |
|    fps                  | 182          |
|    iterations           | 193          |
|    time_elapsed         | 2163         |
|    total_timesteps      | 395264       |
| train/                  |              |
|    approx_kl            | 0.0026923707 |
|    clip_fraction        | 0.00322      |
|    clip_range           | 0.2          |
|    entropy_loss         | -2.55        |
|    explained_variance   | 0            |
|    learning_rate        | 0.0003       |
|    loss                 | 3.97e+05     |
|    n_updates            | 1920         |
|    policy_gradient_loss | -0.00362     |
|    value_loss           | 7.41e+05     |
------------------------------------------
⚠️ [DDoS/Spike t=0] cpu=30.0, msd=3
⚠️ [DDoS/Spike t=0] cpu=30.0, msd=3
⚠️ [DDoS/Spike t=0] cpu=30.0, msd=3
⚠️ [DDoS/Spike t=0] cpu=30.0, msd=3
⚠️ [DDoS/Spike t=0] cpu=30.0, msd=3
⚠️ [DDoS/Spike t=0] cpu=30.0, msd=3
⚠️ [DDoS/Spike t=0] cpu=30.0, msd=3
⚠️ [DDoS/Spike t=0] cpu=30.0, msd=3
⚠️ [DDoS/Spike t=0] cpu=30.0, msd=3
⚠️ [DDoS/Spike t=0] cpu=30.0, msd=3
⚠️ [DDoS/Spike t=0] cpu=30.0, msd=3
⚠️ [DDoS/Spike t=0] cpu=30.0, msd=3
⚠️ [DDoS/Spike t=0] cpu=30.0, msd=3
⚠️ [DDoS/Spike t=0] cpu=30.0, msd=3
⚠️ [DDoS/Spike t=0] cpu=30.0, msd=3
⚠️ [DDoS/Spike t=0] cpu=30.0, msd=3
⚠️ [DDoS/Spike t=0] cpu=30.0, msd=3
⚠️ [DDoS/Spike t=0] cpu=30.0, msd=3
⚠️ [DDoS/Spike t=0] cpu=30.0, msd=3
⚠️ [DDoS/Spike t=0] cpu=30.0, msd=3
⚠️ [DDoS/Spike t=0] cpu=30.0, msd=3
-----------------------------------------
| rollout/                |             |
|    ep_len_mean          | 100         |
|    ep_rew_mean          | -3.16e+03   |
| time/                   |             |
|    fps                  | 183         |
|    iterations           | 194         |
|    time_elapsed         | 2169        |
|    total_timesteps      | 397312      |
| train/                  |             |
|    approx_kl            | 0.024165656 |
|    clip_fraction        | 0.325       |
|    clip_range           | 0.2         |
|    entropy_loss         | -2.58       |
|    explained_variance   | 0           |
|    learning_rate        | 0.0003      |
|    loss                 | 3.38e+05    |
|    n_updates            | 1930        |
|    policy_gradient_loss | 0.0139      |
|    value_loss           | 6.42e+05    |
-----------------------------------------
⚠️ [DDoS/Spike t=0] cpu=30.0, msd=3
⚠️ [DDoS/Spike t=0] cpu=30.0, msd=3
⚠️ [DDoS/Spike t=0] cpu=30.0, msd=3
⚠️ [DDoS/Spike t=0] cpu=30.0, msd=3
⚠️ [DDoS/Spike t=0] cpu=30.0, msd=3
⚠️ [DDoS/Spike t=0] cpu=30.0, msd=3
⚠️ [DDoS/Spike t=0] cpu=30.0, msd=3
⚠️ [DDoS/Spike t=0] cpu=30.0, msd=3
⚠️ [DDoS/Spike t=0] cpu=30.0, msd=3
⚠️ [DDoS/Spike t=0] cpu=30.0, msd=3
⚠️ [DDoS/Spike t=0] cpu=30.0, msd=3
⚠️ [DDoS/Spike t=0] cpu=30.0, msd=3
⚠️ [DDoS/Spike t=0] cpu=30.0, msd=3
⚠️ [DDoS/Spike t=0] cpu=30.0, msd=3
⚠️ [DDoS/Spike t=0] cpu=30.0, msd=3
⚠️ [DDoS/Spike t=0] cpu=30.0, msd=3
⚠️ [DDoS/Spike t=0] cpu=30.0, msd=3
⚠️ [DDoS/Spike t=0] cpu=30.0, msd=3
⚠️ [DDoS/Spike t=0] cpu=30.0, msd=3
⚠️ [DDoS/Spike t=0] cpu=30.0, msd=3
------------------------------------------
| rollout/                |              |
|    ep_len_mean          | 100          |
|    ep_rew_mean          | -3.15e+03    |
| time/                   |              |
|    fps                  | 183          |
|    iterations           | 195          |
|    time_elapsed         | 2176         |
|    total_timesteps      | 399360       |
| train/                  |              |
|    approx_kl            | 0.0047310744 |
|    clip_fraction        | 0.0349       |
|    clip_range           | 0.2          |
|    entropy_loss         | -2.58        |
|    explained_variance   | 0            |
|    learning_rate        | 0.0003       |
|    loss                 | 2.61e+05     |
|    n_updates            | 1940         |
|    policy_gradient_loss | -0.00593     |
|    value_loss           | 6.7e+05      |
------------------------------------------
⚠️ [DDoS/Spike t=0] cpu=30.0, msd=3
⚠️ [DDoS/Spike t=0] cpu=30.0, msd=3
⚠️ [DDoS/Spike t=0] cpu=30.0, msd=3
⚠️ [DDoS/Spike t=0] cpu=30.0, msd=3
⚠️ [DDoS/Spike t=0] cpu=30.0, msd=3
⚠️ [DDoS/Spike t=0] cpu=30.0, msd=3
⚠️ [DDoS/Spike t=0] cpu=30.0, msd=3
⚠️ [DDoS/Spike t=0] cpu=30.0, msd=3
⚠️ [DDoS/Spike t=0] cpu=30.0, msd=3
⚠️ [DDoS/Spike t=0] cpu=30.0, msd=3
⚠️ [DDoS/Spike t=0] cpu=30.0, msd=3
⚠️ [DDoS/Spike t=0] cpu=30.0, msd=3
⚠️ [DDoS/Spike t=0] cpu=30.0, msd=3
⚠️ [DDoS/Spike t=0] cpu=30.0, msd=3
⚠️ [DDoS/Spike t=0] cpu=30.0, msd=3
⚠️ [DDoS/Spike t=0] cpu=30.0, msd=3
⚠️ [DDoS/Spike t=0] cpu=30.0, msd=3
⚠️ [DDoS/Spike t=0] cpu=30.0, msd=3
⚠️ [DDoS/Spike t=0] cpu=30.0, msd=3
⚠️ [DDoS/Spike t=0] cpu=30.0, msd=3
⚠️ [DDoS/Spike t=0] cpu=30.0, msd=3
⚠️ [DDoS/Spike t=0] cpu=30.0, msd=3
⚠️ [DDoS/Spike t=0] cpu=30.0, msd=3
⚠️ [DDoS/Spike t=0] cpu=30.0, msd=3
⚠️ [DDoS/Spike t=0] cpu=30.0, msd=3
⚠️ [DDoS/Spike t=0] cpu=30.0, msd=3
Eval num_timesteps=400000, episode_reward=-1770.04 +/- 772.47
Episode length: 100.00 +/- 0.00
----------------------------------------
| eval/                   |            |
|    mean_ep_length       | 100        |
|    mean_reward          | -1.77e+03  |
| time/                   |            |
|    total_timesteps      | 400000     |
| train/                  |            |
|    approx_kl            | 0.10794841 |
|    clip_fraction        | 0.487      |
|    clip_range           | 0.2        |
|    entropy_loss         | -2.5       |
|    explained_variance   | 0          |
|    learning_rate        | 0.0003     |
|    loss                 | 3.33e+05   |
|    n_updates            | 1950       |
|    policy_gradient_loss | 0.065      |
|    value_loss           | 6.31e+05   |
----------------------------------------
⚠️ [DDoS/Spike t=0] cpu=30.0, msd=3
⚠️ [DDoS/Spike t=0] cpu=30.0, msd=3
⚠️ [DDoS/Spike t=0] cpu=30.0, msd=3
⚠️ [DDoS/Spike t=0] cpu=30.0, msd=3
⚠️ [DDoS/Spike t=0] cpu=30.0, msd=3
⚠️ [DDoS/Spike t=0] cpu=30.0, msd=3
⚠️ [DDoS/Spike t=0] cpu=30.0, msd=3
⚠️ [DDoS/Spike t=0] cpu=30.0, msd=3
⚠️ [DDoS/Spike t=0] cpu=30.0, msd=3
⚠️ [DDoS/Spike t=0] cpu=30.0, msd=3
⚠️ [DDoS/Spike t=0] cpu=30.0, msd=3
⚠️ [DDoS/Spike t=0] cpu=30.0, msd=3
⚠️ [DDoS/Spike t=0] cpu=30.0, msd=3
⚠️ [DDoS/Spike t=0] cpu=30.0, msd=3
⚠️ [DDoS/Spike t=0] cpu=30.0, msd=3
----------------------------------
| rollout/           |           |
|    ep_len_mean     | 100       |
|    ep_rew_mean     | -3.16e+03 |
| time/              |           |
|    fps             | 183       |
|    iterations      | 196       |
|    time_elapsed    | 2192      |
|    total_timesteps | 401408    |
----------------------------------
⚠️ [DDoS/Spike t=0] cpu=30.0, msd=3
⚠️ [DDoS/Spike t=0] cpu=30.0, msd=3
⚠️ [DDoS/Spike t=0] cpu=30.0, msd=3
⚠️ [DDoS/Spike t=0] cpu=30.0, msd=3
⚠️ [DDoS/Spike t=0] cpu=30.0, msd=3
⚠️ [DDoS/Spike t=0] cpu=30.0, msd=3
⚠️ [DDoS/Spike t=0] cpu=30.0, msd=3
⚠️ [DDoS/Spike t=0] cpu=30.0, msd=3
⚠️ [DDoS/Spike t=0] cpu=30.0, msd=3
⚠️ [DDoS/Spike t=0] cpu=30.0, msd=3
⚠️ [DDoS/Spike t=0] cpu=30.0, msd=3
⚠️ [DDoS/Spike t=0] cpu=30.0, msd=3
⚠️ [DDoS/Spike t=0] cpu=30.0, msd=3
⚠️ [DDoS/Spike t=0] cpu=30.0, msd=3
⚠️ [DDoS/Spike t=0] cpu=30.0, msd=3
⚠️ [DDoS/Spike t=0] cpu=30.0, msd=3
⚠️ [DDoS/Spike t=0] cpu=30.0, msd=3
⚠️ [DDoS/Spike t=0] cpu=30.0, msd=3
⚠️ [DDoS/Spike t=0] cpu=30.0, msd=3
⚠️ [DDoS/Spike t=0] cpu=30.0, msd=3
------------------------------------------
| rollout/                |              |
|    ep_len_mean          | 100          |
|    ep_rew_mean          | -3.14e+03    |
| time/                   |              |
|    fps                  | 183          |
|    iterations           | 197          |
|    time_elapsed         | 2204         |
|    total_timesteps      | 403456       |
| train/                  |              |
|    approx_kl            | 0.0089898445 |
|    clip_fraction        | 0.051        |
|    clip_range           | 0.2          |
|    entropy_loss         | -2.54        |
|    explained_variance   | -1.19e-07    |
|    learning_rate        | 0.0003       |
|    loss                 | 3.47e+05     |
|    n_updates            | 1960         |
|    policy_gradient_loss | -0.00686     |
|    value_loss           | 6.93e+05     |
------------------------------------------
⚠️ [DDoS/Spike t=0] cpu=30.0, msd=3
⚠️ [DDoS/Spike t=0] cpu=30.0, msd=3
⚠️ [DDoS/Spike t=0] cpu=30.0, msd=3
⚠️ [DDoS/Spike t=0] cpu=30.0, msd=3
⚠️ [DDoS/Spike t=0] cpu=30.0, msd=3
⚠️ [DDoS/Spike t=0] cpu=30.0, msd=3
⚠️ [DDoS/Spike t=0] cpu=30.0, msd=3
⚠️ [DDoS/Spike t=0] cpu=30.0, msd=3
⚠️ [DDoS/Spike t=0] cpu=30.0, msd=3
⚠️ [DDoS/Spike t=0] cpu=30.0, msd=3
⚠️ [DDoS/Spike t=0] cpu=30.0, msd=3
⚠️ [DDoS/Spike t=0] cpu=30.0, msd=3
⚠️ [DDoS/Spike t=0] cpu=30.0, msd=3
⚠️ [DDoS/Spike t=0] cpu=30.0, msd=3
⚠️ [DDoS/Spike t=0] cpu=30.0, msd=3
⚠️ [DDoS/Spike t=0] cpu=30.0, msd=3
⚠️ [DDoS/Spike t=0] cpu=30.0, msd=3
⚠️ [DDoS/Spike t=0] cpu=30.0, msd=3
⚠️ [DDoS/Spike t=0] cpu=30.0, msd=3
⚠️ [DDoS/Spike t=0] cpu=30.0, msd=3
⚠️ [DDoS/Spike t=0] cpu=30.0, msd=3
------------------------------------------
| rollout/                |              |
|    ep_len_mean          | 100          |
|    ep_rew_mean          | -3.15e+03    |
| time/                   |              |
|    fps                  | 182          |
|    iterations           | 198          |
|    time_elapsed         | 2216         |
|    total_timesteps      | 405504       |
| train/                  |              |
|    approx_kl            | 0.0061796946 |
|    clip_fraction        | 0.0457       |
|    clip_range           | 0.2          |
|    entropy_loss         | -2.57        |
|    explained_variance   | 0            |
|    learning_rate        | 0.0003       |
|    loss                 | 3.35e+05     |
|    n_updates            | 1970         |
|    policy_gradient_loss | -0.00746     |
|    value_loss           | 6.63e+05     |
------------------------------------------
⚠️ [DDoS/Spike t=0] cpu=30.0, msd=3
⚠️ [DDoS/Spike t=0] cpu=30.0, msd=3
⚠️ [DDoS/Spike t=0] cpu=30.0, msd=3
⚠️ [DDoS/Spike t=0] cpu=30.0, msd=3
⚠️ [DDoS/Spike t=0] cpu=30.0, msd=3
⚠️ [DDoS/Spike t=0] cpu=30.0, msd=3
⚠️ [DDoS/Spike t=0] cpu=30.0, msd=3
⚠️ [DDoS/Spike t=0] cpu=30.0, msd=3
⚠️ [DDoS/Spike t=0] cpu=30.0, msd=3
⚠️ [DDoS/Spike t=0] cpu=30.0, msd=3
⚠️ [DDoS/Spike t=0] cpu=30.0, msd=3
⚠️ [DDoS/Spike t=0] cpu=30.0, msd=3
⚠️ [DDoS/Spike t=0] cpu=30.0, msd=3
⚠️ [DDoS/Spike t=0] cpu=30.0, msd=3
⚠️ [DDoS/Spike t=0] cpu=30.0, msd=3
⚠️ [DDoS/Spike t=0] cpu=30.0, msd=3
⚠️ [DDoS/Spike t=0] cpu=30.0, msd=3
⚠️ [DDoS/Spike t=0] cpu=30.0, msd=3
⚠️ [DDoS/Spike t=0] cpu=30.0, msd=3
⚠️ [DDoS/Spike t=0] cpu=30.0, msd=3
-----------------------------------------
| rollout/                |             |
|    ep_len_mean          | 100         |
|    ep_rew_mean          | -3.17e+03   |
| time/                   |             |
|    fps                  | 182         |
|    iterations           | 199         |
|    time_elapsed         | 2228        |
|    total_timesteps      | 407552      |
| train/                  |             |
|    approx_kl            | 0.027100176 |
|    clip_fraction        | 0.0956      |
|    clip_range           | 0.2         |
|    entropy_loss         | -2.53       |
|    explained_variance   | 0           |
|    learning_rate        | 0.0003      |
|    loss                 | 3.03e+05    |
|    n_updates            | 1980        |
|    policy_gradient_loss | -0.000263   |
|    value_loss           | 6.4e+05     |
-----------------------------------------
⚠️ [DDoS/Spike t=0] cpu=30.0, msd=3
⚠️ [DDoS/Spike t=0] cpu=30.0, msd=3
⚠️ [DDoS/Spike t=0] cpu=30.0, msd=3
⚠️ [DDoS/Spike t=0] cpu=30.0, msd=3
⚠️ [DDoS/Spike t=0] cpu=30.0, msd=3
⚠️ [DDoS/Spike t=0] cpu=30.0, msd=3
⚠️ [DDoS/Spike t=0] cpu=30.0, msd=3
⚠️ [DDoS/Spike t=0] cpu=30.0, msd=3
⚠️ [DDoS/Spike t=0] cpu=30.0, msd=3
⚠️ [DDoS/Spike t=0] cpu=30.0, msd=3
⚠️ [DDoS/Spike t=0] cpu=30.0, msd=3
⚠️ [DDoS/Spike t=0] cpu=30.0, msd=3
⚠️ [DDoS/Spike t=0] cpu=30.0, msd=3
⚠️ [DDoS/Spike t=0] cpu=30.0, msd=3
⚠️ [DDoS/Spike t=0] cpu=30.0, msd=3
⚠️ [DDoS/Spike t=0] cpu=30.0, msd=3
⚠️ [DDoS/Spike t=0] cpu=30.0, msd=3
⚠️ [DDoS/Spike t=0] cpu=30.0, msd=3
⚠️ [DDoS/Spike t=0] cpu=30.0, msd=3
⚠️ [DDoS/Spike t=0] cpu=30.0, msd=3
-----------------------------------------
| rollout/                |             |
|    ep_len_mean          | 100         |
|    ep_rew_mean          | -3.18e+03   |
| time/                   |             |
|    fps                  | 182         |
|    iterations           | 200         |
|    time_elapsed         | 2239        |
|    total_timesteps      | 409600      |
| train/                  |             |
|    approx_kl            | 0.016179139 |
|    clip_fraction        | 0.0327      |
|    clip_range           | 0.2         |
|    entropy_loss         | -2.56       |
|    explained_variance   | 0           |
|    learning_rate        | 0.0003      |
|    loss                 | 3.91e+05    |
|    n_updates            | 1990        |
|    policy_gradient_loss | -0.0034     |
|    value_loss           | 6.54e+05    |
-----------------------------------------
⚠️ [DDoS/Spike t=0] cpu=30.0, msd=3
⚠️ [DDoS/Spike t=0] cpu=30.0, msd=3
⚠️ [DDoS/Spike t=0] cpu=30.0, msd=3
⚠️ [DDoS/Spike t=0] cpu=30.0, msd=3
⚠️ [DDoS/Spike t=0] cpu=30.0, msd=3
⚠️ [DDoS/Spike t=0] cpu=30.0, msd=3
⚠️ [DDoS/Spike t=0] cpu=30.0, msd=3
⚠️ [DDoS/Spike t=0] cpu=30.0, msd=3
⚠️ [DDoS/Spike t=0] cpu=30.0, msd=3
⚠️ [DDoS/Spike t=0] cpu=30.0, msd=3
⚠️ [DDoS/Spike t=0] cpu=30.0, msd=3
⚠️ [DDoS/Spike t=0] cpu=30.0, msd=3
⚠️ [DDoS/Spike t=0] cpu=30.0, msd=3
⚠️ [DDoS/Spike t=0] cpu=30.0, msd=3
⚠️ [DDoS/Spike t=0] cpu=30.0, msd=3
⚠️ [DDoS/Spike t=0] cpu=30.0, msd=3
⚠️ [DDoS/Spike t=0] cpu=30.0, msd=3
⚠️ [DDoS/Spike t=0] cpu=30.0, msd=3
⚠️ [DDoS/Spike t=0] cpu=30.0, msd=3
⚠️ [DDoS/Spike t=0] cpu=30.0, msd=3
⚠️ [DDoS/Spike t=0] cpu=30.0, msd=3
⚠️ [DDoS/Spike t=0] cpu=30.0, msd=3
⚠️ [DDoS/Spike t=0] cpu=30.0, msd=3
⚠️ [DDoS/Spike t=0] cpu=30.0, msd=3
Eval num_timesteps=410000, episode_reward=-1707.57 +/- 709.42
Episode length: 100.00 +/- 0.00
----------------------------------------
| eval/                   |            |
|    mean_ep_length       | 100        |
|    mean_reward          | -1.71e+03  |
| time/                   |            |
|    total_timesteps      | 410000     |
| train/                  |            |
|    approx_kl            | 0.01352653 |
|    clip_fraction        | 0.1        |
|    clip_range           | 0.2        |
|    entropy_loss         | -2.52      |
|    explained_variance   | 0          |
|    learning_rate        | 0.0003     |
|    loss                 | 3.65e+05   |
|    n_updates            | 2000       |
|    policy_gradient_loss | -0.000614  |
|    value_loss           | 6.77e+05   |
----------------------------------------
New best mean reward!
⚠️ [DDoS/Spike t=0] cpu=30.0, msd=3
⚠️ [DDoS/Spike t=0] cpu=30.0, msd=3
⚠️ [DDoS/Spike t=0] cpu=30.0, msd=3
⚠️ [DDoS/Spike t=0] cpu=30.0, msd=3
⚠️ [DDoS/Spike t=0] cpu=30.0, msd=3
⚠️ [DDoS/Spike t=0] cpu=30.0, msd=3
⚠️ [DDoS/Spike t=0] cpu=30.0, msd=3
⚠️ [DDoS/Spike t=0] cpu=30.0, msd=3
⚠️ [DDoS/Spike t=0] cpu=30.0, msd=3
⚠️ [DDoS/Spike t=0] cpu=30.0, msd=3
⚠️ [DDoS/Spike t=0] cpu=30.0, msd=3
⚠️ [DDoS/Spike t=0] cpu=30.0, msd=3
⚠️ [DDoS/Spike t=0] cpu=30.0, msd=3
⚠️ [DDoS/Spike t=0] cpu=30.0, msd=3
⚠️ [DDoS/Spike t=0] cpu=30.0, msd=3
⚠️ [DDoS/Spike t=0] cpu=30.0, msd=3
⚠️ [DDoS/Spike t=0] cpu=30.0, msd=3
----------------------------------
| rollout/           |           |
|    ep_len_mean     | 100       |
|    ep_rew_mean     | -3.22e+03 |
| time/              |           |
|    fps             | 183       |
|    iterations      | 201       |
|    time_elapsed    | 2247      |
|    total_timesteps | 411648    |
----------------------------------
⚠️ [DDoS/Spike t=0] cpu=30.0, msd=3
⚠️ [DDoS/Spike t=0] cpu=30.0, msd=3
⚠️ [DDoS/Spike t=0] cpu=30.0, msd=3
⚠️ [DDoS/Spike t=0] cpu=30.0, msd=3
⚠️ [DDoS/Spike t=0] cpu=30.0, msd=3
⚠️ [DDoS/Spike t=0] cpu=30.0, msd=3
⚠️ [DDoS/Spike t=0] cpu=30.0, msd=3
⚠️ [DDoS/Spike t=0] cpu=30.0, msd=3
⚠️ [DDoS/Spike t=0] cpu=30.0, msd=3
⚠️ [DDoS/Spike t=0] cpu=30.0, msd=3
⚠️ [DDoS/Spike t=0] cpu=30.0, msd=3
⚠️ [DDoS/Spike t=0] cpu=30.0, msd=3
⚠️ [DDoS/Spike t=0] cpu=30.0, msd=3
⚠️ [DDoS/Spike t=0] cpu=30.0, msd=3
⚠️ [DDoS/Spike t=0] cpu=30.0, msd=3
⚠️ [DDoS/Spike t=0] cpu=30.0, msd=3
⚠️ [DDoS/Spike t=0] cpu=30.0, msd=3
⚠️ [DDoS/Spike t=0] cpu=30.0, msd=3
⚠️ [DDoS/Spike t=0] cpu=30.0, msd=3
⚠️ [DDoS/Spike t=0] cpu=30.0, msd=3
----------------------------------------
| rollout/                |            |
|    ep_len_mean          | 100        |
|    ep_rew_mean          | -3.24e+03  |
| time/                   |            |
|    fps                  | 183        |
|    iterations           | 202        |
|    time_elapsed         | 2255       |
|    total_timesteps      | 413696     |
| train/                  |            |
|    approx_kl            | 0.05953864 |
|    clip_fraction        | 0.118      |
|    clip_range           | 0.2        |
|    entropy_loss         | -2.52      |
|    explained_variance   | 0          |
|    learning_rate        | 0.0003     |
|    loss                 | 3.19e+05   |
|    n_updates            | 2010       |
|    policy_gradient_loss | 0.00445    |
|    value_loss           | 6.6e+05    |
----------------------------------------
⚠️ [DDoS/Spike t=0] cpu=30.0, msd=3
⚠️ [DDoS/Spike t=0] cpu=30.0, msd=3
⚠️ [DDoS/Spike t=0] cpu=30.0, msd=3
⚠️ [DDoS/Spike t=0] cpu=30.0, msd=3
⚠️ [DDoS/Spike t=0] cpu=30.0, msd=3
⚠️ [DDoS/Spike t=0] cpu=30.0, msd=3
⚠️ [DDoS/Spike t=0] cpu=30.0, msd=3
⚠️ [DDoS/Spike t=0] cpu=30.0, msd=3
⚠️ [DDoS/Spike t=0] cpu=30.0, msd=3
⚠️ [DDoS/Spike t=0] cpu=30.0, msd=3
⚠️ [DDoS/Spike t=0] cpu=30.0, msd=3
⚠️ [DDoS/Spike t=0] cpu=30.0, msd=3
⚠️ [DDoS/Spike t=0] cpu=30.0, msd=3
⚠️ [DDoS/Spike t=0] cpu=30.0, msd=3
⚠️ [DDoS/Spike t=0] cpu=30.0, msd=3
⚠️ [DDoS/Spike t=0] cpu=30.0, msd=3
⚠️ [DDoS/Spike t=0] cpu=30.0, msd=3
⚠️ [DDoS/Spike t=0] cpu=30.0, msd=3
⚠️ [DDoS/Spike t=0] cpu=30.0, msd=3
⚠️ [DDoS/Spike t=0] cpu=30.0, msd=3
⚠️ [DDoS/Spike t=0] cpu=30.0, msd=3
-----------------------------------------
| rollout/                |             |
|    ep_len_mean          | 100         |
|    ep_rew_mean          | -3.29e+03   |
| time/                   |             |
|    fps                  | 183         |
|    iterations           | 203         |
|    time_elapsed         | 2269        |
|    total_timesteps      | 415744      |
| train/                  |             |
|    approx_kl            | 0.017031737 |
|    clip_fraction        | 0.234       |
|    clip_range           | 0.2         |
|    entropy_loss         | -2.54       |
|    explained_variance   | 0           |
|    learning_rate        | 0.0003      |
|    loss                 | 2.84e+05    |
|    n_updates            | 2020        |
|    policy_gradient_loss | 0.00817     |
|    value_loss           | 5.86e+05    |
-----------------------------------------
⚠️ [DDoS/Spike t=0] cpu=30.0, msd=3
⚠️ [DDoS/Spike t=0] cpu=30.0, msd=3
⚠️ [DDoS/Spike t=0] cpu=30.0, msd=3
⚠️ [DDoS/Spike t=0] cpu=30.0, msd=3
⚠️ [DDoS/Spike t=0] cpu=30.0, msd=3
⚠️ [DDoS/Spike t=0] cpu=30.0, msd=3
⚠️ [DDoS/Spike t=0] cpu=30.0, msd=3
⚠️ [DDoS/Spike t=0] cpu=30.0, msd=3
⚠️ [DDoS/Spike t=0] cpu=30.0, msd=3
⚠️ [DDoS/Spike t=0] cpu=30.0, msd=3
⚠️ [DDoS/Spike t=0] cpu=30.0, msd=3
⚠️ [DDoS/Spike t=0] cpu=30.0, msd=3
⚠️ [DDoS/Spike t=0] cpu=30.0, msd=3
⚠️ [DDoS/Spike t=0] cpu=30.0, msd=3
⚠️ [DDoS/Spike t=0] cpu=30.0, msd=3
⚠️ [DDoS/Spike t=0] cpu=30.0, msd=3
⚠️ [DDoS/Spike t=0] cpu=30.0, msd=3
⚠️ [DDoS/Spike t=0] cpu=30.0, msd=3
⚠️ [DDoS/Spike t=0] cpu=30.0, msd=3
⚠️ [DDoS/Spike t=0] cpu=30.0, msd=3
-----------------------------------------
| rollout/                |             |
|    ep_len_mean          | 100         |
|    ep_rew_mean          | -3.27e+03   |
| time/                   |             |
|    fps                  | 183         |
|    iterations           | 204         |
|    time_elapsed         | 2278        |
|    total_timesteps      | 417792      |
| train/                  |             |
|    approx_kl            | 0.011805559 |
|    clip_fraction        | 0.122       |
|    clip_range           | 0.2         |
|    entropy_loss         | -2.57       |
|    explained_variance   | 0           |
|    learning_rate        | 0.0003      |
|    loss                 | 3.41e+05    |
|    n_updates            | 2030        |
|    policy_gradient_loss | -0.00798    |
|    value_loss           | 6.66e+05    |
-----------------------------------------
⚠️ [DDoS/Spike t=0] cpu=30.0, msd=3
⚠️ [DDoS/Spike t=0] cpu=30.0, msd=3
⚠️ [DDoS/Spike t=0] cpu=30.0, msd=3
⚠️ [DDoS/Spike t=0] cpu=30.0, msd=3
⚠️ [DDoS/Spike t=0] cpu=30.0, msd=3
⚠️ [DDoS/Spike t=0] cpu=30.0, msd=3
⚠️ [DDoS/Spike t=0] cpu=30.0, msd=3
⚠️ [DDoS/Spike t=0] cpu=30.0, msd=3
⚠️ [DDoS/Spike t=0] cpu=30.0, msd=3
⚠️ [DDoS/Spike t=0] cpu=30.0, msd=3
⚠️ [DDoS/Spike t=0] cpu=30.0, msd=3
⚠️ [DDoS/Spike t=0] cpu=30.0, msd=3
⚠️ [DDoS/Spike t=0] cpu=30.0, msd=3
⚠️ [DDoS/Spike t=0] cpu=30.0, msd=3
⚠️ [DDoS/Spike t=0] cpu=30.0, msd=3
⚠️ [DDoS/Spike t=0] cpu=30.0, msd=3
⚠️ [DDoS/Spike t=0] cpu=30.0, msd=3
⚠️ [DDoS/Spike t=0] cpu=30.0, msd=3
⚠️ [DDoS/Spike t=0] cpu=30.0, msd=3
⚠️ [DDoS/Spike t=0] cpu=30.0, msd=3
⚠️ [DDoS/Spike t=0] cpu=30.0, msd=3
----------------------------------------
| rollout/                |            |
|    ep_len_mean          | 100        |
|    ep_rew_mean          | -3.29e+03  |
| time/                   |            |
|    fps                  | 183        |
|    iterations           | 205        |
|    time_elapsed         | 2290       |
|    total_timesteps      | 419840     |
| train/                  |            |
|    approx_kl            | 0.03380622 |
|    clip_fraction        | 0.266      |
|    clip_range           | 0.2        |
|    entropy_loss         | -2.59      |
|    explained_variance   | 0          |
|    learning_rate        | 0.0003     |
|    loss                 | 3.8e+05    |
|    n_updates            | 2040       |
|    policy_gradient_loss | 0.0208     |
|    value_loss           | 6.79e+05   |
----------------------------------------
⚠️ [DDoS/Spike t=0] cpu=30.0, msd=3
⚠️ [DDoS/Spike t=0] cpu=30.0, msd=3
⚠️ [DDoS/Spike t=0] cpu=30.0, msd=3
⚠️ [DDoS/Spike t=0] cpu=30.0, msd=3
⚠️ [DDoS/Spike t=0] cpu=30.0, msd=3
⚠️ [DDoS/Spike t=0] cpu=30.0, msd=3
⚠️ [DDoS/Spike t=0] cpu=30.0, msd=3
⚠️ [DDoS/Spike t=0] cpu=30.0, msd=3
⚠️ [DDoS/Spike t=0] cpu=30.0, msd=3
⚠️ [DDoS/Spike t=0] cpu=30.0, msd=3
⚠️ [DDoS/Spike t=0] cpu=30.0, msd=3
⚠️ [DDoS/Spike t=0] cpu=30.0, msd=3
⚠️ [DDoS/Spike t=0] cpu=30.0, msd=3
⚠️ [DDoS/Spike t=0] cpu=30.0, msd=3
⚠️ [DDoS/Spike t=0] cpu=30.0, msd=3
⚠️ [DDoS/Spike t=0] cpu=30.0, msd=3
⚠️ [DDoS/Spike t=0] cpu=30.0, msd=3
⚠️ [DDoS/Spike t=0] cpu=30.0, msd=3
⚠️ [DDoS/Spike t=0] cpu=30.0, msd=3
⚠️ [DDoS/Spike t=0] cpu=30.0, msd=3
⚠️ [DDoS/Spike t=0] cpu=30.0, msd=3
Eval num_timesteps=420000, episode_reward=-2803.29 +/- 1010.61
Episode length: 100.00 +/- 0.00
-----------------------------------------
| eval/                   |             |
|    mean_ep_length       | 100         |
|    mean_reward          | -2.8e+03    |
| time/                   |             |
|    total_timesteps      | 420000      |
| train/                  |             |
|    approx_kl            | 0.014706265 |
|    clip_fraction        | 0.0664      |
|    clip_range           | 0.2         |
|    entropy_loss         | -2.55       |
|    explained_variance   | 0           |
|    learning_rate        | 0.0003      |
|    loss                 | 3.97e+05    |
|    n_updates            | 2050        |
|    policy_gradient_loss | -0.0055     |
|    value_loss           | 6.21e+05    |
-----------------------------------------
⚠️ [DDoS/Spike t=0] cpu=30.0, msd=3
⚠️ [DDoS/Spike t=0] cpu=30.0, msd=3
⚠️ [DDoS/Spike t=0] cpu=30.0, msd=3
⚠️ [DDoS/Spike t=0] cpu=30.0, msd=3
⚠️ [DDoS/Spike t=0] cpu=30.0, msd=3
⚠️ [DDoS/Spike t=0] cpu=30.0, msd=3
⚠️ [DDoS/Spike t=0] cpu=30.0, msd=3
⚠️ [DDoS/Spike t=0] cpu=30.0, msd=3
⚠️ [DDoS/Spike t=0] cpu=30.0, msd=3
⚠️ [DDoS/Spike t=0] cpu=30.0, msd=3
⚠️ [DDoS/Spike t=0] cpu=30.0, msd=3
⚠️ [DDoS/Spike t=0] cpu=30.0, msd=3
⚠️ [DDoS/Spike t=0] cpu=30.0, msd=3
⚠️ [DDoS/Spike t=0] cpu=30.0, msd=3
⚠️ [DDoS/Spike t=0] cpu=30.0, msd=3
⚠️ [DDoS/Spike t=0] cpu=30.0, msd=3
⚠️ [DDoS/Spike t=0] cpu=30.0, msd=3
⚠️ [DDoS/Spike t=0] cpu=30.0, msd=3
⚠️ [DDoS/Spike t=0] cpu=30.0, msd=3
----------------------------------
| rollout/           |           |
|    ep_len_mean     | 100       |
|    ep_rew_mean     | -3.27e+03 |
| time/              |           |
|    fps             | 183       |
|    iterations      | 206       |
|    time_elapsed    | 2298      |
|    total_timesteps | 421888    |
----------------------------------
⚠️ [DDoS/Spike t=0] cpu=30.0, msd=3
⚠️ [DDoS/Spike t=0] cpu=30.0, msd=3
⚠️ [DDoS/Spike t=0] cpu=30.0, msd=3
⚠️ [DDoS/Spike t=0] cpu=30.0, msd=3
⚠️ [DDoS/Spike t=0] cpu=30.0, msd=3
⚠️ [DDoS/Spike t=0] cpu=30.0, msd=3
⚠️ [DDoS/Spike t=0] cpu=30.0, msd=3
⚠️ [DDoS/Spike t=0] cpu=30.0, msd=3
⚠️ [DDoS/Spike t=0] cpu=30.0, msd=3
⚠️ [DDoS/Spike t=0] cpu=30.0, msd=3
⚠️ [DDoS/Spike t=0] cpu=30.0, msd=3
⚠️ [DDoS/Spike t=0] cpu=30.0, msd=3
⚠️ [DDoS/Spike t=0] cpu=30.0, msd=3
⚠️ [DDoS/Spike t=0] cpu=30.0, msd=3
⚠️ [DDoS/Spike t=0] cpu=30.0, msd=3
⚠️ [DDoS/Spike t=0] cpu=30.0, msd=3
⚠️ [DDoS/Spike t=0] cpu=30.0, msd=3
⚠️ [DDoS/Spike t=0] cpu=30.0, msd=3
⚠️ [DDoS/Spike t=0] cpu=30.0, msd=3
⚠️ [DDoS/Spike t=0] cpu=30.0, msd=3
⚠️ [DDoS/Spike t=0] cpu=30.0, msd=3
----------------------------------------
| rollout/                |            |
|    ep_len_mean          | 100        |
|    ep_rew_mean          | -3.33e+03  |
| time/                   |            |
|    fps                  | 183        |
|    iterations           | 207        |
|    time_elapsed         | 2308       |
|    total_timesteps      | 423936     |
| train/                  |            |
|    approx_kl            | 0.06340277 |
|    clip_fraction        | 0.457      |
|    clip_range           | 0.2        |
|    entropy_loss         | -2.55      |
|    explained_variance   | -1.19e-07  |
|    learning_rate        | 0.0003     |
|    loss                 | 3.57e+05   |
|    n_updates            | 2060       |
|    policy_gradient_loss | 0.0449     |
|    value_loss           | 6.55e+05   |
----------------------------------------
⚠️ [DDoS/Spike t=0] cpu=30.0, msd=3
⚠️ [DDoS/Spike t=0] cpu=30.0, msd=3
⚠️ [DDoS/Spike t=0] cpu=30.0, msd=3
⚠️ [DDoS/Spike t=0] cpu=30.0, msd=3
⚠️ [DDoS/Spike t=0] cpu=30.0, msd=3
⚠️ [DDoS/Spike t=0] cpu=30.0, msd=3
⚠️ [DDoS/Spike t=0] cpu=30.0, msd=3
⚠️ [DDoS/Spike t=0] cpu=30.0, msd=3
⚠️ [DDoS/Spike t=0] cpu=30.0, msd=3
⚠️ [DDoS/Spike t=0] cpu=30.0, msd=3
⚠️ [DDoS/Spike t=0] cpu=30.0, msd=3
⚠️ [DDoS/Spike t=0] cpu=30.0, msd=3
⚠️ [DDoS/Spike t=0] cpu=30.0, msd=3
⚠️ [DDoS/Spike t=0] cpu=30.0, msd=3
⚠️ [DDoS/Spike t=0] cpu=30.0, msd=3
⚠️ [DDoS/Spike t=0] cpu=30.0, msd=3
⚠️ [DDoS/Spike t=0] cpu=30.0, msd=3
⚠️ [DDoS/Spike t=0] cpu=30.0, msd=3
⚠️ [DDoS/Spike t=0] cpu=30.0, msd=3
⚠️ [DDoS/Spike t=0] cpu=30.0, msd=3
----------------------------------------
| rollout/                |            |
|    ep_len_mean          | 100        |
|    ep_rew_mean          | -3.21e+03  |
| time/                   |            |
|    fps                  | 183        |
|    iterations           | 208        |
|    time_elapsed         | 2317       |
|    total_timesteps      | 425984     |
| train/                  |            |
|    approx_kl            | 0.11728418 |
|    clip_fraction        | 0.153      |
|    clip_range           | 0.2        |
|    entropy_loss         | -2.57      |
|    explained_variance   | 0          |
|    learning_rate        | 0.0003     |
|    loss                 | 3.61e+05   |
|    n_updates            | 2070       |
|    policy_gradient_loss | 0.00383    |
|    value_loss           | 6.28e+05   |
----------------------------------------
⚠️ [DDoS/Spike t=0] cpu=30.0, msd=3
⚠️ [DDoS/Spike t=0] cpu=30.0, msd=3
⚠️ [DDoS/Spike t=0] cpu=30.0, msd=3
⚠️ [DDoS/Spike t=0] cpu=30.0, msd=3
⚠️ [DDoS/Spike t=0] cpu=30.0, msd=3
⚠️ [DDoS/Spike t=0] cpu=30.0, msd=3
⚠️ [DDoS/Spike t=0] cpu=30.0, msd=3
⚠️ [DDoS/Spike t=0] cpu=30.0, msd=3
⚠️ [DDoS/Spike t=0] cpu=30.0, msd=3
⚠️ [DDoS/Spike t=0] cpu=30.0, msd=3
⚠️ [DDoS/Spike t=0] cpu=30.0, msd=3
⚠️ [DDoS/Spike t=0] cpu=30.0, msd=3
⚠️ [DDoS/Spike t=0] cpu=30.0, msd=3
⚠️ [DDoS/Spike t=0] cpu=30.0, msd=3
⚠️ [DDoS/Spike t=0] cpu=30.0, msd=3
⚠️ [DDoS/Spike t=0] cpu=30.0, msd=3
⚠️ [DDoS/Spike t=0] cpu=30.0, msd=3
⚠️ [DDoS/Spike t=0] cpu=30.0, msd=3
⚠️ [DDoS/Spike t=0] cpu=30.0, msd=3
⚠️ [DDoS/Spike t=0] cpu=30.0, msd=3
⚠️ [DDoS/Spike t=0] cpu=30.0, msd=3
-----------------------------------------
| rollout/                |             |
|    ep_len_mean          | 100         |
|    ep_rew_mean          | -3.23e+03   |
| time/                   |             |
|    fps                  | 183         |
|    iterations           | 209         |
|    time_elapsed         | 2330        |
|    total_timesteps      | 428032      |
| train/                  |             |
|    approx_kl            | 0.078112595 |
|    clip_fraction        | 0.32        |
|    clip_range           | 0.2         |
|    entropy_loss         | -2.51       |
|    explained_variance   | 0           |
|    learning_rate        | 0.0003      |
|    loss                 | 3.31e+05    |
|    n_updates            | 2080        |
|    policy_gradient_loss | 0.0325      |
|    value_loss           | 6.41e+05    |
-----------------------------------------
⚠️ [DDoS/Spike t=0] cpu=30.0, msd=3
⚠️ [DDoS/Spike t=0] cpu=30.0, msd=3
⚠️ [DDoS/Spike t=0] cpu=30.0, msd=3
⚠️ [DDoS/Spike t=0] cpu=30.0, msd=3
⚠️ [DDoS/Spike t=0] cpu=30.0, msd=3
⚠️ [DDoS/Spike t=0] cpu=30.0, msd=3
⚠️ [DDoS/Spike t=0] cpu=30.0, msd=3
⚠️ [DDoS/Spike t=0] cpu=30.0, msd=3
⚠️ [DDoS/Spike t=0] cpu=30.0, msd=3
⚠️ [DDoS/Spike t=0] cpu=30.0, msd=3
⚠️ [DDoS/Spike t=0] cpu=30.0, msd=3
⚠️ [DDoS/Spike t=0] cpu=30.0, msd=3
⚠️ [DDoS/Spike t=0] cpu=30.0, msd=3
⚠️ [DDoS/Spike t=0] cpu=30.0, msd=3
⚠️ [DDoS/Spike t=0] cpu=30.0, msd=3
⚠️ [DDoS/Spike t=0] cpu=30.0, msd=3
⚠️ [DDoS/Spike t=0] cpu=30.0, msd=3
⚠️ [DDoS/Spike t=0] cpu=30.0, msd=3
⚠️ [DDoS/Spike t=0] cpu=30.0, msd=3
⚠️ [DDoS/Spike t=0] cpu=30.0, msd=3
⚠️ [DDoS/Spike t=0] cpu=30.0, msd=3
⚠️ [DDoS/Spike t=0] cpu=30.0, msd=3
⚠️ [DDoS/Spike t=0] cpu=30.0, msd=3
⚠️ [DDoS/Spike t=0] cpu=30.0, msd=3
⚠️ [DDoS/Spike t=0] cpu=30.0, msd=3
⚠️ [DDoS/Spike t=0] cpu=30.0, msd=3
⚠️ [DDoS/Spike t=0] cpu=30.0, msd=3
⚠️ [DDoS/Spike t=0] cpu=30.0, msd=3
⚠️ [DDoS/Spike t=0] cpu=30.0, msd=3
⚠️ [DDoS/Spike t=0] cpu=30.0, msd=3
⚠️ [DDoS/Spike t=0] cpu=30.0, msd=3
⚠️ [DDoS/Spike t=0] cpu=30.0, msd=3
⚠️ [DDoS/Spike t=0] cpu=30.0, msd=3
⚠️ [DDoS/Spike t=0] cpu=30.0, msd=3
⚠️ [DDoS/Spike t=0] cpu=30.0, msd=3
⚠️ [DDoS/Spike t=0] cpu=30.0, msd=3
⚠️ [DDoS/Spike t=0] cpu=30.0, msd=3
⚠️ [DDoS/Spike t=0] cpu=30.0, msd=3
⚠️ [DDoS/Spike t=0] cpu=30.0, msd=3
Eval num_timesteps=430000, episode_reward=-2343.27 +/- 779.19
Episode length: 100.00 +/- 0.00
-----------------------------------------
| eval/                   |             |
|    mean_ep_length       | 100         |
|    mean_reward          | -2.34e+03   |
| time/                   |             |
|    total_timesteps      | 430000      |
| train/                  |             |
|    approx_kl            | 0.009007932 |
|    clip_fraction        | 0.0307      |
|    clip_range           | 0.2         |
|    entropy_loss         | -2.49       |
|    explained_variance   | 0           |
|    learning_rate        | 0.0003      |
|    loss                 | 3.38e+05    |
|    n_updates            | 2090        |
|    policy_gradient_loss | -0.00541    |
|    value_loss           | 6.68e+05    |
-----------------------------------------
⚠️ [DDoS/Spike t=0] cpu=30.0, msd=3
---------------------------------
| rollout/           |          |
|    ep_len_mean     | 100      |
|    ep_rew_mean     | -3.2e+03 |
| time/              |          |
|    fps             | 182      |
|    iterations      | 210      |
|    time_elapsed    | 2354     |
|    total_timesteps | 430080   |
---------------------------------
⚠️ [DDoS/Spike t=0] cpu=30.0, msd=3
⚠️ [DDoS/Spike t=0] cpu=30.0, msd=3
⚠️ [DDoS/Spike t=0] cpu=30.0, msd=3
⚠️ [DDoS/Spike t=0] cpu=30.0, msd=3
⚠️ [DDoS/Spike t=0] cpu=30.0, msd=3
⚠️ [DDoS/Spike t=0] cpu=30.0, msd=3
⚠️ [DDoS/Spike t=0] cpu=30.0, msd=3
⚠️ [DDoS/Spike t=0] cpu=30.0, msd=3
⚠️ [DDoS/Spike t=0] cpu=30.0, msd=3
⚠️ [DDoS/Spike t=0] cpu=30.0, msd=3
⚠️ [DDoS/Spike t=0] cpu=30.0, msd=3
⚠️ [DDoS/Spike t=0] cpu=30.0, msd=3
⚠️ [DDoS/Spike t=0] cpu=30.0, msd=3
⚠️ [DDoS/Spike t=0] cpu=30.0, msd=3
⚠️ [DDoS/Spike t=0] cpu=30.0, msd=3
⚠️ [DDoS/Spike t=0] cpu=30.0, msd=3
⚠️ [DDoS/Spike t=0] cpu=30.0, msd=3
⚠️ [DDoS/Spike t=0] cpu=30.0, msd=3
⚠️ [DDoS/Spike t=0] cpu=30.0, msd=3
⚠️ [DDoS/Spike t=0] cpu=30.0, msd=3
⚠️ [DDoS/Spike t=0] cpu=30.0, msd=3
-----------------------------------------
| rollout/                |             |
|    ep_len_mean          | 100         |
|    ep_rew_mean          | -3.13e+03   |
| time/                   |             |
|    fps                  | 182         |
|    iterations           | 211         |
|    time_elapsed         | 2367        |
|    total_timesteps      | 432128      |
| train/                  |             |
|    approx_kl            | 0.009370085 |
|    clip_fraction        | 0.0399      |
|    clip_range           | 0.2         |
|    entropy_loss         | -2.46       |
|    explained_variance   | 0           |
|    learning_rate        | 0.0003      |
|    loss                 | 3.09e+05    |
|    n_updates            | 2100        |
|    policy_gradient_loss | -0.00563    |
|    value_loss           | 6.41e+05    |
-----------------------------------------
⚠️ [DDoS/Spike t=0] cpu=30.0, msd=3
⚠️ [DDoS/Spike t=0] cpu=30.0, msd=3
⚠️ [DDoS/Spike t=0] cpu=30.0, msd=3
⚠️ [DDoS/Spike t=0] cpu=30.0, msd=3
⚠️ [DDoS/Spike t=0] cpu=30.0, msd=3
⚠️ [DDoS/Spike t=0] cpu=30.0, msd=3
⚠️ [DDoS/Spike t=0] cpu=30.0, msd=3
⚠️ [DDoS/Spike t=0] cpu=30.0, msd=3
⚠️ [DDoS/Spike t=0] cpu=30.0, msd=3
⚠️ [DDoS/Spike t=0] cpu=30.0, msd=3
⚠️ [DDoS/Spike t=0] cpu=30.0, msd=3
⚠️ [DDoS/Spike t=0] cpu=30.0, msd=3
⚠️ [DDoS/Spike t=0] cpu=30.0, msd=3
⚠️ [DDoS/Spike t=0] cpu=30.0, msd=3
⚠️ [DDoS/Spike t=0] cpu=30.0, msd=3
⚠️ [DDoS/Spike t=0] cpu=30.0, msd=3
⚠️ [DDoS/Spike t=0] cpu=30.0, msd=3
⚠️ [DDoS/Spike t=0] cpu=30.0, msd=3
⚠️ [DDoS/Spike t=0] cpu=30.0, msd=3
⚠️ [DDoS/Spike t=0] cpu=30.0, msd=3
-----------------------------------------
| rollout/                |             |
|    ep_len_mean          | 100         |
|    ep_rew_mean          | -3.09e+03   |
| time/                   |             |
|    fps                  | 182         |
|    iterations           | 212         |
|    time_elapsed         | 2377        |
|    total_timesteps      | 434176      |
| train/                  |             |
|    approx_kl            | 0.010875348 |
|    clip_fraction        | 0.102       |
|    clip_range           | 0.2         |
|    entropy_loss         | -2.49       |
|    explained_variance   | 0           |
|    learning_rate        | 0.0003      |
|    loss                 | 3.35e+05    |
|    n_updates            | 2110        |
|    policy_gradient_loss | -0.0044     |
|    value_loss           | 6.53e+05    |
-----------------------------------------
⚠️ [DDoS/Spike t=0] cpu=30.0, msd=3
⚠️ [DDoS/Spike t=0] cpu=30.0, msd=3
⚠️ [DDoS/Spike t=0] cpu=30.0, msd=3
⚠️ [DDoS/Spike t=0] cpu=30.0, msd=3
⚠️ [DDoS/Spike t=0] cpu=30.0, msd=3
⚠️ [DDoS/Spike t=0] cpu=30.0, msd=3
⚠️ [DDoS/Spike t=0] cpu=30.0, msd=3
⚠️ [DDoS/Spike t=0] cpu=30.0, msd=3
⚠️ [DDoS/Spike t=0] cpu=30.0, msd=3
⚠️ [DDoS/Spike t=0] cpu=30.0, msd=3
⚠️ [DDoS/Spike t=0] cpu=30.0, msd=3
⚠️ [DDoS/Spike t=0] cpu=30.0, msd=3
⚠️ [DDoS/Spike t=0] cpu=30.0, msd=3
⚠️ [DDoS/Spike t=0] cpu=30.0, msd=3
⚠️ [DDoS/Spike t=0] cpu=30.0, msd=3
⚠️ [DDoS/Spike t=0] cpu=30.0, msd=3
⚠️ [DDoS/Spike t=0] cpu=30.0, msd=3
⚠️ [DDoS/Spike t=0] cpu=30.0, msd=3
⚠️ [DDoS/Spike t=0] cpu=30.0, msd=3
⚠️ [DDoS/Spike t=0] cpu=30.0, msd=3
⚠️ [DDoS/Spike t=0] cpu=30.0, msd=3
-----------------------------------------
| rollout/                |             |
|    ep_len_mean          | 100         |
|    ep_rew_mean          | -3.14e+03   |
| time/                   |             |
|    fps                  | 182         |
|    iterations           | 213         |
|    time_elapsed         | 2384        |
|    total_timesteps      | 436224      |
| train/                  |             |
|    approx_kl            | 0.030327113 |
|    clip_fraction        | 0.391       |
|    clip_range           | 0.2         |
|    entropy_loss         | -2.41       |
|    explained_variance   | 0           |
|    learning_rate        | 0.0003      |
|    loss                 | 3.87e+05    |
|    n_updates            | 2120        |
|    policy_gradient_loss | 0.02        |
|    value_loss           | 6.57e+05    |
-----------------------------------------
⚠️ [DDoS/Spike t=0] cpu=30.0, msd=3
⚠️ [DDoS/Spike t=0] cpu=30.0, msd=3
⚠️ [DDoS/Spike t=0] cpu=30.0, msd=3
⚠️ [DDoS/Spike t=0] cpu=30.0, msd=3
⚠️ [DDoS/Spike t=0] cpu=30.0, msd=3
⚠️ [DDoS/Spike t=0] cpu=30.0, msd=3
⚠️ [DDoS/Spike t=0] cpu=30.0, msd=3
⚠️ [DDoS/Spike t=0] cpu=30.0, msd=3
⚠️ [DDoS/Spike t=0] cpu=30.0, msd=3
⚠️ [DDoS/Spike t=0] cpu=30.0, msd=3
⚠️ [DDoS/Spike t=0] cpu=30.0, msd=3
⚠️ [DDoS/Spike t=0] cpu=30.0, msd=3
⚠️ [DDoS/Spike t=0] cpu=30.0, msd=3
⚠️ [DDoS/Spike t=0] cpu=30.0, msd=3
⚠️ [DDoS/Spike t=0] cpu=30.0, msd=3
⚠️ [DDoS/Spike t=0] cpu=30.0, msd=3
⚠️ [DDoS/Spike t=0] cpu=30.0, msd=3
⚠️ [DDoS/Spike t=0] cpu=30.0, msd=3
⚠️ [DDoS/Spike t=0] cpu=30.0, msd=3
⚠️ [DDoS/Spike t=0] cpu=30.0, msd=3
-----------------------------------------
| rollout/                |             |
|    ep_len_mean          | 100         |
|    ep_rew_mean          | -3.04e+03   |
| time/                   |             |
|    fps                  | 183         |
|    iterations           | 214         |
|    time_elapsed         | 2392        |
|    total_timesteps      | 438272      |
| train/                  |             |
|    approx_kl            | 0.011015873 |
|    clip_fraction        | 0.0682      |
|    clip_range           | 0.2         |
|    entropy_loss         | -2.42       |
|    explained_variance   | 0           |
|    learning_rate        | 0.0003      |
|    loss                 | 3.44e+05    |
|    n_updates            | 2130        |
|    policy_gradient_loss | -0.00595    |
|    value_loss           | 6.56e+05    |
-----------------------------------------
⚠️ [DDoS/Spike t=0] cpu=30.0, msd=3
⚠️ [DDoS/Spike t=0] cpu=30.0, msd=3
⚠️ [DDoS/Spike t=0] cpu=30.0, msd=3
⚠️ [DDoS/Spike t=0] cpu=30.0, msd=3
⚠️ [DDoS/Spike t=0] cpu=30.0, msd=3
⚠️ [DDoS/Spike t=0] cpu=30.0, msd=3
⚠️ [DDoS/Spike t=0] cpu=30.0, msd=3
⚠️ [DDoS/Spike t=0] cpu=30.0, msd=3
⚠️ [DDoS/Spike t=0] cpu=30.0, msd=3
⚠️ [DDoS/Spike t=0] cpu=30.0, msd=3
⚠️ [DDoS/Spike t=0] cpu=30.0, msd=3
⚠️ [DDoS/Spike t=0] cpu=30.0, msd=3
⚠️ [DDoS/Spike t=0] cpu=30.0, msd=3
⚠️ [DDoS/Spike t=0] cpu=30.0, msd=3
⚠️ [DDoS/Spike t=0] cpu=30.0, msd=3
⚠️ [DDoS/Spike t=0] cpu=30.0, msd=3
⚠️ [DDoS/Spike t=0] cpu=30.0, msd=3
⚠️ [DDoS/Spike t=0] cpu=30.0, msd=3
⚠️ [DDoS/Spike t=0] cpu=30.0, msd=3
⚠️ [DDoS/Spike t=0] cpu=30.0, msd=3
⚠️ [DDoS/Spike t=0] cpu=30.0, msd=3
⚠️ [DDoS/Spike t=0] cpu=30.0, msd=3
⚠️ [DDoS/Spike t=0] cpu=30.0, msd=3
⚠️ [DDoS/Spike t=0] cpu=30.0, msd=3
⚠️ [DDoS/Spike t=0] cpu=30.0, msd=3
⚠️ [DDoS/Spike t=0] cpu=30.0, msd=3
⚠️ [DDoS/Spike t=0] cpu=30.0, msd=3
⚠️ [DDoS/Spike t=0] cpu=30.0, msd=3
⚠️ [DDoS/Spike t=0] cpu=30.0, msd=3
⚠️ [DDoS/Spike t=0] cpu=30.0, msd=3
⚠️ [DDoS/Spike t=0] cpu=30.0, msd=3
⚠️ [DDoS/Spike t=0] cpu=30.0, msd=3
⚠️ [DDoS/Spike t=0] cpu=30.0, msd=3
⚠️ [DDoS/Spike t=0] cpu=30.0, msd=3
⚠️ [DDoS/Spike t=0] cpu=30.0, msd=3
⚠️ [DDoS/Spike t=0] cpu=30.0, msd=3
⚠️ [DDoS/Spike t=0] cpu=30.0, msd=3
Eval num_timesteps=440000, episode_reward=-2762.83 +/- 580.68
Episode length: 100.00 +/- 0.00
-----------------------------------------
| eval/                   |             |
|    mean_ep_length       | 100         |
|    mean_reward          | -2.76e+03   |
| time/                   |             |
|    total_timesteps      | 440000      |
| train/                  |             |
|    approx_kl            | 0.095520556 |
|    clip_fraction        | 0.229       |
|    clip_range           | 0.2         |
|    entropy_loss         | -2.39       |
|    explained_variance   | -2.38e-07   |
|    learning_rate        | 0.0003      |
|    loss                 | 3.12e+05    |
|    n_updates            | 2140        |
|    policy_gradient_loss | 0.0116      |
|    value_loss           | 6.34e+05    |
-----------------------------------------
⚠️ [DDoS/Spike t=0] cpu=30.0, msd=3
⚠️ [DDoS/Spike t=0] cpu=30.0, msd=3
⚠️ [DDoS/Spike t=0] cpu=30.0, msd=3
⚠️ [DDoS/Spike t=0] cpu=30.0, msd=3
----------------------------------
| rollout/           |           |
|    ep_len_mean     | 100       |
|    ep_rew_mean     | -3.03e+03 |
| time/              |           |
|    fps             | 182       |
|    iterations      | 215       |
|    time_elapsed    | 2406      |
|    total_timesteps | 440320    |
----------------------------------
⚠️ [DDoS/Spike t=0] cpu=30.0, msd=3
⚠️ [DDoS/Spike t=0] cpu=30.0, msd=3
⚠️ [DDoS/Spike t=0] cpu=30.0, msd=3
⚠️ [DDoS/Spike t=0] cpu=30.0, msd=3
⚠️ [DDoS/Spike t=0] cpu=30.0, msd=3
⚠️ [DDoS/Spike t=0] cpu=30.0, msd=3
⚠️ [DDoS/Spike t=0] cpu=30.0, msd=3
⚠️ [DDoS/Spike t=0] cpu=30.0, msd=3
⚠️ [DDoS/Spike t=0] cpu=30.0, msd=3
⚠️ [DDoS/Spike t=0] cpu=30.0, msd=3
⚠️ [DDoS/Spike t=0] cpu=30.0, msd=3
⚠️ [DDoS/Spike t=0] cpu=30.0, msd=3
⚠️ [DDoS/Spike t=0] cpu=30.0, msd=3
⚠️ [DDoS/Spike t=0] cpu=30.0, msd=3
⚠️ [DDoS/Spike t=0] cpu=30.0, msd=3
⚠️ [DDoS/Spike t=0] cpu=30.0, msd=3
⚠️ [DDoS/Spike t=0] cpu=30.0, msd=3
⚠️ [DDoS/Spike t=0] cpu=30.0, msd=3
⚠️ [DDoS/Spike t=0] cpu=30.0, msd=3
⚠️ [DDoS/Spike t=0] cpu=30.0, msd=3
------------------------------------------
| rollout/                |              |
|    ep_len_mean          | 100          |
|    ep_rew_mean          | -3.03e+03    |
| time/                   |              |
|    fps                  | 183          |
|    iterations           | 216          |
|    time_elapsed         | 2414         |
|    total_timesteps      | 442368       |
| train/                  |              |
|    approx_kl            | 0.0057261772 |
|    clip_fraction        | 0.0498       |
|    clip_range           | 0.2          |
|    entropy_loss         | -2.4         |
|    explained_variance   | 0            |
|    learning_rate        | 0.0003       |
|    loss                 | 3.8e+05      |
|    n_updates            | 2150         |
|    policy_gradient_loss | -0.00798     |
|    value_loss           | 6.98e+05     |
------------------------------------------
⚠️ [DDoS/Spike t=0] cpu=30.0, msd=3
⚠️ [DDoS/Spike t=0] cpu=30.0, msd=3
⚠️ [DDoS/Spike t=0] cpu=30.0, msd=3
⚠️ [DDoS/Spike t=0] cpu=30.0, msd=3
⚠️ [DDoS/Spike t=0] cpu=30.0, msd=3
⚠️ [DDoS/Spike t=0] cpu=30.0, msd=3
⚠️ [DDoS/Spike t=0] cpu=30.0, msd=3
⚠️ [DDoS/Spike t=0] cpu=30.0, msd=3
⚠️ [DDoS/Spike t=0] cpu=30.0, msd=3
⚠️ [DDoS/Spike t=0] cpu=30.0, msd=3
⚠️ [DDoS/Spike t=0] cpu=30.0, msd=3
⚠️ [DDoS/Spike t=0] cpu=30.0, msd=3
⚠️ [DDoS/Spike t=0] cpu=30.0, msd=3
⚠️ [DDoS/Spike t=0] cpu=30.0, msd=3
⚠️ [DDoS/Spike t=0] cpu=30.0, msd=3
⚠️ [DDoS/Spike t=0] cpu=30.0, msd=3
⚠️ [DDoS/Spike t=0] cpu=30.0, msd=3
⚠️ [DDoS/Spike t=0] cpu=30.0, msd=3
⚠️ [DDoS/Spike t=0] cpu=30.0, msd=3
⚠️ [DDoS/Spike t=0] cpu=30.0, msd=3
⚠️ [DDoS/Spike t=0] cpu=30.0, msd=3
-----------------------------------------
| rollout/                |             |
|    ep_len_mean          | 100         |
|    ep_rew_mean          | -3.03e+03   |
| time/                   |             |
|    fps                  | 183         |
|    iterations           | 217         |
|    time_elapsed         | 2426        |
|    total_timesteps      | 444416      |
| train/                  |             |
|    approx_kl            | 0.022333333 |
|    clip_fraction        | 0.152       |
|    clip_range           | 0.2         |
|    entropy_loss         | -2.41       |
|    explained_variance   | 0           |
|    learning_rate        | 0.0003      |
|    loss                 | 3.61e+05    |
|    n_updates            | 2160        |
|    policy_gradient_loss | -0.00327    |
|    value_loss           | 6.63e+05    |
-----------------------------------------
⚠️ [DDoS/Spike t=0] cpu=30.0, msd=3
⚠️ [DDoS/Spike t=0] cpu=30.0, msd=3
⚠️ [DDoS/Spike t=0] cpu=30.0, msd=3
⚠️ [DDoS/Spike t=0] cpu=30.0, msd=3
⚠️ [DDoS/Spike t=0] cpu=30.0, msd=3
⚠️ [DDoS/Spike t=0] cpu=30.0, msd=3
⚠️ [DDoS/Spike t=0] cpu=30.0, msd=3
⚠️ [DDoS/Spike t=0] cpu=30.0, msd=3
⚠️ [DDoS/Spike t=0] cpu=30.0, msd=3
⚠️ [DDoS/Spike t=0] cpu=30.0, msd=3
⚠️ [DDoS/Spike t=0] cpu=30.0, msd=3
⚠️ [DDoS/Spike t=0] cpu=30.0, msd=3
⚠️ [DDoS/Spike t=0] cpu=30.0, msd=3
⚠️ [DDoS/Spike t=0] cpu=30.0, msd=3
⚠️ [DDoS/Spike t=0] cpu=30.0, msd=3
⚠️ [DDoS/Spike t=0] cpu=30.0, msd=3
⚠️ [DDoS/Spike t=0] cpu=30.0, msd=3
⚠️ [DDoS/Spike t=0] cpu=30.0, msd=3
⚠️ [DDoS/Spike t=0] cpu=30.0, msd=3
⚠️ [DDoS/Spike t=0] cpu=30.0, msd=3
-----------------------------------------
| rollout/                |             |
|    ep_len_mean          | 100         |
|    ep_rew_mean          | -3e+03      |
| time/                   |             |
|    fps                  | 183         |
|    iterations           | 218         |
|    time_elapsed         | 2436        |
|    total_timesteps      | 446464      |
| train/                  |             |
|    approx_kl            | 0.008071419 |
|    clip_fraction        | 0.076       |
|    clip_range           | 0.2         |
|    entropy_loss         | -2.4        |
|    explained_variance   | 0           |
|    learning_rate        | 0.0003      |
|    loss                 | 3.41e+05    |
|    n_updates            | 2170        |
|    policy_gradient_loss | -0.00851    |
|    value_loss           | 6.47e+05    |
-----------------------------------------
⚠️ [DDoS/Spike t=0] cpu=30.0, msd=3
⚠️ [DDoS/Spike t=0] cpu=30.0, msd=3
⚠️ [DDoS/Spike t=0] cpu=30.0, msd=3
⚠️ [DDoS/Spike t=0] cpu=30.0, msd=3
⚠️ [DDoS/Spike t=0] cpu=30.0, msd=3
⚠️ [DDoS/Spike t=0] cpu=30.0, msd=3
⚠️ [DDoS/Spike t=0] cpu=30.0, msd=3
⚠️ [DDoS/Spike t=0] cpu=30.0, msd=3
⚠️ [DDoS/Spike t=0] cpu=30.0, msd=3
⚠️ [DDoS/Spike t=0] cpu=30.0, msd=3
⚠️ [DDoS/Spike t=0] cpu=30.0, msd=3
⚠️ [DDoS/Spike t=0] cpu=30.0, msd=3
⚠️ [DDoS/Spike t=0] cpu=30.0, msd=3
⚠️ [DDoS/Spike t=0] cpu=30.0, msd=3
⚠️ [DDoS/Spike t=0] cpu=30.0, msd=3
⚠️ [DDoS/Spike t=0] cpu=30.0, msd=3
⚠️ [DDoS/Spike t=0] cpu=30.0, msd=3
⚠️ [DDoS/Spike t=0] cpu=30.0, msd=3
⚠️ [DDoS/Spike t=0] cpu=30.0, msd=3
⚠️ [DDoS/Spike t=0] cpu=30.0, msd=3
⚠️ [DDoS/Spike t=0] cpu=30.0, msd=3
-----------------------------------------
| rollout/                |             |
|    ep_len_mean          | 100         |
|    ep_rew_mean          | -2.97e+03   |
| time/                   |             |
|    fps                  | 183         |
|    iterations           | 219         |
|    time_elapsed         | 2447        |
|    total_timesteps      | 448512      |
| train/                  |             |
|    approx_kl            | 0.038977005 |
|    clip_fraction        | 0.391       |
|    clip_range           | 0.2         |
|    entropy_loss         | -2.36       |
|    explained_variance   | 0           |
|    learning_rate        | 0.0003      |
|    loss                 | 2.74e+05    |
|    n_updates            | 2180        |
|    policy_gradient_loss | 0.0208      |
|    value_loss           | 6.33e+05    |
-----------------------------------------
⚠️ [DDoS/Spike t=0] cpu=30.0, msd=3
⚠️ [DDoS/Spike t=0] cpu=30.0, msd=3
⚠️ [DDoS/Spike t=0] cpu=30.0, msd=3
⚠️ [DDoS/Spike t=0] cpu=30.0, msd=3
⚠️ [DDoS/Spike t=0] cpu=30.0, msd=3
⚠️ [DDoS/Spike t=0] cpu=30.0, msd=3
⚠️ [DDoS/Spike t=0] cpu=30.0, msd=3
⚠️ [DDoS/Spike t=0] cpu=30.0, msd=3
⚠️ [DDoS/Spike t=0] cpu=30.0, msd=3
⚠️ [DDoS/Spike t=0] cpu=30.0, msd=3
⚠️ [DDoS/Spike t=0] cpu=30.0, msd=3
⚠️ [DDoS/Spike t=0] cpu=30.0, msd=3
⚠️ [DDoS/Spike t=0] cpu=30.0, msd=3
⚠️ [DDoS/Spike t=0] cpu=30.0, msd=3
⚠️ [DDoS/Spike t=0] cpu=30.0, msd=3
⚠️ [DDoS/Spike t=0] cpu=30.0, msd=3
⚠️ [DDoS/Spike t=0] cpu=30.0, msd=3
⚠️ [DDoS/Spike t=0] cpu=30.0, msd=3
⚠️ [DDoS/Spike t=0] cpu=30.0, msd=3
⚠️ [DDoS/Spike t=0] cpu=30.0, msd=3
⚠️ [DDoS/Spike t=0] cpu=30.0, msd=3
⚠️ [DDoS/Spike t=0] cpu=30.0, msd=3
⚠️ [DDoS/Spike t=0] cpu=30.0, msd=3
⚠️ [DDoS/Spike t=0] cpu=30.0, msd=3
⚠️ [DDoS/Spike t=0] cpu=30.0, msd=3
⚠️ [DDoS/Spike t=0] cpu=30.0, msd=3
⚠️ [DDoS/Spike t=0] cpu=30.0, msd=3
⚠️ [DDoS/Spike t=0] cpu=30.0, msd=3
⚠️ [DDoS/Spike t=0] cpu=30.0, msd=3
⚠️ [DDoS/Spike t=0] cpu=30.0, msd=3
⚠️ [DDoS/Spike t=0] cpu=30.0, msd=3
⚠️ [DDoS/Spike t=0] cpu=30.0, msd=3
⚠️ [DDoS/Spike t=0] cpu=30.0, msd=3
⚠️ [DDoS/Spike t=0] cpu=30.0, msd=3
Eval num_timesteps=450000, episode_reward=-2308.21 +/- 957.05
Episode length: 100.00 +/- 0.00
-----------------------------------------
| eval/                   |             |
|    mean_ep_length       | 100         |
|    mean_reward          | -2.31e+03   |
| time/                   |             |
|    total_timesteps      | 450000      |
| train/                  |             |
|    approx_kl            | 0.038931213 |
|    clip_fraction        | 0.411       |
|    clip_range           | 0.2         |
|    entropy_loss         | -2.41       |
|    explained_variance   | 0           |
|    learning_rate        | 0.0003      |
|    loss                 | 2.78e+05    |
|    n_updates            | 2190        |
|    policy_gradient_loss | 0.0252      |
|    value_loss           | 5.82e+05    |
-----------------------------------------
⚠️ [DDoS/Spike t=0] cpu=30.0, msd=3
⚠️ [DDoS/Spike t=0] cpu=30.0, msd=3
⚠️ [DDoS/Spike t=0] cpu=30.0, msd=3
⚠️ [DDoS/Spike t=0] cpu=30.0, msd=3
⚠️ [DDoS/Spike t=0] cpu=30.0, msd=3
⚠️ [DDoS/Spike t=0] cpu=30.0, msd=3
----------------------------------
| rollout/           |           |
|    ep_len_mean     | 100       |
|    ep_rew_mean     | -2.97e+03 |
| time/              |           |
|    fps             | 183       |
|    iterations      | 220       |
|    time_elapsed    | 2459      |
|    total_timesteps | 450560    |
----------------------------------
⚠️ [DDoS/Spike t=0] cpu=30.0, msd=3
⚠️ [DDoS/Spike t=0] cpu=30.0, msd=3
⚠️ [DDoS/Spike t=0] cpu=30.0, msd=3
⚠️ [DDoS/Spike t=0] cpu=30.0, msd=3
⚠️ [DDoS/Spike t=0] cpu=30.0, msd=3
⚠️ [DDoS/Spike t=0] cpu=30.0, msd=3
⚠️ [DDoS/Spike t=0] cpu=30.0, msd=3
⚠️ [DDoS/Spike t=0] cpu=30.0, msd=3
⚠️ [DDoS/Spike t=0] cpu=30.0, msd=3
⚠️ [DDoS/Spike t=0] cpu=30.0, msd=3
⚠️ [DDoS/Spike t=0] cpu=30.0, msd=3
⚠️ [DDoS/Spike t=0] cpu=30.0, msd=3
⚠️ [DDoS/Spike t=0] cpu=30.0, msd=3
⚠️ [DDoS/Spike t=0] cpu=30.0, msd=3
⚠️ [DDoS/Spike t=0] cpu=30.0, msd=3
⚠️ [DDoS/Spike t=0] cpu=30.0, msd=3
⚠️ [DDoS/Spike t=0] cpu=30.0, msd=3
⚠️ [DDoS/Spike t=0] cpu=30.0, msd=3
⚠️ [DDoS/Spike t=0] cpu=30.0, msd=3
⚠️ [DDoS/Spike t=0] cpu=30.0, msd=3
⚠️ [DDoS/Spike t=0] cpu=30.0, msd=3
-----------------------------------------
| rollout/                |             |
|    ep_len_mean          | 100         |
|    ep_rew_mean          | -2.89e+03   |
| time/                   |             |
|    fps                  | 183         |
|    iterations           | 221         |
|    time_elapsed         | 2472        |
|    total_timesteps      | 452608      |
| train/                  |             |
|    approx_kl            | 0.013006907 |
|    clip_fraction        | 0.179       |
|    clip_range           | 0.2         |
|    entropy_loss         | -2.39       |
|    explained_variance   | 0           |
|    learning_rate        | 0.0003      |
|    loss                 | 3.61e+05    |
|    n_updates            | 2200        |
|    policy_gradient_loss | -0.0042     |
|    value_loss           | 6.58e+05    |
-----------------------------------------
⚠️ [DDoS/Spike t=0] cpu=30.0, msd=3
⚠️ [DDoS/Spike t=0] cpu=30.0, msd=3
⚠️ [DDoS/Spike t=0] cpu=30.0, msd=3
⚠️ [DDoS/Spike t=0] cpu=30.0, msd=3
⚠️ [DDoS/Spike t=0] cpu=30.0, msd=3
⚠️ [DDoS/Spike t=0] cpu=30.0, msd=3
⚠️ [DDoS/Spike t=0] cpu=30.0, msd=3
⚠️ [DDoS/Spike t=0] cpu=30.0, msd=3
⚠️ [DDoS/Spike t=0] cpu=30.0, msd=3
⚠️ [DDoS/Spike t=0] cpu=30.0, msd=3
⚠️ [DDoS/Spike t=0] cpu=30.0, msd=3
⚠️ [DDoS/Spike t=0] cpu=30.0, msd=3
⚠️ [DDoS/Spike t=0] cpu=30.0, msd=3
⚠️ [DDoS/Spike t=0] cpu=30.0, msd=3
⚠️ [DDoS/Spike t=0] cpu=30.0, msd=3
⚠️ [DDoS/Spike t=0] cpu=30.0, msd=3
⚠️ [DDoS/Spike t=0] cpu=30.0, msd=3
⚠️ [DDoS/Spike t=0] cpu=30.0, msd=3
⚠️ [DDoS/Spike t=0] cpu=30.0, msd=3
⚠️ [DDoS/Spike t=0] cpu=30.0, msd=3
----------------------------------------
| rollout/                |            |
|    ep_len_mean          | 100        |
|    ep_rew_mean          | -2.86e+03  |
| time/                   |            |
|    fps                  | 182        |
|    iterations           | 222        |
|    time_elapsed         | 2485       |
|    total_timesteps      | 454656     |
| train/                  |            |
|    approx_kl            | 0.04288096 |
|    clip_fraction        | 0.503      |
|    clip_range           | 0.2        |
|    entropy_loss         | -2.36      |
|    explained_variance   | 0          |
|    learning_rate        | 0.0003     |
|    loss                 | 3.43e+05   |
|    n_updates            | 2210       |
|    policy_gradient_loss | 0.0399     |
|    value_loss           | 6.34e+05   |
----------------------------------------
⚠️ [DDoS/Spike t=0] cpu=30.0, msd=3
⚠️ [DDoS/Spike t=0] cpu=30.0, msd=3
⚠️ [DDoS/Spike t=0] cpu=30.0, msd=3
⚠️ [DDoS/Spike t=0] cpu=30.0, msd=3
⚠️ [DDoS/Spike t=0] cpu=30.0, msd=3
⚠️ [DDoS/Spike t=0] cpu=30.0, msd=3
⚠️ [DDoS/Spike t=0] cpu=30.0, msd=3
⚠️ [DDoS/Spike t=0] cpu=30.0, msd=3
⚠️ [DDoS/Spike t=0] cpu=30.0, msd=3
⚠️ [DDoS/Spike t=0] cpu=30.0, msd=3
⚠️ [DDoS/Spike t=0] cpu=30.0, msd=3
⚠️ [DDoS/Spike t=0] cpu=30.0, msd=3
⚠️ [DDoS/Spike t=0] cpu=30.0, msd=3
⚠️ [DDoS/Spike t=0] cpu=30.0, msd=3
⚠️ [DDoS/Spike t=0] cpu=30.0, msd=3
⚠️ [DDoS/Spike t=0] cpu=30.0, msd=3
⚠️ [DDoS/Spike t=0] cpu=30.0, msd=3
⚠️ [DDoS/Spike t=0] cpu=30.0, msd=3
⚠️ [DDoS/Spike t=0] cpu=30.0, msd=3
⚠️ [DDoS/Spike t=0] cpu=30.0, msd=3
⚠️ [DDoS/Spike t=0] cpu=30.0, msd=3
-----------------------------------------
| rollout/                |             |
|    ep_len_mean          | 100         |
|    ep_rew_mean          | -2.9e+03    |
| time/                   |             |
|    fps                  | 182         |
|    iterations           | 223         |
|    time_elapsed         | 2497        |
|    total_timesteps      | 456704      |
| train/                  |             |
|    approx_kl            | 0.011885239 |
|    clip_fraction        | 0.167       |
|    clip_range           | 0.2         |
|    entropy_loss         | -2.38       |
|    explained_variance   | 0           |
|    learning_rate        | 0.0003      |
|    loss                 | 3.46e+05    |
|    n_updates            | 2220        |
|    policy_gradient_loss | 0.00343     |
|    value_loss           | 6.53e+05    |
-----------------------------------------
⚠️ [DDoS/Spike t=0] cpu=30.0, msd=3
⚠️ [DDoS/Spike t=0] cpu=30.0, msd=3
⚠️ [DDoS/Spike t=0] cpu=30.0, msd=3
⚠️ [DDoS/Spike t=0] cpu=30.0, msd=3
⚠️ [DDoS/Spike t=0] cpu=30.0, msd=3
⚠️ [DDoS/Spike t=0] cpu=30.0, msd=3
⚠️ [DDoS/Spike t=0] cpu=30.0, msd=3
⚠️ [DDoS/Spike t=0] cpu=30.0, msd=3
⚠️ [DDoS/Spike t=0] cpu=30.0, msd=3
⚠️ [DDoS/Spike t=0] cpu=30.0, msd=3
⚠️ [DDoS/Spike t=0] cpu=30.0, msd=3
⚠️ [DDoS/Spike t=0] cpu=30.0, msd=3
⚠️ [DDoS/Spike t=0] cpu=30.0, msd=3
⚠️ [DDoS/Spike t=0] cpu=30.0, msd=3
⚠️ [DDoS/Spike t=0] cpu=30.0, msd=3
⚠️ [DDoS/Spike t=0] cpu=30.0, msd=3
⚠️ [DDoS/Spike t=0] cpu=30.0, msd=3
⚠️ [DDoS/Spike t=0] cpu=30.0, msd=3
⚠️ [DDoS/Spike t=0] cpu=30.0, msd=3
⚠️ [DDoS/Spike t=0] cpu=30.0, msd=3
-----------------------------------------
| rollout/                |             |
|    ep_len_mean          | 100         |
|    ep_rew_mean          | -2.94e+03   |
| time/                   |             |
|    fps                  | 182         |
|    iterations           | 224         |
|    time_elapsed         | 2510        |
|    total_timesteps      | 458752      |
| train/                  |             |
|    approx_kl            | 0.011479229 |
|    clip_fraction        | 0.309       |
|    clip_range           | 0.2         |
|    entropy_loss         | -2.39       |
|    explained_variance   | 0           |
|    learning_rate        | 0.0003      |
|    loss                 | 3.56e+05    |
|    n_updates            | 2230        |
|    policy_gradient_loss | 0.0147      |
|    value_loss           | 6.67e+05    |
-----------------------------------------
⚠️ [DDoS/Spike t=0] cpu=30.0, msd=3
⚠️ [DDoS/Spike t=0] cpu=30.0, msd=3
⚠️ [DDoS/Spike t=0] cpu=30.0, msd=3
⚠️ [DDoS/Spike t=0] cpu=30.0, msd=3
⚠️ [DDoS/Spike t=0] cpu=30.0, msd=3
⚠️ [DDoS/Spike t=0] cpu=30.0, msd=3
⚠️ [DDoS/Spike t=0] cpu=30.0, msd=3
⚠️ [DDoS/Spike t=0] cpu=30.0, msd=3
⚠️ [DDoS/Spike t=0] cpu=30.0, msd=3
⚠️ [DDoS/Spike t=0] cpu=30.0, msd=3
⚠️ [DDoS/Spike t=0] cpu=30.0, msd=3
⚠️ [DDoS/Spike t=0] cpu=30.0, msd=3
⚠️ [DDoS/Spike t=0] cpu=30.0, msd=3
⚠️ [DDoS/Spike t=0] cpu=30.0, msd=3
⚠️ [DDoS/Spike t=0] cpu=30.0, msd=3
⚠️ [DDoS/Spike t=0] cpu=30.0, msd=3
⚠️ [DDoS/Spike t=0] cpu=30.0, msd=3
⚠️ [DDoS/Spike t=0] cpu=30.0, msd=3
⚠️ [DDoS/Spike t=0] cpu=30.0, msd=3
⚠️ [DDoS/Spike t=0] cpu=30.0, msd=3
⚠️ [DDoS/Spike t=0] cpu=30.0, msd=3
⚠️ [DDoS/Spike t=0] cpu=30.0, msd=3
⚠️ [DDoS/Spike t=0] cpu=30.0, msd=3
⚠️ [DDoS/Spike t=0] cpu=30.0, msd=3
⚠️ [DDoS/Spike t=0] cpu=30.0, msd=3
⚠️ [DDoS/Spike t=0] cpu=30.0, msd=3
⚠️ [DDoS/Spike t=0] cpu=30.0, msd=3
⚠️ [DDoS/Spike t=0] cpu=30.0, msd=3
⚠️ [DDoS/Spike t=0] cpu=30.0, msd=3
⚠️ [DDoS/Spike t=0] cpu=30.0, msd=3
⚠️ [DDoS/Spike t=0] cpu=30.0, msd=3
⚠️ [DDoS/Spike t=0] cpu=30.0, msd=3
Eval num_timesteps=460000, episode_reward=-1675.21 +/- 663.50
Episode length: 100.00 +/- 0.00
-----------------------------------------
| eval/                   |             |
|    mean_ep_length       | 100         |
|    mean_reward          | -1.68e+03   |
| time/                   |             |
|    total_timesteps      | 460000      |
| train/                  |             |
|    approx_kl            | 0.013479322 |
|    clip_fraction        | 0.0694      |
|    clip_range           | 0.2         |
|    entropy_loss         | -2.39       |
|    explained_variance   | 0           |
|    learning_rate        | 0.0003      |
|    loss                 | 3.79e+05    |
|    n_updates            | 2240        |
|    policy_gradient_loss | -0.0037     |
|    value_loss           | 6.46e+05    |
-----------------------------------------
New best mean reward!
⚠️ [DDoS/Spike t=0] cpu=30.0, msd=3
⚠️ [DDoS/Spike t=0] cpu=30.0, msd=3
⚠️ [DDoS/Spike t=0] cpu=30.0, msd=3
⚠️ [DDoS/Spike t=0] cpu=30.0, msd=3
⚠️ [DDoS/Spike t=0] cpu=30.0, msd=3
⚠️ [DDoS/Spike t=0] cpu=30.0, msd=3
⚠️ [DDoS/Spike t=0] cpu=30.0, msd=3
⚠️ [DDoS/Spike t=0] cpu=30.0, msd=3
----------------------------------
| rollout/           |           |
|    ep_len_mean     | 100       |
|    ep_rew_mean     | -2.95e+03 |
| time/              |           |
|    fps             | 182       |
|    iterations      | 225       |
|    time_elapsed    | 2519      |
|    total_timesteps | 460800    |
----------------------------------
⚠️ [DDoS/Spike t=0] cpu=30.0, msd=3
⚠️ [DDoS/Spike t=0] cpu=30.0, msd=3
⚠️ [DDoS/Spike t=0] cpu=30.0, msd=3
⚠️ [DDoS/Spike t=0] cpu=30.0, msd=3
⚠️ [DDoS/Spike t=0] cpu=30.0, msd=3
⚠️ [DDoS/Spike t=0] cpu=30.0, msd=3
⚠️ [DDoS/Spike t=0] cpu=30.0, msd=3
⚠️ [DDoS/Spike t=0] cpu=30.0, msd=3
⚠️ [DDoS/Spike t=0] cpu=30.0, msd=3
⚠️ [DDoS/Spike t=0] cpu=30.0, msd=3
⚠️ [DDoS/Spike t=0] cpu=30.0, msd=3
⚠️ [DDoS/Spike t=0] cpu=30.0, msd=3
⚠️ [DDoS/Spike t=0] cpu=30.0, msd=3
⚠️ [DDoS/Spike t=0] cpu=30.0, msd=3
⚠️ [DDoS/Spike t=0] cpu=30.0, msd=3
⚠️ [DDoS/Spike t=0] cpu=30.0, msd=3
⚠️ [DDoS/Spike t=0] cpu=30.0, msd=3
⚠️ [DDoS/Spike t=0] cpu=30.0, msd=3
⚠️ [DDoS/Spike t=0] cpu=30.0, msd=3
⚠️ [DDoS/Spike t=0] cpu=30.0, msd=3
⚠️ [DDoS/Spike t=0] cpu=30.0, msd=3
-----------------------------------------
| rollout/                |             |
|    ep_len_mean          | 100         |
|    ep_rew_mean          | -2.95e+03   |
| time/                   |             |
|    fps                  | 182         |
|    iterations           | 226         |
|    time_elapsed         | 2530        |
|    total_timesteps      | 462848      |
| train/                  |             |
|    approx_kl            | 0.041960426 |
|    clip_fraction        | 0.231       |
|    clip_range           | 0.2         |
|    entropy_loss         | -2.39       |
|    explained_variance   | 1.19e-07    |
|    learning_rate        | 0.0003      |
|    loss                 | 3.33e+05    |
|    n_updates            | 2250        |
|    policy_gradient_loss | 0.003       |
|    value_loss           | 6.33e+05    |
-----------------------------------------
⚠️ [DDoS/Spike t=0] cpu=30.0, msd=3
⚠️ [DDoS/Spike t=0] cpu=30.0, msd=3
⚠️ [DDoS/Spike t=0] cpu=30.0, msd=3
⚠️ [DDoS/Spike t=0] cpu=30.0, msd=3
⚠️ [DDoS/Spike t=0] cpu=30.0, msd=3
⚠️ [DDoS/Spike t=0] cpu=30.0, msd=3
⚠️ [DDoS/Spike t=0] cpu=30.0, msd=3
⚠️ [DDoS/Spike t=0] cpu=30.0, msd=3
⚠️ [DDoS/Spike t=0] cpu=30.0, msd=3
⚠️ [DDoS/Spike t=0] cpu=30.0, msd=3
⚠️ [DDoS/Spike t=0] cpu=30.0, msd=3
⚠️ [DDoS/Spike t=0] cpu=30.0, msd=3
⚠️ [DDoS/Spike t=0] cpu=30.0, msd=3
⚠️ [DDoS/Spike t=0] cpu=30.0, msd=3
⚠️ [DDoS/Spike t=0] cpu=30.0, msd=3
⚠️ [DDoS/Spike t=0] cpu=30.0, msd=3
⚠️ [DDoS/Spike t=0] cpu=30.0, msd=3
⚠️ [DDoS/Spike t=0] cpu=30.0, msd=3
⚠️ [DDoS/Spike t=0] cpu=30.0, msd=3
⚠️ [DDoS/Spike t=0] cpu=30.0, msd=3
----------------------------------------
| rollout/                |            |
|    ep_len_mean          | 100        |
|    ep_rew_mean          | -2.94e+03  |
| time/                   |            |
|    fps                  | 182        |
|    iterations           | 227        |
|    time_elapsed         | 2543       |
|    total_timesteps      | 464896     |
| train/                  |            |
|    approx_kl            | 0.01255912 |
|    clip_fraction        | 0.0584     |
|    clip_range           | 0.2        |
|    entropy_loss         | -2.39      |
|    explained_variance   | 0          |
|    learning_rate        | 0.0003     |
|    loss                 | 2.64e+05   |
|    n_updates            | 2260       |
|    policy_gradient_loss | -0.00428   |
|    value_loss           | 6.06e+05   |
----------------------------------------
⚠️ [DDoS/Spike t=0] cpu=30.0, msd=3
⚠️ [DDoS/Spike t=0] cpu=30.0, msd=3
⚠️ [DDoS/Spike t=0] cpu=30.0, msd=3
⚠️ [DDoS/Spike t=0] cpu=30.0, msd=3
⚠️ [DDoS/Spike t=0] cpu=30.0, msd=3
⚠️ [DDoS/Spike t=0] cpu=30.0, msd=3
⚠️ [DDoS/Spike t=0] cpu=30.0, msd=3
⚠️ [DDoS/Spike t=0] cpu=30.0, msd=3
⚠️ [DDoS/Spike t=0] cpu=30.0, msd=3
⚠️ [DDoS/Spike t=0] cpu=30.0, msd=3
⚠️ [DDoS/Spike t=0] cpu=30.0, msd=3
⚠️ [DDoS/Spike t=0] cpu=30.0, msd=3
⚠️ [DDoS/Spike t=0] cpu=30.0, msd=3
⚠️ [DDoS/Spike t=0] cpu=30.0, msd=3
⚠️ [DDoS/Spike t=0] cpu=30.0, msd=3
⚠️ [DDoS/Spike t=0] cpu=30.0, msd=3
⚠️ [DDoS/Spike t=0] cpu=30.0, msd=3
⚠️ [DDoS/Spike t=0] cpu=30.0, msd=3
⚠️ [DDoS/Spike t=0] cpu=30.0, msd=3
⚠️ [DDoS/Spike t=0] cpu=30.0, msd=3
⚠️ [DDoS/Spike t=0] cpu=30.0, msd=3
-----------------------------------------
| rollout/                |             |
|    ep_len_mean          | 100         |
|    ep_rew_mean          | -2.91e+03   |
| time/                   |             |
|    fps                  | 182         |
|    iterations           | 228         |
|    time_elapsed         | 2556        |
|    total_timesteps      | 466944      |
| train/                  |             |
|    approx_kl            | 0.010850977 |
|    clip_fraction        | 0.0379      |
|    clip_range           | 0.2         |
|    entropy_loss         | -2.39       |
|    explained_variance   | 0           |
|    learning_rate        | 0.0003      |
|    loss                 | 3.76e+05    |
|    n_updates            | 2270        |
|    policy_gradient_loss | -0.00491    |
|    value_loss           | 6.06e+05    |
-----------------------------------------
⚠️ [DDoS/Spike t=0] cpu=30.0, msd=3
⚠️ [DDoS/Spike t=0] cpu=30.0, msd=3
⚠️ [DDoS/Spike t=0] cpu=30.0, msd=3
⚠️ [DDoS/Spike t=0] cpu=30.0, msd=3
⚠️ [DDoS/Spike t=0] cpu=30.0, msd=3
⚠️ [DDoS/Spike t=0] cpu=30.0, msd=3
⚠️ [DDoS/Spike t=0] cpu=30.0, msd=3
⚠️ [DDoS/Spike t=0] cpu=30.0, msd=3
⚠️ [DDoS/Spike t=0] cpu=30.0, msd=3
⚠️ [DDoS/Spike t=0] cpu=30.0, msd=3
⚠️ [DDoS/Spike t=0] cpu=30.0, msd=3
⚠️ [DDoS/Spike t=0] cpu=30.0, msd=3
⚠️ [DDoS/Spike t=0] cpu=30.0, msd=3
⚠️ [DDoS/Spike t=0] cpu=30.0, msd=3
⚠️ [DDoS/Spike t=0] cpu=30.0, msd=3
⚠️ [DDoS/Spike t=0] cpu=30.0, msd=3
⚠️ [DDoS/Spike t=0] cpu=30.0, msd=3
⚠️ [DDoS/Spike t=0] cpu=30.0, msd=3
⚠️ [DDoS/Spike t=0] cpu=30.0, msd=3
⚠️ [DDoS/Spike t=0] cpu=30.0, msd=3
-----------------------------------------
| rollout/                |             |
|    ep_len_mean          | 100         |
|    ep_rew_mean          | -2.89e+03   |
| time/                   |             |
|    fps                  | 182         |
|    iterations           | 229         |
|    time_elapsed         | 2570        |
|    total_timesteps      | 468992      |
| train/                  |             |
|    approx_kl            | 0.005313418 |
|    clip_fraction        | 0.0447      |
|    clip_range           | 0.2         |
|    entropy_loss         | -2.39       |
|    explained_variance   | 0           |
|    learning_rate        | 0.0003      |
|    loss                 | 3.21e+05    |
|    n_updates            | 2280        |
|    policy_gradient_loss | -0.00692    |
|    value_loss           | 6.21e+05    |
-----------------------------------------
⚠️ [DDoS/Spike t=0] cpu=30.0, msd=3
⚠️ [DDoS/Spike t=0] cpu=30.0, msd=3
⚠️ [DDoS/Spike t=0] cpu=30.0, msd=3
⚠️ [DDoS/Spike t=0] cpu=30.0, msd=3
⚠️ [DDoS/Spike t=0] cpu=30.0, msd=3
⚠️ [DDoS/Spike t=0] cpu=30.0, msd=3
⚠️ [DDoS/Spike t=0] cpu=30.0, msd=3
⚠️ [DDoS/Spike t=0] cpu=30.0, msd=3
⚠️ [DDoS/Spike t=0] cpu=30.0, msd=3
⚠️ [DDoS/Spike t=0] cpu=30.0, msd=3
⚠️ [DDoS/Spike t=0] cpu=30.0, msd=3
⚠️ [DDoS/Spike t=0] cpu=30.0, msd=3
⚠️ [DDoS/Spike t=0] cpu=30.0, msd=3
⚠️ [DDoS/Spike t=0] cpu=30.0, msd=3
⚠️ [DDoS/Spike t=0] cpu=30.0, msd=3
⚠️ [DDoS/Spike t=0] cpu=30.0, msd=3
⚠️ [DDoS/Spike t=0] cpu=30.0, msd=3
⚠️ [DDoS/Spike t=0] cpu=30.0, msd=3
⚠️ [DDoS/Spike t=0] cpu=30.0, msd=3
⚠️ [DDoS/Spike t=0] cpu=30.0, msd=3
⚠️ [DDoS/Spike t=0] cpu=30.0, msd=3
⚠️ [DDoS/Spike t=0] cpu=30.0, msd=3
⚠️ [DDoS/Spike t=0] cpu=30.0, msd=3
⚠️ [DDoS/Spike t=0] cpu=30.0, msd=3
⚠️ [DDoS/Spike t=0] cpu=30.0, msd=3
⚠️ [DDoS/Spike t=0] cpu=30.0, msd=3
⚠️ [DDoS/Spike t=0] cpu=30.0, msd=3
⚠️ [DDoS/Spike t=0] cpu=30.0, msd=3
⚠️ [DDoS/Spike t=0] cpu=30.0, msd=3
⚠️ [DDoS/Spike t=0] cpu=30.0, msd=3
Eval num_timesteps=470000, episode_reward=-2279.29 +/- 798.94
Episode length: 100.00 +/- 0.00
------------------------------------------
| eval/                   |              |
|    mean_ep_length       | 100          |
|    mean_reward          | -2.28e+03    |
| time/                   |              |
|    total_timesteps      | 470000       |
| train/                  |              |
|    approx_kl            | 0.0054575833 |
|    clip_fraction        | 0.0545       |
|    clip_range           | 0.2          |
|    entropy_loss         | -2.38        |
|    explained_variance   | 0            |
|    learning_rate        | 0.0003       |
|    loss                 | 2.66e+05     |
|    n_updates            | 2290         |
|    policy_gradient_loss | -0.00684     |
|    value_loss           | 6.48e+05     |
------------------------------------------
⚠️ [DDoS/Spike t=0] cpu=30.0, msd=3
⚠️ [DDoS/Spike t=0] cpu=30.0, msd=3
⚠️ [DDoS/Spike t=0] cpu=30.0, msd=3
⚠️ [DDoS/Spike t=0] cpu=30.0, msd=3
⚠️ [DDoS/Spike t=0] cpu=30.0, msd=3
⚠️ [DDoS/Spike t=0] cpu=30.0, msd=3
⚠️ [DDoS/Spike t=0] cpu=30.0, msd=3
⚠️ [DDoS/Spike t=0] cpu=30.0, msd=3
⚠️ [DDoS/Spike t=0] cpu=30.0, msd=3
⚠️ [DDoS/Spike t=0] cpu=30.0, msd=3
⚠️ [DDoS/Spike t=0] cpu=30.0, msd=3
----------------------------------
| rollout/           |           |
|    ep_len_mean     | 100       |
|    ep_rew_mean     | -2.83e+03 |
| time/              |           |
|    fps             | 182       |
|    iterations      | 230       |
|    time_elapsed    | 2582      |
|    total_timesteps | 471040    |
----------------------------------
⚠️ [DDoS/Spike t=0] cpu=30.0, msd=3
⚠️ [DDoS/Spike t=0] cpu=30.0, msd=3
⚠️ [DDoS/Spike t=0] cpu=30.0, msd=3
⚠️ [DDoS/Spike t=0] cpu=30.0, msd=3
⚠️ [DDoS/Spike t=0] cpu=30.0, msd=3
⚠️ [DDoS/Spike t=0] cpu=30.0, msd=3
⚠️ [DDoS/Spike t=0] cpu=30.0, msd=3
⚠️ [DDoS/Spike t=0] cpu=30.0, msd=3
⚠️ [DDoS/Spike t=0] cpu=30.0, msd=3
⚠️ [DDoS/Spike t=0] cpu=30.0, msd=3
⚠️ [DDoS/Spike t=0] cpu=30.0, msd=3
⚠️ [DDoS/Spike t=0] cpu=30.0, msd=3
⚠️ [DDoS/Spike t=0] cpu=30.0, msd=3
⚠️ [DDoS/Spike t=0] cpu=30.0, msd=3
⚠️ [DDoS/Spike t=0] cpu=30.0, msd=3
⚠️ [DDoS/Spike t=0] cpu=30.0, msd=3
⚠️ [DDoS/Spike t=0] cpu=30.0, msd=3
⚠️ [DDoS/Spike t=0] cpu=30.0, msd=3
⚠️ [DDoS/Spike t=0] cpu=30.0, msd=3
⚠️ [DDoS/Spike t=0] cpu=30.0, msd=3
-----------------------------------------
| rollout/                |             |
|    ep_len_mean          | 100         |
|    ep_rew_mean          | -2.75e+03   |
| time/                   |             |
|    fps                  | 182         |
|    iterations           | 231         |
|    time_elapsed         | 2597        |
|    total_timesteps      | 473088      |
| train/                  |             |
|    approx_kl            | 0.019605644 |
|    clip_fraction        | 0.308       |
|    clip_range           | 0.2         |
|    entropy_loss         | -2.33       |
|    explained_variance   | -1.19e-07   |
|    learning_rate        | 0.0003      |
|    loss                 | 3.34e+05    |
|    n_updates            | 2300        |
|    policy_gradient_loss | 0.0112      |
|    value_loss           | 5.97e+05    |
-----------------------------------------
⚠️ [DDoS/Spike t=0] cpu=30.0, msd=3
⚠️ [DDoS/Spike t=0] cpu=30.0, msd=3
⚠️ [DDoS/Spike t=0] cpu=30.0, msd=3
⚠️ [DDoS/Spike t=0] cpu=30.0, msd=3
⚠️ [DDoS/Spike t=0] cpu=30.0, msd=3
⚠️ [DDoS/Spike t=0] cpu=30.0, msd=3
⚠️ [DDoS/Spike t=0] cpu=30.0, msd=3
⚠️ [DDoS/Spike t=0] cpu=30.0, msd=3
⚠️ [DDoS/Spike t=0] cpu=30.0, msd=3
⚠️ [DDoS/Spike t=0] cpu=30.0, msd=3
⚠️ [DDoS/Spike t=0] cpu=30.0, msd=3
⚠️ [DDoS/Spike t=0] cpu=30.0, msd=3
⚠️ [DDoS/Spike t=0] cpu=30.0, msd=3
⚠️ [DDoS/Spike t=0] cpu=30.0, msd=3
⚠️ [DDoS/Spike t=0] cpu=30.0, msd=3
⚠️ [DDoS/Spike t=0] cpu=30.0, msd=3
⚠️ [DDoS/Spike t=0] cpu=30.0, msd=3
⚠️ [DDoS/Spike t=0] cpu=30.0, msd=3
⚠️ [DDoS/Spike t=0] cpu=30.0, msd=3
⚠️ [DDoS/Spike t=0] cpu=30.0, msd=3
⚠️ [DDoS/Spike t=0] cpu=30.0, msd=3
----------------------------------------
| rollout/                |            |
|    ep_len_mean          | 100        |
|    ep_rew_mean          | -2.65e+03  |
| time/                   |            |
|    fps                  | 181        |
|    iterations           | 232        |
|    time_elapsed         | 2616       |
|    total_timesteps      | 475136     |
| train/                  |            |
|    approx_kl            | 0.11601394 |
|    clip_fraction        | 0.24       |
|    clip_range           | 0.2        |
|    entropy_loss         | -2.3       |
|    explained_variance   | 0          |
|    learning_rate        | 0.0003     |
|    loss                 | 3.04e+05   |
|    n_updates            | 2310       |
|    policy_gradient_loss | 0.0174     |
|    value_loss           | 5.67e+05   |
----------------------------------------
⚠️ [DDoS/Spike t=0] cpu=30.0, msd=3
⚠️ [DDoS/Spike t=0] cpu=30.0, msd=3
⚠️ [DDoS/Spike t=0] cpu=30.0, msd=3
⚠️ [DDoS/Spike t=0] cpu=30.0, msd=3
⚠️ [DDoS/Spike t=0] cpu=30.0, msd=3
⚠️ [DDoS/Spike t=0] cpu=30.0, msd=3
⚠️ [DDoS/Spike t=0] cpu=30.0, msd=3
⚠️ [DDoS/Spike t=0] cpu=30.0, msd=3
⚠️ [DDoS/Spike t=0] cpu=30.0, msd=3
⚠️ [DDoS/Spike t=0] cpu=30.0, msd=3
⚠️ [DDoS/Spike t=0] cpu=30.0, msd=3
⚠️ [DDoS/Spike t=0] cpu=30.0, msd=3
⚠️ [DDoS/Spike t=0] cpu=30.0, msd=3
⚠️ [DDoS/Spike t=0] cpu=30.0, msd=3
⚠️ [DDoS/Spike t=0] cpu=30.0, msd=3
⚠️ [DDoS/Spike t=0] cpu=30.0, msd=3
⚠️ [DDoS/Spike t=0] cpu=30.0, msd=3
⚠️ [DDoS/Spike t=0] cpu=30.0, msd=3
⚠️ [DDoS/Spike t=0] cpu=30.0, msd=3
⚠️ [DDoS/Spike t=0] cpu=30.0, msd=3
-----------------------------------------
| rollout/                |             |
|    ep_len_mean          | 100         |
|    ep_rew_mean          | -2.6e+03    |
| time/                   |             |
|    fps                  | 181         |
|    iterations           | 233         |
|    time_elapsed         | 2629        |
|    total_timesteps      | 477184      |
| train/                  |             |
|    approx_kl            | 0.041236408 |
|    clip_fraction        | 0.278       |
|    clip_range           | 0.2         |
|    entropy_loss         | -2.27       |
|    explained_variance   | 0           |
|    learning_rate        | 0.0003      |
|    loss                 | 3.03e+05    |
|    n_updates            | 2320        |
|    policy_gradient_loss | 0.0168      |
|    value_loss           | 6.29e+05    |
-----------------------------------------
⚠️ [DDoS/Spike t=0] cpu=30.0, msd=3
⚠️ [DDoS/Spike t=0] cpu=30.0, msd=3
⚠️ [DDoS/Spike t=0] cpu=30.0, msd=3
⚠️ [DDoS/Spike t=0] cpu=30.0, msd=3
⚠️ [DDoS/Spike t=0] cpu=30.0, msd=3
⚠️ [DDoS/Spike t=0] cpu=30.0, msd=3
⚠️ [DDoS/Spike t=0] cpu=30.0, msd=3
⚠️ [DDoS/Spike t=0] cpu=30.0, msd=3
⚠️ [DDoS/Spike t=0] cpu=30.0, msd=3
⚠️ [DDoS/Spike t=0] cpu=30.0, msd=3
⚠️ [DDoS/Spike t=0] cpu=30.0, msd=3
⚠️ [DDoS/Spike t=0] cpu=30.0, msd=3
⚠️ [DDoS/Spike t=0] cpu=30.0, msd=3
⚠️ [DDoS/Spike t=0] cpu=30.0, msd=3
⚠️ [DDoS/Spike t=0] cpu=30.0, msd=3
⚠️ [DDoS/Spike t=0] cpu=30.0, msd=3
⚠️ [DDoS/Spike t=0] cpu=30.0, msd=3
⚠️ [DDoS/Spike t=0] cpu=30.0, msd=3
⚠️ [DDoS/Spike t=0] cpu=30.0, msd=3
⚠️ [DDoS/Spike t=0] cpu=30.0, msd=3
⚠️ [DDoS/Spike t=0] cpu=30.0, msd=3
------------------------------------------
| rollout/                |              |
|    ep_len_mean          | 100          |
|    ep_rew_mean          | -2.57e+03    |
| time/                   |              |
|    fps                  | 181          |
|    iterations           | 234          |
|    time_elapsed         | 2643         |
|    total_timesteps      | 479232       |
| train/                  |              |
|    approx_kl            | 0.0071500605 |
|    clip_fraction        | 0.0551       |
|    clip_range           | 0.2          |
|    entropy_loss         | -2.25        |
|    explained_variance   | 0            |
|    learning_rate        | 0.0003       |
|    loss                 | 2.48e+05     |
|    n_updates            | 2330         |
|    policy_gradient_loss | -0.00332     |
|    value_loss           | 5.79e+05     |
------------------------------------------
⚠️ [DDoS/Spike t=0] cpu=30.0, msd=3
⚠️ [DDoS/Spike t=0] cpu=30.0, msd=3
⚠️ [DDoS/Spike t=0] cpu=30.0, msd=3
⚠️ [DDoS/Spike t=0] cpu=30.0, msd=3
⚠️ [DDoS/Spike t=0] cpu=30.0, msd=3
⚠️ [DDoS/Spike t=0] cpu=30.0, msd=3
⚠️ [DDoS/Spike t=0] cpu=30.0, msd=3
⚠️ [DDoS/Spike t=0] cpu=30.0, msd=3
⚠️ [DDoS/Spike t=0] cpu=30.0, msd=3
⚠️ [DDoS/Spike t=0] cpu=30.0, msd=3
⚠️ [DDoS/Spike t=0] cpu=30.0, msd=3
⚠️ [DDoS/Spike t=0] cpu=30.0, msd=3
⚠️ [DDoS/Spike t=0] cpu=30.0, msd=3
⚠️ [DDoS/Spike t=0] cpu=30.0, msd=3
⚠️ [DDoS/Spike t=0] cpu=30.0, msd=3
⚠️ [DDoS/Spike t=0] cpu=30.0, msd=3
⚠️ [DDoS/Spike t=0] cpu=30.0, msd=3
⚠️ [DDoS/Spike t=0] cpu=30.0, msd=3
⚠️ [DDoS/Spike t=0] cpu=30.0, msd=3
⚠️ [DDoS/Spike t=0] cpu=30.0, msd=3
⚠️ [DDoS/Spike t=0] cpu=30.0, msd=3
⚠️ [DDoS/Spike t=0] cpu=30.0, msd=3
⚠️ [DDoS/Spike t=0] cpu=30.0, msd=3
⚠️ [DDoS/Spike t=0] cpu=30.0, msd=3
⚠️ [DDoS/Spike t=0] cpu=30.0, msd=3
⚠️ [DDoS/Spike t=0] cpu=30.0, msd=3
⚠️ [DDoS/Spike t=0] cpu=30.0, msd=3
Eval num_timesteps=480000, episode_reward=-1737.24 +/- 800.78
Episode length: 100.00 +/- 0.00
------------------------------------------
| eval/                   |              |
|    mean_ep_length       | 100          |
|    mean_reward          | -1.74e+03    |
| time/                   |              |
|    total_timesteps      | 480000       |
| train/                  |              |
|    approx_kl            | 0.0070836507 |
|    clip_fraction        | 0.0983       |
|    clip_range           | 0.2          |
|    entropy_loss         | -2.24        |
|    explained_variance   | 0            |
|    learning_rate        | 0.0003       |
|    loss                 | 3.33e+05     |
|    n_updates            | 2340         |
|    policy_gradient_loss | -0.00779     |
|    value_loss           | 6.1e+05      |
------------------------------------------
⚠️ [DDoS/Spike t=0] cpu=30.0, msd=3
⚠️ [DDoS/Spike t=0] cpu=30.0, msd=3
⚠️ [DDoS/Spike t=0] cpu=30.0, msd=3
⚠️ [DDoS/Spike t=0] cpu=30.0, msd=3
⚠️ [DDoS/Spike t=0] cpu=30.0, msd=3
⚠️ [DDoS/Spike t=0] cpu=30.0, msd=3
⚠️ [DDoS/Spike t=0] cpu=30.0, msd=3
⚠️ [DDoS/Spike t=0] cpu=30.0, msd=3
⚠️ [DDoS/Spike t=0] cpu=30.0, msd=3
⚠️ [DDoS/Spike t=0] cpu=30.0, msd=3
⚠️ [DDoS/Spike t=0] cpu=30.0, msd=3
⚠️ [DDoS/Spike t=0] cpu=30.0, msd=3
⚠️ [DDoS/Spike t=0] cpu=30.0, msd=3
----------------------------------
| rollout/           |           |
|    ep_len_mean     | 100       |
|    ep_rew_mean     | -2.51e+03 |
| time/              |           |
|    fps             | 181       |
|    iterations      | 235       |
|    time_elapsed    | 2653      |
|    total_timesteps | 481280    |
----------------------------------
⚠️ [DDoS/Spike t=0] cpu=30.0, msd=3
⚠️ [DDoS/Spike t=0] cpu=30.0, msd=3
⚠️ [DDoS/Spike t=0] cpu=30.0, msd=3
⚠️ [DDoS/Spike t=0] cpu=30.0, msd=3
⚠️ [DDoS/Spike t=0] cpu=30.0, msd=3
⚠️ [DDoS/Spike t=0] cpu=30.0, msd=3
⚠️ [DDoS/Spike t=0] cpu=30.0, msd=3
⚠️ [DDoS/Spike t=0] cpu=30.0, msd=3
⚠️ [DDoS/Spike t=0] cpu=30.0, msd=3
⚠️ [DDoS/Spike t=0] cpu=30.0, msd=3
⚠️ [DDoS/Spike t=0] cpu=30.0, msd=3
⚠️ [DDoS/Spike t=0] cpu=30.0, msd=3
⚠️ [DDoS/Spike t=0] cpu=30.0, msd=3
⚠️ [DDoS/Spike t=0] cpu=30.0, msd=3
⚠️ [DDoS/Spike t=0] cpu=30.0, msd=3
⚠️ [DDoS/Spike t=0] cpu=30.0, msd=3
⚠️ [DDoS/Spike t=0] cpu=30.0, msd=3
⚠️ [DDoS/Spike t=0] cpu=30.0, msd=3
⚠️ [DDoS/Spike t=0] cpu=30.0, msd=3
⚠️ [DDoS/Spike t=0] cpu=30.0, msd=3
⚠️ [DDoS/Spike t=0] cpu=30.0, msd=3
-----------------------------------------
| rollout/                |             |
|    ep_len_mean          | 100         |
|    ep_rew_mean          | -2.57e+03   |
| time/                   |             |
|    fps                  | 181         |
|    iterations           | 236         |
|    time_elapsed         | 2666        |
|    total_timesteps      | 483328      |
| train/                  |             |
|    approx_kl            | 0.011111141 |
|    clip_fraction        | 0.0757      |
|    clip_range           | 0.2         |
|    entropy_loss         | -2.22       |
|    explained_variance   | 0           |
|    learning_rate        | 0.0003      |
|    loss                 | 3.29e+05    |
|    n_updates            | 2350        |
|    policy_gradient_loss | -0.00582    |
|    value_loss           | 5.51e+05    |
-----------------------------------------
⚠️ [DDoS/Spike t=0] cpu=30.0, msd=3
⚠️ [DDoS/Spike t=0] cpu=30.0, msd=3
⚠️ [DDoS/Spike t=0] cpu=30.0, msd=3
⚠️ [DDoS/Spike t=0] cpu=30.0, msd=3
⚠️ [DDoS/Spike t=0] cpu=30.0, msd=3
⚠️ [DDoS/Spike t=0] cpu=30.0, msd=3
⚠️ [DDoS/Spike t=0] cpu=30.0, msd=3
⚠️ [DDoS/Spike t=0] cpu=30.0, msd=3
⚠️ [DDoS/Spike t=0] cpu=30.0, msd=3
⚠️ [DDoS/Spike t=0] cpu=30.0, msd=3
⚠️ [DDoS/Spike t=0] cpu=30.0, msd=3
⚠️ [DDoS/Spike t=0] cpu=30.0, msd=3
⚠️ [DDoS/Spike t=0] cpu=30.0, msd=3
⚠️ [DDoS/Spike t=0] cpu=30.0, msd=3
⚠️ [DDoS/Spike t=0] cpu=30.0, msd=3
⚠️ [DDoS/Spike t=0] cpu=30.0, msd=3
⚠️ [DDoS/Spike t=0] cpu=30.0, msd=3
⚠️ [DDoS/Spike t=0] cpu=30.0, msd=3
⚠️ [DDoS/Spike t=0] cpu=30.0, msd=3
⚠️ [DDoS/Spike t=0] cpu=30.0, msd=3
-----------------------------------------
| rollout/                |             |
|    ep_len_mean          | 100         |
|    ep_rew_mean          | -2.59e+03   |
| time/                   |             |
|    fps                  | 180         |
|    iterations           | 237         |
|    time_elapsed         | 2683        |
|    total_timesteps      | 485376      |
| train/                  |             |
|    approx_kl            | 0.017543232 |
|    clip_fraction        | 0.287       |
|    clip_range           | 0.2         |
|    entropy_loss         | -2.19       |
|    explained_variance   | 0           |
|    learning_rate        | 0.0003      |
|    loss                 | 3.26e+05    |
|    n_updates            | 2360        |
|    policy_gradient_loss | 0.00986     |
|    value_loss           | 6.24e+05    |
-----------------------------------------
⚠️ [DDoS/Spike t=0] cpu=30.0, msd=3
⚠️ [DDoS/Spike t=0] cpu=30.0, msd=3
⚠️ [DDoS/Spike t=0] cpu=30.0, msd=3
⚠️ [DDoS/Spike t=0] cpu=30.0, msd=3
⚠️ [DDoS/Spike t=0] cpu=30.0, msd=3
⚠️ [DDoS/Spike t=0] cpu=30.0, msd=3
⚠️ [DDoS/Spike t=0] cpu=30.0, msd=3
⚠️ [DDoS/Spike t=0] cpu=30.0, msd=3
⚠️ [DDoS/Spike t=0] cpu=30.0, msd=3
⚠️ [DDoS/Spike t=0] cpu=30.0, msd=3
⚠️ [DDoS/Spike t=0] cpu=30.0, msd=3
⚠️ [DDoS/Spike t=0] cpu=30.0, msd=3
⚠️ [DDoS/Spike t=0] cpu=30.0, msd=3
⚠️ [DDoS/Spike t=0] cpu=30.0, msd=3
⚠️ [DDoS/Spike t=0] cpu=30.0, msd=3
⚠️ [DDoS/Spike t=0] cpu=30.0, msd=3
⚠️ [DDoS/Spike t=0] cpu=30.0, msd=3
⚠️ [DDoS/Spike t=0] cpu=30.0, msd=3
⚠️ [DDoS/Spike t=0] cpu=30.0, msd=3
⚠️ [DDoS/Spike t=0] cpu=30.0, msd=3
⚠️ [DDoS/Spike t=0] cpu=30.0, msd=3
-----------------------------------------
| rollout/                |             |
|    ep_len_mean          | 100         |
|    ep_rew_mean          | -2.56e+03   |
| time/                   |             |
|    fps                  | 180         |
|    iterations           | 238         |
|    time_elapsed         | 2695        |
|    total_timesteps      | 487424      |
| train/                  |             |
|    approx_kl            | 0.011774539 |
|    clip_fraction        | 0.238       |
|    clip_range           | 0.2         |
|    entropy_loss         | -2.19       |
|    explained_variance   | 0           |
|    learning_rate        | 0.0003      |
|    loss                 | 2.58e+05    |
|    n_updates            | 2370        |
|    policy_gradient_loss | 0.000102    |
|    value_loss           | 5.97e+05    |
-----------------------------------------
⚠️ [DDoS/Spike t=0] cpu=30.0, msd=3
⚠️ [DDoS/Spike t=0] cpu=30.0, msd=3
⚠️ [DDoS/Spike t=0] cpu=30.0, msd=3
⚠️ [DDoS/Spike t=0] cpu=30.0, msd=3
⚠️ [DDoS/Spike t=0] cpu=30.0, msd=3
⚠️ [DDoS/Spike t=0] cpu=30.0, msd=3
⚠️ [DDoS/Spike t=0] cpu=30.0, msd=3
⚠️ [DDoS/Spike t=0] cpu=30.0, msd=3
⚠️ [DDoS/Spike t=0] cpu=30.0, msd=3
⚠️ [DDoS/Spike t=0] cpu=30.0, msd=3
⚠️ [DDoS/Spike t=0] cpu=30.0, msd=3
⚠️ [DDoS/Spike t=0] cpu=30.0, msd=3
⚠️ [DDoS/Spike t=0] cpu=30.0, msd=3
⚠️ [DDoS/Spike t=0] cpu=30.0, msd=3
⚠️ [DDoS/Spike t=0] cpu=30.0, msd=3
⚠️ [DDoS/Spike t=0] cpu=30.0, msd=3
⚠️ [DDoS/Spike t=0] cpu=30.0, msd=3
⚠️ [DDoS/Spike t=0] cpu=30.0, msd=3
⚠️ [DDoS/Spike t=0] cpu=30.0, msd=3
⚠️ [DDoS/Spike t=0] cpu=30.0, msd=3
-----------------------------------------
| rollout/                |             |
|    ep_len_mean          | 100         |
|    ep_rew_mean          | -2.56e+03   |
| time/                   |             |
|    fps                  | 180         |
|    iterations           | 239         |
|    time_elapsed         | 2708        |
|    total_timesteps      | 489472      |
| train/                  |             |
|    approx_kl            | 0.009880286 |
|    clip_fraction        | 0.0726      |
|    clip_range           | 0.2         |
|    entropy_loss         | -2.16       |
|    explained_variance   | 0           |
|    learning_rate        | 0.0003      |
|    loss                 | 2.96e+05    |
|    n_updates            | 2380        |
|    policy_gradient_loss | -0.00727    |
|    value_loss           | 5.79e+05    |
-----------------------------------------
⚠️ [DDoS/Spike t=0] cpu=30.0, msd=3
⚠️ [DDoS/Spike t=0] cpu=30.0, msd=3
⚠️ [DDoS/Spike t=0] cpu=30.0, msd=3
⚠️ [DDoS/Spike t=0] cpu=30.0, msd=3
⚠️ [DDoS/Spike t=0] cpu=30.0, msd=3
⚠️ [DDoS/Spike t=0] cpu=30.0, msd=3
⚠️ [DDoS/Spike t=0] cpu=30.0, msd=3
⚠️ [DDoS/Spike t=0] cpu=30.0, msd=3
⚠️ [DDoS/Spike t=0] cpu=30.0, msd=3
⚠️ [DDoS/Spike t=0] cpu=30.0, msd=3
⚠️ [DDoS/Spike t=0] cpu=30.0, msd=3
⚠️ [DDoS/Spike t=0] cpu=30.0, msd=3
⚠️ [DDoS/Spike t=0] cpu=30.0, msd=3
⚠️ [DDoS/Spike t=0] cpu=30.0, msd=3
⚠️ [DDoS/Spike t=0] cpu=30.0, msd=3
⚠️ [DDoS/Spike t=0] cpu=30.0, msd=3
⚠️ [DDoS/Spike t=0] cpu=30.0, msd=3
⚠️ [DDoS/Spike t=0] cpu=30.0, msd=3
⚠️ [DDoS/Spike t=0] cpu=30.0, msd=3
⚠️ [DDoS/Spike t=0] cpu=30.0, msd=3
⚠️ [DDoS/Spike t=0] cpu=30.0, msd=3
⚠️ [DDoS/Spike t=0] cpu=30.0, msd=3
⚠️ [DDoS/Spike t=0] cpu=30.0, msd=3
⚠️ [DDoS/Spike t=0] cpu=30.0, msd=3
⚠️ [DDoS/Spike t=0] cpu=30.0, msd=3
Eval num_timesteps=490000, episode_reward=-1819.69 +/- 591.34
Episode length: 100.00 +/- 0.00
-----------------------------------------
| eval/                   |             |
|    mean_ep_length       | 100         |
|    mean_reward          | -1.82e+03   |
| time/                   |             |
|    total_timesteps      | 490000      |
| train/                  |             |
|    approx_kl            | 0.008883743 |
|    clip_fraction        | 0.108       |
|    clip_range           | 0.2         |
|    entropy_loss         | -2.16       |
|    explained_variance   | 0           |
|    learning_rate        | 0.0003      |
|    loss                 | 3e+05       |
|    n_updates            | 2390        |
|    policy_gradient_loss | -0.00679    |
|    value_loss           | 6.29e+05    |
-----------------------------------------
⚠️ [DDoS/Spike t=0] cpu=30.0, msd=3
⚠️ [DDoS/Spike t=0] cpu=30.0, msd=3
⚠️ [DDoS/Spike t=0] cpu=30.0, msd=3
⚠️ [DDoS/Spike t=0] cpu=30.0, msd=3
⚠️ [DDoS/Spike t=0] cpu=30.0, msd=3
⚠️ [DDoS/Spike t=0] cpu=30.0, msd=3
⚠️ [DDoS/Spike t=0] cpu=30.0, msd=3
⚠️ [DDoS/Spike t=0] cpu=30.0, msd=3
⚠️ [DDoS/Spike t=0] cpu=30.0, msd=3
⚠️ [DDoS/Spike t=0] cpu=30.0, msd=3
⚠️ [DDoS/Spike t=0] cpu=30.0, msd=3
⚠️ [DDoS/Spike t=0] cpu=30.0, msd=3
⚠️ [DDoS/Spike t=0] cpu=30.0, msd=3
⚠️ [DDoS/Spike t=0] cpu=30.0, msd=3
⚠️ [DDoS/Spike t=0] cpu=30.0, msd=3
⚠️ [DDoS/Spike t=0] cpu=30.0, msd=3
----------------------------------
| rollout/           |           |
|    ep_len_mean     | 100       |
|    ep_rew_mean     | -2.58e+03 |
| time/              |           |
|    fps             | 180       |
|    iterations      | 240       |
|    time_elapsed    | 2724      |
|    total_timesteps | 491520    |
----------------------------------
⚠️ [DDoS/Spike t=0] cpu=30.0, msd=3
⚠️ [DDoS/Spike t=0] cpu=30.0, msd=3
⚠️ [DDoS/Spike t=0] cpu=30.0, msd=3
⚠️ [DDoS/Spike t=0] cpu=30.0, msd=3
⚠️ [DDoS/Spike t=0] cpu=30.0, msd=3
⚠️ [DDoS/Spike t=0] cpu=30.0, msd=3
⚠️ [DDoS/Spike t=0] cpu=30.0, msd=3
⚠️ [DDoS/Spike t=0] cpu=30.0, msd=3
⚠️ [DDoS/Spike t=0] cpu=30.0, msd=3
⚠️ [DDoS/Spike t=0] cpu=30.0, msd=3
⚠️ [DDoS/Spike t=0] cpu=30.0, msd=3
⚠️ [DDoS/Spike t=0] cpu=30.0, msd=3
⚠️ [DDoS/Spike t=0] cpu=30.0, msd=3
⚠️ [DDoS/Spike t=0] cpu=30.0, msd=3
⚠️ [DDoS/Spike t=0] cpu=30.0, msd=3
⚠️ [DDoS/Spike t=0] cpu=30.0, msd=3
⚠️ [DDoS/Spike t=0] cpu=30.0, msd=3
⚠️ [DDoS/Spike t=0] cpu=30.0, msd=3
⚠️ [DDoS/Spike t=0] cpu=30.0, msd=3
⚠️ [DDoS/Spike t=0] cpu=30.0, msd=3
-----------------------------------------
| rollout/                |             |
|    ep_len_mean          | 100         |
|    ep_rew_mean          | -2.58e+03   |
| time/                   |             |
|    fps                  | 180         |
|    iterations           | 241         |
|    time_elapsed         | 2734        |
|    total_timesteps      | 493568      |
| train/                  |             |
|    approx_kl            | 0.008626209 |
|    clip_fraction        | 0.126       |
|    clip_range           | 0.2         |
|    entropy_loss         | -2.15       |
|    explained_variance   | 0           |
|    learning_rate        | 0.0003      |
|    loss                 | 3e+05       |
|    n_updates            | 2400        |
|    policy_gradient_loss | -0.00413    |
|    value_loss           | 6.19e+05    |
-----------------------------------------
⚠️ [DDoS/Spike t=0] cpu=30.0, msd=3
⚠️ [DDoS/Spike t=0] cpu=30.0, msd=3
⚠️ [DDoS/Spike t=0] cpu=30.0, msd=3
⚠️ [DDoS/Spike t=0] cpu=30.0, msd=3
⚠️ [DDoS/Spike t=0] cpu=30.0, msd=3
⚠️ [DDoS/Spike t=0] cpu=30.0, msd=3
⚠️ [DDoS/Spike t=0] cpu=30.0, msd=3
⚠️ [DDoS/Spike t=0] cpu=30.0, msd=3
⚠️ [DDoS/Spike t=0] cpu=30.0, msd=3
⚠️ [DDoS/Spike t=0] cpu=30.0, msd=3
⚠️ [DDoS/Spike t=0] cpu=30.0, msd=3
⚠️ [DDoS/Spike t=0] cpu=30.0, msd=3
⚠️ [DDoS/Spike t=0] cpu=30.0, msd=3
⚠️ [DDoS/Spike t=0] cpu=30.0, msd=3
⚠️ [DDoS/Spike t=0] cpu=30.0, msd=3
⚠️ [DDoS/Spike t=0] cpu=30.0, msd=3
⚠️ [DDoS/Spike t=0] cpu=30.0, msd=3
⚠️ [DDoS/Spike t=0] cpu=30.0, msd=3
⚠️ [DDoS/Spike t=0] cpu=30.0, msd=3
⚠️ [DDoS/Spike t=0] cpu=30.0, msd=3
⚠️ [DDoS/Spike t=0] cpu=30.0, msd=3
----------------------------------------
| rollout/                |            |
|    ep_len_mean          | 100        |
|    ep_rew_mean          | -2.67e+03  |
| time/                   |            |
|    fps                  | 180        |
|    iterations           | 242        |
|    time_elapsed         | 2744       |
|    total_timesteps      | 495616     |
| train/                  |            |
|    approx_kl            | 0.09062548 |
|    clip_fraction        | 0.493      |
|    clip_range           | 0.2        |
|    entropy_loss         | -2.2       |
|    explained_variance   | 0          |
|    learning_rate        | 0.0003     |
|    loss                 | 2.73e+05   |
|    n_updates            | 2410       |
|    policy_gradient_loss | 0.0392     |
|    value_loss           | 5.67e+05   |
----------------------------------------
⚠️ [DDoS/Spike t=0] cpu=30.0, msd=3
⚠️ [DDoS/Spike t=0] cpu=30.0, msd=3
⚠️ [DDoS/Spike t=0] cpu=30.0, msd=3
⚠️ [DDoS/Spike t=0] cpu=30.0, msd=3
⚠️ [DDoS/Spike t=0] cpu=30.0, msd=3
⚠️ [DDoS/Spike t=0] cpu=30.0, msd=3
⚠️ [DDoS/Spike t=0] cpu=30.0, msd=3
⚠️ [DDoS/Spike t=0] cpu=30.0, msd=3
⚠️ [DDoS/Spike t=0] cpu=30.0, msd=3
⚠️ [DDoS/Spike t=0] cpu=30.0, msd=3
⚠️ [DDoS/Spike t=0] cpu=30.0, msd=3
⚠️ [DDoS/Spike t=0] cpu=30.0, msd=3
⚠️ [DDoS/Spike t=0] cpu=30.0, msd=3
⚠️ [DDoS/Spike t=0] cpu=30.0, msd=3
⚠️ [DDoS/Spike t=0] cpu=30.0, msd=3
⚠️ [DDoS/Spike t=0] cpu=30.0, msd=3
⚠️ [DDoS/Spike t=0] cpu=30.0, msd=3
⚠️ [DDoS/Spike t=0] cpu=30.0, msd=3
⚠️ [DDoS/Spike t=0] cpu=30.0, msd=3
⚠️ [DDoS/Spike t=0] cpu=30.0, msd=3
----------------------------------------
| rollout/                |            |
|    ep_len_mean          | 100        |
|    ep_rew_mean          | -2.71e+03  |
| time/                   |            |
|    fps                  | 180        |
|    iterations           | 243        |
|    time_elapsed         | 2756       |
|    total_timesteps      | 497664     |
| train/                  |            |
|    approx_kl            | 0.11231453 |
|    clip_fraction        | 0.23       |
|    clip_range           | 0.2        |
|    entropy_loss         | -2.2       |
|    explained_variance   | 1.19e-07   |
|    learning_rate        | 0.0003     |
|    loss                 | 3.2e+05    |
|    n_updates            | 2420       |
|    policy_gradient_loss | 0.0207     |
|    value_loss           | 6.68e+05   |
----------------------------------------
⚠️ [DDoS/Spike t=0] cpu=30.0, msd=3
⚠️ [DDoS/Spike t=0] cpu=30.0, msd=3
⚠️ [DDoS/Spike t=0] cpu=30.0, msd=3
⚠️ [DDoS/Spike t=0] cpu=30.0, msd=3
⚠️ [DDoS/Spike t=0] cpu=30.0, msd=3
⚠️ [DDoS/Spike t=0] cpu=30.0, msd=3
⚠️ [DDoS/Spike t=0] cpu=30.0, msd=3
⚠️ [DDoS/Spike t=0] cpu=30.0, msd=3
⚠️ [DDoS/Spike t=0] cpu=30.0, msd=3
⚠️ [DDoS/Spike t=0] cpu=30.0, msd=3
⚠️ [DDoS/Spike t=0] cpu=30.0, msd=3
⚠️ [DDoS/Spike t=0] cpu=30.0, msd=3
⚠️ [DDoS/Spike t=0] cpu=30.0, msd=3
⚠️ [DDoS/Spike t=0] cpu=30.0, msd=3
⚠️ [DDoS/Spike t=0] cpu=30.0, msd=3
⚠️ [DDoS/Spike t=0] cpu=30.0, msd=3
⚠️ [DDoS/Spike t=0] cpu=30.0, msd=3
⚠️ [DDoS/Spike t=0] cpu=30.0, msd=3
⚠️ [DDoS/Spike t=0] cpu=30.0, msd=3
⚠️ [DDoS/Spike t=0] cpu=30.0, msd=3
⚠️ [DDoS/Spike t=0] cpu=30.0, msd=3
------------------------------------------
| rollout/                |              |
|    ep_len_mean          | 100          |
|    ep_rew_mean          | -2.87e+03    |
| time/                   |              |
|    fps                  | 180          |
|    iterations           | 244          |
|    time_elapsed         | 2769         |
|    total_timesteps      | 499712       |
| train/                  |              |
|    approx_kl            | 0.0145890135 |
|    clip_fraction        | 0.116        |
|    clip_range           | 0.2          |
|    entropy_loss         | -2.15        |
|    explained_variance   | 0            |
|    learning_rate        | 0.0003       |
|    loss                 | 3.32e+05     |
|    n_updates            | 2430         |
|    policy_gradient_loss | -0.0013      |
|    value_loss           | 6.45e+05     |
------------------------------------------
⚠️ [DDoS/Spike t=0] cpu=30.0, msd=3
⚠️ [DDoS/Spike t=0] cpu=30.0, msd=3
⚠️ [DDoS/Spike t=0] cpu=30.0, msd=3
⚠️ [DDoS/Spike t=0] cpu=30.0, msd=3
⚠️ [DDoS/Spike t=0] cpu=30.0, msd=3
⚠️ [DDoS/Spike t=0] cpu=30.0, msd=3
⚠️ [DDoS/Spike t=0] cpu=30.0, msd=3
⚠️ [DDoS/Spike t=0] cpu=30.0, msd=3
⚠️ [DDoS/Spike t=0] cpu=30.0, msd=3
⚠️ [DDoS/Spike t=0] cpu=30.0, msd=3
⚠️ [DDoS/Spike t=0] cpu=30.0, msd=3
⚠️ [DDoS/Spike t=0] cpu=30.0, msd=3
⚠️ [DDoS/Spike t=0] cpu=30.0, msd=3
⚠️ [DDoS/Spike t=0] cpu=30.0, msd=3
⚠️ [DDoS/Spike t=0] cpu=30.0, msd=3
⚠️ [DDoS/Spike t=0] cpu=30.0, msd=3
⚠️ [DDoS/Spike t=0] cpu=30.0, msd=3
⚠️ [DDoS/Spike t=0] cpu=30.0, msd=3
⚠️ [DDoS/Spike t=0] cpu=30.0, msd=3
⚠️ [DDoS/Spike t=0] cpu=30.0, msd=3
⚠️ [DDoS/Spike t=0] cpu=30.0, msd=3
⚠️ [DDoS/Spike t=0] cpu=30.0, msd=3
Eval num_timesteps=500000, episode_reward=-2554.42 +/- 629.73
Episode length: 100.00 +/- 0.00
----------------------------------------
| eval/                   |            |
|    mean_ep_length       | 100        |
|    mean_reward          | -2.55e+03  |
| time/                   |            |
|    total_timesteps      | 500000     |
| train/                  |            |
|    approx_kl            | 0.00795216 |
|    clip_fraction        | 0.031      |
|    clip_range           | 0.2        |
|    entropy_loss         | -2.13      |
|    explained_variance   | 0          |
|    learning_rate        | 0.0003     |
|    loss                 | 2.78e+05   |
|    n_updates            | 2440       |
|    policy_gradient_loss | -0.0032    |
|    value_loss           | 6.98e+05   |
----------------------------------------
⚠️ [DDoS/Spike t=0] cpu=30.0, msd=3
⚠️ [DDoS/Spike t=0] cpu=30.0, msd=3
⚠️ [DDoS/Spike t=0] cpu=30.0, msd=3
⚠️ [DDoS/Spike t=0] cpu=30.0, msd=3
⚠️ [DDoS/Spike t=0] cpu=30.0, msd=3
⚠️ [DDoS/Spike t=0] cpu=30.0, msd=3
⚠️ [DDoS/Spike t=0] cpu=30.0, msd=3
⚠️ [DDoS/Spike t=0] cpu=30.0, msd=3
⚠️ [DDoS/Spike t=0] cpu=30.0, msd=3
⚠️ [DDoS/Spike t=0] cpu=30.0, msd=3
⚠️ [DDoS/Spike t=0] cpu=30.0, msd=3
⚠️ [DDoS/Spike t=0] cpu=30.0, msd=3
⚠️ [DDoS/Spike t=0] cpu=30.0, msd=3
⚠️ [DDoS/Spike t=0] cpu=30.0, msd=3
⚠️ [DDoS/Spike t=0] cpu=30.0, msd=3
⚠️ [DDoS/Spike t=0] cpu=30.0, msd=3
⚠️ [DDoS/Spike t=0] cpu=30.0, msd=3
⚠️ [DDoS/Spike t=0] cpu=30.0, msd=3
----------------------------------
| rollout/           |           |
|    ep_len_mean     | 100       |
|    ep_rew_mean     | -2.93e+03 |
| time/              |           |
|    fps             | 180       |
|    iterations      | 245       |
|    time_elapsed    | 2784      |
|    total_timesteps | 501760    |
----------------------------------

✅ Đã lưu model cuối: ppo_jo_vdpr_model_v2.zip
✅ Best model tại: ./ppo_logs_v2/best_model/best_model.zip

[4/4] Vẽ learning curve...
✅ Đã xuất: learning_curve_v2.png

── Inference với model: ./ppo_logs_v2/best_model/best_model.zip ──
[JOVDPREnv] ✅ Loaded 50000 rows từ: real_telecom_combined.csv
⚠️ [DDoS/Spike t=0] cpu=30.0, msd=3
  [Req 01] 🐘 Elephant → N2→N2  ✅ Accept  
  [Req 02] 🐭 Mice    → N1→N4  ✅ Accept  
  [Req 03] 🐘 Elephant → N0→N0  ❌ Penalty(-400)  [FATAL MSD] Node 0 limit=3.0 | [FATAL MS
  [Req 04] 🐭 Mice    → N1→N0  ✅ Accept  
  [Req 05] 🐭 Mice    → N1→N4  ✅ Accept  
  [Req 06] 🐭 Mice    → N3→N3  ✅ Accept  
  [Req 07] 🐭 Mice    → N0→N0  ✅ Accept  
  [Req 08] 🐘 Elephant → N1→N4  ❌ Penalty(-200)  [FATAL MSD] Node 4 limit=3.0
  [Req 09] 🐭 Mice    → N1→N4  ✅ Accept  
  [Req 10] 🐘 Elephant → N3→N3  ❌ Penalty(-400)  [FATAL MSD] Node 3 limit=3.0 | [FATAL MS
  [Req 11] 🐘 Elephant → N1→N2  ❌ Penalty(-200)  [FATAL MSD] Node 2 limit=3.0
  [Req 12] 🐭 Mice    → N1→N1  ✅ Accept  
  [Req 13] 🐭 Mice    → N3→N3  ✅ Accept  
  [Req 14] 🐭 Mice    → N4→N2  ✅ Accept  
  [Req 15] 🐭 Mice    → N0→N0  ✅ Accept  
  [Req 16] 🐘 Elephant → N1→N1  ✅ Accept  
  [Req 17] 🐭 Mice    → N3→N3  ✅ Accept  
  [Req 18] 🐭 Mice    → N4→N3  ✅ Accept  
  [Req 19] 🐭 Mice    → N2→N2  ✅ Accept  
  [Req 20] 🐘 Elephant → N4→N0  ❌ Penalty(-400)  [FATAL MSD] Node 4 limit=3.0 | [FATAL MS
  [Req 21] 🐭 Mice    → N4→N3  ✅ Accept  
  [Req 22] 🐭 Mice    → N3→N3  ✅ Accept  
  [Req 23] 🐭 Mice    → N4→N0  ✅ Accept  
  [Req 24] 🐭 Mice    → N2→N2  ✅ Accept  
  [Req 25] 🐭 Mice    → N0→N0  ✅ Accept  
  [Req 26] 🐭 Mice    → N2→N3  ✅ Accept  
  [Req 27] 🐘 Elephant → N4→N3  ❌ Penalty(-200)  [FATAL MSD] Node 3 limit=3.0
  [Req 28] 🐭 Mice    → N2→N3  ✅ Accept  
  [Req 29] 🐭 Mice    → N4→N3  ✅ Accept  
  [Req 30] 🐭 Mice    → N2→N0  ✅ Accept  

  Acceptance: 24/30 = 80.0%  |  Total reward: 66
