/home/hung8uandj/.local/lib/python3.14/site-packages/stable_baselines3/common/policies.py:486: UserWarning: As shared layers in the mlp_extractor are removed since SB3 v1.8.0, you should now pass directly a dictionary and not a list (net_arch=dict(pi=..., vf=...) instead of net_arch=[dict(pi=..., vf=...)])
  warnings.warn(
============================================================
  JO-VDPR Training (MDP v3 - Traffic Classes & BSID Penalty)
============================================================
Loaded dataset: 50000 flows
Khởi tạo PPO model với kiến trúc mạng [256, 256]...
Using cpu device
Wrapping the env with a `Monitor` wrapper
Wrapping the env in a DummyVecEnv.
Bắt đầu huấn luyện... (Mục tiêu: 500,000 steps)
Logging to /home/hung8uandj/Study/CoreRouter/src/analytics/../../results/logs/ppo/PPO_1
----------------------------------
| rollout/           |           |
|    ep_len_mean     | 100       |
|    ep_rew_mean     | -1.79e+04 |
| time/              |           |
|    fps             | 189       |
|    iterations      | 1         |
|    time_elapsed    | 10        |
|    total_timesteps | 2048      |
----------------------------------
-------------------------------------------
| rollout/                |               |
|    ep_len_mean          | 100           |
|    ep_rew_mean          | -1.8e+04      |
| time/                   |               |
|    fps                  | 193           |
|    iterations           | 2             |
|    time_elapsed         | 21            |
|    total_timesteps      | 4096          |
| train/                  |               |
|    approx_kl            | 0.00017999989 |
|    clip_fraction        | 0             |
|    clip_range           | 0.2           |
|    entropy_loss         | -3.22         |
|    explained_variance   | 1.12e-05      |
|    learning_rate        | 0.0003        |
|    loss                 | 3.88e+06      |
|    n_updates            | 10            |
|    policy_gradient_loss | -0.00166      |
|    value_loss           | 7.55e+06      |
-------------------------------------------
-------------------------------------------
| rollout/                |               |
|    ep_len_mean          | 100           |
|    ep_rew_mean          | -1.78e+04     |
| time/                   |               |
|    fps                  | 198           |
|    iterations           | 3             |
|    time_elapsed         | 30            |
|    total_timesteps      | 6144          |
| train/                  |               |
|    approx_kl            | 8.6601125e-05 |
|    clip_fraction        | 0             |
|    clip_range           | 0.2           |
|    entropy_loss         | -3.22         |
|    explained_variance   | 1.63e-05      |
|    learning_rate        | 0.0003        |
|    loss                 | 3.62e+06      |
|    n_updates            | 20            |
|    policy_gradient_loss | -0.000963     |
|    value_loss           | 7.91e+06      |
-------------------------------------------
-------------------------------------------
| rollout/                |               |
|    ep_len_mean          | 100           |
|    ep_rew_mean          | -1.78e+04     |
| time/                   |               |
|    fps                  | 189           |
|    iterations           | 4             |
|    time_elapsed         | 43            |
|    total_timesteps      | 8192          |
| train/                  |               |
|    approx_kl            | 0.00014190035 |
|    clip_fraction        | 0             |
|    clip_range           | 0.2           |
|    entropy_loss         | -3.22         |
|    explained_variance   | 7.75e-06      |
|    learning_rate        | 0.0003        |
|    loss                 | 4.12e+06      |
|    n_updates            | 30            |
|    policy_gradient_loss | -0.00133      |
|    value_loss           | 7.46e+06      |
-------------------------------------------
-------------------------------------------
| rollout/                |               |
|    ep_len_mean          | 100           |
|    ep_rew_mean          | -1.79e+04     |
| time/                   |               |
|    fps                  | 189           |
|    iterations           | 5             |
|    time_elapsed         | 53            |
|    total_timesteps      | 10240         |
| train/                  |               |
|    approx_kl            | 8.2486105e-05 |
|    clip_fraction        | 0             |
|    clip_range           | 0.2           |
|    entropy_loss         | -3.22         |
|    explained_variance   | 9.54e-07      |
|    learning_rate        | 0.0003        |
|    loss                 | 4.51e+06      |
|    n_updates            | 40            |
|    policy_gradient_loss | -0.000945     |
|    value_loss           | 8e+06         |
-------------------------------------------
--------------------------------------------
| rollout/                |                |
|    ep_len_mean          | 100            |
|    ep_rew_mean          | -1.76e+04      |
| time/                   |                |
|    fps                  | 173            |
|    iterations           | 6              |
|    time_elapsed         | 70             |
|    total_timesteps      | 12288          |
| train/                  |                |
|    approx_kl            | 0.000108012464 |
|    clip_fraction        | 0              |
|    clip_range           | 0.2            |
|    entropy_loss         | -3.22          |
|    explained_variance   | -8.34e-07      |
|    learning_rate        | 0.0003         |
|    loss                 | 3.88e+06       |
|    n_updates            | 50             |
|    policy_gradient_loss | -0.00106       |
|    value_loss           | 7.87e+06       |
--------------------------------------------
------------------------------------------
| rollout/                |              |
|    ep_len_mean          | 100          |
|    ep_rew_mean          | -1.73e+04    |
| time/                   |              |
|    fps                  | 173          |
|    iterations           | 7            |
|    time_elapsed         | 82           |
|    total_timesteps      | 14336        |
| train/                  |              |
|    approx_kl            | 0.0001035702 |
|    clip_fraction        | 0            |
|    clip_range           | 0.2          |
|    entropy_loss         | -3.22        |
|    explained_variance   | 2.98e-07     |
|    learning_rate        | 0.0003       |
|    loss                 | 3.44e+06     |
|    n_updates            | 60           |
|    policy_gradient_loss | -0.00107     |
|    value_loss           | 6.63e+06     |
------------------------------------------
------------------------------------------
| rollout/                |              |
|    ep_len_mean          | 100          |
|    ep_rew_mean          | -1.7e+04     |
| time/                   |              |
|    fps                  | 170          |
|    iterations           | 8            |
|    time_elapsed         | 95           |
|    total_timesteps      | 16384        |
| train/                  |              |
|    approx_kl            | 8.649091e-05 |
|    clip_fraction        | 0            |
|    clip_range           | 0.2          |
|    entropy_loss         | -3.22        |
|    explained_variance   | 2.98e-07     |
|    learning_rate        | 0.0003       |
|    loss                 | 3.91e+06     |
|    n_updates            | 70           |
|    policy_gradient_loss | -0.000932    |
|    value_loss           | 6.53e+06     |
------------------------------------------
------------------------------------------
| rollout/                |              |
|    ep_len_mean          | 100          |
|    ep_rew_mean          | -1.69e+04    |
| time/                   |              |
|    fps                  | 167          |
|    iterations           | 9            |
|    time_elapsed         | 110          |
|    total_timesteps      | 18432        |
| train/                  |              |
|    approx_kl            | 9.862764e-05 |
|    clip_fraction        | 0            |
|    clip_range           | 0.2          |
|    entropy_loss         | -3.21        |
|    explained_variance   | -9.54e-07    |
|    learning_rate        | 0.0003       |
|    loss                 | 3.16e+06     |
|    n_updates            | 80           |
|    policy_gradient_loss | -0.000969    |
|    value_loss           | 6.33e+06     |
------------------------------------------
-------------------------------------------
| rollout/                |               |
|    ep_len_mean          | 100           |
|    ep_rew_mean          | -1.68e+04     |
| time/                   |               |
|    fps                  | 166           |
|    iterations           | 10            |
|    time_elapsed         | 122           |
|    total_timesteps      | 20480         |
| train/                  |               |
|    approx_kl            | 6.1825325e-05 |
|    clip_fraction        | 0             |
|    clip_range           | 0.2           |
|    entropy_loss         | -3.21         |
|    explained_variance   | -1.19e-07     |
|    learning_rate        | 0.0003        |
|    loss                 | 3.56e+06      |
|    n_updates            | 90            |
|    policy_gradient_loss | -0.00076      |
|    value_loss           | 7.28e+06      |
-------------------------------------------
------------------------------------------
| rollout/                |              |
|    ep_len_mean          | 100          |
|    ep_rew_mean          | -1.67e+04    |
| time/                   |              |
|    fps                  | 165          |
|    iterations           | 11           |
|    time_elapsed         | 136          |
|    total_timesteps      | 22528        |
| train/                  |              |
|    approx_kl            | 7.771523e-05 |
|    clip_fraction        | 0            |
|    clip_range           | 0.2          |
|    entropy_loss         | -3.21        |
|    explained_variance   | -5.96e-07    |
|    learning_rate        | 0.0003       |
|    loss                 | 3.3e+06      |
|    n_updates            | 100          |
|    policy_gradient_loss | -0.00082     |
|    value_loss           | 6.95e+06     |
------------------------------------------
------------------------------------------
| rollout/                |              |
|    ep_len_mean          | 100          |
|    ep_rew_mean          | -1.66e+04    |
| time/                   |              |
|    fps                  | 165          |
|    iterations           | 12           |
|    time_elapsed         | 148          |
|    total_timesteps      | 24576        |
| train/                  |              |
|    approx_kl            | 6.214084e-05 |
|    clip_fraction        | 0            |
|    clip_range           | 0.2          |
|    entropy_loss         | -3.21        |
|    explained_variance   | 3.58e-07     |
|    learning_rate        | 0.0003       |
|    loss                 | 2.6e+06      |
|    n_updates            | 110          |
|    policy_gradient_loss | -0.000611    |
|    value_loss           | 6.07e+06     |
------------------------------------------
-------------------------------------------
| rollout/                |               |
|    ep_len_mean          | 100           |
|    ep_rew_mean          | -1.66e+04     |
| time/                   |               |
|    fps                  | 171           |
|    iterations           | 13            |
|    time_elapsed         | 155           |
|    total_timesteps      | 26624         |
| train/                  |               |
|    approx_kl            | 0.00012196164 |
|    clip_fraction        | 0             |
|    clip_range           | 0.2           |
|    entropy_loss         | -3.21         |
|    explained_variance   | -2.38e-07     |
|    learning_rate        | 0.0003        |
|    loss                 | 3.66e+06      |
|    n_updates            | 120           |
|    policy_gradient_loss | -0.00114      |
|    value_loss           | 6.5e+06       |
-------------------------------------------
-------------------------------------------
| rollout/                |               |
|    ep_len_mean          | 100           |
|    ep_rew_mean          | -1.64e+04     |
| time/                   |               |
|    fps                  | 177           |
|    iterations           | 14            |
|    time_elapsed         | 161           |
|    total_timesteps      | 28672         |
| train/                  |               |
|    approx_kl            | 5.8186648e-05 |
|    clip_fraction        | 0             |
|    clip_range           | 0.2           |
|    entropy_loss         | -3.21         |
|    explained_variance   | -2.38e-07     |
|    learning_rate        | 0.0003        |
|    loss                 | 3.05e+06      |
|    n_updates            | 130           |
|    policy_gradient_loss | -0.00069      |
|    value_loss           | 6.37e+06      |
-------------------------------------------
------------------------------------------
| rollout/                |              |
|    ep_len_mean          | 100          |
|    ep_rew_mean          | -1.61e+04    |
| time/                   |              |
|    fps                  | 182          |
|    iterations           | 15           |
|    time_elapsed         | 168          |
|    total_timesteps      | 30720        |
| train/                  |              |
|    approx_kl            | 0.0001314717 |
|    clip_fraction        | 0            |
|    clip_range           | 0.2          |
|    entropy_loss         | -3.21        |
|    explained_variance   | 1.19e-07     |
|    learning_rate        | 0.0003       |
|    loss                 | 2.46e+06     |
|    n_updates            | 140          |
|    policy_gradient_loss | -0.0013      |
|    value_loss           | 6.24e+06     |
------------------------------------------
-------------------------------------------
| rollout/                |               |
|    ep_len_mean          | 100           |
|    ep_rew_mean          | -1.61e+04     |
| time/                   |               |
|    fps                  | 180           |
|    iterations           | 16            |
|    time_elapsed         | 181           |
|    total_timesteps      | 32768         |
| train/                  |               |
|    approx_kl            | 0.00013775224 |
|    clip_fraction        | 0             |
|    clip_range           | 0.2           |
|    entropy_loss         | -3.21         |
|    explained_variance   | -2.38e-07     |
|    learning_rate        | 0.0003        |
|    loss                 | 2.31e+06      |
|    n_updates            | 150           |
|    policy_gradient_loss | -0.00108      |
|    value_loss           | 5.68e+06      |
-------------------------------------------
-------------------------------------------
| rollout/                |               |
|    ep_len_mean          | 100           |
|    ep_rew_mean          | -1.6e+04      |
| time/                   |               |
|    fps                  | 177           |
|    iterations           | 17            |
|    time_elapsed         | 196           |
|    total_timesteps      | 34816         |
| train/                  |               |
|    approx_kl            | 0.00011291678 |
|    clip_fraction        | 0             |
|    clip_range           | 0.2           |
|    entropy_loss         | -3.2          |
|    explained_variance   | -1.19e-07     |
|    learning_rate        | 0.0003        |
|    loss                 | 3.03e+06      |
|    n_updates            | 160           |
|    policy_gradient_loss | -0.00102      |
|    value_loss           | 5.9e+06       |
-------------------------------------------
------------------------------------------
| rollout/                |              |
|    ep_len_mean          | 100          |
|    ep_rew_mean          | -1.58e+04    |
| time/                   |              |
|    fps                  | 177          |
|    iterations           | 18           |
|    time_elapsed         | 208          |
|    total_timesteps      | 36864        |
| train/                  |              |
|    approx_kl            | 9.179392e-05 |
|    clip_fraction        | 0            |
|    clip_range           | 0.2          |
|    entropy_loss         | -3.2         |
|    explained_variance   | 1.19e-07     |
|    learning_rate        | 0.0003       |
|    loss                 | 2.59e+06     |
|    n_updates            | 170          |
|    policy_gradient_loss | -0.000922    |
|    value_loss           | 5.86e+06     |
------------------------------------------
-------------------------------------------
| rollout/                |               |
|    ep_len_mean          | 100           |
|    ep_rew_mean          | -1.55e+04     |
| time/                   |               |
|    fps                  | 175           |
|    iterations           | 19            |
|    time_elapsed         | 221           |
|    total_timesteps      | 38912         |
| train/                  |               |
|    approx_kl            | 0.00016984812 |
|    clip_fraction        | 0             |
|    clip_range           | 0.2           |
|    entropy_loss         | -3.2          |
|    explained_variance   | -1.19e-07     |
|    learning_rate        | 0.0003        |
|    loss                 | 2.98e+06      |
|    n_updates            | 180           |
|    policy_gradient_loss | -0.00149      |
|    value_loss           | 5.63e+06      |
-------------------------------------------
-------------------------------------------
| rollout/                |               |
|    ep_len_mean          | 100           |
|    ep_rew_mean          | -1.54e+04     |
| time/                   |               |
|    fps                  | 177           |
|    iterations           | 20            |
|    time_elapsed         | 231           |
|    total_timesteps      | 40960         |
| train/                  |               |
|    approx_kl            | 0.00015208937 |
|    clip_fraction        | 0             |
|    clip_range           | 0.2           |
|    entropy_loss         | -3.19         |
|    explained_variance   | 0             |
|    learning_rate        | 0.0003        |
|    loss                 | 2.15e+06      |
|    n_updates            | 190           |
|    policy_gradient_loss | -0.00143      |
|    value_loss           | 5.11e+06      |
-------------------------------------------
------------------------------------------
| rollout/                |              |
|    ep_len_mean          | 100          |
|    ep_rew_mean          | -1.52e+04    |
| time/                   |              |
|    fps                  | 175          |
|    iterations           | 21           |
|    time_elapsed         | 245          |
|    total_timesteps      | 43008        |
| train/                  |              |
|    approx_kl            | 7.999083e-05 |
|    clip_fraction        | 0            |
|    clip_range           | 0.2          |
|    entropy_loss         | -3.19        |
|    explained_variance   | -2.38e-07    |
|    learning_rate        | 0.0003       |
|    loss                 | 2.11e+06     |
|    n_updates            | 200          |
|    policy_gradient_loss | -0.000897    |
|    value_loss           | 5e+06        |
------------------------------------------
------------------------------------------
| rollout/                |              |
|    ep_len_mean          | 100          |
|    ep_rew_mean          | -1.51e+04    |
| time/                   |              |
|    fps                  | 174          |
|    iterations           | 22           |
|    time_elapsed         | 258          |
|    total_timesteps      | 45056        |
| train/                  |              |
|    approx_kl            | 7.328138e-05 |
|    clip_fraction        | 0            |
|    clip_range           | 0.2          |
|    entropy_loss         | -3.19        |
|    explained_variance   | 0            |
|    learning_rate        | 0.0003       |
|    loss                 | 2.37e+06     |
|    n_updates            | 210          |
|    policy_gradient_loss | -0.000791    |
|    value_loss           | 5.17e+06     |
------------------------------------------
------------------------------------------
| rollout/                |              |
|    ep_len_mean          | 100          |
|    ep_rew_mean          | -1.52e+04    |
| time/                   |              |
|    fps                  | 174          |
|    iterations           | 23           |
|    time_elapsed         | 270          |
|    total_timesteps      | 47104        |
| train/                  |              |
|    approx_kl            | 0.0001031289 |
|    clip_fraction        | 0            |
|    clip_range           | 0.2          |
|    entropy_loss         | -3.19        |
|    explained_variance   | 0            |
|    learning_rate        | 0.0003       |
|    loss                 | 2.39e+06     |
|    n_updates            | 220          |
|    policy_gradient_loss | -0.000964    |
|    value_loss           | 5.32e+06     |
------------------------------------------
-------------------------------------------
| rollout/                |               |
|    ep_len_mean          | 100           |
|    ep_rew_mean          | -1.52e+04     |
| time/                   |               |
|    fps                  | 172           |
|    iterations           | 24            |
|    time_elapsed         | 285           |
|    total_timesteps      | 49152         |
| train/                  |               |
|    approx_kl            | 0.00011568406 |
|    clip_fraction        | 0             |
|    clip_range           | 0.2           |
|    entropy_loss         | -3.18         |
|    explained_variance   | 1.19e-07      |
|    learning_rate        | 0.0003        |
|    loss                 | 2.79e+06      |
|    n_updates            | 230           |
|    policy_gradient_loss | -0.00111      |
|    value_loss           | 5.78e+06      |
-------------------------------------------
-------------------------------------------
| rollout/                |               |
|    ep_len_mean          | 100           |
|    ep_rew_mean          | -1.49e+04     |
| time/                   |               |
|    fps                  | 172           |
|    iterations           | 25            |
|    time_elapsed         | 296           |
|    total_timesteps      | 51200         |
| train/                  |               |
|    approx_kl            | 0.00019597512 |
|    clip_fraction        | 0             |
|    clip_range           | 0.2           |
|    entropy_loss         | -3.18         |
|    explained_variance   | 0             |
|    learning_rate        | 0.0003        |
|    loss                 | 2.45e+06      |
|    n_updates            | 240           |
|    policy_gradient_loss | -0.00149      |
|    value_loss           | 4.87e+06      |
-------------------------------------------
-------------------------------------------
| rollout/                |               |
|    ep_len_mean          | 100           |
|    ep_rew_mean          | -1.48e+04     |
| time/                   |               |
|    fps                  | 173           |
|    iterations           | 26            |
|    time_elapsed         | 306           |
|    total_timesteps      | 53248         |
| train/                  |               |
|    approx_kl            | 0.00020782082 |
|    clip_fraction        | 0             |
|    clip_range           | 0.2           |
|    entropy_loss         | -3.18         |
|    explained_variance   | 1.19e-07      |
|    learning_rate        | 0.0003        |
|    loss                 | 2.04e+06      |
|    n_updates            | 250           |
|    policy_gradient_loss | -0.00155      |
|    value_loss           | 4.33e+06      |
-------------------------------------------
------------------------------------------
| rollout/                |              |
|    ep_len_mean          | 100          |
|    ep_rew_mean          | -1.45e+04    |
| time/                   |              |
|    fps                  | 173          |
|    iterations           | 27           |
|    time_elapsed         | 318          |
|    total_timesteps      | 55296        |
| train/                  |              |
|    approx_kl            | 0.0001034149 |
|    clip_fraction        | 0            |
|    clip_range           | 0.2          |
|    entropy_loss         | -3.17        |
|    explained_variance   | 0            |
|    learning_rate        | 0.0003       |
|    loss                 | 2.63e+06     |
|    n_updates            | 260          |
|    policy_gradient_loss | -0.00103     |
|    value_loss           | 4.44e+06     |
------------------------------------------
-------------------------------------------
| rollout/                |               |
|    ep_len_mean          | 100           |
|    ep_rew_mean          | -1.42e+04     |
| time/                   |               |
|    fps                  | 174           |
|    iterations           | 28            |
|    time_elapsed         | 328           |
|    total_timesteps      | 57344         |
| train/                  |               |
|    approx_kl            | 0.00017270149 |
|    clip_fraction        | 0             |
|    clip_range           | 0.2           |
|    entropy_loss         | -3.17         |
|    explained_variance   | -1.19e-07     |
|    learning_rate        | 0.0003        |
|    loss                 | 1.92e+06      |
|    n_updates            | 270           |
|    policy_gradient_loss | -0.00138      |
|    value_loss           | 4.48e+06      |
-------------------------------------------
-------------------------------------------
| rollout/                |               |
|    ep_len_mean          | 100           |
|    ep_rew_mean          | -1.42e+04     |
| time/                   |               |
|    fps                  | 174           |
|    iterations           | 29            |
|    time_elapsed         | 339           |
|    total_timesteps      | 59392         |
| train/                  |               |
|    approx_kl            | 0.00013865848 |
|    clip_fraction        | 0             |
|    clip_range           | 0.2           |
|    entropy_loss         | -3.16         |
|    explained_variance   | 0             |
|    learning_rate        | 0.0003        |
|    loss                 | 2.15e+06      |
|    n_updates            | 280           |
|    policy_gradient_loss | -0.000883     |
|    value_loss           | 4.49e+06      |
-------------------------------------------
------------------------------------------
| rollout/                |              |
|    ep_len_mean          | 100          |
|    ep_rew_mean          | -1.43e+04    |
| time/                   |              |
|    fps                  | 171          |
|    iterations           | 30           |
|    time_elapsed         | 358          |
|    total_timesteps      | 61440        |
| train/                  |              |
|    approx_kl            | 9.742324e-05 |
|    clip_fraction        | 0            |
|    clip_range           | 0.2          |
|    entropy_loss         | -3.16        |
|    explained_variance   | -1.19e-07    |
|    learning_rate        | 0.0003       |
|    loss                 | 2.55e+06     |
|    n_updates            | 290          |
|    policy_gradient_loss | -0.000811    |
|    value_loss           | 4.9e+06      |
------------------------------------------
-------------------------------------------
| rollout/                |               |
|    ep_len_mean          | 100           |
|    ep_rew_mean          | -1.42e+04     |
| time/                   |               |
|    fps                  | 168           |
|    iterations           | 31            |
|    time_elapsed         | 375           |
|    total_timesteps      | 63488         |
| train/                  |               |
|    approx_kl            | 0.00018098566 |
|    clip_fraction        | 0             |
|    clip_range           | 0.2           |
|    entropy_loss         | -3.16         |
|    explained_variance   | -2.38e-07     |
|    learning_rate        | 0.0003        |
|    loss                 | 2.36e+06      |
|    n_updates            | 300           |
|    policy_gradient_loss | -0.00142      |
|    value_loss           | 4.43e+06      |
-------------------------------------------
------------------------------------------
| rollout/                |              |
|    ep_len_mean          | 100          |
|    ep_rew_mean          | -1.4e+04     |
| time/                   |              |
|    fps                  | 169          |
|    iterations           | 32           |
|    time_elapsed         | 386          |
|    total_timesteps      | 65536        |
| train/                  |              |
|    approx_kl            | 0.0003146603 |
|    clip_fraction        | 0            |
|    clip_range           | 0.2          |
|    entropy_loss         | -3.15        |
|    explained_variance   | -2.38e-07    |
|    learning_rate        | 0.0003       |
|    loss                 | 2.06e+06     |
|    n_updates            | 310          |
|    policy_gradient_loss | -0.00215     |
|    value_loss           | 4.29e+06     |
------------------------------------------
-------------------------------------------
| rollout/                |               |
|    ep_len_mean          | 100           |
|    ep_rew_mean          | -1.39e+04     |
| time/                   |               |
|    fps                  | 171           |
|    iterations           | 33            |
|    time_elapsed         | 394           |
|    total_timesteps      | 67584         |
| train/                  |               |
|    approx_kl            | 0.00026108997 |
|    clip_fraction        | 0             |
|    clip_range           | 0.2           |
|    entropy_loss         | -3.14         |
|    explained_variance   | 0             |
|    learning_rate        | 0.0003        |
|    loss                 | 2.07e+06      |
|    n_updates            | 320           |
|    policy_gradient_loss | -0.0018       |
|    value_loss           | 3.93e+06      |
-------------------------------------------
-------------------------------------------
| rollout/                |               |
|    ep_len_mean          | 100           |
|    ep_rew_mean          | -1.35e+04     |
| time/                   |               |
|    fps                  | 173           |
|    iterations           | 34            |
|    time_elapsed         | 401           |
|    total_timesteps      | 69632         |
| train/                  |               |
|    approx_kl            | 0.00010739555 |
|    clip_fraction        | 0             |
|    clip_range           | 0.2           |
|    entropy_loss         | -3.14         |
|    explained_variance   | 0             |
|    learning_rate        | 0.0003        |
|    loss                 | 2.12e+06      |
|    n_updates            | 330           |
|    policy_gradient_loss | -0.000977     |
|    value_loss           | 3.93e+06      |
-------------------------------------------
-----------------------------------------
| rollout/                |             |
|    ep_len_mean          | 100         |
|    ep_rew_mean          | -1.33e+04   |
| time/                   |             |
|    fps                  | 174         |
|    iterations           | 35          |
|    time_elapsed         | 409         |
|    total_timesteps      | 71680       |
| train/                  |             |
|    approx_kl            | 0.000173382 |
|    clip_fraction        | 0           |
|    clip_range           | 0.2         |
|    entropy_loss         | -3.13       |
|    explained_variance   | 0           |
|    learning_rate        | 0.0003      |
|    loss                 | 1.92e+06    |
|    n_updates            | 340         |
|    policy_gradient_loss | -0.00122    |
|    value_loss           | 3.68e+06    |
-----------------------------------------
-------------------------------------------
| rollout/                |               |
|    ep_len_mean          | 100           |
|    ep_rew_mean          | -1.3e+04      |
| time/                   |               |
|    fps                  | 175           |
|    iterations           | 36            |
|    time_elapsed         | 420           |
|    total_timesteps      | 73728         |
| train/                  |               |
|    approx_kl            | 0.00015901905 |
|    clip_fraction        | 0             |
|    clip_range           | 0.2           |
|    entropy_loss         | -3.13         |
|    explained_variance   | -1.19e-07     |
|    learning_rate        | 0.0003        |
|    loss                 | 1.91e+06      |
|    n_updates            | 350           |
|    policy_gradient_loss | -0.00125      |
|    value_loss           | 3.53e+06      |
-------------------------------------------
-------------------------------------------
| rollout/                |               |
|    ep_len_mean          | 100           |
|    ep_rew_mean          | -1.3e+04      |
| time/                   |               |
|    fps                  | 175           |
|    iterations           | 37            |
|    time_elapsed         | 432           |
|    total_timesteps      | 75776         |
| train/                  |               |
|    approx_kl            | 0.00016041388 |
|    clip_fraction        | 0             |
|    clip_range           | 0.2           |
|    entropy_loss         | -3.12         |
|    explained_variance   | 0             |
|    learning_rate        | 0.0003        |
|    loss                 | 1.99e+06      |
|    n_updates            | 360           |
|    policy_gradient_loss | -0.0014       |
|    value_loss           | 3.65e+06      |
-------------------------------------------
------------------------------------------
| rollout/                |              |
|    ep_len_mean          | 100          |
|    ep_rew_mean          | -1.28e+04    |
| time/                   |              |
|    fps                  | 174          |
|    iterations           | 38           |
|    time_elapsed         | 444          |
|    total_timesteps      | 77824        |
| train/                  |              |
|    approx_kl            | 0.0001865637 |
|    clip_fraction        | 0            |
|    clip_range           | 0.2          |
|    entropy_loss         | -3.12        |
|    explained_variance   | 0            |
|    learning_rate        | 0.0003       |
|    loss                 | 1.91e+06     |
|    n_updates            | 370          |
|    policy_gradient_loss | -0.00114     |
|    value_loss           | 3.92e+06     |
------------------------------------------
-------------------------------------------
| rollout/                |               |
|    ep_len_mean          | 100           |
|    ep_rew_mean          | -1.29e+04     |
| time/                   |               |
|    fps                  | 175           |
|    iterations           | 39            |
|    time_elapsed         | 456           |
|    total_timesteps      | 79872         |
| train/                  |               |
|    approx_kl            | 0.00017962133 |
|    clip_fraction        | 0             |
|    clip_range           | 0.2           |
|    entropy_loss         | -3.12         |
|    explained_variance   | -1.19e-07     |
|    learning_rate        | 0.0003        |
|    loss                 | 1.46e+06      |
|    n_updates            | 380           |
|    policy_gradient_loss | -0.0012       |
|    value_loss           | 2.85e+06      |
-------------------------------------------
-------------------------------------------
| rollout/                |               |
|    ep_len_mean          | 100           |
|    ep_rew_mean          | -1.27e+04     |
| time/                   |               |
|    fps                  | 175           |
|    iterations           | 40            |
|    time_elapsed         | 467           |
|    total_timesteps      | 81920         |
| train/                  |               |
|    approx_kl            | 0.00017753281 |
|    clip_fraction        | 0             |
|    clip_range           | 0.2           |
|    entropy_loss         | -3.11         |
|    explained_variance   | 0             |
|    learning_rate        | 0.0003        |
|    loss                 | 2.11e+06      |
|    n_updates            | 390           |
|    policy_gradient_loss | -0.00129      |
|    value_loss           | 3.96e+06      |
-------------------------------------------
-------------------------------------------
| rollout/                |               |
|    ep_len_mean          | 100           |
|    ep_rew_mean          | -1.26e+04     |
| time/                   |               |
|    fps                  | 175           |
|    iterations           | 41            |
|    time_elapsed         | 477           |
|    total_timesteps      | 83968         |
| train/                  |               |
|    approx_kl            | 0.00044336607 |
|    clip_fraction        | 0             |
|    clip_range           | 0.2           |
|    entropy_loss         | -3.1          |
|    explained_variance   | 0             |
|    learning_rate        | 0.0003        |
|    loss                 | 1.96e+06      |
|    n_updates            | 400           |
|    policy_gradient_loss | -0.0024       |
|    value_loss           | 3.4e+06       |
-------------------------------------------
-------------------------------------------
| rollout/                |               |
|    ep_len_mean          | 100           |
|    ep_rew_mean          | -1.25e+04     |
| time/                   |               |
|    fps                  | 176           |
|    iterations           | 42            |
|    time_elapsed         | 488           |
|    total_timesteps      | 86016         |
| train/                  |               |
|    approx_kl            | 0.00023763088 |
|    clip_fraction        | 0             |
|    clip_range           | 0.2           |
|    entropy_loss         | -3.09         |
|    explained_variance   | 0             |
|    learning_rate        | 0.0003        |
|    loss                 | 1.57e+06      |
|    n_updates            | 410           |
|    policy_gradient_loss | -0.00171      |
|    value_loss           | 3.01e+06      |
-------------------------------------------
-------------------------------------------
| rollout/                |               |
|    ep_len_mean          | 100           |
|    ep_rew_mean          | -1.26e+04     |
| time/                   |               |
|    fps                  | 176           |
|    iterations           | 43            |
|    time_elapsed         | 498           |
|    total_timesteps      | 88064         |
| train/                  |               |
|    approx_kl            | 0.00027269937 |
|    clip_fraction        | 0             |
|    clip_range           | 0.2           |
|    entropy_loss         | -3.09         |
|    explained_variance   | 0             |
|    learning_rate        | 0.0003        |
|    loss                 | 1.65e+06      |
|    n_updates            | 420           |
|    policy_gradient_loss | -0.00166      |
|    value_loss           | 3.86e+06      |
-------------------------------------------
-------------------------------------------
| rollout/                |               |
|    ep_len_mean          | 100           |
|    ep_rew_mean          | -1.22e+04     |
| time/                   |               |
|    fps                  | 176           |
|    iterations           | 44            |
|    time_elapsed         | 510           |
|    total_timesteps      | 90112         |
| train/                  |               |
|    approx_kl            | 0.00016404231 |
|    clip_fraction        | 0             |
|    clip_range           | 0.2           |
|    entropy_loss         | -3.08         |
|    explained_variance   | 0             |
|    learning_rate        | 0.0003        |
|    loss                 | 1.57e+06      |
|    n_updates            | 430           |
|    policy_gradient_loss | -0.00116      |
|    value_loss           | 3.31e+06      |
-------------------------------------------
-------------------------------------------
| rollout/                |               |
|    ep_len_mean          | 100           |
|    ep_rew_mean          | -1.2e+04      |
| time/                   |               |
|    fps                  | 176           |
|    iterations           | 45            |
|    time_elapsed         | 523           |
|    total_timesteps      | 92160         |
| train/                  |               |
|    approx_kl            | 0.00045199099 |
|    clip_fraction        | 0             |
|    clip_range           | 0.2           |
|    entropy_loss         | -3.07         |
|    explained_variance   | 0             |
|    learning_rate        | 0.0003        |
|    loss                 | 1.28e+06      |
|    n_updates            | 440           |
|    policy_gradient_loss | -0.00201      |
|    value_loss           | 2.83e+06      |
-------------------------------------------
-------------------------------------------
| rollout/                |               |
|    ep_len_mean          | 100           |
|    ep_rew_mean          | -1.19e+04     |
| time/                   |               |
|    fps                  | 177           |
|    iterations           | 46            |
|    time_elapsed         | 529           |
|    total_timesteps      | 94208         |
| train/                  |               |
|    approx_kl            | 0.00045093516 |
|    clip_fraction        | 0             |
|    clip_range           | 0.2           |
|    entropy_loss         | -3.07         |
|    explained_variance   | 0             |
|    learning_rate        | 0.0003        |
|    loss                 | 1.12e+06      |
|    n_updates            | 450           |
|    policy_gradient_loss | -0.00202      |
|    value_loss           | 2.67e+06      |
-------------------------------------------
-------------------------------------------
| rollout/                |               |
|    ep_len_mean          | 100           |
|    ep_rew_mean          | -1.16e+04     |
| time/                   |               |
|    fps                  | 177           |
|    iterations           | 47            |
|    time_elapsed         | 541           |
|    total_timesteps      | 96256         |
| train/                  |               |
|    approx_kl            | 0.00025889065 |
|    clip_fraction        | 0             |
|    clip_range           | 0.2           |
|    entropy_loss         | -3.06         |
|    explained_variance   | 0             |
|    learning_rate        | 0.0003        |
|    loss                 | 1.71e+06      |
|    n_updates            | 460           |
|    policy_gradient_loss | -0.00158      |
|    value_loss           | 3.11e+06      |
-------------------------------------------
-------------------------------------------
| rollout/                |               |
|    ep_len_mean          | 100           |
|    ep_rew_mean          | -1.13e+04     |
| time/                   |               |
|    fps                  | 176           |
|    iterations           | 48            |
|    time_elapsed         | 555           |
|    total_timesteps      | 98304         |
| train/                  |               |
|    approx_kl            | 0.00046013054 |
|    clip_fraction        | 0             |
|    clip_range           | 0.2           |
|    entropy_loss         | -3.05         |
|    explained_variance   | -1.19e-07     |
|    learning_rate        | 0.0003        |
|    loss                 | 1.34e+06      |
|    n_updates            | 470           |
|    policy_gradient_loss | -0.00205      |
|    value_loss           | 2.89e+06      |
-------------------------------------------
-------------------------------------------
| rollout/                |               |
|    ep_len_mean          | 100           |
|    ep_rew_mean          | -1.1e+04      |
| time/                   |               |
|    fps                  | 176           |
|    iterations           | 49            |
|    time_elapsed         | 569           |
|    total_timesteps      | 100352        |
| train/                  |               |
|    approx_kl            | 0.00042635077 |
|    clip_fraction        | 0             |
|    clip_range           | 0.2           |
|    entropy_loss         | -3.04         |
|    explained_variance   | 5.96e-08      |
|    learning_rate        | 0.0003        |
|    loss                 | 9.5e+05       |
|    n_updates            | 480           |
|    policy_gradient_loss | -0.00169      |
|    value_loss           | 2.14e+06      |
-------------------------------------------
-------------------------------------------
| rollout/                |               |
|    ep_len_mean          | 100           |
|    ep_rew_mean          | -1.1e+04      |
| time/                   |               |
|    fps                  | 174           |
|    iterations           | 50            |
|    time_elapsed         | 587           |
|    total_timesteps      | 102400        |
| train/                  |               |
|    approx_kl            | 0.00050359045 |
|    clip_fraction        | 0             |
|    clip_range           | 0.2           |
|    entropy_loss         | -3.04         |
|    explained_variance   | 0             |
|    learning_rate        | 0.0003        |
|    loss                 | 1.1e+06       |
|    n_updates            | 490           |
|    policy_gradient_loss | -0.00199      |
|    value_loss           | 2.49e+06      |
-------------------------------------------
-------------------------------------------
| rollout/                |               |
|    ep_len_mean          | 100           |
|    ep_rew_mean          | -1.07e+04     |
| time/                   |               |
|    fps                  | 173           |
|    iterations           | 51            |
|    time_elapsed         | 600           |
|    total_timesteps      | 104448        |
| train/                  |               |
|    approx_kl            | 0.00022099973 |
|    clip_fraction        | 0             |
|    clip_range           | 0.2           |
|    entropy_loss         | -3.03         |
|    explained_variance   | 0             |
|    learning_rate        | 0.0003        |
|    loss                 | 1.15e+06      |
|    n_updates            | 500           |
|    policy_gradient_loss | -0.00111      |
|    value_loss           | 2.53e+06      |
-------------------------------------------
------------------------------------------
| rollout/                |              |
|    ep_len_mean          | 100          |
|    ep_rew_mean          | -1.04e+04    |
| time/                   |              |
|    fps                  | 174          |
|    iterations           | 52           |
|    time_elapsed         | 610          |
|    total_timesteps      | 106496       |
| train/                  |              |
|    approx_kl            | 0.0010687541 |
|    clip_fraction        | 0            |
|    clip_range           | 0.2          |
|    entropy_loss         | -3.02        |
|    explained_variance   | 0            |
|    learning_rate        | 0.0003       |
|    loss                 | 1.15e+06     |
|    n_updates            | 510          |
|    policy_gradient_loss | -0.00298     |
|    value_loss           | 2.26e+06     |
------------------------------------------
-------------------------------------------
| rollout/                |               |
|    ep_len_mean          | 100           |
|    ep_rew_mean          | -1.04e+04     |
| time/                   |               |
|    fps                  | 175           |
|    iterations           | 53            |
|    time_elapsed         | 618           |
|    total_timesteps      | 108544        |
| train/                  |               |
|    approx_kl            | 0.00037653858 |
|    clip_fraction        | 0             |
|    clip_range           | 0.2           |
|    entropy_loss         | -3.01         |
|    explained_variance   | -1.19e-07     |
|    learning_rate        | 0.0003        |
|    loss                 | 1.07e+06      |
|    n_updates            | 520           |
|    policy_gradient_loss | -0.00153      |
|    value_loss           | 2.26e+06      |
-------------------------------------------
-------------------------------------------
| rollout/                |               |
|    ep_len_mean          | 100           |
|    ep_rew_mean          | -1.03e+04     |
| time/                   |               |
|    fps                  | 174           |
|    iterations           | 54            |
|    time_elapsed         | 633           |
|    total_timesteps      | 110592        |
| train/                  |               |
|    approx_kl            | 0.00039845568 |
|    clip_fraction        | 0             |
|    clip_range           | 0.2           |
|    entropy_loss         | -3            |
|    explained_variance   | -1.19e-07     |
|    learning_rate        | 0.0003        |
|    loss                 | 1e+06         |
|    n_updates            | 530           |
|    policy_gradient_loss | -0.00221      |
|    value_loss           | 2.2e+06       |
-------------------------------------------
-------------------------------------------
| rollout/                |               |
|    ep_len_mean          | 100           |
|    ep_rew_mean          | -1.02e+04     |
| time/                   |               |
|    fps                  | 174           |
|    iterations           | 55            |
|    time_elapsed         | 644           |
|    total_timesteps      | 112640        |
| train/                  |               |
|    approx_kl            | 0.00051933585 |
|    clip_fraction        | 0             |
|    clip_range           | 0.2           |
|    entropy_loss         | -2.99         |
|    explained_variance   | -1.19e-07     |
|    learning_rate        | 0.0003        |
|    loss                 | 9.96e+05      |
|    n_updates            | 540           |
|    policy_gradient_loss | -0.002        |
|    value_loss           | 2.09e+06      |
-------------------------------------------
------------------------------------------
| rollout/                |              |
|    ep_len_mean          | 100          |
|    ep_rew_mean          | -1.01e+04    |
| time/                   |              |
|    fps                  | 175          |
|    iterations           | 56           |
|    time_elapsed         | 655          |
|    total_timesteps      | 114688       |
| train/                  |              |
|    approx_kl            | 0.0008852695 |
|    clip_fraction        | 0            |
|    clip_range           | 0.2          |
|    entropy_loss         | -2.98        |
|    explained_variance   | 1.19e-07     |
|    learning_rate        | 0.0003       |
|    loss                 | 9.75e+05     |
|    n_updates            | 550          |
|    policy_gradient_loss | -0.00228     |
|    value_loss           | 2.18e+06     |
------------------------------------------
------------------------------------------
| rollout/                |              |
|    ep_len_mean          | 100          |
|    ep_rew_mean          | -9.94e+03    |
| time/                   |              |
|    fps                  | 175          |
|    iterations           | 57           |
|    time_elapsed         | 665          |
|    total_timesteps      | 116736       |
| train/                  |              |
|    approx_kl            | 0.0013169113 |
|    clip_fraction        | 0            |
|    clip_range           | 0.2          |
|    entropy_loss         | -2.97        |
|    explained_variance   | 0            |
|    learning_rate        | 0.0003       |
|    loss                 | 1.02e+06     |
|    n_updates            | 560          |
|    policy_gradient_loss | -0.00285     |
|    value_loss           | 1.93e+06     |
------------------------------------------
------------------------------------------
| rollout/                |              |
|    ep_len_mean          | 100          |
|    ep_rew_mean          | -9.77e+03    |
| time/                   |              |
|    fps                  | 175          |
|    iterations           | 58           |
|    time_elapsed         | 677          |
|    total_timesteps      | 118784       |
| train/                  |              |
|    approx_kl            | 0.0005625434 |
|    clip_fraction        | 0            |
|    clip_range           | 0.2          |
|    entropy_loss         | -2.96        |
|    explained_variance   | 0            |
|    learning_rate        | 0.0003       |
|    loss                 | 8.83e+05     |
|    n_updates            | 570          |
|    policy_gradient_loss | -0.00169     |
|    value_loss           | 2.03e+06     |
------------------------------------------
-----------------------------------------
| rollout/                |             |
|    ep_len_mean          | 100         |
|    ep_rew_mean          | -9.56e+03   |
| time/                   |             |
|    fps                  | 173         |
|    iterations           | 59          |
|    time_elapsed         | 695         |
|    total_timesteps      | 120832      |
| train/                  |             |
|    approx_kl            | 0.001027823 |
|    clip_fraction        | 0           |
|    clip_range           | 0.2         |
|    entropy_loss         | -2.95       |
|    explained_variance   | 0           |
|    learning_rate        | 0.0003      |
|    loss                 | 8.61e+05    |
|    n_updates            | 580         |
|    policy_gradient_loss | -0.00244    |
|    value_loss           | 1.84e+06    |
-----------------------------------------
------------------------------------------
| rollout/                |              |
|    ep_len_mean          | 100          |
|    ep_rew_mean          | -9.26e+03    |
| time/                   |              |
|    fps                  | 173          |
|    iterations           | 60           |
|    time_elapsed         | 706          |
|    total_timesteps      | 122880       |
| train/                  |              |
|    approx_kl            | 0.0016389152 |
|    clip_fraction        | 0            |
|    clip_range           | 0.2          |
|    entropy_loss         | -2.95        |
|    explained_variance   | 0            |
|    learning_rate        | 0.0003       |
|    loss                 | 8.63e+05     |
|    n_updates            | 590          |
|    policy_gradient_loss | -0.00331     |
|    value_loss           | 1.76e+06     |
------------------------------------------
------------------------------------------
| rollout/                |              |
|    ep_len_mean          | 100          |
|    ep_rew_mean          | -9.12e+03    |
| time/                   |              |
|    fps                  | 173          |
|    iterations           | 61           |
|    time_elapsed         | 720          |
|    total_timesteps      | 124928       |
| train/                  |              |
|    approx_kl            | 0.0010058726 |
|    clip_fraction        | 0            |
|    clip_range           | 0.2          |
|    entropy_loss         | -2.94        |
|    explained_variance   | 0            |
|    learning_rate        | 0.0003       |
|    loss                 | 6.78e+05     |
|    n_updates            | 600          |
|    policy_gradient_loss | -0.00197     |
|    value_loss           | 1.47e+06     |
------------------------------------------
-----------------------------------------
| rollout/                |             |
|    ep_len_mean          | 100         |
|    ep_rew_mean          | -8.86e+03   |
| time/                   |             |
|    fps                  | 173         |
|    iterations           | 62          |
|    time_elapsed         | 732         |
|    total_timesteps      | 126976      |
| train/                  |             |
|    approx_kl            | 0.002637284 |
|    clip_fraction        | 4.88e-05    |
|    clip_range           | 0.2         |
|    entropy_loss         | -2.93       |
|    explained_variance   | 0           |
|    learning_rate        | 0.0003      |
|    loss                 | 7.98e+05    |
|    n_updates            | 610         |
|    policy_gradient_loss | -0.00409    |
|    value_loss           | 1.76e+06    |
-----------------------------------------
------------------------------------------
| rollout/                |              |
|    ep_len_mean          | 100          |
|    ep_rew_mean          | -8.76e+03    |
| time/                   |              |
|    fps                  | 174          |
|    iterations           | 63           |
|    time_elapsed         | 740          |
|    total_timesteps      | 129024       |
| train/                  |              |
|    approx_kl            | 0.0010622054 |
|    clip_fraction        | 0            |
|    clip_range           | 0.2          |
|    entropy_loss         | -2.92        |
|    explained_variance   | 0            |
|    learning_rate        | 0.0003       |
|    loss                 | 7.29e+05     |
|    n_updates            | 620          |
|    policy_gradient_loss | -0.00183     |
|    value_loss           | 1.5e+06      |
------------------------------------------
-------------------------------------------
| rollout/                |               |
|    ep_len_mean          | 100           |
|    ep_rew_mean          | -8.75e+03     |
| time/                   |               |
|    fps                  | 173           |
|    iterations           | 64            |
|    time_elapsed         | 757           |
|    total_timesteps      | 131072        |
| train/                  |               |
|    approx_kl            | 0.00029928246 |
|    clip_fraction        | 0             |
|    clip_range           | 0.2           |
|    entropy_loss         | -2.92         |
|    explained_variance   | 0             |
|    learning_rate        | 0.0003        |
|    loss                 | 7.65e+05      |
|    n_updates            | 630           |
|    policy_gradient_loss | -0.00123      |
|    value_loss           | 1.52e+06      |
-------------------------------------------
------------------------------------------
| rollout/                |              |
|    ep_len_mean          | 100          |
|    ep_rew_mean          | -8.81e+03    |
| time/                   |              |
|    fps                  | 173          |
|    iterations           | 65           |
|    time_elapsed         | 768          |
|    total_timesteps      | 133120       |
| train/                  |              |
|    approx_kl            | 0.0028516788 |
|    clip_fraction        | 0.00107      |
|    clip_range           | 0.2          |
|    entropy_loss         | -2.91        |
|    explained_variance   | 1.19e-07     |
|    learning_rate        | 0.0003       |
|    loss                 | 1.06e+06     |
|    n_updates            | 640          |
|    policy_gradient_loss | -0.00423     |
|    value_loss           | 1.86e+06     |
------------------------------------------
------------------------------------------
| rollout/                |              |
|    ep_len_mean          | 100          |
|    ep_rew_mean          | -8.63e+03    |
| time/                   |              |
|    fps                  | 173          |
|    iterations           | 66           |
|    time_elapsed         | 779          |
|    total_timesteps      | 135168       |
| train/                  |              |
|    approx_kl            | 0.0027980907 |
|    clip_fraction        | 0.00156      |
|    clip_range           | 0.2          |
|    entropy_loss         | -2.9         |
|    explained_variance   | 0            |
|    learning_rate        | 0.0003       |
|    loss                 | 9.21e+05     |
|    n_updates            | 650          |
|    policy_gradient_loss | -0.00371     |
|    value_loss           | 1.63e+06     |
------------------------------------------
-----------------------------------------
| rollout/                |             |
|    ep_len_mean          | 100         |
|    ep_rew_mean          | -8.7e+03    |
| time/                   |             |
|    fps                  | 173         |
|    iterations           | 67          |
|    time_elapsed         | 789         |
|    total_timesteps      | 137216      |
| train/                  |             |
|    approx_kl            | 0.002072831 |
|    clip_fraction        | 0           |
|    clip_range           | 0.2         |
|    entropy_loss         | -2.88       |
|    explained_variance   | 0           |
|    learning_rate        | 0.0003      |
|    loss                 | 9.55e+05    |
|    n_updates            | 660         |
|    policy_gradient_loss | -0.00276    |
|    value_loss           | 1.58e+06    |
-----------------------------------------
------------------------------------------
| rollout/                |              |
|    ep_len_mean          | 100          |
|    ep_rew_mean          | -8.57e+03    |
| time/                   |              |
|    fps                  | 173          |
|    iterations           | 68           |
|    time_elapsed         | 803          |
|    total_timesteps      | 139264       |
| train/                  |              |
|    approx_kl            | 0.0036964747 |
|    clip_fraction        | 0.00171      |
|    clip_range           | 0.2          |
|    entropy_loss         | -2.87        |
|    explained_variance   | 0            |
|    learning_rate        | 0.0003       |
|    loss                 | 7.49e+05     |
|    n_updates            | 670          |
|    policy_gradient_loss | -0.00397     |
|    value_loss           | 1.63e+06     |
------------------------------------------
------------------------------------------
| rollout/                |              |
|    ep_len_mean          | 100          |
|    ep_rew_mean          | -8.41e+03    |
| time/                   |              |
|    fps                  | 172          |
|    iterations           | 69           |
|    time_elapsed         | 819          |
|    total_timesteps      | 141312       |
| train/                  |              |
|    approx_kl            | 0.0015312933 |
|    clip_fraction        | 0            |
|    clip_range           | 0.2          |
|    entropy_loss         | -2.86        |
|    explained_variance   | 0            |
|    learning_rate        | 0.0003       |
|    loss                 | 6e+05        |
|    n_updates            | 680          |
|    policy_gradient_loss | -0.00234     |
|    value_loss           | 1.37e+06     |
------------------------------------------
------------------------------------------
| rollout/                |              |
|    ep_len_mean          | 100          |
|    ep_rew_mean          | -8.24e+03    |
| time/                   |              |
|    fps                  | 172          |
|    iterations           | 70           |
|    time_elapsed         | 829          |
|    total_timesteps      | 143360       |
| train/                  |              |
|    approx_kl            | 0.0032436606 |
|    clip_fraction        | 0            |
|    clip_range           | 0.2          |
|    entropy_loss         | -2.84        |
|    explained_variance   | 0            |
|    learning_rate        | 0.0003       |
|    loss                 | 7.34e+05     |
|    n_updates            | 690          |
|    policy_gradient_loss | -0.00347     |
|    value_loss           | 1.52e+06     |
------------------------------------------
------------------------------------------
| rollout/                |              |
|    ep_len_mean          | 100          |
|    ep_rew_mean          | -8.21e+03    |
| time/                   |              |
|    fps                  | 173          |
|    iterations           | 71           |
|    time_elapsed         | 837          |
|    total_timesteps      | 145408       |
| train/                  |              |
|    approx_kl            | 0.0072014723 |
|    clip_fraction        | 0.0212       |
|    clip_range           | 0.2          |
|    entropy_loss         | -2.82        |
|    explained_variance   | 0            |
|    learning_rate        | 0.0003       |
|    loss                 | 6.86e+05     |
|    n_updates            | 700          |
|    policy_gradient_loss | -0.00764     |
|    value_loss           | 1.37e+06     |
------------------------------------------
------------------------------------------
| rollout/                |              |
|    ep_len_mean          | 100          |
|    ep_rew_mean          | -8.05e+03    |
| time/                   |              |
|    fps                  | 173          |
|    iterations           | 72           |
|    time_elapsed         | 850          |
|    total_timesteps      | 147456       |
| train/                  |              |
|    approx_kl            | 0.0019439786 |
|    clip_fraction        | 9.77e-05     |
|    clip_range           | 0.2          |
|    entropy_loss         | -2.8         |
|    explained_variance   | -1.19e-07    |
|    learning_rate        | 0.0003       |
|    loss                 | 5.8e+05      |
|    n_updates            | 710          |
|    policy_gradient_loss | -0.00278     |
|    value_loss           | 1.53e+06     |
------------------------------------------
------------------------------------------
| rollout/                |              |
|    ep_len_mean          | 100          |
|    ep_rew_mean          | -7.89e+03    |
| time/                   |              |
|    fps                  | 173          |
|    iterations           | 73           |
|    time_elapsed         | 863          |
|    total_timesteps      | 149504       |
| train/                  |              |
|    approx_kl            | 0.0045320443 |
|    clip_fraction        | 0.00269      |
|    clip_range           | 0.2          |
|    entropy_loss         | -2.76        |
|    explained_variance   | 0            |
|    learning_rate        | 0.0003       |
|    loss                 | 6.06e+05     |
|    n_updates            | 720          |
|    policy_gradient_loss | -0.00408     |
|    value_loss           | 1.35e+06     |
------------------------------------------
------------------------------------------
| rollout/                |              |
|    ep_len_mean          | 100          |
|    ep_rew_mean          | -7.69e+03    |
| time/                   |              |
|    fps                  | 172          |
|    iterations           | 74           |
|    time_elapsed         | 878          |
|    total_timesteps      | 151552       |
| train/                  |              |
|    approx_kl            | 0.0026075314 |
|    clip_fraction        | 0            |
|    clip_range           | 0.2          |
|    entropy_loss         | -2.76        |
|    explained_variance   | 0            |
|    learning_rate        | 0.0003       |
|    loss                 | 7.21e+05     |
|    n_updates            | 730          |
|    policy_gradient_loss | -0.00239     |
|    value_loss           | 1.23e+06     |
------------------------------------------
-----------------------------------------
| rollout/                |             |
|    ep_len_mean          | 100         |
|    ep_rew_mean          | -7.85e+03   |
| time/                   |             |
|    fps                  | 171         |
|    iterations           | 75          |
|    time_elapsed         | 893         |
|    total_timesteps      | 153600      |
| train/                  |             |
|    approx_kl            | 0.003896101 |
|    clip_fraction        | 0           |
|    clip_range           | 0.2         |
|    entropy_loss         | -2.76       |
|    explained_variance   | 0           |
|    learning_rate        | 0.0003      |
|    loss                 | 4.95e+05    |
|    n_updates            | 740         |
|    policy_gradient_loss | -0.00295    |
|    value_loss           | 1.24e+06    |
-----------------------------------------
------------------------------------------
| rollout/                |              |
|    ep_len_mean          | 100          |
|    ep_rew_mean          | -7.61e+03    |
| time/                   |              |
|    fps                  | 172          |
|    iterations           | 76           |
|    time_elapsed         | 903          |
|    total_timesteps      | 155648       |
| train/                  |              |
|    approx_kl            | 0.0012936308 |
|    clip_fraction        | 0            |
|    clip_range           | 0.2          |
|    entropy_loss         | -2.76        |
|    explained_variance   | 0            |
|    learning_rate        | 0.0003       |
|    loss                 | 6.18e+05     |
|    n_updates            | 750          |
|    policy_gradient_loss | -0.00189     |
|    value_loss           | 1.61e+06     |
------------------------------------------
------------------------------------------
| rollout/                |              |
|    ep_len_mean          | 100          |
|    ep_rew_mean          | -7.46e+03    |
| time/                   |              |
|    fps                  | 173          |
|    iterations           | 77           |
|    time_elapsed         | 911          |
|    total_timesteps      | 157696       |
| train/                  |              |
|    approx_kl            | 0.0051838537 |
|    clip_fraction        | 0.0127       |
|    clip_range           | 0.2          |
|    entropy_loss         | -2.75        |
|    explained_variance   | 0            |
|    learning_rate        | 0.0003       |
|    loss                 | 5.96e+05     |
|    n_updates            | 760          |
|    policy_gradient_loss | -0.00524     |
|    value_loss           | 1.23e+06     |
------------------------------------------
------------------------------------------
| rollout/                |              |
|    ep_len_mean          | 100          |
|    ep_rew_mean          | -7.56e+03    |
| time/                   |              |
|    fps                  | 172          |
|    iterations           | 78           |
|    time_elapsed         | 924          |
|    total_timesteps      | 159744       |
| train/                  |              |
|    approx_kl            | 0.0060945097 |
|    clip_fraction        | 0.0041       |
|    clip_range           | 0.2          |
|    entropy_loss         | -2.74        |
|    explained_variance   | 0            |
|    learning_rate        | 0.0003       |
|    loss                 | 5.28e+05     |
|    n_updates            | 770          |
|    policy_gradient_loss | -0.00448     |
|    value_loss           | 1.23e+06     |
------------------------------------------
------------------------------------------
| rollout/                |              |
|    ep_len_mean          | 100          |
|    ep_rew_mean          | -7.51e+03    |
| time/                   |              |
|    fps                  | 172          |
|    iterations           | 79           |
|    time_elapsed         | 938          |
|    total_timesteps      | 161792       |
| train/                  |              |
|    approx_kl            | 0.0053167124 |
|    clip_fraction        | 0.0085       |
|    clip_range           | 0.2          |
|    entropy_loss         | -2.74        |
|    explained_variance   | 0            |
|    learning_rate        | 0.0003       |
|    loss                 | 1.05e+06     |
|    n_updates            | 780          |
|    policy_gradient_loss | -0.00393     |
|    value_loss           | 1.39e+06     |
------------------------------------------
------------------------------------------
| rollout/                |              |
|    ep_len_mean          | 100          |
|    ep_rew_mean          | -7.37e+03    |
| time/                   |              |
|    fps                  | 172          |
|    iterations           | 80           |
|    time_elapsed         | 950          |
|    total_timesteps      | 163840       |
| train/                  |              |
|    approx_kl            | 0.0015154605 |
|    clip_fraction        | 0            |
|    clip_range           | 0.2          |
|    entropy_loss         | -2.73        |
|    explained_variance   | 0            |
|    learning_rate        | 0.0003       |
|    loss                 | 4.76e+05     |
|    n_updates            | 790          |
|    policy_gradient_loss | -0.00156     |
|    value_loss           | 1.22e+06     |
------------------------------------------
------------------------------------------
| rollout/                |              |
|    ep_len_mean          | 100          |
|    ep_rew_mean          | -7.4e+03     |
| time/                   |              |
|    fps                  | 172          |
|    iterations           | 81           |
|    time_elapsed         | 962          |
|    total_timesteps      | 165888       |
| train/                  |              |
|    approx_kl            | 0.0008215733 |
|    clip_fraction        | 0            |
|    clip_range           | 0.2          |
|    entropy_loss         | -2.72        |
|    explained_variance   | 0            |
|    learning_rate        | 0.0003       |
|    loss                 | 6.82e+05     |
|    n_updates            | 800          |
|    policy_gradient_loss | -0.00135     |
|    value_loss           | 1.34e+06     |
------------------------------------------
------------------------------------------
| rollout/                |              |
|    ep_len_mean          | 100          |
|    ep_rew_mean          | -7.3e+03     |
| time/                   |              |
|    fps                  | 172          |
|    iterations           | 82           |
|    time_elapsed         | 973          |
|    total_timesteps      | 167936       |
| train/                  |              |
|    approx_kl            | 0.0066398443 |
|    clip_fraction        | 0.0164       |
|    clip_range           | 0.2          |
|    entropy_loss         | -2.72        |
|    explained_variance   | -1.19e-07    |
|    learning_rate        | 0.0003       |
|    loss                 | 6.41e+05     |
|    n_updates            | 810          |
|    policy_gradient_loss | -0.00439     |
|    value_loss           | 1.23e+06     |
------------------------------------------
-----------------------------------------
| rollout/                |             |
|    ep_len_mean          | 100         |
|    ep_rew_mean          | -7.18e+03   |
| time/                   |             |
|    fps                  | 173         |
|    iterations           | 83          |
|    time_elapsed         | 979         |
|    total_timesteps      | 169984      |
| train/                  |             |
|    approx_kl            | 0.030778585 |
|    clip_fraction        | 0.1         |
|    clip_range           | 0.2         |
|    entropy_loss         | -2.73       |
|    explained_variance   | 0           |
|    learning_rate        | 0.0003      |
|    loss                 | 6.02e+05    |
|    n_updates            | 820         |
|    policy_gradient_loss | -0.00233    |
|    value_loss           | 1.19e+06    |
-----------------------------------------
-----------------------------------------
| rollout/                |             |
|    ep_len_mean          | 100         |
|    ep_rew_mean          | -7.16e+03   |
| time/                   |             |
|    fps                  | 174         |
|    iterations           | 84          |
|    time_elapsed         | 986         |
|    total_timesteps      | 172032      |
| train/                  |             |
|    approx_kl            | 0.010457499 |
|    clip_fraction        | 0.0546      |
|    clip_range           | 0.2         |
|    entropy_loss         | -2.72       |
|    explained_variance   | 0           |
|    learning_rate        | 0.0003      |
|    loss                 | 4.43e+05    |
|    n_updates            | 830         |
|    policy_gradient_loss | -0.00836    |
|    value_loss           | 1.16e+06    |
-----------------------------------------
-----------------------------------------
| rollout/                |             |
|    ep_len_mean          | 100         |
|    ep_rew_mean          | -6.85e+03   |
| time/                   |             |
|    fps                  | 175         |
|    iterations           | 85          |
|    time_elapsed         | 993         |
|    total_timesteps      | 174080      |
| train/                  |             |
|    approx_kl            | 0.006554211 |
|    clip_fraction        | 0.0685      |
|    clip_range           | 0.2         |
|    entropy_loss         | -2.71       |
|    explained_variance   | 0           |
|    learning_rate        | 0.0003      |
|    loss                 | 5.77e+05    |
|    n_updates            | 840         |
|    policy_gradient_loss | -0.00355    |
|    value_loss           | 1.33e+06    |
-----------------------------------------
------------------------------------------
| rollout/                |              |
|    ep_len_mean          | 100          |
|    ep_rew_mean          | -6.8e+03     |
| time/                   |              |
|    fps                  | 175          |
|    iterations           | 86           |
|    time_elapsed         | 1003         |
|    total_timesteps      | 176128       |
| train/                  |              |
|    approx_kl            | 0.0070389397 |
|    clip_fraction        | 0.138        |
|    clip_range           | 0.2          |
|    entropy_loss         | -2.72        |
|    explained_variance   | 0            |
|    learning_rate        | 0.0003       |
|    loss                 | 6.32e+05     |
|    n_updates            | 850          |
|    policy_gradient_loss | -0.00232     |
|    value_loss           | 1.11e+06     |
------------------------------------------
-----------------------------------------
| rollout/                |             |
|    ep_len_mean          | 100         |
|    ep_rew_mean          | -6.89e+03   |
| time/                   |             |
|    fps                  | 175         |
|    iterations           | 87          |
|    time_elapsed         | 1015        |
|    total_timesteps      | 178176      |
| train/                  |             |
|    approx_kl            | 0.013293523 |
|    clip_fraction        | 0.0432      |
|    clip_range           | 0.2         |
|    entropy_loss         | -2.72       |
|    explained_variance   | 0           |
|    learning_rate        | 0.0003      |
|    loss                 | 4.4e+05     |
|    n_updates            | 860         |
|    policy_gradient_loss | -0.00454    |
|    value_loss           | 1.31e+06    |
-----------------------------------------
-----------------------------------------
| rollout/                |             |
|    ep_len_mean          | 100         |
|    ep_rew_mean          | -6.81e+03   |
| time/                   |             |
|    fps                  | 176         |
|    iterations           | 88          |
|    time_elapsed         | 1023        |
|    total_timesteps      | 180224      |
| train/                  |             |
|    approx_kl            | 0.003549678 |
|    clip_fraction        | 0.00439     |
|    clip_range           | 0.2         |
|    entropy_loss         | -2.67       |
|    explained_variance   | -1.19e-07   |
|    learning_rate        | 0.0003      |
|    loss                 | 6.08e+05    |
|    n_updates            | 870         |
|    policy_gradient_loss | -0.0041     |
|    value_loss           | 1.35e+06    |
-----------------------------------------
-----------------------------------------
| rollout/                |             |
|    ep_len_mean          | 100         |
|    ep_rew_mean          | -6.83e+03   |
| time/                   |             |
|    fps                  | 176         |
|    iterations           | 89          |
|    time_elapsed         | 1034        |
|    total_timesteps      | 182272      |
| train/                  |             |
|    approx_kl            | 0.019589728 |
|    clip_fraction        | 0.168       |
|    clip_range           | 0.2         |
|    entropy_loss         | -2.65       |
|    explained_variance   | -1.19e-07   |
|    learning_rate        | 0.0003      |
|    loss                 | 4.73e+05    |
|    n_updates            | 880         |
|    policy_gradient_loss | 0.00333     |
|    value_loss           | 1.17e+06    |
-----------------------------------------
------------------------------------------
| rollout/                |              |
|    ep_len_mean          | 100          |
|    ep_rew_mean          | -6.83e+03    |
| time/                   |              |
|    fps                  | 175          |
|    iterations           | 90           |
|    time_elapsed         | 1051         |
|    total_timesteps      | 184320       |
| train/                  |              |
|    approx_kl            | 0.0049852515 |
|    clip_fraction        | 0.00679      |
|    clip_range           | 0.2          |
|    entropy_loss         | -2.63        |
|    explained_variance   | 0            |
|    learning_rate        | 0.0003       |
|    loss                 | 4.72e+05     |
|    n_updates            | 890          |
|    policy_gradient_loss | -0.00279     |
|    value_loss           | 1.21e+06     |
------------------------------------------
------------------------------------------
| rollout/                |              |
|    ep_len_mean          | 100          |
|    ep_rew_mean          | -6.73e+03    |
| time/                   |              |
|    fps                  | 175          |
|    iterations           | 91           |
|    time_elapsed         | 1059         |
|    total_timesteps      | 186368       |
| train/                  |              |
|    approx_kl            | 0.0067263995 |
|    clip_fraction        | 0.0486       |
|    clip_range           | 0.2          |
|    entropy_loss         | -2.64        |
|    explained_variance   | 0            |
|    learning_rate        | 0.0003       |
|    loss                 | 5.66e+05     |
|    n_updates            | 900          |
|    policy_gradient_loss | -0.00302     |
|    value_loss           | 1.11e+06     |
------------------------------------------
------------------------------------------
| rollout/                |              |
|    ep_len_mean          | 100          |
|    ep_rew_mean          | -6.51e+03    |
| time/                   |              |
|    fps                  | 176          |
|    iterations           | 92           |
|    time_elapsed         | 1068         |
|    total_timesteps      | 188416       |
| train/                  |              |
|    approx_kl            | 0.0028947608 |
|    clip_fraction        | 4.88e-05     |
|    clip_range           | 0.2          |
|    entropy_loss         | -2.68        |
|    explained_variance   | 0            |
|    learning_rate        | 0.0003       |
|    loss                 | 5.73e+05     |
|    n_updates            | 910          |
|    policy_gradient_loss | -0.00272     |
|    value_loss           | 1.24e+06     |
------------------------------------------
-----------------------------------------
| rollout/                |             |
|    ep_len_mean          | 100         |
|    ep_rew_mean          | -6.28e+03   |
| time/                   |             |
|    fps                  | 177         |
|    iterations           | 93          |
|    time_elapsed         | 1074        |
|    total_timesteps      | 190464      |
| train/                  |             |
|    approx_kl            | 0.006374602 |
|    clip_fraction        | 0.0473      |
|    clip_range           | 0.2         |
|    entropy_loss         | -2.68       |
|    explained_variance   | 0           |
|    learning_rate        | 0.0003      |
|    loss                 | 5.64e+05    |
|    n_updates            | 920         |
|    policy_gradient_loss | -0.00487    |
|    value_loss           | 1.07e+06    |
-----------------------------------------
-----------------------------------------
| rollout/                |             |
|    ep_len_mean          | 100         |
|    ep_rew_mean          | -6.07e+03   |
| time/                   |             |
|    fps                  | 177         |
|    iterations           | 94          |
|    time_elapsed         | 1083        |
|    total_timesteps      | 192512      |
| train/                  |             |
|    approx_kl            | 0.029793747 |
|    clip_fraction        | 0.146       |
|    clip_range           | 0.2         |
|    entropy_loss         | -2.6        |
|    explained_variance   | -1.19e-07   |
|    learning_rate        | 0.0003      |
|    loss                 | 4.67e+05    |
|    n_updates            | 930         |
|    policy_gradient_loss | -0.00134    |
|    value_loss           | 1.05e+06    |
-----------------------------------------
------------------------------------------
| rollout/                |              |
|    ep_len_mean          | 100          |
|    ep_rew_mean          | -6.12e+03    |
| time/                   |              |
|    fps                  | 177          |
|    iterations           | 95           |
|    time_elapsed         | 1097         |
|    total_timesteps      | 194560       |
| train/                  |              |
|    approx_kl            | 0.0062321783 |
|    clip_fraction        | 0.157        |
|    clip_range           | 0.2          |
|    entropy_loss         | -2.56        |
|    explained_variance   | 0            |
|    learning_rate        | 0.0003       |
|    loss                 | 7.75e+05     |
|    n_updates            | 940          |
|    policy_gradient_loss | -0.00255     |
|    value_loss           | 1.26e+06     |
------------------------------------------
----------------------------------------
| rollout/                |            |
|    ep_len_mean          | 100        |
|    ep_rew_mean          | -5.83e+03  |
| time/                   |            |
|    fps                  | 176        |
|    iterations           | 96         |
|    time_elapsed         | 1111       |
|    total_timesteps      | 196608     |
| train/                  |            |
|    approx_kl            | 0.00597247 |
|    clip_fraction        | 0.0809     |
|    clip_range           | 0.2        |
|    entropy_loss         | -2.52      |
|    explained_variance   | 0          |
|    learning_rate        | 0.0003     |
|    loss                 | 5.5e+05    |
|    n_updates            | 950        |
|    policy_gradient_loss | -0.00225   |
|    value_loss           | 1.18e+06   |
----------------------------------------
----------------------------------------
| rollout/                |            |
|    ep_len_mean          | 100        |
|    ep_rew_mean          | -5.96e+03  |
| time/                   |            |
|    fps                  | 177        |
|    iterations           | 97         |
|    time_elapsed         | 1118       |
|    total_timesteps      | 198656     |
| train/                  |            |
|    approx_kl            | 0.11477718 |
|    clip_fraction        | 0.192      |
|    clip_range           | 0.2        |
|    entropy_loss         | -2.56      |
|    explained_variance   | 0          |
|    learning_rate        | 0.0003     |
|    loss                 | 5.04e+05   |
|    n_updates            | 960        |
|    policy_gradient_loss | 0.0112     |
|    value_loss           | 1.02e+06   |
----------------------------------------
------------------------------------------
| rollout/                |              |
|    ep_len_mean          | 100          |
|    ep_rew_mean          | -6.24e+03    |
| time/                   |              |
|    fps                  | 178          |
|    iterations           | 98           |
|    time_elapsed         | 1124         |
|    total_timesteps      | 200704       |
| train/                  |              |
|    approx_kl            | 0.0041372227 |
|    clip_fraction        | 0.0133       |
|    clip_range           | 0.2          |
|    entropy_loss         | -2.39        |
|    explained_variance   | 0            |
|    learning_rate        | 0.0003       |
|    loss                 | 6.61e+05     |
|    n_updates            | 970          |
|    policy_gradient_loss | -4.52e-05    |
|    value_loss           | 1.28e+06     |
------------------------------------------
-----------------------------------------
| rollout/                |             |
|    ep_len_mean          | 100         |
|    ep_rew_mean          | -6.31e+03   |
| time/                   |             |
|    fps                  | 178         |
|    iterations           | 99          |
|    time_elapsed         | 1136        |
|    total_timesteps      | 202752      |
| train/                  |             |
|    approx_kl            | 0.004432519 |
|    clip_fraction        | 0.00918     |
|    clip_range           | 0.2         |
|    entropy_loss         | -2.37       |
|    explained_variance   | -1.19e-07   |
|    learning_rate        | 0.0003      |
|    loss                 | 6.65e+05    |
|    n_updates            | 980         |
|    policy_gradient_loss | -0.00469    |
|    value_loss           | 1.24e+06    |
-----------------------------------------
----------------------------------------
| rollout/                |            |
|    ep_len_mean          | 100        |
|    ep_rew_mean          | -6.25e+03  |
| time/                   |            |
|    fps                  | 179        |
|    iterations           | 100        |
|    time_elapsed         | 1144       |
|    total_timesteps      | 204800     |
| train/                  |            |
|    approx_kl            | 0.11932173 |
|    clip_fraction        | 0.142      |
|    clip_range           | 0.2        |
|    entropy_loss         | -2.41      |
|    explained_variance   | 0          |
|    learning_rate        | 0.0003     |
|    loss                 | 7.26e+05   |
|    n_updates            | 990        |
|    policy_gradient_loss | 0.0142     |
|    value_loss           | 1.29e+06   |
----------------------------------------
-----------------------------------------
| rollout/                |             |
|    ep_len_mean          | 100         |
|    ep_rew_mean          | -6.22e+03   |
| time/                   |             |
|    fps                  | 179         |
|    iterations           | 101         |
|    time_elapsed         | 1152        |
|    total_timesteps      | 206848      |
| train/                  |             |
|    approx_kl            | 0.009430334 |
|    clip_fraction        | 0.172       |
|    clip_range           | 0.2         |
|    entropy_loss         | -2.46       |
|    explained_variance   | 0           |
|    learning_rate        | 0.0003      |
|    loss                 | 6.65e+05    |
|    n_updates            | 1000        |
|    policy_gradient_loss | -0.00114    |
|    value_loss           | 1.24e+06    |
-----------------------------------------
-----------------------------------------
| rollout/                |             |
|    ep_len_mean          | 100         |
|    ep_rew_mean          | -6.11e+03   |
| time/                   |             |
|    fps                  | 179         |
|    iterations           | 102         |
|    time_elapsed         | 1160        |
|    total_timesteps      | 208896      |
| train/                  |             |
|    approx_kl            | 0.033985995 |
|    clip_fraction        | 0.209       |
|    clip_range           | 0.2         |
|    entropy_loss         | -2.39       |
|    explained_variance   | 0           |
|    learning_rate        | 0.0003      |
|    loss                 | 5.02e+05    |
|    n_updates            | 1010        |
|    policy_gradient_loss | 0.0144      |
|    value_loss           | 1.06e+06    |
-----------------------------------------
------------------------------------------
| rollout/                |              |
|    ep_len_mean          | 100          |
|    ep_rew_mean          | -5.9e+03     |
| time/                   |              |
|    fps                  | 180          |
|    iterations           | 103          |
|    time_elapsed         | 1166         |
|    total_timesteps      | 210944       |
| train/                  |              |
|    approx_kl            | 0.0069080936 |
|    clip_fraction        | 0.0563       |
|    clip_range           | 0.2          |
|    entropy_loss         | -2.4         |
|    explained_variance   | 0            |
|    learning_rate        | 0.0003       |
|    loss                 | 6.61e+05     |
|    n_updates            | 1020         |
|    policy_gradient_loss | -0.0023      |
|    value_loss           | 1.15e+06     |
------------------------------------------
----------------------------------------
| rollout/                |            |
|    ep_len_mean          | 100        |
|    ep_rew_mean          | -5.89e+03  |
| time/                   |            |
|    fps                  | 181        |
|    iterations           | 104        |
|    time_elapsed         | 1172       |
|    total_timesteps      | 212992     |
| train/                  |            |
|    approx_kl            | 0.11694361 |
|    clip_fraction        | 0.523      |
|    clip_range           | 0.2        |
|    entropy_loss         | -2.36      |
|    explained_variance   | 0          |
|    learning_rate        | 0.0003     |
|    loss                 | 6.27e+05   |
|    n_updates            | 1030       |
|    policy_gradient_loss | 0.0759     |
|    value_loss           | 1.16e+06   |
----------------------------------------
----------------------------------------
| rollout/                |            |
|    ep_len_mean          | 100        |
|    ep_rew_mean          | -5.93e+03  |
| time/                   |            |
|    fps                  | 181        |
|    iterations           | 105        |
|    time_elapsed         | 1183       |
|    total_timesteps      | 215040     |
| train/                  |            |
|    approx_kl            | 0.01014716 |
|    clip_fraction        | 0.336      |
|    clip_range           | 0.2        |
|    entropy_loss         | -2.52      |
|    explained_variance   | 1.19e-07   |
|    learning_rate        | 0.0003     |
|    loss                 | 6.15e+05   |
|    n_updates            | 1040       |
|    policy_gradient_loss | 0.00915    |
|    value_loss           | 1.32e+06   |
----------------------------------------
-----------------------------------------
| rollout/                |             |
|    ep_len_mean          | 100         |
|    ep_rew_mean          | -6.02e+03   |
| time/                   |             |
|    fps                  | 181         |
|    iterations           | 106         |
|    time_elapsed         | 1196        |
|    total_timesteps      | 217088      |
| train/                  |             |
|    approx_kl            | 0.004644378 |
|    clip_fraction        | 0.019       |
|    clip_range           | 0.2         |
|    entropy_loss         | -2.53       |
|    explained_variance   | 0           |
|    learning_rate        | 0.0003      |
|    loss                 | 4.73e+05    |
|    n_updates            | 1050        |
|    policy_gradient_loss | -0.00635    |
|    value_loss           | 1.11e+06    |
-----------------------------------------
----------------------------------------
| rollout/                |            |
|    ep_len_mean          | 100        |
|    ep_rew_mean          | -6.04e+03  |
| time/                   |            |
|    fps                  | 182        |
|    iterations           | 107        |
|    time_elapsed         | 1203       |
|    total_timesteps      | 219136     |
| train/                  |            |
|    approx_kl            | 0.09225055 |
|    clip_fraction        | 0.528      |
|    clip_range           | 0.2        |
|    entropy_loss         | -2.33      |
|    explained_variance   | 0          |
|    learning_rate        | 0.0003     |
|    loss                 | 6.59e+05   |
|    n_updates            | 1060       |
|    policy_gradient_loss | 0.0881     |
|    value_loss           | 1.11e+06   |
----------------------------------------
-----------------------------------------
| rollout/                |             |
|    ep_len_mean          | 100         |
|    ep_rew_mean          | -6.11e+03   |
| time/                   |             |
|    fps                  | 182         |
|    iterations           | 108         |
|    time_elapsed         | 1215        |
|    total_timesteps      | 221184      |
| train/                  |             |
|    approx_kl            | 0.010569215 |
|    clip_fraction        | 0.081       |
|    clip_range           | 0.2         |
|    entropy_loss         | -2.35       |
|    explained_variance   | 0           |
|    learning_rate        | 0.0003      |
|    loss                 | 7.34e+05    |
|    n_updates            | 1070        |
|    policy_gradient_loss | -0.00347    |
|    value_loss           | 1.25e+06    |
-----------------------------------------
------------------------------------------
| rollout/                |              |
|    ep_len_mean          | 100          |
|    ep_rew_mean          | -5.88e+03    |
| time/                   |              |
|    fps                  | 181          |
|    iterations           | 109          |
|    time_elapsed         | 1228         |
|    total_timesteps      | 223232       |
| train/                  |              |
|    approx_kl            | 0.0044984967 |
|    clip_fraction        | 0.00361      |
|    clip_range           | 0.2          |
|    entropy_loss         | -2.33        |
|    explained_variance   | 1.19e-07     |
|    learning_rate        | 0.0003       |
|    loss                 | 6.87e+05     |
|    n_updates            | 1080         |
|    policy_gradient_loss | -0.00276     |
|    value_loss           | 1.19e+06     |
------------------------------------------
-----------------------------------------
| rollout/                |             |
|    ep_len_mean          | 100         |
|    ep_rew_mean          | -5.99e+03   |
| time/                   |             |
|    fps                  | 182         |
|    iterations           | 110         |
|    time_elapsed         | 1234        |
|    total_timesteps      | 225280      |
| train/                  |             |
|    approx_kl            | 0.005157269 |
|    clip_fraction        | 0.0897      |
|    clip_range           | 0.2         |
|    entropy_loss         | -2.32       |
|    explained_variance   | 0           |
|    learning_rate        | 0.0003      |
|    loss                 | 6.92e+05    |
|    n_updates            | 1090        |
|    policy_gradient_loss | 0.00368     |
|    value_loss           | 1.12e+06    |
-----------------------------------------
-----------------------------------------
| rollout/                |             |
|    ep_len_mean          | 100         |
|    ep_rew_mean          | -6.03e+03   |
| time/                   |             |
|    fps                  | 183         |
|    iterations           | 111         |
|    time_elapsed         | 1241        |
|    total_timesteps      | 227328      |
| train/                  |             |
|    approx_kl            | 0.002395567 |
|    clip_fraction        | 0.00249     |
|    clip_range           | 0.2         |
|    entropy_loss         | -2.33       |
|    explained_variance   | 0           |
|    learning_rate        | 0.0003      |
|    loss                 | 7.3e+05     |
|    n_updates            | 1100        |
|    policy_gradient_loss | -0.00278    |
|    value_loss           | 1.21e+06    |
-----------------------------------------
----------------------------------------
| rollout/                |            |
|    ep_len_mean          | 100        |
|    ep_rew_mean          | -6.23e+03  |
| time/                   |            |
|    fps                  | 182        |
|    iterations           | 112        |
|    time_elapsed         | 1253       |
|    total_timesteps      | 229376     |
| train/                  |            |
|    approx_kl            | 0.03641909 |
|    clip_fraction        | 0.0543     |
|    clip_range           | 0.2        |
|    entropy_loss         | -2.35      |
|    explained_variance   | 0          |
|    learning_rate        | 0.0003     |
|    loss                 | 5.36e+05   |
|    n_updates            | 1110       |
|    policy_gradient_loss | -0.000428  |
|    value_loss           | 1.16e+06   |
----------------------------------------
------------------------------------------
| rollout/                |              |
|    ep_len_mean          | 100          |
|    ep_rew_mean          | -6.38e+03    |
| time/                   |              |
|    fps                  | 182          |
|    iterations           | 113          |
|    time_elapsed         | 1269         |
|    total_timesteps      | 231424       |
| train/                  |              |
|    approx_kl            | 0.0024318302 |
|    clip_fraction        | 0.000146     |
|    clip_range           | 0.2          |
|    entropy_loss         | -2.22        |
|    explained_variance   | 0            |
|    learning_rate        | 0.0003       |
|    loss                 | 5.01e+05     |
|    n_updates            | 1120         |
|    policy_gradient_loss | -0.000462    |
|    value_loss           | 1.42e+06     |
------------------------------------------
----------------------------------------
| rollout/                |            |
|    ep_len_mean          | 100        |
|    ep_rew_mean          | -6.77e+03  |
| time/                   |            |
|    fps                  | 181        |
|    iterations           | 114        |
|    time_elapsed         | 1282       |
|    total_timesteps      | 233472     |
| train/                  |            |
|    approx_kl            | 0.14799598 |
|    clip_fraction        | 0.142      |
|    clip_range           | 0.2        |
|    entropy_loss         | -2.27      |
|    explained_variance   | 0          |
|    learning_rate        | 0.0003     |
|    loss                 | 6.62e+05   |
|    n_updates            | 1130       |
|    policy_gradient_loss | 0.00531    |
|    value_loss           | 1.39e+06   |
----------------------------------------
------------------------------------------
| rollout/                |              |
|    ep_len_mean          | 100          |
|    ep_rew_mean          | -7.17e+03    |
| time/                   |              |
|    fps                  | 181          |
|    iterations           | 115          |
|    time_elapsed         | 1294         |
|    total_timesteps      | 235520       |
| train/                  |              |
|    approx_kl            | 0.0041772937 |
|    clip_fraction        | 0.0151       |
|    clip_range           | 0.2          |
|    entropy_loss         | -2.55        |
|    explained_variance   | 1.79e-07     |
|    learning_rate        | 0.0003       |
|    loss                 | 7.32e+05     |
|    n_updates            | 1140         |
|    policy_gradient_loss | -0.00112     |
|    value_loss           | 1.4e+06      |
------------------------------------------
-------------------------------------------
| rollout/                |               |
|    ep_len_mean          | 100           |
|    ep_rew_mean          | -7.5e+03      |
| time/                   |               |
|    fps                  | 182           |
|    iterations           | 116           |
|    time_elapsed         | 1304          |
|    total_timesteps      | 237568        |
| train/                  |               |
|    approx_kl            | 0.00017073457 |
|    clip_fraction        | 0             |
|    clip_range           | 0.2           |
|    entropy_loss         | -2.55         |
|    explained_variance   | 0             |
|    learning_rate        | 0.0003        |
|    loss                 | 6.11e+05      |
|    n_updates            | 1150          |
|    policy_gradient_loss | -0.000797     |
|    value_loss           | 1.57e+06      |
-------------------------------------------
-------------------------------------------
| rollout/                |               |
|    ep_len_mean          | 100           |
|    ep_rew_mean          | -7.69e+03     |
| time/                   |               |
|    fps                  | 182           |
|    iterations           | 117           |
|    time_elapsed         | 1315          |
|    total_timesteps      | 239616        |
| train/                  |               |
|    approx_kl            | 0.00063510216 |
|    clip_fraction        | 0             |
|    clip_range           | 0.2           |
|    entropy_loss         | -2.55         |
|    explained_variance   | 0             |
|    learning_rate        | 0.0003        |
|    loss                 | 8.61e+05      |
|    n_updates            | 1160          |
|    policy_gradient_loss | -0.00134      |
|    value_loss           | 1.51e+06      |
-------------------------------------------
------------------------------------------
| rollout/                |              |
|    ep_len_mean          | 100          |
|    ep_rew_mean          | -7.81e+03    |
| time/                   |              |
|    fps                  | 182          |
|    iterations           | 118          |
|    time_elapsed         | 1327         |
|    total_timesteps      | 241664       |
| train/                  |              |
|    approx_kl            | 0.0030011022 |
|    clip_fraction        | 0.000781     |
|    clip_range           | 0.2          |
|    entropy_loss         | -2.57        |
|    explained_variance   | 0            |
|    learning_rate        | 0.0003       |
|    loss                 | 7.83e+05     |
|    n_updates            | 1170         |
|    policy_gradient_loss | -0.00313     |
|    value_loss           | 1.5e+06      |
------------------------------------------
-----------------------------------------
| rollout/                |             |
|    ep_len_mean          | 100         |
|    ep_rew_mean          | -7.62e+03   |
| time/                   |             |
|    fps                  | 182         |
|    iterations           | 119         |
|    time_elapsed         | 1337        |
|    total_timesteps      | 243712      |
| train/                  |             |
|    approx_kl            | 0.005641403 |
|    clip_fraction        | 0.0118      |
|    clip_range           | 0.2         |
|    entropy_loss         | -2.57       |
|    explained_variance   | 0           |
|    learning_rate        | 0.0003      |
|    loss                 | 6.22e+05    |
|    n_updates            | 1180        |
|    policy_gradient_loss | -0.00153    |
|    value_loss           | 1.56e+06    |
-----------------------------------------
------------------------------------------
| rollout/                |              |
|    ep_len_mean          | 100          |
|    ep_rew_mean          | -7.36e+03    |
| time/                   |              |
|    fps                  | 181          |
|    iterations           | 120          |
|    time_elapsed         | 1351         |
|    total_timesteps      | 245760       |
| train/                  |              |
|    approx_kl            | 0.0034133054 |
|    clip_fraction        | 0.0106       |
|    clip_range           | 0.2          |
|    entropy_loss         | -2.59        |
|    explained_variance   | 0            |
|    learning_rate        | 0.0003       |
|    loss                 | 6.95e+05     |
|    n_updates            | 1190         |
|    policy_gradient_loss | -0.00371     |
|    value_loss           | 1.42e+06     |
------------------------------------------
-----------------------------------------
| rollout/                |             |
|    ep_len_mean          | 100         |
|    ep_rew_mean          | -7.11e+03   |
| time/                   |             |
|    fps                  | 182         |
|    iterations           | 121         |
|    time_elapsed         | 1360        |
|    total_timesteps      | 247808      |
| train/                  |             |
|    approx_kl            | 0.007238418 |
|    clip_fraction        | 0.0777      |
|    clip_range           | 0.2         |
|    entropy_loss         | -2.6        |
|    explained_variance   | 0           |
|    learning_rate        | 0.0003      |
|    loss                 | 7.53e+05    |
|    n_updates            | 1200        |
|    policy_gradient_loss | -0.00329    |
|    value_loss           | 1.45e+06    |
-----------------------------------------
------------------------------------------
| rollout/                |              |
|    ep_len_mean          | 100          |
|    ep_rew_mean          | -6.99e+03    |
| time/                   |              |
|    fps                  | 181          |
|    iterations           | 122          |
|    time_elapsed         | 1376         |
|    total_timesteps      | 249856       |
| train/                  |              |
|    approx_kl            | 0.0088295685 |
|    clip_fraction        | 0.131        |
|    clip_range           | 0.2          |
|    entropy_loss         | -2.63        |
|    explained_variance   | 1.19e-07     |
|    learning_rate        | 0.0003       |
|    loss                 | 6.07e+05     |
|    n_updates            | 1210         |
|    policy_gradient_loss | -0.00562     |
|    value_loss           | 1.36e+06     |
------------------------------------------
-----------------------------------------
| rollout/                |             |
|    ep_len_mean          | 100         |
|    ep_rew_mean          | -6.88e+03   |
| time/                   |             |
|    fps                  | 181         |
|    iterations           | 123         |
|    time_elapsed         | 1384        |
|    total_timesteps      | 251904      |
| train/                  |             |
|    approx_kl            | 0.009045513 |
|    clip_fraction        | 0.166       |
|    clip_range           | 0.2         |
|    entropy_loss         | -2.65       |
|    explained_variance   | -1.19e-07   |
|    learning_rate        | 0.0003      |
|    loss                 | 7.55e+05    |
|    n_updates            | 1220        |
|    policy_gradient_loss | 0.000553    |
|    value_loss           | 1.38e+06    |
-----------------------------------------
-----------------------------------------
| rollout/                |             |
|    ep_len_mean          | 100         |
|    ep_rew_mean          | -7.02e+03   |
| time/                   |             |
|    fps                  | 181         |
|    iterations           | 124         |
|    time_elapsed         | 1401        |
|    total_timesteps      | 253952      |
| train/                  |             |
|    approx_kl            | 0.085261434 |
|    clip_fraction        | 0.517       |
|    clip_range           | 0.2         |
|    entropy_loss         | -2.59       |
|    explained_variance   | 1.19e-07    |
|    learning_rate        | 0.0003      |
|    loss                 | 5.12e+05    |
|    n_updates            | 1230        |
|    policy_gradient_loss | 0.0548      |
|    value_loss           | 1.23e+06    |
-----------------------------------------
-----------------------------------------
| rollout/                |             |
|    ep_len_mean          | 100         |
|    ep_rew_mean          | -7.12e+03   |
| time/                   |             |
|    fps                  | 181         |
|    iterations           | 125         |
|    time_elapsed         | 1414        |
|    total_timesteps      | 256000      |
| train/                  |             |
|    approx_kl            | 0.003341066 |
|    clip_fraction        | 0.00166     |
|    clip_range           | 0.2         |
|    entropy_loss         | -2.67       |
|    explained_variance   | 0           |
|    learning_rate        | 0.0003      |
|    loss                 | 8.56e+05    |
|    n_updates            | 1240        |
|    policy_gradient_loss | -0.00422    |
|    value_loss           | 1.44e+06    |
-----------------------------------------
------------------------------------------
| rollout/                |              |
|    ep_len_mean          | 100          |
|    ep_rew_mean          | -7.24e+03    |
| time/                   |              |
|    fps                  | 181          |
|    iterations           | 126          |
|    time_elapsed         | 1421         |
|    total_timesteps      | 258048       |
| train/                  |              |
|    approx_kl            | 0.0046992064 |
|    clip_fraction        | 0.0259       |
|    clip_range           | 0.2          |
|    entropy_loss         | -2.67        |
|    explained_variance   | 1.19e-07     |
|    learning_rate        | 0.0003       |
|    loss                 | 7.92e+05     |
|    n_updates            | 1250         |
|    policy_gradient_loss | -0.00296     |
|    value_loss           | 1.41e+06     |
------------------------------------------
----------------------------------------
| rollout/                |            |
|    ep_len_mean          | 100        |
|    ep_rew_mean          | -7.46e+03  |
| time/                   |            |
|    fps                  | 181        |
|    iterations           | 127        |
|    time_elapsed         | 1429       |
|    total_timesteps      | 260096     |
| train/                  |            |
|    approx_kl            | 0.01856694 |
|    clip_fraction        | 0.044      |
|    clip_range           | 0.2        |
|    entropy_loss         | -2.67      |
|    explained_variance   | 0          |
|    learning_rate        | 0.0003     |
|    loss                 | 6.21e+05   |
|    n_updates            | 1260       |
|    policy_gradient_loss | -0.00571   |
|    value_loss           | 1.42e+06   |
----------------------------------------
-----------------------------------------
| rollout/                |             |
|    ep_len_mean          | 100         |
|    ep_rew_mean          | -7.64e+03   |
| time/                   |             |
|    fps                  | 181         |
|    iterations           | 128         |
|    time_elapsed         | 1441        |
|    total_timesteps      | 262144      |
| train/                  |             |
|    approx_kl            | 0.050866872 |
|    clip_fraction        | 0.113       |
|    clip_range           | 0.2         |
|    entropy_loss         | -2.61       |
|    explained_variance   | 0           |
|    learning_rate        | 0.0003      |
|    loss                 | 7.2e+05     |
|    n_updates            | 1270        |
|    policy_gradient_loss | 0.000429    |
|    value_loss           | 1.65e+06    |
-----------------------------------------
------------------------------------------
| rollout/                |              |
|    ep_len_mean          | 100          |
|    ep_rew_mean          | -7.56e+03    |
| time/                   |              |
|    fps                  | 182          |
|    iterations           | 129          |
|    time_elapsed         | 1447         |
|    total_timesteps      | 264192       |
| train/                  |              |
|    approx_kl            | 0.0054983217 |
|    clip_fraction        | 0.00728      |
|    clip_range           | 0.2          |
|    entropy_loss         | -2.56        |
|    explained_variance   | 0            |
|    learning_rate        | 0.0003       |
|    loss                 | 6.37e+05     |
|    n_updates            | 1280         |
|    policy_gradient_loss | -0.00422     |
|    value_loss           | 1.54e+06     |
------------------------------------------
----------------------------------------
| rollout/                |            |
|    ep_len_mean          | 100        |
|    ep_rew_mean          | -7.65e+03  |
| time/                   |            |
|    fps                  | 183        |
|    iterations           | 130        |
|    time_elapsed         | 1452       |
|    total_timesteps      | 266240     |
| train/                  |            |
|    approx_kl            | 0.07285841 |
|    clip_fraction        | 0.46       |
|    clip_range           | 0.2        |
|    entropy_loss         | -2.52      |
|    explained_variance   | 5.96e-08   |
|    learning_rate        | 0.0003     |
|    loss                 | 9.39e+05   |
|    n_updates            | 1290       |
|    policy_gradient_loss | 0.0549     |
|    value_loss           | 1.49e+06   |
----------------------------------------
------------------------------------------
| rollout/                |              |
|    ep_len_mean          | 100          |
|    ep_rew_mean          | -7.59e+03    |
| time/                   |              |
|    fps                  | 183          |
|    iterations           | 131          |
|    time_elapsed         | 1461         |
|    total_timesteps      | 268288       |
| train/                  |              |
|    approx_kl            | 0.0011301908 |
|    clip_fraction        | 0.00347      |
|    clip_range           | 0.2          |
|    entropy_loss         | -2.55        |
|    explained_variance   | 0            |
|    learning_rate        | 0.0003       |
|    loss                 | 7.88e+05     |
|    n_updates            | 1300         |
|    policy_gradient_loss | -0.00186     |
|    value_loss           | 1.59e+06     |
------------------------------------------
---------------------------------------
| rollout/                |           |
|    ep_len_mean          | 100       |
|    ep_rew_mean          | -7.48e+03 |
| time/                   |           |
|    fps                  | 184       |
|    iterations           | 132       |
|    time_elapsed         | 1466      |
|    total_timesteps      | 270336    |
| train/                  |           |
|    approx_kl            | 0.0592703 |
|    clip_fraction        | 0.18      |
|    clip_range           | 0.2       |
|    entropy_loss         | -2.49     |
|    explained_variance   | 5.96e-08  |
|    learning_rate        | 0.0003    |
|    loss                 | 9.76e+05  |
|    n_updates            | 1310      |
|    policy_gradient_loss | 0.0168    |
|    value_loss           | 1.49e+06  |
---------------------------------------
----------------------------------------
| rollout/                |            |
|    ep_len_mean          | 100        |
|    ep_rew_mean          | -7.56e+03  |
| time/                   |            |
|    fps                  | 184        |
|    iterations           | 133        |
|    time_elapsed         | 1473       |
|    total_timesteps      | 272384     |
| train/                  |            |
|    approx_kl            | 0.04878805 |
|    clip_fraction        | 0.0811     |
|    clip_range           | 0.2        |
|    entropy_loss         | -2.52      |
|    explained_variance   | 0          |
|    learning_rate        | 0.0003     |
|    loss                 | 7.09e+05   |
|    n_updates            | 1320       |
|    policy_gradient_loss | 0.00245    |
|    value_loss           | 1.62e+06   |
----------------------------------------
------------------------------------------
| rollout/                |              |
|    ep_len_mean          | 100          |
|    ep_rew_mean          | -7.61e+03    |
| time/                   |              |
|    fps                  | 184          |
|    iterations           | 134          |
|    time_elapsed         | 1486         |
|    total_timesteps      | 274432       |
| train/                  |              |
|    approx_kl            | 0.0020518042 |
|    clip_fraction        | 0.000488     |
|    clip_range           | 0.2          |
|    entropy_loss         | -2.57        |
|    explained_variance   | 0            |
|    learning_rate        | 0.0003       |
|    loss                 | 7e+05        |
|    n_updates            | 1330         |
|    policy_gradient_loss | -0.00158     |
|    value_loss           | 1.54e+06     |
------------------------------------------
------------------------------------------
| rollout/                |              |
|    ep_len_mean          | 100          |
|    ep_rew_mean          | -7.49e+03    |
| time/                   |              |
|    fps                  | 184          |
|    iterations           | 135          |
|    time_elapsed         | 1496         |
|    total_timesteps      | 276480       |
| train/                  |              |
|    approx_kl            | 0.0035716565 |
|    clip_fraction        | 0.00239      |
|    clip_range           | 0.2          |
|    entropy_loss         | -2.59        |
|    explained_variance   | 0            |
|    learning_rate        | 0.0003       |
|    loss                 | 8.71e+05     |
|    n_updates            | 1340         |
|    policy_gradient_loss | -0.00191     |
|    value_loss           | 1.65e+06     |
------------------------------------------
-----------------------------------------
| rollout/                |             |
|    ep_len_mean          | 100         |
|    ep_rew_mean          | -7.5e+03    |
| time/                   |             |
|    fps                  | 184         |
|    iterations           | 136         |
|    time_elapsed         | 1506        |
|    total_timesteps      | 278528      |
| train/                  |             |
|    approx_kl            | 0.008161239 |
|    clip_fraction        | 0.156       |
|    clip_range           | 0.2         |
|    entropy_loss         | -2.53       |
|    explained_variance   | -1.19e-07   |
|    learning_rate        | 0.0003      |
|    loss                 | 9.05e+05    |
|    n_updates            | 1350        |
|    policy_gradient_loss | 0.00427     |
|    value_loss           | 1.56e+06    |
-----------------------------------------
-----------------------------------------
| rollout/                |             |
|    ep_len_mean          | 100         |
|    ep_rew_mean          | -7.35e+03   |
| time/                   |             |
|    fps                  | 185         |
|    iterations           | 137         |
|    time_elapsed         | 1512        |
|    total_timesteps      | 280576      |
| train/                  |             |
|    approx_kl            | 0.007166421 |
|    clip_fraction        | 0.0341      |
|    clip_range           | 0.2         |
|    entropy_loss         | -2.56       |
|    explained_variance   | -1.19e-07   |
|    learning_rate        | 0.0003      |
|    loss                 | 6.34e+05    |
|    n_updates            | 1360        |
|    policy_gradient_loss | -0.00728    |
|    value_loss           | 1.62e+06    |
-----------------------------------------
-----------------------------------------
| rollout/                |             |
|    ep_len_mean          | 100         |
|    ep_rew_mean          | -7.07e+03   |
| time/                   |             |
|    fps                  | 185         |
|    iterations           | 138         |
|    time_elapsed         | 1524        |
|    total_timesteps      | 282624      |
| train/                  |             |
|    approx_kl            | 0.035302505 |
|    clip_fraction        | 0.142       |
|    clip_range           | 0.2         |
|    entropy_loss         | -2.55       |
|    explained_variance   | 0           |
|    learning_rate        | 0.0003      |
|    loss                 | 9.03e+05    |
|    n_updates            | 1370        |
|    policy_gradient_loss | 0.00149     |
|    value_loss           | 1.56e+06    |
-----------------------------------------
-----------------------------------------
| rollout/                |             |
|    ep_len_mean          | 100         |
|    ep_rew_mean          | -6.91e+03   |
| time/                   |             |
|    fps                  | 185         |
|    iterations           | 139         |
|    time_elapsed         | 1534        |
|    total_timesteps      | 284672      |
| train/                  |             |
|    approx_kl            | 0.047881354 |
|    clip_fraction        | 0.277       |
|    clip_range           | 0.2         |
|    entropy_loss         | -2.41       |
|    explained_variance   | 0           |
|    learning_rate        | 0.0003      |
|    loss                 | 8.28e+05    |
|    n_updates            | 1380        |
|    policy_gradient_loss | 0.00986     |
|    value_loss           | 1.39e+06    |
-----------------------------------------
-----------------------------------------
| rollout/                |             |
|    ep_len_mean          | 100         |
|    ep_rew_mean          | -6.73e+03   |
| time/                   |             |
|    fps                  | 185         |
|    iterations           | 140         |
|    time_elapsed         | 1545        |
|    total_timesteps      | 286720      |
| train/                  |             |
|    approx_kl            | 0.011216551 |
|    clip_fraction        | 0.0536      |
|    clip_range           | 0.2         |
|    entropy_loss         | -2.44       |
|    explained_variance   | 5.96e-08    |
|    learning_rate        | 0.0003      |
|    loss                 | 6.58e+05    |
|    n_updates            | 1390        |
|    policy_gradient_loss | -0.00436    |
|    value_loss           | 1.43e+06    |
-----------------------------------------
-----------------------------------------
| rollout/                |             |
|    ep_len_mean          | 100         |
|    ep_rew_mean          | -6.59e+03   |
| time/                   |             |
|    fps                  | 185         |
|    iterations           | 141         |
|    time_elapsed         | 1555        |
|    total_timesteps      | 288768      |
| train/                  |             |
|    approx_kl            | 0.007595801 |
|    clip_fraction        | 0.0636      |
|    clip_range           | 0.2         |
|    entropy_loss         | -2.46       |
|    explained_variance   | 0           |
|    learning_rate        | 0.0003      |
|    loss                 | 7.57e+05    |
|    n_updates            | 1400        |
|    policy_gradient_loss | -0.00345    |
|    value_loss           | 1.5e+06     |
-----------------------------------------
-----------------------------------------
| rollout/                |             |
|    ep_len_mean          | 100         |
|    ep_rew_mean          | -6.33e+03   |
| time/                   |             |
|    fps                  | 185         |
|    iterations           | 142         |
|    time_elapsed         | 1570        |
|    total_timesteps      | 290816      |
| train/                  |             |
|    approx_kl            | 0.017705817 |
|    clip_fraction        | 0.111       |
|    clip_range           | 0.2         |
|    entropy_loss         | -2.47       |
|    explained_variance   | 0           |
|    learning_rate        | 0.0003      |
|    loss                 | 8.06e+05    |
|    n_updates            | 1410        |
|    policy_gradient_loss | -5.33e-05   |
|    value_loss           | 1.41e+06    |
-----------------------------------------
-----------------------------------------
| rollout/                |             |
|    ep_len_mean          | 100         |
|    ep_rew_mean          | -6.37e+03   |
| time/                   |             |
|    fps                  | 185         |
|    iterations           | 143         |
|    time_elapsed         | 1581        |
|    total_timesteps      | 292864      |
| train/                  |             |
|    approx_kl            | 0.068003245 |
|    clip_fraction        | 0.149       |
|    clip_range           | 0.2         |
|    entropy_loss         | -2.54       |
|    explained_variance   | 0           |
|    learning_rate        | 0.0003      |
|    loss                 | 6.89e+05    |
|    n_updates            | 1420        |
|    policy_gradient_loss | 0.000665    |
|    value_loss           | 1.46e+06    |
-----------------------------------------
------------------------------------------
| rollout/                |              |
|    ep_len_mean          | 100          |
|    ep_rew_mean          | -6.19e+03    |
| time/                   |              |
|    fps                  | 185          |
|    iterations           | 144          |
|    time_elapsed         | 1591         |
|    total_timesteps      | 294912       |
| train/                  |              |
|    approx_kl            | 0.0055675865 |
|    clip_fraction        | 0.0156       |
|    clip_range           | 0.2          |
|    entropy_loss         | -2.58        |
|    explained_variance   | 0            |
|    learning_rate        | 0.0003       |
|    loss                 | 5.35e+05     |
|    n_updates            | 1430         |
|    policy_gradient_loss | -0.00369     |
|    value_loss           | 1.46e+06     |
------------------------------------------
-----------------------------------------
| rollout/                |             |
|    ep_len_mean          | 100         |
|    ep_rew_mean          | -6.05e+03   |
| time/                   |             |
|    fps                  | 185         |
|    iterations           | 145         |
|    time_elapsed         | 1603        |
|    total_timesteps      | 296960      |
| train/                  |             |
|    approx_kl            | 0.007366591 |
|    clip_fraction        | 0.0448      |
|    clip_range           | 0.2         |
|    entropy_loss         | -2.62       |
|    explained_variance   | -1.19e-07   |
|    learning_rate        | 0.0003      |
|    loss                 | 4.12e+05    |
|    n_updates            | 1440        |
|    policy_gradient_loss | -0.00507    |
|    value_loss           | 1.46e+06    |
-----------------------------------------
-----------------------------------------
| rollout/                |             |
|    ep_len_mean          | 100         |
|    ep_rew_mean          | -5.93e+03   |
| time/                   |             |
|    fps                  | 185         |
|    iterations           | 146         |
|    time_elapsed         | 1611        |
|    total_timesteps      | 299008      |
| train/                  |             |
|    approx_kl            | 0.018265871 |
|    clip_fraction        | 0.225       |
|    clip_range           | 0.2         |
|    entropy_loss         | -2.58       |
|    explained_variance   | -1.19e-07   |
|    learning_rate        | 0.0003      |
|    loss                 | 7.13e+05    |
|    n_updates            | 1450        |
|    policy_gradient_loss | 0.00615     |
|    value_loss           | 1.33e+06    |
-----------------------------------------
------------------------------------------
| rollout/                |              |
|    ep_len_mean          | 100          |
|    ep_rew_mean          | -5.94e+03    |
| time/                   |              |
|    fps                  | 185          |
|    iterations           | 147          |
|    time_elapsed         | 1622         |
|    total_timesteps      | 301056       |
| train/                  |              |
|    approx_kl            | 0.0065193474 |
|    clip_fraction        | 0.115        |
|    clip_range           | 0.2          |
|    entropy_loss         | -2.58        |
|    explained_variance   | 5.96e-08     |
|    learning_rate        | 0.0003       |
|    loss                 | 6.94e+05     |
|    n_updates            | 1460         |
|    policy_gradient_loss | -0.00322     |
|    value_loss           | 1.5e+06      |
------------------------------------------
----------------------------------------
| rollout/                |            |
|    ep_len_mean          | 100        |
|    ep_rew_mean          | -5.73e+03  |
| time/                   |            |
|    fps                  | 185        |
|    iterations           | 148        |
|    time_elapsed         | 1634       |
|    total_timesteps      | 303104     |
| train/                  |            |
|    approx_kl            | 0.07032366 |
|    clip_fraction        | 0.328      |
|    clip_range           | 0.2        |
|    entropy_loss         | -2.54      |
|    explained_variance   | 1.79e-07   |
|    learning_rate        | 0.0003     |
|    loss                 | 7.01e+05   |
|    n_updates            | 1470       |
|    policy_gradient_loss | 0.0322     |
|    value_loss           | 1.32e+06   |
----------------------------------------
-----------------------------------------
| rollout/                |             |
|    ep_len_mean          | 100         |
|    ep_rew_mean          | -5.65e+03   |
| time/                   |             |
|    fps                  | 185         |
|    iterations           | 149         |
|    time_elapsed         | 1646        |
|    total_timesteps      | 305152      |
| train/                  |             |
|    approx_kl            | 0.006785066 |
|    clip_fraction        | 0.0498      |
|    clip_range           | 0.2         |
|    entropy_loss         | -2.53       |
|    explained_variance   | 0           |
|    learning_rate        | 0.0003      |
|    loss                 | 6.25e+05    |
|    n_updates            | 1480        |
|    policy_gradient_loss | -0.00362    |
|    value_loss           | 1.36e+06    |
-----------------------------------------
-----------------------------------------
| rollout/                |             |
|    ep_len_mean          | 100         |
|    ep_rew_mean          | -5.57e+03   |
| time/                   |             |
|    fps                  | 185         |
|    iterations           | 150         |
|    time_elapsed         | 1656        |
|    total_timesteps      | 307200      |
| train/                  |             |
|    approx_kl            | 0.014713177 |
|    clip_fraction        | 0.141       |
|    clip_range           | 0.2         |
|    entropy_loss         | -2.5        |
|    explained_variance   | 0           |
|    learning_rate        | 0.0003      |
|    loss                 | 8.26e+05    |
|    n_updates            | 1490        |
|    policy_gradient_loss | -0.000351   |
|    value_loss           | 1.37e+06    |
-----------------------------------------
-----------------------------------------
| rollout/                |             |
|    ep_len_mean          | 100         |
|    ep_rew_mean          | -5.46e+03   |
| time/                   |             |
|    fps                  | 186         |
|    iterations           | 151         |
|    time_elapsed         | 1662        |
|    total_timesteps      | 309248      |
| train/                  |             |
|    approx_kl            | 0.015909147 |
|    clip_fraction        | 0.134       |
|    clip_range           | 0.2         |
|    entropy_loss         | -2.51       |
|    explained_variance   | 0           |
|    learning_rate        | 0.0003      |
|    loss                 | 9.69e+05    |
|    n_updates            | 1500        |
|    policy_gradient_loss | -0.00123    |
|    value_loss           | 1.41e+06    |
-----------------------------------------
-----------------------------------------
| rollout/                |             |
|    ep_len_mean          | 100         |
|    ep_rew_mean          | -5.34e+03   |
| time/                   |             |
|    fps                  | 186         |
|    iterations           | 152         |
|    time_elapsed         | 1672        |
|    total_timesteps      | 311296      |
| train/                  |             |
|    approx_kl            | 0.006214978 |
|    clip_fraction        | 0.0728      |
|    clip_range           | 0.2         |
|    entropy_loss         | -2.49       |
|    explained_variance   | 1.19e-07    |
|    learning_rate        | 0.0003      |
|    loss                 | 8.13e+05    |
|    n_updates            | 1510        |
|    policy_gradient_loss | -0.00703    |
|    value_loss           | 1.17e+06    |
-----------------------------------------
------------------------------------------
| rollout/                |              |
|    ep_len_mean          | 100          |
|    ep_rew_mean          | -5.25e+03    |
| time/                   |              |
|    fps                  | 186          |
|    iterations           | 153          |
|    time_elapsed         | 1680         |
|    total_timesteps      | 313344       |
| train/                  |              |
|    approx_kl            | 0.0063911243 |
|    clip_fraction        | 0.0582       |
|    clip_range           | 0.2          |
|    entropy_loss         | -2.49        |
|    explained_variance   | 0            |
|    learning_rate        | 0.0003       |
|    loss                 | 7.74e+05     |
|    n_updates            | 1520         |
|    policy_gradient_loss | -0.00355     |
|    value_loss           | 1.31e+06     |
------------------------------------------
----------------------------------------
| rollout/                |            |
|    ep_len_mean          | 100        |
|    ep_rew_mean          | -5.12e+03  |
| time/                   |            |
|    fps                  | 186        |
|    iterations           | 154        |
|    time_elapsed         | 1693       |
|    total_timesteps      | 315392     |
| train/                  |            |
|    approx_kl            | 0.03184089 |
|    clip_fraction        | 0.478      |
|    clip_range           | 0.2        |
|    entropy_loss         | -2.37      |
|    explained_variance   | -1.19e-07  |
|    learning_rate        | 0.0003     |
|    loss                 | 4.24e+05   |
|    n_updates            | 1530       |
|    policy_gradient_loss | 0.0404     |
|    value_loss           | 1.23e+06   |
----------------------------------------
-----------------------------------------
| rollout/                |             |
|    ep_len_mean          | 100         |
|    ep_rew_mean          | -5.29e+03   |
| time/                   |             |
|    fps                  | 186         |
|    iterations           | 155         |
|    time_elapsed         | 1705        |
|    total_timesteps      | 317440      |
| train/                  |             |
|    approx_kl            | 0.040620334 |
|    clip_fraction        | 0.32        |
|    clip_range           | 0.2         |
|    entropy_loss         | -2.38       |
|    explained_variance   | 1.19e-07    |
|    learning_rate        | 0.0003      |
|    loss                 | 4.88e+05    |
|    n_updates            | 1540        |
|    policy_gradient_loss | 0.0299      |
|    value_loss           | 1.25e+06    |
-----------------------------------------
-----------------------------------------
| rollout/                |             |
|    ep_len_mean          | 100         |
|    ep_rew_mean          | -5.56e+03   |
| time/                   |             |
|    fps                  | 185         |
|    iterations           | 156         |
|    time_elapsed         | 1719        |
|    total_timesteps      | 319488      |
| train/                  |             |
|    approx_kl            | 0.006937132 |
|    clip_fraction        | 0.0781      |
|    clip_range           | 0.2         |
|    entropy_loss         | -2.4        |
|    explained_variance   | 1.19e-07    |
|    learning_rate        | 0.0003      |
|    loss                 | 8.67e+05    |
|    n_updates            | 1550        |
|    policy_gradient_loss | -0.00622    |
|    value_loss           | 1.36e+06    |
-----------------------------------------
-----------------------------------------
| rollout/                |             |
|    ep_len_mean          | 100         |
|    ep_rew_mean          | -5.73e+03   |
| time/                   |             |
|    fps                  | 185         |
|    iterations           | 157         |
|    time_elapsed         | 1736        |
|    total_timesteps      | 321536      |
| train/                  |             |
|    approx_kl            | 0.021500837 |
|    clip_fraction        | 0.0819      |
|    clip_range           | 0.2         |
|    entropy_loss         | -2.39       |
|    explained_variance   | 0           |
|    learning_rate        | 0.0003      |
|    loss                 | 8.9e+05     |
|    n_updates            | 1560        |
|    policy_gradient_loss | -0.00269    |
|    value_loss           | 1.46e+06    |
-----------------------------------------
-----------------------------------------
| rollout/                |             |
|    ep_len_mean          | 100         |
|    ep_rew_mean          | -6.04e+03   |
| time/                   |             |
|    fps                  | 184         |
|    iterations           | 158         |
|    time_elapsed         | 1752        |
|    total_timesteps      | 323584      |
| train/                  |             |
|    approx_kl            | 0.027693775 |
|    clip_fraction        | 0.303       |
|    clip_range           | 0.2         |
|    entropy_loss         | -2.37       |
|    explained_variance   | -1.19e-07   |
|    learning_rate        | 0.0003      |
|    loss                 | 6.44e+05    |
|    n_updates            | 1570        |
|    policy_gradient_loss | 0.0136      |
|    value_loss           | 1.36e+06    |
-----------------------------------------
------------------------------------------
| rollout/                |              |
|    ep_len_mean          | 100          |
|    ep_rew_mean          | -6.19e+03    |
| time/                   |              |
|    fps                  | 184          |
|    iterations           | 159          |
|    time_elapsed         | 1769         |
|    total_timesteps      | 325632       |
| train/                  |              |
|    approx_kl            | 0.0065318076 |
|    clip_fraction        | 0.041        |
|    clip_range           | 0.2          |
|    entropy_loss         | -2.35        |
|    explained_variance   | 1.19e-07     |
|    learning_rate        | 0.0003       |
|    loss                 | 8.9e+05      |
|    n_updates            | 1580         |
|    policy_gradient_loss | -0.00391     |
|    value_loss           | 1.28e+06     |
------------------------------------------
----------------------------------------
| rollout/                |            |
|    ep_len_mean          | 100        |
|    ep_rew_mean          | -6.17e+03  |
| time/                   |            |
|    fps                  | 183        |
|    iterations           | 160        |
|    time_elapsed         | 1785       |
|    total_timesteps      | 327680     |
| train/                  |            |
|    approx_kl            | 0.18232086 |
|    clip_fraction        | 0.13       |
|    clip_range           | 0.2        |
|    entropy_loss         | -2.38      |
|    explained_variance   | 0          |
|    learning_rate        | 0.0003     |
|    loss                 | 6.81e+05   |
|    n_updates            | 1590       |
|    policy_gradient_loss | 0.00626    |
|    value_loss           | 1.38e+06   |
----------------------------------------
-----------------------------------------
| rollout/                |             |
|    ep_len_mean          | 100         |
|    ep_rew_mean          | -6.03e+03   |
| time/                   |             |
|    fps                  | 182         |
|    iterations           | 161         |
|    time_elapsed         | 1804        |
|    total_timesteps      | 329728      |
| train/                  |             |
|    approx_kl            | 0.004562121 |
|    clip_fraction        | 0.0486      |
|    clip_range           | 0.2         |
|    entropy_loss         | -2.39       |
|    explained_variance   | 0           |
|    learning_rate        | 0.0003      |
|    loss                 | 7.02e+05    |
|    n_updates            | 1600        |
|    policy_gradient_loss | -0.00243    |
|    value_loss           | 1.44e+06    |
-----------------------------------------
-----------------------------------------
| rollout/                |             |
|    ep_len_mean          | 100         |
|    ep_rew_mean          | -6.16e+03   |
| time/                   |             |
|    fps                  | 182         |
|    iterations           | 162         |
|    time_elapsed         | 1814        |
|    total_timesteps      | 331776      |
| train/                  |             |
|    approx_kl            | 0.008871375 |
|    clip_fraction        | 0.042       |
|    clip_range           | 0.2         |
|    entropy_loss         | -2.39       |
|    explained_variance   | 0           |
|    learning_rate        | 0.0003      |
|    loss                 | 7.67e+05    |
|    n_updates            | 1610        |
|    policy_gradient_loss | -0.00487    |
|    value_loss           | 1.31e+06    |
-----------------------------------------
-----------------------------------------
| rollout/                |             |
|    ep_len_mean          | 100         |
|    ep_rew_mean          | -6e+03      |
| time/                   |             |
|    fps                  | 182         |
|    iterations           | 163         |
|    time_elapsed         | 1831        |
|    total_timesteps      | 333824      |
| train/                  |             |
|    approx_kl            | 0.012366565 |
|    clip_fraction        | 0.273       |
|    clip_range           | 0.2         |
|    entropy_loss         | -2.4        |
|    explained_variance   | 0           |
|    learning_rate        | 0.0003      |
|    loss                 | 6.68e+05    |
|    n_updates            | 1620        |
|    policy_gradient_loss | 0.00762     |
|    value_loss           | 1.41e+06    |
-----------------------------------------
----------------------------------------
| rollout/                |            |
|    ep_len_mean          | 100        |
|    ep_rew_mean          | -6.02e+03  |
| time/                   |            |
|    fps                  | 182        |
|    iterations           | 164        |
|    time_elapsed         | 1844       |
|    total_timesteps      | 335872     |
| train/                  |            |
|    approx_kl            | 0.01339173 |
|    clip_fraction        | 0.0852     |
|    clip_range           | 0.2        |
|    entropy_loss         | -2.39      |
|    explained_variance   | 0          |
|    learning_rate        | 0.0003     |
|    loss                 | 5.97e+05   |
|    n_updates            | 1630       |
|    policy_gradient_loss | -0.00513   |
|    value_loss           | 1.31e+06   |
----------------------------------------
-----------------------------------------
| rollout/                |             |
|    ep_len_mean          | 100         |
|    ep_rew_mean          | -6e+03      |
| time/                   |             |
|    fps                  | 182         |
|    iterations           | 165         |
|    time_elapsed         | 1855        |
|    total_timesteps      | 337920      |
| train/                  |             |
|    approx_kl            | 0.009490651 |
|    clip_fraction        | 0.0711      |
|    clip_range           | 0.2         |
|    entropy_loss         | -2.38       |
|    explained_variance   | 1.19e-07    |
|    learning_rate        | 0.0003      |
|    loss                 | 4.09e+05    |
|    n_updates            | 1640        |
|    policy_gradient_loss | -0.00555    |
|    value_loss           | 1.32e+06    |
-----------------------------------------
----------------------------------------
| rollout/                |            |
|    ep_len_mean          | 100        |
|    ep_rew_mean          | -6.14e+03  |
| time/                   |            |
|    fps                  | 181        |
|    iterations           | 166        |
|    time_elapsed         | 1875       |
|    total_timesteps      | 339968     |
| train/                  |            |
|    approx_kl            | 0.13640255 |
|    clip_fraction        | 0.637      |
|    clip_range           | 0.2        |
|    entropy_loss         | -2.35      |
|    explained_variance   | 1.79e-07   |
|    learning_rate        | 0.0003     |
|    loss                 | 6.24e+05   |
|    n_updates            | 1650       |
|    policy_gradient_loss | 0.0899     |
|    value_loss           | 1.35e+06   |
----------------------------------------
-----------------------------------------
| rollout/                |             |
|    ep_len_mean          | 100         |
|    ep_rew_mean          | -6.37e+03   |
| time/                   |             |
|    fps                  | 181         |
|    iterations           | 167         |
|    time_elapsed         | 1886        |
|    total_timesteps      | 342016      |
| train/                  |             |
|    approx_kl            | 0.007453232 |
|    clip_fraction        | 0.0127      |
|    clip_range           | 0.2         |
|    entropy_loss         | -2.44       |
|    explained_variance   | 0           |
|    learning_rate        | 0.0003      |
|    loss                 | 7.14e+05    |
|    n_updates            | 1660        |
|    policy_gradient_loss | -0.00271    |
|    value_loss           | 1.51e+06    |
-----------------------------------------
----------------------------------------
| rollout/                |            |
|    ep_len_mean          | 100        |
|    ep_rew_mean          | -6.75e+03  |
| time/                   |            |
|    fps                  | 181        |
|    iterations           | 168        |
|    time_elapsed         | 1896       |
|    total_timesteps      | 344064     |
| train/                  |            |
|    approx_kl            | 0.00138196 |
|    clip_fraction        | 4.88e-05   |
|    clip_range           | 0.2        |
|    entropy_loss         | -2.43      |
|    explained_variance   | 0          |
|    learning_rate        | 0.0003     |
|    loss                 | 8.05e+05   |
|    n_updates            | 1670       |
|    policy_gradient_loss | -0.00221   |
|    value_loss           | 1.62e+06   |
----------------------------------------
-----------------------------------------
| rollout/                |             |
|    ep_len_mean          | 100         |
|    ep_rew_mean          | -6.88e+03   |
| time/                   |             |
|    fps                  | 181         |
|    iterations           | 169         |
|    time_elapsed         | 1905        |
|    total_timesteps      | 346112      |
| train/                  |             |
|    approx_kl            | 0.004967971 |
|    clip_fraction        | 0.00718     |
|    clip_range           | 0.2         |
|    entropy_loss         | -2.41       |
|    explained_variance   | 5.96e-08    |
|    learning_rate        | 0.0003      |
|    loss                 | 9.42e+05    |
|    n_updates            | 1680        |
|    policy_gradient_loss | -0.00572    |
|    value_loss           | 1.61e+06    |
-----------------------------------------
------------------------------------------
| rollout/                |              |
|    ep_len_mean          | 100          |
|    ep_rew_mean          | -6.95e+03    |
| time/                   |              |
|    fps                  | 182          |
|    iterations           | 170          |
|    time_elapsed         | 1911         |
|    total_timesteps      | 348160       |
| train/                  |              |
|    approx_kl            | 0.0035393485 |
|    clip_fraction        | 0.0114       |
|    clip_range           | 0.2          |
|    entropy_loss         | -2.42        |
|    explained_variance   | 5.96e-08     |
|    learning_rate        | 0.0003       |
|    loss                 | 7.49e+05     |
|    n_updates            | 1690         |
|    policy_gradient_loss | -0.00133     |
|    value_loss           | 1.4e+06      |
------------------------------------------
-----------------------------------------
| rollout/                |             |
|    ep_len_mean          | 100         |
|    ep_rew_mean          | -6.9e+03    |
| time/                   |             |
|    fps                  | 182         |
|    iterations           | 171         |
|    time_elapsed         | 1921        |
|    total_timesteps      | 350208      |
| train/                  |             |
|    approx_kl            | 0.027365008 |
|    clip_fraction        | 0.211       |
|    clip_range           | 0.2         |
|    entropy_loss         | -2.44       |
|    explained_variance   | 0           |
|    learning_rate        | 0.0003      |
|    loss                 | 6.52e+05    |
|    n_updates            | 1700        |
|    policy_gradient_loss | 0.00157     |
|    value_loss           | 1.42e+06    |
-----------------------------------------
------------------------------------------
| rollout/                |              |
|    ep_len_mean          | 100          |
|    ep_rew_mean          | -6.76e+03    |
| time/                   |              |
|    fps                  | 181          |
|    iterations           | 172          |
|    time_elapsed         | 1939         |
|    total_timesteps      | 352256       |
| train/                  |              |
|    approx_kl            | 0.0032717674 |
|    clip_fraction        | 0.00444      |
|    clip_range           | 0.2          |
|    entropy_loss         | -2.43        |
|    explained_variance   | 0            |
|    learning_rate        | 0.0003       |
|    loss                 | 7.05e+05     |
|    n_updates            | 1710         |
|    policy_gradient_loss | -0.00239     |
|    value_loss           | 1.37e+06     |
------------------------------------------
------------------------------------------
| rollout/                |              |
|    ep_len_mean          | 100          |
|    ep_rew_mean          | -6.47e+03    |
| time/                   |              |
|    fps                  | 181          |
|    iterations           | 173          |
|    time_elapsed         | 1952         |
|    total_timesteps      | 354304       |
| train/                  |              |
|    approx_kl            | 0.0027565407 |
|    clip_fraction        | 0.00156      |
|    clip_range           | 0.2          |
|    entropy_loss         | -2.44        |
|    explained_variance   | 0            |
|    learning_rate        | 0.0003       |
|    loss                 | 9.39e+05     |
|    n_updates            | 1720         |
|    policy_gradient_loss | -0.00377     |
|    value_loss           | 1.34e+06     |
------------------------------------------
----------------------------------------
| rollout/                |            |
|    ep_len_mean          | 100        |
|    ep_rew_mean          | -6.67e+03  |
| time/                   |            |
|    fps                  | 181        |
|    iterations           | 174        |
|    time_elapsed         | 1963       |
|    total_timesteps      | 356352     |
| train/                  |            |
|    approx_kl            | 0.23445705 |
|    clip_fraction        | 0.351      |
|    clip_range           | 0.2        |
|    entropy_loss         | -2.31      |
|    explained_variance   | -1.19e-07  |
|    learning_rate        | 0.0003     |
|    loss                 | 6.2e+05    |
|    n_updates            | 1730       |
|    policy_gradient_loss | 0.0597     |
|    value_loss           | 1.47e+06   |
----------------------------------------
----------------------------------------
| rollout/                |            |
|    ep_len_mean          | 100        |
|    ep_rew_mean          | -6.7e+03   |
| time/                   |            |
|    fps                  | 181        |
|    iterations           | 175        |
|    time_elapsed         | 1975       |
|    total_timesteps      | 358400     |
| train/                  |            |
|    approx_kl            | 0.00488393 |
|    clip_fraction        | 0.0303     |
|    clip_range           | 0.2        |
|    entropy_loss         | -2.34      |
|    explained_variance   | 0          |
|    learning_rate        | 0.0003     |
|    loss                 | 6.18e+05   |
|    n_updates            | 1740       |
|    policy_gradient_loss | -0.00634   |
|    value_loss           | 1.63e+06   |
----------------------------------------
------------------------------------------
| rollout/                |              |
|    ep_len_mean          | 100          |
|    ep_rew_mean          | -6.81e+03    |
| time/                   |              |
|    fps                  | 181          |
|    iterations           | 176          |
|    time_elapsed         | 1986         |
|    total_timesteps      | 360448       |
| train/                  |              |
|    approx_kl            | 0.0027050814 |
|    clip_fraction        | 0.0107       |
|    clip_range           | 0.2          |
|    entropy_loss         | -2.34        |
|    explained_variance   | 0            |
|    learning_rate        | 0.0003       |
|    loss                 | 9.36e+05     |
|    n_updates            | 1750         |
|    policy_gradient_loss | -0.00357     |
|    value_loss           | 1.53e+06     |
------------------------------------------
-----------------------------------------
| rollout/                |             |
|    ep_len_mean          | 100         |
|    ep_rew_mean          | -6.8e+03    |
| time/                   |             |
|    fps                  | 181         |
|    iterations           | 177         |
|    time_elapsed         | 2002        |
|    total_timesteps      | 362496      |
| train/                  |             |
|    approx_kl            | 0.012012822 |
|    clip_fraction        | 0.114       |
|    clip_range           | 0.2         |
|    entropy_loss         | -2.31       |
|    explained_variance   | 0           |
|    learning_rate        | 0.0003      |
|    loss                 | 8.97e+05    |
|    n_updates            | 1760        |
|    policy_gradient_loss | -0.00531    |
|    value_loss           | 1.5e+06     |
-----------------------------------------
----------------------------------------
| rollout/                |            |
|    ep_len_mean          | 100        |
|    ep_rew_mean          | -6.95e+03  |
| time/                   |            |
|    fps                  | 181        |
|    iterations           | 178        |
|    time_elapsed         | 2011       |
|    total_timesteps      | 364544     |
| train/                  |            |
|    approx_kl            | 0.04672037 |
|    clip_fraction        | 0.281      |
|    clip_range           | 0.2        |
|    entropy_loss         | -2.31      |
|    explained_variance   | 0          |
|    learning_rate        | 0.0003     |
|    loss                 | 7.76e+05   |
|    n_updates            | 1770       |
|    policy_gradient_loss | 0.0209     |
|    value_loss           | 1.32e+06   |
----------------------------------------
-----------------------------------------
| rollout/                |             |
|    ep_len_mean          | 100         |
|    ep_rew_mean          | -6.97e+03   |
| time/                   |             |
|    fps                  | 181         |
|    iterations           | 179         |
|    time_elapsed         | 2019        |
|    total_timesteps      | 366592      |
| train/                  |             |
|    approx_kl            | 0.014929315 |
|    clip_fraction        | 0.187       |
|    clip_range           | 0.2         |
|    entropy_loss         | -2.34       |
|    explained_variance   | 5.96e-08    |
|    learning_rate        | 0.0003      |
|    loss                 | 9.61e+05    |
|    n_updates            | 1780        |
|    policy_gradient_loss | 0.00175     |
|    value_loss           | 1.5e+06     |
-----------------------------------------
-----------------------------------------
| rollout/                |             |
|    ep_len_mean          | 100         |
|    ep_rew_mean          | -7.04e+03   |
| time/                   |             |
|    fps                  | 181         |
|    iterations           | 180         |
|    time_elapsed         | 2035        |
|    total_timesteps      | 368640      |
| train/                  |             |
|    approx_kl            | 0.020525802 |
|    clip_fraction        | 0.223       |
|    clip_range           | 0.2         |
|    entropy_loss         | -2.37       |
|    explained_variance   | 1.79e-07    |
|    learning_rate        | 0.0003      |
|    loss                 | 6e+05       |
|    n_updates            | 1790        |
|    policy_gradient_loss | 0.0047      |
|    value_loss           | 1.56e+06    |
-----------------------------------------
-----------------------------------------
| rollout/                |             |
|    ep_len_mean          | 100         |
|    ep_rew_mean          | -6.86e+03   |
| time/                   |             |
|    fps                  | 181         |
|    iterations           | 181         |
|    time_elapsed         | 2045        |
|    total_timesteps      | 370688      |
| train/                  |             |
|    approx_kl            | 0.007490525 |
|    clip_fraction        | 0.0932      |
|    clip_range           | 0.2         |
|    entropy_loss         | -2.34       |
|    explained_variance   | 0           |
|    learning_rate        | 0.0003      |
|    loss                 | 6.84e+05    |
|    n_updates            | 1800        |
|    policy_gradient_loss | -0.00328    |
|    value_loss           | 1.48e+06    |
-----------------------------------------
------------------------------------------
| rollout/                |              |
|    ep_len_mean          | 100          |
|    ep_rew_mean          | -7.01e+03    |
| time/                   |              |
|    fps                  | 181          |
|    iterations           | 182          |
|    time_elapsed         | 2053         |
|    total_timesteps      | 372736       |
| train/                  |              |
|    approx_kl            | 0.0069254353 |
|    clip_fraction        | 0.0324       |
|    clip_range           | 0.2          |
|    entropy_loss         | -2.33        |
|    explained_variance   | 0            |
|    learning_rate        | 0.0003       |
|    loss                 | 7.67e+05     |
|    n_updates            | 1810         |
|    policy_gradient_loss | -0.00581     |
|    value_loss           | 1.43e+06     |
------------------------------------------
-----------------------------------------
| rollout/                |             |
|    ep_len_mean          | 100         |
|    ep_rew_mean          | -6.88e+03   |
| time/                   |             |
|    fps                  | 181         |
|    iterations           | 183         |
|    time_elapsed         | 2068        |
|    total_timesteps      | 374784      |
| train/                  |             |
|    approx_kl            | 0.009099521 |
|    clip_fraction        | 0.13        |
|    clip_range           | 0.2         |
|    entropy_loss         | -2.3        |
|    explained_variance   | 1.79e-07    |
|    learning_rate        | 0.0003      |
|    loss                 | 8.57e+05    |
|    n_updates            | 1820        |
|    policy_gradient_loss | 0.0022      |
|    value_loss           | 1.61e+06    |
-----------------------------------------
------------------------------------------
| rollout/                |              |
|    ep_len_mean          | 100          |
|    ep_rew_mean          | -6.81e+03    |
| time/                   |              |
|    fps                  | 180          |
|    iterations           | 184          |
|    time_elapsed         | 2083         |
|    total_timesteps      | 376832       |
| train/                  |              |
|    approx_kl            | 0.0032729385 |
|    clip_fraction        | 0.00752      |
|    clip_range           | 0.2          |
|    entropy_loss         | -2.35        |
|    explained_variance   | 1.79e-07     |
|    learning_rate        | 0.0003       |
|    loss                 | 7.9e+05      |
|    n_updates            | 1830         |
|    policy_gradient_loss | -0.00329     |
|    value_loss           | 1.37e+06     |
------------------------------------------
-------------------------------------------
| rollout/                |               |
|    ep_len_mean          | 100           |
|    ep_rew_mean          | -6.68e+03     |
| time/                   |               |
|    fps                  | 181           |
|    iterations           | 185           |
|    time_elapsed         | 2090          |
|    total_timesteps      | 378880        |
| train/                  |               |
|    approx_kl            | 1.4164252e-06 |
|    clip_fraction        | 0             |
|    clip_range           | 0.2           |
|    entropy_loss         | -2.31         |
|    explained_variance   | 0.0251        |
|    learning_rate        | 0.0003        |
|    loss                 | 6.93e+05      |
|    n_updates            | 1840          |
|    policy_gradient_loss | -9.72e-05     |
|    value_loss           | 1.43e+06      |
-------------------------------------------
------------------------------------------
| rollout/                |              |
|    ep_len_mean          | 100          |
|    ep_rew_mean          | -6.72e+03    |
| time/                   |              |
|    fps                  | 181          |
|    iterations           | 186          |
|    time_elapsed         | 2101         |
|    total_timesteps      | 380928       |
| train/                  |              |
|    approx_kl            | 3.729947e-07 |
|    clip_fraction        | 0            |
|    clip_range           | 0.2          |
|    entropy_loss         | -2.32        |
|    explained_variance   | 0.137        |
|    learning_rate        | 0.0003       |
|    loss                 | 5.17e+05     |
|    n_updates            | 1850         |
|    policy_gradient_loss | -2.82e-05    |
|    value_loss           | 1.12e+06     |
------------------------------------------
------------------------------------------
| rollout/                |              |
|    ep_len_mean          | 100          |
|    ep_rew_mean          | -6.74e+03    |
| time/                   |              |
|    fps                  | 181          |
|    iterations           | 187          |
|    time_elapsed         | 2108         |
|    total_timesteps      | 382976       |
| train/                  |              |
|    approx_kl            | 3.677269e-07 |
|    clip_fraction        | 0            |
|    clip_range           | 0.2          |
|    entropy_loss         | -2.33        |
|    explained_variance   | 0.174        |
|    learning_rate        | 0.0003       |
|    loss                 | 5.7e+05      |
|    n_updates            | 1860         |
|    policy_gradient_loss | -2.43e-05    |
|    value_loss           | 1.17e+06     |
------------------------------------------
------------------------------------------
| rollout/                |              |
|    ep_len_mean          | 100          |
|    ep_rew_mean          | -6.86e+03    |
| time/                   |              |
|    fps                  | 181          |
|    iterations           | 188          |
|    time_elapsed         | 2123         |
|    total_timesteps      | 385024       |
| train/                  |              |
|    approx_kl            | 9.390933e-07 |
|    clip_fraction        | 0            |
|    clip_range           | 0.2          |
|    entropy_loss         | -2.32        |
|    explained_variance   | 0.275        |
|    learning_rate        | 0.0003       |
|    loss                 | 7.01e+05     |
|    n_updates            | 1870         |
|    policy_gradient_loss | -4.89e-05    |
|    value_loss           | 1.06e+06     |
------------------------------------------
------------------------------------------
| rollout/                |              |
|    ep_len_mean          | 100          |
|    ep_rew_mean          | -6.99e+03    |
| time/                   |              |
|    fps                  | 181          |
|    iterations           | 189          |
|    time_elapsed         | 2136         |
|    total_timesteps      | 387072       |
| train/                  |              |
|    approx_kl            | 6.050104e-07 |
|    clip_fraction        | 0            |
|    clip_range           | 0.2          |
|    entropy_loss         | -2.3         |
|    explained_variance   | 0.18         |
|    learning_rate        | 0.0003       |
|    loss                 | 6.94e+05     |
|    n_updates            | 1880         |
|    policy_gradient_loss | -3.63e-05    |
|    value_loss           | 1.22e+06     |
------------------------------------------
------------------------------------------
| rollout/                |              |
|    ep_len_mean          | 100          |
|    ep_rew_mean          | -7.12e+03    |
| time/                   |              |
|    fps                  | 181          |
|    iterations           | 190          |
|    time_elapsed         | 2149         |
|    total_timesteps      | 389120       |
| train/                  |              |
|    approx_kl            | 7.538474e-07 |
|    clip_fraction        | 0            |
|    clip_range           | 0.2          |
|    entropy_loss         | -2.32        |
|    explained_variance   | 0.229        |
|    learning_rate        | 0.0003       |
|    loss                 | 6.05e+05     |
|    n_updates            | 1890         |
|    policy_gradient_loss | -5.36e-05    |
|    value_loss           | 1.21e+06     |
------------------------------------------
------------------------------------------
| rollout/                |              |
|    ep_len_mean          | 100          |
|    ep_rew_mean          | -7.25e+03    |
| time/                   |              |
|    fps                  | 180          |
|    iterations           | 191          |
|    time_elapsed         | 2164         |
|    total_timesteps      | 391168       |
| train/                  |              |
|    approx_kl            | 6.556802e-07 |
|    clip_fraction        | 0            |
|    clip_range           | 0.2          |
|    entropy_loss         | -2.31        |
|    explained_variance   | 0.283        |
|    learning_rate        | 0.0003       |
|    loss                 | 6.74e+05     |
|    n_updates            | 1900         |
|    policy_gradient_loss | -4.22e-05    |
|    value_loss           | 1.22e+06     |
------------------------------------------
-------------------------------------------
| rollout/                |               |
|    ep_len_mean          | 100           |
|    ep_rew_mean          | -7.29e+03     |
| time/                   |               |
|    fps                  | 180           |
|    iterations           | 192           |
|    time_elapsed         | 2178          |
|    total_timesteps      | 393216        |
| train/                  |               |
|    approx_kl            | 1.4329853e-06 |
|    clip_fraction        | 0             |
|    clip_range           | 0.2           |
|    entropy_loss         | -2.3          |
|    explained_variance   | 0.217         |
|    learning_rate        | 0.0003        |
|    loss                 | 5.26e+05      |
|    n_updates            | 1910          |
|    policy_gradient_loss | -8.72e-05     |
|    value_loss           | 1.32e+06      |
-------------------------------------------
-------------------------------------------
| rollout/                |               |
|    ep_len_mean          | 100           |
|    ep_rew_mean          | -7.26e+03     |
| time/                   |               |
|    fps                  | 180           |
|    iterations           | 193           |
|    time_elapsed         | 2194          |
|    total_timesteps      | 395264        |
| train/                  |               |
|    approx_kl            | 2.0025473e-06 |
|    clip_fraction        | 0             |
|    clip_range           | 0.2           |
|    entropy_loss         | -2.31         |
|    explained_variance   | 0.184         |
|    learning_rate        | 0.0003        |
|    loss                 | 7.91e+05      |
|    n_updates            | 1920          |
|    policy_gradient_loss | -9.01e-05     |
|    value_loss           | 1.38e+06      |
-------------------------------------------
-------------------------------------------
| rollout/                |               |
|    ep_len_mean          | 100           |
|    ep_rew_mean          | -7.25e+03     |
| time/                   |               |
|    fps                  | 179           |
|    iterations           | 194           |
|    time_elapsed         | 2208          |
|    total_timesteps      | 397312        |
| train/                  |               |
|    approx_kl            | 8.7803346e-07 |
|    clip_fraction        | 0             |
|    clip_range           | 0.2           |
|    entropy_loss         | -2.33         |
|    explained_variance   | 0.202         |
|    learning_rate        | 0.0003        |
|    loss                 | 6.19e+05      |
|    n_updates            | 1930          |
|    policy_gradient_loss | -4.57e-05     |
|    value_loss           | 1.25e+06      |
-------------------------------------------
-------------------------------------------
| rollout/                |               |
|    ep_len_mean          | 100           |
|    ep_rew_mean          | -7.15e+03     |
| time/                   |               |
|    fps                  | 180           |
|    iterations           | 195           |
|    time_elapsed         | 2216          |
|    total_timesteps      | 399360        |
| train/                  |               |
|    approx_kl            | 1.4604302e-06 |
|    clip_fraction        | 0             |
|    clip_range           | 0.2           |
|    entropy_loss         | -2.33         |
|    explained_variance   | 0.23          |
|    learning_rate        | 0.0003        |
|    loss                 | 7.32e+05      |
|    n_updates            | 1940          |
|    policy_gradient_loss | -7.41e-05     |
|    value_loss           | 1.23e+06      |
-------------------------------------------
-----------------------------------------
| rollout/                |             |
|    ep_len_mean          | 100         |
|    ep_rew_mean          | -6.89e+03   |
| time/                   |             |
|    fps                  | 180         |
|    iterations           | 196         |
|    time_elapsed         | 2229        |
|    total_timesteps      | 401408      |
| train/                  |             |
|    approx_kl            | 8.46223e-07 |
|    clip_fraction        | 0           |
|    clip_range           | 0.2         |
|    entropy_loss         | -2.31       |
|    explained_variance   | 0.218       |
|    learning_rate        | 0.0003      |
|    loss                 | 5.06e+05    |
|    n_updates            | 1950        |
|    policy_gradient_loss | -5.07e-05   |
|    value_loss           | 1.21e+06    |
-----------------------------------------
-------------------------------------------
| rollout/                |               |
|    ep_len_mean          | 100           |
|    ep_rew_mean          | -6.77e+03     |
| time/                   |               |
|    fps                  | 180           |
|    iterations           | 197           |
|    time_elapsed         | 2241          |
|    total_timesteps      | 403456        |
| train/                  |               |
|    approx_kl            | 2.6975176e-06 |
|    clip_fraction        | 0             |
|    clip_range           | 0.2           |
|    entropy_loss         | -2.33         |
|    explained_variance   | 0.265         |
|    learning_rate        | 0.0003        |
|    loss                 | 5.37e+05      |
|    n_updates            | 1960          |
|    policy_gradient_loss | -9.52e-05     |
|    value_loss           | 1.15e+06      |
-------------------------------------------
-------------------------------------------
| rollout/                |               |
|    ep_len_mean          | 100           |
|    ep_rew_mean          | -6.85e+03     |
| time/                   |               |
|    fps                  | 179           |
|    iterations           | 198           |
|    time_elapsed         | 2257          |
|    total_timesteps      | 405504        |
| train/                  |               |
|    approx_kl            | 4.0860323e-06 |
|    clip_fraction        | 0             |
|    clip_range           | 0.2           |
|    entropy_loss         | -2.3          |
|    explained_variance   | 0.291         |
|    learning_rate        | 0.0003        |
|    loss                 | 4.77e+05      |
|    n_updates            | 1970          |
|    policy_gradient_loss | -0.000118     |
|    value_loss           | 1.14e+06      |
-------------------------------------------
-------------------------------------------
| rollout/                |               |
|    ep_len_mean          | 100           |
|    ep_rew_mean          | -6.82e+03     |
| time/                   |               |
|    fps                  | 179           |
|    iterations           | 199           |
|    time_elapsed         | 2274          |
|    total_timesteps      | 407552        |
| train/                  |               |
|    approx_kl            | 4.2874017e-06 |
|    clip_fraction        | 0             |
|    clip_range           | 0.2           |
|    entropy_loss         | -2.33         |
|    explained_variance   | 0.343         |
|    learning_rate        | 0.0003        |
|    loss                 | 5.23e+05      |
|    n_updates            | 1980          |
|    policy_gradient_loss | -0.000135     |
|    value_loss           | 1.11e+06      |
-------------------------------------------
------------------------------------------
| rollout/                |              |
|    ep_len_mean          | 100          |
|    ep_rew_mean          | -6.86e+03    |
| time/                   |              |
|    fps                  | 178          |
|    iterations           | 200          |
|    time_elapsed         | 2289         |
|    total_timesteps      | 409600       |
| train/                  |              |
|    approx_kl            | 5.216105e-06 |
|    clip_fraction        | 0            |
|    clip_range           | 0.2          |
|    entropy_loss         | -2.32        |
|    explained_variance   | 0.254        |
|    learning_rate        | 0.0003       |
|    loss                 | 7.62e+05     |
|    n_updates            | 1990         |
|    policy_gradient_loss | -0.000129    |
|    value_loss           | 1.15e+06     |
------------------------------------------
-------------------------------------------
| rollout/                |               |
|    ep_len_mean          | 100           |
|    ep_rew_mean          | -6.99e+03     |
| time/                   |               |
|    fps                  | 178           |
|    iterations           | 201           |
|    time_elapsed         | 2303          |
|    total_timesteps      | 411648        |
| train/                  |               |
|    approx_kl            | 2.9370713e-06 |
|    clip_fraction        | 0             |
|    clip_range           | 0.2           |
|    entropy_loss         | -2.33         |
|    explained_variance   | 0.153         |
|    learning_rate        | 0.0003        |
|    loss                 | 5.27e+05      |
|    n_updates            | 2000          |
|    policy_gradient_loss | -9.96e-05     |
|    value_loss           | 1.3e+06       |
-------------------------------------------
-------------------------------------------
| rollout/                |               |
|    ep_len_mean          | 100           |
|    ep_rew_mean          | -6.88e+03     |
| time/                   |               |
|    fps                  | 178           |
|    iterations           | 202           |
|    time_elapsed         | 2315          |
|    total_timesteps      | 413696        |
| train/                  |               |
|    approx_kl            | 1.1851254e-05 |
|    clip_fraction        | 0             |
|    clip_range           | 0.2           |
|    entropy_loss         | -2.33         |
|    explained_variance   | 0.252         |
|    learning_rate        | 0.0003        |
|    loss                 | 5.46e+05      |
|    n_updates            | 2010          |
|    policy_gradient_loss | -0.000247     |
|    value_loss           | 1.17e+06      |
-------------------------------------------
------------------------------------------
| rollout/                |              |
|    ep_len_mean          | 100          |
|    ep_rew_mean          | -6.78e+03    |
| time/                   |              |
|    fps                  | 178          |
|    iterations           | 203          |
|    time_elapsed         | 2323         |
|    total_timesteps      | 415744       |
| train/                  |              |
|    approx_kl            | 9.484502e-06 |
|    clip_fraction        | 0            |
|    clip_range           | 0.2          |
|    entropy_loss         | -2.32        |
|    explained_variance   | 0.316        |
|    learning_rate        | 0.0003       |
|    loss                 | 5.8e+05      |
|    n_updates            | 2020         |
|    policy_gradient_loss | -0.000167    |
|    value_loss           | 1.01e+06     |
------------------------------------------
-------------------------------------------
| rollout/                |               |
|    ep_len_mean          | 100           |
|    ep_rew_mean          | -6.81e+03     |
| time/                   |               |
|    fps                  | 179           |
|    iterations           | 204           |
|    time_elapsed         | 2333          |
|    total_timesteps      | 417792        |
| train/                  |               |
|    approx_kl            | 1.6702979e-06 |
|    clip_fraction        | 0             |
|    clip_range           | 0.2           |
|    entropy_loss         | -2.34         |
|    explained_variance   | 0.31          |
|    learning_rate        | 0.0003        |
|    loss                 | 5.66e+05      |
|    n_updates            | 2030          |
|    policy_gradient_loss | -8.46e-05     |
|    value_loss           | 1.08e+06      |
-------------------------------------------
------------------------------------------
| rollout/                |              |
|    ep_len_mean          | 100          |
|    ep_rew_mean          | -6.75e+03    |
| time/                   |              |
|    fps                  | 179          |
|    iterations           | 205          |
|    time_elapsed         | 2340         |
|    total_timesteps      | 419840       |
| train/                  |              |
|    approx_kl            | 9.073818e-06 |
|    clip_fraction        | 0            |
|    clip_range           | 0.2          |
|    entropy_loss         | -2.32        |
|    explained_variance   | 0.266        |
|    learning_rate        | 0.0003       |
|    loss                 | 6.98e+05     |
|    n_updates            | 2040         |
|    policy_gradient_loss | -0.000148    |
|    value_loss           | 1.13e+06     |
------------------------------------------
-------------------------------------------
| rollout/                |               |
|    ep_len_mean          | 100           |
|    ep_rew_mean          | -6.8e+03      |
| time/                   |               |
|    fps                  | 179           |
|    iterations           | 206           |
|    time_elapsed         | 2347          |
|    total_timesteps      | 421888        |
| train/                  |               |
|    approx_kl            | 6.3564803e-06 |
|    clip_fraction        | 0             |
|    clip_range           | 0.2           |
|    entropy_loss         | -2.32         |
|    explained_variance   | 0.325         |
|    learning_rate        | 0.0003        |
|    loss                 | 4.9e+05       |
|    n_updates            | 2050          |
|    policy_gradient_loss | -0.00012      |
|    value_loss           | 1.11e+06      |
-------------------------------------------
-------------------------------------------
| rollout/                |               |
|    ep_len_mean          | 100           |
|    ep_rew_mean          | -6.73e+03     |
| time/                   |               |
|    fps                  | 179           |
|    iterations           | 207           |
|    time_elapsed         | 2360          |
|    total_timesteps      | 423936        |
| train/                  |               |
|    approx_kl            | 1.8253428e-05 |
|    clip_fraction        | 0             |
|    clip_range           | 0.2           |
|    entropy_loss         | -2.31         |
|    explained_variance   | 0.399         |
|    learning_rate        | 0.0003        |
|    loss                 | 3.82e+05      |
|    n_updates            | 2060          |
|    policy_gradient_loss | -0.000263     |
|    value_loss           | 1.07e+06      |
-------------------------------------------
------------------------------------------
| rollout/                |              |
|    ep_len_mean          | 100          |
|    ep_rew_mean          | -6.69e+03    |
| time/                   |              |
|    fps                  | 179          |
|    iterations           | 208          |
|    time_elapsed         | 2372         |
|    total_timesteps      | 425984       |
| train/                  |              |
|    approx_kl            | 7.761817e-06 |
|    clip_fraction        | 0            |
|    clip_range           | 0.2          |
|    entropy_loss         | -2.33        |
|    explained_variance   | 0.321        |
|    learning_rate        | 0.0003       |
|    loss                 | 6.34e+05     |
|    n_updates            | 2070         |
|    policy_gradient_loss | -0.000163    |
|    value_loss           | 1.09e+06     |
------------------------------------------
------------------------------------------
| rollout/                |              |
|    ep_len_mean          | 100          |
|    ep_rew_mean          | -6.5e+03     |
| time/                   |              |
|    fps                  | 179          |
|    iterations           | 209          |
|    time_elapsed         | 2379         |
|    total_timesteps      | 428032       |
| train/                  |              |
|    approx_kl            | 6.426184e-06 |
|    clip_fraction        | 0            |
|    clip_range           | 0.2          |
|    entropy_loss         | -2.33        |
|    explained_variance   | 0.261        |
|    learning_rate        | 0.0003       |
|    loss                 | 6.61e+05     |
|    n_updates            | 2080         |
|    policy_gradient_loss | -0.00014     |
|    value_loss           | 1.1e+06      |
------------------------------------------
------------------------------------------
| rollout/                |              |
|    ep_len_mean          | 100          |
|    ep_rew_mean          | -6.56e+03    |
| time/                   |              |
|    fps                  | 179          |
|    iterations           | 210          |
|    time_elapsed         | 2391         |
|    total_timesteps      | 430080       |
| train/                  |              |
|    approx_kl            | 9.806623e-06 |
|    clip_fraction        | 0            |
|    clip_range           | 0.2          |
|    entropy_loss         | -2.35        |
|    explained_variance   | 0.309        |
|    learning_rate        | 0.0003       |
|    loss                 | 3.64e+05     |
|    n_updates            | 2090         |
|    policy_gradient_loss | -0.000156    |
|    value_loss           | 9.66e+05     |
------------------------------------------
-------------------------------------------
| rollout/                |               |
|    ep_len_mean          | 100           |
|    ep_rew_mean          | -6.52e+03     |
| time/                   |               |
|    fps                  | 179           |
|    iterations           | 211           |
|    time_elapsed         | 2400          |
|    total_timesteps      | 432128        |
| train/                  |               |
|    approx_kl            | 4.0112063e-06 |
|    clip_fraction        | 0             |
|    clip_range           | 0.2           |
|    entropy_loss         | -2.33         |
|    explained_variance   | 0.337         |
|    learning_rate        | 0.0003        |
|    loss                 | 4.58e+05      |
|    n_updates            | 2100          |
|    policy_gradient_loss | -0.00012      |
|    value_loss           | 1.15e+06      |
-------------------------------------------
------------------------------------------
| rollout/                |              |
|    ep_len_mean          | 100          |
|    ep_rew_mean          | -6.72e+03    |
| time/                   |              |
|    fps                  | 179          |
|    iterations           | 212          |
|    time_elapsed         | 2412         |
|    total_timesteps      | 434176       |
| train/                  |              |
|    approx_kl            | 4.947331e-06 |
|    clip_fraction        | 0            |
|    clip_range           | 0.2          |
|    entropy_loss         | -2.32        |
|    explained_variance   | 0.321        |
|    learning_rate        | 0.0003       |
|    loss                 | 5.2e+05      |
|    n_updates            | 2110         |
|    policy_gradient_loss | -0.000136    |
|    value_loss           | 1.12e+06     |
------------------------------------------
-------------------------------------------
| rollout/                |               |
|    ep_len_mean          | 100           |
|    ep_rew_mean          | -6.69e+03     |
| time/                   |               |
|    fps                  | 180           |
|    iterations           | 213           |
|    time_elapsed         | 2420          |
|    total_timesteps      | 436224        |
| train/                  |               |
|    approx_kl            | 1.0469696e-05 |
|    clip_fraction        | 0             |
|    clip_range           | 0.2           |
|    entropy_loss         | -2.33         |
|    explained_variance   | 0.286         |
|    learning_rate        | 0.0003        |
|    loss                 | 3.8e+05       |
|    n_updates            | 2120          |
|    policy_gradient_loss | -0.000216     |
|    value_loss           | 1.23e+06      |
-------------------------------------------
-------------------------------------------
| rollout/                |               |
|    ep_len_mean          | 100           |
|    ep_rew_mean          | -6.85e+03     |
| time/                   |               |
|    fps                  | 180           |
|    iterations           | 214           |
|    time_elapsed         | 2427          |
|    total_timesteps      | 438272        |
| train/                  |               |
|    approx_kl            | 1.4389545e-05 |
|    clip_fraction        | 0             |
|    clip_range           | 0.2           |
|    entropy_loss         | -2.32         |
|    explained_variance   | 0.283         |
|    learning_rate        | 0.0003        |
|    loss                 | 6.32e+05      |
|    n_updates            | 2130          |
|    policy_gradient_loss | -0.000215     |
|    value_loss           | 1.2e+06       |
-------------------------------------------
------------------------------------------
| rollout/                |              |
|    ep_len_mean          | 100          |
|    ep_rew_mean          | -6.71e+03    |
| time/                   |              |
|    fps                  | 180          |
|    iterations           | 215          |
|    time_elapsed         | 2437         |
|    total_timesteps      | 440320       |
| train/                  |              |
|    approx_kl            | 3.153691e-06 |
|    clip_fraction        | 0            |
|    clip_range           | 0.2          |
|    entropy_loss         | -2.34        |
|    explained_variance   | 0.367        |
|    learning_rate        | 0.0003       |
|    loss                 | 4.69e+05     |
|    n_updates            | 2140         |
|    policy_gradient_loss | -6.56e-05    |
|    value_loss           | 1.02e+06     |
------------------------------------------
-------------------------------------------
| rollout/                |               |
|    ep_len_mean          | 100           |
|    ep_rew_mean          | -6.67e+03     |
| time/                   |               |
|    fps                  | 180           |
|    iterations           | 216           |
|    time_elapsed         | 2449          |
|    total_timesteps      | 442368        |
| train/                  |               |
|    approx_kl            | 2.3852044e-05 |
|    clip_fraction        | 0             |
|    clip_range           | 0.2           |
|    entropy_loss         | -2.32         |
|    explained_variance   | 0.202         |
|    learning_rate        | 0.0003        |
|    loss                 | 6.26e+05      |
|    n_updates            | 2150          |
|    policy_gradient_loss | -0.000316     |
|    value_loss           | 1.27e+06      |
-------------------------------------------
-------------------------------------------
| rollout/                |               |
|    ep_len_mean          | 100           |
|    ep_rew_mean          | -6.54e+03     |
| time/                   |               |
|    fps                  | 180           |
|    iterations           | 217           |
|    time_elapsed         | 2459          |
|    total_timesteps      | 444416        |
| train/                  |               |
|    approx_kl            | 1.3607962e-05 |
|    clip_fraction        | 0             |
|    clip_range           | 0.2           |
|    entropy_loss         | -2.33         |
|    explained_variance   | 0.25          |
|    learning_rate        | 0.0003        |
|    loss                 | 5.01e+05      |
|    n_updates            | 2160          |
|    policy_gradient_loss | -0.000246     |
|    value_loss           | 1.11e+06      |
-------------------------------------------
-------------------------------------------
| rollout/                |               |
|    ep_len_mean          | 100           |
|    ep_rew_mean          | -6.62e+03     |
| time/                   |               |
|    fps                  | 181           |
|    iterations           | 218           |
|    time_elapsed         | 2465          |
|    total_timesteps      | 446464        |
| train/                  |               |
|    approx_kl            | 1.3914716e-05 |
|    clip_fraction        | 0             |
|    clip_range           | 0.2           |
|    entropy_loss         | -2.35         |
|    explained_variance   | 0.282         |
|    learning_rate        | 0.0003        |
|    loss                 | 5.28e+05      |
|    n_updates            | 2170          |
|    policy_gradient_loss | -0.000221     |
|    value_loss           | 1.12e+06      |
-------------------------------------------
------------------------------------------
| rollout/                |              |
|    ep_len_mean          | 100          |
|    ep_rew_mean          | -6.61e+03    |
| time/                   |              |
|    fps                  | 180          |
|    iterations           | 219          |
|    time_elapsed         | 2478         |
|    total_timesteps      | 448512       |
| train/                  |              |
|    approx_kl            | 6.233022e-06 |
|    clip_fraction        | 0            |
|    clip_range           | 0.2          |
|    entropy_loss         | -2.36        |
|    explained_variance   | 0.265        |
|    learning_rate        | 0.0003       |
|    loss                 | 4.36e+05     |
|    n_updates            | 2180         |
|    policy_gradient_loss | -0.000126    |
|    value_loss           | 1.07e+06     |
------------------------------------------
------------------------------------------
| rollout/                |              |
|    ep_len_mean          | 100          |
|    ep_rew_mean          | -6.6e+03     |
| time/                   |              |
|    fps                  | 181          |
|    iterations           | 220          |
|    time_elapsed         | 2488         |
|    total_timesteps      | 450560       |
| train/                  |              |
|    approx_kl            | 2.372521e-05 |
|    clip_fraction        | 0            |
|    clip_range           | 0.2          |
|    entropy_loss         | -2.34        |
|    explained_variance   | 0.272        |
|    learning_rate        | 0.0003       |
|    loss                 | 4.89e+05     |
|    n_updates            | 2190         |
|    policy_gradient_loss | -0.000316    |
|    value_loss           | 1.08e+06     |
------------------------------------------
------------------------------------------
| rollout/                |              |
|    ep_len_mean          | 100          |
|    ep_rew_mean          | -6.64e+03    |
| time/                   |              |
|    fps                  | 181          |
|    iterations           | 221          |
|    time_elapsed         | 2497         |
|    total_timesteps      | 452608       |
| train/                  |              |
|    approx_kl            | 5.227106e-06 |
|    clip_fraction        | 0            |
|    clip_range           | 0.2          |
|    entropy_loss         | -2.33        |
|    explained_variance   | 0.233        |
|    learning_rate        | 0.0003       |
|    loss                 | 7.57e+05     |
|    n_updates            | 2200         |
|    policy_gradient_loss | -0.000131    |
|    value_loss           | 1.22e+06     |
------------------------------------------
-------------------------------------------
| rollout/                |               |
|    ep_len_mean          | 100           |
|    ep_rew_mean          | -6.74e+03     |
| time/                   |               |
|    fps                  | 181           |
|    iterations           | 222           |
|    time_elapsed         | 2507          |
|    total_timesteps      | 454656        |
| train/                  |               |
|    approx_kl            | 1.7477723e-06 |
|    clip_fraction        | 0             |
|    clip_range           | 0.2           |
|    entropy_loss         | -2.33         |
|    explained_variance   | 0.31          |
|    learning_rate        | 0.0003        |
|    loss                 | 5.68e+05      |
|    n_updates            | 2210          |
|    policy_gradient_loss | -7.07e-05     |
|    value_loss           | 1.13e+06      |
-------------------------------------------
-------------------------------------------
| rollout/                |               |
|    ep_len_mean          | 100           |
|    ep_rew_mean          | -6.64e+03     |
| time/                   |               |
|    fps                  | 181           |
|    iterations           | 223           |
|    time_elapsed         | 2516          |
|    total_timesteps      | 456704        |
| train/                  |               |
|    approx_kl            | 1.1901779e-05 |
|    clip_fraction        | 0             |
|    clip_range           | 0.2           |
|    entropy_loss         | -2.35         |
|    explained_variance   | 0.308         |
|    learning_rate        | 0.0003        |
|    loss                 | 5.5e+05       |
|    n_updates            | 2220          |
|    policy_gradient_loss | -0.00017      |
|    value_loss           | 1.07e+06      |
-------------------------------------------
-------------------------------------------
| rollout/                |               |
|    ep_len_mean          | 100           |
|    ep_rew_mean          | -6.76e+03     |
| time/                   |               |
|    fps                  | 181           |
|    iterations           | 224           |
|    time_elapsed         | 2522          |
|    total_timesteps      | 458752        |
| train/                  |               |
|    approx_kl            | 5.4632255e-06 |
|    clip_fraction        | 0             |
|    clip_range           | 0.2           |
|    entropy_loss         | -2.32         |
|    explained_variance   | 0.379         |
|    learning_rate        | 0.0003        |
|    loss                 | 4.37e+05      |
|    n_updates            | 2230          |
|    policy_gradient_loss | -0.000159     |
|    value_loss           | 1.03e+06      |
-------------------------------------------
-------------------------------------------
| rollout/                |               |
|    ep_len_mean          | 100           |
|    ep_rew_mean          | -6.86e+03     |
| time/                   |               |
|    fps                  | 182           |
|    iterations           | 225           |
|    time_elapsed         | 2529          |
|    total_timesteps      | 460800        |
| train/                  |               |
|    approx_kl            | 1.7671031e-05 |
|    clip_fraction        | 0             |
|    clip_range           | 0.2           |
|    entropy_loss         | -2.33         |
|    explained_variance   | 0.381         |
|    learning_rate        | 0.0003        |
|    loss                 | 6.13e+05      |
|    n_updates            | 2240          |
|    policy_gradient_loss | -0.000258     |
|    value_loss           | 1.16e+06      |
-------------------------------------------
-------------------------------------------
| rollout/                |               |
|    ep_len_mean          | 100           |
|    ep_rew_mean          | -6.86e+03     |
| time/                   |               |
|    fps                  | 182           |
|    iterations           | 226           |
|    time_elapsed         | 2541          |
|    total_timesteps      | 462848        |
| train/                  |               |
|    approx_kl            | 1.6079604e-05 |
|    clip_fraction        | 0             |
|    clip_range           | 0.2           |
|    entropy_loss         | -2.32         |
|    explained_variance   | 0.3           |
|    learning_rate        | 0.0003        |
|    loss                 | 4.65e+05      |
|    n_updates            | 2250          |
|    policy_gradient_loss | -0.000275     |
|    value_loss           | 1.12e+06      |
-------------------------------------------
-------------------------------------------
| rollout/                |               |
|    ep_len_mean          | 100           |
|    ep_rew_mean          | -6.81e+03     |
| time/                   |               |
|    fps                  | 182           |
|    iterations           | 227           |
|    time_elapsed         | 2549          |
|    total_timesteps      | 464896        |
| train/                  |               |
|    approx_kl            | 1.7566432e-05 |
|    clip_fraction        | 0             |
|    clip_range           | 0.2           |
|    entropy_loss         | -2.33         |
|    explained_variance   | 0.287         |
|    learning_rate        | 0.0003        |
|    loss                 | 4.6e+05       |
|    n_updates            | 2260          |
|    policy_gradient_loss | -0.000268     |
|    value_loss           | 1.11e+06      |
-------------------------------------------
------------------------------------------
| rollout/                |              |
|    ep_len_mean          | 100          |
|    ep_rew_mean          | -6.71e+03    |
| time/                   |              |
|    fps                  | 182          |
|    iterations           | 228          |
|    time_elapsed         | 2557         |
|    total_timesteps      | 466944       |
| train/                  |              |
|    approx_kl            | 5.589187e-06 |
|    clip_fraction        | 0            |
|    clip_range           | 0.2          |
|    entropy_loss         | -2.31        |
|    explained_variance   | 0.277        |
|    learning_rate        | 0.0003       |
|    loss                 | 6.89e+05     |
|    n_updates            | 2270         |
|    policy_gradient_loss | -0.000109    |
|    value_loss           | 1.08e+06     |
------------------------------------------
-------------------------------------------
| rollout/                |               |
|    ep_len_mean          | 100           |
|    ep_rew_mean          | -6.67e+03     |
| time/                   |               |
|    fps                  | 182           |
|    iterations           | 229           |
|    time_elapsed         | 2568          |
|    total_timesteps      | 468992        |
| train/                  |               |
|    approx_kl            | 1.4287711e-05 |
|    clip_fraction        | 0             |
|    clip_range           | 0.2           |
|    entropy_loss         | -2.36         |
|    explained_variance   | 0.414         |
|    learning_rate        | 0.0003        |
|    loss                 | 2.53e+05      |
|    n_updates            | 2280          |
|    policy_gradient_loss | -0.000259     |
|    value_loss           | 9.47e+05      |
-------------------------------------------
------------------------------------------
| rollout/                |              |
|    ep_len_mean          | 100          |
|    ep_rew_mean          | -6.48e+03    |
| time/                   |              |
|    fps                  | 182          |
|    iterations           | 230          |
|    time_elapsed         | 2576         |
|    total_timesteps      | 471040       |
| train/                  |              |
|    approx_kl            | 3.010733e-06 |
|    clip_fraction        | 0            |
|    clip_range           | 0.2          |
|    entropy_loss         | -2.33        |
|    explained_variance   | 0.305        |
|    learning_rate        | 0.0003       |
|    loss                 | 4.27e+05     |
|    n_updates            | 2290         |
|    policy_gradient_loss | -8.78e-05    |
|    value_loss           | 1.18e+06     |
------------------------------------------
-------------------------------------------
| rollout/                |               |
|    ep_len_mean          | 100           |
|    ep_rew_mean          | -6.4e+03      |
| time/                   |               |
|    fps                  | 182           |
|    iterations           | 231           |
|    time_elapsed         | 2593          |
|    total_timesteps      | 473088        |
| train/                  |               |
|    approx_kl            | 1.0282092e-06 |
|    clip_fraction        | 0             |
|    clip_range           | 0.2           |
|    entropy_loss         | -2.34         |
|    explained_variance   | 0.364         |
|    learning_rate        | 0.0003        |
|    loss                 | 5.51e+05      |
|    n_updates            | 2300          |
|    policy_gradient_loss | -3.87e-05     |
|    value_loss           | 1.01e+06      |
-------------------------------------------
-------------------------------------------
| rollout/                |               |
|    ep_len_mean          | 100           |
|    ep_rew_mean          | -6.46e+03     |
| time/                   |               |
|    fps                  | 182           |
|    iterations           | 232           |
|    time_elapsed         | 2603          |
|    total_timesteps      | 475136        |
| train/                  |               |
|    approx_kl            | 1.7791754e-06 |
|    clip_fraction        | 0             |
|    clip_range           | 0.2           |
|    entropy_loss         | -2.35         |
|    explained_variance   | 0.197         |
|    learning_rate        | 0.0003        |
|    loss                 | 4.29e+05      |
|    n_updates            | 2310          |
|    policy_gradient_loss | -8.03e-05     |
|    value_loss           | 1.2e+06       |
-------------------------------------------
------------------------------------------
| rollout/                |              |
|    ep_len_mean          | 100          |
|    ep_rew_mean          | -6.55e+03    |
| time/                   |              |
|    fps                  | 182          |
|    iterations           | 233          |
|    time_elapsed         | 2614         |
|    total_timesteps      | 477184       |
| train/                  |              |
|    approx_kl            | 2.218614e-06 |
|    clip_fraction        | 0            |
|    clip_range           | 0.2          |
|    entropy_loss         | -2.32        |
|    explained_variance   | 0.29         |
|    learning_rate        | 0.0003       |
|    loss                 | 5.55e+05     |
|    n_updates            | 2320         |
|    policy_gradient_loss | -8.41e-05    |
|    value_loss           | 1.11e+06     |
------------------------------------------
------------------------------------------
| rollout/                |              |
|    ep_len_mean          | 100          |
|    ep_rew_mean          | -6.48e+03    |
| time/                   |              |
|    fps                  | 182          |
|    iterations           | 234          |
|    time_elapsed         | 2627         |
|    total_timesteps      | 479232       |
| train/                  |              |
|    approx_kl            | 1.925946e-06 |
|    clip_fraction        | 0            |
|    clip_range           | 0.2          |
|    entropy_loss         | -2.32        |
|    explained_variance   | 0.312        |
|    learning_rate        | 0.0003       |
|    loss                 | 7.26e+05     |
|    n_updates            | 2330         |
|    policy_gradient_loss | -6.11e-05    |
|    value_loss           | 1.17e+06     |
------------------------------------------
-------------------------------------------
| rollout/                |               |
|    ep_len_mean          | 100           |
|    ep_rew_mean          | -6.52e+03     |
| time/                   |               |
|    fps                  | 182           |
|    iterations           | 235           |
|    time_elapsed         | 2638          |
|    total_timesteps      | 481280        |
| train/                  |               |
|    approx_kl            | 7.1147515e-06 |
|    clip_fraction        | 0             |
|    clip_range           | 0.2           |
|    entropy_loss         | -2.35         |
|    explained_variance   | 0.388         |
|    learning_rate        | 0.0003        |
|    loss                 | 4.23e+05      |
|    n_updates            | 2340          |
|    policy_gradient_loss | -0.000166     |
|    value_loss           | 9.78e+05      |
-------------------------------------------
-------------------------------------------
| rollout/                |               |
|    ep_len_mean          | 100           |
|    ep_rew_mean          | -6.49e+03     |
| time/                   |               |
|    fps                  | 182           |
|    iterations           | 236           |
|    time_elapsed         | 2651          |
|    total_timesteps      | 483328        |
| train/                  |               |
|    approx_kl            | 7.6212164e-06 |
|    clip_fraction        | 0             |
|    clip_range           | 0.2           |
|    entropy_loss         | -2.36         |
|    explained_variance   | 0.407         |
|    learning_rate        | 0.0003        |
|    loss                 | 5.14e+05      |
|    n_updates            | 2350          |
|    policy_gradient_loss | -0.000204     |
|    value_loss           | 9.8e+05       |
-------------------------------------------
------------------------------------------
| rollout/                |              |
|    ep_len_mean          | 100          |
|    ep_rew_mean          | -6.57e+03    |
| time/                   |              |
|    fps                  | 182          |
|    iterations           | 237          |
|    time_elapsed         | 2662         |
|    total_timesteps      | 485376       |
| train/                  |              |
|    approx_kl            | 3.649242e-06 |
|    clip_fraction        | 0            |
|    clip_range           | 0.2          |
|    entropy_loss         | -2.32        |
|    explained_variance   | 0.403        |
|    learning_rate        | 0.0003       |
|    loss                 | 3.48e+05     |
|    n_updates            | 2360         |
|    policy_gradient_loss | -9.44e-05    |
|    value_loss           | 1.02e+06     |
------------------------------------------
-------------------------------------------
| rollout/                |               |
|    ep_len_mean          | 100           |
|    ep_rew_mean          | -6.41e+03     |
| time/                   |               |
|    fps                  | 181           |
|    iterations           | 238           |
|    time_elapsed         | 2678          |
|    total_timesteps      | 487424        |
| train/                  |               |
|    approx_kl            | 6.7111396e-06 |
|    clip_fraction        | 0             |
|    clip_range           | 0.2           |
|    entropy_loss         | -2.33         |
|    explained_variance   | 0.339         |
|    learning_rate        | 0.0003        |
|    loss                 | 4.28e+05      |
|    n_updates            | 2370          |
|    policy_gradient_loss | -0.000162     |
|    value_loss           | 1.1e+06       |
-------------------------------------------
-------------------------------------------
| rollout/                |               |
|    ep_len_mean          | 100           |
|    ep_rew_mean          | -6.46e+03     |
| time/                   |               |
|    fps                  | 181           |
|    iterations           | 239           |
|    time_elapsed         | 2691          |
|    total_timesteps      | 489472        |
| train/                  |               |
|    approx_kl            | 4.9413648e-06 |
|    clip_fraction        | 0             |
|    clip_range           | 0.2           |
|    entropy_loss         | -2.34         |
|    explained_variance   | 0.317         |
|    learning_rate        | 0.0003        |
|    loss                 | 6.06e+05      |
|    n_updates            | 2380          |
|    policy_gradient_loss | -0.000121     |
|    value_loss           | 1.15e+06      |
-------------------------------------------
------------------------------------------
| rollout/                |              |
|    ep_len_mean          | 100          |
|    ep_rew_mean          | -6.51e+03    |
| time/                   |              |
|    fps                  | 181          |
|    iterations           | 240          |
|    time_elapsed         | 2701         |
|    total_timesteps      | 491520       |
| train/                  |              |
|    approx_kl            | 8.121337e-06 |
|    clip_fraction        | 0            |
|    clip_range           | 0.2          |
|    entropy_loss         | -2.33        |
|    explained_variance   | 0.373        |
|    learning_rate        | 0.0003       |
|    loss                 | 4.98e+05     |
|    n_updates            | 2390         |
|    policy_gradient_loss | -0.000184    |
|    value_loss           | 1.06e+06     |
------------------------------------------
-------------------------------------------
| rollout/                |               |
|    ep_len_mean          | 100           |
|    ep_rew_mean          | -6.48e+03     |
| time/                   |               |
|    fps                  | 181           |
|    iterations           | 241           |
|    time_elapsed         | 2714          |
|    total_timesteps      | 493568        |
| train/                  |               |
|    approx_kl            | 5.2543473e-06 |
|    clip_fraction        | 0             |
|    clip_range           | 0.2           |
|    entropy_loss         | -2.35         |
|    explained_variance   | 0.473         |
|    learning_rate        | 0.0003        |
|    loss                 | 5.48e+05      |
|    n_updates            | 2400          |
|    policy_gradient_loss | -0.000148     |
|    value_loss           | 9.02e+05      |
-------------------------------------------
-------------------------------------------
| rollout/                |               |
|    ep_len_mean          | 100           |
|    ep_rew_mean          | -6.38e+03     |
| time/                   |               |
|    fps                  | 182           |
|    iterations           | 242           |
|    time_elapsed         | 2721          |
|    total_timesteps      | 495616        |
| train/                  |               |
|    approx_kl            | 1.1798984e-06 |
|    clip_fraction        | 0             |
|    clip_range           | 0.2           |
|    entropy_loss         | -2.35         |
|    explained_variance   | 0.363         |
|    learning_rate        | 0.0003        |
|    loss                 | 7.47e+05      |
|    n_updates            | 2410          |
|    policy_gradient_loss | -6.24e-05     |
|    value_loss           | 1.13e+06      |
-------------------------------------------
-------------------------------------------
| rollout/                |               |
|    ep_len_mean          | 100           |
|    ep_rew_mean          | -6.55e+03     |
| time/                   |               |
|    fps                  | 182           |
|    iterations           | 243           |
|    time_elapsed         | 2731          |
|    total_timesteps      | 497664        |
| train/                  |               |
|    approx_kl            | 5.3592958e-06 |
|    clip_fraction        | 0             |
|    clip_range           | 0.2           |
|    entropy_loss         | -2.35         |
|    explained_variance   | 0.387         |
|    learning_rate        | 0.0003        |
|    loss                 | 4.58e+05      |
|    n_updates            | 2420          |
|    policy_gradient_loss | -0.000153     |
|    value_loss           | 1.08e+06      |
-------------------------------------------
-------------------------------------------
| rollout/                |               |
|    ep_len_mean          | 100           |
|    ep_rew_mean          | -6.3e+03      |
| time/                   |               |
|    fps                  | 182           |
|    iterations           | 244           |
|    time_elapsed         | 2738          |
|    total_timesteps      | 499712        |
| train/                  |               |
|    approx_kl            | 1.0714022e-05 |
|    clip_fraction        | 0             |
|    clip_range           | 0.2           |
|    entropy_loss         | -2.31         |
|    explained_variance   | 0.343         |
|    learning_rate        | 0.0003        |
|    loss                 | 4.87e+05      |
|    n_updates            | 2430          |
|    policy_gradient_loss | -0.000189     |
|    value_loss           | 1.04e+06      |
-------------------------------------------
-------------------------------------------
| rollout/                |               |
|    ep_len_mean          | 100           |
|    ep_rew_mean          | -6.33e+03     |
| time/                   |               |
|    fps                  | 182           |
|    iterations           | 245           |
|    time_elapsed         | 2744          |
|    total_timesteps      | 501760        |
| train/                  |               |
|    approx_kl            | 1.9200612e-05 |
|    clip_fraction        | 0             |
|    clip_range           | 0.2           |
|    entropy_loss         | -2.33         |
|    explained_variance   | 0.387         |
|    learning_rate        | 0.0003        |
|    loss                 | 3.77e+05      |
|    n_updates            | 2440          |
|    policy_gradient_loss | -0.000262     |
|    value_loss           | 9.25e+05      |
-------------------------------------------
