#{"t_start": 1776486179.9321058, "env_id": "None"}
r,l,t
-1020.383657,100,1.280805
-2184.946676,100,1.583643
-1507.000534,100,1.958958
3568.019886,100,2.451333
-1052.238918,100,2.960162
641.562775,100,3.436153
1883.076702,100,3.905491
300.048674,100,4.555081
-461.936256,100,5.193835
947.189846,100,5.766333
2428.504478,100,6.395533
1546.7715,100,7.023034
-3315.979592,100,7.736834
-717.145086,100,8.575272
-1376.010944,100,9.226358
423.369053,100,9.850016
85.036531,100,10.475912
879.518162,100,11.089612
-77.583935,100,11.694361
579.065365,100,12.254306
321.613228,100,49.357996
1276.358828,100,49.847882
1691.524124,100,50.399674
1798.183912,100,51.882476
1479.416187,100,52.695137
1293.366449,100,53.626658
444.472355,100,54.529363
-3197.982534,100,56.165637
763.758396,100,57.200308
522.163357,100,59.743593
-803.10603,100,61.192052
906.545609,100,61.66584
151.478752,100,62.5442
2778.006115,100,63.560419
3442.918657,100,64.792571
438.973717,100,65.460798
-221.324669,100,66.104385
734.610558,100,66.72166
-1863.566868,100,67.36724
1789.572075,100,68.175543
1261.814686,100,91.312205
-591.266438,100,92.009843
528.956596,100,92.644737
271.844409,100,93.277641
-558.735909,100,93.914444
1134.21133,100,94.549908
-1421.082961,100,94.885944
1069.505997,100,95.212378
1311.79545,100,95.594959
-1006.320358,100,95.959806
869.447872,100,96.290999
2419.695255,100,96.612397
-3019.704484,100,96.932473
2879.836784,100,97.267229
2609.482334,100,97.631654
1981.590988,100,98.324446
1638.004417,100,98.633865
2047.099676,100,99.016223
-2777.626663,100,99.375424
867.180279,100,99.713415
443.123386,100,100.130506
2243.778986,100,130.421894
1462.475456,100,131.087166
3795.790588,100,131.733363
307.610065,100,132.625619
2132.213365,100,133.383252
-683.144772,100,134.079957
1066.256062,100,134.761828
1231.834139,100,135.452105
-920.464878,100,136.148652
1231.853907,100,136.863257
1555.227551,100,137.681597
2957.600546,100,138.134621
524.058144,100,138.637658
-826.046234,100,139.096895
2312.548927,100,139.680945
-888.205984,100,140.095937
542.543489,100,140.459362
439.890812,100,140.797915
-660.734478,100,141.131871
-1775.980927,100,141.464455
1597.780064,100,168.589876
733.783556,100,169.295868
80.126003,100,169.939166
2680.354813,100,170.5623
-329.257547,100,171.202421
361.561924,100,171.809814
2387.83934,100,172.451428
-166.328735,100,173.079814
59.68541,100,173.702126
3279.129086,100,174.346855
1828.975872,100,174.968735
628.86832,100,175.590216
-1070.539786,100,176.258712
318.006199,100,176.896358
1547.191208,100,177.591799
3014.041071,100,178.329011
3153.961346,100,178.955564
1057.650511,100,179.623185
-242.979683,100,180.249205
1968.109852,100,180.877311
598.62137,100,181.629806
339.130369,100,211.645169
-1609.031918,100,212.07511
-340.5462,100,212.432628
492.417181,100,212.789902
1509.703125,100,213.142033
898.101013,100,213.481709
-173.769095,100,213.869182
2496.550201,100,214.31099
212.071127,100,214.73409
25.542194,100,215.167056
1453.929501,100,215.746078
-487.152874,100,216.320876
545.927004,100,216.991158
3488.614223,100,218.371474
1851.756981,100,219.056926
993.717491,100,219.73327
1332.502911,100,220.417332
2232.645901,100,221.061843
1549.904842,100,221.750414
2017.316212,100,222.388622
-2091.266619,100,251.421398
1611.716408,100,252.079729
258.000202,100,252.810354
2592.433803,100,253.477788
1311.853844,100,254.104954
1666.124477,100,254.536433
1767.318771,100,254.877285
2206.29948,100,255.245785
593.493587,100,255.918406
1517.633694,100,256.953093
845.362679,100,258.467961
876.707329,100,259.212729
1439.276268,100,259.88947
1515.413593,100,260.533537
34.137096,100,261.262381
2099.431763,100,261.974561
2803.483301,100,262.817786
213.364594,100,263.572333
1930.566399,100,264.348536
3072.387238,100,265.048558
1962.644974,100,265.565522
1744.828072,100,297.132589
-1254.68503,100,297.853225
1337.157722,100,298.5026
1068.215597,100,299.086031
-86.303366,100,299.623929
-84.790236,100,300.531337
1428.275303,100,301.221191
-1555.248886,100,301.837569
-725.931301,100,302.486042
2986.010223,100,303.086169
1834.918886,100,303.666425
351.944164,100,304.72616
3281.299547,100,305.640589
2128.807632,100,306.282149
1611.178156,100,307.924369
-2147.293247,100,308.30274
1968.475414,100,308.775137
598.61924,100,309.3809
2448.733711,100,310.021735
54.708868,100,310.617527
3229.84034,100,334.541497
32.552441,100,335.188735
1980.787201,100,335.797659
2858.54076,100,336.37819
1901.638206,100,336.942672
2384.887135,100,337.534411
-906.917949,100,338.116556
1910.40443,100,338.70513
2183.737446,100,339.275971
936.497742,100,339.859427
2189.514681,100,340.44007
2768.501884,100,341.013126
2258.581178,100,342.067255
644.801973,100,342.658831
2703.126427,100,343.254887
695.670639,100,343.852243
702.995552,100,344.439082
2201.085693,100,345.007302
-1011.784164,100,345.60329
1213.48909,100,346.016532
2840.908676,100,346.301796
1061.36507,100,370.654642
433.334137,100,371.241468
633.814642,100,371.807543
2416.138137,100,372.365123
1677.036762,100,372.92522
1631.614429,100,373.539729
3305.396023,100,374.265594
3417.110889,100,374.849206
-174.691883,100,375.437283
1803.96965,100,376.021152
34.015434,100,376.594513
1309.930508,100,377.160628
2371.140633,100,377.743195
-3055.939456,100,378.320222
2192.737022,100,378.921206
146.295191,100,379.484916
2302.66898,100,380.053803
147.559078,100,380.650082
3108.199108,100,381.066222
1627.964128,100,381.368237
2596.287846,100,404.263931
518.158867,100,405.413818
1348.060328,100,406.508864
630.677052,100,407.222125
1665.97537,100,408.02144
2396.94722,100,408.943085
1423.524197,100,409.425669
2145.237789,100,409.807303
293.342381,100,410.252908
-176.971279,100,410.987942
1968.689293,100,411.596434
1680.429869,100,412.198424
1236.464176,100,412.79475
2265.79977,100,413.393355
-166.880939,100,413.986355
1051.265427,100,414.562922
1986.426064,100,415.16122
1806.893194,100,415.639874
1301.936314,100,415.965942
3469.610191,100,416.264917
2084.876976,100,416.550876
2453.532093,100,438.258948
2270.48539,100,438.865433
1741.458782,100,439.45756
33.031967,100,440.040216
2411.034313,100,440.628295
3181.355053,100,441.224847
267.846272,100,441.821057
3600.59726,100,442.390259
-705.88286,100,442.958303
416.178616,100,443.542485
1581.769241,100,444.135906
491.610825,100,444.737216
1584.859158,100,445.297583
3906.334072,100,445.867667
1086.353539,100,446.723557
2705.784531,100,447.012529
1813.78266,100,447.611984
2048.536324,100,448.381784
224.124065,100,449.092608
758.87442,100,449.509516
2675.789364,100,471.977042
1283.615337,100,472.573514
3663.860214,100,473.156958
119.238638,100,473.726796
2652.370659,100,474.32362
2692.732136,100,474.89227
2523.906948,100,475.455861
2024.869801,100,476.028088
2386.078644,100,476.597562
2237.997314,100,477.176313
2013.238811,100,477.794149
598.908791,100,478.463479
2583.299992,100,479.058081
160.084232,100,479.673866
3030.672308,100,480.267163
3158.10981,100,480.855225
337.843254,100,481.456318
2767.357426,100,482.037248
1059.044441,100,482.646775
2983.962227,100,483.23507
2532.039055,100,483.818578
2437.738155,100,508.913728
521.597191,100,509.499544
2125.469612,100,510.088122
-729.13603,100,510.666046
2312.453156,100,511.235089
1523.273117,100,511.796108
671.433521,100,512.386213
1245.749889,100,512.973096
1747.784958,100,513.588545
489.658642,100,514.17648
-1896.799854,100,514.756866
317.52029,100,515.339264
1338.056185,100,515.927667
-958.920628,100,516.510054
68.272659,100,517.095661
883.481987,100,517.716715
-883.236385,100,518.320377
3873.372395,100,518.924126
9.692068,100,519.537722
2704.247883,100,520.155878
210.238152,100,549.146905
1945.968113,100,549.459653
2038.805122,100,549.791803
-82.295414,100,550.091617
2087.549423,100,550.374957
-457.887146,100,550.672235
1921.399551,100,550.963606
1493.439194,100,551.25139
-1009.052292,100,551.527477
3946.20644,100,551.815435
1854.542334,100,552.094745
1778.484879,100,552.367359
2134.781902,100,552.645825
3502.000172,100,552.926618
2406.898281,100,553.242821
1005.126572,100,553.561709
2184.568867,100,553.862011
1503.333229,100,554.153197
1706.254715,100,554.450561
755.158676,100,554.726849
394.692528,100,555.003321
2434.869446,100,582.190463
-2865.162773,100,582.77349
-285.536877,100,583.377887
3988.167545,100,583.939137
3403.933022,100,584.501172
1714.767487,100,585.084081
3025.160105,100,585.64391
2647.82478,100,586.244451
-572.372715,100,586.834852
1086.563995,100,587.128239
1181.026321,100,587.504196
3975.428524,100,587.88309
1917.702349,100,588.201177
1113.736589,100,588.463403
-668.698215,100,588.721364
1677.019487,100,588.985013
1012.299112,100,589.248458
1304.703796,100,589.505583
1287.462715,100,589.775675
1005.87801,100,590.062547
1182.043568,100,611.134382
1894.736931,100,611.747131
548.353912,100,612.339583
874.251186,100,612.924365
2679.370481,100,613.530647
526.614128,100,614.103633
803.03117,100,614.683861
1244.178852,100,615.248364
866.340443,100,615.811466
2625.262478,100,616.382534
1347.622087,100,617.443142
2955.435978,100,618.510211
1463.858631,100,620.033467
445.88319,100,621.451101
2558.041126,100,622.089878
1908.091869,100,623.012267
2759.069595,100,623.833274
1825.353758,100,624.485091
1340.375002,100,625.09997
2107.957945,100,625.68181
1682.628551,100,626.26221
2851.726118,100,650.648805
3026.682774,100,651.248265
2616.834774,100,651.870911
2235.187256,100,652.457482
1117.686388,100,653.043176
2786.266144,100,653.640499
1395.260283,100,654.228441
2067.927267,100,654.815109
1184.790035,100,655.404726
1253.3825,100,655.997755
2082.680386,100,656.582659
1230.527573,100,657.19939
1433.951214,100,657.884792
519.227345,100,658.500424
-444.169262,100,659.088764
1290.174191,100,659.821907
1327.396996,100,660.736037
2041.221592,100,661.676054
133.13875,100,662.510007
1982.574478,100,662.866609
1617.305506,100,686.575183
438.598207,100,686.869202
2896.85141,100,687.16368
616.709892,100,687.466752
659.468468,100,687.784179
1406.005806,100,688.130708
2617.063726,100,688.417341
344.142212,100,688.720459
1874.683159,100,688.99656
-933.03545,100,689.291617
1156.572136,100,689.570591
2147.594334,100,689.866565
-70.1506,100,690.157295
1666.19453,100,690.45497
1029.157593,100,690.764137
3030.437309,100,691.057256
-892.991886,100,691.34564
2259.019337,100,691.615047
851.357647,100,691.912499
2816.176023,100,692.489094
3072.383915,100,693.086429
884.514305,100,718.064611
1749.175241,100,718.659427
2245.339165,100,719.244522
2640.148994,100,719.827848
2871.233974,100,720.399727
1048.498779,100,720.973996
2091.936256,100,721.530761
1169.725853,100,722.131973
1649.921013,100,722.698808
-891.786762,100,723.283521
3158.481377,100,723.852368
1946.314953,100,724.415089
1548.59293,100,724.990151
1646.527267,100,725.56443
-170.913857,100,726.151524
1277.331829,100,726.730626
964.140024,100,727.390887
2243.257578,100,728.005261
1618.465744,100,728.592875
3602.953587,100,729.169988
-186.228815,100,755.990757
274.871197,100,757.002819
2472.677881,100,758.372498
2500.041996,100,759.076032
2205.263252,100,759.737301
3205.412872,100,760.416946
2253.985363,100,761.249509
2697.184978,100,761.993781
1170.31418,100,762.825444
1269.495182,100,763.469745
-101.084772,100,764.227498
356.704226,100,765.467781
-1062.356361,100,766.451297
2014.338081,100,767.108014
1448.611656,100,767.923658
2159.835745,100,768.998281
685.671021,100,769.801943
2406.509319,100,770.700027
2009.920876,100,771.770108
907.388893,100,772.792224
349.634039,100,774.194112
1173.581627,100,802.423794
2312.064869,100,803.009791
2534.768345,100,803.594189
2053.329544,100,804.175934
3616.084068,100,804.751345
608.046207,100,805.319493
2047.547684,100,805.884799
376.716276,100,806.466949
1668.640892,100,807.111768
-1006.913345,100,808.231488
1889.732334,100,808.847712
1147.752442,100,809.424625
1266.62737,100,810.049193
3719.055199,100,810.666082
1904.148945,100,811.288755
2421.302814,100,811.885392
2333.779968,100,812.487764
2151.388283,100,813.139638
1960.732193,100,813.739503
2730.201397,100,814.337573
840.889984,100,841.474977
2621.938,100,842.146404
605.457039,100,842.977466
3114.881355,100,843.631774
1206.708637,100,844.273992
3026.462809,100,845.032196
3010.339102,100,845.921255
2185.22512,100,847.28366
3493.090858,100,847.963563
1819.056889,100,848.417295
2110.560017,100,848.711545
2520.836536,100,848.99334
995.58633,100,849.27482
2060.926918,100,849.542105
925.793137,100,849.809412
-508.593754,100,850.234741
1347.888062,100,850.827267
1775.322273,100,851.416477
3783.8151,100,852.021423
-435.470352,100,852.596635
3435.477676,100,853.163092
1681.078842,100,878.381553
-1065.746346,100,879.064836
68.398085,100,879.692076
2994.652344,100,880.362095
38.684555,100,880.998878
2817.449024,100,881.580815
1685.720825,100,882.178038
2459.774609,100,882.786594
260.478771,100,883.411207
1086.700974,100,884.038901
2153.84269,100,884.756021
2079.363297,100,885.386415
1122.855825,100,885.973918
3676.644283,100,886.56775
2358.56966,100,887.184892
2622.929035,100,887.801499
1834.201654,100,888.442096
1251.29558,100,889.036051
-46.918324,100,889.639076
1700.988369,100,890.23095
1364.359133,100,914.50425
1836.438271,100,915.152307
2461.088673,100,916.790647
2561.830448,100,919.529404
3926.513527,100,920.623478
3127.185863,100,922.055317
1608.148346,100,923.513909
648.784061,100,924.379596
3373.251846,100,925.154516
2068.309515,100,975.039733
2360.937328,100,975.644753
2158.41761,100,976.274733
634.485569,100,976.85291
1778.455505,100,977.411463
2091.693127,100,977.757195
3888.125084,100,978.152382
2619.230618,100,978.533063
1373.360368,100,978.885961
2306.09444,100,979.199766
1134.245003,100,979.525744
546.963959,100,979.876118
876.169151,100,1003.528111
805.649849,100,1004.235259
1891.674999,100,1005.604106
2142.440567,100,1006.328425
2457.372684,100,1006.948025
1234.372135,100,1007.761844
3177.228035,100,1008.502501
1098.520401,100,1009.071319
-368.705025,100,1009.643216
66.334003,100,1010.219862
2705.798981,100,1010.895211
2367.026554,100,1011.57439
3481.160156,100,1012.166579
1911.347145,100,1012.547736
1223.885105,100,1012.866071
2704.590816,100,1013.159844
1476.866119,100,1013.468822
1746.784496,100,1013.736772
2088.120855,100,1014.002437
1602.488594,100,1014.272026
514.010292,100,1035.711519
2746.372749,100,1036.097824
3882.012379,100,1036.415951
1909.117645,100,1036.719837
2892.483658,100,1037.034083
-420.417603,100,1037.393348
2511.275398,100,1037.831357
538.857275,100,1038.222471
1702.252794,100,1038.526313
1501.119068,100,1038.824873
3124.787736,100,1039.122955
1338.94553,100,1039.445026
1477.921698,100,1039.769242
2008.402454,100,1040.089939
-3415.427591,100,1040.398858
1625.354912,100,1040.701286
1403.456022,100,1041.029524
333.505989,100,1041.598334
2976.7295,100,1042.620894
2647.99198,100,1043.304152
3716.044064,100,1070.707482
1074.737597,100,1071.355768
1000.035089,100,1071.939143
2817.899845,100,1072.527602
-51.038891,100,1073.133011
3041.316574,100,1073.743474
1897.880871,100,1074.687844
210.744127,100,1075.639776
2644.599251,100,1076.26615
2299.917469,100,1077.174897
809.813715,100,1077.967669
3455.039303,100,1078.629993
1931.290426,100,1079.212587
1647.934563,100,1079.791603
1279.021524,100,1080.374634
1495.121216,100,1080.979027
859.089142,100,1081.576349
1834.726463,100,1082.261083
2364.152874,100,1082.878181
2233.045586,100,1083.173408
850.458694,100,1083.457598
723.628338,100,1110.198767
4298.016956,100,1110.798894
1473.880997,100,1111.391676
811.871983,100,1111.994042
2088.653961,100,1112.625104
2500.601608,100,1113.281743
2167.731701,100,1113.873304
1125.076616,100,1114.450944
2064.694851,100,1115.07695
847.696388,100,1115.770019
-234.742298,100,1116.376347
581.828074,100,1116.862226
49.227745,100,1117.597203
350.458599,100,1118.315873
-952.140675,100,1118.931979
575.511112,100,1119.532492
-703.810745,100,1120.209531
1393.489616,100,1120.827336
3184.657,100,1121.416305
2155.386181,100,1121.987606
2357.570568,100,1152.236501
1431.292376,100,1152.753083
2050.050005,100,1153.358159
1042.067974,100,1154.081939
3375.711731,100,1154.706667
845.339195,100,1155.707981
3125.672796,100,1157.113363
2986.607967,100,1157.650595
2920.05302,100,1158.784143
2537.183434,100,1159.444195
-332.669594,100,1159.80242
-239.801346,100,1160.153723
2739.160655,100,1160.469504
1347.405415,100,1160.835874
2454.273172,100,1161.19296
626.251198,100,1161.51011
-372.781459,100,1161.824517
2328.950981,100,1162.460754
427.791271,100,1163.100795
734.826122,100,1163.738487
3271.525257,100,1164.353142
964.158092,100,1190.815463
1810.023983,100,1191.392304
-1813.54565,100,1191.976032
30.621216,100,1192.546294
1977.086662,100,1193.110898
1423.386116,100,1193.693341
306.691982,100,1194.262522
2277.32399,100,1194.837752
2913.088787,100,1195.411937
2599.250626,100,1195.980583
487.984528,100,1196.552837
3615.610924,100,1197.147726
1560.378002,100,1197.790266
260.793045,100,1198.42048
3333.448589,100,1199.017392
1319.941101,100,1199.623491
1665.321407,100,1200.221794
710.655548,100,1200.836581
1118.618628,100,1201.51723
2983.181225,100,1202.132009
1915.521385,100,1232.157742
3310.599285,100,1232.813267
1528.330833,100,1233.430808
2106.540928,100,1234.032863
-170.589977,100,1234.634029
3029.100096,100,1235.248875
2153.395515,100,1235.888044
3354.212738,100,1236.479502
-802.239983,100,1237.078091
3351.475567,100,1237.718972
1474.597385,100,1238.366762
-939.50741,100,1238.997565
2128.181053,100,1240.871578
1001.619911,100,1241.961328
1736.773638,100,1242.504659
2536.649627,100,1243.000119
-1853.282204,100,1243.456819
908.893556,100,1244.199479
-882.208565,100,1244.871083
2248.098232,100,1245.515742
3565.83297,100,1246.145565
1792.920614,100,1272.759889
3482.883659,100,1273.385857
311.79771,100,1274.01267
1088.341747,100,1274.693132
3053.404949,100,1275.32691
2229.669807,100,1275.96534
-425.442463,100,1276.594903
970.287315,100,1277.209059
3235.165752,100,1277.823743
859.773544,100,1278.454232
3088.871376,100,1278.88017
275.270042,100,1279.22616
1249.98378,100,1279.521998
2072.878075,100,1279.822854
1491.543102,100,1280.126332
2654.563927,100,1280.422323
-381.216812,100,1280.782132
1062.519478,100,1281.162058
910.655567,100,1281.5219
2313.472595,100,1281.855865
2062.922173,100,1308.109986
1019.902344,100,1309.160764
2891.432816,100,1309.882143
1366.377996,100,1310.256592
-1451.080025,100,1310.557253
1892.0791,100,1310.858934
-24.841551,100,1311.167288
1559.84916,100,1311.545315
2328.565603,100,1311.923887
1859.222334,100,1312.240677
1292.274727,100,1312.547621
2973.056702,100,1312.860097
-1887.293987,100,1313.194277
1261.523136,100,1313.488743
-137.028378,100,1313.811809
-11.71097,100,1314.25775
1557.090412,100,1314.719577
1465.867016,100,1315.057498
2190.583353,100,1315.344023
3612.852493,100,1315.686393
3031.498943,100,1315.96965
933.984226,100,1344.747898
2261.023983,100,1345.116032
1820.053062,100,1345.694962
3405.427334,100,1346.147012
2119.268845,100,1346.449382
1306.350353,100,1346.728497
2080.947147,100,1347.082853
3078.488022,100,1347.874517
2316.17622,100,1349.221629
3024.75547,100,1350.730238
1246.334362,100,1353.067898
1635.395195,100,1353.875792
1296.42654,100,1354.895026
2678.993134,100,1356.294193
1350.353756,100,1356.966143
1903.906296,100,1357.82588
1760.740891,100,1358.44976
1645.260712,100,1359.01753
2916.389568,100,1359.606931
2380.808516,100,1360.311026
-38.96257,100,1383.358469
1110.174917,100,1383.996778
1936.83466,100,1384.640935
887.014771,100,1385.240536
333.409016,100,1385.825074
3010.389502,100,1386.410772
859.097485,100,1386.989414
-1783.846728,100,1387.678609
242.974537,100,1388.316618
2513.946232,100,1388.908047
2767.087084,100,1389.551202
1069.976112,100,1390.146863
-1597.56778,100,1390.747943
1908.04291,100,1391.670723
2457.229771,100,1393.392224
2617.625622,100,1394.564324
1135.865768,100,1395.853578
1091.259106,100,1396.632823
-388.419537,100,1397.341371
887.095955,100,1398.065881
479.257355,100,1398.730827
424.946606,100,1422.232083
827.670387,100,1422.536655
2697.185631,100,1422.830797
1827.163963,100,1423.150476
1455.28672,100,1423.423997
1747.978064,100,1423.687352
1452.844172,100,1423.951645
1021.433994,100,1424.332483
1082.101254,100,1424.656168
868.163103,100,1424.977196
1845.235683,100,1425.317771
566.932602,100,1425.682784
2337.130104,100,1426.086947
2534.386644,100,1426.441643
3435.548462,100,1426.804342
1889.724829,100,1427.160329
178.791641,100,1427.760595
1703.990368,100,1428.272604
887.977589,100,1428.644928
595.601149,100,1429.009254
2355.674503,100,1463.678149
376.040047,100,1464.441517
3239.16127,100,1466.10007
3316.626045,100,1466.444354
1584.031393,100,1466.798289
2893.970793,100,1467.513162
1384.106602,100,1469.305852
1652.425072,100,1470.106016
1054.162,100,1471.50698
2963.670448,100,1473.237128
3358.135845,100,1473.69838
2799.508766,100,1474.103408
525.435328,100,1474.528457
1731.212749,100,1474.941154
2169.134583,100,1475.48846
1157.966486,100,1476.396636
1704.855774,100,1478.170958
3606.704464,100,1481.157991
2564.24577,100,1482.353812
666.707337,100,1483.38185
1581.223076,100,1484.978732
3060.777433,100,1516.719394
1550.388893,100,1517.576241
1025.323414,100,1518.42953
2606.905987,100,1519.088217
2742.411869,100,1519.794405
-1446.757179,100,1520.421155
436.644535,100,1521.808773
40.576996,100,1522.652521
1283.984686,100,1524.017875
2424.030563,100,1525.085016
-638.181042,100,1526.197701
2017.753801,100,1526.570149
1683.530964,100,1527.012442
417.934616,100,1527.893154
3054.802444,100,1528.261795
128.530865,100,1528.824299
555.385765,100,1529.437987
1413.026207,100,1530.041122
1872.922768,100,1530.640967
1608.781422,100,1531.373016
2134.708485,100,1562.09143
1959.270584,100,1562.705528
-1299.774714,100,1563.330907
843.77239,100,1564.222226
552.461617,100,1565.328634
3218.243341,100,1566.186839
1285.739954,100,1567.30714
2827.467014,100,1568.331263
1196.756939,100,1569.109611
1242.281918,100,1569.510049
3062.531845,100,1569.85142
1823.808765,100,1570.196239
3200.197957,100,1570.525727
2701.769104,100,1571.203018
1857.408535,100,1572.098061
1251.769699,100,1572.767182
2003.117241,100,1573.418373
822.860018,100,1574.082532
1313.623175,100,1574.783184
1161.546368,100,1575.132001
3504.915657,100,1575.544724
787.42083,100,1599.42613
715.688244,100,1599.975007
2242.740959,100,1600.683262
3318.082363,100,1601.687295
2257.303057,100,1602.227247
718.187235,100,1602.599061
2537.976604,100,1603.135777
1567.353178,100,1603.655008
1951.044559,100,1604.131029
1735.232735,100,1604.595823
651.036232,100,1604.995994
-159.859859,100,1606.154171
1352.601688,100,1609.152018
2897.7005,100,1609.718975
2450.475037,100,1610.350431
1356.809544,100,1611.948395
24.87199,100,1612.532113
541.129431,100,1613.016922
2685.776531,100,1613.562357
359.483471,100,1614.063165
3127.521822,100,1642.749304
1151.057976,100,1643.337296
1050.459175,100,1643.868521
524.758057,100,1644.477119
137.135742,100,1645.47994
2564.262924,100,1646.077826
222.29678,100,1646.682974
-461.975729,100,1647.266882
2515.885746,100,1647.867625
2323.729546,100,1648.705429
451.684013,100,1649.768148
987.602255,100,1651.288723
1586.842686,100,1652.486731
2425.787514,100,1652.965906
2634.247822,100,1654.351993
1330.496593,100,1654.814905
2230.636383,100,1655.303138
1471.853119,100,1655.711029
636.289589,100,1656.083644
939.161419,100,1656.507787
2204.775455,100,1656.919114
3059.591591,100,1682.234102
2166.309357,100,1682.827169
2299.790768,100,1683.234486
1076.232838,100,1683.52986
879.723572,100,1683.821859
280.730015,100,1684.10756
1361.198895,100,1684.39394
1669.989719,100,1684.701452
3468.976801,100,1684.994519
3468.132246,100,1685.285617
1632.527542,100,1685.591488
637.753674,100,1685.904222
466.309954,100,1686.214196
1509.020123,100,1686.498637
2576.015755,100,1686.985891
-517.108088,100,1687.283496
2323.90321,100,1687.64548
1600.414314,100,1687.994972
3189.197815,100,1688.312762
653.250332,100,1688.594055
822.230011,100,1715.03427
1601.509926,100,1715.640367
3387.112175,100,1716.240794
2611.804089,100,1716.822495
4294.938896,100,1717.398164
3341.4715,100,1718.005639
2692.53326,100,1718.633737
2206.499187,100,1719.251924
3212.20129,100,1719.979776
3370.812969,100,1720.649951
2434.207483,100,1721.291803
2458.02327,100,1721.905497
195.829517,100,1722.496633
1537.745255,100,1723.081655
2051.700302,100,1723.665623
2586.95166,100,1724.263889
2425.604465,100,1724.837397
1565.446327,100,1725.411502
1160.02401,100,1725.997526
1980.394886,100,1726.562615
1794.966103,100,1727.112517
-1157.371368,100,1759.253418
2933.711491,100,1760.700951
2110.606461,100,1764.464366
872.352966,100,1765.061398
2403.422456,100,1766.161772
3547.43586,100,1767.202652
3824.598562,100,1768.29983
1222.013004,100,1769.208387
3100.158272,100,1769.926347
2100.50034,100,1770.434175
631.750183,100,1770.98652
-1204.286095,100,1771.442789
1689.518211,100,1772.148188
-1970.340699,100,1773.114898
897.67025,100,1773.64601
1725.887127,100,1773.977151
1932.204426,100,1774.257258
-574.36536,100,1774.533756
3008.227161,100,1774.810564
2191.156685,100,1775.196322
3093.134441,100,1806.622104
2210.117947,100,1807.26508
819.228477,100,1808.04186
1983.12623,100,1808.693142
1711.662651,100,1809.906876
2475.975872,100,1810.735678
-1623.558903,100,1811.399091
2704.371975,100,1812.018647
386.248629,100,1812.664425
2125.394371,100,1813.725079
2190.516408,100,1814.356174
-211.903984,100,1814.935761
2296.910336,100,1815.516421
3004.337303,100,1816.09302
1070.837585,100,1816.673954
2088.687458,100,1817.316182
3290.43103,100,1818.123037
1425.839298,100,1818.407599
1301.424185,100,1818.729915
-259.195393,100,1819.017884
2875.881039,100,1819.597267
2122.316349,100,1858.943408
1864.960995,100,1859.383001
2467.426054,100,1859.841196
2910.437786,100,1860.270658
2723.326595,100,1860.665344
3235.946085,100,1861.252074
2073.43576,100,1861.893176
-569.35445,100,1862.557151
-150.07917,100,1863.176445
789.466225,100,1863.838301
-1313.620951,100,1864.520852
3347.074284,100,1865.296886
3097.235027,100,1867.534447
865.77573,100,1868.939659
1801.840244,100,1870.15251
392.022215,100,1870.624417
886.562195,100,1871.122326
-249.303478,100,1871.714742
2214.245289,100,1872.451435
210.492662,100,1872.996322
2613.703056,100,1902.682737
1323.232018,100,1903.304544
1569.063718,100,1903.950748
-275.202425,100,1905.132599
1497.997543,100,1905.947404
1935.112919,100,1907.005611
1689.600691,100,1907.784835
2839.455093,100,1908.758819
-123.76482,100,1909.493862
1254.538397,100,1910.106153
2548.272007,100,1910.732947
-545.864597,100,1911.36453
2909.837379,100,1912.403254
2578.396122,100,1913.109737
2412.96648,100,1913.834905
2856.791725,100,1914.550094
1787.048523,100,1915.387918
1842.282047,100,1917.554193
1591.894539,100,1918.520303
633.351299,100,1920.198384
1334.874058,100,1922.691961
2329.450779,100,1950.411083
1585.648613,100,1951.061023
2466.063976,100,1951.775613
1526.772373,100,1952.12992
3037.239342,100,1952.440127
2274.930793,100,1952.743574
-125.597097,100,1953.03176
2243.676479,100,1953.318252
3221.478184,100,1953.598978
1276.096104,100,1953.879223
1932.598289,100,1954.162611
2128.318096,100,1954.44941
3152.426643,100,1954.998804
-546.011944,100,1955.569356
1520.785069,100,1956.218758
1677.271377,100,1956.829913
2915.017056,100,1957.422144
68.868336,100,2014.005941
2001.626011,100,2014.614348
2595.025082,100,2015.194451
2986.918449,100,2036.393433
2107.061199,100,2037.011517
1967.016205,100,2037.634061
625.391478,100,2038.256408
1383.470152,100,2038.839451
1109.01049,100,2039.415536
-102.243263,100,2039.988817
296.048645,100,2040.574494
2818.348249,100,2040.880773
2855.76395,100,2041.192149
1734.141045,100,2041.482937
2732.483473,100,2041.774322
1744.381989,100,2042.060284
1787.920055,100,2042.398363
2088.642124,100,2042.716014
3765.024212,100,2043.020889
1591.033468,100,2043.332676
-2512.074085,100,2043.64163
435.147495,100,2043.962023
-334.865887,100,2044.25658
-74.180828,100,2044.538789
1201.903549,100,2069.80595
1695.151608,100,2070.394052
1640.184383,100,2070.945185
-1836.808189,100,2071.534757
1842.349068,100,2072.109447
-766.823061,100,2072.835235
1540.066727,100,2073.470549
3527.5205,100,2074.295766
2656.795509,100,2075.123989
895.767315,100,2075.901887
-1381.053204,100,2076.538536
1807.787663,100,2077.187918
945.205439,100,2077.848988
2314.155132,100,2078.78357
1363.630032,100,2079.408087
2327.631237,100,2080.022857
1247.283138,100,2080.66867
3833.76619,100,2081.575387
974.163837,100,2082.237196
1765.56316,100,2082.96509
656.264214,100,2111.82986
3353.238468,100,2112.385446
1278.932289,100,2112.711105
2496.912445,100,2112.991146
1170.972507,100,2113.493398
1853.00735,100,2114.054129
3226.941792,100,2114.645177
-595.033897,100,2115.268898
1140.272827,100,2115.852836
3935.042656,100,2116.47867
1454.512581,100,2117.179025
2689.094814,100,2117.848782
698.639431,100,2118.461008
-1923.338215,100,2119.083966
2110.033628,100,2119.767133
1579.169186,100,2120.387202
1349.191548,100,2120.979544
1735.62232,100,2121.600551
859.982906,100,2122.189259
1356.234016,100,2122.797786
1884.943993,100,2149.560025
490.452709,100,2150.249984
670.324112,100,2150.863974
2856.838722,100,2151.444955
2776.55949,100,2152.010218
2721.508137,100,2152.586735
2411.220299,100,2153.173741
2349.417698,100,2153.77028
1560.730686,100,2154.35236
2846.568085,100,2154.932985
485.973129,100,2155.524444
1314.558985,100,2156.105171
-358.322777,100,2156.690049
1708.362329,100,2157.443418
2080.540685,100,2158.419509
1474.513481,100,2158.746975
1672.839825,100,2159.05941
1865.421751,100,2159.331592
3178.559162,100,2159.62237
2763.341362,100,2159.893342
2221.139957,100,2160.16667
1626.826839,100,2185.739019
2195.597134,100,2186.416437
3364.070721,100,2187.062927
1221.876635,100,2187.698501
594.997944,100,2188.206656
1925.162399,100,2188.4865
2766.110348,100,2188.745049
2604.028997,100,2189.039013
3832.072403,100,2189.638798
3386.45499,100,2190.265326
732.321774,100,2190.875459
651.144424,100,2191.46961
636.09457,100,2192.046155
3879.621037,100,2192.616235
3338.263569,100,2193.186613
1851.920116,100,2193.745191
2148.141903,100,2194.314622
2497.325581,100,2194.90982
2805.713234,100,2195.50165
1585.04311,100,2196.079612
-410.27338,100,2220.947976
1793.032578,100,2221.359117
4079.131601,100,2222.800133
3147.175304,100,2224.299245
2336.025627,100,2224.901089
4082.188023,100,2225.691924
1472.619488,100,2226.341738
1025.792692,100,2226.927238
632.534389,100,2227.699318
2389.372284,100,2228.340034
3101.79393,100,2228.964258
2829.490196,100,2229.530214
2662.474121,100,2230.082604
2393.328922,100,2230.641939
3371.480858,100,2231.189429
1706.267288,100,2231.751679
1862.147705,100,2232.355456
1851.495689,100,2232.939369
-240.536037,100,2233.513988
2816.711441,100,2234.064543
1437.079834,100,2234.629529
1557.490749,100,2267.791613
2790.218868,100,2268.805437
819.754807,100,2269.507563
2563.59934,100,2270.133388
1076.320137,100,2270.798248
2345.090916,100,2271.397262
224.212242,100,2271.982353
1501.631905,100,2272.562087
2372.740471,100,2273.141516
1906.52219,100,2273.769422
2848.413528,100,2274.401855
1926.168217,100,2275.030029
2265.327061,100,2275.644602
2450.417366,100,2276.226722
2073.68856,100,2276.839
2560.887094,100,2277.428274
2161.635937,100,2278.066898
2009.737423,100,2278.657311
2942.986229,100,2279.237951
1656.490616,100,2279.823577
1502.116171,100,2303.045507
1728.017719,100,2303.66632
-640.416336,100,2304.246088
1816.929796,100,2305.009812
-2584.810715,100,2305.804875
380.481533,100,2306.322744
2280.416325,100,2307.981058
1983.888716,100,2309.393317
2532.092869,100,2310.179107
-847.961403,100,2311.031342
2523.338421,100,2312.151728
3446.241882,100,2312.799249
2049.14607,100,2313.366948
365.432629,100,2314.134921
2993.341717,100,2314.787107
2341.46677,100,2315.543188
2667.558903,100,2316.668652
1156.841171,100,2317.181575
3118.987202,100,2317.588407
3236.671761,100,2318.015933
3960.360493,100,2318.380357
1723.525368,100,2340.915957
2604.210579,100,2341.485472
1667.867863,100,2342.058467
1504.597115,100,2342.625719
-183.586174,100,2343.186031
2397.074703,100,2343.742112
3533.439831,100,2344.316795
294.904875,100,2344.884362
3042.401176,100,2345.452166
73.602489,100,2346.018434
1830.150749,100,2346.576944
3316.779579,100,2347.355889
1735.465031,100,2348.433424
3637.075211,100,2349.137919
4171.136992,100,2350.193379
2655.552616,100,2350.494022
2198.943592,100,2350.776294
1913.572311,100,2351.298514
3241.722763,100,2351.816745
3060.691221,100,2352.178086
-270.965397,100,2375.165351
3442.758232,100,2375.75755
2290.588711,100,2376.349733
2079.486397,100,2376.914109
1538.982548,100,2377.492655
966.805012,100,2378.073653
-254.02351,100,2378.655628
3118.228043,100,2379.245048
2854.645775,100,2379.822799
3097.672413,100,2380.413534
2227.678642,100,2380.993481
1419.852707,100,2381.58874
1796.324554,100,2382.165572
1490.179264,100,2382.751068
1717.670174,100,2383.340162
2140.365849,100,2383.922146
1693.870436,100,2384.532562
353.734291,100,2385.141097
2549.843601,100,2385.780501
1934.491987,100,2386.375149
278.473263,100,2386.957042
1159.923494,100,2413.9741
1892.469845,100,2414.549555
1175.717827,100,2415.112486
841.843857,100,2415.713492
1271.088078,100,2416.288151
2490.716297,100,2416.876053
888.507858,100,2417.458744
2106.447754,100,2418.052474
419.201807,100,2418.611777
1768.921188,100,2418.911832
1827.342644,100,2419.222387
1538.968025,100,2419.541248
2710.507282,100,2419.861264
1802.195396,100,2420.13771
930.120644,100,2420.401402
-225.112617,100,2420.667405
1615.435043,100,2420.954329
1923.306477,100,2421.22144
2998.220898,100,2421.480909
2453.701019,100,2421.752992
1096.831593,100,2445.639197
1920.965183,100,2446.239587
1191.544504,100,2446.844672
3033.474472,100,2448.263639
-113.4238,100,2448.832905
1268.95031,100,2449.401428
1552.138882,100,2449.96915
1729.849194,100,2450.520814
-1551.740231,100,2451.096469
1233.244278,100,2451.661134
1380.18116,100,2452.21677
3215.187607,100,2452.763622
582.341888,100,2453.336477
1660.887987,100,2453.884765
1657.895683,100,2454.435745
2641.378056,100,2454.985287
1930.387436,100,2455.538025
2811.595633,100,2456.104634
1884.858604,100,2456.656515
1811.974331,100,2457.211209
2189.762096,100,2457.787381
2084.66584,100,2482.442383
3576.961689,100,2483.020753
1992.70549,100,2483.647741
2165.543182,100,2484.252165
213.771626,100,2484.815031
3628.765125,100,2485.3684
2329.701851,100,2485.96159
3422.055439,100,2486.566577
1790.702156,100,2487.144651
1369.624836,100,2487.721011
1900.740135,100,2488.297755
1102.241037,100,2488.87003
1700.367069,100,2489.433618
1193.187733,100,2489.998234
2435.54653,100,2490.554126
1537.930759,100,2491.111354
4264.878956,100,2491.696631
2512.501175,100,2492.261027
1540.014542,100,2492.81899
751.356823,100,2493.377737
2396.640644,100,2514.674499
2612.780128,100,2515.266435
1141.298626,100,2515.841597
1308.728458,100,2516.411092
473.243212,100,2517.445841
3587.125645,100,2518.270461
1484.892403,100,2519.242292
4167.81274,100,2520.01467
1202.81492,100,2520.646543
1758.078031,100,2521.317452
2955.755905,100,2521.950142
2462.65806,100,2522.547783
1828.335342,100,2523.125379
-1592.127003,100,2523.695666
3896.95944,100,2524.266026
390.60219,100,2524.836376
1911.047346,100,2525.429771
4165.224255,100,2525.999133
2184.790268,100,2526.567339
4384.771786,100,2527.144455
3575.077694,100,2527.801531
2937.620293,100,2549.272502
1643.694561,100,2549.834495
2400.982597,100,2550.393738
-196.437515,100,2550.965763
3284.092796,100,2551.534823
2526.079613,100,2552.115654
883.502464,100,2552.691802
2860.892284,100,2553.16907
1566.705536,100,2553.436475
1716.92474,100,2553.707757
-726.658669,100,2553.976413
1055.189201,100,2554.249785
1116.753471,100,2554.521517
775.118474,100,2554.805925
1058.19318,100,2555.092344
1492.719963,100,2555.367348
3103.886959,100,2555.661436
898.061775,100,2555.958291
1569.009836,100,2556.270898
-1622.667618,100,2556.543903
2166.692207,100,2580.542949
4231.731846,100,2581.126806
797.653984,100,2581.690776
1226.96435,100,2582.282441
3418.474689,100,2582.865099
2666.84346,100,2583.43677
1336.707027,100,2584.010337
-146.976942,100,2584.57057
1845.764681,100,2585.135546
3020.667295,100,2585.713812
1673.632036,100,2586.281669
1766.946415,100,2586.839335
1385.91139,100,2587.415959
977.82074,100,2588.003046
2436.564114,100,2588.58172
1480.00565,100,2589.142375
2621.222218,100,2589.709494
-468.233501,100,2590.287166
3038.817064,100,2590.847611
1025.111462,100,2591.414563
228.198666,100,2591.977584
3187.51034,100,2616.761286
599.452106,100,2617.342583
-412.891129,100,2617.951792
1374.755424,100,2618.561484
2422.923317,100,2619.152048
2490.979702,100,2619.730189
-499.767851,100,2620.305048
3204.883743,100,2620.868013
3415.518265,100,2621.441934
2649.415913,100,2622.026082
1747.37812,100,2622.609823
1547.560585,100,2623.232148
3874.425592,100,2623.80168
1452.299023,100,2624.380414
2302.554544,100,2624.946669
2581.245968,100,2625.547511
1855.113218,100,2626.145851
2709.699055,100,2626.727559
1619.204692,100,2627.323194
2044.130058,100,2627.914667
-935.068279,100,2651.087399
3233.357075,100,2651.670711
2739.141487,100,2652.250201
1128.2593,100,2652.819016
891.618172,100,2653.418678
760.719341,100,2653.980115
3223.854324,100,2654.591473
3570.696274,100,2655.194364
1877.400934,100,2655.782329
888.112303,100,2656.361788
1374.23851,100,2656.924998
308.465813,100,2657.495403
1826.466606,100,2658.088238
2687.693579,100,2658.676175
2465.454182,100,2659.241553
1084.256607,100,2659.803671
1909.366138,100,2660.371516
2566.18441,100,2660.933793
1676.884731,100,2661.501783
1901.465897,100,2662.06159
769.793881,100,2662.6316
910.04845,100,2684.733623
357.824062,100,2685.303328
2701.180317,100,2686.245302
3817.827774,100,2686.583779
1032.978459,100,2687.672921
1261.105054,100,2689.216854
2403.183941,100,2689.912102
587.396526,100,2690.625275
3324.441767,100,2691.263791
195.931828,100,2692.318063
2670.69548,100,2692.902353
1405.66363,100,2693.492662
-158.968353,100,2694.052436
492.342049,100,2694.612296
2652.343517,100,2695.162747
2896.354225,100,2695.73025
2924.969505,100,2696.335161
3855.578308,100,2696.960856
2783.419102,100,2697.576579
3003.36514,100,2698.243734
850.91098,100,2720.27141
3161.853785,100,2720.892159
2462.536186,100,2721.508595
739.420847,100,2722.099544
1533.727348,100,2722.678131
1873.982273,100,2723.299528
554.873684,100,2723.903791
-910.751308,100,2724.522148
2400.140972,100,2725.102187
921.149529,100,2725.675156
2361.003813,100,2726.290937
2959.591253,100,2726.976771
3141.470631,100,2728.731291
2841.666756,100,2730.210187
2659.457853,100,2730.566155
2734.558355,100,2730.861109
1488.674006,100,2731.189375
2249.885735,100,2731.603781
-601.467834,100,2731.960471
618.809515,100,2732.3204
1953.469627,100,2732.662948
2713.065468,100,2755.05839
1198.636524,100,2755.627175
-77.947393,100,2756.2188
2220.422459,100,2756.783291
3355.838932,100,2757.349068
2589.15136,100,2757.935141
1017.969769,100,2758.512086
1367.005497,100,2759.079763
2851.33424,100,2759.638331
3507.102921,100,2760.201728
3684.485916,100,2760.905296
3320.031864,100,2761.526443
2202.772522,100,2762.09548
2573.42274,100,2762.661634
2136.652382,100,2763.245186
1924.810984,100,2763.828956
1860.72588,100,2764.405006
1669.199299,100,2764.978074
1734.502781,100,2765.547827
-1030.650246,100,2766.117412
1915.495125,100,2789.977979
594.386227,100,2790.563853
230.388191,100,2791.131056
44.67234,100,2791.70574
1993.449137,100,2792.271577
2338.559769,100,2792.835712
2287.195141,100,2793.425139
2413.848576,100,2794.076415
2757.101376,100,2794.670716
1435.687313,100,2795.246418
1387.849178,100,2795.857847
3332.500916,100,2796.490676
-604.79245,100,2797.075601
2784.986526,100,2797.650214
3434.585217,100,2798.239346
3273.845474,100,2798.808215
1464.212269,100,2799.377891
4.074802,100,2799.954797
3012.79303,100,2800.530653
46.702412,100,2801.102661
3373.290215,100,2801.666828
1968.873821,100,2825.846099
356.579243,100,2826.417619
2044.386818,100,2826.969177
2196.212662,100,2827.542477
3459.092167,100,2828.122489
2209.772278,100,2828.681422
2387.129189,100,2829.240047
1722.482407,100,2829.787454
1419.810768,100,2830.258046
2829.482662,100,2830.534122
1754.895134,100,2830.85348
1808.482611,100,2831.199542
749.569286,100,2831.477598
730.439205,100,2831.745841
2598.624364,100,2832.015585
3954.795265,100,2832.289189
938.597425,100,2832.561281
227.855892,100,2832.825631
652.943043,100,2833.106893
3679.284092,100,2833.380615
707.088009,100,2853.05517
4012.674402,100,2853.62204
3893.336124,100,2854.172268
2248.403328,100,2854.730656
2993.998798,100,2855.563584
2787.256901,100,2855.92614
2596.805222,100,2856.374071
1954.744667,100,2857.360984
1837.297699,100,2858.215335
1855.531511,100,2858.935141
2371.587551,100,2859.677762
2694.379452,100,2860.576229
-1131.627663,100,2861.190509
2242.376133,100,2861.749981
-28.855175,100,2862.3008
3444.290432,100,2862.853323
2117.563393,100,2863.41051
3017.896736,100,2863.962422
1288.268993,100,2864.518021
2578.333765,100,2865.357275
3868.438845,100,2866.050726
2084.789309,100,2885.199894
2223.370232,100,2885.501935
1475.3972,100,2885.788808
1769.303668,100,2886.089867
-75.205056,100,2886.388755
2363.298061,100,2931.765817
2670.287909,100,2932.030335
2778.945031,100,2932.291169
635.500877,100,2932.551149
2489.967558,100,2932.850188
1195.528713,100,2933.195081
889.750431,100,2933.481339
2928.368446,100,2933.749416
2298.335724,100,2934.018326
428.142769,100,2934.297103
2776.392502,100,2934.562147
2156.477148,100,2934.82273
1903.371368,100,2935.095262
2883.23291,100,2935.356883
2782.460354,100,2935.645584
2816.153719,100,2959.607107
1262.711119,100,2960.195611
2326.867058,100,2960.750026
3617.516098,100,2961.32854
2276.812004,100,2961.884926
2604.085419,100,2962.4421
2637.146664,100,2962.996445
44.895443,100,2963.555465
1710.832351,100,2964.107628
2815.360804,100,2964.69133
3462.189243,100,2965.253341
1546.84264,100,2965.813524
954.663857,100,2966.414357
2156.412796,100,2966.972977
3575.876377,100,2967.546512
570.030205,100,2968.133639
-61.503693,100,2968.699292
3198.008713,100,2969.257912
2128.723301,100,2969.812486
2340.358093,100,2970.368845
2318.010475,100,2970.918064
2101.044205,100,2994.84114
3714.00329,100,2995.39975
1718.705383,100,2995.971599
3683.877979,100,2996.549472
1212.184757,100,2997.1044
2622.849182,100,2997.69381
3020.251053,100,2998.292091
1584.252006,100,2998.866129
2987.754253,100,2999.440256
695.52354,100,3000.028887
883.11747,100,3000.634058
349.999534,100,3001.268987
1556.690392,100,3001.609477
1236.688881,100,3001.927302
2290.977268,100,3002.241246
-1581.214029,100,3002.560242
2027.747086,100,3002.872557
595.364735,100,3003.195163
2161.741562,100,3003.515879
3782.903904,100,3003.830895
3343.656067,100,3028.928105
2577.50634,100,3029.242796
2666.83025,100,3029.567266
1622.162565,100,3029.862676
2275.572208,100,3030.152893
856.532717,100,3030.437292
1587.93923,100,3030.715617
2991.491154,100,3030.982776
692.378464,100,3031.257594
2247.824617,100,3031.517533
1524.240101,100,3031.783646
1144.804274,100,3032.054121
2719.456099,100,3032.330625
2414.576946,100,3032.589714
1058.517715,100,3032.847676
1861.041317,100,3033.123765
-1676.187042,100,3033.380272
588.093124,100,3033.650913
2036.344921,100,3033.964237
1371.083179,100,3034.27757
493.236357,100,3055.143718
2663.531441,100,3055.739322
2549.567432,100,3056.328771
2178.087715,100,3056.926533
3369.260815,100,3057.514647
2627.67975,100,3058.107715
513.531555,100,3058.686619
2104.441589,100,3059.250997
2668.489571,100,3059.818577
3403.304482,100,3060.387925
2339.655163,100,3060.972185
-1523.77866,100,3061.544135
3146.504522,100,3062.115475
4270.586487,100,3062.68427
4511.244366,100,3063.251617
1368.772263,100,3063.814272
3273.958263,100,3064.383293
1539.358322,100,3064.952416
1450.212906,100,3066.053146
2363.739227,100,3066.708643
2018.870819,100,3068.338875
2236.051096,100,3091.255226
3092.673576,100,3091.886755
1419.212639,100,3092.479836
2603.579571,100,3093.048369
2413.491764,100,3093.604971
-66.249496,100,3094.165462
1461.550411,100,3094.72254
4387.03899,100,3095.288335
1389.776157,100,3095.857451
2441.730812,100,3096.433857
2814.798416,100,3097.026551
3879.070091,100,3097.615555
1791.834953,100,3098.203375
1710.37225,100,3098.776738
3696.718758,100,3099.341996
1887.393173,100,3099.909969
1281.34226,100,3100.504174
3772.596495,100,3101.0846
1796.199427,100,3101.649056
2018.678177,100,3102.211859
174.017811,100,3124.602733
2151.581074,100,3124.963644
1884.831928,100,3125.249847
-426.508436,100,3125.527892
2660.970634,100,3125.816232
346.414764,100,3126.103203
3519.363045,100,3126.397166
1427.830875,100,3126.668461
2594.778793,100,3126.939461
2519.957809,100,3127.213512
2571.568172,100,3127.499824
2348.80393,100,3127.793372
2704.503685,100,3128.090951
2200.935753,100,3128.359994
3043.307915,100,3128.62882
2406.765415,100,3128.898517
1718.165573,100,3129.184753
3905.038139,100,3129.447351
3493.865837,100,3129.721567
1856.340504,100,3129.984493
309.305492,100,3130.255108
3701.77689,100,3148.452778
3845.655119,100,3148.747025
1993.853329,100,3149.019255
1246.379158,100,3149.284245
2047.228073,100,3149.545517
1930.039101,100,3149.816513
2670.950764,100,3150.080422
2240.454235,100,3150.340779
70.160765,100,3150.614447
2774.966389,100,3150.877816
3344.599194,100,3151.149923
2839.227867,100,3151.41048
3074.227386,100,3151.681264
1297.108753,100,3151.942996
2942.963537,100,3152.209538
2864.467171,100,3152.472641
1829.829975,100,3152.744199
1827.132271,100,3153.012144
2651.128641,100,3153.514447
2095.778458,100,3154.503622
2255.901123,100,3176.231919
1583.149025,100,3176.829907
2924.264727,100,3177.409007
986.881924,100,3178.00355
1810.78133,100,3178.591459
653.336124,100,3179.15584
2890.239613,100,3179.730227
1918.682806,100,3180.297091
2334.805576,100,3180.865496
2324.635918,100,3181.432774
4439.898304,100,3182.014039
1665.483616,100,3182.605173
3026.81048,100,3183.186781
1853.310535,100,3183.771718
2707.200039,100,3184.355026
1057.950329,100,3184.920798
2295.888218,100,3185.495835
1619.115154,100,3186.068203
1752.143204,100,3186.645628
1433.771078,100,3187.232119
1903.410984,100,3187.818554
3083.45945,100,3210.188222
3520.558559,100,3210.764755
79.220966,100,3211.338796
2280.859165,100,3211.904668
2030.683632,100,3212.4805
462.104885,100,3213.062977
4255.508347,100,3213.65226
2493.19659,100,3214.224222
873.268616,100,3214.821861
2804.612444,100,3215.506451
2202.629925,100,3216.109413
2520.260899,100,3216.692248
1249.266647,100,3217.259633
2620.192104,100,3217.845335
3113.379823,100,3218.431108
1818.53651,100,3219.054412
3619.386013,100,3219.63919
3394.528584,100,3220.205366
1862.071117,100,3220.768371
1949.752211,100,3221.33745
1532.707767,100,3242.961782
1850.038174,100,3243.553391
2113.512039,100,3244.108896
2274.286625,100,3244.6591
3068.650747,100,3245.216667
1431.170261,100,3245.958737
2062.353433,100,3246.567028
1897.617067,100,3248.454653
1559.776236,100,3249.323432
3081.608395,100,3250.191311
2136.287132,100,3250.805311
1661.763725,100,3251.465576
2415.032681,100,3252.063857
3979.230492,100,3252.659536
3390.760231,100,3253.254876
3033.621481,100,3253.842678
2309.181858,100,3254.433443
3257.241306,100,3255.020482
1815.952866,100,3255.621739
3411.742638,100,3256.21277
1187.351408,100,3256.80857
3772.731052,100,3278.305567
2175.852428,100,3278.888307
3261.018253,100,3279.490975
-710.664135,100,3280.061054
1421.510826,100,3280.634755
885.623898,100,3281.205153
2668.087426,100,3281.770118
861.931126,100,3282.335489
3032.201422,100,3282.892964
1256.461975,100,3283.465107
1707.48687,100,3284.034503
2134.604801,100,3284.6056
2250.095058,100,3285.177381
1246.880859,100,3285.757261
2462.951548,100,3286.339792
1298.501793,100,3286.922195
2054.808647,100,3287.503525
446.512768,100,3288.097948
6.627541,100,3288.705817
2756.350014,100,3289.291671
2723.280754,100,3313.232975
1317.842896,100,3313.827737
-550.362068,100,3314.396579
3575.250549,100,3314.928075
-74.812237,100,3315.477711
1628.421387,100,3316.042409
2515.193649,100,3316.637465
3858.290508,100,3317.341023
2599.765079,100,3317.924558
3254.895767,100,3318.500862
2756.89183,100,3319.078302
1945.482716,100,3319.680204
63.993575,100,3320.253071
2825.301117,100,3320.818878
1567.780025,100,3321.423374
1826.289963,100,3322.006314
2449.111364,100,3322.569098
1773.049576,100,3323.131101
2208.45845,100,3323.698049
2295.700996,100,3324.251579
3511.643486,100,3324.811095
2220.65884,100,3345.934892
1690.865738,100,3346.545357
1144.394272,100,3347.128793
401.115246,100,3348.390377
3154.70488,100,3349.423932
1007.337566,100,3350.29827
2816.612045,100,3351.148734
2208.163116,100,3351.754937
3658.949184,100,3352.423938
1369.827429,100,3353.060733
523.004133,100,3353.637615
1149.580254,100,3354.207007
351.830097,100,3354.78692
2167.123232,100,3355.345739
1564.911137,100,3355.901129
2602.156849,100,3356.459136
1520.901075,100,3357.019867
2911.622494,100,3357.620228
3891.323736,100,3358.20868
1931.051273,100,3358.766829
3328.932314,100,3379.740871
1866.478931,100,3380.460739
1443.983431,100,3381.045563
4534.118023,100,3381.620059
2832.777008,100,3382.185776
4150.917034,100,3382.750108
1438.493244,100,3383.31752
1172.717653,100,3383.88365
3441.588011,100,3384.450548
1475.245743,100,3385.011667
1029.231739,100,3385.585068
2479.600758,100,3386.149069
2298.35585,100,3386.720617
1710.781509,100,3387.290654
1180.759167,100,3387.881212
902.173374,100,3388.459479
2826.459057,100,3389.015924
4669.863576,100,3389.584196
2723.023426,100,3390.151736
-407.932431,100,3390.720632
2222.943308,100,3391.28219
-495.485394,100,3417.603984
2231.004555,100,3418.292794
926.454075,100,3418.904449
3019.936138,100,3419.470522
3302.411743,100,3420.032086
2735.142262,100,3420.587189
1726.633282,100,3421.145937
3380.29978,100,3421.69648
3059.022095,100,3422.255353
1262.096256,100,3422.805659
3634.363201,100,3423.356246
4251.159325,100,3423.920249
3028.083557,100,3424.471481
2732.549556,100,3425.025333
2875.160439,100,3425.576452
1296.248077,100,3426.130005
2792.004776,100,3426.703654
2456.704857,100,3427.340548
1255.448639,100,3428.047137
1992.618637,100,3428.634513
3815.636562,100,3452.01583
2692.97514,100,3452.768178
2871.056656,100,3453.446333
1924.811312,100,3454.026874
2644.173119,100,3454.608056
2259.068249,100,3455.17708
1132.352455,100,3455.739828
3624.476894,100,3456.305455
-874.412647,100,3456.888766
3375.645744,100,3457.458862
3326.984818,100,3458.051028
538.768726,100,3458.643335
2911.879078,100,3459.22645
2514.395077,100,3459.797163
1612.260113,100,3460.371333
2717.369217,100,3460.944922
2946.104212,100,3461.513166
2671.902288,100,3462.077531
2116.460888,100,3462.639111
1912.907604,100,3463.202938
2154.218895,100,3463.765773
1959.649342,100,3485.547769
1807.648598,100,3486.121239
2337.98736,100,3486.683424
3349.317226,100,3487.27713
2994.727753,100,3487.854865
4253.822079,100,3488.482783
1560.513277,100,3489.05105
770.481556,100,3489.619085
2528.914167,100,3490.17827
4014.142704,100,3490.738733
2366.930782,100,3491.311489
1931.075741,100,3491.881168
2336.284561,100,3492.446479
1928.692245,100,3493.010457
288.710434,100,3493.57347
2288.244179,100,3494.145634
-510.565762,100,3494.753959
2585.378731,100,3495.344277
2727.562656,100,3495.913453
2840.939632,100,3496.479483
2803.935776,100,3520.790973
2457.988857,100,3521.37876
17.052261,100,3521.955909
2206.32872,100,3522.522718
1045.636219,100,3523.079398
2938.233665,100,3523.644638
2319.669811,100,3524.200307
324.728119,100,3524.75543
2105.166466,100,3525.311381
2764.252667,100,3525.870016
844.428072,100,3526.448828
1073.220963,100,3527.02927
1325.756926,100,3527.625339
2222.608747,100,3528.21362
488.66523,100,3528.782235
3785.051079,100,3529.360265
2456.399418,100,3529.930882
432.214081,100,3530.502529
3468.167376,100,3531.091645
238.08102,100,3531.688709
2329.822414,100,3532.264497
793.220791,100,3555.054229
64.921179,100,3555.627077
-90.356628,100,3556.185495
3274.257603,100,3556.737606
899.024323,100,3557.312254
1518.352815,100,3557.899063
2121.002029,100,3558.474369
278.19408,100,3559.031044
4694.78532,100,3559.625091
2578.821903,100,3560.261158
1659.696781,100,3560.836534
2471.115448,100,3561.39753
1342.583073,100,3561.963534
2451.348724,100,3562.533248
1360.04707,100,3563.09335
-237.507545,100,3563.651572
3021.238203,100,3564.228053
3002.9909,100,3564.791052
3359.536205,100,3565.354194
2566.876705,100,3565.916857
932.7428,100,3585.267162
1266.522085,100,3585.850528
1824.675674,100,3586.422339
578.685959,100,3587.017611
3221.172054,100,3587.612201
-539.808281,100,3588.196926
1484.452579,100,3588.769294
2198.067024,100,3589.330629
932.409603,100,3589.899219
1331.353043,100,3590.859845
2899.261555,100,3591.861408
3686.773534,100,3592.401597
2606.566212,100,3593.111782
2333.176304,100,3593.631238
767.995188,100,3594.494578
1633.440353,100,3595.140804
-1152.24448,100,3595.790572
854.678314,100,3596.676179
2913.492126,100,3597.282027
3343.405766,100,3597.907224
-458.143864,100,3598.491408
3181.080006,100,3629.459635
1643.284176,100,3630.061854
2422.94965,100,3630.646715
321.351704,100,3631.212807
6.637027,100,3631.779177
1286.67296,100,3632.340632
2108.810978,100,3632.913149
2141.141193,100,3633.487377
3199.554321,100,3634.025747
2406.212084,100,3634.312538
2768.063267,100,3634.58836
673.884186,100,3635.602667
-877.403198,100,3636.492593
2535.017635,100,3637.257072
2808.949701,100,3638.046973
2794.192505,100,3638.408148
1824.317019,100,3638.891629
2664.4048,100,3639.412452
2172.517681,100,3639.816442
2268.025259,100,3640.131051
1731.131763,100,3659.957339
2507.913235,100,3660.546278
1272.002827,100,3661.107103
2969.776802,100,3661.675999
911.636248,100,3662.23602
1368.768593,100,3662.796235
2020.601629,100,3663.357677
-234.939199,100,3663.924208
2630.873729,100,3664.482299
2403.248516,100,3665.048355
378.514088,100,3665.607137
2082.933884,100,3666.159638
1725.54266,100,3666.71831
1341.97142,100,3667.327349
3304.330206,100,3667.904812
2217.146126,100,3668.478218
1871.828194,100,3669.036142
1422.224628,100,3669.592219
2598.004299,100,3670.155496
2369.918074,100,3670.714092
3943.381466,100,3671.270808
75.075756,100,3694.31867
-317.717766,100,3694.885287
1727.30529,100,3695.448557
2625.057255,100,3696.024127
2784.878601,100,3696.597565
451.71661,100,3697.161848
-482.28878,100,3697.736088
-1897.782507,100,3698.314238
2228.957258,100,3698.89843
-510.757877,100,3699.513526
-666.685043,100,3700.099467
2813.622162,100,3700.661032
2638.684906,100,3701.240536
-551.484303,100,3701.805221
399.437042,100,3702.362726
819.465744,100,3702.918352
2047.808695,100,3703.492349
1898.913937,100,3704.051654
3069.048965,100,3704.620862
1644.559151,100,3705.17658
-177.744511,100,3725.988192
2920.669453,100,3726.575066
2231.599945,100,3727.143477
-1306.56139,100,3727.726733
1915.235399,100,3728.312136
-503.602844,100,3728.888355
3872.251484,100,3729.458785
57.877113,100,3730.641654
1832.225777,100,3731.373226
1893.278753,100,3732.493373
1129.594212,100,3733.222332
3168.181488,100,3733.974035
2741.716793,100,3734.633777
1490.959297,100,3735.306418
-791.506958,100,3774.320854
3493.263092,100,3774.577775
749.169657,100,3774.830595
-789.309357,100,3775.084876
1992.682301,100,3775.342783
330.495874,100,3775.597206
1652.171064,100,3775.853955
2966.79285,100,3797.619885
847.739407,100,3797.921236
416.560654,100,3798.211344
2086.491257,100,3798.498564
686.670544,100,3798.761338
3569.299294,100,3799.017251
1319.87384,100,3799.281998
2126.963589,100,3799.53381
1438.69739,100,3799.798393
2001.493685,100,3800.046932
2953.24979,100,3800.302813
1963.941196,100,3800.557086
857.845928,100,3800.810022
784.644043,100,3801.066195
2808.6084,100,3801.326741
1905.623997,100,3801.581274
439.88718,100,3801.931562
1818.934769,100,3802.385731
2291.500504,100,3802.831197
1662.908867,100,3803.277637
2258.316143,100,3823.135018
1881.425629,100,3823.710294
2111.157066,100,3824.293137
1831.090008,100,3824.856233
2615.402218,100,3825.415676
1283.581589,100,3825.980147
141.716417,100,3826.542396
339.773659,100,3827.133253
352.309162,100,3827.738601
443.30139,100,3828.318538
1733.801933,100,3828.877982
827.513451,100,3829.451907
616.154514,100,3830.029116
2577.269581,100,3830.596594
1599.390182,100,3831.161984
1889.614429,100,3831.721988
2011.123222,100,3832.281086
3408.534565,100,3832.847971
1358.349195,100,3833.423453
-2183.625977,100,3833.98078
2637.623867,100,3834.605324
872.852852,100,3862.409105
1763.614994,100,3863.100982
3099.476025,100,3863.664384
1335.28587,100,3864.237203
906.342255,100,3864.832162
-1378.83577,100,3865.410669
-3121.760071,100,3865.985277
1304.744251,100,3866.568128
1265.795002,100,3867.142059
1919.102406,100,3867.746098
2381.675732,100,3868.341643
-832.862343,100,3868.89719
1223.396273,100,3869.453573
1399.718487,100,3870.004109
1338.959354,100,3870.563216
-392.845114,100,3871.119591
1255.177715,100,3871.676399
599.301922,100,3872.230317
133.881275,100,3872.782458
1050.774948,100,3873.344052
-861.838932,100,3899.102173
-1167.071468,100,3899.668466
1281.476957,100,3900.226371
3061.337254,100,3900.78342
575.494385,100,3901.366955
-1103.291725,100,3901.935675
2778.582574,100,3902.52385
1349.834122,100,3903.090539
1560.937328,100,3903.669496
928.267815,100,3904.238268
761.48835,100,3904.808918
79.572653,100,3905.381674
3760.940842,100,3906.082892
-1365.726612,100,3906.673203
-183.350441,100,3907.26652
2070.052792,100,3907.621826
1176.515003,100,3907.941922
1525.757618,100,3908.232256
1670.634098,100,3908.508939
-735.033215,100,3908.798552
2817.096672,100,3932.301468
2074.110363,100,3932.898749
317.63419,100,3933.477476
1806.684677,100,3934.039122
502.694548,100,3934.630757
751.428684,100,3935.215062
1662.835865,100,3935.78246
2345.213482,100,3936.368648
1324.152128,100,3936.936992
765.417969,100,3937.527739
2855.514797,100,3938.122638
1784.486135,100,3938.698026
1754.716419,100,3939.280934
2236.799145,100,3939.88179
3240.827618,100,3940.503151
2055.538277,100,3940.926923
948.642639,100,3942.240517
1628.650591,100,3943.030674
2768.570412,100,3944.126735
3999.246223,100,3944.697282
639.215481,100,3945.330901
1957.471043,100,3967.122508
-262.201656,100,3967.710825
2559.541588,100,3968.286992
1223.546654,100,3968.873905
2514.474987,100,3969.445237
1872.48489,100,3970.00156
1893.873383,100,3970.557756
2693.671726,100,3971.117084
-708.879644,100,3971.669196
443.386093,100,3972.221273
-1187.766552,100,3972.777146
2078.823517,100,3973.33091
107.205536,100,3973.87796
3255.732555,100,3974.431317
1334.556057,100,3975.011421
1324.979256,100,3975.602329
2637.078388,100,3976.159559
1487.179447,100,3976.763766
-540.763559,100,3977.324448
83.573235,100,3977.903886
1443.361786,100,4001.432929
-144.650387,100,4002.023939
281.875412,100,4002.582021
1348.102446,100,4003.136636
2142.78899,100,4003.685214
1003.8806,100,4004.242537
2637.379501,100,4004.798333
2559.656914,100,4005.623119
2118.505871,100,4006.214508
-1216.392227,100,4006.768019
139.907452,100,4007.326189
1937.913185,100,4007.910722
1209.634026,100,4008.473358
1272.301423,100,4009.016966
2878.669468,100,4009.562015
1621.516582,100,4010.118373
2006.405972,100,4010.707576
1549.5669,100,4011.274793
2240.152397,100,4011.836343
897.356651,100,4012.411635
1972.693642,100,4012.973175
1226.328454,100,4034.696465
96.693674,100,4035.281674
2035.08308,100,4035.868817
3456.921383,100,4036.445136
-386.668573,100,4037.002392
380.201397,100,4037.611486
562.243465,100,4038.229214
1756.788071,100,4038.804
3345.639893,100,4039.402201
564.405557,100,4040.003304
2593.951504,100,4040.58721
1329.530613,100,4041.162258
837.900772,100,4041.73253
3375.998283,100,4042.295225
1875.783882,100,4042.860124
643.536617,100,4043.428039
825.158691,100,4043.987027
-214.333805,100,4044.548231
83.178577,100,4045.130804
1136.552776,100,4045.754672
2862.440845,100,4071.275326
3364.503933,100,4071.8734
239.900322,100,4072.452544
1071.180286,100,4073.06107
681.753632,100,4073.656204
2078.079929,100,4074.22965
3333.246311,100,4074.814059
2426.18393,100,4075.411226
-61.036194,100,4075.999018
3145.868141,100,4076.576228
2947.14422,100,4077.177265
226.834656,100,4077.757313
2820.257614,100,4078.361554
1875.700684,100,4078.936748
3077.280239,100,4079.492036
1498.366211,100,4080.041026
1749.959431,100,4080.599065
1257.813251,100,4081.156364
1633.997631,100,4081.712041
1078.85548,100,4082.275259
-1153.68375,100,4082.826589
-1678.402328,100,4105.799652
-380.13166,100,4106.482173
626.148827,100,4107.038128
-33.332615,100,4108.174957
2124.932631,100,4108.661514
2013.935432,100,4109.453838
1434.226255,100,4110.318885
1672.811256,100,4110.975631
2556.015934,100,4111.880025
495.771442,100,4112.4655
2334.646187,100,4113.103648
1098.662006,100,4113.693735
1597.790089,100,4114.264063
2175.723223,100,4114.832528
366.670551,100,4115.397148
3237.037994,100,4115.799312
1064.049686,100,4116.067587
1030.259724,100,4116.343333
-628.037273,100,4116.647323
235.938702,100,4116.971165
671.124126,100,4139.756554
1934.251951,100,4140.34512
-1139.869097,100,4140.9125
1537.389732,100,4141.499336
1778.376112,100,4142.064528
2644.57494,100,4142.631555
989.78529,100,4143.203959
1756.345684,100,4143.769082
766.999252,100,4144.346569
3323.956753,100,4144.908375
1347.029774,100,4145.487825
1497.811989,100,4146.066333
471.694733,100,4146.650173
704.74469,100,4147.25339
1461.808147,100,4148.155072
1756.669216,100,4148.950809
3859.432327,100,4150.385292
1259.220688,100,4151.171221
1203.619762,100,4151.884994
1946.853781,100,4152.624924
1511.843224,100,4153.37259
2561.680099,100,4176.706637
1553.514845,100,4177.286805
3348.110947,100,4177.88255
2708.279716,100,4178.45652
2221.355713,100,4179.026579
976.484129,100,4179.612324
1028.852314,100,4180.189771
-134.605194,100,4180.749146
2164.803349,100,4181.328804
-136.588223,100,4181.917154
2455.208647,100,4182.50414
1953.483292,100,4183.079679
-470.830551,100,4183.646314
1309.786278,100,4184.201135
1902.657326,100,4184.753541
2922.921265,100,4185.302252
1356.168309,100,4185.869504
2251.703007,100,4186.463511
1164.010229,100,4187.023792
2352.411644,100,4187.601315
2183.805305,100,4212.411404
413.54372,100,4213.006463
3602.937332,100,4213.590575
1871.011486,100,4214.176133
1928.155136,100,4214.737357
2750.831987,100,4215.37151
-3270.948242,100,4216.418934
-391.581165,100,4217.032809
224.985268,100,4217.610136
3387.050907,100,4218.282746
2107.970684,100,4218.862899
2843.333889,100,4219.461337
1629.265728,100,4220.052655
1891.526024,100,4220.651294
-594.556152,100,4221.268528
2919.679958,100,4221.853745
1984.404484,100,4222.435974
683.01454,100,4223.013415
1555.545082,100,4223.581204
1509.48793,100,4224.14391
3206.172714,100,4224.722517
626.33527,100,4251.660715
-1286.985775,100,4253.28938
1534.493855,100,4253.753304
1933.270897,100,4254.42865
2729.098991,100,4254.807282
931.915596,100,4255.659257
1322.393093,100,4256.31264
1488.521646,100,4256.760411
580.05859,100,4257.088977
2543.80238,100,4257.809038
-838.119694,100,4258.875007
2818.011177,100,4259.51116
2297.726589,100,4260.100259
643.586226,100,4260.692997
2718.554108,100,4261.302867
238.272341,100,4261.887085
2422.903103,100,4262.515957
3253.42038,100,4263.133798
1567.208088,100,4263.746306
1354.044947,100,4264.355658
2918.209366,100,4290.955163
1926.169418,100,4291.596192
877.897408,100,4292.228592
2312.515427,100,4292.844184
3026.619324,100,4293.454226
2334.19706,100,4294.063842
1913.098755,100,4294.703053
2914.000298,100,4295.313177
-558.746288,100,4295.938115
2475.345523,100,4296.689106
2538.227478,100,4297.503459
772.434448,100,4298.294545
2884.09201,100,4299.207916
1120.442322,100,4299.938259
2622.176861,100,4300.57384
3050.330227,100,4301.20255
801.547489,100,4301.827272
2745.173826,100,4302.451627
255.684132,100,4303.201322
3885.079361,100,4303.934204
2390.833817,100,4304.24509
2718.03775,100,4330.394597
2104.112381,100,4330.963949
1660.424412,100,4331.52734
3621.458584,100,4332.101319
1604.359528,100,4332.663199
3334.275658,100,4333.227526
2452.839417,100,4333.793003
2325.948666,100,4334.36276
660.970341,100,4334.924776
3073.702908,100,4335.489099
1030.075277,100,4336.047578
2654.299725,100,4336.617145
-873.396225,100,4337.200118
1847.484932,100,4337.781107
2069.620743,100,4338.37998
-2116.378769,100,4338.944216
2605.727715,100,4339.512999
2297.782631,100,4340.09411
3101.402802,100,4340.67338
1512.420048,100,4341.246897
2130.785812,100,4365.885737
2985.984894,100,4366.853369
2103.451868,100,4367.264873
2654.898022,100,4367.558084
2576.217834,100,4367.842278
941.756229,100,4368.154486
3553.367794,100,4368.426457
2955.186829,100,4368.689548
2089.386612,100,4368.959286
2700.880604,100,4369.272158
460.891785,100,4369.527719
3748.312771,100,4369.789964
-138.872387,100,4370.051881
2070.610149,100,4370.327244
4013.652454,100,4370.597798
2233.981033,100,4370.872057
-1029.019245,100,4371.136945
-1703.777222,100,4371.38984
2021.044102,100,4371.650334
2612.251266,100,4371.915174
2604.34967,100,4372.183409
1512.506168,100,4395.25218
1918.498032,100,4395.985723
2454.245817,100,4396.732525
760.407513,100,4397.446718
1856.420715,100,4398.234146
780.087166,100,4398.854459
2064.725777,100,4399.643009
43.530642,100,4400.340091
3585.415249,100,4401.099729
-64.631977,100,4401.836096
657.058361,100,4402.54835
-1831.985584,100,4403.255813
2876.119465,100,4403.952866
848.609554,100,4404.439798
932.13261,100,4404.876379
2265.090031,100,4405.328092
1829.61018,100,4405.77001
800.50349,100,4406.158799
1638.93824,100,4406.587229
1516.041767,100,4407.016176
1626.293923,100,4438.201274
3713.571438,100,4438.993938
1750.394018,100,4439.607013
1892.696541,100,4440.200391
2778.003292,100,4440.834913
1905.042194,100,4441.567233
506.043903,100,4442.426002
2211.684174,100,4443.040251
2800.710171,100,4443.655778
2724.529259,100,4444.397814
1330.586597,100,4445.047183
1886.340094,100,4445.648364
1759.977945,100,4446.242959
2909.428024,100,4446.99127
1796.561146,100,4447.811006
1182.826313,100,4448.6858
1184.361534,100,4449.553105
2679.634583,100,4450.43417
-605.366364,100,4451.375198
2829.470474,100,4452.511356
917.664852,100,4453.630145
1795.074043,100,4482.922027
2333.896801,100,4483.702005
2324.144112,100,4484.323927
450.064199,100,4484.941748
-1526.158848,100,4485.60122
2053.621426,100,4486.220014
2467.037685,100,4486.858661
97.363857,100,4487.475376
1948.962677,100,4488.319895
735.791214,100,4488.927027
976.67173,100,4489.503653
3671.138088,100,4490.090424
1371.038621,100,4490.660602
2443.859795,100,4491.228291
3183.191803,100,4491.800416
-345.56979,100,4492.375024
734.304171,100,4492.935801
2214.286659,100,4493.500662
2873.623241,100,4494.089751
1634.391229,100,4494.648104
-1.286919,100,4518.881907
1988.853752,100,4519.488557
2662.511103,100,4520.072738
-482.343092,100,4520.634076
2508.158173,100,4521.209298
2091.727135,100,4521.778189
1380.572054,100,4522.377118
1036.333347,100,4522.968676
2079.141724,100,4523.53771
1806.579872,100,4524.120443
-23.150391,100,4524.681669
2988.573261,100,4525.238827
1988.965378,100,4525.800304
2025.638405,100,4526.358607
1564.383583,100,4526.924057
724.400879,100,4527.503545
3284.777264,100,4528.093734
2251.646114,100,4528.670111
145.631737,100,4529.248664
772.331844,100,4529.82053
-1055.981583,100,4530.392417
2267.150055,100,4552.330085
1078.78223,100,4552.89979
1725.574989,100,4553.463656
29.941261,100,4554.029838
1718.247044,100,4554.607362
3519.962257,100,4555.176776
914.910404,100,4555.743403
1047.214516,100,4556.308561
2821.477802,100,4556.879964
-402.028633,100,4557.454217
2829.250553,100,4558.029483
1587.806965,100,4558.593799
2086.712624,100,4559.123421
1792.799725,100,4559.372382
1490.828224,100,4559.629401
2706.437323,100,4559.88736
1426.189667,100,4560.153756
1928.486534,100,4560.41853
3197.632275,100,4560.678997
1473.27467,100,4560.947889
2873.236446,100,4585.094591
124.308609,100,4585.685969
2220.584278,100,4586.241364
-1614.09277,100,4586.791888
2917.918894,100,4587.34217
2219.624996,100,4587.929988
2889.87615,100,4588.502038
1004.69273,100,4589.065123
791.35569,100,4589.642178
1569.864185,100,4590.204475
2335.610611,100,4590.76154
1966.380539,100,4591.321183
1540.200207,100,4591.892072
2305.689159,100,4592.455006
2542.798063,100,4593.02508
1849.809746,100,4593.591134
-477.8298,100,4594.160154
636.330299,100,4594.724202
3169.593769,100,4595.281614
1470.638138,100,4595.840012
2090.691128,100,4596.392919
-576.105484,100,4620.798329
3730.398228,100,4621.351813
1223.589493,100,4621.906498
1693.582706,100,4622.451993
1388.048508,100,4623.0184
3201.948971,100,4623.57268
146.795856,100,4624.125852
402.1563,100,4624.67174
315.61664,100,4625.21881
857.760464,100,4625.76684
2195.580658,100,4626.31472
2578.750954,100,4626.873917
1891.184744,100,4627.428305
1049.427746,100,4628.023354
1751.083466,100,4628.636561
1164.001329,100,4629.228743
2783.373878,100,4629.793514
3350.746662,100,4630.349902
1211.482132,100,4630.907581
2284.620266,100,4631.46073
1624.846716,100,4653.445822
637.993057,100,4654.028352
720.841156,100,4704.114508
-823.25618,100,4704.381364
3036.425163,100,4704.686547
3989.939861,100,4704.958921
-1692.133003,100,4705.233771
2354.980701,100,4705.498251
1246.635277,100,4705.77404
2555.341228,100,4706.043216
2904.150684,100,4706.312958
1757.906452,100,4706.588168
2483.080013,100,4706.858451
580.498646,100,4707.131155
2816.040977,100,4707.402082
189.683174,100,4707.68739
522.583548,100,4707.984366
-571.697357,100,4708.277477
-838.193958,100,4708.573834
2863.535172,100,4708.85491
2188.579491,100,4709.154819
3071.320812,100,4730.340582
-147.897305,100,4730.910175
-1516.945607,100,4731.476711
93.169106,100,4732.035649
-121.804543,100,4732.621436
1542.023258,100,4733.187534
2110.828083,100,4733.771
2593.121635,100,4734.203678
1963.583549,100,4734.472588
2449.794622,100,4734.974627
563.051395,100,4735.271395
1315.798628,100,4735.559639
373.482445,100,4736.119132
2584.186756,100,4737.14797
1477.785732,100,4737.945855
1878.00959,100,4738.561493
798.988121,100,4739.262497
3591.213863,100,4739.887277
3528.578421,100,4740.205989
777.133949,100,4740.46998
2060.100796,100,4763.546609
-1195.996401,100,4764.124248
1366.249374,100,4764.684379
2997.298485,100,4765.245953
649.110321,100,4765.804562
1749.273338,100,4766.374031
523.701786,100,4766.933309
600.598381,100,4767.505374
2055.987976,100,4768.083643
3082.96357,100,4768.674244
2420.447048,100,4769.27465
3351.871651,100,4769.901077
1629.796497,100,4770.465136
1850.983337,100,4771.023095
2017.480869,100,4771.581905
1447.234959,100,4772.155094
4142.589043,100,4772.714134
1823.491611,100,4773.289194
891.142735,100,4773.882755
1830.937077,100,4774.4472
1767.311523,100,4775.011512
1150.695137,100,4797.298595
103.268345,100,4797.881569
-560.514618,100,4798.450497
1752.59506,100,4799.009379
1688.776661,100,4799.588426
1250.845169,100,4800.14317
2170.998934,100,4800.705664
1214.306751,100,4801.290987
1671.326134,100,4802.259566
1245.770271,100,4803.177659
518.814907,100,4804.43559
1680.388607,100,4805.134516
2270.342922,100,4805.899749
2239.862221,100,4806.206564
1443.152878,100,4806.471168
3002.613483,100,4806.799832
-214.437332,100,4808.247438
3396.170082,100,4808.854305
4322.668205,100,4809.448955
4170.838768,100,4810.028339
2015.649177,100,4832.826876
1250.5481,100,4833.427458
3192.613869,100,4833.986607
2225.564827,100,4834.547677
3181.909714,100,4835.101822
-205.403383,100,4835.657759
1848.697933,100,4836.23135
2329.725975,100,4836.786576
410.352093,100,4837.3759
1157.738155,100,4837.950804
-529.767391,100,4838.550789
3559.652496,100,4839.107375
-506.083893,100,4839.674951
111.680111,100,4840.246113
3532.433273,100,4840.815222
688.169647,100,4841.388737
-272.388405,100,4841.94417
2881.472561,100,4842.50766
1611.474754,100,4843.059677
2899.587296,100,4843.668308
2760.048401,100,4870.054321
2047.265259,100,4870.655872
632.676453,100,4871.236197
1942.793274,100,4871.797628
-386.423525,100,4872.358716
1702.458359,100,4872.918182
249.869823,100,4873.348733
-495.989735,100,4873.630901
2585.049587,100,4873.899604
1037.964531,100,4874.179152
3330.122416,100,4874.459334
3406.03965,100,4874.730155
-372.458385,100,4874.996784
171.860107,100,4875.270067
-767.217709,100,4875.543523
-750.376591,100,4875.816331
2721.239466,100,4876.09261
3656.703342,100,4876.360847
1761.531876,100,4876.630415
-156.251354,100,4876.901094
2263.229046,100,4877.184308
737.935743,100,4898.790349
1941.992023,100,4899.352484
-305.921463,100,4899.902966
1639.878357,100,4900.463349
-1574.933855,100,4901.014627
-2486.532055,100,4901.569963
1516.711926,100,4902.116114
2747.074406,100,4902.660274
795.390736,100,4903.217277
-916.902237,100,4903.800534
2531.711494,100,4904.374904
2974.234823,100,4904.935578
553.867455,100,4905.497933
36.521715,100,4906.056613
951.651009,100,4906.625624
3557.215483,100,4907.198038
371.326603,100,4907.781653
1132.916935,100,4908.38808
3139.095467,100,4908.965945
3306.563431,100,4909.544667
3049.264971,100,4934.130942
463.511074,100,4934.707713
1556.259254,100,4935.256465
1476.794724,100,4935.806476
2887.499554,100,4936.358721
1274.791321,100,4936.901451
-521.310999,100,4937.457093
1348.462605,100,4938.026074
1391.900444,100,4938.581897
3181.303268,100,4939.143625
-2.859257,100,4939.691557
2278.581509,100,4940.24463
409.752048,100,4940.807487
3546.593632,100,4941.372778
1681.187271,100,4941.924051
2470.481243,100,4942.476419
1638.228321,100,4943.022362
802.916248,100,4943.575472
1406.820679,100,4944.135135
2653.084394,100,4944.690493
2388.136982,100,4945.236253
2066.203203,100,4968.20689
3187.759762,100,4968.792738
273.432098,100,4969.378142
592.273235,100,4969.974731
2436.252213,100,4970.564114
-618.407227,100,4971.124626
-394.519554,100,4971.69611
1454.385452,100,4972.265849
2029.57074,100,4972.821765
731.511883,100,4973.385619
877.805992,100,4973.940608
-1217.197807,100,4974.505115
827.923225,100,4975.065359
1371.091839,100,4975.625416
2286.394737,100,4976.188542
2623.046223,100,4976.750326
2744.615261,100,4977.314846
2039.575686,100,4977.895083
-801.847775,100,4978.466183
1231.613567,100,4979.026309
1319.424398,100,5000.302967
1680.257233,100,5001.140542
18.75209,100,5001.460949
1395.800961,100,5002.445313
-1426.079956,100,5002.979664
3024.439243,100,5003.811203
1066.343788,100,5004.550118
-105.365509,100,5005.187913
1796.308884,100,5005.841492
-124.793472,100,5006.423483
1354.531925,100,5006.980999
-181.501701,100,5007.578071
3023.80415,100,5008.162072
2196.209429,100,5008.727737
1782.412535,100,5009.292113
2455.095089,100,5009.849085
1864.986343,100,5010.405098
2036.213146,100,5010.98415
2164.882477,100,5011.59859
2432.26593,100,5012.204524
379.331703,100,5012.770654
456.607643,100,5034.946114
1609.373291,100,5035.52097
2718.641752,100,5036.079451
-124.797691,100,5036.644304
3083.664246,100,5037.242917
1000.985163,100,5037.903905
-149.062862,100,5038.536467
587.711945,100,5039.132977
403.540215,100,5039.696634
2343.272961,100,5040.264898
1738.314873,100,5040.830059
1963.235809,100,5041.401671
281.547089,100,5042.402595
414.15403,100,5042.698675
1491.033426,100,5043.663642
939.570923,100,5044.012767
1500.962292,100,5044.784536
1776.867929,100,5045.666431
1886.223263,100,5046.955559
2034.928171,100,5047.826578
953.035192,100,5070.463817
978.7421,100,5071.048601
631.673534,100,5071.618726
666.733475,100,5072.213413
1691.052299,100,5072.77599
1954.901276,100,5073.34477
2004.835789,100,5073.916551
3346.803024,100,5074.509113
1172.679939,100,5075.078461
2129.742493,100,5075.660193
1343.629574,100,5076.225146
1938.994347,100,5076.78445
3474.086601,100,5077.354722
1663.704121,100,5077.937229
2063.524982,100,5078.512211
760.431318,100,5079.082397
3107.35685,100,5079.643836
2564.604992,100,5080.221201
1801.154163,100,5080.783634
2089.698357,100,5081.34353
2512.072334,100,5081.913429
1793.151222,100,5107.715484
52.23674,100,5108.303815
2985.922949,100,5108.869387
1223.275124,100,5109.442276
1539.233936,100,5110.008207
2246.372066,100,5110.572502
2168.85778,100,5111.143484
1272.26952,100,5111.714278
834.901226,100,5112.281211
2128.915447,100,5112.846611
2018.030802,100,5113.407411
4286.351612,100,5113.969756
1427.289021,100,5114.300526
1536.186081,100,5114.552005
904.467991,100,5114.808826
1894.680576,100,5115.075707
2327.337151,100,5115.333972
1953.003918,100,5115.59835
-460.371096,100,5115.875385
2119.877766,100,5116.146193
1499.77552,100,5149.337781
-867.739958,100,5150.462873
595.90461,100,5151.330228
3557.37167,100,5152.189531
1891.050396,100,5153.046392
2851.619614,100,5153.886129
2019.997234,100,5154.813229
579.041214,100,5155.919459
-319.355125,100,5157.051983
1248.514484,100,5158.558117
675.622601,100,5159.462359
1195.855427,100,5160.079123
1786.738293,100,5160.753717
3161.406132,100,5162.250941
1044.211202,100,5162.778665
1356.318287,100,5164.247965
470.990723,100,5165.027609
2810.951929,100,5166.575375
1463.500629,100,5167.85121
730.335995,100,5169.478118
1663.737804,100,5170.020115
926.023602,100,5212.894078
-523.138241,100,5213.680365
1441.005081,100,5214.384965
86.559929,100,5215.043468
2436.371227,100,5215.688737
1279.000259,100,5216.340987
4480.654179,100,5217.069083
2573.30616,100,5217.54174
2561.881214,100,5218.939507
-3184.504767,100,5220.413136
-296.143173,100,5221.212771
761.837688,100,5221.557415
1505.495216,100,5222.016812
2077.350086,100,5222.411294
2972.445438,100,5223.469183
2002.544849,100,5223.768481
4071.241169,100,5224.046668
1095.332424,100,5224.430504
2226.932411,100,5224.769411
32.593098,100,5225.043383
542.326862,100,5251.80962
3504.940605,100,5252.407036
2667.321907,100,5253.005327
2383.004156,100,5253.61762
2483.504108,100,5254.197758
1946.335886,100,5254.786034
2244.903032,100,5255.369266
1730.874752,100,5255.958674
2056.272077,100,5256.538531
2049.260193,100,5257.108346
240.714966,100,5257.775637
219.931149,100,5258.398765
-389.281731,100,5259.004773
1969.983799,100,5259.588531
1344.605232,100,5260.163796
-330.997719,100,5260.744632
-715.086685,100,5261.76289
2850.660439,100,5262.163325
303.212711,100,5262.770091
1395.714016,100,5264.062728
655.422756,100,5264.41953
3545.842941,100,5289.772259
620.236744,100,5290.341742
1625.267788,100,5290.900812
631.479198,100,5291.464101
1612.433859,100,5292.040241
1845.181479,100,5292.619226
571.216873,100,5293.172186
-299.541633,100,5293.718079
1752.193073,100,5294.287048
1114.62211,100,5294.837194
2176.327255,100,5295.387507
-90.790588,100,5295.935357
2074.504208,100,5296.496642
2955.792929,100,5297.047749
1301.461687,100,5297.612145
1401.83383,100,5298.204526
2109.184132,100,5298.763889
769.672897,100,5299.339298
1339.079479,100,5299.930066
953.163217,100,5300.503115
326.984303,100,5325.809044
2284.28754,100,5326.614627
2283.930347,100,5327.212058
1466.621891,100,5327.798622
1889.475224,100,5328.376121
2942.094532,100,5328.936213
127.007053,100,5329.507217
1556.674736,100,5330.101652
2726.169571,100,5330.669842
1013.106682,100,5331.236758
-541.14769,100,5331.796133
259.013805,100,5332.357182
2297.631001,100,5332.915226
1339.05154,100,5333.538775
1828.619383,100,5334.127491
1927.755829,100,5334.690152
1558.419609,100,5335.253841
794.959486,100,5335.841446
-761.791542,100,5336.411134
1475.40724,100,5336.976506
2181.951111,100,5337.540069
716.548122,100,5362.153379
3871.018551,100,5362.713859
2207.427294,100,5363.260921
1564.771198,100,5363.815838
2577.675209,100,5364.368153
2041.749504,100,5364.949586
2732.585655,100,5365.498279
-1221.935799,100,5366.046476
241.482992,100,5366.591745
1916.552462,100,5367.150636
-1628.024517,100,5367.761347
1959.941141,100,5368.356961
-691.0858,100,5368.913575
3937.386166,100,5369.474423
1719.055986,100,5370.052499
845.49371,100,5370.609957
-481.001404,100,5371.163502
571.437483,100,5371.71749
2503.37149,100,5372.275632
3144.335236,100,5372.830127
1623.233841,100,5397.088219
1041.158207,100,5397.688909
2669.613991,100,5398.266374
-187.936546,100,5398.850674
571.631992,100,5399.419018
1760.873665,100,5400.015386
1813.899315,100,5400.614326
65.052574,100,5401.196361
-479.510655,100,5401.765404
2005.551582,100,5402.332044
-448.310547,100,5402.892164
1962.436069,100,5403.454645
416.946552,100,5404.041191
3222.502296,100,5404.60597
282.746098,100,5405.167906
1072.579674,100,5405.740949
266.01059,100,5406.3175
688.547823,100,5406.876964
1936.307434,100,5407.439589
1504.627308,100,5408.024845
939.888695,100,5408.594489
-558.974945,100,5437.661919
2522.78653,100,5438.447137
958.160454,100,5439.591489
957.135872,100,5440.45572
1036.576965,100,5440.851802
1337.940418,100,5441.368811
480.375042,100,5442.416762
1300.183094,100,5442.831505
2697.1768,100,5443.144887
1606.751289,100,5443.423908
2586.685978,100,5443.687374
-232.82988,100,5443.969053
1406.517111,100,5444.237222
2328.761131,100,5444.514185
1383.366734,100,5445.177583
2148.5117,100,5445.608827
242.18565,100,5446.250622
2242.729679,100,5446.840544
2531.120068,100,5447.447786
-74.546932,100,5448.048541
2538.210155,100,5474.820015
1369.207504,100,5476.071106
2949.107628,100,5477.72445
2393.007147,100,5478.193845
2710.67602,100,5478.530667
2959.373226,100,5478.859434
2615.489273,100,5479.299263
3032.596081,100,5479.833967
-453.517746,100,5480.47289
269.02832,100,5481.093785
1767.775848,100,5481.748866
1511.573051,100,5482.375133
2777.91518,100,5482.99874
2010.174593,100,5483.584081
1508.829319,100,5484.1715
2107.821442,100,5484.960381
2094.276287,100,5485.705157
1541.646805,100,5486.558541
1465.322186,100,5488.048546
1266.673391,100,5488.638793
2482.11668,100,5489.395589
560.991611,100,5512.584296
-1864.66856,100,5512.888447
149.392712,100,5513.304573
1910.387207,100,5513.63378
-1721.021124,100,5513.939065
997.022568,100,5514.238522
3904.97171,100,5514.537199
2826.20977,100,5514.824433
1420.580326,100,5515.117036
1101.569733,100,5515.435425
-566.754696,100,5515.741762
-318.237464,100,5516.044377
2510.73674,100,5516.411198
2109.488747,100,5516.702003
2586.540596,100,5516.987101
2123.764008,100,5517.711179
2165.092497,100,5518.359944
1291.462524,100,5519.781445
905.47171,100,5520.339659
-1068.013889,100,5520.709077
2056.774014,100,5545.763586
1211.784996,100,5546.416839
1415.659733,100,5547.139987
2582.866688,100,5547.907994
1299.781895,100,5548.700419
2130.81291,100,5549.353643
4294.506954,100,5549.845886
451.600697,100,5550.312444
3506.909634,100,5550.638601
3272.474827,100,5551.095288
656.858183,100,5551.849085
3742.64839,100,5552.496854
1016.254845,100,5553.138218
2617.212967,100,5553.741844
-412.432442,100,5554.324611
2040.458321,100,5554.922674
416.318325,100,5555.338793
1140.502113,100,5556.053788
1888.795979,100,5556.856903
2676.069614,100,5557.51137
879.676699,100,5558.187418
1194.782696,100,5582.741316
404.123947,100,5583.332167
1434.397968,100,5583.918764
3624.432735,100,5584.499532
424.254688,100,5585.061315
2476.567513,100,5585.633011
2068.337217,100,5586.206809
98.335777,100,5586.766633
2486.127213,100,5587.356494
1790.130939,100,5587.938578
2388.915417,100,5634.315709
3057.435132,100,5634.862085
2465.3909,100,5635.409998
346.293076,100,5635.961984
1994.160229,100,5636.512831
1173.346354,100,5637.05941
790.570271,100,5637.651633
2030.360687,100,5638.231764
1567.526932,100,5638.78172
660.16795,100,5639.342438
-281.869484,100,5663.733596
2992.829899,100,5664.310768
1985.206099,100,5664.873043
1549.825012,100,5665.438251
2839.02285,100,5665.997058
3502.899376,100,5666.559584
1938.207008,100,5667.12808
1531.15308,100,5667.710752
2275.72319,100,5668.295324
2996.951866,100,5668.880095
126.871883,100,5669.441797
26.916367,100,5670.015058
2046.882437,100,5670.575618
2125.765362,100,5671.138917
196.087841,100,5671.742175
3472.069294,100,5672.310524
265.403206,100,5672.898216
1916.6772,100,5673.194901
3338.651928,100,5673.476058
3869.407623,100,5673.758021
1488.759377,100,5674.037389
751.597237,100,5695.936422
1245.257206,100,5696.208944
3009.169243,100,5696.476078
1889.383034,100,5696.753193
2442.686581,100,5697.025436
3548.328415,100,5697.312028
751.894978,100,5697.659456
2319.706203,100,5697.945945
1663.685524,100,5698.2244
-2307.654982,100,5698.489667
-684.144615,100,5698.765606
3960.358437,100,5699.085777
3696.842697,100,5699.401058
1655.644781,100,5699.710777
982.747444,100,5700.029917
618.803659,100,5700.308989
247.266872,100,5700.582782
2990.770901,100,5700.871981
2208.795429,100,5701.200012
2045.964537,100,5701.459201
506.812164,100,5721.076945
2951.99852,100,5721.389076
928.494785,100,5721.687506
2851.716537,100,5721.98193
2207.825352,100,5722.261418
422.636345,100,5722.536952
2286.913036,100,5722.817504
1840.308456,100,5723.093419
1958.133175,100,5723.421617
718.507359,100,5723.690128
762.02006,100,5723.958329
-1826.493809,100,5724.235533
2954.571442,100,5724.516266
2472.075245,100,5724.790667
2187.432793,100,5725.074949
1761.088192,100,5725.347432
3654.365669,100,5725.63847
1477.318687,100,5725.909766
3904.760729,100,5726.183721
-111.16254,100,5726.453819
763.905693,100,5726.729662
1486.265301,100,5751.667991
2443.814323,100,5752.22262
3012.078041,100,5752.796052
1541.027367,100,5753.356081
1791.694832,100,5753.913272
474.376396,100,5754.527391
1704.574308,100,5755.13812
2342.165676,100,5755.731072
334.602703,100,5756.288055
2154.777706,100,5756.845658
265.482155,100,5757.410178
1986.580326,100,5758.004179
1296.150352,100,5758.58351
506.649948,100,5759.139148
-831.120972,100,5759.695552
2857.432348,100,5760.262091
1848.58054,100,5760.85148
1073.182247,100,5761.408123
2458.643353,100,5761.959785
953.852125,100,5762.538944
-143.167458,100,5787.172669
2629.092937,100,5787.764947
1065.735722,100,5788.340118
1837.091421,100,5788.902428
431.439754,100,5789.476813
1567.293339,100,5790.031242
3150.993851,100,5790.581457
198.566265,100,5791.129227
1051.908611,100,5791.683474
2929.274208,100,5792.230327
1807.993195,100,5792.793414
74.021805,100,5793.348353
1660.51516,100,5793.930884
673.294186,100,5794.490854
405.779408,100,5795.039985
527.74086,100,5795.598347
2367.061073,100,5796.146643
1928.124603,100,5796.710924
435.866543,100,5797.272191
1965.208282,100,5797.848606
2645.196993,100,5821.319521
1626.537333,100,5821.952767
2258.03521,100,5822.554244
127.821266,100,5823.400871
-72.594444,100,5823.706225
1282.631813,100,5823.97897
-1595.191175,100,5824.258814
763.023781,100,5824.520465
1238.443226,100,5824.787806
1681.883549,100,5825.055121
1687.021833,100,5825.318926
209.840736,100,5825.585804
-768.527756,100,5825.860785
2126.095985,100,5826.135743
318.060284,100,5826.40292
180.745052,100,5826.669969
2619.657158,100,5826.93249
2647.40934,100,5827.279778
2351.9291,100,5827.678971
1986.467581,100,5828.008846
2698.448452,100,5828.399981
607.155506,100,5848.184845
2935.099873,100,5848.446072
2289.007397,100,5848.704736
3062.060204,100,5848.961644
2005.248882,100,5849.25984
1561.241837,100,5849.514237
-942.223381,100,5849.787538
3344.838989,100,5850.080738
506.862965,100,5850.356771
1199.744984,100,5850.61583
639.217323,100,5850.878508
1679.631798,100,5851.166093
-75.758205,100,5851.422475
2762.121799,100,5851.690829
1091.689224,100,5851.948627
2023.845467,100,5852.227163
634.772358,100,5852.488319
296.147793,100,5852.750491
217.674259,100,5853.049577
2331.143276,100,5853.316333
2046.768448,100,5877.387507
1920.381577,100,5878.00772
1096.33638,100,5878.583432
2545.22901,100,5879.149552
799.22662,100,5879.717419
891.039753,100,5880.287641
-2090.605585,100,5880.844885
2020.49494,100,5881.404963
3651.158798,100,5881.951033
1661.004635,100,5882.508754
1124.320225,100,5883.055464
3014.288452,100,5883.621551
1942.550533,100,5884.17875
1605.806305,100,5884.729844
406.638609,100,5885.29074
437.470963,100,5885.842815
1326.698423,100,5886.404615
2244.285454,100,5886.95342
-735.840097,100,5887.521369
-200.909019,100,5888.095789
1091.492872,100,5888.662129
2373.804897,100,5913.423472
2270.17107,100,5913.953078
652.965443,100,5914.525578
-3639.562782,100,5915.070738
1906.226662,100,5915.620006
3136.830723,100,5916.171985
1679.906377,100,5916.721545
1414.762367,100,5917.276943
-2210.156538,100,5917.858093
1503.76379,100,5918.431737
-84.407272,100,5919.003757
997.338131,100,5919.572212
-165.626247,100,5920.138141
1455.561783,100,5920.697962
1819.967827,100,5921.262056
-465.235621,100,5921.835771
764.071648,100,5922.397922
3565.001545,100,5922.947384
787.139492,100,5923.500465
1680.772423,100,5924.08196
975.230026,100,5948.110876
23.086573,100,5949.056833
157.61628,100,5949.927197
2814.57144,100,5950.518507
2248.973625,100,5951.079937
-474.894276,100,5951.635643
-1376.001787,100,5952.20733
604.75708,100,5952.760446
1386.906002,100,5953.332745
1371.583286,100,5953.898527
-1300.441069,100,5954.505955
-1103.642845,100,5955.090152
1036.638332,100,5955.648942
2536.116699,100,5956.235003
2835.309513,100,5956.797403
3237.414484,100,5957.360437
-712.944935,100,5957.940984
2759.821541,100,5958.512064
963.994368,100,5959.065621
1584.21212,100,5959.629907
1141.03791,100,5960.195439
187.259525,100,5981.846898
3577.834459,100,5982.422666
2395.583042,100,5982.987907
2599.107998,100,5983.54993
2502.499718,100,5984.123767
-57.481348,100,5984.72521
209.337967,100,5985.610358
433.320942,100,5985.902081
2634.984028,100,5986.617468
919.872353,100,5987.874187
183.154808,100,5988.289984
-1517.108765,100,5989.083375
1590.254513,100,5989.75483
1929.719025,100,5990.403989
1533.273933,100,5990.996884
1149.844719,100,5991.572984
3676.128124,100,5992.149549
784.346552,100,5992.714037
2288.633327,100,5993.285409
2090.845081,100,5993.84633
1946.222233,100,6013.835383
2000.333557,100,6014.441771
2418.046436,100,6015.022441
686.260948,100,6015.590624
655.320732,100,6016.164554
2469.970448,100,6016.742002
3538.082388,100,6017.323977
-281.730732,100,6017.915604
1977.677708,100,6018.497863
276.848198,100,6019.07638
2445.250221,100,6019.706296
1985.944874,100,6020.31311
1691.011909,100,6020.890808
1407.996479,100,6021.507224
2682.43565,100,6022.080405
964.183228,100,6022.6446
3931.285805,100,6023.225296
2269.924992,100,6023.771404
1814.622364,100,6024.321158
2909.074917,100,6024.872092
2374.673792,100,6025.457047
1262.046417,100,6050.183592
2739.759308,100,6050.766037
487.598061,100,6051.337502
1785.847534,100,6051.900507
662.708065,100,6052.462973
929.50304,100,6053.064794
3158.665245,100,6053.633067
2583.131832,100,6054.197744
1686.477127,100,6054.757196
2189.937962,100,6055.326093
3153.196503,100,6055.873795
2854.78849,100,6056.441775
32.459652,100,6057.007077
3573.191929,100,6057.575603
1983.971272,100,6058.193267
2158.369717,100,6058.754466
2095.783131,100,6059.321086
1672.468569,100,6059.880295
1701.070583,100,6060.476117
1492.785851,100,6061.03628
2664.981052,100,6085.587759
961.048658,100,6086.17714
1541.822807,100,6086.742241
1736.549736,100,6087.321449
1669.11977,100,6087.905997
1303.227222,100,6088.484557
-1357.21349,100,6089.046713
1600.750031,100,6089.615144
2562.385185,100,6090.178065
877.968239,100,6090.754111
364.789818,100,6091.322778
1962.535507,100,6091.887334
599.592922,100,6092.46366
1887.464703,100,6093.044222
2357.264771,100,6093.632049
2111.806581,100,6094.210511
2125.324757,100,6094.784726
172.456974,100,6095.367786
3069.895992,100,6095.94371
509.137383,100,6096.523567
1001.139147,100,6097.106431
3444.323658,100,6123.006329
2967.279987,100,6123.596074
2170.529896,100,6124.212612
1502.572014,100,6124.798059
2521.15023,100,6125.37132
1869.119053,100,6125.944033
-760.610714,100,6126.264349
2254.162701,100,6126.518507
1761.846584,100,6126.774855
3186.522549,100,6127.026019
3354.486217,100,6127.35733
2026.133892,100,6127.650878
2826.32168,100,6128.006448
2035.809448,100,6128.282122
1956.632759,100,6128.543824
560.06921,100,6128.803568
2978.429333,100,6129.067775
1765.512707,100,6129.334118
574.327862,100,6129.598174
2243.015896,100,6129.858274
1079.833149,100,6149.981809
2569.576916,100,6150.581315
2521.342373,100,6151.164379
1917.511208,100,6151.721767
-93.528008,100,6152.288723
3340.633678,100,6152.840911
2946.231056,100,6153.405949
3618.833172,100,6153.957986
293.050529,100,6154.689502
1666.87435,100,6155.560068
992.749832,100,6156.57327
1891.069538,100,6157.371372
2830.527367,100,6157.78882
2428.187901,100,6158.478388
2605.101646,100,6158.901902
3028.68174,100,6159.274254
1781.363714,100,6159.610032
3689.317528,100,6159.946223
-2244.40514,100,6160.225658
1469.311131,100,6160.498578
1723.479153,100,6160.773254
3406.330379,100,6180.489807
1905.184267,100,6181.073127
1355.748016,100,6181.62696
2163.508684,100,6182.180235
2323.558323,100,6182.72612
2896.721302,100,6183.281381
1843.117199,100,6183.838055
2346.213188,100,6184.388961
884.712975,100,6184.936027
1223.062649,100,6185.479074
3548.472721,100,6186.053122
1962.137012,100,6186.604864
916.83157,100,6187.156088
2546.679298,100,6187.737958
3176.109161,100,6188.316134
1668.19989,100,6188.868536
2465.923229,100,6189.422609
1046.604486,100,6189.915068
1097.886535,100,6190.17315
-30.053135,100,6190.428529
3130.62075,100,6215.369825
664.401733,100,6215.955963
3015.740726,100,6216.535104
843.850487,100,6217.096093
1067.285427,100,6217.676048
108.461063,100,6218.267123
2538.331207,100,6218.850849
4598.182585,100,6219.464036
1419.575384,100,6220.04048
875.036911,100,6220.61419
582.799168,100,6221.196553
1700.46376,100,6221.77054
1129.914429,100,6222.35458
2375.623466,100,6222.919106
2423.077892,100,6223.488019
2397.524803,100,6224.064471
876.870817,100,6224.653551
2515.501148,100,6225.245481
1748.722176,100,6225.833676
3351.310539,100,6226.42244
2362.04578,100,6227.0043
1869.270998,100,6250.517303
3436.014477,100,6250.884258
2552.903278,100,6251.19656
828.219006,100,6251.527888
2970.871975,100,6251.804516
521.427261,100,6252.078732
1465.523136,100,6252.342401
800.711132,100,6252.622883
1727.298103,100,6252.887319
1850.586733,100,6253.154203
2031.620352,100,6253.413143
1856.820015,100,6253.677442
1857.642666,100,6253.940838
1747.269972,100,6254.21328
1778.919674,100,6254.471722
1881.353546,100,6254.745038
2783.671017,100,6255.028657
1029.673168,100,6255.293333
2744.570271,100,6255.555893
2562.740326,100,6255.82702
3214.287012,100,6276.922266
458.563252,100,6277.514416
-622.832359,100,6278.101627
2228.836128,100,6278.680184
3257.857094,100,6279.243729
2429.905373,100,6279.806715
1534.683983,100,6280.373983
3034.395815,100,6280.943231
2104.458479,100,6281.720716
2628.477114,100,6282.289256
1625.84288,100,6282.59803
1591.969772,100,6283.431351
1406.392937,100,6284.203868
2043.011925,100,6284.954162
2802.828669,100,6285.589756
2002.117901,100,6286.300378
1625.868332,100,6286.943397
3683.440796,100,6287.542517
2502.58688,100,6288.139134
1394.084187,100,6288.717119
1984.874802,100,6289.284051
1311.615856,100,6311.978112
1502.064934,100,6312.556889
1516.441132,100,6313.124163
584.913719,100,6313.687136
435.945885,100,6314.265848
2368.13871,100,6314.857676
3273.606514,100,6315.426875
-535.051102,100,6315.733924
1426.355764,100,6315.992573
1952.016953,100,6316.262482
1963.263279,100,6316.527896
1660.761927,100,6316.831812
1460.293766,100,6317.101757
1710.845028,100,6317.416652
2492.839523,100,6317.743274
1359.999001,100,6318.048229
2175.846592,100,6318.315055
2159.467323,100,6318.584663
2694.298243,100,6318.881805
772.516506,100,6319.17577
1916.12561,100,6344.051935
1684.888664,100,6344.64952
1294.291309,100,6345.22115
2791.331646,100,6345.796721
2160.660465,100,6346.37005
851.346172,100,6346.939151
21.325714,100,6347.514604
2800.1604,100,6348.148723
1450.678141,100,6348.719895
2458.323147,100,6349.298164
1427.767944,100,6349.86768
2232.037785,100,6350.427591
-1488.313423,100,6351.001072
2563.613914,100,6351.572367
2051.328205,100,6352.163767
1351.915096,100,6352.727734
19.525026,100,6353.28745
1757.585609,100,6353.843084
3014.806885,100,6354.402845
-487.555033,100,6354.961213
1546.876413,100,6355.573948
898.20422,100,6379.874808
1927.753582,100,6380.450286
2017.388588,100,6380.740526
-677.761627,100,6381.031279
3209.347935,100,6381.310744
3618.823036,100,6381.590087
1266.363113,100,6381.860182
-759.919811,100,6382.136312
3353.931194,100,6382.412839
1137.857925,100,6382.679962
3158.059155,100,6382.94847
2772.587051,100,6383.222566
1213.633854,100,6383.492217
1398.662575,100,6383.76467
839.153561,100,6384.034727
2454.516243,100,6384.312938
4179.748833,100,6384.588099
1089.704521,100,6384.858499
1986.701996,100,6385.131568
1257.127617,100,6385.401572
1636.950344,100,6406.442023
2131.546711,100,6407.007999
1077.118568,100,6407.572991
1784.524509,100,6408.157768
2101.37405,100,6408.735652
1746.98024,100,6409.741609
2688.705595,100,6410.388754
-1270.105827,100,6411.354759
1171.316284,100,6412.136634
2349.553467,100,6412.704222
1763.950142,100,6413.357788
1973.565619,100,6413.889376
385.935873,100,6414.398101
2001.445786,100,6414.992078
1675.795513,100,6415.549721
2285.585453,100,6416.098634
3086.586138,100,6416.649879
1848.337761,100,6417.200818
1720.05278,100,6417.770516
3210.747467,100,6443.289839
1159.012308,100,6443.549299
2193.412285,100,6465.618928
1674.334049,100,6465.904926
1243.77412,100,6466.183929
2295.91396,100,6466.45291
1904.942581,100,6466.721786
1422.977652,100,6466.991457
2605.490734,100,6467.275717
539.769482,100,6467.568156
121.374154,100,6467.874844
1480.298719,100,6468.168646
1452.695438,100,6468.445287
976.695871,100,6468.756965
1734.707108,100,6469.043993
1827.900894,100,6469.359942
825.399014,100,6469.639982
2141.797871,100,6469.916265
1853.362877,100,6470.19153
-26.390507,100,6470.462529
3336.088319,100,6470.734439
2967.46772,100,6471.018547
827.443161,100,6493.122603
4021.958126,100,6494.183237
2123.413944,100,6494.590661
1307.217916,100,6495.16393
317.40641,100,6495.606916
2855.669428,100,6496.30714
1362.553707,100,6496.757522
2479.577724,100,6497.286914
2230.017838,100,6497.799456
1332.839859,100,6498.239858
2249.480034,100,6498.567159
1136.762667,100,6498.8663
1124.917761,100,6499.164309
3938.415359,100,6499.433469
2242.717806,100,6499.704843
2077.816032,100,6499.984468
3626.796352,100,6500.280945
3425.929718,100,6500.574568
2456.288406,100,6500.863006
611.72628,100,6501.157945
1892.568542,100,6501.434804
2354.180132,100,6523.320614
2234.749138,100,6523.912126
1841.792519,100,6524.504847
2048.817053,100,6525.127677
1198.643902,100,6525.712656
1284.854115,100,6526.294438
478.647118,100,6526.866298
1713.748192,100,6527.445774
417.239994,100,6528.041717
2641.556068,100,6528.639514
-489.198013,100,6529.263414
2733.011337,100,6529.859208
1239.781944,100,6530.437603
1029.193284,100,6531.031129
4538.159817,100,6531.609192
1427.093712,100,6532.176441
2154.211601,100,6532.754505
749.00308,100,6533.351977
3721.858437,100,6533.941517
388.331123,100,6534.522616
325.035583,100,6559.350495
1666.089252,100,6559.952033
3024.278263,100,6560.541314
2222.628189,100,6561.14091
254.216305,100,6561.709589
4100.42247,100,6562.266598
1165.667562,100,6562.826523
2955.315319,100,6563.387405
1907.738914,100,6563.948952
2021.819557,100,6564.501491
2013.215252,100,6565.076357
2094.582909,100,6565.633999
2222.069866,100,6566.188826
1415.53208,100,6566.734115
2396.735287,100,6567.312123
-254.682842,100,6567.910868
3443.744774,100,6568.481122
3895.74382,100,6569.035861
2387.896267,100,6569.592858
3034.077496,100,6570.156472
1275.366127,100,6570.704918
1156.881821,100,6595.035469
3211.974449,100,6595.604467
868.68988,100,6596.174948
2518.659702,100,6596.755983
993.225029,100,6597.24594
317.264336,100,6597.575424
3939.569107,100,6597.905743
1910.225212,100,6598.24557
2857.960506,100,6598.801042
2193.682989,100,6599.374916
1735.343884,100,6599.985108
2424.500931,100,6600.566165
2546.877354,100,6601.171919
2791.126263,100,6601.931194
956.174282,100,6602.539606
1165.647179,100,6603.111147
1544.085058,100,6603.687577
-1436.991608,100,6604.282362
1043.890247,100,6604.879166
2702.405972,100,6605.270266
2071.29509,100,6630.817111
3336.343426,100,6631.538791
1415.004227,100,6632.191037
1141.327763,100,6632.845811
497.136288,100,6633.480631
1277.346855,100,6634.077219
788.937334,100,6634.45448
3084.134239,100,6634.802148
855.360909,100,6635.190195
397.971107,100,6635.475047
1714.374634,100,6635.753884
-3.707638,100,6636.02909
3530.855103,100,6636.5425
2481.643745,100,6637.108138
-438.753571,100,6637.709309
1965.6665,100,6638.305243
1552.099691,100,6638.878343
1787.979176,100,6639.447997
2390.260906,100,6640.060452
1562.03196,100,6640.631264
2253.573288,100,6664.090991
2718.236885,100,6664.905181
2127.71748,100,6665.249616
1989.522144,100,6666.213232
1255.416111,100,6666.640024
439.500772,100,6667.058125
1108.226276,100,6667.452478
718.377968,100,6667.821935
2303.691814,100,6668.204149
1184.071634,100,6668.80742
-178.434898,100,6669.080901
1422.184732,100,6669.352967
2084.610561,100,6669.700499
1874.890759,100,6669.997583
688.575615,100,6670.281205
2348.350822,100,6670.561327
810.06078,100,6670.836916
114.449377,100,6671.127196
2553.04776,100,6671.429662
816.162378,100,6671.716647
1012.073715,100,6671.988212
2215.089436,100,6693.254105
1093.123705,100,6693.823159
4366.832233,100,6694.399509
869.947338,100,6694.966135
-336.563391,100,6695.537162
1958.24765,100,6696.119261
3525.881836,100,6696.685079
2553.557358,100,6697.276973
2901.253817,100,6697.864309
2260.986168,100,6698.445732
2603.414286,100,6699.010177
2017.390133,100,6699.585222
779.316086,100,6700.156576
1225.97346,100,6700.722624
-81.806164,100,6701.07083
3714.020992,100,6701.338532
3910.067677,100,6701.601995
329.756863,100,6701.857063
927.407345,100,6702.122555
1217.152046,100,6702.403804
690.473968,100,6732.878358
1113.890038,100,6733.493954
1420.440794,100,6734.071282
1293.922138,100,6734.643872
361.237968,100,6735.237187
1186.435395,100,6735.848626
-59.116405,100,6736.461537
1132.167126,100,6737.046549
1652.447792,100,6737.643187
1679.382591,100,6738.291434
1256.183369,100,6738.876863
3397.134449,100,6739.47284
1325.048615,100,6740.07875
2419.351532,100,6740.772725
-80.54166,100,6741.395456
1926.387531,100,6742.008563
1762.127874,100,6742.596529
3278.265385,100,6743.171384
2865.591743,100,6743.739465
975.339703,100,6744.326158
185.997066,100,6744.907073
1150.742367,100,6770.131595
732.160118,100,6770.504876
-251.00037,100,6770.790317
2637.39444,100,6771.120144
2812.157017,100,6771.650198
799.756744,100,6771.949714
2848.012096,100,6772.25961
-1675.282398,100,6772.57289
1174.586151,100,6772.980957
221.395718,100,6773.572755
3134.982258,100,6774.161485
777.493116,100,6774.738492
3152.166656,100,6775.306181
-1916.248465,100,6775.883518
549.117146,100,6776.459585
807.647552,100,6777.032344
1529.995144,100,6777.614015
3274.913427,100,6778.230551
503.837343,100,6778.816249
1010.113781,100,6779.392529
2972.633656,100,6805.339931
-814.019592,100,6805.982449
2482.218777,100,6806.420997
-138.815708,100,6806.758144
2627.379032,100,6807.084387
-649.883043,100,6807.816253
1281.907085,100,6808.441605
1944.018562,100,6809.016927
1135.105366,100,6809.610821
1352.187429,100,6810.227368
1752.97736,100,6810.823262
2121.062923,100,6811.421012
859.183456,100,6812.063016
2703.659363,100,6812.769561
768.417702,100,6813.195773
2890.468155,100,6813.58943
82.439106,100,6814.022627
2412.705177,100,6815.035459
1035.37484,100,6815.53354
2196.007412,100,6816.214101
1558.789211,100,6816.900875
535.968796,100,6844.921891
-1468.437008,100,6845.328161
-295.728519,100,6845.666629
3969.181744,100,6846.004614
170.093716,100,6846.360852
3293.348633,100,6846.707146
994.324371,100,6847.254071
1764.547089,100,6847.952607
407.815105,100,6848.451888
2246.135967,100,6848.845191
-813.561691,100,6849.206538
1656.457352,100,6849.577613
608.996517,100,6849.934242
523.187895,100,6850.28972
-72.040195,100,6850.644424
249.900188,100,6851.029851
2462.912594,100,6851.431281
-1090.516842,100,6851.855819
2990.758919,100,6852.222851
1040.439884,100,6852.622468
1948.942337,100,6878.503982
2427.272272,100,6879.654179
1443.305241,100,6880.682606
-349.100502,100,6882.320557
3308.064392,100,6884.179629
-2083.135849,100,6884.754253
1644.242104,100,6885.157816
1533.636234,100,6885.505481
1506.512686,100,6885.864887
-114.178349,100,6886.230104
1688.357433,100,6886.579575
812.988707,100,6886.941948
1653.721821,100,6887.350372
2221.989132,100,6887.758782
610.990166,100,6888.459189
1852.211536,100,6888.913556
1756.119301,100,6889.476071
989.976921,100,6889.940098
1219.852894,100,6890.436401
1920.55394,100,6890.865206
1808.506115,100,6891.241524
913.986061,100,6917.15638
2072.611832,100,6917.915
1762.270329,100,6918.65632
2376.672024,100,6919.217357
1079.18906,100,6919.6103
1519.344532,100,6920.028981
136.117146,100,6920.441327
3805.030224,100,6922.032544
115.387794,100,6923.714363
1494.626774,100,6924.489098
1510.200876,100,6925.319118
-1576.428185,100,6926.034866
3357.032669,100,6926.548593
3379.114059,100,6927.99597
1220.972477,100,6928.639243
1950.367741,100,6929.287346
1163.942929,100,6929.80395
1543.373596,100,6930.174777
400.256149,100,6930.521543
2099.019421,100,6930.898853
-757.455231,100,6959.259071
1595.614761,100,6959.816619
2924.78698,100,6960.470818
2391.523907,100,6961.163898
-348.758804,100,6961.859938
2656.164,100,6962.557972
1791.631779,100,6963.437546
831.187042,100,6964.646951
891.44648,100,6966.553924
1884.3708,100,6967.475649
-1292.582146,100,6969.770622
2004.641722,100,6970.568649
2993.113556,100,6971.424251
3478.442375,100,6972.112906
-1215.250187,100,6972.821798
2140.63792,100,6973.532739
880.139557,100,6974.291337
724.465082,100,6975.043031
2362.128902,100,6975.73443
-0.847763,100,6976.368432
956.719246,100,6976.950943
1936.918331,100,6999.784062
534.386494,100,7000.350845
1711.854988,100,7000.90009
4133.313248,100,7001.44928
2465.692074,100,7002.009791
1265.272976,100,7002.559068
4099.503979,100,7003.129656
-1576.526295,100,7003.686189
2368.001354,100,7004.241637
3145.223835,100,7005.387238
1133.006603,100,7006.41325
225.83548,100,7006.805558
2194.470306,100,7008.389052
-31.178753,100,7008.70902
30.37743,100,7008.995539
2414.341755,100,7009.835666
2889.670177,100,7010.468654
528.661312,100,7011.05164
2249.467442,100,7011.622564
3794.931065,100,7012.205837
2695.99522,100,7034.19745
4037.160236,100,7034.794274
1669.564617,100,7035.355167
2935.866467,100,7035.91911
3031.696297,100,7036.47723
1556.02253,100,7037.032118
2386.078434,100,7037.600832
1164.587929,100,7038.181581
2471.605402,100,7038.774585
874.237064,100,7039.346959
2028.260998,100,7039.939394
3537.166759,100,7040.540861
2602.239221,100,7041.133791
3061.969658,100,7041.741754
-1511.262774,100,7042.327667
2162.386084,100,7042.894938
93.939926,100,7043.472968
3177.873222,100,7044.048306
1155.484638,100,7044.627567
4313.588123,100,7045.205743
4045.624161,100,7045.771055
928.97234,100,7071.69518
2620.813393,100,7072.310412
1914.442364,100,7072.877048
-1571.030132,100,7073.440752
2284.652767,100,7073.993825
1911.70079,100,7074.561546
1675.115685,100,7075.13511
2066.091862,100,7075.692645
1269.0187,100,7076.2751
3314.172218,100,7076.830504
2008.80685,100,7077.398149
1720.528717,100,7077.993853
2234.001427,100,7078.580718
2551.38472,100,7079.165583
1324.443874,100,7079.748262
314.20237,100,7080.315806
-663.290489,100,7080.882472
786.247765,100,7081.449407
2152.510967,100,7082.03571
2789.822716,100,7082.604291
2325.522405,100,7107.322383
-111.544441,100,7107.946632
927.76952,100,7108.533664
1334.090389,100,7109.106066
3526.639202,100,7109.669164
531.780014,100,7110.227644
351.394253,100,7110.805529
3537.633034,100,7111.445649
2362.495949,100,7112.030097
-78.051451,100,7112.598756
226.319313,100,7113.188727
1509.565983,100,7113.759105
2610.404362,100,7114.339596
-1254.600819,100,7114.910783
1268.30685,100,7115.516303
686.757538,100,7116.10543
2574.054207,100,7116.672765
2096.649807,100,7117.236294
793.720161,100,7117.819442
1780.183868,100,7118.396587
750.102974,100,7118.959075
2027.063606,100,7145.540869
886.151627,100,7145.924019
-390.547663,100,7146.638055
1970.913387,100,7146.961417
987.682325,100,7147.365791
2786.375679,100,7147.742036
2283.367176,100,7148.046292
2266.243433,100,7148.344277
1112.657711,100,7148.637944
1086.916515,100,7148.91958
495.277988,100,7149.240047
1682.856133,100,7149.537843
2861.718346,100,7149.82659
-14.534494,100,7150.115429
602.671041,100,7150.402151
1894.317818,100,7150.676107
-1064.3592,100,7150.986107
2939.290689,100,7151.395213
868.273842,100,7151.712472
300.344784,100,7152.135618
