#{"t_start": 1776493583.614885, "env_id": "None"}
r,l,t
1266.019075,100,1.164073
1537.057764,100,1.752897
157.23553,100,2.324622
624.489548,100,2.917825
201.32749,100,3.510556
1187.691055,100,5.116895
1921.404575,100,5.53219
761.209961,100,5.823314
-412.123438,100,6.101773
1142.244953,100,6.37962
421.638351,100,6.670533
1138.870749,100,6.967934
-1665.086578,100,7.288596
490.849838,100,7.569441
938.919687,100,7.84314
505.298897,100,8.133654
1031.290403,100,8.426808
741.175869,100,8.708766
-849.617351,100,8.984264
1219.425367,100,9.271739
478.516308,100,39.172542
2387.257217,100,39.601792
610.580547,100,40.116568
1562.688774,100,40.706503
1942.75625,100,41.046249
798.790095,100,41.541447
531.315136,100,41.943422
1099.673763,100,42.309933
2246.875654,100,42.649018
1685.597872,100,42.993439
1960.748105,100,43.317277
1244.790741,100,43.632514
-5.348247,100,43.954253
1776.46526,100,44.362617
863.657172,100,44.690062
443.121651,100,44.981668
2087.003473,100,45.269398
445.694302,100,45.550755
2066.022632,100,45.835079
798.554356,100,46.133323
1391.470787,100,68.579849
-997.354574,100,69.360498
1213.730247,100,69.929275
-318.895037,100,70.484119
397.116413,100,71.047013
1335.294925,100,71.632952
-3105.604771,100,72.208245
387.892336,100,72.838679
2255.224955,100,73.447797
2277.746978,100,74.059426
-396.79388,100,74.663786
1483.520072,100,75.260821
1625.245055,100,75.827867
840.871861,100,76.393464
2637.960751,100,76.952133
871.067269,100,77.506546
1106.029345,100,78.095409
2020.408782,100,78.670335
1902.321947,100,79.23166
459.798436,100,79.786325
1204.524937,100,80.345036
503.15173,100,104.108734
-255.211683,100,105.095181
877.371182,100,105.815581
2046.116547,100,106.463702
984.179936,100,107.081184
693.730293,100,108.175367
156.265574,100,108.649255
1535.755181,100,108.954216
1467.008846,100,109.237867
593.177867,100,109.617706
2056.082144,100,110.10204
1970.762678,100,110.569812
723.811507,100,111.023451
1159.274387,100,111.295769
562.028955,100,111.589236
97.621645,100,111.860657
-341.469105,100,112.128066
1002.657378,100,112.406855
806.372394,100,112.670766
1620.342,100,112.941681
1569.209585,100,134.965262
879.380144,100,135.625643
1805.50407,100,136.357901
584.441898,100,137.006717
1451.354345,100,137.713178
1249.947009,100,138.415123
767.791501,100,139.07846
1532.346624,100,139.681954
1377.842921,100,140.275413
-658.919901,100,140.930752
1680.639413,100,142.058114
752.323041,100,142.694832
1085.501982,100,143.055587
1653.774371,100,144.795798
2349.110811,100,145.189001
1672.755043,100,145.655214
2136.855525,100,146.101728
1828.058497,100,146.520552
1119.963883,100,147.025742
1256.003047,100,147.424435
2109.520004,100,147.732882
513.757654,100,170.861467
2186.187644,100,171.181466
3946.815962,100,171.484304
1384.395323,100,171.785823
669.589267,100,172.074583
964.878663,100,172.362766
1951.837152,100,172.674844
737.502674,100,172.99332
142.058682,100,173.290732
358.047555,100,173.622723
1979.875363,100,173.960698
1785.048224,100,174.462387
2124.071624,100,175.35431
828.086149,100,175.967629
1490.563683,100,176.662697
1181.840529,100,177.257126
1592.234069,100,177.839425
1461.591246,100,178.405053
1630.462167,100,178.980441
-1296.630819,100,179.547581
250.144626,100,206.804388
1798.102285,100,207.513467
1582.611916,100,208.135831
65.670386,100,208.760446
2441.794291,100,209.362005
20.216525,100,210.045975
510.229642,100,210.669196
146.875046,100,211.260148
1065.387703,100,211.845186
2203.512287,100,212.421349
1553.202709,100,212.989055
1273.758932,100,213.554294
1401.61639,100,214.130368
1557.692375,100,214.71356
596.458927,100,215.29525
1506.59387,100,215.856691
-665.621429,100,216.434802
1841.337002,100,217.001689
1167.377228,100,217.589391
984.063653,100,218.163615
1026.751064,100,218.746212
208.731825,100,245.464124
2445.587532,100,246.083189
2497.670263,100,246.720054
96.999388,100,247.391123
1368.914936,100,248.019785
2647.896513,100,248.601188
1914.508988,100,249.183372
710.825249,100,249.757723
2874.865433,100,250.370275
868.743073,100,251.101284
979.121872,100,252.11497
2203.187857,100,252.773494
-1255.926397,100,253.372847
804.772034,100,253.958371
1617.678805,100,254.612614
923.194313,100,255.226087
1250.153617,100,255.84652
1231.864903,100,256.498118
2376.788099,100,257.13323
415.620175,100,257.871054
1821.983431,100,283.937344
214.149491,100,284.548325
2430.78904,100,285.130018
1260.338784,100,285.727984
2561.296578,100,286.321819
1191.54767,100,286.889348
1042.029581,100,287.45132
2070.215987,100,288.01356
1953.405779,100,288.578276
-102.045845,100,289.15087
-145.917887,100,289.720975
663.169247,100,290.279085
-864.079569,100,290.838994
1224.073867,100,291.417885
1355.266628,100,291.991333
1115.112975,100,292.559719
1102.341345,100,293.119629
669.368056,100,293.688227
3.728676,100,294.273701
1112.004683,100,294.848292
460.921174,100,295.404704
563.700649,100,318.937588
585.301722,100,319.572183
1500.007517,100,320.249125
-399.433821,100,320.770856
1189.984673,100,321.085859
368.748462,100,321.384999
1032.410143,100,321.663701
-546.456364,100,321.952159
1665.798814,100,322.273545
626.318686,100,322.56315
3352.488533,100,322.840192
1768.590618,100,323.129722
-956.256347,100,323.420434
2658.170712,100,323.717965
1340.938131,100,324.038026
2006.565827,100,324.360686
2613.044299,100,324.755777
2248.832238,100,325.263151
1728.244302,100,325.774184
1133.076869,100,326.239764
886.977989,100,348.021621
1422.260384,100,348.610114
1079.916878,100,349.188961
1496.489698,100,349.75859
-86.890381,100,350.320807
-377.851204,100,350.891815
1830.075689,100,351.479014
2157.421387,100,352.059124
2120.130828,100,352.635874
-1992.486458,100,353.20143
1476.289781,100,353.765349
1595.123741,100,354.354398
2164.798835,100,354.923575
1611.715437,100,355.48663
-622.005914,100,356.053815
1311.197475,100,357.103733
1637.378583,100,357.432455
3111.537998,100,357.829646
2593.294149,100,358.564302
417.74049,100,359.553044
1918.116592,100,360.314463
2529.266093,100,382.736757
1549.383458,100,383.320441
1810.605406,100,383.920934
1622.524903,100,384.499141
1758.107908,100,385.057253
1926.402265,100,385.620038
-532.670757,100,386.184421
1286.50192,100,386.747504
2146.420125,100,387.354679
193.810276,100,387.91927
821.521596,100,388.477707
1786.587697,100,389.04688
2600.941209,100,389.613625
2081.936479,100,390.167879
2545.106822,100,390.728809
1963.489801,100,391.297691
835.175684,100,391.864322
1897.441244,100,392.423982
251.36495,100,392.979292
1019.28239,100,393.544047
-365.221551,100,417.595639
1560.345832,100,418.192507
2413.897238,100,418.762241
1932.334343,100,419.343242
1765.159707,100,419.911818
2102.826114,100,420.473495
-540.875258,100,421.046706
2851.540293,100,421.618276
324.601379,100,422.201142
2234.109666,100,422.772867
1783.22948,100,423.337623
1871.68362,100,423.915412
369.933568,100,424.502436
1500.303193,100,425.071811
1190.780431,100,425.641145
2397.765807,100,426.254862
1258.448927,100,426.817943
2520.163774,100,427.375373
1847.434402,100,427.932314
1195.074078,100,428.481029
2131.016646,100,429.036403
740.990099,100,453.461536
-319.550542,100,454.109877
2522.287461,100,454.694755
1737.002793,100,455.252345
2415.034814,100,455.813818
2001.153123,100,456.374856
270.933541,100,456.92989
1233.502913,100,457.507693
1436.403777,100,458.077291
2416.368021,100,458.632358
1497.74664,100,459.221822
2376.743101,100,459.787573
742.52053,100,460.349998
1050.20153,100,460.915132
-377.445655,100,461.477005
71.321927,100,462.040948
1595.092328,100,462.603012
1519.650578,100,463.061647
-117.095959,100,463.337415
1134.146433,100,463.689699
1030.65719,100,486.060766
-176.665765,100,486.455158
891.209843,100,486.846609
318.288107,100,487.718152
1237.60136,100,488.516769
171.303954,100,489.174815
1310.070704,100,489.486831
693.914872,100,489.76037
74.185367,100,490.036129
372.769232,100,490.299184
1788.212378,100,490.586702
1187.050375,100,490.850235
1743.709957,100,491.115217
2234.437962,100,491.379578
159.469275,100,491.674021
1677.66441,100,491.94925
-258.44195,100,492.243113
1291.219003,100,492.513787
2335.765579,100,492.771931
10.478459,100,493.034819
1543.492096,100,493.298679
2427.57864,100,515.616735
-2047.781398,100,516.186427
-542.910555,100,516.76605
1447.578789,100,517.329983
-643.868254,100,517.893052
1222.807961,100,518.500342
2685.950101,100,519.07986
604.311727,100,519.655756
218.272902,100,520.217982
1024.196682,100,520.794264
1541.898924,100,521.35101
-525.438654,100,521.933414
1125.18101,100,522.509004
1264.361628,100,523.088321
814.128292,100,523.661859
546.02781,100,524.255131
2810.605436,100,524.829526
1021.176821,100,525.390895
1563.346543,100,525.956958
1930.369085,100,526.532781
1806.989422,100,552.593649
1284.40867,100,552.924982
1662.242468,100,553.229756
755.826509,100,553.537093
1359.751732,100,553.858368
-228.226721,100,554.188032
1469.789051,100,554.515074
-915.711113,100,554.81108
-2600.190197,100,555.096235
-742.456058,100,555.367248
176.695317,100,555.644176
1704.346721,100,555.91504
614.592866,100,556.187287
-28.528974,100,556.466486
1305.392877,100,556.735574
-201.085282,100,557.003819
943.843742,100,557.275195
-1620.765353,100,557.553398
1681.656311,100,557.814783
559.553705,100,558.123554
665.148585,100,558.399514
1927.426589,100,582.582463
342.14113,100,583.157494
1511.87063,100,583.721789
1353.520173,100,584.308988
154.978846,100,584.899308
-427.513159,100,585.465852
-1106.748098,100,586.032843
1270.683815,100,586.600105
1165.738297,100,587.163859
1453.709745,100,587.756535
537.725392,100,588.336866
163.544879,100,588.912179
-724.141567,100,589.498347
372.346321,100,590.063347
854.235122,100,590.634674
1876.182031,100,591.197484
1360.19633,100,591.754453
954.226093,100,592.330508
1620.240249,100,592.901634
680.418094,100,593.462656
1695.681337,100,617.972017
1654.354787,100,618.593992
1900.952667,100,619.193631
2123.380258,100,619.770242
1356.504911,100,620.333459
2585.159761,100,620.899296
553.268314,100,621.457736
3116.438082,100,622.008002
1084.4465,100,622.59201
-751.155279,100,623.242069
322.46023,100,623.832414
1346.515523,100,624.483048
-412.349161,100,625.049506
534.245897,100,625.607988
1430.706887,100,626.163737
3055.126867,100,626.722448
1593.150833,100,627.30949
2228.669262,100,627.873204
2647.374619,100,628.429995
2435.50376,100,628.985613
1677.991964,100,629.556265
1570.172951,100,651.220804
776.894406,100,651.813147
1040.272068,100,652.380689
116.199597,100,652.98257
1623.594009,100,654.081694
2046.251556,100,654.431636
1368.203397,100,654.825347
857.78211,100,656.123706
2579.795816,100,656.864609
1757.364069,100,657.632805
1537.219305,100,658.044939
2342.858644,100,658.467753
988.947715,100,658.815702
3223.622352,100,659.329563
1305.350576,100,659.928856
232.406794,100,660.237267
198.941415,100,660.518076
2090.616534,100,660.793199
1146.191126,100,661.062442
1914.196798,100,661.328473
1397.19472,100,683.000143
1522.472386,100,683.57965
1691.487871,100,684.157036
1489.662998,100,684.728954
1597.606332,100,685.292711
2752.452743,100,685.851742
2275.864238,100,686.427346
758.455132,100,686.994592
118.852876,100,687.552306
1245.749275,100,688.11566
2153.448604,100,688.677795
773.041215,100,689.243649
326.913341,100,689.821218
1817.037123,100,690.107336
3113.080761,100,690.394821
1344.811891,100,690.672443
1572.041217,100,690.953406
1572.383395,100,691.229644
-95.969888,100,691.505876
1136.166102,100,691.784094
825.291269,100,692.065655
1966.0178,100,716.774055
1989.969424,100,717.362344
117.419086,100,717.937373
-257.143755,100,718.497289
1562.481934,100,719.058448
2311.693638,100,719.63448
1507.881214,100,720.23323
-85.515794,100,720.803713
720.923958,100,721.359839
841.709674,100,721.929224
542.819118,100,722.483352
220.236427,100,723.047342
503.361232,100,723.64289
830.823936,100,724.285663
1673.360148,100,724.895939
1966.779442,100,725.489898
2226.637316,100,726.0598
1278.50283,100,726.619317
355.623805,100,727.181732
863.643843,100,727.748861
1460.388997,100,752.922879
495.123588,100,753.535022
1919.384571,100,754.11805
715.644549,100,754.721163
-1011.602125,100,755.326574
1863.159794,100,755.760163
996.554034,100,756.059879
1445.096609,100,756.345418
1549.887613,100,756.625415
1173.875493,100,756.914237
2138.870291,100,757.191409
483.367798,100,757.468946
1561.659764,100,757.741555
1320.733277,100,758.016395
2293.843199,100,758.288687
-591.955958,100,758.556445
2357.33344,100,758.830671
1977.646674,100,759.10558
1218.545889,100,759.397626
37.173541,100,759.681942
1862.605357,100,759.960985
807.587804,100,781.297363
905.563419,100,782.486232
935.305064,100,784.11829
817.168571,100,785.120063
1811.151263,100,786.040158
-82.035956,100,786.658977
1239.289242,100,787.290651
1801.559562,100,787.865299
2101.752222,100,788.428646
1711.593829,100,788.990885
3087.299326,100,789.575855
723.553239,100,790.145431
1913.200261,100,790.703372
1622.877209,100,791.274153
830.344253,100,791.841572
734.881293,100,792.461965
1126.755957,100,793.059098
3143.757157,100,793.649381
353.60273,100,794.254989
902.624907,100,794.824294
1436.632186,100,816.708712
2306.229937,100,817.281749
-576.015214,100,817.840346
2191.54604,100,818.403498
1953.403664,100,818.960743
399.968259,100,819.525765
908.186345,100,820.097237
1625.278491,100,820.656106
774.072881,100,821.256005
316.857376,100,853.038955
1636.884301,100,853.60551
490.95575,100,854.213127
1545.564484,100,854.808424
2807.864011,100,855.38401
1823.091034,100,855.962766
682.385097,100,856.528784
1143.503044,100,857.09667
1835.54438,100,857.657699
1004.300527,100,858.222717
1830.879222,100,858.804879
1028.625776,100,859.379641
1780.367718,100,883.609763
2425.240388,100,883.98178
1187.489256,100,884.315089
2747.01981,100,884.896489
1337.344557,100,885.570737
873.398914,100,886.137303
190.309517,100,886.712144
1021.677581,100,887.266671
-658.164433,100,887.826503
2951.071786,100,888.382487
1127.166978,100,888.932866
1891.350096,100,889.482822
612.043512,100,890.036242
1142.437898,100,890.580933
296.983156,100,891.128445
2100.024896,100,891.673967
1293.823678,100,892.230656
794.321401,100,892.786817
2381.151541,100,893.356329
1270.042546,100,893.92
2282.328427,100,917.470215
1099.381197,100,918.052371
444.024293,100,918.604025
1463.349828,100,918.950477
1988.289435,100,919.432515
560.946622,100,919.999823
1236.21257,100,920.545376
201.1391,100,921.107878
-119.454499,100,921.653205
-1030.948452,100,922.209765
1710.01966,100,922.760697
1421.0521,100,923.328186
959.801918,100,923.902095
1631.958758,100,924.490774
1051.586506,100,925.051995
988.267652,100,925.619886
1234.380408,100,926.185661
3103.043651,100,926.746417
1404.613884,100,927.353464
1526.14957,100,927.910651
1032.614386,100,950.595044
2011.18473,100,951.547468
143.686977,100,952.056522
2021.948049,100,952.888235
949.89198,100,953.83511
1358.5134,100,954.974152
127.594235,100,955.581654
1116.120089,100,956.149772
1462.902776,100,956.742176
2009.675464,100,957.318489
1885.483165,100,957.897067
1763.095639,100,958.459233
1922.613033,100,959.023479
499.135174,100,959.584403
-463.774579,100,960.17295
1682.138576,100,960.789415
2136.342062,100,961.377577
1942.151565,100,961.934884
1328.647619,100,962.500437
1518.306574,100,963.078963
1605.126721,100,963.639096
2097.73315,100,985.641421
1879.488524,100,986.208714
1460.929464,100,986.816642
1879.837887,100,987.388885
1585.203947,100,987.956146
-363.772003,100,988.521253
-610.197109,100,989.075766
1247.649877,100,989.626419
758.338856,100,990.181014
527.504583,100,990.733855
1955.3966,100,991.498131
2630.435074,100,992.042551
2110.658548,100,992.362264
1607.521823,100,993.291684
3066.53488,100,993.742809
847.135533,100,994.614355
1463.79187,100,995.199279
1133.618748,100,995.813577
1788.689144,100,996.419391
348.539402,100,997.051321
2194.156408,100,1020.443086
1825.129529,100,1021.02103
-886.476175,100,1021.58037
2451.406045,100,1022.129409
425.119783,100,1022.689534
2527.339081,100,1023.258379
2529.166825,100,1023.841721
2627.352043,100,1024.421792
856.714058,100,1024.985704
78.537338,100,1025.548706
384.274615,100,1026.107732
249.725862,100,1026.66446
2444.114828,100,1027.223115
2059.358082,100,1027.781493
316.171879,100,1028.334364
1620.655733,100,1028.889139
2742.848446,100,1029.444732
1200.04442,100,1030.008962
1453.571373,100,1030.574882
1639.891268,100,1031.134254
559.181308,100,1031.69108
1497.144554,100,1055.744735
1791.381896,100,1056.314279
-197.028378,100,1056.865234
2477.861723,100,1057.415725
2681.5388,100,1057.971852
613.022797,100,1058.520699
370.735119,100,1059.072877
714.600495,100,1059.648481
1559.205748,100,1060.213532
1078.775901,100,1060.771953
2439.93339,100,1061.332171
541.193548,100,1061.890888
1254.827611,100,1062.443509
2467.629863,100,1062.99561
1188.659976,100,1063.592701
2288.710194,100,1064.171169
1817.057223,100,1064.736991
868.463088,100,1065.286713
1076.081961,100,1065.857429
1219.174156,100,1066.422998
1580.989786,100,1090.29602
1509.716863,100,1090.882453
1366.191092,100,1091.44644
-673.963126,100,1092.023824
924.679005,100,1092.598802
2205.992753,100,1093.159891
287.403785,100,1093.72277
2212.213005,100,1094.375111
918.297406,100,1094.947865
452.606372,100,1095.507969
1566.849008,100,1096.076128
745.11672,100,1096.637893
2566.714061,100,1097.20629
1769.312971,100,1097.778402
1777.451909,100,1098.361617
152.091127,100,1098.92171
1679.28661,100,1099.486206
288.948789,100,1100.057248
2659.395847,100,1100.625956
1869.653875,100,1101.180422
806.723791,100,1101.739283
714.327942,100,1127.213089
734.211383,100,1127.809834
1464.004932,100,1128.436401
2355.383829,100,1129.022861
1468.565362,100,1129.59634
474.46128,100,1130.166368
305.183172,100,1130.754494
1115.426675,100,1131.350492
2603.424405,100,1131.9239
1572.726774,100,1132.484797
2403.498365,100,1133.045839
566.841631,100,1133.636016
2311.455462,100,1134.239215
2053.017778,100,1134.820726
2521.853486,100,1135.382862
884.190704,100,1135.950284
635.534963,100,1136.554167
420.546404,100,1137.157269
1178.522148,100,1137.732309
1413.596767,100,1138.31135
373.673312,100,1161.341138
2138.833077,100,1163.70171
140.322851,100,1165.80571
935.679174,100,1166.49394
352.406429,100,1167.373099
1896.65326,100,1167.831877
2405.956489,100,1168.133474
1058.758123,100,1168.474988
2418.715032,100,1168.764305
578.062181,100,1169.102808
1853.570336,100,1169.395194
1990.356578,100,1169.674767
-1122.339076,100,1169.986451
2262.889452,100,1170.285277
1716.826216,100,1170.624533
1163.821957,100,1170.948786
739.500779,100,1171.246141
230.987618,100,1171.517933
1647.08296,100,1171.782783
-412.093326,100,1172.108263
1595.444016,100,1172.549738
2615.817877,100,1194.567208
1538.522958,100,1195.157257
-151.719833,100,1195.726945
82.109502,100,1196.328869
2435.326008,100,1196.904897
109.895723,100,1197.471079
2807.306149,100,1198.064832
1882.421128,100,1198.633058
1969.923531,100,1199.198429
1720.027429,100,1199.770459
1386.884427,100,1200.344419
1803.656094,100,1200.918783
1771.131886,100,1201.485665
2403.834752,100,1202.045713
3287.350588,100,1202.604642
1425.269788,100,1203.178816
1786.680165,100,1203.753941
10.874385,100,1204.489755
2350.521911,100,1205.177639
2210.381148,100,1205.501401
1587.125752,100,1229.496078
2672.08591,100,1230.09826
2262.836116,100,1230.672842
2982.242497,100,1231.273764
991.805339,100,1231.847625
1374.490489,100,1232.424679
-452.610898,100,1232.997843
-979.448618,100,1233.561146
-67.362619,100,1234.145608
640.648611,100,1234.72177
2135.819069,100,1235.179068
3375.175967,100,1235.471231
-451.776703,100,1235.751724
480.917806,100,1236.05489
2177.922505,100,1236.346153
148.762391,100,1236.631294
191.079828,100,1236.919984
1722.749806,100,1237.203262
50.397309,100,1237.495806
964.865706,100,1237.777088
1470.223009,100,1238.066752
1138.186026,100,1262.606583
-175.227437,100,1263.17029
133.015125,100,1263.736594
962.861206,100,1264.318401
30.064286,100,1264.899843
1955.309706,100,1265.467702
115.875118,100,1266.029449
900.033034,100,1266.591886
2793.208926,100,1267.15688
-598.821105,100,1267.717302
933.772477,100,1268.275328
848.405838,100,1268.83853
2152.574535,100,1269.406565
1247.134513,100,1269.968224
2531.473731,100,1270.53925
570.664802,100,1271.102626
2508.654706,100,1271.66644
-379.95749,100,1272.223342
1394.721646,100,1272.781681
304.29049,100,1273.34766
1327.718788,100,1298.450775
1540.549815,100,1299.024292
382.428442,100,1299.582679
2672.356553,100,1300.158973
563.788121,100,1300.757843
438.098727,100,1301.35385
1845.716808,100,1301.934561
2304.204306,100,1302.492519
709.927876,100,1303.053729
1347.734518,100,1303.616766
37.148178,100,1304.191367
1995.943082,100,1304.763978
3132.569637,100,1305.33464
1467.475914,100,1305.915815
421.703374,100,1306.483853
1662.371528,100,1307.063657
579.654346,100,1307.626223
1833.956144,100,1308.185954
1434.036304,100,1308.743322
1803.186813,100,1309.299827
-785.951758,100,1309.859075
-746.037052,100,1332.239136
2788.943374,100,1333.182544
1605.186631,100,1333.990842
-229.97184,100,1335.019332
1565.306742,100,1336.202479
2625.013338,100,1336.559207
422.126253,100,1336.850117
1286.19912,100,1337.171349
1388.675358,100,1337.473441
1412.973572,100,1337.755342
845.187748,100,1338.042333
2252.989111,100,1338.326431
2843.955978,100,1338.614635
1901.447451,100,1338.906051
2002.438477,100,1339.194221
2709.390066,100,1339.488103
1420.906134,100,1339.893884
1377.739775,100,1340.495882
1137.361461,100,1341.073266
188.17795,100,1341.645509
1686.344799,100,1364.053119
1240.465388,100,1364.639945
1127.001564,100,1365.199244
-1657.172943,100,1365.759521
1909.550633,100,1366.025653
2061.846651,100,1366.30678
1541.149643,100,1366.601129
2770.008469,100,1366.919381
1779.760853,100,1367.192488
24.565045,100,1367.470734
-558.532336,100,1367.737408
1175.922011,100,1368.011491
-229.681781,100,1368.275426
856.706868,100,1368.544029
852.856776,100,1368.806603
567.289337,100,1369.069786
2735.894711,100,1369.332369
1656.213007,100,1369.603146
1257.878006,100,1369.884351
1616.237627,100,1370.166014
1702.565333,100,1370.460683
1846.67926,100,1395.662432
996.159614,100,1396.230949
-6.164759,100,1396.802135
1140.852722,100,1397.374446
1169.443606,100,1397.96943
1482.880723,100,1398.53649
121.280938,100,1399.093847
1320.849042,100,1399.657063
1746.148722,100,1400.228749
1298.346716,100,1400.801121
1655.834833,100,1401.357421
2551.524417,100,1401.91947
2232.865136,100,1402.478731
2379.888326,100,1403.036534
1193.281754,100,1403.636988
2649.976648,100,1404.218411
1936.588899,100,1404.546441
2092.284031,100,1404.859617
2287.322303,100,1405.146744
1423.505313,100,1405.435803
1857.531185,100,1430.533784
2585.817567,100,1431.112822
1803.418947,100,1431.671082
2067.952173,100,1432.257806
2122.660781,100,1432.81887
1878.558934,100,1433.377442
-471.717462,100,1433.955167
2348.398048,100,1434.541314
2704.304562,100,1435.108361
854.781139,100,1435.683063
1592.780502,100,1436.264132
546.279169,100,1436.888991
1574.319293,100,1437.475158
2318.359625,100,1438.046787
1383.408261,100,1438.601692
1619.328587,100,1439.156304
-2.600859,100,1439.7184
2092.091149,100,1440.280582
2201.682795,100,1440.908535
608.650557,100,1441.488542
249.178008,100,1442.059006
1355.073629,100,1468.077798
1790.205126,100,1468.518637
811.534954,100,1468.914141
2199.752436,100,1469.484274
1960.41346,100,1469.98544
2136.523449,100,1471.090415
2664.503325,100,1472.147688
1903.616983,100,1473.017333
2086.597779,100,1473.373746
1678.419766,100,1473.763163
1295.023915,100,1474.178564
1786.628573,100,1474.639506
-2629.452142,100,1475.047932
2284.756263,100,1475.512664
1019.991942,100,1475.846034
934.368583,100,1476.171939
-1345.641602,100,1476.49714
-384.098931,100,1476.821181
1576.208621,100,1477.269338
277.541874,100,1477.720744
2658.814803,100,1502.141225
1550.946158,100,1502.717237
702.574944,100,1503.472831
2639.179414,100,1504.161071
1903.847544,100,1504.590201
54.519867,100,1505.00194
1692.842476,100,1505.76601
1237.23786,100,1506.496061
1368.393922,100,1507.087487
1666.97519,100,1507.807031
3443.360291,100,1508.483503
962.71394,100,1509.541035
2330.42456,100,1510.129846
1586.188021,100,1510.74845
1286.345092,100,1511.355782
1503.320519,100,1511.94858
1981.614308,100,1512.518773
1476.874901,100,1513.081402
957.503582,100,1513.663592
2338.940022,100,1514.49849
-850.269167,100,1515.091358
988.829199,100,1539.813668
1015.476269,100,1540.289752
923.407811,100,1540.737281
1462.02235,100,1541.080379
438.810132,100,1541.374698
2547.69403,100,1541.650002
-811.335642,100,1541.911083
1449.606814,100,1542.221372
1941.61865,100,1542.741003
2746.408139,100,1543.175045
1631.435041,100,1544.181062
1615.620013,100,1544.60408
969.45962,100,1546.638831
1536.746936,100,1547.700376
435.918443,100,1548.366964
2331.530695,100,1549.34661
248.895282,100,1550.273443
3094.003675,100,1551.546283
1445.261511,100,1552.42273
1256.042482,100,1553.272858
1797.471403,100,1586.707816
1809.762754,100,1587.293419
2233.211832,100,1587.940271
541.515643,100,1588.958729
2335.252477,100,1589.344627
1864.601266,100,1589.684757
2291.520366,100,1590.378552
1086.326635,100,1591.125381
3110.080229,100,1592.711208
1591.450348,100,1594.444392
3091.324543,100,1595.472784
985.792429,100,1596.396681
-876.458207,100,1597.035319
2244.110327,100,1597.547734
896.760074,100,1597.906205
1795.908151,100,1598.342675
2311.23587,100,1598.897514
1916.133227,100,1599.894268
1510.886286,100,1600.607481
1627.300808,100,1601.303214
1868.190357,100,1601.943353
2813.254305,100,1629.725986
2151.591468,100,1630.63624
1144.870994,100,1631.584632
497.041035,100,1632.313754
1675.723039,100,1632.753199
480.458789,100,1633.380672
1324.013582,100,1634.501249
1234.576951,100,1635.879481
1555.750922,100,1636.560792
2977.315473,100,1637.183771
1299.56553,100,1637.825576
2737.347833,100,1638.458874
798.285311,100,1639.03345
512.660075,100,1639.706012
2052.138919,100,1640.353476
2596.869976,100,1641.019549
1690.19707,100,1641.764043
2153.396627,100,1642.499439
1428.650789,100,1643.150759
1073.902343,100,1643.789204
1028.142242,100,1669.80065
906.657573,100,1670.39981
-315.945251,100,1670.978658
2840.046153,100,1671.552808
2522.897684,100,1672.139961
2347.658452,100,1673.354667
3004.333303,100,1674.110228
-698.391787,100,1675.462641
3206.723657,100,1676.394113
555.937246,100,1676.776806
2158.317434,100,1677.903803
1085.906204,100,1678.295357
929.285602,100,1678.641392
1379.684345,100,1678.989365
1547.358503,100,1679.314112
882.361201,100,1679.857016
1295.133809,100,1680.879454
934.951741,100,1681.570358
2146.313928,100,1682.139017
1394.379058,100,1682.748989
1471.021031,100,1684.700713
2204.376482,100,1711.244753
1529.835604,100,1711.808823
740.583493,100,1712.364838
2505.189851,100,1712.920395
2363.625004,100,1713.473004
866.211454,100,1714.077576
-1597.925468,100,1714.862469
2472.70097,100,1715.726586
38.863853,100,1716.540284
1905.20661,100,1717.224188
3018.663886,100,1717.58868
2338.833725,100,1717.918647
1682.694687,100,1718.650068
2840.213472,100,1719.489943
-228.847859,100,1719.871177
1047.030392,100,1720.234082
1721.182053,100,1720.578389
1244.855424,100,1784.235481
30.433547,100,1785.050175
2042.741643,100,1785.742096
1150.412581,100,1820.609554
-304.7118,100,1821.342726
1552.502129,100,1822.108828
2693.177385,100,1822.801205
2009.412211,100,1823.480164
786.945102,100,1824.177418
1349.733384,100,1824.946773
1852.948844,100,1825.620475
647.075861,100,1826.263469
1473.337296,100,1826.945722
1749.109294,100,1827.628969
1699.626717,100,1828.360847
1078.419822,100,1829.048347
362.801113,100,1829.726612
413.85688,100,1830.406091
1039.408403,100,1831.142983
2066.755984,100,1831.93829
1887.262,100,1832.610256
1927.021735,100,1833.256193
1366.687114,100,1834.618044
1637.468364,100,1835.295554
2665.492827,100,1865.775061
2745.774012,100,1866.454758
-509.236702,100,1867.099086
2482.460771,100,1867.79777
-479.106769,100,1869.257201
3030.296458,100,1869.888538
-195.961693,100,1870.502341
869.036751,100,1871.139521
237.578924,100,1871.775876
1022.428348,100,1872.396675
2668.61652,100,1872.969977
1551.069493,100,1873.530296
3019.708909,100,1874.110459
1993.572083,100,1874.699037
1462.507872,100,1875.262298
457.041767,100,1875.840987
1966.051087,100,1876.399787
2440.729777,100,1876.968414
761.515095,100,1877.529998
2975.429902,100,1878.084382
-410.587033,100,1902.820173
1276.765526,100,1903.392841
428.921624,100,1903.966441
2609.04844,100,1904.550192
1004.708171,100,1905.112889
1202.479959,100,1905.693054
2973.442486,100,1906.25487
1261.566645,100,1906.813688
2112.023775,100,1907.372607
1385.849872,100,1907.931857
2239.411918,100,1908.285488
742.678232,100,1908.554592
1550.430228,100,1908.824692
1174.932007,100,1909.157428
1890.431804,100,1909.453033
1807.911076,100,1909.737241
-143.884416,100,1910.027939
1714.976538,100,1910.325085
2251.659775,100,1910.612392
1914.898675,100,1910.895659
3321.370059,100,1932.861705
1785.217382,100,1933.47655
554.957573,100,1934.927323
1487.277569,100,1935.771933
1559.660821,100,1936.891214
1226.468284,100,1937.550438
2251.210141,100,1938.143675
1899.619815,100,1939.021571
1278.80947,100,1939.623694
1919.379084,100,1940.211378
2489.574742,100,1940.875306
-77.610766,100,1941.449609
2163.406715,100,1942.022756
-1668.724878,100,1943.032678
2153.532648,100,1943.943417
986.479975,100,1944.684348
1316.386068,100,1945.395982
1018.998703,100,1946.074861
-611.16044,100,1946.747484
2113.146246,100,1947.40184
994.802531,100,1948.118367
1002.126189,100,1977.558825
229.386252,100,1978.806671
1624.220438,100,1979.707988
373.061582,100,1981.270086
2243.690959,100,1982.058774
1771.585358,100,1982.80633
1719.823701,100,1983.73772
1409.076102,100,1984.255275
3405.071341,100,1984.684798
1137.064444,100,1985.119532
945.323978,100,1985.610417
414.544067,100,1986.172246
652.104595,100,1986.576767
2233.315129,100,1986.942547
1929.350527,100,1987.33267
1286.059117,100,1988.035853
2721.727583,100,1988.751872
1690.45845,100,1989.469531
2316.092165,100,1990.15305
873.376606,100,1990.856451
1878.77646,100,2018.770503
766.860344,100,2019.962928
1754.072241,100,2020.42467
1650.101992,100,2020.879795
2210.98672,100,2021.865293
731.580342,100,2022.781832
3388.607391,100,2024.477134
2340.137774,100,2025.315187
2421.263622,100,2026.0227
1232.882225,100,2026.830492
302.891233,100,2027.6919
2542.948357,100,2028.349015
3586.993763,100,2028.995989
1571.667539,100,2029.627627
1413.716994,100,2030.275376
-638.287667,100,2030.929657
2443.807647,100,2031.727053
1163.154821,100,2032.41532
1079.886394,100,2033.26277
545.423007,100,2034.361221
1406.373692,100,2035.08596
2848.992223,100,2060.932986
92.943767,100,2061.625108
1964.332658,100,2062.284467
-454.806417,100,2062.946714
851.276761,100,2063.668978
2373.764372,100,2065.887731
-66.680486,100,2066.764216
485.448142,100,2067.904425
1442.715671,100,2069.192864
1799.802887,100,2070.427009
646.611194,100,2071.364326
2394.61082,100,2072.169681
1039.88484,100,2072.947292
1631.520921,100,2073.690343
77.991191,100,2074.686018
2565.062029,100,2075.086956
360.202954,100,2075.52121
821.336349,100,2076.192353
2117.90883,100,2076.856655
228.685606,100,2077.505887
1274.020034,100,2104.322309
803.043817,100,2105.238097
2814.710074,100,2105.913851
2567.031236,100,2106.589342
2649.908751,100,2107.272278
1818.973905,100,2107.941485
-152.75673,100,2108.581033
941.508542,100,2109.232561
2255.492645,100,2109.933064
921.489216,100,2110.643806
492.169444,100,2111.444128
2464.703684,100,2112.249318
812.024176,100,2112.971273
145.882052,100,2114.574588
278.440082,100,2116.051885
189.552062,100,2117.38824
1935.236236,100,2118.900015
44.916254,100,2119.679383
2875.583888,100,2120.458255
-103.401064,100,2121.296466
1627.507394,100,2122.00749
1462.53832,100,2150.970355
1036.162947,100,2151.654395
2065.315175,100,2152.33183
1284.072126,100,2153.013628
2617.543158,100,2153.776011
2536.797965,100,2154.960675
257.235187,100,2155.643543
837.720507,100,2156.314165
1853.441936,100,2157.235317
2306.410652,100,2157.990528
1603.553751,100,2159.487391
2353.978716,100,2160.229072
1829.005171,100,2161.481038
1532.899802,100,2162.291474
2122.391005,100,2163.733407
1307.456523,100,2164.752295
2319.15406,100,2166.027519
1155.145593,100,2167.045583
2106.620455,100,2167.724848
1445.863809,100,2168.713206
1614.289533,100,2195.971085
91.455706,100,2196.731126
2071.134959,100,2197.402689
2136.32544,100,2198.131326
3097.532103,100,2198.856752
2309.282661,100,2199.553355
1905.084278,100,2200.52096
1849.576355,100,2201.642645
848.099229,100,2202.611305
2558.996471,100,2203.589278
419.424953,100,2205.37786
2572.096613,100,2206.203284
1509.705927,100,2206.934406
895.870901,100,2207.465716
499.946291,100,2207.8385
1700.257867,100,2208.193408
1608.877819,100,2208.578491
520.942756,100,2208.929861
2403.023529,100,2209.286668
1808.877567,100,2209.656887
2421.129515,100,2210.02144
-545.798553,100,2237.574206
1367.666741,100,2237.844499
1447.588281,100,2238.162616
753.045588,100,2238.453611
2629.644059,100,2238.739211
1664.072022,100,2239.023604
2041.954922,100,2239.451475
1798.984194,100,2239.730362
1538.393536,100,2239.991938
1626.871813,100,2240.267501
173.850895,100,2240.561946
1320.098903,100,2240.852053
2491.984305,100,2241.205219
589.27371,100,2241.628562
1227.550844,100,2241.935006
2142.066118,100,2242.216189
2467.927407,100,2242.499508
718.38368,100,2242.790393
2213.130404,100,2243.074564
1274.711597,100,2243.992153
1703.533809,100,2268.129019
661.136633,100,2268.699709
1346.602246,100,2269.250349
1976.644516,100,2269.800441
1750.355198,100,2270.354322
2168.694433,100,2270.920203
2741.765425,100,2271.486004
635.081525,100,2272.058434
1782.645392,100,2272.61621
1642.786568,100,2273.168141
765.584784,100,2273.73179
1478.923948,100,2274.314468
797.048098,100,2274.876194
1866.660876,100,2275.429675
2606.420387,100,2275.979252
2968.153212,100,2276.538097
1616.247666,100,2277.093418
2404.039475,100,2277.648888
1577.678778,100,2278.204293
1504.592404,100,2278.756146
-34.911327,100,2279.308935
1115.901293,100,2310.616022
2428.965776,100,2311.273962
1287.209956,100,2311.935943
2073.40747,100,2312.59826
1879.323379,100,2313.259295
1205.010719,100,2313.974393
977.126736,100,2314.676357
1593.202049,100,2315.432142
-579.835806,100,2316.331278
2182.712568,100,2317.019258
2086.810094,100,2317.666516
-27.212561,100,2318.30772
3075.139319,100,2318.944824
2053.789444,100,2319.624975
2472.322923,100,2320.285606
3063.115491,100,2320.919393
1034.833807,100,2321.560003
3169.179628,100,2322.228109
2642.844243,100,2322.922086
1751.732154,100,2323.623971
1082.327271,100,2355.18051
1619.085414,100,2355.988581
2400.413284,100,2356.711984
327.873448,100,2357.379977
1125.92236,100,2358.088447
2665.136253,100,2358.72414
1896.971353,100,2359.369263
-762.263851,100,2360.002218
1105.553739,100,2360.642035
1402.028134,100,2361.278841
-995.715227,100,2361.922561
1178.696755,100,2362.640659
2350.073949,100,2363.362749
1106.254779,100,2365.016512
1419.079686,100,2365.400219
2695.82859,100,2365.77962
3163.630985,100,2366.209559
846.280435,100,2366.579219
1197.667806,100,2366.950946
2162.786991,100,2367.329078
1669.49072,100,2367.673222
2906.460968,100,2399.568363
1523.636256,100,2400.207182
-38.717391,100,2400.832451
2469.218656,100,2401.474061
602.140857,100,2403.806175
1194.391899,100,2408.351547
3466.627258,100,2409.017012
924.716392,100,2409.526258
1467.358882,100,2409.897862
1317.004146,100,2410.278831
1448.501502,100,2410.689406
967.253008,100,2411.073116
1881.102391,100,2411.471236
3096.96262,100,2411.877012
592.809535,100,2412.221348
-222.071721,100,2412.597253
292.993323,100,2412.963016
594.206786,100,2413.350229
2396.947797,100,2413.782703
1438.975264,100,2414.982526
923.610048,100,2446.863372
1961.280234,100,2447.567765
365.179985,100,2448.232358
2070.546198,100,2448.908826
1868.993426,100,2449.564945
1477.345084,100,2450.198143
1542.127743,100,2450.841588
1795.078347,100,2451.485073
2287.929669,100,2452.126981
598.787555,100,2452.771875
1275.796812,100,2453.462506
1923.133814,100,2454.221391
449.567634,100,2454.917815
1265.987976,100,2455.59426
1651.308329,100,2456.272616
1887.396391,100,2456.968341
2305.397772,100,2457.655095
-1297.549092,100,2458.367404
-440.263912,100,2459.014799
1213.531618,100,2459.673304
175.84628,100,2460.322733
298.547359,100,2490.450799
1747.393406,100,2491.081355
1278.918793,100,2491.717509
807.452498,100,2492.379383
419.1325,100,2493.176657
-307.063114,100,2494.239062
1652.285837,100,2494.968785
1841.450361,100,2495.377246
1853.856738,100,2495.767742
1117.028319,100,2496.196188
987.304046,100,2496.606797
1083.266724,100,2497.000929
299.815981,100,2497.486677
1173.430916,100,2497.898486
-106.652667,100,2498.285309
1677.09105,100,2498.696828
1112.468325,100,2499.06142
1861.179845,100,2499.483987
1878.786804,100,2499.911501
2440.038557,100,2500.269755
1631.586408,100,2529.960047
1699.071521,100,2530.659379
2212.785454,100,2531.300575
420.099391,100,2531.969836
2430.074155,100,2532.794771
1648.390247,100,2533.569487
2035.869914,100,2534.463566
2207.882972,100,2535.231377
947.134748,100,2536.218878
1250.053346,100,2536.918939
2905.243802,100,2537.635526
2291.567383,100,2538.368681
1254.609763,100,2539.06547
1310.669854,100,2539.798379
1088.16702,100,2540.289035
99.910167,100,2540.659232
828.225165,100,2540.999683
1625.579351,100,2541.344949
1886.495315,100,2541.704301
2594.120407,100,2542.106355
1799.593805,100,2542.743009
-1679.162487,100,2573.439394
2404.707004,100,2574.165809
1156.262895,100,2574.918685
199.970107,100,2575.602035
1782.667955,100,2576.216383
2702.677459,100,2576.64252
1825.180909,100,2577.042571
2617.312729,100,2577.539787
2297.911552,100,2577.981139
1430.031299,100,2578.374023
2538.573104,100,2578.77339
2370.968795,100,2579.15012
2143.863573,100,2579.531228
2764.089435,100,2579.87955
1224.857261,100,2580.231805
2900.44255,100,2580.881491
1357.158916,100,2581.535861
1511.711824,100,2582.257966
1532.296973,100,2582.915792
2154.473266,100,2583.575774
2488.270639,100,2616.219657
157.122796,100,2616.629842
1442.938125,100,2617.013697
2145.181732,100,2617.410796
866.093766,100,2617.785354
2437.258942,100,2618.177802
2901.694164,100,2618.569264
2371.687893,100,2618.938938
2497.396867,100,2619.312463
1239.984898,100,2619.710989
2873.724576,100,2620.064847
659.013217,100,2620.430847
969.49984,100,2620.81854
1095.020329,100,2621.19007
2642.92125,100,2621.543137
2049.552657,100,2621.894414
1089.533894,100,2622.276393
1001.624226,100,2622.635013
1881.603367,100,2622.987641
1152.021229,100,2623.332184
452.745782,100,2623.713096
90.684201,100,2653.8093
472.211405,100,2654.49927
2158.37628,100,2655.158766
-221.708478,100,2655.818854
743.849766,100,2656.544227
629.654932,100,2657.20332
1850.574193,100,2657.867208
2151.021275,100,2658.571487
2645.326155,100,2659.24387
2492.48652,100,2659.917749
2959.477499,100,2660.629065
2062.60574,100,2661.313059
1033.17035,100,2661.991215
1647.035808,100,2662.682262
2357.2034,100,2663.460392
1042.533524,100,2664.132867
430.213925,100,2664.857393
2186.232266,100,2665.511835
1864.578141,100,2666.129488
2587.726086,100,2666.493868
1924.10347,100,2695.773732
1761.156815,100,2696.467056
3030.905356,100,2697.210946
1038.621558,100,2697.907689
2285.270917,100,2698.639873
2457.783904,100,2699.311297
982.847597,100,2699.668174
692.907464,100,2700.033724
2138.082201,100,2700.42577
1263.496273,100,2700.786141
2113.676447,100,2701.135118
1849.013595,100,2701.464726
752.843872,100,2701.867285
1417.048195,100,2702.234739
2494.444911,100,2702.585721
2750.866593,100,2702.963023
853.560593,100,2703.308729
3784.086059,100,2703.731835
2367.261893,100,2704.431012
1532.563177,100,2704.784953
-149.109871,100,2705.146372
1803.007082,100,2735.991598
1964.436272,100,2736.715195
-470.458516,100,2737.384776
1302.68402,100,2738.067212
2156.252801,100,2738.731782
1671.781375,100,2739.394264
2686.769321,100,2740.050077
2086.55369,100,2740.73108
2742.467598,100,2741.372865
975.517555,100,2742.010612
1946.628003,100,2742.735675
2706.817975,100,2743.387483
2933.269807,100,2744.256062
1730.562961,100,2744.881051
1538.830377,100,2745.618384
741.785481,100,2746.317494
707.787414,100,2747.000478
954.456457,100,2747.706187
2914.955766,100,2748.384758
2898.185134,100,2749.059816
2165.86265,100,2782.263458
281.708366,100,2782.978191
1679.201747,100,2783.637533
-722.090004,100,2784.502172
903.239605,100,2785.149831
1504.395026,100,2785.788278
727.687116,100,2786.448871
-44.852481,100,2787.101105
2397.246267,100,2787.783088
1769.825568,100,2788.461784
630.482632,100,2789.14061
2941.610215,100,2789.842641
2827.872752,100,2790.687154
711.381023,100,2791.397456
1597.462938,100,2792.090109
881.810863,100,2792.621588
871.949618,100,2793.001513
2845.788931,100,2793.350633
2147.852586,100,2793.738337
1622.277916,100,2794.681987
2238.577045,100,2795.038249
2349.845249,100,2826.253381
2308.622541,100,2826.909466
1645.532273,100,2827.571018
2770.356429,100,2828.247975
2705.892928,100,2828.915243
1113.01338,100,2888.44172
877.287803,100,2888.978275
1389.533461,100,2889.701881
-218.532077,100,2890.375835
2305.707274,100,2891.066757
2325.924401,100,2891.75238
3146.424323,100,2892.437471
415.62939,100,2892.822195
3109.271426,100,2893.169732
-199.043387,100,2893.584629
1315.065795,100,2894.055748
1836.125358,100,2894.538049
1557.934485,100,2895.052596
9.880878,100,2896.003471
2802.602377,100,2896.803386
1556.96542,100,2925.686023
2181.943804,100,2926.060589
-736.542797,100,2926.44317
-571.135603,100,2926.826202
1966.628265,100,2927.231723
901.15448,100,2927.60089
1916.281596,100,2927.978028
2179.925895,100,2928.372321
-40.561468,100,2928.769508
1491.682931,100,2929.178151
1513.502291,100,2929.556869
-94.042553,100,2929.921357
2333.112092,100,2930.296614
1350.040118,100,2930.695284
826.906267,100,2931.07922
1520.352275,100,2931.459866
2715.918002,100,2931.844387
-1396.42279,100,2932.290691
2429.638718,100,2932.717375
290.697243,100,2933.098646
783.232289,100,2934.581956
2401.952234,100,2964.365375
1095.401906,100,2965.079596
1565.391519,100,2965.734102
2753.656847,100,2966.373825
2230.606371,100,2967.050287
1522.318642,100,2967.767679
2684.008456,100,2968.604537
602.962049,100,2969.224732
1070.479557,100,2969.617697
1534.861671,100,2970.002153
761.220678,100,2970.400727
-583.785535,100,2970.791232
1762.095116,100,2971.175887
-55.914388,100,2971.580135
1504.38712,100,2971.955886
2355.000207,100,2972.343504
774.419363,100,2972.754665
1053.245378,100,2973.164579
1996.555809,100,2973.570012
2207.72796,100,2973.98541
251.366028,100,3002.914174
670.996525,100,3003.607772
3142.059261,100,3005.094077
528.968136,100,3005.805056
1304.787001,100,3006.457359
-1217.274845,100,3007.093188
2180.106336,100,3007.733412
930.260928,100,3008.375123
519.401347,100,3009.015716
1875.200484,100,3009.671958
-242.564644,100,3010.336492
643.711533,100,3011.014116
167.403326,100,3011.688605
1368.848506,100,3012.337456
2202.679396,100,3013.025718
-392.117375,100,3014.071592
1974.336335,100,3014.509598
1851.584682,100,3014.897403
1369.810704,100,3015.332198
2339.668853,100,3015.855171
3314.666252,100,3049.689006
-966.777055,100,3050.389163
1442.603626,100,3051.061822
667.809919,100,3051.732422
2002.395198,100,3052.484962
1073.861389,100,3053.183633
-188.704473,100,3054.192948
1392.92487,100,3054.921287
2217.809624,100,3055.598458
1902.893108,100,3056.084219
2237.006553,100,3056.515102
2083.824862,100,3056.88811
2495.753327,100,3057.248185
1946.382372,100,3057.59818
1544.446734,100,3057.940631
1121.953417,100,3058.298803
2264.040487,100,3058.668001
784.540693,100,3059.031753
744.540746,100,3059.386842
1209.432228,100,3059.743364
477.7703,100,3060.117006
1105.962377,100,3089.06867
692.847594,100,3089.771589
384.135987,100,3090.418108
1036.899617,100,3091.074799
2887.132011,100,3091.727245
1232.140975,100,3092.46109
1930.134194,100,3093.187326
2462.161542,100,3094.083689
-44.071775,100,3094.621458
1763.645021,100,3095.128093
-249.941483,100,3095.534122
1935.758391,100,3095.905116
1740.474202,100,3096.470367
2402.647428,100,3097.12619
2084.204218,100,3097.790359
143.444414,100,3098.431356
2033.82244,100,3099.100136
1155.956168,100,3099.754628
4.310853,100,3100.405749
-303.691444,100,3101.084069
2620.384873,100,3135.708886
2413.801243,100,3136.27723
662.324931,100,3136.749594
-1989.829671,100,3137.173104
2711.413007,100,3137.577811
1515.67865,100,3137.930085
628.881714,100,3138.279709
3032.148552,100,3138.624744
551.073282,100,3138.981992
1523.595697,100,3139.324395
2436.705641,100,3139.71164
1467.894358,100,3140.082022
1803.597864,100,3140.467126
1984.582433,100,3140.825393
1292.578364,100,3141.213049
1115.691742,100,3141.627291
1356.08163,100,3142.030687
-286.666897,100,3142.462015
1348.712786,100,3142.987004
-284.975083,100,3143.68844
993.266843,100,3144.429177
2844.513665,100,3174.309602
1208.915544,100,3175.062377
2115.009708,100,3175.538555
2927.776781,100,3175.97137
1073.42121,100,3176.456555
2561.767196,100,3176.834561
2352.164814,100,3177.212408
688.197364,100,3177.591596
1839.452503,100,3177.936938
1330.437602,100,3178.344334
850.718438,100,3178.738283
50.070832,100,3179.117966
1751.957914,100,3179.490809
735.814392,100,3179.839076
1629.037063,100,3180.18948
121.071222,100,3180.553037
1235.645419,100,3180.894474
-296.125648,100,3181.258506
1781.672754,100,3181.630308
2014.044078,100,3182.013866
337.09914,100,3210.966547
2494.986156,100,3211.685871
2418.845194,100,3212.758979
2111.475101,100,3213.748737
2820.239944,100,3215.314957
2629.007719,100,3216.433784
366.914068,100,3217.349179
1693.915826,100,3218.013445
-549.098765,100,3218.658318
980.975317,100,3219.336206
1181.30529,100,3219.975741
1112.464694,100,3220.609937
713.875766,100,3221.249209
1528.059379,100,3221.931627
1242.699672,100,3222.60384
194.007556,100,3223.285011
2196.302238,100,3223.977283
825.955767,100,3224.71431
167.901104,100,3225.415374
2554.411172,100,3226.091685
250.984035,100,3226.757371
2036.737155,100,3255.165463
-596.286841,100,3256.422193
1711.305448,100,3256.9594
1361.597189,100,3257.502318
-765.181185,100,3257.971631
1529.803476,100,3258.50759
1835.963825,100,3259.898216
863.251373,100,3260.615846
556.237268,100,3261.279024
1771.041017,100,3261.950561
1434.608654,100,3262.654974
1135.291836,100,3263.440275
2305.275504,100,3263.900678
1245.724509,100,3264.359142
1907.534343,100,3264.800377
2854.247144,100,3265.251585
2355.786518,100,3266.093555
2056.522748,100,3266.813087
1294.34438,100,3267.492773
1224.181773,100,3268.143319
1211.445783,100,3297.888572
2152.620942,100,3299.314462
64.519506,100,3300.12043
1039.994217,100,3300.869134
2462.470854,100,3301.594396
1164.465263,100,3302.717305
1783.524459,100,3303.251148
1474.832654,100,3304.146154
427.875194,100,3304.930823
663.675955,100,3305.619424
2852.059501,100,3306.334315
1712.120147,100,3307.005345
1158.500882,100,3307.707041
3271.693825,100,3308.360009
1663.404865,100,3309.007762
1668.207236,100,3309.655165
2286.645553,100,3310.292563
348.534431,100,3311.129784
2647.760494,100,3311.839691
1589.880572,100,3312.488225
1368.833142,100,3313.146208
1957.987932,100,3343.365307
2243.683369,100,3344.110766
592.825322,100,3344.821303
2574.973553,100,3345.580361
1679.889151,100,3346.552723
1376.457154,100,3347.248092
1535.734284,100,3347.92802
2201.923525,100,3348.288024
2955.545908,100,3348.638044
2196.86579,100,3348.984107
1572.629472,100,3349.359283
1190.122422,100,3349.724217
442.199048,100,3350.092105
1370.767445,100,3350.438193
2503.78322,100,3350.787692
-496.978159,100,3351.136779
2446.532443,100,3351.500285
2859.819992,100,3351.857347
1202.167929,100,3352.213973
1938.455321,100,3352.587957
2201.821007,100,3379.746644
739.119872,100,3380.730025
1867.637316,100,3381.14718
1885.150416,100,3381.600735
2332.486522,100,3382.512137
2071.068315,100,3384.339488
228.106342,100,3385.118369
3000.089023,100,3385.809615
1478.888499,100,3386.487068
575.136871,100,3387.300115
1451.250941,100,3388.144939
2168.733218,100,3388.722661
1800.71563,100,3389.080642
1356.639781,100,3389.436798
1464.71985,100,3389.800649
-1698.687872,100,3390.408995
580.352321,100,3391.081484
1014.050938,100,3391.729667
1802.976886,100,3392.369861
2196.737256,100,3393.011814
1590.852669,100,3393.680801
1647.591718,100,3424.838024
1752.794269,100,3425.563383
1767.802231,100,3426.134154
1387.922933,100,3426.966384
2602.492582,100,3427.783676
2034.265301,100,3428.929166
1136.979413,100,3429.967415
1975.705762,100,3431.408296
2092.893224,100,3432.107939
1817.559923,100,3432.760652
1714.790763,100,3433.43602
1801.892564,100,3434.168434
2129.003227,100,3434.916389
563.71482,100,3435.60164
29.902564,100,3436.284484
3403.394322,100,3436.999732
1426.050371,100,3437.681885
2685.349869,100,3438.355612
2572.207462,100,3439.092748
1626.383311,100,3439.779728
2454.375795,100,3469.941376
1187.342096,100,3471.346498
283.458214,100,3472.065664
1404.006302,100,3473.15757
1038.227144,100,3474.466997
514.826666,100,3475.227489
778.562725,100,3475.923955
1829.830909,100,3476.62167
2462.772842,100,3477.311872
1783.680398,100,3477.962977
548.198994,100,3478.633823
1016.045293,100,3479.339406
220.338656,100,3479.991101
1216.674131,100,3480.629196
1090.166822,100,3481.280799
2020.027891,100,3481.925207
3305.689232,100,3482.569166
2176.461233,100,3483.212764
1582.705146,100,3484.044188
1211.052919,100,3484.728822
889.631769,100,3485.403849
459.775987,100,3517.885216
2680.397961,100,3519.362027
831.782083,100,3520.056099
923.884422,100,3520.744533
2282.954568,100,3521.426998
1922.298851,100,3522.099741
-304.532233,100,3522.802408
1519.55043,100,3523.451768
2252.467688,100,3524.058005
-215.026422,100,3524.481499
2419.33798,100,3524.873189
1321.613805,100,3525.262424
2809.386376,100,3525.656161
1350.994945,100,3526.068274
1492.864423,100,3526.462189
1457.996216,100,3526.842973
1348.388925,100,3527.229522
220.23464,100,3527.63289
1891.530244,100,3528.040556
361.53635,100,3528.433465
1667.558435,100,3558.128724
2115.317652,100,3559.049634
562.433813,100,3559.595778
2970.72215,100,3560.087591
1469.378333,100,3560.986219
2517.896645,100,3561.441118
1259.071055,100,3562.334761
393.709547,100,3562.767421
1379.175157,100,3563.187003
795.996306,100,3563.814776
1677.984607,100,3564.554693
2634.079515,100,3564.951495
1230.890411,100,3565.470516
769.72455,100,3565.872431
2098.029742,100,3566.257035
1475.671861,100,3566.683587
1392.843283,100,3567.103251
2564.938657,100,3567.495346
1755.492328,100,3567.934786
2184.159949,100,3568.328085
781.69641,100,3568.726472
2066.309942,100,3598.887479
1935.045101,100,3599.679512
204.621393,100,3601.101944
2512.568518,100,3601.760571
1074.171984,100,3602.421303
2834.139418,100,3602.806545
1630.496271,100,3603.327214
2035.144676,100,3604.476276
316.63154,100,3604.83248
1003.819048,100,3605.199457
1337.171656,100,3605.724494
1263.45911,100,3606.421734
1528.035398,100,3607.1185
1565.754606,100,3607.811229
1689.130315,100,3608.50393
42.920853,100,3609.123008
1319.44162,100,3609.691869
1593.002277,100,3610.369008
2934.130537,100,3611.022509
2287.650506,100,3611.679713
-531.707218,100,3640.995697
665.08486,100,3642.204208
2000.262123,100,3642.935093
540.680485,100,3643.370395
664.647247,100,3643.897799
-419.55089,100,3644.714096
515.740421,100,3645.539407
686.557306,100,3646.492733
824.182596,100,3647.36358
1335.483599,100,3648.058515
1763.960178,100,3648.742068
1317.594683,100,3649.419214
-92.471369,100,3650.128834
2551.006008,100,3650.839092
1847.196877,100,3651.495069
2070.595224,100,3652.13715
2204.994461,100,3652.825799
2137.048067,100,3653.501033
103.187887,100,3654.217754
1324.976305,100,3654.923789
2025.157532,100,3655.573572
945.695511,100,3685.371182
2279.288464,100,3686.730946
1028.178643,100,3687.539061
1363.372925,100,3688.248273
2447.728646,100,3688.993742
-6.385414,100,3689.710522
440.206313,100,3690.421337
1820.580458,100,3691.140283
34.389584,100,3691.797189
1017.098435,100,3692.446464
-943.09692,100,3693.112318
-217.320472,100,3693.793004
2205.019434,100,3694.548356
1299.661479,100,3695.208668
494.009697,100,3696.088847
3158.643063,100,3696.749864
2274.768353,100,3697.427542
1560.27129,100,3698.112178
2065.545605,100,3698.795335
1080.410044,100,3699.38742
1108.896614,100,3729.271709
1402.195832,100,3730.515452
1366.050219,100,3730.959583
3003.400923,100,3731.578024
-364.653853,100,3732.01897
2448.404923,100,3732.450464
2209.239364,100,3732.826871
635.690461,100,3733.184792
1429.713548,100,3733.586804
13.357124,100,3734.16012
1612.740654,100,3734.641087
2226.728611,100,3735.283952
2927.410233,100,3735.965952
2562.111741,100,3736.656331
2593.556513,100,3737.380167
302.711991,100,3737.77757
1580.163971,100,3738.180679
3373.728537,100,3738.811053
2496.200386,100,3739.242881
709.019449,100,3739.66638
2583.866253,100,3740.088284
-83.31084,100,3771.773355
1447.088945,100,3772.301249
1256.470103,100,3772.740563
1982.383578,100,3773.192326
1489.066558,100,3774.933075
916.336286,100,3775.683976
1662.398238,100,3776.358303
1564.950784,100,3777.013971
221.835888,100,3777.683484
2584.603081,100,3778.309468
1239.447298,100,3778.70032
1139.035907,100,3779.076334
1998.741086,100,3779.526387
2858.387617,100,3779.944994
1634.74455,100,3780.38181
870.303084,100,3780.790952
1243.583044,100,3781.432684
1275.51115,100,3782.160185
2010.815476,100,3782.839739
3081.534331,100,3783.55943
2747.012179,100,3813.284875
1978.208939,100,3813.920053
2333.234583,100,3814.71461
803.300637,100,3815.283141
-585.313733,100,3815.929005
1745.290051,100,3816.535578
1226.592996,100,3817.11693
1478.968347,100,3817.674946
-135.710864,100,3818.222589
1101.715808,100,3818.764422
3324.364049,100,3819.308946
-243.129362,100,3819.867562
527.238827,100,3820.417359
541.07594,100,3820.967264
1488.517306,100,3821.512715
2100.843303,100,3822.064329
946.748201,100,3822.610742
1913.267963,100,3823.162522
2299.724536,100,3823.710988
363.419479,100,3824.298624
2294.840864,100,3824.867024
1578.935453,100,3846.160367
3105.759197,100,3846.447697
1776.731834,100,3846.725319
2276.992524,100,3847.025738
-121.548571,100,3848.062829
1168.089069,100,3848.698558
545.69586,100,3849.451443
1577.662675,100,3850.090014
3012.43687,100,3851.519385
-173.128869,100,3852.117941
850.601483,100,3852.699871
934.445844,100,3854.722353
1498.401662,100,3855.185981
1386.222674,100,3855.476532
773.67461,100,3855.798856
-434.546964,100,3856.354329
2479.317226,100,3856.902475
2697.820285,100,3857.451965
1491.376594,100,3858.028799
1144.88214,100,3858.602002
1570.884374,100,3881.57072
2620.192958,100,3882.505311
1503.298202,100,3882.986575
1059.317277,100,3883.440259
1825.059146,100,3883.93572
1306.823188,100,3884.528778
2203.121967,100,3884.979979
2424.822456,100,3885.460504
2531.418003,100,3886.150187
848.794784,100,3886.840891
1885.413153,100,3887.497547
712.95227,100,3888.138706
904.069851,100,3889.496734
1310.105526,100,3890.346382
-710.684076,100,3945.700539
2207.491729,100,3946.441114
3583.687283,100,3947.003553
1203.741159,100,3947.46142
1234.662021,100,3947.903132
2087.743772,100,3948.287205
3104.208923,100,3948.641985
1815.321854,100,3976.678249
1063.541374,100,3977.720253
1920.036548,100,3978.5761
3283.388413,100,3979.39049
2085.777267,100,3980.359546
1562.160152,100,3981.112495
2190.709145,100,3981.819163
-182.665542,100,3982.487431
3245.701662,100,3983.146263
1269.808205,100,3983.891141
1812.619898,100,3984.945201
2141.1719,100,3985.671387
930.392246,100,3986.376071
1988.741196,100,3987.117456
738.921746,100,3987.812687
1778.855274,100,3988.489954
1736.431107,100,3989.139157
1476.784394,100,3989.781744
1916.933911,100,3990.42394
1966.685478,100,3991.081131
1607.157562,100,4020.872672
1435.185046,100,4021.801312
1800.286194,100,4022.86912
1370.947851,100,4024.036809
1349.587406,100,4024.810081
1589.282858,100,4025.704291
1018.00605,100,4026.385395
2761.949658,100,4027.091229
1793.200242,100,4027.610039
2685.747694,100,4028.088268
316.737385,100,4028.489563
2314.364006,100,4028.882431
-919.841335,100,4029.24377
1097.287344,100,4029.573773
509.675678,100,4029.918486
2046.031271,100,4030.291463
1406.300738,100,4030.653286
2550.324587,100,4031.003485
1993.463734,100,4031.351444
1993.770443,100,4031.698622
1974.569893,100,4032.144139
522.290559,100,4060.094599
2070.814472,100,4061.182569
-1475.450509,100,4061.997108
2225.123626,100,4063.725234
1732.234962,100,4065.272099
2250.918659,100,4066.11043
846.161148,100,4066.954481
115.165305,100,4067.772311
2239.347435,100,4068.822676
2926.052378,100,4070.545462
1212.827147,100,4071.387765
1523.745795,100,4072.102225
1849.726745,100,4072.803988
1091.089355,100,4073.457559
2738.260292,100,4074.196727
432.82342,100,4074.782799
1521.249431,100,4075.198229
1371.690705,100,4075.577806
704.374466,100,4075.96628
2127.099321,100,4076.374764
2375.761556,100,4105.775263
2097.151668,100,4106.348258
2198.033798,100,4106.79595
808.883412,100,4107.230187
2280.863575,100,4107.843118
2058.034664,100,4108.356638
1453.56898,100,4109.168166
1290.981826,100,4110.593857
1813.124217,100,4111.330867
1776.939298,100,4112.111404
1913.77333,100,4112.833684
2433.377784,100,4113.502495
-954.926572,100,4114.215606
411.843396,100,4114.674028
2736.436172,100,4115.066879
510.423724,100,4115.434171
1054.610206,100,4115.807037
38.384959,100,4116.414085
1782.367179,100,4117.075494
671.324622,100,4117.74124
2420.111324,100,4144.775377
1982.478333,100,4145.914981
2426.8946,100,4146.733264
2736.347475,100,4148.147044
1323.715638,100,4149.39764
2078.734502,100,4150.03649
1263.801827,100,4150.847965
-544.220322,100,4151.53028
1809.47181,100,4152.704072
1291.696887,100,4153.479354
2008.550451,100,4154.161512
1691.324988,100,4154.887118
1387.330796,100,4155.572507
-99.075837,100,4156.271502
1072.743265,100,4157.03164
1949.279221,100,4157.760815
1818.231368,100,4158.504774
1857.10743,100,4159.216899
-570.895914,100,4159.904437
1585.84815,100,4160.603575
1361.010776,100,4161.277166
1788.033927,100,4187.46031
1954.491908,100,4189.021678
1651.323903,100,4190.46963
3256.980248,100,4191.498021
1519.817388,100,4191.947324
1186.409993,100,4192.53365
902.194807,100,4192.948051
1397.86723,100,4193.991186
2594.506698,100,4195.805154
2191.544734,100,4196.60811
2355.466712,100,4197.325871
1401.406834,100,4198.251354
604.841715,100,4198.841231
1837.442919,100,4199.619391
1690.418264,100,4200.439171
1578.22396,100,4201.128628
-805.230986,100,4201.779476
2020.469632,100,4202.431343
2291.214942,100,4203.076152
1470.964266,100,4203.716023
725.737618,100,4229.168122
2164.971421,100,4229.87444
1779.534259,100,4231.192182
477.104569,100,4231.610134
2156.273287,100,4232.046237
2879.589128,100,4233.016493
2515.121166,100,4233.832972
3098.738471,100,4234.736704
504.906255,100,4235.574887
2505.949862,100,4236.774625
1525.170137,100,4237.859372
1443.924833,100,4238.604677
1129.871235,100,4239.51132
1644.634744,100,4240.266567
989.404108,100,4240.961382
1779.230746,100,4241.361593
1472.151694,100,4241.712877
2726.597949,100,4242.078084
-546.036017,100,4242.462509
2224.343473,100,4242.836138
500.806526,100,4243.214678
1704.602788,100,4273.009188
1979.816541,100,4273.665385
1587.683009,100,4274.338164
82.262994,100,4275.05241
701.350713,100,4276.381882
1049.379933,100,4277.092957
913.518717,100,4278.684573
606.012688,100,4279.788642
1797.519468,100,4281.215625
1662.028715,100,4282.006747
2206.192198,100,4282.788303
1308.87134,100,4284.172606
1617.983888,100,4284.656881
1464.313432,100,4285.58956
1896.720086,100,4286.419865
385.04968,100,4287.252692
1169.135435,100,4287.902425
736.46401,100,4288.602237
3162.490108,100,4289.271179
2447.544698,100,4289.952788
105.679466,100,4316.305454
1840.635617,100,4317.42276
-193.619312,100,4318.844724
1388.232213,100,4320.549943
1679.763974,100,4321.780095
1045.122553,100,4322.915011
1340.892432,100,4324.550219
2344.629189,100,4325.760404
2303.477624,100,4326.450463
970.222063,100,4326.859415
1578.676704,100,4327.293789
1099.148907,100,4327.860486
1727.819596,100,4328.851426
1496.946622,100,4329.462656
1323.314109,100,4330.012839
1461.41887,100,4330.445765
1435.295737,100,4330.852562
204.54445,100,4331.246727
1811.977719,100,4331.658768
2274.615357,100,4332.232206
1265.130983,100,4332.699166
1271.28827,100,4359.51779
1437.693691,100,4360.711759
2455.473505,100,4361.038711
1119.962263,100,4362.497068
2055.132836,100,4363.603178
470.470711,100,4364.995831
2141.975205,100,4365.341766
1786.928084,100,4365.629879
1429.594136,100,4365.902713
331.049111,100,4366.194452
3176.094339,100,4366.755545
1261.152579,100,4367.492059
1580.850837,100,4368.067413
1955.790692,100,4368.400584
2390.131722,100,4368.738724
-693.111455,100,4369.066605
1444.211667,100,4369.406636
1445.159314,100,4369.732519
1819.317479,100,4370.05864
1993.829367,100,4370.421655
2628.648268,100,4395.303551
-832.954887,100,4395.885889
1391.599548,100,4396.447196
1999.61873,100,4397.028968
1045.228075,100,4397.573868
2902.181495,100,4398.12213
781.853127,100,4398.67432
2426.618517,100,4399.226089
1585.091901,100,4399.774621
1864.9623,100,4400.334356
1623.212966,100,4400.907184
1853.463567,100,4401.471128
2045.341245,100,4402.508258
1088.997151,100,4403.447621
1627.34039,100,4404.355168
2603.626601,100,4405.119686
1149.805368,100,4406.129197
1359.337914,100,4406.780212
-785.878815,100,4407.360321
1713.021256,100,4407.96825
1189.595297,100,4408.598236
2525.589385,100,4431.073471
2162.932936,100,4431.357001
1857.971397,100,4431.642171
1871.041523,100,4431.922174
2137.328748,100,4432.191712
583.633266,100,4432.462822
1175.883612,100,4432.729595
2283.876955,100,4433.006665
2514.553901,100,4433.281453
1776.652862,100,4433.567471
862.451239,100,4433.852659
1306.881907,100,4434.135424
2989.972764,100,4434.462802
2272.389049,100,4434.73649
2249.752879,100,4435.01123
913.121319,100,4435.31132
100.860022,100,4435.587452
1025.580122,100,4435.847559
1705.780783,100,4436.125602
-70.15475,100,4436.3837
993.988056,100,4460.899238
1550.598767,100,4461.484798
1902.493117,100,4462.118158
1310.414338,100,4462.711643
2808.598073,100,4463.281267
2960.920968,100,4463.853686
936.270456,100,4464.439283
1420.786781,100,4464.998882
852.4438,100,4465.569008
1546.608385,100,4466.135291
3081.197727,100,4466.6998
2953.501986,100,4467.269636
1114.886981,100,4467.823339
1737.341572,100,4468.382369
426.364372,100,4468.946842
660.914588,100,4469.535671
715.402305,100,4470.115466
642.241059,100,4470.681825
2158.261091,100,4471.256965
2489.348126,100,4471.834267
313.103423,100,4472.398945
1177.760178,100,4497.524678
1727.817991,100,4498.104105
635.65091,100,4498.673079
-943.333571,100,4499.234621
-806.074672,100,4499.803952
3106.952998,100,4500.446265
1503.58168,100,4501.03756
2085.771773,100,4501.594529
442.856412,100,4502.154972
-1290.953445,100,4502.727376
274.857975,100,4503.269716
2041.892922,100,4503.816293
810.555486,100,4504.388401
2573.388426,100,4504.936675
3436.538119,100,4505.487501
2122.582802,100,4506.031937
2047.402488,100,4506.574432
849.952082,100,4507.113867
2113.760591,100,4507.684821
3038.866383,100,4508.237549
1978.640975,100,4530.678339
1348.73748,100,4531.740365
1873.600124,100,4532.047172
1496.792278,100,4532.488435
1758.804626,100,4532.871408
1206.626324,100,4533.830092
963.111909,100,4534.594275
1574.858329,100,4534.974195
2754.63942,100,4535.27364
1769.754401,100,4535.601648
2483.137021,100,4536.03241
2060.722903,100,4536.378753
1553.465656,100,4536.736668
678.518138,100,4537.222872
1997.375352,100,4537.689952
751.68717,100,4537.997097
1043.605507,100,4538.285236
1023.77124,100,4538.575888
724.183413,100,4538.863403
937.236852,100,4539.141151
2157.015149,100,4539.576897
566.282257,100,4562.552118
1899.720514,100,4563.136248
1523.86904,100,4563.892155
2067.424006,100,4564.315876
1578.766946,100,4564.866954
1622.086057,100,4565.453933
1213.225576,100,4566.037536
1840.562308,100,4566.618884
937.916597,100,4567.19318
2538.435968,100,4567.79212
2267.828964,100,4568.376364
1592.23029,100,4568.945526
1200.611262,100,4569.51187
1705.304597,100,4570.123096
272.889351,100,4570.703526
1531.753597,100,4571.289334
1460.964994,100,4571.871015
2470.609006,100,4572.448325
1721.787183,100,4573.063112
402.654944,100,4574.559457
2361.457341,100,4603.373416
1638.836244,100,4603.955943
1537.589084,100,4604.552076
1346.944186,100,4605.118013
1527.844712,100,4605.688966
1236.362314,100,4606.237272
-209.936965,100,4606.778255
1862.217606,100,4607.325785
1529.955943,100,4607.885296
2162.75018,100,4608.439642
1920.661467,100,4609.009258
1590.049136,100,4609.565399
1061.575489,100,4610.11326
433.809563,100,4610.666519
63.021479,100,4611.214061
1311.473098,100,4611.765357
1932.555959,100,4612.312861
725.077455,100,4612.862127
1363.968727,100,4613.478893
2054.657062,100,4614.050868
72.360081,100,4614.682213
197.837227,100,4640.082973
2439.13386,100,4640.669451
2462.98596,100,4641.237297
896.094538,100,4641.795819
2291.936621,100,4642.352752
2357.128557,100,4642.934332
198.847357,100,4643.514437
1616.348524,100,4644.136052
2345.15735,100,4644.714166
1191.65942,100,4645.27832
1719.637724,100,4645.849585
204.199068,100,4646.420282
1743.092541,100,4646.978295
1281.262064,100,4647.546772
1682.129456,100,4648.10964
2244.902048,100,4648.675684
3232.515399,100,4649.262354
1912.32447,100,4649.832052
1601.315052,100,4650.389586
1758.235708,100,4650.950307
2087.275976,100,4679.277861
2211.374774,100,4679.785194
1992.954068,100,4680.328248
1702.779074,100,4680.888749
2084.905382,100,4681.452311
-188.697724,100,4681.997702
765.258977,100,4682.538298
1826.052309,100,4683.086259
-171.804374,100,4683.634853
-302.260475,100,4684.299813
-389.266857,100,4684.865351
713.683013,100,4685.418468
869.780625,100,4685.984616
806.354282,100,4686.559364
410.513762,100,4687.116275
1360.3903,100,4687.667934
1618.525667,100,4688.218787
3673.8097,100,4688.775816
2051.200236,100,4689.334651
582.579219,100,4689.898324
1065.212205,100,4690.454633
407.110978,100,4715.120337
2753.482399,100,4715.723382
2197.463232,100,4716.35099
2081.729937,100,4716.92635
2780.856847,100,4717.480935
-35.859585,100,4718.042267
1528.407883,100,4718.613323
-269.927873,100,4719.169575
1159.169359,100,4719.723849
1463.449486,100,4720.283868
-960.702426,100,4720.841841
594.612118,100,4721.395684
-325.72976,100,4721.954741
1358.271587,100,4722.508275
2329.33951,100,4723.060805
2337.833718,100,4723.615465
1147.9694,100,4724.191855
1015.896627,100,4724.776944
936.229996,100,4725.336581
1887.760625,100,4725.910309
216.184209,100,4749.46947
300.768034,100,4750.062165
1530.551034,100,4750.658951
1675.737255,100,4751.254124
249.179883,100,4751.848571
2166.157857,100,4752.444037
1624.391063,100,4753.075749
2376.348453,100,4753.664619
351.248581,100,4754.244224
-349.609698,100,4754.808358
1488.104017,100,4755.38758
1733.393472,100,4755.948213
2390.406539,100,4756.501545
1432.066456,100,4757.054626
955.016975,100,4757.616418
3072.838969,100,4758.199207
956.958782,100,4758.773566
843.70279,100,4759.32966
571.909906,100,4759.885651
1444.35009,100,4760.447515
2089.730829,100,4761.005232
147.020843,100,4784.097149
2069.675103,100,4784.664991
851.116263,100,4785.248671
1624.841902,100,4785.812313
1288.808005,100,4786.371323
1598.692539,100,4786.925711
1279.105439,100,4787.481308
2540.301368,100,4788.03774
131.019007,100,4789.140779
2834.447594,100,4789.453543
1986.472959,100,4789.740061
1240.322446,100,4790.028612
1351.433863,100,4791.0376
1400.292223,100,4791.654061
753.561603,100,4792.403945
1827.189326,100,4793.020788
1267.238613,100,4793.643343
1504.639036,100,4794.604562
1042.095324,100,4795.460859
2788.774732,100,4796.069706
2806.772052,100,4819.291506
2455.831646,100,4819.885475
2720.504822,100,4820.444625
962.159612,100,4820.999
434.547148,100,4821.546556
1263.383638,100,4822.109704
1093.233843,100,4822.658241
2113.778582,100,4823.206753
1742.247209,100,4823.767011
-2019.280797,100,4824.346337
2479.820352,100,4824.909193
697.301223,100,4825.493436
-693.209914,100,4826.05899
3137.529158,100,4826.615743
1946.440452,100,4827.166842
533.436611,100,4827.71834
1703.692232,100,4828.278501
1645.473016,100,4828.831812
2695.625248,100,4829.254568
1812.722704,100,4829.531356
2272.191931,100,4829.805541
2691.539408,100,4855.496408
1918.002952,100,4856.074704
2119.741545,100,4856.641958
3180.627464,100,4857.212967
1805.00959,100,4857.761069
2432.219606,100,4858.308811
1385.350767,100,4858.856973
3146.095138,100,4859.405687
461.853929,100,4859.947001
2836.969726,100,4860.489508
2024.909273,100,4861.032582
1961.254766,100,4861.572423
2564.976841,100,4862.141382
1961.154304,100,4862.699487
1774.066353,100,4863.258652
981.019224,100,4863.806793
1016.121994,100,4864.378711
2219.762133,100,4864.930292
2372.026466,100,4865.470041
2466.382118,100,4866.022284
-38.620683,100,4892.132828
2024.237886,100,4892.699465
1197.457638,100,4930.70746
1219.342951,100,4930.968776
738.935202,100,4931.220657
1061.461233,100,4931.480635
398.840497,100,4931.737957
544.593506,100,4932.012557
1285.644524,100,4932.282182
2607.753761,100,4932.554959
3519.800585,100,4932.826418
1237.191885,100,4933.097651
710.32583,100,4933.354506
-1257.919359,100,4933.629132
2439.9781,100,4933.953876
1364.203236,100,4934.269001
783.476806,100,4934.553741
206.944082,100,4934.817364
829.311941,100,4935.082975
461.693987,100,4935.34172
185.323959,100,4935.607121
-886.01354,100,4958.304203
2866.708046,100,4958.92
2560.478386,100,4959.875616
574.090834,100,4960.499343
2320.921019,100,4961.10862
-1950.548629,100,4961.783871
554.663342,100,4962.451425
-250.756346,100,4963.223871
1717.426664,100,4964.339561
2249.304672,100,4965.061621
1245.380732,100,4965.63972
995.400401,100,4966.211762
882.012819,100,4966.766845
504.639446,100,4967.315493
2563.088528,100,4967.867209
2223.006023,100,4968.441625
1191.506115,100,4969.022115
2628.786501,100,4969.584353
1334.355228,100,4970.151106
2077.633505,100,4970.706674
1040.976179,100,4993.269581
1654.948013,100,4993.834777
-62.751647,100,4994.413429
768.593018,100,4994.972775
1881.753773,100,4995.52509
2151.080865,100,4996.107235
-358.925432,100,4996.658707
771.808193,100,4997.211248
1821.872619,100,4997.757307
1835.216772,100,4998.308634
461.284374,100,4998.85531
1361.857802,100,4999.737437
6.102328,100,5000.058721
106.123967,100,5000.465388
1693.477335,100,5000.782184
1495.608878,100,5001.397446
1918.322541,100,5002.051213
2319.171888,100,5003.22835
1264.944271,100,5003.503606
1247.232828,100,5003.784867
341.372093,100,5004.096781
1528.527635,100,5026.754955
2615.743155,100,5027.336359
1756.658541,100,5027.904558
685.867849,100,5028.458831
970.574965,100,5029.016765
2449.291449,100,5029.569202
1730.021907,100,5030.125344
1967.265382,100,5030.689508
1662.893004,100,5031.241271
1301.328063,100,5031.809212
624.895476,100,5032.360709
2111.52964,100,5032.920696
1362.769216,100,5033.477327
1267.881878,100,5034.054691
1365.753496,100,5034.629383
1210.683097,100,5035.187213
2245.153923,100,5035.740352
2644.01285,100,5036.304747
1682.184303,100,5036.855201
228.621018,100,5037.410619
426.271179,100,5062.912797
1991.579169,100,5063.486425
2579.81489,100,5064.122396
1213.195287,100,5064.697552
1963.894223,100,5065.250272
1495.749214,100,5065.812817
2174.704429,100,5066.373775
968.365718,100,5066.931186
195.944339,100,5067.486728
2279.042908,100,5068.078977
-721.667326,100,5068.642054
1377.684876,100,5069.207514
1236.624782,100,5069.764776
2406.577636,100,5070.317739
1551.675473,100,5070.879238
1532.480349,100,5071.433251
858.771326,100,5072.008328
2153.982385,100,5072.57427
2258.044874,100,5073.138747
-302.518478,100,5073.708204
2422.392191,100,5098.93111
847.199643,100,5099.515416
1964.150816,100,5100.064463
986.316761,100,5100.664458
288.20996,100,5101.209371
2589.884036,100,5101.764781
1510.816,100,5102.316209
199.681786,100,5102.867938
1999.524254,100,5103.415297
1488.632765,100,5103.979475
1783.716469,100,5104.560943
-166.444706,100,5105.117832
237.703535,100,5105.670453
765.216789,100,5106.228855
1810.204592,100,5106.785813
1703.718344,100,5107.339829
3112.245859,100,5107.91412
2149.03683,100,5108.47595
1655.280393,100,5109.027823
1518.728623,100,5109.589375
1726.698762,100,5110.148891
1576.407116,100,5133.54049
1193.66415,100,5134.210976
628.783868,100,5134.829788
2446.337334,100,5135.897938
370.109453,100,5136.478115
2147.61241,100,5137.028039
2167.988396,100,5137.581185
1876.201984,100,5138.137276
1462.240953,100,5138.694171
1294.138795,100,5139.245228
-1057.065081,100,5139.856745
812.519498,100,5140.459449
340.011079,100,5141.045931
-75.190825,100,5141.600738
1245.383615,100,5142.154637
-79.8668,100,5142.703488
675.098047,100,5143.254709
946.871569,100,5143.809779
1099.386494,100,5144.38962
2197.487375,100,5144.949966
2930.001091,100,5166.918758
1163.926197,100,5167.495565
1854.430701,100,5168.040587
1697.899454,100,5168.59113
2319.111703,100,5169.129787
-625.734311,100,5169.676707
1162.227418,100,5170.214797
1702.926543,100,5171.259723
1204.644789,100,5171.866932
1410.735518,100,5172.687973
1978.440629,100,5173.492043
2418.581072,100,5174.319408
2154.918846,100,5174.954248
2967.328969,100,5175.544665
1703.292365,100,5176.296797
2848.175123,100,5177.060743
1981.519549,100,5178.290317
-60.966015,100,5179.273148
2516.711362,100,5179.87343
-1152.313119,100,5180.173796
1735.479395,100,5180.476753
1696.069387,100,5202.768627
1474.664189,100,5203.315719
1018.188616,100,5203.867499
1561.871861,100,5204.457006
1181.909253,100,5205.01658
-639.241609,100,5205.562861
1849.90288,100,5206.108387
-540.479313,100,5206.664882
1943.820704,100,5207.207772
1202.317437,100,5207.75752
1311.890306,100,5208.298753
1677.910106,100,5208.854052
-314.189602,100,5209.404406
699.186072,100,5209.950968
613.142135,100,5210.51141
685.023132,100,5211.06827
2186.806178,100,5211.617524
2135.983433,100,5212.165308
2906.565596,100,5212.716958
-424.519114,100,5213.257754
1158.841412,100,5239.560189
2157.925038,100,5240.137558
2633.729859,100,5240.717329
2722.101415,100,5241.299031
1887.721114,100,5241.859855
2037.405334,100,5242.41295
3051.388104,100,5242.981429
2534.478413,100,5243.537938
1385.067753,100,5244.118026
1283.659116,100,5244.692953
2185.912593,100,5245.248343
1682.782123,100,5245.809351
817.456277,100,5246.367736
1508.831448,100,5246.929344
1393.510697,100,5247.481792
1933.691928,100,5248.058147
418.549195,100,5248.611803
1808.035245,100,5249.168236
2858.320119,100,5249.725521
-274.417435,100,5250.278976
1668.659184,100,5250.83688
-383.275898,100,5275.986046
1843.91337,100,5276.556205
677.416596,100,5277.108381
801.818029,100,5277.658756
2172.493243,100,5278.20601
2064.096596,100,5278.755285
1473.567354,100,5279.303557
1268.594739,100,5279.86526
111.31027,100,5280.412539
2516.743982,100,5280.985239
609.053296,100,5281.556876
-732.874433,100,5282.115383
904.61371,100,5282.668817
1045.533753,100,5283.227777
2228.057929,100,5283.79804
1343.395616,100,5284.378283
2849.721068,100,5284.94188
2070.631547,100,5285.496351
766.961761,100,5286.053472
817.267166,100,5286.620236
1729.92535,100,5312.6983
3110.111181,100,5313.268969
1828.065232,100,5313.823992
1886.117349,100,5314.397386
1200.874734,100,5314.955402
918.492713,100,5315.498721
2410.166276,100,5316.039501
2391.941916,100,5316.592465
1461.617119,100,5317.134972
524.463934,100,5317.680309
1181.822754,100,5318.221667
706.26376,100,5318.767065
3022.770376,100,5319.309587
1490.698288,100,5319.86931
-1022.150222,100,5320.410122
2147.019696,100,5320.973812
1550.143813,100,5321.51425
2766.482727,100,5322.064364
3257.989352,100,5322.635
2298.3819,100,5323.201981
-130.143317,100,5323.765483
956.0139,100,5348.223667
49.610468,100,5348.790673
2687.677637,100,5349.344807
240.792125,100,5349.895364
1177.277559,100,5350.467314
-1580.138293,100,5351.024682
1725.501005,100,5351.5747
2152.008972,100,5352.137378
1578.054171,100,5352.723475
1204.949248,100,5353.302622
1522.116573,100,5353.869766
1058.081103,100,5354.44771
-53.564593,100,5355.024787
3010.111972,100,5355.576188
435.617644,100,5356.133201
-48.440862,100,5356.700688
2348.489299,100,5357.267469
897.146259,100,5357.83636
2581.147986,100,5358.399586
2588.766143,100,5358.96568
1819.757978,100,5381.374946
1405.913416,100,5381.952754
665.84507,100,5382.548285
1361.200392,100,5383.097852
1237.502536,100,5384.003085
1445.891142,100,5384.298095
-311.324477,100,5384.666389
2408.346443,100,5384.935333
-280.485672,100,5385.879228
888.576885,100,5386.529198
2103.889294,100,5387.257842
2830.042472,100,5388.100194
2064.994358,100,5388.465451
2025.253043,100,5388.870873
1568.73869,100,5389.290345
1653.987234,100,5389.586451
591.319629,100,5389.868654
2531.600303,100,5390.152989
917.458044,100,5390.450076
1419.785367,100,5390.746613
-906.567852,100,5391.025527
2289.223772,100,5413.74223
831.83012,100,5414.318892
1188.106328,100,5414.87996
649.878768,100,5415.429453
2806.50124,100,5415.979161
1573.106796,100,5416.553425
1685.160109,100,5417.101508
209.53151,100,5417.642009
1701.550572,100,5418.186527
378.756575,100,5418.732384
2328.001744,100,5419.271178
602.257152,100,5419.818371
1679.688214,100,5420.356817
2389.122379,100,5420.914368
328.785622,100,5421.454701
1052.651307,100,5422.001275
918.200772,100,5422.558522
469.989502,100,5423.097974
613.445752,100,5423.645254
1263.379109,100,5424.212297
2442.263481,100,5448.397487
2259.320194,100,5448.684058
582.244438,100,5448.949731
248.05334,100,5449.211787
1550.507244,100,5449.479836
1159.693451,100,5449.751123
1187.816418,100,5450.01135
2228.476689,100,5450.268358
1951.664954,100,5450.544681
2619.697605,100,5450.811692
234.319487,100,5451.077405
1999.419066,100,5451.344339
1720.346028,100,5451.604523
1296.374695,100,5451.867943
2026.79889,100,5452.125512
2184.273381,100,5452.427176
344.725825,100,5452.689593
2595.21111,100,5452.949377
-272.468908,100,5453.205853
2830.080212,100,5453.525197
2104.030941,100,5453.899507
2708.286838,100,5477.668113
1060.317615,100,5478.23742
-52.837685,100,5478.801693
1985.16283,100,5479.389749
156.45079,100,5479.98979
603.894226,100,5480.581786
2946.077255,100,5481.15975
888.739979,100,5481.723572
790.271053,100,5482.281027
2448.304104,100,5482.873468
1605.160281,100,5483.441889
1586.91865,100,5484.014609
2351.495163,100,5484.593209
1326.850637,100,5485.152254
494.736977,100,5485.712561
326.298687,100,5486.270405
841.133804,100,5486.839138
1889.788967,100,5487.390432
1489.387747,100,5487.949353
2553.61256,100,5488.507435
-999.450192,100,5511.618546
1343.462924,100,5512.605649
1156.250496,100,5513.818166
-97.189032,100,5514.418989
1908.976991,100,5515.055033
872.341255,100,5515.657109
1858.252086,100,5516.664241
1689.463787,100,5517.311749
1600.407398,100,5517.913123
934.685867,100,5518.501735
2018.327011,100,5519.135598
542.713783,100,5519.730771
-1905.658007,100,5520.270037
1448.086408,100,5520.822352
1244.441498,100,5521.427516
2434.597677,100,5522.013756
364.432586,100,5522.571429
1748.496015,100,5523.115327
3095.509512,100,5523.730966
1314.876404,100,5524.246959
716.733698,100,5524.629962
1382.121571,100,5546.29565
1575.055406,100,5546.863186
1044.829096,100,5547.416932
2885.378824,100,5547.974197
3552.572933,100,5548.52699
2768.549941,100,5549.080645
802.743801,100,5549.632331
2595.018898,100,5550.195308
2221.165479,100,5550.751748
944.232222,100,5551.304756
515.621761,100,5551.864561
984.488341,100,5552.775466
1689.993544,100,5553.07232
986.187877,100,5553.777666
118.350561,100,5554.11368
502.099969,100,5554.417126
2072.919168,100,5554.714559
459.384956,100,5554.986133
2027.044968,100,5556.588339
1572.068217,100,5557.195898
-212.944787,100,5579.906577
305.936748,100,5580.488342
1811.571669,100,5581.085515
1317.497324,100,5581.685616
1881.476844,100,5582.268033
1279.342614,100,5582.832963
1586.686355,100,5583.416565
1526.642862,100,5583.982985
334.14859,100,5584.563723
1840.214245,100,5585.123858
2462.336303,100,5585.677848
-1383.142979,100,5586.267371
-794.573577,100,5586.842102
1308.749735,100,5587.413589
1559.67869,100,5587.973845
2518.154053,100,5588.536798
1476.045793,100,5589.102188
1172.857814,100,5589.668497
204.46666,100,5590.226945
2196.680057,100,5590.789081
2769.559137,100,5591.358835
-1055.023661,100,5615.63753
2041.069057,100,5615.906601
649.270473,100,5616.177828
1850.979063,100,5616.442809
1383.36904,100,5616.722547
837.485868,100,5616.989534
1589.11953,100,5617.251659
1269.299199,100,5617.510945
1374.950005,100,5617.777103
-291.116456,100,5618.0388
1276.135909,100,5618.298254
949.8772,100,5618.559449
1093.198944,100,5618.824234
1867.446057,100,5619.088195
-339.083484,100,5619.3501
575.770717,100,5619.623158
1278.507673,100,5619.893563
1075.100413,100,5620.160131
1791.327902,100,5620.425546
2153.436822,100,5620.688021
1846.987249,100,5643.364882
51.755437,100,5644.027072
2605.144369,100,5644.645367
2238.161524,100,5645.341702
3060.510537,100,5645.883566
1235.141463,100,5646.419668
1304.387057,100,5646.964697
1605.806661,100,5647.50482
504.15618,100,5648.078419
1622.978501,100,5648.656848
2398.467893,100,5649.224465
1318.554517,100,5649.768137
2079.730852,100,5650.312479
971.682702,100,5650.858518
-540.515431,100,5651.422494
-29.523739,100,5651.96677
2476.473634,100,5652.508446
774.660609,100,5653.06524
2319.952868,100,5653.952473
743.852308,100,5654.576117
1294.631817,100,5655.129739
1402.425211,100,5675.812273
127.116329,100,5676.3714
1296.057001,100,5676.939712
336.503092,100,5677.493136
1306.986679,100,5678.06273
1225.211149,100,5678.616524
1963.145269,100,5679.602525
724.597831,100,5680.504606
1607.224895,100,5681.300717
889.56375,100,5681.888549
1952.059408,100,5682.467873
1958.780148,100,5683.0679
2777.913958,100,5684.288882
1918.116511,100,5684.88157
282.283059,100,5685.563132
729.388208,100,5686.124809
-1650.623705,100,5686.667648
1481.328897,100,5687.217878
1842.961313,100,5687.760361
1242.148494,100,5688.315188
1646.987524,100,5709.259692
-460.325078,100,5709.834882
1718.997452,100,5710.388558
435.222652,100,5710.944554
802.65204,100,5711.502087
1.955515,100,5712.061774
2121.706602,100,5712.615308
1252.004045,100,5713.170812
1515.142148,100,5713.743853
2527.390951,100,5714.327967
1235.675186,100,5714.896612
3317.840676,100,5715.45186
765.831323,100,5716.012324
874.366487,100,5716.570338
2519.503105,100,5717.132777
2152.781503,100,5717.686812
1827.219927,100,5718.243255
2420.963193,100,5718.794861
1709.766226,100,5719.347767
2503.024365,100,5719.910557
956.915975,100,5720.466362
-553.899417,100,5742.435191
935.695292,100,5742.731609
1328.892778,100,5743.01322
1865.17692,100,5743.291381
1629.521169,100,5743.577455
2552.100211,100,5743.939607
3195.089566,100,5744.246522
1057.905859,100,5744.53938
2634.149988,100,5744.829383
982.073003,100,5745.107725
1712.640257,100,5778.21553
1595.073194,100,5778.490873
910.129629,100,5778.755703
2697.077078,100,5779.014402
2241.427405,100,5779.274302
683.645534,100,5779.554039
1420.038454,100,5779.810976
1449.219597,100,5780.071939
-921.519713,100,5780.321294
242.735282,100,5780.778338
636.746559,100,5802.841346
933.273299,100,5803.406259
743.950673,100,5803.975098
-39.252717,100,5804.567759
1545.969544,100,5805.126168
80.761846,100,5805.67814
1540.896703,100,5806.228769
1459.819605,100,5806.787664
-341.136161,100,5807.3462
2043.549983,100,5807.900229
2549.153642,100,5808.624232
1768.667141,100,5809.148676
2559.849726,100,5809.439132
-1170.064578,100,5809.706217
2506.142616,100,5810.189874
2169.488361,100,5810.858393
2729.180614,100,5811.621284
871.779277,100,5812.592793
880.942102,100,5813.008044
1095.614862,100,5813.294611
872.555346,100,5813.61454
-1692.188564,100,5835.707287
2486.334951,100,5836.277323
1829.374534,100,5836.838686
2701.618664,100,5837.408801
959.543027,100,5837.971803
470.151898,100,5838.56478
855.058481,100,5839.122887
1749.077153,100,5839.686241
1279.791517,100,5840.241408
2511.622069,100,5840.812211
1236.648513,100,5841.368742
2053.657141,100,5841.929413
1358.6089,100,5842.489588
1042.350885,100,5843.042826
2165.58581,100,5843.603972
674.253487,100,5844.208007
2014.045069,100,5844.792619
2149.797681,100,5845.349305
2102.314836,100,5845.900842
722.803165,100,5846.457821
2719.027493,100,5870.949114
1528.494322,100,5871.51711
2800.212619,100,5872.061111
1230.277283,100,5872.605688
609.988175,100,5873.146117
191.468305,100,5873.692934
2359.720902,100,5874.259956
720.589726,100,5874.827386
1840.810213,100,5875.234391
239.297744,100,5875.505872
1498.706491,100,5875.779577
1471.537289,100,5876.054151
1104.790196,100,5876.338945
1087.327373,100,5876.614268
2550.948794,100,5876.899825
744.204322,100,5877.183881
1826.938221,100,5877.464978
2261.906619,100,5877.75281
2671.810761,100,5878.030951
2044.04065,100,5878.314415
1306.728232,100,5878.587813
2627.53464,100,5902.317202
2282.43949,100,5902.95882
820.066058,100,5903.554237
1347.318555,100,5904.160839
2095.897163,100,5904.782124
1988.168336,100,5905.490521
2303.797675,100,5906.050971
-291.351681,100,5906.628778
-777.428295,100,5907.215541
632.03664,100,5907.76679
825.246901,100,5908.310047
174.026439,100,5908.852196
3408.923516,100,5909.394238
768.814531,100,5909.935861
2780.001577,100,5910.497282
-125.581065,100,5911.043768
2165.995482,100,5911.587435
1620.601986,100,5912.128215
1959.806496,100,5912.683974
2263.321299,100,5913.251486
1700.595573,100,5935.230153
293.258482,100,5935.81251
2635.020695,100,5936.396418
2734.91607,100,5936.992723
2443.193479,100,5938.191014
1303.939221,100,5938.767116
2067.263224,100,5939.484855
1999.792008,100,5940.081603
1934.413969,100,5940.585844
1110.15546,100,5941.908597
444.823509,100,5942.406267
2437.548493,100,5942.684076
2758.511106,100,5942.955545
1152.564914,100,5943.281201
1233.384698,100,5944.413319
1725.448953,100,5945.481669
363.200179,100,5946.083086
1488.715411,100,5946.673612
750.754894,100,5947.262261
-1736.931844,100,5948.277168
2525.89706,100,5970.84054
1996.357676,100,5971.420592
1015.932523,100,5971.97524
2227.853568,100,5972.535004
1639.156984,100,5973.107808
1054.266512,100,5973.664413
1575.495582,100,5974.235971
811.426708,100,5974.79882
165.421486,100,5975.370364
1540.663328,100,5975.928035
1008.946918,100,5976.481747
3138.872603,100,5977.054818
2601.898523,100,5977.612719
793.159032,100,5978.169244
2343.278831,100,5978.719187
1087.653555,100,5979.272676
890.100646,100,5980.221196
968.180884,100,5980.80744
2161.448417,100,5981.504749
1385.143593,100,5981.81732
2108.903877,100,5982.662352
1515.899474,100,6007.49848
2115.1808,100,6008.064332
1459.793843,100,6008.617833
2570.994854,100,6009.181398
1996.228576,100,6009.732781
2296.672727,100,6010.287336
1863.941809,100,6010.84925
1640.601913,100,6011.402861
312.420397,100,6011.967009
3781.289422,100,6012.525721
1048.753908,100,6013.079444
587.375382,100,6013.631892
871.22456,100,6014.205133
-914.008954,100,6014.778595
1822.273385,100,6015.330707
197.827026,100,6015.900174
-1322.245921,100,6016.482118
1393.614429,100,6017.03943
1479.266906,100,6017.604395
1702.798121,100,6018.158528
2717.849936,100,6043.587163
-877.576458,100,6044.244588
973.68534,100,6044.813528
1287.174239,100,6045.363057
2891.458929,100,6045.921671
1932.375864,100,6046.48563
1839.547744,100,6047.038122
108.299056,100,6047.584144
1119.783538,100,6048.129786
942.563834,100,6048.679358
1545.470619,100,6049.231295
2289.944727,100,6049.774439
2234.960309,100,6050.315965
7.988538,100,6050.86093
-675.814468,100,6051.401778
-819.120151,100,6051.960202
9.88251,100,6052.503522
1428.399639,100,6053.051047
1391.398212,100,6053.595889
-287.174152,100,6054.161995
1600.58201,100,6054.721603
1788.772881,100,6080.443959
590.569118,100,6081.027418
1447.077093,100,6081.582798
1437.574393,100,6082.137671
-217.070445,100,6082.693758
2221.429084,100,6083.249954
1352.807429,100,6083.806393
418.371782,100,6084.386021
2894.89634,100,6084.943264
2876.006131,100,6085.503245
59.480072,100,6086.079554
244.263187,100,6086.647954
2489.148146,100,6087.238327
1796.630464,100,6087.814836
2042.491162,100,6088.383456
1666.664846,100,6088.951866
598.098915,100,6089.518541
1883.13626,100,6090.09169
1236.410253,100,6090.665362
2754.995235,100,6091.23358
2223.047211,100,6116.057673
1847.901142,100,6117.59039
1367.756393,100,6118.157297
2266.449673,100,6118.738198
1800.919831,100,6119.311729
2030.627957,100,6119.894191
953.300548,100,6120.448707
1532.498852,100,6120.994715
1421.298177,100,6121.540412
2015.52376,100,6122.089073
-190.111337,100,6122.635607
824.845327,100,6123.18133
1137.73673,100,6123.735937
1318.653901,100,6124.309443
1535.630531,100,6124.868766
1611.13284,100,6125.418612
64.068115,100,6125.994228
1831.175088,100,6126.565623
1143.746297,100,6127.113036
304.81804,100,6127.678684
764.274699,100,6128.228861
795.502916,100,6150.209547
1826.442259,100,6150.79074
1298.138193,100,6151.6633
1723.515857,100,6152.407309
1989.198731,100,6153.018222
360.308976,100,6153.717433
941.461367,100,6154.3785
860.40755,100,6154.976503
1701.331197,100,6155.559671
1808.040969,100,6156.323579
2808.181038,100,6156.903416
1258.565813,100,6157.484066
999.419984,100,6158.052841
704.155943,100,6158.612802
428.59453,100,6159.165429
740.488082,100,6159.733748
1140.587453,100,6160.329437
-109.279272,100,6160.912386
1775.107831,100,6161.467263
1079.102887,100,6162.022316
2116.375089,100,6184.046479
-496.272833,100,6184.726868
1586.850125,100,6185.289772
430.52569,100,6185.855575
1637.694738,100,6186.416386
1711.330056,100,6186.974794
994.523675,100,6187.535856
745.753211,100,6188.101359
-438.287877,100,6188.655839
1827.651221,100,6189.206173
2452.805392,100,6189.763819
1297.77718,100,6190.313092
1952.352512,100,6191.355864
2591.932741,100,6191.945441
397.016728,100,6192.945391
592.654193,100,6193.673745
1813.226894,100,6194.574303
2146.135949,100,6195.490886
1746.571862,100,6195.868873
1447.946412,100,6196.187978
1997.083877,100,6196.503962
1428.078136,100,6219.357028
2439.620845,100,6219.918321
2027.453174,100,6220.470206
450.363136,100,6221.022681
448.911127,100,6221.574563
2123.531751,100,6222.129717
1818.620221,100,6222.683242
2071.598247,100,6223.23329
1668.848365,100,6223.795255
-538.706529,100,6224.372429
1361.714756,100,6224.933109
-898.379566,100,6225.481576
1025.021323,100,6226.032888
2345.208949,100,6226.606799
1160.094089,100,6227.167299
1019.543323,100,6227.732594
1380.152894,100,6228.328983
1421.882157,100,6228.893224
1957.979619,100,6229.444246
647.379078,100,6229.995722
887.362137,100,6254.4507
1024.202506,100,6255.090072
1542.828009,100,6255.67979
2503.102825,100,6256.256879
2724.082402,100,6256.818342
2089.901313,100,6257.371865
366.368531,100,6257.932262
2419.781785,100,6258.485739
1147.844517,100,6259.081528
2912.123275,100,6259.639308
1414.888472,100,6260.202293
2187.420881,100,6260.765428
2168.957157,100,6261.316753
2528.795676,100,6261.867807
1719.003252,100,6262.419279
23.76736,100,6262.976228
3699.165155,100,6263.528393
582.918036,100,6264.103566
-505.996682,100,6264.680089
664.119155,100,6265.252321
2987.444279,100,6265.811759
2025.976687,100,6290.339366
1300.860206,100,6290.892559
2597.798724,100,6291.437591
-363.789827,100,6292.016722
550.731109,100,6292.57482
1205.199998,100,6293.128242
426.439429,100,6293.679455
1704.226648,100,6294.27518
2485.100632,100,6294.834418
1075.699841,100,6295.381839
590.208122,100,6295.927072
-93.034795,100,6296.48398
1351.346937,100,6297.03859
1033.446969,100,6297.604682
1458.920851,100,6298.157723
865.798141,100,6298.70797
1369.311062,100,6299.264249
1739.050248,100,6299.814023
-203.012139,100,6300.363384
2291.498889,100,6300.907783
1724.592838,100,6325.166487
1704.480775,100,6325.904393
2751.272499,100,6326.665613
2211.889945,100,6327.082983
812.849232,100,6327.399679
1221.119512,100,6327.699242
713.60205,100,6327.986723
1979.614387,100,6328.340651
-2245.06449,100,6328.814123
1201.030851,100,6329.287188
519.4754,100,6329.749612
2203.853593,100,6330.066498
1595.140851,100,6330.362582
2133.887348,100,6330.663722
1492.737187,100,6330.962141
2604.784531,100,6331.261973
-177.845632,100,6331.566437
1950.605236,100,6331.937494
1213.589515,100,6332.237254
1477.857042,100,6332.50641
1612.743901,100,6332.778543
1140.74273,100,6353.26556
3149.906979,100,6353.555017
1977.249526,100,6353.929178
328.984227,100,6354.271306
2734.641521,100,6354.627559
1340.253018,100,6355.191283
2866.764348,100,6355.756806
1085.815215,100,6356.308245
236.932705,100,6356.886
1094.144978,100,6357.448111
1234.936096,100,6358.010609
718.683955,100,6358.567747
1120.18367,100,6359.118718
507.781229,100,6359.722858
553.548272,100,6360.556736
1862.930452,100,6360.886367
-268.623947,100,6361.443039
1487.561408,100,6362.348009
533.753028,100,6362.672178
1890.208336,100,6362.989382
2352.211515,100,6387.374078
2745.772349,100,6387.95801
2158.747617,100,6388.520489
-282.475038,100,6389.090375
1709.319706,100,6389.670374
1861.462291,100,6390.230406
1160.804325,100,6390.803783
-1109.653324,100,6391.364524
-1053.625602,100,6391.9329
1947.347905,100,6392.493274
1569.550706,100,6393.06265
-48.05889,100,6393.639858
1809.185227,100,6394.228631
674.528326,100,6394.804388
1728.524366,100,6395.357799
1553.498892,100,6395.916373
782.876877,100,6396.476784
1653.049446,100,6397.039863
-867.699291,100,6397.616539
316.709621,100,6398.19514
310.294731,100,6398.760695
875.478,100,6422.968836
878.989009,100,6423.517842
486.384345,100,6424.084273
2974.341876,100,6424.647695
784.207751,100,6425.195661
1549.225142,100,6425.740711
2199.065363,100,6426.28535
676.497024,100,6426.852204
745.785762,100,6427.397196
1832.869646,100,6427.956224
2668.396497,100,6428.504868
193.99782,100,6429.05182
2673.285831,100,6429.605819
1291.423458,100,6430.161889
1352.91296,100,6430.722282
2000.934829,100,6431.270568
-951.107096,100,6431.83231
1494.597813,100,6432.380237
858.467034,100,6432.922054
1958.380238,100,6433.470061
2054.826812,100,6457.355807
1471.447014,100,6457.935266
1720.261353,100,6458.501339
1202.254345,100,6459.049298
1000.257892,100,6459.591219
1944.111843,100,6460.130879
1543.194275,100,6460.687639
595.097409,100,6461.229274
1597.783704,100,6461.767709
1040.081891,100,6462.310739
1431.942437,100,6462.858108
3093.989903,100,6463.398179
919.26107,100,6463.960671
1819.500468,100,6464.52269
1369.900243,100,6465.073555
965.529168,100,6465.61286
-612.24824,100,6466.167504
1441.101434,100,6466.722059
-112.863622,100,6467.263835
2143.954495,100,6467.82409
1107.926553,100,6468.378101
-795.789853,100,6491.643386
1732.488443,100,6492.352213
1008.308749,100,6492.993743
1788.164471,100,6493.595801
1838.078652,100,6494.745454
2887.153536,100,6495.090118
1061.476508,100,6495.384812
1311.878038,100,6495.725409
1417.593312,100,6496.053586
2309.811238,100,6496.390025
383.925115,100,6497.027141
128.391826,100,6497.618709
1724.023097,100,6498.259311
3203.310272,100,6498.617519
2338.62299,100,6498.925842
1519.940354,100,6499.340871
1268.80464,100,6499.902967
2106.033776,100,6500.461177
2032.467074,100,6501.021714
2154.249926,100,6501.574236
2209.283607,100,6522.330288
2823.370383,100,6522.890166
1062.953318,100,6523.455134
2453.258655,100,6524.017575
2669.410965,100,6524.58794
1856.001253,100,6525.135694
-124.529028,100,6525.681018
-338.044406,100,6526.222256
2375.608818,100,6526.79
2002.449335,100,6527.336146
751.653524,100,6527.888602
1350.207327,100,6528.442754
2311.96439,100,6528.986534
99.190379,100,6530.084323
680.285115,100,6530.678604
578.263019,100,6531.461199
-258.551632,100,6532.106101
1362.046027,100,6532.894091
877.631613,100,6533.491879
3091.130187,100,6534.41997
1552.093977,100,6534.994965
-905.813531,100,6557.529434
1600.985318,100,6558.096557
2252.764674,100,6558.672989
2435.247229,100,6559.228862
3580.818908,100,6559.786957
1716.978856,100,6560.340426
475.383303,100,6560.907036
1096.791114,100,6561.469729
2726.960142,100,6562.038229
2164.696739,100,6562.607793
1962.15384,100,6563.167797
2764.626116,100,6563.728072
2205.538063,100,6564.313451
-877.151146,100,6564.887727
1635.003893,100,6565.44042
-437.375019,100,6565.99833
850.470127,100,6566.553429
1539.538269,100,6567.113309
-891.398881,100,6567.673668
108.853649,100,6568.234405
634.165184,100,6593.600119
-57.852526,100,6594.185974
1182.437925,100,6594.761675
-817.62617,100,6595.31542
393.286515,100,6595.869774
1132.205705,100,6596.443039
2656.76743,100,6597.001841
1493.152259,100,6597.557863
2719.123898,100,6598.117821
1352.548648,100,6598.691958
1082.419851,100,6599.254952
143.406727,100,6599.812438
2657.324623,100,6600.365341
310.272879,100,6600.930342
2026.961633,100,6601.502631
2086.595465,100,6602.063414
1669.429046,100,6602.628484
877.500917,100,6603.190388
1687.371791,100,6603.761292
1654.728644,100,6651.656044
-256.956812,100,6651.932941
952.212409,100,6676.83494
506.682578,100,6677.396102
2117.935835,100,6677.957307
3252.290738,100,6678.515731
910.755154,100,6679.078665
2070.154875,100,6679.632747
1511.292876,100,6680.181239
1581.97554,100,6680.746789
2202.070732,100,6681.298998
1920.810319,100,6681.852283
2030.05744,100,6682.420444
1091.210007,100,6683.000739
-239.829666,100,6683.558361
1911.503878,100,6684.132696
1566.053416,100,6684.706175
535.941076,100,6685.255357
1212.761882,100,6685.810001
1472.241419,100,6686.357825
239.617083,100,6686.918137
1819.701651,100,6687.470215
2878.343893,100,6715.857121
1459.198727,100,6716.4683
1388.811913,100,6717.040331
2189.929729,100,6717.606355
1442.089223,100,6718.183448
347.175294,100,6718.751987
335.732152,100,6719.317535
1572.291148,100,6719.883483
-263.402197,100,6720.453938
3115.900133,100,6721.006859
1863.716806,100,6721.551694
1031.997141,100,6722.109107
745.486561,100,6722.665864
692.264609,100,6723.216292
731.216242,100,6723.776476
1867.296846,100,6724.350933
3147.83032,100,6724.909613
220.578565,100,6725.459066
1568.339503,100,6726.019202
2223.498062,100,6726.567682
2398.904286,100,6727.117736
1579.383281,100,6751.560061
-2958.569245,100,6751.925064
-965.779926,100,6752.290868
2302.593078,100,6752.703209
202.426029,100,6753.224464
2585.231933,100,6753.661433
836.883857,100,6753.98678
884.268049,100,6754.340996
2995.58529,100,6754.643755
1006.995393,100,6754.931998
-547.589935,100,6755.215441
1678.763346,100,6755.49517
2879.589393,100,6755.772473
373.088983,100,6756.066959
1580.969394,100,6756.342081
746.55158,100,6756.622573
1275.063665,100,6756.89819
922.079768,100,6757.176179
395.594796,100,6757.455942
2439.229911,100,6757.738538
1567.871962,100,6779.245981
-360.340624,100,6779.816849
-103.97106,100,6780.368696
967.208037,100,6780.930976
1500.570763,100,6781.485811
-618.944434,100,6782.037293
242.372531,100,6782.638544
649.150241,100,6783.590796
1471.652266,100,6784.50521
2085.875608,100,6785.082152
1223.78806,100,6785.899803
1885.9711,100,6786.411062
678.852628,100,6786.755102
1258.316719,100,6787.044859
391.122981,100,6787.325147
3285.305961,100,6787.615808
1378.232115,100,6787.911168
1696.584243,100,6788.321806
-67.351669,100,6790.602131
682.780737,100,6791.197762
142.879319,100,6791.761769
1363.910025,100,6813.603389
1432.033931,100,6813.868297
-14.288558,100,6814.173873
1128.837124,100,6814.457063
840.004182,100,6814.728249
2283.931935,100,6814.987792
999.831916,100,6815.246147
2188.260201,100,6815.523683
2040.794133,100,6815.78461
2071.580066,100,6816.047792
854.208933,100,6816.301088
1282.505192,100,6816.571738
2505.862029,100,6816.830862
1435.670191,100,6817.098711
-148.261808,100,6817.355389
1208.966526,100,6817.623164
1988.954925,100,6817.88909
66.47422,100,6818.164631
2000.73148,100,6818.438157
1894.858672,100,6818.705026
1730.141247,100,6842.525312
860.382696,100,6843.07767
1629.375355,100,6843.623344
1427.050513,100,6844.195109
1195.004055,100,6844.746182
809.492594,100,6845.287611
950.257476,100,6845.826586
1302.368971,100,6846.365721
2001.672185,100,6846.90584
1851.126014,100,6847.446633
462.101208,100,6847.988306
-1232.126209,100,6848.545104
-784.593955,100,6849.086822
2403.314982,100,6849.633783
1586.425663,100,6850.189979
1841.579225,100,6850.737614
1181.52737,100,6851.277451
804.938736,100,6851.819326
2609.186216,100,6852.365554
3373.861244,100,6852.914706
1437.015521,100,6876.828511
1723.487293,100,6877.162467
1874.296673,100,6877.456976
1115.695494,100,6877.926044
1588.509697,100,6878.222316
1273.649043,100,6878.52982
1070.339702,100,6878.848073
2053.299328,100,6879.167502
2719.123802,100,6879.589596
3176.044929,100,6879.853396
1586.502343,100,6880.122475
1736.944593,100,6880.397105
1399.858958,100,6880.658321
1193.507404,100,6880.914719
1148.147007,100,6881.174993
2587.675883,100,6881.433023
2080.761469,100,6881.681726
825.61658,100,6881.938855
2086.510337,100,6882.206997
-36.990804,100,6882.466932
1096.475861,100,6882.715572
1626.87808,100,6904.716539
2710.806882,100,6905.288166
18.050952,100,6905.838651
1820.118997,100,6906.397297
933.61956,100,6906.95893
2011.911884,100,6907.514696
3647.404272,100,6908.07226
2697.276151,100,6908.636311
1666.657017,100,6909.186334
1160.327753,100,6909.929128
247.118922,100,6910.559891
1173.142031,100,6910.844108
2018.392347,100,6911.118673
767.217772,100,6911.722011
1353.436576,100,6912.213675
1056.244598,100,6912.559065
1599.805948,100,6912.901249
1628.775471,100,6913.885481
1535.601597,100,6914.237088
-619.69408,100,6914.69873
1503.900147,100,6938.177409
1497.353175,100,6938.755981
395.472619,100,6939.313766
1620.239842,100,6939.862694
824.998148,100,6940.4454
2387.513777,100,6941.006697
1257.677976,100,6941.55728
-135.648469,100,6942.107097
1733.15855,100,6942.657214
1704.396118,100,6943.208179
1442.898163,100,6943.762136
2666.719475,100,6944.338317
1546.428458,100,6944.907567
499.304103,100,6945.475265
2512.795849,100,6946.026038
1759.474542,100,6946.580316
568.696749,100,6947.132721
1266.890657,100,6947.678314
2572.400322,100,6948.230283
573.274157,100,6948.793195
1596.838343,100,6949.343391
1681.43545,100,6971.80384
2192.903182,100,6972.361408
2787.828696,100,6972.903636
2517.172873,100,6973.446938
532.036119,100,6974.009678
1491.008723,100,6974.574701
1310.552024,100,6975.130703
1416.202126,100,6975.674041
1720.711535,100,6976.239122
849.330851,100,6976.786731
169.265257,100,6977.330708
2879.480258,100,6977.874206
379.660791,100,6978.420989
2003.939117,100,6978.980221
1133.842768,100,6979.552232
1020.093101,100,6980.107784
1132.409326,100,6980.65673
-363.621274,100,6981.201598
356.06629,100,6981.746099
1564.115004,100,6982.30817
1550.850893,100,7006.128046
-81.018341,100,7006.736683
2432.462329,100,7007.312712
1413.21829,100,7007.88932
2932.224711,100,7008.457818
1832.613368,100,7009.022474
2660.053062,100,7009.583694
-581.721341,100,7010.139757
2492.589659,100,7010.702304
1691.0129,100,7011.269223
1622.602431,100,7011.815599
1459.219439,100,7012.370357
2128.501119,100,7012.928574
1231.49891,100,7013.47935
2014.131724,100,7014.047117
-1696.584259,100,7014.617869
1300.033327,100,7015.171889
1765.158922,100,7015.731129
1002.196348,100,7016.292099
3135.959961,100,7016.85265
438.788264,100,7017.406856
1604.774468,100,7040.445857
-1054.729713,100,7041.050278
2019.302207,100,7041.636112
220.573354,100,7042.612991
1198.706285,100,7043.212965
1392.32614,100,7043.760356
913.71773,100,7044.348432
2243.301193,100,7044.900349
2268.02929,100,7045.446951
1174.411395,100,7045.991688
1896.070521,100,7046.272476
2953.440295,100,7046.529542
2156.920424,100,7046.780261
1919.803055,100,7047.038244
-90.775255,100,7047.32117
-134.737065,100,7047.621802
1657.910795,100,7047.934179
2827.271208,100,7048.23568
3105.979815,100,7048.534733
-1012.262552,100,7048.810983
2069.505646,100,7070.386727
2087.803433,100,7070.968605
1425.74408,100,7071.527998
2145.362195,100,7072.076687
2193.087745,100,7072.621881
2885.096385,100,7073.166482
2204.974852,100,7073.717343
1701.862435,100,7074.283144
-770.311937,100,7074.833197
875.493025,100,7075.372511
1273.948776,100,7075.944853
2201.427407,100,7076.489011
2473.224655,100,7077.031089
1338.870315,100,7077.571407
1964.604626,100,7078.115348
182.68135,100,7079.216098
1909.853152,100,7079.817078
2089.466695,100,7080.43662
925.430203,100,7080.819728
2103.432068,100,7081.311823
939.35859,100,7081.660877
1609.764322,100,7105.506492
1337.402932,100,7106.098575
-253.633747,100,7106.665777
1305.8983,100,7107.234731
189.384197,100,7107.814753
774.074213,100,7108.366022
1707.411818,100,7108.939442
612.084627,100,7109.483943
704.266184,100,7109.794478
2336.005882,100,7110.07051
701.660983,100,7110.34938
325.600128,100,7110.625241
2413.516468,100,7110.903673
1837.851967,100,7111.172041
2317.69949,100,7111.442421
540.763757,100,7111.729171
807.79948,100,7112.006571
2492.251488,100,7112.278818
371.721477,100,7112.557271
2707.394379,100,7112.83895
1699.167488,100,7138.75384
-49.039747,100,7139.327802
2048.288966,100,7139.888846
1060.25847,100,7140.440958
1637.037153,100,7141.033354
2080.903857,100,7141.589244
1429.387936,100,7142.141296
2001.233519,100,7142.691866
2048.932466,100,7143.243711
1912.261753,100,7143.804785
-64.55512,100,7144.382937
1620.76576,100,7144.944214
799.892092,100,7145.496189
3153.395962,100,7146.052765
1679.84067,100,7146.617224
1078.249161,100,7147.169183
1993.591854,100,7147.740961
906.439429,100,7148.298263
-60.829135,100,7148.859522
348.310581,100,7149.427553
828.533057,100,7149.999684
668.290862,100,7175.216594
-306.890132,100,7175.800842
1005.831734,100,7176.352447
1681.226073,100,7176.905648
1588.403843,100,7177.448544
579.507435,100,7177.992718
893.970175,100,7178.538381
2601.3835,100,7179.112822
1020.126308,100,7179.702865
1923.327458,100,7180.26847
73.017703,100,7180.828734
2347.865951,100,7181.369807
1936.522311,100,7181.932303
2425.891649,100,7182.479219
2186.350163,100,7183.021738
1814.061824,100,7183.573546
-198.67828,100,7184.142898
2070.484933,100,7184.723419
1706.983939,100,7185.276045
434.578103,100,7185.825815
1671.148229,100,7208.511812
32.847402,100,7209.986106
230.00252,100,7210.623426
1809.154427,100,7211.310689
750.328837,100,7211.971229
654.520375,100,7212.570828
1317.573181,100,7213.18135
2400.924741,100,7214.176574
1881.48971,100,7214.768294
1343.448817,100,7215.323506
2407.782481,100,7215.874147
622.345312,100,7216.449172
2477.627391,100,7217.048407
423.110935,100,7217.615748
2174.316082,100,7218.161088
1021.069955,100,7218.718253
2071.895763,100,7219.312792
1800.170305,100,7219.868174
3314.110579,100,7220.434262
1599.77808,100,7220.991299
1486.869682,100,7221.544824
1517.186772,100,7243.606436
578.338836,100,7244.192439
2899.164249,100,7244.766727
1969.680034,100,7245.321299
332.712692,100,7245.874279
1080.898359,100,7246.426236
1966.549181,100,7246.978397
-757.786337,100,7248.050292
582.129297,100,7248.642011
2407.488232,100,7249.401394
777.029683,100,7249.915769
936.280264,100,7250.252213
2303.230478,100,7251.536036
482.337536,100,7252.124493
2173.076874,100,7252.858587
1170.684528,100,7253.69163
1046.076704,100,7254.423349
3518.777487,100,7255.16853
2030.524437,100,7255.820965
994.201986,100,7256.38055
120.017747,100,7278.720509
520.90858,100,7279.286432
1766.076742,100,7279.832078
1575.653959,100,7280.373953
2188.616877,100,7280.920567
1876.522697,100,7281.46238
612.896516,100,7282.002705
2216.478649,100,7282.575787
2337.297115,100,7283.130326
346.25388,100,7283.701606
996.336843,100,7284.271821
542.521438,100,7284.831542
1756.180584,100,7285.372458
2399.161196,100,7285.917683
991.667402,100,7286.468268
2903.835033,100,7287.015062
2518.16597,100,7287.568507
2920.563873,100,7288.126201
1437.271139,100,7288.672358
1086.799463,100,7289.224871
2138.107946,100,7290.036203
1548.819064,100,7314.890448
-433.077564,100,7315.456319
-386.308884,100,7316.016466
1207.998502,100,7316.580344
2354.229137,100,7317.141692
958.965976,100,7317.707225
482.175571,100,7318.265082
-444.785114,100,7318.823282
1461.906781,100,7319.381441
2377.713011,100,7319.941779
788.235021,100,7320.490342
1144.163736,100,7321.050293
2289.021943,100,7321.613484
641.470097,100,7322.1757
873.766006,100,7322.750216
1744.494598,100,7323.319621
786.739433,100,7324.360011
1590.717504,100,7324.942345
2606.109365,100,7325.505952
1127.493064,100,7326.065715
2097.567399,100,7351.273499
1439.265657,100,7351.843838
1925.214125,100,7352.39593
1299.928589,100,7352.970382
2405.365221,100,7353.539884
1151.341562,100,7354.130354
2284.183263,100,7354.71241
-394.382916,100,7355.269783
2133.966998,100,7355.823269
2299.917857,100,7356.375806
-90.965726,100,7356.948367
253.781257,100,7357.49984
1787.54041,100,7358.052776
-485.447758,100,7358.615042
2221.546335,100,7359.186548
487.916377,100,7359.760676
-192.027732,100,7360.317793
1934.62871,100,7360.876366
1470.201491,100,7361.430409
1734.633693,100,7362.001179
2116.16927,100,7362.55926
2445.074562,100,7387.274292
2577.422997,100,7387.843879
-68.618098,100,7388.397771
2561.273636,100,7388.953934
1107.285458,100,7389.514358
995.485562,100,7390.071733
2312.7072,100,7390.621619
858.725997,100,7391.205336
1196.859837,100,7391.763692
2200.593905,100,7392.319276
2923.494905,100,7392.875837
3492.859444,100,7393.436567
-77.259185,100,7394.011457
2452.207449,100,7394.590731
574.530027,100,7395.148421
1922.597366,100,7395.699858
1494.795888,100,7396.271003
727.447793,100,7396.829841
1035.16621,100,7397.383859
2082.350115,100,7397.943698
-55.382294,100,7420.649566
1796.715109,100,7421.714592
-545.317535,100,7422.294802
1297.341662,100,7423.278373
391.574718,100,7423.973464
2397.35104,100,7424.616017
1772.279502,100,7424.953502
-693.907291,100,7425.653833
428.135154,100,7426.249327
808.478735,100,7426.831702
1491.565728,100,7427.429037
-353.549277,100,7427.875828
350.465171,100,7428.210825
1641.805152,100,7428.515201
1975.877948,100,7428.84464
1799.729789,100,7429.154081
900.646836,100,7429.439982
1209.259614,100,7429.712354
691.149864,100,7430.003402
1245.774173,100,7430.273001
2800.084707,100,7430.54638
2111.902571,100,7451.678501
1148.283532,100,7452.235767
1335.325562,100,7452.786343
1550.1471,100,7453.347748
811.184328,100,7453.910414
587.90498,100,7454.490424
792.86104,100,7455.048093
1258.738664,100,7455.598267
1352.605676,100,7456.175344
222.327175,100,7456.731302
1568.349945,100,7457.284242
1456.645942,100,7457.835756
1126.051069,100,7458.387802
-742.838157,100,7458.951676
1580.10566,100,7459.872426
-683.97727,100,7460.537085
769.736258,100,7461.29483
889.871165,100,7462.022466
804.287064,100,7463.028947
1256.336527,100,7463.308233
910.000467,100,7488.681765
1714.432729,100,7489.254962
822.197166,100,7489.838814
2601.261172,100,7490.403398
1845.027623,100,7490.960432
259.510127,100,7491.514813
1926.695382,100,7492.067644
2335.94335,100,7536.335054
634.025229,100,7536.611815
1538.958927,100,7536.879195
1064.538207,100,7537.1512
3622.028902,100,7537.423841
1963.130852,100,7537.715474
1425.379741,100,7537.989857
1892.706972,100,7538.256701
2468.906038,100,7538.55022
3365.865207,100,7538.811655
649.559075,100,7539.079327
2124.02833,100,7539.349219
893.283034,100,7539.615449
993.136547,100,7539.889591
-26.03548,100,7564.936166
1099.911265,100,7565.502315
662.255678,100,7566.054375
1367.312846,100,7566.618112
669.42714,100,7567.169838
2041.204992,100,7567.72541
2431.240603,100,7568.280188
943.794904,100,7568.632809
783.875963,100,7568.904477
1261.518217,100,7569.17877
1438.656552,100,7569.467751
1478.897163,100,7569.749003
281.974138,100,7570.022625
2388.311489,100,7570.314306
-196.707761,100,7570.603783
305.951783,100,7570.882389
1375.760592,100,7571.15356
1783.616355,100,7571.430951
850.154569,100,7571.704599
287.809459,100,7571.979009
885.992595,100,7596.582178
2071.240438,100,7597.148172
-180.393277,100,7597.69974
960.825563,100,7598.253957
972.522037,100,7598.648558
1069.267365,100,7599.22952
1150.75836,100,7599.822929
-40.797576,100,7600.379733
1791.011138,100,7600.940717
3091.662045,100,7601.492726
2156.066347,100,7602.043176
-666.885872,100,7602.598589
1366.490917,100,7603.151079
1892.4531,100,7603.712369
1311.012077,100,7604.297673
-1.783569,100,7604.865245
47.987757,100,7605.420197
2555.156677,100,7605.969661
641.068807,100,7606.522601
173.108922,100,7607.077114
996.921231,100,7607.632178
875.443682,100,7628.777485
1227.729094,100,7629.337032
809.084494,100,7630.125977
2220.184391,100,7630.419491
1071.375171,100,7631.018854
1800.410654,100,7631.642688
102.068275,100,7632.223624
1395.394966,100,7633.590846
2634.846783,100,7634.249287
2655.776248,100,7634.832369
1414.40677,100,7635.408549
-1128.011618,100,7636.04351
2909.219914,100,7636.64157
919.101852,100,7637.230872
1845.933601,100,7637.889884
1213.059148,100,7638.578944
3226.210269,100,7639.145242
1808.267785,100,7639.701133
1744.280559,100,7640.280996
1558.133879,100,7640.910001
2696.989468,100,7662.111362
293.353169,100,7662.665684
1630.17014,100,7663.208805
1659.613517,100,7663.843312
1886.081314,100,7664.562219
358.393294,100,7665.120654
2095.718889,100,7665.675381
1897.813539,100,7666.220785
1653.052296,100,7666.768401
939.421459,100,7667.315795
298.261991,100,7667.866087
535.0676,100,7668.416347
1449.418401,100,7668.968596
1611.995283,100,7669.528479
86.152328,100,7670.079378
2080.537938,100,7670.629602
1465.943656,100,7671.368214
2357.778831,100,7671.928278
697.629465,100,7672.212623
2084.392702,100,7672.497532
152.381177,100,7672.7673
866.385136,100,7696.401663
499.834476,100,7696.961072
-1584.30953,100,7697.525384
2252.029407,100,7698.083425
1513.511468,100,7698.641948
1626.394007,100,7699.198815
1253.45652,100,7699.779381
2457.524004,100,7700.336496
991.236049,100,7700.900327
1864.548287,100,7701.461602
1677.679188,100,7702.016722
283.325432,100,7702.577376
1249.992507,100,7703.13327
1872.068323,100,7703.708271
1607.509454,100,7704.285135
1924.280375,100,7704.860407
827.695107,100,7705.416863
2176.266059,100,7705.975294
1128.845046,100,7706.531256
1890.691237,100,7707.081375
2031.21581,100,7731.383932
-369.349302,100,7731.954722
169.835848,100,7732.514127
438.496867,100,7733.101893
1138.574591,100,7733.675788
209.796367,100,7734.245452
-237.040227,100,7734.826065
-581.080119,100,7735.379383
1792.684035,100,7735.938165
884.284321,100,7736.502841
2903.135961,100,7737.058234
-873.28068,100,7737.615268
-209.981257,100,7738.179836
1653.995609,100,7738.740225
1291.945234,100,7739.292706
1989.442102,100,7739.865011
-464.28439,100,7740.417572
-57.150526,100,7740.981864
1292.2542,100,7741.543057
1564.186003,100,7742.101259
1670.632329,100,7764.610271
1883.541939,100,7765.447751
3322.378688,100,7766.202482
289.697691,100,7767.257777
1422.339402,100,7767.841148
2062.359871,100,7768.402799
1606.379559,100,7768.943681
2366.094567,100,7769.537143
238.181544,100,7770.128131
449.752804,100,7770.692461
1931.869725,100,7771.237086
1845.810353,100,7771.78296
1460.056179,100,7772.327325
-2341.416323,100,7772.879178
1873.802963,100,7773.435698
3203.135642,100,7773.9969
2061.378577,100,7774.568406
-146.362224,100,7775.130947
2837.950566,100,7775.687286
-73.975402,100,7776.232929
3231.960615,100,7776.79744
2517.072674,100,7798.605377
2452.631852,100,7799.191143
2400.97472,100,7799.764994
-203.834005,100,7800.771543
346.848614,100,7801.09199
738.553943,100,7801.396676
1707.649504,100,7801.656336
-250.744315,100,7802.244025
2777.483925,100,7802.868522
1416.241704,100,7803.624769
1380.813542,100,7804.91695
677.763587,100,7805.49221
2634.34831,100,7806.03701
2243.180278,100,7806.585596
1514.679301,100,7807.128022
-351.626115,100,7807.673407
1082.789812,100,7808.218121
1908.926243,100,7808.764725
1358.81984,100,7809.310082
-366.225471,100,7809.866185
1774.995366,100,7831.873544
136.480018,100,7832.46138
684.945259,100,7833.020217
76.068078,100,7833.584153
2279.376516,100,7834.149151
219.195157,100,7834.684258
1183.591063,100,7834.946085
400.891944,100,7835.218637
2148.906618,100,7835.484321
1834.436911,100,7835.744533
1544.254529,100,7836.021423
558.645545,100,7836.290381
1244.309252,100,7836.555742
1009.271116,100,7836.819367
1043.479023,100,7837.07658
1380.504749,100,7837.339964
2204.418854,100,7837.601283
1485.031718,100,7837.864936
1840.127995,100,7838.138168
3044.562673,100,7838.414357
1395.457536,100,7838.674835
1736.958502,100,7863.404389
856.187759,100,7863.979293
1671.237149,100,7864.556454
924.430531,100,7865.114948
1356.551525,100,7865.699447
1580.661955,100,7866.276989
1548.972533,100,7866.841123
2455.254026,100,7867.400043
1786.347657,100,7867.954898
4.42538,100,7868.511977
1624.953788,100,7869.066556
1546.365644,100,7869.64072
1208.781496,100,7870.206499
2080.080232,100,7870.772392
1768.288401,100,7871.33552
1715.898573,100,7871.921796
1763.936523,100,7872.514288
1602.710958,100,7873.104801
31.58323,100,7873.682837
70.477371,100,7874.244939
2079.556994,100,7899.994262
945.410785,100,7900.595531
1665.120711,100,7901.157882
1346.341508,100,7901.704755
381.735151,100,7902.247166
525.096157,100,7902.788716
2353.166635,100,7903.336154
1042.394267,100,7903.883345
-843.69863,100,7904.457472
2210.682147,100,7905.006095
1632.947545,100,7905.55348
564.022007,100,7906.096234
1262.80413,100,7906.64326
2164.637839,100,7907.180665
1170.175976,100,7907.733512
1274.342176,100,7908.279218
1181.456778,100,7908.821344
1758.867512,100,7909.362176
-58.876818,100,7909.914155
1458.643637,100,7910.477821
1276.875143,100,7911.022651
1840.110161,100,7935.143256
1360.42637,100,7935.823936
858.078811,100,7937.250789
1023.917205,100,7937.986679
2881.915754,100,7938.844492
-95.234517,100,7939.956634
2803.15357,100,7940.292625
464.689604,100,7940.62755
-691.640946,100,7940.943472
2052.954878,100,7941.261338
2616.126008,100,7941.589207
2787.502756,100,7941.869431
1882.047077,100,7942.144778
1017.890278,100,7942.439042
1001.257909,100,7942.720229
1362.695326,100,7942.993153
1657.488516,100,7945.572225
1146.834019,100,7946.909885
673.809986,100,7947.174155
1250.480532,100,7947.439244
2627.079932,100,7968.541199
1917.817388,100,7968.830198
2826.652205,100,7969.101542
2727.453419,100,7969.438362
2001.772552,100,7969.987555
1079.935196,100,7970.535083
1450.344727,100,7971.07655
3206.133392,100,7971.623577
768.478272,100,7972.179225
180.685207,100,7972.732993
-271.86482,100,7973.275305
3718.846832,100,7973.890169
1178.322946,100,7974.537122
1628.295879,100,7975.375555
3092.519676,100,7975.672924
2320.824362,100,7975.971165
2388.097197,100,7976.738654
2398.216049,100,7977.039394
322.516294,100,7977.3206
577.270435,100,7977.604775
2200.023275,100,7977.872165
1635.708591,100,8000.456402
115.054285,100,8001.018772
1473.004566,100,8001.583295
103.038193,100,8002.157702
180.903206,100,8002.712198
2252.700291,100,8003.263281
1616.872795,100,8003.824972
2327.997585,100,8004.402788
-133.597978,100,8004.964707
2453.174906,100,8005.520394
1523.244392,100,8006.107445
2049.902005,100,8006.671945
74.653805,100,8007.224748
1683.624161,100,8007.77776
758.00915,100,8008.32767
513.152123,100,8008.878347
1084.045633,100,8009.434265
2483.549902,100,8009.992258
1622.725148,100,8010.551891
2495.124794,100,8011.106285
2424.758512,100,8034.322384
1553.63421,100,8034.921172
-1318.397138,100,8035.487358
-32.245904,100,8036.042896
-1436.788504,100,8036.628396
616.770659,100,8037.185387
2541.084951,100,8037.737302
1983.774804,100,8038.292947
2838.261053,100,8038.84684
1062.008485,100,8039.407295
1412.858948,100,8039.96426
220.662548,100,8040.521722
1651.123245,100,8041.09142
1347.1577,100,8041.653475
1347.384627,100,8042.207357
2204.224534,100,8042.760323
1140.389617,100,8043.312806
432.162671,100,8043.89509
1729.309443,100,8044.475771
1675.166018,100,8045.037322
2863.389125,100,8045.599825
918.741274,100,8070.171516
2371.552728,100,8070.541516
1492.348864,100,8070.957092
2091.448285,100,8071.818403
1618.656931,100,8072.372228
839.698313,100,8072.923849
-439.540834,100,8073.467856
-416.671112,100,8074.021939
1374.39546,100,8074.589941
1418.104024,100,8075.167938
2462.302247,100,8075.7169
408.878405,100,8076.261584
175.726203,100,8076.813813
183.355639,100,8077.354163
1805.887717,100,8077.893961
1760.08997,100,8078.433938
2848.751747,100,8078.975076
1578.189654,100,8079.521409
803.13264,100,8080.095447
1262.769552,100,8080.655366
2492.556696,100,8102.834133
1852.179051,100,8103.90975
478.434993,100,8104.658489
1027.135672,100,8106.008444
2303.824885,100,8107.185545
3010.85388,100,8107.762546
1701.680619,100,8108.342087
1645.773094,100,8109.019505
665.093039,100,8109.699694
2706.116349,100,8110.267716
92.739335,100,8110.818931
1371.572145,100,8111.370178
2407.111638,100,8111.916345
2084.098831,100,8112.487237
-635.216075,100,8113.071783
2345.971773,100,8114.459182
1750.496444,100,8115.071654
2167.333941,100,8115.632832
2108.768893,100,8116.177318
-11.966924,100,8116.729874
1051.041559,100,8117.276361
2496.929893,100,8138.552885
800.160848,100,8139.101847
2045.961319,100,8139.646492
1199.983527,100,8140.193308
1679.8636,100,8140.741768
2167.922055,100,8141.282015
975.389378,100,8141.824475
1159.285425,100,8142.364637
1487.855734,100,8142.905875
-1057.465226,100,8143.992928
2378.465433,100,8144.331337
880.57101,100,8144.64565
-663.096236,100,8144.941607
2516.400264,100,8145.48901
1663.779366,100,8146.376061
1467.264709,100,8147.218524
795.129211,100,8147.97724
-671.319844,100,8148.763539
714.807326,100,8149.550363
1882.72239,100,8150.44489
2850.876172,100,8173.019694
2238.252013,100,8173.588435
665.599293,100,8174.164242
1584.76294,100,8174.731973
1301.109986,100,8175.282705
2053.983232,100,8175.842355
1727.323396,100,8176.402738
154.300679,100,8176.957351
1837.922484,100,8177.521781
2670.800794,100,8178.08166
-106.501388,100,8178.634709
1375.559168,100,8179.18772
1989.290759,100,8179.740827
2107.189527,100,8180.303252
2457.645907,100,8180.87001
-25.921948,100,8181.424328
1953.598001,100,8181.976768
1204.722901,100,8182.52683
1480.204072,100,8183.081225
1111.977004,100,8183.6357
1862.532991,100,8184.205016
105.900183,100,8208.331373
1861.707948,100,8208.885691
1351.939914,100,8209.442962
2451.692567,100,8209.99479
1158.004304,100,8210.542467
1228.119908,100,8211.088106
2046.128634,100,8211.62681
1585.764419,100,8212.173361
1542.317959,100,8212.732027
133.702067,100,8213.280083
1593.427221,100,8213.832431
2055.669887,100,8214.442776
431.239205,100,8215.001426
455.907965,100,8215.550761
1949.255095,100,8216.10565
226.24035,100,8216.669675
2081.475957,100,8217.224356
2604.160741,100,8217.79576
2373.587027,100,8218.356185
1825.848142,100,8218.909192
3156.175679,100,8242.420495
1375.479794,100,8243.004679
866.435259,100,8243.607188
-72.503814,100,8244.829653
1606.332336,100,8245.424806
1717.516235,100,8245.990494
1423.6185,100,8246.575586
-323.184951,100,8247.133872
1522.370332,100,8247.692725
1329.368238,100,8248.255644
1050.710592,100,8248.808411
1741.846459,100,8249.367662
286.215996,100,8249.935812
1733.375716,100,8250.506098
894.563157,100,8251.063233
1418.13086,100,8251.617833
657.810549,100,8252.172798
2356.95965,100,8252.746945
1292.118627,100,8253.306433
768.56834,100,8253.873381
800.31874,100,8254.452007
2056.386731,100,8279.366932
1660.736794,100,8279.934571
1539.709288,100,8280.477132
2555.615249,100,8281.043867
-736.742411,100,8281.58841
-919.43007,100,8282.157538
217.686391,100,8282.773127
2625.679331,100,8283.367121
1797.743038,100,8283.955849
958.385391,100,8284.531555
297.320056,100,8285.103451
1337.132964,100,8285.648421
1217.358928,100,8286.19576
2010.121203,100,8286.746297
2977.484403,100,8287.289344
2094.473514,100,8287.841427
1870.310162,100,8288.39396
2136.943668,100,8288.950936
2707.728219,100,8289.495848
-26.670037,100,8290.051935
957.225634,100,8311.47614
1217.824987,100,8311.774091
930.561347,100,8312.059599
904.822921,100,8312.333975
1572.449945,100,8312.612076
-83.911456,100,8313.142323
2289.152666,100,8313.99744
820.929395,100,8314.984006
923.704454,100,8315.836038
1319.723465,100,8316.661118
-823.272794,100,8317.471785
1675.331715,100,8318.146874
1933.235966,100,8318.631103
1504.564232,100,8319.044616
1967.327317,100,8319.61972
2470.863152,100,8320.218084
1313.474628,100,8320.992308
-256.806107,100,8321.581896
3187.724305,100,8322.131629
1866.224835,100,8322.680591
-59.514293,100,8323.237756
276.542738,100,8345.473202
2067.267065,100,8346.035833
1823.107797,100,8346.598182
2169.221628,100,8347.15343
1795.401706,100,8347.725728
3399.434285,100,8348.288248
438.565865,100,8348.846816
1965.687623,100,8349.40541
1406.820326,100,8349.968
2463.808472,100,8350.536969
2608.936216,100,8351.09728
1864.936912,100,8351.654545
1602.865741,100,8352.214389
1962.070422,100,8352.770362
1519.711704,100,8353.327726
1410.626906,100,8404.979178
2637.959702,100,8405.278056
1819.443277,100,8405.574155
1241.471301,100,8406.327106
2394.867344,100,8406.598955
2085.720895,100,8426.203844
1714.070557,100,8426.786633
2004.43105,100,8427.355816
-14.29907,100,8427.930222
2007.267846,100,8428.513654
1334.356344,100,8429.078354
1056.282158,100,8429.633952
-176.888476,100,8430.193859
2114.006195,100,8430.759871
-487.42612,100,8431.311462
429.489501,100,8431.882893
405.402765,100,8432.445989
686.332804,100,8433.00486
1345.555158,100,8433.561939
746.637113,100,8434.136857
507.711045,100,8434.707371
694.687509,100,8435.289014
957.978412,100,8435.860989
-1217.132376,100,8436.452611
36.791292,100,8437.009529
850.786417,100,8437.571067
568.28355,100,8460.018676
776.179391,100,8460.572389
412.495994,100,8461.115695
169.63276,100,8461.649931
710.252533,100,8462.190492
2048.52779,100,8462.733849
2440.436548,100,8463.273572
1529.541121,100,8463.827585
1141.837275,100,8464.391722
1872.722201,100,8464.940798
1470.410432,100,8465.491966
2062.454077,100,8466.048186
15.935868,100,8466.596951
1042.10552,100,8467.143112
2500.001698,100,8467.685039
1805.32431,100,8468.245094
2080.140884,100,8468.79446
-1227.463671,100,8469.344239
2081.612552,100,8469.892701
2024.956867,100,8470.442228
807.118115,100,8493.352677
2002.85005,100,8494.199276
2098.909835,100,8494.793968
1377.904428,100,8495.339617
772.216896,100,8495.883461
2299.114876,100,8496.422071
1762.854971,100,8496.961318
2398.595234,100,8497.498857
1982.852041,100,8498.037717
458.193875,100,8498.593899
30.115183,100,8499.178566
628.264374,100,8499.725991
-366.530731,100,8500.27265
894.60661,100,8500.822151
729.833885,100,8501.359433
1017.6481,100,8501.903871
20.37203,100,8502.440715
1167.192242,100,8502.977677
808.735296,100,8503.516211
2778.81134,100,8504.085899
1858.315686,100,8504.645007
1837.393177,100,8525.407554
1230.647942,100,8526.0313
2402.444305,100,8526.597043
1869.977476,100,8527.071683
2078.361998,100,8527.430835
2412.015429,100,8528.439809
2053.9576,100,8529.07438
1554.743485,100,8529.639761
2163.731571,100,8530.195286
1906.448098,100,8530.860621
1765.856541,100,8531.454403
1315.250389,100,8532.046213
1594.487431,100,8533.070742
2077.548195,100,8533.650893
2364.357876,100,8534.250637
1067.132988,100,8534.828049
344.390066,100,8535.401779
1951.23132,100,8535.922765
1067.877255,100,8536.340105
-220.541793,100,8536.924047
2664.001834,100,8557.733946
1588.018614,100,8558.024776
2605.682446,100,8558.324474
2342.227696,100,8558.610856
3258.578699,100,8558.896539
1577.424568,100,8559.17368
1116.164662,100,8560.229626
2117.172623,100,8560.513405
905.505804,100,8560.791725
1413.831424,100,8561.053755
1161.137537,100,8561.314013
1993.476504,100,8561.585167
2518.753537,100,8561.844744
2091.347241,100,8562.108333
2349.461613,100,8562.396201
1312.675797,100,8562.66289
2147.680401,100,8562.926157
583.993756,100,8563.186213
1596.28631,100,8563.466228
1500.578179,100,8563.845202
754.603085,100,8564.160738
1196.53282,100,8588.387235
792.546745,100,8588.944261
2577.12101,100,8589.507689
858.075572,100,8590.063329
1619.419486,100,8590.623342
1088.258925,100,8591.17984
208.885446,100,8591.734806
169.619638,100,8592.29396
1445.552968,100,8592.855318
1887.95942,100,8593.41206
1327.16165,100,8593.981967
3146.907097,100,8594.56052
1316.385792,100,8595.116817
2229.61213,100,8595.68878
1659.331733,100,8596.244356
2836.696615,100,8596.809389
-479.05038,100,8597.362664
539.168342,100,8597.923592
1369.998201,100,8598.484114
-59.830174,100,8599.039273
934.951246,100,8622.345938
1924.531768,100,8622.913893
556.665582,100,8623.866186
-594.14512,100,8624.433221
2081.729362,100,8624.997266
567.360046,100,8625.551107
2116.808605,100,8626.107211
948.039012,100,8626.667413
1954.843277,100,8627.220273
1058.503197,100,8627.770324
2503.927654,100,8628.321192
1718.384265,100,8628.903831
667.13666,100,8629.45643
720.566046,100,8630.016783
991.827991,100,8630.576042
1078.18445,100,8631.13874
2218.759422,100,8631.692778
2457.427187,100,8632.245838
1512.095372,100,8632.804217
338.006884,100,8633.354746
1215.823317,100,8655.425818
2904.358337,100,8656.045508
1606.210216,100,8656.656586
425.868088,100,8657.49575
1651.26337,100,8658.116703
1873.403316,100,8658.755844
892.250461,100,8659.340827
1103.862338,100,8659.947958
1643.841811,100,8660.544156
1879.324523,100,8661.138974
1995.57414,100,8661.728952
1776.185248,100,8662.397123
1915.32932,100,8663.316986
1234.6868,100,8663.912102
125.935024,100,8664.799938
1675.05966,100,8665.357752
437.895612,100,8665.925174
685.852887,100,8666.485963
1098.225854,100,8667.051649
2677.187049,100,8667.61097
1083.458188,100,8668.168528
2430.635144,100,8688.613192
596.101527,100,8689.17873
2542.491386,100,8689.73941
1223.388322,100,8690.300936
193.070366,100,8690.87588
2865.033173,100,8691.43594
1367.826473,100,8691.990884
1275.415975,100,8692.551997
190.945064,100,8693.107323
1074.3144,100,8694.15987
2287.466133,100,8694.486861
2337.153978,100,8694.769142
1852.240485,100,8695.043202
738.456442,100,8695.75916
276.883886,100,8696.071239
1957.167176,100,8696.544491
1148.997836,100,8696.83106
1162.87477,100,8697.114674
981.766912,100,8697.479251
1932.782385,100,8697.798376
1582.622069,100,8718.909067
1440.121876,100,8719.192224
856.160823,100,8719.465295
2195.130279,100,8719.729084
1255.11647,100,8720.008416
2598.274328,100,8720.311256
1062.726006,100,8720.605942
1654.489181,100,8720.880365
9.211096,100,8721.147801
1948.355906,100,8721.41328
985.92939,100,8721.676705
549.627088,100,8721.936013
2621.033218,100,8722.206186
-1344.327462,100,8722.480182
478.855038,100,8722.737728
2082.148904,100,8722.999318
-394.891209,100,8723.272593
2441.418794,100,8723.548716
2174.900026,100,8723.846116
1616.326017,100,8724.161759
1790.153278,100,8724.440826
540.707475,100,8750.373506
2104.468144,100,8751.13184
680.749982,100,8751.757211
2437.665922,100,8752.342365
722.696428,100,8752.94311
2727.225581,100,8753.550819
1403.094732,100,8754.17215
1406.519067,100,8754.790173
2557.059648,100,8755.394545
784.29461,100,8755.997177
1607.112266,100,8756.616826
2430.664189,100,8757.192355
918.957533,100,8757.760298
-1187.222524,100,8758.320334
1261.473843,100,8758.883257
1991.043623,100,8759.440946
2218.642627,100,8760.007646
1685.314104,100,8760.578287
2492.682992,100,8760.963934
1862.100497,100,8761.236867
1407.893643,100,8781.811677
1303.195268,100,8782.375465
1525.681248,100,8783.210337
2271.237609,100,8784.232024
1323.142877,100,8784.876685
694.995286,100,8785.457609
2173.028699,100,8786.021894
2050.537014,100,8786.597338
2175.637934,100,8787.176542
1159.785908,100,8787.730783
2124.774614,100,8788.28876
3067.242693,100,8788.844608
789.037907,100,8789.407192
2780.678519,100,8789.999219
2005.734499,100,8790.599672
457.231268,100,8791.202764
2211.68604,100,8791.772817
895.363167,100,8792.326839
1863.837148,100,8792.883608
1251.624477,100,8793.439515
1521.974808,100,8794.008643
-331.166625,100,8813.374022
1531.027591,100,8813.961845
-600.273529,100,8814.536648
1960.182305,100,8815.092766
1274.856837,100,8815.650438
2092.358661,100,8816.245672
951.865795,100,8816.800803
-195.340911,100,8817.358773
2795.586365,100,8817.911324
1270.112019,100,8818.474703
-382.546422,100,8819.028046
2767.657266,100,8819.586438
1864.326944,100,8820.144203
182.860683,100,8820.984467
47.004875,100,8821.555365
-22.826299,100,8821.930385
1797.547035,100,8822.839779
2075.083567,100,8823.683196
1301.847067,100,8824.05618
332.068118,100,8824.449433
1482.481067,100,8844.2251
2672.536903,100,8844.828655
330.110493,100,8845.385354
1557.994315,100,8845.934708
2909.863768,100,8846.486701
1097.797441,100,8847.036606
628.963657,100,8847.584974
23.179717,100,8848.146138
1933.367927,100,8848.686304
1087.475586,100,8849.230866
1034.102212,100,8849.776985
1480.551656,100,8850.323508
1572.664974,100,8850.901495
2488.797529,100,8851.457152
1854.579518,100,8852.010946
2016.924509,100,8852.552891
825.068727,100,8853.096059
1925.217864,100,8853.641376
770.026072,100,8854.217756
-424.306595,100,8854.777589
1071.11423,100,8855.329828
-791.805107,100,8877.539673
1647.189995,100,8878.110863
2001.376687,100,8878.66583
1834.546838,100,8879.224868
2147.344258,100,8879.785458
631.747998,100,8880.343363
1338.53644,100,8880.911359
3433.887631,100,8881.476396
2155.035258,100,8882.017005
3141.060045,100,8882.280634
1746.202395,100,8882.544464
987.576059,100,8882.812103
408.239301,100,8883.074095
1630.850382,100,8883.356478
2499.441706,100,8883.642825
2107.076663,100,8883.953537
1803.98559,100,8884.255895
2319.413388,100,8884.548175
1230.40538,100,8884.824442
682.705751,100,8885.097243
785.839558,100,8903.132714
2874.864567,100,8903.7195
447.853221,100,8904.315112
259.231736,100,8904.883001
1370.663911,100,8905.88912
880.465387,100,8907.071302
1770.6963,100,8907.783228
2319.439925,100,8908.581971
1548.700093,100,8908.946145
2027.889983,100,8909.269141
777.791664,100,8909.575443
1635.266332,100,8909.916287
1569.367207,100,8910.246157
1056.700342,100,8910.566547
1082.976232,100,8911.184535
1485.342246,100,8911.530335
2496.330678,100,8911.806629
919.05079,100,8912.073512
847.054625,100,8912.354249
1566.674043,100,8912.615871
2188.535035,100,8912.882473
1816.692677,100,8931.74418
1285.150267,100,8932.040346
1342.837046,100,8932.348851
1643.879142,100,8932.649304
1955.903393,100,8932.920529
2152.045822,100,8933.195375
2426.56949,100,8933.502218
2258.224399,100,8933.879207
-190.437481,100,8934.277207
1778.534647,100,8934.595963
1029.623386,100,8934.874415
1003.461191,100,8935.149628
1179.643526,100,8935.431657
921.444546,100,8935.694495
652.36994,100,8935.981169
2910.438042,100,8936.251312
1506.881813,100,8936.529713
221.214293,100,8936.793757
2088.163895,100,8937.066436
2264.890923,100,8937.337013
1610.600887,100,8958.319335
360.275711,100,8958.698452
2480.000984,100,8959.018428
1831.815046,100,8959.350709
1637.857941,100,8959.647538
1987.256821,100,8959.914105
1696.571913,100,8960.190329
1926.01828,100,8960.456765
1590.33603,100,8960.728606
2012.738644,100,8960.991974
1355.576706,100,8961.269317
-675.936203,100,8961.539711
2132.532025,100,8961.803413
2350.007002,100,8962.068931
611.313093,100,8962.340495
1735.992645,100,8962.603703
1919.228886,100,8962.897812
2527.701714,100,8963.17203
1361.357079,100,8963.448762
2047.452961,100,8963.724714
1458.689381,100,8964.025342
1815.652689,100,8983.059943
2071.290663,100,8983.623347
367.144418,100,8984.172789
336.375276,100,8984.465123
2172.615018,100,8984.749353
1485.855521,100,8985.036226
2246.741486,100,8985.319206
2393.474961,100,8985.596547
2360.771048,100,8985.877692
1771.023351,100,8986.422305
1967.781243,100,8986.990855
2407.442578,100,8987.550847
1745.80872,100,8988.113455
977.264574,100,8988.671719
516.335155,100,8989.231982
554.561417,100,8989.89689
1596.136168,100,8990.461082
537.998087,100,8990.789747
1063.701352,100,8991.78306
1693.81786,100,8992.581899
829.448187,100,9013.187332
2256.941697,100,9013.767843
1056.60355,100,9014.357898
1517.227305,100,9014.915961
2235.011505,100,9015.479292
2028.756731,100,9016.406943
583.641522,100,9016.680345
2199.747105,100,9016.96421
787.467496,100,9017.24707
2132.781868,100,9017.524717
1377.875201,100,9017.803438
1195.695468,100,9018.079417
-71.329809,100,9018.349481
749.493478,100,9018.623292
-719.73535,100,9018.889198
1531.114464,100,9019.180016
1992.785798,100,9019.455343
953.413123,100,9019.728589
1742.664387,100,9020.000287
1110.526103,100,9020.266699
476.166861,100,9020.537844
846.314858,100,9042.204723
1556.614446,100,9042.773153
1245.013733,100,9043.357291
1392.868777,100,9043.988338
1839.383291,100,9044.589811
3018.056148,100,9045.174897
2047.943047,100,9045.732313
1877.927499,100,9046.289789
2348.454612,100,9046.849835
1455.891275,100,9047.403006
1336.666437,100,9047.9676
2618.55673,100,9048.520274
1174.524091,100,9049.073332
2078.614331,100,9049.63199
1818.67749,100,9050.052748
2074.242335,100,9050.330998
712.151797,100,9050.609385
493.286004,100,9050.894933
1465.583593,100,9051.175581
2673.802647,100,9051.469099
1011.806856,100,9071.351034
1153.29551,100,9071.931743
367.446168,100,9072.50243
1313.762792,100,9073.062134
159.351453,100,9073.61799
838.795748,100,9074.746667
1968.502899,100,9075.362469
1874.849215,100,9076.368798
1273.58712,100,9076.925518
842.751146,100,9077.887242
1775.01727,100,9078.499815
915.941383,100,9079.144175
1842.841925,100,9080.042709
765.564809,100,9080.633699
1553.460796,100,9081.221416
48.752538,100,9081.781625
1457.937511,100,9082.339808
1525.614765,100,9082.891681
2011.544525,100,9083.44947
458.158299,100,9084.487172
383.299738,100,9085.078551
1005.864873,100,9105.09232
2556.711149,100,9105.65015
3303.650358,100,9106.211789
1632.302128,100,9106.773433
-307.445583,100,9107.325724
415.008417,100,9107.901206
2063.537154,100,9108.459407
954.006717,100,9109.03176
1343.240678,100,9109.58972
1162.016643,100,9110.145994
2004.397482,100,9110.701651
2092.114008,100,9111.262221
1304.490779,100,9111.831283
2516.045393,100,9112.391659
2086.844141,100,9112.948739
1200.944349,100,9113.506857
1205.191718,100,9114.082997
-717.261197,100,9114.6669
1803.366676,100,9115.224674
1708.664052,100,9116.248812
1867.310076,100,9137.859085
292.826275,100,9138.435528
1584.634548,100,9138.998939
184.788551,100,9139.557654
2296.865278,100,9140.111786
1515.608175,100,9140.684602
1218.267253,100,9141.24928
416.310344,100,9141.852757
1739.044672,100,9142.424197
1490.930549,100,9142.71766
1293.580747,100,9143.004347
1433.343976,100,9143.283124
909.410028,100,9143.572446
1945.707478,100,9143.982603
1070.452931,100,9144.409488
1419.113716,100,9144.722438
180.896334,100,9145.009051
2326.080101,100,9145.290155
2850.756765,100,9145.576087
2267.400531,100,9145.883295
2550.973679,100,9146.166645
1930.510059,100,9171.362241
508.985412,100,9171.932107
1580.252533,100,9172.500948
2381.166307,100,9225.448977
1172.360501,100,9226.005877
-436.075568,100,9226.573214
3204.563843,100,9227.134936
2084.4388,100,9227.687786
1792.515679,100,9228.249934
1323.541117,100,9228.808834
1196.712604,100,9229.360784
2506.664098,100,9229.934893
1626.495911,100,9230.497874
-827.283949,100,9231.066867
1602.426632,100,9231.631708
2219.54548,100,9232.192124
1824.177472,100,9232.758561
2036.611866,100,9233.323873
2066.520182,100,9233.887846
1129.192074,100,9234.469694
1165.249229,100,9255.657748
907.95774,100,9256.218895
797.080884,100,9256.780304
273.349784,100,9257.321836
420.693796,100,9257.873655
1121.090678,100,9258.414694
1995.919461,100,9258.962057
988.390561,100,9259.49966
548.717852,100,9260.045779
2244.016567,100,9260.591366
208.348959,100,9261.13637
2975.450022,100,9261.685083
1463.959372,100,9262.252022
1926.730744,100,9262.801702
1479.4087,100,9263.352849
189.181845,100,9263.91312
984.163741,100,9264.476827
1032.734041,100,9265.026888
1857.638863,100,9265.572399
3133.497766,100,9266.136343
2381.4712,100,9266.686341
1076.651748,100,9288.394681
3368.350695,100,9289.045489
-75.279364,100,9289.631489
1859.877514,100,9290.234133
964.71817,100,9290.831315
1983.353527,100,9291.381141
285.608368,100,9291.934346
3141.158483,100,9292.479742
1649.575363,100,9293.023062
1831.324234,100,9293.579992
1604.415773,100,9294.14253
1172.697967,100,9294.705137
1145.620208,100,9295.276591
1448.558658,100,9295.882552
1491.118396,100,9296.447094
955.7431,100,9296.996732
2960.11998,100,9297.537928
245.764576,100,9298.08286
657.527132,100,9298.626858
1463.293789,100,9299.170599
2791.38052,100,9318.919497
1197.658563,100,9319.489604
439.709035,100,9320.045954
2030.075145,100,9320.599387
1823.237151,100,9321.17467
1924.959572,100,9321.736385
945.271389,100,9322.288203
1541.236828,100,9322.848114
1895.808742,100,9323.411811
1547.856044,100,9323.982605
1750.436271,100,9324.559227
1182.971206,100,9325.114238
2277.372116,100,9325.671544
-207.976472,100,9326.610632
1995.212853,100,9327.530726
1630.066944,100,9328.436265
1811.87442,100,9329.408829
685.709419,100,9330.201428
-558.516282,100,9330.820475
1162.439693,100,9331.474578
-106.010869,100,9332.038758
1310.880816,100,9351.634321
3024.515667,100,9352.203742
801.811758,100,9352.774232
2285.750082,100,9353.346686
939.51058,100,9353.933989
1156.928544,100,9354.508561
1481.045919,100,9355.06568
1588.772237,100,9355.622231
767.816749,100,9356.175334
3556.312344,100,9356.789748
1265.869947,100,9357.353794
1320.676218,100,9357.912337
974.583353,100,9358.464975
1943.356015,100,9359.024744
673.949933,100,9359.581706
1478.140384,100,9360.133297
-24.301155,100,9360.690296
1446.651242,100,9361.241265
1982.129267,100,9361.80173
1381.072447,100,9362.266421
1729.67178,100,9385.145421
1178.554294,100,9385.723454
565.275857,100,9386.278095
2625.051288,100,9386.849342
-78.928734,100,9387.411779
2246.315378,100,9387.968858
1566.917155,100,9388.526754
2505.462285,100,9389.080312
1758.9724,100,9389.636882
1788.049217,100,9390.184278
2413.629655,100,9390.739222
1595.810101,100,9391.289373
1278.278788,100,9391.850993
2462.465307,100,9392.402393
2011.349646,100,9392.965329
1397.956136,100,9393.559558
1094.919421,100,9394.243145
619.611341,100,9394.823695
15.452976,100,9395.407485
2161.38175,100,9395.999114
2556.201352,100,9396.587512
112.402568,100,9419.176555
490.418589,100,9419.85779
1321.038823,100,9420.503246
1059.362292,100,9421.064692
-1429.600231,100,9421.648379
1349.358046,100,9422.245998
1330.479915,100,9422.829467
714.35648,100,9423.381035
1298.597651,100,9423.983776
2299.323035,100,9424.559509
1245.489448,100,9425.119626
2544.539847,100,9425.672884
342.625137,100,9426.251357
1030.493363,100,9426.812813
1241.494049,100,9427.372884
1700.123158,100,9427.935797
1333.611842,100,9428.492708
677.289649,100,9429.054955
2000.797685,100,9429.628995
2594.527099,100,9430.205043
2406.576337,100,9450.513439
2175.365046,100,9451.085052
1496.218839,100,9451.644029
957.58408,100,9452.20067
2328.473275,100,9453.218558
-551.312676,100,9453.84365
2251.897151,100,9454.477355
1760.623248,100,9455.296807
1425.61788,100,9455.98849
1949.057721,100,9456.481219
2344.544283,100,9456.779683
682.666842,100,9457.177335
546.56498,100,9457.570406
2113.299504,100,9458.079347
1260.677984,100,9458.395985
247.907877,100,9458.68138
1742.09346,100,9458.955121
1470.579577,100,9459.227625
904.146936,100,9459.504828
1324.073677,100,9459.781895
1424.734414,100,9477.862858
887.490346,100,9478.199346
1704.544527,100,9478.476277
1986.869512,100,9478.750144
120.803194,100,9479.022103
1825.764976,100,9479.295305
677.788338,100,9479.569618
576.514801,100,9479.835274
1440.247456,100,9480.108292
1712.1417,100,9480.379593
885.242457,100,9480.646042
1438.920397,100,9480.905042
403.222551,100,9481.181192
1055.129259,100,9481.454802
2228.263071,100,9481.725095
1280.932777,100,9482.006348
929.172789,100,9482.297549
869.314142,100,9482.560999
2851.044555,100,9482.827503
1396.090896,100,9483.089433
1199.112158,100,9483.361326
3199.124207,100,9503.748597
1958.542399,100,9504.338554
1820.747539,100,9504.909647
1003.720319,100,9505.46127
1560.158061,100,9506.040739
2828.83151,100,9506.632316
194.327557,100,9507.202744
2718.786026,100,9507.754468
89.535566,100,9508.343953
2644.403267,100,9508.894308
530.980114,100,9509.448173
1754.276472,100,9509.995565
-406.981994,100,9510.546347
636.124095,100,9511.091982
3389.739543,100,9511.644109
2578.73921,100,9512.193286
1215.40491,100,9512.742609
2586.518093,100,9513.304773
576.457078,100,9513.868551
1911.840869,100,9514.450854
1430.160237,100,9533.962127
1329.727654,100,9534.604434
2710.128146,100,9535.174021
1015.538493,100,9535.725689
2442.482635,100,9536.297807
-171.244877,100,9537.218699
1221.171905,100,9538.461111
1511.802781,100,9539.396877
1795.35331,100,9540.049899
929.1991,100,9540.846484
-789.699052,100,9541.559777
1174.041257,100,9542.178621
1982.76975,100,9542.766268
1574.320773,100,9543.31935
1742.081793,100,9543.876544
154.600123,100,9544.604756
1860.644766,100,9545.161446
1546.773031,100,9545.72284
1916.938018,100,9546.316236
934.304368,100,9546.874378
1746.224064,100,9547.436009
901.908615,100,9567.651998
1391.864791,100,9568.223305
1217.099846,100,9568.788624
868.061874,100,9569.3427
2286.256858,100,9569.895406
433.733571,100,9570.455374
1758.476027,100,9571.01735
357.883327,100,9571.578288
-246.306053,100,9572.140634
1929.109528,100,9572.696833
1078.812388,100,9573.251673
1529.772109,100,9573.840394
1865.218431,100,9574.400626
1699.261182,100,9574.979246
2417.722563,100,9575.527842
1401.395789,100,9576.101574
380.038875,100,9576.651241
2344.52231,100,9577.1943
2083.038172,100,9577.743335
1744.81709,100,9578.310239
799.182517,100,9600.745673
1279.654163,100,9601.330336
2537.493339,100,9601.896596
1019.568546,100,9602.458332
2680.953355,100,9603.018316
-91.959703,100,9603.581643
1847.958228,100,9604.160514
-50.623017,100,9604.745334
3170.055591,100,9605.316408
-173.928568,100,9605.877669
2443.410856,100,9606.438993
1251.164273,100,9606.997428
2432.330638,100,9607.557776
2465.234859,100,9608.115842
1814.830516,100,9608.678837
656.210782,100,9609.267014
1949.514808,100,9609.824222
2572.962203,100,9610.375834
1897.140737,100,9610.936807
441.658858,100,9611.493014
1240.148612,100,9612.059088
1763.09023,100,9633.855262
22.400335,100,9634.437285
2478.774282,100,9635.020081
-546.261624,100,9635.629047
1832.798434,100,9636.209959
620.305069,100,9636.791685
2545.517047,100,9637.351368
2539.167606,100,9637.927047
1063.306696,100,9638.484287
861.054859,100,9639.051482
1268.628953,100,9639.611292
1555.465192,100,9640.169787
1580.100853,100,9640.733432
1891.793441,100,9641.294829
443.808083,100,9641.869395
1354.860026,100,9642.453012
595.418578,100,9643.014743
1005.988434,100,9643.575772
1226.116994,100,9644.157647
1682.853166,100,9644.732408
656.177292,100,9664.091504
2948.485808,100,9664.701198
1287.895499,100,9665.268751
1321.168283,100,9665.832169
1438.552353,100,9666.800158
1632.149485,100,9667.630716
676.565338,100,9668.607859
1668.132427,100,9669.368317
1222.738305,100,9670.032782
1586.008276,100,9670.668078
2410.576615,100,9671.573208
528.668737,100,9672.148294
1764.843823,100,9672.696234
707.84099,100,9673.244316
661.664342,100,9673.792799
734.341676,100,9674.267693
556.884031,100,9674.538327
2551.954451,100,9674.810121
96.537035,100,9675.082348
2489.283074,100,9675.349442
521.68742,100,9675.615193
261.565223,100,9695.713703
-397.228862,100,9696.283377
178.389546,100,9696.847451
1562.185893,100,9697.412663
2007.424341,100,9697.972075
2933.572928,100,9698.534305
495.851879,100,9699.088277
2393.612932,100,9699.668843
1327.41124,100,9700.232515
2768.142628,100,9700.792308
536.626376,100,9701.347861
1007.01814,100,9701.912043
2735.98686,100,9702.476158
916.185014,100,9703.031696
904.166229,100,9703.595882
1475.522708,100,9704.178594
1355.309073,100,9704.749647
2971.887858,100,9705.303725
1926.07337,100,9705.916276
2045.534458,100,9706.480778
363.946085,100,9728.873197
2182.294834,100,9729.455515
1835.712865,100,9730.01185
1414.564739,100,9730.561263
1731.562713,100,9731.104271
32.269932,100,9731.649501
1795.444898,100,9732.198487
1995.202679,100,9732.746646
-112.386259,100,9733.2857
1506.9293,100,9733.849227
485.626139,100,9734.415808
1941.26445,100,9734.985562
689.253715,100,9735.536424
2078.913735,100,9736.104781
810.757234,100,9736.661386
1895.869376,100,9737.207956
2812.4456,100,9737.760948
2203.96542,100,9738.30572
1429.34048,100,9738.849146
1183.621702,100,9739.397803
1825.800553,100,9739.966189
2208.501463,100,9761.981395
2170.507021,100,9762.4632
1096.14092,100,9762.924274
2437.98331,100,9763.295823
2607.500646,100,9763.576877
2251.484065,100,9763.963221
1700.677996,100,9764.249609
1443.127041,100,9764.542079
2406.867943,100,9764.812
2075.082546,100,9765.077688
1148.310174,100,9765.346315
2432.990046,100,9765.620639
384.562471,100,9765.90366
1824.464234,100,9766.174862
970.951639,100,9766.459927
987.822847,100,9766.728142
719.613343,100,9766.988394
1167.730577,100,9767.25659
1542.707466,100,9767.536824
1713.601827,100,9767.823393
2102.217769,100,9789.38247
1567.707054,100,9789.958063
1489.461896,100,9790.52676
1753.394568,100,9793.720198
1161.89036,100,9794.525108
2657.212275,100,9794.999724
1087.771092,100,9795.814692
1635.773707,100,9796.65687
235.145149,100,9797.125472
-1042.973104,100,9797.542757
-1713.277896,100,9797.972484
2158.007494,100,9798.29412
1356.160232,100,9798.617634
-520.968466,100,9798.938114
1581.279929,100,9799.332934
1527.716852,100,9799.728141
2258.310562,100,9800.11438
1890.184229,100,9800.514541
1120.771986,100,9800.853164
1422.758628,100,9801.147048
2900.443156,100,9801.43768
1055.878456,100,9820.89018
1750.560604,100,9821.464331
1811.835245,100,9822.02685
419.824038,100,9822.58979
2054.359885,100,9823.143501
2410.388973,100,9823.699872
2066.631016,100,9824.282325
1549.438136,100,9824.847269
2733.710579,100,9825.405989
1142.370875,100,9825.970346
1337.160744,100,9826.539778
1884.507637,100,9827.094821
1575.757612,100,9827.653681
2518.202842,100,9828.21119
1896.66104,100,9828.783133
1279.674442,100,9829.340166
1062.226139,100,9829.899158
1128.868342,100,9830.456824
2299.046215,100,9831.027455
731.451452,100,9831.586848
983.554078,100,9854.104064
908.948246,100,9854.702581
2452.67823,100,9855.267822
1398.947631,100,9855.824667
2076.201101,100,9856.404045
1527.507273,100,9856.966358
2380.107498,100,9857.522976
1639.970133,100,9858.079656
768.648799,100,9858.640231
1169.758061,100,9859.20201
3005.244195,100,9859.762537
-81.949293,100,9860.321071
1378.238842,100,9860.889097
2176.704619,100,9861.454061
946.177293,100,9862.018394
1090.475164,100,9862.595387
2385.678637,100,9863.157311
2044.98001,100,9863.72401
1894.96776,100,9864.302067
2610.813341,100,9864.866229
503.656007,100,9865.431133
1207.746383,100,9887.778666
1774.37874,100,9888.366586
581.71791,100,9888.924986
1882.309215,100,9889.519888
2066.90739,100,9890.119091
817.048622,100,9890.695792
-908.784504,100,9891.2548
1795.244645,100,9891.824376
-72.560011,100,9892.391503
1723.95489,100,9892.956951
1554.613089,100,9893.534451
1558.418633,100,9894.098276
1222.03,100,9894.684015
148.103699,100,9895.249735
1152.273025,100,9895.808889
1678.171744,100,9896.376222
1356.527891,100,9896.938684
3161.663513,100,9897.498154
342.49424,100,9898.057803
992.222045,100,9898.633972
2753.498846,100,9918.35294
1520.094839,100,9918.943147
1700.522184,100,9919.498772
645.828796,100,9920.057529
1599.747748,100,9921.148984
1802.314338,100,9921.849384
357.082209,100,9923.054167
578.200879,100,9923.906608
-436.022768,100,9924.559711
448.768234,100,9925.428053
1486.197962,100,9926.096979
1895.380197,100,9926.665042
1075.786415,100,9927.216411
2795.917919,100,9927.78678
2432.85049,100,9928.340334
1047.797086,100,9928.895115
-313.66783,100,9929.445562
1584.214636,100,9929.988377
2083.896839,100,9930.550463
1521.187353,100,9931.130466
1271.849941,100,9931.71899
1705.118469,100,9951.04002
1510.295042,100,9951.610223
-387.54467,100,9952.178839
2098.538635,100,9952.747327
2651.673784,100,9953.300271
1975.717285,100,9953.873338
1354.548799,100,9954.453395
1417.46701,100,9955.015277
1454.588569,100,9955.570271
1114.593279,100,9956.146161
1494.553961,100,9956.701839
940.32769,100,9957.257858
1216.52866,100,9957.811755
2586.678191,100,9958.375703
366.717715,100,9958.931715
924.111093,100,9959.485757
2480.135815,100,9960.051754
3239.132209,100,9960.610285
2540.805399,100,9961.179451
1985.396591,100,9961.969534
1358.826395,100,9983.455873
1223.839656,100,9984.047681
2038.272763,100,9984.617956
1948.791303,100,9985.174806
1605.573019,100,9985.729723
2808.272084,100,9986.314813
1108.76376,100,9986.872319
1876.203634,100,9987.434197
2310.70657,100,9987.994366
1354.457034,100,9988.556714
831.589319,100,9989.122242
1926.98252,100,9989.680202
1001.610489,100,10023.541991
1127.006191,100,10023.85841
1300.693738,100,10024.180194
1702.743065,100,10024.454422
475.65286,100,10024.723617
2578.163418,100,10024.978511
-26.180784,100,10025.251518
1527.039811,100,10025.516667
2206.115381,100,10025.780654
968.744528,100,10043.744137
2270.583235,100,10044.338769
1944.54899,100,10044.910269
1484.929522,100,10045.47295
1736.240662,100,10046.445325
873.786387,100,10046.988494
215.838569,100,10047.997098
1885.376103,100,10048.560652
1969.335654,100,10048.878119
-309.77515,100,10049.410549
2152.013098,100,10049.828434
302.855619,100,10050.098891
893.37351,100,10050.530297
1956.025376,100,10050.832968
1770.953311,100,10051.168013
1991.2857,100,10051.569754
768.584522,100,10052.166164
1243.133429,100,10052.492986
1324.193198,100,10052.810859
273.092563,100,10053.099294
1468.59116,100,10071.187565
-137.606278,100,10071.764787
149.712544,100,10072.325705
920.000292,100,10072.905862
2041.866193,100,10073.494788
1171.124392,100,10074.060814
1109.947096,100,10074.639105
965.868172,100,10075.195678
1136.171435,100,10075.756267
1389.539123,100,10076.323599
1763.571224,100,10076.880753
412.937724,100,10077.44035
1134.965947,100,10078.00203
2147.468855,100,10078.563314
1978.730934,100,10079.119689
3064.162228,100,10079.683782
1437.534817,100,10080.237747
1897.320977,100,10080.807074
883.512824,100,10081.360399
2014.011143,100,10081.921946
2165.577007,100,10082.479944
1520.266935,100,10105.443001
47.718877,100,10106.008996
1349.716316,100,10106.572471
479.320803,100,10107.124346
1305.373673,100,10107.699642
1853.652394,100,10108.269491
2716.619292,100,10108.831839
1255.478695,100,10109.38682
560.948027,100,10109.953808
615.849851,100,10110.521795
2008.91042,100,10111.080395
1407.238625,100,10111.642034
1570.414098,100,10112.199863
2188.316524,100,10112.765001
-225.420789,100,10113.318533
3097.441336,100,10113.893597
1961.465082,100,10114.482959
2449.902837,100,10115.054132
1692.117137,100,10115.624382
1537.032701,100,10116.196611
360.923113,100,10138.931095
3277.895049,100,10139.298426
589.243163,100,10139.707822
2041.971518,100,10140.172638
735.597155,100,10140.501453
1140.240348,100,10140.773679
-549.22524,100,10141.038759
2183.299031,100,10141.311658
-524.963299,100,10141.634139
764.81641,100,10141.94528
200.29882,100,10142.285936
1779.079528,100,10142.590312
1392.474465,100,10142.870454
2972.950928,100,10143.158056
508.435017,100,10143.436414
2120.203091,100,10143.73578
2241.162695,100,10144.037168
123.545145,100,10144.326156
2119.6255,100,10144.605715
616.177939,100,10144.869036
1290.081929,100,10145.126749
1779.371761,100,10166.358901
1297.380053,100,10166.917535
2266.039834,100,10167.463319
2142.247053,100,10168.024465
2085.285639,100,10168.579639
2168.036899,100,10169.128534
958.266264,100,10169.681729
1603.832384,100,10170.229649
2883.789093,100,10170.780603
2075.451014,100,10171.350132
1803.634131,100,10171.902954
2669.505523,100,10172.314286
3356.267856,100,10172.822773
702.606795,100,10173.395474
2531.118429,100,10173.763151
917.007264,100,10174.837012
1722.445631,100,10176.184508
-390.378982,100,10176.810817
2675.666866,100,10177.41361
173.075214,100,10178.028837
487.340965,100,10197.84113
608.047883,100,10198.423604
1556.588237,100,10198.991362
1567.286166,100,10199.556257
1183.879296,100,10200.11577
924.04766,100,10200.673205
-112.661963,100,10201.223186
899.622573,100,10201.77962
2285.929582,100,10202.335827
1913.749812,100,10202.900372
1471.673515,100,10203.455068
429.828232,100,10204.027385
1247.507831,100,10204.612437
2060.847003,100,10205.171199
201.650742,100,10205.7237
2268.225902,100,10206.278082
2341.732909,100,10206.832136
1609.189307,100,10207.383799
1547.747845,100,10207.94179
1323.467643,100,10208.525956
807.486626,100,10209.080391
751.982111,100,10230.939356
1344.239148,100,10231.499463
2798.369616,100,10232.057245
2441.050388,100,10232.621675
2439.46436,100,10233.18381
2314.707034,100,10233.755747
1899.464488,100,10234.345334
2344.910381,100,10234.916769
1963.820517,100,10235.473382
831.710585,100,10236.034349
2089.626348,100,10236.606521
66.296272,100,10237.210796
1464.040754,100,10237.774837
1207.069591,100,10238.347676
1715.968916,100,10238.9133
2078.819898,100,10239.470979
1282.385951,100,10240.028837
2573.375818,100,10240.589954
1525.483901,100,10241.144265
1337.286608,100,10241.703757
2074.666514,100,10263.537736
1372.428739,100,10264.161181
1618.878759,100,10264.7458
1822.632814,100,10265.316468
1637.878082,100,10265.876798
731.390157,100,10266.432897
1005.995591,100,10266.986735
60.434196,100,10267.544038
2886.741173,100,10268.102344
2689.401755,100,10268.672468
1887.990856,100,10269.26953
1032.487376,100,10269.86751
1653.522721,100,10270.438379
591.776618,100,10271.003274
1718.005963,100,10271.563264
463.777923,100,10272.127433
2115.513842,100,10272.692329
2045.249192,100,10273.259375
2023.833379,100,10273.824132
1418.440915,100,10274.415791
1359.071524,100,10293.784399
1479.982907,100,10294.402022
1884.790347,100,10294.987381
1780.305551,100,10295.548789
172.833067,100,10296.104182
2501.615708,100,10296.663215
2498.658631,100,10297.217667
579.343343,100,10297.776118
1947.698697,100,10298.335057
1809.700821,100,10298.907326
2648.268246,100,10299.465564
2741.357903,100,10300.438311
572.387878,100,10301.058444
1117.630734,100,10302.28319
441.82349,100,10302.929428
1352.594945,100,10303.767748
1669.984582,100,10304.423749
1964.933653,100,10305.332065
328.485617,100,10305.932359
-437.388547,100,10306.489524
337.129432,100,10307.045942
0.115769,100,10326.571851
1073.010648,100,10326.869763
-202.591637,100,10327.162072
650.483165,100,10327.443333
1522.098342,100,10327.721442
1799.86346,100,10328.002733
2384.175807,100,10328.278681
1963.08423,100,10328.577823
3172.851745,100,10328.870149
2098.935691,100,10329.150263
1996.488557,100,10329.432073
193.833345,100,10329.712006
1248.75017,100,10329.988233
772.200768,100,10330.261642
81.648168,100,10330.545583
2231.951818,100,10330.824757
1834.73859,100,10331.111408
2269.065946,100,10331.394966
3100.239527,100,10331.675876
1346.684682,100,10331.960632
1018.337732,100,10354.44117
1136.264189,100,10355.04389
2004.061557,100,10355.613978
873.472498,100,10356.173253
1821.958075,100,10356.734093
2514.830337,100,10357.314405
1549.755142,100,10357.878869
1325.761391,100,10358.450629
1641.383836,100,10359.008724
1122.392712,100,10359.579832
1408.171976,100,10360.132771
1272.012005,100,10360.706252
274.630277,100,10361.263374
2607.291544,100,10361.833545
1463.632734,100,10362.393623
1021.562653,100,10362.963756
1064.34475,100,10363.543784
1781.14024,100,10364.122571
2121.243691,100,10364.703611
2287.655133,100,10365.269518
2322.131049,100,10365.848651
1396.408439,100,10386.086123
2660.749916,100,10386.660923
597.719229,100,10387.341377
2936.717173,100,10387.73183
1410.767416,100,10388.486724
1610.671873,100,10388.953574
569.499663,100,10389.344596
2600.531348,100,10389.697574
1238.272545,100,10390.054727
27.295128,100,10390.400856
1738.447435,100,10390.868135
1954.602423,100,10391.340034
2266.012413,100,10391.925749
1561.875793,100,10392.504007
1704.375988,100,10393.06437
2424.447679,100,10393.626841
78.698397,100,10394.209721
846.589228,100,10394.788939
2037.588665,100,10395.343768
911.305666,100,10395.923767
2482.325657,100,10419.112262
720.496445,100,10419.704655
1177.224136,100,10420.28344
560.9088,100,10420.853391
2109.147623,100,10421.410151
1814.988872,100,10421.972637
1611.443035,100,10422.533648
400.356394,100,10423.096761
1975.220636,100,10423.675964
1530.617765,100,10424.259978
1582.829987,100,10424.836704
1184.965292,100,10425.393111
2015.30847,100,10425.961523
1506.982091,100,10426.538857
1264.080032,100,10427.216309
671.884385,100,10427.52304
1502.70447,100,10428.117272
2209.931173,100,10428.978396
-361.050078,100,10429.704475
1397.834915,100,10430.592048
1675.252632,100,10430.981703
2606.855803,100,10450.514358
859.395089,100,10451.080173
354.681027,100,10451.634859
1087.282892,100,10452.195844
1550.181134,100,10452.758031
923.830608,100,10453.323718
2073.352601,100,10453.901864
1270.808685,100,10454.479599
367.276063,100,10455.042772
2157.453065,100,10455.607225
1619.398056,100,10456.164729
1706.955447,100,10456.732423
1152.822149,100,10457.297811
2246.469829,100,10457.858742
1996.998388,100,10458.415563
2352.426522,100,10458.971844
704.168156,100,10459.521072
107.971607,100,10460.081648
1386.302028,100,10460.638729
3132.464169,100,10461.186099
1002.240388,100,10483.943532
-321.40962,100,10484.564111
1693.187828,100,10485.14372
2241.424183,100,10485.70835
1607.562299,100,10486.269354
2344.79268,100,10486.830328
40.593352,100,10487.393646
2782.89312,100,10487.951727
1640.141377,100,10488.530721
1499.055709,100,10489.090789
1753.566363,100,10489.657214
1962.898347,100,10490.21529
2711.496741,100,10490.782147
1932.472102,100,10491.355793
830.577929,100,10491.918005
204.601711,100,10492.481412
1861.884164,100,10493.045385
2055.378453,100,10493.613414
2827.659609,100,10494.209997
1196.639352,100,10494.79733
1676.948226,100,10495.349174
2426.51955,100,10516.621781
3216.856623,100,10517.220232
1860.320271,100,10517.857685
832.530286,100,10518.531688
2277.856115,100,10519.156228
1209.772122,100,10519.724415
1167.9758,100,10520.271531
416.196059,100,10520.834815
595.171888,100,10521.38069
1592.07619,100,10521.928653
1754.796466,100,10522.492244
2149.65463,100,10523.091359
764.634354,100,10523.692952
2435.734685,100,10524.287583
1566.224544,100,10524.851486
1406.192751,100,10525.282955
-275.304681,100,10525.559149
2325.206512,100,10525.824303
1144.859848,100,10526.095195
2546.146279,100,10526.368318
834.702079,100,10545.58146
563.847399,100,10546.17004
1686.658713,100,10546.740948
2476.749786,100,10547.30282
491.820057,100,10547.893246
1013.695656,100,10548.477473
727.158989,100,10549.035743
2229.986772,100,10549.593269
3379.118323,100,10550.144776
1845.010479,100,10550.715689
645.03577,100,10551.266647
2351.647821,100,10551.826246
1480.141494,100,10552.385601
1685.450062,100,10552.946624
1573.471265,100,10553.521946
2900.552479,100,10554.749234
127.263635,100,10555.749754
1412.173877,100,10556.166628
683.890477,100,10556.95466
1258.360876,100,10557.833315
1170.851868,100,10558.334848
2580.566986,100,10578.897355
1421.617978,100,10579.464284
2183.759101,100,10580.028288
62.707404,100,10580.603431
1911.565825,100,10581.170405
1913.343602,100,10581.732329
1349.665379,100,10582.290732
2129.515145,100,10582.851818
2071.848334,100,10583.430749
1434.885978,100,10583.998837
1659.06628,100,10584.586509
950.506466,100,10585.155688
623.483255,100,10585.721004
1468.696372,100,10586.293999
2213.377934,100,10586.852494
267.388468,100,10587.415241
1015.122577,100,10587.976828
1377.985522,100,10588.538485
1099.58081,100,10589.100046
2133.779115,100,10589.665316
959.724093,100,10611.852252
-570.325049,100,10612.42897
2023.560918,100,10612.986244
1899.167326,100,10613.546012
2005.991114,100,10614.117981
1704.779474,100,10614.689117
1666.709372,100,10615.245645
-527.992514,100,10615.810987
749.510813,100,10616.374872
478.530689,100,10616.934446
686.26168,100,10617.491713
-166.176318,100,10618.0499
2546.431364,100,10618.648148
1576.354796,100,10619.214297
1076.092819,100,10619.772479
359.007737,100,10620.323646
2583.281384,100,10620.880293
2063.342975,100,10621.436669
1334.476815,100,10621.989253
1344.193432,100,10622.545364
2654.916076,100,10623.12346
739.884795,100,10644.201816
1869.21706,100,10644.617177
2458.16377,100,10645.270622
1786.180469,100,10645.917586
2461.321319,100,10646.207295
2002.319072,100,10646.479477
-321.50413,100,10646.740808
-1105.266217,100,10647.01625
-237.170053,100,10647.270977
2399.98024,100,10647.534104
-770.369717,100,10647.788434
2333.106072,100,10648.061991
1118.203679,100,10648.320729
2096.195916,100,10648.607014
1442.867088,100,10648.883945
2193.234214,100,10649.15772
1000.752121,100,10649.424421
1027.046002,100,10649.692288
1975.74987,100,10650.014892
2346.882205,100,10650.317817
890.575506,100,10669.920206
2450.020045,100,10670.524809
1740.108577,100,10671.096636
3203.301054,100,10671.662951
1937.375529,100,10672.216788
2154.592754,100,10672.785341
2189.841059,100,10673.349146
1718.230277,100,10673.92221
2281.878671,100,10674.49763
1631.389761,100,10675.081296
2465.525019,100,10675.642871
679.607357,100,10676.202307
1211.247721,100,10676.762759
1302.36843,100,10677.312689
1250.273611,100,10677.872343
1351.263487,100,10678.431795
1087.730294,100,10678.996608
1955.551439,100,10679.554032
928.003939,100,10680.119294
1280.716941,100,10680.67621
1737.753416,100,10681.243764
1971.428636,100,10702.7354
1163.191432,100,10703.304289
2247.577821,100,10703.872987
1359.142149,100,10704.448546
2524.924298,100,10705.007825
2119.597694,100,10705.579086
1472.1151,100,10706.144301
1717.734258,100,10706.703252
1129.30073,100,10707.25885
1559.044213,100,10707.82681
1451.032021,100,10708.393344
1287.956615,100,10708.963206
3059.405199,100,10709.529701
2820.659168,100,10710.094471
1865.284151,100,10710.666017
114.838485,100,10711.231148
2036.949867,100,10711.792222
3211.650619,100,10712.348858
1547.863056,100,10712.921621
2807.376695,100,10713.48594
2523.834762,100,10736.186309
1609.378722,100,10736.869975
1810.450181,100,10737.430375
1565.513301,100,10737.983974
1420.25986,100,10738.543131
2934.135557,100,10739.101436
422.354599,100,10739.675047
2870.148263,100,10740.236326
2228.844654,100,10740.793748
2270.470089,100,10741.349338
1590.240229,100,10741.913748
1072.410418,100,10742.465714
3088.303072,100,10743.028275
2609.113738,100,10743.588634
1362.404614,100,10744.168873
1200.281163,100,10744.760815
1378.922654,100,10745.316783
1393.820759,100,10745.8778
978.253756,100,10746.433803
1744.614978,100,10746.990748
1333.425766,100,10747.548738
1337.221135,100,10767.921776
1465.409388,100,10768.936011
1114.342147,100,10769.84107
1524.277857,100,10770.4559
2695.925778,100,10770.767586
155.662731,100,10771.166069
2142.468809,100,10771.507246
1335.822218,100,10771.859987
2597.069101,100,10772.356484
2382.874204,100,10772.759695
766.268649,100,10773.071966
2331.282206,100,10773.361191
1340.717454,100,10773.752136
905.235408,100,10774.155111
710.957699,100,10774.450329
2021.120826,100,10774.746211
717.474023,100,10775.023545
3099.866076,100,10775.29386
1467.029363,100,10775.563241
2170.157853,100,10775.842351
2510.653601,100,10838.78484
-1638.765641,100,10839.364604
2458.155755,100,10839.925715
-146.438033,100,10840.518991
1851.072776,100,10841.077266
2029.375717,100,10841.632775
2027.176729,100,10842.192834
2420.480181,100,10842.751281
2716.659174,100,10843.313754
2339.096106,100,10843.878975
3447.412828,100,10844.462951
1915.22297,100,10845.020764
1013.850378,100,10845.592804
1225.403145,100,10846.15609
709.4043,100,10846.718319
857.349632,100,10847.274268
1975.311947,100,10847.831254
1798.806563,100,10848.38706
365.720838,100,10848.944191
1196.885726,100,10849.503268
1552.242452,100,10850.05905
785.782237,100,10871.991401
2235.249172,100,10872.561345
2354.972332,100,10873.117336
2084.077711,100,10873.682569
2819.147522,100,10874.26862
2269.85401,100,10874.842901
681.403673,100,10875.412218
760.226892,100,10875.972508
-1328.097524,100,10876.539641
1155.190279,100,10877.102295
2093.907824,100,10877.665795
1387.01564,100,10878.219987
2470.842716,100,10878.78021
661.240381,100,10879.336369
1967.038405,100,10879.893775
1167.579737,100,10880.46957
1089.450335,100,10881.0341
1988.760864,100,10881.590602
965.891407,100,10882.154366
1163.675274,100,10882.722948
1770.494179,100,10905.532897
1027.231125,100,10906.104201
1131.487702,100,10906.668823
683.399342,100,10907.234805
1452.236452,100,10907.792333
1369.289364,100,10908.373125
1832.059526,100,10908.940882
1760.315722,100,10909.502756
479.877428,100,10910.063443
2505.760197,100,10910.627088
1069.221947,100,10911.190362
587.121975,100,10911.752892
261.818684,100,10912.321525
758.887711,100,10912.890934
2497.622067,100,10913.464814
788.024983,100,10914.045014
1607.797226,100,10914.626774
-28.432318,100,10915.182847
2117.61059,100,10915.76328
2239.445141,100,10916.322375
1258.409579,100,10916.882985
1813.117444,100,10939.036714
1046.039008,100,10939.714572
-703.296808,100,10940.434484
3236.39247,100,10941.148036
3101.664254,100,10941.730708
-376.589547,100,10942.562615
996.213192,100,10943.202672
3076.95849,100,10943.918974
1201.702441,100,10944.607517
1899.282665,100,10945.435459
1924.811787,100,10946.025573
1387.828427,100,10946.586501
1939.576536,100,10947.131876
218.618329,100,10947.702406
1079.852664,100,10948.256809
1963.86003,100,10948.816534
1958.275315,100,10949.364713
1926.788197,100,10949.940136
1331.938791,100,10950.499499
548.522939,100,10951.049182
984.106687,100,10973.334493
510.276724,100,10973.960594
786.617072,100,10974.605622
2424.484308,100,10975.174981
2087.791999,100,10975.744931
1011.547139,100,10976.318753
1586.398505,100,10976.884873
2280.657329,100,10977.443696
1095.527967,100,10978.002434
1521.688543,100,10978.567868
1924.481027,100,10979.123317
1343.840758,100,10979.689829
995.954438,100,10980.254218
1790.95216,100,10980.826787
2027.892856,100,10981.402293
2155.266065,100,10981.682066
320.088962,100,10981.958431
536.326872,100,10982.216207
1579.566413,100,10982.483868
-455.400067,100,10982.746658
1956.277941,100,10983.014348
1683.656531,100,11007.831658
2881.672359,100,11008.387793
2077.591105,100,11008.944234
1966.834591,100,11009.505304
1733.031778,100,11010.057314
1074.912804,100,11010.624867
304.882978,100,11011.184449
948.697518,100,11011.759264
773.533658,100,11012.328524
347.891079,100,11012.891629
1521.644068,100,11013.461123
1662.407669,100,11014.036704
2673.279984,100,11014.619429
1968.495457,100,11015.180546
2030.107691,100,11015.743671
3046.014359,100,11016.303251
3352.717228,100,11016.87501
2326.382988,100,11017.448342
1000.419567,100,11018.020525
2144.707928,100,11018.599984
-139.774268,100,11045.600338
2601.935948,100,11046.178653
365.103424,100,11046.739275
1185.502209,100,11047.293719
3265.94537,100,11047.86077
219.935936,100,11048.427868
2083.446979,100,11048.985193
1446.748076,100,11049.545613
2041.396038,100,11050.100845
1827.676373,100,11050.667552
2087.717046,100,11051.209087
1838.420079,100,11051.784278
862.230871,100,11052.344644
343.797886,100,11052.905297
1048.418661,100,11053.466836
2156.224343,100,11054.036003
1515.192307,100,11054.614773
1333.565216,100,11055.166651
1413.750227,100,11055.721951
1158.215157,100,11056.130505
1847.937447,100,11056.407561
2354.474436,100,11079.876731
1581.994872,100,11080.368784
1473.780414,100,11080.669168
510.806923,100,11080.934374
1316.227179,100,11081.20264
1824.860434,100,11081.474574
2699.344554,100,11081.74353
1576.215828,100,11082.005225
660.387558,100,11082.276221
555.793381,100,11082.548121
1618.786251,100,11082.812754
1599.320789,100,11083.074426
1790.752639,100,11083.3679
625.66352,100,11083.74619
2059.654481,100,11084.1663
1907.209108,100,11084.515796
-709.654577,100,11084.787453
1461.385672,100,11085.050706
1248.726532,100,11085.310066
302.895099,100,11085.586142
1479.733,100,11106.985745
-434.154644,100,11107.547251
2147.691361,100,11108.112884
1210.081415,100,11108.674863
698.266517,100,11109.228788
2029.617097,100,11109.81087
1554.960083,100,11110.373866
2251.517525,100,11111.150874
415.349119,100,11111.726268
2101.135145,100,11112.782474
1765.235183,100,11113.57066
1113.238456,100,11114.269481
1654.775016,100,11114.851409
1080.40647,100,11115.579649
2147.555315,100,11115.861858
3077.300059,100,11116.308145
2715.938126,100,11116.95801
2236.985605,100,11117.806454
3688.956278,100,11118.44627
1893.404034,100,11119.014112
2413.770721,100,11141.138774
1193.66772,100,11141.722355
1416.848301,100,11142.284637
1481.219228,100,11142.865164
2893.331181,100,11143.436971
1183.038815,100,11144.128501
-1137.992017,100,11144.709437
2210.060044,100,11145.274462
1329.709394,100,11145.838758
2041.377208,100,11146.409833
2635.027169,100,11146.973887
2552.715976,100,11147.544945
1377.830623,100,11148.106015
2372.951743,100,11148.660574
1767.514817,100,11149.21356
1536.632371,100,11149.774209
2457.488375,100,11150.328886
1467.717013,100,11150.889194
1230.867386,100,11151.432619
3086.124503,100,11151.992843
2024.989735,100,11152.582702
1997.205206,100,11176.950684
1611.106646,100,11177.507605
1186.840451,100,11178.051467
943.199336,100,11178.598249
1902.481664,100,11179.141698
2073.706223,100,11179.687086
1805.73017,100,11180.23388
1060.934052,100,11180.796397
2386.309174,100,11181.348108
1401.529131,100,11181.893301
1391.549929,100,11182.451828
1927.054311,100,11183.004815
2548.003665,100,11183.576844
744.498403,100,11184.163517
1808.861509,100,11184.735003
75.087586,100,11185.281225
2088.603932,100,11185.835253
1304.131731,100,11186.398076
1200.474801,100,11186.947762
1253.969147,100,11187.498715
1737.935872,100,11211.15643
791.424939,100,11211.737131
1769.320718,100,11212.293333
2044.750794,100,11212.850754
1075.348244,100,11213.405931
1766.819771,100,11214.538839
2180.655651,100,11215.116565
1255.247025,100,11215.665671
120.761461,100,11216.232384
1281.676491,100,11216.787355
2242.812985,100,11217.33226
112.604195,100,11217.881681
-1731.341773,100,11218.427867
351.135687,100,11218.97997
1545.191338,100,11219.528313
1659.261791,100,11220.084687
2180.294529,100,11220.635049
-169.2217,100,11221.176062
2130.754212,100,11221.745726
-74.686575,100,11222.288756
1438.231957,100,11222.838996
378.063179,100,11246.705701
429.519081,100,11247.286242
1509.663534,100,11247.83934
850.585265,100,11248.401892
541.898924,100,11248.953398
1480.941157,100,11249.51631
2429.483696,100,11250.077071
1630.102278,100,11250.636858
433.788803,100,11251.1937
1676.76714,100,11251.775023
416.105359,100,11252.363833
1882.580395,100,11252.933891
1666.107169,100,11253.507182
-118.355554,100,11254.100252
3013.053536,100,11254.69015
1585.11351,100,11255.252295
3090.852898,100,11255.81364
1933.581808,100,11256.371278
1078.860369,100,11256.931298
3064.790287,100,11257.495573
2211.33174,100,11280.061852
1869.064361,100,11280.656268
1145.440992,100,11281.227319
1888.721402,100,11281.787783
1246.179554,100,11282.345304
1617.161334,100,11283.225985
1470.459904,100,11283.539728
2683.783548,100,11284.118763
2156.75646,100,11285.466713
2233.785149,100,11286.107708
3188.231167,100,11286.93289
2577.672114,100,11287.586117
2155.967937,100,11288.225173
1623.937382,100,11288.967201
1173.664559,100,11289.540281
2506.837902,100,11290.095701
244.59237,100,11290.650982
-60.804711,100,11291.202782
497.662895,100,11291.769958
1744.591159,100,11292.330092
1809.400889,100,11292.901115
1312.029367,100,11315.574684
1359.41567,100,11316.15724
2151.894196,100,11316.718405
698.981343,100,11317.279377
2755.193995,100,11317.843869
2311.667876,100,11318.426821
541.999472,100,11318.98335
1081.71877,100,11319.546844
940.834703,100,11320.114512
219.193409,100,11320.683226
2028.779339,100,11321.238805
1633.811525,100,11321.799391
1973.843518,100,11322.351805
1764.506713,100,11322.911901
2123.446796,100,11323.465191
3413.71238,100,11324.286856
2405.930357,100,11324.889751
1767.582593,100,11325.303022
620.926079,100,11325.673606
1404.094031,100,11326.586536
1480.463794,100,11349.928486
1338.089719,100,11350.499847
484.173104,100,11351.054131
916.035479,100,11351.5986
197.707396,100,11352.140613
896.258578,100,11352.681697
3055.095669,100,11353.22795
1833.071975,100,11353.801628
-548.911927,100,11354.382007
2189.541731,100,11354.948981
1720.792724,100,11355.510931
-613.201606,100,11356.055441
2643.478723,100,11356.602432
82.121395,100,11357.148579
1446.203325,100,11357.693671
2230.9455,100,11358.244339
601.516481,100,11358.793136
2133.404025,100,11359.343405
1504.860206,100,11359.89702
475.17146,100,11360.444973
736.662849,100,11360.992054
1851.31507,100,11383.498263
356.155898,100,11384.07742
979.573017,100,11384.648016
1874.231489,100,11385.21409
-161.725434,100,11385.766383
2593.105815,100,11386.321474
1786.267067,100,11386.867488
2435.442286,100,11387.42031
2018.654192,100,11387.964568
2101.17884,100,11388.510234
2197.772409,100,11389.051997
1059.886999,100,11389.599634
263.951957,100,11390.146131
2712.15008,100,11390.696109
-372.967288,100,11391.248889
2494.725367,100,11391.840887
2276.554778,100,11392.563008
1517.95184,100,11393.124737
2277.683935,100,11393.686481
2626.252118,100,11394.258753
1927.937732,100,11417.701935
2271.788186,100,11418.275468
2182.651192,100,11418.817875
1865.310086,100,11419.367073
2053.094159,100,11419.913163
1255.963541,100,11420.488959
2948.604497,100,11421.090843
3269.559382,100,11421.665192
-83.622288,100,11422.214651
1774.404847,100,11422.766628
303.63162,100,11423.312613
2177.210959,100,11423.876733
1093.568697,100,11424.453644
1235.827394,100,11425.007766
1652.180467,100,11425.579534
2768.89541,100,11426.139438
-1243.513159,100,11426.688737
1342.518301,100,11427.237183
2424.286889,100,11427.785224
1344.851524,100,11428.337086
813.789516,100,11428.885981
1801.035987,100,11450.685373
2047.176167,100,11451.248935
2295.722612,100,11452.264414
1832.728752,100,11453.050472
2287.872781,100,11454.549325
1292.482166,100,11454.926979
1225.275315,100,11455.758166
1684.29673,100,11456.55842
-477.361212,100,11457.281133
1940.769962,100,11457.85519
2121.95156,100,11458.41987
1192.544532,100,11458.964293
438.071154,100,11459.515462
830.578603,100,11460.059503
3309.208846,100,11460.610647
1528.340323,100,11461.156422
2856.884452,100,11461.725246
2621.229341,100,11462.306557
628.777283,100,11462.886262
1444.752859,100,11463.436273
883.758842,100,11484.885312
980.309819,100,11485.194644
643.072159,100,11485.495345
2049.650453,100,11485.779774
1249.362266,100,11486.084098
2583.495569,100,11486.372538
1257.573333,100,11486.646828
1161.100049,100,11486.928135
-1944.663868,100,11487.203992
1031.846581,100,11487.481091
1351.914633,100,11487.758523
1248.138241,100,11488.044929
2610.397624,100,11488.323303
2412.464917,100,11488.599829
2858.228624,100,11488.876399
2277.111406,100,11489.155296
1961.003812,100,11489.436416
1275.615188,100,11489.712208
177.972936,100,11489.996338
1808.716847,100,11490.277814
1363.941894,100,11490.559117
1622.728796,100,11515.776136
2084.94584,100,11516.369581
1943.296555,100,11516.929855
2507.50225,100,11517.490711
2398.799787,100,11518.049456
-548.858486,100,11518.608413
1492.643425,100,11519.162843
664.049807,100,11519.743737
2034.197126,100,11520.316986
1294.77928,100,11520.878005
2961.703822,100,11521.426351
2085.072456,100,11521.979829
2580.501911,100,11522.535895
1819.880754,100,11523.083701
3285.538596,100,11523.652097
2518.49065,100,11524.252882
615.975092,100,11524.834655
2089.649822,100,11525.414763
1736.813887,100,11525.991565
1090.45485,100,11526.562938
3304.029938,100,11551.123405
2349.311746,100,11551.698599
1807.188771,100,11552.256873
1266.316614,100,11552.823866
2499.242639,100,11553.37642
1602.617078,100,11553.949139
88.167084,100,11554.529717
2681.752063,100,11555.095295
1013.116396,100,11555.65373
272.120267,100,11556.218695
1090.856609,100,11556.790071
-423.057066,100,11557.342237
2288.219194,100,11557.906879
2048.845754,100,11558.523104
2015.764858,100,11559.089444
2086.961658,100,11559.65381
2190.007468,100,11560.213745
1516.974838,100,11560.775797
2612.203828,100,11561.329431
2029.045484,100,11561.90104
901.448213,100,11562.46789
2259.427331,100,11587.196858
1964.513346,100,11587.760399
2832.886077,100,11588.317958
681.763811,100,11588.934412
1063.887906,100,11589.526306
987.509057,100,11590.087786
1225.175957,100,11590.653852
2496.317384,100,11591.221735
624.453251,100,11591.777455
2298.893222,100,11592.333295
3025.06275,100,11592.894003
1429.660657,100,11593.452826
1287.681229,100,11594.030894
1266.634906,100,11594.614283
2216.924989,100,11595.199273
1167.050416,100,11595.755662
1450.281493,100,11596.311193
1096.194314,100,11596.8739
1160.787302,100,11597.442751
1258.083101,100,11598.003803
2591.409135,100,11620.20637
141.568078,100,11620.542848
818.917531,100,11620.976387
2633.857832,100,11622.052246
2479.26592,100,11622.702249
1483.931676,100,11623.436817
3268.891697,100,11624.088033
2808.342178,100,11624.737317
1413.663042,100,11625.434242
2202.938482,100,11626.091114
1940.779459,100,11626.676486
1320.895484,100,11627.297082
2990.961746,100,11627.856287
3208.956999,100,11628.418344
1209.475681,100,11628.972874
451.266915,100,11629.537188
2689.137722,100,11630.10911
2184.746427,100,11630.748055
-224.24289,100,11631.332118
1517.844121,100,11631.894714
11.002155,100,11632.460142
2951.594646,100,11656.712051
-1035.246085,100,11657.26768
2556.357244,100,11657.819891
1484.133821,100,11658.363812
1739.08327,100,11658.909678
1779.720068,100,11659.452861
634.909536,100,11660.001639
3113.776052,100,11660.567233
2925.473961,100,11710.135885
2203.754198,100,11710.422348
1962.251968,100,11710.69593
-466.567362,100,11710.966947
942.411985,100,11711.242176
1307.037759,100,11711.517201
-50.910279,100,11711.790427
2081.54964,100,11712.059881
-583.74378,100,11712.324844
1697.800403,100,11712.595704
2176.210111,100,11712.905379
3004.466326,100,11713.226316
330.843984,100,11735.150468
2175.731611,100,11735.726372
1690.256176,100,11736.28527
2145.137708,100,11736.845501
1555.723223,100,11737.416325
1267.907646,100,11737.982082
-328.096815,100,11738.565475
1221.878487,100,11739.127386
741.844748,100,11739.689846
1489.139739,100,11740.244379
-779.951682,100,11740.809933
1624.505868,100,11741.367382
1997.057248,100,11741.927859
1377.890277,100,11742.486759
102.441224,100,11743.043327
1273.061558,100,11743.598397
2846.184775,100,11744.514234
2539.275915,100,11745.354867
1314.418641,100,11746.356148
49.010338,100,11747.547123
-449.423178,100,11748.337298
1580.797386,100,11771.354003
1983.044709,100,11771.927531
1792.369544,100,11772.489245
2256.360402,100,11773.05197
2936.10354,100,11773.616344
1586.462069,100,11774.208503
260.983447,100,11774.788363
1406.089087,100,11775.36257
540.836304,100,11775.929702
1420.19851,100,11776.492636
1997.470345,100,11777.058501
-1753.783227,100,11777.65666
907.11584,100,11778.217769
444.623366,100,11778.784981
683.108515,100,11779.336491
1688.717319,100,11779.898424
1426.339375,100,11780.453741
1091.627841,100,11781.018044
1825.373537,100,11781.573246
549.940766,100,11782.132458
2500.367359,100,11805.821531
2585.713644,100,11806.384067
298.548118,100,11806.936019
1349.734044,100,11807.51035
2402.484835,100,11808.069067
1025.121541,100,11808.63777
1721.793673,100,11809.194182
628.996284,100,11809.747016
1902.994853,100,11810.292159
706.424254,100,11810.850234
1127.190116,100,11811.395321
2327.796593,100,11811.943829
2078.967394,100,11812.492963
1911.704414,100,11813.037968
1492.829207,100,11813.585975
1565.414568,100,11814.185573
2183.904108,100,11814.751535
1098.765834,100,11815.301108
2243.525205,100,11815.851335
-830.919926,100,11816.411173
1931.305541,100,11816.960047
1910.828673,100,11841.90188
2544.375005,100,11842.478109
1223.481775,100,11843.037759
416.386295,100,11843.601938
538.460585,100,11844.175077
1253.023303,100,11844.7649
2978.13609,100,11845.332274
89.704655,100,11845.895977
1610.35131,100,11846.454289
1228.008714,100,11847.029314
3098.337142,100,11847.586657
2628.936491,100,11848.152565
1184.518558,100,11848.710645
2081.498815,100,11849.271424
1877.520768,100,11849.835729
1011.98809,100,11850.398586
1692.227256,100,11850.971841
1867.821673,100,11851.526372
2275.518028,100,11852.086271
-594.984938,100,11852.653371
1491.36751,100,11872.164204
1371.245566,100,11872.991548
856.403162,100,11874.507713
786.535379,100,11875.448426
2256.142563,100,11876.053083
2119.868206,100,11876.692326
2497.526346,100,11877.44175
589.192924,100,11878.007984
2139.698789,100,11878.578534
1896.029197,100,11879.133363
449.237041,100,11879.718868
1257.020521,100,11880.293359
2346.945948,100,11880.869732
649.084476,100,11881.421822
2115.93267,100,11881.9785
1302.628501,100,11882.564587
1803.505712,100,11883.160502
1291.019113,100,11883.740287
1535.732093,100,11884.334738
2723.878105,100,11884.641423
1074.223788,100,11884.913662
1039.400123,100,11905.836284
660.121272,100,11906.405224
372.539043,100,11906.968881
495.534777,100,11907.532367
1613.441349,100,11908.094548
675.106818,100,11908.658734
2247.091837,100,11909.216443
1714.716211,100,11909.802395
1176.552996,100,11910.380809
2544.380972,100,11910.951876
1658.363462,100,11911.511895
2659.18054,100,11912.073474
584.796776,100,11912.639049
-189.415169,100,11913.375812
882.546197,100,11914.141381
1613.131889,100,11915.550437
1976.76408,100,11916.444455
1331.635489,100,11917.084863
1147.480762,100,11917.946454
1472.780885,100,11918.390714
2745.889931,100,11940.824627
2033.670096,100,11941.396431
2427.575407,100,11941.947063
252.307209,100,11942.493802
1914.684089,100,11943.041772
-732.512661,100,11943.593835
1988.159901,100,11944.15468
624.655311,100,11944.733621
3030.627436,100,11945.288398
2520.931704,100,11945.839401
1828.849844,100,11946.384572
920.641028,100,11946.928986
-1111.27484,100,11947.443739
-322.382674,100,11947.722891
1573.928328,100,11948.004183
2215.2354,100,11948.286953
1644.890261,100,11948.575035
1568.805315,100,11948.853535
-498.918477,100,11949.128953
2129.020252,100,11949.407938
1728.813166,100,11949.684985
339.427886,100,11972.389837
2665.585646,100,11972.94896
2034.366514,100,11973.50488
1953.535525,100,11974.07189
779.630297,100,11974.645627
1332.729657,100,11975.209431
-206.574427,100,11975.769392
1659.53923,100,11976.335989
2526.251081,100,11976.896945
2241.41759,100,11977.451766
1874.194461,100,11978.011832
1279.313991,100,11978.579429
2674.387913,100,11979.136005
2602.276602,100,11979.693244
1034.362485,100,11980.245283
2955.680015,100,11980.83736
1462.011786,100,11981.393467
2017.868683,100,11981.951283
2793.912537,100,11982.506608
-306.520338,100,11983.066317
605.934978,100,12008.008424
3096.200934,100,12008.581515
1261.636443,100,12009.135268
1109.571993,100,12009.709522
2230.157609,100,12010.297814
1160.243867,100,12010.887569
1603.018552,100,12011.457247
1663.312092,100,12012.009721
1573.502851,100,12012.570301
1781.57115,100,12013.122286
2030.454876,100,12013.676803
1671.686454,100,12014.253977
-622.895757,100,12014.822508
2337.831915,100,12015.378611
1679.27875,100,12015.938294
2550.474536,100,12016.506867
1483.180613,100,12017.067255
1697.815311,100,12017.624304
941.364136,100,12018.178201
1780.239421,100,12018.750886
1462.871569,100,12040.340104
2181.148359,100,12041.434669
2858.830226,100,12041.783655
3407.309862,100,12042.394864
1945.167844,100,12042.895784
1171.906919,100,12043.318229
1563.341631,100,12044.054936
1427.792013,100,12044.761337
1263.89294,100,12045.118788
983.326336,100,12045.466696
1030.187685,100,12045.802968
3241.251548,100,12046.156969
2089.325465,100,12046.504236
907.977856,100,12046.841937
628.600716,100,12047.185075
1460.885575,100,12047.490634
2218.865348,100,12047.77582
592.599238,100,12048.049253
2258.544089,100,12048.319457
1497.731628,100,12048.582021
2837.50059,100,12048.861251
630.877438,100,12070.22001
2891.122006,100,12070.80298
1329.149125,100,12071.357567
1808.46824,100,12071.918377
503.951841,100,12072.473689
2213.658567,100,12073.020633
-2111.849449,100,12073.581808
1439.369294,100,12074.165678
1677.649901,100,12074.740697
1605.476302,100,12075.324797
2178.427338,100,12075.876057
938.07086,100,12076.427478
-929.82756,100,12076.976155
1262.463452,100,12077.519279
5.896533,100,12078.065547
1647.480203,100,12078.605369
1888.360631,100,12079.163115
3358.998083,100,12079.709962
2675.084771,100,12080.249728
2436.434216,100,12080.812063
3011.365117,100,12103.640889
-125.669356,100,12104.266879
-202.056439,100,12104.85231
1794.883274,100,12105.414536
2238.386936,100,12105.969178
1429.867234,100,12106.526674
1914.494004,100,12107.082862
1917.937222,100,12107.638979
1658.016679,100,12108.19908
2054.970424,100,12108.75206
1941.382771,100,12109.344878
1879.661687,100,12109.905737
1952.00709,100,12110.472767
1542.651818,100,12111.035783
2720.12418,100,12111.58669
731.083223,100,12112.145808
2539.415516,100,12112.702827
1255.837783,100,12113.260687
634.444489,100,12113.827281
2484.030371,100,12114.405169
2241.233477,100,12114.971226
2442.776529,100,12139.522463
1498.642577,100,12140.091072
200.427371,100,12140.650244
1613.271014,100,12141.198775
309.652612,100,12141.746228
2911.903506,100,12142.319019
2284.210294,100,12142.867719
348.689549,100,12143.415012
2971.232577,100,12143.990766
1769.982729,100,12144.573405
1984.098845,100,12145.13813
1867.228594,100,12145.700003
726.529227,100,12146.251639
329.709229,100,12146.804578
1940.167796,100,12147.348735
2086.209517,100,12147.896254
2169.328604,100,12148.44443
2256.680012,100,12148.991727
1062.364658,100,12149.539209
3040.216135,100,12150.085068
2092.670527,100,12172.9049
-185.473892,100,12173.511081
1561.899822,100,12174.790169
2101.660845,100,12175.181695
2412.621306,100,12175.455552
793.308839,100,12175.728718
-750.414775,100,12175.995029
1202.687266,100,12176.267392
1987.927403,100,12176.528563
2500.613534,100,12176.788063
2620.730452,100,12177.04671
1443.030524,100,12177.306043
2385.867043,100,12177.570548
643.730318,100,12177.82528
-273.899364,100,12178.08672
2543.661333,100,12178.415507
1671.58864,100,12178.869369
2982.919626,100,12179.32323
2169.300421,100,12179.761618
-994.135553,100,12180.039415
366.185513,100,12180.333019
685.2603,100,12201.953974
2022.506067,100,12202.531883
2501.900722,100,12203.096962
2050.245594,100,12203.672734
2250.912793,100,12204.254639
2901.756045,100,12204.825731
95.712614,100,12205.40757
1530.853944,100,12205.97478
1745.594023,100,12206.540231
510.690674,100,12207.099327
2089.936959,100,12207.657684
1612.863977,100,12208.223489
1467.70925,100,12208.797984
1745.10527,100,12209.361863
3012.226092,100,12209.926461
1401.696513,100,12210.803898
1452.957283,100,12211.116516
1365.143207,100,12211.507925
204.790228,100,12212.041731
2342.552871,100,12212.998306
1405.279795,100,12236.368733
1377.129385,100,12236.956282
2516.770702,100,12237.524103
-1387.029396,100,12238.084466
1536.406696,100,12238.648021
2413.265448,100,12239.204714
1755.80392,100,12239.775239
821.204131,100,12240.340167
1212.233015,100,12240.909972
729.360961,100,12241.475421
2180.203694,100,12242.049632
3000.90956,100,12242.615018
2113.654598,100,12243.179782
-339.82321,100,12243.748865
2584.598488,100,12244.332991
1660.753609,100,12244.907163
2416.849827,100,12245.479661
1642.637793,100,12246.046473
-12.893511,100,12246.620371
-449.232056,100,12247.190574
1860.116558,100,12247.756447
1495.310992,100,12274.182771
2126.723451,100,12274.763433
2215.014131,100,12275.332377
3067.681233,100,12275.914932
2798.772236,100,12276.48187
3292.889941,100,12277.039012
1184.280583,100,12277.593657
3265.291561,100,12278.179043
1837.326665,100,12278.747263
-408.884571,100,12279.34673
1063.578152,100,12279.909094
3224.545209,100,12280.48382
1776.631011,100,12281.044324
1008.715909,100,12281.603119
2933.265332,100,12282.159865
1938.51355,100,12282.717607
691.200726,100,12283.288543
1306.714302,100,12283.871845
1674.082021,100,12284.453563
2300.07378,100,12285.02106
1584.401331,100,12310.015045
758.637957,100,12310.60504
592.033898,100,12311.169353
2180.076113,100,12311.725942
263.75884,100,12312.301805
-344.07912,100,12312.859395
900.676259,100,12313.424463
1142.82475,100,12314.015127
405.062601,100,12314.580423
964.838139,100,12315.152073
179.186316,100,12315.721651
993.807891,100,12316.321877
2636.143824,100,12316.886837
2009.881052,100,12317.447143
2319.27683,100,12318.000981
1068.270626,100,12318.557589
1961.293074,100,12319.111593
2582.713742,100,12319.667741
-537.917354,100,12320.229442
2111.116381,100,12320.787988
-336.544271,100,12321.348262
2029.326234,100,12345.316162
2041.709911,100,12345.610768
2351.082908,100,12345.877157
2501.865024,100,12346.157101
2716.961246,100,12346.421129
146.490388,100,12346.68622
2049.761512,100,12346.954176
1848.53009,100,12347.504396
1182.819972,100,12348.045093
774.653792,100,12348.61617
2051.743993,100,12349.196369
1277.265141,100,12349.783989
1305.897801,100,12350.345721
-282.120605,100,12350.913205
-699.178486,100,12351.466552
144.518092,100,12352.014307
579.790158,100,12352.567374
2210.611665,100,12353.113047
1928.043368,100,12353.670016
1210.663993,100,12354.265795
598.324289,100,12375.712555
-256.238257,100,12376.287829
1321.414278,100,12376.843527
1784.618377,100,12377.386082
2169.19339,100,12377.935203
1256.23239,100,12378.48281
1056.87779,100,12379.027292
62.992341,100,12379.971805
1742.128513,100,12380.29633
1543.114093,100,12380.632651
1589.252015,100,12381.017323
426.890838,100,12381.974423
1083.066158,100,12382.862211
2497.965243,100,12383.590875
2742.112307,100,12384.389889
2567.446044,100,12385.223482
2709.817253,100,12385.830272
2929.083808,100,12386.413001
-190.942528,100,12386.965199
1497.670015,100,12387.520962
1698.054868,100,12388.076277
1260.545949,100,12410.070255
1566.50211,100,12410.371109
2069.234394,100,12410.680248
2696.443866,100,12410.975133
1049.815787,100,12411.257208
-1629.556164,100,12411.542725
305.676399,100,12411.823885
3026.041784,100,12412.103134
912.387313,100,12412.382229
1540.54166,100,12412.654337
2293.769836,100,12412.946532
2026.133579,100,12413.221976
1589.417898,100,12413.501278
528.794912,100,12413.799557
2785.676295,100,12414.117646
1999.828119,100,12414.419086
711.520502,100,12414.708405
929.302725,100,12414.990769
1623.264388,100,12415.275875
2773.181059,100,12415.560837
1010.38589,100,12439.802153
1119.942936,100,12440.382257
227.598263,100,12440.950408
1779.161114,100,12441.506813
2279.431492,100,12442.072705
2515.807963,100,12442.655006
2095.639519,100,12443.214893
2293.256209,100,12443.771937
839.148816,100,12444.357662
2307.800802,100,12444.927945
1168.580809,100,12445.486393
2353.267318,100,12446.07181
971.069666,100,12446.632794
1015.143198,100,12447.185353
1563.012115,100,12447.741261
-60.033307,100,12448.297307
435.406922,100,12448.876404
1895.808468,100,12449.458452
2187.669368,100,12450.043897
728.596422,100,12450.606791
2209.033196,100,12451.173782
920.728177,100,12475.894893
892.378969,100,12476.566865
2597.49136,100,12477.134456
1045.490163,100,12477.686125
1016.422267,100,12478.257427
2919.953171,100,12478.804694
1424.920182,100,12479.343646
1227.766114,100,12479.887049
-156.906424,100,12480.428423
1091.635241,100,12480.971943
2416.968985,100,12481.51105
-386.714002,100,12482.052191
1450.726197,100,12482.599689
-2.412135,100,12483.143721
1604.018533,100,12483.687063
1324.828916,100,12484.26667
1454.378974,100,12484.820253
899.206591,100,12485.374847
1937.709967,100,12485.922803
2194.332592,100,12486.469427
1096.518216,100,12509.564076
1589.79404,100,12510.054883
1360.678503,100,12510.720304
1107.531335,100,12511.311834
795.600892,100,12511.956249
148.580542,100,12512.569888
1227.453762,100,12513.143177
1530.304893,100,12513.701592
1633.110027,100,12514.009702
2105.322411,100,12514.320344
1437.952108,100,12514.862257
701.568532,100,12515.422073
2164.862057,100,12515.977417
1546.101357,100,12516.52288
1949.427641,100,12517.066724
2814.313248,100,12517.661363
1251.124325,100,12518.247012
1352.619729,100,12545.430276
3370.566344,100,12545.73385
1364.988221,100,12546.023215
2727.476391,100,12546.307512
1283.123225,100,12570.573779
2018.525801,100,12571.140382
-550.751149,100,12571.699006
445.728154,100,12572.24773
3542.254318,100,12572.795423
2095.489872,100,12573.341225
-908.413259,100,12573.890042
2510.088274,100,12574.456774
1516.520174,100,12575.00985
1261.394665,100,12575.571696
1898.710959,100,12576.152179
1576.826634,100,12576.721974
1089.275042,100,12577.279062
1271.963581,100,12577.839821
1404.46652,100,12578.397676
1712.396067,100,12578.959045
1380.716239,100,12579.515632
1894.037877,100,12580.086405
-335.087236,100,12580.651434
942.204003,100,12581.206813
2039.384396,100,12605.109067
1846.391266,100,12605.416022
493.573758,100,12605.688437
2070.527645,100,12605.976012
2495.067128,100,12606.26687
543.208474,100,12606.548349
1400.787979,100,12606.820865
1673.697762,100,12607.089813
156.804286,100,12607.361153
3002.201704,100,12607.634598
1989.453754,100,12607.900049
2134.204689,100,12608.18566
3517.441441,100,12608.463149
452.164538,100,12608.725733
-549.437121,100,12608.994513
820.621802,100,12609.261766
1953.05028,100,12609.534363
2077.041096,100,12609.797815
2365.306605,100,12610.071568
558.288159,100,12610.361457
569.091936,100,12610.660536
1339.696705,100,12630.575552
2785.812057,100,12631.128363
1133.077871,100,12631.677116
1434.765356,100,12632.243116
631.235768,100,12632.783854
1405.344526,100,12633.331727
1832.687998,100,12634.072643
2370.043532,100,12634.939484
1777.795852,100,12635.980433
912.253639,100,12636.878355
585.764333,100,12637.647046
2448.589338,100,12638.28757
2434.679643,100,12638.934483
1205.258134,100,12639.617707
599.277285,100,12640.180512
2602.126449,100,12640.735382
1120.119653,100,12641.290609
463.290199,100,12641.848305
211.276409,100,12642.458598
1830.131542,100,12643.015059
2737.893943,100,12665.187763
1966.026325,100,12665.767879
587.19772,100,12666.330472
2305.828083,100,12666.905649
2165.07637,100,12667.468884
1640.860497,100,12668.026865
1917.521547,100,12668.586995
1662.153644,100,12669.140812
1332.576338,100,12669.70936
726.622976,100,12670.2633
2450.419306,100,12670.820804
2394.608781,100,12671.380325
2501.434647,100,12671.955452
1235.275448,100,12672.524366
2521.065036,100,12673.082402
1599.916419,100,12673.641104
2484.86796,100,12674.215173
1650.463323,100,12674.78555
595.379764,100,12675.347019
2877.712309,100,12675.906752
2590.272827,100,12676.913847
2936.706766,100,12700.144592
3469.385912,100,12700.710765
777.703506,100,12701.27078
2871.423443,100,12701.828286
2373.493448,100,12702.393789
736.902945,100,12702.962846
2324.737791,100,12703.524578
1923.111125,100,12704.100755
1529.168642,100,12704.67356
1974.519199,100,12705.230296
-702.654704,100,12705.79377
2822.869852,100,12706.363352
1369.762919,100,12706.922271
1978.605495,100,12707.487501
1876.915522,100,12708.049662
2700.54438,100,12708.614283
1894.144349,100,12709.165718
1996.257481,100,12709.723782
631.453621,100,12710.277379
-205.182371,100,12710.838283
-265.094477,100,12735.370129
1260.036959,100,12735.958683
1972.699806,100,12736.53683
1554.64229,100,12737.099415
1057.380872,100,12737.659999
2251.394323,100,12738.211713
2163.415672,100,12738.764246
-1029.018915,100,12739.313796
-656.586532,100,12739.873296
2415.260052,100,12740.429671
1908.963035,100,12740.986082
1394.73953,100,12741.553251
1055.928493,100,12742.149991
1793.333812,100,12742.729602
3259.118147,100,12743.281037
2046.216473,100,12743.840749
1861.447239,100,12744.420763
1168.697334,100,12744.980489
1496.381647,100,12745.537096
375.864825,100,12746.107811
548.349134,100,12746.670645
2582.957688,100,12769.852593
2296.728613,100,12770.437068
2093.715558,100,12770.990775
377.208844,100,12771.55613
2137.98793,100,12772.153136
2545.668567,100,12772.74404
257.198858,100,12773.307225
1710.138714,100,12773.884486
587.703144,100,12774.473125
2504.891639,100,12775.035803
745.087278,100,12775.59841
876.827182,100,12776.183765
2241.688837,100,12776.750332
1210.923796,100,12777.305188
276.665593,100,12777.866289
899.460393,100,12778.431803
2217.358449,100,12778.990293
2816.570105,100,12779.552366
2425.081695,100,12780.122989
2615.560676,100,12780.691798
2486.219631,100,12802.596246
-110.303402,100,12803.490525
3067.037354,100,12804.083982
2727.371309,100,12805.229603
2127.998978,100,12805.985892
1590.259513,100,12806.557081
671.464965,100,12806.903123
1449.417162,100,12807.2343
1309.912341,100,12807.676543
1986.267058,100,12808.158995
531.952305,100,12808.495816
2188.962352,100,12808.842083
1938.76221,100,12809.369395
1251.65271,100,12809.920348
1860.326614,100,12810.470113
-1591.465854,100,12811.014387
957.135069,100,12811.554895
1647.596029,100,12812.09587
2187.429171,100,12812.647839
1717.695908,100,12813.300028
-54.137185,100,12814.527145
2907.04285,100,12836.344418
1800.862586,100,12836.90531
2172.783319,100,12837.467109
175.831418,100,12838.026743
1092.190003,100,12838.589501
687.246755,100,12839.143688
2266.180151,100,12839.69318
1845.605001,100,12840.251272
2225.296642,100,12840.815412
1653.202364,100,12841.38329
2632.185409,100,12841.942643
2309.952495,100,12842.499675
2229.819583,100,12843.056369
-142.196533,100,12843.557275
1710.597762,100,12843.930746
-644.334778,100,12844.277789
1159.89805,100,12844.562287
1512.140976,100,12845.529997
891.966803,100,12846.516937
742.784193,100,12847.17674
1978.509246,100,12868.797979
1240.548566,100,12869.08007
1544.465824,100,12869.363316
1699.683485,100,12869.630422
1452.485199,100,12869.899118
2367.75603,100,12870.172818
1492.69783,100,12870.441229
1186.714753,100,12870.704367
2647.648837,100,12870.965576
224.574379,100,12871.233219
1639.269429,100,12871.499563
2949.931338,100,12871.769855
2091.683782,100,12872.049685
1116.000372,100,12872.316604
2690.704052,100,12872.58283
-72.49146,100,12872.851514
1071.178301,100,12873.111091
3186.162383,100,12873.396794
1072.287033,100,12873.664707
1016.235911,100,12873.959874
2897.127101,100,12898.660864
2793.188174,100,12899.284308
1826.485244,100,12899.893207
1367.605931,100,12900.452788
1085.596069,100,12901.010315
1333.079245,100,12901.564885
734.919266,100,12902.121596
1878.509285,100,12902.676891
1814.110889,100,12903.234768
1591.21683,100,12903.79898
1618.536595,100,12904.375996
892.327966,100,12904.950233
184.245379,100,12905.501207
1856.09508,100,12906.065382
1292.958058,100,12906.623884
1054.674078,100,12907.180771
1651.372233,100,12907.736895
2233.03638,100,12908.291477
1570.536835,100,12908.848038
745.136041,100,12909.402608
1818.589154,100,12909.976097
1825.446507,100,12932.674482
358.53743,100,12933.028489
769.996285,100,12933.579235
815.242263,100,12934.033195
2779.546938,100,12934.456672
3195.286391,100,12934.90409
2221.482823,100,12935.303967
2281.191677,100,12935.826862
2104.208749,100,12936.392366
834.52453,100,12936.934337
807.130258,100,12937.483193
1199.705282,100,12938.033849
2829.973052,100,12938.574337
-47.14334,100,12939.130579
1297.706713,100,12939.699481
463.979508,100,12940.247898
2618.940036,100,12940.827856
2552.848062,100,12941.415149
2228.357924,100,12941.974115
2195.473541,100,12942.522878
-120.575726,100,12962.92223
255.046577,100,12963.502249
915.193258,100,12964.097644
1707.042676,100,12964.672532
2048.692667,100,12965.226794
2318.022203,100,12965.778562
2757.482427,100,12966.329243
608.823791,100,12966.882464
1265.536922,100,12967.433263
1773.637268,100,12967.983056
2107.773614,100,12968.53614
677.624975,100,12969.078216
1737.152442,100,12969.677557
128.187412,100,12970.231266
-52.265015,100,12970.784512
2537.3811,100,12971.331879
1158.051448,100,12972.300532
1011.473798,100,12972.929067
1018.472206,100,12974.057365
2330.772033,100,12974.83065
1259.541599,100,12975.190442
2413.257414,100,12998.743488
1664.279057,100,12999.324521
1218.447646,100,12999.906693
2077.1645,100,13000.479171
562.002614,100,13001.024699
1226.370272,100,13001.572945
998.651698,100,13002.114151
849.376185,100,13002.681807
2222.579967,100,13003.227032
1781.094358,100,13003.805605
1979.98143,100,13004.374832
3060.378869,100,13004.93359
-226.875929,100,13005.479379
457.600374,100,13006.032943
557.210391,100,13006.581949
1290.430524,100,13007.128704
1294.527138,100,13007.68397
1773.570557,100,13008.229861
694.789184,100,13008.774238
1732.413833,100,13009.316975
1957.999564,100,13033.494146
2194.805841,100,13034.087873
1261.768085,100,13034.678672
555.98644,100,13035.238794
1206.064024,100,13035.806059
428.847959,100,13036.399652
2329.581367,100,13036.969352
-437.86872,100,13037.54238
684.934104,100,13038.099849
1367.256073,100,13038.667747
925.488274,100,13039.226986
1396.468188,100,13039.803836
451.952504,100,13040.399013
1916.7147,100,13040.982855
2073.536996,100,13041.546056
1503.141188,100,13042.110731
1023.732747,100,13042.6828
1585.262368,100,13043.24789
2488.687561,100,13043.835897
1892.661008,100,13044.42886
1684.728746,100,13045.009744
-1385.552274,100,13069.011848
1738.338667,100,13069.282704
1015.315796,100,13069.558877
852.367848,100,13069.820628
1773.305229,100,13070.085305
1010.071734,100,13070.354256
2848.980047,100,13070.653841
726.479796,100,13070.923776
1975.302453,100,13071.191988
1938.790071,100,13071.508545
337.327665,100,13071.787467
2194.626736,100,13072.058281
1110.051299,100,13072.331223
2019.647952,100,13072.606414
1258.827898,100,13072.873753
178.061529,100,13073.13054
1250.025225,100,13073.402735
2470.280637,100,13073.759893
2480.94764,100,13074.047693
2879.955325,100,13074.342616
1654.693786,100,13096.523313
1722.594095,100,13097.106039
375.073112,100,13097.668856
-226.406751,100,13098.230761
475.040661,100,13098.790771
1772.453507,100,13099.846742
981.020742,100,13100.478399
906.469835,100,13101.575762
850.153808,100,13102.492965
1622.380857,100,13103.089482
1732.801048,100,13103.957082
2908.576887,100,13104.650465
1452.580801,100,13105.221141
1405.241253,100,13105.801699
1224.271055,100,13106.361332
-160.288027,100,13106.929012
2297.187201,100,13107.489398
1694.372634,100,13108.051276
2954.852032,100,13108.616704
3056.086337,100,13109.17494
1397.652193,100,13109.754621
954.668528,100,13131.70848
1857.644859,100,13132.278449
2180.8954,100,13132.838334
1641.934689,100,13133.393672
966.630833,100,13133.784668
2045.813468,100,13134.213324
1662.648327,100,13134.802541
43.725284,100,13135.349011
1501.000973,100,13135.894014
1179.094586,100,13136.449956
1487.015649,100,13136.997659
1889.578138,100,13137.539984
2350.019983,100,13138.080043
1872.828394,100,13138.623803
788.746037,100,13139.162098
2177.092133,100,13139.707937
2105.195092,100,13140.252207
155.615346,100,13140.813716
1663.913211,100,13141.953182
484.736272,100,13143.109083
2741.74796,100,13166.459984
972.109775,100,13167.039833
2551.486154,100,13167.604576
1452.325065,100,13168.161136
2057.460128,100,13168.718219
304.702147,100,13169.272785
204.299558,100,13169.831765
1276.369859,100,13170.401446
1608.892738,100,13170.962376
1984.227468,100,13171.520681
2158.684028,100,13172.082812
429.563677,100,13172.656672
1101.474659,100,13173.208801
1749.460038,100,13173.771532
2213.995404,100,13174.353516
2986.683454,100,13174.924759
2006.216047,100,13175.482894
1733.864856,100,13176.042818
1847.505444,100,13176.614795
1895.747277,100,13177.174746
2167.993126,100,13177.736396
1288.019662,100,13202.890504
1718.692096,100,13203.454108
1898.267503,100,13204.016667
2347.386985,100,13204.588375
1103.015495,100,13205.1525
1127.246494,100,13205.712102
2320.123058,100,13206.27217
1020.612925,100,13206.856195
911.421483,100,13207.442068
1137.060548,100,13208.008239
1383.53532,100,13208.563258
770.545192,100,13209.115992
1157.560941,100,13209.671798
1234.912309,100,13210.224574
1604.279005,100,13210.808157
1198.841134,100,13211.412414
1508.864223,100,13212.025651
1100.727731,100,13212.618038
1962.590912,100,13213.196601
2214.529102,100,13213.785481
1761.107914,100,13238.10798
2985.851363,100,13238.455021
1749.432001,100,13238.760509
856.557812,100,13239.047131
134.788555,100,13239.34553
1364.096726,100,13239.643462
1903.29952,100,13239.926303
1102.617869,100,13240.202497
1575.588265,100,13240.477405
452.105201,100,13240.743718
1183.872796,100,13241.00783
1842.212989,100,13241.273646
2465.009851,100,13241.558837
1880.770719,100,13241.820462
2529.010076,100,13242.095522
470.177454,100,13242.357539
590.776409,100,13242.632641
628.263899,100,13242.892473
677.851973,100,13243.156393
2403.84572,100,13243.416749
2085.520344,100,13243.939543
583.210113,100,13266.061402
1875.437197,100,13266.64501
2269.110948,100,13267.205376
1346.008524,100,13267.763798
-18.60047,100,13268.319668
2066.113745,100,13269.111317
2242.563446,100,13269.608628
1759.939101,100,13269.964228
1515.27611,100,13271.113547
3100.269339,100,13271.772123
1883.394927,100,13272.607777
2681.240829,100,13273.245884
1575.361003,100,13274.036482
2525.002789,100,13274.655595
2497.33662,100,13275.224466
-700.00467,100,13275.831374
1233.418816,100,13276.3953
2607.59507,100,13276.960319
1761.694354,100,13277.511725
1552.63883,100,13278.067701
3292.05445,100,13300.474015
2145.125394,100,13301.05379
752.35774,100,13301.613832
2332.041539,100,13302.168825
2404.205341,100,13302.736393
986.468579,100,13303.307827
282.81468,100,13303.892678
2650.392168,100,13304.467354
2419.327312,100,13305.023825
181.98289,100,13305.595439
1222.154691,100,13306.161487
1158.24989,100,13306.727774
2680.321499,100,13307.292947
2271.981842,100,13307.854293
2296.562886,100,13308.419126
2434.450525,100,13308.977318
1634.066499,100,13309.560774
693.406808,100,13310.108402
2259.987799,100,13310.658033
1982.489249,100,13311.214842
161.539271,100,13312.258047
2044.609851,100,13335.512994
930.480542,100,13336.07822
2174.522426,100,13336.644005
1480.088765,100,13337.196281
851.257767,100,13337.75004
1797.898063,100,13338.306014
3270.464922,100,13338.874393
1279.441548,100,13339.432836
854.951512,100,13339.978014
835.089119,100,13340.537376
-938.126418,100,13341.090384
646.872441,100,13341.637695
2157.312062,100,13342.186387
1976.358782,100,13342.739889
3274.353267,100,13343.304439
666.565514,100,13343.865609
1949.80348,100,13344.43484
242.344864,100,13344.993376
1361.606757,100,13345.546951
143.274702,100,13346.10188
969.309642,100,13369.714693
2048.597544,100,13370.285266
1095.376391,100,13370.841409
-151.003652,100,13371.415434
1566.939579,100,13371.97388
1443.100205,100,13417.398496
1194.085256,100,13417.677876
249.728019,100,13417.952942
1503.920386,100,13418.22063
461.843836,100,13418.491666
2456.113499,100,13418.750175
-119.31887,100,13419.006968
1877.020406,100,13419.265505
1405.576833,100,13419.556301
145.079475,100,13419.820329
1485.674521,100,13420.083794
225.630313,100,13420.355329
2059.457012,100,13420.620335
-56.994246,100,13420.884746
840.779881,100,13421.141269
2012.693284,100,13421.408579
887.45823,100,13443.72156
957.973762,100,13444.322344
2142.953113,100,13444.894064
3486.856657,100,13445.452277
1531.62691,100,13446.012223
2238.65981,100,13446.591338
1332.295463,100,13447.156346
257.300976,100,13447.817243
2748.608087,100,13448.661703
778.62127,100,13449.61756
1791.825011,100,13450.485615
1101.542232,100,13450.853092
2610.649508,100,13451.161133
1525.374586,100,13451.455574
-5.573836,100,13451.743968
773.550304,100,13452.140528
1296.977481,100,13452.493864
1648.20855,100,13453.050164
935.889949,100,13453.347017
3163.953006,100,13453.721568
1357.145202,100,13473.606608
2100.688427,100,13473.923381
2100.698713,100,13474.340576
1763.947693,100,13474.638494
648.588968,100,13474.904596
969.545391,100,13475.163856
3499.429035,100,13475.42409
-331.818391,100,13475.675629
3078.382419,100,13475.934661
2416.369093,100,13476.197088
2485.773047,100,13476.483684
1430.684976,100,13476.74547
1506.406642,100,13477.037568
1722.425592,100,13477.303724
890.701829,100,13477.568158
1568.436644,100,13477.829722
744.620258,100,13478.097901
1174.978712,100,13478.364723
2824.892295,100,13478.62574
549.199594,100,13478.892154
498.430319,100,13479.15986
1929.801195,100,13503.939241
1806.46593,100,13504.548133
1697.524658,100,13505.123864
2781.664502,100,13505.693465
1915.065971,100,13506.287706
1027.649907,100,13507.603065
827.453741,100,13508.179459
1952.973506,100,13508.758376
3335.096974,100,13509.332654
2629.512021,100,13509.901785
1384.898853,100,13510.505466
491.173443,100,13511.083425
1704.059774,100,13511.657188
1175.768614,100,13512.221517
1506.025033,100,13512.793412
969.525867,100,13513.356791
2362.583941,100,13513.930175
1263.242498,100,13514.518993
1052.865632,100,13515.084894
-2481.609855,100,13515.653642
1449.46992,100,13540.037148
4.169582,100,13540.624111
2769.458307,100,13541.183717
2031.060556,100,13541.738132
1330.616967,100,13542.290227
1492.89182,100,13542.850219
551.142212,100,13544.027417
578.609739,100,13544.996846
1246.256683,100,13545.555829
2357.461439,100,13546.103606
-47.376404,100,13546.667944
1524.452621,100,13547.228502
561.140622,100,13547.785755
1460.662526,100,13548.351243
2060.598421,100,13548.910774
1050.039683,100,13549.47604
1284.183537,100,13550.022489
1194.798145,100,13550.592547
1337.843931,100,13551.146317
1430.351061,100,13551.700824
979.273943,100,13552.249423
1561.368139,100,13573.485193
2817.03286,100,13574.077612
2943.865036,100,13575.18819
2617.618417,100,13576.003684
1202.481641,100,13576.897395
710.042121,100,13577.727309
2511.278737,100,13578.641823
1392.322969,100,13579.290804
234.850127,100,13579.931393
1872.98151,100,13580.642987
1377.558111,100,13581.221405
2532.285554,100,13581.775384
1486.949699,100,13582.328364
1205.417245,100,13582.879296
2565.871969,100,13583.4276
2151.520028,100,13584.001741
1401.929131,100,13584.582966
2491.938836,100,13585.179119
789.276193,100,13585.775445
2145.253092,100,13586.333697
804.182807,100,13607.514699
2320.816267,100,13608.090205
1890.207353,100,13608.64584
2228.034372,100,13609.201863
-446.588299,100,13609.763808
-114.373219,100,13610.317765
2494.19535,100,13610.875241
-483.271701,100,13611.418278
1841.941758,100,13611.971417
-319.562128,100,13612.520743
1890.549622,100,13613.067439
353.797803,100,13613.621757
847.847625,100,13614.188176
2282.441504,100,13614.757984
1791.628004,100,13615.297759
1719.318645,100,13616.336688
2275.590473,100,13616.972271
1492.932218,100,13617.851478
995.116746,100,13618.567
2661.944389,100,13618.907275
2806.247312,100,13619.458283
2478.61616,100,13640.976962
1286.652008,100,13641.532596
2611.764334,100,13642.101419
570.144405,100,13642.664649
2385.639482,100,13643.014127
1567.404497,100,13643.282724
386.05558,100,13643.617176
452.662951,100,13644.000759
2055.899174,100,13644.352031
2584.448236,100,13644.627223
2544.067532,100,13644.89851
-232.608657,100,13645.162617
1437.054179,100,13645.429033
1825.68516,100,13645.700444
1695.958802,100,13645.983593
-119.599469,100,13646.247725
968.851936,100,13646.522199
2366.834171,100,13646.789119
1565.572503,100,13647.06467
-272.140437,100,13647.349388
1950.001825,100,13671.270389
2464.214123,100,13671.844969
2677.032872,100,13672.397336
1329.703911,100,13672.953679
1108.043983,100,13673.501756
1921.993805,100,13674.084677
2581.379244,100,13674.657001
1181.735132,100,13675.201895
2262.569622,100,13675.754466
1612.341383,100,13676.326355
384.699644,100,13676.882883
2156.276861,100,13677.439662
2566.800737,100,13678.016579
1917.326125,100,13678.561644
2112.773783,100,13679.106271
1762.698565,100,13679.65016
2006.422845,100,13680.18973
1624.285581,100,13680.735196
1158.96333,100,13681.286546
3259.062609,100,13681.831554
2004.001543,100,13682.371817
1334.359669,100,13704.921337
2461.447972,100,13705.54408
786.502484,100,13706.388214
1248.152446,100,13707.047097
380.94404,100,13707.631358
-710.159563,100,13708.201761
1226.053864,100,13708.762674
3562.302596,100,13709.316846
2028.153296,100,13709.874692
1660.346117,100,13710.42969
1949.822786,100,13711.003811
2369.811687,100,13711.567833
967.539469,100,13712.154261
850.906495,100,13712.749861
1773.647807,100,13713.323853
838.517453,100,13713.89727
1361.114276,100,13714.464714
1859.60689,100,13715.035306
2080.271642,100,13715.615371
1143.165367,100,13716.173235
2073.274355,100,13738.169499
2050.32136,100,13738.750724
658.500973,100,13739.306225
2444.252974,100,13739.864244
619.304257,100,13740.418778
373.869618,100,13740.977799
1381.079498,100,13741.546113
547.893658,100,13742.099305
65.913134,100,13742.64785
2872.846806,100,13743.707127
981.724833,100,13745.016116
1718.480892,100,13745.67307
1637.665272,100,13746.05769
1155.840344,100,13746.7183
2268.356327,100,13747.038603
1779.951609,100,13747.441551
1879.841236,100,13747.807311
2615.865228,100,13748.562016
1410.33432,100,13749.157741
416.259812,100,13749.72047
-2351.239329,100,13772.656262
1716.69603,100,13773.240991
680.732239,100,13773.835052
2684.807434,100,13774.418638
195.473832,100,13774.982185
554.945704,100,13775.536437
2182.763104,100,13776.09774
2932.31522,100,13776.653302
2952.879114,100,13777.216892
2388.839983,100,13777.78595
1482.860402,100,13778.348081
1555.197041,100,13778.907742
2443.377453,100,13779.459219
866.800387,100,13780.019798
1503.406124,100,13780.575801
2101.762026,100,13781.134196
2587.251038,100,13781.684887
-462.404211,100,13782.256818
590.954871,100,13782.816788
2194.088352,100,13783.372897
1538.833254,100,13783.945002
2219.369946,100,13808.15914
2382.378354,100,13808.724873
8.531135,100,13809.268723
1929.803403,100,13809.814308
2949.368482,100,13810.357158
-212.299476,100,13810.905362
1514.691166,100,13811.448401
2051.78846,100,13812.031939
2173.979378,100,13812.607538
2098.302733,100,13813.169403
707.681717,100,13813.73381
1032.294585,100,13814.318836
1083.472912,100,13814.886308
1693.674163,100,13815.438865
1119.546661,100,13815.99817
1681.362434,100,13816.565492
2630.988966,100,13817.132269
2071.697889,100,13817.702958
726.681066,100,13818.267098
404.248016,100,13818.830824
2066.085675,100,13842.214084
1549.186491,100,13842.79495
1537.054905,100,13843.347285
1790.909111,100,13843.913431
1647.933368,100,13844.493951
2522.502043,100,13845.053747
2496.482421,100,13845.606725
2255.590003,100,13846.162199
2298.542948,100,13846.738869
1152.130442,100,13847.300402
854.746748,100,13847.869144
3092.74869,100,13848.421364
1875.420718,100,13848.997841
1889.808166,100,13849.552247
723.285884,100,13850.112792
2178.255716,100,13850.680699
2284.479287,100,13851.236259
1742.799904,100,13851.805616
-485.406088,100,13852.365582
2161.895891,100,13852.93576
1707.435491,100,13853.487837
1343.865112,100,13877.680984
-685.506507,100,13878.242805
2023.913067,100,13878.800018
1909.162425,100,13879.341378
2206.531399,100,13879.889687
1278.6458,100,13880.431111
178.036609,100,13881.010997
1288.653454,100,13881.595531
2133.509655,100,13882.163037
206.161326,100,13882.71817
848.509751,100,13883.26103
2353.762888,100,13883.82125
2374.028925,100,13884.25581
897.390996,100,13884.53037
2229.285208,100,13884.796809
708.467054,100,13885.056993
1529.778428,100,13885.310342
2668.99182,100,13885.566389
1331.774349,100,13885.82786
2306.371205,100,13886.103391
1406.042021,100,13907.946833
2980.320425,100,13908.541516
2464.267458,100,13909.105756
538.131909,100,13909.65641
1691.487236,100,13910.204537
1582.283562,100,13910.748252
2326.760519,100,13911.285375
-27.468183,100,13911.996943
1680.371392,100,13912.852417
2248.109343,100,13914.438254
1387.284153,100,13914.858878
938.944737,100,13915.205073
1792.380145,100,13915.534024
2099.829199,100,13915.850997
625.547135,100,13916.213322
2737.858656,100,13916.913756
5.081738,100,13917.301809
2130.948069,100,13917.647642
1709.874691,100,13917.934485
931.905844,100,13918.261065
211.462229,100,13918.529955
503.418988,100,13940.275431
1880.669704,100,13940.85534
2795.014079,100,13941.426618
2611.639674,100,13941.987262
214.931083,100,13942.55365
1050.607066,100,13943.118727
3017.078703,100,13943.6778
1259.632317,100,13944.25755
184.453469,100,13944.827122
861.937186,100,13945.379217
591.165023,100,13945.941824
2637.53709,100,13946.504823
455.155914,100,13947.067944
1827.652131,100,13947.629051
3134.817038,100,13948.18899
2432.045314,100,13948.756742
689.861687,100,13949.337854
2044.996773,100,13949.897328
871.384944,100,13950.465053
3272.965521,100,13951.030396
1882.056044,100,13976.594129
1892.136067,100,13977.171664
1931.658319,100,13977.730004
32.718257,100,13978.279941
1844.747525,100,13978.850476
734.402465,100,13979.404829
1245.53292,100,13979.949598
1411.2709,100,13980.5113
2190.979484,100,13981.095059
461.764676,100,13981.681235
1304.32093,100,13982.238317
1996.063755,100,13982.781308
1945.671212,100,13983.322989
2312.89216,100,13983.884587
224.541546,100,13984.469099
2381.724746,100,13985.021216
1364.186058,100,13985.574932
1539.00087,100,13986.120507
931.725447,100,13986.672732
2045.616815,100,13987.234007
1978.614863,100,13987.789216
2195.550123,100,14012.450984
1526.517814,100,14013.010658
2749.821518,100,14013.562022
1783.831606,100,14014.162572
2621.684131,100,14014.733248
1185.3337,100,14015.283491
2475.296897,100,14015.833989
1523.890616,100,14016.386678
2132.030007,100,14016.934323
1632.628974,100,14017.493397
2381.59434,100,14018.049585
2318.402428,100,14018.59758
2068.617423,100,14019.162507
1325.456355,100,14019.723707
2787.084827,100,14020.273038
1871.758014,100,14020.827286
187.770365,100,14021.376934
378.773471,100,14021.938476
762.320893,100,14022.496
1348.164586,100,14023.049083
1799.476062,100,14046.675786
2513.546121,100,14047.27776
1475.142876,100,14047.8417
2285.191247,100,14048.398853
1110.582861,100,14048.9498
2013.163402,100,14049.523096
2317.331363,100,14050.087492
11.407091,100,14050.682106
2558.055385,100,14051.270051
941.860991,100,14051.840101
1475.292927,100,14052.404465
2867.142848,100,14052.96006
456.049757,100,14053.514807
1668.92694,100,14054.084274
-500.845001,100,14054.658579
1853.22841,100,14055.207273
796.821125,100,14055.766373
1722.111873,100,14056.325751
-279.996366,100,14056.890772
2603.357023,100,14057.450631
1964.99895,100,14058.011099
325.485979,100,14080.303059
2230.495462,100,14080.668995
1951.302408,100,14080.95709
1613.675733,100,14081.258082
1754.704742,100,14082.08031
980.861517,100,14082.40076
568.892698,100,14083.96424
1009.348732,100,14084.95261
1949.730713,100,14085.696251
2431.646207,100,14086.33727
967.353184,100,14086.976142
1553.80867,100,14087.69749
1878.564693,100,14088.283345
1844.782023,100,14088.84984
-756.454193,100,14089.413848
1459.052233,100,14089.957067
686.324771,100,14090.526501
2306.879219,100,14091.081813
1866.325259,100,14091.644772
-61.019712,100,14092.250336
442.211853,100,14114.477473
3516.855817,100,14115.068851
-1190.790377,100,14115.648848
3287.152043,100,14116.219753
2110.863868,100,14116.78935
3591.076588,100,14117.362335
2787.548856,100,14117.936293
575.91943,100,14118.508566
629.87991,100,14119.075411
138.50343,100,14119.646583
2338.784986,100,14120.24952
1153.737798,100,14120.829077
1632.297622,100,14121.398324
2417.934457,100,14121.966625
2759.787861,100,14122.537622
1180.042911,100,14123.706251
1128.804887,100,14124.689115
2312.160285,100,14126.722065
1579.201876,100,14127.372099
2507.616248,100,14128.04253
1472.660572,100,14128.67841
1955.480207,100,14151.519861
1885.036515,100,14152.085804
2186.765402,100,14152.651619
1846.31613,100,14153.205836
1768.551282,100,14153.765852
1930.650748,100,14154.361328
-621.41171,100,14154.930248
1325.030251,100,14155.495598
1992.000511,100,14156.054452
1061.302954,100,14156.616296
904.025043,100,14157.172853
796.616378,100,14157.851851
1697.207689,100,14158.492679
908.749207,100,14159.05982
1152.991399,100,14159.653801
515.938229,100,14160.205529
1348.930808,100,14160.770336
1378.905149,100,14161.30875
831.390841,100,14161.862127
2559.209438,100,14162.446259
2137.113251,100,14187.097093
1978.248119,100,14187.678761
541.81826,100,14188.268198
2387.904039,100,14188.831327
393.394509,100,14189.384872
-361.107613,100,14189.944786
1245.441849,100,14190.557323
-110.745949,100,14191.120857
2675.728889,100,14191.685677
2318.697647,100,14192.258356
1094.448667,100,14192.82935
2097.171849,100,14193.406403
2376.807493,100,14193.976346
1684.182488,100,14194.562329
1812.5334,100,14195.122749
2955.729285,100,14195.692397
2077.128268,100,14196.250777
-176.740927,100,14196.819846
2136.835366,100,14197.381707
-221.95861,100,14197.957076
-229.23485,100,14198.547236
3150.303947,100,14222.606319
2472.052275,100,14223.162229
1894.86302,100,14223.738717
2106.162334,100,14224.334457
1380.671823,100,14224.900686
2170.542159,100,14225.452422
2026.570373,100,14225.997205
2619.767547,100,14226.55078
791.300183,100,14227.103083
719.846472,100,14227.662358
2438.617923,100,14228.240945
688.085302,100,14228.797777
104.855224,100,14229.345573
2254.451721,100,14267.36378
1097.852048,100,14267.625987
2078.657814,100,14267.900549
2032.856837,100,14268.174369
2370.576411,100,14268.446428
823.948224,100,14268.72569
2552.487579,100,14268.994988
2996.240648,100,14290.635301
3247.829934,100,14291.23027
1897.515152,100,14291.998062
2299.485451,100,14292.866634
1035.313284,100,14293.838416
2568.386178,100,14295.098966
1975.423864,100,14295.824945
1513.513806,100,14296.443878
1921.741405,100,14297.054961
1349.049077,100,14297.64907
2686.734528,100,14298.233168
850.559486,100,14298.780436
2542.187328,100,14299.32859
1740.869647,100,14299.877427
692.666618,100,14300.42374
1771.165111,100,14301.004438
1448.653647,100,14301.551876
1495.051455,100,14302.107231
2302.590108,100,14302.689622
56.71717,100,14303.273939
2051.966175,100,14303.838142
2033.220768,100,14324.298582
2127.395563,100,14324.875582
-176.269339,100,14325.43287
-229.305476,100,14325.987252
1396.468555,100,14326.546366
3165.101557,100,14327.106299
993.190963,100,14327.669092
2949.96933,100,14328.245607
2119.328912,100,14328.808578
868.045011,100,14329.371182
2618.407543,100,14329.940943
2084.451046,100,14330.505217
1741.037218,100,14331.06585
190.493194,100,14331.620483
402.742358,100,14332.17736
2330.064516,100,14332.742573
1308.900072,100,14333.574438
2639.947517,100,14334.65216
1432.33761,100,14335.612712
2548.055006,100,14336.394725
1100.033523,100,14359.291875
-792.319235,100,14359.619333
1147.501353,100,14359.941288
2289.362773,100,14360.230739
1049.605266,100,14360.561517
1182.388407,100,14360.870671
2259.531069,100,14361.185865
440.140989,100,14361.473088
426.566795,100,14361.754059
1893.23236,100,14362.038133
1673.551071,100,14362.350861
2264.359663,100,14362.636868
588.388765,100,14362.923131
1975.349944,100,14363.201519
3512.569376,100,14363.47847
2566.073269,100,14363.75105
1816.913736,100,14364.059112
-643.221562,100,14364.353653
1689.628622,100,14364.649898
1528.332103,100,14364.926746
2513.398275,100,14365.201399
-815.657004,100,14388.889895
2364.520007,100,14389.461549
2449.493671,100,14390.015724
1041.779733,100,14390.56773
908.232608,100,14391.138275
2165.456469,100,14391.706977
2225.903293,100,14392.260276
1790.216219,100,14392.825825
1730.495182,100,14393.381001
1412.668374,100,14393.951107
1679.738526,100,14394.526937
2136.590941,100,14395.083823
2739.851797,100,14395.653784
1367.637681,100,14396.216309
2405.410769,100,14396.771826
533.376032,100,14397.3225
2218.407465,100,14397.887303
1143.659173,100,14398.453311
2039.517463,100,14399.011726
735.120265,100,14399.570629
3166.578489,100,14423.36808
1923.02478,100,14424.293246
1482.195489,100,14424.871637
2276.78926,100,14425.424373
2816.350854,100,14426.010686
969.632742,100,14426.570264
1659.918085,100,14427.130766
2220.453161,100,14427.686481
1585.06127,100,14428.261691
2232.832522,100,14428.853363
2439.995947,100,14429.433434
1178.338627,100,14429.996861
2041.556408,100,14430.55034
2713.322146,100,14431.116406
277.436323,100,14431.695246
357.358787,100,14432.245611
1761.349074,100,14432.789708
1847.510673,100,14433.335058
1051.728738,100,14433.898247
2177.030978,100,14434.466507
1233.897954,100,14435.017343
2080.835366,100,14457.130804
2442.30154,100,14457.705431
-5.486662,100,14458.265159
662.310678,100,14458.828779
2052.061803,100,14459.969332
2499.644578,100,14460.591326
1274.06693,100,14461.161437
1791.007936,100,14461.652236
445.058157,100,14462.338895
1254.981177,100,14463.008019
2549.33605,100,14463.665585
-1140.472908,100,14464.379456
1551.997605,100,14464.983136
957.387327,100,14465.538746
2931.072559,100,14466.101224
2212.573012,100,14466.657692
2532.174316,100,14467.221618
2444.228711,100,14467.785064
1319.861805,100,14468.367783
1083.172183,100,14468.926863
-747.228195,100,14490.34499
56.83908,100,14490.653734
1485.638349,100,14490.932457
1784.137395,100,14491.211987
1338.975827,100,14491.507966
2498.255832,100,14491.789783
2512.016915,100,14492.086176
2566.748333,100,14492.36405
1461.960527,100,14492.649183
415.752727,100,14492.930588
1012.390393,100,14493.204537
974.074069,100,14493.49842
-567.186133,100,14493.797476
2980.394192,100,14494.104693
470.04297,100,14494.420559
92.905655,100,14494.711532
2549.672867,100,14494.996028
2159.078554,100,14495.274113
871.953347,100,14495.562729
1269.037801,100,14495.83694
2172.742067,100,14496.119075
777.544019,100,14520.518645
1334.519546,100,14521.071873
1186.327944,100,14521.614644
1239.37942,100,14522.168626
1550.494477,100,14522.726034
2583.896307,100,14523.274756
1787.706238,100,14523.837066
1852.1448,100,14524.430595
1978.551914,100,14524.99228
1907.530051,100,14525.54397
1693.217281,100,14526.094159
2165.685851,100,14526.652382
1861.160616,100,14527.197161
1465.20642,100,14527.747507
3000.384449,100,14528.302103
2616.230709,100,14528.867243
1284.84136,100,14529.422664
2104.536319,100,14529.995325
1916.097907,100,14530.549468
1273.324655,100,14531.106342
2441.874693,100,14555.643228
782.53815,100,14556.251462
2230.645843,100,14556.843015
2438.616307,100,14557.40447
792.573713,100,14557.977143
2042.275526,100,14558.54721
1745.266406,100,14559.10422
2374.367131,100,14559.667721
1601.292638,100,14560.22024
1450.525591,100,14560.79354
2120.047035,100,14561.427109
1468.637011,100,14561.979154
3027.451229,100,14562.539562
1826.159641,100,14563.094402
1080.429164,100,14563.646374
2223.825699,100,14564.227103
1281.231538,100,14564.801895
2583.008558,100,14565.346164
564.444666,100,14565.900307
255.839878,100,14566.448076
1514.233983,100,14567.010004
2120.030886,100,14590.267994
1471.660415,100,14590.944829
1722.569691,100,14591.535124
274.937843,100,14592.146657
1378.338465,100,14592.832191
1299.451488,100,14593.421528
2806.889601,100,14594.001413
1522.09667,100,14594.584965
1574.113611,100,14595.146371
3054.199974,100,14595.699741
1917.814453,100,14596.25922
2839.230503,100,14596.819868
1690.889005,100,14597.405977
1188.054121,100,14598.014596
439.181119,100,14598.592117
2628.646162,100,14599.153872
2620.84848,100,14599.712249
965.791406,100,14600.260069
1982.142536,100,14600.831165
1170.526357,100,14601.381067
1569.329689,100,14623.523703
673.238808,100,14624.106318
2181.497159,100,14624.681498
621.216689,100,14625.248365
2443.061006,100,14625.80662
1810.867061,100,14626.359323
2063.455457,100,14626.919764
1929.237425,100,14627.475245
2174.363057,100,14628.064757
1298.541788,100,14629.102311
543.206127,100,14630.007859
-704.716296,100,14630.792698
-998.339136,100,14631.17036
886.96833,100,14631.803655
1323.650051,100,14632.197446
-890.13811,100,14632.558749
1519.788072,100,14632.913731
1674.716162,100,14633.219879
2168.91151,100,14633.531134
2393.866795,100,14633.82961
173.621845,100,14654.872299
1092.591979,100,14655.459981
2614.311098,100,14656.018205
2774.838779,100,14656.57526
1440.677033,100,14657.129227
588.123022,100,14657.680128
1351.6034,100,14658.240085
1892.047575,100,14658.80165
3080.046769,100,14659.369255
2721.01207,100,14659.921588
1608.528142,100,14660.498253
951.198418,100,14661.055296
2065.407475,100,14661.610178
244.574351,100,14662.160712
1712.014328,100,14662.717699
3134.840254,100,14663.272631
362.902652,100,14663.838442
1919.260423,100,14664.416615
2357.412926,100,14664.979944
2498.937432,100,14665.538319
1817.581658,100,14666.088617
1944.22447,100,14690.368976
2145.929269,100,14690.935295
446.699618,100,14691.484561
934.301818,100,14692.033394
83.586019,100,14692.58006
2217.751795,100,14693.128702
1751.663574,100,14693.683422
2433.882997,100,14694.25019
2627.978774,100,14694.807106
2835.477423,100,14695.381414
919.69221,100,14695.930453
615.996124,100,14696.47893
638.024085,100,14697.02144
1592.745099,100,14697.581094
1806.079607,100,14698.136161
2063.607519,100,14698.685874
2517.279707,100,14699.22771
1503.352994,100,14699.779429
1208.297788,100,14700.329674
2026.064548,100,14700.883255
-58.590736,100,14724.225856
1499.924692,100,14724.879315
1120.448741,100,14725.44774
1149.227916,100,14725.999422
2844.267074,100,14726.559532
1731.656232,100,14727.102846
2030.52142,100,14727.692671
530.932793,100,14728.286661
1541.216968,100,14728.855257
1635.199381,100,14729.411312
1316.365508,100,14729.962142
-951.043163,100,14730.506779
2350.440308,100,14731.054094
1101.306431,100,14731.610888
2053.361199,100,14732.177612
1836.316483,100,14732.74664
1200.754516,100,14733.316094
2824.22089,100,14737.875182
1401.363485,100,14738.490526
2203.354764,100,14739.070273
3025.371467,100,14739.648242
1980.098082,100,14763.485624
2518.5955,100,14764.152715
2831.078758,100,14764.776121
2863.987647,100,14765.360462
2766.218515,100,14765.993786
1837.77518,100,14766.58499
1652.683678,100,14767.142266
1351.901947,100,14767.696506
2509.245005,100,14768.261783
1508.027384,100,14768.825942
1226.49807,100,14769.409935
462.395758,100,14769.998672
2665.462069,100,14770.563651
2523.992819,100,14771.117275
2532.301279,100,14771.700672
1838.832518,100,14772.24864
1462.209815,100,14772.798691
610.783609,100,14773.341043
3032.456104,100,14773.949506
226.558853,100,14774.526978
1992.774404,100,14796.594752
1664.462273,100,14797.175743
2187.315544,100,14797.737802
808.208988,100,14798.299844
591.982935,100,14798.863618
930.694249,100,14799.429956
2994.256767,100,14800.003089
1454.162935,100,14800.837081
2091.029858,100,14801.162853
2823.428976,100,14801.722311
258.131307,100,14802.683012
1551.143211,100,14803.349512
1476.816391,100,14803.941009
-757.549337,100,14804.896888
-934.614655,100,14805.215269
2397.814598,100,14805.732323
774.967957,100,14806.188193
1297.316263,100,14806.602874
258.916368,100,14807.156481
1033.564018,100,14807.70875
1922.610394,100,14808.267225
2376.408667,100,14830.196704
1494.810943,100,14830.763686
1467.087677,100,14831.325218
1783.304269,100,14831.879233
1872.023336,100,14832.441784
37.460863,100,14832.99768
1416.01802,100,14833.562186
2810.990612,100,14834.159012
1717.789646,100,14834.730258
1633.981899,100,14835.284962
1642.809677,100,14835.846186
675.806383,100,14836.417101
2875.149906,100,14836.999117
2168.936119,100,14837.567462
784.225815,100,14838.128652
1556.657242,100,14838.705948
537.628247,100,14839.273452
1899.064035,100,14839.860079
801.924329,100,14840.44109
2273.2192,100,14841.008455
1471.574886,100,14865.42414
1558.076847,100,14866.004829
1302.375943,100,14866.568116
2564.443902,100,14867.124445
2397.717842,100,14867.682782
2022.702319,100,14868.243573
781.46366,100,14868.809452
1917.035418,100,14869.384642
2866.74126,100,14869.965438
2274.902273,100,14870.541527
936.093845,100,14871.096403
3238.093706,100,14871.661791
1446.129542,100,14872.215743
-25.72593,100,14872.780717
1170.820884,100,14873.33426
2193.079898,100,14873.901637
1772.724544,100,14874.484519
163.475319,100,14875.041788
2849.258697,100,14875.629723
1685.476119,100,14876.190104
1697.944162,100,14876.755354
442.989409,100,14899.820819
1537.734939,100,14900.114525
1829.238403,100,14900.385352
1773.348839,100,14900.654027
-802.386426,100,14900.915971
2544.274066,100,14901.180863
515.418731,100,14901.440242
1861.507091,100,14901.698901
-518.139557,100,14901.961228
2658.779819,100,14902.222464
684.269624,100,14902.491441
1779.119787,100,14902.753599
1365.02988,100,14903.01903
2679.610207,100,14903.283648
2819.765548,100,14903.5511
1891.916072,100,14903.936271
1174.029208,100,14904.308566
1574.310863,100,14904.587807
2764.823143,100,14904.852655
127.598189,100,14905.139272
3936.749332,100,14925.39364
1862.483882,100,14925.675739
1332.609093,100,14925.950788
1847.308278,100,14926.213708
2062.16579,100,14926.476581
1252.398112,100,14926.741013
1215.002727,100,14927.002956
1579.443702,100,14927.277597
407.794199,100,14927.592373
1925.654492,100,14928.418962
2715.786669,100,14928.73404
1441.592757,100,14929.570795
-463.913999,100,14930.470416
2778.314956,100,14930.933877
-437.637924,100,14931.465794
1232.494001,100,14931.745749
1974.1962,100,14932.028687
2410.398829,100,14932.384857
2214.787364,100,14932.728484
734.036146,100,14933.11308
2339.643558,100,14933.749058
2847.709774,100,14954.389585
2044.564912,100,14954.98604
1719.161151,100,14955.557074
533.666093,100,14956.112843
2440.403298,100,14956.674185
706.365781,100,14957.226793
1924.872504,100,14957.793949
1522.826789,100,14958.354832
1950.922949,100,14958.924962
1397.786534,100,14959.480144
2116.636704,100,14960.033727
1774.63278,100,14960.588474
1580.367345,100,14961.138436
2550.33097,100,14961.694969
649.755358,100,14962.247721
2111.419461,100,14962.806231
1201.335788,100,14963.359496
1840.230867,100,14963.952125
3014.347353,100,14964.537272
1304.820969,100,14965.104368
991.601326,100,14989.193252
1409.030217,100,14989.778322
238.300429,100,14990.333851
2441.390124,100,14990.901085
819.796868,100,14991.45366
2079.845771,100,14992.022244
996.373768,100,14992.579056
945.202898,100,14993.123215
800.050298,100,14993.687842
402.650165,100,14994.261292
1750.149593,100,14994.823762
-1496.621848,100,14995.37687
701.692796,100,14995.92814
1664.747906,100,14996.485653
2469.141471,100,14997.057659
3218.879419,100,14997.625413
1224.567362,100,14998.087898
2343.479245,100,14998.359201
1547.824815,100,14998.629753
2343.085943,100,14998.916135
1081.164168,100,14999.191327
1773.759449,100,15022.325984
1537.107747,100,15022.874738
2541.397711,100,15023.417579
2175.928513,100,15023.982117
2277.146313,100,15024.547998
-384.450636,100,15025.108493
1966.133782,100,15025.663678
1436.852692,100,15026.23889
1141.68046,100,15026.823976
2597.927469,100,15027.412476
1871.443966,100,15027.965845
770.702439,100,15028.515965
1098.389898,100,15029.076702
1926.682378,100,15029.62895
789.402681,100,15030.189663
3350.238925,100,15030.737063
799.407406,100,15031.283438
677.943112,100,15031.832021
2429.244611,100,15032.377429
1535.343832,100,15032.920875
369.22746,100,15053.787552
2367.556286,100,15054.402405
1425.284891,100,15054.967476
1624.872251,100,15055.528728
-25.749061,100,15056.078582
1220.861737,100,15056.629808
2865.983352,100,15057.175881
2796.046627,100,15058.071499
2495.376763,100,15059.034584
2654.348702,100,15060.031394
1157.567722,100,15061.404017
1027.121761,100,15061.702674
3622.034835,100,15061.986273
1426.682275,100,15062.329857
2112.201967,100,15062.658767
2258.198817,100,15062.968462
299.689546,100,15063.357977
2029.41454,100,15064.693682
2662.461094,100,15064.955001
1697.454063,100,15065.23579
1475.713705,100,15065.522693
922.839032,100,15086.200937
946.272296,100,15135.008424
1811.839469,100,15135.281386
2317.058313,100,15135.565811
1057.406497,100,15135.84515
1652.01441,100,15136.133973
3055.621498,100,15136.412417
1014.939814,100,15136.689851
1257.262655,100,15136.962355
1599.919449,100,15137.237312
58.695258,100,15137.512643
1175.512304,100,15137.78737
2400.349946,100,15138.224216
687.121935,100,15138.788047
1138.663419,100,15139.358012
2994.709888,100,15139.916368
1193.530629,100,15140.471898
1887.570233,100,15141.028084
1811.135751,100,15142.241168
3361.730845,100,15142.895241
2092.29436,100,15164.706447
894.4019,100,15164.998075
624.647112,100,15165.257492
887.785614,100,15165.545731
1318.501902,100,15165.813724
2213.37723,100,15166.101334
1815.886077,100,15166.372222
2572.360848,100,15166.640309
1705.771419,100,15166.909359
892.285044,100,15167.171422
2163.094079,100,15167.441758
477.27666,100,15167.70778
1766.329978,100,15167.992377
2950.396449,100,15168.263126
2216.924967,100,15168.549762
1868.593481,100,15168.814121
2596.471555,100,15169.0923
1695.641015,100,15169.353662
1679.568988,100,15169.641672
710.237766,100,15169.906475
2004.445423,100,15170.180272
2129.752802,100,15191.869598
1565.253477,100,15192.430811
1560.453679,100,15192.988261
2485.431315,100,15193.543471
1964.55255,100,15194.116225
1321.877563,100,15194.692737
2598.374437,100,15195.601255
1579.985669,100,15196.183358
1752.600323,100,15196.754992
1172.631458,100,15197.307718
562.896731,100,15197.866778
2488.901145,100,15198.421983
1440.471993,100,15198.985071
1784.700165,100,15199.550396
672.400945,100,15200.116503
1092.146359,100,15200.688766
2828.648837,100,15201.24221
868.997297,100,15201.800292
929.462254,100,15202.356817
2030.824396,100,15202.922779
1230.380114,100,15225.141031
706.240335,100,15225.71254
-769.432732,100,15226.657091
2419.674137,100,15226.963984
946.418992,100,15227.557776
2227.72622,100,15227.988952
1647.974456,100,15228.78878
1850.31464,100,15229.425048
117.976921,100,15229.725703
1955.027998,100,15230.11187
1577.137912,100,15230.731125
3385.398905,100,15231.428036
1025.814407,100,15231.98742
-211.976999,100,15232.531
2251.623626,100,15233.078021
963.018172,100,15233.624549
1708.101468,100,15234.207399
1603.692214,100,15234.77277
1411.432948,100,15235.315746
2630.773432,100,15235.877673
1426.078053,100,15236.31635
2362.842902,100,15256.943038
2408.382256,100,15257.511529
2671.170779,100,15258.062512
1610.321992,100,15258.616971
2187.615174,100,15259.17052
439.835045,100,15259.724735
1539.438325,100,15260.273147
2199.639981,100,15260.839746
1365.190297,100,15261.390998
1958.848515,100,15261.936136
565.920054,100,15262.487818
2860.978912,100,15263.038069
1316.936745,100,15263.587138
740.685289,100,15264.156788
2215.155075,100,15264.721441
-733.12726,100,15265.271002
3213.552809,100,15265.839057
2583.301337,100,15266.402262
916.116316,100,15266.956881
3079.47258,100,15267.505322
-158.626863,100,15291.072975
1815.79516,100,15291.362031
2167.578006,100,15291.640593
334.402805,100,15291.911238
289.923948,100,15292.195703
2568.358419,100,15292.474821
1526.985228,100,15292.745288
2423.77893,100,15293.016759
2352.287836,100,15293.288389
-582.169102,100,15293.564891
2453.545549,100,15293.848403
3309.082266,100,15294.172479
2581.55393,100,15294.454858
1912.352075,100,15294.729389
-1065.324263,100,15295.002031
2606.317306,100,15295.282287
2744.476055,100,15295.567951
3111.456085,100,15295.84455
2119.442955,100,15296.136578
2766.177952,100,15296.41974
2166.33288,100,15296.698096
2902.718983,100,15319.798712
1657.184851,100,15320.07966
1859.483419,100,15320.347404
929.724695,100,15320.62059
3302.384235,100,15320.882694
1603.349114,100,15321.168396
1097.606367,100,15321.480858
1789.469082,100,15321.784204
1837.448833,100,15322.089046
2302.550335,100,15322.406488
3056.06641,100,15322.684652
1573.363212,100,15322.950381
830.907106,100,15323.239844
1285.121076,100,15323.557243
2879.311109,100,15323.938244
2427.949161,100,15324.324608
820.100219,100,15324.612952
2500.885746,100,15324.873687
2061.619347,100,15325.148699
1831.31581,100,15325.414191
1695.74991,100,15346.690992
190.244925,100,15347.281632
1219.261485,100,15347.852707
1484.224431,100,15348.424247
2625.904425,100,15348.99543
2167.552593,100,15349.571675
1743.146275,100,15350.143959
2104.430526,100,15350.71099
1763.817679,100,15351.269107
2938.589102,100,15351.880468
2473.22421,100,15352.480982
2250.495254,100,15353.631268
1930.279927,100,15355.308078
2174.524043,100,15355.952963
1938.406298,100,15356.813048
1482.928296,100,15357.70348
487.0588,100,15358.453455
1855.703088,100,15359.043113
2278.565536,100,15359.640018
3495.428339,100,15360.210536
1521.288874,100,15360.782282
3059.80892,100,15382.723984
2237.494289,100,15383.285432
1791.997334,100,15383.892495
854.060438,100,15384.459346
2194.89113,100,15385.007551
1512.153707,100,15385.549742
1715.067389,100,15386.097113
1320.212155,100,15386.646382
-621.684964,100,15387.211284
1809.803353,100,15387.762569
588.806082,100,15388.334838
2270.922227,100,15388.889673
1976.628615,100,15389.445396
-179.235467,100,15389.992761
1194.304557,100,15390.542495
592.10616,100,15391.086376
1442.573074,100,15391.636523
1365.24808,100,15392.186811
1528.535447,100,15392.736373
1723.061842,100,15393.286996
673.661026,100,15417.943795
2210.551172,100,15418.519318
1479.287785,100,15419.082035
-469.652336,100,15419.655003
2183.473866,100,15420.219416
3230.376168,100,15420.779487
1885.168714,100,15421.369354
1788.025851,100,15421.933077
3108.93152,100,15422.50384
2478.768019,100,15423.073569
1316.11624,100,15423.63203
1606.271697,100,15424.209848
-242.020873,100,15424.779413
-250.90845,100,15425.337679
2281.085712,100,15425.900352
1904.770078,100,15426.476083
1949.200091,100,15427.066788
2130.932837,100,15427.648464
943.304897,100,15428.213797
1884.043657,100,15428.77686
1939.319753,100,15429.338818
1869.740416,100,15453.488428
2199.867442,100,15454.061326
3178.825735,100,15454.637721
138.193883,100,15455.192683
723.991456,100,15455.474137
608.137254,100,15455.746321
1006.733313,100,15456.032673
2281.388842,100,15456.314648
2770.444524,100,15456.599166
647.94566,100,15456.877751
1044.875135,100,15457.1599
2692.785682,100,15457.458632
2253.15689,100,15457.739962
2376.996695,100,15458.030744
2958.015084,100,15458.307727
1877.2296,100,15458.592554
699.670357,100,15458.88072
-431.779511,100,15459.160601
2536.345376,100,15459.448637
777.534501,100,15459.723777
3119.791417,100,15482.019946
2339.986437,100,15482.878744
2135.597809,100,15483.587374
2732.803753,100,15484.042222
1271.548762,100,15484.593323
851.409358,100,15484.974823
1241.807702,100,15485.306971
2471.073793,100,15485.690569
3369.403324,100,15486.460859
2257.690849,100,15487.109704
1850.161391,100,15487.524694
2038.332747,100,15488.102516
2897.148551,100,15488.657471
2260.076932,100,15489.221454
2834.14582,100,15489.772357
455.518234,100,15490.316254
2966.120664,100,15490.886628
1806.753338,100,15491.439469
1565.774228,100,15492.025006
785.856972,100,15492.605712
2064.099879,100,15512.303947
1667.513492,100,15512.926898
411.07485,100,15513.496868
649.482975,100,15514.069332
2860.546551,100,15514.654376
1675.344095,100,15515.208708
2435.893594,100,15515.768346
1187.482321,100,15516.330279
2383.353545,100,15516.890862
2378.192588,100,15517.451835
405.412225,100,15518.013241
1559.185437,100,15518.569168
354.131469,100,15519.129978
1476.53609,100,15519.694852
1903.223339,100,15520.258821
2969.302045,100,15520.827294
1994.949476,100,15521.383758
1381.218066,100,15521.966089
1392.77287,100,15522.699675
2077.866693,100,15523.589364
1118.330481,100,15524.878141
758.588264,100,15548.668129
1852.747818,100,15549.24415
1467.465375,100,15549.815195
1885.506019,100,15550.385593
1723.986447,100,15550.956255
949.044468,100,15551.522386
-28.507805,100,15552.078846
1623.157486,100,15552.643589
1848.954822,100,15553.203315
1787.905806,100,15553.795723
2199.040239,100,15554.376318
848.638549,100,15554.941604
1387.88285,100,15555.496765
1059.753461,100,15556.076465
1133.885851,100,15556.649594
1584.96858,100,15557.202855
2415.994102,100,15557.757224
1140.853769,100,15558.31825
1838.61635,100,15558.880822
2082.543522,100,15559.443041
732.165893,100,15582.981745
2159.735718,100,15583.566797
2007.806564,100,15584.182591
2321.515079,100,15584.767637
1544.351871,100,15585.326417
2612.406258,100,15585.884017
1709.57946,100,15586.447979
2163.105844,100,15586.97419
2391.257055,100,15587.230805
1062.33468,100,15587.488342
2311.955589,100,15587.753331
2775.865265,100,15588.013549
1284.712583,100,15588.30775
1726.294088,100,15588.572381
3175.388052,100,15588.837826
1824.115816,100,15589.104085
1442.618782,100,15589.369887
2782.943102,100,15589.665413
510.691988,100,15589.937605
1173.661598,100,15590.201021
1968.026262,100,15590.464743
1294.889463,100,15613.825554
1479.719093,100,15614.948148
2833.366799,100,15615.505739
1297.220048,100,15616.063388
1234.499338,100,15616.622897
1441.462427,100,15617.180724
1887.442936,100,15617.740824
842.037268,100,15618.322525
2129.163757,100,15618.913538
1172.007424,100,15619.507825
566.965342,100,15620.077304
1165.712178,100,15620.629226
2281.776371,100,15621.189734
1847.331378,100,15621.746612
467.702215,100,15622.297245
1479.277202,100,15622.856356
1194.365407,100,15623.406474
2231.344575,100,15623.981694
2256.595367,100,15624.562069
2028.816799,100,15625.153484
2209.618936,100,15647.056176
1266.919065,100,15647.628688
1092.131632,100,15648.175467
2199.943028,100,15648.721455
1513.580245,100,15649.268385
2136.607514,100,15650.220276
2585.153408,100,15650.854055
1528.879617,100,15651.892705
2684.828626,100,15652.775808
1925.666317,100,15653.378952
-309.58916,100,15654.002746
2361.965327,100,15654.938204
1586.453775,100,15655.576299
476.183979,100,15656.144307
3431.808501,100,15656.701253
2089.776489,100,15657.253775
2623.407359,100,15657.80533
1205.868554,100,15658.356681
1951.376398,100,15658.925282
1490.187438,100,15659.479785
1739.542236,100,15660.059484
1585.786511,100,15681.265781
246.659234,100,15681.551465
910.969585,100,15681.818177
-269.852248,100,15682.07912
1122.521877,100,15682.349
1878.642425,100,15682.640202
778.397653,100,15682.904131
2249.114393,100,15683.168981
2225.307438,100,15683.447154
2894.371197,100,15683.820353
863.657408,100,15684.115512
270.180344,100,15684.399289
2118.890766,100,15684.703241
1875.221432,100,15684.966124
1411.499741,100,15685.235666
1994.529224,100,15685.497251
1938.699673,100,15685.764558
2450.832191,100,15686.049783
1259.392372,100,15686.315303
1347.561626,100,15686.580855
1354.093759,100,15710.067051
2852.161352,100,15710.640866
2508.219379,100,15711.187254
1051.837796,100,15711.735805
444.543648,100,15712.280408
1815.193134,100,15712.831007
-161.784102,100,15713.379424
1410.515179,100,15713.945707
2636.805702,100,15714.518171
1701.795715,100,15715.089894
2035.19228,100,15715.643472
810.660694,100,15716.186958
1509.311863,100,15716.732773
167.553333,100,15717.277594
-83.996555,100,15717.831452
-279.328085,100,15718.380703
2547.155151,100,15718.95154
2036.147081,100,15719.508362
1414.972198,100,15720.063754
1323.616161,100,15720.614391
1840.658012,100,15720.958944
3892.393031,100,15744.469368
1550.533255,100,15745.127189
391.160378,100,15745.73442
2284.138174,100,15746.314505
-23.328003,100,15746.880015
625.079581,100,15747.439944
2315.01567,100,15747.999942
2475.191559,100,15748.559315
1673.963482,100,15749.141125
1912.89673,100,15749.713414
1413.064,100,15750.277825
1511.928809,100,15750.83784
654.477526,100,15751.395274
2121.752671,100,15751.966614
1611.420132,100,15752.517031
1093.658128,100,15753.065319
1523.209283,100,15753.613999
744.710465,100,15754.189561
1901.942331,100,15754.752977
1134.751419,100,15755.298701
1588.022088,100,15776.927135
1788.936532,100,15778.56981
2465.093873,100,15779.306117
2390.856147,100,15779.864689
991.576451,100,15780.236863
973.296624,100,15780.709339
866.686188,100,15781.166372
-1651.718654,100,15781.660751
2545.794718,100,15782.221684
2068.471566,100,15782.778357
2510.274304,100,15783.321141
801.903373,100,15783.90755
2462.700966,100,15784.542992
1718.594882,100,15785.097312
2722.928395,100,15785.653031
1454.385539,100,15786.242339
1265.123201,100,15786.838766
2356.488968,100,15787.422853
929.255456,100,15787.983495
2927.389298,100,15788.543008
2022.692929,100,15789.095575
-122.043456,100,15811.010503
923.020752,100,15811.577784
1631.383462,100,15812.123723
613.980177,100,15812.67939
1893.739426,100,15813.222301
1566.778285,100,15813.774566
2154.09965,100,15814.353845
501.002752,100,15814.913689
2255.833477,100,15815.460155
1552.743311,100,15816.045464
1438.54091,100,15816.609658
1616.142167,100,15817.167647
2015.738236,100,15818.192855
1689.222481,100,15818.805961
869.304608,100,15819.982108
1702.897566,100,15820.602334
2906.488757,100,15820.902035
2587.930064,100,15821.403438
2054.887397,100,15821.763582
343.137323,100,15822.107237
1031.813202,100,15842.314645
2876.816603,100,15842.879812
1352.090736,100,15843.422221
2420.95581,100,15843.986096
399.058445,100,15844.555835
3240.005252,100,15845.100369
1404.46086,100,15845.679446
395.659387,100,15846.231624
1791.056608,100,15846.782387
1829.184664,100,15847.326752
1834.031342,100,15847.873764
2330.026486,100,15848.421309
1391.153906,100,15848.984856
1042.104519,100,15849.436709
-29.620433,100,15849.724801
2393.619123,100,15850.017363
2964.996559,100,15850.30059
1189.48495,100,15850.588325
1361.017289,100,15850.866833
1786.397266,100,15851.145132
2003.238695,100,15851.424566
1240.211028,100,15875.269954
1585.522059,100,15875.8389
455.107734,100,15876.404633
2242.6942,100,15876.955725
650.253528,100,15877.531323
2802.8476,100,15878.087321
1734.254752,100,15878.654846
1929.490727,100,15879.208827
1751.098485,100,15879.78723
2554.990646,100,15880.357193
1661.139568,100,15880.928257
1481.235046,100,15881.486837
2469.30351,100,15882.044232
1610.369458,100,15882.649672
2598.546182,100,15883.222475
1629.826587,100,15884.337543
1942.272464,100,15884.896373
990.271438,100,15885.44433
1419.091682,100,15885.992401
2362.388812,100,15886.606712
681.847819,100,15911.523748
2053.079215,100,15912.10144
1190.365982,100,15912.66233
1350.929977,100,15913.223592
1279.846815,100,15914.132129
858.981924,100,15914.978421
1391.006718,100,15915.552241
1356.804068,100,15916.116658
2431.240685,100,15916.698809
1957.156637,100,15917.270683
2251.889784,100,15965.601603
1118.751467,100,15966.169377
1318.158644,100,15966.744823
1343.503078,100,15967.315875
669.11744,100,15967.89088
868.612562,100,15968.461945
900.276537,100,15969.029205
1890.194307,100,15969.627695
1167.023765,100,15970.219966
336.053493,100,15970.825649
1970.794997,100,15971.40084
1849.39291,100,15992.9013
1651.875291,100,15993.251729
2473.282702,100,15993.591157
1435.107041,100,15993.933267
1442.826971,100,15994.261781
2500.904713,100,15994.560547
2532.610788,100,15994.82992
1203.245743,100,15995.092289
1929.850493,100,15995.356169
2330.579972,100,15995.621326
1722.893624,100,15995.877027
2318.733647,100,15996.134918
1269.763529,100,15996.392784
1124.624164,100,15996.676646
1664.89483,100,15996.939351
1670.856265,100,15997.200978
2709.990565,100,15997.476234
262.757171,100,15997.734279
1731.372445,100,15998.000485
787.197789,100,15998.258638
2016.105969,100,16020.510801
1110.124436,100,16021.094703
1873.360613,100,16021.798996
1706.4323,100,16022.393565
2150.618918,100,16022.957396
2650.822747,100,16023.548167
2483.707379,100,16024.158601
1027.853136,100,16024.74086
1727.7517,100,16025.296358
882.035022,100,16025.856346
187.345654,100,16026.414963
1529.881555,100,16026.974256
71.930975,100,16027.562183
1576.745251,100,16028.127521
2491.925557,100,16028.6973
2383.865535,100,16029.251995
1603.347371,100,16029.821992
1467.033673,100,16030.384544
1415.180919,100,16030.95705
1711.841081,100,16031.523023
2663.384133,100,16032.528236
1677.641605,100,16056.274566
2805.404744,100,16056.843834
2630.829554,100,16057.403497
481.892092,100,16057.980809
3273.615407,100,16058.550884
1617.502585,100,16059.113277
2724.183609,100,16059.677876
-275.685901,100,16060.237965
2126.719588,100,16060.797176
1010.389938,100,16061.35868
2102.045463,100,16061.918181
298.246508,100,16062.488185
1877.553063,100,16063.044835
-29.733445,100,16063.605843
1727.623344,100,16064.185409
1711.007468,100,16064.761032
-332.869972,100,16065.314527
685.633913,100,16065.871248
2871.260176,100,16066.435329
2130.117902,100,16066.995187
1216.416124,100,16090.655754
1770.159241,100,16091.243505
1541.504971,100,16091.8028
1988.749629,100,16092.355886
931.929657,100,16092.911679
2499.827947,100,16093.466396
1702.481556,100,16094.036068
2754.507729,100,16094.608276
2668.434149,100,16095.162666
15.114341,100,16095.717224
1304.01944,100,16096.287248
658.853167,100,16096.846119
2624.899339,100,16097.405961
2053.414945,100,16097.968757
2282.075494,100,16098.534443
1567.612535,100,16099.091773
1711.247709,100,16099.483308
1407.701444,100,16099.757836
1265.282386,100,16100.028078
1529.786851,100,16100.297571
1565.23862,100,16100.572086
1911.880219,100,16124.540176
1889.439888,100,16125.122765
1160.721188,100,16125.682471
1845.086826,100,16126.245985
871.812484,100,16126.803697
1070.381007,100,16127.380742
1514.061437,100,16127.977288
2025.357151,100,16128.565073
1549.823907,100,16129.128488
1184.0238,100,16129.731457
1637.380898,100,16130.301033
1289.337563,100,16130.875689
1334.493783,100,16131.43785
1505.662293,100,16131.996451
2209.219891,100,16132.560845
1533.735048,100,16133.11982
2041.011244,100,16133.692692
2202.47239,100,16134.2759
1304.882863,100,16134.853394
1020.216157,100,16135.416034
527.180525,100,16157.743239
217.405406,100,16158.324151
2585.322792,100,16159.230036
-723.449467,100,16159.593797
2474.746429,100,16159.974432
1663.63594,100,16160.532043
1493.00064,100,16161.099348
2810.711827,100,16161.756886
1787.03492,100,16162.518435
435.651578,100,16163.120371
2182.968136,100,16163.721013
1734.432339,100,16164.3102
1629.465168,100,16164.877782
1749.463085,100,16165.442174
2225.810473,100,16165.992571
2661.220721,100,16166.540587
3441.347895,100,16167.093709
708.302954,100,16167.639441
595.215306,100,16168.182635
-23.082935,100,16168.732632
3013.030924,100,16169.310154
1228.989265,100,16189.410281
2332.07985,100,16189.709486
2522.814821,100,16190.004438
-116.630606,100,16190.313313
939.279439,100,16190.600031
1285.165182,100,16190.882508
111.638088,100,16191.163796
2707.013638,100,16191.445522
1689.22059,100,16191.723063
1625.901924,100,16192.002287
1749.362946,100,16192.279887
2022.38263,100,16192.559812
534.469864,100,16192.836718
861.6711,100,16193.116889
1838.483082,100,16193.39354
-551.052539,100,16193.69515
1624.997558,100,16193.984068
2802.347045,100,16194.287022
2156.790027,100,16194.575469
1920.28414,100,16194.878532
2289.653516,100,16219.74715
2260.624384,100,16220.331886
1897.5711,100,16220.893554
2577.481121,100,16221.448776
1286.446366,100,16222.019695
-170.816442,100,16222.574889
1181.433189,100,16223.130693
1754.708771,100,16223.690766
1671.640619,100,16224.278382
1640.501458,100,16224.843757
1148.506813,100,16225.397763
2520.476801,100,16225.963881
645.325427,100,16226.532859
1312.969351,100,16227.088006
1729.55241,100,16227.64453
1530.117477,100,16228.195823
1312.143444,100,16228.756559
-13.6137,100,16229.315108
1465.01836,100,16229.885127
760.598149,100,16230.458268
418.931505,100,16231.015709
4062.067886,100,16254.473757
1244.505379,100,16254.772964
1926.230466,100,16255.063436
1385.502465,100,16255.382728
871.133582,100,16255.766347
934.792025,100,16256.074219
2802.404992,100,16256.373735
1983.825814,100,16256.659852
2517.475203,100,16256.954202
2662.507748,100,16257.230589
2869.987364,100,16257.507452
855.005853,100,16257.772022
1240.709294,100,16258.041617
1813.954366,100,16258.311878
2215.679724,100,16258.580974
829.734436,100,16258.849557
2666.805495,100,16259.116183
1469.896132,100,16259.382362
2741.44948,100,16259.724596
2492.707907,100,16260.013986
2380.208363,100,16281.406168
1561.909873,100,16281.697158
-57.463694,100,16281.977598
1158.444709,100,16282.250888
1878.978837,100,16282.515248
1963.783266,100,16282.785873
604.561148,100,16283.04879
1421.651119,100,16283.311171
1173.289672,100,16283.647942
2151.736332,100,16284.029466
-310.515281,100,16284.412993
1551.744128,100,16284.961676
1056.4547,100,16285.505316
1721.543307,100,16286.063132
1648.692813,100,16287.226766
1779.199872,100,16287.916941
3033.435701,100,16288.646178
1989.121765,100,16289.020136
1036.783221,100,16289.533117
2048.372902,100,16290.178366
1720.063021,100,16290.600442
-1404.470447,100,16313.383002
272.134349,100,16313.959248
1459.266777,100,16314.534624
1347.786221,100,16315.093361
1034.954373,100,16315.669317
2261.155939,100,16316.231598
1664.335997,100,16316.786698
2645.527046,100,16317.336839
1786.032351,100,16317.897793
2437.49431,100,16318.451669
1130.724459,100,16319.005266
2141.183941,100,16319.561654
2525.16161,100,16320.120201
1618.298917,100,16320.707741
763.923982,100,16321.26738
1328.391064,100,16321.826939
-240.842214,100,16322.379816
1872.310248,100,16322.933087
2890.349274,100,16323.497337
3045.703408,100,16324.077187
2614.557108,100,16348.390885
1906.791918,100,16348.959284
363.879607,100,16349.517353
1792.132122,100,16350.077322
2116.851158,100,16350.639231
1985.458874,100,16351.197281
1471.015946,100,16351.76632
653.881501,100,16352.32014
1831.506647,100,16352.889719
497.21662,100,16353.438656
1829.634882,100,16353.999736
1873.390759,100,16354.568777
3202.811103,100,16355.118772
2722.96963,100,16355.680952
1760.119614,100,16356.24478
1287.025511,100,16356.80695
1748.783232,100,16357.378879
606.00677,100,16357.936722
1581.89889,100,16358.495018
1105.550423,100,16359.056268
574.927412,100,16383.122244
2408.05078,100,16383.737514
2626.53823,100,16384.269454
533.378056,100,16384.603387
1594.872834,100,16385.177871
2260.780179,100,16385.745452
652.557162,100,16386.305771
1097.80213,100,16386.877304
2680.797198,100,16387.445774
1858.594068,100,16388.014373
1542.179962,100,16388.56844
2342.159911,100,16389.12732
1972.927191,100,16389.688976
1508.386283,100,16390.249676
2338.327243,100,16390.810609
2591.129112,100,16391.378583
794.709858,100,16391.94046
2099.89897,100,16392.495821
1383.045964,100,16393.055794
2376.467557,100,16393.615888
2167.079087,100,16394.191607
2161.522366,100,16418.692673
728.99247,100,16419.304551
2042.370143,100,16420.102599
784.322732,100,16420.398154
2377.124881,100,16420.694624
1075.596612,100,16420.959551
1173.532451,100,16421.22989
1342.308079,100,16421.490139
2627.152834,100,16421.760226
2618.584869,100,16422.020218
1265.141048,100,16422.268811
1375.997488,100,16422.537427
2121.796679,100,16422.818048
2411.625594,100,16423.078553
1961.158184,100,16423.332244
1698.729225,100,16423.65476
1543.794712,100,16423.999802
-243.33986,100,16424.340641
250.740237,100,16424.862817
2306.819216,100,16425.451841
2956.922399,100,16447.283338
1003.453869,100,16447.871728
1176.74359,100,16448.446982
2943.859613,100,16448.998656
-216.188979,100,16449.550508
2695.229037,100,16450.101077
-261.66792,100,16450.656613
1345.787373,100,16451.206146
2314.894873,100,16451.759609
1207.281801,100,16452.308022
1905.825011,100,16452.852714
2149.810617,100,16453.423103
-41.330775,100,16453.991883
-925.409469,100,16454.561892
1677.371496,100,16455.115107
2532.781803,100,16455.876246
2107.358774,100,16456.177609
1630.055419,100,16456.60042
2610.913974,100,16457.205538
986.711326,100,16458.587664
-347.673087,100,16459.1791
1281.846832,100,16481.234568
2133.365557,100,16481.811743
1546.150293,100,16482.37765
1539.666029,100,16482.94418
524.799151,100,16483.56699
2177.154885,100,16484.163847
1171.140446,100,16484.729362
1901.595437,100,16485.27573
2538.643325,100,16485.825841
1355.44716,100,16486.373864
2087.538014,100,16486.926329
1385.890271,100,16487.479174
1574.133147,100,16488.026834
556.05874,100,16488.605692
2968.001542,100,16489.157974
1002.90526,100,16489.71088
636.107812,100,16490.259123
2635.497682,100,16490.817758
2383.076681,100,16491.362252
2000.965349,100,16491.935558
1087.108384,100,16516.400028
2865.335307,100,16516.979285
569.903413,100,16517.530886
1190.841738,100,16518.08921
2399.108213,100,16518.641023
2198.37399,100,16519.181638
1927.376636,100,16519.728424
2010.908051,100,16520.273822
993.7049,100,16520.823681
2331.089018,100,16521.372267
2323.115554,100,16521.919813
1384.369846,100,16522.514334
932.434337,100,16523.065717
618.679384,100,16523.62006
571.576741,100,16524.18695
2741.810903,100,16524.780708
1736.462383,100,16525.333189
1632.531468,100,16525.884488
2405.483813,100,16526.435622
3119.815527,100,16526.982578
733.81405,100,16527.540657
1869.508314,100,16550.764309
2301.653558,100,16551.365588
1573.922588,100,16551.943438
771.239595,100,16552.518549
1355.827762,100,16553.073039
495.216895,100,16553.629056
725.005475,100,16554.205891
1795.990488,100,16554.784081
1814.471254,100,16555.346631
2371.581403,100,16555.9099
2739.064822,100,16556.463804
678.682566,100,16557.014028
85.777221,100,16557.563207
2151.590956,100,16558.113213
1860.136956,100,16558.66889
685.161425,100,16559.216378
2426.679239,100,16559.76006
1427.122291,100,16560.299265
1771.613572,100,16560.866273
1322.81258,100,16561.411546
1076.203658,100,16584.118861
1787.821984,100,16584.962716
2300.92337,100,16585.452068
321.579751,100,16585.84677
2055.982779,100,16586.182013
2375.734988,100,16586.494624
2574.238597,100,16586.787032
1417.869002,100,16587.060812
1503.951361,100,16587.336854
1461.097721,100,16587.653697
1088.434616,100,16587.957639
1572.803505,100,16588.236821
1563.366021,100,16588.506745
525.767094,100,16588.791703
1623.263646,100,16589.059974
1367.997618,100,16589.326478
1809.316834,100,16596.864439
2215.508134,100,16597.159096
1586.782085,100,16597.422312
2477.913254,100,16597.689832
1552.840523,100,16597.945243
-340.528272,100,16619.567021
1945.330279,100,16620.129409
1665.669054,100,16620.693356
2674.515979,100,16621.25162
768.940824,100,16621.807461
1458.491909,100,16622.370994
2361.135638,100,16622.931996
-254.356956,100,16624.152897
2056.75787,100,16625.55875
2790.416172,100,16626.100521
2369.417413,100,16626.753225
2575.954512,100,16627.114279
89.204654,100,16628.188402
1765.706661,100,16628.793093
504.352866,100,16629.427279
2424.731883,100,16630.180113
1113.494123,100,16630.835717
551.042338,100,16631.406005
2215.018824,100,16631.957786
443.38708,100,16632.513936
1399.688294,100,16655.892205
2582.512759,100,16656.487617
1237.799844,100,16657.047141
2165.411147,100,16657.607021
1645.769339,100,16658.174486
2314.723951,100,16658.742601
1609.687026,100,16659.297052
1133.679697,100,16659.86422
3262.823294,100,16660.428081
2693.805207,100,16660.995518
2574.661605,100,16661.570056
140.041563,100,16662.128359
1719.478354,100,16662.693598
1879.524083,100,16663.251837
2267.135278,100,16663.839134
1701.039261,100,16664.439529
966.885442,100,16665.011988
767.227399,100,16665.595333
2587.665797,100,16666.581494
1721.48377,100,16667.51606
775.763863,100,16668.44886
988.425305,100,16691.478454
2011.739324,100,16692.050286
1272.564175,100,16692.619786
1672.654292,100,16693.182373
1951.076377,100,16693.75443
3054.825396,100,16694.342196
2688.620719,100,16694.916079
742.828058,100,16695.484239
1130.831415,100,16696.037883
1859.089295,100,16696.602319
2389.968748,100,16697.160729
1434.071399,100,16697.722308
1550.256772,100,16698.277884
1960.607632,100,16698.859457
1771.832549,100,16699.415764
2333.397582,100,16699.976874
1147.727221,100,16700.544601
1602.414921,100,16701.106874
1370.345129,100,16701.67498
712.68938,100,16702.229947
917.930901,100,16726.503127
1928.54367,100,16727.07955
3594.779426,100,16727.628851
1694.529653,100,16728.174694
2372.64682,100,16728.721334
863.555504,100,16729.263761
2312.184698,100,16729.80967
2027.067483,100,16730.348875
1869.980525,100,16730.898351
1922.407766,100,16731.459847
2456.366501,100,16732.005666
1561.475674,100,16732.548714
1922.976916,100,16733.086669
1399.672251,100,16733.636683
1862.500534,100,16734.210075
2262.724587,100,16734.787507
1286.079081,100,16735.332559
1442.346436,100,16735.905884
1328.070615,100,16736.452054
1538.079979,100,16736.99635
1024.712519,100,16737.541098
-198.026759,100,16760.951637
-159.665785,100,16761.513556
1693.951678,100,16762.102016
2682.913456,100,16762.695464
600.530017,100,16763.27294
951.324907,100,16763.840943
1437.777991,100,16764.452728
2453.760868,100,16765.010676
159.000598,100,16765.561843
2030.819019,100,16766.11034
2546.423047,100,16766.669846
1421.933043,100,16767.224339
1745.516859,100,16767.778991
1211.324077,100,16768.331145
2214.451007,100,16768.919118
1521.875687,100,16769.475434
2434.942132,100,16770.038003
653.191774,100,16770.599333
2111.041133,100,16821.013565
630.812671,100,16821.569776
1453.942372,100,16846.708597
1466.712924,100,16847.293445
1739.602222,100,16847.856283
2193.173985,100,16848.412553
2773.092832,100,16848.971727
2331.289014,100,16849.52419
1713.935481,100,16850.082336
1481.514962,100,16850.653674
3873.357921,100,16851.210374
1855.566675,100,16851.768312
2676.404884,100,16852.31941
890.374969,100,16852.876978
2832.477368,100,16853.428804
1445.363329,100,16853.998291
2919.285103,100,16854.577099
2348.325226,100,16855.134969
1543.045789,100,16855.714111
2177.584337,100,16856.27329
2277.553321,100,16856.837186
2145.22946,100,16857.388693
957.396184,100,16857.950817
2312.517585,100,16880.603649
2386.006839,100,16880.962329
2429.857735,100,16881.565046
1225.991852,100,16882.171771
1353.118856,100,16882.828844
1768.136033,100,16883.518614
704.532689,100,16884.101071
1154.746343,100,16884.673951
745.360992,100,16885.220451
162.449414,100,16885.789377
-32.883722,100,16886.37229
2675.982718,100,16886.93296
1879.756751,100,16887.488323
1010.063306,100,16888.06556
1646.76174,100,16888.664202
2448.99187,100,16889.240006
2009.803957,100,16889.79382
-991.325922,100,16890.346237
346.002974,100,16890.913277
615.319162,100,16891.493555
2955.275351,100,16912.601704
803.159516,100,16913.173594
2588.599626,100,16913.737649
172.507311,100,16914.314253
2130.895397,100,16914.878699
1541.534937,100,16915.47468
2145.044743,100,16916.036424
1232.12818,100,16916.591352
2056.109277,100,16917.137143
1496.81389,100,16917.69211
2785.396089,100,16918.264063
702.483251,100,16918.946885
1980.199175,100,16919.680808
-382.882853,100,16920.743521
2106.804638,100,16921.884961
2017.203734,100,16922.460233
1582.87333,100,16922.765527
2406.589998,100,16923.101158
2820.413671,100,16923.423688
850.732751,100,16923.796027
2784.512405,100,16924.189807
1533.874659,100,16944.922633
-1289.543274,100,16945.497543
2414.130458,100,16946.073038
1704.930213,100,16946.663395
1423.632564,100,16947.218373
1296.786751,100,16947.774827
2855.827191,100,16948.336065
295.956818,100,16948.89576
1453.17071,100,16949.451498
1241.862651,100,16950.012497
458.231787,100,16950.571309
2052.458952,100,16951.132718
2720.156834,100,16951.711437
-9.169487,100,16952.264745
1699.341695,100,16952.823515
1598.899736,100,16953.376879
277.809634,100,16953.950306
2007.635508,100,16954.523568
1805.914525,100,16955.085772
1694.046386,100,16955.646996
2633.575943,100,16980.150874
1924.718178,100,16980.743554
2634.536943,100,16981.304431
2318.92389,100,16981.855154
2032.198894,100,16982.405843
277.16783,100,16982.955207
2378.745003,100,16983.505855
1988.20297,100,16984.07564
1855.908504,100,16984.650647
893.639111,100,16985.206571
681.702487,100,16985.759708
-288.061193,100,16986.32019
1596.523342,100,16986.880235
1103.70254,100,16987.435225
1760.145181,100,16987.993368
855.159647,100,16988.559245
3042.635774,100,16989.113486
1762.243909,100,16989.681834
2070.811555,100,16990.234872
1221.320693,100,16990.820148
1304.270906,100,16991.38545
1070.538541,100,17015.375092
2129.750853,100,17015.967458
3257.364582,100,17016.567178
1670.581094,100,17017.136967
1706.641649,100,17017.699587
931.063102,100,17018.253302
2408.673481,100,17018.819996
1729.346105,100,17019.403883
1868.629012,100,17019.966355
2241.651532,100,17020.523647
764.906704,100,17021.088417
735.547655,100,17021.658313
2920.475193,100,17022.207526
1444.468177,100,17022.765227
999.192482,100,17023.32174
2645.085266,100,17023.926236
1979.769623,100,17024.502339
1240.634263,100,17025.056305
1151.726402,100,17025.615875
2574.374365,100,17026.175764
2021.228818,100,17046.950686
1889.814805,100,17048.483551
-205.827577,100,17049.341009
1162.816165,100,17049.746483
2063.953369,100,17050.390312
441.098765,100,17051.019873
2310.552234,100,17051.608463
2359.503646,100,17052.181094
2240.955048,100,17052.769486
1562.904544,100,17053.360355
1778.472626,100,17054.218325
2406.142709,100,17054.783724
2274.979997,100,17055.33217
2281.715682,100,17055.888114
1586.843477,100,17056.480677
2624.620937,100,17057.08726
1981.125876,100,17057.683172
1916.956546,100,17058.239599
1020.173428,100,17058.587771
3473.897222,100,17058.848116
2869.552818,100,17059.111978
2154.05435,100,17080.774976
2944.147119,100,17081.357733
2208.898241,100,17081.927788
1865.540647,100,17082.488949
206.539091,100,17083.05673
2727.357352,100,17083.641312
402.14324,100,17084.50699
1744.127123,100,17085.063712
3107.337007,100,17085.623269
2686.131656,100,17086.175281
1243.343887,100,17086.738352
1998.433925,100,17087.573074
3361.395244,100,17088.409065
237.882953,100,17089.316116
2584.856236,100,17090.095139
2353.721698,100,17090.638105
2029.244869,100,17091.237988
1943.722983,100,17091.87115
2977.778503,100,17092.430558
730.790901,100,17092.800862
2857.297284,100,17111.891834
2088.666765,100,17112.46624
2975.601096,100,17113.011737
1327.441888,100,17113.565708
2523.976391,100,17114.138943
2093.327746,100,17114.715875
2840.550062,100,17115.266828
965.248773,100,17115.815694
-65.162229,100,17116.367242
2059.824362,100,17116.932273
2836.740628,100,17117.503333
1899.956951,100,17118.053557
1233.221935,100,17118.609943
1686.608907,100,17119.157414
1519.827653,100,17119.713507
1091.245756,100,17120.25809
3298.112428,100,17120.818381
1661.089918,100,17121.371212
1946.600209,100,17121.922292
1875.957822,100,17122.49778
1444.588985,100,17123.047858
785.685679,100,17147.153659
1746.095268,100,17147.709632
1501.149046,100,17148.266027
864.056363,100,17148.819649
3183.651084,100,17149.370986
2306.681128,100,17149.923119
-547.942257,100,17150.475884
2796.972731,100,17151.027839
1323.751196,100,17151.585598
1713.607891,100,17152.133313
1144.864014,100,17152.684871
62.375511,100,17153.231276
2393.228954,100,17153.803347
2029.325036,100,17154.378119
1314.806772,100,17154.933138
2585.701665,100,17155.492937
1862.774374,100,17156.045009
1839.715714,100,17156.59719
2011.001531,100,17157.172353
950.362616,100,17157.724651
2358.256531,100,17181.962865
125.79481,100,17182.529861
2324.31592,100,17183.080755
2327.093497,100,17183.65579
1895.459806,100,17184.309205
943.539995,100,17184.909755
345.64653,100,17185.477854
568.04122,100,17186.03661
1717.334976,100,17186.60223
1474.699786,100,17187.167417
513.99796,100,17187.72625
731.95869,100,17188.278738
1729.358397,100,17188.848838
2031.069027,100,17189.404799
1197.421772,100,17189.95838
1640.820817,100,17190.524998
1958.136539,100,17191.084786
2916.613183,100,17191.651963
2305.789369,100,17192.208371
1601.261356,100,17192.769776
2960.126941,100,17193.321749
3169.510223,100,17218.800545
1343.229654,100,17219.523504
1710.816663,100,17220.239675
1753.892563,100,17220.821962
3115.82942,100,17221.642237
981.723411,100,17222.284457
2572.721709,100,17223.091262
2532.79961,100,17223.675978
1505.210204,100,17224.24861
2439.552053,100,17224.817419
2256.944502,100,17225.363734
2486.881502,100,17225.909611
1323.909475,100,17226.453843
3026.041395,100,17226.996709
2171.40725,100,17227.546286
-1581.501031,100,17228.096104
2206.491419,100,17228.688866
3063.228861,100,17229.279445
763.88872,100,17229.836683
1650.116943,100,17230.379935
1243.916445,100,17252.099308
454.636108,100,17252.66697
1501.686087,100,17253.216666
684.130658,100,17253.767489
90.855296,100,17254.34163
1770.142101,100,17254.899438
2201.876862,100,17255.448114
1148.174703,100,17256.001311
1797.980148,100,17256.555525
1759.570306,100,17257.101651
1881.410522,100,17257.663162
833.915331,100,17258.210727
2615.299858,100,17258.767549
234.566278,100,17259.480267
2995.667282,100,17260.337836
3084.797453,100,17260.980499
1623.416378,100,17262.2605
2497.79133,100,17262.869997
1583.90916,100,17263.430351
1178.052412,100,17263.870503
2088.687351,100,17283.848333
-256.274107,100,17284.5524
3438.458461,100,17285.154749
2014.564014,100,17285.710081
1117.987552,100,17286.296646
1101.309105,100,17286.856431
1591.799577,100,17287.40284
1814.485036,100,17287.97883
1489.209184,100,17288.528185
1378.49884,100,17289.07787
1848.985298,100,17289.567183
1866.013362,100,17289.844286
782.003453,100,17290.134755
3147.318069,100,17290.418159
-696.680634,100,17290.700142
2137.632017,100,17290.980796
1290.00447,100,17291.267473
1499.755905,100,17291.552621
1071.842301,100,17291.844211
717.722285,100,17292.125396
1690.674371,100,17292.405627
2092.473679,100,17315.615742
2674.389249,100,17315.898396
2272.648854,100,17316.198127
2228.531131,100,17316.484333
1257.09465,100,17316.754768
2433.411028,100,17317.036009
1406.959313,100,17317.297205
301.336542,100,17317.568749
1561.953119,100,17317.834052
2178.785032,100,17318.110655
3296.791419,100,17318.380039
1050.683627,100,17318.652335
612.323123,100,17318.932067
618.860641,100,17319.211064
2773.041883,100,17319.487151
1346.590455,100,17319.770574
1945.694691,100,17320.044461
2093.644661,100,17320.313721
2426.569769,100,17320.585138
2220.994268,100,17320.856363
2321.663591,100,17342.728088
586.402999,100,17343.305898
1786.712228,100,17343.880198
1555.569514,100,17344.450026
-120.484883,100,17345.43327
2769.19996,100,17346.366512
1034.927429,100,17347.461656
1025.874213,100,17348.114031
1535.82894,100,17348.925186
771.141996,100,17349.402123
1625.890898,100,17349.759614
933.003661,100,17350.484022
1824.488655,100,17351.043345
2285.237172,100,17351.597173
2037.077738,100,17352.150671
2032.417463,100,17352.695153
1045.652305,100,17353.243304
2151.319845,100,17353.815767
2006.28402,100,17354.40804
1414.856178,100,17354.964939
3169.720846,100,17355.549494
2156.012651,100,17376.842672
1103.435834,100,17377.416467
2484.370622,100,17377.986709
2664.85105,100,17378.572644
1100.368349,100,17379.147326
854.77316,100,17379.716566
2301.864718,100,17380.283771
723.561393,100,17380.853886
1401.32126,100,17381.421772
799.513123,100,17381.982749
865.302949,100,17382.542379
2646.292443,100,17383.109461
2285.652949,100,17383.689495
743.38568,100,17384.271585
1711.210427,100,17384.846595
1538.33542,100,17385.40426
2487.00195,100,17385.969692
580.917459,100,17386.989359
1143.394058,100,17387.966651
1451.548284,100,17388.639159
1095.455516,100,17411.652853
2707.88144,100,17412.319164
2078.158561,100,17413.000441
3239.423772,100,17413.596949
722.13207,100,17414.161124
1696.393069,100,17414.723411
1496.832751,100,17415.266857
2526.849937,100,17415.806808
1810.594299,100,17416.366898
2183.260751,100,17416.922831
1371.130728,100,17417.46951
2023.884714,100,17418.025473
1808.529911,100,17418.580855
1812.892235,100,17419.140299
2486.23691,100,17419.688419
1783.471061,100,17420.229759
1977.049137,100,17420.794143
2351.060282,100,17421.361477
1585.882157,100,17421.916465
1021.978618,100,17422.467201
2541.882185,100,17423.011748
2110.160775,100,17448.607406
762.777886,100,17449.175826
1775.487971,100,17449.742958
633.904997,100,17450.305152
1523.922604,100,17450.868318
2075.545255,100,17451.424379
1240.70702,100,17451.991633
942.540768,100,17452.547842
933.062578,100,17453.108214
1658.353256,100,17453.698289
1378.255375,100,17454.279387
2086.032983,100,17454.860736
2330.3211,100,17455.427667
1520.679481,100,17455.990614
2333.866082,100,17456.556586
2107.299589,100,17457.117267
-866.076904,100,17457.671811
2277.751611,100,17458.234338
947.994958,100,17458.805045
2891.423439,100,17459.364894
1017.604928,100,17483.24417
295.712867,100,17483.908408
1836.036796,100,17484.525353
1935.878897,100,17485.105777
-687.164227,100,17485.666896
1980.718942,100,17486.223296
2542.210621,100,17486.776376
2032.002753,100,17487.335936
-870.598691,100,17487.893772
1731.235927,100,17488.446678
2162.274254,100,17489.01831
1379.796844,100,17489.576686
1796.792159,100,17490.141964
1176.778511,100,17490.695254
640.516032,100,17491.2577
1457.00312,100,17491.814834
2067.62997,100,17492.378464
1207.120882,100,17492.937221
1822.82637,100,17493.494074
3018.556282,100,17494.071569
1594.453015,100,17494.650532
1954.999182,100,17518.603772
1739.00934,100,17519.246677
1814.893402,100,17519.838349
1216.60772,100,17520.389529
2358.042774,100,17520.94069
616.278589,100,17521.494983
1067.463873,100,17522.067754
2521.83797,100,17522.619997
1525.865379,100,17523.169128
1430.142941,100,17523.764467
907.560985,100,17524.324319
1391.736038,100,17524.902889
2303.821651,100,17525.455738
1182.07194,100,17526.006041
878.275809,100,17526.561203
2445.465143,100,17527.111382
507.809784,100,17527.661602
1323.920693,100,17528.260222
-390.812011,100,17528.860199
2475.132181,100,17529.429734
1680.797692,100,17551.317756
1171.389699,100,17551.926995
2299.348673,100,17552.49299
1495.616653,100,17553.052807
1438.628145,100,17553.611396
2278.113202,100,17554.19215
1135.797067,100,17554.762372
343.51407,100,17555.314138
2195.546417,100,17555.867894
2607.830771,100,17556.426494
-336.66655,100,17557.002634
380.513754,100,17557.5584
1844.10758,100,17558.114388
2071.695433,100,17558.669367
1596.313742,100,17559.413131
2000.308195,100,17559.704697
2369.321814,100,17559.986172
4.524923,100,17560.791182
1244.259983,100,17561.245091
2034.754233,100,17561.682925
1384.910359,100,17562.226692
2367.276944,100,17584.872129
2129.908749,100,17585.439499
954.859907,100,17586.000377
996.099748,100,17586.582999
1412.45165,100,17587.17415
281.703006,100,17587.757064
1571.452581,100,17588.340041
1236.423142,100,17588.9054
2275.728137,100,17589.472653
-269.86906,100,17590.030362
1907.103391,100,17590.60375
1634.348615,100,17591.163831
888.293924,100,17591.731009
2428.640353,100,17592.314753
1890.004896,100,17592.882779
-11.299837,100,17593.43761
2876.078981,100,17594.015416
1160.060418,100,17594.596086
2575.292274,100,17595.15673
1950.1953,100,17595.719401
1723.832442,100,17616.782044
270.458285,100,17617.355395
1402.537275,100,17618.355524
856.304795,100,17618.995364
2519.588646,100,17620.109058
2321.937197,100,17621.020492
2229.034315,100,17621.711252
-225.928676,100,17622.656879
2141.953889,100,17623.273805
1756.407409,100,17623.890332
1873.880688,100,17624.45017
-5.24612,100,17625.007644
2505.869602,100,17625.547724
2186.95361,100,17626.116432
456.549119,100,17626.664795
1297.585802,100,17627.208554
2050.779117,100,17627.750371
2015.918667,100,17628.287973
1358.390761,100,17628.831403
2061.559758,100,17629.374141
1398.5719,100,17629.93907
2731.132974,100,17653.135733
2532.149972,100,17654.35957
769.279311,100,17654.642476
1818.753225,100,17654.903492
2088.0948,100,17655.172087
-222.327358,100,17655.439071
912.726371,100,17685.49408
927.214562,100,17685.770001
1918.235419,100,17686.049692
1903.426659,100,17686.328421
1589.022571,100,17686.606261
1047.884674,100,17686.878006
1439.469188,100,17687.150245
1473.151063,100,17687.42827
1892.415688,100,17687.70265
2439.8479,100,17687.980042
2561.117055,100,17688.251466
1777.06524,100,17688.523532
1360.607526,100,17688.80232
1602.28268,100,17689.131735
2433.215958,100,17711.438807
1655.300227,100,17712.015691
1482.893726,100,17712.576334
2030.122678,100,17713.16579
2856.407997,100,17713.730224
1826.091804,100,17714.315113
1966.985297,100,17714.881438
3154.23732,100,17715.440047
2569.587452,100,17716.002891
1141.752604,100,17716.56337
1173.697591,100,17717.132219
1176.461936,100,17717.697432
2219.823655,100,17718.274485
1233.328364,100,17718.83682
1662.036749,100,17719.404351
1513.570983,100,17719.97148
1027.021175,100,17720.554575
-2198.502663,100,17721.379777
1603.627906,100,17721.726777
466.770456,100,17722.475203
929.958132,100,17722.876488
1658.804941,100,17745.379143
1953.014228,100,17745.946226
599.592742,100,17746.502726
1942.234658,100,17747.059582
2171.39386,100,17747.630788
3075.679796,100,17748.198613
2038.275255,100,17748.752634
1627.512495,100,17749.311711
1891.690112,100,17749.876383
1314.067693,100,17750.458369
2617.882066,100,17751.023748
2312.152116,100,17751.585704
2044.486873,100,17752.151857
2664.45135,100,17752.719374
2308.923385,100,17753.295147
2239.903313,100,17753.872636
425.133209,100,17754.454534
1717.554184,100,17755.015432
-141.380962,100,17755.573088
1299.540592,100,17756.128269
976.654691,100,17780.887744
2754.839866,100,17781.461968
1969.431941,100,17782.025257
2284.696536,100,17782.595789
-642.38037,100,17783.147364
1861.177645,100,17783.705712
2196.699947,100,17784.391859
1359.443452,100,17784.959267
1437.080168,100,17785.515268
1152.068388,100,17786.075718
1267.71079,100,17786.634316
2576.96277,100,17787.187264
1864.010833,100,17787.743696
1624.580971,100,17788.327997
2384.070803,100,17788.889302
1617.792047,100,17789.449401
1730.311598,100,17790.034059
2449.187218,100,17790.633871
612.027726,100,17791.214588
886.589045,100,17791.778676
2475.898925,100,17792.339979
1194.573022,100,17816.130658
1400.889845,100,17816.473193
1570.91545,100,17816.816461
2184.506682,100,17817.236992
2452.585787,100,17817.650835
1596.721521,100,17817.9371
1511.228301,100,17818.237668
3252.257697,100,17818.531772
1730.812312,100,17818.82558
1247.687532,100,17819.113885
2289.88978,100,17819.412275
2472.418696,100,17819.702575
1129.710519,100,17820.024406
1756.968611,100,17820.328564
1843.069029,100,17820.669831
66.814273,100,17820.9604
2278.030537,100,17821.260711
3046.597575,100,17821.559304
1527.848193,100,17821.865972
2261.02176,100,17822.16426
2392.318452,100,17843.971859
1450.219466,100,17844.574808
2116.352957,100,17845.164422
2572.366277,100,17845.733807
800.402472,100,17846.290842
-301.893458,100,17846.850298
1479.222713,100,17847.40942
2956.096628,100,17848.350123
851.064677,100,17848.640853
1531.565714,100,17849.537757
1422.598264,100,17850.533951
2709.858683,100,17851.653447
2049.421566,100,17852.344879
1903.186916,100,17852.962335
1808.775759,100,17853.47445
1636.23989,100,17853.785997
803.241675,100,17854.105522
2718.313898,100,17854.423642
498.080916,100,17854.939063
1416.729474,100,17855.50944
2381.807174,100,17856.066378
2765.427594,100,17877.441581
2660.465909,100,17877.990265
2050.278949,100,17878.539338
1728.273439,100,17879.083788
2672.918721,100,17879.629895
2682.934387,100,17880.185534
587.565309,100,17880.737417
595.596393,100,17881.284159
2286.662859,100,17881.832215
765.785718,100,17882.383486
1640.726155,100,17882.933309
1920.495054,100,17883.481211
397.078825,100,17884.043778
2306.188198,100,17884.606931
2047.851082,100,17885.172685
1480.097016,100,17885.721232
1709.538089,100,17886.269572
1654.400148,100,17886.816304
1950.577234,100,17887.361069
875.559061,100,17887.907468
-1049.167661,100,17912.437022
826.104762,100,17913.012144
1729.137057,100,17913.576195
1866.601561,100,17914.151289
199.666909,100,17914.725579
2407.788146,100,17915.303688
2093.762075,100,17915.864395
613.899702,100,17916.423337
437.611315,100,17916.988476
2837.462724,100,17917.547817
1961.210965,100,17918.106859
2249.04376,100,17918.66677
1065.364313,100,17919.226421
2426.623139,100,17919.797361
1527.990193,100,17920.357843
-1035.25683,100,17920.928552
2411.788965,100,17921.492695
1166.185691,100,17922.055785
1148.238362,100,17922.61854
-2048.465466,100,17923.172343
1880.53355,100,17923.733122
2598.384688,100,17948.189996
2065.365352,100,17948.747341
1132.86235,100,17949.289675
2196.462481,100,17949.840505
688.874949,100,17950.38254
1440.108503,100,17950.973399
1457.224493,100,17951.588811
950.450047,100,17952.151426
683.447948,100,17952.709532
1229.081251,100,17953.256743
2463.755501,100,17953.808397
1733.525066,100,17954.378873
1413.362981,100,17954.933453
1827.224741,100,17955.481443
164.745621,100,17956.037854
-129.739649,100,17956.595938
2187.388266,100,17957.147673
2311.622419,100,17957.69723
1602.281644,100,17958.243179
1302.085263,100,17958.80625
175.030288,100,17980.581341
1793.751718,100,17981.15751
1474.485774,100,17982.101439
2016.342744,100,17983.051399
1345.456658,100,17984.963418
2408.914843,100,17985.731628
1902.474769,100,17986.363425
3737.579177,100,17987.003696
2008.878081,100,17987.986463
1381.337013,100,17988.570722
2416.975157,100,17989.141894
1225.388397,100,17989.714005
-447.28359,100,17990.279188
2737.012643,100,17990.864251
154.451462,100,17991.433575
2393.590418,100,17992.023887
2193.977279,100,17992.628752
1372.234308,100,17993.236628
2177.875553,100,17993.825049
1280.434977,100,17994.410616
1498.460207,100,17994.977796
3164.043624,100,18016.854275
909.005181,100,18017.409712
2883.295306,100,18017.959215
1394.889338,100,18018.502358
2466.821378,100,18019.051598
1033.60076,100,18019.595408
1260.883889,100,18020.14703
2154.277409,100,18020.710424
1017.877628,100,18021.256227
2665.759091,100,18021.810796
2040.365826,100,18022.362074
843.473649,100,18022.917296
2666.726539,100,18023.480967
895.784905,100,18024.050049
1151.332673,100,18025.359713
3315.296958,100,18026.028754
1291.575927,100,18026.904431
3113.540156,100,18027.632222
974.53183,100,18028.225996
2052.537225,100,18028.832325
1953.068949,100,18050.916152
2774.173219,100,18051.483585
2115.970544,100,18052.054561
1286.276916,100,18052.618876
404.330897,100,18053.193743
1620.274971,100,18053.752214
2247.837825,100,18054.328116
-466.6344,100,18054.887787
609.059767,100,18055.438734
1870.22696,100,18055.998789
1290.750623,100,18056.561069
2544.457072,100,18057.137328
1597.098505,100,18057.682647
2265.543652,100,18058.228433
1891.164057,100,18058.773791
2705.791989,100,18059.322447
2750.262215,100,18059.881642
2229.183489,100,18060.433037
1872.125956,100,18060.977644
2207.30493,100,18061.520441
288.451779,100,18062.06877
783.326487,100,18085.974025
1774.214254,100,18086.572965
421.161381,100,18087.148077
961.644654,100,18087.705147
1992.06385,100,18088.258316
2048.282568,100,18088.818583
2230.549014,100,18089.377789
1681.600554,100,18089.938676
1881.029999,100,18090.506438
1600.684562,100,18091.046061
2732.414402,100,18091.590413
2433.462048,100,18092.137306
2349.517511,100,18092.701625
1881.484088,100,18093.254765
780.80546,100,18093.88509
2817.672165,100,18094.526003
1994.446777,100,18095.098867
1637.226892,100,18095.650087
1618.124003,100,18096.195718
1134.225111,100,18096.752629
-1223.094769,100,18120.34058
1951.715524,100,18120.984093
2454.603682,100,18121.583761
1028.620292,100,18122.194992
-238.846848,100,18122.798835
1057.525823,100,18123.345747
2777.957956,100,18123.908368
-33.026089,100,18124.477139
1374.80417,100,18125.029953
1066.893841,100,18125.571068
771.55498,100,18126.144002
947.396629,100,18126.689042
1640.864665,100,18127.268805
1664.284253,100,18127.857875
1897.573855,100,18128.43301
1075.982206,100,18128.990639
1847.374969,100,18129.546646
2370.797957,100,18130.104486
2078.621743,100,18130.663287
1810.715201,100,18131.210814
2061.276786,100,18150.736357
467.019757,100,18151.312728
3327.042774,100,18151.8717
1502.963837,100,18152.453331
2637.699382,100,18153.013391
1299.138423,100,18153.564421
244.960269,100,18154.140262
2420.351773,100,18154.709173
-452.837425,100,18155.262045
2126.013804,100,18155.815526
1029.233279,100,18156.366645
1797.763277,100,18156.918636
2375.139619,100,18157.475966
2013.071381,100,18158.047528
855.432396,100,18159.115707
1350.532157,100,18159.829525
1902.573923,100,18160.948574
1558.485706,100,18161.958808
2144.451283,100,18163.477889
3064.416475,100,18164.199212
1675.963961,100,18164.806071
703.23862,100,18186.691158
599.21866,100,18187.255434
3147.945126,100,18187.83558
248.323816,100,18188.402506
2634.120846,100,18188.969983
1681.289325,100,18189.535072
1775.218246,100,18190.113891
1960.364967,100,18190.703284
952.847778,100,18191.254463
2040.556631,100,18191.811226
1739.295414,100,18192.363446
969.650935,100,18192.924619
1027.062457,100,18193.479083
1403.401081,100,18194.049851
2269.428868,100,18194.627985
2066.414282,100,18195.180214
1832.491721,100,18195.729978
2935.427317,100,18196.282371
854.313803,100,18196.848753
2765.663517,100,18197.407716
903.10078,100,18220.997951
1981.390583,100,18221.31925
1519.231167,100,18221.616186
311.025936,100,18221.904788
2068.19886,100,18222.190277
1266.290884,100,18222.484714
1524.433005,100,18222.809705
2093.478249,100,18223.094337
1838.163538,100,18223.380856
1282.216661,100,18223.674803
3003.318053,100,18223.972083
1078.568096,100,18224.281292
2142.235829,100,18224.580884
2938.639752,100,18224.866889
1227.902308,100,18225.145027
987.146952,100,18225.43955
2220.281841,100,18225.715697
2762.819817,100,18225.987845
2142.550393,100,18226.265344
2062.195484,100,18226.546039
575.965835,100,18226.82675
2394.053366,100,18249.670582
2667.322753,100,18250.238726
1017.495187,100,18250.802395
382.361806,100,18251.357987
2848.906762,100,18251.910631
2625.439078,100,18252.475506
1627.763811,100,18253.041815
939.591881,100,18253.632457
2761.702023,100,18254.256317
-617.815744,100,18254.86794
2161.211894,100,18255.434338
1876.809015,100,18255.993852
1087.460738,100,18256.556989
2364.712356,100,18257.116367
1775.036817,100,18257.677279
1172.047186,100,18258.229255
1718.850114,100,18258.832882
1944.409642,100,18259.385264
38.253686,100,18259.947818
1178.261881,100,18260.506756
2939.287539,100,18281.808484
872.179393,100,18282.388993
1650.33556,100,18282.996353
2164.621514,100,18283.559705
1261.683798,100,18284.133459
1666.517277,100,18284.883358
2188.999946,100,18285.517687
2668.995477,100,18285.825898
2424.937545,100,18286.518401
2232.028409,100,18286.951784
1296.359443,100,18287.847934
2294.266691,100,18288.593814
2790.834624,100,18289.207997
412.327602,100,18289.850462
2518.523867,100,18290.614363
2104.774443,100,18291.197998
1586.007643,100,18291.785053
2846.062237,100,18292.349284
1825.186409,100,18292.930491
1542.960904,100,18293.503814
2656.107688,100,18294.087448
1974.476679,100,18315.860345
2902.29798,100,18316.432608
774.712645,100,18316.992291
378.637336,100,18317.5513
633.344926,100,18318.105981
187.668861,100,18318.666255
1535.567008,100,18319.22722
2611.94127,100,18319.785269
2115.868368,100,18320.348762
461.071263,100,18320.90853
704.364951,100,18321.470943
3238.679734,100,18322.021818
911.784388,100,18322.603379
1703.528024,100,18323.163817
2810.977022,100,18323.738954
493.113925,100,18324.311856
1860.196969,100,18324.873345
-722.526841,100,18325.446964
-408.313241,100,18326.007773
1852.628351,100,18326.567435
2505.4331,100,18350.155273
1513.509387,100,18350.736857
149.744715,100,18351.308859
3213.001063,100,18351.867696
1763.292009,100,18352.419303
1040.618075,100,18352.980177
-233.259912,100,18353.536852
3099.42214,100,18354.117077
1163.153551,100,18354.698526
1107.773496,100,18355.262333
718.455684,100,18355.820781
699.396507,100,18356.38062
2554.543763,100,18356.933838
2249.022037,100,18357.489144
625.29763,100,18358.051444
943.987365,100,18358.617725
1387.811522,100,18359.176775
794.114214,100,18359.776427
2493.130161,100,18360.331892
1645.61632,100,18360.891752
2173.244929,100,18361.445282
208.837453,100,18384.442139
1043.62304,100,18384.73572
1610.624724,100,18385.017299
1718.982693,100,18385.291636
1168.944256,100,18385.568515
2196.495358,100,18385.832457
1984.06396,100,18386.103856
402.24471,100,18386.369547
2094.65085,100,18386.638607
1679.030748,100,18386.902217
2891.534316,100,18387.167695
-527.831841,100,18387.441186
2254.096366,100,18387.705875
146.660821,100,18387.967786
1761.449028,100,18388.24567
1762.885065,100,18388.519307
2473.459279,100,18388.785274
1322.643092,100,18389.053247
1451.278338,100,18389.330115
3239.711381,100,18389.618255
1153.382403,100,18409.132008
1930.386767,100,18409.710433
1946.412692,100,18410.267417
1926.005436,100,18410.848286
1090.572913,100,18411.394861
-180.136804,100,18411.93824
814.450997,100,18412.936171
593.357238,100,18413.302938
2115.993011,100,18413.778739
3283.666841,100,18414.75454
2185.983085,100,18415.444288
2400.693277,100,18416.054736
2484.3913,100,18416.827308
3126.591108,100,18417.710472
652.155452,100,18418.368448
54.910551,100,18418.938813
244.207935,100,18419.499089
1515.729181,100,18420.089451
1152.878114,100,18420.653327
-802.428399,100,18421.205312
2233.771364,100,18421.760384
1939.263257,100,18444.878968
-730.528322,100,18445.176501
1192.459916,100,18445.460176
1631.23367,100,18445.747385
2727.951044,100,18446.02958
301.64731,100,18446.30142
2852.660745,100,18446.575964
213.819023,100,18446.85012
1430.674787,100,18447.113672
3123.820898,100,18447.385745
2537.477642,100,18447.656359
1853.385288,100,18447.924016
1625.509385,100,18448.189235
731.046912,100,18448.460743
2090.552974,100,18448.781039
286.044333,100,18449.120689
1558.859429,100,18449.426969
708.026465,100,18449.731366
2493.951563,100,18450.035931
1580.894673,100,18450.344378
1687.541728,100,18472.389704
1006.584615,100,18472.69987
1820.644615,100,18472.980481
1980.117115,100,18473.261242
1625.113048,100,18473.539639
852.755896,100,18473.850828
1661.810982,100,18474.17906
878.742225,100,18474.482093
1026.745005,100,18474.771827
1926.817137,100,18475.054146
954.70775,100,18475.333336
1634.433944,100,18475.608227
2020.151478,100,18475.891954
2002.868306,100,18476.173163
634.374224,100,18476.451128
1339.178201,100,18516.575846
2373.130045,100,18517.120068
1792.757044,100,18517.667148
2258.029909,100,18518.212231
2111.198197,100,18518.758369
941.56795,100,18519.299227
1855.926232,100,18542.73088
2024.652897,100,18543.629973
2185.201974,100,18544.052987
782.344949,100,18544.49634
2012.902598,100,18544.892888
2555.586524,100,18545.380212
2776.902138,100,18546.027014
3277.372843,100,18546.735724
2305.128999,100,18547.355318
1817.710832,100,18547.922621
1320.335749,100,18548.476093
2402.494916,100,18549.024277
1637.268426,100,18549.575426
2413.381847,100,18550.217295
1011.772705,100,18550.821812
2706.262522,100,18551.391297
2325.094239,100,18551.945683
1058.665423,100,18552.500108
2111.717185,100,18553.05899
383.72309,100,18553.639843
1455.51683,100,18575.465636
389.064732,100,18576.037571
1007.629091,100,18576.587647
-381.871968,100,18577.136696
2397.94879,100,18577.683482
1597.514521,100,18578.231557
1282.746756,100,18578.655889
1884.672928,100,18578.927147
-641.807835,100,18579.274761
1567.093957,100,18579.571813
2416.844918,100,18579.854628
2835.452381,100,18580.135387
3231.991381,100,18580.415259
2968.835369,100,18580.713005
2009.804875,100,18581.640948
1249.22899,100,18582.521816
152.708577,100,18583.729523
1916.745654,100,18584.508471
1396.761598,100,18585.364295
1621.657804,100,18585.970658
2997.319529,100,18586.96373
2790.614002,100,18608.71907
2199.92551,100,18609.277628
2626.884659,100,18609.830223
2348.148843,100,18610.377238
845.408982,100,18610.932968
904.873513,100,18611.487986
1794.264264,100,18612.04842
1866.117024,100,18612.600981
1845.788117,100,18613.150645
1181.781434,100,18613.713301
1340.275674,100,18614.283171
1943.194545,100,18614.849946
1520.422744,100,18615.403366
1417.616666,100,18615.955304
-290.297708,100,18616.502901
1400.438981,100,18617.071106
2365.03984,100,18617.617687
2376.461775,100,18618.16869
3154.833245,100,18618.719016
1957.318836,100,18619.266249
2439.844742,100,18641.499677
1990.542883,100,18641.82738
2076.520311,100,18642.109219
3191.368322,100,18642.388268
2247.771433,100,18642.653766
2388.263133,100,18642.924655
2315.792121,100,18643.194995
388.466825,100,18643.506197
1405.52113,100,18643.880241
2715.698051,100,18644.194523
1684.806349,100,18644.510788
2780.201403,100,18644.778543
2021.574475,100,18645.063396
2520.511814,100,18645.350734
2695.157872,100,18645.656195
2018.81303,100,18645.923458
2035.017176,100,18646.202648
1971.709637,100,18646.472356
2354.080252,100,18646.744516
1837.936097,100,18647.012642
-267.4956,100,18647.277001
584.634096,100,18667.509592
2212.643472,100,18668.5361
1816.637951,100,18669.383708
1235.114999,100,18669.987041
1737.107908,100,18670.820332
3484.885268,100,18671.774995
1260.399786,100,18672.410433
-214.533594,100,18672.997736
-1217.212095,100,18673.568074
1714.379086,100,18674.138707
2806.592767,100,18674.711978
1521.491949,100,18675.293396
3068.164106,100,18675.85026
2101.87107,100,18676.402576
2275.777743,100,18676.982111
1567.897,100,18677.579766
2260.428233,100,18678.144215
1577.52693,100,18678.700722
1197.460142,100,18679.264777
1522.229193,100,18679.832174
2118.341718,100,18701.88719
2739.237534,100,18702.469309
688.916136,100,18703.035858
1073.503735,100,18703.606898
1040.133045,100,18704.191103
1605.557445,100,18704.767941
2404.959886,100,18705.334566
2126.799605,100,18705.899858
1379.916678,100,18706.459334
1183.726942,100,18707.020735
2601.516798,100,18707.605812
776.660322,100,18708.387258
2754.420569,100,18708.680208
2307.650959,100,18709.074234
2471.32951,100,18709.84022
3141.22954,100,18710.349028
1181.03718,100,18710.849648
2365.44201,100,18711.363799
2282.449375,100,18711.967594
2601.666429,100,18712.680037
915.642212,100,18713.288044
2589.067043,100,18734.116464
1093.095547,100,18734.430623
1839.587385,100,18734.7145
1828.985604,100,18734.995186
1210.161904,100,18735.258209
976.905406,100,18735.550309
1344.695425,100,18735.81698
936.796446,100,18736.115216
1766.165895,100,18736.393724
83.226146,100,18736.666483
1499.618254,100,18736.930085
2773.367006,100,18737.210392
1812.354431,100,18737.489664
373.631582,100,18737.76771
2821.520072,100,18738.046988
1977.76778,100,18738.367201
1549.267496,100,18738.653597
1614.698026,100,18738.925966
1803.381681,100,18739.203678
1018.671679,100,18739.4793
756.573143,100,18762.746022
599.755124,100,18763.352489
1309.370303,100,18763.918066
2625.815562,100,18764.496975
1574.184987,100,18765.073937
1407.83217,100,18765.643365
1751.061354,100,18766.198647
-271.821141,100,18766.747836
1850.809405,100,18767.298431
2389.700025,100,18767.843051
607.39343,100,18768.38861
1113.542854,100,18768.933652
3015.63748,100,18769.487495
1417.73937,100,18770.035374
1861.946124,100,18770.580351
2931.305423,100,18771.135189
1143.797093,100,18771.679703
2104.98766,100,18772.226402
2265.599844,100,18772.769823
1885.026201,100,18773.330412
133.881344,100,18773.887553
1735.157565,100,18797.421065
1469.228653,100,18798.057386
2640.677063,100,18798.672702
3091.130302,100,18799.235725
1096.416498,100,18799.78125
2196.724428,100,18800.32833
1882.144756,100,18800.872083
1430.182652,100,18801.421636
1585.429812,100,18801.965457
1155.303427,100,18802.520307
1606.902444,100,18803.067134
750.51145,100,18803.72047
2343.550334,100,18804.362085
1819.184398,100,18804.945886
1965.463426,100,18805.50207
1980.409187,100,18806.055662
1018.003302,100,18806.60916
1374.667245,100,18807.168637
2165.00074,100,18807.725628
593.744639,100,18808.275887
2006.360328,100,18830.231439
2097.401317,100,18830.798745
848.558444,100,18831.359885
2585.868158,100,18831.915885
2517.358981,100,18832.477733
2003.017759,100,18833.03468
2980.107243,100,18833.633261
596.804777,100,18834.230414
2469.536449,100,18835.095386
231.855101,100,18835.488475
904.832349,100,18835.827515
1111.761268,100,18836.786373
313.724481,100,18837.742007
1491.772951,100,18838.52275
809.987987,100,18839.231364
2190.243014,100,18839.949791
2469.46263,100,18840.540677
444.394325,100,18841.091522
688.8518,100,18841.636393
2377.587805,100,18842.178721
257.058314,100,18842.72232
798.243298,100,18865.713943
1631.537671,100,18866.301897
3616.37789,100,18866.865427
-401.360177,100,18867.419783
1476.343432,100,18867.975095
2142.876114,100,18868.534122
2092.374019,100,18869.080793
2061.853844,100,18869.34172
2391.860852,100,18869.609562
3508.19994,100,18869.883673
-585.058125,100,18870.15602
1673.199865,100,18870.420833
2039.378943,100,18870.685241
2143.385989,100,18870.94613
1631.024723,100,18871.213742
2047.596217,100,18871.477273
1386.618385,100,18871.743744
2808.231885,100,18872.007936
1406.239616,100,18872.274138
2550.812662,100,18872.541118
1890.222367,100,18895.558271
593.266029,100,18896.129228
216.24173,100,18896.706202
-285.209036,100,18897.263947
1508.779642,100,18897.816813
2108.996868,100,18898.376974
1440.548119,100,18898.940286
2630.951334,100,18899.493336
-31.757088,100,18900.050833
1567.501198,100,18900.61196
1247.59876,100,18901.172894
3201.595467,100,18901.740182
395.146939,100,18902.298862
766.897938,100,18902.866081
2257.827904,100,18903.430773
1658.292522,100,18904.027529
1117.363144,100,18904.618978
308.711725,100,18905.186236
2862.249076,100,18905.749421
2239.764088,100,18906.310231
1753.655492,100,18906.637532
1979.870228,100,18929.279176
1224.911822,100,18929.840554
1150.663349,100,18930.428225
3127.200657,100,18931.022996
1413.554559,100,18931.596481
2375.265957,100,18932.157819
3383.851048,100,18932.71532
1422.515743,100,18933.273353
2390.63744,100,18933.687098
2144.593956,100,18934.031956
2228.823686,100,18934.316191
1515.833593,100,18934.599237
1394.087643,100,18934.882719
1447.082775,100,18935.144213
-105.197439,100,18935.412116
1606.434808,100,18935.671782
1131.119358,100,18935.946398
2939.693329,100,18936.208215
2242.660418,100,18936.474705
2790.964468,100,18936.759312
1326.904581,100,18957.476941
1579.006337,100,18958.041714
1223.725398,100,18958.599047
2291.853965,100,18959.153849
2047.76925,100,18959.71003
1528.732518,100,18960.262095
1539.067713,100,18960.818118
2780.55668,100,18961.777813
1113.898528,100,18962.063658
2128.385218,100,18962.419722
2372.283934,100,18962.885803
1901.719879,100,18963.964807
1314.265852,100,18964.658809
2274.688882,100,18965.44238
1290.79462,100,18966.200717
1685.709375,100,18967.115646
1498.640164,100,18967.839207
2281.398817,100,18968.410281
3245.893285,100,18968.971231
1405.610897,100,18969.555155
1512.945545,100,18991.09851
430.421262,100,18991.385569
-193.044541,100,18991.690096
2010.061771,100,18991.955336
-282.037877,100,18992.220237
1429.093656,100,18992.481232
2313.190164,100,18992.751774
1743.656702,100,18993.018157
1719.544333,100,18993.279072
1801.355384,100,18993.554596
1449.902122,100,18993.846738
2517.293801,100,18994.133142
1142.570351,100,18994.413502
1982.299591,100,18994.689042
2711.37038,100,18994.951436
2398.038763,100,18995.223536
627.619906,100,18995.479434
1380.787103,100,18995.741382
2982.062693,100,18996.015159
2389.714966,100,18996.271717
3009.505213,100,18996.544784
1545.359625,100,19019.759611
2481.005922,100,19020.328462
1880.097313,100,19020.890465
2645.647353,100,19021.444722
1790.789714,100,19021.999195
1325.46927,100,19022.559896
1430.674787,100,19023.111219
-413.540912,100,19023.667631
2157.744593,100,19024.312765
2276.585727,100,19024.890987
1806.217511,100,19025.441734
878.460797,100,19026.031519
1761.358385,100,19026.586572
1725.870812,100,19027.125499
-1097.165033,100,19027.381207
1956.037256,100,19027.654326
1830.010622,100,19027.908774
187.305407,100,19028.173437
2356.348885,100,19028.439716
611.855267,100,19028.704812
225.04528,100,19051.217808
-253.686858,100,19051.577257
1414.773843,100,19051.939492
381.250303,100,19052.307951
1820.933785,100,19053.253385
2198.203189,100,19053.608961
1635.71147,100,19053.93529
1432.671548,100,19054.237888
1856.101374,100,19054.54565
56.761211,100,19054.825828
2562.776502,100,19055.097043
2155.476168,100,19055.44354
2870.669217,100,19055.729327
1014.556725,100,19056.027414
1853.218459,100,19056.299991
2616.641935,100,19056.59073
1205.757138,100,19056.899242
2599.340917,100,19057.245076
-410.559903,100,19057.723197
2054.242554,100,19058.07559
2221.419817,100,19058.439359
88.329104,100,19080.219749
1702.606993,100,19080.783638
712.801968,100,19081.338181
1416.969028,100,19081.896703
1016.355259,100,19082.447646
1006.300882,100,19082.996702
62.651637,100,19083.547252
26.801557,100,19084.201201
-1171.261708,100,19084.797884
2228.435959,100,19085.349832
1542.444805,100,19085.908223
2346.696426,100,19086.466702
2528.50935,100,19087.021284
2581.513265,100,19087.603466
2305.00559,100,19088.160507
344.053392,100,19089.052853
614.876966,100,19089.349226
2053.119156,100,19089.756417
644.667295,100,19090.089841
1939.263138,100,19091.364825
2620.350199,100,19113.588869
1735.047537,100,19114.21437
1945.39448,100,19114.796361
1032.911551,100,19115.356761
1113.639604,100,19115.92376
2887.259278,100,19116.508131
2257.731584,100,19117.065796
1050.572154,100,19117.632253
-20.647588,100,19118.188297
1675.603296,100,19118.749416
1171.741274,100,19119.299749
855.292984,100,19119.87023
2903.194782,100,19120.438813
1573.262779,100,19120.998778
2262.347719,100,19121.557881
454.649444,100,19122.127368
2440.144926,100,19122.700814
3040.248693,100,19123.254721
2867.723791,100,19123.81432
774.366851,100,19124.404405
398.594801,100,19124.964339
723.150004,100,19149.108553
1359.801478,100,19149.678339
2402.375953,100,19150.236775
2633.771493,100,19150.793822
2809.542858,100,19151.360141
217.785389,100,19151.912684
670.970669,100,19152.481982
366.295764,100,19153.037465
1596.394279,100,19153.595131
2698.920001,100,19154.206069
1516.826494,100,19154.779114
2447.525666,100,19155.333818
1282.36992,100,19155.891364
2024.891836,100,19156.452796
2658.843527,100,19157.021492
2819.825011,100,19157.594358
2411.23498,100,19158.170652
599.019546,100,19158.730303
-214.843892,100,19159.285204
2787.162684,100,19159.844224
944.151952,100,19183.018021
1421.732051,100,19183.308094
1812.917808,100,19183.699879
2334.899943,100,19184.324869
2150.899747,100,19184.973451
1636.066034,100,19185.533335
700.595149,100,19186.080418
1943.936374,100,19186.631465
2619.339517,100,19187.214259
1456.106745,100,19187.771251
418.418076,100,19188.321456
2519.898211,100,19188.876215
1583.784743,100,19189.432712
2848.830219,100,19189.982667
1305.827632,100,19190.540201
2203.079239,100,19191.093545
1860.480185,100,19191.653101
1631.79848,100,19192.215829
2549.207322,100,19192.771035
1941.195746,100,19193.318135
3268.379976,100,19193.879354
1496.944315,100,19214.675333
1599.286081,100,19215.892128
1473.542255,100,19216.873724
1316.054036,100,19217.836502
2668.691148,100,19218.606982
2251.259588,100,19219.231851
1399.120288,100,19220.109269
2033.287833,100,19220.482298
794.929161,100,19220.775559
1189.194977,100,19221.053019
1371.934552,100,19221.319677
1425.541768,100,19221.611115
2233.389833,100,19221.887755
2160.702315,100,19222.158818
265.497131,100,19222.43443
1409.3499,100,19222.707804
2180.958524,100,19222.981443
2392.643626,100,19223.291594
2610.994227,100,19223.586354
1356.279213,100,19223.884137
2299.526988,100,19244.866696
2732.486254,100,19245.456229
2020.839915,100,19246.041103
3246.421788,100,19246.613895
-73.472141,100,19247.18065
2138.977182,100,19247.761674
2354.899693,100,19248.346159
1828.874404,100,19248.919168
1537.719393,100,19249.478409
1746.679152,100,19250.033352
2750.90873,100,19250.594388
1683.497992,100,19251.157886
1216.818712,100,19251.716054
2511.58542,100,19252.27765
1789.839399,100,19252.845544
1411.493559,100,19253.409411
-296.2184,100,19254.007233
881.579631,100,19254.592455
2210.887153,100,19255.154819
2117.699292,100,19255.716445
302.600974,100,19256.278456
1199.002674,100,19280.536311
2943.910427,100,19281.095127
1929.957481,100,19281.642602
1607.088856,100,19282.193195
1089.94512,100,19282.744604
-221.089977,100,19283.292102
1665.866364,100,19283.921515
2466.247727,100,19284.5698
1298.969846,100,19285.124192
1043.295254,100,19285.675029
1369.317425,100,19286.224175
162.031233,100,19286.770875
2262.308823,100,19287.325293
2431.407587,100,19287.873164
2470.383053,100,19288.442523
2118.887688,100,19289.001079
2345.428315,100,19289.552246
1853.140573,100,19290.099289
2531.341153,100,19290.650681
1148.623456,100,19291.198777
1387.135876,100,19316.934016
879.301902,100,19317.511632
1291.812865,100,19318.067276
1881.047573,100,19367.865647
1499.64432,100,19368.417063
1327.10935,100,19368.982278
2214.720595,100,19369.546874
1335.267573,100,19370.107988
2194.819412,100,19370.665733
2744.981402,100,19371.223303
1043.102723,100,19371.777288
1942.884983,100,19372.338267
2457.408732,100,19372.891608
1403.534443,100,19373.463242
771.233518,100,19374.036993
1753.406811,100,19374.623264
1617.113487,100,19375.185973
209.460318,100,19375.747597
1547.985329,100,19376.344256
1580.83409,100,19376.901948
2568.40802,100,19377.461375
920.784658,100,19401.653158
2564.5314,100,19402.215755
2655.270029,100,19402.772982
1793.72315,100,19403.327675
1304.838368,100,19403.9
351.810656,100,19404.508575
2216.557199,100,19405.073092
1537.014608,100,19405.638658
1585.039881,100,19406.198531
1868.009613,100,19406.764353
2128.020547,100,19407.329797
2460.53459,100,19407.886337
2944.841159,100,19408.451359
1603.097277,100,19409.013622
1338.830992,100,19409.585812
2214.961826,100,19410.139743
2272.524101,100,19410.699793
1213.78004,100,19411.269038
2024.836562,100,19411.836279
1166.048909,100,19412.395635
625.369151,100,19435.243454
1770.228222,100,19435.824539
2017.965047,100,19436.381703
436.201451,100,19436.94378
2664.490635,100,19437.530019
764.800649,100,19438.137825
2511.950536,100,19438.701478
-195.640462,100,19439.261284
2836.056792,100,19439.830792
2155.099398,100,19440.385072
2720.741126,100,19440.955833
2590.850978,100,19441.51526
1089.083567,100,19442.073298
1525.403011,100,19442.64781
2227.423733,100,19443.202769
1413.512707,100,19443.768775
970.017393,100,19444.360186
2300.840043,100,19444.934466
2011.34593,100,19445.498462
1364.084542,100,19446.058388
1871.439772,100,19446.625372
3083.501356,100,19466.93743
590.573185,100,19467.491191
2907.17331,100,19468.039891
1206.772294,100,19468.814797
2041.283314,100,19469.118408
2010.279382,100,19469.518489
1232.675533,100,19469.854182
881.910922,100,19470.745136
1061.946653,100,19471.128435
2766.89768,100,19471.907529
2886.369355,100,19472.478242
2454.925536,100,19473.104773
98.145614,100,19473.716221
619.262188,100,19474.323753
1541.541213,100,19474.893726
1074.554634,100,19475.44779
2118.586827,100,19476.005669
805.402769,100,19476.563753
684.647126,100,19477.115829
1286.892052,100,19477.664215
10.525346,100,19498.563873
336.068857,100,19499.138039
2544.246793,100,19499.718107
1715.06517,100,19500.293842
2011.764771,100,19500.857715
1441.45455,100,19501.421462
1319.692859,100,19501.995129
2021.988021,100,19502.560503
1089.263958,100,19503.127876
1276.777859,100,19503.695783
1649.57018,100,19504.287782
3160.749748,100,19504.879807
1835.337132,100,19505.440553
1661.509003,100,19506.006387
1888.474169,100,19506.575456
2136.024607,100,19507.140378
508.051787,100,19507.705423
753.703327,100,19508.268949
1754.438514,100,19508.829812
3196.309823,100,19509.39339
3489.911224,100,19509.986832
1689.637833,100,19534.754543
2831.339892,100,19535.281516
1640.125279,100,19535.833194
2212.517372,100,19536.382734
1393.296679,100,19536.942323
1018.988544,100,19537.496366
2863.260437,100,19538.046874
1815.381876,100,19538.597964
2845.881315,100,19539.141819
-602.580813,100,19539.68996
1618.961962,100,19540.278348
523.462278,100,19540.835169
853.571287,100,19541.388724
842.679275,100,19541.936847
1364.4313,100,19542.48937
2081.501812,100,19543.037746
3173.733259,100,19543.586813
2044.550065,100,19544.172988
1002.232016,100,19544.747879
1391.86411,100,19545.300256
571.66031,100,19569.537468
2395.343737,100,19570.113641
812.630909,100,19570.685937
2331.625287,100,19571.233661
2075.22702,100,19571.789482
2716.427593,100,19572.342809
2951.435515,100,19572.890361
1285.749839,100,19573.442093
2434.096188,100,19574.057532
1351.57443,100,19574.681041
1684.331762,100,19575.232696
2914.191049,100,19575.779152
2515.942999,100,19576.331584
558.052395,100,19576.895929
3488.454963,100,19577.444946
1625.105055,100,19577.996291
1627.866235,100,19578.554691
2681.489514,100,19579.103988
150.848741,100,19579.658241
1879.517234,100,19580.208957
-1364.693005,100,19580.779459
1549.085978,100,19604.983878
704.500849,100,19605.279549
1435.380203,100,19605.60341
2762.019609,100,19605.948824
1993.060397,100,19606.332211
-706.068584,100,19606.654756
1241.387072,100,19606.930473
2533.140683,100,19607.196969
2045.189399,100,19607.462415
2699.849906,100,19607.727437
1056.624464,100,19607.990841
1863.947781,100,19608.250522
752.346618,100,19608.525778
1648.281256,100,19608.800129
895.72964,100,19609.068135
2821.639931,100,19609.331174
2002.470407,100,19609.59817
130.568169,100,19609.868546
1711.152444,100,19610.144895
1507.141557,100,19610.429877
1402.474233,100,19632.213901
2211.964908,100,19632.787232
988.17797,100,19633.341237
2094.429593,100,19633.923059
2034.720576,100,19634.506987
-853.523606,100,19635.075417
1095.315007,100,19635.631705
2423.544754,100,19636.209891
22.826098,100,19637.170801
-440.810228,100,19638.082294
2186.16326,100,19639.358435
1756.935718,100,19640.397625
2209.634857,100,19641.118668
2054.501038,100,19641.756013
1472.936656,100,19642.416084
1698.001648,100,19642.743386
2656.563527,100,19643.025887
2749.596588,100,19643.294161
874.021138,100,19643.604813
2654.328633,100,19643.918788
245.602244,100,19644.196515
859.87023,100,19665.933567
-281.88822,100,19666.499515
3134.454965,100,19667.053216
2456.670234,100,19667.60709
617.400202,100,19668.158351
1745.901378,100,19668.710384
2409.409671,100,19669.256761
-283.40331,100,19669.829804
2173.674148,100,19670.379174
170.73181,100,19670.953252
2480.185493,100,19671.515597
1292.005644,100,19672.087002
-413.033651,100,19672.662462
1930.44504,100,19673.232736
2203.800263,100,19673.819183
1553.271572,100,19674.411071
3168.515819,100,19675.022287
2762.149866,100,19675.60077
864.01286,100,19676.17446
2067.795842,100,19676.752228
2180.101766,100,19702.856753
2786.340688,100,19703.430209
1422.870951,100,19704.003093
1092.607262,100,19704.58288
283.7027,100,19705.145809
532.523072,100,19705.707652
578.745447,100,19706.261268
590.213492,100,19706.819699
1258.663693,100,19707.372856
3600.742556,100,19707.929749
2915.908458,100,19708.490708
581.792881,100,19709.107022
2229.930343,100,19709.700697
3280.307626,100,19710.275144
-92.448761,100,19710.855779
2381.902929,100,19711.416992
1813.015281,100,19712.032312
2953.176709,100,19712.693433
-1222.909579,100,19713.352169
1767.104907,100,19714.053564
2458.089259,100,19714.733129
1947.224998,100,19739.566894
1751.168323,100,19740.140017
2294.478553,100,19740.711831
2546.833658,100,19741.301939
2018.733604,100,19741.867648
2124.182125,100,19742.42885
3112.749086,100,19742.985232
2176.308372,100,19743.545738
3291.983869,100,19744.127495
728.227468,100,19744.704545
2395.50987,100,19745.262131
685.332312,100,19745.820734
1026.169673,100,19746.376282
2295.365719,100,19746.942394
2101.243475,100,19747.503753
2419.503566,100,19748.061211
2548.381203,100,19748.619131
293.84626,100,19749.182281
2650.377458,100,19749.74073
185.745086,100,19750.290899
1971.247289,100,19775.03844
1972.217695,100,19775.609335
4415.422945,100,19776.190898
1503.880223,100,19776.743836
1863.772257,100,19777.29941
1263.569163,100,19777.884825
1110.966095,100,19778.483063
1335.000963,100,19779.056035
3355.484373,100,19779.61373
456.916471,100,19780.185273
3658.865106,100,19780.747416
2799.758682,100,19781.327535
385.873562,100,19781.888031
1498.403311,100,19782.449301
782.695846,100,19783.009848
1809.447536,100,19783.566016
2952.151586,100,19784.157762
2059.982788,100,19784.734646
1802.766891,100,19785.298264
3683.408255,100,19785.860336
1685.27322,100,19786.420655
2420.34727,100,19808.496765
963.96521,100,19809.571931
2780.221231,100,19810.455602
2552.905834,100,19811.199388
2600.160172,100,19811.612383
1532.274869,100,19812.003062
3632.079929,100,19812.76872
2567.996478,100,19813.388965
683.918956,100,19814.209894
1830.325461,100,19815.13014
1283.35712,100,19815.683335
2639.5769,100,19816.235251
3267.661232,100,19816.799037
2785.99532,100,19817.359546
346.220558,100,19817.911484
2579.628461,100,19818.46327
2122.237993,100,19819.02155
1765.799577,100,19819.614246
1460.022882,100,19820.209688
3168.567047,100,19820.770965
2705.614743,100,19841.147292
1994.361474,100,19841.721298
2194.230771,100,19842.278713
2050.018166,100,19842.865304
1075.253507,100,19843.425367
842.412492,100,19843.996989
2090.126647,100,19844.574069
2092.779589,100,19845.146707
1574.918433,100,19845.725
2122.893044,100,19846.284797
3336.048802,100,19846.865357
2311.907611,100,19847.430389
1947.089167,100,19847.98877
1568.859347,100,19848.546634
1946.462884,100,19849.099373
1788.547431,100,19849.663631
1669.357958,100,19850.221298
2802.755146,100,19850.802466
2025.598003,100,19851.374415
1798.770938,100,19852.151873
2619.74656,100,19876.531781
1766.058975,100,19877.125653
1429.085846,100,19877.694382
1720.855676,100,19878.258228
940.82918,100,19878.843898
392.929315,100,19879.411093
-550.336589,100,19879.980556
1084.968812,100,19880.544255
1990.164513,100,19881.103784
1490.029885,100,19881.662424
1894.418482,100,19882.249454
2642.631426,100,19882.817744
2094.054716,100,19883.416964
2973.427146,100,19883.992546
2300.973008,100,19884.572958
2926.466625,100,19885.149084
2053.607526,100,19885.710012
1302.05932,100,19886.271528
1384.544453,100,19886.834527
1360.122301,100,19887.393713
2259.287211,100,19887.955775
2507.39787,100,19910.981755
2637.844961,100,19911.539738
2095.041433,100,19912.094458
2098.954299,100,19912.647209
1711.677188,100,19913.197733
1380.264759,100,19913.813535
2614.24135,100,19914.408787
1073.486502,100,19914.985371
1726.943622,100,19915.540993
860.071164,100,19916.099316
1848.410966,100,19916.661263
3264.480061,100,19917.216318
1241.667805,100,19917.775475
1793.625621,100,19918.34735
960.485875,100,19918.911854
2817.885479,100,19919.464808
1852.83622,100,19920.028349
1707.073428,100,19920.586494
2724.471602,100,19921.139748
1131.734785,100,19921.70046
2332.928251,100,19946.410895
-3.061549,100,19946.713713
3197.311684,100,19946.995959
2597.067036,100,19947.265543
1702.431769,100,19947.557142
1759.975964,100,19947.81622
2441.770176,100,19948.095687
2490.695508,100,19948.421067
1951.088336,100,19948.753247
2556.814621,100,19949.11716
2007.651441,100,19949.410066
2402.733405,100,19949.683004
974.319117,100,19949.958602
34.844001,100,19950.22672
2598.670382,100,19950.502212
2956.799674,100,19950.770596
-401.821497,100,19951.044043
2825.785395,100,19951.303243
-135.860451,100,19951.58022
2464.010519,100,19951.848292
1178.841778,100,19952.119405
1890.327467,100,19971.573328
2477.169505,100,19972.143193
-479.606304,100,19972.742087
639.168323,100,19973.336047
1282.249097,100,19973.899171
175.50567,100,19974.479716
1794.383408,100,19975.037542
1290.779199,100,19975.486151
2433.102482,100,19975.746864
2097.50797,100,19976.017462
1564.684983,100,19976.288237
2531.702637,100,19976.568206
1198.086629,100,19976.8415
-834.440305,100,19977.122304
2572.5944,100,19977.407226
1568.352309,100,19977.675095
2826.412908,100,19977.945675
2107.892238,100,19978.212613
2075.543578,100,19978.481471
102.45829,100,19978.751292
1090.150691,100,20004.11576
150.615849,100,20004.710978
-349.332986,100,20005.274831
2181.396583,100,20005.826087
3239.064846,100,20006.419279
1258.099229,100,20006.967784
1395.020478,100,20007.516431
2236.874234,100,20008.065065
2410.624956,100,20008.613631
1033.32891,100,20009.163547
1565.911069,100,20009.716469
886.667909,100,20010.263131
490.372643,100,20010.813451
2296.934686,100,20011.360855
1883.011904,100,20011.909804
602.906602,100,20012.453629
2470.515304,100,20013.023002
1845.512523,100,20013.572814
1432.963869,100,20014.135822
700.695291,100,20014.698497
1394.061486,100,20015.251722
1299.008628,100,20039.774457
2556.772087,100,20040.343046
724.889105,100,20040.905762
1211.772395,100,20041.459686
2060.527871,100,20042.01157
1980.865963,100,20042.589355
1525.273873,100,20043.156367
1588.513764,100,20043.716176
2999.234219,100,20044.292901
2540.843424,100,20044.864963
3150.242053,100,20045.439455
2241.05844,100,20046.014129
1844.418166,100,20046.578745
-260.717695,100,20047.134786
1378.952259,100,20047.697351
965.450319,100,20048.252296
3453.117611,100,20048.813745
583.109785,100,20049.367356
425.343683,100,20049.936396
1046.376679,100,20050.507747
2521.338636,100,20075.718211
2749.569307,100,20076.300404
2531.052903,100,20076.854261
834.427037,100,20077.449344
979.75007,100,20078.046648
961.490571,100,20078.630529
2054.422247,100,20079.189674
851.942828,100,20079.749851
2026.740676,100,20080.302653
2701.987152,100,20080.888816
1460.400674,100,20081.449939
1535.919227,100,20082.005155
986.29119,100,20082.564874
1274.397266,100,20083.145894
2826.116722,100,20083.712445
2472.037936,100,20084.158041
1103.93546,100,20084.617304
623.241055,100,20085.179572
1496.41364,100,20085.773621
1853.224116,100,20086.336246
3516.643617,100,20086.940618
2740.738706,100,20110.408054
2288.109969,100,20111.238036
-128.898645,100,20111.617535
3549.183908,100,20111.93185
1879.064083,100,20112.383215
1029.170797,100,20112.696085
2010.699083,100,20113.15162
1121.745683,100,20113.500947
2562.563244,100,20113.874829
1847.813268,100,20114.301045
763.266124,100,20114.614304
2082.007066,100,20114.996786
2472.641206,100,20115.388979
150.354833,100,20115.792346
3481.151899,100,20116.171337
2441.470892,100,20116.543777
1969.128318,100,20116.813088
1609.192615,100,20117.07565
1088.480215,100,20117.340018
2389.97244,100,20117.605039
2373.764163,100,20139.259589
2051.263937,100,20139.844764
1885.571265,100,20140.43098
1342.263925,100,20140.997454
2295.648304,100,20141.570788
1028.931886,100,20142.144293
1746.192804,100,20142.70882
2673.572614,100,20143.2955
343.419767,100,20143.862063
2722.7808,100,20144.451447
636.56067,100,20145.004741
1558.480299,100,20145.567969
1698.69315,100,20146.126414
2246.723576,100,20146.67661
156.657731,100,20147.219929
1526.771275,100,20147.783506
1419.16038,100,20148.327424
1973.304637,100,20148.884094
2170.275382,100,20149.432827
2116.644521,100,20149.982148
1505.948127,100,20150.543889
2413.653956,100,20175.408744
1555.812438,100,20175.981822
2085.231468,100,20176.555962
2686.603989,100,20177.112812
3405.1577,100,20177.673287
934.493532,100,20178.256836
1834.50329,100,20178.82846
1045.133344,100,20179.386607
2036.550262,100,20179.951412
1834.938094,100,20180.515325
1447.881221,100,20181.073816
1757.517401,100,20231.046622
1628.71963,100,20231.592232
2823.841604,100,20232.141708
-594.936558,100,20232.693391
2029.780869,100,20233.24338
2490.043368,100,20233.701062
1920.853225,100,20234.002057
2892.827478,100,20234.478069
2480.548906,100,20235.045135
2570.94957,100,20259.205003
2638.404939,100,20259.788486
2471.393066,100,20260.354954
1611.215479,100,20260.922974
2583.575081,100,20261.483481
1629.742156,100,20262.049382
1955.97763,100,20262.622347
795.353873,100,20263.19008
1637.103047,100,20263.807128
2497.714996,100,20264.381425
-299.419717,100,20264.953795
-841.472084,100,20265.514875
-443.464824,100,20266.068972
1871.087194,100,20266.622474
1587.492717,100,20267.182971
1330.561127,100,20267.73687
2998.064367,100,20268.285847
2597.432243,100,20268.845731
1746.542678,100,20269.396823
2216.487449,100,20269.943435
1859.366542,100,20270.492117
743.078771,100,20297.211965
733.274446,100,20297.785863
2125.552217,100,20298.354307
2344.531139,100,20298.919588
1831.362724,100,20299.485272
1612.973191,100,20300.047047
2553.672288,100,20300.612684
2370.902523,100,20301.179404
1038.656822,100,20301.740828
2179.299646,100,20302.303468
229.793107,100,20302.866138
1524.277585,100,20303.431106
2522.16654,100,20304.194659
1463.986799,100,20304.777653
1427.275626,100,20305.366841
2157.234397,100,20305.943807
1874.966173,100,20306.507565
2494.292362,100,20307.069286
1379.286042,100,20307.630763
2737.087616,100,20308.200435
1796.257558,100,20332.234943
2797.976692,100,20332.576433
2548.191286,100,20332.86587
965.416108,100,20333.138604
2187.530661,100,20333.411586
405.68198,100,20333.683738
2461.014993,100,20334.067354
3003.664712,100,20334.370449
1287.49505,100,20334.644033
1667.013988,100,20334.923961
401.671206,100,20335.18975
1663.903168,100,20335.480177
997.107269,100,20335.752656
1575.949555,100,20336.030102
1996.697264,100,20336.298642
1446.61583,100,20336.567722
1383.335589,100,20336.845194
2344.986801,100,20337.116386
1988.257724,100,20337.399082
1347.55229,100,20337.663526
1393.498247,100,20337.929801
-711.335528,100,20359.532642
2259.70188,100,20360.08706
2444.434764,100,20360.642594
1944.655661,100,20361.187181
705.469474,100,20361.752129
1188.550449,100,20362.298982
1686.151397,100,20363.373762
3096.61499,100,20364.038559
1695.604985,100,20365.358028
1981.024518,100,20365.769419
974.51412,100,20366.088419
1990.863482,100,20366.856027
1663.505943,100,20367.587481
1598.785277,100,20368.540345
209.182253,100,20369.121514
2561.17929,100,20369.678801
1921.180157,100,20370.240857
656.697024,100,20370.802706
1424.215002,100,20371.357865
368.527738,100,20371.93936
897.911392,100,20394.457175
1955.070039,100,20395.049347
2104.157706,100,20395.360548
982.290175,100,20396.063305
1764.514548,100,20396.628742
1111.150659,100,20397.191396
1430.993137,100,20397.743637
2542.891354,100,20398.289659
1461.712132,100,20398.83995
2399.6942,100,20399.38084
669.2857,100,20399.928766
2003.290636,100,20400.474363
1393.929699,100,20401.03415
1916.983395,100,20401.577799
2488.379206,100,20402.125075
2771.604841,100,20402.672627
432.808499,100,20403.215545
2796.340821,100,20403.772668
519.563285,100,20404.340518
1688.990988,100,20404.90064
1099.459581,100,20405.826407
1903.164954,100,20430.575335
2039.513787,100,20431.139993
1626.276412,100,20431.701738
1668.596744,100,20432.264562
185.81098,100,20432.83199
1736.068772,100,20433.385746
1023.213484,100,20433.961287
1900.443884,100,20434.542734
3004.948074,100,20435.108574
2181.047974,100,20435.677846
2338.979447,100,20436.248754
1419.626699,100,20436.807461
1961.914174,100,20437.356858
904.055258,100,20437.916341
1275.905505,100,20438.478989
1074.387396,100,20439.060788
1128.22461,100,20439.617496
3356.674551,100,20440.174057
1785.600336,100,20440.732987
2948.974604,100,20441.282204
2972.276778,100,20465.940332
2956.213408,100,20466.511716
1921.340393,100,20467.063817
2357.121354,100,20467.624968
2234.793999,100,20468.190559
544.113694,100,20468.757438
2609.476795,100,20469.30822
1076.433985,100,20469.946167
2210.789891,100,20470.514184
1661.214987,100,20471.07135
2333.743756,100,20471.644128
670.80007,100,20472.205746
-540.764851,100,20472.777837
352.837153,100,20473.329462
307.531674,100,20473.928128
989.604799,100,20474.644423
925.948271,100,20475.298465
2090.16857,100,20475.872309
2154.76171,100,20476.431129
2904.913017,100,20476.992287
1262.579678,100,20477.546535
1764.71913,100,20502.327851
2407.824275,100,20502.923871
1606.819601,100,20503.485821
2189.700282,100,20504.058686
2812.515292,100,20504.631851
1301.385755,100,20505.185557
2345.552408,100,20505.754012
2820.772672,100,20506.344522
2648.325381,100,20506.914338
1423.128276,100,20507.47859
1330.695978,100,20508.036896
2037.997436,100,20508.602416
709.513529,100,20509.169802
2083.214617,100,20509.737487
1458.488585,100,20510.291244
2749.498251,100,20510.852643
2315.16302,100,20511.417619
1290.507297,100,20511.981683
1421.533562,100,20512.537313
2579.323997,100,20513.092613
2622.152815,100,20536.837452
2681.500594,100,20537.26417
1710.323157,100,20537.883401
1361.195918,100,20538.514263
4335.879795,100,20539.091812
2099.795165,100,20539.660716
2793.562482,100,20540.217812
2546.934268,100,20540.817114
2820.571373,100,20541.373442
3184.493231,100,20541.932776
1984.561515,100,20542.493939
1126.11056,100,20543.066087
1607.239265,100,20543.678569
1313.820708,100,20544.291386
1490.354245,100,20544.868437
-166.086768,100,20545.42761
66.777032,100,20546.039839
-507.687155,100,20546.612345
2111.054586,100,20547.174796
2567.870187,100,20547.741052
-1414.22206,100,20548.303559
2444.282689,100,20570.88172
3270.137698,100,20571.443381
3053.748085,100,20572.000212
2154.354102,100,20572.560826
1582.730392,100,20573.118189
505.43332,100,20573.579794
1712.482224,100,20573.891347
1602.193181,100,20574.208128
-3.999532,100,20574.669547
790.488192,100,20575.218585
1520.228887,100,20575.775427
2708.582376,100,20576.512006
2650.286277,100,20577.084407
3049.774215,100,20578.230561
2139.693583,100,20579.1972
884.118256,100,20579.82983
2193.620208,100,20580.529397
1540.499002,100,20581.126305
1306.143956,100,20581.754512
1112.377158,100,20582.472288
-44.623301,100,20604.941277
310.282753,100,20605.52761
2049.011685,100,20606.103552
2208.559279,100,20606.68696
1679.196586,100,20607.241895
453.409853,100,20607.805868
1398.01939,100,20608.361841
980.713149,100,20608.931982
1568.774477,100,20609.491504
1435.152914,100,20610.064061
1558.152745,100,20610.626845
1932.935673,100,20611.180503
2157.329028,100,20611.744385
2107.971983,100,20612.296348
744.733753,100,20612.857374
2102.463549,100,20613.41081
2764.042327,100,20613.985098
1527.84665,100,20614.563232
1231.411193,100,20615.152473
1151.322055,100,20615.713547
3199.215918,100,20616.306747
2746.216108,100,20640.799291
252.324346,100,20641.359206
1878.743386,100,20641.916189
2972.573828,100,20642.495788
472.840146,100,20643.056864
1408.577675,100,20643.613503
2645.36306,100,20644.190586
1792.660332,100,20644.765673
2157.494761,100,20645.320245
1297.533525,100,20645.884466
2227.033632,100,20646.454439
1972.681167,100,20647.035581
1565.933987,100,20647.607395
1291.074626,100,20648.16637
1524.323229,100,20648.725409
2230.251447,100,20649.281621
2572.636445,100,20649.843839
1780.179185,100,20650.40696
1873.237821,100,20650.97041
1367.699107,100,20651.542118
1745.419563,100,20676.397836
1639.731404,100,20676.969864
2339.836201,100,20677.55358
1558.23228,100,20678.112955
1525.380769,100,20678.676016
832.452329,100,20679.236355
2081.045105,100,20679.799336
2057.167289,100,20680.354263
2670.977158,100,20680.937337
1629.405305,100,20681.49608
3272.962544,100,20682.054328
610.645286,100,20682.620477
1385.221418,100,20683.18804
2655.548045,100,20683.761339
1345.106947,100,20684.347304
699.480659,100,20684.924561
3047.979894,100,20685.487766
1046.851029,100,20686.054423
1172.170015,100,20686.6216
1901.446848,100,20687.185897
1864.702487,100,20687.774508
-599.444285,100,20711.864976
639.92476,100,20712.439583
1582.70458,100,20712.99739
1097.241055,100,20713.554585
2794.861768,100,20714.185339
2728.622776,100,20714.786343
1848.836156,100,20715.337361
1214.199272,100,20715.900077
1940.099121,100,20716.634082
1965.026852,100,20717.238385
868.282632,100,20717.799805
1582.800262,100,20718.354214
3294.868355,100,20718.915303
1308.947893,100,20719.470316
356.493494,100,20720.029778
852.697642,100,20720.587774
1741.001871,100,20721.149774
2371.014843,100,20721.720131
510.619787,100,20722.280222
2302.328601,100,20722.844233
93.848491,100,20744.993547
2134.728412,100,20745.588852
848.671254,100,20746.156232
1761.253987,100,20746.724045
1929.715656,100,20747.598148
2013.957946,100,20747.907796
924.384111,100,20748.532344
2281.494394,100,20749.381284
1361.217307,100,20749.853533
2051.170651,100,20750.483384
1080.261099,100,20750.904353
3895.069907,100,20751.306577
1613.35133,100,20751.662143
2225.456016,100,20752.154952
2290.011639,100,20752.539339
2745.046876,100,20752.841607
1230.401004,100,20753.114193
608.257232,100,20753.378752
1274.229069,100,20753.659593
1716.405147,100,20754.268446
1504.808356,100,20775.825711
2092.60168,100,20776.418807
971.416386,100,20776.997841
1540.058948,100,20777.555454
1860.733847,100,20778.131865
1195.287711,100,20778.703961
1064.505622,100,20779.259154
731.083106,100,20779.823015
2062.997307,100,20780.380356
1823.748644,100,20780.940445
2188.908502,100,20781.500269
2565.981941,100,20782.06089
2324.53603,100,20782.623271
1265.246648,100,20783.18236
1049.561043,100,20783.75618
2855.773927,100,20784.335578
2362.367413,100,20784.921978
1274.551199,100,20785.48097
1432.003096,100,20786.047701
1779.434845,100,20786.610419
2185.91892,100,20787.170247
1845.308285,100,20812.220132
2628.927369,100,20812.789541
-1008.329487,100,20813.341669
2276.644158,100,20813.907466
3357.697355,100,20814.481952
2027.036403,100,20815.042696
1395.980321,100,20815.602889
-1208.735516,100,20816.172648
2174.977665,100,20816.735288
-4.137245,100,20817.045505
1451.495517,100,20817.317527
2442.169726,100,20817.577238
2344.78551,100,20817.83915
1254.187965,100,20818.103522
777.115088,100,20818.371127
2546.97519,100,20818.634571
365.270979,100,20818.892322
841.750797,100,20819.145978
3147.355522,100,20819.404355
2198.855268,100,20819.659845
862.389044,100,20844.26913
2644.61102,100,20844.895481
1238.591124,100,20845.453594
1497.941003,100,20846.022271
1035.211345,100,20846.602654
1933.375956,100,20847.167524
1365.807089,100,20847.726318
3731.633446,100,20848.287131
2383.447303,100,20848.849679
3294.409378,100,20849.406276
1857.397483,100,20849.964366
2340.432271,100,20850.529228
1999.782365,100,20851.085941
2462.383949,100,20851.661934
855.914841,100,20852.224521
2370.241795,100,20852.793302
928.513012,100,20853.351398
2028.43152,100,20853.921545
1144.475285,100,20854.507573
1700.499113,100,20855.071348
1186.007824,100,20855.63426
1653.741869,100,20879.705864
-1128.189379,100,20880.298262
2216.914141,100,20880.860415
2580.613331,100,20881.432184
1705.166526,100,20882.00386
1334.269911,100,20882.591044
2120.731172,100,20883.145045
1212.388083,100,20883.725169
2586.833686,100,20884.305462
1920.882294,100,20884.872383
1619.483372,100,20885.453381
1154.496565,100,20886.039236
873.556085,100,20886.612287
2134.61778,100,20887.165466
1233.566919,100,20887.883139
2120.310022,100,20888.489331
2019.856917,100,20889.047408
912.714076,100,20889.602381
3175.576598,100,20890.167936
2212.766973,100,20890.722663
1772.4168,100,20912.202832
1162.610956,100,20912.798749
3182.269755,100,20913.370083
3329.738969,100,20913.946261
1863.95308,100,20914.54209
-893.894035,100,20915.111577
693.572721,100,20915.683054
547.082363,100,20916.779033
2023.048561,100,20917.555662
1292.526122,100,20918.649839
1533.746156,100,20919.73122
2051.515978,100,20920.31977
1460.972504,100,20921.012786
980.850804,100,20921.645755
2906.324586,100,20922.237491
1421.266751,100,20922.81383
2073.660037,100,20923.382285
2929.016743,100,20923.956986
1703.027586,100,20924.5695
2762.038713,100,20925.125473
3289.317997,100,20925.67859
2331.911087,100,20947.795026
1663.60524,100,20948.364809
2163.388288,100,20948.921963
-447.335169,100,20949.49069
1028.105126,100,20950.046363
1399.702057,100,20950.604542
-424.001389,100,20951.160368
2364.703793,100,20951.739737
1283.438772,100,20952.30229
3134.439684,100,20952.857638
2227.803341,100,20953.418044
-79.331074,100,20953.982304
623.024049,100,20954.573561
424.533076,100,20955.137235
1307.590301,100,20955.695234
2253.28406,100,20956.253326
1419.696565,100,20956.819199
1955.367111,100,20957.368846
2399.340713,100,20957.937332
915.720344,100,20959.113428
2455.027089,100,20983.463824
2836.78656,100,20984.790381
827.558811,100,20985.351189
1712.255922,100,20985.910116
350.242862,100,20986.486338
2029.361965,100,20987.044509
2546.388944,100,20987.603226
2463.798606,100,20988.163896
-248.806754,100,20988.72575
946.952082,100,20989.279371
-136.386607,100,20989.837638
2648.092703,100,20990.409505
2130.511498,100,20990.969624
2282.766822,100,20991.541249
1425.65414,100,20992.096257
1771.618471,100,20992.664804
792.381925,100,20993.217512
2176.621873,100,20993.777167
1699.55172,100,20994.362027
2011.588843,100,20994.921793
707.727986,100,20995.49775
260.252863,100,21020.17939
511.791296,100,21020.7486
773.654872,100,21021.300828
2067.358666,100,21021.84903
1225.533021,100,21022.41348
130.680705,100,21022.958838
2879.901827,100,21023.512576
2709.559028,100,21024.079256
858.903066,100,21024.654508
2417.249255,100,21025.205044
1434.618855,100,21025.756873
1100.125154,100,21026.302938
475.684732,100,21026.861786
1105.844019,100,21027.421541
1819.057906,100,21027.971934
2002.472867,100,21028.530898
1069.774597,100,21029.078959
1293.384094,100,21029.6318
1624.998545,100,21030.173868
789.892556,100,21030.73963
1742.684718,100,21055.779935
2614.465495,100,21056.375709
3124.306416,100,21056.94927
817.114244,100,21057.51416
1390.469767,100,21058.072871
2843.224497,100,21058.641011
1760.209155,100,21059.200323
2110.080658,100,21059.759408
1030.460617,100,21060.32344
3028.919174,100,21060.88578
-731.137889,100,21061.442455
890.082766,100,21062.001389
1498.001381,100,21062.568096
582.989267,100,21063.133401
2454.238818,100,21063.70514
3496.182363,100,21064.327978
-834.760827,100,21064.908818
2029.011952,100,21065.468956
2842.349296,100,21066.022794
1727.546505,100,21066.581941
1758.812346,100,21103.031121
1843.839574,100,21125.446993
1181.355789,100,21126.01273
1822.727176,100,21126.577602
399.047009,100,21127.142953
-86.309134,100,21128.23529
2552.302951,100,21128.864365
331.026886,100,21129.662498
1722.08265,100,21130.020593
861.519581,100,21130.758362
1460.302028,100,21131.368148
283.337685,100,21131.962461
2119.401494,100,21132.710288
2611.785709,100,21133.372782
1974.873862,100,21133.952958
1374.892925,100,21134.537257
2199.968125,100,21135.102826
2462.129985,100,21135.662269
2212.54353,100,21136.220893
2338.16406,100,21136.794796
711.482549,100,21137.374069
2607.898995,100,21160.51396
2862.341155,100,21161.087751
2026.677094,100,21161.643571
1690.203363,100,21162.215668
2870.873689,100,21162.772739
2250.144442,100,21163.327271
2140.658833,100,21163.902275
2220.929607,100,21164.480547
2740.324406,100,21164.824804
2772.080173,100,21165.11685
2148.191674,100,21165.398836
3115.698386,100,21165.676448
1390.081003,100,21165.954428
1424.594218,100,21166.239676
2762.702198,100,21166.52916
1224.903699,100,21166.822941
-146.48352,100,21167.102377
2463.542635,100,21167.382004
2471.605258,100,21167.656541
2806.147609,100,21168.114763
979.88489,100,21168.670053
2738.425369,100,21193.382562
610.444659,100,21193.959814
2377.484309,100,21194.522763
642.070467,100,21195.106631
3527.672388,100,21195.677713
2483.017232,100,21196.242216
-291.000532,100,21196.813593
1963.321277,100,21197.370787
1923.489812,100,21197.928724
3287.310134,100,21198.49072
975.88536,100,21199.045283
2384.67804,100,21199.60121
1818.119279,100,21200.156835
2040.215196,100,21200.717686
2202.102849,100,21201.281852
1552.798664,100,21201.837689
2343.131894,100,21202.408375
1706.823873,100,21202.965182
1172.631725,100,21203.519823
1967.57439,100,21204.090054
-390.567744,100,21228.640638
1909.282652,100,21229.23782
2388.62544,100,21229.799572
1130.808412,100,21230.356892
2755.392933,100,21230.94267
1533.150879,100,21231.500068
1825.102595,100,21232.053244
1173.858899,100,21232.616992
1861.274809,100,21233.172374
2134.07772,100,21233.732002
3468.904313,100,21234.308018
1968.021654,100,21234.871676
2057.672736,100,21235.430678
1484.595853,100,21236.013951
1314.316361,100,21236.579664
597.466678,100,21237.129679
2955.963608,100,21237.68385
2104.472245,100,21238.243092
3478.536967,100,21238.804812
1901.653127,100,21239.394403
2081.939354,100,21239.976257
1354.260698,100,21264.155397
1108.623342,100,21264.755658
2565.957055,100,21265.328747
2448.057108,100,21265.955622
2029.755897,100,21266.562598
2449.113234,100,21267.137887
-316.765501,100,21267.69523
2029.320552,100,21268.251766
2359.975543,100,21268.816322
2618.50146,100,21269.394506
2933.784291,100,21269.958712
2188.578109,100,21270.524162
2766.564579,100,21271.081831
1958.380176,100,21271.63784
1778.452446,100,21272.195702
1273.088276,100,21272.755695
2985.564946,100,21273.306773
1872.866862,100,21273.867037
2034.296871,100,21274.457024
2304.259477,100,21275.020813
1410.261017,100,21297.910546
781.555702,100,21298.93467
2730.513178,100,21299.304107
2446.738725,100,21299.66269
1734.982314,100,21299.993078
2690.676673,100,21300.726133
2419.952527,100,21301.342197
2942.446031,100,21302.09885
2007.359578,100,21302.723517
1654.168761,100,21303.287708
1996.701832,100,21303.864776
2271.213271,100,21304.431233
970.924621,100,21305.015357
1933.228206,100,21305.569727
3199.488119,100,21306.127239
2099.453874,100,21306.693466
2364.843941,100,21307.267727
1894.808195,100,21307.854682
1208.748503,100,21308.435859
850.274411,100,21308.992754
2478.595269,100,21309.552583
910.023576,100,21330.737501
1392.76538,100,21331.016145
1115.820353,100,21331.274379
402.856904,100,21331.542069
1699.064615,100,21331.805206
1756.553521,100,21332.062509
-240.791463,100,21332.326351
1848.491986,100,21332.591733
1384.994236,100,21332.856423
1630.191604,100,21333.111786
1507.888151,100,21333.368989
1268.855984,100,21333.639476
1514.152074,100,21334.116616
-318.23123,100,21334.393039
1831.529393,100,21334.668867
2173.245091,100,21334.946789
1538.368146,100,21335.214169
1843.479299,100,21335.491652
2291.726332,100,21335.75456
750.00608,100,21336.022565
1786.693567,100,21360.383221
2351.061895,100,21360.959517
1797.448087,100,21361.507876
2884.427361,100,21362.096235
625.548005,100,21362.651534
367.902544,100,21363.20218
1705.520276,100,21363.790186
2961.912752,100,21364.365426
755.447562,100,21364.928837
1540.372441,100,21365.484859
2804.725969,100,21366.039773
1235.666782,100,21366.588152
2738.407639,100,21367.165005
1522.694617,100,21367.732064
1871.636953,100,21368.28995
1349.217576,100,21368.846512
2582.611303,100,21369.407784
1052.881406,100,21369.971205
2896.119163,100,21370.529577
961.221131,100,21371.083707
1074.908992,100,21371.635286
1241.832037,100,21396.521041
1916.912326,100,21397.080797
3258.336015,100,21397.638848
3083.270874,100,21398.187057
913.329725,100,21398.739237
2086.155156,100,21399.282168
963.253454,100,21399.862823
785.593205,100,21400.430585
2451.781751,100,21401.031237
2031.794777,100,21401.601268
3090.546236,100,21402.153697
1019.256636,100,21402.713282
632.158737,100,21403.264891
2529.88969,100,21403.830031
2985.438894,100,21404.410845
2756.435992,100,21404.975694
1263.294063,100,21405.533361
1412.334447,100,21406.094687
1027.56793,100,21406.640259
2140.503404,100,21407.196337
1914.638088,100,21431.186186
466.257693,100,21431.625441
1620.81784,100,21432.03636
627.118355,100,21432.428166
2167.332674,100,21432.703819
2378.296749,100,21432.967963
2410.687678,100,21433.22495
2156.605117,100,21433.493597
2164.825468,100,21433.766117
976.360447,100,21434.051116
2348.432933,100,21434.327656
1795.230058,100,21434.600345
2802.430857,100,21434.863083
1715.770912,100,21435.151823
1766.303079,100,21435.417499
874.823756,100,21435.684673
1245.724192,100,21435.950526
2231.94274,100,21436.227204
1305.566205,100,21436.541485
2697.885826,100,21436.855292
1422.948639,100,21437.180045
1764.095313,100,21458.158809
1539.400206,100,21458.743252
1537.149216,100,21459.288218
2003.98959,100,21459.837275
1717.830809,100,21460.383964
2030.030214,100,21460.948509
1621.034428,100,21461.495706
2197.369755,100,21462.041763
1943.998363,100,21462.592886
3130.250164,100,21463.136668
2617.1306,100,21463.694707
1559.144174,100,21464.259669
1592.47512,100,21464.848882
2394.256939,100,21465.407301
3144.038931,100,21465.9823
2410.121492,100,21466.53257
898.649669,100,21467.091474
-44.085499,100,21467.898844
837.394928,100,21468.719036
1223.312548,100,21469.515977
1318.198797,100,21492.318349
2076.175123,100,21492.885227
2057.131212,100,21493.454804
1606.641832,100,21494.030358
2010.732769,100,21494.601892
2002.896427,100,21495.156136
2442.863219,100,21495.713755
753.952631,100,21496.271717
1588.767744,100,21496.833227
2757.133756,100,21497.395393
2374.50073,100,21497.953765
368.505955,100,21498.526263
1638.790029,100,21499.080321
1074.587435,100,21499.652446
1328.924164,100,21500.21337
187.855615,100,21500.770895
-1015.19109,100,21501.315576
508.142927,100,21501.868276
955.982397,100,21502.424946
2676.882198,100,21502.983356
2885.76021,100,21503.903786
1928.017852,100,21528.903277
2438.390785,100,21529.462117
3016.189066,100,21530.017423
2011.643547,100,21530.570886
2383.947098,100,21531.154513
3266.864235,100,21531.718734
-393.640847,100,21532.274298
1246.464791,100,21532.832342
952.826973,100,21533.386942
649.459537,100,21533.954759
1037.428009,100,21534.550835
2268.532796,100,21535.116556
1085.184069,100,21535.678485
1024.713918,100,21536.232469
2355.973312,100,21536.79339
2756.305664,100,21537.358594
2042.910429,100,21537.917434
2650.770325,100,21538.476756
2109.264786,100,21539.036161
1200.809472,100,21539.594714
1943.369625,100,21563.802665
2407.773731,100,21564.504858
1136.540232,100,21564.953652
1681.889815,100,21565.533892
1779.895954,100,21566.09044
1852.497642,100,21566.644661
1406.191334,100,21567.194418
1377.129467,100,21567.74808
3301.646622,100,21568.289009
1932.188094,100,21568.847861
1476.670725,100,21569.391833
2898.294929,100,21569.944579
3272.825855,100,21570.508517
2072.220533,100,21571.061816
2328.232573,100,21571.620875
2194.586151,100,21572.165725
458.292488,100,21572.718408
197.843573,100,21573.263702
919.628904,100,21573.822937
2403.090347,100,21574.412979
1111.818916,100,21574.971109
818.060013,100,21598.57511
1560.371251,100,21599.241467
3033.488778,100,21599.666795
-103.016579,100,21599.993997
2016.647817,100,21600.319391
1701.599799,100,21600.68598
1790.196311,100,21601.335152
1848.16763,100,21601.70316
1419.631012,100,21602.231486
1724.872388,100,21602.637112
2109.299119,100,21602.937404
3396.860557,100,21603.221657
1155.541417,100,21603.52474
2459.721345,100,21603.842762
2811.512071,100,21604.157292
1369.961399,100,21604.447552
1981.393945,100,21604.736458
2463.038218,100,21605.018352
1168.58168,100,21605.320973
2194.238129,100,21605.634102
1851.177952,100,21627.898862
1725.523716,100,21628.471686
1243.315411,100,21629.033262
2735.269321,100,21629.612652
2356.775695,100,21630.171274
2590.732903,100,21630.728965
-814.148751,100,21631.283704
2235.352949,100,21631.852744
2455.067149,100,21632.4078
-1152.898692,100,21632.969739
1645.39909,100,21633.523887
2522.465423,100,21634.096145
-13.574791,100,21634.668935
2401.041661,100,21635.227768
725.824151,100,21635.796797
812.993549,100,21636.352995
2827.662451,100,21636.911245
2630.77475,100,21637.477402
2844.992703,100,21638.573141
1523.69547,100,21639.415485
733.163898,100,21663.698487
2487.3771,100,21664.317861
1841.542616,100,21664.899959
2887.183875,100,21665.461196
2416.357811,100,21666.014223
1920.214021,100,21666.566691
2021.033785,100,21667.117473
2658.880604,100,21667.680683
2131.405788,100,21668.230354
1405.126104,100,21668.791743
1825.781786,100,21669.348581
1838.268533,100,21669.91321
1884.644779,100,21670.469397
1110.567471,100,21671.025751
1053.519684,100,21671.586706
1747.461686,100,21672.142045
2894.583466,100,21672.695042
1410.926581,100,21673.250669
1924.082115,100,21673.808755
1960.716632,100,21674.392034
2830.938416,100,21674.967887
2470.698729,100,21698.630112
2047.569882,100,21699.19474
400.275292,100,21699.747581
2255.978033,100,21700.298051
851.196664,100,21700.848171
2291.411637,100,21701.396893
1620.742154,100,21701.950217
3299.005125,100,21702.496872
1591.661431,100,21703.042713
3012.33242,100,21703.609572
1460.313801,100,21704.17657
743.642012,100,21704.742959
1682.557546,100,21705.287719
1544.552097,100,21705.840642
1109.376774,100,21706.388558
1293.648827,100,21706.948861
2462.551836,100,21707.516433
1259.19558,100,21708.077706
1442.61448,100,21708.633692
1780.124343,100,21709.179419
1260.578921,100,21732.241974
1619.119252,100,21732.819936
2720.796725,100,21733.476761
1203.655251,100,21734.129188
1731.921079,100,21734.711568
938.704776,100,21735.270829
1250.521004,100,21735.829147
2493.017504,100,21736.388359
1454.310899,100,21736.949119
1614.740318,100,21737.544519
1316.184033,100,21738.115869
2148.699714,100,21738.683152
2465.127419,100,21739.241086
2394.28298,100,21739.807656
1304.550485,100,21740.367526
2159.634454,100,21740.933965
1568.394385,100,21741.490252
947.748439,100,21742.074526
1952.87691,100,21742.641968
2365.815244,100,21743.197686
2584.383727,100,21743.759982
2353.361777,100,21765.046453
1484.971066,100,21765.717298
1996.043626,100,21766.840886
1077.662209,100,21767.68177
2102.153354,100,21768.291598
1829.245524,100,21769.000976
1676.064027,100,21769.706554
2970.232377,100,21770.226201
1593.737755,100,21770.540939
1685.73046,100,21770.806602
2207.34454,100,21771.06898
1751.110686,100,21771.329375
1364.619535,100,21771.590717
2197.40011,100,21771.844703
2030.890328,100,21772.116717
1690.108245,100,21772.387122
2307.087705,100,21772.652147
1801.561311,100,21772.910465
1765.742651,100,21773.164199
1654.547232,100,21773.427578
2142.456678,100,21796.328344
2379.488816,100,21796.906958
1051.7814,100,21797.46249
1952.572112,100,21798.011813
1286.045961,100,21798.559983
1409.990177,100,21799.10813
2004.050156,100,21799.656809
1906.255252,100,21800.200328
2629.073976,100,21800.751078
947.534677,100,21801.309183
1301.818413,100,21801.852837
2317.724286,100,21802.409511
961.404593,100,21802.961339
312.080005,100,21803.508782
1242.020659,100,21804.073869
2215.182023,100,21804.638845
631.523873,100,21805.182808
1164.838377,100,21805.756153
1368.061784,100,21806.30633
239.297424,100,21807.307046
1988.923611,100,21808.104966
940.800882,100,21831.281053
1197.685854,100,21831.845296
3460.275017,100,21832.429585
1209.226802,100,21833.001802
2281.191758,100,21833.56575
3158.617385,100,21834.16813
2420.969207,100,21834.451806
2383.858438,100,21834.722141
1573.587793,100,21834.985787
960.477911,100,21835.262456
1312.088672,100,21835.529558
1788.291393,100,21835.800816
2280.669377,100,21836.07276
336.91461,100,21836.34264
1675.398234,100,21836.609471
1697.061978,100,21836.876131
2606.883812,100,21837.138101
2193.090692,100,21837.4154
1703.021359,100,21837.690257
359.569199,100,21837.964364
2649.99133,100,21862.602018
1566.377451,100,21863.181757
904.280668,100,21863.73895
1421.112334,100,21864.330709
1846.800897,100,21864.898594
2054.480754,100,21865.449074
363.258419,100,21866.007295
2340.769922,100,21866.562083
1413.279241,100,21867.114285
1762.174624,100,21867.673692
2157.885229,100,21868.242441
1507.522363,100,21868.80439
1546.005629,100,21869.356523
2261.369163,100,21869.911161
2517.316768,100,21870.476509
2938.892203,100,21871.029115
395.792516,100,21871.581543
2136.440308,100,21872.135707
1069.638066,100,21872.69547
2201.143879,100,21873.242986
-61.395123,100,21873.817475
479.245887,100,21897.82057
2871.182732,100,21898.409728
2459.118316,100,21898.966717
2983.671652,100,21899.515698
2324.005339,100,21900.068207
2494.031446,100,21900.620231
2014.265708,100,21901.168715
3054.475747,100,21901.718357
2853.066038,100,21902.31775
2730.993665,100,21902.909447
1896.159651,100,21903.51457
2634.548388,100,21904.091997
2014.499535,100,21904.673758
2396.8991,100,21905.233661
-292.33725,100,21905.798812
2851.867117,100,21906.359195
940.997379,100,21906.917382
2711.82381,100,21907.474773
742.376442,100,21908.06039
572.109157,100,21908.629245
1439.209631,100,21930.781506
1032.377475,100,21931.354735
1675.035365,100,21931.911139
2128.950004,100,21932.473817
1562.344628,100,21933.049692
1942.70898,100,21934.257394
-448.963205,100,21935.141563
2596.660286,100,21935.953486
2162.569604,100,21965.521809
1779.230288,100,21965.799819
2127.837455,100,21966.082444
1830.756648,100,21966.360256
612.056563,100,21966.635528
-55.684967,100,21966.912595
1543.794557,100,21967.187498
1068.47348,100,21967.465477
2478.728052,100,21967.76513
2052.192621,100,21968.042169
2208.023155,100,21968.330348
2612.085039,100,21968.613066
2414.120687,100,21968.890799
2213.753744,100,21992.292595
808.146524,100,21992.818275
2062.005029,100,21993.363417
2028.196282,100,21993.942532
1268.85368,100,21994.514439
973.374555,100,21995.070177
1233.871193,100,21995.621759
1895.449931,100,21996.167322
2537.421434,100,21996.724158
2292.852325,100,21997.272345
1095.516078,100,21997.827985
2173.969343,100,21998.376862
1832.194314,100,21998.929426
1630.923087,100,21999.479123
1944.8469,100,22000.021594
1543.140529,100,22000.572426
1961.965913,100,22001.117731
1665.452718,100,22001.672877
2139.269254,100,22002.248748
2182.879633,100,22002.842601
2089.504608,100,22026.255443
2806.653394,100,22026.554398
2170.872095,100,22026.829073
3312.133287,100,22027.108972
-35.308249,100,22027.379202
1839.750843,100,22027.660123
955.588176,100,22027.925223
2320.044473,100,22028.193202
-55.183404,100,22028.492221
375.751871,100,22028.833712
1287.173329,100,22029.156456
2001.411411,100,22029.484393
1132.97286,100,22029.766339
2739.6877,100,22030.158491
1182.96966,100,22030.723521
1430.493969,100,22031.511574
937.694716,100,22032.094887
1391.849888,100,22032.648657
1231.413961,100,22033.208324
2282.885886,100,22033.76975
788.538701,100,22034.353338
309.314182,100,22056.125434
-441.56895,100,22056.681737
107.743969,100,22057.228577
2529.773912,100,22057.782559
2116.550527,100,22058.353163
1377.309101,100,22058.903099
676.237756,100,22059.449137
1987.413951,100,22060.243738
2492.826672,100,22061.044811
1665.756246,100,22062.214512
2498.351926,100,22062.885306
1902.448129,100,22063.696087
2949.884356,100,22064.538966
2878.715454,100,22064.989447
2621.748281,100,22065.306278
1976.222019,100,22065.59668
-367.519811,100,22065.877141
1631.947307,100,22066.161825
1900.806661,100,22066.442936
1737.423228,100,22066.722386
609.931351,100,22088.784891
742.922568,100,22089.370594
2197.060725,100,22089.936387
2416.294839,100,22090.49661
117.099707,100,22091.064884
3052.486487,100,22091.63347
2354.832473,100,22092.19169
2592.956599,100,22092.754488
1852.008653,100,22093.317513
2451.655095,100,22093.951987
2285.00235,100,22094.541464
1819.559048,100,22095.111889
2717.238101,100,22095.677341
1263.863029,100,22096.245411
1661.456096,100,22096.812623
3397.833632,100,22097.37137
2321.459574,100,22097.962053
2109.187483,100,22098.539167
2550.890164,100,22099.099836
3344.230008,100,22099.664629
1515.503553,100,22100.223597
2656.488362,100,22124.265544
2297.351134,100,22124.845764
1285.193372,100,22125.400944
1992.152484,100,22125.956993
1219.281079,100,22126.513191
2304.947865,100,22127.070668
523.757596,100,22127.629211
3140.576266,100,22128.210878
908.397509,100,22128.785223
2022.80824,100,22129.352384
687.810073,100,22129.909422
943.346057,100,22130.463711
1270.101517,100,22131.029422
2773.47762,100,22131.589785
2298.457229,100,22132.157023
1744.753408,100,22132.723955
2511.75294,100,22133.277306
2254.289155,100,22133.839639
1523.256603,100,22134.458041
1366.467643,100,22135.02345
1002.409871,100,22160.893677
1220.982855,100,22161.473753
2585.505421,100,22162.043367
926.081299,100,22162.623409
2143.206152,100,22163.194968
634.192305,100,22163.779485
1815.508738,100,22164.380847
1890.247538,100,22164.969714
1652.655055,100,22165.542842
1322.122706,100,22166.123352
2163.15374,100,22166.693816
1398.663084,100,22167.254937
2041.756752,100,22167.809821
1183.948458,100,22168.38302
2378.132344,100,22168.948779
1318.892264,100,22169.511376
2677.667343,100,22170.083489
2511.361418,100,22170.661932
2085.098322,100,22171.222001
3921.680666,100,22171.786138
-344.991366,100,22172.345783
1569.998719,100,22197.641186
460.640894,100,22198.216446
1774.691897,100,22198.774429
2718.595399,100,22199.320291
1722.561383,100,22199.869239
1993.150663,100,22200.434764
2371.031115,100,22201.033113
2991.937889,100,22201.634754
1633.36892,100,22202.216231
1782.214537,100,22202.783249
3597.733134,100,22203.358702
2028.56888,100,22203.922133
2218.755119,100,22204.505172
998.686703,100,22205.075996
2707.079195,100,22205.633386
1964.862427,100,22206.188207
1156.481535,100,22206.749303
1446.942339,100,22207.304459
2191.563471,100,22207.86032
3210.23361,100,22208.435928
1576.434193,100,22229.250777
804.310727,100,22229.817782
2708.771915,100,22230.37381
1562.160526,100,22230.930348
2053.091922,100,22231.485632
1135.243552,100,22232.196515
2614.335396,100,22233.051644
1396.685615,100,22234.766166
2148.148809,100,22235.661457
1524.6497,100,22236.031964
3213.140553,100,22236.359934
2247.355171,100,22236.728755
2166.182296,100,22237.215225
2051.177067,100,22237.675688
2216.079705,100,22237.973443
2377.015567,100,22238.265343
920.836043,100,22238.554346
1781.562755,100,22238.830402
2069.391714,100,22239.106352
957.489244,100,22239.380049
2455.34695,100,22239.649952
813.480819,100,22261.538976
2652.911797,100,22262.105795
-400.502949,100,22262.664599
2592.800663,100,22263.240983
535.822734,100,22263.804729
2099.189037,100,22264.388017
2163.077159,100,22264.961647
347.283405,100,22265.5272
2500.098699,100,22265.977155
751.740604,100,22266.246384
1295.355468,100,22266.527588
1532.428913,100,22266.81132
1607.769043,100,22267.091885
1317.703977,100,22267.370624
1564.225714,100,22267.649051
2025.677509,100,22267.930123
1949.152674,100,22268.226786
853.789634,100,22268.510713
3284.344471,100,22268.792646
1008.183475,100,22269.073767
1973.00452,100,22293.509288
3281.515234,100,22294.097367
545.108122,100,22294.669212
2582.534012,100,22295.230095
281.155251,100,22295.788661
1773.692592,100,22296.365253
2438.529254,100,22296.924463
1800.709113,100,22297.477647
1960.607878,100,22298.032227
1975.159558,100,22298.595132
2937.921256,100,22299.150276
2504.053544,100,22299.704255
1477.573024,100,22300.258065
-49.732575,100,22300.811572
2556.901626,100,22301.384765
-801.765079,100,22301.946203
2091.726341,100,22302.504021
1982.850441,100,22303.058719
1847.537855,100,22303.616197
891.193894,100,22304.190608
1535.11447,100,22304.759434
2715.55511,100,22329.308212
2785.054384,100,22329.89043
631.365553,100,22330.456258
1118.014992,100,22331.030368
1602.484151,100,22331.585886
2179.116144,100,22332.144293
2916.034533,100,22332.700521
3324.968148,100,22333.257758
2317.124568,100,22333.870501
2598.615831,100,22334.452688
663.544579,100,22335.018797
1596.018358,100,22335.576971
840.679237,100,22336.158824
1428.214768,100,22336.72442
1789.650743,100,22337.285971
3004.282978,100,22337.850215
1941.017141,100,22338.741193
422.05728,100,22339.345338
772.912038,100,22339.914937
3244.689912,100,22340.480584
1108.407846,100,22365.487547
1137.753403,100,22366.133323
800.2972,100,22366.755278
905.831498,100,22367.340573
1340.003834,100,22367.9106
1173.612003,100,22368.47974
1819.679985,100,22369.061936
983.599891,100,22369.633854
922.135754,100,22370.211741
1637.491507,100,22370.834427
1638.898939,100,22371.427766
1537.867462,100,22372.004836
2387.041137,100,22372.572983
1054.239428,100,22373.13847
1571.182138,100,22373.720869
1050.035387,100,22374.303611
1692.944733,100,22374.873295
2259.665389,100,22375.436387
2951.550855,100,22376.01927
1073.37256,100,22376.619056
2586.469712,100,22377.180767
1733.344346,100,22399.429113
2457.678393,100,22399.982525
2307.961473,100,22400.527103
1141.577464,100,22401.077708
2264.5133,100,22402.011123
197.994946,100,22402.302176
2251.650004,100,22403.371268
1205.586756,100,22404.060016
2180.59,100,22404.820863
1390.377886,100,22405.38288
2714.949744,100,22405.748292
166.377517,100,22406.07625
878.326873,100,22406.386836
2730.426346,100,22406.811885
2771.96958,100,22407.182953
875.085125,100,22407.469824
2514.869494,100,22407.749314
1204.802436,100,22408.028288
1259.042153,100,22408.349549
1440.355461,100,22408.642689
-379.663889,100,22430.450222
1528.256385,100,22430.737297
693.243197,100,22431.008661
1781.786879,100,22431.27015
2276.277911,100,22431.706264
1793.402474,100,22432.259199
2316.704922,100,22432.595052
2270.87267,100,22432.86007
1503.527079,100,22433.118513
-95.052895,100,22433.395875
1228.939557,100,22433.76127
2029.910526,100,22434.150448
1911.751451,100,22434.465017
2345.908276,100,22434.731078
1042.015356,100,22434.996557
-88.048445,100,22435.254213
-522.477145,100,22435.514147
2146.607186,100,22436.048737
1642.788261,100,22436.604803
2953.527394,100,22437.17636
-600.825445,100,22437.738373
1906.994183,100,22462.356132
2810.272425,100,22462.663197
1081.781613,100,22462.955446
2561.746999,100,22463.242778
2669.345569,100,22463.533966
1098.79099,100,22463.845205
1679.168783,100,22464.228256
2709.544949,100,22464.542205
2078.241864,100,22464.823536
2368.453721,100,22465.105222
1108.082575,100,22465.379149
2590.581334,100,22465.657045
1288.864346,100,22465.953553
2068.531663,100,22466.232104
2179.906325,100,22466.510201
2677.921693,100,22466.822828
1978.905989,100,22467.101821
2147.283746,100,22467.384205
1351.897273,100,22467.664806
1354.28595,100,22467.946959
1026.408906,100,22492.141216
1756.116778,100,22492.760462
666.004546,100,22493.311117
1508.576527,100,22493.895811
884.720332,100,22494.461592
2560.497072,100,22495.01067
2598.79953,100,22495.554428
1963.917174,100,22496.117874
3140.848619,100,22496.67072
-61.721079,100,22497.243375
2260.186976,100,22497.849105
1603.766746,100,22498.423638
2756.992486,100,22498.981995
1168.374153,100,22499.528644
2058.292468,100,22500.078375
2640.255272,100,22500.626587
1755.327234,100,22501.165852
2539.468831,100,22501.71533
2254.176598,100,22502.260627
1123.43342,100,22502.807531
2151.425459,100,22525.551814
1739.351199,100,22526.144214
2591.906838,100,22526.706872
1350.036086,100,22527.258732
-322.240694,100,22527.815389
1240.567942,100,22528.722401
1098.553982,100,22529.032431
1796.212601,100,22529.489193
1742.944838,100,22530.063097
1820.113065,100,22530.953304
984.827082,100,22531.738437
2383.601953,100,22532.33348
1008.245661,100,22532.957413
1439.819647,100,22533.557794
747.660004,100,22534.174934
1598.409718,100,22534.752468
1323.10416,100,22535.309861
1984.547204,100,22535.870326
2414.821776,100,22536.439525
1915.170955,100,22537.000357
1737.225575,100,22537.559291
1509.197379,100,22560.067283
2407.642593,100,22560.635117
1306.102572,100,22561.184985
2032.142976,100,22561.741467
2164.002986,100,22562.292623
1882.827232,100,22562.852299
671.822006,100,22563.424959
1426.117514,100,22564.001074
2793.828988,100,22564.582572
1714.296571,100,22565.144253
2244.19532,100,22565.700998
1004.41457,100,22566.259011
2135.823,100,22566.827681
1551.895391,100,22567.379871
2414.853507,100,22567.933401
1795.622808,100,22568.501553
1656.152723,100,22569.067333
2956.027975,100,22569.622855
1183.827904,100,22570.175302
2432.797768,100,22571.102435
2264.465058,100,22595.455998
1178.491314,100,22596.035584
-702.261351,100,22596.600122
2876.543962,100,22597.167273
2631.836751,100,22597.735885
1604.334304,100,22598.289211
1904.255863,100,22598.862005
1527.932417,100,22599.418435
1485.415322,100,22599.977304
2071.266454,100,22600.542087
1994.523845,100,22601.111445
2002.267171,100,22601.672901
1209.397112,100,22602.234186
2863.483061,100,22602.797383
1415.318643,100,22603.349271
1617.827468,100,22603.919414
1003.109028,100,22604.511027
1524.303422,100,22605.0804
2567.259208,100,22605.642308
3618.352422,100,22606.199831
3761.059436,100,22606.771687
2020.593442,100,22631.182396
1463.060458,100,22631.746898
1710.710156,100,22632.293151
1747.341798,100,22632.839777
2425.398295,100,22633.386719
1067.946896,100,22633.946667
1286.221284,100,22634.527723
-253.904084,100,22635.085988
1364.253505,100,22635.633431
1536.11119,100,22636.180042
2326.477771,100,22636.74127
2126.116562,100,22637.303898
2342.101698,100,22637.859839
1387.997622,100,22638.419855
3001.492088,100,22639.00702
1013.334989,100,22639.568743
2144.275793,100,22640.121566
2489.079707,100,22640.682261
1546.865342,100,22641.231942
593.076742,100,22641.780853
1904.683854,100,22666.604221
1424.314698,100,22667.222726
2420.679164,100,22667.822777
1021.18933,100,22668.386935
2608.489133,100,22669.006751
1962.108547,100,22669.572129
158.656202,100,22670.130754
2849.824358,100,22670.694468
2557.250226,100,22671.253711
1294.275065,100,22671.814132
1842.037444,100,22672.368333
2821.786692,100,22672.934852
1682.709719,100,22673.495867
1969.518107,100,22674.079901
1619.510156,100,22674.653726
1843.136928,100,22675.215323
2658.186922,100,22675.774702
2533.273782,100,22676.328851
2359.134708,100,22676.897384
1906.445891,100,22677.464547
1923.761993,100,22678.017946
1180.096873,100,22700.8526
2003.572623,100,22701.6993
2536.851079,100,22702.156467
-39.417485,100,22702.448673
3393.437171,100,22702.730137
1786.727971,100,22703.092258
1311.753576,100,22703.452595
2309.887919,100,22703.802831
1987.368058,100,22704.671831
2159.867808,100,22704.970169
1913.163671,100,22705.245373
2191.210581,100,22705.517549
2142.120115,100,22705.78388
2133.419248,100,22706.043296
659.971757,100,22706.305238
2322.781643,100,22706.570291
2474.270426,100,22706.824927
491.681871,100,22707.106645
1242.363641,100,22707.375985
1543.151337,100,22707.639765
1922.915873,100,22729.298405
1268.313133,100,22729.895438
1410.210638,100,22730.471684
1328.969175,100,22731.036735
1766.870147,100,22731.599944
2976.556682,100,22732.156615
1915.096468,100,22732.732694
1756.107869,100,22733.286263
1402.006569,100,22733.846275
82.782173,100,22734.427243
1949.674555,100,22734.985738
2154.890292,100,22735.547954
1512.344406,100,22736.106122
2208.473723,100,22736.668216
1458.118256,100,22737.223676
2174.87127,100,22737.796717
-1030.454185,100,22738.364262
2897.726853,100,22738.933454
3167.884072,100,22739.495988
1686.097373,100,22740.062324
1891.363411,100,22740.628566
964.234767,100,22765.908308
1312.243981,100,22766.470546
2067.428283,100,22767.029591
1458.230334,100,22767.607365
1914.622957,100,22768.196345
1756.524157,100,22768.784322
1611.920971,100,22769.399498
1380.633603,100,22770.023464
676.512884,100,22770.395338
1722.014457,100,22770.742217
1650.129853,100,22771.051027
1001.4025,100,22771.374826
304.1056,100,22771.693858
2876.975332,100,22771.999162
1836.452586,100,22772.305552
2607.603421,100,22772.618448
620.19317,100,22819.969249
3041.817811,100,22820.586649
1650.157416,100,22821.176953
3478.176262,100,22821.743326
533.114577,100,22846.211298
2684.359137,100,22846.789552
2130.760538,100,22847.347498
1200.414534,100,22847.915589
941.585967,100,22848.480521
2570.62002,100,22849.039819
1120.466991,100,22849.625307
1099.618647,100,22850.18386
3267.268691,100,22850.747993
1608.037721,100,22851.300745
2419.354988,100,22851.861281
2187.67381,100,22852.415245
953.789317,100,22852.970825
333.424739,100,22853.531832
2265.255198,100,22854.110312
2179.023464,100,22854.697859
1618.050092,100,22855.243586
781.260815,100,22855.797384
1560.220806,100,22856.343849
1149.035378,100,22856.895061
1217.771216,100,22857.443372
1675.49679,100,22882.153321
2272.746191,100,22882.736633
2531.453752,100,22883.29071
991.626913,100,22883.858144
1753.151629,100,22884.436279
814.246284,100,22884.994684
2332.024624,100,22885.564976
1408.990111,100,22886.123782
2278.781794,100,22886.690807
2110.552058,100,22887.243632
1518.581064,100,22887.804156
2040.375045,100,22888.371113
2760.244554,100,22888.941673
705.691482,100,22889.505623
2407.947461,100,22890.060273
686.089584,100,22890.508761
2289.18246,100,22890.784424
1107.401344,100,22891.072001
1532.549767,100,22891.343817
6.250414,100,22891.629314
1071.080756,100,22915.62413
1253.901784,100,22916.279666
707.295795,100,22916.883019
1210.902153,100,22917.45659
2402.721394,100,22918.02412
2199.476187,100,22918.594693
2272.831451,100,22919.155226
2791.566538,100,22919.722969
1503.425663,100,22920.279541
1432.243465,100,22920.84541
809.585971,100,22921.403705
2183.696341,100,22921.986254
2520.772574,100,22922.5822
2462.246691,100,22923.155864
1617.060677,100,22923.723761
732.536091,100,22924.378796
2883.932824,100,22924.945436
586.161562,100,22925.520323
2388.429942,100,22926.08198
2391.078404,100,22926.643294
1216.845304,100,22927.205979
2942.552681,100,22949.076441
2321.719138,100,22949.642957
1589.860316,100,22950.199337
771.503697,100,22950.762292
704.397815,100,22951.31619
2161.706107,100,22951.880208
2781.514543,100,22952.45484
2677.265912,100,22953.493294
2578.396674,100,22954.886257
3376.086365,100,22955.356321
1538.487321,100,22955.78547
2419.744566,100,22956.090555
788.469481,100,22956.88938
1845.017971,100,22957.89461
1356.297766,100,22958.496521
95.630137,100,22959.066477
-890.576399,100,22959.63109
1847.977871,100,22960.181202
1274.794195,100,22960.752618
1123.533585,100,22961.302448
1930.185959,100,22981.964692
1729.787309,100,22982.544065
2326.1012,100,22983.106878
1884.457144,100,22983.667434
2244.86097,100,22984.260545
1699.269469,100,22984.832791
2269.905292,100,22985.390059
2101.96894,100,22985.946758
1918.269296,100,22986.50519
1972.259794,100,22987.063451
1501.482307,100,22987.629423
1874.002735,100,22988.198109
1279.046523,100,22988.762119
2607.155082,100,22989.342213
1375.209376,100,22989.891181
1170.392317,100,22990.442491
969.19933,100,22990.997878
2130.338118,100,22991.553771
2047.152104,100,22992.110242
1668.42766,100,22992.664143
3884.208925,100,22993.215264
2284.934291,100,23018.475742
1734.277162,100,23019.052086
2456.756784,100,23019.619288
1514.073599,100,23020.218699
1788.253575,100,23020.788688
75.745867,100,23021.347699
2240.213609,100,23021.906615
1734.484857,100,23022.478941
2552.2355,100,23023.033896
2594.595261,100,23023.592213
2889.088685,100,23024.164162
753.655169,100,23024.749873
771.292903,100,23025.311752
1625.422466,100,23025.869228
1672.476094,100,23026.431289
909.117654,100,23026.992591
2559.418876,100,23027.556862
55.182997,100,23028.114224
1809.345897,100,23028.686639
2093.313131,100,23029.256247
2164.594224,100,23053.098563
3220.027534,100,23053.676641
2205.566491,100,23054.271957
348.484591,100,23054.849972
726.035049,100,23055.410321
2614.257261,100,23055.969852
1385.961276,100,23056.530044
1355.162124,100,23057.086304
1825.218536,100,23057.649804
-273.937263,100,23058.206295
2068.634511,100,23058.767765
2411.044868,100,23059.338459
1960.601429,100,23059.899369
1426.31702,100,23060.461811
1158.715806,100,23061.022285
1945.388309,100,23061.583387
1565.234837,100,23062.137604
886.382469,100,23062.702263
1489.186094,100,23063.258381
1809.498033,100,23063.860319
1935.97227,100,23064.44155
1998.83509,100,23088.887315
2817.924009,100,23089.493947
1668.225042,100,23090.080498
2614.333881,100,23090.648326
1135.978903,100,23091.215832
2640.257018,100,23091.808647
1981.97078,100,23092.373369
2652.707771,100,23092.937633
2758.898296,100,23093.489339
1505.581863,100,23094.055459
839.32712,100,23094.630556
2952.69696,100,23095.175624
2143.795737,100,23095.7294
-1225.429822,100,23096.27405
2013.846593,100,23096.824762
1881.749721,100,23097.366876
1432.008972,100,23097.951242
763.187074,100,23098.505363
2176.791833,100,23099.067383
-426.087416,100,23099.636432
3062.360006,100,23121.929872
934.889567,100,23122.775546
2681.186223,100,23123.120335
1426.216634,100,23125.009012
1202.302718,100,23125.599626
2004.113057,100,23125.931033
1586.120928,100,23126.254793
1649.738149,100,23126.540229
1114.666623,100,23126.834662
3063.075985,100,23127.131661
2042.661785,100,23127.644691
2186.679405,100,23127.976422
1330.451896,100,23128.280649
3499.132952,100,23128.595862
2576.724222,100,23128.889003
1366.820406,100,23129.200463
508.841624,100,23129.482155
946.19492,100,23129.764706
820.371743,100,23130.039948
2799.232843,100,23130.308743
624.553369,100,23130.799641
2171.535879,100,23153.756656
1868.253873,100,23154.114126
2396.950521,100,23154.436746
2045.816356,100,23154.733661
824.068574,100,23155.028138
1811.089424,100,23155.310885
2412.203614,100,23155.587618
2666.980329,100,23155.868105
1720.816884,100,23156.149535
1047.531106,100,23156.427415
1725.428403,100,23156.70454
1871.361052,100,23156.982562
2488.574314,100,23157.259619
2148.509855,100,23157.533105
684.387122,100,23157.807781
2080.658248,100,23158.08597
992.67633,100,23158.363981
2720.444987,100,23158.646665
2114.310051,100,23158.922761
1378.430954,100,23159.217355
2058.871377,100,23183.426519
2680.309967,100,23184.02516
2599.042394,100,23184.604373
2627.143506,100,23185.165173
2817.186537,100,23185.724531
1806.68224,100,23186.286216
1472.455622,100,23186.842132
2676.295545,100,23187.394492
2196.606317,100,23187.952696
2342.24906,100,23188.510691
3061.230978,100,23189.067681
1503.432149,100,23189.653436
406.37877,100,23190.226833
2543.456368,100,23190.785784
2496.755479,100,23191.347096
1760.187308,100,23191.912383
1966.058636,100,23192.474766
2941.766581,100,23193.030184
1285.001468,100,23193.582695
1377.683548,100,23194.193519
1678.453546,100,23194.76239
1748.235291,100,23218.629057
2428.981161,100,23219.222639
759.358371,100,23219.790853
1153.207526,100,23220.353201
1913.032284,100,23220.899701
2257.030396,100,23221.44241
2031.050714,100,23221.989106
1614.763434,100,23222.541024
1133.234083,100,23223.102957
697.175413,100,23223.65183
1307.272184,100,23224.454895
1424.495292,100,23225.005061
2374.409492,100,23225.554446
1332.760888,100,23226.101357
1428.876664,100,23226.643479
572.513181,100,23227.204342
1637.45846,100,23227.752964
1715.70019,100,23228.301597
1367.527618,100,23228.849972
2793.830226,100,23229.400439
2259.19392,100,23250.569667
2386.426179,100,23251.65709
2297.317162,100,23252.536862
825.051399,100,23253.149062
2530.458696,100,23254.199255
1244.806771,100,23254.828153
1850.698822,100,23255.426582
1492.654947,100,23255.985841
2466.379049,100,23256.541973
1444.552246,100,23257.096766
-291.053013,100,23257.649278
2367.862012,100,23258.230856
1700.133882,100,23258.793768
503.237419,100,23259.367949
2188.300691,100,23259.947642
1586.1977,100,23260.541273
1018.243149,100,23261.121479
1728.174699,100,23261.685708
1890.889133,100,23262.242152
1748.21373,100,23262.800225
1378.449347,100,23263.369009
1069.577496,100,23284.783653
1368.492719,100,23285.346349
2846.705257,100,23285.893279
2025.108665,100,23286.438675
817.83858,100,23286.986515
282.117518,100,23287.547467
1783.661651,100,23288.101412
1410.222991,100,23288.650234
1521.208889,100,23289.202377
1717.67645,100,23289.765215
921.39145,100,23290.32154
1150.034662,100,23291.077637
1606.565799,100,23291.923876
2840.260302,100,23293.60457
2021.385838,100,23294.620414
2011.870245,100,23295.264089
2233.496459,100,23296.286511
1524.366083,100,23296.871331
387.933075,100,23297.438224
1108.505431,100,23297.990821
583.204625,100,23320.175759
2619.69848,100,23320.745504
1438.306568,100,23321.299057
2742.873356,100,23321.853687
1287.635181,100,23322.409819
1482.431135,100,23322.961538
2558.023241,100,23323.527256
2018.914706,100,23324.100472
2096.249491,100,23324.688988
1712.045663,100,23325.258717
2950.622839,100,23325.80881
1869.971635,100,23326.370202
2282.939329,100,23326.929783
1592.371639,100,23327.481674
1208.401575,100,23328.051805
2052.589971,100,23328.615626
1426.3683,100,23329.175945
2514.246921,100,23329.740806
2431.233485,100,23330.318514
1559.543844,100,23330.881118
1960.274117,100,23331.432766
2384.508955,100,23355.942479
2161.120101,100,23356.495035
1186.256226,100,23357.041295
558.96429,100,23357.58699
2867.397033,100,23358.147759
1678.426916,100,23358.690498
605.949526,100,23359.244001
3518.691634,100,23359.796874
1966.50556,100,23360.351031
3204.410298,100,23360.909076
1788.981498,100,23361.457432
1083.492442,100,23361.999767
2535.832323,100,23362.545877
2091.456328,100,23363.091319
2737.209585,100,23363.640752
3329.611928,100,23364.227274
2582.516318,100,23364.786372
544.679475,100,23365.338413
1744.479225,100,23365.88963
940.902729,100,23366.436349
1537.121698,100,23392.501695
1208.708933,100,23393.082583
1947.743136,100,23393.654151
1552.56454,100,23394.24885
663.39557,100,23394.825261
1520.543792,100,23395.380499
1672.38269,100,23395.791588
3167.220864,100,23396.101585
2115.013549,100,23396.412561
1591.247911,100,23396.717056
2702.477415,100,23397.025452
3035.58998,100,23397.335017
2477.851132,100,23397.642494
2194.927054,100,23397.946356
2900.676032,100,23398.233057
2991.463362,100,23398.500233
2560.886858,100,23398.773567
2859.992845,100,23399.035063
1428.889066,100,23399.317041
1871.005442,100,23399.602724
1432.290009,100,23421.773033
2205.579396,100,23422.169594
3079.679042,100,23422.642994
1236.653772,100,23423.418084
2760.201949,100,23424.00032
1319.331119,100,23424.38173
1690.799437,100,23424.906586
1901.014542,100,23425.464021
-225.214212,100,23426.029786
2276.854762,100,23426.59307
1784.462512,100,23427.137006
3153.664225,100,23427.687021
1982.506863,100,23428.236553
2439.461468,100,23428.809117
2369.987158,100,23429.401
2205.571407,100,23430.03603
1858.793997,100,23430.616342
288.883655,100,23431.180439
1865.990279,100,23431.742788
2396.965488,100,23432.302372
2422.144535,100,23432.862397
2177.665853,100,23454.853435
2212.53739,100,23455.429626
1056.326036,100,23455.987688
2098.769,100,23456.56829
2531.54684,100,23457.125162
780.025991,100,23457.678265
1294.831084,100,23458.238206
2306.839646,100,23458.799423
1306.650181,100,23459.359696
1622.191082,100,23460.268119
2706.178199,100,23460.900241
2666.325254,100,23461.928241
1394.105273,100,23462.525071
2227.989508,100,23462.899153
2329.587555,100,23463.200748
1581.136768,100,23463.515657
1774.932339,100,23463.811021
1619.304543,100,23464.432739
1963.205743,100,23465.084782
806.75614,100,23465.873144
2652.554729,100,23488.128464
910.927842,100,23488.714813
1664.64203,100,23489.286945
1862.172928,100,23489.860424
695.801855,100,23490.420387
1942.921759,100,23490.98597
2779.813556,100,23491.557133
1640.811275,100,23492.117391
1232.41151,100,23492.675282
2281.993631,100,23493.234806
2882.159589,100,23493.790408
1306.355281,100,23494.442441
816.640113,100,23495.014551
854.826678,100,23495.580403
1927.278563,100,23496.14237
1603.170248,100,23496.701978
-592.390626,100,23497.260349
2323.57038,100,23497.822033
2147.789329,100,23498.384425
2380.906546,100,23498.944743
902.219624,100,23499.516231
1075.527265,100,23523.895244
1999.323321,100,23524.485127
1381.587164,100,23525.062867
2896.107495,100,23525.62473
2072.653495,100,23526.186474
971.560858,100,23526.741475
2682.506335,100,23527.302961
1703.018825,100,23527.862486
313.786972,100,23528.430576
-75.471041,100,23530.307446
1589.097226,100,23530.871802
1113.230328,100,23531.431742
1755.023768,100,23531.990545
1677.60207,100,23532.54731
1201.569111,100,23533.101741
1398.80715,100,23533.667451
3535.368461,100,23534.248874
2067.708606,100,23534.821053
193.869318,100,23535.398233
2030.285363,100,23535.960802
2501.10417,100,23560.672806
1472.398248,100,23561.250493
2867.772742,100,23561.805208
739.373858,100,23562.359327
2101.444408,100,23562.911361
2196.161849,100,23563.457467
1309.400309,100,23563.771085
1590.614943,100,23564.101498
449.243046,100,23564.595335
19.331953,100,23565.157934
16.1236,100,23565.709304
628.607123,100,23566.259831
3454.464825,100,23566.818448
442.289949,100,23567.37421
1766.050688,100,23567.922136
445.619426,100,23568.488618
828.478388,100,23569.04595
2702.714971,100,23569.605377
682.945882,100,23570.180483
2504.634824,100,23570.742855
904.575946,100,23571.294466
1407.258224,100,23596.042804
2331.837726,100,23596.605718
2607.274375,100,23597.162898
2817.622895,100,23597.717221
1788.767605,100,23598.301391
2244.312373,100,23598.89437
2256.167386,100,23599.481153
2542.14176,100,23600.047811
758.037214,100,23600.612378
2219.339198,100,23601.188488
742.502774,100,23601.748975
2549.68303,100,23602.305621
1019.167339,100,23602.86378
2316.271657,100,23603.419814
2384.136033,100,23603.983832
2607.998979,100,23604.550731
3027.193696,100,23605.118701
1353.509473,100,23605.685552
2455.442708,100,23606.262224
2056.315744,100,23606.824488
1840.883802,100,23628.329203
1015.438065,100,23628.923997
866.855239,100,23630.048362
1824.516975,100,23631.599449
-258.200943,100,23632.49786
1798.432782,100,23633.164163
3112.282166,100,23633.810387
1300.138584,100,23634.692657
1907.887783,100,23635.269945
1915.471351,100,23635.824835
1412.064609,100,23636.408308
1327.833476,100,23636.96441
2499.264225,100,23637.517493
1715.937792,100,23638.075088
1796.284645,100,23638.634375
1510.838812,100,23639.198593
3011.580581,100,23639.799096
1905.706497,100,23640.398583
1691.246034,100,23640.965292
221.171066,100,23641.538037
800.844632,100,23642.108994
1230.682153,100,23664.471898
1412.99093,100,23665.050283
1610.372112,100,23665.61689
2147.409328,100,23666.188498
1260.777782,100,23715.769784
792.912821,100,23716.116843
362.343121,100,23716.539163
412.207238,100,23716.850489
2359.656375,100,23717.265098
908.445867,100,23717.820654
1834.885558,100,23718.367199
1987.151686,100,23718.91857
2611.126556,100,23719.469724
1485.489663,100,23720.026006
1652.83512,100,23720.57864
846.171556,100,23721.124315
1610.072074,100,23721.674994
2388.316493,100,23722.269954
2249.114802,100,23722.86367
2102.358747,100,23723.433167
1901.477554,100,23744.137109
1474.16888,100,23744.752312
1969.393625,100,23745.319838
2559.596346,100,23745.878355
1505.306524,100,23746.43775
1945.05616,100,23747.017939
2091.102077,100,23747.577836
2954.428265,100,23748.136794
2869.964635,100,23748.698412
2866.111279,100,23749.30889
1731.156978,100,23749.87413
1246.719658,100,23750.459818
1505.494811,100,23751.021346
558.399902,100,23751.581278
1092.170473,100,23752.137632
1544.991462,100,23752.701253
2410.306526,100,23753.844953
1413.911203,100,23754.713925
2145.659122,100,23755.724938
2744.723624,100,23756.557212
2004.413922,100,23757.230741
1968.191522,100,23779.640846
1020.017999,100,23780.248943
965.852255,100,23780.794865
2208.332819,100,23781.346639
1440.949604,100,23781.896317
2375.063278,100,23782.447307
1704.899979,100,23783.027291
1694.510573,100,23783.585219
452.758694,100,23784.171685
1747.97138,100,23784.74288
2851.994137,100,23785.31627
1750.291217,100,23785.872219
827.728387,100,23786.452934
1575.022406,100,23787.003816
1616.359748,100,23787.552822
1766.41822,100,23788.100045
2023.758356,100,23788.651649
1400.251959,100,23789.208541
2387.619035,100,23789.755819
893.123478,100,23790.331568
754.446738,100,23814.815512
762.024968,100,23815.424015
1406.32967,100,23815.99139
1653.226854,100,23816.556243
398.297138,100,23817.108939
1775.751399,100,23817.66533
228.399346,100,23818.217513
1077.627882,100,23818.778224
2135.271831,100,23819.334304
3160.922952,100,23819.899487
1761.315505,100,23820.462069
407.952652,100,23821.017015
1262.093352,100,23821.567888
2610.625278,100,23822.125417
1206.852032,100,23822.682694
887.739247,100,23823.250184
347.671441,100,23823.813809
1704.273218,100,23824.398048
3359.641758,100,23824.958792
294.489371,100,23825.511
2208.870858,100,23826.072747
1490.824759,100,23849.40557
1461.111721,100,23849.861381
1426.777379,100,23850.194324
2446.946121,100,23850.523716
1429.103363,100,23850.828749
1958.909267,100,23851.11577
712.88471,100,23851.401025
2472.85532,100,23851.674722
2506.529112,100,23851.952796
2129.971984,100,23852.228704
1552.760912,100,23852.504698
-204.310548,100,23852.782192
1951.97456,100,23853.083706
2459.295792,100,23853.363732
1907.252476,100,23853.748231
475.52116,100,23854.284032
1378.617504,100,23854.892142
2578.292589,100,23855.452311
1792.961817,100,23856.010797
1586.412684,100,23856.568183
2393.009373,100,23878.238778
2971.124318,100,23878.821194
2214.18346,100,23879.385771
2290.697067,100,23879.965571
2292.839612,100,23880.538075
1899.558158,100,23881.556896
2549.332631,100,23882.605968
1274.515382,100,23883.249553
1379.254458,100,23884.331938
1688.57191,100,23884.775879
1803.078744,100,23885.093519
2271.714519,100,23885.394225
2010.898091,100,23885.683169
2335.473515,100,23885.973563
3188.877093,100,23886.264015
2184.5396,100,23886.585228
794.740818,100,23886.988428
1903.958422,100,23887.324864
1727.686817,100,23887.655323
789.305921,100,23888.212628
2854.646226,100,23888.598322
1866.147953,100,23910.68875
2385.425678,100,23911.258804
2365.206891,100,23911.819279
2891.770579,100,23912.377299
1712.47551,100,23912.940762
934.899668,100,23913.504808
1086.132365,100,23914.082275
1912.55235,100,23914.656275
1901.322315,100,23915.214652
3109.152799,100,23915.77238
272.112169,100,23916.335309
2739.039868,100,23916.890689
1535.370194,100,23917.443719
1958.174673,100,23918.00284
2541.792087,100,23918.559117
1421.879328,100,23919.119735
2005.653794,100,23919.676261
1492.547433,100,23920.240638
3062.380545,100,23920.807581
2008.929681,100,23921.381794
1816.698188,100,23946.270801
2020.241211,100,23946.86641
147.750458,100,23947.424483
494.484835,100,23947.993962
-672.144346,100,23948.557464
1885.55551,100,23949.121493
1263.116762,100,23949.678554
795.556891,100,23950.248175
2121.927655,100,23950.842407
1053.121698,100,23951.405952
507.105202,100,23951.97567
1945.614243,100,23952.53322
277.926729,100,23953.09384
1940.74374,100,23953.66733
2451.809946,100,23954.256216
1777.333392,100,23954.851898
1812.799725,100,23955.40637
3209.3594,100,23955.961542
2022.876135,100,23956.526736
2114.99314,100,23957.083711
2530.523737,100,23957.638212
2150.126619,100,23981.325133
984.778642,100,23981.87981
1989.761256,100,23982.422742
1880.698937,100,23982.971538
1618.307843,100,23983.514769
618.67804,100,23984.086936
2023.87257,100,23984.653845
2035.422219,100,23985.203787
2128.382727,100,23985.747716
1307.526297,100,23986.296972
2688.069654,100,23986.878363
2361.046253,100,23987.425941
1886.672528,100,23987.975054
1858.905929,100,23988.519019
2655.667462,100,23989.076493
1575.420447,100,23989.626798
2730.962396,100,23990.179735
-137.763527,100,23990.730585
2874.449476,100,23991.295863
2293.697146,100,23991.851811
2593.297764,100,24017.849395
1204.237518,100,24018.191383
2320.972691,100,24018.501646
2267.683468,100,24018.825514
-790.45356,100,24019.120071
1469.027592,100,24019.398435
2768.145435,100,24019.672716
303.745517,100,24019.946141
1384.541309,100,24020.240068
781.944807,100,24020.513576
2471.882614,100,24020.784078
2182.965981,100,24021.056721
638.046675,100,24021.322834
1899.321507,100,24021.608035
1667.337795,100,24021.875343
-511.911251,100,24022.141102
1711.665157,100,24022.411076
1926.919283,100,24022.673985
1291.741485,100,24022.946782
1118.31863,100,24023.207872
1753.1658,100,24023.471631
1992.241322,100,24044.095004
487.391186,100,24044.676219
1637.445634,100,24045.235401
2377.754139,100,24045.79476
1169.122192,100,24046.350225
1067.671907,100,24046.942015
251.264271,100,24047.495893
2823.143418,100,24048.059774
-135.053728,100,24048.613991
1212.891262,100,24049.596549
876.478813,100,24050.231164
1508.714008,100,24051.30168
1067.477428,100,24051.948617
2599.383718,100,24052.767884
1151.529163,100,24053.377584
2618.603371,100,24054.452361
1876.732246,100,24055.090638
1731.83424,100,24055.654346
617.725409,100,24056.228897
1338.360842,100,24056.781862
1978.074752,100,24079.016451
2051.897705,100,24079.595801
1886.404695,100,24080.156328
2404.547838,100,24080.75782
1597.520611,100,24081.316007
1060.137389,100,24081.884429
1488.190297,100,24082.453846
-607.307185,100,24083.012329
1532.664545,100,24083.578397
3383.991912,100,24084.151088
2093.50178,100,24084.765343
2822.224914,100,24085.328041
1972.181797,100,24085.893806
2164.46628,100,24086.456104
2296.541578,100,24087.023862
2228.011091,100,24087.585948
708.64723,100,24088.148249
1470.802501,100,24088.714809
2601.520393,100,24089.282713
1281.713919,100,24089.862045
2632.626678,100,24090.424076
1608.813727,100,24114.051255
1414.409215,100,24114.545894
411.873456,100,24115.068157
-34.94035,100,24115.614713
3281.757719,100,24116.152692
1175.099915,100,24116.698628
1902.489257,100,24117.235167
2436.066851,100,24117.685228
1027.639191,100,24117.950588
2792.510274,100,24118.217567
2165.992412,100,24118.482595
1179.954624,100,24118.749106
1577.706736,100,24119.023243
293.112037,100,24119.287048
2023.548818,100,24119.554243
1134.437726,100,24119.821614
3559.789073,100,24120.085093
2252.982085,100,24120.366491
1157.541089,100,24120.632614
820.244672,100,24120.901861
1567.649192,100,24143.759303
1989.880257,100,24144.339876
1488.65071,100,24144.925169
686.912302,100,24145.519032
2172.51688,100,24146.151838
2746.246254,100,24146.706836
2265.039239,100,24147.250457
2611.029034,100,24147.819965
1018.960028,100,24148.367703
2303.993316,100,24148.922418
587.529868,100,24149.47227
694.382545,100,24150.03124
3046.395089,100,24150.595597
1883.980318,100,24151.139049
1358.807566,100,24151.6943
2083.113768,100,24152.24302
3015.114655,100,24152.810311
1531.636332,100,24153.361682
908.727252,100,24153.922343
-765.702121,100,24154.498787
2888.725991,100,24155.051462
3145.924495,100,24177.003083
2193.569583,100,24177.439611
1297.945465,100,24178.2493
591.935203,100,24178.639879
3009.656199,100,24178.96747
2160.804211,100,24179.689371
-309.337416,100,24180.309858
1206.398622,100,24181.000778
985.798129,100,24181.702819
2726.807829,100,24182.317427
1318.847839,100,24182.888372
2115.961737,100,24183.464096
638.637118,100,24184.026618
3451.529899,100,24184.602825
740.677053,100,24185.169258
2680.642274,100,24185.729727
1094.16381,100,24186.283072
2154.287363,100,24186.864666
1993.93804,100,24187.463834
1881.327134,100,24188.045501
1585.172928,100,24210.143059
746.299555,100,24210.72466
1798.723268,100,24211.275876
1337.425597,100,24211.824779
1320.549942,100,24212.374225
2789.866711,100,24212.922876
953.918506,100,24213.49668
1900.004656,100,24214.061623
486.504976,100,24214.633241
1601.858216,100,24215.188837
2142.72259,100,24215.74036
614.790389,100,24216.28885
1147.750369,100,24216.833291
2545.672685,100,24217.38221
1863.422209,100,24218.317243
3273.868422,100,24218.640552
1484.226159,100,24219.030872
1583.807326,100,24219.943506
1674.649978,100,24220.851419
789.469833,100,24221.502044
2188.761854,100,24222.120513
1563.158068,100,24245.047729
1899.056903,100,24245.611635
446.415047,100,24246.159483
2232.494733,100,24246.712206
2152.576121,100,24247.255458
1769.77498,100,24247.805619
251.374023,100,24248.367539
1925.22468,100,24248.918578
1345.740718,100,24249.495591
1475.426408,100,24250.044807
1793.289428,100,24250.607969
2872.540849,100,24251.154584
1690.398085,100,24251.706251
2063.309095,100,24252.249866
2194.183526,100,24252.800334
533.076584,100,24253.344327
1979.186506,100,24253.918648
2243.973962,100,24254.502564
1980.011186,100,24255.056669
1902.797009,100,24255.607938
-15.413644,100,24279.041887
2233.623246,100,24279.622804
2005.789688,100,24280.180832
2284.505002,100,24280.758638
3094.971865,100,24281.314854
2605.630476,100,24281.87436
404.580311,100,24282.435893
1480.179751,100,24282.994359
3315.984903,100,24283.557535
1888.259604,100,24284.136055
1243.472427,100,24284.730965
2183.572365,100,24285.292408
1884.797301,100,24285.858349
2165.082661,100,24286.424808
508.164668,100,24286.988771
2442.326802,100,24287.559061
2920.365831,100,24288.11383
2198.990864,100,24288.674951
2399.789564,100,24289.238408
1836.414921,100,24289.842769
1401.358648,100,24315.53331
2401.113398,100,24316.135618
2193.881805,100,24316.710416
1698.994964,100,24317.287365
1480.14429,100,24317.890807
2216.837139,100,24318.464449
2265.057802,100,24319.015829
3214.892262,100,24319.570698
1935.72423,100,24320.11606
745.714776,100,24320.669344
1316.211078,100,24321.218434
2372.955404,100,24321.764781
1877.06428,100,24322.321601
2368.934558,100,24322.874207
409.082814,100,24323.421258
2247.859433,100,24323.985022
2356.936942,100,24324.564485
2422.629256,100,24325.123051
2216.966905,100,24325.671871
2645.557836,100,24326.245746
2627.766835,100,24326.799006
2660.901992,100,24349.001774
1360.09283,100,24349.348787
2981.910478,100,24349.742299
1557.529629,100,24350.2527
1218.402126,100,24351.331593
2168.346776,100,24351.737181
1516.971905,100,24352.381552
2087.29046,100,24352.992684
1772.484922,100,24353.563315
2691.580837,100,24354.135504
89.922821,100,24354.702352
2157.349185,100,24355.258122
2499.218788,100,24355.81471
1698.643527,100,24356.383122
2255.881224,100,24356.930659
526.083033,100,24357.481668
1577.272943,100,24358.026711
2039.04686,100,24358.583612
2114.456114,100,24359.169011
2693.135344,100,24359.764396
2724.790494,100,24382.059102
1963.552698,100,24382.641341
2116.829622,100,24383.198305
1418.770057,100,24383.780946
2461.761369,100,24384.35931
2317.107493,100,24384.91885
2485.16498,100,24385.518506
2415.840715,100,24386.083311
1715.943401,100,24386.645361
2399.703605,100,24387.19866
-6.586861,100,24387.759242
581.832076,100,24388.318161
977.8705,100,24388.875267
1589.036611,100,24389.454713
1127.720162,100,24390.27583
2685.273457,100,24390.580931
937.959299,100,24390.993292
2667.589266,100,24391.655793
389.817109,100,24392.629846
2576.66711,100,24393.407451
2704.786403,100,24394.147354
2324.674111,100,24416.42507
2110.636482,100,24417.000379
1978.850051,100,24417.56657
1787.045118,100,24418.12699
73.809768,100,24418.692766
2539.481103,100,24419.25526
1619.194182,100,24419.820571
529.901497,100,24420.398226
1198.159773,100,24420.969432
2306.124553,100,24421.55016
3043.679618,100,24422.108229
1561.257573,100,24422.665269
312.057905,100,24423.216305
2375.858928,100,24423.777296
1831.494826,100,24424.357394
1985.088272,100,24424.921772
2243.794802,100,24425.495499
2385.606912,100,24426.058502
257.772305,100,24426.625779
2304.63273,100,24427.177266
1606.547616,100,24451.670212
2246.055734,100,24452.240138
2326.421331,100,24452.793343
1318.518063,100,24453.360615
1949.460961,100,24453.907099
1587.742775,100,24454.486837
2264.627395,100,24455.036068
851.509511,100,24455.584471
-151.111638,100,24456.128605
802.197131,100,24456.678485
1271.742808,100,24457.218895
2258.669973,100,24457.779193
1581.795211,100,24458.32242
1405.719936,100,24458.869839
2126.638213,100,24459.431855
1892.179053,100,24459.99126
1219.134688,100,24460.540686
1757.369586,100,24461.089648
2421.894317,100,24461.635307
2920.950588,100,24462.17871
926.615121,100,24462.738353
1137.832526,100,24486.989469
3411.141381,100,24487.551586
2079.038771,100,24488.113825
1839.031605,100,24488.707815
2811.792323,100,24489.291111
2095.413338,100,24489.860458
1283.701591,100,24490.416335
2207.150756,100,24490.988588
2280.075743,100,24491.551896
2605.793064,100,24492.108715
1670.603609,100,24492.664129
2634.037457,100,24493.214954
-1134.065202,100,24493.792233
1752.825379,100,24494.373529
1058.970087,100,24494.936282
2332.370185,100,24495.493066
3131.687444,100,24496.053723
1444.682051,100,24496.640561
1618.092829,100,24497.199216
1803.235284,100,24497.757195
2504.733798,100,24520.144541
952.303483,100,24520.826561
334.925353,100,24521.625041
2036.76892,100,24522.593077
2870.673449,100,24523.279723
1946.480403,100,24523.931212
1821.780828,100,24524.752939
2337.75485,100,24525.326941
2518.362057,100,24525.87603
2224.594146,100,24526.45643
2568.310865,100,24527.043352
1949.769887,100,24527.595273
2015.797658,100,24528.140724
1046.525673,100,24555.024332
2593.246478,100,24555.571574
3011.668492,100,24556.137566
2360.694318,100,24556.697882
3122.568252,100,24557.287613
2142.994487,100,24557.848585
2103.524103,100,24558.411082
-986.181152,100,24558.980454
2309.491693,100,24583.625295
2558.431821,100,24584.222078
1467.208013,100,24584.801187
1123.96569,100,24585.359789
1150.690729,100,24585.912777
2650.437372,100,24586.471473
1632.257933,100,24587.065557
2101.342206,100,24587.621412
851.943015,100,24588.173367
1161.689027,100,24588.724807
2737.504353,100,24589.275005
2007.737005,100,24589.833483
2294.70284,100,24590.383342
2781.884015,100,24590.941982
3050.209804,100,24591.488886
-1265.674348,100,24592.065059
2545.137814,100,24592.625375
2110.947004,100,24593.181808
122.594948,100,24593.747277
2520.107656,100,24594.326691
1234.065604,100,24618.624133
1266.838996,100,24619.204975
2612.274796,100,24619.771429
2081.480134,100,24620.32769
1341.397094,100,24620.889931
1417.169683,100,24621.458591
2869.768128,100,24622.027582
1049.160873,100,24622.424451
1478.6803,100,24622.711207
1072.402643,100,24622.995472
1915.924703,100,24623.270987
1330.250892,100,24623.620009
2139.869603,100,24623.975642
1073.228456,100,24624.273883
2973.63991,100,24624.577464
1762.845637,100,24624.853242
-690.545007,100,24625.129482
1134.544785,100,24625.407488
2079.336324,100,24625.684996
1408.980905,100,24625.959
2119.104558,100,24626.233346
1723.633326,100,24650.724329
1860.11575,100,24651.57705
1431.657306,100,24651.966664
1555.004165,100,24653.374443
1671.504544,100,24653.775455
32.395008,100,24654.091128
1357.331486,100,24654.394479
3057.136961,100,24654.747884
2822.327872,100,24655.119261
1341.266888,100,24655.487121
1979.15551,100,24655.925761
409.856054,100,24656.265588
1369.877405,100,24656.553897
1534.079447,100,24656.840145
1792.953388,100,24657.119169
2397.197108,100,24657.395139
741.602446,100,24657.668829
3042.227762,100,24657.951539
2001.378878,100,24658.224339
240.648558,100,24658.498344
2310.405188,100,24680.234098
3042.741984,100,24680.812326
2323.439715,100,24681.383866
1031.889991,100,24681.946784
780.387969,100,24682.502182
932.569778,100,24683.061425
2109.108541,100,24683.618219
672.240608,100,24684.192974
3102.619532,100,24684.777998
1472.685614,100,24685.332419
1364.115614,100,24685.899352
1701.100097,100,24686.451471
1528.555526,100,24687.008291
1109.315214,100,24687.560871
2207.707806,100,24688.118237
2457.187353,100,24688.677204
-54.20029,100,24689.234539
63.424658,100,24689.800957
2610.056631,100,24690.358711
1148.240568,100,24690.914291
1850.366245,100,24691.475365
2164.343005,100,24716.997695
2303.541799,100,24717.574518
3757.532995,100,24718.137848
2790.0204,100,24718.740502
1271.50136,100,24719.293824
2288.404218,100,24719.861658
1535.668706,100,24720.427978
1806.009212,100,24720.98902
3495.83542,100,24721.552272
953.222428,100,24722.11172
3088.625968,100,24722.667407
2308.011174,100,24723.242433
2771.215723,100,24723.807999
2196.181991,100,24724.406608
1821.780823,100,24724.977806
2101.615853,100,24725.540782
3366.799372,100,24726.100775
1446.713542,100,24726.657839
2521.095273,100,24727.214628
1981.675493,100,24727.781709
2195.387284,100,24750.632562
1814.454332,100,24750.926977
1215.871603,100,24751.232221
2729.237386,100,24751.506214
1674.444125,100,24751.776487
2801.858447,100,24752.046361
2386.348464,100,24752.311969
2381.9466,100,24752.576635
1856.308789,100,24752.849402
2742.660176,100,24753.110656
1836.2503,100,24753.372599
1874.273787,100,24753.645227
3173.77475,100,24753.920823
2329.855496,100,24754.224084
2314.816223,100,24754.500679
1681.157861,100,24754.777452
2665.162496,100,24755.040555
1086.959391,100,24755.311781
1592.525186,100,24755.576288
2458.203725,100,24755.870063
2209.812089,100,24756.148032
1559.269055,100,24776.878282
949.34684,100,24777.442441
1998.561827,100,24777.99823
3792.594736,100,24778.554404
965.190754,100,24779.133741
2320.91686,100,24779.687119
2626.393593,100,24780.264283
1700.271893,100,24781.200796
1659.670826,100,24781.817433
1570.689753,100,24782.828151
1386.07387,100,24784.361882
1827.989239,100,24784.979062
933.625568,100,24785.81262
59.283009,100,24786.424448
2207.283608,100,24786.987387
2168.093536,100,24787.545682
570.701971,100,24788.112264
2280.801999,100,24788.673523
2282.383978,100,24789.250363
2040.2034,100,24789.815306
1764.508988,100,24812.032849
2408.389388,100,24812.613355
2362.72287,100,24813.170364
2057.285701,100,24813.742832
1497.083575,100,24814.321733
2593.451773,100,24814.908872
974.8151,100,24815.468451
2005.027886,100,24816.038873
2572.256259,100,24816.598473
3274.64473,100,24817.154426
978.058795,100,24817.714739
412.915569,100,24818.275944
1405.774908,100,24818.83797
2932.437217,100,24819.402754
179.221672,100,24819.964771
1486.958056,100,24820.524549
2310.277337,100,24821.084819
3040.529884,100,24821.654411
1947.503295,100,24822.221498
2833.108679,100,24823.339988
2288.419286,100,24824.115039
1762.03797,100,24847.965055
1547.210377,100,24848.544141
2540.08946,100,24849.110985
815.912038,100,24849.707662
2232.560429,100,24850.270767
1668.581041,100,24850.831819
852.642286,100,24851.394401
2347.688107,100,24851.957186
1000.64135,100,24852.513443
2261.208955,100,24853.066711
1156.334537,100,24853.626569
1371.58344,100,24854.19811
1512.713385,100,24854.781514
864.086276,100,24855.327764
-692.890408,100,24855.87562
1596.24584,100,24856.435182
2102.758646,100,24856.988311
1456.523056,100,24857.537041
2593.922739,100,24858.087278
1408.761759,100,24858.645853
3416.132106,100,24882.704448
954.77446,100,24883.267849
3042.047367,100,24883.902524
1687.0932,100,24884.48254
610.680922,100,24885.033784
1877.287609,100,24885.579332
1891.933801,100,24886.136978
1420.193438,100,24886.690934
1235.002874,100,24887.235084
1159.914941,100,24887.786899
856.799126,100,24888.331448
2818.280606,100,24888.881993
2420.044321,100,24889.431198
994.802184,100,24890.022411
1979.402396,100,24890.590003
640.023932,100,24891.136161
933.503378,100,24891.717861
1420.063308,100,24892.274305
2144.196741,100,24892.829525
1735.149916,100,24893.371751
1156.372061,100,24893.933298
2182.019577,100,24917.806858
2870.414523,100,24918.355343
2248.509748,100,24918.900718
2085.82028,100,24919.443057
2628.938945,100,24919.990358
1788.171806,100,24920.559476
829.880302,100,24921.144424
2061.309734,100,24921.734476
2222.972576,100,24922.295439
2012.196182,100,24922.865777
2778.686385,100,24923.419716
1451.127759,100,24923.986108
625.991608,100,24924.560606
307.715682,100,24925.118279
1642.641532,100,24925.675866
1258.014436,100,24926.230282
2626.138706,100,24926.784066
2307.889429,100,24927.332245
2279.552266,100,24927.907049
1519.008069,100,24928.465713
2201.515887,100,24950.665036
-325.686943,100,24951.244894
1376.453419,100,24952.063845
1921.982249,100,24952.891037
2481.054452,100,24954.16115
1995.794106,100,24954.739989
2209.821148,100,24955.053868
1562.578187,100,24955.766496
1723.298654,100,24956.387416
2908.385984,100,24957.000994
3375.097368,100,24957.591478
140.110868,100,24958.151312
1478.100667,100,24958.718528
466.622717,100,24959.273364
2606.010956,100,24959.834396
1283.506571,100,24960.389524
2080.867631,100,24960.983389
1512.030226,100,24961.547886
1675.896604,100,24962.128291
355.032006,100,24962.727752
1219.794318,100,24963.299307
2283.288179,100,24985.700188
2609.396347,100,24986.255281
2253.829196,100,24986.812244
2496.712038,100,24987.365842
3126.864764,100,24987.916869
1522.000236,100,24988.475288
1423.191124,100,24989.088605
3021.456367,100,24989.649819
2441.257404,100,24990.208951
2885.82475,100,24990.773289
1752.957331,100,24991.329252
178.56219,100,24991.898826
1515.505378,100,24992.455489
2890.276355,100,24993.214975
1674.957992,100,24994.73722
102.406791,100,24995.961671
1316.067025,100,24996.869988
1918.598232,100,24997.488806
2748.836397,100,24998.084163
1476.46474,100,24998.774093
2647.541408,100,25021.611008
1611.379728,100,25022.184355
1431.277498,100,25022.744773
-138.722762,100,25023.311934
1849.515626,100,25023.874422
1682.045205,100,25024.519743
1535.292987,100,25025.073065
2172.613586,100,25025.648292
2919.062306,100,25026.207721
736.222056,100,25026.76327
1733.141136,100,25027.313892
494.056463,100,25027.870296
2777.641323,100,25028.427588
1924.889045,100,25028.985278
2075.519004,100,25029.576857
2312.55888,100,25030.132668
2211.443983,100,25030.694637
2639.271091,100,25031.251544
1569.849891,100,25031.819582
1757.079255,100,25032.377797
2351.54449,100,25032.927115
2303.686236,100,25057.571645
2649.076255,100,25058.128338
2288.818725,100,25058.680457
1154.347032,100,25059.232761
1926.873477,100,25059.785297
1206.785866,100,25060.340783
1918.235978,100,25060.903235
583.016605,100,25061.471055
1054.104576,100,25062.047022
378.519742,100,25062.619358
1290.805868,100,25063.200356
2271.48763,100,25063.790824
1754.789244,100,25064.385483
1425.27835,100,25064.950786
1647.507901,100,25065.504573
1908.570729,100,25066.061333
2351.633595,100,25066.624577
2092.69111,100,25067.202843
2303.345745,100,25067.767351
2534.62306,100,25068.322031
1545.755695,100,25093.382882
2493.720256,100,25093.96571
1844.49669,100,25094.545401
947.055949,100,25095.10615
1592.343184,100,25095.685334
3258.094356,100,25096.248005
980.254333,100,25096.813298
2860.49937,100,25097.370634
3157.335286,100,25097.935369
1604.45788,100,25098.49408
2202.219802,100,25099.064057
2456.927543,100,25099.631728
707.061131,100,25100.190864
323.065607,100,25100.765792
2850.786412,100,25101.3263
2003.294514,100,25101.899866
2247.012845,100,25102.462396
2725.85324,100,25103.023254
2312.815504,100,25103.590815
1837.809176,100,25104.177999
1956.951615,100,25104.751466
3508.837742,100,25129.243001
843.523875,100,25129.814443
1445.393432,100,25130.371851
2153.947579,100,25130.943142
1497.214323,100,25131.537314
2672.080798,100,25132.200315
3064.497826,100,25132.790794
2305.857426,100,25133.353725
2459.102684,100,25133.922049
1796.535199,100,25134.50177
2466.154874,100,25135.062367
1789.956798,100,25135.6238
-54.06198,100,25136.178982
330.396454,100,25136.741265
1172.267613,100,25137.291303
2270.375443,100,25137.854708
2313.35983,100,25138.432804
1342.643082,100,25138.995254
1609.170687,100,25139.553473
1367.473859,100,25140.129942
2344.890895,100,25161.36251
2083.868631,100,25161.645074
1808.897443,100,25161.939331
2606.674805,100,25162.242075
2657.203799,100,25163.206485
1908.602868,100,25164.022421
1053.214042,100,25165.118299
3323.824524,100,25165.92038
2765.635544,100,25166.536632
2677.415009,100,25167.333538
2498.998254,100,25167.987001
1701.290029,100,25168.56136
1924.381618,100,25169.113535
721.581812,100,25169.68094
2318.662122,100,25170.24837
539.851241,100,25170.836371
1941.408647,100,25171.391376
-76.486724,100,25171.95877
1548.606798,100,25172.583848
3028.179573,100,25173.417804
2641.088873,100,25196.232197
1747.623668,100,25196.819678
1760.092844,100,25197.373829
2284.224275,100,25197.92677
1656.915719,100,25198.485349
2013.2978,100,25199.037714
2803.822607,100,25199.598659
1675.822384,100,25200.159184
1887.354887,100,25200.719626
2110.66267,100,25201.284197
2631.53734,100,25201.820948
1285.683501,100,25202.370788
1487.44062,100,25202.918738
707.089498,100,25203.461095
1211.207119,100,25204.181478
1691.504358,100,25205.302087
1908.16386,100,25206.233044
2606.939714,100,25207.374141
2611.834675,100,25208.019469
878.248222,100,25208.602301
482.464108,100,25209.221711
2756.957401,100,25232.320799
492.4039,100,25232.893246
920.335962,100,25233.454841
2137.24558,100,25234.040878
1844.791395,100,25234.609427
2948.947845,100,25235.157346
2707.772537,100,25235.456183
2756.972549,100,25235.728354
830.72991,100,25236.005565
2321.761529,100,25236.287174
1177.935213,100,25236.568204
2331.603459,100,25236.84519
2930.161905,100,25237.125555
2936.137167,100,25237.401946
834.285084,100,25237.678996
1861.567228,100,25237.954516
2081.688728,100,25238.227588
2701.91836,100,25238.524594
2242.49205,100,25238.804599
2747.875507,100,25239.087186
2844.448877,100,25265.263819
2741.905201,100,25265.567516
1154.27608,100,25265.844405
1780.631841,100,25266.115744
2650.159887,100,25266.398482
927.826752,100,25266.661274
2599.462762,100,25266.926469
2145.419051,100,25267.190918
1934.394899,100,25267.471999
-188.282052,100,25267.735253
2983.732713,100,25268.000085
2646.041768,100,25268.263515
2361.972993,100,25268.541774
1748.283125,100,25268.810624
136.531568,100,25269.077764
1478.896164,100,25269.374837
1147.060588,100,25269.644715
1881.287391,100,25269.903755
-443.017819,100,25270.173126
3014.986796,100,25270.459797
2570.839234,100,25270.759421
1185.583538,100,25294.227389
1456.847413,100,25294.898938
1491.954385,100,25295.510627
1348.059678,100,25296.219283
2404.000674,100,25296.819608
1277.265395,100,25297.371697
1077.631621,100,25297.918747
1875.333755,100,25298.463718
477.513375,100,25299.015105
1813.215326,100,25299.58069
966.413848,100,25300.134428
1715.287588,100,25300.728162
1632.433367,100,25301.318727
1170.403212,100,25301.87279
2559.260723,100,25302.43283
3294.594128,100,25302.983264
2029.167421,100,25303.530042
664.551774,100,25304.018025
1039.754926,100,25304.32278
1735.952138,100,25304.605892
1545.913147,100,25326.33625
995.960518,100,25326.918666
1113.929013,100,25327.481347
590.508427,100,25328.035934
1812.48201,100,25328.596327
1959.323706,100,25329.159471
1598.009394,100,25329.724728
1915.362347,100,25330.281771
3233.513955,100,25330.859748
1116.79528,100,25331.9211
1968.048508,100,25332.560454
2237.60213,100,25334.751592
2751.057305,100,25335.464697
2315.592899,100,25336.066135
2835.270021,100,25336.640461
1850.798365,100,25337.197748
931.872807,100,25337.777983
1927.001878,100,25338.352276
2307.405574,100,25338.908395
1704.092223,100,25339.466443
1914.055113,100,25340.012101
2016.145827,100,25360.323935
2337.835144,100,25360.616432
2805.715371,100,25360.90584
1830.695083,100,25361.178725
1451.440828,100,25361.44376
2759.520402,100,25361.705693
991.042055,100,25362.003235
2522.514081,100,25362.279946
1867.942106,100,25362.552869
2386.965802,100,25362.812194
1629.527058,100,25363.079629
1801.679846,100,25363.33665
1287.925764,100,25363.614343
1286.192063,100,25363.88919
1591.31662,100,25364.186552
2263.138995,100,25364.481217
2180.075078,100,25364.756141
2468.193578,100,25365.02492
1468.977873,100,25365.287876
1585.39874,100,25365.558505
1653.843219,100,25387.585464
2382.824928,100,25421.678889
1688.254559,100,25422.304838
2343.893004,100,25422.901892
2381.926695,100,25423.528797
2931.197294,100,25424.235592
2155.918777,100,25424.857327
2501.187176,100,25425.442543
2103.403777,100,25426.011077
2348.238785,100,25426.578897
724.3445,100,25427.13732
1631.555552,100,25427.689105
2306.336574,100,25428.23701
1526.66643,100,25428.799417
2331.39393,100,25429.38773
-611.562239,100,25429.98126
3341.345005,100,25430.543383
1689.656795,100,25431.113278
1716.125252,100,25431.672962
2244.833117,100,25432.221598
2120.76117,100,25432.777268
1891.839503,100,25454.568994
307.978753,100,25455.149209
2175.665176,100,25455.715129
3713.534656,100,25456.262624
2592.193832,100,25456.820298
2650.525097,100,25457.367462
2602.850893,100,25457.920876
916.066799,100,25458.462199
2410.804735,100,25459.011597
2159.164755,100,25459.560438
1636.112798,100,25460.237124
2608.665199,100,25460.824484
2141.087235,100,25461.455408
2033.71893,100,25462.693562
1597.00478,100,25463.47958
1429.792241,100,25464.142238
545.820007,100,25464.771594
952.826253,100,25465.632578
503.414511,100,25466.241977
2161.796283,100,25466.828395
2131.919377,100,25489.462746
-1603.592972,100,25490.040871
1571.181752,100,25490.618778
2070.313312,100,25491.184235
2698.329655,100,25491.757742
1698.050355,100,25492.336498
-472.650308,100,25492.90012
2887.995644,100,25493.450052
2059.054032,100,25494.019304
2345.121969,100,25494.591614
635.820256,100,25495.146487
2172.271633,100,25495.736959
850.278809,100,25496.286938
2111.032402,100,25496.837163
-346.579038,100,25497.376812
1435.451476,100,25497.926448
1396.293901,100,25498.47407
1355.309764,100,25499.018988
1899.164519,100,25499.563445
2011.465973,100,25500.107724
932.421526,100,25500.658445
3552.693387,100,25524.180565
1672.952215,100,25524.764805
2829.024829,100,25525.313134
1816.190107,100,25525.874078
1699.748745,100,25526.635831
2303.652385,100,25527.208575
2312.032168,100,25527.762632
2607.945808,100,25528.342135
2983.618743,100,25528.909114
321.861202,100,25529.47677
1413.527277,100,25530.034169
860.484176,100,25530.591124
1088.370186,100,25531.146588
2087.788244,100,25531.701664
1849.792909,100,25532.258888
3448.838292,100,25532.839644
1766.023697,100,25533.395771
2294.57772,100,25533.9993
1594.873584,100,25534.584774
2964.549261,100,25535.144491
1762.518024,100,25558.416506
1252.850066,100,25558.719074
2030.26286,100,25559.003475
2806.257826,100,25559.281689
943.730976,100,25559.555812
2247.469342,100,25559.830704
1010.890324,100,25560.099714
2368.466361,100,25560.375693
2236.558091,100,25560.647764
2797.10577,100,25560.916542
-136.688671,100,25561.19067
1507.58971,100,25561.461704
1507.74554,100,25561.737098
760.849769,100,25562.016923
758.510522,100,25562.301499
970.444674,100,25562.586984
2638.519658,100,25562.85925
2183.391161,100,25563.122134
1572.14363,100,25563.399511
2138.622284,100,25563.693671
1018.024937,100,25564.003951
1497.535782,100,25585.032187
46.807577,100,25585.591858
2497.225722,100,25586.137839
845.506035,100,25586.689642
905.949656,100,25587.470865
2370.572808,100,25588.229551
-151.783406,100,25588.678664
1325.013175,100,25589.465881
1989.712864,100,25589.828172
1343.816424,100,25590.324417
-239.008497,100,25590.740041
1754.361176,100,25591.157176
1843.16182,100,25591.47272
2218.211852,100,25591.830226
1730.938034,100,25592.406371
930.822504,100,25592.813307
702.648602,100,25593.091274
2351.418492,100,25593.365734
1888.386321,100,25593.658433
687.268723,100,25593.943955
1725.7879,100,25614.393091
1694.208193,100,25614.718335
1974.25089,100,25615.024841
2872.460336,100,25615.318046
1149.501159,100,25615.611367
2643.00432,100,25615.904994
1221.041136,100,25616.209483
2479.693842,100,25616.494845
3109.197415,100,25616.794843
2534.694427,100,25617.07615
752.093003,100,25617.361843
1578.392807,100,25617.643079
2512.482832,100,25617.92407
2140.139246,100,25618.203221
1387.828214,100,25618.48881
3385.778743,100,25618.772738
3016.147137,100,25619.061097
1994.526445,100,25619.349579
1893.456419,100,25619.631867
1495.600959,100,25619.915231
815.273965,100,25620.204642
2305.046953,100,25644.205676
2584.68125,100,25644.530398
1412.284396,100,25644.814176
1635.107051,100,25645.091542
773.245696,100,25645.361993
1684.538835,100,25645.643888
1865.056951,100,25645.939188
2667.895663,100,25646.231755
1558.310586,100,25646.508835
2034.960914,100,25646.783108
1878.025459,100,25647.067241
2125.011478,100,25647.339717
2609.217271,100,25647.611202
2062.016244,100,25647.877724
2954.34106,100,25648.149633
2703.865755,100,25648.414642
2238.311898,100,25648.685158
1404.856716,100,25648.959198
2126.974971,100,25649.234421
1897.063717,100,25649.51631
2412.04218,100,25670.75587
1770.60333,100,25671.050186
2659.375828,100,25671.326496
2296.200309,100,25671.608139
2137.748579,100,25671.876424
2473.056514,100,25672.14976
1524.008357,100,25672.422123
670.875784,100,25673.231943
728.32466,100,25673.925977
3243.321219,100,25674.665534
1860.448615,100,25675.513408
3074.483047,100,25675.908361
7.719952,100,25676.436822
1541.192446,100,25676.723286
457.936301,100,25677.007034
2412.247537,100,25677.370616
2647.855753,100,25677.724449
973.818574,100,25678.05907
1856.223017,100,25678.385124
2830.534174,100,25678.668396
2143.090957,100,25678.953134
651.734801,100,25700.518756
177.589746,100,25701.089056
1342.372968,100,25701.667718
2172.931292,100,25702.219972
1762.41123,100,25702.783172
2278.785144,100,25703.336477
1636.360955,100,25703.900861
1364.322489,100,25704.471615
3203.733558,100,25705.038937
3122.158215,100,25705.593511
2943.55027,100,25706.157055
216.859662,100,25706.708223
2831.270996,100,25707.260187
873.846417,100,25707.817101
2232.470995,100,25708.368648
1341.351835,100,25708.926188
3164.109503,100,25709.478617
2525.066613,100,25710.027333
2753.167474,100,25710.584639
2263.632824,100,25711.163802
1940.377239,100,25735.655344
532.97886,100,25736.229988
2332.104637,100,25736.784166
2715.188072,100,25737.329105
989.251589,100,25737.88881
657.721025,100,25738.435866
1682.867271,100,25738.984334
1488.76479,100,25739.529217
1602.736472,100,25740.075545
2135.117128,100,25740.623256
1513.806257,100,25741.165541
2152.007833,100,25741.718657
2835.760074,100,25742.266405
2411.517581,100,25742.839396
2057.535584,100,25743.394798
1060.028056,100,25743.953962
2771.164338,100,25744.521023
3790.924039,100,25745.072383
2148.968596,100,25745.61805
2026.014742,100,25746.166707
-1116.248567,100,25746.712261
1163.112178,100,25769.539326
2146.154209,100,25770.109815
1998.482662,100,25770.694786
2884.444203,100,25771.249255
2457.273533,100,25771.80965
3095.06511,100,25772.361948
1601.204468,100,25772.925558
2662.511538,100,25773.490386
902.033446,100,25774.068227
2485.944123,100,25774.643826
2682.185407,100,25775.198549
1585.869086,100,25775.755968
3078.391233,100,25776.309715
2400.450965,100,25776.867202
2040.137877,100,25777.419941
1666.080512,100,25777.976068
1005.482978,100,25778.546546
2319.558471,100,25779.111819
2466.699538,100,25779.669232
1815.170933,100,25780.221338
2906.596204,100,25802.994571
2903.880225,100,25804.434404
2254.066623,100,25804.798666
2421.714459,100,25805.272089
1173.731417,100,25805.619019
1615.010717,100,25806.043671
2856.462439,100,25806.561082
2655.206968,100,25807.134084
1910.847262,100,25807.677487
2043.337225,100,25808.239037
3124.804897,100,25808.802657
1820.919054,100,25809.351201
-178.024464,100,25809.900222
33.044862,100,25810.47594
255.373368,100,25811.069801
307.797182,100,25811.647201
2336.838941,100,25811.920362
2893.19616,100,25812.184309
2610.590522,100,25812.448871
1674.663946,100,25812.729679
855.638565,100,25813.0057
1915.784184,100,25835.393192
2386.737813,100,25835.957937
3058.872567,100,25836.516595
1689.644082,100,25837.07739
2446.775032,100,25837.64676
2115.638616,100,25838.206358
356.537718,100,25838.783028
2923.538151,100,25839.351711
1767.32976,100,25839.910228
1564.228948,100,25840.463886
1042.650553,100,25841.023961
2740.610063,100,25842.122434
2529.735391,100,25842.972559
1746.078237,100,25844.407122
1381.92006,100,25845.019439
844.461726,100,25845.508652
1971.696335,100,25845.955685
3392.734392,100,25846.264701
1988.384461,100,25846.684694
2266.095041,100,25847.010635
1408.521836,100,25871.224181
2160.109829,100,25871.806318
550.406147,100,25872.370513
1902.493277,100,25872.935142
-1019.266383,100,25873.495029
2836.280197,100,25874.117491
920.539934,100,25874.699886
1746.69559,100,25875.263349
2223.17301,100,25875.841533
1226.324778,100,25878.328586
2505.627201,100,25878.887697
2061.795338,100,25879.446737
1626.117619,100,25880.023606
248.886617,100,25880.582821
1050.46592,100,25881.140254
1542.928418,100,25881.697486
1445.953142,100,25882.254601
2675.71944,100,25882.813237
435.696453,100,25883.371979
1894.115692,100,25883.945836
2587.387516,100,25884.855271
1276.717348,100,25908.585504
2336.572882,100,25909.140607
1514.186969,100,25909.722625
2268.30333,100,25910.288603
837.316219,100,25910.856852
2637.037647,100,25911.4118
1331.236986,100,25911.96655
2224.216291,100,25912.523037
2211.655706,100,25913.08378
1222.257673,100,25913.636545
1444.103817,100,25914.240863
1315.29105,100,25914.810112
2568.483002,100,25915.365326
1717.481743,100,25915.923844
1843.268078,100,25916.487327
869.525825,100,25917.053627
1579.372686,100,25917.610557
544.572096,100,25918.168299
174.780549,100,25918.727386
1563.170386,100,25919.302123
1143.772787,100,25943.808511
2842.293052,100,25944.399813
1218.993391,100,25944.970812
1493.900697,100,25945.528658
3599.00161,100,25946.092291
2588.884134,100,25946.648816
2467.15474,100,25947.201743
1657.040427,100,25947.759968
2063.013409,100,25948.314675
1255.845938,100,25948.874149
2046.727542,100,25949.426444
-812.618941,100,25949.987801
2388.985754,100,25950.539276
1378.103918,100,25951.098671
2265.322775,100,25951.654238
1942.499762,100,25952.212262
1540.822649,100,25952.783022
2136.386926,100,25953.351865
2517.458911,100,25953.671361
2253.611789,100,25953.958126
2329.055864,100,25954.259513
1065.029941,100,25978.399115
2686.166095,100,25978.957813
2177.316175,100,25979.542434
2485.047476,100,25980.137891
2048.605605,100,25980.722964
2261.364108,100,25981.280297
89.047064,100,25981.848953
669.377221,100,25982.407034
1904.833803,100,25982.970349
2304.102945,100,25983.561937
2434.181883,100,25984.218448
1584.933223,100,25984.812028
1847.313327,100,25985.366547
1514.613883,100,25985.920897
2540.5851,100,25986.478342
2057.596597,100,25987.032582
1581.844046,100,25987.586929
412.514342,100,25988.140564
2246.099504,100,25988.695452
2664.300961,100,25989.250233
2498.975933,100,26011.339612
2040.294154,100,26011.831153
873.753847,100,26012.952785
1590.438321,100,26013.385043
3137.633969,100,26013.765338
2732.707724,100,26014.083114
1529.921918,100,26014.885437
1897.999159,100,26015.729971
2383.648417,100,26016.456042
1614.977721,100,26017.054085
1110.165145,100,26017.618753
1122.399825,100,26018.179376
1518.393538,100,26018.737465
73.823434,100,26019.300363
2291.424725,100,26019.862361
1658.001201,100,26020.428996
1195.315657,100,26021.014013
1100.450804,100,26021.610901
2200.005447,100,26022.190054
1731.842652,100,26022.752384
1743.768041,100,26044.728232
2310.347576,100,26045.256274
-651.774302,100,26045.826249
2628.657662,100,26046.373944
2071.848126,100,26046.928162
2373.495126,100,26047.478558
1861.166135,100,26048.033286
649.590271,100,26048.584641
1627.637484,100,26049.134665
2224.914313,100,26049.710408
1938.419703,100,26050.262208
-327.886796,100,26050.824654
2091.504747,100,26051.375718
2968.261046,100,26052.334051
2552.617541,100,26052.657776
2678.584402,100,26053.112537
1286.287435,100,26053.496287
3099.252461,100,26053.888368
2347.86814,100,26055.426585
2287.42484,100,26056.034711
1825.419069,100,26056.650619
2132.793898,100,26078.58228
486.719764,100,26079.160688
2522.655308,100,26079.723823
2451.30387,100,26080.278052
1803.228542,100,26080.841231
2640.175687,100,26081.407746
1534.375219,100,26081.972889
1466.876138,100,26082.54466
1405.042835,100,26083.121108
355.456871,100,26083.694649
1744.79732,100,26084.273856
1140.362719,100,26084.84629
2143.086633,100,26085.402417
1472.583379,100,26085.961792
2469.462013,100,26086.518657
3036.384029,100,26087.074764
2927.824262,100,26087.637245
2745.065485,100,26088.218569
2484.646732,100,26088.781508
1392.473864,100,26089.337822
2558.038302,100,26114.255413
2210.519212,100,26114.863153
3062.645327,100,26115.427901
2497.674861,100,26116.001683
805.635721,100,26116.570898
658.777144,100,26117.124041
2895.162434,100,26117.682235
2316.122272,100,26118.233637
1408.007916,100,26118.790682
3339.948894,100,26119.360945
1298.215237,100,26119.926593
141.450651,100,26120.49141
2148.518407,100,26121.047631
2316.179195,100,26121.623877
405.371285,100,26122.181644
1507.602922,100,26122.744395
1990.936317,100,26123.298264
875.263958,100,26123.861765
2572.714421,100,26124.445827
1158.830151,100,26125.003625
82.293218,100,26125.564549
2128.880892,100,26149.062616
699.679561,100,26149.648498
1932.632417,100,26150.207729
973.728794,100,26150.76119
2314.821156,100,26151.31312
892.761231,100,26151.875562
369.721406,100,26152.428358
1676.54556,100,26152.977105
275.689221,100,26153.568608
2079.024981,100,26154.20529
3040.248316,100,26154.829508
2684.472794,100,26155.384408
2219.179031,100,26155.948324
2575.463493,100,26156.504429
2710.231106,100,26157.046869
2245.220569,100,26157.597535
2391.665296,100,26158.13872
3351.340472,100,26158.691327
1132.640274,100,26159.231348
2793.963416,100,26159.78732
1000.499787,100,26182.813976
2059.562971,100,26183.456367
1765.89719,100,26184.097118
693.802161,100,26185.136788
1324.061973,100,26185.800467
1523.028096,100,26186.54503
1731.198982,100,26187.131755
1003.491534,100,26187.685326
1419.5873,100,26188.230372
1090.406175,100,26188.784653
2950.317748,100,26189.334176
2629.013767,100,26189.915761
1815.755482,100,26190.52181
2827.780608,100,26191.113418
675.395676,100,26191.679939
3016.365401,100,26192.241107
154.954221,100,26192.8042
3120.674354,100,26193.36105
2332.883525,100,26193.946775
2230.806447,100,26194.523338
451.158296,100,26195.081143
3658.33849,100,26216.009939
677.264328,100,26216.30099
969.528055,100,26216.582274
2845.571064,100,26216.850622
1032.736428,100,26217.145661
1861.669165,100,26217.414838
676.498222,100,26217.683445
2714.804712,100,26217.951513
2182.979275,100,26218.224077
1948.266911,100,26254.487294
1849.773825,100,26255.03088
2657.059927,100,26255.573184
-993.882166,100,26256.124013
1256.816917,100,26256.667402
2711.818148,100,26257.202898
2444.007419,100,26257.745239
1243.160488,100,26258.29574
2258.684205,100,26258.83463
2882.556594,100,26259.374371
1654.211711,100,26259.916868
2066.538708,100,26283.536595
2431.616805,100,26283.861843
902.569132,100,26284.177175
2115.731718,100,26284.477631
2569.056135,100,26284.769323
1986.058187,100,26285.039899
1259.152201,100,26285.31147
416.241414,100,26285.586653
3102.790408,100,26285.853245
2438.628321,100,26286.182265
1841.915598,100,26286.460539
304.76377,100,26286.732127
1459.385428,100,26286.99433
2233.121246,100,26287.258593
1335.806233,100,26287.523526
753.036398,100,26287.790994
2310.454329,100,26288.056366
2432.52085,100,26288.322159
2923.825546,100,26288.595304
1540.848397,100,26288.86832
2395.949592,100,26289.13396
1294.527222,100,26311.91767
200.597718,100,26312.490957
2258.926708,100,26313.044297
2510.000454,100,26313.62825
2279.522807,100,26314.218769
2605.788382,100,26314.789824
1746.781814,100,26315.34746
1665.736727,100,26315.939157
1375.861381,100,26316.545389
1753.033743,100,26317.116153
2285.875698,100,26317.673331
2114.391525,100,26318.229841
2337.437115,100,26318.786706
1501.599943,100,26319.346337
2585.986001,100,26319.90288
3477.00909,100,26320.459127
1261.384911,100,26321.027555
2590.32765,100,26321.587564
2719.615732,100,26322.154691
2507.950511,100,26322.715174
1164.767628,100,26344.100067
2051.695947,100,26344.722189
2649.058071,100,26345.278455
1847.085089,100,26345.823293
1299.735577,100,26346.369295
1818.881121,100,26347.338179
1439.772536,100,26347.634241
2307.948021,100,26348.666021
2032.945136,100,26349.47576
2268.491799,100,26350.047543
1861.412942,100,26350.649013
3771.052529,100,26351.363956
1253.569182,100,26351.908236
834.559777,100,26352.194056
1427.267212,100,26352.473197
2667.100713,100,26352.731652
2322.336099,100,26352.998159
-1152.377407,100,26353.250813
2070.542453,100,26353.542721
2320.341314,100,26353.813587
2957.147742,100,26354.741857
2066.522409,100,26377.001227
1883.324887,100,26377.559723
3319.058589,100,26378.127374
2143.462507,100,26378.688171
1738.896515,100,26379.250375
2554.942132,100,26379.806758
2998.111194,100,26380.382366
2299.72624,100,26380.954356
2254.588312,100,26381.528213
1722.35973,100,26382.08738
2892.682799,100,26382.649062
2095.126299,100,26383.210939
124.861004,100,26383.804992
1196.271887,100,26384.409984
2605.101913,100,26384.999585
838.290271,100,26385.559457
1709.312407,100,26386.117746
1911.085683,100,26386.677011
2327.123445,100,26387.238309
1781.628177,100,26387.797695
1425.952132,100,26412.215034
1195.773199,100,26412.790456
2128.401006,100,26413.338834
3279.080804,100,26413.948827
3165.395941,100,26414.542771
909.471123,100,26415.109311
2071.676745,100,26415.66416
2034.21316,100,26416.228655
1206.526042,100,26416.790959
2058.297357,100,26417.349046
3365.938167,100,26417.905943
659.384599,100,26418.458563
2666.420458,100,26419.028719
1782.726591,100,26419.587699
1527.876311,100,26420.149262
309.728516,100,26420.727386
1917.552298,100,26421.284046
423.510282,100,26421.835244
2454.154209,100,26422.382208
2803.701346,100,26422.933991
2185.80762,100,26423.480788
2299.836561,100,26448.019406
1842.812917,100,26448.579767
1118.13141,100,26449.139242
1630.05158,100,26449.695795
1781.895377,100,26450.251305
1243.074949,100,26450.83901
2487.017506,100,26451.394863
2443.620037,100,26451.958991
2735.491615,100,26452.518282
1878.178806,100,26453.097023
1210.029619,100,26453.665499
2087.999237,100,26454.244207
1273.641586,100,26454.848145
3217.835405,100,26455.409859
1763.088995,100,26455.969944
1697.271488,100,26456.529894
2169.087182,100,26457.091776
1641.269234,100,26457.645763
1879.190325,100,26458.206308
1672.506792,100,26458.764084
1159.470831,100,26484.872064
734.625946,100,26485.448854
2742.239553,100,26486.009623
2688.336233,100,26486.595796
2158.365257,100,26487.193196
1581.009857,100,26487.759
1460.610899,100,26488.331122
2593.114098,100,26488.885425
1604.60382,100,26489.440457
1289.037489,100,26490.012516
1885.028421,100,26490.572729
1303.666591,100,26491.129791
1783.011001,100,26491.68224
-253.62224,100,26492.236498
295.492537,100,26492.790778
1812.303383,100,26493.343362
583.055702,100,26495.256272
1064.131531,100,26495.816807
2803.016537,100,26496.41321
2811.804939,100,26496.971181
774.169325,100,26497.529291
1469.589445,100,26521.131541
3471.646975,100,26521.450995
2512.581552,100,26521.751819
2502.403457,100,26522.033328
1770.904639,100,26522.489485
-105.788826,100,26522.876745
1640.390791,100,26523.145383
1214.819836,100,26523.417478
3130.04147,100,26523.714484
2989.99934,100,26524.018324
778.974906,100,26524.313468
1809.173666,100,26524.593323
1124.26826,100,26524.880649
2465.854845,100,26525.158374
59.519157,100,26525.425755
3450.426003,100,26525.68652
1009.012737,100,26525.955922
1971.271914,100,26526.218758
1693.965968,100,26526.481991
2098.907411,100,26526.743757
-217.281287,100,26547.301955
2205.446096,100,26547.883789
176.849667,100,26548.447125
2069.468685,100,26549.006713
2230.554221,100,26549.570145
2742.474837,100,26550.126699
469.559171,100,26550.695494
2723.353297,100,26551.249168
1752.399962,100,26551.804328
1816.813413,100,26552.354084
2182.33246,100,26552.916521
2020.491849,100,26553.470423
1703.013927,100,26554.050769
1488.978096,100,26554.626282
1020.422885,100,26555.182242
580.58213,100,26555.744533
653.846222,100,26556.299748
2740.721823,100,26556.856803
2104.88355,100,26557.426389
1591.448449,100,26557.989133
1787.735561,100,26558.548967
641.528818,100,26584.022208
507.449239,100,26584.672864
1692.218266,100,26585.22461
2186.659621,100,26585.783388
1931.872755,100,26586.33183
999.979239,100,26586.880098
1572.082961,100,26587.445255
867.611543,100,26588.046741
2339.240476,100,26588.638575
1644.608736,100,26589.19515
1716.716867,100,26589.74364
685.878185,100,26590.29194
2580.116236,100,26590.85357
2435.092545,100,26591.398571
1153.164298,100,26591.953024
1745.01327,100,26592.504715
1403.383098,100,26593.05931
2624.862962,100,26593.61528
855.818993,100,26594.208458
1822.003111,100,26594.774773
2083.999056,100,26619.358943
3689.203373,100,26619.93083
1611.503019,100,26620.490592
1496.324185,100,26621.056804
2235.277168,100,26621.616662
2236.22355,100,26622.172782
1254.882678,100,26622.730239
1535.659327,100,26623.282227
451.033042,100,26623.851111
2779.319941,100,26624.434988
2625.488025,100,26624.997772
2190.965812,100,26625.548764
-114.786333,100,26626.127672
1894.046292,100,26626.701966
1466.081243,100,26627.257285
430.360913,100,26627.820298
2104.077225,100,26628.376369
2401.874685,100,26628.930037
552.317477,100,26629.487027
1212.705329,100,26630.058446
752.279166,100,26630.622885
1576.473856,100,26654.54067
2944.121032,100,26655.114429
2390.814983,100,26655.674873
1587.402563,100,26656.23231
1914.056377,100,26656.92053
681.418947,100,26657.513316
2337.45248,100,26658.092659
1803.343092,100,26658.652983
2771.839934,100,26659.212744
2321.712604,100,26659.772645
2001.338829,100,26660.325827
765.04269,100,26660.900417
1452.887178,100,26661.461751
1651.719171,100,26662.02667
2472.823813,100,26662.583939
1327.974771,100,26663.160301
2121.555683,100,26663.738978
2108.21096,100,26664.424889
2018.138895,100,26665.001312
2438.333187,100,26665.561867
2522.339575,100,26685.440923
2576.964041,100,26685.718492
3061.06232,100,26685.993188
517.066085,100,26686.259009
2099.705297,100,26686.529818
1344.449974,100,26686.824435
1383.119156,100,26687.093081
2079.227028,100,26687.357582
1190.421314,100,26688.006599
2430.749386,100,26688.535313
748.331435,100,26688.887043
1939.758663,100,26689.746433
1009.861165,100,26690.23375
1635.561826,100,26690.858854
1400.323414,100,26691.690156
2520.962805,100,26692.447618
1455.09299,100,26693.494783
2321.87178,100,26694.19069
2325.091825,100,26694.764715
2735.774078,100,26695.324958
1785.400215,100,26695.884297
2126.168773,100,26718.773368
2416.793485,100,26719.338872
3333.191621,100,26719.893555
649.155173,100,26720.449155
2519.836708,100,26721.004774
1678.468315,100,26721.563192
356.756423,100,26722.114837
2855.61804,100,26722.673421
2008.307912,100,26723.227412
1471.979055,100,26723.797218
-647.567991,100,26724.837218
2373.166475,100,26725.3888
1184.814918,100,26725.948743
2097.827138,100,26726.503428
2202.182542,100,26727.060759
2518.465162,100,26727.619218
2085.286167,100,26728.177439
936.186587,100,26728.751275
1659.780818,100,26729.30721
1651.862769,100,26730.475882
2986.512226,100,26754.379357
2661.169505,100,26754.991951
1783.894745,100,26755.552605
876.103059,100,26756.111246
1331.142343,100,26756.673703
870.579399,100,26757.227741
2291.477964,100,26757.80929
1225.284229,100,26758.364679
3467.599799,100,26758.928246
2037.79952,100,26759.485786
2940.44996,100,26760.044212
1728.066339,100,26760.497793
2669.27088,100,26760.796453
640.118641,100,26761.074343
2415.476274,100,26761.349166
1214.595205,100,26761.628298
1216.211422,100,26761.909687
825.343423,100,26762.184075
612.363981,100,26762.461335
-106.219551,100,26762.741257
2307.403181,100,26763.023494
1745.503408,100,26787.867373
2179.611804,100,26788.419209
-523.18511,100,26788.986817
2008.503375,100,26789.53315
2823.145532,100,26790.081378
1203.591486,100,26790.640793
1484.284891,100,26791.187651
116.762602,100,26791.740046
537.145519,100,26792.282585
1428.340946,100,26792.830094
1902.944601,100,26793.375734
1592.997654,100,26793.935297
2533.91165,100,26794.517966
1113.746614,100,26795.074159
1815.558124,100,26795.620555
683.536101,100,26796.167794
2734.778112,100,26796.711609
2593.326067,100,26797.256999
2368.736696,100,26797.806962
1510.468159,100,26798.345376
2582.905124,100,26822.030937
2836.831278,100,26822.609076
2217.304631,100,26823.165382
1799.775685,100,26823.868612
1505.926807,100,26824.448731
1636.913244,100,26825.050493
1499.401908,100,26825.678667
2563.112624,100,26826.228527
466.908671,100,26826.615324
595.75762,100,26826.939437
2402.707193,100,26827.228086
1522.842608,100,26827.507926
1087.428786,100,26827.78677
2538.174652,100,26828.102654
1771.350411,100,26828.366804
2519.624512,100,26828.633585
3008.595171,100,26828.911083
1872.034688,100,26829.176898
3549.693143,100,26829.442732
756.757569,100,26829.712187
-724.453694,100,26829.973929
-414.034825,100,26851.476741
2923.1065,100,26852.037135
1926.850533,100,26852.597361
2186.84409,100,26853.149866
2978.564727,100,26853.728048
2733.565503,100,26854.314038
2604.47623,100,26854.889807
1945.866947,100,26855.465311
2919.354868,100,26856.025867
711.542581,100,26856.58255
3110.123622,100,26857.45176
2374.273254,100,26858.341598
519.160793,100,26858.930209
1456.339123,100,26859.644249
656.361038,100,26860.01043
1485.246942,100,26860.584746
2570.955306,100,26861.018864
2618.263287,100,26861.342806
2109.843499,100,26861.66443
2539.557589,100,26862.025091
2079.527559,100,26884.525539
2905.506183,100,26884.829011
1057.870059,100,26885.110709
1713.122711,100,26885.394655
2006.558855,100,26885.668946
2248.626638,100,26885.95096
747.11165,100,26886.23028
1620.732873,100,26886.526705
1506.951019,100,26886.805928
2189.054174,100,26887.084033
1648.657114,100,26887.364232
-23.526769,100,26887.647814
3022.73756,100,26887.921852
2314.724082,100,26888.201217
2501.604412,100,26888.51357
467.440341,100,26888.799218
779.284563,100,26889.075035
888.912713,100,26889.35837
1548.354165,100,26889.643651
1987.301767,100,26889.925329
685.72683,100,26914.90361
2108.150741,100,26915.487244
1505.323538,100,26916.036401
2188.822017,100,26916.586402
2951.75839,100,26917.125798
2005.40688,100,26917.670866
1994.259161,100,26918.217784
2492.410978,100,26918.505659
2705.959005,100,26918.787672
1401.220909,100,26919.051859
1171.268413,100,26919.322889
2736.043999,100,26919.593235
1287.239106,100,26919.8593
1247.633197,100,26920.128324
1214.311741,100,26920.403341
2624.192477,100,26920.668227
1780.944566,100,26920.934131
2193.972454,100,26921.197462
1788.112631,100,26921.471638
3113.79836,100,26921.734217
965.847679,100,26922.010239
1164.29557,100,26944.723052
1973.855496,100,26945.551062
343.317635,100,26945.89961
2981.956131,100,26946.52373
2429.864326,100,26947.196453
2038.154255,100,26947.896211
2604.547078,100,26948.516047
2196.932126,100,26949.084564
2080.874156,100,26949.642462
1861.754981,100,26950.193747
1758.226572,100,26950.743989
1550.069639,100,26951.282746
2224.090395,100,26951.826008
2328.841667,100,26952.37044
2018.729866,100,26952.960772
2595.646967,100,26953.557479
3284.872667,100,26954.141541
1960.064054,100,26954.720889
2681.728559,100,26955.269959
2584.316438,100,26955.81447
432.033748,100,26977.112958
2780.693018,100,26977.699807
410.712019,100,26978.256376
1584.577,100,26978.818818
2388.259853,100,26979.381858
1550.773738,100,26979.969324
1771.125523,100,26980.538792
160.46564,100,26981.10696
783.668733,100,26981.667754
2489.825083,100,26982.225057
1990.811914,100,26982.78273
2418.741226,100,26983.33412
1142.944824,100,26984.509678
2281.570315,100,26985.65427
729.395852,100,26986.654982
-99.557908,100,26987.503996
1658.374798,100,26987.882797
2723.785148,100,26988.23124
2780.58474,100,26988.594539
1324.448001,100,26988.936269
1717.464697,100,26989.578016
3301.774355,100,27012.322638
2459.558518,100,27012.891963
2022.961938,100,27013.454776
2518.377458,100,27014.037989
1141.848366,100,27014.626199
2074.909252,100,27015.200292
1404.490904,100,27015.763378
2189.008042,100,27016.34206
1905.818561,100,27016.910637
886.434845,100,27017.473414
2027.505714,100,27018.039754
2277.61687,100,27018.601624
1639.647238,100,27019.165093
2153.145045,100,27019.733
2610.941971,100,27020.31124
1427.585646,100,27020.882715
2045.800749,100,27021.444314
2074.933264,100,27022.020831
2527.171301,100,27022.584083
128.478197,100,27023.14198
1125.89079,100,27046.845506
2093.28198,100,27047.459757
3317.035183,100,27048.018014
255.353607,100,27048.574777
1052.679831,100,27049.128179
2667.276574,100,27049.685805
1366.650692,100,27050.270473
1713.115988,100,27050.83024
1286.616942,100,27051.38631
2984.885727,100,27051.945353
2400.013866,100,27052.526251
1359.52124,100,27053.089282
2785.501995,100,27053.776215
2082.904948,100,27054.445459
2472.384296,100,27055.054575
2300.499921,100,27055.615314
2386.876353,100,27056.182223
3147.308977,100,27056.743333
1030.035944,100,27106.945997
1502.225359,100,27107.514476
1694.660458,100,27108.075024
2379.698262,100,27133.110579
1544.083957,100,27133.700799
2177.390541,100,27134.278368
1958.197823,100,27134.855049
1334.679965,100,27135.412777
-161.94414,100,27135.967815
1303.117475,100,27136.531691
1448.590402,100,27137.097886
3045.822947,100,27137.733839
1385.978555,100,27138.311966
2774.101192,100,27138.878094
394.122637,100,27139.437849
2937.301746,100,27140.002814
2976.71621,100,27140.579441
1449.788526,100,27141.159774
1064.270331,100,27141.724954
2296.870466,100,27142.28322
-565.897857,100,27142.85796
128.559987,100,27143.426039
234.613334,100,27144.005767
2885.208067,100,27169.00499
2285.069197,100,27169.579048
439.857445,100,27170.126826
2165.845874,100,27170.673885
851.859476,100,27171.253708
1991.232255,100,27171.802486
-406.329606,100,27172.353531
633.501482,100,27172.897661
2097.71544,100,27173.441644
3237.477478,100,27174.133807
1687.289561,100,27174.736786
2031.262596,100,27175.302794
394.939368,100,27175.860769
2898.438653,100,27176.422359
2743.989243,100,27176.979171
2698.15057,100,27177.529249
1151.071537,100,27178.083792
522.57838,100,27178.641135
1423.417143,100,27179.194103
1505.159395,100,27179.780452
1971.531301,100,27180.36111
1364.186457,100,27203.82946
596.575107,100,27204.397424
1790.205444,100,27204.981591
1900.000668,100,27205.543433
2990.905142,100,27206.101437
2207.831191,100,27206.686652
618.883673,100,27207.272689
1336.31204,100,27207.834293
2242.952538,100,27208.399287
1742.074242,100,27208.956638
1622.889006,100,27209.515709
504.142256,100,27210.070209
2078.931842,100,27210.636421
2707.279214,100,27211.190179
1122.433102,100,27211.772727
1590.802375,100,27212.338413
1042.691666,100,27212.900755
2940.029557,100,27213.461456
3493.099869,100,27214.030236
2293.234166,100,27214.609315
1799.111554,100,27236.258041
1870.677532,100,27236.830035
1898.181666,100,27237.60973
2760.213603,100,27238.438035
-1337.212986,100,27239.432707
1419.752135,100,27240.319399
2089.085889,100,27240.696299
2338.363585,100,27241.103052
2051.45742,100,27241.399405
2978.827056,100,27241.716933
1601.880069,100,27242.580435
1026.163972,100,27243.172732
1963.81328,100,27243.726378
990.43003,100,27244.328924
734.575264,100,27244.898492
2771.830091,100,27245.4494
703.614683,100,27246.001714
1125.667404,100,27246.555291
1771.287372,100,27247.10265
3345.447355,100,27247.657417
1085.439015,100,27248.272968
2166.087251,100,27270.085397
805.556818,100,27270.651947
2248.452581,100,27271.2058
1453.48282,100,27271.765463
1315.071832,100,27272.32182
3203.027636,100,27272.87023
2563.677691,100,27273.410817
1012.182762,100,27274.046873
2027.922122,100,27274.616839
1848.179459,100,27275.173659
1195.479072,100,27275.70926
1044.067834,100,27276.257215
2060.882394,100,27276.800696
1315.546059,100,27277.374512
2451.714184,100,27277.91906
1626.656035,100,27278.466891
3153.475338,100,27279.330946
2168.359348,100,27279.952085
2043.865925,100,27280.903493
847.126599,100,27281.719199
1903.303419,100,27305.015014
2467.936501,100,27305.586807
2683.712352,100,27306.142524
71.130544,100,27306.688842
2051.434292,100,27307.22933
2497.437931,100,27307.765313
2066.417097,100,27308.306231
624.253078,100,27308.847341
1331.922482,100,27309.392514
1475.700312,100,27309.938261
2626.370641,100,27310.51609
1987.322146,100,27311.067444
490.662945,100,27311.618893
2507.433836,100,27312.172958
2402.987116,100,27312.724058
1799.710206,100,27313.271354
1555.363776,100,27313.830732
674.874917,100,27314.385408
618.111454,100,27314.953187
519.189578,100,27315.533416
2077.613664,100,27316.090297
1613.243379,100,27340.152419
1866.516007,100,27340.430187
970.714019,100,27340.72917
1394.402846,100,27340.993975
1165.131661,100,27341.257493
312.560891,100,27341.518454
1481.111166,100,27341.811305
2039.975562,100,27342.07698
2742.6059,100,27342.343265
1884.603425,100,27342.616432
1595.846118,100,27342.881804
2704.50673,100,27343.14342
1340.203054,100,27343.415277
2335.715356,100,27343.697937
2277.667827,100,27343.994226
1452.8244,100,27344.318798
2135.602159,100,27344.604633
1951.887513,100,27344.894888
2469.335979,100,27345.174023
557.964907,100,27345.4447
2516.402852,100,27368.617813
2409.546694,100,27368.992987
2240.431826,100,27369.347234
3008.327923,100,27369.800056
2997.354643,100,27370.638975
1205.005359,100,27370.933183
2386.125915,100,27371.236583
1561.623213,100,27371.601547
1974.321583,100,27371.905111
3255.862143,100,27372.199801
1451.482573,100,27372.479615
809.074201,100,27372.766578
1611.008739,100,27373.052394
2830.822386,100,27373.326036
2102.612521,100,27373.700983
2268.247525,100,27374.082978
3051.187525,100,27374.419122
2017.054323,100,27374.749586
2173.185987,100,27375.104036
640.631541,100,27375.424491
2292.270209,100,27375.72843
3614.122209,100,27396.442171
2620.355766,100,27397.009976
339.942214,100,27397.569938
1926.918294,100,27398.176612
3007.680943,100,27398.735117
1861.343861,100,27399.29984
990.774767,100,27399.862794
1589.754115,100,27400.423481
1968.51944,100,27400.984491
2945.530802,100,27401.545028
2203.626179,100,27402.107688
1823.435891,100,27402.674442
1306.848494,100,27403.264813
1835.071198,100,27403.82732
1376.090841,100,27404.420255
2207.308141,100,27404.993574
473.697777,100,27405.558396
-2716.02141,100,27406.329273
1014.503263,100,27406.992713
1251.307908,100,27407.343978
658.161881,100,27430.819523
1502.063433,100,27431.380193
1574.916822,100,27431.925952
1667.379855,100,27432.483425
1090.171594,100,27433.033445
2010.393692,100,27433.595105
2647.503482,100,27434.16888
2610.9173,100,27434.726715
2138.473836,100,27435.282551
707.015706,100,27435.82884
2580.913969,100,27436.381577
1288.43658,100,27436.939876
2761.90727,100,27437.535546
2797.798925,100,27438.093509
2195.993081,100,27438.641752
2112.047823,100,27439.19758
1603.625089,100,27439.755639
-886.507127,100,27440.3079
1546.753627,100,27440.868949
2755.745015,100,27441.422761
1736.307808,100,27441.980448
1700.900864,100,27466.417293
1468.718118,100,27466.99504
1816.499388,100,27467.544707
876.068394,100,27468.099621
3465.639107,100,27468.644056
2219.648486,100,27469.190862
1748.958579,100,27469.742332
-250.000399,100,27470.286824
2260.218755,100,27470.833625
1144.634653,100,27471.378628
1841.437215,100,27471.919057
1472.33374,100,27472.494195
2204.16406,100,27473.049697
1532.894004,100,27473.606794
1327.908318,100,27474.190605
484.738042,100,27474.754369
3204.90837,100,27475.308241
1810.005638,100,27475.86018
2255.774398,100,27476.434814
1378.502369,100,27476.976844
1763.015434,100,27501.595437
1873.969277,100,27502.192461
2254.93344,100,27502.804631
948.917088,100,27503.389601
2289.885754,100,27503.964838
2353.364699,100,27504.554421
1113.035945,100,27505.129655
657.354,100,27505.69377
1644.870729,100,27506.258018
2195.058924,100,27506.821819
2287.440219,100,27507.387816
83.088688,100,27507.940706
3027.551302,100,27508.494671
1191.745919,100,27509.048658
1901.310048,100,27509.603722
2197.841369,100,27510.163131
2870.789917,100,27510.716371
2545.663418,100,27511.267246
2254.073211,100,27511.823214
2028.585676,100,27512.381365
1748.64205,100,27512.948625
1813.830028,100,27536.929798
1934.782792,100,27537.67417
1110.872615,100,27538.289619
1504.918734,100,27538.906948
291.28716,100,27539.499374
2793.298449,100,27540.06334
1753.934263,100,27540.63113
558.617451,100,27541.208177
2787.509859,100,27541.765002
2313.759236,100,27542.313851
779.900169,100,27542.87079
1338.32129,100,27543.431894
3462.567777,100,27544.03454
2280.749396,100,27544.756771
2127.384839,100,27545.366101
304.492128,100,27545.923137
1686.40957,100,27546.472155
1475.72377,100,27547.014071
2250.442913,100,27547.561706
1975.273583,100,27548.108135
709.289286,100,27570.092063
2612.081381,100,27570.693466
2565.954793,100,27571.256476
1599.954833,100,27571.811303
2379.070944,100,27572.366118
2075.565216,100,27572.920557
2299.952418,100,27573.476842
351.80441,100,27574.048365
948.918015,100,27574.622993
1743.618675,100,27575.039659
2252.279962,100,27575.959317
198.693684,100,27576.622545
556.238275,100,27577.332256
1971.542577,100,27577.670023
2490.090211,100,27578.001818
1831.539086,100,27578.652718
1313.532428,100,27578.974841
2201.694619,100,27579.272506
2472.656005,100,27579.621174
2117.910539,100,27579.960782
2335.101461,100,27580.595552
1692.385628,100,27603.715703
2726.843489,100,27604.768206
1638.959032,100,27605.357897
2561.418321,100,27605.922629
2351.207843,100,27606.479823
2596.949694,100,27607.038798
2140.254461,100,27607.593957
2548.037247,100,27608.14986
958.867552,100,27608.709718
1400.790889,100,27609.264166
1410.840402,100,27609.824414
1992.516,100,27610.38325
2232.125737,100,27610.946237
3029.159506,100,27611.500452
2060.407556,100,27612.073044
1299.645991,100,27612.61724
1712.915472,100,27613.152022
3413.475187,100,27613.704995
1746.475731,100,27614.27103
1821.341268,100,27614.826711
3372.023754,100,27639.011447
1246.882797,100,27639.582508
971.479832,100,27640.136246
2132.2296,100,27640.717051
1541.846902,100,27641.276861
1954.267859,100,27641.833194
1837.893419,100,27642.38796
3177.365519,100,27642.949029
1396.528311,100,27643.520427
794.635185,100,27644.094718
1389.06617,100,27644.683721
1867.681372,100,27645.254224
2171.003306,100,27645.834216
1982.897247,100,27646.393972
1734.469143,100,27646.962862
779.306368,100,27647.529572
3306.135061,100,27648.098884
2268.184999,100,27648.668766
2178.351953,100,27649.226709
1652.317641,100,27649.782706
2551.938466,100,27650.334218
2658.724109,100,27674.608011
2825.552575,100,27675.205966
-422.575605,100,27675.775792
1227.938039,100,27676.336168
2364.337754,100,27676.899277
-195.556311,100,27677.453231
993.832297,100,27678.008982
2707.396516,100,27678.563021
3088.176165,100,27679.114784
2724.99132,100,27679.677478
1579.047586,100,27680.235985
3230.179675,100,27680.806294
2125.575909,100,27681.361324
1689.655389,100,27681.918114
463.243211,100,27682.47626
285.225357,100,27683.034651
1938.603178,100,27683.612936
1274.717157,100,27684.183891
2348.045381,100,27684.757204
2665.268201,100,27685.310508
322.433171,100,27709.36447
3195.025899,100,27709.741289
2559.742899,100,27710.070657
3087.923748,100,27710.764794
2624.905273,100,27711.388154
123.865682,100,27711.953379
2009.501602,100,27712.511598
911.120301,100,27713.076518
1757.035667,100,27714.254955
2785.277821,100,27714.84284
624.817514,100,27715.406602
2089.756071,100,27715.975789
497.876962,100,27716.559184
964.766374,100,27717.142062
1273.632336,100,27717.708936
2012.509919,100,27718.277594
2027.74942,100,27718.848848
314.682252,100,27719.426735
1598.713718,100,27719.993497
2040.380041,100,27720.561849
885.288199,100,27721.132864
67.691821,100,27745.118559
1577.55539,100,27745.466797
2644.878401,100,27745.918292
1925.488516,100,27746.888265
1663.627441,100,27747.822243
678.242057,100,27748.43531
2104.076729,100,27749.017721
3268.516863,100,27749.771616
2010.552371,100,27750.510015
771.971605,100,27751.094319
2574.465062,100,27751.658408
3294.334511,100,27752.242572
2636.373824,100,27752.861046
431.960302,100,27753.44923
2106.714255,100,27754.028887
769.525421,100,27754.625494
2350.509842,100,27755.200157
3006.49679,100,27755.801771
974.671366,100,27756.399754
3242.601931,100,27756.993963
1746.13158,100,27778.601983
2672.692806,100,27779.17773
1901.437506,100,27779.74017
2479.085084,100,27780.299347
2314.142525,100,27780.879477
2251.81461,100,27781.441277
592.924465,100,27782.003444
1019.146048,100,27782.562938
1224.794825,100,27783.120619
2564.929867,100,27783.682129
2251.957379,100,27784.270784
1413.403528,100,27784.858191
1453.69391,100,27785.430808
1419.7685,100,27785.990355
2375.646693,100,27786.279545
2010.143784,100,27787.188601
2741.085684,100,27787.534758
1361.475426,100,27788.783189
2240.407551,100,27789.60926
712.918496,100,27789.958727
1861.162171,100,27812.272593
1959.044189,100,27812.870308
2972.101923,100,27813.458544
2442.45545,100,27814.036072
2078.475532,100,27814.629687
997.089893,100,27815.198885
2117.609473,100,27815.7797
3134.375014,100,27816.337892
3179.411513,100,27816.904473
2471.105671,100,27817.470599
3192.168285,100,27818.055419
1013.494762,100,27818.62982
1499.224911,100,27819.195845
2780.585418,100,27819.764634
3015.191325,100,27820.325889
1081.020727,100,27820.907429
2248.713391,100,27821.467463
1112.797144,100,27822.033366
442.204761,100,27822.596506
744.821941,100,27823.154123
1983.709505,100,27823.723233
1701.804666,100,27848.277003
2526.694655,100,27848.846046
1737.50775,100,27849.393346
-184.922685,100,27849.947665
2816.571433,100,27850.506026
767.264865,100,27851.069603
1357.563848,100,27851.630934
2004.38371,100,27852.181607
670.289086,100,27852.739264
2578.054189,100,27853.29405
2402.332681,100,27853.860795
2454.391877,100,27854.509352
546.003383,100,27855.104149
2907.463128,100,27855.694249
2805.450001,100,27856.255865
2576.722131,100,27856.816852
1696.575864,100,27857.35814
2585.342824,100,27857.933367
1030.804308,100,27858.480457
2916.749023,100,27859.030444
2831.647987,100,27883.646033
2220.323467,100,27884.4959
1527.785508,100,27885.065426
1891.329609,100,27885.620006
1681.954213,100,27886.172708
2415.391648,100,27886.7216
230.827126,100,27887.266582
1345.537709,100,27887.81872
2344.477205,100,27888.377397
1926.075886,100,27888.926989
2233.882323,100,27889.470557
1416.628486,100,27890.021967
688.880245,100,27890.57384
1464.773344,100,27891.147366
2254.378974,100,27891.695477
2337.652089,100,27892.242589
1196.277724,100,27892.79239
2530.966176,100,27893.345931
1841.946202,100,27893.900531
919.02285,100,27894.482123
1981.60309,100,27895.045395
2219.046662,100,27920.527279
2217.388625,100,27921.160145
2898.37012,100,27921.727888
1555.691588,100,27922.28247
2329.039464,100,27922.842862
1593.53916,100,27923.391872
1851.534759,100,27923.980875
2198.013916,100,27924.551624
2751.546308,100,27925.300719
2908.078354,100,27925.944542
2206.10393,100,27926.504018
2552.987177,100,27927.055705
1119.727944,100,27927.604559
2568.441019,100,27928.152678
920.68026,100,27928.730829
1331.180909,100,27929.278127
1970.272481,100,27929.828774
2680.728866,100,27930.377161
173.927883,100,27930.930231
1718.879227,100,27931.480038
1897.222186,100,27953.285205
-510.792431,100,27953.907314
3295.985479,100,27954.483341
1012.313677,100,27955.049284
2989.26527,100,27955.630379
2661.853158,100,27956.61077
2096.368998,100,27982.434728
2128.809458,100,27982.701964
2437.494894,100,27982.976455
2036.544243,100,27983.242773
2936.494103,100,27983.51298
1471.862368,100,27983.819966
785.293756,100,27984.113507
2989.612664,100,27984.403472
1444.338682,100,27984.683605
2221.068293,100,27984.965757
1268.251021,100,27985.241799
1227.860246,100,27985.52789
1780.178142,100,27985.80995
710.03123,100,27986.072892
1983.500213,100,27986.341825
447.194194,100,28010.557057
3056.544524,100,28011.1248
1515.575387,100,28011.679658
2685.410468,100,28012.255625
1438.543672,100,28012.818952
1630.428654,100,28013.379893
-36.225083,100,28013.962112
2328.607598,100,28014.55247
3221.782072,100,28015.126881
2202.193756,100,28015.700456
989.830942,100,28016.284773
1967.764685,100,28016.843823
1101.835531,100,28017.401613
2568.817606,100,28017.957341
945.051841,100,28018.516197
1079.317128,100,28019.07567
606.252033,100,28019.643131
1592.655555,100,28020.206961
596.779333,100,28020.771199
3046.227158,100,28021.328295
2128.861623,100,28045.788102
315.233896,100,28046.425972
1666.690894,100,28047.160949
2653.768889,100,28047.747371
105.343488,100,28048.302251
1126.698682,100,28048.862065
1169.782047,100,28049.439552
2474.809879,100,28050.012799
3213.705932,100,28050.569595
1810.854957,100,28051.150105
2755.791756,100,28051.747109
-120.159084,100,28052.319033
2210.639716,100,28052.884963
1815.905342,100,28053.451425
1590.05028,100,28054.024612
1019.358701,100,28054.607026
2954.868112,100,28055.189762
2168.198676,100,28055.760452
2340.62277,100,28056.335697
1963.390112,100,28056.895983
2883.041053,100,28057.455327
2786.968655,100,28079.768818
2605.488409,100,28080.336944
1859.748235,100,28080.894879
2175.133661,100,28081.456948
1100.85154,100,28082.171862
1334.165553,100,28083.030779
2495.343968,100,28083.694074
2914.599163,100,28084.778242
2698.942179,100,28085.535058
2109.396116,100,28086.188144
1985.548483,100,28086.782429
1270.965149,100,28087.183118
2679.875031,100,28087.518454
1061.299883,100,28087.850864
2769.885753,100,28088.177382
2558.408548,100,28088.685738
1127.293149,100,28089.063151
789.447976,100,28089.383613
1825.688645,100,28089.662072
1933.484575,100,28089.954015
1135.277503,100,28111.025713
1175.822785,100,28111.597324
1351.53045,100,28112.0573
1051.137651,100,28112.332629
1054.653453,100,28112.609146
2700.787951,100,28112.882165
2360.653607,100,28113.159956
2398.713882,100,28113.466468
2538.511631,100,28113.762474
3137.175659,100,28114.066129
1941.154811,100,28114.3553
1402.898065,100,28114.64477
964.129719,100,28114.925201
2257.901391,100,28115.207556
2596.710275,100,28115.494648
2106.416424,100,28115.781785
826.02097,100,28116.072309
124.572187,100,28116.347601
-66.239396,100,28116.628257
1153.740007,100,28116.898946
2449.29418,100,28117.173869
2951.680293,100,28141.262073
2170.207773,100,28141.817054
2001.531028,100,28142.35945
2677.83459,100,28142.909464
1253.295741,100,28143.448178
1150.93037,100,28144.014074
1092.308735,100,28144.573404
1664.090421,100,28145.11929
943.288418,100,28145.663407
3451.678428,100,28146.248115
2694.087019,100,28146.799557
3082.178832,100,28147.342879
1575.010745,100,28147.891442
2256.763521,100,28148.436044
2184.914589,100,28148.980784
2299.802686,100,28149.524854
457.07942,100,28150.075364
1746.984106,100,28150.660584
2350.458089,100,28151.215238
1249.423375,100,28151.779387
2049.029455,100,28176.372203
2260.362782,100,28176.956769
1721.765144,100,28177.521735
1731.451513,100,28178.113779
-1.884893,100,28178.699569
2139.90973,100,28179.265767
3000.256453,100,28179.822426
2034.974292,100,28180.38358
1473.860916,100,28180.959632
1679.419425,100,28181.515574
3177.744333,100,28182.081723
2338.184353,100,28182.640817
2236.9974,100,28183.195291
1606.821897,100,28183.755646
1720.253992,100,28184.337979
1376.395161,100,28184.90624
2022.041088,100,28185.477314
2412.431668,100,28186.041276
2037.661081,100,28186.616312
2480.646528,100,28187.176303
2094.757915,100,28187.735819
1093.481853,100,28211.10857
2549.776594,100,28212.142362
2138.440283,100,28212.793174
763.751323,100,28213.473585
2072.329084,100,28214.08861
3493.806119,100,28214.666691
1692.435493,100,28215.225408
2897.114911,100,28215.776597
926.346033,100,28216.351357
2513.861674,100,28216.922983
2784.725251,100,28217.48889
2764.991366,100,28218.053403
2759.06574,100,28218.607721
2013.560552,100,28219.17477
1138.856914,100,28219.766797
1467.826921,100,28220.355772
2614.964084,100,28220.924479
2066.49013,100,28221.505322
1345.592269,100,28222.072427
1927.791147,100,28222.634756
2859.966815,100,28245.026414
-560.905282,100,28245.60087
1298.931681,100,28246.159021
1889.09272,100,28246.718869
1123.532657,100,28247.26969
723.377486,100,28247.819247
2654.371366,100,28248.367291
2136.923342,100,28248.915603
1888.137063,100,28249.463766
2991.67934,100,28250.015279
858.130675,100,28250.884456
1446.131903,100,28251.180386
71.156806,100,28252.093302
2332.558185,100,28253.536684
2161.505677,100,28254.630532
2564.01456,100,28255.734517
1473.945015,100,28256.45422
-36.742735,100,28257.050794
1248.12783,100,28257.62766
1646.963305,100,28258.196696
-130.476689,100,28258.770629
1692.344182,100,28280.33234
2962.26054,100,28280.619613
1831.528999,100,28280.906465
1822.584707,100,28281.17824
1905.434555,100,28281.448711
2469.908839,100,28281.741292
1640.022709,100,28282.015487
2348.175095,100,28282.292403
2149.064668,100,28282.564775
2708.332531,100,28282.842038
2363.53943,100,28283.110121
2692.55508,100,28283.380006
3306.348835,100,28283.668749
2644.838556,100,28283.965392
1497.477077,100,28284.250371
1157.850687,100,28284.539041
1121.313002,100,28284.813554
2863.112303,100,28285.079799
506.10797,100,28285.363972
2605.732179,100,28285.639273
1764.183477,100,28308.881088
1767.615445,100,28309.459772
1573.506149,100,28310.018092
699.018773,100,28310.596874
2114.032604,100,28311.159807
2035.710725,100,28311.722322
400.994056,100,28312.283694
2071.986736,100,28312.844713
1766.657204,100,28313.407538
2883.117952,100,28313.987291
3211.479963,100,28314.564204
2587.924231,100,28315.124805
384.669489,100,28315.683217
1929.994518,100,28316.250422
2555.920065,100,28316.813939
1662.078912,100,28317.381346
1647.196317,100,28317.936846
2850.105677,100,28318.489116
1809.882644,100,28318.91537
2541.153834,100,28319.202733
2244.187111,100,28319.483559
2117.825897,100,28346.78536
2023.02124,100,28347.128177
2215.967316,100,28347.476899
2702.817425,100,28347.792577
2143.845337,100,28348.102852
1477.161879,100,28348.406375
1830.362003,100,28348.709922
2047.846909,100,28349.021171
1776.112459,100,28349.325245
-928.16135,100,28349.631242
2592.252001,100,28349.939966
2631.912483,100,28350.252077
2245.403227,100,28350.554477
1048.551239,100,28350.870209
2901.819437,100,28351.172434
2733.023691,100,28351.44886
2704.294369,100,28351.722745
12.418687,100,28351.995637
2031.842531,100,28352.277232
2890.36786,100,28352.54786
3625.853808,100,28374.120827
2893.4991,100,28374.717018
1883.413826,100,28375.282251
2741.594367,100,28375.845433
-1147.529675,100,28376.412521
2558.714359,100,28376.975192
1659.45645,100,28377.969479
1987.2428,100,28378.588102
2105.321957,100,28379.500276
1113.462114,100,28380.671162
1835.9924,100,28381.309524
1001.577633,100,28381.934793
1841.407997,100,28382.512042
2036.10644,100,28383.069328
673.566482,100,28383.618312
2211.902743,100,28384.19007
1525.318192,100,28384.770067
2774.878658,100,28385.321298
2086.134468,100,28385.874316
2702.580458,100,28386.432439
1585.311708,100,28386.983404
790.247071,100,28409.378617
1809.470555,100,28409.938737
1254.847518,100,28410.496144
1684.175652,100,28411.055306
2519.853382,100,28411.614513
515.897661,100,28412.1697
2313.014927,100,28412.72363
1159.275365,100,28413.301734
-418.53673,100,28413.866039
1809.370395,100,28414.442354
1562.307362,100,28415.003832
2249.523306,100,28415.559575
2265.389686,100,28416.115316
1600.533682,100,28416.678207
1436.699257,100,28417.238787
1390.543713,100,28417.803011
1970.68918,100,28418.367886
1934.10927,100,28418.924699
2763.697627,100,28419.481961
2129.90013,100,28420.202938
474.579424,100,28444.228188
557.182171,100,28444.817499
775.60151,100,28445.376239
3138.108355,100,28445.933012
1729.319416,100,28446.493882
2841.774605,100,28447.058777
923.247541,100,28447.6339
2463.857118,100,28448.20833
1992.823677,100,28448.768002
2012.963563,100,28449.3222
3468.122629,100,28449.881655
1574.362571,100,28450.438175
1506.781241,100,28450.99507
1279.807884,100,28451.555785
-401.583831,100,28452.110728
2184.52254,100,28452.659207
2506.549792,100,28453.226048
1175.482285,100,28453.795596
2172.983354,100,28454.372387
884.797826,100,28454.936224
1963.092509,100,28455.489425
1994.55343,100,28479.672302
1978.707126,100,28480.232889
3221.370162,100,28480.791832
3050.578802,100,28481.345187
2332.705891,100,28481.90125
526.175714,100,28482.460238
1359.12501,100,28483.032987
1212.111178,100,28483.651577
1244.347874,100,28484.299591
2573.843037,100,28484.876293
2140.021789,100,28485.426701
1500.753196,100,28485.977553
1710.446299,100,28486.526443
1939.880458,100,28487.074418
924.717827,100,28487.620835
2624.556883,100,28488.193521
1981.497019,100,28488.753421
2564.676669,100,28489.340337
1136.431708,100,28489.929117
1897.876681,100,28490.488677
2634.202782,100,28515.187582
2923.706696,100,28515.801726
1405.692462,100,28516.364947
987.072013,100,28516.921445
2456.93118,100,28517.461138
790.166546,100,28518.043845
1882.087061,100,28518.62141
1715.691551,100,28519.200743
2867.425985,100,28519.813542
1610.389063,100,28520.378131
2238.478004,100,28520.866378
1152.883926,100,28521.125242
1241.10885,100,28521.384877
2715.366134,100,28521.651121
1999.122613,100,28521.910853
-98.387643,100,28522.179983
2414.372628,100,28522.443712
1223.601503,100,28522.709702
1148.110279,100,28522.974368
3337.604465,100,28523.23854
2016.622212,100,28523.505637
2307.533494,100,28545.11002
-269.89344,100,28545.662035
2529.117258,100,28546.205814
2018.345545,100,28546.765362
2072.650919,100,28547.31165
1178.601424,100,28547.872645
2708.724324,100,28548.411885
1726.101152,100,28548.971508
2189.809012,100,28549.519478
532.638999,100,28550.545863
2708.107152,100,28550.858151
1705.832063,100,28551.606118
2447.696877,100,28552.571484
1590.52423,100,28553.3621
2147.369325,100,28554.647193
1398.225308,100,28555.57075
2012.442085,100,28556.143274
1496.788464,100,28556.696519
953.392371,100,28557.255273
2201.217553,100,28557.789561
219.425577,100,28579.780377
2128.070041,100,28580.351387
2061.499687,100,28580.911479
1916.507975,100,28581.468628
2283.258801,100,28582.022255
1340.089329,100,28582.579575
1839.303386,100,28583.131156
2323.854438,100,28583.72363
2074.566832,100,28584.31917
3183.217192,100,28584.886954
1885.517928,100,28585.438209
1146.404033,100,28585.999202
2440.2184,100,28586.580829
642.960696,100,28587.143363
1833.338166,100,28587.710023
2295.370954,100,28588.265653
2961.793757,100,28588.822796
2635.138404,100,28589.383134
2613.535933,100,28589.949768
2274.355425,100,28590.501
1811.319277,100,28591.049644
1413.783353,100,28615.687839
2033.910097,100,28616.252451
2632.980215,100,28616.819214
1974.855963,100,28617.373808
2382.086216,100,28617.943882
2076.947468,100,28618.503356
1867.131233,100,28619.084382
1831.126803,100,28619.64571
2215.642273,100,28620.208665
3143.952542,100,28620.768382
2843.650501,100,28621.320808
333.647301,100,28621.8809
77.141448,100,28622.435416
1040.472919,100,28622.98986
2949.363662,100,28623.5448
863.055313,100,28624.133739
2823.614308,100,28624.712888
2961.643781,100,28625.272732
1373.509385,100,28625.832475
2865.434005,100,28626.390238
2248.827302,100,28651.13259
2431.563738,100,28651.691947
2087.133336,100,28652.247987
2475.998814,100,28652.797786
2541.305182,100,28653.33959
1264.848356,100,28653.895645
2202.760565,100,28654.460714
925.849064,100,28655.007868
320.458921,100,28655.558312
2258.548879,100,28656.13597
2232.274593,100,28656.693457
1296.526134,100,28657.241513
2098.730649,100,28657.786283
1737.26415,100,28658.32509
1103.307063,100,28658.874128
1607.053284,100,28659.43244
2320.553069,100,28659.976371
2222.50394,100,28660.5258
2590.70064,100,28661.070998
619.463712,100,28661.627872
2090.149642,100,28685.914138
2847.172427,100,28686.501351
1148.838076,100,28687.069212
1972.826765,100,28687.625986
2776.551508,100,28688.189045
1650.958434,100,28688.782895
1297.542074,100,28689.370776
1299.151523,100,28689.947849
2852.529964,100,28690.509834
1734.917601,100,28691.07125
1941.466528,100,28691.633118
2635.22566,100,28692.191218
1254.228777,100,28692.749294
387.62188,100,28693.305174
693.877531,100,28693.876514
641.908765,100,28694.455878
2286.725007,100,28695.024591
3034.297984,100,28695.584275
1666.098593,100,28696.146032
2109.252605,100,28696.71457
1375.717693,100,28697.278229
1280.878053,100,28720.139607
1443.404247,100,28720.513883
1470.526533,100,28720.934601
2437.510713,100,28721.548729
947.487168,100,28722.634355
1839.487455,100,28723.322763
1114.28369,100,28724.029884
1442.525102,100,28724.700032
-535.906015,100,28725.2899
1349.355699,100,28725.855005
844.193714,100,28726.416831
589.387286,100,28726.988721
1685.02866,100,28727.556882
80.708205,100,28728.120746
2111.884664,100,28728.676263
2271.643806,100,28729.234126
2015.918813,100,28729.824345
1342.638394,100,28730.424932
1211.468863,100,28731.014508
1382.605571,100,28731.578474
993.510952,100,28753.08188
1316.453039,100,28753.676233
42.64744,100,28754.268508
1143.153699,100,28754.837743
2028.34952,100,28755.39145
1652.036479,100,28755.953174
2536.391447,100,28756.519128
916.587001,100,28757.086889
2047.059236,100,28757.656859
2665.56533,100,28758.212253
3196.013678,100,28758.772785
2861.942274,100,28759.330354
2547.439755,100,28759.907866
1428.258811,100,28760.467543
1882.841003,100,28761.508747
3151.182888,100,28762.140597
2528.38233,100,28763.04685
1997.46594,100,28763.713179
2526.326588,100,28764.478272
2375.91545,100,28765.081618
2594.93153,100,28766.180938
2333.590068,100,28788.429722
1352.506215,100,28788.999409
1383.086365,100,28789.560737
2438.581882,100,28790.126272
2960.780529,100,28790.684352
1884.517872,100,28791.235359
1897.989014,100,28791.79372
2119.003127,100,28792.356339
3224.609565,100,28792.918832
2187.9376,100,28793.476108
1413.43237,100,28794.060342
884.985811,100,28794.635008
2302.539441,100,28795.194339
2457.462055,100,28795.754304
1889.74824,100,28838.25453
1969.615934,100,28838.536828
2188.739768,100,28838.820005
2076.484579,100,28839.102663
2640.641641,100,28839.383317
1195.865163,100,28839.666797
1993.097308,100,28863.864895
1566.392392,100,28864.465008
2950.048516,100,28865.036098
3188.069396,100,28865.57853
2738.062584,100,28866.123622
2262.962139,100,28866.686158
1685.08974,100,28867.237749
781.752899,100,28867.792594
1245.950345,100,28868.332284
2637.894195,100,28868.883081
2296.229122,100,28869.430599
1552.732315,100,28869.983647
2341.434635,100,28870.567328
2038.881554,100,28871.115575
612.899805,100,28871.675663
1799.607678,100,28872.236032
1171.877739,100,28872.822797
2980.162554,100,28873.404196
2401.443399,100,28874.011349
2418.582862,100,28874.583569
2083.326869,100,28875.139146
2694.547676,100,28899.044131
777.508711,100,28899.643871
2294.446126,100,28900.218415
1783.550095,100,28900.640229
2750.90044,100,28900.924167
2274.799505,100,28901.215745
2201.34493,100,28901.496598
1134.163282,100,28901.772044
2634.650858,100,28902.053646
1005.615605,100,28902.326272
890.682654,100,28902.603083
1493.664233,100,28902.874163
1878.885203,100,28903.1445
2297.698439,100,28903.419704
3217.153046,100,28903.710438
799.395691,100,28904.014608
2184.270454,100,28904.326986
2910.954907,100,28904.621151
1589.541337,100,28904.901458
2734.394673,100,28905.182771
2596.763761,100,28925.499991
1021.738265,100,28926.085533
2219.923988,100,28926.648432
1959.084982,100,28927.213984
3132.045141,100,28927.782073
1274.69594,100,28928.345369
2328.165294,100,28928.902344
-631.182006,100,28929.481706
1918.064968,100,28930.47009
2000.636786,100,28931.081068
-278.218085,100,28932.020806
869.249149,100,28932.89679
1217.331581,100,28933.630424
1076.872163,100,28934.291623
2408.027791,100,28934.930966
2432.028678,100,28935.547663
1656.993234,100,28936.119296
1993.310674,100,28936.707718
2174.208507,100,28937.274655
1162.976413,100,28937.846452
1601.984739,100,28938.412749
1452.36942,100,28959.940706
2521.254871,100,28960.515519
1979.674621,100,28961.097985
2325.812456,100,28961.662741
2179.866224,100,28962.227865
946.717036,100,28962.792471
1285.354201,100,28963.362857
1502.777807,100,28963.937989
686.161001,100,28964.552995
1749.213722,100,28965.122713
1621.883298,100,28965.686662
2351.445751,100,28966.250275
2641.580564,100,28966.811111
1479.096634,100,28967.376607
1551.471757,100,28968.00999
1205.48102,100,28968.59537
937.610065,100,28969.160488
1636.937711,100,28969.722254
2123.85085,100,28970.283543
1475.494113,100,28970.886997
1832.881932,100,28995.772102
1206.338365,100,28996.359961
1237.856713,100,28996.930022
2195.456416,100,28997.497293
2373.162363,100,28998.052162
1770.727749,100,28998.625406
2161.352006,100,28999.193136
1646.943461,100,28999.759868
1534.551712,100,29000.328776
2463.462353,100,29000.898337
2328.464793,100,29001.461622
1548.613467,100,29002.018808
-84.359174,100,29002.585384
488.080625,100,29003.145118
2479.794714,100,29003.72281
1383.563121,100,29004.299684
1076.69263,100,29004.865383
648.116348,100,29005.43285
1317.032847,100,29005.991665
2326.260604,100,29006.571064
2327.778761,100,29007.129159
2261.166115,100,29031.67736
2707.529857,100,29032.235577
1906.334345,100,29032.786288
1806.990009,100,29033.338831
1789.252337,100,29033.894309
1669.538549,100,29034.486975
2256.174328,100,29035.040983
2360.842467,100,29035.590309
1174.88416,100,29036.150725
3021.437753,100,29036.70629
3232.055341,100,29037.268796
927.56922,100,29037.821145
2692.88692,100,29038.371415
2213.368021,100,29038.926369
1530.359173,100,29039.487664
1727.992289,100,29040.033597
2744.227596,100,29040.588442
2216.347209,100,29041.134234
2186.77914,100,29041.71781
997.145197,100,29042.262311
1609.569116,100,29066.677809
604.866111,100,29067.280145
1397.22955,100,29067.871144
1718.188968,100,29068.448289
2169.35318,100,29069.00513
1421.06272,100,29069.56774
1789.055101,100,29070.114993
2206.387206,100,29070.664936
-565.102514,100,29071.215819
2302.992208,100,29071.766733
1106.143228,100,29072.326784
2604.19218,100,29072.877432
1436.751921,100,29073.422839
2920.253986,100,29073.999935
2100.281359,100,29074.605345
3179.629904,100,29075.160386
1211.468747,100,29075.486983
2533.752463,100,29075.750606
2721.844762,100,29076.021731
1423.043958,100,29076.285037
2958.17946,100,29076.563967
1955.020685,100,29098.128021
1977.816184,100,29099.198128
2439.298342,100,29099.825793
2018.620513,100,29100.808289
3080.792797,100,29101.814098
1601.843088,100,29102.41711
2894.191066,100,29103.017129
2150.389682,100,29103.932864
3113.57652,100,29104.550745
1574.915336,100,29105.114817
2586.39767,100,29105.686695
2134.426631,100,29106.236788
2479.387261,100,29106.790957
2936.725139,100,29107.351754
2393.394814,100,29107.906953
1344.832424,100,29108.458941
2980.725184,100,29109.043725
1190.26952,100,29109.667702
2566.334883,100,29110.233025
1752.762493,100,29110.799227
1462.018462,100,29133.011938
1520.950387,100,29133.593534
-298.898101,100,29134.169032
1381.500603,100,29134.742022
1287.864333,100,29135.306242
2499.556908,100,29135.860546
3007.428826,100,29136.441025
1519.673187,100,29137.005605
956.39787,100,29137.576433
783.524551,100,29138.138358
2109.660251,100,29138.69984
2170.664516,100,29139.261365
925.101854,100,29140.314576
1218.856636,100,29140.948646
-145.353287,100,29142.184949
998.788991,100,29142.853153
360.58701,100,29143.478302
2027.198297,100,29144.005562
1513.368021,100,29144.771981
2831.81936,100,29145.154194
2887.93716,100,29145.772736
2540.274933,100,29167.885273
538.170351,100,29168.454383
1746.375126,100,29169.008946
596.852411,100,29169.568799
1208.746639,100,29170.130008
2387.764382,100,29170.698502
191.286431,100,29171.256014
331.366656,100,29171.819057
2387.222604,100,29172.382938
2642.487844,100,29172.944963
2065.798981,100,29173.500407
2815.206255,100,29174.072085
3103.575381,100,29174.653404
2629.33807,100,29175.218459
3215.304228,100,29175.785314
1380.81154,100,29176.352763
2778.134354,100,29176.917735
2271.505666,100,29177.48628
2731.503082,100,29178.042749
2547.52071,100,29178.605988
1352.490852,100,29203.786316
2544.477935,100,29204.384732
1913.841036,100,29204.96881
1786.037635,100,29205.535034
2620.350594,100,29206.097717
2239.320981,100,29206.664695
1551.23896,100,29207.245122
1514.542168,100,29207.818008
2756.864808,100,29208.378022
2565.217555,100,29208.941976
2880.295815,100,29209.51298
2625.578563,100,29210.100772
1778.375341,100,29210.685314
1559.346827,100,29211.242448
2623.480513,100,29211.808974
1205.039461,100,29212.385732
2432.554202,100,29212.955416
1823.210967,100,29213.523038
987.943331,100,29214.099191
1824.409909,100,29214.71087
1782.965944,100,29215.272486
1678.210344,100,29239.036008
3039.686492,100,29239.594085
956.56984,100,29240.149846
1413.203136,100,29240.449952
2121.678233,100,29240.724353
1974.113237,100,29240.996279
1565.972076,100,29241.266491
2195.489233,100,29241.54025
1867.987175,100,29241.806744
2162.650283,100,29242.076021
746.738211,100,29242.351377
1746.88487,100,29242.631594
2109.249143,100,29242.896089
1684.537563,100,29243.194273
2177.034192,100,29243.546738
478.376894,100,29243.935539
1258.251502,100,29244.277629
2492.149448,100,29244.565378
1168.420646,100,29244.836392
815.965571,100,29245.103026
1883.852197,100,29265.535182
2420.15949,100,29266.100755
-258.863365,100,29266.647093
1399.633938,100,29267.433495
851.521172,100,29267.979999
3227.650794,100,29268.330732
2221.058767,100,29269.684237
2240.498396,100,29270.578784
909.5865,100,29271.174555
2853.021344,100,29272.199493
1982.014654,100,29272.583418
2553.828348,100,29272.898156
1481.806654,100,29273.240897
1553.061072,100,29273.774844
1990.960455,100,29274.45055
1392.367584,100,29275.09087
1060.806205,100,29275.677599
1672.16586,100,29276.256245
1912.196805,100,29276.827609
2081.926539,100,29277.398356
659.150786,100,29277.978832
1383.099052,100,29300.691727
1547.303951,100,29301.277742
805.561738,100,29301.836814
2685.509972,100,29302.397183
2705.584836,100,29302.96448
2154.747171,100,29303.520975
2315.925063,100,29304.09476
2399.063626,100,29304.668629
2383.576149,100,29305.224863
2103.195388,100,29305.785372
2205.333429,100,29306.348465
1266.617972,100,29306.910133
2359.490947,100,29307.519972
1115.881681,100,29308.101756
2769.377023,100,29308.67
1891.816031,100,29309.437539
1550.693403,100,29310.006665
2777.845334,100,29310.306751
1222.873142,100,29310.733956
1702.281961,100,29311.529801
1265.200949,100,29334.353795
2267.599687,100,29334.938578
1104.847686,100,29335.49083
2387.471289,100,29336.067585
2623.319425,100,29336.623511
2305.590597,100,29337.170971
3135.850633,100,29337.722386
1869.699739,100,29338.26742
2659.266562,100,29338.819854
2745.050457,100,29339.37233
1855.842283,100,29339.933959
1081.421733,100,29340.48748
2578.821888,100,29341.038454
2403.970028,100,29341.594315
2811.289877,100,29342.139004
1949.638665,100,29342.687148
2390.918623,100,29343.238094
1884.825093,100,29343.79071
1861.362698,100,29344.361884
2717.056014,100,29344.942504
2542.674246,100,29345.49094
2608.843512,100,29369.296392
2463.766417,100,29369.863951
1975.983053,100,29370.426633
2323.397878,100,29371.0134
2446.273972,100,29371.573564
2038.32693,100,29372.139354
1495.611371,100,29372.696827
2087.232341,100,29373.254769
144.870266,100,29373.835059
3341.845858,100,29374.427746
3013.810186,100,29374.995474
2475.053049,100,29375.554357
1136.378536,100,29376.119129
1822.792785,100,29376.679386
2453.93145,100,29377.23737
1239.879633,100,29377.804303
1831.474788,100,29378.362375
3349.473812,100,29378.929524
2879.836684,100,29379.498642
1607.671399,100,29380.055985
2237.101528,100,29404.048957
934.890966,100,29404.617899
1403.823827,100,29405.19385
944.115153,100,29405.812764
2197.429486,100,29406.148499
2158.06208,100,29406.415668
2182.557603,100,29406.684513
1645.378297,100,29406.957489
1070.443665,100,29407.223657
1890.740905,100,29407.500113
1470.210091,100,29407.773613
-175.443862,100,29408.041613
2076.537485,100,29408.307199
1412.974214,100,29408.569014
2485.517633,100,29408.831663
2174.1331,100,29409.099662
2114.645737,100,29409.372742
394.815513,100,29409.633844
1816.388478,100,29409.908409
1300.890083,100,29410.180024
2008.654065,100,29410.456863
2602.291553,100,29432.123403
1314.198325,100,29432.690742
1324.464636,100,29433.243347
2427.876818,100,29433.805641
1402.727517,100,29434.385296
1678.588707,100,29434.958392
1831.130258,100,29435.518365
2587.023442,100,29436.08054
2646.501221,100,29437.103769
1763.326006,100,29437.942629
1923.329362,100,29438.542097
589.886256,100,29439.010576
2290.620737,100,29439.832211
1381.869456,100,29440.478763
584.83773,100,29441.094829
3582.419726,100,29441.673285
2301.519469,100,29442.234704
251.498814,100,29442.793333
2806.474026,100,29443.346878
1508.047224,100,29443.938824
2525.707462,100,29465.922772
2497.848159,100,29466.480237
2651.703141,100,29467.026182
2481.885558,100,29467.574981
2107.188668,100,29468.127667
1491.511624,100,29468.689377
1376.538173,100,29469.236845
2340.894642,100,29469.784847
1499.397863,100,29470.326982
2267.036707,100,29470.881168
1749.951007,100,29471.427797
1820.282191,100,29471.973178
1399.444487,100,29472.516436
705.617848,100,29473.06233
2050.384564,100,29473.612406
1628.248931,100,29474.205383
1906.947844,100,29474.770315
2806.671257,100,29475.316651
1394.209338,100,29475.864316
1620.464301,100,29476.436781
1705.118609,100,29476.989962
1231.854893,100,29501.689554
3102.294302,100,29502.249726
747.989656,100,29502.81445
238.151641,100,29503.376385
1469.563596,100,29503.964065
2166.417259,100,29504.542107
1941.014885,100,29505.115117
1499.299803,100,29505.678787
2502.480101,100,29506.254372
1580.405316,100,29506.817429
1448.071774,100,29507.376367
2867.345505,100,29507.969503
2650.025969,100,29508.530379
1488.001881,100,29509.093714
1073.87707,100,29509.65693
1666.601323,100,29510.224571
3071.008444,100,29510.792265
2024.083575,100,29511.347736
2244.444924,100,29511.907686
1652.729879,100,29512.463276
1911.556922,100,29537.471086
1363.770279,100,29538.063639
2827.813926,100,29538.625459
1820.526849,100,29539.178172
2246.472364,100,29539.741098
1301.287588,100,29540.302626
1743.005146,100,29540.872572
1713.141754,100,29541.427333
1572.867748,100,29541.985783
-234.096769,100,29542.547985
1670.839349,100,29543.120542
2753.838125,100,29543.68241
1609.138757,100,29544.278382
2226.382293,100,29544.864628
2760.133118,100,29545.424724
1311.217366,100,29545.989258
316.227526,100,29546.55879
2460.868188,100,29547.117156
2458.906244,100,29547.689035
1421.03511,100,29548.261674
1457.737593,100,29571.732388
1329.756759,100,29572.312279
2162.055944,100,29572.871267
2513.946617,100,29573.456519
1392.87342,100,29574.040941
1618.823403,100,29574.715663
1705.205572,100,29575.376824
1957.207929,100,29575.845965
2122.387429,100,29576.179008
3370.352676,100,29576.493069
3059.129306,100,29576.796826
1813.956374,100,29577.09538
2688.609145,100,29577.406207
2388.959036,100,29577.711061
866.200536,100,29578.029418
2077.930718,100,29578.330161
2306.599871,100,29578.632799
2450.147595,100,29578.94677
1873.300557,100,29579.253959
1099.772429,100,29579.561742
2443.862343,100,29579.873441
2282.875068,100,29600.729981
2577.869139,100,29601.283669
1722.184561,100,29601.836707
909.624795,100,29602.383347
2628.156181,100,29602.936035
1717.84753,100,29603.480884
2753.607978,100,29604.075087
2625.704475,100,29604.663946
1106.998076,100,29605.214169
572.151247,100,29605.768394
920.301214,100,29606.703045
1545.277271,100,29607.018128
1016.286083,100,29607.780632
343.70054,100,29608.885001
2073.924539,100,29609.695584
884.462785,100,29610.290112
1208.460585,100,29610.921324
45.751259,100,29611.560344
1297.027302,100,29612.185125
1332.614281,100,29612.763417
1996.714061,100,29634.996935
2307.948802,100,29635.302182
2001.332629,100,29635.58676
1996.577193,100,29635.858187
1241.286091,100,29636.132515
1646.930086,100,29636.410876
1956.120902,100,29636.681507
696.261389,100,29636.952717
2073.627007,100,29637.222643
1762.689298,100,29637.530295
2194.614933,100,29637.813517
2635.79886,100,29638.09093
2509.027018,100,29638.360211
772.84765,100,29638.662113
1653.788665,100,29638.923053
1564.620951,100,29639.194078
2734.605175,100,29639.457152
2204.196207,100,29639.723707
1670.815361,100,29639.991621
1793.999442,100,29640.257042
-194.40528,100,29640.527428
1425.474186,100,29664.500875
1384.360013,100,29665.217527
2501.101944,100,29713.349819
1104.675577,100,29713.635393
1960.767431,100,29713.943298
2565.635724,100,29714.265138
-333.350935,100,29714.55555
3138.098715,100,29714.842638
527.970568,100,29715.122884
1919.65573,100,29715.40109
1503.408619,100,29715.672412
1745.251303,100,29715.956551
-232.551509,100,29716.224363
2165.750174,100,29716.496258
864.60262,100,29716.774567
1561.661135,100,29717.047886
1411.939489,100,29717.315658
2851.941319,100,29717.600206
1777.656239,100,29717.881136
2494.004902,100,29718.163532
824.14251,100,29740.452613
2556.88751,100,29741.041628
2019.691477,100,29741.600894
2023.342749,100,29742.154885
2471.00637,100,29742.706204
2860.23118,100,29743.277032
2047.980677,100,29743.87994
2918.478502,100,29744.486716
1868.706999,100,29745.053682
1744.482529,100,29745.627208
1180.127062,100,29746.190228
1514.130843,100,29746.748128
2764.088431,100,29747.304956
2678.440853,100,29747.869715
1973.580175,100,29748.433243
1763.028574,100,29748.990379
1340.058162,100,29749.547852
2490.758619,100,29750.104783
73.387772,100,29750.679405
1751.291394,100,29751.238708
2767.110693,100,29751.796019
699.346549,100,29773.752988
2541.088885,100,29774.500205
2616.818283,100,29775.083987
2305.842497,100,29775.590169
2533.264257,100,29776.61575
2854.068735,100,29777.723747
2036.433192,100,29778.397174
1185.851342,100,29779.014719
2510.034219,100,29779.605291
2975.848532,100,29780.184451
2792.991461,100,29780.753605
1294.506206,100,29781.305743
2097.775935,100,29781.857714
2253.226658,100,29782.411571
377.699252,100,29782.974986
2617.541125,100,29783.528377
1311.62531,100,29784.094607
717.312132,100,29784.706745
2016.481971,100,29785.360751
2464.419323,100,29786.007582
1956.321996,100,29807.546813
2604.21139,100,29808.291735
608.791668,100,29808.926416
-1402.675343,100,29809.494865
2607.825897,100,29810.047435
2799.217474,100,29810.62004
1868.556423,100,29811.178365
1534.490017,100,29811.73978
2288.794041,100,29812.292768
3101.621634,100,29812.857728
2540.706462,100,29813.412456
1446.815965,100,29813.980751
-599.304166,100,29814.581309
870.862553,100,29815.147528
1467.86408,100,29815.697731
1625.17998,100,29816.4812
2713.427481,100,29816.778575
24.519546,100,29817.374112
1855.833627,100,29817.767359
1763.965573,100,29818.52161
2526.089682,100,29819.106584
1909.091939,100,29841.002972
2432.543724,100,29841.585983
2162.643872,100,29842.14697
1979.490422,100,29842.722368
2437.819417,100,29843.283955
1194.234627,100,29843.869925
1612.136161,100,29844.456077
2172.59259,100,29845.018321
2451.272454,100,29845.58036
-614.15527,100,29846.177715
2944.342796,100,29846.747879
2212.192762,100,29847.301256
3463.704387,100,29847.862466
1519.096545,100,29848.429939
2853.107529,100,29848.988769
1557.097635,100,29849.554569
1265.394746,100,29850.109721
1982.735136,100,29850.683299
2792.77349,100,29851.242784
1267.41943,100,29851.803238
2511.478605,100,29876.439535
858.341568,100,29876.744313
2418.071032,100,29877.026239
2438.850894,100,29877.302242
1134.406233,100,29877.597053
1980.140813,100,29877.878782
700.879397,100,29878.186594
2626.316261,100,29878.474194
870.313181,100,29878.741298
905.807646,100,29879.008613
947.206571,100,29879.279941
2133.915098,100,29879.546383
1698.245102,100,29879.814391
1792.416913,100,29880.084489
236.516916,100,29880.349777
1182.295497,100,29880.62043
2241.128093,100,29880.887438
1715.089454,100,29881.157601
1518.877112,100,29881.431206
2520.305164,100,29881.707767
2757.284902,100,29881.980834
1938.974267,100,29903.42677
2644.838285,100,29903.865001
1368.854472,100,29904.404817
739.911584,100,29904.772587
3138.823436,100,29905.316799
1002.82311,100,29905.960893
1821.807246,100,29906.681701
-1339.873475,100,29907.263291
2593.195858,100,29907.829507
2731.484556,100,29908.410563
86.386861,100,29908.958507
2748.53319,100,29909.515305
2943.412817,100,29910.058463
1372.83855,100,29910.627983
973.384301,100,29911.230342
2805.057089,100,29911.819499
792.736526,100,29912.382955
1484.686599,100,29912.944894
1815.379459,100,29913.504958
1365.195072,100,29914.076439
1531.555897,100,29935.754812
2228.839966,100,29936.331018
1309.034314,100,29936.892484
2731.365693,100,29937.440546
2488.921451,100,29937.989517
2415.055217,100,29938.542265
641.249288,100,29939.085701
1933.140354,100,29939.634744
1257.998494,100,29940.222257
2063.62722,100,29940.770986
1636.01668,100,29941.317952
1487.075082,100,29942.365526
1162.811459,100,29943.010606
2047.682453,100,29944.22648
373.431121,100,29944.70365
2718.313077,100,29945.016664
1929.152271,100,29945.486632
2000.810547,100,29945.804803
3251.377011,100,29946.209964
1351.245011,100,29946.576834
1715.224786,100,29946.898662
3194.531147,100,29968.661729
3329.338407,100,29969.231402
935.231592,100,29969.795586
2395.050852,100,29970.372895
-419.966385,100,29970.929217
1582.997354,100,29971.483835
2295.96553,100,29972.036666
2160.436597,100,29972.591222
3018.214758,100,29973.144752
1532.089334,100,29973.697028
1185.350973,100,29974.271528
1581.902259,100,29974.837989
1683.588119,100,29975.39008
1495.436148,100,29975.977413
2469.196092,100,29976.545108
2431.923168,100,29977.115314
2095.719544,100,29977.677958
561.845569,100,29978.234799
659.305474,100,29978.802344
2630.814261,100,29979.366636
1877.153865,100,30004.503771
2701.715977,100,30005.09769
1046.469664,100,30005.65933
2287.131846,100,30006.222686
1417.036857,100,30006.787414
1646.139666,100,30007.347756
-553.612211,100,30007.928056
1849.228528,100,30008.497059
2564.691255,100,30009.057097
2154.387474,100,30009.616795
1422.668848,100,30010.171808
2117.167088,100,30010.736542
2009.326713,100,30011.316702
1349.799163,100,30011.905124
2171.864469,100,30012.47768
1336.744768,100,30013.046749
2077.751155,100,30013.622755
2146.509174,100,30014.21045
813.49257,100,30014.78198
1510.388151,100,30015.346345
3622.072316,100,30015.901813
1537.206804,100,30040.674369
2966.5506,100,30041.255504
1315.141445,100,30041.805284
3792.598118,100,30042.347276
2333.89817,100,30042.896673
2726.981291,100,30043.46218
2936.927378,100,30044.025262
1655.915033,100,30044.603445
2332.812214,100,30045.158702
1153.414425,100,30045.702036
1338.861641,100,30046.247777
2807.811041,100,30046.795383
2974.243685,100,30047.345303
2408.312323,100,30047.889086
1094.330725,100,30048.502374
1000.498513,100,30049.055979
871.296243,100,30049.605311
1110.992228,100,30050.149881
1938.079104,100,30050.698695
714.551695,100,30051.246931
1502.369726,100,30074.867524
2774.953152,100,30075.498788
2439.678423,100,30076.141073
3072.964876,100,30076.761873
1028.55496,100,30077.344512
2584.795294,100,30077.905315
3085.630966,100,30078.472752
683.299459,100,30079.047456
1873.147848,100,30079.616227
2665.749125,100,30080.184881
2124.089106,100,30080.760619
2596.819828,100,30081.324421
1898.240593,100,30081.918879
2527.711404,100,30082.531199
2430.531096,100,30083.105744
1450.228018,100,30083.674424
375.107326,100,30084.255977
1897.987696,100,30084.832815
-430.526553,100,30085.415899
2098.127962,100,30085.97842
2453.555625,100,30086.543437
-88.363377,100,30108.263991
2306.059948,100,30108.843025
448.64386,100,30109.423809
2521.744988,100,30109.983979
1839.234575,100,30110.545018
2376.474477,100,30111.108581
1879.130725,100,30111.66273
2271.858164,100,30112.2219
1837.384236,100,30113.25038
1973.053061,100,30113.565698
2441.794243,100,30114.078574
2303.912557,100,30115.384248
1235.595147,100,30115.749537
1693.848922,100,30116.119362
1168.469028,100,30116.441601
2113.58892,100,30116.752671
2314.827113,100,30117.442209
1330.266828,100,30117.870454
782.88886,100,30118.223462
1799.558906,100,30118.535823
1221.235603,100,30140.788399
1829.369653,100,30141.365734
1930.386855,100,30141.923525
2196.262614,100,30142.483821
2508.490004,100,30143.056325
1371.611427,100,30143.620182
977.17297,100,30144.207035
2079.824321,100,30144.776574
2189.09094,100,30145.338636
2048.642883,100,30145.923029
2185.004632,100,30146.481368
2206.421458,100,30147.043144
3332.7196,100,30147.614164
1970.149301,100,30148.192698
2104.589595,100,30148.76336
1248.7924,100,30149.340087
444.240656,100,30149.900875
1872.898769,100,30150.457485
1746.993131,100,30151.015384
1937.407951,100,30151.575262
2746.513596,100,30152.132735
3392.625118,100,30175.71577
2360.3019,100,30176.273785
1917.198611,100,30176.842346
3144.227031,100,30177.404843
1851.57406,100,30177.964191
2251.091928,100,30178.524542
1849.257505,100,30179.084729
1699.611191,100,30179.649219
3106.752841,100,30180.203218
525.851504,100,30180.759587
2754.885738,100,30181.350987
2606.640096,100,30181.923878
1370.396818,100,30182.482716
1585.395683,100,30183.040764
2615.714822,100,30183.595409
1161.736824,100,30184.174859
1760.905734,100,30184.748499
2201.244861,100,30185.304984
1055.00675,100,30185.861495
2676.474049,100,30186.437622
1768.906142,100,30214.860356
-218.420527,100,30215.43302
1733.837782,100,30215.989065
1488.553267,100,30216.539947
1473.819527,100,30217.085877
2230.898112,100,30217.630688
1862.525323,100,30218.187571
1971.069726,100,30218.739681
3556.948903,100,30219.284084
3210.354141,100,30219.837378
2573.901029,100,30220.398933
2449.639946,100,30220.948109
2586.877944,100,30221.491899
1391.097385,100,30222.041407
2580.821372,100,30222.585393
3085.204992,100,30223.127998
748.860236,100,30223.677464
2005.751646,100,30224.246585
1675.30847,100,30224.812839
2116.093023,100,30225.365151
293.095702,100,30225.907787
1696.066805,100,30249.693845
2184.648758,100,30250.257306
1529.657681,100,30250.815336
1939.9776,100,30251.394032
970.333555,100,30251.984362
1755.755535,100,30252.536369
1407.542709,100,30253.079204
690.754236,100,30253.629222
2161.655881,100,30254.193313
1540.931328,100,30254.753614
1818.056138,100,30255.300128
2066.159944,100,30255.843633
3011.965459,100,30256.404834
2162.245853,100,30256.952212
2770.823972,100,30257.496347
866.220029,100,30258.045406
2120.305419,100,30258.596284
2910.537678,100,30259.144547
2890.503512,100,30259.692752
2142.775581,100,30260.16775
2621.500429,100,30280.484296
808.241313,100,30280.780155
842.144557,100,30281.056292
3468.383106,100,30281.324301
2580.520174,100,30281.601604
2160.018858,100,30281.944343
2130.656802,100,30282.945142
2667.186181,100,30284.135256
527.774202,100,30285.074954
2006.414282,100,30286.010029
2479.224881,100,30286.621823
1849.643024,100,30287.218025
2312.504216,100,30287.778507
1481.684605,100,30288.357877
1899.69082,100,30288.924723
2832.516356,100,30289.4863
2803.334732,100,30290.051407
822.854348,100,30290.617412
207.987368,100,30291.178616
2174.127657,100,30291.731254
1422.311445,100,30292.299397
1642.621363,100,30314.179621
2903.582056,100,30314.758528
3188.285483,100,30315.314647
2632.703604,100,30315.870708
2264.867517,100,30316.435201
419.685852,100,30317.002463
2483.010051,100,30317.562987
576.854318,100,30318.11765
2340.713531,100,30318.694964
2136.031998,100,30319.260781
2677.70193,100,30319.817744
1562.478859,100,30320.369511
223.963555,100,30320.944776
2496.334901,100,30321.500081
2123.910809,100,30322.060095
1978.464065,100,30322.622043
2385.41136,100,30323.190453
-449.634767,100,30323.750785
1070.352137,100,30324.800375
3002.655516,100,30325.149135
3117.824471,100,30348.378082
2314.057036,100,30348.973409
696.029049,100,30349.535654
1604.029274,100,30350.093223
2556.885338,100,30350.680653
680.298573,100,30351.25184
1970.943269,100,30351.814801
2538.85983,100,30352.366257
1328.483983,100,30352.932938
2120.282401,100,30353.494527
2484.192253,100,30354.063801
685.339976,100,30354.646382
249.316111,100,30355.208195
1820.473913,100,30355.779175
2401.410241,100,30356.334639
1719.182631,100,30356.897615
1286.696713,100,30357.449769
2902.410388,100,30358.004874
2961.836476,100,30358.582959
2124.535583,100,30359.171674
3089.446593,100,30359.734421
232.043085,100,30384.265937
1800.246218,100,30384.843668
1340.078213,100,30385.398288
2257.398223,100,30385.961451
1679.970701,100,30386.517224
1432.51758,100,30387.101759
1147.90407,100,30387.659457
1507.253304,100,30388.224154
2371.636254,100,30388.801553
1231.582262,100,30389.368705
1110.629846,100,30389.926847
3022.546782,100,30390.479787
976.092317,100,30391.04149
2964.201479,100,30391.626981
2512.459835,100,30392.184293
1690.920423,100,30392.74219
2509.753136,100,30393.306063
2803.586145,100,30393.903898
2654.191934,100,30394.514802
1694.840235,100,30395.10426
1812.750322,100,30419.213641
816.112851,100,30419.789376
551.357301,100,30420.379299
2955.986713,100,30420.972943
713.47965,100,30421.554274
2529.878672,100,30422.135362
1163.033306,100,30422.696848
2217.542016,100,30423.261294
542.736598,100,30423.92039
3589.285222,100,30424.572779
1246.076461,100,30425.163444
2762.793349,100,30425.725981
1982.870453,100,30426.309217
698.737089,100,30426.869639
1207.886367,100,30427.42773
1400.580089,100,30427.990885
2439.878458,100,30428.54799
155.662415,100,30429.120759
1825.676484,100,30429.683831
1922.928898,100,30430.23765
1181.199786,100,30452.462492
2221.880065,100,30453.129552
2036.077182,100,30453.968127
1858.787812,100,30454.809811
1406.894591,100,30455.379451
2066.490877,100,30456.002855
1400.410561,100,30456.621572
2069.048978,100,30457.202838
2072.953681,100,30457.75302
1263.872737,100,30458.296027
1793.078224,100,30458.866969
1781.225818,100,30459.439641
1806.703324,100,30459.986363
1293.662589,100,30460.530538
2189.304305,100,30461.081301
3095.295866,100,30461.660551
3332.229947,100,30462.260391
2798.150825,100,30462.823541
1093.343755,100,30463.367177
2265.039199,100,30463.874778
3137.078772,100,30464.247117
2239.080006,100,30484.850575
900.477499,100,30485.411784
1299.310083,100,30485.959872
1629.89699,100,30486.510422
2967.053805,100,30487.054548
2357.540292,100,30487.60648
2504.01507,100,30488.150456
2356.303281,100,30488.699946
-503.230319,100,30489.278873
2459.756098,100,30489.835367
2677.162087,100,30490.378459
952.650943,100,30490.933578
1383.666073,100,30491.481535
851.785576,100,30492.035782
956.178582,100,30492.706789
287.850214,100,30493.534966
2747.493147,100,30494.665889
2321.081321,100,30495.058133
394.137881,100,30495.639987
3018.864289,100,30495.989339
1384.897504,100,30517.988079
675.195864,100,30518.577799
2872.168099,100,30519.15012
1464.67903,100,30519.721413
1790.557867,100,30520.284762
1599.799398,100,30520.844813
2967.253871,100,30521.398771
1020.807653,100,30521.971736
2898.060762,100,30522.534954
2498.450209,100,30523.092714
3072.396213,100,30523.655828
1476.933806,100,30560.934003
2527.559886,100,30561.207717
2145.912966,100,30561.487242
1133.981818,100,30561.765508
2230.928329,100,30562.037737
671.377169,100,30562.315121
2429.307901,100,30562.587612
1485.2595,100,30562.869133
2579.577656,100,30563.134836
826.958896,100,30563.456457
2850.817343,100,30586.878285
2089.456622,100,30587.487067
2811.96555,100,30588.062599
1917.504782,100,30588.619777
1866.030081,100,30589.205867
2094.078552,100,30589.768977
1000.181118,100,30590.339248
2020.351115,100,30590.899022
2197.220891,100,30591.457565
2586.303494,100,30592.017808
2702.616377,100,30592.579278
2633.831309,100,30593.140318
1776.860738,100,30593.729022
1677.68302,100,30594.314634
2167.848694,100,30594.874703
1428.693967,100,30595.429311
3864.690724,100,30595.991556
2156.532479,100,30596.550082
2160.363041,100,30597.100238
2324.741868,100,30597.431077
2645.42994,100,30620.947728
748.456348,100,30621.78931
414.876917,100,30622.399706
1518.30329,100,30623.012631
458.017732,100,30623.63334
1805.725027,100,30624.260343
-1381.625545,100,30624.830947
2397.553587,100,30625.383196
1515.212453,100,30625.934865
639.721351,100,30626.259593
2806.749939,100,30626.52683
1808.790997,100,30626.784238
1838.265629,100,30627.052167
2202.207019,100,30627.314699
1569.831959,100,30627.582156
387.317241,100,30627.83473
789.062721,100,30628.108881
2167.252534,100,30628.459147
2179.935036,100,30628.783719
2722.156744,100,30629.118844
2490.66999,100,30629.444875
971.131343,100,30651.079619
2200.20241,100,30651.639175
1259.573782,100,30652.196225
2365.891152,100,30652.752682
2649.814234,100,30653.321863
1671.638186,100,30653.895497
2607.682998,100,30654.477941
1594.157117,100,30655.037185
2114.218988,100,30655.603826
2123.402821,100,30656.177055
2402.257765,100,30656.73816
1670.16216,100,30657.294733
2260.845836,100,30657.850205
1907.273053,100,30658.406306
2593.206009,100,30658.963294
2350.957785,100,30659.553692
3422.485768,100,30660.420184
2930.701948,100,30660.781551
3123.093565,100,30661.712551
2890.735944,100,30662.67346
1690.614548,100,30684.858067
2591.257243,100,30685.445268
24.515694,100,30686.008765
2470.473913,100,30686.571347
2082.810829,100,30687.132829
1550.475631,100,30687.682712
3238.764305,100,30688.237256
585.851925,100,30688.79137
1744.505418,100,30689.356462
2595.545158,100,30689.923858
2624.2737,100,30690.485556
1528.802429,100,30691.043784
2643.895059,100,30691.601321
1787.706033,100,30692.156309
-403.620071,100,30692.712514
3508.478122,100,30693.268687
1730.313278,100,30693.82398
2433.372782,100,30694.407038
2133.955939,100,30694.978603
2503.774705,100,30695.540216
1947.028973,100,30696.096097
1704.473749,100,30720.466103
2887.991146,100,30721.036552
1208.614343,100,30721.586876
1941.161577,100,30722.144182
2245.386072,100,30722.694145
2023.869352,100,30723.286763
1726.352647,100,30723.841408
1212.570492,100,30724.433017
1886.226124,100,30725.000441
1379.303706,100,30725.554706
1802.921149,100,30726.113731
2907.747461,100,30726.671001
1522.00252,100,30727.226762
1460.072865,100,30727.781159
3208.657941,100,30728.340353
1484.754517,100,30728.903712
3784.001751,100,30729.507701
1035.104147,100,30730.066691
2421.388664,100,30730.636473
1556.49889,100,30731.200348
1710.17219,100,30755.497498
2138.400929,100,30756.138956
2432.714566,100,30756.735393
2514.115318,100,30757.307795
3276.312556,100,30757.859801
2734.153906,100,30758.418611
2918.672962,100,30758.977391
1728.8689,100,30759.55133
2947.460648,100,30760.110166
2733.0285,100,30760.671319
2107.774942,100,30761.231856
63.458108,100,30761.784398
2963.662481,100,30762.349464
-118.863963,100,30762.902269
1701.592728,100,30763.463407
2535.170324,100,30764.035333
2421.739372,100,30764.610764
2534.606491,100,30765.187339
1455.408879,100,30765.741261
2076.253067,100,30766.321754
1773.588413,100,30766.880407
2200.885878,100,30791.100847
1889.966923,100,30791.705996
1633.175436,100,30792.316663
1741.48106,100,30793.075507
1619.268115,100,30793.695672
-176.033487,100,30794.452073
2283.70019,100,30795.069174
2996.616762,100,30795.646233
2833.421639,100,30796.2161
2884.207846,100,30796.784051
1217.926797,100,30797.351976
2344.333702,100,30797.950979
1759.164585,100,30798.54885
1690.944966,100,30799.116467
778.179287,100,30799.696783
2005.43967,100,30800.266413
441.582724,100,30800.841942
2380.210018,100,30801.422984
2409.470501,100,30801.983752
982.39056,100,30802.549761
2442.204731,100,30826.86619
1500.185604,100,30827.444692
3417.518095,100,30828.007712
3139.903776,100,30828.768871
2137.858778,100,30829.665891
1606.182242,100,30830.503281
1939.625631,100,30831.490873
1960.015926,100,30832.132
2086.531892,100,30832.751765
-279.597146,100,30833.410613
2871.061239,100,30834.146549
2678.900525,100,30834.746263
854.094129,100,30835.313346
2491.474044,100,30835.901467
1530.57151,100,30836.476396
3066.346454,100,30837.040422
1220.289402,100,30837.611438
1959.555057,100,30838.173297
1705.343903,100,30838.744356
2853.330654,100,30839.343279
1706.24941,100,30839.958322
1978.16181,100,30859.827591
1665.301409,100,30860.115321
2234.251191,100,30860.402689
1474.458345,100,30860.673607
1912.40879,100,30860.944226
1870.301592,100,30861.216593
3213.708238,100,30861.505258
2404.21176,100,30861.771259
3132.054987,100,30862.045089
2339.747008,100,30862.319301
616.731052,100,30862.586957
1483.226974,100,30862.856645
2751.626339,100,30863.122048
2394.79963,100,30863.398776
2001.027745,100,30863.679993
864.940171,100,30864.003994
2227.437269,100,30864.382537
2406.615839,100,30864.65935
1062.030933,100,30864.930482
2805.082662,100,30865.20644
1502.197817,100,30888.626545
1554.724601,100,30889.203105
1194.128394,100,30889.777667
2235.208687,100,30890.052208
1483.442313,100,30890.329215
1683.446287,100,30890.612124
2335.275188,100,30890.889096
2589.220084,100,30891.163199
2042.159362,100,30891.453543
1344.007396,100,30891.734184
2328.405792,100,30892.015613
2513.0344,100,30892.297524
3294.647406,100,30892.575626
2420.73034,100,30892.857139
1041.163108,100,30893.123024
1397.615875,100,30893.399588
3228.429262,100,30893.677686
823.16526,100,30893.975152
3280.953896,100,30894.293033
1280.126638,100,30894.583282
555.892422,100,30894.861614
2800.824036,100,30919.254076
1078.85806,100,30919.828648
3092.394391,100,30920.3807
3032.550058,100,30920.939151
1743.989422,100,30921.489114
1194.170087,100,30922.062809
1964.30932,100,30922.63038
2820.490421,100,30923.206825
2574.206679,100,30923.803013
2487.554742,100,30924.403757
1110.252395,100,30924.972552
1845.688209,100,30925.529535
2675.476417,100,30926.098266
2728.158595,100,30926.69104
343.434295,100,30927.246271
1984.386028,100,30927.79153
1684.672992,100,30928.340652
1211.035512,100,30928.891117
2041.565142,100,30929.447721
3264.780132,100,30930.005657
3065.011841,100,30950.628449
529.361798,100,30951.201879
2956.248192,100,30951.76798
-722.590866,100,30952.336321
2677.464076,100,30952.905375
1944.015102,100,30953.461957
2540.148864,100,30954.262446
2699.027492,100,30955.519299
1898.895654,100,30956.309698
3108.215406,100,30956.976482
1742.289591,100,30957.622184
-333.857646,100,30957.966718
2235.074903,100,30958.273192
2455.63582,100,30958.583404
1355.931555,100,30958.909515
1549.919355,100,30959.21732
1413.351989,100,30959.535375
1834.60816,100,30959.823019
669.422417,100,30960.101859
2983.528234,100,30960.374243
2314.290247,100,30960.64274
3374.326139,100,30983.26712
35.727561,100,30983.842054
1439.405111,100,30984.43006
2927.582346,100,30985.000055
3115.844215,100,30985.559339
1936.457117,100,30986.142286
996.946563,100,30986.705078
334.857606,100,30987.264536
1737.205848,100,30987.827014
2180.688608,100,30988.385619
1994.292605,100,30988.965142
2803.578618,100,30989.535675
2072.959468,100,30990.109804
923.06352,100,30990.669394
2600.642652,100,30991.224383
2044.534832,100,30991.786004
2872.426475,100,30992.357085
2365.378479,100,30992.913239
2212.887665,100,30993.473153
2156.27987,100,30994.049557
-93.425063,100,31017.153746
1498.767012,100,31017.74287
2741.268113,100,31018.31704
-92.39883,100,31018.889132
2681.287445,100,31019.462681
719.105593,100,31020.025815
1907.348174,100,31020.5857
2985.233275,100,31021.141247
1216.476815,100,31021.695619
2056.861432,100,31022.272635
2410.612876,100,31022.853704
2393.133079,100,31023.416887
2806.207392,100,31023.992422
2165.861593,100,31024.568309
2621.938301,100,31025.130194
409.345651,100,31025.687166
1830.568033,100,31026.244742
2270.38804,100,31026.802851
1754.943747,100,31027.353469
1262.959802,100,31027.924264
1979.783536,100,31028.485655
607.198287,100,31053.118588
54.51005,100,31053.675713
1449.949069,100,31054.282446
937.743804,100,31054.851321
-1382.321937,100,31055.408218
758.341396,100,31055.971781
2643.095686,100,31056.52145
1584.983702,100,31057.069962
2203.449742,100,31057.615365
691.186668,100,31058.167533
2184.134857,100,31058.71523
1941.30865,100,31059.269674
2515.647127,100,31059.829477
1618.856564,100,31060.39952
3184.264112,100,31060.950757
1441.779011,100,31061.502645
21.548286,100,31062.049161
1480.598026,100,31062.614351
1327.386482,100,31063.163595
1541.249222,100,31063.713251
2324.072299,100,31086.567116
1387.802975,100,31086.88556
1228.369386,100,31087.281711
1518.929097,100,31087.888879
940.694761,100,31088.320344
703.411783,100,31088.63062
1922.379369,100,31089.130676
1193.96753,100,31089.68434
2273.810636,100,31090.243265
2007.261559,100,31090.793766
1994.973445,100,31091.337689
1308.619865,100,31091.885017
2412.791141,100,31092.439451
1977.985156,100,31093.029816
1714.92946,100,31093.632996
1492.305225,100,31094.227971
27.335151,100,31094.793667
474.772654,100,31095.342275
2397.998906,100,31095.889306
2243.391551,100,31096.437889
1236.997411,100,31096.985005
1438.063201,100,31118.866812
1823.251229,100,31119.429055
1857.966358,100,31119.998064
2348.097617,100,31120.561729
2693.664952,100,31121.120809
2212.01761,100,31121.682748
800.321789,100,31122.238358
1395.517275,100,31122.80497
2332.710371,100,31123.367072
775.37215,100,31124.533833
-900.348232,100,31125.737325
2460.772383,100,31126.421208
1647.299442,100,31127.034117
2271.204274,100,31127.914768
782.899708,100,31128.534776
1053.728661,100,31129.16079
2325.741963,100,31129.775836
462.844225,100,31130.575591
2043.900656,100,31131.207772
2096.35528,100,31131.786456
2206.454744,100,31153.309367
1094.55714,100,31153.63747
2329.921461,100,31153.949872
1752.532118,100,31154.268438
2388.580391,100,31154.574879
2631.37669,100,31154.861778
1870.739254,100,31155.139352
872.003597,100,31155.423184
2145.490686,100,31155.708333
2250.998933,100,31155.995011
1102.059101,100,31156.286664
1775.014746,100,31156.575753
1541.33962,100,31156.856838
1218.373617,100,31157.131559
2126.642715,100,31157.413036
1887.964308,100,31157.686037
2132.12179,100,31157.968758
672.936073,100,31158.239202
2736.857127,100,31158.516698
2462.967365,100,31158.819025
2713.809746,100,31159.103383
1589.31236,100,31183.857444
1108.496254,100,31184.451654
1766.38167,100,31185.021455
2556.263893,100,31185.584792
2241.819847,100,31186.140322
2622.219421,100,31186.707259
1548.131454,100,31187.261224
1893.424406,100,31187.828653
1531.160658,100,31188.381273
1538.911003,100,31188.959258
-202.75339,100,31189.523878
2289.537067,100,31190.098022
2523.753454,100,31190.675778
3090.841473,100,31191.226707
1868.4016,100,31191.799283
2364.588114,100,31192.350848
2643.171789,100,31192.911598
637.223371,100,31193.476887
2472.941835,100,31194.055415
2647.019507,100,31194.646236
1907.195486,100,31219.043022
1232.676189,100,31219.644597
3291.042146,100,31220.247943
4110.488389,100,31220.859972
2999.030055,100,31221.422186
1101.851805,100,31222.0114
-622.66019,100,31222.576622
2630.547224,100,31223.134328
1926.952097,100,31223.709057
2259.153022,100,31224.285052
2020.738714,100,31224.859232
2969.690979,100,31225.409528
2316.951034,100,31225.972297
2542.932407,100,31226.531726
2626.886828,100,31227.096257
1669.671065,100,31227.667487
-739.989419,100,31228.232779
1955.643437,100,31228.794266
1720.935743,100,31229.377221
1084.623707,100,31229.95022
1682.345932,100,31230.509808
476.390386,100,31253.983816
3071.980206,100,31254.93814
1330.064154,100,31255.526741
1266.607087,100,31256.1756
530.92282,100,31256.95657
2897.519906,100,31257.512078
1204.183283,100,31258.063095
2722.725573,100,31258.606281
1939.09188,100,31259.15161
2125.521405,100,31259.722944
2914.067371,100,31260.293329
2532.789583,100,31260.866421
1531.774594,100,31261.433964
1735.576926,100,31262.025251
1892.439601,100,31262.599977
2998.385006,100,31263.157673
200.236025,100,31263.718621
2095.006373,100,31264.296474
2157.612407,100,31264.864754
2690.43274,100,31265.41371
2454.197595,100,31287.293782
3207.924341,100,31287.860689
2383.920792,100,31288.416708
-373.645523,100,31288.977232
2638.066172,100,31289.534954
3111.48021,100,31290.165773
1736.955943,100,31290.727259
1275.346144,100,31291.277667
2408.43071,100,31291.83676
1294.135247,100,31292.584859
994.052286,100,31293.15717
1889.20365,100,31293.530731
1625.560618,100,31294.303204
2042.113653,100,31295.484403
2121.610527,100,31296.139221
1564.411148,100,31296.739187
2109.151444,100,31297.408742
1767.626734,100,31298.002772
1847.075358,100,31298.565804
1659.908772,100,31299.132989
1626.686283,100,31320.813447
1468.475998,100,31321.397962
2496.139031,100,31321.958693
964.982459,100,31322.514264
2598.162531,100,31323.0693
2481.902282,100,31323.625968
832.751792,100,31324.210755
499.267851,100,31324.78605
1776.712628,100,31325.340686
247.096262,100,31325.917886
2667.61044,100,31326.477399
2479.802449,100,31327.034199
2492.698679,100,31327.591882
3191.116839,100,31328.149833
1963.339904,100,31328.713621
1463.914284,100,31329.26779
3048.416481,100,31329.829402
3319.607907,100,31330.406951
2307.291964,100,31330.972755
1519.186117,100,31331.525276
2000.954448,100,31332.088193
2442.300728,100,31355.950859
465.340521,100,31356.228017
1406.229051,100,31356.5033
2430.931484,100,31356.769618
2237.979633,100,31357.029446
2853.758844,100,31357.290346
2144.590961,100,31357.557659
3144.286259,100,31357.820246
1999.835024,100,31358.08002
3111.509628,100,31358.333862
1773.258943,100,31358.615878
2447.53733,100,31358.879436
1556.296507,100,31359.14904
1369.546604,100,31359.411692
1681.01529,100,31359.675004
1381.122205,100,31359.944969
1895.073936,100,31360.224774
1880.401272,100,31360.519799
1797.832239,100,31360.792537
1709.86993,100,31393.664642
314.084457,100,31416.014259
2406.313999,100,31416.592096
918.687924,100,31417.163461
1774.739031,100,31417.721143
1413.239856,100,31418.275262
1478.751161,100,31419.049019
580.24643,100,31419.644674
2625.244997,100,31419.986835
1638.209093,100,31420.663666
1586.555666,100,31421.003274
2064.835613,100,31422.474231
2282.753225,100,31422.90231
2044.057342,100,31423.181294
998.156458,100,31423.598158
2593.589979,100,31424.146751
2483.32914,100,31424.627279
1789.05228,100,31424.94057
525.287553,100,31425.229625
1093.648237,100,31425.499897
3220.691507,100,31425.765989
1795.00559,100,31426.03962
2612.086567,100,31450.008775
2823.99799,100,31450.595551
2155.616257,100,31451.159432
2109.116695,100,31451.730843
2729.877426,100,31452.309156
1048.961837,100,31452.876963
2092.813339,100,31453.446328
839.836874,100,31454.01775
1269.353158,100,31454.604949
1484.337356,100,31455.168147
583.703966,100,31455.733278
1530.043918,100,31456.291814
2708.394584,100,31456.862382
2671.263986,100,31457.442667
706.153183,100,31458.004452
1022.352485,100,31458.566699
1434.732315,100,31459.125386
783.764463,100,31459.693333
2226.462929,100,31460.256066
2265.397289,100,31461.195079
2083.026638,100,31483.740082
-116.393764,100,31484.339241
2666.987827,100,31484.914747
2855.275511,100,31485.477234
2974.187912,100,31486.030715
-523.592502,100,31486.606296
2188.01831,100,31487.168692
1998.80392,100,31487.735806
1907.029308,100,31488.297201
1691.059996,100,31488.853217
860.122934,100,31489.411873
1571.867285,100,31489.968021
2179.725298,100,31490.536587
2419.706796,100,31491.093722
1919.40987,100,31491.672134
3009.386688,100,31492.243711
2480.963379,100,31492.802733
1729.481038,100,31493.361006
1652.585592,100,31493.92901
1648.20268,100,31494.504856
2154.42544,100,31495.076451
1062.536645,100,31519.840691
1760.146016,100,31520.426096
2309.263589,100,31520.993283
2039.799094,100,31521.560302
1910.724425,100,31522.126069
1510.510952,100,31522.691115
755.875481,100,31523.248472
2785.258092,100,31523.815773
2410.901295,100,31524.412803
3180.551355,100,31524.97684
2649.913011,100,31525.559256
-578.452154,100,31526.118266
2258.210392,100,31526.67925
1829.413446,100,31527.233442
2688.376624,100,31527.801555
3306.718301,100,31528.384881
2651.177718,100,31528.949372
2123.134626,100,31529.511527
2050.204899,100,31530.081401
2232.086769,100,31530.679566
2047.217958,100,31552.277131
1368.738362,100,31552.6394
2629.281206,100,31552.969391
3439.184941,100,31553.261112
1015.833433,100,31553.559004
2969.450426,100,31553.894392
2840.651277,100,31554.23826
2395.007263,100,31554.596931
2569.07944,100,31554.875556
740.962499,100,31555.160352
470.425056,100,31555.450555
1561.860696,100,31555.72012
897.785786,100,31556.008188
2140.526806,100,31556.288141
999.808699,100,31556.601766
2238.935059,100,31556.934155
2634.376815,100,31557.245791
2509.542402,100,31557.559103
2183.999373,100,31557.854954
3482.274249,100,31558.145356
-569.403333,100,31558.418121
1832.836979,100,31579.446871
2309.131383,100,31580.01711
-233.715834,100,31580.583946
1242.421571,100,31581.126883
2122.542213,100,31581.676393
1098.262489,100,31582.22302
-696.018955,100,31582.780315
2464.563875,100,31583.326296
1955.972744,100,31583.893165
1624.745742,100,31584.467515
1192.608766,100,31585.027174
2621.451147,100,31585.578559
2939.991171,100,31586.129624
2950.289349,100,31586.676974
267.43572,100,31587.219067
812.45287,100,31587.956249
3191.86086,100,31588.772482
1560.521865,100,31590.0459
2989.046836,100,31590.685781
1186.587901,100,31591.663165
1577.388998,100,31613.973734
2844.445394,100,31614.567609
2658.288073,100,31615.129338
2742.336168,100,31615.708999
2056.236968,100,31616.274673
1434.506614,100,31616.837024
2284.066253,100,31617.395551
2072.241279,100,31617.957739
311.70525,100,31618.521225
2307.949976,100,31619.078861
1900.397517,100,31619.639684
2399.678672,100,31620.194814
1352.205685,100,31620.761293
3120.458829,100,31621.322793
1312.664795,100,31621.879248
1406.803076,100,31622.445009
1721.561718,100,31623.022756
2130.711083,100,31623.585255
628.616877,100,31624.163243
2058.805025,100,31624.736949
2372.04238,100,31625.290537
2018.87252,100,31649.486101
2725.550993,100,31650.057177
1377.769722,100,31650.491349
1924.781832,100,31650.77602
1554.461573,100,31651.063686
3009.423476,100,31651.344234
1656.016653,100,31651.627611
2579.933723,100,31651.910625
1933.555174,100,31652.19506
2008.112853,100,31652.473042
1132.574234,100,31652.756399
1518.159656,100,31653.032164
2012.449031,100,31653.536821
1726.074201,100,31654.103997
1257.906497,100,31654.676019
153.48529,100,31655.244625
1937.277968,100,31655.801612
1016.692841,100,31656.352221
996.348166,100,31656.906818
1848.094333,100,31657.452806
-115.698096,100,31680.956129
1407.081524,100,31681.524742
1331.909836,100,31682.078852
1766.416235,100,31682.629412
2283.903471,100,31683.187644
1592.615782,100,31683.883932
2977.616838,100,31684.564567
-421.842799,100,31685.150774
3258.101733,100,31685.695881
2197.758734,100,31686.243325
1731.386914,100,31686.788292
2236.633013,100,31687.333858
1866.068241,100,31687.88037
2631.563078,100,31688.44882
907.569385,100,31688.994475
1376.389871,100,31689.544352
3498.453881,100,31690.090775
1847.04348,100,31690.647963
-287.93094,100,31691.218114
3026.519331,100,31691.764
3168.130323,100,31692.313895
1953.992061,100,31714.377868
2450.428186,100,31715.443779
1409.331625,100,31715.751868
2201.532384,100,31716.609642
1334.927174,100,31717.471055
923.007926,100,31718.080101
1419.242046,100,31718.663443
1877.071306,100,31719.016559
905.760454,100,31719.374046
2883.440927,100,31719.701593
2763.444515,100,31720.970157
477.573304,100,31721.574834
1031.741654,100,31722.128223
2171.580211,100,31722.677667
784.729676,100,31723.222802
1799.953463,100,31723.779172
2416.289702,100,31724.424325
1250.647757,100,31724.980271
1909.243515,100,31725.56495
2882.011482,100,31726.16804
1223.63759,100,31747.270434
1413.450944,100,31747.850244
1047.509517,100,31748.407323
727.951009,100,31748.962879
885.013726,100,31749.520162
3294.432155,100,31750.071564
1541.029509,100,31750.651079
1120.018158,100,31751.211211
2386.719474,100,31751.764982
2213.555517,100,31752.316064
2714.991828,100,31752.884074
1300.425485,100,31753.437392
1518.375964,100,31754.004128
3714.603552,100,31754.58767
2774.131158,100,31755.148687
2019.053773,100,31755.698266
3301.922294,100,31756.421582
1565.52757,100,31757.013834
833.544296,100,31757.330756
1288.921276,100,31757.774383
1325.079624,100,31758.494045
2865.420136,100,31781.085163
1951.068166,100,31781.655689
1507.295211,100,31782.21046
1214.898779,100,31782.79085
1955.050731,100,31783.353575
628.292366,100,31783.929605
2354.187034,100,31784.504992
2709.381678,100,31785.071299
1828.402996,100,31785.630756
1790.966349,100,31786.202345
1963.86235,100,31786.766758
1817.980665,100,31787.332502
2616.922456,100,31787.895619
2304.691641,100,31788.453377
2117.958397,100,31788.994452
1928.493194,100,31789.538271
1589.598465,100,31790.087652
2536.22146,100,31790.637487
2814.901323,100,31791.192893
2246.329236,100,31791.73867
2457.570579,100,31815.64798
2135.013281,100,31816.219984
1064.684766,100,31816.794669
1044.044262,100,31817.354497
2843.932971,100,31817.918546
2941.107144,100,31818.475311
2559.326791,100,31819.030057
2671.0508,100,31819.591861
1464.181582,100,31820.164308
541.923639,100,31820.570235
1930.599585,100,31820.853786
2185.154295,100,31821.113741
2238.309305,100,31821.395871
2663.523523,100,31821.65916
2495.083677,100,31821.932113
2746.216141,100,31822.197941
1858.866904,100,31822.469662
1759.928357,100,31822.733023
3052.038239,100,31822.997589
1881.258543,100,31823.258805
1826.040996,100,31823.527813
1905.8915,100,31848.660972
2237.599513,100,31849.218354
1633.752867,100,31849.782724
-621.98691,100,31850.336236
1918.689233,100,31850.912975
1813.160016,100,31851.481568
2981.149156,100,31852.101027
2404.273608,100,31852.694366
1302.711035,100,31853.260971
2158.119451,100,31853.829425
2069.481667,100,31854.408424
601.709966,100,31854.973228
3016.585369,100,31855.546563
2318.951873,100,31856.122074
2363.30217,100,31856.676613
1837.611902,100,31857.243665
1803.693707,100,31857.795641
2624.48607,100,31858.343076
1664.440053,100,31858.890413
1817.54232,100,31859.312379
1984.327655,100,31879.806171
1789.181152,100,31880.113847
2043.850569,100,31880.402524
1646.355803,100,31880.692069
2196.476665,100,31880.984765
2331.571572,100,31881.267002
2426.978466,100,31881.547461
2860.118361,100,31881.834412
1385.994595,100,31882.12346
2375.173156,100,31882.409349
2165.796805,100,31883.257198
1433.963728,100,31883.643286
2323.641534,100,31884.037669
2085.759868,100,31884.922731
913.01458,100,31885.676249
2419.390476,100,31886.099876
2759.670092,100,31886.681674
225.294584,100,31886.997461
2430.590456,100,31887.27131
2698.610751,100,31887.615747
624.909612,100,31888.334342
2875.538867,100,31909.210073
2681.788571,100,31909.805965
1333.780859,100,31910.396022
3259.156196,100,31910.96998
353.289102,100,31911.525826
920.120799,100,31912.103013
2038.387078,100,31912.673053
180.490701,100,31913.2293
1919.153753,100,31913.785376
2732.457422,100,31914.3669
1849.089794,100,31914.931693
914.943425,100,31915.50326
1734.036828,100,31916.039045
2851.038507,100,31916.315401
2545.129597,100,31916.596076
2018.102837,100,31916.874975
1403.920448,100,31917.153996
1843.485464,100,31917.432721
1529.589634,100,31917.715134
1079.978067,100,31917.993269
2047.457837,100,31941.090493
2088.210513,100,31941.666148
1726.425572,100,31942.228019
1577.488302,100,31942.791771
1399.040381,100,31943.345744
2290.000291,100,31943.913429
3211.808597,100,31944.503533
2981.908231,100,31945.067253
2758.629786,100,31945.637612
2781.152152,100,31946.201975
528.442777,100,31946.765124
2467.479097,100,31947.317043
2490.528569,100,31947.905209
2962.793311,100,31948.481443
1776.939158,100,31949.040374
2223.002147,100,31949.615014
2872.806388,100,31950.186226
2274.818472,100,31950.745595
2956.556252,100,31951.307154
1868.627734,100,31951.870982
2786.099515,100,31952.4272
3348.36731,100,31976.082274
1648.34786,100,31976.681306
-1094.829685,100,31977.240803
1260.097857,100,31977.801268
1514.06614,100,31978.355082
2808.300628,100,31978.944851
2456.526196,100,31979.561812
2674.096857,100,31980.133375
2853.108068,100,31980.704335
1005.896254,100,31981.276374
2615.511869,100,31981.843852
869.19809,100,31982.397311
705.749317,100,31982.959146
3311.003552,100,31983.517119
2391.213604,100,31984.090854
3417.674067,100,31984.662618
802.126253,100,31985.217256
2055.912423,100,31985.775255
2550.94318,100,31986.337788
1824.843819,100,31986.908568
2420.545877,100,32008.166854
1905.252687,100,32008.754552
1722.57704,100,32009.31671
2092.744582,100,32010.256343
656.572246,100,32010.571961
2904.118536,100,32011.082249
1959.840301,100,32011.743572
2989.093388,100,32012.331156
1219.082588,100,32012.876761
1488.312544,100,32013.539536
2101.578884,100,32014.293125
2029.185644,100,32014.705079
1232.283766,100,32015.03605
4.60179,100,32015.581202
1148.617442,100,32015.93587
1049.068699,100,32016.221343
1710.476173,100,32016.501344
2150.297031,100,32016.781995
2054.410401,100,32017.054186
2551.087296,100,32017.32307
123.788071,100,32017.594087
1093.798169,100,32038.306486
2732.484973,100,32038.868774
2833.184756,100,32039.433931
2224.611024,100,32039.985717
2025.424993,100,32040.544265
2663.455671,100,32041.107888
2802.402266,100,32041.675882
2094.73197,100,32042.23871
2112.619958,100,32042.8008
1309.125587,100,32043.355623
2636.112151,100,32043.912052
2514.468602,100,32044.494099
2582.069255,100,32045.056646
2142.146642,100,32045.613747
2783.501091,100,32046.16806
1597.192503,100,32046.72973
2864.666377,100,32047.297438
2338.853739,100,32047.877807
1349.306556,100,32048.451263
2917.358047,100,32049.023609
2782.627229,100,32073.246865
628.664572,100,32073.549925
2698.903542,100,32073.841688
1720.692644,100,32074.147756
3118.475848,100,32074.438532
1030.898808,100,32074.711426
2173.865149,100,32074.98463
2099.911372,100,32075.257642
1825.057719,100,32075.530109
1046.549601,100,32075.800853
632.274289,100,32076.071308
1763.207094,100,32076.339615
1970.032579,100,32076.605882
2370.17374,100,32076.870599
1771.272002,100,32077.138216
2530.416953,100,32077.436255
2479.05658,100,32077.698489
1658.294504,100,32077.969242
1336.837919,100,32078.258193
2550.093481,100,32078.528711
1859.989719,100,32078.796985
2279.1455,100,32102.246835
1924.190488,100,32102.850602
1837.717366,100,32103.415478
1933.236249,100,32103.986007
1969.043115,100,32104.566025
2236.123649,100,32105.124975
3240.720136,100,32105.692372
1405.731528,100,32106.819804
2809.618757,100,32107.385465
1566.323818,100,32107.953467
2325.675428,100,32108.529108
725.516047,100,32109.090311
1601.411391,100,32109.651888
1580.462932,100,32110.214875
1933.380871,100,32110.789419
1667.199233,100,32111.361688
1867.430959,100,32111.924946
2465.171307,100,32112.484526
2107.649205,100,32113.042872
2265.849884,100,32113.623386
1702.198944,100,32134.660037
2142.481159,100,32135.247622
1160.899687,100,32135.811622
-808.770967,100,32136.374959
1478.333988,100,32137.126027
2528.580171,100,32137.955699
1865.74063,100,32138.781689
2087.382576,100,32139.519197
2806.088897,100,32139.87611
2540.205587,100,32140.227559
965.649633,100,32140.515098
1857.732848,100,32140.824978
-787.340984,100,32141.175271
1985.900574,100,32141.604328
2612.774046,100,32141.929664
2045.296551,100,32142.384676
2668.802628,100,32142.792848
2370.036112,100,32143.072701
-2.40512,100,32143.350769
1787.529707,100,32143.715828
2989.965812,100,32164.283162
2766.774934,100,32164.889694
1212.45284,100,32165.457819
2943.813587,100,32166.021115
-420.089553,100,32166.584503
2398.587943,100,32167.14482
2342.397208,100,32167.702007
1723.105628,100,32168.264621
2976.578979,100,32168.833045
1052.751834,100,32169.403289
1983.621274,100,32169.961567
1386.197774,100,32170.519725
-579.639206,100,32171.077234
1978.502283,100,32171.646242
2569.756028,100,32172.199674
1123.650665,100,32172.749731
2152.821928,100,32173.30459
1126.53534,100,32173.871137
1340.666344,100,32174.450704
814.505977,100,32175.010331
2635.346538,100,32175.56858
1170.390668,100,32199.168727
1835.558049,100,32199.750592
1447.914388,100,32200.317982
2501.201705,100,32200.875754
431.036802,100,32201.434894
1302.33153,100,32201.985837
2204.550307,100,32202.53142
2671.054568,100,32240.792164
183.394429,100,32241.059697
2129.802017,100,32241.343981
1396.196598,100,32241.62124
2518.036136,100,32241.884753
2414.930152,100,32242.158818
208.423011,100,32242.43381
2701.904581,100,32242.69925
2752.078871,100,32242.959983
2032.473274,100,32243.223368
1253.982113,100,32243.485038
2114.85687,100,32243.767143
1848.802275,100,32244.077131
1275.758482,100,32264.511755
1732.051052,100,32265.166447
2162.630204,100,32265.737077
2015.588696,100,32266.811392
1029.574427,100,32267.44433
2497.037981,100,32268.395899
1158.69341,100,32269.295215
2832.790971,100,32269.923409
1875.576201,100,32270.507493
2681.042993,100,32271.152102
2439.816234,100,32271.810122
2185.752146,100,32272.552225
2291.586038,100,32273.176112
987.866755,100,32273.7379
1952.631722,100,32274.319619
2384.337549,100,32274.876707
2302.198827,100,32275.437618
2208.407485,100,32275.993874
2489.785381,100,32276.56439
1694.531899,100,32277.153577
1362.783302,100,32277.737552
2451.790755,100,32298.08452
2090.183613,100,32298.663418
1659.759905,100,32299.23395
1759.451853,100,32299.812986
2202.834684,100,32300.367333
1828.118806,100,32300.928553
2192.703079,100,32301.493692
2610.543814,100,32302.060494
2196.433131,100,32302.624442
2013.918538,100,32303.185868
1803.34166,100,32303.750557
208.945599,100,32304.332414
2245.490303,100,32304.897515
2134.268978,100,32305.462391
2347.024924,100,32306.032092
1113.020475,100,32306.596085
1306.903818,100,32307.15186
1347.222059,100,32308.203893
2359.71675,100,32308.515191
-515.601419,100,32308.897987
2815.186424,100,32331.154714
2499.324709,100,32331.750134
3019.337905,100,32332.313319
667.554251,100,32332.872743
1975.254186,100,32333.425833
1352.042129,100,32333.997605
2409.722889,100,32334.574352
1634.821263,100,32335.132373
1697.216708,100,32335.701613
2173.681849,100,32336.270265
1783.918185,100,32336.832603
2417.417936,100,32337.39028
2830.592872,100,32337.952019
1829.750658,100,32338.508815
891.651837,100,32339.073801
1652.828867,100,32339.645068
2591.439715,100,32340.234954
1982.164264,100,32340.795327
885.338274,100,32341.357507
1278.50532,100,32341.927351
2109.056104,100,32342.4924
935.596068,100,32365.31852
2618.196181,100,32365.877162
2293.173048,100,32366.421623
3165.533747,100,32366.965073
2076.131413,100,32367.506196
3474.250577,100,32368.045385
2211.187583,100,32368.591138
66.816834,100,32369.136359
-684.609681,100,32369.697847
2651.419127,100,32370.255683
2233.16392,100,32370.809408
2521.591116,100,32371.356144
1442.021422,100,32371.918553
3054.22166,100,32372.462272
2636.648563,100,32373.012245
2599.42211,100,32373.562222
2048.706373,100,32374.163119
2028.863641,100,32374.743525
1449.751336,100,32375.303002
2895.537577,100,32375.849885
527.045873,100,32398.754313
2135.97888,100,32399.364729
2564.285581,100,32399.935694
1266.395227,100,32400.492249
2313.902212,100,32401.046784
669.685979,100,32401.645842
1954.237318,100,32402.213347
2554.37212,100,32402.76825
2595.40859,100,32403.330164
2438.892376,100,32403.931238
985.18526,100,32404.539792
1638.877502,100,32405.105231
1138.589847,100,32405.65995
2783.588592,100,32406.217269
-282.882245,100,32406.789406
1790.184119,100,32407.346256
2236.738185,100,32407.903224
2935.356034,100,32408.457712
1344.968646,100,32409.021241
861.526575,100,32409.579607
1471.484601,100,32410.142307
2392.148861,100,32431.46041
1783.809087,100,32432.029965
2661.915031,100,32432.586226
803.922621,100,32433.139142
1095.510513,100,32433.718368
2245.592402,100,32434.305112
814.958497,100,32435.338835
2494.303224,100,32436.328454
-31.268622,100,32436.737999
2195.051363,100,32437.083376
2790.423237,100,32437.657777
2828.664426,100,32437.95761
1566.569147,100,32438.314133
2329.95107,100,32438.805677
379.46367,100,32439.12207
907.90861,100,32439.672724
759.63501,100,32440.062297
2388.46973,100,32440.350189
872.428577,100,32440.685803
909.985012,100,32440.960868
1019.622576,100,32461.08798
3054.605189,100,32461.671836
2465.235784,100,32462.245564
2629.065206,100,32462.806788
1055.662886,100,32463.358752
2027.56802,100,32463.918047
2264.312744,100,32464.492692
2471.352151,100,32465.050209
2503.198394,100,32465.609312
1668.967141,100,32466.165706
2730.988922,100,32466.726251
856.192192,100,32467.277097
1828.875051,100,32467.845216
2032.819946,100,32468.414942
1710.714034,100,32468.976817
1027.785253,100,32469.538673
1568.047719,100,32470.098776
581.310126,100,32470.664012
2522.750106,100,32471.21648
2115.006606,100,32471.793302
2061.317126,100,32472.352711
733.725012,100,32495.359763
2695.05693,100,32495.922577
960.680679,100,32496.485715
2242.735107,100,32497.037035
2686.419238,100,32497.587443
1882.203331,100,32498.135281
-684.484356,100,32498.682628
-192.761093,100,32499.226873
327.438593,100,32499.780178
983.913089,100,32500.322223
1470.64442,100,32500.894376
926.382563,100,32501.466443
1931.557165,100,32502.030371
985.451174,100,32502.578892
2397.303794,100,32503.12271
1980.46286,100,32503.680136
1099.339148,100,32504.265533
1345.626184,100,32504.831866
2451.600633,100,32505.376832
2297.238355,100,32505.928642
1152.524399,100,32529.974687
2927.081588,100,32530.572344
1737.828071,100,32531.169211
2010.215603,100,32531.769214
1495.449602,100,32532.335292
3462.939727,100,32532.887178
1000.021025,100,32533.443485
1596.535967,100,32534.012758
2697.797551,100,32534.586882
1813.429269,100,32535.150205
2687.460501,100,32535.710215
684.218308,100,32536.266988
2290.655919,100,32536.829327
2340.975036,100,32537.387024
2282.541068,100,32537.946873
416.214853,100,32538.510736
2201.480134,100,32539.06058
2333.992945,100,32539.647614
2172.535907,100,32540.20672
2356.719178,100,32540.777206
966.541799,100,32541.33241
2378.053795,100,32564.181682
1651.33142,100,32564.95997
2923.190109,100,32565.734819
1616.026147,100,32566.311042
1939.033397,100,32566.730663
1323.819046,100,32567.056979
3064.877679,100,32567.382536
383.911727,100,32567.709566
650.704018,100,32568.006295
2089.833191,100,32568.288582
2313.708834,100,32568.5709
896.585983,100,32568.851178
-564.037132,100,32569.12914
1527.124642,100,32569.720705
3200.760086,100,32570.279386
1900.738962,100,32570.84094
2262.256769,100,32571.395876
2033.619346,100,32571.969477
576.209419,100,32572.570354
1959.695379,100,32573.166396
2017.45645,100,32594.221138
1472.840653,100,32594.813976
616.183783,100,32595.376619
2773.441046,100,32595.938073
1915.175862,100,32596.505754
2220.882778,100,32597.072699
2160.22793,100,32597.631835
2438.128021,100,32598.183506
2788.235211,100,32598.74572
1435.156029,100,32599.299186
1537.165942,100,32599.8597
3554.809181,100,32600.421751
1586.455803,100,32600.995546
2269.885452,100,32601.560557
1367.819084,100,32602.143147
714.532669,100,32602.717818
1872.090658,100,32603.413467
1964.287264,100,32604.066977
1742.430246,100,32604.648813
2063.316177,100,32605.367402
1712.282322,100,32606.028663
1577.837991,100,32629.576997
1848.65248,100,32630.153963
2605.656014,100,32630.719512
845.789995,100,32631.300551
1537.91797,100,32631.870766
2305.874222,100,32632.436859
2576.64196,100,32633.001779
881.852776,100,32633.570056
2249.345343,100,32634.144793
118.296133,100,32634.716706
2026.956949,100,32635.295791
2301.49292,100,32635.841153
798.843075,100,32636.385019
-19.949585,100,32636.932311
2233.044632,100,32637.477787
2936.803093,100,32638.03841
1507.370673,100,32638.594302
6.849001,100,32639.139846
2568.065117,100,32639.703165
1825.072037,100,32640.254076
1207.602544,100,32665.031868
2090.305097,100,32665.609585
2046.557925,100,32666.176643
2133.556922,100,32666.741289
1950.35551,100,32667.305089
2283.953405,100,32667.861988
769.968845,100,32668.429327
2738.618679,100,32669.016719
1460.227353,100,32669.586435
1144.791381,100,32670.149186
2903.950378,100,32670.735816
2561.27044,100,32671.378203
1323.636403,100,32672.511026
1231.098559,100,32673.110011
1396.442373,100,32673.682315
1675.643033,100,32674.269037
2944.225204,100,32674.851171
688.293896,100,32675.419487
2953.834934,100,32675.986461
1809.377696,100,32676.554785
1765.37902,100,32677.121446
1886.048185,100,32702.362304
1810.237363,100,32702.930413
1884.801421,100,32703.481304
1550.472611,100,32704.061949
1948.165838,100,32704.627054
-1684.548791,100,32705.181512
2793.170223,100,32705.733372
1882.457267,100,32706.129498
-631.581653,100,32706.407118
2772.022693,100,32706.682755
984.18818,100,32706.967852
1049.947297,100,32707.246041
1488.516916,100,32707.526945
1073.664136,100,32707.806819
1779.286106,100,32708.077764
1518.295925,100,32708.352011
2352.291837,100,32708.631077
1708.081405,100,32708.915542
3304.183674,100,32709.199849
1934.561466,100,32709.489188
2657.319391,100,32731.489103
948.628994,100,32732.355423
2182.066009,100,32732.994732
2288.271614,100,32734.533575
2020.121052,100,32735.134015
820.938703,100,32735.580559
262.733369,100,32735.918139
2857.70818,100,32736.246205
567.952884,100,32736.597018
2369.796848,100,32736.899891
1993.380682,100,32737.175527
298.281127,100,32737.441274
2703.504924,100,32737.706632
2361.414249,100,32737.971231
1380.169788,100,32738.235894
186.490785,100,32738.503656
1552.833118,100,32738.759599
1502.333036,100,32739.04078
734.460335,100,32739.31731
1891.768871,100,32739.588337
1724.833197,100,32739.854387
2459.327735,100,32761.325759
1608.85266,100,32761.91429
1282.050896,100,32762.47796
1061.328926,100,32763.023668
1718.795282,100,32763.584129
188.667898,100,32764.163096
2388.008433,100,32764.720895
2575.788292,100,32765.263595
1736.458658,100,32765.807745
2583.846677,100,32766.348152
1660.632082,100,32766.937957
2568.062466,100,32767.486444
3071.342756,100,32768.036269
732.909098,100,32768.580417
1272.362647,100,32769.125857
840.717186,100,32769.667777
1957.718258,100,32770.214807
2360.64003,100,32770.760439
2817.429267,100,32771.300166
1275.487389,100,32771.844953
3148.133252,100,32796.249601
2237.850074,100,32796.825889
2095.266127,100,32797.39881
1904.521658,100,32797.965162
2944.986624,100,32798.523392
1342.934925,100,32799.090355
2670.538524,100,32799.655821
1139.840546,100,32800.21276
-939.398549,100,32800.777831
2642.561525,100,32801.323249
1454.56291,100,32801.87235
961.642286,100,32802.437621
1893.247054,100,32803.002849
252.455734,100,32803.564866
845.315517,100,32804.150534
2383.055114,100,32804.732052
446.307213,100,32805.285649
474.793707,100,32805.837346
1395.124097,100,32806.383226
2780.935003,100,32806.94701
1364.341993,100,32807.503165
2307.183222,100,32831.959781
2714.507785,100,32832.534206
2586.971291,100,32833.105851
933.284264,100,32833.666322
2058.750739,100,32834.243998
1847.032048,100,32834.814369
1275.607427,100,32835.370179
1720.952458,100,32835.925488
1560.236469,100,32836.524485
3665.921383,100,32837.08369
1489.469505,100,32837.650993
1111.288986,100,32838.218879
3047.706284,100,32838.777951
1875.185002,100,32839.344313
2381.37724,100,32839.909683
1090.750454,100,32840.466982
1306.592028,100,32841.034518
75.811333,100,32841.588988
2672.983961,100,32842.182976
1907.480667,100,32842.76273
1197.856776,100,32866.871752
1635.684309,100,32867.480829
1274.820055,100,32868.056515
1210.427777,100,32868.601706
772.914076,100,32869.152637
1875.12203,100,32869.727261
540.679644,100,32870.284126
1687.500899,100,32870.833091
3201.579539,100,32871.380718
2236.235934,100,32871.924976
1909.584875,100,32872.562423
2163.289681,100,32873.169176
782.495082,100,32873.735216
2120.815595,100,32874.352843
1472.441339,100,32874.920426
392.275542,100,32875.4767
1667.526914,100,32876.033885
1568.813952,100,32876.596107
968.186134,100,32877.180825
843.064995,100,32877.737395
2105.329697,100,32878.305176
2480.930283,100,32899.475889
2890.356497,100,32900.055332
557.002596,100,32900.621389
727.841838,100,32901.177659
3035.105414,100,32901.737743
2775.024949,100,32902.302274
2936.22238,100,32902.876063
2531.708922,100,32903.645128
2421.836307,100,32904.658269
2670.197054,100,32905.765228
1615.954207,100,32906.604759
1227.385515,100,32906.928076
2614.085387,100,32907.235436
1455.87117,100,32907.574064
1514.311671,100,32907.918921
2606.572348,100,32908.402473
2254.925076,100,32908.841339
1784.699967,100,32909.185492
1198.827358,100,32909.472556
933.122924,100,32909.741285
1542.059309,100,32931.229899
2221.419314,100,32931.800639
537.578949,100,32932.372465
1363.116932,100,32932.948436
470.509901,100,32933.516518
2300.082233,100,32934.090455
2421.781147,100,32934.67172
2640.272651,100,32935.236939
1276.815991,100,32935.818972
2013.527458,100,32936.386147
2646.471678,100,32936.953252
1194.633126,100,32937.510225
3456.068397,100,32938.078562
1948.005686,100,32938.635115
1356.873572,100,32939.191929
1898.34621,100,32939.763685
1719.33491,100,32940.320783
546.121715,100,32940.880843
1490.988121,100,32941.432266
3245.935369,100,32941.991189
1645.644584,100,32942.559797
2845.348632,100,32966.524807
1946.459208,100,32967.088687
1854.709199,100,32967.642394
1688.263692,100,32968.193236
713.414031,100,32968.764977
2341.441468,100,32969.324342
1855.498391,100,32969.886551
1665.252348,100,32970.442271
2857.083739,100,32970.996242
2374.614724,100,32971.545661
1255.600907,100,32972.104023
2479.659992,100,32972.675896
2086.551455,100,32973.245604
1440.86863,100,32973.806626
3037.865227,100,32974.381889
940.97149,100,32974.971206
429.928661,100,32975.521771
2206.789342,100,32976.078347
1373.981937,100,32976.628647
1952.77407,100,32977.180142
2810.416381,100,33001.135585
2070.690556,100,33001.719178
2390.415317,100,33002.291824
3348.526205,100,33002.879957
1803.72477,100,33003.437544
886.233366,100,33004.007821
2276.07679,100,33004.581152
269.373038,100,33005.139213
3275.182633,100,33005.696801
2410.28979,100,33006.271137
2926.052103,100,33006.834683
2185.426259,100,33007.393717
2517.235605,100,33007.949771
1846.838309,100,33008.505689
2122.51497,100,33009.062315
2959.789666,100,33009.622543
1394.25874,100,33010.179123
2396.248469,100,33010.558581
2524.686513,100,33010.825413
1708.93208,100,33011.083855
1248.983371,100,33032.74435
1506.847909,100,33033.578703
2890.42746,100,33034.792338
3286.788094,100,33035.517503
1790.29089,100,33036.212071
2915.40112,100,33036.795445
2189.147681,100,33037.111582
1848.408963,100,33037.437759
2642.172439,100,33037.720094
1606.61608,100,33037.987383
612.390279,100,33038.255589
2413.993178,100,33038.52214
1051.890307,100,33038.788572
1014.953065,100,33039.061641
2766.591574,100,33039.325893
2159.615729,100,33039.595491
1974.61687,100,33064.453495
2714.327328,100,33064.731064
1890.353251,100,33064.998104
2827.690865,100,33065.276336
1565.872665,100,33065.541628
1089.01252,100,33089.489062
948.78593,100,33090.049093
2643.836963,100,33090.598366
1769.709005,100,33091.147705
2260.641466,100,33091.698847
1881.528974,100,33092.250835
1178.604411,100,33092.818575
3398.739157,100,33093.371784
744.415786,100,33093.94783
1877.105461,100,33094.520291
1352.796406,100,33095.069427
2627.443596,100,33095.638247
1741.794212,100,33096.192312
1999.788333,100,33096.742128
1591.1475,100,33097.310473
2645.508358,100,33097.867023
2364.042776,100,33098.420413
3239.816662,100,33098.969028
-163.727707,100,33099.535529
2508.676246,100,33100.083266
2212.869819,100,33123.476059
2125.719097,100,33124.091322
2477.490825,100,33124.66741
1688.581406,100,33125.224823
1484.606634,100,33125.77802
2457.213836,100,33126.361953
2644.753255,100,33126.955819
3576.726532,100,33127.556422
2298.625883,100,33128.132565
1387.611263,100,33128.692354
1966.865615,100,33129.251577
1762.401783,100,33129.813351
398.859045,100,33130.370951
2279.556473,100,33130.928781
2712.494633,100,33131.493896
3138.427742,100,33132.046939
1167.986713,100,33132.615087
1483.560207,100,33133.169008
1081.124047,100,33133.74176
3206.544868,100,33134.312215
404.87889,100,33134.88093
3360.162864,100,33157.64586
1042.60982,100,33158.565604
1475.197472,100,33159.477743
1496.535301,100,33159.822814
762.444733,100,33160.425456
2986.348683,100,33161.07754
1930.263474,100,33161.727173
1294.656508,100,33162.306874
2594.05762,100,33162.751643
2238.510424,100,33163.315634
2033.430731,100,33163.886388
2723.429647,100,33164.464764
2291.004301,100,33165.022415
1637.74946,100,33165.570296
2516.283839,100,33166.113799
2294.308546,100,33166.682392
1933.118176,100,33167.232102
2719.168468,100,33167.856879
2747.707209,100,33168.64495
2574.295781,100,33169.199339
1934.61513,100,33190.212344
1702.739496,100,33190.793389
1419.47506,100,33191.348211
2581.189955,100,33191.905236
2609.877446,100,33192.459751
2194.402334,100,33193.022824
3259.772197,100,33193.60427
1469.407217,100,33194.175436
2509.316769,100,33194.752126
1045.516988,100,33195.316325
1559.752611,100,33195.874767
1417.177262,100,33196.444407
1816.454807,100,33197.007472
1174.077219,100,33197.564018
2584.496798,100,33198.130739
547.818139,100,33198.689474
1686.578703,100,33199.703029
1686.86982,100,33200.667369
2785.779637,100,33201.553022
3193.768656,100,33202.429871
1483.004281,100,33203.084313
-730.400755,100,33224.944654
1481.311761,100,33225.512777
1196.521935,100,33226.067111
1324.686604,100,33226.615148
1629.790802,100,33227.162137
1739.726583,100,33227.710114
1991.692804,100,33228.270029
2066.633505,100,33228.819645
1728.53615,100,33229.365963
2219.354006,100,33229.914376
1558.752751,100,33230.466337
998.534601,100,33231.015231
2081.837088,100,33231.562091
2888.732184,100,33232.109483
1319.036408,100,33232.660483
2574.931621,100,33233.216369
1088.206015,100,33233.781986
2041.312467,100,33234.353653
1922.059506,100,33234.923898
2910.7926,100,33235.473823
1196.127376,100,33259.843395
2218.772989,100,33260.158751
1006.404536,100,33260.456106
2435.150489,100,33260.740733
2945.469727,100,33261.035506
2849.235126,100,33261.310678
1630.6828,100,33261.590815
128.725461,100,33261.863529
1461.487802,100,33262.143005
1881.909386,100,33262.429447
1529.572085,100,33262.72057
1740.350592,100,33263.003537
87.369891,100,33263.283755
2863.933865,100,33263.562806
1385.953084,100,33263.86788
1474.812283,100,33264.173986
2082.042291,100,33264.474255
3436.637405,100,33264.759476
786.549726,100,33265.061077
2230.797203,100,33265.346591
3908.004073,100,33265.62767
1189.391058,100,33290.287699
2570.152516,100,33290.866446
2385.529633,100,33291.440562
1938.54665,100,33292.010933
1992.900812,100,33292.58997
1847.403314,100,33293.156161
2280.013544,100,33293.740856
2170.172507,100,33294.326781
2810.506962,100,33294.93279
2262.766877,100,33295.593835
2293.512723,100,33296.181239
2991.355423,100,33296.759218
2335.47077,100,33297.332783
1604.494512,100,33297.884741
1061.833872,100,33298.439702
2768.953736,100,33298.99926
1164.3582,100,33299.563707
1083.395287,100,33300.122289
1114.784045,100,33300.68399
1924.957482,100,33301.252379
1798.055275,100,33322.745052
1810.265508,100,33323.325611
1298.535408,100,33323.910025
2981.656649,100,33324.488356
-186.619823,100,33325.04822
2327.327017,100,33325.615259
2974.452694,100,33326.6383
953.808388,100,33328.268414
3386.872086,100,33328.914192
1096.173439,100,33329.689379
1126.0667,100,33330.311568
500.515144,100,33331.139017
552.485371,100,33331.72699
758.138567,100,33332.310023
3542.759781,100,33332.883734
1524.968322,100,33333.445391
2189.297474,100,33334.026321
3006.33356,100,33334.601444
1267.024033,100,33335.15849
2162.286648,100,33335.738144
2593.391136,100,33336.312691
637.147982,100,33357.803293
1032.872297,100,33358.371422
2004.303557,100,33358.935843
1366.46575,100,33359.515515
2743.136942,100,33360.083834
2722.11402,100,33360.51175
2775.949048,100,33360.775232
578.148109,100,33361.035393
1616.96339,100,33361.30159
1184.341024,100,33361.568067
2360.977767,100,33361.838311
1764.231204,100,33362.115638
-338.949949,100,33362.383949
1155.483334,100,33362.658118
2639.435447,100,33362.943852
2295.847436,100,33363.211449
883.480746,100,33363.484615
1475.333877,100,33363.757356
1363.4321,100,33364.094122
3072.855704,100,33364.425406
2744.431227,100,33387.750971
2590.559775,100,33388.319627
2651.244601,100,33388.877096
-465.595675,100,33389.428861
1397.843557,100,33389.998881
984.945702,100,33390.55249
3103.463084,100,33391.117084
2615.490328,100,33391.686435
2327.881108,100,33392.240585
2625.303889,100,33392.797366
2620.52101,100,33393.351975
2470.221634,100,33393.935148
856.011112,100,33394.504558
1522.794258,100,33395.069819
2008.344883,100,33395.62671
2471.641943,100,33396.181101
2596.787127,100,33396.729609
1915.15503,100,33397.27904
2022.619127,100,33397.820047
1530.12014,100,33398.364736
2144.688858,100,33398.913427
2596.084266,100,33423.262362
1987.583271,100,33423.830362
1790.120247,100,33424.407964
1576.000873,100,33424.96442
2136.479475,100,33425.506641
1097.86013,100,33426.061427
1897.667552,100,33426.60603
1853.225517,100,33427.153885
799.001035,100,33427.705281
3578.317287,100,33428.266248
566.705776,100,33428.822879
495.475037,100,33429.380746
1251.500922,100,33429.959852
2463.083006,100,33430.508129
717.77076,100,33431.05043
2147.954102,100,33431.591135
2926.409683,100,33432.140638
2468.778822,100,33432.681534
2300.779668,100,33433.240778
3881.389521,100,33433.794025
2156.810279,100,33455.88971
1238.133655,100,33456.68726
2096.924941,100,33457.980766
1848.741626,100,33458.774611
630.415847,100,33459.40165
1937.842219,100,33459.9979
2680.864661,100,33460.597199
3191.464783,100,33461.170425
1613.792362,100,33461.765066
2348.150976,100,33462.32876
1892.532766,100,33462.909594
414.039752,100,33463.476728
2060.677498,100,33464.057092
2444.325866,100,33464.636092
1576.12986,100,33465.199833
2890.981847,100,33465.756286
2059.724795,100,33466.339695
3530.875398,100,33466.910334
3133.555231,100,33467.482376
2086.08719,100,33468.045494
2087.629846,100,33468.638098
1511.910117,100,33489.95638
1046.732016,100,33490.546027
1382.165811,100,33491.107218
1090.936484,100,33491.662998
1876.128781,100,33492.218654
1485.769855,100,33492.771708
1482.54769,100,33493.338325
2924.709358,100,33493.909329
1072.039745,100,33494.484292
2758.698504,100,33495.046888
1467.754478,100,33495.597312
1739.241733,100,33496.171658
248.984069,100,33496.739423
1557.162784,100,33497.294676
2305.90628,100,33497.852772
797.045946,100,33498.410339
2199.502496,100,33498.965791
1864.447298,100,33499.85664
2399.437472,100,33500.396272
2635.481784,100,33501.423159
3461.177069,100,33524.861375
1205.902471,100,33525.430606
1641.979585,100,33526.009862
2768.046929,100,33526.602786
1869.806434,100,33527.167884
1847.217382,100,33527.72487
3277.637725,100,33528.283717
593.268289,100,33528.836634
1958.007559,100,33529.394534
799.351231,100,33529.963151
2190.11922,100,33530.523582
505.169797,100,33531.105414
2983.275356,100,33531.666155
1662.614932,100,33532.223746
1972.648897,100,33532.786582
2664.168175,100,33533.350304
2588.581599,100,33533.922054
2510.647506,100,33534.499131
1139.39594,100,33535.057706
940.891106,100,33535.612358
807.677311,100,33536.179243
2097.100292,100,33559.528453
2092.613212,100,33560.097801
1776.627076,100,33560.66
1251.896167,100,33561.215856
891.298076,100,33561.776718
2529.728153,100,33562.331157
3361.604246,100,33562.887627
2298.998904,100,33563.448986
-198.952134,100,33564.098169
2847.871133,100,33564.734033
2734.34441,100,33565.289211
3345.519862,100,33565.853942
2263.268012,100,33566.412278
532.985717,100,33566.974339
1324.276144,100,33567.533282
1668.350615,100,33568.0913
404.377939,100,33568.642779
1917.460352,100,33569.218831
2127.930268,100,33569.790381
1390.063394,100,33570.350375
1912.781755,100,33593.915302
3062.700935,100,33594.518235
1303.241916,100,33595.082175
2049.192889,100,33595.627026
1891.494195,100,33596.181718
2195.317171,100,33596.767835
2131.938937,100,33597.439001
1641.176986,100,33598.015222
2188.108329,100,33598.593654
1490.872818,100,33599.15753
2448.69155,100,33599.721861
2838.382813,100,33600.284286
2149.727222,100,33600.845235
2114.540876,100,33601.391677
2522.829511,100,33601.951856
1932.943274,100,33602.503232
1083.892293,100,33603.071883
1739.798605,100,33603.631235
2124.369083,100,33604.20727
2265.345807,100,33604.779885
3003.021508,100,33605.335106
1583.132914,100,33626.653546
2451.642026,100,33627.239846
1485.363578,100,33628.322441
1009.645162,100,33629.138418
1997.450699,100,33630.012099
1541.013487,100,33630.913385
447.083437,100,33631.550417
1729.733477,100,33632.151794
1991.793128,100,33632.716113
2297.782923,100,33633.276017
-412.238988,100,33633.84343
1616.962875,100,33634.427334
2217.225594,100,33634.988208
2964.342844,100,33635.544683
2574.126893,100,33636.097655
2332.271838,100,33636.656254
958.007456,100,33637.204811
1416.546783,100,33637.785274
1920.697841,100,33638.378133
1973.874564,100,33638.958991
1472.037549,100,33660.083968
1061.872388,100,33660.653338
1684.0661,100,33661.19495
2294.113299,100,33661.743873
2798.822928,100,33662.306347
1016.264187,100,33662.864092
2528.54802,100,33663.414992
2174.128049,100,33663.978806
3541.25696,100,33664.560868
2861.580459,100,33665.113771
673.857724,100,33665.662991
1279.745622,100,33666.207191
2421.434757,100,33666.760324
2303.155861,100,33667.303875
1743.972578,100,33667.862081
2728.386108,100,33668.411972
2144.298302,100,33669.421129
2069.872829,100,33670.50568
2773.617826,100,33671.295609
3323.808876,100,33672.065161
1135.096507,100,33672.8367
-78.520111,100,33694.080894
1709.612324,100,33694.65257
2417.944107,100,33695.223723
2836.033752,100,33695.787852
3244.379708,100,33696.353995
3045.362,100,33696.91044
2452.017828,100,33697.482711
1924.090192,100,33698.056686
2357.276472,100,33698.619449
2603.243135,100,33699.175464
1025.356956,100,33699.738226
2900.179382,100,33700.297179
1733.630064,100,33700.861339
876.165897,100,33701.413884
2237.489817,100,33701.970707
2289.495059,100,33702.549768
1351.825637,100,33703.117341
1126.979575,100,33703.704321
2106.891898,100,33704.287367
-90.304268,100,33704.862404
1779.285288,100,33728.955153
771.512016,100,33729.536952
896.79403,100,33730.098447
1464.475457,100,33730.672449
2537.679073,100,33731.233578
-212.446231,100,33731.797953
1688.508616,100,33732.353356
1565.954219,100,33732.935668
3181.363914,100,33733.531879
1620.07143,100,33734.111974
901.32469,100,33734.699111
1994.035216,100,33735.267442
1334.640277,100,33735.833399
1560.912419,100,33736.410718
1322.691835,100,33736.986065
2035.605465,100,33737.5623
2832.945891,100,33738.135277
573.09994,100,33738.709724
2027.3536,100,33739.280878
2210.059288,100,33739.848421
2126.410449,100,33740.426574
2630.443009,100,33764.857383
2041.148794,100,33765.474593
507.143495,100,33766.041616
3133.308656,100,33766.621592
3393.052896,100,33767.18078
-360.748678,100,33767.7399
2639.387546,100,33768.2952
2343.634968,100,33768.849743
2556.37452,100,33769.410101
1915.957506,100,33769.966808
-60.587146,100,33770.524999
2533.032389,100,33771.079298
262.114676,100,33771.663017
3078.326924,100,33772.228081
1718.63521,100,33772.789246
2171.177633,100,33773.354749
3109.882973,100,33773.926891
1668.880375,100,33774.506814
2825.918011,100,33775.065798
1377.332938,100,33775.589983
2496.80472,100,33797.061511
2870.604364,100,33798.189189
2631.915468,100,33798.923956
1702.677337,100,33799.728261
1694.097925,100,33800.324205
1783.913214,100,33800.978247
2225.574046,100,33801.606046
1667.333314,100,33802.220898
2385.718055,100,33802.790536
1744.340287,100,33803.36603
2089.183438,100,33803.959228
2276.063488,100,33804.544264
2284.502084,100,33805.105218
721.600365,100,33805.66781
2520.871815,100,33806.241889
1852.25345,100,33806.835044
875.884166,100,33807.43097
2324.048693,100,33808.007859
1520.04784,100,33808.570441
793.440002,100,33809.131413
1496.014738,100,33809.701291
3157.413089,100,33829.887869
1814.145597,100,33830.451227
1293.325269,100,33831.007846
1995.716124,100,33831.582964
3282.738752,100,33832.14677
1866.488275,100,33832.711608
3153.353763,100,33833.27038
440.283078,100,33833.869835
2015.14209,100,33834.466789
2073.190335,100,33835.027345
2270.796742,100,33835.585976
1768.405757,100,33836.140881
2197.243363,100,33836.699751
3160.930242,100,33837.434985
2254.275392,100,33838.193967
3151.744829,100,33839.088655
2174.663,100,33839.801837
1640.087876,100,33840.704235
1721.169382,100,33841.477157
1134.042777,100,33842.153575
1020.953795,100,33864.273662
3074.184792,100,33864.631501
1641.860399,100,33865.151878
859.201643,100,33865.712045
2021.412338,100,33866.291605
2156.771903,100,33866.852936
2226.256403,100,33867.413602
2171.511987,100,33867.974835
516.971074,100,33868.535954
1224.449705,100,33869.092574
2788.810561,100,33869.652211
1483.170232,100,33870.189837
511.101877,100,33870.748332
2133.262882,100,33871.293622
1431.75174,100,33871.867435
1228.062625,100,33872.420462
1672.493946,100,33872.967576
2376.382222,100,33873.380896
2438.5659,100,33873.675587
2133.169034,100,33873.973526
2540.555675,100,33896.482351
2254.299991,100,33897.112878
2001.285372,100,33897.708951
1427.121983,100,33898.298754
2356.836978,100,33951.360161
1724.77005,100,33951.626021
2540.586599,100,33951.880847
1624.701569,100,33952.154311
2488.035196,100,33952.426428
2683.890965,100,33952.694574
2161.107622,100,33952.959149
2699.851456,100,33953.228351
1163.267637,100,33954.10342
115.111716,100,33954.391885
-269.651918,100,33954.65977
2803.363244,100,33954.943772
864.908221,100,33955.202686
1573.598568,100,33955.476455
1896.237783,100,33955.743951
544.673113,100,33956.017797
882.470678,100,33956.2885
884.558464,100,33979.146148
1691.501367,100,33979.91224
2611.470753,100,33980.451033
3469.152222,100,33980.722687
8.151346,100,33980.996699
2709.198056,100,33981.272026
3436.236706,100,33981.553837
1121.630042,100,33981.830514
2136.151907,100,33982.127559
1345.5404,100,33982.412075
1198.998816,100,33982.69024
1136.465433,100,33982.962762
1581.763968,100,33983.240352
548.280188,100,33983.574641
1931.007677,100,33983.988552
2519.927915,100,33984.349722
736.050832,100,33984.658317
2143.980932,100,33984.955776
1143.043891,100,33985.244663
2037.13479,100,33985.532604
2508.322843,100,34006.593223
1634.457712,100,34007.182713
1848.320613,100,34007.742037
1701.333122,100,34008.301713
2161.666868,100,34008.853507
1880.228781,100,34009.423942
2146.731811,100,34009.981789
1891.759729,100,34010.533835
2438.562506,100,34011.08861
1437.633487,100,34011.640709
-740.402733,100,34012.193
2629.294393,100,34012.750702
2672.001743,100,34013.315728
2345.071796,100,34013.925712
2729.687069,100,34014.512269
1831.188705,100,34015.35419
2440.361696,100,34015.903226
1006.324558,100,34016.629615
2126.070467,100,34017.559848
2443.490146,100,34019.10126
2759.813583,100,34019.723615
2909.964999,100,34041.201474
2726.333354,100,34041.770324
3111.43371,100,34042.333184
1829.171833,100,34042.888058
1599.254733,100,34043.435776
2131.273432,100,34044.012458
1319.165497,100,34044.593081
1625.681585,100,34045.140677
1780.781812,100,34045.695279
2923.038791,100,34046.291754
1380.230938,100,34046.847559
701.307358,100,34047.397345
2194.318306,100,34047.942221
2876.445708,100,34048.488699
2570.144252,100,34049.057321
882.101572,100,34049.620593
2325.147969,100,34050.17345
1303.877738,100,34050.726692
2339.674986,100,34051.27642
3346.703007,100,34051.828232
2354.277575,100,34076.857199
1622.067018,100,34077.44061
1309.339475,100,34078.000301
1304.215011,100,34078.557258
1250.50181,100,34079.125585
2653.194912,100,34079.705362
2432.525665,100,34080.267469
1942.966543,100,34080.824744
2472.025763,100,34081.378638
2322.889494,100,34081.938687
2733.335556,100,34082.497168
2631.892314,100,34083.048203
2802.081582,100,34083.602998
1954.816107,100,34084.215761
2107.645165,100,34084.790038
-228.618057,100,34085.366417
2517.321387,100,34085.92572
2924.214792,100,34086.489601
2731.894517,100,34087.043281
2448.952102,100,34087.604459
2121.348256,100,34088.162702
3488.010758,100,34111.977775
2563.072011,100,34112.569751
1403.720281,100,34113.122677
2827.296442,100,34113.6691
1917.03353,100,34114.265038
2854.638897,100,34114.845024
1193.02241,100,34115.386439
1769.035365,100,34115.938837
2463.397489,100,34116.482936
1396.178743,100,34117.028691
2988.823332,100,34117.571794
1618.006636,100,34118.115703
2037.582915,100,34118.66122
-335.787798,100,34119.212368
1862.180877,100,34119.772819
3014.347582,100,34120.320999
1738.621996,100,34120.868468
2023.900645,100,34121.414982
175.522059,100,34121.9654
-124.693073,100,34122.507663
1107.796621,100,34145.640474
2335.669654,100,34145.996007
2220.330146,100,34146.590889
711.235076,100,34147.163039
471.097468,100,34147.769158
2865.542933,100,34148.374865
1849.817547,100,34149.211462
1756.565709,100,34149.789535
1995.372626,100,34150.337038
2096.390371,100,34150.898841
-245.644319,100,34151.455767
2235.973591,100,34152.025315
1109.05101,100,34152.583391
1327.22134,100,34153.146065
1598.848605,100,34153.736171
1778.400414,100,34154.18548
1428.40016,100,34154.542538
2495.629759,100,34154.835985
2772.143524,100,34155.123331
2139.318217,100,34155.410487
1725.379471,100,34155.691839
1705.969437,100,34176.800883
1869.198602,100,34177.364739
970.98309,100,34177.913182
1230.306191,100,34178.455433
2676.640656,100,34179.000571
1836.753348,100,34179.548968
2590.270315,100,34180.13547
3546.533496,100,34180.690421
1760.656373,100,34181.234755
2086.72235,100,34181.776851
2132.327502,100,34182.324401
2347.46901,100,34182.867669
3332.244018,100,34183.411078
2520.09523,100,34184.012602
2289.057737,100,34185.047651
2692.976085,100,34185.663142
1819.572871,100,34186.727606
3076.16956,100,34187.53534
2803.202922,100,34187.848553
1217.912944,100,34188.16903
2428.807575,100,34210.241899
2714.72573,100,34210.975232
2486.714371,100,34211.566001
1882.412176,100,34212.125628
2242.911691,100,34212.679201
1355.191694,100,34213.231703
2756.438649,100,34213.794442
2387.972626,100,34214.391786
2910.372425,100,34214.961406
2014.839385,100,34215.516384
2318.133436,100,34216.079022
1341.094357,100,34216.64907
2055.153518,100,34217.200992
2357.194383,100,34217.76696
1878.454634,100,34218.325192
2138.043101,100,34218.878801
2639.109187,100,34219.437132
2704.077222,100,34219.992224
2883.895182,100,34220.565743
1978.055436,100,34221.128729
3572.384977,100,34221.685814
3257.244905,100,34245.402665
2919.753038,100,34245.969791
2201.590567,100,34246.526487
3153.70149,100,34247.082138
2494.668589,100,34247.639993
961.467783,100,34248.226324
1050.991188,100,34248.792351
3297.562902,100,34249.345342
2270.841711,100,34249.909393
1916.941718,100,34250.479326
1489.847017,100,34251.046837
1799.803066,100,34251.601306
1032.535235,100,34252.154289
1999.724434,100,34252.715248
1835.396594,100,34253.28033
1255.177373,100,34253.851049
1527.647454,100,34254.450644
2333.943054,100,34255.016865
632.332049,100,34255.57134
2309.936904,100,34256.131774
1021.20356,100,34280.290356
1495.469729,100,34280.918832
2219.709582,100,34281.488067
2134.278238,100,34282.036218
1332.549481,100,34282.588756
2453.801959,100,34283.140585
1267.992428,100,34283.772284
363.828665,100,34284.410776
2104.699782,100,34284.993349
1525.417355,100,34285.552257
1035.737887,100,34286.103423
2908.219083,100,34286.657962
2748.254801,100,34287.257125
1694.941507,100,34287.847691
1271.745073,100,34288.433578
2073.234214,100,34288.991961
2687.738181,100,34289.544809
2339.786146,100,34290.091023
1855.550903,100,34290.657437
2054.212077,100,34291.20846
2854.372409,100,34291.759722
1653.432189,100,34312.310293
748.332609,100,34312.970126
2166.896315,100,34314.650243
834.09706,100,34314.950382
1626.266843,100,34315.230424
570.293999,100,34315.617382
1307.815796,100,34315.947533
19.69645,100,34316.282683
3419.931953,100,34316.624213
827.113324,100,34316.926066
2246.864412,100,34317.209504
2341.281479,100,34317.483616
1940.714848,100,34317.755898
1476.912214,100,34318.027858
1546.969251,100,34318.33201
1541.746994,100,34318.612511
2721.276037,100,34318.892584
2366.847539,100,34319.177542
2048.431682,100,34319.46618
2884.793409,100,34319.746655
2356.227646,100,34339.825539
1657.199082,100,34340.124048
2963.765816,100,34340.426252
2241.627845,100,34340.728211
860.155948,100,34341.023855
3074.460457,100,34341.292961
2751.338255,100,34341.575775
3616.80468,100,34341.844743
2829.060036,100,34342.118145
2975.196159,100,34342.399286
688.92576,100,34342.673468
3120.326106,100,34342.943556
924.578821,100,34343.214565
1755.69341,100,34343.501799
2040.540825,100,34343.796777
2167.013875,100,34344.099987
956.463256,100,34344.407724
1407.583658,100,34344.712092
2134.481062,100,34344.99204
1111.759217,100,34345.261285
3101.633883,100,34345.539778
2231.457181,100,34369.322874
2361.210461,100,34369.88737
348.402571,100,34370.445449
1094.502745,100,34371.003204
2840.35035,100,34371.558476
2421.7853,100,34372.107437
1244.359032,100,34372.665595
955.038602,100,34373.216465
2417.791956,100,34374.35911
636.558123,100,34374.956345
2321.258828,100,34375.512451
2615.917733,100,34376.071803
1726.461539,100,34376.635942
1298.902409,100,34377.191692
1779.444009,100,34377.750106
3038.96201,100,34378.300358
2635.878047,100,34378.864442
1494.88933,100,34379.451261
1277.564225,100,34380.010379
2304.85418,100,34380.57195
1602.528332,100,34403.723933
2039.898363,100,34404.328261
2311.411648,100,34404.907862
1479.127733,100,34405.469269
2179.282857,100,34406.023606
209.477649,100,34406.582431
1312.089398,100,34407.134192
1044.191581,100,34407.712888
1538.500124,100,34408.297295
744.911207,100,34408.873523
2269.337239,100,34409.46859
1754.115484,100,34410.03637
2768.580503,100,34410.605402
715.001485,100,34411.164613
2496.313401,100,34411.737057
3150.959928,100,34412.291308
1277.112191,100,34412.854293
2739.772806,100,34413.43607
1615.762989,100,34414.006683
2006.544512,100,34414.60715
1641.561577,100,34415.17177
1928.273483,100,34436.236482
1928.837619,100,34436.794815
1366.945745,100,34437.337952
2780.374157,100,34437.88233
2798.606277,100,34438.424215
870.358664,100,34439.265822
1955.761752,100,34439.609199
1945.382231,100,34440.09411
1866.272969,100,34440.899884
1929.712587,100,34441.806563
2037.454523,100,34442.452625
1060.442349,100,34443.066738
2252.03403,100,34443.674007
-913.32825,100,34444.267234
1567.547342,100,34444.848607
2957.547282,100,34445.398595
1342.333462,100,34445.950936
2161.767594,100,34446.50059
592.14605,100,34447.051286
1111.039383,100,34447.599954
1335.207361,100,34469.319748
1846.182168,100,34469.915954
2932.393105,100,34470.478493
1690.595834,100,34471.044407
1480.674491,100,34471.611007
2026.890417,100,34472.198833
1514.288454,100,34472.767166
1639.759986,100,34473.332785
1225.550595,100,34473.898158
1965.593855,100,34474.487518
877.957508,100,34475.053187
1659.482682,100,34475.612321
1676.870443,100,34476.168013
1188.723193,100,34476.721571
1891.298155,100,34477.276765
2746.674203,100,34477.833233
2130.967917,100,34478.395856
2876.351781,100,34478.958879
1242.302675,100,34479.523581
1297.857899,100,34480.082565
3098.33983,100,34480.644531
2177.327122,100,34504.595658
734.93097,100,34505.177298
1325.001723,100,34505.740636
2434.552134,100,34506.299473
1118.272275,100,34506.854655
2887.326411,100,34507.429875
2226.32923,100,34507.990235
2183.173153,100,34508.54299
2329.893207,100,34509.08937
1925.879797,100,34509.640325
-43.449823,100,34510.185878
2645.626449,100,34510.742535
2726.456617,100,34511.285305
1386.741767,100,34511.870639
2454.842394,100,34512.439037
2571.118951,100,34513.001806
1898.387446,100,34513.561295
2874.878224,100,34514.148441
2252.920483,100,34514.727326
2029.30966,100,34515.295262
2720.390407,100,34542.693302
2984.453786,100,34543.262815
1549.632004,100,34543.823341
1189.715583,100,34544.395944
639.578636,100,34544.974959
759.476492,100,34545.532985
1870.840121,100,34546.090896
3031.440114,100,34546.651033
943.389137,100,34547.208741
2239.015001,100,34547.770644
1722.300038,100,34548.341254
1819.938489,100,34548.899739
2142.387156,100,34549.455652
2350.232071,100,34550.011702
2506.237157,100,34550.579629
405.827666,100,34551.148194
2053.854242,100,34551.703642
1369.009767,100,34552.287707
1713.060499,100,34552.853287
1600.164271,100,34553.407859
2547.327697,100,34553.975856
2363.556431,100,34576.496103
2085.235319,100,34576.782637
2619.146654,100,34577.065661
3113.333773,100,34577.343298
1523.134648,100,34577.632247
318.62083,100,34577.907406
2938.674022,100,34578.178473
2693.831936,100,34578.462788
1369.030856,100,34578.72773
2608.290169,100,34579.019422
2840.340841,100,34579.347598
2881.882337,100,34579.670587
851.636086,100,34579.98057
517.251563,100,34580.270405
2745.48941,100,34580.559186
3332.267607,100,34580.867119
2480.370794,100,34581.132268
2579.675662,100,34581.40204
2547.152197,100,34581.67739
949.585008,100,34581.954136
1635.57248,100,34603.946582
2341.842728,100,34604.537402
2675.201089,100,34605.11324
956.007111,100,34605.670666
1746.54711,100,34606.237864
1652.953216,100,34606.808833
2378.118632,100,34607.369582
2384.273848,100,34607.92838
2169.171545,100,34608.484709
1784.646651,100,34609.04247
2651.781207,100,34609.600304
2373.864424,100,34610.3616
51.345472,100,34611.288228
2159.268275,100,34611.895792
1301.654964,100,34612.827955
3279.204827,100,34613.456013
2397.320228,100,34614.054954
991.08467,100,34614.697284
2194.040093,100,34615.308219
320.335824,100,34615.903224
2027.327912,100,34616.54207
998.10427,100,34637.841717
760.905306,100,34638.404531
2453.206068,100,34638.962684
2813.809547,100,34639.526279
2829.669759,100,34640.072881
1036.527362,100,34640.638969
1703.5718,100,34641.189162
2204.064848,100,34641.748393
2770.830166,100,34642.303502
1936.513614,100,34642.869478
1888.516567,100,34643.42731
2772.113848,100,34643.990801
2503.351665,100,34644.572945
1672.885061,100,34645.134076
711.665591,100,34645.693705
3051.219678,100,34646.23838
3229.602907,100,34646.792956
884.827061,100,34647.345801
3079.823473,100,34647.900066
2496.238688,100,34648.442995
1901.389703,100,34673.012633
2234.09773,100,34673.58547
2791.665017,100,34674.156696
1709.087174,100,34674.730051
2638.952332,100,34675.30567
907.482991,100,34675.869171
1692.033035,100,34676.428501
1792.649976,100,34676.982276
768.276583,100,34677.571322
2389.990508,100,34678.126353
66.830129,100,34678.689352
2354.864312,100,34679.254741
2675.928817,100,34679.828047
1377.54652,100,34680.389983
3123.209736,100,34680.952154
1504.406336,100,34681.51362
2193.962456,100,34682.10439
2657.028939,100,34682.669718
2371.818442,100,34683.239364
855.829445,100,34683.79852
1528.831954,100,34684.383454
2397.000792,100,34707.488747
2999.960936,100,34708.046437
2499.405643,100,34708.602042
1908.070302,100,34709.149593
1059.920668,100,34709.702302
2500.120145,100,34710.24798
301.72429,100,34710.587447
-157.247602,100,34710.841022
2411.61833,100,34711.125004
2470.470723,100,34711.419147
667.657041,100,34711.686505
1452.178407,100,34711.956544
1904.636805,100,34712.242663
-412.147457,100,34712.543897
2001.804879,100,34712.81164
1613.281456,100,34713.085646
1925.290597,100,34713.352992
2395.225175,100,34713.644347
2132.076629,100,34713.918014
1740.849234,100,34714.210609
2034.564284,100,34733.466793
2306.916801,100,34734.050039
1352.913063,100,34734.633738
2454.124931,100,34735.194105
2705.404072,100,34735.764731
2310.550281,100,34736.31642
1383.543073,100,34736.872349
2517.433772,100,34737.431502
545.152642,100,34738.522658
2266.773584,100,34739.686947
1641.216824,100,34740.451045
2200.014806,100,34740.743207
2320.990688,100,34789.398993
2432.345847,100,34789.990855
1849.339031,100,34790.567001
3005.030083,100,34791.114679
2470.245136,100,34791.66942
1855.25293,100,34792.216172
3300.763485,100,34792.774551
2175.864604,100,34793.33847
